sequence_uid,sequence_name,dataset,source_split,xml_path,cell_id,generation,parents_id,childs_id,start_spot_id,end_spot_id,start_frame,end_frame,start_t,end_t,lifetime_frames,n_spots,end_reason,cell_uid,is_observed_division
seq0001_HeLa-S3_nuc_pos11_q0_5c,HeLa-S3_nuc_pos11_q0_5c,DynamicNuclearNet,test,DynamicNuclearNet\tif_data\test\out\HeLa-S3_nuc_pos11_q0_5c\HeLa-S3_nuc_pos11_q0_5c_trackmate.xml,0,0,,,12,806,0,41,0.0,41.0,42,42,death,seq0001_HeLa-S3_nuc_pos11_q0_5c:cell0,False
seq0001_HeLa-S3_nuc_pos11_q0_5c,HeLa-S3_nuc_pos11_q0_5c,DynamicNuclearNet,test,DynamicNuclearNet\tif_data\test\out\HeLa-S3_nuc_pos11_q0_5c\HeLa-S3_nuc_pos11_q0_5c_trackmate.xml,1,0,,,16,805,0,41,0.0,41.0,42,42,death,seq0001_HeLa-S3_nuc_pos11_q0_5c:cell1,False
seq0001_HeLa-S3_nuc_pos11_q0_5c,HeLa-S3_nuc_pos11_q0_5c,DynamicNuclearNet,test,DynamicNuclearNet\tif_data\test\out\HeLa-S3_nuc_pos11_q0_5c\HeLa-S3_nuc_pos11_q0_5c_trackmate.xml,2,0,,,19,808,0,41,0.0,41.0,42,42,death,seq0001_HeLa-S3_nuc_pos11_q0_5c:cell2,False
seq0001_HeLa-S3_nuc_pos11_q0_5c,HeLa-S3_nuc_pos11_q0_5c,DynamicNuclearNet,test,DynamicNuclearNet\tif_data\test\out\HeLa-S3_nuc_pos11_q0_5c\HeLa-S3_nuc_pos11_q0_5c_trackmate.xml,3,0,,,22,807,0,41,0.0,41.0,42,42,death,seq0001_HeLa-S3_nuc_pos11_q0_5c:cell3,False
seq0001_HeLa-S3_nuc_pos11_q0_5c,HeLa-S3_nuc_pos11_q0_5c,DynamicNuclearNet,test,DynamicNuclearNet\tif_data\test\out\HeLa-S3_nuc_pos11_q0_5c\HeLa-S3_nuc_pos11_q0_5c_trackmate.xml,4,0,,,26,810,0,41,0.0,41.0,42,42,death,seq0001_HeLa-S3_nuc_pos11_q0_5c:cell4,False
seq0001_HeLa-S3_nuc_pos11_q0_5c,HeLa-S3_nuc_pos11_q0_5c,DynamicNuclearNet,test,DynamicNuclearNet\tif_data\test\out\HeLa-S3_nuc_pos11_q0_5c\HeLa-S3_nuc_pos11_q0_5c_trackmate.xml,5,0,,,30,812,0,41,0.0,41.0,42,42,death,seq0001_HeLa-S3_nuc_pos11_q0_5c:cell5,False
seq0001_HeLa-S3_nuc_pos11_q0_5c,HeLa-S3_nuc_pos11_q0_5c,DynamicNuclearNet,test,DynamicNuclearNet\tif_data\test\out\HeLa-S3_nuc_pos11_q0_5c\HeLa-S3_nuc_pos11_q0_5c_trackmate.xml,6,0,,,34,809,0,41,0.0,41.0,42,42,death,seq0001_HeLa-S3_nuc_pos11_q0_5c:cell6,False
seq0001_HeLa-S3_nuc_pos11_q0_5c,HeLa-S3_nuc_pos11_q0_5c,DynamicNuclearNet,test,DynamicNuclearNet\tif_data\test\out\HeLa-S3_nuc_pos11_q0_5c\HeLa-S3_nuc_pos11_q0_5c_trackmate.xml,7,0,,,38,811,0,41,0.0,41.0,42,42,death,seq0001_HeLa-S3_nuc_pos11_q0_5c:cell7,False
seq0001_HeLa-S3_nuc_pos11_q0_5c,HeLa-S3_nuc_pos11_q0_5c,DynamicNuclearNet,test,DynamicNuclearNet\tif_data\test\out\HeLa-S3_nuc_pos11_q0_5c\HeLa-S3_nuc_pos11_q0_5c_trackmate.xml,8,0,,,40,813,0,41,0.0,41.0,42,42,death,seq0001_HeLa-S3_nuc_pos11_q0_5c:cell8,False
seq0001_HeLa-S3_nuc_pos11_q0_5c,HeLa-S3_nuc_pos11_q0_5c,DynamicNuclearNet,test,DynamicNuclearNet\tif_data\test\out\HeLa-S3_nuc_pos11_q0_5c\HeLa-S3_nuc_pos11_q0_5c_trackmate.xml,9,0,,,44,815,0,41,0.0,41.0,42,42,death,seq0001_HeLa-S3_nuc_pos11_q0_5c:cell9,False
seq0001_HeLa-S3_nuc_pos11_q0_5c,HeLa-S3_nuc_pos11_q0_5c,DynamicNuclearNet,test,DynamicNuclearNet\tif_data\test\out\HeLa-S3_nuc_pos11_q0_5c\HeLa-S3_nuc_pos11_q0_5c_trackmate.xml,10,0,,,48,816,0,41,0.0,41.0,42,42,death,seq0001_HeLa-S3_nuc_pos11_q0_5c:cell10,False
seq0001_HeLa-S3_nuc_pos11_q0_5c,HeLa-S3_nuc_pos11_q0_5c,DynamicNuclearNet,test,DynamicNuclearNet\tif_data\test\out\HeLa-S3_nuc_pos11_q0_5c\HeLa-S3_nuc_pos11_q0_5c_trackmate.xml,11,0,,,51,817,0,41,0.0,41.0,42,42,death,seq0001_HeLa-S3_nuc_pos11_q0_5c:cell11,False
seq0001_HeLa-S3_nuc_pos11_q0_5c,HeLa-S3_nuc_pos11_q0_5c,DynamicNuclearNet,test,DynamicNuclearNet\tif_data\test\out\HeLa-S3_nuc_pos11_q0_5c\HeLa-S3_nuc_pos11_q0_5c_trackmate.xml,12,0,,,55,818,0,41,0.0,41.0,42,42,death,seq0001_HeLa-S3_nuc_pos11_q0_5c:cell12,False
seq0001_HeLa-S3_nuc_pos11_q0_5c,HeLa-S3_nuc_pos11_q0_5c,DynamicNuclearNet,test,DynamicNuclearNet\tif_data\test\out\HeLa-S3_nuc_pos11_q0_5c\HeLa-S3_nuc_pos11_q0_5c_trackmate.xml,13,0,,,58,819,0,41,0.0,41.0,42,42,death,seq0001_HeLa-S3_nuc_pos11_q0_5c:cell13,False
seq0001_HeLa-S3_nuc_pos11_q0_5c,HeLa-S3_nuc_pos11_q0_5c,DynamicNuclearNet,test,DynamicNuclearNet\tif_data\test\out\HeLa-S3_nuc_pos11_q0_5c\HeLa-S3_nuc_pos11_q0_5c_trackmate.xml,14,0,,,61,820,0,41,0.0,41.0,42,42,death,seq0001_HeLa-S3_nuc_pos11_q0_5c:cell14,False
seq0001_HeLa-S3_nuc_pos11_q0_5c,HeLa-S3_nuc_pos11_q0_5c,DynamicNuclearNet,test,DynamicNuclearNet\tif_data\test\out\HeLa-S3_nuc_pos11_q0_5c\HeLa-S3_nuc_pos11_q0_5c_trackmate.xml,15,0,,,65,891,0,35,0.0,35.0,36,36,death,seq0001_HeLa-S3_nuc_pos11_q0_5c:cell15,False
seq0001_HeLa-S3_nuc_pos11_q0_5c,HeLa-S3_nuc_pos11_q0_5c,DynamicNuclearNet,test,DynamicNuclearNet\tif_data\test\out\HeLa-S3_nuc_pos11_q0_5c\HeLa-S3_nuc_pos11_q0_5c_trackmate.xml,16,0,,,69,454,0,19,0.0,19.0,20,20,death,seq0001_HeLa-S3_nuc_pos11_q0_5c:cell16,False
seq0001_HeLa-S3_nuc_pos11_q0_5c,HeLa-S3_nuc_pos11_q0_5c,DynamicNuclearNet,test,DynamicNuclearNet\tif_data\test\out\HeLa-S3_nuc_pos11_q0_5c\HeLa-S3_nuc_pos11_q0_5c_trackmate.xml,17,0,,,72,823,0,41,0.0,41.0,42,42,death,seq0001_HeLa-S3_nuc_pos11_q0_5c:cell17,False
seq0001_HeLa-S3_nuc_pos11_q0_5c,HeLa-S3_nuc_pos11_q0_5c,DynamicNuclearNet,test,DynamicNuclearNet\tif_data\test\out\HeLa-S3_nuc_pos11_q0_5c\HeLa-S3_nuc_pos11_q0_5c_trackmate.xml,18,0,,,75,824,0,41,0.0,41.0,42,42,death,seq0001_HeLa-S3_nuc_pos11_q0_5c:cell18,False
seq0001_HeLa-S3_nuc_pos11_q0_5c,HeLa-S3_nuc_pos11_q0_5c,DynamicNuclearNet,test,DynamicNuclearNet\tif_data\test\out\HeLa-S3_nuc_pos11_q0_5c\HeLa-S3_nuc_pos11_q0_5c_trackmate.xml,19,0,,,80,826,0,41,0.0,41.0,42,42,death,seq0001_HeLa-S3_nuc_pos11_q0_5c:cell19,False
seq0001_HeLa-S3_nuc_pos11_q0_5c,HeLa-S3_nuc_pos11_q0_5c,DynamicNuclearNet,test,DynamicNuclearNet\tif_data\test\out\HeLa-S3_nuc_pos11_q0_5c\HeLa-S3_nuc_pos11_q0_5c_trackmate.xml,20,0,,,84,825,0,41,0.0,41.0,42,42,death,seq0001_HeLa-S3_nuc_pos11_q0_5c:cell20,False
seq0001_HeLa-S3_nuc_pos11_q0_5c,HeLa-S3_nuc_pos11_q0_5c,DynamicNuclearNet,test,DynamicNuclearNet\tif_data\test\out\HeLa-S3_nuc_pos11_q0_5c\HeLa-S3_nuc_pos11_q0_5c_trackmate.xml,21,0,,,35,35,1,1,1.0,1.0,1,1,death,seq0001_HeLa-S3_nuc_pos11_q0_5c:cell21,False
seq0001_HeLa-S3_nuc_pos11_q0_5c,HeLa-S3_nuc_pos11_q0_5c,DynamicNuclearNet,test,DynamicNuclearNet\tif_data\test\out\HeLa-S3_nuc_pos11_q0_5c\HeLa-S3_nuc_pos11_q0_5c_trackmate.xml,22,0,,,7,814,5,41,5.0,41.0,37,37,death,seq0001_HeLa-S3_nuc_pos11_q0_5c:cell22,False
seq0001_HeLa-S3_nuc_pos11_q0_5c,HeLa-S3_nuc_pos11_q0_5c,DynamicNuclearNet,test,DynamicNuclearNet\tif_data\test\out\HeLa-S3_nuc_pos11_q0_5c\HeLa-S3_nuc_pos11_q0_5c_trackmate.xml,23,0,,,611,671,20,23,20.0,23.0,4,4,death,seq0001_HeLa-S3_nuc_pos11_q0_5c:cell23,False
seq0001_HeLa-S3_nuc_pos11_q0_5c,HeLa-S3_nuc_pos11_q0_5c,DynamicNuclearNet,test,DynamicNuclearNet\tif_data\test\out\HeLa-S3_nuc_pos11_q0_5c\HeLa-S3_nuc_pos11_q0_5c_trackmate.xml,24,0,,26|27,613,623,20,31,20.0,31.0,12,12,division,seq0001_HeLa-S3_nuc_pos11_q0_5c:cell24,True
seq0001_HeLa-S3_nuc_pos11_q0_5c,HeLa-S3_nuc_pos11_q0_5c,DynamicNuclearNet,test,DynamicNuclearNet\tif_data\test\out\HeLa-S3_nuc_pos11_q0_5c\HeLa-S3_nuc_pos11_q0_5c_trackmate.xml,25,0,,,761,821,24,41,24.0,41.0,18,18,death,seq0001_HeLa-S3_nuc_pos11_q0_5c:cell25,False
seq0001_HeLa-S3_nuc_pos11_q0_5c,HeLa-S3_nuc_pos11_q0_5c,DynamicNuclearNet,test,DynamicNuclearNet\tif_data\test\out\HeLa-S3_nuc_pos11_q0_5c\HeLa-S3_nuc_pos11_q0_5c_trackmate.xml,26,1,24,,791,822,32,41,32.0,41.0,10,10,death,seq0001_HeLa-S3_nuc_pos11_q0_5c:cell26,False
seq0001_HeLa-S3_nuc_pos11_q0_5c,HeLa-S3_nuc_pos11_q0_5c,DynamicNuclearNet,test,DynamicNuclearNet\tif_data\test\out\HeLa-S3_nuc_pos11_q0_5c\HeLa-S3_nuc_pos11_q0_5c_trackmate.xml,27,1,24,,796,697,32,34,32.0,34.0,3,3,death,seq0001_HeLa-S3_nuc_pos11_q0_5c:cell27,False
seq0002_HeLa-S3_nuc_pos15_q3_5c,HeLa-S3_nuc_pos15_q3_5c,DynamicNuclearNet,test,DynamicNuclearNet\tif_data\test\out\HeLa-S3_nuc_pos15_q3_5c\HeLa-S3_nuc_pos15_q3_5c_trackmate.xml,0,0,,,1013,1681,0,41,0.0,41.0,42,42,death,seq0002_HeLa-S3_nuc_pos15_q3_5c:cell0,False
seq0002_HeLa-S3_nuc_pos15_q3_5c,HeLa-S3_nuc_pos15_q3_5c,DynamicNuclearNet,test,DynamicNuclearNet\tif_data\test\out\HeLa-S3_nuc_pos15_q3_5c\HeLa-S3_nuc_pos15_q3_5c_trackmate.xml,1,0,,,1020,1685,0,41,0.0,41.0,42,42,death,seq0002_HeLa-S3_nuc_pos15_q3_5c:cell1,False
seq0002_HeLa-S3_nuc_pos15_q3_5c,HeLa-S3_nuc_pos15_q3_5c,DynamicNuclearNet,test,DynamicNuclearNet\tif_data\test\out\HeLa-S3_nuc_pos15_q3_5c\HeLa-S3_nuc_pos15_q3_5c_trackmate.xml,2,0,,,1121,1687,0,41,0.0,41.0,42,42,death,seq0002_HeLa-S3_nuc_pos15_q3_5c:cell2,False
seq0002_HeLa-S3_nuc_pos15_q3_5c,HeLa-S3_nuc_pos15_q3_5c,DynamicNuclearNet,test,DynamicNuclearNet\tif_data\test\out\HeLa-S3_nuc_pos15_q3_5c\HeLa-S3_nuc_pos15_q3_5c_trackmate.xml,3,0,,,1124,1333,0,21,0.0,21.0,22,22,death,seq0002_HeLa-S3_nuc_pos15_q3_5c:cell3,False
seq0002_HeLa-S3_nuc_pos15_q3_5c,HeLa-S3_nuc_pos15_q3_5c,DynamicNuclearNet,test,DynamicNuclearNet\tif_data\test\out\HeLa-S3_nuc_pos15_q3_5c\HeLa-S3_nuc_pos15_q3_5c_trackmate.xml,4,0,,,1125,1690,0,41,0.0,41.0,42,42,death,seq0002_HeLa-S3_nuc_pos15_q3_5c:cell4,False
seq0002_HeLa-S3_nuc_pos15_q3_5c,HeLa-S3_nuc_pos15_q3_5c,DynamicNuclearNet,test,DynamicNuclearNet\tif_data\test\out\HeLa-S3_nuc_pos15_q3_5c\HeLa-S3_nuc_pos15_q3_5c_trackmate.xml,5,0,,,1126,1693,0,41,0.0,41.0,42,42,death,seq0002_HeLa-S3_nuc_pos15_q3_5c:cell5,False
seq0002_HeLa-S3_nuc_pos15_q3_5c,HeLa-S3_nuc_pos15_q3_5c,DynamicNuclearNet,test,DynamicNuclearNet\tif_data\test\out\HeLa-S3_nuc_pos15_q3_5c\HeLa-S3_nuc_pos15_q3_5c_trackmate.xml,6,0,,,1127,1694,0,41,0.0,41.0,42,42,death,seq0002_HeLa-S3_nuc_pos15_q3_5c:cell6,False
seq0002_HeLa-S3_nuc_pos15_q3_5c,HeLa-S3_nuc_pos15_q3_5c,DynamicNuclearNet,test,DynamicNuclearNet\tif_data\test\out\HeLa-S3_nuc_pos15_q3_5c\HeLa-S3_nuc_pos15_q3_5c_trackmate.xml,7,0,,,1128,1691,0,41,0.0,41.0,42,42,death,seq0002_HeLa-S3_nuc_pos15_q3_5c:cell7,False
seq0002_HeLa-S3_nuc_pos15_q3_5c,HeLa-S3_nuc_pos15_q3_5c,DynamicNuclearNet,test,DynamicNuclearNet\tif_data\test\out\HeLa-S3_nuc_pos15_q3_5c\HeLa-S3_nuc_pos15_q3_5c_trackmate.xml,8,0,,,1129,1692,0,41,0.0,41.0,42,42,death,seq0002_HeLa-S3_nuc_pos15_q3_5c:cell8,False
seq0002_HeLa-S3_nuc_pos15_q3_5c,HeLa-S3_nuc_pos15_q3_5c,DynamicNuclearNet,test,DynamicNuclearNet\tif_data\test\out\HeLa-S3_nuc_pos15_q3_5c\HeLa-S3_nuc_pos15_q3_5c_trackmate.xml,9,0,,,1130,1696,0,41,0.0,41.0,42,42,death,seq0002_HeLa-S3_nuc_pos15_q3_5c:cell9,False
seq0002_HeLa-S3_nuc_pos15_q3_5c,HeLa-S3_nuc_pos15_q3_5c,DynamicNuclearNet,test,DynamicNuclearNet\tif_data\test\out\HeLa-S3_nuc_pos15_q3_5c\HeLa-S3_nuc_pos15_q3_5c_trackmate.xml,10,0,,,1131,1697,0,41,0.0,41.0,42,42,death,seq0002_HeLa-S3_nuc_pos15_q3_5c:cell10,False
seq0002_HeLa-S3_nuc_pos15_q3_5c,HeLa-S3_nuc_pos15_q3_5c,DynamicNuclearNet,test,DynamicNuclearNet\tif_data\test\out\HeLa-S3_nuc_pos15_q3_5c\HeLa-S3_nuc_pos15_q3_5c_trackmate.xml,11,0,,38|39,1132,1718,0,40,0.0,40.0,41,41,division,seq0002_HeLa-S3_nuc_pos15_q3_5c:cell11,True
seq0002_HeLa-S3_nuc_pos15_q3_5c,HeLa-S3_nuc_pos15_q3_5c,DynamicNuclearNet,test,DynamicNuclearNet\tif_data\test\out\HeLa-S3_nuc_pos15_q3_5c\HeLa-S3_nuc_pos15_q3_5c_trackmate.xml,12,0,,,1133,1699,0,41,0.0,41.0,42,42,death,seq0002_HeLa-S3_nuc_pos15_q3_5c:cell12,False
seq0002_HeLa-S3_nuc_pos15_q3_5c,HeLa-S3_nuc_pos15_q3_5c,DynamicNuclearNet,test,DynamicNuclearNet\tif_data\test\out\HeLa-S3_nuc_pos15_q3_5c\HeLa-S3_nuc_pos15_q3_5c_trackmate.xml,13,0,,,1134,1743,0,39,0.0,39.0,40,40,death,seq0002_HeLa-S3_nuc_pos15_q3_5c:cell13,False
seq0002_HeLa-S3_nuc_pos15_q3_5c,HeLa-S3_nuc_pos15_q3_5c,DynamicNuclearNet,test,DynamicNuclearNet\tif_data\test\out\HeLa-S3_nuc_pos15_q3_5c\HeLa-S3_nuc_pos15_q3_5c_trackmate.xml,14,0,,,1135,1700,0,41,0.0,41.0,42,42,death,seq0002_HeLa-S3_nuc_pos15_q3_5c:cell14,False
seq0002_HeLa-S3_nuc_pos15_q3_5c,HeLa-S3_nuc_pos15_q3_5c,DynamicNuclearNet,test,DynamicNuclearNet\tif_data\test\out\HeLa-S3_nuc_pos15_q3_5c\HeLa-S3_nuc_pos15_q3_5c_trackmate.xml,15,0,,,1136,1701,0,41,0.0,41.0,42,42,death,seq0002_HeLa-S3_nuc_pos15_q3_5c:cell15,False
seq0002_HeLa-S3_nuc_pos15_q3_5c,HeLa-S3_nuc_pos15_q3_5c,DynamicNuclearNet,test,DynamicNuclearNet\tif_data\test\out\HeLa-S3_nuc_pos15_q3_5c\HeLa-S3_nuc_pos15_q3_5c_trackmate.xml,16,0,,,1137,1623,0,29,0.0,29.0,30,30,death,seq0002_HeLa-S3_nuc_pos15_q3_5c:cell16,False
seq0002_HeLa-S3_nuc_pos15_q3_5c,HeLa-S3_nuc_pos15_q3_5c,DynamicNuclearNet,test,DynamicNuclearNet\tif_data\test\out\HeLa-S3_nuc_pos15_q3_5c\HeLa-S3_nuc_pos15_q3_5c_trackmate.xml,17,0,,,1138,1705,0,41,0.0,41.0,42,42,death,seq0002_HeLa-S3_nuc_pos15_q3_5c:cell17,False
seq0002_HeLa-S3_nuc_pos15_q3_5c,HeLa-S3_nuc_pos15_q3_5c,DynamicNuclearNet,test,DynamicNuclearNet\tif_data\test\out\HeLa-S3_nuc_pos15_q3_5c\HeLa-S3_nuc_pos15_q3_5c_trackmate.xml,18,0,,,945,945,4,4,4.0,4.0,1,1,death,seq0002_HeLa-S3_nuc_pos15_q3_5c:cell18,False
seq0002_HeLa-S3_nuc_pos15_q3_5c,HeLa-S3_nuc_pos15_q3_5c,DynamicNuclearNet,test,DynamicNuclearNet\tif_data\test\out\HeLa-S3_nuc_pos15_q3_5c\HeLa-S3_nuc_pos15_q3_5c_trackmate.xml,19,0,,,1100,1232,13,15,13.0,15.0,3,3,death,seq0002_HeLa-S3_nuc_pos15_q3_5c:cell19,False
seq0002_HeLa-S3_nuc_pos15_q3_5c,HeLa-S3_nuc_pos15_q3_5c,DynamicNuclearNet,test,DynamicNuclearNet\tif_data\test\out\HeLa-S3_nuc_pos15_q3_5c\HeLa-S3_nuc_pos15_q3_5c_trackmate.xml,20,0,,,1270,1179,17,18,17.0,18.0,2,2,death,seq0002_HeLa-S3_nuc_pos15_q3_5c:cell20,False
seq0002_HeLa-S3_nuc_pos15_q3_5c,HeLa-S3_nuc_pos15_q3_5c,DynamicNuclearNet,test,DynamicNuclearNet\tif_data\test\out\HeLa-S3_nuc_pos15_q3_5c\HeLa-S3_nuc_pos15_q3_5c_trackmate.xml,21,0,,,1668,1668,22,22,22.0,22.0,1,1,death,seq0002_HeLa-S3_nuc_pos15_q3_5c:cell21,False
seq0002_HeLa-S3_nuc_pos15_q3_5c,HeLa-S3_nuc_pos15_q3_5c,DynamicNuclearNet,test,DynamicNuclearNet\tif_data\test\out\HeLa-S3_nuc_pos15_q3_5c\HeLa-S3_nuc_pos15_q3_5c_trackmate.xml,22,0,,,1306,1470,23,24,23.0,24.0,2,2,death,seq0002_HeLa-S3_nuc_pos15_q3_5c:cell22,False
seq0002_HeLa-S3_nuc_pos15_q3_5c,HeLa-S3_nuc_pos15_q3_5c,DynamicNuclearNet,test,DynamicNuclearNet\tif_data\test\out\HeLa-S3_nuc_pos15_q3_5c\HeLa-S3_nuc_pos15_q3_5c_trackmate.xml,23,0,,,1310,1310,23,23,23.0,23.0,1,1,death,seq0002_HeLa-S3_nuc_pos15_q3_5c:cell23,False
seq0002_HeLa-S3_nuc_pos15_q3_5c,HeLa-S3_nuc_pos15_q3_5c,DynamicNuclearNet,test,DynamicNuclearNet\tif_data\test\out\HeLa-S3_nuc_pos15_q3_5c\HeLa-S3_nuc_pos15_q3_5c_trackmate.xml,24,0,,,1498,1364,24,28,24.0,28.0,5,5,death,seq0002_HeLa-S3_nuc_pos15_q3_5c:cell24,False
seq0002_HeLa-S3_nuc_pos15_q3_5c,HeLa-S3_nuc_pos15_q3_5c,DynamicNuclearNet,test,DynamicNuclearNet\tif_data\test\out\HeLa-S3_nuc_pos15_q3_5c\HeLa-S3_nuc_pos15_q3_5c_trackmate.xml,25,0,,,1357,1357,28,28,28.0,28.0,1,1,death,seq0002_HeLa-S3_nuc_pos15_q3_5c:cell25,False
seq0002_HeLa-S3_nuc_pos15_q3_5c,HeLa-S3_nuc_pos15_q3_5c,DynamicNuclearNet,test,DynamicNuclearNet\tif_data\test\out\HeLa-S3_nuc_pos15_q3_5c\HeLa-S3_nuc_pos15_q3_5c_trackmate.xml,26,0,,,1408,1513,30,35,30.0,35.0,6,6,death,seq0002_HeLa-S3_nuc_pos15_q3_5c:cell26,False
seq0002_HeLa-S3_nuc_pos15_q3_5c,HeLa-S3_nuc_pos15_q3_5c,DynamicNuclearNet,test,DynamicNuclearNet\tif_data\test\out\HeLa-S3_nuc_pos15_q3_5c\HeLa-S3_nuc_pos15_q3_5c_trackmate.xml,27,0,,,1414,1688,30,41,30.0,41.0,12,12,death,seq0002_HeLa-S3_nuc_pos15_q3_5c:cell27,False
seq0002_HeLa-S3_nuc_pos15_q3_5c,HeLa-S3_nuc_pos15_q3_5c,DynamicNuclearNet,test,DynamicNuclearNet\tif_data\test\out\HeLa-S3_nuc_pos15_q3_5c\HeLa-S3_nuc_pos15_q3_5c_trackmate.xml,28,0,,,1416,1423,30,31,30.0,31.0,2,2,death,seq0002_HeLa-S3_nuc_pos15_q3_5c:cell28,False
seq0002_HeLa-S3_nuc_pos15_q3_5c,HeLa-S3_nuc_pos15_q3_5c,DynamicNuclearNet,test,DynamicNuclearNet\tif_data\test\out\HeLa-S3_nuc_pos15_q3_5c\HeLa-S3_nuc_pos15_q3_5c_trackmate.xml,29,0,,,1441,1441,30,30,30.0,30.0,1,1,death,seq0002_HeLa-S3_nuc_pos15_q3_5c:cell29,False
seq0002_HeLa-S3_nuc_pos15_q3_5c,HeLa-S3_nuc_pos15_q3_5c,DynamicNuclearNet,test,DynamicNuclearNet\tif_data\test\out\HeLa-S3_nuc_pos15_q3_5c\HeLa-S3_nuc_pos15_q3_5c_trackmate.xml,30,0,,,1447,1629,31,34,31.0,34.0,4,4,death,seq0002_HeLa-S3_nuc_pos15_q3_5c:cell30,False
seq0002_HeLa-S3_nuc_pos15_q3_5c,HeLa-S3_nuc_pos15_q3_5c,DynamicNuclearNet,test,DynamicNuclearNet\tif_data\test\out\HeLa-S3_nuc_pos15_q3_5c\HeLa-S3_nuc_pos15_q3_5c_trackmate.xml,31,0,,,1453,1477,32,33,32.0,33.0,2,2,death,seq0002_HeLa-S3_nuc_pos15_q3_5c:cell31,False
seq0002_HeLa-S3_nuc_pos15_q3_5c,HeLa-S3_nuc_pos15_q3_5c,DynamicNuclearNet,test,DynamicNuclearNet\tif_data\test\out\HeLa-S3_nuc_pos15_q3_5c\HeLa-S3_nuc_pos15_q3_5c_trackmate.xml,32,0,,,1455,1689,32,41,32.0,41.0,10,10,death,seq0002_HeLa-S3_nuc_pos15_q3_5c:cell32,False
seq0002_HeLa-S3_nuc_pos15_q3_5c,HeLa-S3_nuc_pos15_q3_5c,DynamicNuclearNet,test,DynamicNuclearNet\tif_data\test\out\HeLa-S3_nuc_pos15_q3_5c\HeLa-S3_nuc_pos15_q3_5c_trackmate.xml,33,0,,40|41,1651,1724,35,40,35.0,40.0,6,6,division,seq0002_HeLa-S3_nuc_pos15_q3_5c:cell33,True
seq0002_HeLa-S3_nuc_pos15_q3_5c,HeLa-S3_nuc_pos15_q3_5c,DynamicNuclearNet,test,DynamicNuclearNet\tif_data\test\out\HeLa-S3_nuc_pos15_q3_5c\HeLa-S3_nuc_pos15_q3_5c_trackmate.xml,34,0,,,1653,1596,35,36,35.0,36.0,2,2,death,seq0002_HeLa-S3_nuc_pos15_q3_5c:cell34,False
seq0002_HeLa-S3_nuc_pos15_q3_5c,HeLa-S3_nuc_pos15_q3_5c,DynamicNuclearNet,test,DynamicNuclearNet\tif_data\test\out\HeLa-S3_nuc_pos15_q3_5c\HeLa-S3_nuc_pos15_q3_5c_trackmate.xml,35,0,,,1638,1679,37,41,37.0,41.0,5,5,death,seq0002_HeLa-S3_nuc_pos15_q3_5c:cell35,False
seq0002_HeLa-S3_nuc_pos15_q3_5c,HeLa-S3_nuc_pos15_q3_5c,DynamicNuclearNet,test,DynamicNuclearNet\tif_data\test\out\HeLa-S3_nuc_pos15_q3_5c\HeLa-S3_nuc_pos15_q3_5c_trackmate.xml,36,0,,,1663,1704,37,41,37.0,41.0,5,5,death,seq0002_HeLa-S3_nuc_pos15_q3_5c:cell36,False
seq0002_HeLa-S3_nuc_pos15_q3_5c,HeLa-S3_nuc_pos15_q3_5c,DynamicNuclearNet,test,DynamicNuclearNet\tif_data\test\out\HeLa-S3_nuc_pos15_q3_5c\HeLa-S3_nuc_pos15_q3_5c_trackmate.xml,37,0,,,1708,1683,40,41,40.0,41.0,2,2,death,seq0002_HeLa-S3_nuc_pos15_q3_5c:cell37,False
seq0002_HeLa-S3_nuc_pos15_q3_5c,HeLa-S3_nuc_pos15_q3_5c,DynamicNuclearNet,test,DynamicNuclearNet\tif_data\test\out\HeLa-S3_nuc_pos15_q3_5c\HeLa-S3_nuc_pos15_q3_5c_trackmate.xml,38,1,11,,1695,1695,41,41,41.0,41.0,1,1,death,seq0002_HeLa-S3_nuc_pos15_q3_5c:cell38,False
seq0002_HeLa-S3_nuc_pos15_q3_5c,HeLa-S3_nuc_pos15_q3_5c,DynamicNuclearNet,test,DynamicNuclearNet\tif_data\test\out\HeLa-S3_nuc_pos15_q3_5c\HeLa-S3_nuc_pos15_q3_5c_trackmate.xml,39,1,11,,1698,1698,41,41,41.0,41.0,1,1,death,seq0002_HeLa-S3_nuc_pos15_q3_5c:cell39,False
seq0002_HeLa-S3_nuc_pos15_q3_5c,HeLa-S3_nuc_pos15_q3_5c,DynamicNuclearNet,test,DynamicNuclearNet\tif_data\test\out\HeLa-S3_nuc_pos15_q3_5c\HeLa-S3_nuc_pos15_q3_5c_trackmate.xml,40,1,33,,1702,1702,41,41,41.0,41.0,1,1,death,seq0002_HeLa-S3_nuc_pos15_q3_5c:cell40,False
seq0002_HeLa-S3_nuc_pos15_q3_5c,HeLa-S3_nuc_pos15_q3_5c,DynamicNuclearNet,test,DynamicNuclearNet\tif_data\test\out\HeLa-S3_nuc_pos15_q3_5c\HeLa-S3_nuc_pos15_q3_5c_trackmate.xml,41,1,33,,1703,1703,41,41,41.0,41.0,1,1,death,seq0002_HeLa-S3_nuc_pos15_q3_5c:cell41,False
seq0003_HeLa-S3_nuc_pos16_q2_5c,HeLa-S3_nuc_pos16_q2_5c,DynamicNuclearNet,test,DynamicNuclearNet\tif_data\test\out\HeLa-S3_nuc_pos16_q2_5c\HeLa-S3_nuc_pos16_q2_5c_trackmate.xml,0,0,,,2217,2182,0,41,0.0,41.0,42,42,death,seq0003_HeLa-S3_nuc_pos16_q2_5c:cell0,False
seq0003_HeLa-S3_nuc_pos16_q2_5c,HeLa-S3_nuc_pos16_q2_5c,DynamicNuclearNet,test,DynamicNuclearNet\tif_data\test\out\HeLa-S3_nuc_pos16_q2_5c\HeLa-S3_nuc_pos16_q2_5c_trackmate.xml,1,0,,,2218,2075,0,33,0.0,33.0,34,34,death,seq0003_HeLa-S3_nuc_pos16_q2_5c:cell1,False
seq0003_HeLa-S3_nuc_pos16_q2_5c,HeLa-S3_nuc_pos16_q2_5c,DynamicNuclearNet,test,DynamicNuclearNet\tif_data\test\out\HeLa-S3_nuc_pos16_q2_5c\HeLa-S3_nuc_pos16_q2_5c_trackmate.xml,2,0,,,2219,2184,0,41,0.0,41.0,42,42,death,seq0003_HeLa-S3_nuc_pos16_q2_5c:cell2,False
seq0003_HeLa-S3_nuc_pos16_q2_5c,HeLa-S3_nuc_pos16_q2_5c,DynamicNuclearNet,test,DynamicNuclearNet\tif_data\test\out\HeLa-S3_nuc_pos16_q2_5c\HeLa-S3_nuc_pos16_q2_5c_trackmate.xml,3,0,,,2220,2029,0,31,0.0,31.0,32,32,death,seq0003_HeLa-S3_nuc_pos16_q2_5c:cell3,False
seq0003_HeLa-S3_nuc_pos16_q2_5c,HeLa-S3_nuc_pos16_q2_5c,DynamicNuclearNet,test,DynamicNuclearNet\tif_data\test\out\HeLa-S3_nuc_pos16_q2_5c\HeLa-S3_nuc_pos16_q2_5c_trackmate.xml,4,0,,,2221,1930,0,19,0.0,19.0,20,20,death,seq0003_HeLa-S3_nuc_pos16_q2_5c:cell4,False
seq0003_HeLa-S3_nuc_pos16_q2_5c,HeLa-S3_nuc_pos16_q2_5c,DynamicNuclearNet,test,DynamicNuclearNet\tif_data\test\out\HeLa-S3_nuc_pos16_q2_5c\HeLa-S3_nuc_pos16_q2_5c_trackmate.xml,5,0,,,2222,2189,0,41,0.0,41.0,42,42,death,seq0003_HeLa-S3_nuc_pos16_q2_5c:cell5,False
seq0003_HeLa-S3_nuc_pos16_q2_5c,HeLa-S3_nuc_pos16_q2_5c,DynamicNuclearNet,test,DynamicNuclearNet\tif_data\test\out\HeLa-S3_nuc_pos16_q2_5c\HeLa-S3_nuc_pos16_q2_5c_trackmate.xml,6,0,,,2223,2190,0,41,0.0,41.0,42,42,death,seq0003_HeLa-S3_nuc_pos16_q2_5c:cell6,False
seq0003_HeLa-S3_nuc_pos16_q2_5c,HeLa-S3_nuc_pos16_q2_5c,DynamicNuclearNet,test,DynamicNuclearNet\tif_data\test\out\HeLa-S3_nuc_pos16_q2_5c\HeLa-S3_nuc_pos16_q2_5c_trackmate.xml,7,0,,,2224,2192,0,41,0.0,41.0,42,42,death,seq0003_HeLa-S3_nuc_pos16_q2_5c:cell7,False
seq0003_HeLa-S3_nuc_pos16_q2_5c,HeLa-S3_nuc_pos16_q2_5c,DynamicNuclearNet,test,DynamicNuclearNet\tif_data\test\out\HeLa-S3_nuc_pos16_q2_5c\HeLa-S3_nuc_pos16_q2_5c_trackmate.xml,8,0,,,2225,2194,0,41,0.0,41.0,42,42,death,seq0003_HeLa-S3_nuc_pos16_q2_5c:cell8,False
seq0003_HeLa-S3_nuc_pos16_q2_5c,HeLa-S3_nuc_pos16_q2_5c,DynamicNuclearNet,test,DynamicNuclearNet\tif_data\test\out\HeLa-S3_nuc_pos16_q2_5c\HeLa-S3_nuc_pos16_q2_5c_trackmate.xml,9,0,,,2226,2193,0,41,0.0,41.0,42,42,death,seq0003_HeLa-S3_nuc_pos16_q2_5c:cell9,False
seq0003_HeLa-S3_nuc_pos16_q2_5c,HeLa-S3_nuc_pos16_q2_5c,DynamicNuclearNet,test,DynamicNuclearNet\tif_data\test\out\HeLa-S3_nuc_pos16_q2_5c\HeLa-S3_nuc_pos16_q2_5c_trackmate.xml,10,0,,,2206,2206,1,1,1.0,1.0,1,1,death,seq0003_HeLa-S3_nuc_pos16_q2_5c:cell10,False
seq0003_HeLa-S3_nuc_pos16_q2_5c,HeLa-S3_nuc_pos16_q2_5c,DynamicNuclearNet,test,DynamicNuclearNet\tif_data\test\out\HeLa-S3_nuc_pos16_q2_5c\HeLa-S3_nuc_pos16_q2_5c_trackmate.xml,11,0,,,1756,1830,2,7,2.0,7.0,6,6,death,seq0003_HeLa-S3_nuc_pos16_q2_5c:cell11,False
seq0003_HeLa-S3_nuc_pos16_q2_5c,HeLa-S3_nuc_pos16_q2_5c,DynamicNuclearNet,test,DynamicNuclearNet\tif_data\test\out\HeLa-S3_nuc_pos16_q2_5c\HeLa-S3_nuc_pos16_q2_5c_trackmate.xml,12,0,,,1798,1931,9,19,9.0,19.0,11,11,death,seq0003_HeLa-S3_nuc_pos16_q2_5c:cell12,False
seq0003_HeLa-S3_nuc_pos16_q2_5c,HeLa-S3_nuc_pos16_q2_5c,DynamicNuclearNet,test,DynamicNuclearNet\tif_data\test\out\HeLa-S3_nuc_pos16_q2_5c\HeLa-S3_nuc_pos16_q2_5c_trackmate.xml,13,0,,,1956,2187,21,41,21.0,41.0,21,21,death,seq0003_HeLa-S3_nuc_pos16_q2_5c:cell13,False
seq0003_HeLa-S3_nuc_pos16_q2_5c,HeLa-S3_nuc_pos16_q2_5c,DynamicNuclearNet,test,DynamicNuclearNet\tif_data\test\out\HeLa-S3_nuc_pos16_q2_5c\HeLa-S3_nuc_pos16_q2_5c_trackmate.xml,14,0,,,1959,2188,21,41,21.0,41.0,21,21,death,seq0003_HeLa-S3_nuc_pos16_q2_5c:cell14,False
seq0003_HeLa-S3_nuc_pos16_q2_5c,HeLa-S3_nuc_pos16_q2_5c,DynamicNuclearNet,test,DynamicNuclearNet\tif_data\test\out\HeLa-S3_nuc_pos16_q2_5c\HeLa-S3_nuc_pos16_q2_5c_trackmate.xml,15,0,,,2022,2191,30,41,30.0,41.0,12,12,death,seq0003_HeLa-S3_nuc_pos16_q2_5c:cell15,False
seq0003_HeLa-S3_nuc_pos16_q2_5c,HeLa-S3_nuc_pos16_q2_5c,DynamicNuclearNet,test,DynamicNuclearNet\tif_data\test\out\HeLa-S3_nuc_pos16_q2_5c\HeLa-S3_nuc_pos16_q2_5c_trackmate.xml,16,0,,,2074,2074,33,33,33.0,33.0,1,1,death,seq0003_HeLa-S3_nuc_pos16_q2_5c:cell16,False
seq0003_HeLa-S3_nuc_pos16_q2_5c,HeLa-S3_nuc_pos16_q2_5c,DynamicNuclearNet,test,DynamicNuclearNet\tif_data\test\out\HeLa-S3_nuc_pos16_q2_5c\HeLa-S3_nuc_pos16_q2_5c_trackmate.xml,17,0,,,2057,2111,34,37,34.0,37.0,4,4,death,seq0003_HeLa-S3_nuc_pos16_q2_5c:cell17,False
seq0003_HeLa-S3_nuc_pos16_q2_5c,HeLa-S3_nuc_pos16_q2_5c,DynamicNuclearNet,test,DynamicNuclearNet\tif_data\test\out\HeLa-S3_nuc_pos16_q2_5c\HeLa-S3_nuc_pos16_q2_5c_trackmate.xml,18,0,,,2060,2114,34,37,34.0,37.0,4,4,death,seq0003_HeLa-S3_nuc_pos16_q2_5c:cell18,False
seq0003_HeLa-S3_nuc_pos16_q2_5c,HeLa-S3_nuc_pos16_q2_5c,DynamicNuclearNet,test,DynamicNuclearNet\tif_data\test\out\HeLa-S3_nuc_pos16_q2_5c\HeLa-S3_nuc_pos16_q2_5c_trackmate.xml,19,0,,,2151,2151,38,38,38.0,38.0,1,1,death,seq0003_HeLa-S3_nuc_pos16_q2_5c:cell19,False
seq0003_HeLa-S3_nuc_pos16_q2_5c,HeLa-S3_nuc_pos16_q2_5c,DynamicNuclearNet,test,DynamicNuclearNet\tif_data\test\out\HeLa-S3_nuc_pos16_q2_5c\HeLa-S3_nuc_pos16_q2_5c_trackmate.xml,20,0,,,2152,2185,38,41,38.0,41.0,4,4,death,seq0003_HeLa-S3_nuc_pos16_q2_5c:cell20,False
seq0003_HeLa-S3_nuc_pos16_q2_5c,HeLa-S3_nuc_pos16_q2_5c,DynamicNuclearNet,test,DynamicNuclearNet\tif_data\test\out\HeLa-S3_nuc_pos16_q2_5c\HeLa-S3_nuc_pos16_q2_5c_trackmate.xml,21,0,,,2156,2156,38,38,38.0,38.0,1,1,death,seq0003_HeLa-S3_nuc_pos16_q2_5c:cell21,False
seq0003_HeLa-S3_nuc_pos16_q2_5c,HeLa-S3_nuc_pos16_q2_5c,DynamicNuclearNet,test,DynamicNuclearNet\tif_data\test\out\HeLa-S3_nuc_pos16_q2_5c\HeLa-S3_nuc_pos16_q2_5c_trackmate.xml,22,0,,,2123,2183,39,41,39.0,41.0,3,3,death,seq0003_HeLa-S3_nuc_pos16_q2_5c:cell22,False
seq0003_HeLa-S3_nuc_pos16_q2_5c,HeLa-S3_nuc_pos16_q2_5c,DynamicNuclearNet,test,DynamicNuclearNet\tif_data\test\out\HeLa-S3_nuc_pos16_q2_5c\HeLa-S3_nuc_pos16_q2_5c_trackmate.xml,23,0,,,2125,2186,39,41,39.0,41.0,3,3,death,seq0003_HeLa-S3_nuc_pos16_q2_5c:cell23,False
seq0004_HeLa-S3_nuc_pos20_q1_5c,HeLa-S3_nuc_pos20_q1_5c,DynamicNuclearNet,test,DynamicNuclearNet\tif_data\test\out\HeLa-S3_nuc_pos20_q1_5c\HeLa-S3_nuc_pos20_q1_5c_trackmate.xml,0,0,,,2733,3270,0,30,0.0,30.0,31,31,death,seq0004_HeLa-S3_nuc_pos20_q1_5c:cell0,False
seq0004_HeLa-S3_nuc_pos20_q1_5c,HeLa-S3_nuc_pos20_q1_5c,DynamicNuclearNet,test,DynamicNuclearNet\tif_data\test\out\HeLa-S3_nuc_pos20_q1_5c\HeLa-S3_nuc_pos20_q1_5c_trackmate.xml,1,0,,,2737,4054,0,19,0.0,19.0,20,20,death,seq0004_HeLa-S3_nuc_pos20_q1_5c:cell1,False
seq0004_HeLa-S3_nuc_pos20_q1_5c,HeLa-S3_nuc_pos20_q1_5c,DynamicNuclearNet,test,DynamicNuclearNet\tif_data\test\out\HeLa-S3_nuc_pos20_q1_5c\HeLa-S3_nuc_pos20_q1_5c_trackmate.xml,2,0,,,2740,3725,0,41,0.0,41.0,42,42,death,seq0004_HeLa-S3_nuc_pos20_q1_5c:cell2,False
seq0004_HeLa-S3_nuc_pos20_q1_5c,HeLa-S3_nuc_pos20_q1_5c,DynamicNuclearNet,test,DynamicNuclearNet\tif_data\test\out\HeLa-S3_nuc_pos20_q1_5c\HeLa-S3_nuc_pos20_q1_5c_trackmate.xml,3,0,,,2744,3723,0,41,0.0,41.0,42,42,death,seq0004_HeLa-S3_nuc_pos20_q1_5c:cell3,False
seq0004_HeLa-S3_nuc_pos20_q1_5c,HeLa-S3_nuc_pos20_q1_5c,DynamicNuclearNet,test,DynamicNuclearNet\tif_data\test\out\HeLa-S3_nuc_pos20_q1_5c\HeLa-S3_nuc_pos20_q1_5c_trackmate.xml,4,0,,,2746,3727,0,41,0.0,41.0,42,42,death,seq0004_HeLa-S3_nuc_pos20_q1_5c:cell4,False
seq0004_HeLa-S3_nuc_pos20_q1_5c,HeLa-S3_nuc_pos20_q1_5c,DynamicNuclearNet,test,DynamicNuclearNet\tif_data\test\out\HeLa-S3_nuc_pos20_q1_5c\HeLa-S3_nuc_pos20_q1_5c_trackmate.xml,5,0,,,2749,3731,0,41,0.0,41.0,42,42,death,seq0004_HeLa-S3_nuc_pos20_q1_5c:cell5,False
seq0004_HeLa-S3_nuc_pos20_q1_5c,HeLa-S3_nuc_pos20_q1_5c,DynamicNuclearNet,test,DynamicNuclearNet\tif_data\test\out\HeLa-S3_nuc_pos20_q1_5c\HeLa-S3_nuc_pos20_q1_5c_trackmate.xml,6,0,,,2752,3734,0,41,0.0,41.0,42,42,death,seq0004_HeLa-S3_nuc_pos20_q1_5c:cell6,False
seq0004_HeLa-S3_nuc_pos20_q1_5c,HeLa-S3_nuc_pos20_q1_5c,DynamicNuclearNet,test,DynamicNuclearNet\tif_data\test\out\HeLa-S3_nuc_pos20_q1_5c\HeLa-S3_nuc_pos20_q1_5c_trackmate.xml,7,0,,,2755,3049,0,22,0.0,22.0,23,23,death,seq0004_HeLa-S3_nuc_pos20_q1_5c:cell7,False
seq0004_HeLa-S3_nuc_pos20_q1_5c,HeLa-S3_nuc_pos20_q1_5c,DynamicNuclearNet,test,DynamicNuclearNet\tif_data\test\out\HeLa-S3_nuc_pos20_q1_5c\HeLa-S3_nuc_pos20_q1_5c_trackmate.xml,8,0,,,2758,3287,0,29,0.0,29.0,30,30,death,seq0004_HeLa-S3_nuc_pos20_q1_5c:cell8,False
seq0004_HeLa-S3_nuc_pos20_q1_5c,HeLa-S3_nuc_pos20_q1_5c,DynamicNuclearNet,test,DynamicNuclearNet\tif_data\test\out\HeLa-S3_nuc_pos20_q1_5c\HeLa-S3_nuc_pos20_q1_5c_trackmate.xml,9,0,,,2762,3737,0,41,0.0,41.0,42,42,death,seq0004_HeLa-S3_nuc_pos20_q1_5c:cell9,False
seq0004_HeLa-S3_nuc_pos20_q1_5c,HeLa-S3_nuc_pos20_q1_5c,DynamicNuclearNet,test,DynamicNuclearNet\tif_data\test\out\HeLa-S3_nuc_pos20_q1_5c\HeLa-S3_nuc_pos20_q1_5c_trackmate.xml,10,0,,,2765,3415,0,31,0.0,31.0,32,32,death,seq0004_HeLa-S3_nuc_pos20_q1_5c:cell10,False
seq0004_HeLa-S3_nuc_pos20_q1_5c,HeLa-S3_nuc_pos20_q1_5c,DynamicNuclearNet,test,DynamicNuclearNet\tif_data\test\out\HeLa-S3_nuc_pos20_q1_5c\HeLa-S3_nuc_pos20_q1_5c_trackmate.xml,11,0,,,2768,3739,0,41,0.0,41.0,42,42,death,seq0004_HeLa-S3_nuc_pos20_q1_5c:cell11,False
seq0004_HeLa-S3_nuc_pos20_q1_5c,HeLa-S3_nuc_pos20_q1_5c,DynamicNuclearNet,test,DynamicNuclearNet\tif_data\test\out\HeLa-S3_nuc_pos20_q1_5c\HeLa-S3_nuc_pos20_q1_5c_trackmate.xml,12,0,,,2771,2729,0,16,0.0,16.0,17,17,death,seq0004_HeLa-S3_nuc_pos20_q1_5c:cell12,False
seq0004_HeLa-S3_nuc_pos20_q1_5c,HeLa-S3_nuc_pos20_q1_5c,DynamicNuclearNet,test,DynamicNuclearNet\tif_data\test\out\HeLa-S3_nuc_pos20_q1_5c\HeLa-S3_nuc_pos20_q1_5c_trackmate.xml,13,0,,,2772,3745,0,41,0.0,41.0,42,42,death,seq0004_HeLa-S3_nuc_pos20_q1_5c:cell13,False
seq0004_HeLa-S3_nuc_pos20_q1_5c,HeLa-S3_nuc_pos20_q1_5c,DynamicNuclearNet,test,DynamicNuclearNet\tif_data\test\out\HeLa-S3_nuc_pos20_q1_5c\HeLa-S3_nuc_pos20_q1_5c_trackmate.xml,14,0,,,2774,3947,0,38,0.0,38.0,39,39,death,seq0004_HeLa-S3_nuc_pos20_q1_5c:cell14,False
seq0004_HeLa-S3_nuc_pos20_q1_5c,HeLa-S3_nuc_pos20_q1_5c,DynamicNuclearNet,test,DynamicNuclearNet\tif_data\test\out\HeLa-S3_nuc_pos20_q1_5c\HeLa-S3_nuc_pos20_q1_5c_trackmate.xml,15,0,,,2776,3749,0,41,0.0,41.0,42,42,death,seq0004_HeLa-S3_nuc_pos20_q1_5c:cell15,False
seq0004_HeLa-S3_nuc_pos20_q1_5c,HeLa-S3_nuc_pos20_q1_5c,DynamicNuclearNet,test,DynamicNuclearNet\tif_data\test\out\HeLa-S3_nuc_pos20_q1_5c\HeLa-S3_nuc_pos20_q1_5c_trackmate.xml,16,0,,,2778,3755,0,41,0.0,41.0,42,42,death,seq0004_HeLa-S3_nuc_pos20_q1_5c:cell16,False
seq0004_HeLa-S3_nuc_pos20_q1_5c,HeLa-S3_nuc_pos20_q1_5c,DynamicNuclearNet,test,DynamicNuclearNet\tif_data\test\out\HeLa-S3_nuc_pos20_q1_5c\HeLa-S3_nuc_pos20_q1_5c_trackmate.xml,17,0,,,2780,3753,0,41,0.0,41.0,42,42,death,seq0004_HeLa-S3_nuc_pos20_q1_5c:cell17,False
seq0004_HeLa-S3_nuc_pos20_q1_5c,HeLa-S3_nuc_pos20_q1_5c,DynamicNuclearNet,test,DynamicNuclearNet\tif_data\test\out\HeLa-S3_nuc_pos20_q1_5c\HeLa-S3_nuc_pos20_q1_5c_trackmate.xml,18,0,,,2782,3758,0,41,0.0,41.0,42,42,death,seq0004_HeLa-S3_nuc_pos20_q1_5c:cell18,False
seq0004_HeLa-S3_nuc_pos20_q1_5c,HeLa-S3_nuc_pos20_q1_5c,DynamicNuclearNet,test,DynamicNuclearNet\tif_data\test\out\HeLa-S3_nuc_pos20_q1_5c\HeLa-S3_nuc_pos20_q1_5c_trackmate.xml,19,0,,,2783,3764,0,41,0.0,41.0,42,42,death,seq0004_HeLa-S3_nuc_pos20_q1_5c:cell19,False
seq0004_HeLa-S3_nuc_pos20_q1_5c,HeLa-S3_nuc_pos20_q1_5c,DynamicNuclearNet,test,DynamicNuclearNet\tif_data\test\out\HeLa-S3_nuc_pos20_q1_5c\HeLa-S3_nuc_pos20_q1_5c_trackmate.xml,20,0,,,2786,3767,0,41,0.0,41.0,42,42,death,seq0004_HeLa-S3_nuc_pos20_q1_5c:cell20,False
seq0004_HeLa-S3_nuc_pos20_q1_5c,HeLa-S3_nuc_pos20_q1_5c,DynamicNuclearNet,test,DynamicNuclearNet\tif_data\test\out\HeLa-S3_nuc_pos20_q1_5c\HeLa-S3_nuc_pos20_q1_5c_trackmate.xml,21,0,,,2788,3192,0,23,0.0,23.0,24,24,death,seq0004_HeLa-S3_nuc_pos20_q1_5c:cell21,False
seq0004_HeLa-S3_nuc_pos20_q1_5c,HeLa-S3_nuc_pos20_q1_5c,DynamicNuclearNet,test,DynamicNuclearNet\tif_data\test\out\HeLa-S3_nuc_pos20_q1_5c\HeLa-S3_nuc_pos20_q1_5c_trackmate.xml,22,0,,,2789,3770,0,41,0.0,41.0,42,42,death,seq0004_HeLa-S3_nuc_pos20_q1_5c:cell22,False
seq0004_HeLa-S3_nuc_pos20_q1_5c,HeLa-S3_nuc_pos20_q1_5c,DynamicNuclearNet,test,DynamicNuclearNet\tif_data\test\out\HeLa-S3_nuc_pos20_q1_5c\HeLa-S3_nuc_pos20_q1_5c_trackmate.xml,23,0,,,2792,3771,0,41,0.0,41.0,42,42,death,seq0004_HeLa-S3_nuc_pos20_q1_5c:cell23,False
seq0004_HeLa-S3_nuc_pos20_q1_5c,HeLa-S3_nuc_pos20_q1_5c,DynamicNuclearNet,test,DynamicNuclearNet\tif_data\test\out\HeLa-S3_nuc_pos20_q1_5c\HeLa-S3_nuc_pos20_q1_5c_trackmate.xml,24,0,,,2793,3773,0,41,0.0,41.0,42,42,death,seq0004_HeLa-S3_nuc_pos20_q1_5c:cell24,False
seq0004_HeLa-S3_nuc_pos20_q1_5c,HeLa-S3_nuc_pos20_q1_5c,DynamicNuclearNet,test,DynamicNuclearNet\tif_data\test\out\HeLa-S3_nuc_pos20_q1_5c\HeLa-S3_nuc_pos20_q1_5c_trackmate.xml,25,0,,,2795,3774,0,41,0.0,41.0,42,42,death,seq0004_HeLa-S3_nuc_pos20_q1_5c:cell25,False
seq0004_HeLa-S3_nuc_pos20_q1_5c,HeLa-S3_nuc_pos20_q1_5c,DynamicNuclearNet,test,DynamicNuclearNet\tif_data\test\out\HeLa-S3_nuc_pos20_q1_5c\HeLa-S3_nuc_pos20_q1_5c_trackmate.xml,26,0,,,2797,3777,0,41,0.0,41.0,42,42,death,seq0004_HeLa-S3_nuc_pos20_q1_5c:cell26,False
seq0004_HeLa-S3_nuc_pos20_q1_5c,HeLa-S3_nuc_pos20_q1_5c,DynamicNuclearNet,test,DynamicNuclearNet\tif_data\test\out\HeLa-S3_nuc_pos20_q1_5c\HeLa-S3_nuc_pos20_q1_5c_trackmate.xml,27,0,,,2798,3775,0,41,0.0,41.0,42,42,death,seq0004_HeLa-S3_nuc_pos20_q1_5c:cell27,False
seq0004_HeLa-S3_nuc_pos20_q1_5c,HeLa-S3_nuc_pos20_q1_5c,DynamicNuclearNet,test,DynamicNuclearNet\tif_data\test\out\HeLa-S3_nuc_pos20_q1_5c\HeLa-S3_nuc_pos20_q1_5c_trackmate.xml,28,0,,,2799,3776,0,41,0.0,41.0,42,42,death,seq0004_HeLa-S3_nuc_pos20_q1_5c:cell28,False
seq0004_HeLa-S3_nuc_pos20_q1_5c,HeLa-S3_nuc_pos20_q1_5c,DynamicNuclearNet,test,DynamicNuclearNet\tif_data\test\out\HeLa-S3_nuc_pos20_q1_5c\HeLa-S3_nuc_pos20_q1_5c_trackmate.xml,29,0,,,2800,3591,0,34,0.0,34.0,35,35,death,seq0004_HeLa-S3_nuc_pos20_q1_5c:cell29,False
seq0004_HeLa-S3_nuc_pos20_q1_5c,HeLa-S3_nuc_pos20_q1_5c,DynamicNuclearNet,test,DynamicNuclearNet\tif_data\test\out\HeLa-S3_nuc_pos20_q1_5c\HeLa-S3_nuc_pos20_q1_5c_trackmate.xml,30,0,,,2801,2411,0,1,0.0,1.0,2,2,death,seq0004_HeLa-S3_nuc_pos20_q1_5c:cell30,False
seq0004_HeLa-S3_nuc_pos20_q1_5c,HeLa-S3_nuc_pos20_q1_5c,DynamicNuclearNet,test,DynamicNuclearNet\tif_data\test\out\HeLa-S3_nuc_pos20_q1_5c\HeLa-S3_nuc_pos20_q1_5c_trackmate.xml,31,0,,,2802,3778,0,41,0.0,41.0,42,42,death,seq0004_HeLa-S3_nuc_pos20_q1_5c:cell31,False
seq0004_HeLa-S3_nuc_pos20_q1_5c,HeLa-S3_nuc_pos20_q1_5c,DynamicNuclearNet,test,DynamicNuclearNet\tif_data\test\out\HeLa-S3_nuc_pos20_q1_5c\HeLa-S3_nuc_pos20_q1_5c_trackmate.xml,32,0,,,2804,3779,0,41,0.0,41.0,42,42,death,seq0004_HeLa-S3_nuc_pos20_q1_5c:cell32,False
seq0004_HeLa-S3_nuc_pos20_q1_5c,HeLa-S3_nuc_pos20_q1_5c,DynamicNuclearNet,test,DynamicNuclearNet\tif_data\test\out\HeLa-S3_nuc_pos20_q1_5c\HeLa-S3_nuc_pos20_q1_5c_trackmate.xml,33,0,,,2805,2805,0,0,0.0,0.0,1,1,death,seq0004_HeLa-S3_nuc_pos20_q1_5c:cell33,False
seq0004_HeLa-S3_nuc_pos20_q1_5c,HeLa-S3_nuc_pos20_q1_5c,DynamicNuclearNet,test,DynamicNuclearNet\tif_data\test\out\HeLa-S3_nuc_pos20_q1_5c\HeLa-S3_nuc_pos20_q1_5c_trackmate.xml,34,0,,,2808,3782,0,41,0.0,41.0,42,42,death,seq0004_HeLa-S3_nuc_pos20_q1_5c:cell34,False
seq0004_HeLa-S3_nuc_pos20_q1_5c,HeLa-S3_nuc_pos20_q1_5c,DynamicNuclearNet,test,DynamicNuclearNet\tif_data\test\out\HeLa-S3_nuc_pos20_q1_5c\HeLa-S3_nuc_pos20_q1_5c_trackmate.xml,35,0,,,2812,3781,0,41,0.0,41.0,42,42,death,seq0004_HeLa-S3_nuc_pos20_q1_5c:cell35,False
seq0004_HeLa-S3_nuc_pos20_q1_5c,HeLa-S3_nuc_pos20_q1_5c,DynamicNuclearNet,test,DynamicNuclearNet\tif_data\test\out\HeLa-S3_nuc_pos20_q1_5c\HeLa-S3_nuc_pos20_q1_5c_trackmate.xml,36,0,,,2815,3784,0,41,0.0,41.0,42,42,death,seq0004_HeLa-S3_nuc_pos20_q1_5c:cell36,False
seq0004_HeLa-S3_nuc_pos20_q1_5c,HeLa-S3_nuc_pos20_q1_5c,DynamicNuclearNet,test,DynamicNuclearNet\tif_data\test\out\HeLa-S3_nuc_pos20_q1_5c\HeLa-S3_nuc_pos20_q1_5c_trackmate.xml,37,0,,,2818,3786,0,41,0.0,41.0,42,42,death,seq0004_HeLa-S3_nuc_pos20_q1_5c:cell37,False
seq0004_HeLa-S3_nuc_pos20_q1_5c,HeLa-S3_nuc_pos20_q1_5c,DynamicNuclearNet,test,DynamicNuclearNet\tif_data\test\out\HeLa-S3_nuc_pos20_q1_5c\HeLa-S3_nuc_pos20_q1_5c_trackmate.xml,38,0,,,2821,2968,0,11,0.0,11.0,12,12,death,seq0004_HeLa-S3_nuc_pos20_q1_5c:cell38,False
seq0004_HeLa-S3_nuc_pos20_q1_5c,HeLa-S3_nuc_pos20_q1_5c,DynamicNuclearNet,test,DynamicNuclearNet\tif_data\test\out\HeLa-S3_nuc_pos20_q1_5c\HeLa-S3_nuc_pos20_q1_5c_trackmate.xml,39,0,,,2824,3788,0,41,0.0,41.0,42,42,death,seq0004_HeLa-S3_nuc_pos20_q1_5c:cell39,False
seq0004_HeLa-S3_nuc_pos20_q1_5c,HeLa-S3_nuc_pos20_q1_5c,DynamicNuclearNet,test,DynamicNuclearNet\tif_data\test\out\HeLa-S3_nuc_pos20_q1_5c\HeLa-S3_nuc_pos20_q1_5c_trackmate.xml,40,0,,,2337,2336,1,2,1.0,2.0,2,2,death,seq0004_HeLa-S3_nuc_pos20_q1_5c:cell40,False
seq0004_HeLa-S3_nuc_pos20_q1_5c,HeLa-S3_nuc_pos20_q1_5c,DynamicNuclearNet,test,DynamicNuclearNet\tif_data\test\out\HeLa-S3_nuc_pos20_q1_5c\HeLa-S3_nuc_pos20_q1_5c_trackmate.xml,41,0,,,2430,3783,1,41,1.0,41.0,41,41,death,seq0004_HeLa-S3_nuc_pos20_q1_5c:cell41,False
seq0004_HeLa-S3_nuc_pos20_q1_5c,HeLa-S3_nuc_pos20_q1_5c,DynamicNuclearNet,test,DynamicNuclearNet\tif_data\test\out\HeLa-S3_nuc_pos20_q1_5c\HeLa-S3_nuc_pos20_q1_5c_trackmate.xml,42,0,,,2236,2591,2,17,2.0,17.0,16,16,death,seq0004_HeLa-S3_nuc_pos20_q1_5c:cell42,False
seq0004_HeLa-S3_nuc_pos20_q1_5c,HeLa-S3_nuc_pos20_q1_5c,DynamicNuclearNet,test,DynamicNuclearNet\tif_data\test\out\HeLa-S3_nuc_pos20_q1_5c\HeLa-S3_nuc_pos20_q1_5c_trackmate.xml,43,0,,,2402,2402,3,3,3.0,3.0,1,1,death,seq0004_HeLa-S3_nuc_pos20_q1_5c:cell43,False
seq0004_HeLa-S3_nuc_pos20_q1_5c,HeLa-S3_nuc_pos20_q1_5c,DynamicNuclearNet,test,DynamicNuclearNet\tif_data\test\out\HeLa-S3_nuc_pos20_q1_5c\HeLa-S3_nuc_pos20_q1_5c_trackmate.xml,44,0,,,4044,3153,4,27,4.0,27.0,24,24,death,seq0004_HeLa-S3_nuc_pos20_q1_5c:cell44,False
seq0004_HeLa-S3_nuc_pos20_q1_5c,HeLa-S3_nuc_pos20_q1_5c,DynamicNuclearNet,test,DynamicNuclearNet\tif_data\test\out\HeLa-S3_nuc_pos20_q1_5c\HeLa-S3_nuc_pos20_q1_5c_trackmate.xml,45,0,,,2364,2364,7,7,7.0,7.0,1,1,death,seq0004_HeLa-S3_nuc_pos20_q1_5c:cell45,False
seq0004_HeLa-S3_nuc_pos20_q1_5c,HeLa-S3_nuc_pos20_q1_5c,DynamicNuclearNet,test,DynamicNuclearNet\tif_data\test\out\HeLa-S3_nuc_pos20_q1_5c\HeLa-S3_nuc_pos20_q1_5c_trackmate.xml,46,0,,,2423,3759,8,41,8.0,41.0,34,34,death,seq0004_HeLa-S3_nuc_pos20_q1_5c:cell46,False
seq0004_HeLa-S3_nuc_pos20_q1_5c,HeLa-S3_nuc_pos20_q1_5c,DynamicNuclearNet,test,DynamicNuclearNet\tif_data\test\out\HeLa-S3_nuc_pos20_q1_5c\HeLa-S3_nuc_pos20_q1_5c_trackmate.xml,47,0,,,2505,2505,8,8,8.0,8.0,1,1,death,seq0004_HeLa-S3_nuc_pos20_q1_5c:cell47,False
seq0004_HeLa-S3_nuc_pos20_q1_5c,HeLa-S3_nuc_pos20_q1_5c,DynamicNuclearNet,test,DynamicNuclearNet\tif_data\test\out\HeLa-S3_nuc_pos20_q1_5c\HeLa-S3_nuc_pos20_q1_5c_trackmate.xml,48,0,,,2947,2947,11,11,11.0,11.0,1,1,death,seq0004_HeLa-S3_nuc_pos20_q1_5c:cell48,False
seq0004_HeLa-S3_nuc_pos20_q1_5c,HeLa-S3_nuc_pos20_q1_5c,DynamicNuclearNet,test,DynamicNuclearNet\tif_data\test\out\HeLa-S3_nuc_pos20_q1_5c\HeLa-S3_nuc_pos20_q1_5c_trackmate.xml,49,0,,,2993,2854,12,16,12.0,16.0,5,5,death,seq0004_HeLa-S3_nuc_pos20_q1_5c:cell49,False
seq0004_HeLa-S3_nuc_pos20_q1_5c,HeLa-S3_nuc_pos20_q1_5c,DynamicNuclearNet,test,DynamicNuclearNet\tif_data\test\out\HeLa-S3_nuc_pos20_q1_5c\HeLa-S3_nuc_pos20_q1_5c_trackmate.xml,50,0,,,2712,2712,14,14,14.0,14.0,1,1,death,seq0004_HeLa-S3_nuc_pos20_q1_5c:cell50,False
seq0004_HeLa-S3_nuc_pos20_q1_5c,HeLa-S3_nuc_pos20_q1_5c,DynamicNuclearNet,test,DynamicNuclearNet\tif_data\test\out\HeLa-S3_nuc_pos20_q1_5c\HeLa-S3_nuc_pos20_q1_5c_trackmate.xml,51,0,,,2703,2703,17,17,17.0,17.0,1,1,death,seq0004_HeLa-S3_nuc_pos20_q1_5c:cell51,False
seq0004_HeLa-S3_nuc_pos20_q1_5c,HeLa-S3_nuc_pos20_q1_5c,DynamicNuclearNet,test,DynamicNuclearNet\tif_data\test\out\HeLa-S3_nuc_pos20_q1_5c\HeLa-S3_nuc_pos20_q1_5c_trackmate.xml,52,0,,,2764,3741,17,41,17.0,41.0,25,25,death,seq0004_HeLa-S3_nuc_pos20_q1_5c:cell52,False
seq0004_HeLa-S3_nuc_pos20_q1_5c,HeLa-S3_nuc_pos20_q1_5c,DynamicNuclearNet,test,DynamicNuclearNet\tif_data\test\out\HeLa-S3_nuc_pos20_q1_5c\HeLa-S3_nuc_pos20_q1_5c_trackmate.xml,53,0,,,4075,3743,19,41,19.0,41.0,23,23,death,seq0004_HeLa-S3_nuc_pos20_q1_5c:cell53,False
seq0004_HeLa-S3_nuc_pos20_q1_5c,HeLa-S3_nuc_pos20_q1_5c,DynamicNuclearNet,test,DynamicNuclearNet\tif_data\test\out\HeLa-S3_nuc_pos20_q1_5c\HeLa-S3_nuc_pos20_q1_5c_trackmate.xml,54,0,,,3956,3071,20,24,20.0,24.0,5,5,death,seq0004_HeLa-S3_nuc_pos20_q1_5c:cell54,False
seq0004_HeLa-S3_nuc_pos20_q1_5c,HeLa-S3_nuc_pos20_q1_5c,DynamicNuclearNet,test,DynamicNuclearNet\tif_data\test\out\HeLa-S3_nuc_pos20_q1_5c\HeLa-S3_nuc_pos20_q1_5c_trackmate.xml,55,0,,,4024,3787,20,41,20.0,41.0,22,22,death,seq0004_HeLa-S3_nuc_pos20_q1_5c:cell55,False
seq0004_HeLa-S3_nuc_pos20_q1_5c,HeLa-S3_nuc_pos20_q1_5c,DynamicNuclearNet,test,DynamicNuclearNet\tif_data\test\out\HeLa-S3_nuc_pos20_q1_5c\HeLa-S3_nuc_pos20_q1_5c_trackmate.xml,56,0,,,3821,2995,21,25,21.0,25.0,5,5,death,seq0004_HeLa-S3_nuc_pos20_q1_5c:cell56,False
seq0004_HeLa-S3_nuc_pos20_q1_5c,HeLa-S3_nuc_pos20_q1_5c,DynamicNuclearNet,test,DynamicNuclearNet\tif_data\test\out\HeLa-S3_nuc_pos20_q1_5c\HeLa-S3_nuc_pos20_q1_5c_trackmate.xml,57,0,,,3883,3768,21,41,21.0,41.0,21,21,death,seq0004_HeLa-S3_nuc_pos20_q1_5c:cell57,False
seq0004_HeLa-S3_nuc_pos20_q1_5c,HeLa-S3_nuc_pos20_q1_5c,DynamicNuclearNet,test,DynamicNuclearNet\tif_data\test\out\HeLa-S3_nuc_pos20_q1_5c\HeLa-S3_nuc_pos20_q1_5c_trackmate.xml,58,0,,,3921,3232,21,23,21.0,23.0,3,3,death,seq0004_HeLa-S3_nuc_pos20_q1_5c:cell58,False
seq0004_HeLa-S3_nuc_pos20_q1_5c,HeLa-S3_nuc_pos20_q1_5c,DynamicNuclearNet,test,DynamicNuclearNet\tif_data\test\out\HeLa-S3_nuc_pos20_q1_5c\HeLa-S3_nuc_pos20_q1_5c_trackmate.xml,59,0,,,3093,3729,23,41,23.0,41.0,19,19,death,seq0004_HeLa-S3_nuc_pos20_q1_5c:cell59,False
seq0004_HeLa-S3_nuc_pos20_q1_5c,HeLa-S3_nuc_pos20_q1_5c,DynamicNuclearNet,test,DynamicNuclearNet\tif_data\test\out\HeLa-S3_nuc_pos20_q1_5c\HeLa-S3_nuc_pos20_q1_5c_trackmate.xml,60,0,,,3101,3101,23,23,23.0,23.0,1,1,death,seq0004_HeLa-S3_nuc_pos20_q1_5c:cell60,False
seq0004_HeLa-S3_nuc_pos20_q1_5c,HeLa-S3_nuc_pos20_q1_5c,DynamicNuclearNet,test,DynamicNuclearNet\tif_data\test\out\HeLa-S3_nuc_pos20_q1_5c\HeLa-S3_nuc_pos20_q1_5c_trackmate.xml,61,0,,,3199,3789,24,41,24.0,41.0,18,18,death,seq0004_HeLa-S3_nuc_pos20_q1_5c:cell61,False
seq0004_HeLa-S3_nuc_pos20_q1_5c,HeLa-S3_nuc_pos20_q1_5c,DynamicNuclearNet,test,DynamicNuclearNet\tif_data\test\out\HeLa-S3_nuc_pos20_q1_5c\HeLa-S3_nuc_pos20_q1_5c_trackmate.xml,62,0,,,2996,3719,25,41,25.0,41.0,17,17,death,seq0004_HeLa-S3_nuc_pos20_q1_5c:cell62,False
seq0004_HeLa-S3_nuc_pos20_q1_5c,HeLa-S3_nuc_pos20_q1_5c,DynamicNuclearNet,test,DynamicNuclearNet\tif_data\test\out\HeLa-S3_nuc_pos20_q1_5c\HeLa-S3_nuc_pos20_q1_5c_trackmate.xml,63,0,,,2997,3721,25,41,25.0,41.0,17,17,death,seq0004_HeLa-S3_nuc_pos20_q1_5c:cell63,False
seq0004_HeLa-S3_nuc_pos20_q1_5c,HeLa-S3_nuc_pos20_q1_5c,DynamicNuclearNet,test,DynamicNuclearNet\tif_data\test\out\HeLa-S3_nuc_pos20_q1_5c\HeLa-S3_nuc_pos20_q1_5c_trackmate.xml,64,0,,,3005,3735,25,41,25.0,41.0,17,17,death,seq0004_HeLa-S3_nuc_pos20_q1_5c:cell64,False
seq0004_HeLa-S3_nuc_pos20_q1_5c,HeLa-S3_nuc_pos20_q1_5c,DynamicNuclearNet,test,DynamicNuclearNet\tif_data\test\out\HeLa-S3_nuc_pos20_q1_5c\HeLa-S3_nuc_pos20_q1_5c_trackmate.xml,65,0,,,3020,3322,25,29,25.0,29.0,5,5,death,seq0004_HeLa-S3_nuc_pos20_q1_5c:cell65,False
seq0004_HeLa-S3_nuc_pos20_q1_5c,HeLa-S3_nuc_pos20_q1_5c,DynamicNuclearNet,test,DynamicNuclearNet\tif_data\test\out\HeLa-S3_nuc_pos20_q1_5c\HeLa-S3_nuc_pos20_q1_5c_trackmate.xml,66,0,,,3319,3557,29,34,29.0,34.0,6,6,death,seq0004_HeLa-S3_nuc_pos20_q1_5c:cell66,False
seq0004_HeLa-S3_nuc_pos20_q1_5c,HeLa-S3_nuc_pos20_q1_5c,DynamicNuclearNet,test,DynamicNuclearNet\tif_data\test\out\HeLa-S3_nuc_pos20_q1_5c\HeLa-S3_nuc_pos20_q1_5c_trackmate.xml,67,0,,,3315,3419,30,32,30.0,32.0,3,3,death,seq0004_HeLa-S3_nuc_pos20_q1_5c:cell67,False
seq0004_HeLa-S3_nuc_pos20_q1_5c,HeLa-S3_nuc_pos20_q1_5c,DynamicNuclearNet,test,DynamicNuclearNet\tif_data\test\out\HeLa-S3_nuc_pos20_q1_5c\HeLa-S3_nuc_pos20_q1_5c_trackmate.xml,68,0,,,3318,3318,30,30,30.0,30.0,1,1,death,seq0004_HeLa-S3_nuc_pos20_q1_5c:cell68,False
seq0004_HeLa-S3_nuc_pos20_q1_5c,HeLa-S3_nuc_pos20_q1_5c,DynamicNuclearNet,test,DynamicNuclearNet\tif_data\test\out\HeLa-S3_nuc_pos20_q1_5c\HeLa-S3_nuc_pos20_q1_5c_trackmate.xml,69,0,,,3403,3702,31,40,31.0,40.0,10,10,death,seq0004_HeLa-S3_nuc_pos20_q1_5c:cell69,False
seq0004_HeLa-S3_nuc_pos20_q1_5c,HeLa-S3_nuc_pos20_q1_5c,DynamicNuclearNet,test,DynamicNuclearNet\tif_data\test\out\HeLa-S3_nuc_pos20_q1_5c\HeLa-S3_nuc_pos20_q1_5c_trackmate.xml,70,0,,,3464,3769,31,41,31.0,41.0,11,11,death,seq0004_HeLa-S3_nuc_pos20_q1_5c:cell70,False
seq0004_HeLa-S3_nuc_pos20_q1_5c,HeLa-S3_nuc_pos20_q1_5c,DynamicNuclearNet,test,DynamicNuclearNet\tif_data\test\out\HeLa-S3_nuc_pos20_q1_5c\HeLa-S3_nuc_pos20_q1_5c_trackmate.xml,71,0,,,3361,3717,32,41,32.0,41.0,10,10,death,seq0004_HeLa-S3_nuc_pos20_q1_5c:cell71,False
seq0004_HeLa-S3_nuc_pos20_q1_5c,HeLa-S3_nuc_pos20_q1_5c,DynamicNuclearNet,test,DynamicNuclearNet\tif_data\test\out\HeLa-S3_nuc_pos20_q1_5c\HeLa-S3_nuc_pos20_q1_5c_trackmate.xml,72,0,,,3433,3558,32,35,32.0,35.0,4,4,death,seq0004_HeLa-S3_nuc_pos20_q1_5c:cell72,False
seq0004_HeLa-S3_nuc_pos20_q1_5c,HeLa-S3_nuc_pos20_q1_5c,DynamicNuclearNet,test,DynamicNuclearNet\tif_data\test\out\HeLa-S3_nuc_pos20_q1_5c\HeLa-S3_nuc_pos20_q1_5c_trackmate.xml,73,0,,,3443,3766,33,41,33.0,41.0,9,9,death,seq0004_HeLa-S3_nuc_pos20_q1_5c:cell73,False
seq0004_HeLa-S3_nuc_pos20_q1_5c,HeLa-S3_nuc_pos20_q1_5c,DynamicNuclearNet,test,DynamicNuclearNet\tif_data\test\out\HeLa-S3_nuc_pos20_q1_5c\HeLa-S3_nuc_pos20_q1_5c_trackmate.xml,74,0,,,3572,3780,35,41,35.0,41.0,7,7,death,seq0004_HeLa-S3_nuc_pos20_q1_5c:cell74,False
seq0004_HeLa-S3_nuc_pos20_q1_5c,HeLa-S3_nuc_pos20_q1_5c,DynamicNuclearNet,test,DynamicNuclearNet\tif_data\test\out\HeLa-S3_nuc_pos20_q1_5c\HeLa-S3_nuc_pos20_q1_5c_trackmate.xml,75,0,,,3580,3642,35,36,35.0,36.0,2,2,death,seq0004_HeLa-S3_nuc_pos20_q1_5c:cell75,False
seq0004_HeLa-S3_nuc_pos20_q1_5c,HeLa-S3_nuc_pos20_q1_5c,DynamicNuclearNet,test,DynamicNuclearNet\tif_data\test\out\HeLa-S3_nuc_pos20_q1_5c\HeLa-S3_nuc_pos20_q1_5c_trackmate.xml,76,0,,,3668,3762,37,41,37.0,41.0,5,5,death,seq0004_HeLa-S3_nuc_pos20_q1_5c:cell76,False
seq0004_HeLa-S3_nuc_pos20_q1_5c,HeLa-S3_nuc_pos20_q1_5c,DynamicNuclearNet,test,DynamicNuclearNet\tif_data\test\out\HeLa-S3_nuc_pos20_q1_5c\HeLa-S3_nuc_pos20_q1_5c_trackmate.xml,77,0,,,3676,3772,37,41,37.0,41.0,5,5,death,seq0004_HeLa-S3_nuc_pos20_q1_5c:cell77,False
seq0004_HeLa-S3_nuc_pos20_q1_5c,HeLa-S3_nuc_pos20_q1_5c,DynamicNuclearNet,test,DynamicNuclearNet\tif_data\test\out\HeLa-S3_nuc_pos20_q1_5c\HeLa-S3_nuc_pos20_q1_5c_trackmate.xml,78,0,,,3687,3687,37,37,37.0,37.0,1,1,death,seq0004_HeLa-S3_nuc_pos20_q1_5c:cell78,False
seq0004_HeLa-S3_nuc_pos20_q1_5c,HeLa-S3_nuc_pos20_q1_5c,DynamicNuclearNet,test,DynamicNuclearNet\tif_data\test\out\HeLa-S3_nuc_pos20_q1_5c\HeLa-S3_nuc_pos20_q1_5c_trackmate.xml,79,0,,,3997,3785,38,41,38.0,41.0,4,4,death,seq0004_HeLa-S3_nuc_pos20_q1_5c:cell79,False
seq0004_HeLa-S3_nuc_pos20_q1_5c,HeLa-S3_nuc_pos20_q1_5c,DynamicNuclearNet,test,DynamicNuclearNet\tif_data\test\out\HeLa-S3_nuc_pos20_q1_5c\HeLa-S3_nuc_pos20_q1_5c_trackmate.xml,80,0,,,3876,3747,39,41,39.0,41.0,3,3,death,seq0004_HeLa-S3_nuc_pos20_q1_5c:cell80,False
seq0004_HeLa-S3_nuc_pos20_q1_5c,HeLa-S3_nuc_pos20_q1_5c,DynamicNuclearNet,test,DynamicNuclearNet\tif_data\test\out\HeLa-S3_nuc_pos20_q1_5c\HeLa-S3_nuc_pos20_q1_5c_trackmate.xml,81,0,,,3880,3751,39,41,39.0,41.0,3,3,death,seq0004_HeLa-S3_nuc_pos20_q1_5c:cell81,False
seq0005_HeLa-S3_nuc_pos4_q1_5c,HeLa-S3_nuc_pos4_q1_5c,DynamicNuclearNet,test,DynamicNuclearNet\tif_data\test\out\HeLa-S3_nuc_pos4_q1_5c\HeLa-S3_nuc_pos4_q1_5c_trackmate.xml,0,0,,,4774,4721,0,41,0.0,41.0,42,42,death,seq0005_HeLa-S3_nuc_pos4_q1_5c:cell0,False
seq0005_HeLa-S3_nuc_pos4_q1_5c,HeLa-S3_nuc_pos4_q1_5c,DynamicNuclearNet,test,DynamicNuclearNet\tif_data\test\out\HeLa-S3_nuc_pos4_q1_5c\HeLa-S3_nuc_pos4_q1_5c_trackmate.xml,1,0,,,4775,4722,0,41,0.0,41.0,42,42,death,seq0005_HeLa-S3_nuc_pos4_q1_5c:cell1,False
seq0005_HeLa-S3_nuc_pos4_q1_5c,HeLa-S3_nuc_pos4_q1_5c,DynamicNuclearNet,test,DynamicNuclearNet\tif_data\test\out\HeLa-S3_nuc_pos4_q1_5c\HeLa-S3_nuc_pos4_q1_5c_trackmate.xml,2,0,,,4776,4219,0,3,0.0,3.0,4,4,death,seq0005_HeLa-S3_nuc_pos4_q1_5c:cell2,False
seq0005_HeLa-S3_nuc_pos4_q1_5c,HeLa-S3_nuc_pos4_q1_5c,DynamicNuclearNet,test,DynamicNuclearNet\tif_data\test\out\HeLa-S3_nuc_pos4_q1_5c\HeLa-S3_nuc_pos4_q1_5c_trackmate.xml,3,0,,,4777,4724,0,41,0.0,41.0,42,42,death,seq0005_HeLa-S3_nuc_pos4_q1_5c:cell3,False
seq0005_HeLa-S3_nuc_pos4_q1_5c,HeLa-S3_nuc_pos4_q1_5c,DynamicNuclearNet,test,DynamicNuclearNet\tif_data\test\out\HeLa-S3_nuc_pos4_q1_5c\HeLa-S3_nuc_pos4_q1_5c_trackmate.xml,4,0,,,4778,4727,0,41,0.0,41.0,42,42,death,seq0005_HeLa-S3_nuc_pos4_q1_5c:cell4,False
seq0005_HeLa-S3_nuc_pos4_q1_5c,HeLa-S3_nuc_pos4_q1_5c,DynamicNuclearNet,test,DynamicNuclearNet\tif_data\test\out\HeLa-S3_nuc_pos4_q1_5c\HeLa-S3_nuc_pos4_q1_5c_trackmate.xml,5,0,,,4779,4726,0,41,0.0,41.0,42,42,death,seq0005_HeLa-S3_nuc_pos4_q1_5c:cell5,False
seq0005_HeLa-S3_nuc_pos4_q1_5c,HeLa-S3_nuc_pos4_q1_5c,DynamicNuclearNet,test,DynamicNuclearNet\tif_data\test\out\HeLa-S3_nuc_pos4_q1_5c\HeLa-S3_nuc_pos4_q1_5c_trackmate.xml,6,0,,,4780,4668,0,36,0.0,36.0,37,37,death,seq0005_HeLa-S3_nuc_pos4_q1_5c:cell6,False
seq0005_HeLa-S3_nuc_pos4_q1_5c,HeLa-S3_nuc_pos4_q1_5c,DynamicNuclearNet,test,DynamicNuclearNet\tif_data\test\out\HeLa-S3_nuc_pos4_q1_5c\HeLa-S3_nuc_pos4_q1_5c_trackmate.xml,7,0,,,4781,4729,0,41,0.0,41.0,42,42,death,seq0005_HeLa-S3_nuc_pos4_q1_5c:cell7,False
seq0005_HeLa-S3_nuc_pos4_q1_5c,HeLa-S3_nuc_pos4_q1_5c,DynamicNuclearNet,test,DynamicNuclearNet\tif_data\test\out\HeLa-S3_nuc_pos4_q1_5c\HeLa-S3_nuc_pos4_q1_5c_trackmate.xml,8,0,,,4782,4731,0,41,0.0,41.0,42,42,death,seq0005_HeLa-S3_nuc_pos4_q1_5c:cell8,False
seq0005_HeLa-S3_nuc_pos4_q1_5c,HeLa-S3_nuc_pos4_q1_5c,DynamicNuclearNet,test,DynamicNuclearNet\tif_data\test\out\HeLa-S3_nuc_pos4_q1_5c\HeLa-S3_nuc_pos4_q1_5c_trackmate.xml,9,0,,,4783,4732,0,41,0.0,41.0,42,42,death,seq0005_HeLa-S3_nuc_pos4_q1_5c:cell9,False
seq0005_HeLa-S3_nuc_pos4_q1_5c,HeLa-S3_nuc_pos4_q1_5c,DynamicNuclearNet,test,DynamicNuclearNet\tif_data\test\out\HeLa-S3_nuc_pos4_q1_5c\HeLa-S3_nuc_pos4_q1_5c_trackmate.xml,10,0,,,4784,4120,0,2,0.0,2.0,3,3,death,seq0005_HeLa-S3_nuc_pos4_q1_5c:cell10,False
seq0005_HeLa-S3_nuc_pos4_q1_5c,HeLa-S3_nuc_pos4_q1_5c,DynamicNuclearNet,test,DynamicNuclearNet\tif_data\test\out\HeLa-S3_nuc_pos4_q1_5c\HeLa-S3_nuc_pos4_q1_5c_trackmate.xml,11,0,,,4785,4734,0,41,0.0,41.0,42,42,death,seq0005_HeLa-S3_nuc_pos4_q1_5c:cell11,False
seq0005_HeLa-S3_nuc_pos4_q1_5c,HeLa-S3_nuc_pos4_q1_5c,DynamicNuclearNet,test,DynamicNuclearNet\tif_data\test\out\HeLa-S3_nuc_pos4_q1_5c\HeLa-S3_nuc_pos4_q1_5c_trackmate.xml,12,0,,,4786,4736,0,41,0.0,41.0,42,42,death,seq0005_HeLa-S3_nuc_pos4_q1_5c:cell12,False
seq0005_HeLa-S3_nuc_pos4_q1_5c,HeLa-S3_nuc_pos4_q1_5c,DynamicNuclearNet,test,DynamicNuclearNet\tif_data\test\out\HeLa-S3_nuc_pos4_q1_5c\HeLa-S3_nuc_pos4_q1_5c_trackmate.xml,13,0,,,4787,4737,0,41,0.0,41.0,42,42,death,seq0005_HeLa-S3_nuc_pos4_q1_5c:cell13,False
seq0005_HeLa-S3_nuc_pos4_q1_5c,HeLa-S3_nuc_pos4_q1_5c,DynamicNuclearNet,test,DynamicNuclearNet\tif_data\test\out\HeLa-S3_nuc_pos4_q1_5c\HeLa-S3_nuc_pos4_q1_5c_trackmate.xml,14,0,,,4788,4738,0,41,0.0,41.0,42,42,death,seq0005_HeLa-S3_nuc_pos4_q1_5c:cell14,False
seq0005_HeLa-S3_nuc_pos4_q1_5c,HeLa-S3_nuc_pos4_q1_5c,DynamicNuclearNet,test,DynamicNuclearNet\tif_data\test\out\HeLa-S3_nuc_pos4_q1_5c\HeLa-S3_nuc_pos4_q1_5c_trackmate.xml,15,0,,,4236,4575,3,10,3.0,10.0,8,8,death,seq0005_HeLa-S3_nuc_pos4_q1_5c:cell15,False
seq0005_HeLa-S3_nuc_pos4_q1_5c,HeLa-S3_nuc_pos4_q1_5c,DynamicNuclearNet,test,DynamicNuclearNet\tif_data\test\out\HeLa-S3_nuc_pos4_q1_5c\HeLa-S3_nuc_pos4_q1_5c_trackmate.xml,16,0,,,4188,4188,7,7,7.0,7.0,1,1,death,seq0005_HeLa-S3_nuc_pos4_q1_5c:cell16,False
seq0005_HeLa-S3_nuc_pos4_q1_5c,HeLa-S3_nuc_pos4_q1_5c,DynamicNuclearNet,test,DynamicNuclearNet\tif_data\test\out\HeLa-S3_nuc_pos4_q1_5c\HeLa-S3_nuc_pos4_q1_5c_trackmate.xml,17,0,,,4206,4733,11,41,11.0,41.0,31,31,death,seq0005_HeLa-S3_nuc_pos4_q1_5c:cell17,False
seq0005_HeLa-S3_nuc_pos4_q1_5c,HeLa-S3_nuc_pos4_q1_5c,DynamicNuclearNet,test,DynamicNuclearNet\tif_data\test\out\HeLa-S3_nuc_pos4_q1_5c\HeLa-S3_nuc_pos4_q1_5c_trackmate.xml,18,0,,,4209,4735,11,41,11.0,41.0,31,31,death,seq0005_HeLa-S3_nuc_pos4_q1_5c:cell18,False
seq0005_HeLa-S3_nuc_pos4_q1_5c,HeLa-S3_nuc_pos4_q1_5c,DynamicNuclearNet,test,DynamicNuclearNet\tif_data\test\out\HeLa-S3_nuc_pos4_q1_5c\HeLa-S3_nuc_pos4_q1_5c_trackmate.xml,19,0,,,4340,4725,18,41,18.0,41.0,24,24,death,seq0005_HeLa-S3_nuc_pos4_q1_5c:cell19,False
seq0005_HeLa-S3_nuc_pos4_q1_5c,HeLa-S3_nuc_pos4_q1_5c,DynamicNuclearNet,test,DynamicNuclearNet\tif_data\test\out\HeLa-S3_nuc_pos4_q1_5c\HeLa-S3_nuc_pos4_q1_5c_trackmate.xml,20,0,,,4416,4514,23,26,23.0,26.0,4,4,death,seq0005_HeLa-S3_nuc_pos4_q1_5c:cell20,False
seq0005_HeLa-S3_nuc_pos4_q1_5c,HeLa-S3_nuc_pos4_q1_5c,DynamicNuclearNet,test,DynamicNuclearNet\tif_data\test\out\HeLa-S3_nuc_pos4_q1_5c\HeLa-S3_nuc_pos4_q1_5c_trackmate.xml,21,0,,,4591,4723,32,41,32.0,41.0,10,10,death,seq0005_HeLa-S3_nuc_pos4_q1_5c:cell21,False
seq0005_HeLa-S3_nuc_pos4_q1_5c,HeLa-S3_nuc_pos4_q1_5c,DynamicNuclearNet,test,DynamicNuclearNet\tif_data\test\out\HeLa-S3_nuc_pos4_q1_5c\HeLa-S3_nuc_pos4_q1_5c_trackmate.xml,22,0,,,4669,4763,37,38,37.0,38.0,2,2,death,seq0005_HeLa-S3_nuc_pos4_q1_5c:cell22,False
seq0005_HeLa-S3_nuc_pos4_q1_5c,HeLa-S3_nuc_pos4_q1_5c,DynamicNuclearNet,test,DynamicNuclearNet\tif_data\test\out\HeLa-S3_nuc_pos4_q1_5c\HeLa-S3_nuc_pos4_q1_5c_trackmate.xml,23,0,,,4671,4671,37,37,37.0,37.0,1,1,death,seq0005_HeLa-S3_nuc_pos4_q1_5c:cell23,False
seq0005_HeLa-S3_nuc_pos4_q1_5c,HeLa-S3_nuc_pos4_q1_5c,DynamicNuclearNet,test,DynamicNuclearNet\tif_data\test\out\HeLa-S3_nuc_pos4_q1_5c\HeLa-S3_nuc_pos4_q1_5c_trackmate.xml,24,0,,,4765,4730,38,41,38.0,41.0,4,4,death,seq0005_HeLa-S3_nuc_pos4_q1_5c:cell24,False
seq0005_HeLa-S3_nuc_pos4_q1_5c,HeLa-S3_nuc_pos4_q1_5c,DynamicNuclearNet,test,DynamicNuclearNet\tif_data\test\out\HeLa-S3_nuc_pos4_q1_5c\HeLa-S3_nuc_pos4_q1_5c_trackmate.xml,25,0,,,4678,4678,39,39,39.0,39.0,1,1,death,seq0005_HeLa-S3_nuc_pos4_q1_5c:cell25,False
seq0005_HeLa-S3_nuc_pos4_q1_5c,HeLa-S3_nuc_pos4_q1_5c,DynamicNuclearNet,test,DynamicNuclearNet\tif_data\test\out\HeLa-S3_nuc_pos4_q1_5c\HeLa-S3_nuc_pos4_q1_5c_trackmate.xml,26,0,,,4710,4728,40,41,40.0,41.0,2,2,death,seq0005_HeLa-S3_nuc_pos4_q1_5c:cell26,False
seq0006_HeLa-S3_nuc_pos0_q0_5c,HeLa-S3_nuc_pos0_q0_5c,DynamicNuclearNet,train,DynamicNuclearNet\tif_data\train\out\HeLa-S3_nuc_pos0_q0_5c\HeLa-S3_nuc_pos0_q0_5c_trackmate.xml,0,0,,,6845,7689,0,41,0.0,41.0,42,42,death,seq0006_HeLa-S3_nuc_pos0_q0_5c:cell0,False
seq0006_HeLa-S3_nuc_pos0_q0_5c,HeLa-S3_nuc_pos0_q0_5c,DynamicNuclearNet,train,DynamicNuclearNet\tif_data\train\out\HeLa-S3_nuc_pos0_q0_5c\HeLa-S3_nuc_pos0_q0_5c_trackmate.xml,1,0,,,6857,7692,0,41,0.0,41.0,42,42,death,seq0006_HeLa-S3_nuc_pos0_q0_5c:cell1,False
seq0006_HeLa-S3_nuc_pos0_q0_5c,HeLa-S3_nuc_pos0_q0_5c,DynamicNuclearNet,train,DynamicNuclearNet\tif_data\train\out\HeLa-S3_nuc_pos0_q0_5c\HeLa-S3_nuc_pos0_q0_5c_trackmate.xml,2,0,,,6865,7693,0,41,0.0,41.0,42,42,death,seq0006_HeLa-S3_nuc_pos0_q0_5c:cell2,False
seq0006_HeLa-S3_nuc_pos0_q0_5c,HeLa-S3_nuc_pos0_q0_5c,DynamicNuclearNet,train,DynamicNuclearNet\tif_data\train\out\HeLa-S3_nuc_pos0_q0_5c\HeLa-S3_nuc_pos0_q0_5c_trackmate.xml,3,0,,,6878,7694,0,41,0.0,41.0,42,42,death,seq0006_HeLa-S3_nuc_pos0_q0_5c:cell3,False
seq0006_HeLa-S3_nuc_pos0_q0_5c,HeLa-S3_nuc_pos0_q0_5c,DynamicNuclearNet,train,DynamicNuclearNet\tif_data\train\out\HeLa-S3_nuc_pos0_q0_5c\HeLa-S3_nuc_pos0_q0_5c_trackmate.xml,4,0,,,6885,7695,0,41,0.0,41.0,42,42,death,seq0006_HeLa-S3_nuc_pos0_q0_5c:cell4,False
seq0006_HeLa-S3_nuc_pos0_q0_5c,HeLa-S3_nuc_pos0_q0_5c,DynamicNuclearNet,train,DynamicNuclearNet\tif_data\train\out\HeLa-S3_nuc_pos0_q0_5c\HeLa-S3_nuc_pos0_q0_5c_trackmate.xml,5,0,,,6896,7696,0,41,0.0,41.0,42,42,death,seq0006_HeLa-S3_nuc_pos0_q0_5c:cell5,False
seq0006_HeLa-S3_nuc_pos0_q0_5c,HeLa-S3_nuc_pos0_q0_5c,DynamicNuclearNet,train,DynamicNuclearNet\tif_data\train\out\HeLa-S3_nuc_pos0_q0_5c\HeLa-S3_nuc_pos0_q0_5c_trackmate.xml,6,0,,,6905,7697,0,41,0.0,41.0,42,42,death,seq0006_HeLa-S3_nuc_pos0_q0_5c:cell6,False
seq0006_HeLa-S3_nuc_pos0_q0_5c,HeLa-S3_nuc_pos0_q0_5c,DynamicNuclearNet,train,DynamicNuclearNet\tif_data\train\out\HeLa-S3_nuc_pos0_q0_5c\HeLa-S3_nuc_pos0_q0_5c_trackmate.xml,7,0,,,6919,7698,0,41,0.0,41.0,42,42,death,seq0006_HeLa-S3_nuc_pos0_q0_5c:cell7,False
seq0006_HeLa-S3_nuc_pos0_q0_5c,HeLa-S3_nuc_pos0_q0_5c,DynamicNuclearNet,train,DynamicNuclearNet\tif_data\train\out\HeLa-S3_nuc_pos0_q0_5c\HeLa-S3_nuc_pos0_q0_5c_trackmate.xml,8,0,,,6926,7699,0,41,0.0,41.0,42,42,death,seq0006_HeLa-S3_nuc_pos0_q0_5c:cell8,False
seq0006_HeLa-S3_nuc_pos0_q0_5c,HeLa-S3_nuc_pos0_q0_5c,DynamicNuclearNet,train,DynamicNuclearNet\tif_data\train\out\HeLa-S3_nuc_pos0_q0_5c\HeLa-S3_nuc_pos0_q0_5c_trackmate.xml,9,0,,,6941,7700,0,41,0.0,41.0,42,42,death,seq0006_HeLa-S3_nuc_pos0_q0_5c:cell9,False
seq0006_HeLa-S3_nuc_pos0_q0_5c,HeLa-S3_nuc_pos0_q0_5c,DynamicNuclearNet,train,DynamicNuclearNet\tif_data\train\out\HeLa-S3_nuc_pos0_q0_5c\HeLa-S3_nuc_pos0_q0_5c_trackmate.xml,10,0,,,6949,7701,0,41,0.0,41.0,42,42,death,seq0006_HeLa-S3_nuc_pos0_q0_5c:cell10,False
seq0006_HeLa-S3_nuc_pos0_q0_5c,HeLa-S3_nuc_pos0_q0_5c,DynamicNuclearNet,train,DynamicNuclearNet\tif_data\train\out\HeLa-S3_nuc_pos0_q0_5c\HeLa-S3_nuc_pos0_q0_5c_trackmate.xml,11,0,,,6954,7702,0,41,0.0,41.0,42,42,death,seq0006_HeLa-S3_nuc_pos0_q0_5c:cell11,False
seq0006_HeLa-S3_nuc_pos0_q0_5c,HeLa-S3_nuc_pos0_q0_5c,DynamicNuclearNet,train,DynamicNuclearNet\tif_data\train\out\HeLa-S3_nuc_pos0_q0_5c\HeLa-S3_nuc_pos0_q0_5c_trackmate.xml,12,0,,,6966,7703,0,41,0.0,41.0,42,42,death,seq0006_HeLa-S3_nuc_pos0_q0_5c:cell12,False
seq0006_HeLa-S3_nuc_pos0_q0_5c,HeLa-S3_nuc_pos0_q0_5c,DynamicNuclearNet,train,DynamicNuclearNet\tif_data\train\out\HeLa-S3_nuc_pos0_q0_5c\HeLa-S3_nuc_pos0_q0_5c_trackmate.xml,13,0,,,6972,7704,0,41,0.0,41.0,42,42,death,seq0006_HeLa-S3_nuc_pos0_q0_5c:cell13,False
seq0006_HeLa-S3_nuc_pos0_q0_5c,HeLa-S3_nuc_pos0_q0_5c,DynamicNuclearNet,train,DynamicNuclearNet\tif_data\train\out\HeLa-S3_nuc_pos0_q0_5c\HeLa-S3_nuc_pos0_q0_5c_trackmate.xml,14,0,,,6975,7706,0,41,0.0,41.0,42,42,death,seq0006_HeLa-S3_nuc_pos0_q0_5c:cell14,False
seq0006_HeLa-S3_nuc_pos0_q0_5c,HeLa-S3_nuc_pos0_q0_5c,DynamicNuclearNet,train,DynamicNuclearNet\tif_data\train\out\HeLa-S3_nuc_pos0_q0_5c\HeLa-S3_nuc_pos0_q0_5c_trackmate.xml,15,0,,,6980,7705,0,41,0.0,41.0,42,42,death,seq0006_HeLa-S3_nuc_pos0_q0_5c:cell15,False
seq0006_HeLa-S3_nuc_pos0_q0_5c,HeLa-S3_nuc_pos0_q0_5c,DynamicNuclearNet,train,DynamicNuclearNet\tif_data\train\out\HeLa-S3_nuc_pos0_q0_5c\HeLa-S3_nuc_pos0_q0_5c_trackmate.xml,16,0,,,6984,7707,0,41,0.0,41.0,42,42,death,seq0006_HeLa-S3_nuc_pos0_q0_5c:cell16,False
seq0006_HeLa-S3_nuc_pos0_q0_5c,HeLa-S3_nuc_pos0_q0_5c,DynamicNuclearNet,train,DynamicNuclearNet\tif_data\train\out\HeLa-S3_nuc_pos0_q0_5c\HeLa-S3_nuc_pos0_q0_5c_trackmate.xml,17,0,,,6986,7708,0,41,0.0,41.0,42,42,death,seq0006_HeLa-S3_nuc_pos0_q0_5c:cell17,False
seq0006_HeLa-S3_nuc_pos0_q0_5c,HeLa-S3_nuc_pos0_q0_5c,DynamicNuclearNet,train,DynamicNuclearNet\tif_data\train\out\HeLa-S3_nuc_pos0_q0_5c\HeLa-S3_nuc_pos0_q0_5c_trackmate.xml,18,0,,,6991,7709,0,41,0.0,41.0,42,42,death,seq0006_HeLa-S3_nuc_pos0_q0_5c:cell18,False
seq0006_HeLa-S3_nuc_pos0_q0_5c,HeLa-S3_nuc_pos0_q0_5c,DynamicNuclearNet,train,DynamicNuclearNet\tif_data\train\out\HeLa-S3_nuc_pos0_q0_5c\HeLa-S3_nuc_pos0_q0_5c_trackmate.xml,19,0,,,6993,7710,0,41,0.0,41.0,42,42,death,seq0006_HeLa-S3_nuc_pos0_q0_5c:cell19,False
seq0006_HeLa-S3_nuc_pos0_q0_5c,HeLa-S3_nuc_pos0_q0_5c,DynamicNuclearNet,train,DynamicNuclearNet\tif_data\train\out\HeLa-S3_nuc_pos0_q0_5c\HeLa-S3_nuc_pos0_q0_5c_trackmate.xml,20,0,,,6996,7711,0,41,0.0,41.0,42,42,death,seq0006_HeLa-S3_nuc_pos0_q0_5c:cell20,False
seq0006_HeLa-S3_nuc_pos0_q0_5c,HeLa-S3_nuc_pos0_q0_5c,DynamicNuclearNet,train,DynamicNuclearNet\tif_data\train\out\HeLa-S3_nuc_pos0_q0_5c\HeLa-S3_nuc_pos0_q0_5c_trackmate.xml,21,0,,,7000,7712,0,41,0.0,41.0,42,42,death,seq0006_HeLa-S3_nuc_pos0_q0_5c:cell21,False
seq0007_HeLa-S3_nuc_pos0_q1_5c,HeLa-S3_nuc_pos0_q1_5c,DynamicNuclearNet,train,DynamicNuclearNet\tif_data\train\out\HeLa-S3_nuc_pos0_q1_5c\HeLa-S3_nuc_pos0_q1_5c_trackmate.xml,0,0,,,8556,8468,0,41,0.0,41.0,42,42,death,seq0007_HeLa-S3_nuc_pos0_q1_5c:cell0,False
seq0007_HeLa-S3_nuc_pos0_q1_5c,HeLa-S3_nuc_pos0_q1_5c,DynamicNuclearNet,train,DynamicNuclearNet\tif_data\train\out\HeLa-S3_nuc_pos0_q1_5c\HeLa-S3_nuc_pos0_q1_5c_trackmate.xml,1,0,,,8557,8470,0,41,0.0,41.0,42,42,death,seq0007_HeLa-S3_nuc_pos0_q1_5c:cell1,False
seq0007_HeLa-S3_nuc_pos0_q1_5c,HeLa-S3_nuc_pos0_q1_5c,DynamicNuclearNet,train,DynamicNuclearNet\tif_data\train\out\HeLa-S3_nuc_pos0_q1_5c\HeLa-S3_nuc_pos0_q1_5c_trackmate.xml,2,0,,,8558,8473,0,41,0.0,41.0,42,42,death,seq0007_HeLa-S3_nuc_pos0_q1_5c:cell2,False
seq0007_HeLa-S3_nuc_pos0_q1_5c,HeLa-S3_nuc_pos0_q1_5c,DynamicNuclearNet,train,DynamicNuclearNet\tif_data\train\out\HeLa-S3_nuc_pos0_q1_5c\HeLa-S3_nuc_pos0_q1_5c_trackmate.xml,3,0,,,8559,8479,0,41,0.0,41.0,42,42,death,seq0007_HeLa-S3_nuc_pos0_q1_5c:cell3,False
seq0007_HeLa-S3_nuc_pos0_q1_5c,HeLa-S3_nuc_pos0_q1_5c,DynamicNuclearNet,train,DynamicNuclearNet\tif_data\train\out\HeLa-S3_nuc_pos0_q1_5c\HeLa-S3_nuc_pos0_q1_5c_trackmate.xml,4,0,,,8560,8540,0,38,0.0,38.0,39,39,death,seq0007_HeLa-S3_nuc_pos0_q1_5c:cell4,False
seq0007_HeLa-S3_nuc_pos0_q1_5c,HeLa-S3_nuc_pos0_q1_5c,DynamicNuclearNet,train,DynamicNuclearNet\tif_data\train\out\HeLa-S3_nuc_pos0_q1_5c\HeLa-S3_nuc_pos0_q1_5c_trackmate.xml,5,0,,,8561,8366,0,33,0.0,33.0,34,34,death,seq0007_HeLa-S3_nuc_pos0_q1_5c:cell5,False
seq0007_HeLa-S3_nuc_pos0_q1_5c,HeLa-S3_nuc_pos0_q1_5c,DynamicNuclearNet,train,DynamicNuclearNet\tif_data\train\out\HeLa-S3_nuc_pos0_q1_5c\HeLa-S3_nuc_pos0_q1_5c_trackmate.xml,6,0,,35|36,8562,8430,0,36,0.0,36.0,37,37,division,seq0007_HeLa-S3_nuc_pos0_q1_5c:cell6,True
seq0007_HeLa-S3_nuc_pos0_q1_5c,HeLa-S3_nuc_pos0_q1_5c,DynamicNuclearNet,train,DynamicNuclearNet\tif_data\train\out\HeLa-S3_nuc_pos0_q1_5c\HeLa-S3_nuc_pos0_q1_5c_trackmate.xml,7,0,,,8563,8496,0,41,0.0,41.0,42,42,death,seq0007_HeLa-S3_nuc_pos0_q1_5c:cell7,False
seq0007_HeLa-S3_nuc_pos0_q1_5c,HeLa-S3_nuc_pos0_q1_5c,DynamicNuclearNet,train,DynamicNuclearNet\tif_data\train\out\HeLa-S3_nuc_pos0_q1_5c\HeLa-S3_nuc_pos0_q1_5c_trackmate.xml,8,0,,,8564,8348,0,32,0.0,32.0,33,33,death,seq0007_HeLa-S3_nuc_pos0_q1_5c:cell8,False
seq0007_HeLa-S3_nuc_pos0_q1_5c,HeLa-S3_nuc_pos0_q1_5c,DynamicNuclearNet,train,DynamicNuclearNet\tif_data\train\out\HeLa-S3_nuc_pos0_q1_5c\HeLa-S3_nuc_pos0_q1_5c_trackmate.xml,9,0,,,8565,8499,0,41,0.0,41.0,42,42,death,seq0007_HeLa-S3_nuc_pos0_q1_5c:cell9,False
seq0007_HeLa-S3_nuc_pos0_q1_5c,HeLa-S3_nuc_pos0_q1_5c,DynamicNuclearNet,train,DynamicNuclearNet\tif_data\train\out\HeLa-S3_nuc_pos0_q1_5c\HeLa-S3_nuc_pos0_q1_5c_trackmate.xml,10,0,,,8566,8504,0,41,0.0,41.0,42,42,death,seq0007_HeLa-S3_nuc_pos0_q1_5c:cell10,False
seq0007_HeLa-S3_nuc_pos0_q1_5c,HeLa-S3_nuc_pos0_q1_5c,DynamicNuclearNet,train,DynamicNuclearNet\tif_data\train\out\HeLa-S3_nuc_pos0_q1_5c\HeLa-S3_nuc_pos0_q1_5c_trackmate.xml,11,0,,,8567,8505,0,41,0.0,41.0,42,42,death,seq0007_HeLa-S3_nuc_pos0_q1_5c:cell11,False
seq0007_HeLa-S3_nuc_pos0_q1_5c,HeLa-S3_nuc_pos0_q1_5c,DynamicNuclearNet,train,DynamicNuclearNet\tif_data\train\out\HeLa-S3_nuc_pos0_q1_5c\HeLa-S3_nuc_pos0_q1_5c_trackmate.xml,12,0,,,8568,8506,0,41,0.0,41.0,42,42,death,seq0007_HeLa-S3_nuc_pos0_q1_5c:cell12,False
seq0007_HeLa-S3_nuc_pos0_q1_5c,HeLa-S3_nuc_pos0_q1_5c,DynamicNuclearNet,train,DynamicNuclearNet\tif_data\train\out\HeLa-S3_nuc_pos0_q1_5c\HeLa-S3_nuc_pos0_q1_5c_trackmate.xml,13,0,,,8569,8507,0,41,0.0,41.0,42,42,death,seq0007_HeLa-S3_nuc_pos0_q1_5c:cell13,False
seq0007_HeLa-S3_nuc_pos0_q1_5c,HeLa-S3_nuc_pos0_q1_5c,DynamicNuclearNet,train,DynamicNuclearNet\tif_data\train\out\HeLa-S3_nuc_pos0_q1_5c\HeLa-S3_nuc_pos0_q1_5c_trackmate.xml,14,0,,,8570,8509,0,41,0.0,41.0,42,42,death,seq0007_HeLa-S3_nuc_pos0_q1_5c:cell14,False
seq0007_HeLa-S3_nuc_pos0_q1_5c,HeLa-S3_nuc_pos0_q1_5c,DynamicNuclearNet,train,DynamicNuclearNet\tif_data\train\out\HeLa-S3_nuc_pos0_q1_5c\HeLa-S3_nuc_pos0_q1_5c_trackmate.xml,15,0,,,8571,8508,0,41,0.0,41.0,42,42,death,seq0007_HeLa-S3_nuc_pos0_q1_5c:cell15,False
seq0007_HeLa-S3_nuc_pos0_q1_5c,HeLa-S3_nuc_pos0_q1_5c,DynamicNuclearNet,train,DynamicNuclearNet\tif_data\train\out\HeLa-S3_nuc_pos0_q1_5c\HeLa-S3_nuc_pos0_q1_5c_trackmate.xml,16,0,,,8572,8510,0,41,0.0,41.0,42,42,death,seq0007_HeLa-S3_nuc_pos0_q1_5c:cell16,False
seq0007_HeLa-S3_nuc_pos0_q1_5c,HeLa-S3_nuc_pos0_q1_5c,DynamicNuclearNet,train,DynamicNuclearNet\tif_data\train\out\HeLa-S3_nuc_pos0_q1_5c\HeLa-S3_nuc_pos0_q1_5c_trackmate.xml,17,0,,,8573,8511,0,41,0.0,41.0,42,42,death,seq0007_HeLa-S3_nuc_pos0_q1_5c:cell17,False
seq0007_HeLa-S3_nuc_pos0_q1_5c,HeLa-S3_nuc_pos0_q1_5c,DynamicNuclearNet,train,DynamicNuclearNet\tif_data\train\out\HeLa-S3_nuc_pos0_q1_5c\HeLa-S3_nuc_pos0_q1_5c_trackmate.xml,18,0,,,8574,8574,0,0,0.0,0.0,1,1,death,seq0007_HeLa-S3_nuc_pos0_q1_5c:cell18,False
seq0007_HeLa-S3_nuc_pos0_q1_5c,HeLa-S3_nuc_pos0_q1_5c,DynamicNuclearNet,train,DynamicNuclearNet\tif_data\train\out\HeLa-S3_nuc_pos0_q1_5c\HeLa-S3_nuc_pos0_q1_5c_trackmate.xml,19,0,,,7753,7753,2,2,2.0,2.0,1,1,death,seq0007_HeLa-S3_nuc_pos0_q1_5c:cell19,False
seq0007_HeLa-S3_nuc_pos0_q1_5c,HeLa-S3_nuc_pos0_q1_5c,DynamicNuclearNet,train,DynamicNuclearNet\tif_data\train\out\HeLa-S3_nuc_pos0_q1_5c\HeLa-S3_nuc_pos0_q1_5c_trackmate.xml,20,0,,,7755,7755,3,3,3.0,3.0,1,1,death,seq0007_HeLa-S3_nuc_pos0_q1_5c:cell20,False
seq0007_HeLa-S3_nuc_pos0_q1_5c,HeLa-S3_nuc_pos0_q1_5c,DynamicNuclearNet,train,DynamicNuclearNet\tif_data\train\out\HeLa-S3_nuc_pos0_q1_5c\HeLa-S3_nuc_pos0_q1_5c_trackmate.xml,21,0,,,7735,7735,6,6,6.0,6.0,1,1,death,seq0007_HeLa-S3_nuc_pos0_q1_5c:cell21,False
seq0007_HeLa-S3_nuc_pos0_q1_5c,HeLa-S3_nuc_pos0_q1_5c,DynamicNuclearNet,train,DynamicNuclearNet\tif_data\train\out\HeLa-S3_nuc_pos0_q1_5c\HeLa-S3_nuc_pos0_q1_5c_trackmate.xml,22,0,,,7760,8230,6,28,6.0,28.0,23,23,death,seq0007_HeLa-S3_nuc_pos0_q1_5c:cell22,False
seq0007_HeLa-S3_nuc_pos0_q1_5c,HeLa-S3_nuc_pos0_q1_5c,DynamicNuclearNet,train,DynamicNuclearNet\tif_data\train\out\HeLa-S3_nuc_pos0_q1_5c\HeLa-S3_nuc_pos0_q1_5c_trackmate.xml,23,0,,,7887,7887,11,11,11.0,11.0,1,1,death,seq0007_HeLa-S3_nuc_pos0_q1_5c:cell23,False
seq0007_HeLa-S3_nuc_pos0_q1_5c,HeLa-S3_nuc_pos0_q1_5c,DynamicNuclearNet,train,DynamicNuclearNet\tif_data\train\out\HeLa-S3_nuc_pos0_q1_5c\HeLa-S3_nuc_pos0_q1_5c_trackmate.xml,24,0,,,7922,7922,11,11,11.0,11.0,1,1,death,seq0007_HeLa-S3_nuc_pos0_q1_5c:cell24,False
seq0007_HeLa-S3_nuc_pos0_q1_5c,HeLa-S3_nuc_pos0_q1_5c,DynamicNuclearNet,train,DynamicNuclearNet\tif_data\train\out\HeLa-S3_nuc_pos0_q1_5c\HeLa-S3_nuc_pos0_q1_5c_trackmate.xml,25,0,,,8042,8477,14,41,14.0,41.0,28,28,death,seq0007_HeLa-S3_nuc_pos0_q1_5c:cell25,False
seq0007_HeLa-S3_nuc_pos0_q1_5c,HeLa-S3_nuc_pos0_q1_5c,DynamicNuclearNet,train,DynamicNuclearNet\tif_data\train\out\HeLa-S3_nuc_pos0_q1_5c\HeLa-S3_nuc_pos0_q1_5c_trackmate.xml,26,0,,,8107,8512,14,41,14.0,41.0,28,28,death,seq0007_HeLa-S3_nuc_pos0_q1_5c:cell26,False
seq0007_HeLa-S3_nuc_pos0_q1_5c,HeLa-S3_nuc_pos0_q1_5c,DynamicNuclearNet,train,DynamicNuclearNet\tif_data\train\out\HeLa-S3_nuc_pos0_q1_5c\HeLa-S3_nuc_pos0_q1_5c_trackmate.xml,27,0,,,8249,8481,30,41,30.0,41.0,12,12,death,seq0007_HeLa-S3_nuc_pos0_q1_5c:cell27,False
seq0007_HeLa-S3_nuc_pos0_q1_5c,HeLa-S3_nuc_pos0_q1_5c,DynamicNuclearNet,train,DynamicNuclearNet\tif_data\train\out\HeLa-S3_nuc_pos0_q1_5c\HeLa-S3_nuc_pos0_q1_5c_trackmate.xml,28,0,,,8368,8493,33,41,33.0,41.0,9,9,death,seq0007_HeLa-S3_nuc_pos0_q1_5c:cell28,False
seq0007_HeLa-S3_nuc_pos0_q1_5c,HeLa-S3_nuc_pos0_q1_5c,DynamicNuclearNet,train,DynamicNuclearNet\tif_data\train\out\HeLa-S3_nuc_pos0_q1_5c\HeLa-S3_nuc_pos0_q1_5c_trackmate.xml,29,0,,,8409,8409,34,34,34.0,34.0,1,1,death,seq0007_HeLa-S3_nuc_pos0_q1_5c:cell29,False
seq0007_HeLa-S3_nuc_pos0_q1_5c,HeLa-S3_nuc_pos0_q1_5c,DynamicNuclearNet,train,DynamicNuclearNet\tif_data\train\out\HeLa-S3_nuc_pos0_q1_5c\HeLa-S3_nuc_pos0_q1_5c_trackmate.xml,30,0,,,8388,8388,35,35,35.0,35.0,1,1,death,seq0007_HeLa-S3_nuc_pos0_q1_5c:cell30,False
seq0007_HeLa-S3_nuc_pos0_q1_5c,HeLa-S3_nuc_pos0_q1_5c,DynamicNuclearNet,train,DynamicNuclearNet\tif_data\train\out\HeLa-S3_nuc_pos0_q1_5c\HeLa-S3_nuc_pos0_q1_5c_trackmate.xml,31,0,,,8411,8475,36,41,36.0,41.0,6,6,death,seq0007_HeLa-S3_nuc_pos0_q1_5c:cell31,False
seq0007_HeLa-S3_nuc_pos0_q1_5c,HeLa-S3_nuc_pos0_q1_5c,DynamicNuclearNet,train,DynamicNuclearNet\tif_data\train\out\HeLa-S3_nuc_pos0_q1_5c\HeLa-S3_nuc_pos0_q1_5c_trackmate.xml,32,0,,,8433,8433,36,36,36.0,36.0,1,1,death,seq0007_HeLa-S3_nuc_pos0_q1_5c:cell32,False
seq0007_HeLa-S3_nuc_pos0_q1_5c,HeLa-S3_nuc_pos0_q1_5c,DynamicNuclearNet,train,DynamicNuclearNet\tif_data\train\out\HeLa-S3_nuc_pos0_q1_5c\HeLa-S3_nuc_pos0_q1_5c_trackmate.xml,33,0,,,8471,8471,37,37,37.0,37.0,1,1,death,seq0007_HeLa-S3_nuc_pos0_q1_5c:cell33,False
seq0007_HeLa-S3_nuc_pos0_q1_5c,HeLa-S3_nuc_pos0_q1_5c,DynamicNuclearNet,train,DynamicNuclearNet\tif_data\train\out\HeLa-S3_nuc_pos0_q1_5c\HeLa-S3_nuc_pos0_q1_5c_trackmate.xml,34,0,,37|38,8543,8520,38,39,38.0,39.0,2,2,division,seq0007_HeLa-S3_nuc_pos0_q1_5c:cell34,True
seq0007_HeLa-S3_nuc_pos0_q1_5c,HeLa-S3_nuc_pos0_q1_5c,DynamicNuclearNet,train,DynamicNuclearNet\tif_data\train\out\HeLa-S3_nuc_pos0_q1_5c\HeLa-S3_nuc_pos0_q1_5c_trackmate.xml,35,1,6,39|40,8469,8521,37,39,37.0,39.0,3,3,division,seq0007_HeLa-S3_nuc_pos0_q1_5c:cell35,True
seq0007_HeLa-S3_nuc_pos0_q1_5c,HeLa-S3_nuc_pos0_q1_5c,DynamicNuclearNet,train,DynamicNuclearNet\tif_data\train\out\HeLa-S3_nuc_pos0_q1_5c\HeLa-S3_nuc_pos0_q1_5c_trackmate.xml,36,1,6,,8472,8472,37,37,37.0,37.0,1,1,death,seq0007_HeLa-S3_nuc_pos0_q1_5c:cell36,False
seq0007_HeLa-S3_nuc_pos0_q1_5c,HeLa-S3_nuc_pos0_q1_5c,DynamicNuclearNet,train,DynamicNuclearNet\tif_data\train\out\HeLa-S3_nuc_pos0_q1_5c\HeLa-S3_nuc_pos0_q1_5c_trackmate.xml,37,1,34,,8434,8489,40,41,40.0,41.0,2,2,death,seq0007_HeLa-S3_nuc_pos0_q1_5c:cell37,False
seq0007_HeLa-S3_nuc_pos0_q1_5c,HeLa-S3_nuc_pos0_q1_5c,DynamicNuclearNet,train,DynamicNuclearNet\tif_data\train\out\HeLa-S3_nuc_pos0_q1_5c\HeLa-S3_nuc_pos0_q1_5c_trackmate.xml,38,1,34,,8439,8490,40,41,40.0,41.0,2,2,death,seq0007_HeLa-S3_nuc_pos0_q1_5c:cell38,False
seq0007_HeLa-S3_nuc_pos0_q1_5c,HeLa-S3_nuc_pos0_q1_5c,DynamicNuclearNet,train,DynamicNuclearNet\tif_data\train\out\HeLa-S3_nuc_pos0_q1_5c\HeLa-S3_nuc_pos0_q1_5c_trackmate.xml,39,2,35,,8432,8483,40,41,40.0,41.0,2,2,death,seq0007_HeLa-S3_nuc_pos0_q1_5c:cell39,False
seq0007_HeLa-S3_nuc_pos0_q1_5c,HeLa-S3_nuc_pos0_q1_5c,DynamicNuclearNet,train,DynamicNuclearNet\tif_data\train\out\HeLa-S3_nuc_pos0_q1_5c\HeLa-S3_nuc_pos0_q1_5c_trackmate.xml,40,2,35,,8436,8486,40,41,40.0,41.0,2,2,death,seq0007_HeLa-S3_nuc_pos0_q1_5c:cell40,False
seq0008_HeLa-S3_nuc_pos0_q3_5c,HeLa-S3_nuc_pos0_q3_5c,DynamicNuclearNet,train,DynamicNuclearNet\tif_data\train\out\HeLa-S3_nuc_pos0_q3_5c\HeLa-S3_nuc_pos0_q3_5c_trackmate.xml,0,0,,,8731,10501,0,41,0.0,41.0,42,42,death,seq0008_HeLa-S3_nuc_pos0_q3_5c:cell0,False
seq0008_HeLa-S3_nuc_pos0_q3_5c,HeLa-S3_nuc_pos0_q3_5c,DynamicNuclearNet,train,DynamicNuclearNet\tif_data\train\out\HeLa-S3_nuc_pos0_q3_5c\HeLa-S3_nuc_pos0_q3_5c_trackmate.xml,1,0,,,8736,8756,0,6,0.0,6.0,7,7,death,seq0008_HeLa-S3_nuc_pos0_q3_5c:cell1,False
seq0008_HeLa-S3_nuc_pos0_q3_5c,HeLa-S3_nuc_pos0_q3_5c,DynamicNuclearNet,train,DynamicNuclearNet\tif_data\train\out\HeLa-S3_nuc_pos0_q3_5c\HeLa-S3_nuc_pos0_q3_5c_trackmate.xml,2,0,,,8746,10509,0,41,0.0,41.0,42,42,death,seq0008_HeLa-S3_nuc_pos0_q3_5c:cell2,False
seq0008_HeLa-S3_nuc_pos0_q3_5c,HeLa-S3_nuc_pos0_q3_5c,DynamicNuclearNet,train,DynamicNuclearNet\tif_data\train\out\HeLa-S3_nuc_pos0_q3_5c\HeLa-S3_nuc_pos0_q3_5c_trackmate.xml,3,0,,,8752,8611,0,4,0.0,4.0,5,5,death,seq0008_HeLa-S3_nuc_pos0_q3_5c:cell3,False
seq0008_HeLa-S3_nuc_pos0_q3_5c,HeLa-S3_nuc_pos0_q3_5c,DynamicNuclearNet,train,DynamicNuclearNet\tif_data\train\out\HeLa-S3_nuc_pos0_q3_5c\HeLa-S3_nuc_pos0_q3_5c_trackmate.xml,4,0,,,8760,10006,0,29,0.0,29.0,30,30,death,seq0008_HeLa-S3_nuc_pos0_q3_5c:cell4,False
seq0008_HeLa-S3_nuc_pos0_q3_5c,HeLa-S3_nuc_pos0_q3_5c,DynamicNuclearNet,train,DynamicNuclearNet\tif_data\train\out\HeLa-S3_nuc_pos0_q3_5c\HeLa-S3_nuc_pos0_q3_5c_trackmate.xml,5,0,,,8771,10520,0,41,0.0,41.0,42,42,death,seq0008_HeLa-S3_nuc_pos0_q3_5c:cell5,False
seq0008_HeLa-S3_nuc_pos0_q3_5c,HeLa-S3_nuc_pos0_q3_5c,DynamicNuclearNet,train,DynamicNuclearNet\tif_data\train\out\HeLa-S3_nuc_pos0_q3_5c\HeLa-S3_nuc_pos0_q3_5c_trackmate.xml,6,0,,,8784,10526,0,41,0.0,41.0,42,42,death,seq0008_HeLa-S3_nuc_pos0_q3_5c:cell6,False
seq0008_HeLa-S3_nuc_pos0_q3_5c,HeLa-S3_nuc_pos0_q3_5c,DynamicNuclearNet,train,DynamicNuclearNet\tif_data\train\out\HeLa-S3_nuc_pos0_q3_5c\HeLa-S3_nuc_pos0_q3_5c_trackmate.xml,7,0,,,8793,10528,0,41,0.0,41.0,42,42,death,seq0008_HeLa-S3_nuc_pos0_q3_5c:cell7,False
seq0008_HeLa-S3_nuc_pos0_q3_5c,HeLa-S3_nuc_pos0_q3_5c,DynamicNuclearNet,train,DynamicNuclearNet\tif_data\train\out\HeLa-S3_nuc_pos0_q3_5c\HeLa-S3_nuc_pos0_q3_5c_trackmate.xml,8,0,,,8801,10523,0,41,0.0,41.0,42,42,death,seq0008_HeLa-S3_nuc_pos0_q3_5c:cell8,False
seq0008_HeLa-S3_nuc_pos0_q3_5c,HeLa-S3_nuc_pos0_q3_5c,DynamicNuclearNet,train,DynamicNuclearNet\tif_data\train\out\HeLa-S3_nuc_pos0_q3_5c\HeLa-S3_nuc_pos0_q3_5c_trackmate.xml,9,0,,,8808,10534,0,41,0.0,41.0,42,42,death,seq0008_HeLa-S3_nuc_pos0_q3_5c:cell9,False
seq0008_HeLa-S3_nuc_pos0_q3_5c,HeLa-S3_nuc_pos0_q3_5c,DynamicNuclearNet,train,DynamicNuclearNet\tif_data\train\out\HeLa-S3_nuc_pos0_q3_5c\HeLa-S3_nuc_pos0_q3_5c_trackmate.xml,10,0,,,8816,10539,0,41,0.0,41.0,42,42,death,seq0008_HeLa-S3_nuc_pos0_q3_5c:cell10,False
seq0008_HeLa-S3_nuc_pos0_q3_5c,HeLa-S3_nuc_pos0_q3_5c,DynamicNuclearNet,train,DynamicNuclearNet\tif_data\train\out\HeLa-S3_nuc_pos0_q3_5c\HeLa-S3_nuc_pos0_q3_5c_trackmate.xml,11,0,,,8825,10536,0,41,0.0,41.0,42,42,death,seq0008_HeLa-S3_nuc_pos0_q3_5c:cell11,False
seq0008_HeLa-S3_nuc_pos0_q3_5c,HeLa-S3_nuc_pos0_q3_5c,DynamicNuclearNet,train,DynamicNuclearNet\tif_data\train\out\HeLa-S3_nuc_pos0_q3_5c\HeLa-S3_nuc_pos0_q3_5c_trackmate.xml,12,0,,,8832,8820,0,2,0.0,2.0,3,3,death,seq0008_HeLa-S3_nuc_pos0_q3_5c:cell12,False
seq0008_HeLa-S3_nuc_pos0_q3_5c,HeLa-S3_nuc_pos0_q3_5c,DynamicNuclearNet,train,DynamicNuclearNet\tif_data\train\out\HeLa-S3_nuc_pos0_q3_5c\HeLa-S3_nuc_pos0_q3_5c_trackmate.xml,13,0,,,8839,8688,0,1,0.0,1.0,2,2,death,seq0008_HeLa-S3_nuc_pos0_q3_5c:cell13,False
seq0008_HeLa-S3_nuc_pos0_q3_5c,HeLa-S3_nuc_pos0_q3_5c,DynamicNuclearNet,train,DynamicNuclearNet\tif_data\train\out\HeLa-S3_nuc_pos0_q3_5c\HeLa-S3_nuc_pos0_q3_5c_trackmate.xml,14,0,,,8847,10402,0,38,0.0,38.0,39,39,death,seq0008_HeLa-S3_nuc_pos0_q3_5c:cell14,False
seq0008_HeLa-S3_nuc_pos0_q3_5c,HeLa-S3_nuc_pos0_q3_5c,DynamicNuclearNet,train,DynamicNuclearNet\tif_data\train\out\HeLa-S3_nuc_pos0_q3_5c\HeLa-S3_nuc_pos0_q3_5c_trackmate.xml,15,0,,,8855,10479,0,39,0.0,39.0,40,40,death,seq0008_HeLa-S3_nuc_pos0_q3_5c:cell15,False
seq0008_HeLa-S3_nuc_pos0_q3_5c,HeLa-S3_nuc_pos0_q3_5c,DynamicNuclearNet,train,DynamicNuclearNet\tif_data\train\out\HeLa-S3_nuc_pos0_q3_5c\HeLa-S3_nuc_pos0_q3_5c_trackmate.xml,16,0,,,8860,9611,0,22,0.0,22.0,23,23,death,seq0008_HeLa-S3_nuc_pos0_q3_5c:cell16,False
seq0008_HeLa-S3_nuc_pos0_q3_5c,HeLa-S3_nuc_pos0_q3_5c,DynamicNuclearNet,train,DynamicNuclearNet\tif_data\train\out\HeLa-S3_nuc_pos0_q3_5c\HeLa-S3_nuc_pos0_q3_5c_trackmate.xml,17,0,,,8867,10564,0,41,0.0,41.0,42,42,death,seq0008_HeLa-S3_nuc_pos0_q3_5c:cell17,False
seq0008_HeLa-S3_nuc_pos0_q3_5c,HeLa-S3_nuc_pos0_q3_5c,DynamicNuclearNet,train,DynamicNuclearNet\tif_data\train\out\HeLa-S3_nuc_pos0_q3_5c\HeLa-S3_nuc_pos0_q3_5c_trackmate.xml,18,0,,,8875,10085,0,33,0.0,33.0,34,34,death,seq0008_HeLa-S3_nuc_pos0_q3_5c:cell18,False
seq0008_HeLa-S3_nuc_pos0_q3_5c,HeLa-S3_nuc_pos0_q3_5c,DynamicNuclearNet,train,DynamicNuclearNet\tif_data\train\out\HeLa-S3_nuc_pos0_q3_5c\HeLa-S3_nuc_pos0_q3_5c_trackmate.xml,19,0,,117|118,8882,10271,0,23,0.0,23.0,24,24,division,seq0008_HeLa-S3_nuc_pos0_q3_5c:cell19,True
seq0008_HeLa-S3_nuc_pos0_q3_5c,HeLa-S3_nuc_pos0_q3_5c,DynamicNuclearNet,train,DynamicNuclearNet\tif_data\train\out\HeLa-S3_nuc_pos0_q3_5c\HeLa-S3_nuc_pos0_q3_5c_trackmate.xml,20,0,,,8887,10565,0,41,0.0,41.0,42,42,death,seq0008_HeLa-S3_nuc_pos0_q3_5c:cell20,False
seq0008_HeLa-S3_nuc_pos0_q3_5c,HeLa-S3_nuc_pos0_q3_5c,DynamicNuclearNet,train,DynamicNuclearNet\tif_data\train\out\HeLa-S3_nuc_pos0_q3_5c\HeLa-S3_nuc_pos0_q3_5c_trackmate.xml,21,0,,,8894,10567,0,41,0.0,41.0,42,42,death,seq0008_HeLa-S3_nuc_pos0_q3_5c:cell21,False
seq0008_HeLa-S3_nuc_pos0_q3_5c,HeLa-S3_nuc_pos0_q3_5c,DynamicNuclearNet,train,DynamicNuclearNet\tif_data\train\out\HeLa-S3_nuc_pos0_q3_5c\HeLa-S3_nuc_pos0_q3_5c_trackmate.xml,22,0,,,8901,10568,0,41,0.0,41.0,42,42,death,seq0008_HeLa-S3_nuc_pos0_q3_5c:cell22,False
seq0008_HeLa-S3_nuc_pos0_q3_5c,HeLa-S3_nuc_pos0_q3_5c,DynamicNuclearNet,train,DynamicNuclearNet\tif_data\train\out\HeLa-S3_nuc_pos0_q3_5c\HeLa-S3_nuc_pos0_q3_5c_trackmate.xml,23,0,,,8908,10569,0,41,0.0,41.0,42,42,death,seq0008_HeLa-S3_nuc_pos0_q3_5c:cell23,False
seq0008_HeLa-S3_nuc_pos0_q3_5c,HeLa-S3_nuc_pos0_q3_5c,DynamicNuclearNet,train,DynamicNuclearNet\tif_data\train\out\HeLa-S3_nuc_pos0_q3_5c\HeLa-S3_nuc_pos0_q3_5c_trackmate.xml,24,0,,,8914,10570,0,41,0.0,41.0,42,42,death,seq0008_HeLa-S3_nuc_pos0_q3_5c:cell24,False
seq0008_HeLa-S3_nuc_pos0_q3_5c,HeLa-S3_nuc_pos0_q3_5c,DynamicNuclearNet,train,DynamicNuclearNet\tif_data\train\out\HeLa-S3_nuc_pos0_q3_5c\HeLa-S3_nuc_pos0_q3_5c_trackmate.xml,25,0,,,8921,10571,0,41,0.0,41.0,42,42,death,seq0008_HeLa-S3_nuc_pos0_q3_5c:cell25,False
seq0008_HeLa-S3_nuc_pos0_q3_5c,HeLa-S3_nuc_pos0_q3_5c,DynamicNuclearNet,train,DynamicNuclearNet\tif_data\train\out\HeLa-S3_nuc_pos0_q3_5c\HeLa-S3_nuc_pos0_q3_5c_trackmate.xml,26,0,,,8930,8915,0,2,0.0,2.0,3,3,death,seq0008_HeLa-S3_nuc_pos0_q3_5c:cell26,False
seq0008_HeLa-S3_nuc_pos0_q3_5c,HeLa-S3_nuc_pos0_q3_5c,DynamicNuclearNet,train,DynamicNuclearNet\tif_data\train\out\HeLa-S3_nuc_pos0_q3_5c\HeLa-S3_nuc_pos0_q3_5c_trackmate.xml,27,0,,,8938,10572,0,41,0.0,41.0,42,42,death,seq0008_HeLa-S3_nuc_pos0_q3_5c:cell27,False
seq0008_HeLa-S3_nuc_pos0_q3_5c,HeLa-S3_nuc_pos0_q3_5c,DynamicNuclearNet,train,DynamicNuclearNet\tif_data\train\out\HeLa-S3_nuc_pos0_q3_5c\HeLa-S3_nuc_pos0_q3_5c_trackmate.xml,28,0,,,8944,10574,0,41,0.0,41.0,42,42,death,seq0008_HeLa-S3_nuc_pos0_q3_5c:cell28,False
seq0008_HeLa-S3_nuc_pos0_q3_5c,HeLa-S3_nuc_pos0_q3_5c,DynamicNuclearNet,train,DynamicNuclearNet\tif_data\train\out\HeLa-S3_nuc_pos0_q3_5c\HeLa-S3_nuc_pos0_q3_5c_trackmate.xml,29,0,,,8952,10578,0,41,0.0,41.0,42,42,death,seq0008_HeLa-S3_nuc_pos0_q3_5c:cell29,False
seq0008_HeLa-S3_nuc_pos0_q3_5c,HeLa-S3_nuc_pos0_q3_5c,DynamicNuclearNet,train,DynamicNuclearNet\tif_data\train\out\HeLa-S3_nuc_pos0_q3_5c\HeLa-S3_nuc_pos0_q3_5c_trackmate.xml,30,0,,,8957,10580,0,41,0.0,41.0,42,42,death,seq0008_HeLa-S3_nuc_pos0_q3_5c:cell30,False
seq0008_HeLa-S3_nuc_pos0_q3_5c,HeLa-S3_nuc_pos0_q3_5c,DynamicNuclearNet,train,DynamicNuclearNet\tif_data\train\out\HeLa-S3_nuc_pos0_q3_5c\HeLa-S3_nuc_pos0_q3_5c_trackmate.xml,31,0,,,8963,10576,0,41,0.0,41.0,42,42,death,seq0008_HeLa-S3_nuc_pos0_q3_5c:cell31,False
seq0008_HeLa-S3_nuc_pos0_q3_5c,HeLa-S3_nuc_pos0_q3_5c,DynamicNuclearNet,train,DynamicNuclearNet\tif_data\train\out\HeLa-S3_nuc_pos0_q3_5c\HeLa-S3_nuc_pos0_q3_5c_trackmate.xml,32,0,,,8969,10575,0,41,0.0,41.0,42,42,death,seq0008_HeLa-S3_nuc_pos0_q3_5c:cell32,False
seq0008_HeLa-S3_nuc_pos0_q3_5c,HeLa-S3_nuc_pos0_q3_5c,DynamicNuclearNet,train,DynamicNuclearNet\tif_data\train\out\HeLa-S3_nuc_pos0_q3_5c\HeLa-S3_nuc_pos0_q3_5c_trackmate.xml,33,0,,,8977,10579,0,41,0.0,41.0,42,42,death,seq0008_HeLa-S3_nuc_pos0_q3_5c:cell33,False
seq0008_HeLa-S3_nuc_pos0_q3_5c,HeLa-S3_nuc_pos0_q3_5c,DynamicNuclearNet,train,DynamicNuclearNet\tif_data\train\out\HeLa-S3_nuc_pos0_q3_5c\HeLa-S3_nuc_pos0_q3_5c_trackmate.xml,34,0,,,8983,10581,0,41,0.0,41.0,42,42,death,seq0008_HeLa-S3_nuc_pos0_q3_5c:cell34,False
seq0008_HeLa-S3_nuc_pos0_q3_5c,HeLa-S3_nuc_pos0_q3_5c,DynamicNuclearNet,train,DynamicNuclearNet\tif_data\train\out\HeLa-S3_nuc_pos0_q3_5c\HeLa-S3_nuc_pos0_q3_5c_trackmate.xml,35,0,,,8990,10582,0,41,0.0,41.0,42,42,death,seq0008_HeLa-S3_nuc_pos0_q3_5c:cell35,False
seq0008_HeLa-S3_nuc_pos0_q3_5c,HeLa-S3_nuc_pos0_q3_5c,DynamicNuclearNet,train,DynamicNuclearNet\tif_data\train\out\HeLa-S3_nuc_pos0_q3_5c\HeLa-S3_nuc_pos0_q3_5c_trackmate.xml,36,0,,,8997,10583,0,41,0.0,41.0,42,42,death,seq0008_HeLa-S3_nuc_pos0_q3_5c:cell36,False
seq0008_HeLa-S3_nuc_pos0_q3_5c,HeLa-S3_nuc_pos0_q3_5c,DynamicNuclearNet,train,DynamicNuclearNet\tif_data\train\out\HeLa-S3_nuc_pos0_q3_5c\HeLa-S3_nuc_pos0_q3_5c_trackmate.xml,37,0,,,9003,10584,0,41,0.0,41.0,42,42,death,seq0008_HeLa-S3_nuc_pos0_q3_5c:cell37,False
seq0008_HeLa-S3_nuc_pos0_q3_5c,HeLa-S3_nuc_pos0_q3_5c,DynamicNuclearNet,train,DynamicNuclearNet\tif_data\train\out\HeLa-S3_nuc_pos0_q3_5c\HeLa-S3_nuc_pos0_q3_5c_trackmate.xml,38,0,,,9007,10586,0,41,0.0,41.0,42,42,death,seq0008_HeLa-S3_nuc_pos0_q3_5c:cell38,False
seq0008_HeLa-S3_nuc_pos0_q3_5c,HeLa-S3_nuc_pos0_q3_5c,DynamicNuclearNet,train,DynamicNuclearNet\tif_data\train\out\HeLa-S3_nuc_pos0_q3_5c\HeLa-S3_nuc_pos0_q3_5c_trackmate.xml,39,0,,,9012,10585,0,41,0.0,41.0,42,42,death,seq0008_HeLa-S3_nuc_pos0_q3_5c:cell39,False
seq0008_HeLa-S3_nuc_pos0_q3_5c,HeLa-S3_nuc_pos0_q3_5c,DynamicNuclearNet,train,DynamicNuclearNet\tif_data\train\out\HeLa-S3_nuc_pos0_q3_5c\HeLa-S3_nuc_pos0_q3_5c_trackmate.xml,40,0,,,9017,10084,0,29,0.0,29.0,30,30,death,seq0008_HeLa-S3_nuc_pos0_q3_5c:cell40,False
seq0008_HeLa-S3_nuc_pos0_q3_5c,HeLa-S3_nuc_pos0_q3_5c,DynamicNuclearNet,train,DynamicNuclearNet\tif_data\train\out\HeLa-S3_nuc_pos0_q3_5c\HeLa-S3_nuc_pos0_q3_5c_trackmate.xml,41,0,,,9023,10588,0,41,0.0,41.0,42,42,death,seq0008_HeLa-S3_nuc_pos0_q3_5c:cell41,False
seq0008_HeLa-S3_nuc_pos0_q3_5c,HeLa-S3_nuc_pos0_q3_5c,DynamicNuclearNet,train,DynamicNuclearNet\tif_data\train\out\HeLa-S3_nuc_pos0_q3_5c\HeLa-S3_nuc_pos0_q3_5c_trackmate.xml,42,0,,,9027,10589,0,41,0.0,41.0,42,42,death,seq0008_HeLa-S3_nuc_pos0_q3_5c:cell42,False
seq0008_HeLa-S3_nuc_pos0_q3_5c,HeLa-S3_nuc_pos0_q3_5c,DynamicNuclearNet,train,DynamicNuclearNet\tif_data\train\out\HeLa-S3_nuc_pos0_q3_5c\HeLa-S3_nuc_pos0_q3_5c_trackmate.xml,43,0,,,9031,10591,0,41,0.0,41.0,42,42,death,seq0008_HeLa-S3_nuc_pos0_q3_5c:cell43,False
seq0008_HeLa-S3_nuc_pos0_q3_5c,HeLa-S3_nuc_pos0_q3_5c,DynamicNuclearNet,train,DynamicNuclearNet\tif_data\train\out\HeLa-S3_nuc_pos0_q3_5c\HeLa-S3_nuc_pos0_q3_5c_trackmate.xml,44,0,,,9034,10320,0,23,0.0,23.0,24,24,death,seq0008_HeLa-S3_nuc_pos0_q3_5c:cell44,False
seq0008_HeLa-S3_nuc_pos0_q3_5c,HeLa-S3_nuc_pos0_q3_5c,DynamicNuclearNet,train,DynamicNuclearNet\tif_data\train\out\HeLa-S3_nuc_pos0_q3_5c\HeLa-S3_nuc_pos0_q3_5c_trackmate.xml,45,0,,,8780,8780,1,1,1.0,1.0,1,1,death,seq0008_HeLa-S3_nuc_pos0_q3_5c:cell45,False
seq0008_HeLa-S3_nuc_pos0_q3_5c,HeLa-S3_nuc_pos0_q3_5c,DynamicNuclearNet,train,DynamicNuclearNet\tif_data\train\out\HeLa-S3_nuc_pos0_q3_5c\HeLa-S3_nuc_pos0_q3_5c_trackmate.xml,46,0,,,8922,10122,2,33,2.0,33.0,32,32,death,seq0008_HeLa-S3_nuc_pos0_q3_5c:cell46,False
seq0008_HeLa-S3_nuc_pos0_q3_5c,HeLa-S3_nuc_pos0_q3_5c,DynamicNuclearNet,train,DynamicNuclearNet\tif_data\train\out\HeLa-S3_nuc_pos0_q3_5c\HeLa-S3_nuc_pos0_q3_5c_trackmate.xml,47,0,,,9112,9112,3,3,3.0,3.0,1,1,death,seq0008_HeLa-S3_nuc_pos0_q3_5c:cell47,False
seq0008_HeLa-S3_nuc_pos0_q3_5c,HeLa-S3_nuc_pos0_q3_5c,DynamicNuclearNet,train,DynamicNuclearNet\tif_data\train\out\HeLa-S3_nuc_pos0_q3_5c\HeLa-S3_nuc_pos0_q3_5c_trackmate.xml,48,0,,,9113,10545,3,41,3.0,41.0,39,39,death,seq0008_HeLa-S3_nuc_pos0_q3_5c:cell48,False
seq0008_HeLa-S3_nuc_pos0_q3_5c,HeLa-S3_nuc_pos0_q3_5c,DynamicNuclearNet,train,DynamicNuclearNet\tif_data\train\out\HeLa-S3_nuc_pos0_q3_5c\HeLa-S3_nuc_pos0_q3_5c_trackmate.xml,49,0,,,8655,8655,4,4,4.0,4.0,1,1,death,seq0008_HeLa-S3_nuc_pos0_q3_5c:cell49,False
seq0008_HeLa-S3_nuc_pos0_q3_5c,HeLa-S3_nuc_pos0_q3_5c,DynamicNuclearNet,train,DynamicNuclearNet\tif_data\train\out\HeLa-S3_nuc_pos0_q3_5c\HeLa-S3_nuc_pos0_q3_5c_trackmate.xml,50,0,,,8663,8691,4,8,4.0,8.0,5,5,death,seq0008_HeLa-S3_nuc_pos0_q3_5c:cell50,False
seq0008_HeLa-S3_nuc_pos0_q3_5c,HeLa-S3_nuc_pos0_q3_5c,DynamicNuclearNet,train,DynamicNuclearNet\tif_data\train\out\HeLa-S3_nuc_pos0_q3_5c\HeLa-S3_nuc_pos0_q3_5c_trackmate.xml,51,0,,,8928,8928,5,5,5.0,5.0,1,1,death,seq0008_HeLa-S3_nuc_pos0_q3_5c:cell51,False
seq0008_HeLa-S3_nuc_pos0_q3_5c,HeLa-S3_nuc_pos0_q3_5c,DynamicNuclearNet,train,DynamicNuclearNet\tif_data\train\out\HeLa-S3_nuc_pos0_q3_5c\HeLa-S3_nuc_pos0_q3_5c_trackmate.xml,52,0,,119|120,8982,8679,5,8,5.0,8.0,4,4,division,seq0008_HeLa-S3_nuc_pos0_q3_5c:cell52,True
seq0008_HeLa-S3_nuc_pos0_q3_5c,HeLa-S3_nuc_pos0_q3_5c,DynamicNuclearNet,train,DynamicNuclearNet\tif_data\train\out\HeLa-S3_nuc_pos0_q3_5c\HeLa-S3_nuc_pos0_q3_5c_trackmate.xml,53,0,,,8742,8576,6,9,6.0,9.0,4,4,death,seq0008_HeLa-S3_nuc_pos0_q3_5c:cell53,False
seq0008_HeLa-S3_nuc_pos0_q3_5c,HeLa-S3_nuc_pos0_q3_5c,DynamicNuclearNet,train,DynamicNuclearNet\tif_data\train\out\HeLa-S3_nuc_pos0_q3_5c\HeLa-S3_nuc_pos0_q3_5c_trackmate.xml,54,0,,,8763,8763,6,6,6.0,6.0,1,1,death,seq0008_HeLa-S3_nuc_pos0_q3_5c:cell54,False
seq0008_HeLa-S3_nuc_pos0_q3_5c,HeLa-S3_nuc_pos0_q3_5c,DynamicNuclearNet,train,DynamicNuclearNet\tif_data\train\out\HeLa-S3_nuc_pos0_q3_5c\HeLa-S3_nuc_pos0_q3_5c_trackmate.xml,55,0,,,8768,8578,6,9,6.0,9.0,4,4,death,seq0008_HeLa-S3_nuc_pos0_q3_5c:cell55,False
seq0008_HeLa-S3_nuc_pos0_q3_5c,HeLa-S3_nuc_pos0_q3_5c,DynamicNuclearNet,train,DynamicNuclearNet\tif_data\train\out\HeLa-S3_nuc_pos0_q3_5c\HeLa-S3_nuc_pos0_q3_5c_trackmate.xml,56,0,,,8819,8819,6,6,6.0,6.0,1,1,death,seq0008_HeLa-S3_nuc_pos0_q3_5c:cell56,False
seq0008_HeLa-S3_nuc_pos0_q3_5c,HeLa-S3_nuc_pos0_q3_5c,DynamicNuclearNet,train,DynamicNuclearNet\tif_data\train\out\HeLa-S3_nuc_pos0_q3_5c\HeLa-S3_nuc_pos0_q3_5c_trackmate.xml,57,0,,,8622,8622,8,8,8.0,8.0,1,1,death,seq0008_HeLa-S3_nuc_pos0_q3_5c:cell57,False
seq0008_HeLa-S3_nuc_pos0_q3_5c,HeLa-S3_nuc_pos0_q3_5c,DynamicNuclearNet,train,DynamicNuclearNet\tif_data\train\out\HeLa-S3_nuc_pos0_q3_5c\HeLa-S3_nuc_pos0_q3_5c_trackmate.xml,58,0,,,8657,8657,8,8,8.0,8.0,1,1,death,seq0008_HeLa-S3_nuc_pos0_q3_5c:cell58,False
seq0008_HeLa-S3_nuc_pos0_q3_5c,HeLa-S3_nuc_pos0_q3_5c,DynamicNuclearNet,train,DynamicNuclearNet\tif_data\train\out\HeLa-S3_nuc_pos0_q3_5c\HeLa-S3_nuc_pos0_q3_5c_trackmate.xml,59,0,,,8677,8677,10,10,10.0,10.0,1,1,death,seq0008_HeLa-S3_nuc_pos0_q3_5c:cell59,False
seq0008_HeLa-S3_nuc_pos0_q3_5c,HeLa-S3_nuc_pos0_q3_5c,DynamicNuclearNet,train,DynamicNuclearNet\tif_data\train\out\HeLa-S3_nuc_pos0_q3_5c\HeLa-S3_nuc_pos0_q3_5c_trackmate.xml,60,0,,,8764,9475,10,19,10.0,19.0,10,10,death,seq0008_HeLa-S3_nuc_pos0_q3_5c:cell60,False
seq0008_HeLa-S3_nuc_pos0_q3_5c,HeLa-S3_nuc_pos0_q3_5c,DynamicNuclearNet,train,DynamicNuclearNet\tif_data\train\out\HeLa-S3_nuc_pos0_q3_5c\HeLa-S3_nuc_pos0_q3_5c_trackmate.xml,61,0,,,8583,8583,11,11,11.0,11.0,1,1,death,seq0008_HeLa-S3_nuc_pos0_q3_5c:cell61,False
seq0008_HeLa-S3_nuc_pos0_q3_5c,HeLa-S3_nuc_pos0_q3_5c,DynamicNuclearNet,train,DynamicNuclearNet\tif_data\train\out\HeLa-S3_nuc_pos0_q3_5c\HeLa-S3_nuc_pos0_q3_5c_trackmate.xml,62,0,,,9203,9203,12,12,12.0,12.0,1,1,death,seq0008_HeLa-S3_nuc_pos0_q3_5c:cell62,False
seq0008_HeLa-S3_nuc_pos0_q3_5c,HeLa-S3_nuc_pos0_q3_5c,DynamicNuclearNet,train,DynamicNuclearNet\tif_data\train\out\HeLa-S3_nuc_pos0_q3_5c\HeLa-S3_nuc_pos0_q3_5c_trackmate.xml,63,0,,,9227,10577,12,41,12.0,41.0,30,30,death,seq0008_HeLa-S3_nuc_pos0_q3_5c:cell63,False
seq0008_HeLa-S3_nuc_pos0_q3_5c,HeLa-S3_nuc_pos0_q3_5c,DynamicNuclearNet,train,DynamicNuclearNet\tif_data\train\out\HeLa-S3_nuc_pos0_q3_5c\HeLa-S3_nuc_pos0_q3_5c_trackmate.xml,64,0,,,9149,9247,13,14,13.0,14.0,2,2,death,seq0008_HeLa-S3_nuc_pos0_q3_5c:cell64,False
seq0008_HeLa-S3_nuc_pos0_q3_5c,HeLa-S3_nuc_pos0_q3_5c,DynamicNuclearNet,train,DynamicNuclearNet\tif_data\train\out\HeLa-S3_nuc_pos0_q3_5c\HeLa-S3_nuc_pos0_q3_5c_trackmate.xml,65,0,,,9150,9263,13,15,13.0,15.0,3,3,death,seq0008_HeLa-S3_nuc_pos0_q3_5c:cell65,False
seq0008_HeLa-S3_nuc_pos0_q3_5c,HeLa-S3_nuc_pos0_q3_5c,DynamicNuclearNet,train,DynamicNuclearNet\tif_data\train\out\HeLa-S3_nuc_pos0_q3_5c\HeLa-S3_nuc_pos0_q3_5c_trackmate.xml,66,0,,,9178,9178,13,13,13.0,13.0,1,1,death,seq0008_HeLa-S3_nuc_pos0_q3_5c:cell66,False
seq0008_HeLa-S3_nuc_pos0_q3_5c,HeLa-S3_nuc_pos0_q3_5c,DynamicNuclearNet,train,DynamicNuclearNet\tif_data\train\out\HeLa-S3_nuc_pos0_q3_5c\HeLa-S3_nuc_pos0_q3_5c_trackmate.xml,67,0,,,9245,10504,14,41,14.0,41.0,28,28,death,seq0008_HeLa-S3_nuc_pos0_q3_5c:cell67,False
seq0008_HeLa-S3_nuc_pos0_q3_5c,HeLa-S3_nuc_pos0_q3_5c,DynamicNuclearNet,train,DynamicNuclearNet\tif_data\train\out\HeLa-S3_nuc_pos0_q3_5c\HeLa-S3_nuc_pos0_q3_5c_trackmate.xml,68,0,,,9254,9254,14,14,14.0,14.0,1,1,death,seq0008_HeLa-S3_nuc_pos0_q3_5c:cell68,False
seq0008_HeLa-S3_nuc_pos0_q3_5c,HeLa-S3_nuc_pos0_q3_5c,DynamicNuclearNet,train,DynamicNuclearNet\tif_data\train\out\HeLa-S3_nuc_pos0_q3_5c\HeLa-S3_nuc_pos0_q3_5c_trackmate.xml,69,0,,,9265,9265,15,15,15.0,15.0,1,1,death,seq0008_HeLa-S3_nuc_pos0_q3_5c:cell69,False
seq0008_HeLa-S3_nuc_pos0_q3_5c,HeLa-S3_nuc_pos0_q3_5c,DynamicNuclearNet,train,DynamicNuclearNet\tif_data\train\out\HeLa-S3_nuc_pos0_q3_5c\HeLa-S3_nuc_pos0_q3_5c_trackmate.xml,70,0,,,9311,9380,16,18,16.0,18.0,3,3,death,seq0008_HeLa-S3_nuc_pos0_q3_5c:cell70,False
seq0008_HeLa-S3_nuc_pos0_q3_5c,HeLa-S3_nuc_pos0_q3_5c,DynamicNuclearNet,train,DynamicNuclearNet\tif_data\train\out\HeLa-S3_nuc_pos0_q3_5c\HeLa-S3_nuc_pos0_q3_5c_trackmate.xml,71,0,,,9663,9663,17,17,17.0,17.0,1,1,death,seq0008_HeLa-S3_nuc_pos0_q3_5c:cell71,False
seq0008_HeLa-S3_nuc_pos0_q3_5c,HeLa-S3_nuc_pos0_q3_5c,DynamicNuclearNet,train,DynamicNuclearNet\tif_data\train\out\HeLa-S3_nuc_pos0_q3_5c\HeLa-S3_nuc_pos0_q3_5c_trackmate.xml,72,0,,,9421,9421,19,19,19.0,19.0,1,1,death,seq0008_HeLa-S3_nuc_pos0_q3_5c:cell72,False
seq0008_HeLa-S3_nuc_pos0_q3_5c,HeLa-S3_nuc_pos0_q3_5c,DynamicNuclearNet,train,DynamicNuclearNet\tif_data\train\out\HeLa-S3_nuc_pos0_q3_5c\HeLa-S3_nuc_pos0_q3_5c_trackmate.xml,73,0,,,9530,10517,19,39,19.0,39.0,21,21,death,seq0008_HeLa-S3_nuc_pos0_q3_5c:cell73,False
seq0008_HeLa-S3_nuc_pos0_q3_5c,HeLa-S3_nuc_pos0_q3_5c,DynamicNuclearNet,train,DynamicNuclearNet\tif_data\train\out\HeLa-S3_nuc_pos0_q3_5c\HeLa-S3_nuc_pos0_q3_5c_trackmate.xml,74,0,,,9415,9394,20,21,20.0,21.0,2,2,death,seq0008_HeLa-S3_nuc_pos0_q3_5c:cell74,False
seq0008_HeLa-S3_nuc_pos0_q3_5c,HeLa-S3_nuc_pos0_q3_5c,DynamicNuclearNet,train,DynamicNuclearNet\tif_data\train\out\HeLa-S3_nuc_pos0_q3_5c\HeLa-S3_nuc_pos0_q3_5c_trackmate.xml,75,0,,,9417,9417,20,20,20.0,20.0,1,1,death,seq0008_HeLa-S3_nuc_pos0_q3_5c:cell75,False
seq0008_HeLa-S3_nuc_pos0_q3_5c,HeLa-S3_nuc_pos0_q3_5c,DynamicNuclearNet,train,DynamicNuclearNet\tif_data\train\out\HeLa-S3_nuc_pos0_q3_5c\HeLa-S3_nuc_pos0_q3_5c_trackmate.xml,76,0,,,9448,10261,20,23,20.0,23.0,4,4,death,seq0008_HeLa-S3_nuc_pos0_q3_5c:cell76,False
seq0008_HeLa-S3_nuc_pos0_q3_5c,HeLa-S3_nuc_pos0_q3_5c,DynamicNuclearNet,train,DynamicNuclearNet\tif_data\train\out\HeLa-S3_nuc_pos0_q3_5c\HeLa-S3_nuc_pos0_q3_5c_trackmate.xml,77,0,,,9445,10548,21,41,21.0,41.0,21,21,death,seq0008_HeLa-S3_nuc_pos0_q3_5c:cell77,False
seq0008_HeLa-S3_nuc_pos0_q3_5c,HeLa-S3_nuc_pos0_q3_5c,DynamicNuclearNet,train,DynamicNuclearNet\tif_data\train\out\HeLa-S3_nuc_pos0_q3_5c\HeLa-S3_nuc_pos0_q3_5c_trackmate.xml,78,0,,,9690,9690,24,24,24.0,24.0,1,1,death,seq0008_HeLa-S3_nuc_pos0_q3_5c:cell78,False
seq0008_HeLa-S3_nuc_pos0_q3_5c,HeLa-S3_nuc_pos0_q3_5c,DynamicNuclearNet,train,DynamicNuclearNet\tif_data\train\out\HeLa-S3_nuc_pos0_q3_5c\HeLa-S3_nuc_pos0_q3_5c_trackmate.xml,79,0,,,9760,9783,24,25,24.0,25.0,2,2,death,seq0008_HeLa-S3_nuc_pos0_q3_5c:cell79,False
seq0008_HeLa-S3_nuc_pos0_q3_5c,HeLa-S3_nuc_pos0_q3_5c,DynamicNuclearNet,train,DynamicNuclearNet\tif_data\train\out\HeLa-S3_nuc_pos0_q3_5c\HeLa-S3_nuc_pos0_q3_5c_trackmate.xml,80,0,,,9722,9722,25,25,25.0,25.0,1,1,death,seq0008_HeLa-S3_nuc_pos0_q3_5c:cell80,False
seq0008_HeLa-S3_nuc_pos0_q3_5c,HeLa-S3_nuc_pos0_q3_5c,DynamicNuclearNet,train,DynamicNuclearNet\tif_data\train\out\HeLa-S3_nuc_pos0_q3_5c\HeLa-S3_nuc_pos0_q3_5c_trackmate.xml,81,0,,,9787,9835,26,27,26.0,27.0,2,2,death,seq0008_HeLa-S3_nuc_pos0_q3_5c:cell81,False
seq0008_HeLa-S3_nuc_pos0_q3_5c,HeLa-S3_nuc_pos0_q3_5c,DynamicNuclearNet,train,DynamicNuclearNet\tif_data\train\out\HeLa-S3_nuc_pos0_q3_5c\HeLa-S3_nuc_pos0_q3_5c_trackmate.xml,82,0,,,9841,9841,27,27,27.0,27.0,1,1,death,seq0008_HeLa-S3_nuc_pos0_q3_5c:cell82,False
seq0008_HeLa-S3_nuc_pos0_q3_5c,HeLa-S3_nuc_pos0_q3_5c,DynamicNuclearNet,train,DynamicNuclearNet\tif_data\train\out\HeLa-S3_nuc_pos0_q3_5c\HeLa-S3_nuc_pos0_q3_5c_trackmate.xml,83,0,,,9880,9880,27,27,27.0,27.0,1,1,death,seq0008_HeLa-S3_nuc_pos0_q3_5c:cell83,False
seq0008_HeLa-S3_nuc_pos0_q3_5c,HeLa-S3_nuc_pos0_q3_5c,DynamicNuclearNet,train,DynamicNuclearNet\tif_data\train\out\HeLa-S3_nuc_pos0_q3_5c\HeLa-S3_nuc_pos0_q3_5c_trackmate.xml,84,0,,,10002,10002,29,29,29.0,29.0,1,1,death,seq0008_HeLa-S3_nuc_pos0_q3_5c:cell84,False
seq0008_HeLa-S3_nuc_pos0_q3_5c,HeLa-S3_nuc_pos0_q3_5c,DynamicNuclearNet,train,DynamicNuclearNet\tif_data\train\out\HeLa-S3_nuc_pos0_q3_5c\HeLa-S3_nuc_pos0_q3_5c_trackmate.xml,85,0,,,10095,10095,29,29,29.0,29.0,1,1,death,seq0008_HeLa-S3_nuc_pos0_q3_5c:cell85,False
seq0008_HeLa-S3_nuc_pos0_q3_5c,HeLa-S3_nuc_pos0_q3_5c,DynamicNuclearNet,train,DynamicNuclearNet\tif_data\train\out\HeLa-S3_nuc_pos0_q3_5c\HeLa-S3_nuc_pos0_q3_5c_trackmate.xml,86,0,,,9974,10179,30,33,30.0,33.0,4,4,death,seq0008_HeLa-S3_nuc_pos0_q3_5c:cell86,False
seq0008_HeLa-S3_nuc_pos0_q3_5c,HeLa-S3_nuc_pos0_q3_5c,DynamicNuclearNet,train,DynamicNuclearNet\tif_data\train\out\HeLa-S3_nuc_pos0_q3_5c\HeLa-S3_nuc_pos0_q3_5c_trackmate.xml,87,0,,,9941,9941,32,32,32.0,32.0,1,1,death,seq0008_HeLa-S3_nuc_pos0_q3_5c:cell87,False
seq0008_HeLa-S3_nuc_pos0_q3_5c,HeLa-S3_nuc_pos0_q3_5c,DynamicNuclearNet,train,DynamicNuclearNet\tif_data\train\out\HeLa-S3_nuc_pos0_q3_5c\HeLa-S3_nuc_pos0_q3_5c_trackmate.xml,88,0,,,9942,10108,32,36,32.0,36.0,5,5,death,seq0008_HeLa-S3_nuc_pos0_q3_5c:cell88,False
seq0008_HeLa-S3_nuc_pos0_q3_5c,HeLa-S3_nuc_pos0_q3_5c,DynamicNuclearNet,train,DynamicNuclearNet\tif_data\train\out\HeLa-S3_nuc_pos0_q3_5c\HeLa-S3_nuc_pos0_q3_5c_trackmate.xml,89,0,,,9987,10091,32,33,32.0,33.0,2,2,death,seq0008_HeLa-S3_nuc_pos0_q3_5c:cell89,False
seq0008_HeLa-S3_nuc_pos0_q3_5c,HeLa-S3_nuc_pos0_q3_5c,DynamicNuclearNet,train,DynamicNuclearNet\tif_data\train\out\HeLa-S3_nuc_pos0_q3_5c\HeLa-S3_nuc_pos0_q3_5c_trackmate.xml,90,0,,,10050,10050,33,33,33.0,33.0,1,1,death,seq0008_HeLa-S3_nuc_pos0_q3_5c:cell90,False
seq0008_HeLa-S3_nuc_pos0_q3_5c,HeLa-S3_nuc_pos0_q3_5c,DynamicNuclearNet,train,DynamicNuclearNet\tif_data\train\out\HeLa-S3_nuc_pos0_q3_5c\HeLa-S3_nuc_pos0_q3_5c_trackmate.xml,91,0,,,10290,10081,34,35,34.0,35.0,2,2,death,seq0008_HeLa-S3_nuc_pos0_q3_5c:cell91,False
seq0008_HeLa-S3_nuc_pos0_q3_5c,HeLa-S3_nuc_pos0_q3_5c,DynamicNuclearNet,train,DynamicNuclearNet\tif_data\train\out\HeLa-S3_nuc_pos0_q3_5c\HeLa-S3_nuc_pos0_q3_5c_trackmate.xml,92,0,,,10346,10346,34,34,34.0,34.0,1,1,death,seq0008_HeLa-S3_nuc_pos0_q3_5c:cell92,False
seq0008_HeLa-S3_nuc_pos0_q3_5c,HeLa-S3_nuc_pos0_q3_5c,DynamicNuclearNet,train,DynamicNuclearNet\tif_data\train\out\HeLa-S3_nuc_pos0_q3_5c\HeLa-S3_nuc_pos0_q3_5c_trackmate.xml,93,0,,,10352,10352,34,34,34.0,34.0,1,1,death,seq0008_HeLa-S3_nuc_pos0_q3_5c:cell93,False
seq0008_HeLa-S3_nuc_pos0_q3_5c,HeLa-S3_nuc_pos0_q3_5c,DynamicNuclearNet,train,DynamicNuclearNet\tif_data\train\out\HeLa-S3_nuc_pos0_q3_5c\HeLa-S3_nuc_pos0_q3_5c_trackmate.xml,94,0,,,10077,10506,35,41,35.0,41.0,7,7,death,seq0008_HeLa-S3_nuc_pos0_q3_5c:cell94,False
seq0008_HeLa-S3_nuc_pos0_q3_5c,HeLa-S3_nuc_pos0_q3_5c,DynamicNuclearNet,train,DynamicNuclearNet\tif_data\train\out\HeLa-S3_nuc_pos0_q3_5c\HeLa-S3_nuc_pos0_q3_5c_trackmate.xml,95,0,,,10126,10556,35,41,35.0,41.0,7,7,death,seq0008_HeLa-S3_nuc_pos0_q3_5c:cell95,False
seq0008_HeLa-S3_nuc_pos0_q3_5c,HeLa-S3_nuc_pos0_q3_5c,DynamicNuclearNet,train,DynamicNuclearNet\tif_data\train\out\HeLa-S3_nuc_pos0_q3_5c\HeLa-S3_nuc_pos0_q3_5c_trackmate.xml,96,0,,,10129,10129,35,35,35.0,35.0,1,1,death,seq0008_HeLa-S3_nuc_pos0_q3_5c:cell96,False
seq0008_HeLa-S3_nuc_pos0_q3_5c,HeLa-S3_nuc_pos0_q3_5c,DynamicNuclearNet,train,DynamicNuclearNet\tif_data\train\out\HeLa-S3_nuc_pos0_q3_5c\HeLa-S3_nuc_pos0_q3_5c_trackmate.xml,97,0,,,10140,10566,35,41,35.0,41.0,7,7,death,seq0008_HeLa-S3_nuc_pos0_q3_5c:cell97,False
seq0008_HeLa-S3_nuc_pos0_q3_5c,HeLa-S3_nuc_pos0_q3_5c,DynamicNuclearNet,train,DynamicNuclearNet\tif_data\train\out\HeLa-S3_nuc_pos0_q3_5c\HeLa-S3_nuc_pos0_q3_5c_trackmate.xml,98,0,,,10229,10229,35,35,35.0,35.0,1,1,death,seq0008_HeLa-S3_nuc_pos0_q3_5c:cell98,False
seq0008_HeLa-S3_nuc_pos0_q3_5c,HeLa-S3_nuc_pos0_q3_5c,DynamicNuclearNet,train,DynamicNuclearNet\tif_data\train\out\HeLa-S3_nuc_pos0_q3_5c\HeLa-S3_nuc_pos0_q3_5c_trackmate.xml,99,0,,,10328,10406,37,38,37.0,38.0,2,2,death,seq0008_HeLa-S3_nuc_pos0_q3_5c:cell99,False
seq0008_HeLa-S3_nuc_pos0_q3_5c,HeLa-S3_nuc_pos0_q3_5c,DynamicNuclearNet,train,DynamicNuclearNet\tif_data\train\out\HeLa-S3_nuc_pos0_q3_5c\HeLa-S3_nuc_pos0_q3_5c_trackmate.xml,100,0,,,10391,10587,37,41,37.0,41.0,5,5,death,seq0008_HeLa-S3_nuc_pos0_q3_5c:cell100,False
seq0008_HeLa-S3_nuc_pos0_q3_5c,HeLa-S3_nuc_pos0_q3_5c,DynamicNuclearNet,train,DynamicNuclearNet\tif_data\train\out\HeLa-S3_nuc_pos0_q3_5c\HeLa-S3_nuc_pos0_q3_5c_trackmate.xml,101,0,,,10371,10371,38,38,38.0,38.0,1,1,death,seq0008_HeLa-S3_nuc_pos0_q3_5c:cell101,False
seq0008_HeLa-S3_nuc_pos0_q3_5c,HeLa-S3_nuc_pos0_q3_5c,DynamicNuclearNet,train,DynamicNuclearNet\tif_data\train\out\HeLa-S3_nuc_pos0_q3_5c\HeLa-S3_nuc_pos0_q3_5c_trackmate.xml,102,0,,,10441,10590,38,41,38.0,41.0,4,4,death,seq0008_HeLa-S3_nuc_pos0_q3_5c:cell102,False
seq0008_HeLa-S3_nuc_pos0_q3_5c,HeLa-S3_nuc_pos0_q3_5c,DynamicNuclearNet,train,DynamicNuclearNet\tif_data\train\out\HeLa-S3_nuc_pos0_q3_5c\HeLa-S3_nuc_pos0_q3_5c_trackmate.xml,103,0,,,10450,10450,39,39,39.0,39.0,1,1,death,seq0008_HeLa-S3_nuc_pos0_q3_5c:cell103,False
seq0008_HeLa-S3_nuc_pos0_q3_5c,HeLa-S3_nuc_pos0_q3_5c,DynamicNuclearNet,train,DynamicNuclearNet\tif_data\train\out\HeLa-S3_nuc_pos0_q3_5c\HeLa-S3_nuc_pos0_q3_5c_trackmate.xml,104,0,,,10451,10516,39,41,39.0,41.0,3,3,death,seq0008_HeLa-S3_nuc_pos0_q3_5c:cell104,False
seq0008_HeLa-S3_nuc_pos0_q3_5c,HeLa-S3_nuc_pos0_q3_5c,DynamicNuclearNet,train,DynamicNuclearNet\tif_data\train\out\HeLa-S3_nuc_pos0_q3_5c\HeLa-S3_nuc_pos0_q3_5c_trackmate.xml,105,0,,,10462,10462,39,39,39.0,39.0,1,1,death,seq0008_HeLa-S3_nuc_pos0_q3_5c:cell105,False
seq0008_HeLa-S3_nuc_pos0_q3_5c,HeLa-S3_nuc_pos0_q3_5c,DynamicNuclearNet,train,DynamicNuclearNet\tif_data\train\out\HeLa-S3_nuc_pos0_q3_5c\HeLa-S3_nuc_pos0_q3_5c_trackmate.xml,106,0,,,10475,10550,39,41,39.0,41.0,3,3,death,seq0008_HeLa-S3_nuc_pos0_q3_5c:cell106,False
seq0008_HeLa-S3_nuc_pos0_q3_5c,HeLa-S3_nuc_pos0_q3_5c,DynamicNuclearNet,train,DynamicNuclearNet\tif_data\train\out\HeLa-S3_nuc_pos0_q3_5c\HeLa-S3_nuc_pos0_q3_5c_trackmate.xml,107,0,,,10452,10513,40,41,40.0,41.0,2,2,death,seq0008_HeLa-S3_nuc_pos0_q3_5c:cell107,False
seq0008_HeLa-S3_nuc_pos0_q3_5c,HeLa-S3_nuc_pos0_q3_5c,DynamicNuclearNet,train,DynamicNuclearNet\tif_data\train\out\HeLa-S3_nuc_pos0_q3_5c\HeLa-S3_nuc_pos0_q3_5c_trackmate.xml,108,0,,,10477,10477,40,40,40.0,40.0,1,1,death,seq0008_HeLa-S3_nuc_pos0_q3_5c:cell108,False
seq0008_HeLa-S3_nuc_pos0_q3_5c,HeLa-S3_nuc_pos0_q3_5c,DynamicNuclearNet,train,DynamicNuclearNet\tif_data\train\out\HeLa-S3_nuc_pos0_q3_5c\HeLa-S3_nuc_pos0_q3_5c_trackmate.xml,109,0,,,10481,10562,40,41,40.0,41.0,2,2,death,seq0008_HeLa-S3_nuc_pos0_q3_5c:cell109,False
seq0008_HeLa-S3_nuc_pos0_q3_5c,HeLa-S3_nuc_pos0_q3_5c,DynamicNuclearNet,train,DynamicNuclearNet\tif_data\train\out\HeLa-S3_nuc_pos0_q3_5c\HeLa-S3_nuc_pos0_q3_5c_trackmate.xml,110,0,,,10486,10559,40,41,40.0,41.0,2,2,death,seq0008_HeLa-S3_nuc_pos0_q3_5c:cell110,False
seq0008_HeLa-S3_nuc_pos0_q3_5c,HeLa-S3_nuc_pos0_q3_5c,DynamicNuclearNet,train,DynamicNuclearNet\tif_data\train\out\HeLa-S3_nuc_pos0_q3_5c\HeLa-S3_nuc_pos0_q3_5c_trackmate.xml,111,0,,,10505,10505,40,40,40.0,40.0,1,1,death,seq0008_HeLa-S3_nuc_pos0_q3_5c:cell111,False
seq0008_HeLa-S3_nuc_pos0_q3_5c,HeLa-S3_nuc_pos0_q3_5c,DynamicNuclearNet,train,DynamicNuclearNet\tif_data\train\out\HeLa-S3_nuc_pos0_q3_5c\HeLa-S3_nuc_pos0_q3_5c_trackmate.xml,112,0,,,10511,10511,40,40,40.0,40.0,1,1,death,seq0008_HeLa-S3_nuc_pos0_q3_5c:cell112,False
seq0008_HeLa-S3_nuc_pos0_q3_5c,HeLa-S3_nuc_pos0_q3_5c,DynamicNuclearNet,train,DynamicNuclearNet\tif_data\train\out\HeLa-S3_nuc_pos0_q3_5c\HeLa-S3_nuc_pos0_q3_5c_trackmate.xml,113,0,,,10510,10510,41,41,41.0,41.0,1,1,death,seq0008_HeLa-S3_nuc_pos0_q3_5c:cell113,False
seq0008_HeLa-S3_nuc_pos0_q3_5c,HeLa-S3_nuc_pos0_q3_5c,DynamicNuclearNet,train,DynamicNuclearNet\tif_data\train\out\HeLa-S3_nuc_pos0_q3_5c\HeLa-S3_nuc_pos0_q3_5c_trackmate.xml,114,0,,,10531,10531,41,41,41.0,41.0,1,1,death,seq0008_HeLa-S3_nuc_pos0_q3_5c:cell114,False
seq0008_HeLa-S3_nuc_pos0_q3_5c,HeLa-S3_nuc_pos0_q3_5c,DynamicNuclearNet,train,DynamicNuclearNet\tif_data\train\out\HeLa-S3_nuc_pos0_q3_5c\HeLa-S3_nuc_pos0_q3_5c_trackmate.xml,115,0,,,10553,10553,41,41,41.0,41.0,1,1,death,seq0008_HeLa-S3_nuc_pos0_q3_5c:cell115,False
seq0008_HeLa-S3_nuc_pos0_q3_5c,HeLa-S3_nuc_pos0_q3_5c,DynamicNuclearNet,train,DynamicNuclearNet\tif_data\train\out\HeLa-S3_nuc_pos0_q3_5c\HeLa-S3_nuc_pos0_q3_5c_trackmate.xml,116,0,,,10573,10573,41,41,41.0,41.0,1,1,death,seq0008_HeLa-S3_nuc_pos0_q3_5c:cell116,False
seq0008_HeLa-S3_nuc_pos0_q3_5c,HeLa-S3_nuc_pos0_q3_5c,DynamicNuclearNet,train,DynamicNuclearNet\tif_data\train\out\HeLa-S3_nuc_pos0_q3_5c\HeLa-S3_nuc_pos0_q3_5c_trackmate.xml,117,1,19,121|122,9705,9919,24,28,24.0,28.0,5,5,division,seq0008_HeLa-S3_nuc_pos0_q3_5c:cell117,True
seq0008_HeLa-S3_nuc_pos0_q3_5c,HeLa-S3_nuc_pos0_q3_5c,DynamicNuclearNet,train,DynamicNuclearNet\tif_data\train\out\HeLa-S3_nuc_pos0_q3_5c\HeLa-S3_nuc_pos0_q3_5c_trackmate.xml,118,1,19,,9710,9854,24,27,24.0,27.0,4,4,death,seq0008_HeLa-S3_nuc_pos0_q3_5c:cell118,False
seq0008_HeLa-S3_nuc_pos0_q3_5c,HeLa-S3_nuc_pos0_q3_5c,DynamicNuclearNet,train,DynamicNuclearNet\tif_data\train\out\HeLa-S3_nuc_pos0_q3_5c\HeLa-S3_nuc_pos0_q3_5c_trackmate.xml,119,1,52,,8598,8598,9,9,9.0,9.0,1,1,death,seq0008_HeLa-S3_nuc_pos0_q3_5c:cell119,False
seq0008_HeLa-S3_nuc_pos0_q3_5c,HeLa-S3_nuc_pos0_q3_5c,DynamicNuclearNet,train,DynamicNuclearNet\tif_data\train\out\HeLa-S3_nuc_pos0_q3_5c\HeLa-S3_nuc_pos0_q3_5c_trackmate.xml,120,1,52,,8599,10542,9,41,9.0,41.0,33,33,death,seq0008_HeLa-S3_nuc_pos0_q3_5c:cell120,False
seq0008_HeLa-S3_nuc_pos0_q3_5c,HeLa-S3_nuc_pos0_q3_5c,DynamicNuclearNet,train,DynamicNuclearNet\tif_data\train\out\HeLa-S3_nuc_pos0_q3_5c\HeLa-S3_nuc_pos0_q3_5c_trackmate.xml,121,2,117,,10034,10333,29,37,29.0,37.0,9,9,death,seq0008_HeLa-S3_nuc_pos0_q3_5c:cell121,False
seq0008_HeLa-S3_nuc_pos0_q3_5c,HeLa-S3_nuc_pos0_q3_5c,DynamicNuclearNet,train,DynamicNuclearNet\tif_data\train\out\HeLa-S3_nuc_pos0_q3_5c\HeLa-S3_nuc_pos0_q3_5c_trackmate.xml,122,2,117,,10038,10038,29,29,29.0,29.0,1,1,death,seq0008_HeLa-S3_nuc_pos0_q3_5c:cell122,False
seq0009_HeLa-S3_nuc_pos11_q1_5c,HeLa-S3_nuc_pos11_q1_5c,DynamicNuclearNet,train,DynamicNuclearNet\tif_data\train\out\HeLa-S3_nuc_pos11_q1_5c\HeLa-S3_nuc_pos11_q1_5c_trackmate.xml,0,0,,,10739,11044,0,6,0.0,6.0,7,7,death,seq0009_HeLa-S3_nuc_pos11_q1_5c:cell0,False
seq0009_HeLa-S3_nuc_pos11_q1_5c,HeLa-S3_nuc_pos11_q1_5c,DynamicNuclearNet,train,DynamicNuclearNet\tif_data\train\out\HeLa-S3_nuc_pos11_q1_5c\HeLa-S3_nuc_pos11_q1_5c_trackmate.xml,1,0,,,10744,11662,0,41,0.0,41.0,42,42,death,seq0009_HeLa-S3_nuc_pos11_q1_5c:cell1,False
seq0009_HeLa-S3_nuc_pos11_q1_5c,HeLa-S3_nuc_pos11_q1_5c,DynamicNuclearNet,train,DynamicNuclearNet\tif_data\train\out\HeLa-S3_nuc_pos11_q1_5c\HeLa-S3_nuc_pos11_q1_5c_trackmate.xml,2,0,,,10752,10889,0,13,0.0,13.0,14,14,death,seq0009_HeLa-S3_nuc_pos11_q1_5c:cell2,False
seq0009_HeLa-S3_nuc_pos11_q1_5c,HeLa-S3_nuc_pos11_q1_5c,DynamicNuclearNet,train,DynamicNuclearNet\tif_data\train\out\HeLa-S3_nuc_pos11_q1_5c\HeLa-S3_nuc_pos11_q1_5c_trackmate.xml,3,0,,,10768,11663,0,41,0.0,41.0,42,42,death,seq0009_HeLa-S3_nuc_pos11_q1_5c:cell3,False
seq0009_HeLa-S3_nuc_pos11_q1_5c,HeLa-S3_nuc_pos11_q1_5c,DynamicNuclearNet,train,DynamicNuclearNet\tif_data\train\out\HeLa-S3_nuc_pos11_q1_5c\HeLa-S3_nuc_pos11_q1_5c_trackmate.xml,4,0,,,10773,11666,0,41,0.0,41.0,42,42,death,seq0009_HeLa-S3_nuc_pos11_q1_5c:cell4,False
seq0009_HeLa-S3_nuc_pos11_q1_5c,HeLa-S3_nuc_pos11_q1_5c,DynamicNuclearNet,train,DynamicNuclearNet\tif_data\train\out\HeLa-S3_nuc_pos11_q1_5c\HeLa-S3_nuc_pos11_q1_5c_trackmate.xml,5,0,,,10784,11668,0,41,0.0,41.0,42,42,death,seq0009_HeLa-S3_nuc_pos11_q1_5c:cell5,False
seq0009_HeLa-S3_nuc_pos11_q1_5c,HeLa-S3_nuc_pos11_q1_5c,DynamicNuclearNet,train,DynamicNuclearNet\tif_data\train\out\HeLa-S3_nuc_pos11_q1_5c\HeLa-S3_nuc_pos11_q1_5c_trackmate.xml,6,0,,,10788,11670,0,41,0.0,41.0,42,42,death,seq0009_HeLa-S3_nuc_pos11_q1_5c:cell6,False
seq0009_HeLa-S3_nuc_pos11_q1_5c,HeLa-S3_nuc_pos11_q1_5c,DynamicNuclearNet,train,DynamicNuclearNet\tif_data\train\out\HeLa-S3_nuc_pos11_q1_5c\HeLa-S3_nuc_pos11_q1_5c_trackmate.xml,7,0,,,10796,11672,0,41,0.0,41.0,42,42,death,seq0009_HeLa-S3_nuc_pos11_q1_5c:cell7,False
seq0009_HeLa-S3_nuc_pos11_q1_5c,HeLa-S3_nuc_pos11_q1_5c,DynamicNuclearNet,train,DynamicNuclearNet\tif_data\train\out\HeLa-S3_nuc_pos11_q1_5c\HeLa-S3_nuc_pos11_q1_5c_trackmate.xml,8,0,,,10798,10798,0,0,0.0,0.0,1,1,death,seq0009_HeLa-S3_nuc_pos11_q1_5c:cell8,False
seq0009_HeLa-S3_nuc_pos11_q1_5c,HeLa-S3_nuc_pos11_q1_5c,DynamicNuclearNet,train,DynamicNuclearNet\tif_data\train\out\HeLa-S3_nuc_pos11_q1_5c\HeLa-S3_nuc_pos11_q1_5c_trackmate.xml,9,0,,,10801,11674,0,41,0.0,41.0,42,42,death,seq0009_HeLa-S3_nuc_pos11_q1_5c:cell9,False
seq0009_HeLa-S3_nuc_pos11_q1_5c,HeLa-S3_nuc_pos11_q1_5c,DynamicNuclearNet,train,DynamicNuclearNet\tif_data\train\out\HeLa-S3_nuc_pos11_q1_5c\HeLa-S3_nuc_pos11_q1_5c_trackmate.xml,10,0,,,10804,11678,0,41,0.0,41.0,42,42,death,seq0009_HeLa-S3_nuc_pos11_q1_5c:cell10,False
seq0009_HeLa-S3_nuc_pos11_q1_5c,HeLa-S3_nuc_pos11_q1_5c,DynamicNuclearNet,train,DynamicNuclearNet\tif_data\train\out\HeLa-S3_nuc_pos11_q1_5c\HeLa-S3_nuc_pos11_q1_5c_trackmate.xml,11,0,,,10810,11680,0,41,0.0,41.0,42,42,death,seq0009_HeLa-S3_nuc_pos11_q1_5c:cell11,False
seq0009_HeLa-S3_nuc_pos11_q1_5c,HeLa-S3_nuc_pos11_q1_5c,DynamicNuclearNet,train,DynamicNuclearNet\tif_data\train\out\HeLa-S3_nuc_pos11_q1_5c\HeLa-S3_nuc_pos11_q1_5c_trackmate.xml,12,0,,,10812,11684,0,41,0.0,41.0,42,42,death,seq0009_HeLa-S3_nuc_pos11_q1_5c:cell12,False
seq0009_HeLa-S3_nuc_pos11_q1_5c,HeLa-S3_nuc_pos11_q1_5c,DynamicNuclearNet,train,DynamicNuclearNet\tif_data\train\out\HeLa-S3_nuc_pos11_q1_5c\HeLa-S3_nuc_pos11_q1_5c_trackmate.xml,13,0,,,10817,11686,0,41,0.0,41.0,42,42,death,seq0009_HeLa-S3_nuc_pos11_q1_5c:cell13,False
seq0009_HeLa-S3_nuc_pos11_q1_5c,HeLa-S3_nuc_pos11_q1_5c,DynamicNuclearNet,train,DynamicNuclearNet\tif_data\train\out\HeLa-S3_nuc_pos11_q1_5c\HeLa-S3_nuc_pos11_q1_5c_trackmate.xml,14,0,,,10820,11691,0,41,0.0,41.0,42,42,death,seq0009_HeLa-S3_nuc_pos11_q1_5c:cell14,False
seq0009_HeLa-S3_nuc_pos11_q1_5c,HeLa-S3_nuc_pos11_q1_5c,DynamicNuclearNet,train,DynamicNuclearNet\tif_data\train\out\HeLa-S3_nuc_pos11_q1_5c\HeLa-S3_nuc_pos11_q1_5c_trackmate.xml,15,0,,,10822,10735,0,8,0.0,8.0,9,9,death,seq0009_HeLa-S3_nuc_pos11_q1_5c:cell15,False
seq0009_HeLa-S3_nuc_pos11_q1_5c,HeLa-S3_nuc_pos11_q1_5c,DynamicNuclearNet,train,DynamicNuclearNet\tif_data\train\out\HeLa-S3_nuc_pos11_q1_5c\HeLa-S3_nuc_pos11_q1_5c_trackmate.xml,16,0,,,10828,11695,0,41,0.0,41.0,42,42,death,seq0009_HeLa-S3_nuc_pos11_q1_5c:cell16,False
seq0009_HeLa-S3_nuc_pos11_q1_5c,HeLa-S3_nuc_pos11_q1_5c,DynamicNuclearNet,train,DynamicNuclearNet\tif_data\train\out\HeLa-S3_nuc_pos11_q1_5c\HeLa-S3_nuc_pos11_q1_5c_trackmate.xml,17,0,,,10830,10830,0,0,0.0,0.0,1,1,death,seq0009_HeLa-S3_nuc_pos11_q1_5c:cell17,False
seq0009_HeLa-S3_nuc_pos11_q1_5c,HeLa-S3_nuc_pos11_q1_5c,DynamicNuclearNet,train,DynamicNuclearNet\tif_data\train\out\HeLa-S3_nuc_pos11_q1_5c\HeLa-S3_nuc_pos11_q1_5c_trackmate.xml,18,0,,,10833,11698,0,41,0.0,41.0,42,42,death,seq0009_HeLa-S3_nuc_pos11_q1_5c:cell18,False
seq0009_HeLa-S3_nuc_pos11_q1_5c,HeLa-S3_nuc_pos11_q1_5c,DynamicNuclearNet,train,DynamicNuclearNet\tif_data\train\out\HeLa-S3_nuc_pos11_q1_5c\HeLa-S3_nuc_pos11_q1_5c_trackmate.xml,19,0,,,10835,11700,0,41,0.0,41.0,42,42,death,seq0009_HeLa-S3_nuc_pos11_q1_5c:cell19,False
seq0009_HeLa-S3_nuc_pos11_q1_5c,HeLa-S3_nuc_pos11_q1_5c,DynamicNuclearNet,train,DynamicNuclearNet\tif_data\train\out\HeLa-S3_nuc_pos11_q1_5c\HeLa-S3_nuc_pos11_q1_5c_trackmate.xml,20,0,,,10837,10986,0,17,0.0,17.0,18,18,death,seq0009_HeLa-S3_nuc_pos11_q1_5c:cell20,False
seq0009_HeLa-S3_nuc_pos11_q1_5c,HeLa-S3_nuc_pos11_q1_5c,DynamicNuclearNet,train,DynamicNuclearNet\tif_data\train\out\HeLa-S3_nuc_pos11_q1_5c\HeLa-S3_nuc_pos11_q1_5c_trackmate.xml,21,0,,,10717,11676,1,41,1.0,41.0,41,41,death,seq0009_HeLa-S3_nuc_pos11_q1_5c:cell21,False
seq0009_HeLa-S3_nuc_pos11_q1_5c,HeLa-S3_nuc_pos11_q1_5c,DynamicNuclearNet,train,DynamicNuclearNet\tif_data\train\out\HeLa-S3_nuc_pos11_q1_5c\HeLa-S3_nuc_pos11_q1_5c_trackmate.xml,22,0,,,10763,10849,1,4,1.0,4.0,4,4,death,seq0009_HeLa-S3_nuc_pos11_q1_5c:cell22,False
seq0009_HeLa-S3_nuc_pos11_q1_5c,HeLa-S3_nuc_pos11_q1_5c,DynamicNuclearNet,train,DynamicNuclearNet\tif_data\train\out\HeLa-S3_nuc_pos11_q1_5c\HeLa-S3_nuc_pos11_q1_5c_trackmate.xml,23,0,,,10610,10627,2,5,2.0,5.0,4,4,death,seq0009_HeLa-S3_nuc_pos11_q1_5c:cell23,False
seq0009_HeLa-S3_nuc_pos11_q1_5c,HeLa-S3_nuc_pos11_q1_5c,DynamicNuclearNet,train,DynamicNuclearNet\tif_data\train\out\HeLa-S3_nuc_pos11_q1_5c\HeLa-S3_nuc_pos11_q1_5c_trackmate.xml,24,0,,,10681,10681,2,2,2.0,2.0,1,1,death,seq0009_HeLa-S3_nuc_pos11_q1_5c:cell24,False
seq0009_HeLa-S3_nuc_pos11_q1_5c,HeLa-S3_nuc_pos11_q1_5c,DynamicNuclearNet,train,DynamicNuclearNet\tif_data\train\out\HeLa-S3_nuc_pos11_q1_5c\HeLa-S3_nuc_pos11_q1_5c_trackmate.xml,25,0,,,10701,10701,3,3,3.0,3.0,1,1,death,seq0009_HeLa-S3_nuc_pos11_q1_5c:cell25,False
seq0009_HeLa-S3_nuc_pos11_q1_5c,HeLa-S3_nuc_pos11_q1_5c,DynamicNuclearNet,train,DynamicNuclearNet\tif_data\train\out\HeLa-S3_nuc_pos11_q1_5c\HeLa-S3_nuc_pos11_q1_5c_trackmate.xml,26,0,,,10823,10823,4,4,4.0,4.0,1,1,death,seq0009_HeLa-S3_nuc_pos11_q1_5c:cell26,False
seq0009_HeLa-S3_nuc_pos11_q1_5c,HeLa-S3_nuc_pos11_q1_5c,DynamicNuclearNet,train,DynamicNuclearNet\tif_data\train\out\HeLa-S3_nuc_pos11_q1_5c\HeLa-S3_nuc_pos11_q1_5c_trackmate.xml,27,0,,,10845,10845,4,4,4.0,4.0,1,1,death,seq0009_HeLa-S3_nuc_pos11_q1_5c:cell27,False
seq0009_HeLa-S3_nuc_pos11_q1_5c,HeLa-S3_nuc_pos11_q1_5c,DynamicNuclearNet,train,DynamicNuclearNet\tif_data\train\out\HeLa-S3_nuc_pos11_q1_5c\HeLa-S3_nuc_pos11_q1_5c_trackmate.xml,28,0,,,10709,10778,5,7,5.0,7.0,3,3,death,seq0009_HeLa-S3_nuc_pos11_q1_5c:cell28,False
seq0009_HeLa-S3_nuc_pos11_q1_5c,HeLa-S3_nuc_pos11_q1_5c,DynamicNuclearNet,train,DynamicNuclearNet\tif_data\train\out\HeLa-S3_nuc_pos11_q1_5c\HeLa-S3_nuc_pos11_q1_5c_trackmate.xml,29,0,,,11042,10892,6,14,6.0,14.0,9,9,death,seq0009_HeLa-S3_nuc_pos11_q1_5c:cell29,False
seq0009_HeLa-S3_nuc_pos11_q1_5c,HeLa-S3_nuc_pos11_q1_5c,DynamicNuclearNet,train,DynamicNuclearNet\tif_data\train\out\HeLa-S3_nuc_pos11_q1_5c\HeLa-S3_nuc_pos11_q1_5c_trackmate.xml,30,0,,,11057,11057,6,6,6.0,6.0,1,1,death,seq0009_HeLa-S3_nuc_pos11_q1_5c:cell30,False
seq0009_HeLa-S3_nuc_pos11_q1_5c,HeLa-S3_nuc_pos11_q1_5c,DynamicNuclearNet,train,DynamicNuclearNet\tif_data\train\out\HeLa-S3_nuc_pos11_q1_5c\HeLa-S3_nuc_pos11_q1_5c_trackmate.xml,31,0,,,11062,11062,6,6,6.0,6.0,1,1,death,seq0009_HeLa-S3_nuc_pos11_q1_5c:cell31,False
seq0009_HeLa-S3_nuc_pos11_q1_5c,HeLa-S3_nuc_pos11_q1_5c,DynamicNuclearNet,train,DynamicNuclearNet\tif_data\train\out\HeLa-S3_nuc_pos11_q1_5c\HeLa-S3_nuc_pos11_q1_5c_trackmate.xml,32,0,,,11074,11702,6,41,6.0,41.0,36,36,death,seq0009_HeLa-S3_nuc_pos11_q1_5c:cell32,False
seq0009_HeLa-S3_nuc_pos11_q1_5c,HeLa-S3_nuc_pos11_q1_5c,DynamicNuclearNet,train,DynamicNuclearNet\tif_data\train\out\HeLa-S3_nuc_pos11_q1_5c\HeLa-S3_nuc_pos11_q1_5c_trackmate.xml,33,0,,,10647,11660,7,41,7.0,41.0,35,35,death,seq0009_HeLa-S3_nuc_pos11_q1_5c:cell33,False
seq0009_HeLa-S3_nuc_pos11_q1_5c,HeLa-S3_nuc_pos11_q1_5c,DynamicNuclearNet,train,DynamicNuclearNet\tif_data\train\out\HeLa-S3_nuc_pos11_q1_5c\HeLa-S3_nuc_pos11_q1_5c_trackmate.xml,34,0,,,10716,10795,7,10,7.0,10.0,4,4,death,seq0009_HeLa-S3_nuc_pos11_q1_5c:cell34,False
seq0009_HeLa-S3_nuc_pos11_q1_5c,HeLa-S3_nuc_pos11_q1_5c,DynamicNuclearNet,train,DynamicNuclearNet\tif_data\train\out\HeLa-S3_nuc_pos11_q1_5c\HeLa-S3_nuc_pos11_q1_5c_trackmate.xml,35,0,,,10677,10677,8,8,8.0,8.0,1,1,death,seq0009_HeLa-S3_nuc_pos11_q1_5c:cell35,False
seq0009_HeLa-S3_nuc_pos11_q1_5c,HeLa-S3_nuc_pos11_q1_5c,DynamicNuclearNet,train,DynamicNuclearNet\tif_data\train\out\HeLa-S3_nuc_pos11_q1_5c\HeLa-S3_nuc_pos11_q1_5c_trackmate.xml,36,0,,,10712,11682,8,41,8.0,41.0,34,34,death,seq0009_HeLa-S3_nuc_pos11_q1_5c:cell36,False
seq0009_HeLa-S3_nuc_pos11_q1_5c,HeLa-S3_nuc_pos11_q1_5c,DynamicNuclearNet,train,DynamicNuclearNet\tif_data\train\out\HeLa-S3_nuc_pos11_q1_5c\HeLa-S3_nuc_pos11_q1_5c_trackmate.xml,37,0,,,10753,11696,8,41,8.0,41.0,34,34,death,seq0009_HeLa-S3_nuc_pos11_q1_5c:cell37,False
seq0009_HeLa-S3_nuc_pos11_q1_5c,HeLa-S3_nuc_pos11_q1_5c,DynamicNuclearNet,train,DynamicNuclearNet\tif_data\train\out\HeLa-S3_nuc_pos11_q1_5c\HeLa-S3_nuc_pos11_q1_5c_trackmate.xml,38,0,,,10759,10759,8,8,8.0,8.0,1,1,death,seq0009_HeLa-S3_nuc_pos11_q1_5c:cell38,False
seq0009_HeLa-S3_nuc_pos11_q1_5c,HeLa-S3_nuc_pos11_q1_5c,DynamicNuclearNet,train,DynamicNuclearNet\tif_data\train\out\HeLa-S3_nuc_pos11_q1_5c\HeLa-S3_nuc_pos11_q1_5c_trackmate.xml,39,0,,,10819,11688,10,41,10.0,41.0,32,32,death,seq0009_HeLa-S3_nuc_pos11_q1_5c:cell39,False
seq0009_HeLa-S3_nuc_pos11_q1_5c,HeLa-S3_nuc_pos11_q1_5c,DynamicNuclearNet,train,DynamicNuclearNet\tif_data\train\out\HeLa-S3_nuc_pos11_q1_5c\HeLa-S3_nuc_pos11_q1_5c_trackmate.xml,40,0,,,10839,10992,10,11,10.0,11.0,2,2,death,seq0009_HeLa-S3_nuc_pos11_q1_5c:cell40,False
seq0009_HeLa-S3_nuc_pos11_q1_5c,HeLa-S3_nuc_pos11_q1_5c,DynamicNuclearNet,train,DynamicNuclearNet\tif_data\train\out\HeLa-S3_nuc_pos11_q1_5c\HeLa-S3_nuc_pos11_q1_5c_trackmate.xml,41,0,,,10984,11693,11,41,11.0,41.0,31,31,death,seq0009_HeLa-S3_nuc_pos11_q1_5c:cell41,False
seq0009_HeLa-S3_nuc_pos11_q1_5c,HeLa-S3_nuc_pos11_q1_5c,DynamicNuclearNet,train,DynamicNuclearNet\tif_data\train\out\HeLa-S3_nuc_pos11_q1_5c\HeLa-S3_nuc_pos11_q1_5c_trackmate.xml,42,0,,,10861,10895,12,15,12.0,15.0,4,4,death,seq0009_HeLa-S3_nuc_pos11_q1_5c:cell42,False
seq0009_HeLa-S3_nuc_pos11_q1_5c,HeLa-S3_nuc_pos11_q1_5c,DynamicNuclearNet,train,DynamicNuclearNet\tif_data\train\out\HeLa-S3_nuc_pos11_q1_5c\HeLa-S3_nuc_pos11_q1_5c_trackmate.xml,43,0,,,10916,11659,14,41,14.0,41.0,28,28,death,seq0009_HeLa-S3_nuc_pos11_q1_5c:cell43,False
seq0009_HeLa-S3_nuc_pos11_q1_5c,HeLa-S3_nuc_pos11_q1_5c,DynamicNuclearNet,train,DynamicNuclearNet\tif_data\train\out\HeLa-S3_nuc_pos11_q1_5c\HeLa-S3_nuc_pos11_q1_5c_trackmate.xml,44,0,,,10919,10919,14,14,14.0,14.0,1,1,death,seq0009_HeLa-S3_nuc_pos11_q1_5c:cell44,False
seq0009_HeLa-S3_nuc_pos11_q1_5c,HeLa-S3_nuc_pos11_q1_5c,DynamicNuclearNet,train,DynamicNuclearNet\tif_data\train\out\HeLa-S3_nuc_pos11_q1_5c\HeLa-S3_nuc_pos11_q1_5c_trackmate.xml,45,0,,,11160,11160,14,14,14.0,14.0,1,1,death,seq0009_HeLa-S3_nuc_pos11_q1_5c:cell45,False
seq0009_HeLa-S3_nuc_pos11_q1_5c,HeLa-S3_nuc_pos11_q1_5c,DynamicNuclearNet,train,DynamicNuclearNet\tif_data\train\out\HeLa-S3_nuc_pos11_q1_5c\HeLa-S3_nuc_pos11_q1_5c_trackmate.xml,46,0,,,10935,11177,17,18,17.0,18.0,2,2,death,seq0009_HeLa-S3_nuc_pos11_q1_5c:cell46,False
seq0009_HeLa-S3_nuc_pos11_q1_5c,HeLa-S3_nuc_pos11_q1_5c,DynamicNuclearNet,train,DynamicNuclearNet\tif_data\train\out\HeLa-S3_nuc_pos11_q1_5c\HeLa-S3_nuc_pos11_q1_5c_trackmate.xml,47,0,,,11164,10960,18,19,18.0,19.0,2,2,death,seq0009_HeLa-S3_nuc_pos11_q1_5c:cell47,False
seq0009_HeLa-S3_nuc_pos11_q1_5c,HeLa-S3_nuc_pos11_q1_5c,DynamicNuclearNet,train,DynamicNuclearNet\tif_data\train\out\HeLa-S3_nuc_pos11_q1_5c\HeLa-S3_nuc_pos11_q1_5c_trackmate.xml,48,0,,,11014,11420,19,31,19.0,31.0,13,13,death,seq0009_HeLa-S3_nuc_pos11_q1_5c:cell48,False
seq0009_HeLa-S3_nuc_pos11_q1_5c,HeLa-S3_nuc_pos11_q1_5c,DynamicNuclearNet,train,DynamicNuclearNet\tif_data\train\out\HeLa-S3_nuc_pos11_q1_5c\HeLa-S3_nuc_pos11_q1_5c_trackmate.xml,49,0,,,11019,11019,20,20,20.0,20.0,1,1,death,seq0009_HeLa-S3_nuc_pos11_q1_5c:cell49,False
seq0009_HeLa-S3_nuc_pos11_q1_5c,HeLa-S3_nuc_pos11_q1_5c,DynamicNuclearNet,train,DynamicNuclearNet\tif_data\train\out\HeLa-S3_nuc_pos11_q1_5c\HeLa-S3_nuc_pos11_q1_5c_trackmate.xml,50,0,,,11025,11124,20,25,20.0,25.0,6,6,death,seq0009_HeLa-S3_nuc_pos11_q1_5c:cell50,False
seq0009_HeLa-S3_nuc_pos11_q1_5c,HeLa-S3_nuc_pos11_q1_5c,DynamicNuclearNet,train,DynamicNuclearNet\tif_data\train\out\HeLa-S3_nuc_pos11_q1_5c\HeLa-S3_nuc_pos11_q1_5c_trackmate.xml,51,0,,,11038,11703,20,41,20.0,41.0,22,22,death,seq0009_HeLa-S3_nuc_pos11_q1_5c:cell51,False
seq0009_HeLa-S3_nuc_pos11_q1_5c,HeLa-S3_nuc_pos11_q1_5c,DynamicNuclearNet,train,DynamicNuclearNet\tif_data\train\out\HeLa-S3_nuc_pos11_q1_5c\HeLa-S3_nuc_pos11_q1_5c_trackmate.xml,52,0,,,11271,11271,21,21,21.0,21.0,1,1,death,seq0009_HeLa-S3_nuc_pos11_q1_5c:cell52,False
seq0009_HeLa-S3_nuc_pos11_q1_5c,HeLa-S3_nuc_pos11_q1_5c,DynamicNuclearNet,train,DynamicNuclearNet\tif_data\train\out\HeLa-S3_nuc_pos11_q1_5c\HeLa-S3_nuc_pos11_q1_5c_trackmate.xml,53,0,,,11280,11664,21,41,21.0,41.0,21,21,death,seq0009_HeLa-S3_nuc_pos11_q1_5c:cell53,False
seq0009_HeLa-S3_nuc_pos11_q1_5c,HeLa-S3_nuc_pos11_q1_5c,DynamicNuclearNet,train,DynamicNuclearNet\tif_data\train\out\HeLa-S3_nuc_pos11_q1_5c\HeLa-S3_nuc_pos11_q1_5c_trackmate.xml,54,0,,,11063,11063,22,22,22.0,22.0,1,1,death,seq0009_HeLa-S3_nuc_pos11_q1_5c:cell54,False
seq0009_HeLa-S3_nuc_pos11_q1_5c,HeLa-S3_nuc_pos11_q1_5c,DynamicNuclearNet,train,DynamicNuclearNet\tif_data\train\out\HeLa-S3_nuc_pos11_q1_5c\HeLa-S3_nuc_pos11_q1_5c_trackmate.xml,55,0,,,11187,11661,24,41,24.0,41.0,18,18,death,seq0009_HeLa-S3_nuc_pos11_q1_5c:cell55,False
seq0009_HeLa-S3_nuc_pos11_q1_5c,HeLa-S3_nuc_pos11_q1_5c,DynamicNuclearNet,train,DynamicNuclearNet\tif_data\train\out\HeLa-S3_nuc_pos11_q1_5c\HeLa-S3_nuc_pos11_q1_5c_trackmate.xml,56,0,,,11425,11425,32,32,32.0,32.0,1,1,death,seq0009_HeLa-S3_nuc_pos11_q1_5c:cell56,False
seq0009_HeLa-S3_nuc_pos11_q1_5c,HeLa-S3_nuc_pos11_q1_5c,DynamicNuclearNet,train,DynamicNuclearNet\tif_data\train\out\HeLa-S3_nuc_pos11_q1_5c\HeLa-S3_nuc_pos11_q1_5c_trackmate.xml,57,0,,,11441,11441,32,32,32.0,32.0,1,1,death,seq0009_HeLa-S3_nuc_pos11_q1_5c:cell57,False
seq0009_HeLa-S3_nuc_pos11_q1_5c,HeLa-S3_nuc_pos11_q1_5c,DynamicNuclearNet,train,DynamicNuclearNet\tif_data\train\out\HeLa-S3_nuc_pos11_q1_5c\HeLa-S3_nuc_pos11_q1_5c_trackmate.xml,58,0,,,11488,11488,34,34,34.0,34.0,1,1,death,seq0009_HeLa-S3_nuc_pos11_q1_5c:cell58,False
seq0009_HeLa-S3_nuc_pos11_q1_5c,HeLa-S3_nuc_pos11_q1_5c,DynamicNuclearNet,train,DynamicNuclearNet\tif_data\train\out\HeLa-S3_nuc_pos11_q1_5c\HeLa-S3_nuc_pos11_q1_5c_trackmate.xml,59,0,,,11511,11657,34,38,34.0,38.0,5,5,death,seq0009_HeLa-S3_nuc_pos11_q1_5c:cell59,False
seq0009_HeLa-S3_nuc_pos11_q1_5c,HeLa-S3_nuc_pos11_q1_5c,DynamicNuclearNet,train,DynamicNuclearNet\tif_data\train\out\HeLa-S3_nuc_pos11_q1_5c\HeLa-S3_nuc_pos11_q1_5c_trackmate.xml,60,0,,,11658,11705,38,41,38.0,41.0,4,4,death,seq0009_HeLa-S3_nuc_pos11_q1_5c:cell60,False
seq0009_HeLa-S3_nuc_pos11_q1_5c,HeLa-S3_nuc_pos11_q1_5c,DynamicNuclearNet,train,DynamicNuclearNet\tif_data\train\out\HeLa-S3_nuc_pos11_q1_5c\HeLa-S3_nuc_pos11_q1_5c_trackmate.xml,61,0,,,11714,11706,40,41,40.0,41.0,2,2,death,seq0009_HeLa-S3_nuc_pos11_q1_5c:cell61,False
seq0010_HeLa-S3_nuc_pos12_q0_5c,HeLa-S3_nuc_pos12_q0_5c,DynamicNuclearNet,train,DynamicNuclearNet\tif_data\train\out\HeLa-S3_nuc_pos12_q0_5c\HeLa-S3_nuc_pos12_q0_5c_trackmate.xml,0,0,,,12210,13355,0,41,0.0,41.0,42,42,death,seq0010_HeLa-S3_nuc_pos12_q0_5c:cell0,False
seq0010_HeLa-S3_nuc_pos12_q0_5c,HeLa-S3_nuc_pos12_q0_5c,DynamicNuclearNet,train,DynamicNuclearNet\tif_data\train\out\HeLa-S3_nuc_pos12_q0_5c\HeLa-S3_nuc_pos12_q0_5c_trackmate.xml,1,0,,,12211,13349,0,41,0.0,41.0,42,42,death,seq0010_HeLa-S3_nuc_pos12_q0_5c:cell1,False
seq0010_HeLa-S3_nuc_pos12_q0_5c,HeLa-S3_nuc_pos12_q0_5c,DynamicNuclearNet,train,DynamicNuclearNet\tif_data\train\out\HeLa-S3_nuc_pos12_q0_5c\HeLa-S3_nuc_pos12_q0_5c_trackmate.xml,2,0,,,12212,13366,0,41,0.0,41.0,42,42,death,seq0010_HeLa-S3_nuc_pos12_q0_5c:cell2,False
seq0010_HeLa-S3_nuc_pos12_q0_5c,HeLa-S3_nuc_pos12_q0_5c,DynamicNuclearNet,train,DynamicNuclearNet\tif_data\train\out\HeLa-S3_nuc_pos12_q0_5c\HeLa-S3_nuc_pos12_q0_5c_trackmate.xml,3,0,,,12213,12343,0,18,0.0,18.0,19,19,death,seq0010_HeLa-S3_nuc_pos12_q0_5c:cell3,False
seq0010_HeLa-S3_nuc_pos12_q0_5c,HeLa-S3_nuc_pos12_q0_5c,DynamicNuclearNet,train,DynamicNuclearNet\tif_data\train\out\HeLa-S3_nuc_pos12_q0_5c\HeLa-S3_nuc_pos12_q0_5c_trackmate.xml,4,0,,,12214,13373,0,41,0.0,41.0,42,42,death,seq0010_HeLa-S3_nuc_pos12_q0_5c:cell4,False
seq0010_HeLa-S3_nuc_pos12_q0_5c,HeLa-S3_nuc_pos12_q0_5c,DynamicNuclearNet,train,DynamicNuclearNet\tif_data\train\out\HeLa-S3_nuc_pos12_q0_5c\HeLa-S3_nuc_pos12_q0_5c_trackmate.xml,5,0,,,12215,13383,0,41,0.0,41.0,42,42,death,seq0010_HeLa-S3_nuc_pos12_q0_5c:cell5,False
seq0010_HeLa-S3_nuc_pos12_q0_5c,HeLa-S3_nuc_pos12_q0_5c,DynamicNuclearNet,train,DynamicNuclearNet\tif_data\train\out\HeLa-S3_nuc_pos12_q0_5c\HeLa-S3_nuc_pos12_q0_5c_trackmate.xml,6,0,,,12216,13406,0,41,0.0,41.0,42,42,death,seq0010_HeLa-S3_nuc_pos12_q0_5c:cell6,False
seq0010_HeLa-S3_nuc_pos12_q0_5c,HeLa-S3_nuc_pos12_q0_5c,DynamicNuclearNet,train,DynamicNuclearNet\tif_data\train\out\HeLa-S3_nuc_pos12_q0_5c\HeLa-S3_nuc_pos12_q0_5c_trackmate.xml,7,0,,,12217,13394,0,41,0.0,41.0,42,42,death,seq0010_HeLa-S3_nuc_pos12_q0_5c:cell7,False
seq0010_HeLa-S3_nuc_pos12_q0_5c,HeLa-S3_nuc_pos12_q0_5c,DynamicNuclearNet,train,DynamicNuclearNet\tif_data\train\out\HeLa-S3_nuc_pos12_q0_5c\HeLa-S3_nuc_pos12_q0_5c_trackmate.xml,8,0,,,12218,13389,0,41,0.0,41.0,42,42,death,seq0010_HeLa-S3_nuc_pos12_q0_5c:cell8,False
seq0010_HeLa-S3_nuc_pos12_q0_5c,HeLa-S3_nuc_pos12_q0_5c,DynamicNuclearNet,train,DynamicNuclearNet\tif_data\train\out\HeLa-S3_nuc_pos12_q0_5c\HeLa-S3_nuc_pos12_q0_5c_trackmate.xml,9,0,,,12219,13400,0,41,0.0,41.0,42,42,death,seq0010_HeLa-S3_nuc_pos12_q0_5c:cell9,False
seq0010_HeLa-S3_nuc_pos12_q0_5c,HeLa-S3_nuc_pos12_q0_5c,DynamicNuclearNet,train,DynamicNuclearNet\tif_data\train\out\HeLa-S3_nuc_pos12_q0_5c\HeLa-S3_nuc_pos12_q0_5c_trackmate.xml,10,0,,,12220,13411,0,41,0.0,41.0,42,42,death,seq0010_HeLa-S3_nuc_pos12_q0_5c:cell10,False
seq0010_HeLa-S3_nuc_pos12_q0_5c,HeLa-S3_nuc_pos12_q0_5c,DynamicNuclearNet,train,DynamicNuclearNet\tif_data\train\out\HeLa-S3_nuc_pos12_q0_5c\HeLa-S3_nuc_pos12_q0_5c_trackmate.xml,11,0,,,12221,12699,0,22,0.0,22.0,23,23,death,seq0010_HeLa-S3_nuc_pos12_q0_5c:cell11,False
seq0010_HeLa-S3_nuc_pos12_q0_5c,HeLa-S3_nuc_pos12_q0_5c,DynamicNuclearNet,train,DynamicNuclearNet\tif_data\train\out\HeLa-S3_nuc_pos12_q0_5c\HeLa-S3_nuc_pos12_q0_5c_trackmate.xml,12,0,,,12222,13427,0,41,0.0,41.0,42,42,death,seq0010_HeLa-S3_nuc_pos12_q0_5c:cell12,False
seq0010_HeLa-S3_nuc_pos12_q0_5c,HeLa-S3_nuc_pos12_q0_5c,DynamicNuclearNet,train,DynamicNuclearNet\tif_data\train\out\HeLa-S3_nuc_pos12_q0_5c\HeLa-S3_nuc_pos12_q0_5c_trackmate.xml,13,0,,,12223,13438,0,41,0.0,41.0,42,42,death,seq0010_HeLa-S3_nuc_pos12_q0_5c:cell13,False
seq0010_HeLa-S3_nuc_pos12_q0_5c,HeLa-S3_nuc_pos12_q0_5c,DynamicNuclearNet,train,DynamicNuclearNet\tif_data\train\out\HeLa-S3_nuc_pos12_q0_5c\HeLa-S3_nuc_pos12_q0_5c_trackmate.xml,14,0,,,12224,13432,0,41,0.0,41.0,42,42,death,seq0010_HeLa-S3_nuc_pos12_q0_5c:cell14,False
seq0010_HeLa-S3_nuc_pos12_q0_5c,HeLa-S3_nuc_pos12_q0_5c,DynamicNuclearNet,train,DynamicNuclearNet\tif_data\train\out\HeLa-S3_nuc_pos12_q0_5c\HeLa-S3_nuc_pos12_q0_5c_trackmate.xml,15,0,,,12225,13444,0,41,0.0,41.0,42,42,death,seq0010_HeLa-S3_nuc_pos12_q0_5c:cell15,False
seq0010_HeLa-S3_nuc_pos12_q0_5c,HeLa-S3_nuc_pos12_q0_5c,DynamicNuclearNet,train,DynamicNuclearNet\tif_data\train\out\HeLa-S3_nuc_pos12_q0_5c\HeLa-S3_nuc_pos12_q0_5c_trackmate.xml,16,0,,,12226,13454,0,41,0.0,41.0,42,42,death,seq0010_HeLa-S3_nuc_pos12_q0_5c:cell16,False
seq0010_HeLa-S3_nuc_pos12_q0_5c,HeLa-S3_nuc_pos12_q0_5c,DynamicNuclearNet,train,DynamicNuclearNet\tif_data\train\out\HeLa-S3_nuc_pos12_q0_5c\HeLa-S3_nuc_pos12_q0_5c_trackmate.xml,17,0,,,12227,13450,0,41,0.0,41.0,42,42,death,seq0010_HeLa-S3_nuc_pos12_q0_5c:cell17,False
seq0010_HeLa-S3_nuc_pos12_q0_5c,HeLa-S3_nuc_pos12_q0_5c,DynamicNuclearNet,train,DynamicNuclearNet\tif_data\train\out\HeLa-S3_nuc_pos12_q0_5c\HeLa-S3_nuc_pos12_q0_5c_trackmate.xml,18,0,,,12229,13461,0,41,0.0,41.0,42,42,death,seq0010_HeLa-S3_nuc_pos12_q0_5c:cell18,False
seq0010_HeLa-S3_nuc_pos12_q0_5c,HeLa-S3_nuc_pos12_q0_5c,DynamicNuclearNet,train,DynamicNuclearNet\tif_data\train\out\HeLa-S3_nuc_pos12_q0_5c\HeLa-S3_nuc_pos12_q0_5c_trackmate.xml,19,0,,,12230,13478,0,41,0.0,41.0,42,42,death,seq0010_HeLa-S3_nuc_pos12_q0_5c:cell19,False
seq0010_HeLa-S3_nuc_pos12_q0_5c,HeLa-S3_nuc_pos12_q0_5c,DynamicNuclearNet,train,DynamicNuclearNet\tif_data\train\out\HeLa-S3_nuc_pos12_q0_5c\HeLa-S3_nuc_pos12_q0_5c_trackmate.xml,20,0,,,12231,13467,0,41,0.0,41.0,42,42,death,seq0010_HeLa-S3_nuc_pos12_q0_5c:cell20,False
seq0010_HeLa-S3_nuc_pos12_q0_5c,HeLa-S3_nuc_pos12_q0_5c,DynamicNuclearNet,train,DynamicNuclearNet\tif_data\train\out\HeLa-S3_nuc_pos12_q0_5c\HeLa-S3_nuc_pos12_q0_5c_trackmate.xml,21,0,,,12232,13473,0,41,0.0,41.0,42,42,death,seq0010_HeLa-S3_nuc_pos12_q0_5c:cell21,False
seq0010_HeLa-S3_nuc_pos12_q0_5c,HeLa-S3_nuc_pos12_q0_5c,DynamicNuclearNet,train,DynamicNuclearNet\tif_data\train\out\HeLa-S3_nuc_pos12_q0_5c\HeLa-S3_nuc_pos12_q0_5c_trackmate.xml,22,0,,,12233,13483,0,41,0.0,41.0,42,42,death,seq0010_HeLa-S3_nuc_pos12_q0_5c:cell22,False
seq0010_HeLa-S3_nuc_pos12_q0_5c,HeLa-S3_nuc_pos12_q0_5c,DynamicNuclearNet,train,DynamicNuclearNet\tif_data\train\out\HeLa-S3_nuc_pos12_q0_5c\HeLa-S3_nuc_pos12_q0_5c_trackmate.xml,23,0,,,12234,13501,0,41,0.0,41.0,42,42,death,seq0010_HeLa-S3_nuc_pos12_q0_5c:cell23,False
seq0010_HeLa-S3_nuc_pos12_q0_5c,HeLa-S3_nuc_pos12_q0_5c,DynamicNuclearNet,train,DynamicNuclearNet\tif_data\train\out\HeLa-S3_nuc_pos12_q0_5c\HeLa-S3_nuc_pos12_q0_5c_trackmate.xml,24,0,,,12235,13495,0,41,0.0,41.0,42,42,death,seq0010_HeLa-S3_nuc_pos12_q0_5c:cell24,False
seq0010_HeLa-S3_nuc_pos12_q0_5c,HeLa-S3_nuc_pos12_q0_5c,DynamicNuclearNet,train,DynamicNuclearNet\tif_data\train\out\HeLa-S3_nuc_pos12_q0_5c\HeLa-S3_nuc_pos12_q0_5c_trackmate.xml,25,0,,,12236,13489,0,41,0.0,41.0,42,42,death,seq0010_HeLa-S3_nuc_pos12_q0_5c:cell25,False
seq0010_HeLa-S3_nuc_pos12_q0_5c,HeLa-S3_nuc_pos12_q0_5c,DynamicNuclearNet,train,DynamicNuclearNet\tif_data\train\out\HeLa-S3_nuc_pos12_q0_5c\HeLa-S3_nuc_pos12_q0_5c_trackmate.xml,26,0,,,12237,13505,0,41,0.0,41.0,42,42,death,seq0010_HeLa-S3_nuc_pos12_q0_5c:cell26,False
seq0010_HeLa-S3_nuc_pos12_q0_5c,HeLa-S3_nuc_pos12_q0_5c,DynamicNuclearNet,train,DynamicNuclearNet\tif_data\train\out\HeLa-S3_nuc_pos12_q0_5c\HeLa-S3_nuc_pos12_q0_5c_trackmate.xml,27,0,,,12238,13510,0,41,0.0,41.0,42,42,death,seq0010_HeLa-S3_nuc_pos12_q0_5c:cell27,False
seq0010_HeLa-S3_nuc_pos12_q0_5c,HeLa-S3_nuc_pos12_q0_5c,DynamicNuclearNet,train,DynamicNuclearNet\tif_data\train\out\HeLa-S3_nuc_pos12_q0_5c\HeLa-S3_nuc_pos12_q0_5c_trackmate.xml,28,0,,,12239,13514,0,41,0.0,41.0,42,42,death,seq0010_HeLa-S3_nuc_pos12_q0_5c:cell28,False
seq0010_HeLa-S3_nuc_pos12_q0_5c,HeLa-S3_nuc_pos12_q0_5c,DynamicNuclearNet,train,DynamicNuclearNet\tif_data\train\out\HeLa-S3_nuc_pos12_q0_5c\HeLa-S3_nuc_pos12_q0_5c_trackmate.xml,29,0,,,12240,13517,0,41,0.0,41.0,42,42,death,seq0010_HeLa-S3_nuc_pos12_q0_5c:cell29,False
seq0010_HeLa-S3_nuc_pos12_q0_5c,HeLa-S3_nuc_pos12_q0_5c,DynamicNuclearNet,train,DynamicNuclearNet\tif_data\train\out\HeLa-S3_nuc_pos12_q0_5c\HeLa-S3_nuc_pos12_q0_5c_trackmate.xml,30,0,,,12242,13523,0,41,0.0,41.0,42,42,death,seq0010_HeLa-S3_nuc_pos12_q0_5c:cell30,False
seq0010_HeLa-S3_nuc_pos12_q0_5c,HeLa-S3_nuc_pos12_q0_5c,DynamicNuclearNet,train,DynamicNuclearNet\tif_data\train\out\HeLa-S3_nuc_pos12_q0_5c\HeLa-S3_nuc_pos12_q0_5c_trackmate.xml,31,0,,,12244,13527,0,41,0.0,41.0,42,42,death,seq0010_HeLa-S3_nuc_pos12_q0_5c:cell31,False
seq0010_HeLa-S3_nuc_pos12_q0_5c,HeLa-S3_nuc_pos12_q0_5c,DynamicNuclearNet,train,DynamicNuclearNet\tif_data\train\out\HeLa-S3_nuc_pos12_q0_5c\HeLa-S3_nuc_pos12_q0_5c_trackmate.xml,32,0,,,12246,13531,0,41,0.0,41.0,42,42,death,seq0010_HeLa-S3_nuc_pos12_q0_5c:cell32,False
seq0010_HeLa-S3_nuc_pos12_q0_5c,HeLa-S3_nuc_pos12_q0_5c,DynamicNuclearNet,train,DynamicNuclearNet\tif_data\train\out\HeLa-S3_nuc_pos12_q0_5c\HeLa-S3_nuc_pos12_q0_5c_trackmate.xml,33,0,,,12248,13535,0,41,0.0,41.0,42,42,death,seq0010_HeLa-S3_nuc_pos12_q0_5c:cell33,False
seq0010_HeLa-S3_nuc_pos12_q0_5c,HeLa-S3_nuc_pos12_q0_5c,DynamicNuclearNet,train,DynamicNuclearNet\tif_data\train\out\HeLa-S3_nuc_pos12_q0_5c\HeLa-S3_nuc_pos12_q0_5c_trackmate.xml,34,0,,,12250,13515,0,40,0.0,40.0,41,41,death,seq0010_HeLa-S3_nuc_pos12_q0_5c:cell34,False
seq0010_HeLa-S3_nuc_pos12_q0_5c,HeLa-S3_nuc_pos12_q0_5c,DynamicNuclearNet,train,DynamicNuclearNet\tif_data\train\out\HeLa-S3_nuc_pos12_q0_5c\HeLa-S3_nuc_pos12_q0_5c_trackmate.xml,35,0,,,12253,13539,0,41,0.0,41.0,42,42,death,seq0010_HeLa-S3_nuc_pos12_q0_5c:cell35,False
seq0010_HeLa-S3_nuc_pos12_q0_5c,HeLa-S3_nuc_pos12_q0_5c,DynamicNuclearNet,train,DynamicNuclearNet\tif_data\train\out\HeLa-S3_nuc_pos12_q0_5c\HeLa-S3_nuc_pos12_q0_5c_trackmate.xml,36,0,,,12255,13543,0,41,0.0,41.0,42,42,death,seq0010_HeLa-S3_nuc_pos12_q0_5c:cell36,False
seq0010_HeLa-S3_nuc_pos12_q0_5c,HeLa-S3_nuc_pos12_q0_5c,DynamicNuclearNet,train,DynamicNuclearNet\tif_data\train\out\HeLa-S3_nuc_pos12_q0_5c\HeLa-S3_nuc_pos12_q0_5c_trackmate.xml,37,0,,,12259,13548,0,41,0.0,41.0,42,42,death,seq0010_HeLa-S3_nuc_pos12_q0_5c:cell37,False
seq0010_HeLa-S3_nuc_pos12_q0_5c,HeLa-S3_nuc_pos12_q0_5c,DynamicNuclearNet,train,DynamicNuclearNet\tif_data\train\out\HeLa-S3_nuc_pos12_q0_5c\HeLa-S3_nuc_pos12_q0_5c_trackmate.xml,38,0,,,12261,13555,0,41,0.0,41.0,42,42,death,seq0010_HeLa-S3_nuc_pos12_q0_5c:cell38,False
seq0010_HeLa-S3_nuc_pos12_q0_5c,HeLa-S3_nuc_pos12_q0_5c,DynamicNuclearNet,train,DynamicNuclearNet\tif_data\train\out\HeLa-S3_nuc_pos12_q0_5c\HeLa-S3_nuc_pos12_q0_5c_trackmate.xml,39,0,,,12263,13557,0,41,0.0,41.0,42,42,death,seq0010_HeLa-S3_nuc_pos12_q0_5c:cell39,False
seq0010_HeLa-S3_nuc_pos12_q0_5c,HeLa-S3_nuc_pos12_q0_5c,DynamicNuclearNet,train,DynamicNuclearNet\tif_data\train\out\HeLa-S3_nuc_pos12_q0_5c\HeLa-S3_nuc_pos12_q0_5c_trackmate.xml,40,0,,,12265,13559,0,41,0.0,41.0,42,42,death,seq0010_HeLa-S3_nuc_pos12_q0_5c:cell40,False
seq0010_HeLa-S3_nuc_pos12_q0_5c,HeLa-S3_nuc_pos12_q0_5c,DynamicNuclearNet,train,DynamicNuclearNet\tif_data\train\out\HeLa-S3_nuc_pos12_q0_5c\HeLa-S3_nuc_pos12_q0_5c_trackmate.xml,41,0,,,12268,12725,0,21,0.0,21.0,22,22,death,seq0010_HeLa-S3_nuc_pos12_q0_5c:cell41,False
seq0010_HeLa-S3_nuc_pos12_q0_5c,HeLa-S3_nuc_pos12_q0_5c,DynamicNuclearNet,train,DynamicNuclearNet\tif_data\train\out\HeLa-S3_nuc_pos12_q0_5c\HeLa-S3_nuc_pos12_q0_5c_trackmate.xml,42,0,,,12271,13235,0,30,0.0,30.0,31,31,death,seq0010_HeLa-S3_nuc_pos12_q0_5c:cell42,False
seq0010_HeLa-S3_nuc_pos12_q0_5c,HeLa-S3_nuc_pos12_q0_5c,DynamicNuclearNet,train,DynamicNuclearNet\tif_data\train\out\HeLa-S3_nuc_pos12_q0_5c\HeLa-S3_nuc_pos12_q0_5c_trackmate.xml,43,0,,,11942,12183,7,11,7.0,11.0,5,5,death,seq0010_HeLa-S3_nuc_pos12_q0_5c:cell43,False
seq0010_HeLa-S3_nuc_pos12_q0_5c,HeLa-S3_nuc_pos12_q0_5c,DynamicNuclearNet,train,DynamicNuclearNet\tif_data\train\out\HeLa-S3_nuc_pos12_q0_5c\HeLa-S3_nuc_pos12_q0_5c_trackmate.xml,44,0,,,12446,12764,15,23,15.0,23.0,9,9,death,seq0010_HeLa-S3_nuc_pos12_q0_5c:cell44,False
seq0010_HeLa-S3_nuc_pos12_q0_5c,HeLa-S3_nuc_pos12_q0_5c,DynamicNuclearNet,train,DynamicNuclearNet\tif_data\train\out\HeLa-S3_nuc_pos12_q0_5c\HeLa-S3_nuc_pos12_q0_5c_trackmate.xml,45,0,,,12756,13417,23,41,23.0,41.0,19,19,death,seq0010_HeLa-S3_nuc_pos12_q0_5c:cell45,False
seq0010_HeLa-S3_nuc_pos12_q0_5c,HeLa-S3_nuc_pos12_q0_5c,DynamicNuclearNet,train,DynamicNuclearNet\tif_data\train\out\HeLa-S3_nuc_pos12_q0_5c\HeLa-S3_nuc_pos12_q0_5c_trackmate.xml,46,0,,,12757,13423,23,41,23.0,41.0,19,19,death,seq0010_HeLa-S3_nuc_pos12_q0_5c:cell46,False
seq0010_HeLa-S3_nuc_pos12_q0_5c,HeLa-S3_nuc_pos12_q0_5c,DynamicNuclearNet,train,DynamicNuclearNet\tif_data\train\out\HeLa-S3_nuc_pos12_q0_5c\HeLa-S3_nuc_pos12_q0_5c_trackmate.xml,47,0,,,12939,13151,25,28,25.0,28.0,4,4,death,seq0010_HeLa-S3_nuc_pos12_q0_5c:cell47,False
seq0010_HeLa-S3_nuc_pos12_q0_5c,HeLa-S3_nuc_pos12_q0_5c,DynamicNuclearNet,train,DynamicNuclearNet\tif_data\train\out\HeLa-S3_nuc_pos12_q0_5c\HeLa-S3_nuc_pos12_q0_5c_trackmate.xml,48,0,,,12977,13237,25,30,25.0,30.0,6,6,death,seq0010_HeLa-S3_nuc_pos12_q0_5c:cell48,False
seq0010_HeLa-S3_nuc_pos12_q0_5c,HeLa-S3_nuc_pos12_q0_5c,DynamicNuclearNet,train,DynamicNuclearNet\tif_data\train\out\HeLa-S3_nuc_pos12_q0_5c\HeLa-S3_nuc_pos12_q0_5c_trackmate.xml,49,0,,,12860,13361,26,41,26.0,41.0,16,16,death,seq0010_HeLa-S3_nuc_pos12_q0_5c:cell49,False
seq0010_HeLa-S3_nuc_pos12_q0_5c,HeLa-S3_nuc_pos12_q0_5c,DynamicNuclearNet,train,DynamicNuclearNet\tif_data\train\out\HeLa-S3_nuc_pos12_q0_5c\HeLa-S3_nuc_pos12_q0_5c_trackmate.xml,50,0,,,12873,12873,26,26,26.0,26.0,1,1,death,seq0010_HeLa-S3_nuc_pos12_q0_5c:cell50,False
seq0010_HeLa-S3_nuc_pos12_q0_5c,HeLa-S3_nuc_pos12_q0_5c,DynamicNuclearNet,train,DynamicNuclearNet\tif_data\train\out\HeLa-S3_nuc_pos12_q0_5c\HeLa-S3_nuc_pos12_q0_5c_trackmate.xml,51,0,,,12875,13376,28,41,28.0,41.0,14,14,death,seq0010_HeLa-S3_nuc_pos12_q0_5c:cell51,False
seq0010_HeLa-S3_nuc_pos12_q0_5c,HeLa-S3_nuc_pos12_q0_5c,DynamicNuclearNet,train,DynamicNuclearNet\tif_data\train\out\HeLa-S3_nuc_pos12_q0_5c\HeLa-S3_nuc_pos12_q0_5c_trackmate.xml,52,0,,,13221,13532,31,40,31.0,40.0,10,10,death,seq0010_HeLa-S3_nuc_pos12_q0_5c:cell52,False
seq0010_HeLa-S3_nuc_pos12_q0_5c,HeLa-S3_nuc_pos12_q0_5c,DynamicNuclearNet,train,DynamicNuclearNet\tif_data\train\out\HeLa-S3_nuc_pos12_q0_5c\HeLa-S3_nuc_pos12_q0_5c_trackmate.xml,53,0,,,13492,13561,36,41,36.0,41.0,6,6,death,seq0010_HeLa-S3_nuc_pos12_q0_5c:cell53,False
seq0010_HeLa-S3_nuc_pos12_q0_5c,HeLa-S3_nuc_pos12_q0_5c,DynamicNuclearNet,train,DynamicNuclearNet\tif_data\train\out\HeLa-S3_nuc_pos12_q0_5c\HeLa-S3_nuc_pos12_q0_5c_trackmate.xml,54,0,,,13362,13362,39,39,39.0,39.0,1,1,death,seq0010_HeLa-S3_nuc_pos12_q0_5c:cell54,False
seq0010_HeLa-S3_nuc_pos12_q0_5c,HeLa-S3_nuc_pos12_q0_5c,DynamicNuclearNet,train,DynamicNuclearNet\tif_data\train\out\HeLa-S3_nuc_pos12_q0_5c\HeLa-S3_nuc_pos12_q0_5c_trackmate.xml,55,0,,,13395,13395,40,40,40.0,40.0,1,1,death,seq0010_HeLa-S3_nuc_pos12_q0_5c:cell55,False
seq0011_HeLa-S3_nuc_pos12_q1_5c,HeLa-S3_nuc_pos12_q1_5c,DynamicNuclearNet,train,DynamicNuclearNet\tif_data\train\out\HeLa-S3_nuc_pos12_q1_5c\HeLa-S3_nuc_pos12_q1_5c_trackmate.xml,0,0,,,14648,14611,0,41,0.0,41.0,42,42,death,seq0011_HeLa-S3_nuc_pos12_q1_5c:cell0,False
seq0011_HeLa-S3_nuc_pos12_q1_5c,HeLa-S3_nuc_pos12_q1_5c,DynamicNuclearNet,train,DynamicNuclearNet\tif_data\train\out\HeLa-S3_nuc_pos12_q1_5c\HeLa-S3_nuc_pos12_q1_5c_trackmate.xml,1,0,,,14651,14616,0,41,0.0,41.0,42,42,death,seq0011_HeLa-S3_nuc_pos12_q1_5c:cell1,False
seq0011_HeLa-S3_nuc_pos12_q1_5c,HeLa-S3_nuc_pos12_q1_5c,DynamicNuclearNet,train,DynamicNuclearNet\tif_data\train\out\HeLa-S3_nuc_pos12_q1_5c\HeLa-S3_nuc_pos12_q1_5c_trackmate.xml,2,0,,,14656,13754,0,2,0.0,2.0,3,3,death,seq0011_HeLa-S3_nuc_pos12_q1_5c:cell2,False
seq0011_HeLa-S3_nuc_pos12_q1_5c,HeLa-S3_nuc_pos12_q1_5c,DynamicNuclearNet,train,DynamicNuclearNet\tif_data\train\out\HeLa-S3_nuc_pos12_q1_5c\HeLa-S3_nuc_pos12_q1_5c_trackmate.xml,3,0,,,14658,14624,0,41,0.0,41.0,42,42,death,seq0011_HeLa-S3_nuc_pos12_q1_5c:cell3,False
seq0011_HeLa-S3_nuc_pos12_q1_5c,HeLa-S3_nuc_pos12_q1_5c,DynamicNuclearNet,train,DynamicNuclearNet\tif_data\train\out\HeLa-S3_nuc_pos12_q1_5c\HeLa-S3_nuc_pos12_q1_5c_trackmate.xml,4,0,,,14661,14009,0,18,0.0,18.0,19,19,death,seq0011_HeLa-S3_nuc_pos12_q1_5c:cell4,False
seq0011_HeLa-S3_nuc_pos12_q1_5c,HeLa-S3_nuc_pos12_q1_5c,DynamicNuclearNet,train,DynamicNuclearNet\tif_data\train\out\HeLa-S3_nuc_pos12_q1_5c\HeLa-S3_nuc_pos12_q1_5c_trackmate.xml,5,0,,,14665,14665,0,0,0.0,0.0,1,1,death,seq0011_HeLa-S3_nuc_pos12_q1_5c:cell5,False
seq0011_HeLa-S3_nuc_pos12_q1_5c,HeLa-S3_nuc_pos12_q1_5c,DynamicNuclearNet,train,DynamicNuclearNet\tif_data\train\out\HeLa-S3_nuc_pos12_q1_5c\HeLa-S3_nuc_pos12_q1_5c_trackmate.xml,6,0,,,14668,14637,0,41,0.0,41.0,42,42,death,seq0011_HeLa-S3_nuc_pos12_q1_5c:cell6,False
seq0011_HeLa-S3_nuc_pos12_q1_5c,HeLa-S3_nuc_pos12_q1_5c,DynamicNuclearNet,train,DynamicNuclearNet\tif_data\train\out\HeLa-S3_nuc_pos12_q1_5c\HeLa-S3_nuc_pos12_q1_5c_trackmate.xml,7,0,,,14672,14641,0,41,0.0,41.0,42,42,death,seq0011_HeLa-S3_nuc_pos12_q1_5c:cell7,False
seq0011_HeLa-S3_nuc_pos12_q1_5c,HeLa-S3_nuc_pos12_q1_5c,DynamicNuclearNet,train,DynamicNuclearNet\tif_data\train\out\HeLa-S3_nuc_pos12_q1_5c\HeLa-S3_nuc_pos12_q1_5c_trackmate.xml,8,0,,,14676,13877,0,11,0.0,11.0,12,12,death,seq0011_HeLa-S3_nuc_pos12_q1_5c:cell8,False
seq0011_HeLa-S3_nuc_pos12_q1_5c,HeLa-S3_nuc_pos12_q1_5c,DynamicNuclearNet,train,DynamicNuclearNet\tif_data\train\out\HeLa-S3_nuc_pos12_q1_5c\HeLa-S3_nuc_pos12_q1_5c_trackmate.xml,9,0,,,14678,14646,0,41,0.0,41.0,42,42,death,seq0011_HeLa-S3_nuc_pos12_q1_5c:cell9,False
seq0011_HeLa-S3_nuc_pos12_q1_5c,HeLa-S3_nuc_pos12_q1_5c,DynamicNuclearNet,train,DynamicNuclearNet\tif_data\train\out\HeLa-S3_nuc_pos12_q1_5c\HeLa-S3_nuc_pos12_q1_5c_trackmate.xml,10,0,,,14681,14681,0,0,0.0,0.0,1,1,death,seq0011_HeLa-S3_nuc_pos12_q1_5c:cell10,False
seq0011_HeLa-S3_nuc_pos12_q1_5c,HeLa-S3_nuc_pos12_q1_5c,DynamicNuclearNet,train,DynamicNuclearNet\tif_data\train\out\HeLa-S3_nuc_pos12_q1_5c\HeLa-S3_nuc_pos12_q1_5c_trackmate.xml,11,0,,,14683,14683,0,0,0.0,0.0,1,1,death,seq0011_HeLa-S3_nuc_pos12_q1_5c:cell11,False
seq0011_HeLa-S3_nuc_pos12_q1_5c,HeLa-S3_nuc_pos12_q1_5c,DynamicNuclearNet,train,DynamicNuclearNet\tif_data\train\out\HeLa-S3_nuc_pos12_q1_5c\HeLa-S3_nuc_pos12_q1_5c_trackmate.xml,12,0,,64|65,14686,13819,0,3,0.0,3.0,4,4,division,seq0011_HeLa-S3_nuc_pos12_q1_5c:cell12,True
seq0011_HeLa-S3_nuc_pos12_q1_5c,HeLa-S3_nuc_pos12_q1_5c,DynamicNuclearNet,train,DynamicNuclearNet\tif_data\train\out\HeLa-S3_nuc_pos12_q1_5c\HeLa-S3_nuc_pos12_q1_5c_trackmate.xml,13,0,,,14688,14671,0,41,0.0,41.0,42,42,death,seq0011_HeLa-S3_nuc_pos12_q1_5c:cell13,False
seq0011_HeLa-S3_nuc_pos12_q1_5c,HeLa-S3_nuc_pos12_q1_5c,DynamicNuclearNet,train,DynamicNuclearNet\tif_data\train\out\HeLa-S3_nuc_pos12_q1_5c\HeLa-S3_nuc_pos12_q1_5c_trackmate.xml,14,0,,,14691,14667,0,41,0.0,41.0,42,42,death,seq0011_HeLa-S3_nuc_pos12_q1_5c:cell14,False
seq0011_HeLa-S3_nuc_pos12_q1_5c,HeLa-S3_nuc_pos12_q1_5c,DynamicNuclearNet,train,DynamicNuclearNet\tif_data\train\out\HeLa-S3_nuc_pos12_q1_5c\HeLa-S3_nuc_pos12_q1_5c_trackmate.xml,15,0,,,14695,13645,0,5,0.0,5.0,6,6,death,seq0011_HeLa-S3_nuc_pos12_q1_5c:cell15,False
seq0011_HeLa-S3_nuc_pos12_q1_5c,HeLa-S3_nuc_pos12_q1_5c,DynamicNuclearNet,train,DynamicNuclearNet\tif_data\train\out\HeLa-S3_nuc_pos12_q1_5c\HeLa-S3_nuc_pos12_q1_5c_trackmate.xml,16,0,,,14698,13756,0,8,0.0,8.0,9,9,death,seq0011_HeLa-S3_nuc_pos12_q1_5c:cell16,False
seq0011_HeLa-S3_nuc_pos12_q1_5c,HeLa-S3_nuc_pos12_q1_5c,DynamicNuclearNet,train,DynamicNuclearNet\tif_data\train\out\HeLa-S3_nuc_pos12_q1_5c\HeLa-S3_nuc_pos12_q1_5c_trackmate.xml,17,0,,,14700,14682,0,41,0.0,41.0,42,42,death,seq0011_HeLa-S3_nuc_pos12_q1_5c:cell17,False
seq0011_HeLa-S3_nuc_pos12_q1_5c,HeLa-S3_nuc_pos12_q1_5c,DynamicNuclearNet,train,DynamicNuclearNet\tif_data\train\out\HeLa-S3_nuc_pos12_q1_5c\HeLa-S3_nuc_pos12_q1_5c_trackmate.xml,18,0,,,14701,14689,0,41,0.0,41.0,42,42,death,seq0011_HeLa-S3_nuc_pos12_q1_5c:cell18,False
seq0011_HeLa-S3_nuc_pos12_q1_5c,HeLa-S3_nuc_pos12_q1_5c,DynamicNuclearNet,train,DynamicNuclearNet\tif_data\train\out\HeLa-S3_nuc_pos12_q1_5c\HeLa-S3_nuc_pos12_q1_5c_trackmate.xml,19,0,,,14702,14685,0,41,0.0,41.0,42,42,death,seq0011_HeLa-S3_nuc_pos12_q1_5c:cell19,False
seq0011_HeLa-S3_nuc_pos12_q1_5c,HeLa-S3_nuc_pos12_q1_5c,DynamicNuclearNet,train,DynamicNuclearNet\tif_data\train\out\HeLa-S3_nuc_pos12_q1_5c\HeLa-S3_nuc_pos12_q1_5c_trackmate.xml,20,0,,,14703,13763,0,7,0.0,7.0,8,8,death,seq0011_HeLa-S3_nuc_pos12_q1_5c:cell20,False
seq0011_HeLa-S3_nuc_pos12_q1_5c,HeLa-S3_nuc_pos12_q1_5c,DynamicNuclearNet,train,DynamicNuclearNet\tif_data\train\out\HeLa-S3_nuc_pos12_q1_5c\HeLa-S3_nuc_pos12_q1_5c_trackmate.xml,21,0,,,14704,14693,0,41,0.0,41.0,42,42,death,seq0011_HeLa-S3_nuc_pos12_q1_5c:cell21,False
seq0011_HeLa-S3_nuc_pos12_q1_5c,HeLa-S3_nuc_pos12_q1_5c,DynamicNuclearNet,train,DynamicNuclearNet\tif_data\train\out\HeLa-S3_nuc_pos12_q1_5c\HeLa-S3_nuc_pos12_q1_5c_trackmate.xml,22,0,,,14705,14163,0,22,0.0,22.0,23,23,death,seq0011_HeLa-S3_nuc_pos12_q1_5c:cell22,False
seq0011_HeLa-S3_nuc_pos12_q1_5c,HeLa-S3_nuc_pos12_q1_5c,DynamicNuclearNet,train,DynamicNuclearNet\tif_data\train\out\HeLa-S3_nuc_pos12_q1_5c\HeLa-S3_nuc_pos12_q1_5c_trackmate.xml,23,0,,,14706,14684,0,39,0.0,39.0,40,40,death,seq0011_HeLa-S3_nuc_pos12_q1_5c:cell23,False
seq0011_HeLa-S3_nuc_pos12_q1_5c,HeLa-S3_nuc_pos12_q1_5c,DynamicNuclearNet,train,DynamicNuclearNet\tif_data\train\out\HeLa-S3_nuc_pos12_q1_5c\HeLa-S3_nuc_pos12_q1_5c_trackmate.xml,24,0,,,14707,14697,0,41,0.0,41.0,42,42,death,seq0011_HeLa-S3_nuc_pos12_q1_5c:cell24,False
seq0011_HeLa-S3_nuc_pos12_q1_5c,HeLa-S3_nuc_pos12_q1_5c,DynamicNuclearNet,train,DynamicNuclearNet\tif_data\train\out\HeLa-S3_nuc_pos12_q1_5c\HeLa-S3_nuc_pos12_q1_5c_trackmate.xml,25,0,,,14708,14699,0,41,0.0,41.0,42,42,death,seq0011_HeLa-S3_nuc_pos12_q1_5c:cell25,False
seq0011_HeLa-S3_nuc_pos12_q1_5c,HeLa-S3_nuc_pos12_q1_5c,DynamicNuclearNet,train,DynamicNuclearNet\tif_data\train\out\HeLa-S3_nuc_pos12_q1_5c\HeLa-S3_nuc_pos12_q1_5c_trackmate.xml,26,0,,,13643,13803,1,3,1.0,3.0,3,3,death,seq0011_HeLa-S3_nuc_pos12_q1_5c:cell26,False
seq0011_HeLa-S3_nuc_pos12_q1_5c,HeLa-S3_nuc_pos12_q1_5c,DynamicNuclearNet,train,DynamicNuclearNet\tif_data\train\out\HeLa-S3_nuc_pos12_q1_5c\HeLa-S3_nuc_pos12_q1_5c_trackmate.xml,27,0,,,13644,13644,1,1,1.0,1.0,1,1,death,seq0011_HeLa-S3_nuc_pos12_q1_5c:cell27,False
seq0011_HeLa-S3_nuc_pos12_q1_5c,HeLa-S3_nuc_pos12_q1_5c,DynamicNuclearNet,train,DynamicNuclearNet\tif_data\train\out\HeLa-S3_nuc_pos12_q1_5c\HeLa-S3_nuc_pos12_q1_5c_trackmate.xml,28,0,,,13765,13802,2,3,2.0,3.0,2,2,death,seq0011_HeLa-S3_nuc_pos12_q1_5c:cell28,False
seq0011_HeLa-S3_nuc_pos12_q1_5c,HeLa-S3_nuc_pos12_q1_5c,DynamicNuclearNet,train,DynamicNuclearNet\tif_data\train\out\HeLa-S3_nuc_pos12_q1_5c\HeLa-S3_nuc_pos12_q1_5c_trackmate.xml,29,0,,,13793,13793,2,2,2.0,2.0,1,1,death,seq0011_HeLa-S3_nuc_pos12_q1_5c:cell29,False
seq0011_HeLa-S3_nuc_pos12_q1_5c,HeLa-S3_nuc_pos12_q1_5c,DynamicNuclearNet,train,DynamicNuclearNet\tif_data\train\out\HeLa-S3_nuc_pos12_q1_5c\HeLa-S3_nuc_pos12_q1_5c_trackmate.xml,30,0,,,13713,13680,4,8,4.0,8.0,5,5,death,seq0011_HeLa-S3_nuc_pos12_q1_5c:cell30,False
seq0011_HeLa-S3_nuc_pos12_q1_5c,HeLa-S3_nuc_pos12_q1_5c,DynamicNuclearNet,train,DynamicNuclearNet\tif_data\train\out\HeLa-S3_nuc_pos12_q1_5c\HeLa-S3_nuc_pos12_q1_5c_trackmate.xml,31,0,,,13743,13743,4,4,4.0,4.0,1,1,death,seq0011_HeLa-S3_nuc_pos12_q1_5c:cell31,False
seq0011_HeLa-S3_nuc_pos12_q1_5c,HeLa-S3_nuc_pos12_q1_5c,DynamicNuclearNet,train,DynamicNuclearNet\tif_data\train\out\HeLa-S3_nuc_pos12_q1_5c\HeLa-S3_nuc_pos12_q1_5c_trackmate.xml,32,0,,,13613,13666,5,8,5.0,8.0,4,4,death,seq0011_HeLa-S3_nuc_pos12_q1_5c:cell32,False
seq0011_HeLa-S3_nuc_pos12_q1_5c,HeLa-S3_nuc_pos12_q1_5c,DynamicNuclearNet,train,DynamicNuclearNet\tif_data\train\out\HeLa-S3_nuc_pos12_q1_5c\HeLa-S3_nuc_pos12_q1_5c_trackmate.xml,33,0,,,13683,13683,8,8,8.0,8.0,1,1,death,seq0011_HeLa-S3_nuc_pos12_q1_5c:cell33,False
seq0011_HeLa-S3_nuc_pos12_q1_5c,HeLa-S3_nuc_pos12_q1_5c,DynamicNuclearNet,train,DynamicNuclearNet\tif_data\train\out\HeLa-S3_nuc_pos12_q1_5c\HeLa-S3_nuc_pos12_q1_5c_trackmate.xml,34,0,,,13714,13986,8,15,8.0,15.0,8,8,death,seq0011_HeLa-S3_nuc_pos12_q1_5c:cell34,False
seq0011_HeLa-S3_nuc_pos12_q1_5c,HeLa-S3_nuc_pos12_q1_5c,DynamicNuclearNet,train,DynamicNuclearNet\tif_data\train\out\HeLa-S3_nuc_pos12_q1_5c\HeLa-S3_nuc_pos12_q1_5c_trackmate.xml,35,0,,,13862,14332,9,26,9.0,26.0,18,18,death,seq0011_HeLa-S3_nuc_pos12_q1_5c:cell35,False
seq0011_HeLa-S3_nuc_pos12_q1_5c,HeLa-S3_nuc_pos12_q1_5c,DynamicNuclearNet,train,DynamicNuclearNet\tif_data\train\out\HeLa-S3_nuc_pos12_q1_5c\HeLa-S3_nuc_pos12_q1_5c_trackmate.xml,36,0,,,13674,14064,10,19,10.0,19.0,10,10,death,seq0011_HeLa-S3_nuc_pos12_q1_5c:cell36,False
seq0011_HeLa-S3_nuc_pos12_q1_5c,HeLa-S3_nuc_pos12_q1_5c,DynamicNuclearNet,train,DynamicNuclearNet\tif_data\train\out\HeLa-S3_nuc_pos12_q1_5c\HeLa-S3_nuc_pos12_q1_5c_trackmate.xml,37,0,,,13956,14010,14,15,14.0,15.0,2,2,death,seq0011_HeLa-S3_nuc_pos12_q1_5c:cell37,False
seq0011_HeLa-S3_nuc_pos12_q1_5c,HeLa-S3_nuc_pos12_q1_5c,DynamicNuclearNet,train,DynamicNuclearNet\tif_data\train\out\HeLa-S3_nuc_pos12_q1_5c\HeLa-S3_nuc_pos12_q1_5c_trackmate.xml,38,0,,,13990,14017,15,17,15.0,17.0,3,3,death,seq0011_HeLa-S3_nuc_pos12_q1_5c:cell38,False
seq0011_HeLa-S3_nuc_pos12_q1_5c,HeLa-S3_nuc_pos12_q1_5c,DynamicNuclearNet,train,DynamicNuclearNet\tif_data\train\out\HeLa-S3_nuc_pos12_q1_5c\HeLa-S3_nuc_pos12_q1_5c_trackmate.xml,39,0,,,14004,14181,16,23,16.0,23.0,8,8,death,seq0011_HeLa-S3_nuc_pos12_q1_5c:cell39,False
seq0011_HeLa-S3_nuc_pos12_q1_5c,HeLa-S3_nuc_pos12_q1_5c,DynamicNuclearNet,train,DynamicNuclearNet\tif_data\train\out\HeLa-S3_nuc_pos12_q1_5c\HeLa-S3_nuc_pos12_q1_5c_trackmate.xml,40,0,,,14011,14679,16,41,16.0,41.0,26,26,death,seq0011_HeLa-S3_nuc_pos12_q1_5c:cell40,False
seq0011_HeLa-S3_nuc_pos12_q1_5c,HeLa-S3_nuc_pos12_q1_5c,DynamicNuclearNet,train,DynamicNuclearNet\tif_data\train\out\HeLa-S3_nuc_pos12_q1_5c\HeLa-S3_nuc_pos12_q1_5c_trackmate.xml,41,0,,,13991,14631,17,41,17.0,41.0,25,25,death,seq0011_HeLa-S3_nuc_pos12_q1_5c:cell41,False
seq0011_HeLa-S3_nuc_pos12_q1_5c,HeLa-S3_nuc_pos12_q1_5c,DynamicNuclearNet,train,DynamicNuclearNet\tif_data\train\out\HeLa-S3_nuc_pos12_q1_5c\HeLa-S3_nuc_pos12_q1_5c_trackmate.xml,42,0,,,14005,14005,17,17,17.0,17.0,1,1,death,seq0011_HeLa-S3_nuc_pos12_q1_5c:cell42,False
seq0011_HeLa-S3_nuc_pos12_q1_5c,HeLa-S3_nuc_pos12_q1_5c,DynamicNuclearNet,train,DynamicNuclearNet\tif_data\train\out\HeLa-S3_nuc_pos12_q1_5c\HeLa-S3_nuc_pos12_q1_5c_trackmate.xml,43,0,,,14013,14323,17,28,17.0,28.0,12,12,death,seq0011_HeLa-S3_nuc_pos12_q1_5c:cell43,False
seq0011_HeLa-S3_nuc_pos12_q1_5c,HeLa-S3_nuc_pos12_q1_5c,DynamicNuclearNet,train,DynamicNuclearNet\tif_data\train\out\HeLa-S3_nuc_pos12_q1_5c\HeLa-S3_nuc_pos12_q1_5c_trackmate.xml,44,0,,,14070,14070,19,19,19.0,19.0,1,1,death,seq0011_HeLa-S3_nuc_pos12_q1_5c:cell44,False
seq0011_HeLa-S3_nuc_pos12_q1_5c,HeLa-S3_nuc_pos12_q1_5c,DynamicNuclearNet,train,DynamicNuclearNet\tif_data\train\out\HeLa-S3_nuc_pos12_q1_5c\HeLa-S3_nuc_pos12_q1_5c_trackmate.xml,45,0,,,14110,14621,21,41,21.0,41.0,21,21,death,seq0011_HeLa-S3_nuc_pos12_q1_5c:cell45,False
seq0011_HeLa-S3_nuc_pos12_q1_5c,HeLa-S3_nuc_pos12_q1_5c,DynamicNuclearNet,train,DynamicNuclearNet\tif_data\train\out\HeLa-S3_nuc_pos12_q1_5c\HeLa-S3_nuc_pos12_q1_5c_trackmate.xml,46,0,,,14114,14114,21,21,21.0,21.0,1,1,death,seq0011_HeLa-S3_nuc_pos12_q1_5c:cell46,False
seq0011_HeLa-S3_nuc_pos12_q1_5c,HeLa-S3_nuc_pos12_q1_5c,DynamicNuclearNet,train,DynamicNuclearNet\tif_data\train\out\HeLa-S3_nuc_pos12_q1_5c\HeLa-S3_nuc_pos12_q1_5c_trackmate.xml,47,0,,,14145,14145,22,22,22.0,22.0,1,1,death,seq0011_HeLa-S3_nuc_pos12_q1_5c:cell47,False
seq0011_HeLa-S3_nuc_pos12_q1_5c,HeLa-S3_nuc_pos12_q1_5c,DynamicNuclearNet,train,DynamicNuclearNet\tif_data\train\out\HeLa-S3_nuc_pos12_q1_5c\HeLa-S3_nuc_pos12_q1_5c_trackmate.xml,48,0,,,14147,14147,22,22,22.0,22.0,1,1,death,seq0011_HeLa-S3_nuc_pos12_q1_5c:cell48,False
seq0011_HeLa-S3_nuc_pos12_q1_5c,HeLa-S3_nuc_pos12_q1_5c,DynamicNuclearNet,train,DynamicNuclearNet\tif_data\train\out\HeLa-S3_nuc_pos12_q1_5c\HeLa-S3_nuc_pos12_q1_5c_trackmate.xml,49,0,,,14196,14627,24,41,24.0,41.0,18,18,death,seq0011_HeLa-S3_nuc_pos12_q1_5c:cell49,False
seq0011_HeLa-S3_nuc_pos12_q1_5c,HeLa-S3_nuc_pos12_q1_5c,DynamicNuclearNet,train,DynamicNuclearNet\tif_data\train\out\HeLa-S3_nuc_pos12_q1_5c\HeLa-S3_nuc_pos12_q1_5c_trackmate.xml,50,0,,,14198,14198,24,24,24.0,24.0,1,1,death,seq0011_HeLa-S3_nuc_pos12_q1_5c:cell50,False
seq0011_HeLa-S3_nuc_pos12_q1_5c,HeLa-S3_nuc_pos12_q1_5c,DynamicNuclearNet,train,DynamicNuclearNet\tif_data\train\out\HeLa-S3_nuc_pos12_q1_5c\HeLa-S3_nuc_pos12_q1_5c_trackmate.xml,51,0,,,14207,14663,24,41,24.0,41.0,18,18,death,seq0011_HeLa-S3_nuc_pos12_q1_5c:cell51,False
seq0011_HeLa-S3_nuc_pos12_q1_5c,HeLa-S3_nuc_pos12_q1_5c,DynamicNuclearNet,train,DynamicNuclearNet\tif_data\train\out\HeLa-S3_nuc_pos12_q1_5c\HeLa-S3_nuc_pos12_q1_5c_trackmate.xml,52,0,,,14208,14674,24,41,24.0,41.0,18,18,death,seq0011_HeLa-S3_nuc_pos12_q1_5c:cell52,False
seq0011_HeLa-S3_nuc_pos12_q1_5c,HeLa-S3_nuc_pos12_q1_5c,DynamicNuclearNet,train,DynamicNuclearNet\tif_data\train\out\HeLa-S3_nuc_pos12_q1_5c\HeLa-S3_nuc_pos12_q1_5c_trackmate.xml,53,0,,,14223,14378,24,29,24.0,29.0,6,6,death,seq0011_HeLa-S3_nuc_pos12_q1_5c:cell53,False
seq0011_HeLa-S3_nuc_pos12_q1_5c,HeLa-S3_nuc_pos12_q1_5c,DynamicNuclearNet,train,DynamicNuclearNet\tif_data\train\out\HeLa-S3_nuc_pos12_q1_5c\HeLa-S3_nuc_pos12_q1_5c_trackmate.xml,54,0,,,14256,14633,26,41,26.0,41.0,16,16,death,seq0011_HeLa-S3_nuc_pos12_q1_5c:cell54,False
seq0011_HeLa-S3_nuc_pos12_q1_5c,HeLa-S3_nuc_pos12_q1_5c,DynamicNuclearNet,train,DynamicNuclearNet\tif_data\train\out\HeLa-S3_nuc_pos12_q1_5c\HeLa-S3_nuc_pos12_q1_5c_trackmate.xml,55,0,,,14379,14692,28,41,28.0,41.0,14,14,death,seq0011_HeLa-S3_nuc_pos12_q1_5c:cell55,False
seq0011_HeLa-S3_nuc_pos12_q1_5c,HeLa-S3_nuc_pos12_q1_5c,DynamicNuclearNet,train,DynamicNuclearNet\tif_data\train\out\HeLa-S3_nuc_pos12_q1_5c\HeLa-S3_nuc_pos12_q1_5c_trackmate.xml,56,0,,,14313,14416,29,32,29.0,32.0,4,4,death,seq0011_HeLa-S3_nuc_pos12_q1_5c:cell56,False
seq0011_HeLa-S3_nuc_pos12_q1_5c,HeLa-S3_nuc_pos12_q1_5c,DynamicNuclearNet,train,DynamicNuclearNet\tif_data\train\out\HeLa-S3_nuc_pos12_q1_5c\HeLa-S3_nuc_pos12_q1_5c_trackmate.xml,57,0,,,14407,14430,31,32,31.0,32.0,2,2,death,seq0011_HeLa-S3_nuc_pos12_q1_5c:cell57,False
seq0011_HeLa-S3_nuc_pos12_q1_5c,HeLa-S3_nuc_pos12_q1_5c,DynamicNuclearNet,train,DynamicNuclearNet\tif_data\train\out\HeLa-S3_nuc_pos12_q1_5c\HeLa-S3_nuc_pos12_q1_5c_trackmate.xml,58,0,,,14443,14443,34,34,34.0,34.0,1,1,death,seq0011_HeLa-S3_nuc_pos12_q1_5c:cell58,False
seq0011_HeLa-S3_nuc_pos12_q1_5c,HeLa-S3_nuc_pos12_q1_5c,DynamicNuclearNet,train,DynamicNuclearNet\tif_data\train\out\HeLa-S3_nuc_pos12_q1_5c\HeLa-S3_nuc_pos12_q1_5c_trackmate.xml,59,0,,,14445,14445,34,34,34.0,34.0,1,1,death,seq0011_HeLa-S3_nuc_pos12_q1_5c:cell59,False
seq0011_HeLa-S3_nuc_pos12_q1_5c,HeLa-S3_nuc_pos12_q1_5c,DynamicNuclearNet,train,DynamicNuclearNet\tif_data\train\out\HeLa-S3_nuc_pos12_q1_5c\HeLa-S3_nuc_pos12_q1_5c_trackmate.xml,60,0,,,14512,14649,36,41,36.0,41.0,6,6,death,seq0011_HeLa-S3_nuc_pos12_q1_5c:cell60,False
seq0011_HeLa-S3_nuc_pos12_q1_5c,HeLa-S3_nuc_pos12_q1_5c,DynamicNuclearNet,train,DynamicNuclearNet\tif_data\train\out\HeLa-S3_nuc_pos12_q1_5c\HeLa-S3_nuc_pos12_q1_5c_trackmate.xml,61,0,,,14515,14655,36,41,36.0,41.0,6,6,death,seq0011_HeLa-S3_nuc_pos12_q1_5c:cell61,False
seq0011_HeLa-S3_nuc_pos12_q1_5c,HeLa-S3_nuc_pos12_q1_5c,DynamicNuclearNet,train,DynamicNuclearNet\tif_data\train\out\HeLa-S3_nuc_pos12_q1_5c\HeLa-S3_nuc_pos12_q1_5c_trackmate.xml,62,0,,,14562,14644,40,41,40.0,41.0,2,2,death,seq0011_HeLa-S3_nuc_pos12_q1_5c:cell62,False
seq0011_HeLa-S3_nuc_pos12_q1_5c,HeLa-S3_nuc_pos12_q1_5c,DynamicNuclearNet,train,DynamicNuclearNet\tif_data\train\out\HeLa-S3_nuc_pos12_q1_5c\HeLa-S3_nuc_pos12_q1_5c_trackmate.xml,63,0,,,14696,14696,41,41,41.0,41.0,1,1,death,seq0011_HeLa-S3_nuc_pos12_q1_5c:cell63,False
seq0011_HeLa-S3_nuc_pos12_q1_5c,HeLa-S3_nuc_pos12_q1_5c,DynamicNuclearNet,train,DynamicNuclearNet\tif_data\train\out\HeLa-S3_nuc_pos12_q1_5c\HeLa-S3_nuc_pos12_q1_5c_trackmate.xml,64,1,12,,13746,13631,4,5,4.0,5.0,2,2,death,seq0011_HeLa-S3_nuc_pos12_q1_5c:cell64,False
seq0011_HeLa-S3_nuc_pos12_q1_5c,HeLa-S3_nuc_pos12_q1_5c,DynamicNuclearNet,train,DynamicNuclearNet\tif_data\train\out\HeLa-S3_nuc_pos12_q1_5c\HeLa-S3_nuc_pos12_q1_5c_trackmate.xml,65,1,12,66|67,13757,13642,4,6,4.0,6.0,3,3,division,seq0011_HeLa-S3_nuc_pos12_q1_5c:cell65,True
seq0011_HeLa-S3_nuc_pos12_q1_5c,HeLa-S3_nuc_pos12_q1_5c,DynamicNuclearNet,train,DynamicNuclearNet\tif_data\train\out\HeLa-S3_nuc_pos12_q1_5c\HeLa-S3_nuc_pos12_q1_5c_trackmate.xml,66,2,65,,13703,13905,7,13,7.0,13.0,7,7,death,seq0011_HeLa-S3_nuc_pos12_q1_5c:cell66,False
seq0011_HeLa-S3_nuc_pos12_q1_5c,HeLa-S3_nuc_pos12_q1_5c,DynamicNuclearNet,train,DynamicNuclearNet\tif_data\train\out\HeLa-S3_nuc_pos12_q1_5c\HeLa-S3_nuc_pos12_q1_5c_trackmate.xml,67,2,65,68|69,13718,14031,7,18,7.0,18.0,12,12,division,seq0011_HeLa-S3_nuc_pos12_q1_5c:cell67,True
seq0011_HeLa-S3_nuc_pos12_q1_5c,HeLa-S3_nuc_pos12_q1_5c,DynamicNuclearNet,train,DynamicNuclearNet\tif_data\train\out\HeLa-S3_nuc_pos12_q1_5c\HeLa-S3_nuc_pos12_q1_5c_trackmate.xml,68,3,67,,14088,14088,19,19,19.0,19.0,1,1,death,seq0011_HeLa-S3_nuc_pos12_q1_5c:cell68,False
seq0011_HeLa-S3_nuc_pos12_q1_5c,HeLa-S3_nuc_pos12_q1_5c,DynamicNuclearNet,train,DynamicNuclearNet\tif_data\train\out\HeLa-S3_nuc_pos12_q1_5c\HeLa-S3_nuc_pos12_q1_5c_trackmate.xml,69,3,67,70|71,14096,14127,19,21,19.0,21.0,3,3,division,seq0011_HeLa-S3_nuc_pos12_q1_5c:cell69,True
seq0011_HeLa-S3_nuc_pos12_q1_5c,HeLa-S3_nuc_pos12_q1_5c,DynamicNuclearNet,train,DynamicNuclearNet\tif_data\train\out\HeLa-S3_nuc_pos12_q1_5c\HeLa-S3_nuc_pos12_q1_5c_trackmate.xml,70,4,69,,14152,14316,22,29,22.0,29.0,8,8,death,seq0011_HeLa-S3_nuc_pos12_q1_5c:cell70,False
seq0011_HeLa-S3_nuc_pos12_q1_5c,HeLa-S3_nuc_pos12_q1_5c,DynamicNuclearNet,train,DynamicNuclearNet\tif_data\train\out\HeLa-S3_nuc_pos12_q1_5c\HeLa-S3_nuc_pos12_q1_5c_trackmate.xml,71,4,69,72|73,14155,14331,22,30,22.0,30.0,9,9,division,seq0011_HeLa-S3_nuc_pos12_q1_5c:cell71,True
seq0011_HeLa-S3_nuc_pos12_q1_5c,HeLa-S3_nuc_pos12_q1_5c,DynamicNuclearNet,train,DynamicNuclearNet\tif_data\train\out\HeLa-S3_nuc_pos12_q1_5c\HeLa-S3_nuc_pos12_q1_5c_trackmate.xml,72,5,71,,14368,14653,31,41,31.0,41.0,11,11,death,seq0011_HeLa-S3_nuc_pos12_q1_5c:cell72,False
seq0011_HeLa-S3_nuc_pos12_q1_5c,HeLa-S3_nuc_pos12_q1_5c,DynamicNuclearNet,train,DynamicNuclearNet\tif_data\train\out\HeLa-S3_nuc_pos12_q1_5c\HeLa-S3_nuc_pos12_q1_5c_trackmate.xml,73,5,71,,14380,14659,31,41,31.0,41.0,11,11,death,seq0011_HeLa-S3_nuc_pos12_q1_5c:cell73,False
seq0012_HeLa-S3_nuc_pos12_q2_5c,HeLa-S3_nuc_pos12_q2_5c,DynamicNuclearNet,train,DynamicNuclearNet\tif_data\train\out\HeLa-S3_nuc_pos12_q2_5c\HeLa-S3_nuc_pos12_q2_5c_trackmate.xml,0,0,,,15986,15916,0,41,0.0,41.0,42,42,death,seq0012_HeLa-S3_nuc_pos12_q2_5c:cell0,False
seq0012_HeLa-S3_nuc_pos12_q2_5c,HeLa-S3_nuc_pos12_q2_5c,DynamicNuclearNet,train,DynamicNuclearNet\tif_data\train\out\HeLa-S3_nuc_pos12_q2_5c\HeLa-S3_nuc_pos12_q2_5c_trackmate.xml,1,0,,,15987,15423,0,27,0.0,27.0,28,28,death,seq0012_HeLa-S3_nuc_pos12_q2_5c:cell1,False
seq0012_HeLa-S3_nuc_pos12_q2_5c,HeLa-S3_nuc_pos12_q2_5c,DynamicNuclearNet,train,DynamicNuclearNet\tif_data\train\out\HeLa-S3_nuc_pos12_q2_5c\HeLa-S3_nuc_pos12_q2_5c_trackmate.xml,2,0,,,15988,14946,0,2,0.0,2.0,3,3,death,seq0012_HeLa-S3_nuc_pos12_q2_5c:cell2,False
seq0012_HeLa-S3_nuc_pos12_q2_5c,HeLa-S3_nuc_pos12_q2_5c,DynamicNuclearNet,train,DynamicNuclearNet\tif_data\train\out\HeLa-S3_nuc_pos12_q2_5c\HeLa-S3_nuc_pos12_q2_5c_trackmate.xml,3,0,,,15989,15929,0,41,0.0,41.0,42,42,death,seq0012_HeLa-S3_nuc_pos12_q2_5c:cell3,False
seq0012_HeLa-S3_nuc_pos12_q2_5c,HeLa-S3_nuc_pos12_q2_5c,DynamicNuclearNet,train,DynamicNuclearNet\tif_data\train\out\HeLa-S3_nuc_pos12_q2_5c\HeLa-S3_nuc_pos12_q2_5c_trackmate.xml,4,0,,,15990,15837,0,36,0.0,36.0,37,37,death,seq0012_HeLa-S3_nuc_pos12_q2_5c:cell4,False
seq0012_HeLa-S3_nuc_pos12_q2_5c,HeLa-S3_nuc_pos12_q2_5c,DynamicNuclearNet,train,DynamicNuclearNet\tif_data\train\out\HeLa-S3_nuc_pos12_q2_5c\HeLa-S3_nuc_pos12_q2_5c_trackmate.xml,5,0,,,15991,15434,0,27,0.0,27.0,28,28,death,seq0012_HeLa-S3_nuc_pos12_q2_5c:cell5,False
seq0012_HeLa-S3_nuc_pos12_q2_5c,HeLa-S3_nuc_pos12_q2_5c,DynamicNuclearNet,train,DynamicNuclearNet\tif_data\train\out\HeLa-S3_nuc_pos12_q2_5c\HeLa-S3_nuc_pos12_q2_5c_trackmate.xml,6,0,,,15992,14877,0,3,0.0,3.0,4,4,death,seq0012_HeLa-S3_nuc_pos12_q2_5c:cell6,False
seq0012_HeLa-S3_nuc_pos12_q2_5c,HeLa-S3_nuc_pos12_q2_5c,DynamicNuclearNet,train,DynamicNuclearNet\tif_data\train\out\HeLa-S3_nuc_pos12_q2_5c\HeLa-S3_nuc_pos12_q2_5c_trackmate.xml,7,0,,,15993,15938,0,41,0.0,41.0,42,42,death,seq0012_HeLa-S3_nuc_pos12_q2_5c:cell7,False
seq0012_HeLa-S3_nuc_pos12_q2_5c,HeLa-S3_nuc_pos12_q2_5c,DynamicNuclearNet,train,DynamicNuclearNet\tif_data\train\out\HeLa-S3_nuc_pos12_q2_5c\HeLa-S3_nuc_pos12_q2_5c_trackmate.xml,8,0,,,15994,15173,0,17,0.0,17.0,18,18,death,seq0012_HeLa-S3_nuc_pos12_q2_5c:cell8,False
seq0012_HeLa-S3_nuc_pos12_q2_5c,HeLa-S3_nuc_pos12_q2_5c,DynamicNuclearNet,train,DynamicNuclearNet\tif_data\train\out\HeLa-S3_nuc_pos12_q2_5c\HeLa-S3_nuc_pos12_q2_5c_trackmate.xml,9,0,,,15995,15949,0,41,0.0,41.0,42,42,death,seq0012_HeLa-S3_nuc_pos12_q2_5c:cell9,False
seq0012_HeLa-S3_nuc_pos12_q2_5c,HeLa-S3_nuc_pos12_q2_5c,DynamicNuclearNet,train,DynamicNuclearNet\tif_data\train\out\HeLa-S3_nuc_pos12_q2_5c\HeLa-S3_nuc_pos12_q2_5c_trackmate.xml,10,0,,,15996,15951,0,41,0.0,41.0,42,42,death,seq0012_HeLa-S3_nuc_pos12_q2_5c:cell10,False
seq0012_HeLa-S3_nuc_pos12_q2_5c,HeLa-S3_nuc_pos12_q2_5c,DynamicNuclearNet,train,DynamicNuclearNet\tif_data\train\out\HeLa-S3_nuc_pos12_q2_5c\HeLa-S3_nuc_pos12_q2_5c_trackmate.xml,11,0,,,15997,15959,0,41,0.0,41.0,42,42,death,seq0012_HeLa-S3_nuc_pos12_q2_5c:cell11,False
seq0012_HeLa-S3_nuc_pos12_q2_5c,HeLa-S3_nuc_pos12_q2_5c,DynamicNuclearNet,train,DynamicNuclearNet\tif_data\train\out\HeLa-S3_nuc_pos12_q2_5c\HeLa-S3_nuc_pos12_q2_5c_trackmate.xml,12,0,,,15998,15957,0,41,0.0,41.0,42,42,death,seq0012_HeLa-S3_nuc_pos12_q2_5c:cell12,False
seq0012_HeLa-S3_nuc_pos12_q2_5c,HeLa-S3_nuc_pos12_q2_5c,DynamicNuclearNet,train,DynamicNuclearNet\tif_data\train\out\HeLa-S3_nuc_pos12_q2_5c\HeLa-S3_nuc_pos12_q2_5c_trackmate.xml,13,0,,,15999,14792,0,1,0.0,1.0,2,2,death,seq0012_HeLa-S3_nuc_pos12_q2_5c:cell13,False
seq0012_HeLa-S3_nuc_pos12_q2_5c,HeLa-S3_nuc_pos12_q2_5c,DynamicNuclearNet,train,DynamicNuclearNet\tif_data\train\out\HeLa-S3_nuc_pos12_q2_5c\HeLa-S3_nuc_pos12_q2_5c_trackmate.xml,14,0,,,16000,15953,0,41,0.0,41.0,42,42,death,seq0012_HeLa-S3_nuc_pos12_q2_5c:cell14,False
seq0012_HeLa-S3_nuc_pos12_q2_5c,HeLa-S3_nuc_pos12_q2_5c,DynamicNuclearNet,train,DynamicNuclearNet\tif_data\train\out\HeLa-S3_nuc_pos12_q2_5c\HeLa-S3_nuc_pos12_q2_5c_trackmate.xml,15,0,,,16001,15961,0,41,0.0,41.0,42,42,death,seq0012_HeLa-S3_nuc_pos12_q2_5c:cell15,False
seq0012_HeLa-S3_nuc_pos12_q2_5c,HeLa-S3_nuc_pos12_q2_5c,DynamicNuclearNet,train,DynamicNuclearNet\tif_data\train\out\HeLa-S3_nuc_pos12_q2_5c\HeLa-S3_nuc_pos12_q2_5c_trackmate.xml,16,0,,,16002,15965,0,41,0.0,41.0,42,42,death,seq0012_HeLa-S3_nuc_pos12_q2_5c:cell16,False
seq0012_HeLa-S3_nuc_pos12_q2_5c,HeLa-S3_nuc_pos12_q2_5c,DynamicNuclearNet,train,DynamicNuclearNet\tif_data\train\out\HeLa-S3_nuc_pos12_q2_5c\HeLa-S3_nuc_pos12_q2_5c_trackmate.xml,17,0,,,16003,15963,0,41,0.0,41.0,42,42,death,seq0012_HeLa-S3_nuc_pos12_q2_5c:cell17,False
seq0012_HeLa-S3_nuc_pos12_q2_5c,HeLa-S3_nuc_pos12_q2_5c,DynamicNuclearNet,train,DynamicNuclearNet\tif_data\train\out\HeLa-S3_nuc_pos12_q2_5c\HeLa-S3_nuc_pos12_q2_5c_trackmate.xml,18,0,,,16004,15969,0,41,0.0,41.0,42,42,death,seq0012_HeLa-S3_nuc_pos12_q2_5c:cell18,False
seq0012_HeLa-S3_nuc_pos12_q2_5c,HeLa-S3_nuc_pos12_q2_5c,DynamicNuclearNet,train,DynamicNuclearNet\tif_data\train\out\HeLa-S3_nuc_pos12_q2_5c\HeLa-S3_nuc_pos12_q2_5c_trackmate.xml,19,0,,,16005,15971,0,41,0.0,41.0,42,42,death,seq0012_HeLa-S3_nuc_pos12_q2_5c:cell19,False
seq0012_HeLa-S3_nuc_pos12_q2_5c,HeLa-S3_nuc_pos12_q2_5c,DynamicNuclearNet,train,DynamicNuclearNet\tif_data\train\out\HeLa-S3_nuc_pos12_q2_5c\HeLa-S3_nuc_pos12_q2_5c_trackmate.xml,20,0,,,16006,14914,0,9,0.0,9.0,10,10,death,seq0012_HeLa-S3_nuc_pos12_q2_5c:cell20,False
seq0012_HeLa-S3_nuc_pos12_q2_5c,HeLa-S3_nuc_pos12_q2_5c,DynamicNuclearNet,train,DynamicNuclearNet\tif_data\train\out\HeLa-S3_nuc_pos12_q2_5c\HeLa-S3_nuc_pos12_q2_5c_trackmate.xml,21,0,,,16007,15975,0,41,0.0,41.0,42,42,death,seq0012_HeLa-S3_nuc_pos12_q2_5c:cell21,False
seq0012_HeLa-S3_nuc_pos12_q2_5c,HeLa-S3_nuc_pos12_q2_5c,DynamicNuclearNet,train,DynamicNuclearNet\tif_data\train\out\HeLa-S3_nuc_pos12_q2_5c\HeLa-S3_nuc_pos12_q2_5c_trackmate.xml,22,0,,,16008,15977,0,41,0.0,41.0,42,42,death,seq0012_HeLa-S3_nuc_pos12_q2_5c:cell22,False
seq0012_HeLa-S3_nuc_pos12_q2_5c,HeLa-S3_nuc_pos12_q2_5c,DynamicNuclearNet,train,DynamicNuclearNet\tif_data\train\out\HeLa-S3_nuc_pos12_q2_5c\HeLa-S3_nuc_pos12_q2_5c_trackmate.xml,23,0,,,16009,15973,0,41,0.0,41.0,42,42,death,seq0012_HeLa-S3_nuc_pos12_q2_5c:cell23,False
seq0012_HeLa-S3_nuc_pos12_q2_5c,HeLa-S3_nuc_pos12_q2_5c,DynamicNuclearNet,train,DynamicNuclearNet\tif_data\train\out\HeLa-S3_nuc_pos12_q2_5c\HeLa-S3_nuc_pos12_q2_5c_trackmate.xml,24,0,,,16010,15978,0,41,0.0,41.0,42,42,death,seq0012_HeLa-S3_nuc_pos12_q2_5c:cell24,False
seq0012_HeLa-S3_nuc_pos12_q2_5c,HeLa-S3_nuc_pos12_q2_5c,DynamicNuclearNet,train,DynamicNuclearNet\tif_data\train\out\HeLa-S3_nuc_pos12_q2_5c\HeLa-S3_nuc_pos12_q2_5c_trackmate.xml,25,0,,,16011,15980,0,41,0.0,41.0,42,42,death,seq0012_HeLa-S3_nuc_pos12_q2_5c:cell25,False
seq0012_HeLa-S3_nuc_pos12_q2_5c,HeLa-S3_nuc_pos12_q2_5c,DynamicNuclearNet,train,DynamicNuclearNet\tif_data\train\out\HeLa-S3_nuc_pos12_q2_5c\HeLa-S3_nuc_pos12_q2_5c_trackmate.xml,26,0,,,16012,15982,0,41,0.0,41.0,42,42,death,seq0012_HeLa-S3_nuc_pos12_q2_5c:cell26,False
seq0012_HeLa-S3_nuc_pos12_q2_5c,HeLa-S3_nuc_pos12_q2_5c,DynamicNuclearNet,train,DynamicNuclearNet\tif_data\train\out\HeLa-S3_nuc_pos12_q2_5c\HeLa-S3_nuc_pos12_q2_5c_trackmate.xml,27,0,,,16013,14848,0,1,0.0,1.0,2,2,death,seq0012_HeLa-S3_nuc_pos12_q2_5c:cell27,False
seq0012_HeLa-S3_nuc_pos12_q2_5c,HeLa-S3_nuc_pos12_q2_5c,DynamicNuclearNet,train,DynamicNuclearNet\tif_data\train\out\HeLa-S3_nuc_pos12_q2_5c\HeLa-S3_nuc_pos12_q2_5c_trackmate.xml,28,0,,,14769,14889,1,3,1.0,3.0,3,3,death,seq0012_HeLa-S3_nuc_pos12_q2_5c:cell28,False
seq0012_HeLa-S3_nuc_pos12_q2_5c,HeLa-S3_nuc_pos12_q2_5c,DynamicNuclearNet,train,DynamicNuclearNet\tif_data\train\out\HeLa-S3_nuc_pos12_q2_5c\HeLa-S3_nuc_pos12_q2_5c_trackmate.xml,29,0,,82|83,14861,14900,3,8,3.0,8.0,6,6,division,seq0012_HeLa-S3_nuc_pos12_q2_5c:cell29,True
seq0012_HeLa-S3_nuc_pos12_q2_5c,HeLa-S3_nuc_pos12_q2_5c,DynamicNuclearNet,train,DynamicNuclearNet\tif_data\train\out\HeLa-S3_nuc_pos12_q2_5c\HeLa-S3_nuc_pos12_q2_5c_trackmate.xml,30,0,,,14864,14726,3,4,3.0,4.0,2,2,death,seq0012_HeLa-S3_nuc_pos12_q2_5c:cell30,False
seq0012_HeLa-S3_nuc_pos12_q2_5c,HeLa-S3_nuc_pos12_q2_5c,DynamicNuclearNet,train,DynamicNuclearNet\tif_data\train\out\HeLa-S3_nuc_pos12_q2_5c\HeLa-S3_nuc_pos12_q2_5c_trackmate.xml,31,0,,,14906,14759,3,4,3.0,4.0,2,2,death,seq0012_HeLa-S3_nuc_pos12_q2_5c:cell31,False
seq0012_HeLa-S3_nuc_pos12_q2_5c,HeLa-S3_nuc_pos12_q2_5c,DynamicNuclearNet,train,DynamicNuclearNet\tif_data\train\out\HeLa-S3_nuc_pos12_q2_5c\HeLa-S3_nuc_pos12_q2_5c_trackmate.xml,32,0,,,14967,14967,3,3,3.0,3.0,1,1,death,seq0012_HeLa-S3_nuc_pos12_q2_5c:cell32,False
seq0012_HeLa-S3_nuc_pos12_q2_5c,HeLa-S3_nuc_pos12_q2_5c,DynamicNuclearNet,train,DynamicNuclearNet\tif_data\train\out\HeLa-S3_nuc_pos12_q2_5c\HeLa-S3_nuc_pos12_q2_5c_trackmate.xml,33,0,,,14721,15918,4,41,4.0,41.0,38,38,death,seq0012_HeLa-S3_nuc_pos12_q2_5c:cell33,False
seq0012_HeLa-S3_nuc_pos12_q2_5c,HeLa-S3_nuc_pos12_q2_5c,DynamicNuclearNet,train,DynamicNuclearNet\tif_data\train\out\HeLa-S3_nuc_pos12_q2_5c\HeLa-S3_nuc_pos12_q2_5c_trackmate.xml,34,0,,,14768,14935,4,6,4.0,6.0,3,3,death,seq0012_HeLa-S3_nuc_pos12_q2_5c:cell34,False
seq0012_HeLa-S3_nuc_pos12_q2_5c,HeLa-S3_nuc_pos12_q2_5c,DynamicNuclearNet,train,DynamicNuclearNet\tif_data\train\out\HeLa-S3_nuc_pos12_q2_5c\HeLa-S3_nuc_pos12_q2_5c_trackmate.xml,35,0,,,14760,15922,5,41,5.0,41.0,37,37,death,seq0012_HeLa-S3_nuc_pos12_q2_5c:cell35,False
seq0012_HeLa-S3_nuc_pos12_q2_5c,HeLa-S3_nuc_pos12_q2_5c,DynamicNuclearNet,train,DynamicNuclearNet\tif_data\train\out\HeLa-S3_nuc_pos12_q2_5c\HeLa-S3_nuc_pos12_q2_5c_trackmate.xml,36,0,,,14779,14905,5,6,5.0,6.0,2,2,death,seq0012_HeLa-S3_nuc_pos12_q2_5c:cell36,False
seq0012_HeLa-S3_nuc_pos12_q2_5c,HeLa-S3_nuc_pos12_q2_5c,DynamicNuclearNet,train,DynamicNuclearNet\tif_data\train\out\HeLa-S3_nuc_pos12_q2_5c\HeLa-S3_nuc_pos12_q2_5c_trackmate.xml,37,0,,,14789,14789,5,5,5.0,5.0,1,1,death,seq0012_HeLa-S3_nuc_pos12_q2_5c:cell37,False
seq0012_HeLa-S3_nuc_pos12_q2_5c,HeLa-S3_nuc_pos12_q2_5c,DynamicNuclearNet,train,DynamicNuclearNet\tif_data\train\out\HeLa-S3_nuc_pos12_q2_5c\HeLa-S3_nuc_pos12_q2_5c_trackmate.xml,38,0,,,14866,14866,5,5,5.0,5.0,1,1,death,seq0012_HeLa-S3_nuc_pos12_q2_5c:cell38,False
seq0012_HeLa-S3_nuc_pos12_q2_5c,HeLa-S3_nuc_pos12_q2_5c,DynamicNuclearNet,train,DynamicNuclearNet\tif_data\train\out\HeLa-S3_nuc_pos12_q2_5c\HeLa-S3_nuc_pos12_q2_5c_trackmate.xml,39,0,,,14777,14777,7,7,7.0,7.0,1,1,death,seq0012_HeLa-S3_nuc_pos12_q2_5c:cell39,False
seq0012_HeLa-S3_nuc_pos12_q2_5c,HeLa-S3_nuc_pos12_q2_5c,DynamicNuclearNet,train,DynamicNuclearNet\tif_data\train\out\HeLa-S3_nuc_pos12_q2_5c\HeLa-S3_nuc_pos12_q2_5c_trackmate.xml,40,0,,,14920,14920,8,8,8.0,8.0,1,1,death,seq0012_HeLa-S3_nuc_pos12_q2_5c:cell40,False
seq0012_HeLa-S3_nuc_pos12_q2_5c,HeLa-S3_nuc_pos12_q2_5c,DynamicNuclearNet,train,DynamicNuclearNet\tif_data\train\out\HeLa-S3_nuc_pos12_q2_5c\HeLa-S3_nuc_pos12_q2_5c_trackmate.xml,41,0,,,14942,15030,9,10,9.0,10.0,2,2,death,seq0012_HeLa-S3_nuc_pos12_q2_5c:cell41,False
seq0012_HeLa-S3_nuc_pos12_q2_5c,HeLa-S3_nuc_pos12_q2_5c,DynamicNuclearNet,train,DynamicNuclearNet\tif_data\train\out\HeLa-S3_nuc_pos12_q2_5c\HeLa-S3_nuc_pos12_q2_5c_trackmate.xml,42,0,,,15016,15955,10,41,10.0,41.0,32,32,death,seq0012_HeLa-S3_nuc_pos12_q2_5c:cell42,False
seq0012_HeLa-S3_nuc_pos12_q2_5c,HeLa-S3_nuc_pos12_q2_5c,DynamicNuclearNet,train,DynamicNuclearNet\tif_data\train\out\HeLa-S3_nuc_pos12_q2_5c\HeLa-S3_nuc_pos12_q2_5c_trackmate.xml,43,0,,,14804,15301,11,19,11.0,19.0,9,9,death,seq0012_HeLa-S3_nuc_pos12_q2_5c:cell43,False
seq0012_HeLa-S3_nuc_pos12_q2_5c,HeLa-S3_nuc_pos12_q2_5c,DynamicNuclearNet,train,DynamicNuclearNet\tif_data\train\out\HeLa-S3_nuc_pos12_q2_5c\HeLa-S3_nuc_pos12_q2_5c_trackmate.xml,44,0,,,15042,15115,12,13,12.0,13.0,2,2,death,seq0012_HeLa-S3_nuc_pos12_q2_5c:cell44,False
seq0012_HeLa-S3_nuc_pos12_q2_5c,HeLa-S3_nuc_pos12_q2_5c,DynamicNuclearNet,train,DynamicNuclearNet\tif_data\train\out\HeLa-S3_nuc_pos12_q2_5c\HeLa-S3_nuc_pos12_q2_5c_trackmate.xml,45,0,,,15150,15187,13,14,13.0,14.0,2,2,death,seq0012_HeLa-S3_nuc_pos12_q2_5c:cell45,False
seq0012_HeLa-S3_nuc_pos12_q2_5c,HeLa-S3_nuc_pos12_q2_5c,DynamicNuclearNet,train,DynamicNuclearNet\tif_data\train\out\HeLa-S3_nuc_pos12_q2_5c\HeLa-S3_nuc_pos12_q2_5c_trackmate.xml,46,0,,,15172,15208,13,14,13.0,14.0,2,2,death,seq0012_HeLa-S3_nuc_pos12_q2_5c:cell46,False
seq0012_HeLa-S3_nuc_pos12_q2_5c,HeLa-S3_nuc_pos12_q2_5c,DynamicNuclearNet,train,DynamicNuclearNet\tif_data\train\out\HeLa-S3_nuc_pos12_q2_5c\HeLa-S3_nuc_pos12_q2_5c_trackmate.xml,47,0,,,15071,15071,15,15,15.0,15.0,1,1,death,seq0012_HeLa-S3_nuc_pos12_q2_5c:cell47,False
seq0012_HeLa-S3_nuc_pos12_q2_5c,HeLa-S3_nuc_pos12_q2_5c,DynamicNuclearNet,train,DynamicNuclearNet\tif_data\train\out\HeLa-S3_nuc_pos12_q2_5c\HeLa-S3_nuc_pos12_q2_5c_trackmate.xml,48,0,,,15239,15239,18,18,18.0,18.0,1,1,death,seq0012_HeLa-S3_nuc_pos12_q2_5c:cell48,False
seq0012_HeLa-S3_nuc_pos12_q2_5c,HeLa-S3_nuc_pos12_q2_5c,DynamicNuclearNet,train,DynamicNuclearNet\tif_data\train\out\HeLa-S3_nuc_pos12_q2_5c\HeLa-S3_nuc_pos12_q2_5c_trackmate.xml,49,0,,,15307,15231,19,21,19.0,21.0,3,3,death,seq0012_HeLa-S3_nuc_pos12_q2_5c:cell49,False
seq0012_HeLa-S3_nuc_pos12_q2_5c,HeLa-S3_nuc_pos12_q2_5c,DynamicNuclearNet,train,DynamicNuclearNet\tif_data\train\out\HeLa-S3_nuc_pos12_q2_5c\HeLa-S3_nuc_pos12_q2_5c_trackmate.xml,50,0,,,15254,15363,20,23,20.0,23.0,4,4,death,seq0012_HeLa-S3_nuc_pos12_q2_5c:cell50,False
seq0012_HeLa-S3_nuc_pos12_q2_5c,HeLa-S3_nuc_pos12_q2_5c,DynamicNuclearNet,train,DynamicNuclearNet\tif_data\train\out\HeLa-S3_nuc_pos12_q2_5c\HeLa-S3_nuc_pos12_q2_5c_trackmate.xml,51,0,,,15255,15947,20,41,20.0,41.0,22,22,death,seq0012_HeLa-S3_nuc_pos12_q2_5c:cell51,False
seq0012_HeLa-S3_nuc_pos12_q2_5c,HeLa-S3_nuc_pos12_q2_5c,DynamicNuclearNet,train,DynamicNuclearNet\tif_data\train\out\HeLa-S3_nuc_pos12_q2_5c\HeLa-S3_nuc_pos12_q2_5c_trackmate.xml,52,0,,,15284,15284,21,21,21.0,21.0,1,1,death,seq0012_HeLa-S3_nuc_pos12_q2_5c:cell52,False
seq0012_HeLa-S3_nuc_pos12_q2_5c,HeLa-S3_nuc_pos12_q2_5c,DynamicNuclearNet,train,DynamicNuclearNet\tif_data\train\out\HeLa-S3_nuc_pos12_q2_5c\HeLa-S3_nuc_pos12_q2_5c_trackmate.xml,53,0,,,15332,15934,22,41,22.0,41.0,20,20,death,seq0012_HeLa-S3_nuc_pos12_q2_5c:cell53,False
seq0012_HeLa-S3_nuc_pos12_q2_5c,HeLa-S3_nuc_pos12_q2_5c,DynamicNuclearNet,train,DynamicNuclearNet\tif_data\train\out\HeLa-S3_nuc_pos12_q2_5c\HeLa-S3_nuc_pos12_q2_5c_trackmate.xml,54,0,,,15366,15395,23,24,23.0,24.0,2,2,death,seq0012_HeLa-S3_nuc_pos12_q2_5c:cell54,False
seq0012_HeLa-S3_nuc_pos12_q2_5c,HeLa-S3_nuc_pos12_q2_5c,DynamicNuclearNet,train,DynamicNuclearNet\tif_data\train\out\HeLa-S3_nuc_pos12_q2_5c\HeLa-S3_nuc_pos12_q2_5c_trackmate.xml,55,0,,,15398,15491,23,26,23.0,26.0,4,4,death,seq0012_HeLa-S3_nuc_pos12_q2_5c:cell55,False
seq0012_HeLa-S3_nuc_pos12_q2_5c,HeLa-S3_nuc_pos12_q2_5c,DynamicNuclearNet,train,DynamicNuclearNet\tif_data\train\out\HeLa-S3_nuc_pos12_q2_5c\HeLa-S3_nuc_pos12_q2_5c_trackmate.xml,56,0,,,15390,15589,24,25,24.0,25.0,2,2,death,seq0012_HeLa-S3_nuc_pos12_q2_5c:cell56,False
seq0012_HeLa-S3_nuc_pos12_q2_5c,HeLa-S3_nuc_pos12_q2_5c,DynamicNuclearNet,train,DynamicNuclearNet\tif_data\train\out\HeLa-S3_nuc_pos12_q2_5c\HeLa-S3_nuc_pos12_q2_5c_trackmate.xml,57,0,,,15435,15435,26,26,26.0,26.0,1,1,death,seq0012_HeLa-S3_nuc_pos12_q2_5c:cell57,False
seq0012_HeLa-S3_nuc_pos12_q2_5c,HeLa-S3_nuc_pos12_q2_5c,DynamicNuclearNet,train,DynamicNuclearNet\tif_data\train\out\HeLa-S3_nuc_pos12_q2_5c\HeLa-S3_nuc_pos12_q2_5c_trackmate.xml,58,0,,,15440,15944,27,41,27.0,41.0,15,15,death,seq0012_HeLa-S3_nuc_pos12_q2_5c:cell58,False
seq0012_HeLa-S3_nuc_pos12_q2_5c,HeLa-S3_nuc_pos12_q2_5c,DynamicNuclearNet,train,DynamicNuclearNet\tif_data\train\out\HeLa-S3_nuc_pos12_q2_5c\HeLa-S3_nuc_pos12_q2_5c_trackmate.xml,59,0,,,15450,15920,28,41,28.0,41.0,14,14,death,seq0012_HeLa-S3_nuc_pos12_q2_5c:cell59,False
seq0012_HeLa-S3_nuc_pos12_q2_5c,HeLa-S3_nuc_pos12_q2_5c,DynamicNuclearNet,train,DynamicNuclearNet\tif_data\train\out\HeLa-S3_nuc_pos12_q2_5c\HeLa-S3_nuc_pos12_q2_5c_trackmate.xml,60,0,,,15454,15509,28,29,28.0,29.0,2,2,death,seq0012_HeLa-S3_nuc_pos12_q2_5c:cell60,False
seq0012_HeLa-S3_nuc_pos12_q2_5c,HeLa-S3_nuc_pos12_q2_5c,DynamicNuclearNet,train,DynamicNuclearNet\tif_data\train\out\HeLa-S3_nuc_pos12_q2_5c\HeLa-S3_nuc_pos12_q2_5c_trackmate.xml,61,0,,,15466,15566,28,31,28.0,31.0,4,4,death,seq0012_HeLa-S3_nuc_pos12_q2_5c:cell61,False
seq0012_HeLa-S3_nuc_pos12_q2_5c,HeLa-S3_nuc_pos12_q2_5c,DynamicNuclearNet,train,DynamicNuclearNet\tif_data\train\out\HeLa-S3_nuc_pos12_q2_5c\HeLa-S3_nuc_pos12_q2_5c_trackmate.xml,62,0,,,15480,15772,28,38,28.0,38.0,11,11,death,seq0012_HeLa-S3_nuc_pos12_q2_5c:cell62,False
seq0012_HeLa-S3_nuc_pos12_q2_5c,HeLa-S3_nuc_pos12_q2_5c,DynamicNuclearNet,train,DynamicNuclearNet\tif_data\train\out\HeLa-S3_nuc_pos12_q2_5c\HeLa-S3_nuc_pos12_q2_5c_trackmate.xml,63,0,,,15570,15894,29,33,29.0,33.0,5,5,death,seq0012_HeLa-S3_nuc_pos12_q2_5c:cell63,False
seq0012_HeLa-S3_nuc_pos12_q2_5c,HeLa-S3_nuc_pos12_q2_5c,DynamicNuclearNet,train,DynamicNuclearNet\tif_data\train\out\HeLa-S3_nuc_pos12_q2_5c\HeLa-S3_nuc_pos12_q2_5c_trackmate.xml,64,0,,,15529,15924,30,41,30.0,41.0,12,12,death,seq0012_HeLa-S3_nuc_pos12_q2_5c:cell64,False
seq0012_HeLa-S3_nuc_pos12_q2_5c,HeLa-S3_nuc_pos12_q2_5c,DynamicNuclearNet,train,DynamicNuclearNet\tif_data\train\out\HeLa-S3_nuc_pos12_q2_5c\HeLa-S3_nuc_pos12_q2_5c_trackmate.xml,65,0,,,15552,15946,30,41,30.0,41.0,12,12,death,seq0012_HeLa-S3_nuc_pos12_q2_5c:cell65,False
seq0012_HeLa-S3_nuc_pos12_q2_5c,HeLa-S3_nuc_pos12_q2_5c,DynamicNuclearNet,train,DynamicNuclearNet\tif_data\train\out\HeLa-S3_nuc_pos12_q2_5c\HeLa-S3_nuc_pos12_q2_5c_trackmate.xml,66,0,,,15660,15865,32,33,32.0,33.0,2,2,death,seq0012_HeLa-S3_nuc_pos12_q2_5c:cell66,False
seq0012_HeLa-S3_nuc_pos12_q2_5c,HeLa-S3_nuc_pos12_q2_5c,DynamicNuclearNet,train,DynamicNuclearNet\tif_data\train\out\HeLa-S3_nuc_pos12_q2_5c\HeLa-S3_nuc_pos12_q2_5c_trackmate.xml,67,0,,,15787,15931,33,41,33.0,41.0,9,9,death,seq0012_HeLa-S3_nuc_pos12_q2_5c:cell67,False
seq0012_HeLa-S3_nuc_pos12_q2_5c,HeLa-S3_nuc_pos12_q2_5c,DynamicNuclearNet,train,DynamicNuclearNet\tif_data\train\out\HeLa-S3_nuc_pos12_q2_5c\HeLa-S3_nuc_pos12_q2_5c_trackmate.xml,68,0,,,15794,15940,33,41,33.0,41.0,9,9,death,seq0012_HeLa-S3_nuc_pos12_q2_5c:cell68,False
seq0012_HeLa-S3_nuc_pos12_q2_5c,HeLa-S3_nuc_pos12_q2_5c,DynamicNuclearNet,train,DynamicNuclearNet\tif_data\train\out\HeLa-S3_nuc_pos12_q2_5c\HeLa-S3_nuc_pos12_q2_5c_trackmate.xml,69,0,,,15797,15681,33,34,33.0,34.0,2,2,death,seq0012_HeLa-S3_nuc_pos12_q2_5c:cell69,False
seq0012_HeLa-S3_nuc_pos12_q2_5c,HeLa-S3_nuc_pos12_q2_5c,DynamicNuclearNet,train,DynamicNuclearNet\tif_data\train\out\HeLa-S3_nuc_pos12_q2_5c\HeLa-S3_nuc_pos12_q2_5c_trackmate.xml,70,0,,,15729,15896,35,36,35.0,36.0,2,2,death,seq0012_HeLa-S3_nuc_pos12_q2_5c:cell70,False
seq0012_HeLa-S3_nuc_pos12_q2_5c,HeLa-S3_nuc_pos12_q2_5c,DynamicNuclearNet,train,DynamicNuclearNet\tif_data\train\out\HeLa-S3_nuc_pos12_q2_5c\HeLa-S3_nuc_pos12_q2_5c_trackmate.xml,71,0,,,15742,15742,35,35,35.0,35.0,1,1,death,seq0012_HeLa-S3_nuc_pos12_q2_5c:cell71,False
seq0012_HeLa-S3_nuc_pos12_q2_5c,HeLa-S3_nuc_pos12_q2_5c,DynamicNuclearNet,train,DynamicNuclearNet\tif_data\train\out\HeLa-S3_nuc_pos12_q2_5c\HeLa-S3_nuc_pos12_q2_5c_trackmate.xml,72,0,,,15764,15764,37,37,37.0,37.0,1,1,death,seq0012_HeLa-S3_nuc_pos12_q2_5c:cell72,False
seq0012_HeLa-S3_nuc_pos12_q2_5c,HeLa-S3_nuc_pos12_q2_5c,DynamicNuclearNet,train,DynamicNuclearNet\tif_data\train\out\HeLa-S3_nuc_pos12_q2_5c\HeLa-S3_nuc_pos12_q2_5c_trackmate.xml,73,0,,,15768,15768,37,37,37.0,37.0,1,1,death,seq0012_HeLa-S3_nuc_pos12_q2_5c:cell73,False
seq0012_HeLa-S3_nuc_pos12_q2_5c,HeLa-S3_nuc_pos12_q2_5c,DynamicNuclearNet,train,DynamicNuclearNet\tif_data\train\out\HeLa-S3_nuc_pos12_q2_5c\HeLa-S3_nuc_pos12_q2_5c_trackmate.xml,74,0,,,15777,15777,37,37,37.0,37.0,1,1,death,seq0012_HeLa-S3_nuc_pos12_q2_5c:cell74,False
seq0012_HeLa-S3_nuc_pos12_q2_5c,HeLa-S3_nuc_pos12_q2_5c,DynamicNuclearNet,train,DynamicNuclearNet\tif_data\train\out\HeLa-S3_nuc_pos12_q2_5c\HeLa-S3_nuc_pos12_q2_5c_trackmate.xml,75,0,,,15752,15930,38,40,38.0,40.0,3,3,death,seq0012_HeLa-S3_nuc_pos12_q2_5c:cell75,False
seq0012_HeLa-S3_nuc_pos12_q2_5c,HeLa-S3_nuc_pos12_q2_5c,DynamicNuclearNet,train,DynamicNuclearNet\tif_data\train\out\HeLa-S3_nuc_pos12_q2_5c\HeLa-S3_nuc_pos12_q2_5c_trackmate.xml,76,0,,,15854,15854,38,38,38.0,38.0,1,1,death,seq0012_HeLa-S3_nuc_pos12_q2_5c:cell76,False
seq0012_HeLa-S3_nuc_pos12_q2_5c,HeLa-S3_nuc_pos12_q2_5c,DynamicNuclearNet,train,DynamicNuclearNet\tif_data\train\out\HeLa-S3_nuc_pos12_q2_5c\HeLa-S3_nuc_pos12_q2_5c_trackmate.xml,77,0,,,15897,15967,39,41,39.0,41.0,3,3,death,seq0012_HeLa-S3_nuc_pos12_q2_5c:cell77,False
seq0012_HeLa-S3_nuc_pos12_q2_5c,HeLa-S3_nuc_pos12_q2_5c,DynamicNuclearNet,train,DynamicNuclearNet\tif_data\train\out\HeLa-S3_nuc_pos12_q2_5c\HeLa-S3_nuc_pos12_q2_5c_trackmate.xml,78,0,,,15948,15948,40,40,40.0,40.0,1,1,death,seq0012_HeLa-S3_nuc_pos12_q2_5c:cell78,False
seq0012_HeLa-S3_nuc_pos12_q2_5c,HeLa-S3_nuc_pos12_q2_5c,DynamicNuclearNet,train,DynamicNuclearNet\tif_data\train\out\HeLa-S3_nuc_pos12_q2_5c\HeLa-S3_nuc_pos12_q2_5c_trackmate.xml,79,0,,,15985,15984,40,41,40.0,41.0,2,2,death,seq0012_HeLa-S3_nuc_pos12_q2_5c:cell79,False
seq0012_HeLa-S3_nuc_pos12_q2_5c,HeLa-S3_nuc_pos12_q2_5c,DynamicNuclearNet,train,DynamicNuclearNet\tif_data\train\out\HeLa-S3_nuc_pos12_q2_5c\HeLa-S3_nuc_pos12_q2_5c_trackmate.xml,80,0,,,15933,15933,41,41,41.0,41.0,1,1,death,seq0012_HeLa-S3_nuc_pos12_q2_5c:cell80,False
seq0012_HeLa-S3_nuc_pos12_q2_5c,HeLa-S3_nuc_pos12_q2_5c,DynamicNuclearNet,train,DynamicNuclearNet\tif_data\train\out\HeLa-S3_nuc_pos12_q2_5c\HeLa-S3_nuc_pos12_q2_5c_trackmate.xml,81,0,,,15936,15936,41,41,41.0,41.0,1,1,death,seq0012_HeLa-S3_nuc_pos12_q2_5c:cell81,False
seq0012_HeLa-S3_nuc_pos12_q2_5c,HeLa-S3_nuc_pos12_q2_5c,DynamicNuclearNet,train,DynamicNuclearNet\tif_data\train\out\HeLa-S3_nuc_pos12_q2_5c\HeLa-S3_nuc_pos12_q2_5c_trackmate.xml,82,1,29,,14834,14834,9,9,9.0,9.0,1,1,death,seq0012_HeLa-S3_nuc_pos12_q2_5c:cell82,False
seq0012_HeLa-S3_nuc_pos12_q2_5c,HeLa-S3_nuc_pos12_q2_5c,DynamicNuclearNet,train,DynamicNuclearNet\tif_data\train\out\HeLa-S3_nuc_pos12_q2_5c\HeLa-S3_nuc_pos12_q2_5c_trackmate.xml,83,1,29,,14837,15926,9,41,9.0,41.0,33,33,death,seq0012_HeLa-S3_nuc_pos12_q2_5c:cell83,False
seq0013_HeLa-S3_nuc_pos12_q3_5c,HeLa-S3_nuc_pos12_q3_5c,DynamicNuclearNet,train,DynamicNuclearNet\tif_data\train\out\HeLa-S3_nuc_pos12_q3_5c\HeLa-S3_nuc_pos12_q3_5c_trackmate.xml,0,0,,,16319,17204,0,41,0.0,41.0,42,42,death,seq0013_HeLa-S3_nuc_pos12_q3_5c:cell0,False
seq0013_HeLa-S3_nuc_pos12_q3_5c,HeLa-S3_nuc_pos12_q3_5c,DynamicNuclearNet,train,DynamicNuclearNet\tif_data\train\out\HeLa-S3_nuc_pos12_q3_5c\HeLa-S3_nuc_pos12_q3_5c_trackmate.xml,1,0,,,16322,16889,0,30,0.0,30.0,31,31,death,seq0013_HeLa-S3_nuc_pos12_q3_5c:cell1,False
seq0013_HeLa-S3_nuc_pos12_q3_5c,HeLa-S3_nuc_pos12_q3_5c,DynamicNuclearNet,train,DynamicNuclearNet\tif_data\train\out\HeLa-S3_nuc_pos12_q3_5c\HeLa-S3_nuc_pos12_q3_5c_trackmate.xml,2,0,,,16324,17207,0,41,0.0,41.0,42,42,death,seq0013_HeLa-S3_nuc_pos12_q3_5c:cell2,False
seq0013_HeLa-S3_nuc_pos12_q3_5c,HeLa-S3_nuc_pos12_q3_5c,DynamicNuclearNet,train,DynamicNuclearNet\tif_data\train\out\HeLa-S3_nuc_pos12_q3_5c\HeLa-S3_nuc_pos12_q3_5c_trackmate.xml,3,0,,,16326,17215,0,41,0.0,41.0,42,42,death,seq0013_HeLa-S3_nuc_pos12_q3_5c:cell3,False
seq0013_HeLa-S3_nuc_pos12_q3_5c,HeLa-S3_nuc_pos12_q3_5c,DynamicNuclearNet,train,DynamicNuclearNet\tif_data\train\out\HeLa-S3_nuc_pos12_q3_5c\HeLa-S3_nuc_pos12_q3_5c_trackmate.xml,4,0,,,16328,17226,0,41,0.0,41.0,42,42,death,seq0013_HeLa-S3_nuc_pos12_q3_5c:cell4,False
seq0013_HeLa-S3_nuc_pos12_q3_5c,HeLa-S3_nuc_pos12_q3_5c,DynamicNuclearNet,train,DynamicNuclearNet\tif_data\train\out\HeLa-S3_nuc_pos12_q3_5c\HeLa-S3_nuc_pos12_q3_5c_trackmate.xml,5,0,,,16330,17230,0,41,0.0,41.0,42,42,death,seq0013_HeLa-S3_nuc_pos12_q3_5c:cell5,False
seq0013_HeLa-S3_nuc_pos12_q3_5c,HeLa-S3_nuc_pos12_q3_5c,DynamicNuclearNet,train,DynamicNuclearNet\tif_data\train\out\HeLa-S3_nuc_pos12_q3_5c\HeLa-S3_nuc_pos12_q3_5c_trackmate.xml,6,0,,,16332,17237,0,41,0.0,41.0,42,42,death,seq0013_HeLa-S3_nuc_pos12_q3_5c:cell6,False
seq0013_HeLa-S3_nuc_pos12_q3_5c,HeLa-S3_nuc_pos12_q3_5c,DynamicNuclearNet,train,DynamicNuclearNet\tif_data\train\out\HeLa-S3_nuc_pos12_q3_5c\HeLa-S3_nuc_pos12_q3_5c_trackmate.xml,7,0,,,16336,17222,0,41,0.0,41.0,42,42,death,seq0013_HeLa-S3_nuc_pos12_q3_5c:cell7,False
seq0013_HeLa-S3_nuc_pos12_q3_5c,HeLa-S3_nuc_pos12_q3_5c,DynamicNuclearNet,train,DynamicNuclearNet\tif_data\train\out\HeLa-S3_nuc_pos12_q3_5c\HeLa-S3_nuc_pos12_q3_5c_trackmate.xml,8,0,,,16337,17234,0,41,0.0,41.0,42,42,death,seq0013_HeLa-S3_nuc_pos12_q3_5c:cell8,False
seq0013_HeLa-S3_nuc_pos12_q3_5c,HeLa-S3_nuc_pos12_q3_5c,DynamicNuclearNet,train,DynamicNuclearNet\tif_data\train\out\HeLa-S3_nuc_pos12_q3_5c\HeLa-S3_nuc_pos12_q3_5c_trackmate.xml,9,0,,,16338,17248,0,41,0.0,41.0,42,42,death,seq0013_HeLa-S3_nuc_pos12_q3_5c:cell9,False
seq0013_HeLa-S3_nuc_pos12_q3_5c,HeLa-S3_nuc_pos12_q3_5c,DynamicNuclearNet,train,DynamicNuclearNet\tif_data\train\out\HeLa-S3_nuc_pos12_q3_5c\HeLa-S3_nuc_pos12_q3_5c_trackmate.xml,10,0,,,16339,16061,0,1,0.0,1.0,2,2,death,seq0013_HeLa-S3_nuc_pos12_q3_5c:cell10,False
seq0013_HeLa-S3_nuc_pos12_q3_5c,HeLa-S3_nuc_pos12_q3_5c,DynamicNuclearNet,train,DynamicNuclearNet\tif_data\train\out\HeLa-S3_nuc_pos12_q3_5c\HeLa-S3_nuc_pos12_q3_5c_trackmate.xml,11,0,,,16340,17252,0,41,0.0,41.0,42,42,death,seq0013_HeLa-S3_nuc_pos12_q3_5c:cell11,False
seq0013_HeLa-S3_nuc_pos12_q3_5c,HeLa-S3_nuc_pos12_q3_5c,DynamicNuclearNet,train,DynamicNuclearNet\tif_data\train\out\HeLa-S3_nuc_pos12_q3_5c\HeLa-S3_nuc_pos12_q3_5c_trackmate.xml,12,0,,,16341,16181,0,8,0.0,8.0,9,9,death,seq0013_HeLa-S3_nuc_pos12_q3_5c:cell12,False
seq0013_HeLa-S3_nuc_pos12_q3_5c,HeLa-S3_nuc_pos12_q3_5c,DynamicNuclearNet,train,DynamicNuclearNet\tif_data\train\out\HeLa-S3_nuc_pos12_q3_5c\HeLa-S3_nuc_pos12_q3_5c_trackmate.xml,13,0,,,16342,17265,0,41,0.0,41.0,42,42,death,seq0013_HeLa-S3_nuc_pos12_q3_5c:cell13,False
seq0013_HeLa-S3_nuc_pos12_q3_5c,HeLa-S3_nuc_pos12_q3_5c,DynamicNuclearNet,train,DynamicNuclearNet\tif_data\train\out\HeLa-S3_nuc_pos12_q3_5c\HeLa-S3_nuc_pos12_q3_5c_trackmate.xml,14,0,,,16343,17269,0,41,0.0,41.0,42,42,death,seq0013_HeLa-S3_nuc_pos12_q3_5c:cell14,False
seq0013_HeLa-S3_nuc_pos12_q3_5c,HeLa-S3_nuc_pos12_q3_5c,DynamicNuclearNet,train,DynamicNuclearNet\tif_data\train\out\HeLa-S3_nuc_pos12_q3_5c\HeLa-S3_nuc_pos12_q3_5c_trackmate.xml,15,0,,,16344,17273,0,41,0.0,41.0,42,42,death,seq0013_HeLa-S3_nuc_pos12_q3_5c:cell15,False
seq0013_HeLa-S3_nuc_pos12_q3_5c,HeLa-S3_nuc_pos12_q3_5c,DynamicNuclearNet,train,DynamicNuclearNet\tif_data\train\out\HeLa-S3_nuc_pos12_q3_5c\HeLa-S3_nuc_pos12_q3_5c_trackmate.xml,16,0,,,16345,17276,0,41,0.0,41.0,42,42,death,seq0013_HeLa-S3_nuc_pos12_q3_5c:cell16,False
seq0013_HeLa-S3_nuc_pos12_q3_5c,HeLa-S3_nuc_pos12_q3_5c,DynamicNuclearNet,train,DynamicNuclearNet\tif_data\train\out\HeLa-S3_nuc_pos12_q3_5c\HeLa-S3_nuc_pos12_q3_5c_trackmate.xml,17,0,,,16346,17283,0,41,0.0,41.0,42,42,death,seq0013_HeLa-S3_nuc_pos12_q3_5c:cell17,False
seq0013_HeLa-S3_nuc_pos12_q3_5c,HeLa-S3_nuc_pos12_q3_5c,DynamicNuclearNet,train,DynamicNuclearNet\tif_data\train\out\HeLa-S3_nuc_pos12_q3_5c\HeLa-S3_nuc_pos12_q3_5c_trackmate.xml,18,0,,,16347,17280,0,41,0.0,41.0,42,42,death,seq0013_HeLa-S3_nuc_pos12_q3_5c:cell18,False
seq0013_HeLa-S3_nuc_pos12_q3_5c,HeLa-S3_nuc_pos12_q3_5c,DynamicNuclearNet,train,DynamicNuclearNet\tif_data\train\out\HeLa-S3_nuc_pos12_q3_5c\HeLa-S3_nuc_pos12_q3_5c_trackmate.xml,19,0,,,16348,17287,0,41,0.0,41.0,42,42,death,seq0013_HeLa-S3_nuc_pos12_q3_5c:cell19,False
seq0013_HeLa-S3_nuc_pos12_q3_5c,HeLa-S3_nuc_pos12_q3_5c,DynamicNuclearNet,train,DynamicNuclearNet\tif_data\train\out\HeLa-S3_nuc_pos12_q3_5c\HeLa-S3_nuc_pos12_q3_5c_trackmate.xml,20,0,,,16349,17296,0,41,0.0,41.0,42,42,death,seq0013_HeLa-S3_nuc_pos12_q3_5c:cell20,False
seq0013_HeLa-S3_nuc_pos12_q3_5c,HeLa-S3_nuc_pos12_q3_5c,DynamicNuclearNet,train,DynamicNuclearNet\tif_data\train\out\HeLa-S3_nuc_pos12_q3_5c\HeLa-S3_nuc_pos12_q3_5c_trackmate.xml,21,0,,,16350,17291,0,41,0.0,41.0,42,42,death,seq0013_HeLa-S3_nuc_pos12_q3_5c:cell21,False
seq0013_HeLa-S3_nuc_pos12_q3_5c,HeLa-S3_nuc_pos12_q3_5c,DynamicNuclearNet,train,DynamicNuclearNet\tif_data\train\out\HeLa-S3_nuc_pos12_q3_5c\HeLa-S3_nuc_pos12_q3_5c_trackmate.xml,22,0,,,16351,17292,0,41,0.0,41.0,42,42,death,seq0013_HeLa-S3_nuc_pos12_q3_5c:cell22,False
seq0013_HeLa-S3_nuc_pos12_q3_5c,HeLa-S3_nuc_pos12_q3_5c,DynamicNuclearNet,train,DynamicNuclearNet\tif_data\train\out\HeLa-S3_nuc_pos12_q3_5c\HeLa-S3_nuc_pos12_q3_5c_trackmate.xml,23,0,,,16352,17302,0,41,0.0,41.0,42,42,death,seq0013_HeLa-S3_nuc_pos12_q3_5c:cell23,False
seq0013_HeLa-S3_nuc_pos12_q3_5c,HeLa-S3_nuc_pos12_q3_5c,DynamicNuclearNet,train,DynamicNuclearNet\tif_data\train\out\HeLa-S3_nuc_pos12_q3_5c\HeLa-S3_nuc_pos12_q3_5c_trackmate.xml,24,0,,,16353,17304,0,41,0.0,41.0,42,42,death,seq0013_HeLa-S3_nuc_pos12_q3_5c:cell24,False
seq0013_HeLa-S3_nuc_pos12_q3_5c,HeLa-S3_nuc_pos12_q3_5c,DynamicNuclearNet,train,DynamicNuclearNet\tif_data\train\out\HeLa-S3_nuc_pos12_q3_5c\HeLa-S3_nuc_pos12_q3_5c_trackmate.xml,25,0,,,16354,17308,0,41,0.0,41.0,42,42,death,seq0013_HeLa-S3_nuc_pos12_q3_5c:cell25,False
seq0013_HeLa-S3_nuc_pos12_q3_5c,HeLa-S3_nuc_pos12_q3_5c,DynamicNuclearNet,train,DynamicNuclearNet\tif_data\train\out\HeLa-S3_nuc_pos12_q3_5c\HeLa-S3_nuc_pos12_q3_5c_trackmate.xml,26,0,,,16355,16711,0,21,0.0,21.0,22,22,death,seq0013_HeLa-S3_nuc_pos12_q3_5c:cell26,False
seq0013_HeLa-S3_nuc_pos12_q3_5c,HeLa-S3_nuc_pos12_q3_5c,DynamicNuclearNet,train,DynamicNuclearNet\tif_data\train\out\HeLa-S3_nuc_pos12_q3_5c\HeLa-S3_nuc_pos12_q3_5c_trackmate.xml,27,0,,,16356,16356,0,0,0.0,0.0,1,1,death,seq0013_HeLa-S3_nuc_pos12_q3_5c:cell27,False
seq0013_HeLa-S3_nuc_pos12_q3_5c,HeLa-S3_nuc_pos12_q3_5c,DynamicNuclearNet,train,DynamicNuclearNet\tif_data\train\out\HeLa-S3_nuc_pos12_q3_5c\HeLa-S3_nuc_pos12_q3_5c_trackmate.xml,28,0,,,16055,16055,2,2,2.0,2.0,1,1,death,seq0013_HeLa-S3_nuc_pos12_q3_5c:cell28,False
seq0013_HeLa-S3_nuc_pos12_q3_5c,HeLa-S3_nuc_pos12_q3_5c,DynamicNuclearNet,train,DynamicNuclearNet\tif_data\train\out\HeLa-S3_nuc_pos12_q3_5c\HeLa-S3_nuc_pos12_q3_5c_trackmate.xml,29,0,,,16121,16335,2,6,2.0,6.0,5,5,death,seq0013_HeLa-S3_nuc_pos12_q3_5c:cell29,False
seq0013_HeLa-S3_nuc_pos12_q3_5c,HeLa-S3_nuc_pos12_q3_5c,DynamicNuclearNet,train,DynamicNuclearNet\tif_data\train\out\HeLa-S3_nuc_pos12_q3_5c\HeLa-S3_nuc_pos12_q3_5c_trackmate.xml,30,0,,,16291,16310,3,6,3.0,6.0,4,4,death,seq0013_HeLa-S3_nuc_pos12_q3_5c:cell30,False
seq0013_HeLa-S3_nuc_pos12_q3_5c,HeLa-S3_nuc_pos12_q3_5c,DynamicNuclearNet,train,DynamicNuclearNet\tif_data\train\out\HeLa-S3_nuc_pos12_q3_5c\HeLa-S3_nuc_pos12_q3_5c_trackmate.xml,31,0,,,16183,16183,7,7,7.0,7.0,1,1,death,seq0013_HeLa-S3_nuc_pos12_q3_5c:cell31,False
seq0013_HeLa-S3_nuc_pos12_q3_5c,HeLa-S3_nuc_pos12_q3_5c,DynamicNuclearNet,train,DynamicNuclearNet\tif_data\train\out\HeLa-S3_nuc_pos12_q3_5c\HeLa-S3_nuc_pos12_q3_5c_trackmate.xml,32,0,,,16186,16186,7,7,7.0,7.0,1,1,death,seq0013_HeLa-S3_nuc_pos12_q3_5c:cell32,False
seq0013_HeLa-S3_nuc_pos12_q3_5c,HeLa-S3_nuc_pos12_q3_5c,DynamicNuclearNet,train,DynamicNuclearNet\tif_data\train\out\HeLa-S3_nuc_pos12_q3_5c\HeLa-S3_nuc_pos12_q3_5c_trackmate.xml,33,0,,,16191,16070,8,9,8.0,9.0,2,2,death,seq0013_HeLa-S3_nuc_pos12_q3_5c:cell33,False
seq0013_HeLa-S3_nuc_pos12_q3_5c,HeLa-S3_nuc_pos12_q3_5c,DynamicNuclearNet,train,DynamicNuclearNet\tif_data\train\out\HeLa-S3_nuc_pos12_q3_5c\HeLa-S3_nuc_pos12_q3_5c_trackmate.xml,34,0,,,16200,16207,8,10,8.0,10.0,3,3,death,seq0013_HeLa-S3_nuc_pos12_q3_5c:cell34,False
seq0013_HeLa-S3_nuc_pos12_q3_5c,HeLa-S3_nuc_pos12_q3_5c,DynamicNuclearNet,train,DynamicNuclearNet\tif_data\train\out\HeLa-S3_nuc_pos12_q3_5c\HeLa-S3_nuc_pos12_q3_5c_trackmate.xml,35,0,,,16271,16651,8,20,8.0,20.0,13,13,death,seq0013_HeLa-S3_nuc_pos12_q3_5c:cell35,False
seq0013_HeLa-S3_nuc_pos12_q3_5c,HeLa-S3_nuc_pos12_q3_5c,DynamicNuclearNet,train,DynamicNuclearNet\tif_data\train\out\HeLa-S3_nuc_pos12_q3_5c\HeLa-S3_nuc_pos12_q3_5c_trackmate.xml,36,0,,,16063,17241,9,41,9.0,41.0,33,33,death,seq0013_HeLa-S3_nuc_pos12_q3_5c:cell36,False
seq0013_HeLa-S3_nuc_pos12_q3_5c,HeLa-S3_nuc_pos12_q3_5c,DynamicNuclearNet,train,DynamicNuclearNet\tif_data\train\out\HeLa-S3_nuc_pos12_q3_5c\HeLa-S3_nuc_pos12_q3_5c_trackmate.xml,37,0,,,16078,17260,9,41,9.0,41.0,33,33,death,seq0013_HeLa-S3_nuc_pos12_q3_5c:cell37,False
seq0013_HeLa-S3_nuc_pos12_q3_5c,HeLa-S3_nuc_pos12_q3_5c,DynamicNuclearNet,train,DynamicNuclearNet\tif_data\train\out\HeLa-S3_nuc_pos12_q3_5c\HeLa-S3_nuc_pos12_q3_5c_trackmate.xml,38,0,,,16195,17256,10,41,10.0,41.0,32,32,death,seq0013_HeLa-S3_nuc_pos12_q3_5c:cell38,False
seq0013_HeLa-S3_nuc_pos12_q3_5c,HeLa-S3_nuc_pos12_q3_5c,DynamicNuclearNet,train,DynamicNuclearNet\tif_data\train\out\HeLa-S3_nuc_pos12_q3_5c\HeLa-S3_nuc_pos12_q3_5c_trackmate.xml,39,0,,,16189,16464,11,15,11.0,15.0,5,5,death,seq0013_HeLa-S3_nuc_pos12_q3_5c:cell39,False
seq0013_HeLa-S3_nuc_pos12_q3_5c,HeLa-S3_nuc_pos12_q3_5c,DynamicNuclearNet,train,DynamicNuclearNet\tif_data\train\out\HeLa-S3_nuc_pos12_q3_5c\HeLa-S3_nuc_pos12_q3_5c_trackmate.xml,40,0,,,16203,17244,11,41,11.0,41.0,31,31,death,seq0013_HeLa-S3_nuc_pos12_q3_5c:cell40,False
seq0013_HeLa-S3_nuc_pos12_q3_5c,HeLa-S3_nuc_pos12_q3_5c,DynamicNuclearNet,train,DynamicNuclearNet\tif_data\train\out\HeLa-S3_nuc_pos12_q3_5c\HeLa-S3_nuc_pos12_q3_5c_trackmate.xml,41,0,,,16415,17299,12,41,12.0,41.0,30,30,death,seq0013_HeLa-S3_nuc_pos12_q3_5c:cell41,False
seq0013_HeLa-S3_nuc_pos12_q3_5c,HeLa-S3_nuc_pos12_q3_5c,DynamicNuclearNet,train,DynamicNuclearNet\tif_data\train\out\HeLa-S3_nuc_pos12_q3_5c\HeLa-S3_nuc_pos12_q3_5c_trackmate.xml,42,0,,,16396,16443,13,14,13.0,14.0,2,2,death,seq0013_HeLa-S3_nuc_pos12_q3_5c:cell42,False
seq0013_HeLa-S3_nuc_pos12_q3_5c,HeLa-S3_nuc_pos12_q3_5c,DynamicNuclearNet,train,DynamicNuclearNet\tif_data\train\out\HeLa-S3_nuc_pos12_q3_5c\HeLa-S3_nuc_pos12_q3_5c_trackmate.xml,43,0,,,16628,17311,22,41,22.0,41.0,20,20,death,seq0013_HeLa-S3_nuc_pos12_q3_5c:cell43,False
seq0013_HeLa-S3_nuc_pos12_q3_5c,HeLa-S3_nuc_pos12_q3_5c,DynamicNuclearNet,train,DynamicNuclearNet\tif_data\train\out\HeLa-S3_nuc_pos12_q3_5c\HeLa-S3_nuc_pos12_q3_5c_trackmate.xml,44,0,,,16629,17314,22,41,22.0,41.0,20,20,death,seq0013_HeLa-S3_nuc_pos12_q3_5c:cell44,False
seq0013_HeLa-S3_nuc_pos12_q3_5c,HeLa-S3_nuc_pos12_q3_5c,DynamicNuclearNet,train,DynamicNuclearNet\tif_data\train\out\HeLa-S3_nuc_pos12_q3_5c\HeLa-S3_nuc_pos12_q3_5c_trackmate.xml,45,0,,,16734,16801,23,25,23.0,25.0,3,3,death,seq0013_HeLa-S3_nuc_pos12_q3_5c:cell45,False
seq0013_HeLa-S3_nuc_pos12_q3_5c,HeLa-S3_nuc_pos12_q3_5c,DynamicNuclearNet,train,DynamicNuclearNet\tif_data\train\out\HeLa-S3_nuc_pos12_q3_5c\HeLa-S3_nuc_pos12_q3_5c_trackmate.xml,46,0,,,16901,17317,28,41,28.0,41.0,14,14,death,seq0013_HeLa-S3_nuc_pos12_q3_5c:cell46,False
seq0013_HeLa-S3_nuc_pos12_q3_5c,HeLa-S3_nuc_pos12_q3_5c,DynamicNuclearNet,train,DynamicNuclearNet\tif_data\train\out\HeLa-S3_nuc_pos12_q3_5c\HeLa-S3_nuc_pos12_q3_5c_trackmate.xml,47,0,,,16942,17211,31,41,31.0,41.0,11,11,death,seq0013_HeLa-S3_nuc_pos12_q3_5c:cell47,False
seq0013_HeLa-S3_nuc_pos12_q3_5c,HeLa-S3_nuc_pos12_q3_5c,DynamicNuclearNet,train,DynamicNuclearNet\tif_data\train\out\HeLa-S3_nuc_pos12_q3_5c\HeLa-S3_nuc_pos12_q3_5c_trackmate.xml,48,0,,,16943,16943,31,31,31.0,31.0,1,1,death,seq0013_HeLa-S3_nuc_pos12_q3_5c:cell48,False
seq0013_HeLa-S3_nuc_pos12_q3_5c,HeLa-S3_nuc_pos12_q3_5c,DynamicNuclearNet,train,DynamicNuclearNet\tif_data\train\out\HeLa-S3_nuc_pos12_q3_5c\HeLa-S3_nuc_pos12_q3_5c_trackmate.xml,49,0,,,16934,17219,32,41,32.0,41.0,10,10,death,seq0013_HeLa-S3_nuc_pos12_q3_5c:cell49,False
seq0014_HeLa-S3_nuc_pos13_q1_5c,HeLa-S3_nuc_pos13_q1_5c,DynamicNuclearNet,train,DynamicNuclearNet\tif_data\train\out\HeLa-S3_nuc_pos13_q1_5c\HeLa-S3_nuc_pos13_q1_5c_trackmate.xml,0,0,,,18557,18510,0,41,0.0,41.0,42,42,death,seq0014_HeLa-S3_nuc_pos13_q1_5c:cell0,False
seq0014_HeLa-S3_nuc_pos13_q1_5c,HeLa-S3_nuc_pos13_q1_5c,DynamicNuclearNet,train,DynamicNuclearNet\tif_data\train\out\HeLa-S3_nuc_pos13_q1_5c\HeLa-S3_nuc_pos13_q1_5c_trackmate.xml,1,0,,,18558,18513,0,41,0.0,41.0,42,42,death,seq0014_HeLa-S3_nuc_pos13_q1_5c:cell1,False
seq0014_HeLa-S3_nuc_pos13_q1_5c,HeLa-S3_nuc_pos13_q1_5c,DynamicNuclearNet,train,DynamicNuclearNet\tif_data\train\out\HeLa-S3_nuc_pos13_q1_5c\HeLa-S3_nuc_pos13_q1_5c_trackmate.xml,2,0,,,18559,18516,0,41,0.0,41.0,42,42,death,seq0014_HeLa-S3_nuc_pos13_q1_5c:cell2,False
seq0014_HeLa-S3_nuc_pos13_q1_5c,HeLa-S3_nuc_pos13_q1_5c,DynamicNuclearNet,train,DynamicNuclearNet\tif_data\train\out\HeLa-S3_nuc_pos13_q1_5c\HeLa-S3_nuc_pos13_q1_5c_trackmate.xml,3,0,,,18560,18519,0,41,0.0,41.0,42,42,death,seq0014_HeLa-S3_nuc_pos13_q1_5c:cell3,False
seq0014_HeLa-S3_nuc_pos13_q1_5c,HeLa-S3_nuc_pos13_q1_5c,DynamicNuclearNet,train,DynamicNuclearNet\tif_data\train\out\HeLa-S3_nuc_pos13_q1_5c\HeLa-S3_nuc_pos13_q1_5c_trackmate.xml,4,0,,,18561,18521,0,41,0.0,41.0,42,42,death,seq0014_HeLa-S3_nuc_pos13_q1_5c:cell4,False
seq0014_HeLa-S3_nuc_pos13_q1_5c,HeLa-S3_nuc_pos13_q1_5c,DynamicNuclearNet,train,DynamicNuclearNet\tif_data\train\out\HeLa-S3_nuc_pos13_q1_5c\HeLa-S3_nuc_pos13_q1_5c_trackmate.xml,5,0,,,18562,18523,0,41,0.0,41.0,42,42,death,seq0014_HeLa-S3_nuc_pos13_q1_5c:cell5,False
seq0014_HeLa-S3_nuc_pos13_q1_5c,HeLa-S3_nuc_pos13_q1_5c,DynamicNuclearNet,train,DynamicNuclearNet\tif_data\train\out\HeLa-S3_nuc_pos13_q1_5c\HeLa-S3_nuc_pos13_q1_5c_trackmate.xml,6,0,,,18563,18527,0,41,0.0,41.0,42,42,death,seq0014_HeLa-S3_nuc_pos13_q1_5c:cell6,False
seq0014_HeLa-S3_nuc_pos13_q1_5c,HeLa-S3_nuc_pos13_q1_5c,DynamicNuclearNet,train,DynamicNuclearNet\tif_data\train\out\HeLa-S3_nuc_pos13_q1_5c\HeLa-S3_nuc_pos13_q1_5c_trackmate.xml,7,0,,,18564,18533,0,41,0.0,41.0,42,42,death,seq0014_HeLa-S3_nuc_pos13_q1_5c:cell7,False
seq0014_HeLa-S3_nuc_pos13_q1_5c,HeLa-S3_nuc_pos13_q1_5c,DynamicNuclearNet,train,DynamicNuclearNet\tif_data\train\out\HeLa-S3_nuc_pos13_q1_5c\HeLa-S3_nuc_pos13_q1_5c_trackmate.xml,8,0,,,18565,18529,0,41,0.0,41.0,42,42,death,seq0014_HeLa-S3_nuc_pos13_q1_5c:cell8,False
seq0014_HeLa-S3_nuc_pos13_q1_5c,HeLa-S3_nuc_pos13_q1_5c,DynamicNuclearNet,train,DynamicNuclearNet\tif_data\train\out\HeLa-S3_nuc_pos13_q1_5c\HeLa-S3_nuc_pos13_q1_5c_trackmate.xml,9,0,,,18566,18531,0,41,0.0,41.0,42,42,death,seq0014_HeLa-S3_nuc_pos13_q1_5c:cell9,False
seq0014_HeLa-S3_nuc_pos13_q1_5c,HeLa-S3_nuc_pos13_q1_5c,DynamicNuclearNet,train,DynamicNuclearNet\tif_data\train\out\HeLa-S3_nuc_pos13_q1_5c\HeLa-S3_nuc_pos13_q1_5c_trackmate.xml,10,0,,,18567,17463,0,7,0.0,7.0,8,8,death,seq0014_HeLa-S3_nuc_pos13_q1_5c:cell10,False
seq0014_HeLa-S3_nuc_pos13_q1_5c,HeLa-S3_nuc_pos13_q1_5c,DynamicNuclearNet,train,DynamicNuclearNet\tif_data\train\out\HeLa-S3_nuc_pos13_q1_5c\HeLa-S3_nuc_pos13_q1_5c_trackmate.xml,11,0,,,18568,18538,0,41,0.0,41.0,42,42,death,seq0014_HeLa-S3_nuc_pos13_q1_5c:cell11,False
seq0014_HeLa-S3_nuc_pos13_q1_5c,HeLa-S3_nuc_pos13_q1_5c,DynamicNuclearNet,train,DynamicNuclearNet\tif_data\train\out\HeLa-S3_nuc_pos13_q1_5c\HeLa-S3_nuc_pos13_q1_5c_trackmate.xml,12,0,,,18569,18535,0,41,0.0,41.0,42,42,death,seq0014_HeLa-S3_nuc_pos13_q1_5c:cell12,False
seq0014_HeLa-S3_nuc_pos13_q1_5c,HeLa-S3_nuc_pos13_q1_5c,DynamicNuclearNet,train,DynamicNuclearNet\tif_data\train\out\HeLa-S3_nuc_pos13_q1_5c\HeLa-S3_nuc_pos13_q1_5c_trackmate.xml,13,0,,,18570,18539,0,41,0.0,41.0,42,42,death,seq0014_HeLa-S3_nuc_pos13_q1_5c:cell13,False
seq0014_HeLa-S3_nuc_pos13_q1_5c,HeLa-S3_nuc_pos13_q1_5c,DynamicNuclearNet,train,DynamicNuclearNet\tif_data\train\out\HeLa-S3_nuc_pos13_q1_5c\HeLa-S3_nuc_pos13_q1_5c_trackmate.xml,14,0,,,18571,18540,0,41,0.0,41.0,42,42,death,seq0014_HeLa-S3_nuc_pos13_q1_5c:cell14,False
seq0014_HeLa-S3_nuc_pos13_q1_5c,HeLa-S3_nuc_pos13_q1_5c,DynamicNuclearNet,train,DynamicNuclearNet\tif_data\train\out\HeLa-S3_nuc_pos13_q1_5c\HeLa-S3_nuc_pos13_q1_5c_trackmate.xml,15,0,,,18572,18542,0,41,0.0,41.0,42,42,death,seq0014_HeLa-S3_nuc_pos13_q1_5c:cell15,False
seq0014_HeLa-S3_nuc_pos13_q1_5c,HeLa-S3_nuc_pos13_q1_5c,DynamicNuclearNet,train,DynamicNuclearNet\tif_data\train\out\HeLa-S3_nuc_pos13_q1_5c\HeLa-S3_nuc_pos13_q1_5c_trackmate.xml,16,0,,,18573,17868,0,20,0.0,20.0,21,21,death,seq0014_HeLa-S3_nuc_pos13_q1_5c:cell16,False
seq0014_HeLa-S3_nuc_pos13_q1_5c,HeLa-S3_nuc_pos13_q1_5c,DynamicNuclearNet,train,DynamicNuclearNet\tif_data\train\out\HeLa-S3_nuc_pos13_q1_5c\HeLa-S3_nuc_pos13_q1_5c_trackmate.xml,17,0,,,18574,18544,0,41,0.0,41.0,42,42,death,seq0014_HeLa-S3_nuc_pos13_q1_5c:cell17,False
seq0014_HeLa-S3_nuc_pos13_q1_5c,HeLa-S3_nuc_pos13_q1_5c,DynamicNuclearNet,train,DynamicNuclearNet\tif_data\train\out\HeLa-S3_nuc_pos13_q1_5c\HeLa-S3_nuc_pos13_q1_5c_trackmate.xml,18,0,,,18575,18543,0,41,0.0,41.0,42,42,death,seq0014_HeLa-S3_nuc_pos13_q1_5c:cell18,False
seq0014_HeLa-S3_nuc_pos13_q1_5c,HeLa-S3_nuc_pos13_q1_5c,DynamicNuclearNet,train,DynamicNuclearNet\tif_data\train\out\HeLa-S3_nuc_pos13_q1_5c\HeLa-S3_nuc_pos13_q1_5c_trackmate.xml,19,0,,,18576,18545,0,41,0.0,41.0,42,42,death,seq0014_HeLa-S3_nuc_pos13_q1_5c:cell19,False
seq0014_HeLa-S3_nuc_pos13_q1_5c,HeLa-S3_nuc_pos13_q1_5c,DynamicNuclearNet,train,DynamicNuclearNet\tif_data\train\out\HeLa-S3_nuc_pos13_q1_5c\HeLa-S3_nuc_pos13_q1_5c_trackmate.xml,20,0,,,18577,18547,0,41,0.0,41.0,42,42,death,seq0014_HeLa-S3_nuc_pos13_q1_5c:cell20,False
seq0014_HeLa-S3_nuc_pos13_q1_5c,HeLa-S3_nuc_pos13_q1_5c,DynamicNuclearNet,train,DynamicNuclearNet\tif_data\train\out\HeLa-S3_nuc_pos13_q1_5c\HeLa-S3_nuc_pos13_q1_5c_trackmate.xml,21,0,,,18578,18548,0,41,0.0,41.0,42,42,death,seq0014_HeLa-S3_nuc_pos13_q1_5c:cell21,False
seq0014_HeLa-S3_nuc_pos13_q1_5c,HeLa-S3_nuc_pos13_q1_5c,DynamicNuclearNet,train,DynamicNuclearNet\tif_data\train\out\HeLa-S3_nuc_pos13_q1_5c\HeLa-S3_nuc_pos13_q1_5c_trackmate.xml,22,0,,,18579,18549,0,41,0.0,41.0,42,42,death,seq0014_HeLa-S3_nuc_pos13_q1_5c:cell22,False
seq0014_HeLa-S3_nuc_pos13_q1_5c,HeLa-S3_nuc_pos13_q1_5c,DynamicNuclearNet,train,DynamicNuclearNet\tif_data\train\out\HeLa-S3_nuc_pos13_q1_5c\HeLa-S3_nuc_pos13_q1_5c_trackmate.xml,23,0,,,18580,18550,0,41,0.0,41.0,42,42,death,seq0014_HeLa-S3_nuc_pos13_q1_5c:cell23,False
seq0014_HeLa-S3_nuc_pos13_q1_5c,HeLa-S3_nuc_pos13_q1_5c,DynamicNuclearNet,train,DynamicNuclearNet\tif_data\train\out\HeLa-S3_nuc_pos13_q1_5c\HeLa-S3_nuc_pos13_q1_5c_trackmate.xml,24,0,,,18581,18551,0,41,0.0,41.0,42,42,death,seq0014_HeLa-S3_nuc_pos13_q1_5c:cell24,False
seq0014_HeLa-S3_nuc_pos13_q1_5c,HeLa-S3_nuc_pos13_q1_5c,DynamicNuclearNet,train,DynamicNuclearNet\tif_data\train\out\HeLa-S3_nuc_pos13_q1_5c\HeLa-S3_nuc_pos13_q1_5c_trackmate.xml,25,0,,,18582,18552,0,41,0.0,41.0,42,42,death,seq0014_HeLa-S3_nuc_pos13_q1_5c:cell25,False
seq0014_HeLa-S3_nuc_pos13_q1_5c,HeLa-S3_nuc_pos13_q1_5c,DynamicNuclearNet,train,DynamicNuclearNet\tif_data\train\out\HeLa-S3_nuc_pos13_q1_5c\HeLa-S3_nuc_pos13_q1_5c_trackmate.xml,26,0,,,18583,18553,0,41,0.0,41.0,42,42,death,seq0014_HeLa-S3_nuc_pos13_q1_5c:cell26,False
seq0014_HeLa-S3_nuc_pos13_q1_5c,HeLa-S3_nuc_pos13_q1_5c,DynamicNuclearNet,train,DynamicNuclearNet\tif_data\train\out\HeLa-S3_nuc_pos13_q1_5c\HeLa-S3_nuc_pos13_q1_5c_trackmate.xml,27,0,,,18584,17638,0,2,0.0,2.0,3,3,death,seq0014_HeLa-S3_nuc_pos13_q1_5c:cell27,False
seq0014_HeLa-S3_nuc_pos13_q1_5c,HeLa-S3_nuc_pos13_q1_5c,DynamicNuclearNet,train,DynamicNuclearNet\tif_data\train\out\HeLa-S3_nuc_pos13_q1_5c\HeLa-S3_nuc_pos13_q1_5c_trackmate.xml,28,0,,,18585,18555,0,41,0.0,41.0,42,42,death,seq0014_HeLa-S3_nuc_pos13_q1_5c:cell28,False
seq0014_HeLa-S3_nuc_pos13_q1_5c,HeLa-S3_nuc_pos13_q1_5c,DynamicNuclearNet,train,DynamicNuclearNet\tif_data\train\out\HeLa-S3_nuc_pos13_q1_5c\HeLa-S3_nuc_pos13_q1_5c_trackmate.xml,29,0,,,17616,17616,2,2,2.0,2.0,1,1,death,seq0014_HeLa-S3_nuc_pos13_q1_5c:cell29,False
seq0014_HeLa-S3_nuc_pos13_q1_5c,HeLa-S3_nuc_pos13_q1_5c,DynamicNuclearNet,train,DynamicNuclearNet\tif_data\train\out\HeLa-S3_nuc_pos13_q1_5c\HeLa-S3_nuc_pos13_q1_5c_trackmate.xml,30,0,,,17498,17498,3,3,3.0,3.0,1,1,death,seq0014_HeLa-S3_nuc_pos13_q1_5c:cell30,False
seq0014_HeLa-S3_nuc_pos13_q1_5c,HeLa-S3_nuc_pos13_q1_5c,DynamicNuclearNet,train,DynamicNuclearNet\tif_data\train\out\HeLa-S3_nuc_pos13_q1_5c\HeLa-S3_nuc_pos13_q1_5c_trackmate.xml,31,0,,,17501,17501,3,3,3.0,3.0,1,1,death,seq0014_HeLa-S3_nuc_pos13_q1_5c:cell31,False
seq0014_HeLa-S3_nuc_pos13_q1_5c,HeLa-S3_nuc_pos13_q1_5c,DynamicNuclearNet,train,DynamicNuclearNet\tif_data\train\out\HeLa-S3_nuc_pos13_q1_5c\HeLa-S3_nuc_pos13_q1_5c_trackmate.xml,32,0,,,17482,18030,4,23,4.0,23.0,20,20,death,seq0014_HeLa-S3_nuc_pos13_q1_5c:cell32,False
seq0014_HeLa-S3_nuc_pos13_q1_5c,HeLa-S3_nuc_pos13_q1_5c,DynamicNuclearNet,train,DynamicNuclearNet\tif_data\train\out\HeLa-S3_nuc_pos13_q1_5c\HeLa-S3_nuc_pos13_q1_5c_trackmate.xml,33,0,,,17537,17731,9,15,9.0,15.0,7,7,death,seq0014_HeLa-S3_nuc_pos13_q1_5c:cell33,False
seq0014_HeLa-S3_nuc_pos13_q1_5c,HeLa-S3_nuc_pos13_q1_5c,DynamicNuclearNet,train,DynamicNuclearNet\tif_data\train\out\HeLa-S3_nuc_pos13_q1_5c\HeLa-S3_nuc_pos13_q1_5c_trackmate.xml,34,0,,,17733,17816,12,13,12.0,13.0,2,2,death,seq0014_HeLa-S3_nuc_pos13_q1_5c:cell34,False
seq0014_HeLa-S3_nuc_pos13_q1_5c,HeLa-S3_nuc_pos13_q1_5c,DynamicNuclearNet,train,DynamicNuclearNet\tif_data\train\out\HeLa-S3_nuc_pos13_q1_5c\HeLa-S3_nuc_pos13_q1_5c_trackmate.xml,35,0,,,17708,17708,15,15,15.0,15.0,1,1,death,seq0014_HeLa-S3_nuc_pos13_q1_5c:cell35,False
seq0014_HeLa-S3_nuc_pos13_q1_5c,HeLa-S3_nuc_pos13_q1_5c,DynamicNuclearNet,train,DynamicNuclearNet\tif_data\train\out\HeLa-S3_nuc_pos13_q1_5c\HeLa-S3_nuc_pos13_q1_5c_trackmate.xml,36,0,,,17872,17872,16,16,16.0,16.0,1,1,death,seq0014_HeLa-S3_nuc_pos13_q1_5c:cell36,False
seq0014_HeLa-S3_nuc_pos13_q1_5c,HeLa-S3_nuc_pos13_q1_5c,DynamicNuclearNet,train,DynamicNuclearNet\tif_data\train\out\HeLa-S3_nuc_pos13_q1_5c\HeLa-S3_nuc_pos13_q1_5c_trackmate.xml,37,0,,,17805,17726,17,18,17.0,18.0,2,2,death,seq0014_HeLa-S3_nuc_pos13_q1_5c:cell37,False
seq0014_HeLa-S3_nuc_pos13_q1_5c,HeLa-S3_nuc_pos13_q1_5c,DynamicNuclearNet,train,DynamicNuclearNet\tif_data\train\out\HeLa-S3_nuc_pos13_q1_5c\HeLa-S3_nuc_pos13_q1_5c_trackmate.xml,38,0,,,17704,17830,18,19,18.0,19.0,2,2,death,seq0014_HeLa-S3_nuc_pos13_q1_5c:cell38,False
seq0014_HeLa-S3_nuc_pos13_q1_5c,HeLa-S3_nuc_pos13_q1_5c,DynamicNuclearNet,train,DynamicNuclearNet\tif_data\train\out\HeLa-S3_nuc_pos13_q1_5c\HeLa-S3_nuc_pos13_q1_5c_trackmate.xml,39,0,,,17827,17827,18,18,18.0,18.0,1,1,death,seq0014_HeLa-S3_nuc_pos13_q1_5c:cell39,False
seq0014_HeLa-S3_nuc_pos13_q1_5c,HeLa-S3_nuc_pos13_q1_5c,DynamicNuclearNet,train,DynamicNuclearNet\tif_data\train\out\HeLa-S3_nuc_pos13_q1_5c\HeLa-S3_nuc_pos13_q1_5c_trackmate.xml,40,0,,,17901,18554,20,41,20.0,41.0,22,22,death,seq0014_HeLa-S3_nuc_pos13_q1_5c:cell40,False
seq0014_HeLa-S3_nuc_pos13_q1_5c,HeLa-S3_nuc_pos13_q1_5c,DynamicNuclearNet,train,DynamicNuclearNet\tif_data\train\out\HeLa-S3_nuc_pos13_q1_5c\HeLa-S3_nuc_pos13_q1_5c_trackmate.xml,41,0,,,17913,17913,21,21,21.0,21.0,1,1,death,seq0014_HeLa-S3_nuc_pos13_q1_5c:cell41,False
seq0014_HeLa-S3_nuc_pos13_q1_5c,HeLa-S3_nuc_pos13_q1_5c,DynamicNuclearNet,train,DynamicNuclearNet\tif_data\train\out\HeLa-S3_nuc_pos13_q1_5c\HeLa-S3_nuc_pos13_q1_5c_trackmate.xml,42,0,,,17917,18498,21,39,21.0,39.0,19,19,death,seq0014_HeLa-S3_nuc_pos13_q1_5c:cell42,False
seq0014_HeLa-S3_nuc_pos13_q1_5c,HeLa-S3_nuc_pos13_q1_5c,DynamicNuclearNet,train,DynamicNuclearNet\tif_data\train\out\HeLa-S3_nuc_pos13_q1_5c\HeLa-S3_nuc_pos13_q1_5c_trackmate.xml,43,0,,,17921,17921,21,21,21.0,21.0,1,1,death,seq0014_HeLa-S3_nuc_pos13_q1_5c:cell43,False
seq0014_HeLa-S3_nuc_pos13_q1_5c,HeLa-S3_nuc_pos13_q1_5c,DynamicNuclearNet,train,DynamicNuclearNet\tif_data\train\out\HeLa-S3_nuc_pos13_q1_5c\HeLa-S3_nuc_pos13_q1_5c_trackmate.xml,44,0,,,17940,17940,21,21,21.0,21.0,1,1,death,seq0014_HeLa-S3_nuc_pos13_q1_5c:cell44,False
seq0014_HeLa-S3_nuc_pos13_q1_5c,HeLa-S3_nuc_pos13_q1_5c,DynamicNuclearNet,train,DynamicNuclearNet\tif_data\train\out\HeLa-S3_nuc_pos13_q1_5c\HeLa-S3_nuc_pos13_q1_5c_trackmate.xml,45,0,,,17953,17996,22,23,22.0,23.0,2,2,death,seq0014_HeLa-S3_nuc_pos13_q1_5c:cell45,False
seq0014_HeLa-S3_nuc_pos13_q1_5c,HeLa-S3_nuc_pos13_q1_5c,DynamicNuclearNet,train,DynamicNuclearNet\tif_data\train\out\HeLa-S3_nuc_pos13_q1_5c\HeLa-S3_nuc_pos13_q1_5c_trackmate.xml,46,0,,,17979,18048,23,26,23.0,26.0,4,4,death,seq0014_HeLa-S3_nuc_pos13_q1_5c:cell46,False
seq0014_HeLa-S3_nuc_pos13_q1_5c,HeLa-S3_nuc_pos13_q1_5c,DynamicNuclearNet,train,DynamicNuclearNet\tif_data\train\out\HeLa-S3_nuc_pos13_q1_5c\HeLa-S3_nuc_pos13_q1_5c_trackmate.xml,47,0,,,18013,18013,24,24,24.0,24.0,1,1,death,seq0014_HeLa-S3_nuc_pos13_q1_5c:cell47,False
seq0014_HeLa-S3_nuc_pos13_q1_5c,HeLa-S3_nuc_pos13_q1_5c,DynamicNuclearNet,train,DynamicNuclearNet\tif_data\train\out\HeLa-S3_nuc_pos13_q1_5c\HeLa-S3_nuc_pos13_q1_5c_trackmate.xml,48,0,,,18143,18143,25,25,25.0,25.0,1,1,death,seq0014_HeLa-S3_nuc_pos13_q1_5c:cell48,False
seq0014_HeLa-S3_nuc_pos13_q1_5c,HeLa-S3_nuc_pos13_q1_5c,DynamicNuclearNet,train,DynamicNuclearNet\tif_data\train\out\HeLa-S3_nuc_pos13_q1_5c\HeLa-S3_nuc_pos13_q1_5c_trackmate.xml,49,0,,,18198,18164,25,26,25.0,26.0,2,2,death,seq0014_HeLa-S3_nuc_pos13_q1_5c:cell49,False
seq0014_HeLa-S3_nuc_pos13_q1_5c,HeLa-S3_nuc_pos13_q1_5c,DynamicNuclearNet,train,DynamicNuclearNet\tif_data\train\out\HeLa-S3_nuc_pos13_q1_5c\HeLa-S3_nuc_pos13_q1_5c_trackmate.xml,50,0,,,18105,18546,26,41,26.0,41.0,16,16,death,seq0014_HeLa-S3_nuc_pos13_q1_5c:cell50,False
seq0014_HeLa-S3_nuc_pos13_q1_5c,HeLa-S3_nuc_pos13_q1_5c,DynamicNuclearNet,train,DynamicNuclearNet\tif_data\train\out\HeLa-S3_nuc_pos13_q1_5c\HeLa-S3_nuc_pos13_q1_5c_trackmate.xml,51,0,,,18038,18081,28,29,28.0,29.0,2,2,death,seq0014_HeLa-S3_nuc_pos13_q1_5c:cell51,False
seq0014_HeLa-S3_nuc_pos13_q1_5c,HeLa-S3_nuc_pos13_q1_5c,DynamicNuclearNet,train,DynamicNuclearNet\tif_data\train\out\HeLa-S3_nuc_pos13_q1_5c\HeLa-S3_nuc_pos13_q1_5c_trackmate.xml,52,0,,,18076,18541,28,41,28.0,41.0,14,14,death,seq0014_HeLa-S3_nuc_pos13_q1_5c:cell52,False
seq0014_HeLa-S3_nuc_pos13_q1_5c,HeLa-S3_nuc_pos13_q1_5c,DynamicNuclearNet,train,DynamicNuclearNet\tif_data\train\out\HeLa-S3_nuc_pos13_q1_5c\HeLa-S3_nuc_pos13_q1_5c_trackmate.xml,53,0,,,18241,18279,32,33,32.0,33.0,2,2,death,seq0014_HeLa-S3_nuc_pos13_q1_5c:cell53,False
seq0014_HeLa-S3_nuc_pos13_q1_5c,HeLa-S3_nuc_pos13_q1_5c,DynamicNuclearNet,train,DynamicNuclearNet\tif_data\train\out\HeLa-S3_nuc_pos13_q1_5c\HeLa-S3_nuc_pos13_q1_5c_trackmate.xml,54,0,,,18413,18556,34,41,34.0,41.0,8,8,death,seq0014_HeLa-S3_nuc_pos13_q1_5c:cell54,False
seq0014_HeLa-S3_nuc_pos13_q1_5c,HeLa-S3_nuc_pos13_q1_5c,DynamicNuclearNet,train,DynamicNuclearNet\tif_data\train\out\HeLa-S3_nuc_pos13_q1_5c\HeLa-S3_nuc_pos13_q1_5c_trackmate.xml,55,0,,,18393,18525,36,41,36.0,41.0,6,6,death,seq0014_HeLa-S3_nuc_pos13_q1_5c:cell55,False
seq0015_HeLa-S3_nuc_pos13_q3_5c,HeLa-S3_nuc_pos13_q3_5c,DynamicNuclearNet,train,DynamicNuclearNet\tif_data\train\out\HeLa-S3_nuc_pos13_q3_5c\HeLa-S3_nuc_pos13_q3_5c_trackmate.xml,0,0,,,18619,19306,0,41,0.0,41.0,42,42,death,seq0015_HeLa-S3_nuc_pos13_q3_5c:cell0,False
seq0015_HeLa-S3_nuc_pos13_q3_5c,HeLa-S3_nuc_pos13_q3_5c,DynamicNuclearNet,train,DynamicNuclearNet\tif_data\train\out\HeLa-S3_nuc_pos13_q3_5c\HeLa-S3_nuc_pos13_q3_5c_trackmate.xml,1,0,,,18627,19308,0,41,0.0,41.0,42,42,death,seq0015_HeLa-S3_nuc_pos13_q3_5c:cell1,False
seq0015_HeLa-S3_nuc_pos13_q3_5c,HeLa-S3_nuc_pos13_q3_5c,DynamicNuclearNet,train,DynamicNuclearNet\tif_data\train\out\HeLa-S3_nuc_pos13_q3_5c\HeLa-S3_nuc_pos13_q3_5c_trackmate.xml,2,0,,,18636,19310,0,41,0.0,41.0,42,42,death,seq0015_HeLa-S3_nuc_pos13_q3_5c:cell2,False
seq0015_HeLa-S3_nuc_pos13_q3_5c,HeLa-S3_nuc_pos13_q3_5c,DynamicNuclearNet,train,DynamicNuclearNet\tif_data\train\out\HeLa-S3_nuc_pos13_q3_5c\HeLa-S3_nuc_pos13_q3_5c_trackmate.xml,3,0,,,18643,19312,0,41,0.0,41.0,42,42,death,seq0015_HeLa-S3_nuc_pos13_q3_5c:cell3,False
seq0015_HeLa-S3_nuc_pos13_q3_5c,HeLa-S3_nuc_pos13_q3_5c,DynamicNuclearNet,train,DynamicNuclearNet\tif_data\train\out\HeLa-S3_nuc_pos13_q3_5c\HeLa-S3_nuc_pos13_q3_5c_trackmate.xml,4,0,,,18650,19318,0,41,0.0,41.0,42,42,death,seq0015_HeLa-S3_nuc_pos13_q3_5c:cell4,False
seq0015_HeLa-S3_nuc_pos13_q3_5c,HeLa-S3_nuc_pos13_q3_5c,DynamicNuclearNet,train,DynamicNuclearNet\tif_data\train\out\HeLa-S3_nuc_pos13_q3_5c\HeLa-S3_nuc_pos13_q3_5c_trackmate.xml,5,0,,,18657,19314,0,41,0.0,41.0,42,42,death,seq0015_HeLa-S3_nuc_pos13_q3_5c:cell5,False
seq0015_HeLa-S3_nuc_pos13_q3_5c,HeLa-S3_nuc_pos13_q3_5c,DynamicNuclearNet,train,DynamicNuclearNet\tif_data\train\out\HeLa-S3_nuc_pos13_q3_5c\HeLa-S3_nuc_pos13_q3_5c_trackmate.xml,6,0,,,18665,19316,0,41,0.0,41.0,42,42,death,seq0015_HeLa-S3_nuc_pos13_q3_5c:cell6,False
seq0015_HeLa-S3_nuc_pos13_q3_5c,HeLa-S3_nuc_pos13_q3_5c,DynamicNuclearNet,train,DynamicNuclearNet\tif_data\train\out\HeLa-S3_nuc_pos13_q3_5c\HeLa-S3_nuc_pos13_q3_5c_trackmate.xml,7,0,,,18673,19319,0,41,0.0,41.0,42,42,death,seq0015_HeLa-S3_nuc_pos13_q3_5c:cell7,False
seq0015_HeLa-S3_nuc_pos13_q3_5c,HeLa-S3_nuc_pos13_q3_5c,DynamicNuclearNet,train,DynamicNuclearNet\tif_data\train\out\HeLa-S3_nuc_pos13_q3_5c\HeLa-S3_nuc_pos13_q3_5c_trackmate.xml,8,0,,,18681,19320,0,41,0.0,41.0,42,42,death,seq0015_HeLa-S3_nuc_pos13_q3_5c:cell8,False
seq0015_HeLa-S3_nuc_pos13_q3_5c,HeLa-S3_nuc_pos13_q3_5c,DynamicNuclearNet,train,DynamicNuclearNet\tif_data\train\out\HeLa-S3_nuc_pos13_q3_5c\HeLa-S3_nuc_pos13_q3_5c_trackmate.xml,9,0,,,18687,18944,0,21,0.0,21.0,22,22,death,seq0015_HeLa-S3_nuc_pos13_q3_5c:cell9,False
seq0015_HeLa-S3_nuc_pos13_q3_5c,HeLa-S3_nuc_pos13_q3_5c,DynamicNuclearNet,train,DynamicNuclearNet\tif_data\train\out\HeLa-S3_nuc_pos13_q3_5c\HeLa-S3_nuc_pos13_q3_5c_trackmate.xml,10,0,,,18695,19321,0,41,0.0,41.0,42,42,death,seq0015_HeLa-S3_nuc_pos13_q3_5c:cell10,False
seq0015_HeLa-S3_nuc_pos13_q3_5c,HeLa-S3_nuc_pos13_q3_5c,DynamicNuclearNet,train,DynamicNuclearNet\tif_data\train\out\HeLa-S3_nuc_pos13_q3_5c\HeLa-S3_nuc_pos13_q3_5c_trackmate.xml,11,0,,,18704,19060,0,25,0.0,25.0,26,26,death,seq0015_HeLa-S3_nuc_pos13_q3_5c:cell11,False
seq0015_HeLa-S3_nuc_pos13_q3_5c,HeLa-S3_nuc_pos13_q3_5c,DynamicNuclearNet,train,DynamicNuclearNet\tif_data\train\out\HeLa-S3_nuc_pos13_q3_5c\HeLa-S3_nuc_pos13_q3_5c_trackmate.xml,12,0,,,18713,19323,0,41,0.0,41.0,42,42,death,seq0015_HeLa-S3_nuc_pos13_q3_5c:cell12,False
seq0015_HeLa-S3_nuc_pos13_q3_5c,HeLa-S3_nuc_pos13_q3_5c,DynamicNuclearNet,train,DynamicNuclearNet\tif_data\train\out\HeLa-S3_nuc_pos13_q3_5c\HeLa-S3_nuc_pos13_q3_5c_trackmate.xml,13,0,,,18718,19324,0,41,0.0,41.0,42,42,death,seq0015_HeLa-S3_nuc_pos13_q3_5c:cell13,False
seq0015_HeLa-S3_nuc_pos13_q3_5c,HeLa-S3_nuc_pos13_q3_5c,DynamicNuclearNet,train,DynamicNuclearNet\tif_data\train\out\HeLa-S3_nuc_pos13_q3_5c\HeLa-S3_nuc_pos13_q3_5c_trackmate.xml,14,0,,,18725,19325,0,41,0.0,41.0,42,42,death,seq0015_HeLa-S3_nuc_pos13_q3_5c:cell14,False
seq0015_HeLa-S3_nuc_pos13_q3_5c,HeLa-S3_nuc_pos13_q3_5c,DynamicNuclearNet,train,DynamicNuclearNet\tif_data\train\out\HeLa-S3_nuc_pos13_q3_5c\HeLa-S3_nuc_pos13_q3_5c_trackmate.xml,15,0,,,18729,19326,0,41,0.0,41.0,42,42,death,seq0015_HeLa-S3_nuc_pos13_q3_5c:cell15,False
seq0015_HeLa-S3_nuc_pos13_q3_5c,HeLa-S3_nuc_pos13_q3_5c,DynamicNuclearNet,train,DynamicNuclearNet\tif_data\train\out\HeLa-S3_nuc_pos13_q3_5c\HeLa-S3_nuc_pos13_q3_5c_trackmate.xml,16,0,,,18733,18800,0,12,0.0,12.0,13,13,death,seq0015_HeLa-S3_nuc_pos13_q3_5c:cell16,False
seq0015_HeLa-S3_nuc_pos13_q3_5c,HeLa-S3_nuc_pos13_q3_5c,DynamicNuclearNet,train,DynamicNuclearNet\tif_data\train\out\HeLa-S3_nuc_pos13_q3_5c\HeLa-S3_nuc_pos13_q3_5c_trackmate.xml,17,0,,,18735,19297,0,40,0.0,40.0,41,41,death,seq0015_HeLa-S3_nuc_pos13_q3_5c:cell17,False
seq0015_HeLa-S3_nuc_pos13_q3_5c,HeLa-S3_nuc_pos13_q3_5c,DynamicNuclearNet,train,DynamicNuclearNet\tif_data\train\out\HeLa-S3_nuc_pos13_q3_5c\HeLa-S3_nuc_pos13_q3_5c_trackmate.xml,18,0,,,18886,19327,14,41,14.0,41.0,28,28,death,seq0015_HeLa-S3_nuc_pos13_q3_5c:cell18,False
seq0015_HeLa-S3_nuc_pos13_q3_5c,HeLa-S3_nuc_pos13_q3_5c,DynamicNuclearNet,train,DynamicNuclearNet\tif_data\train\out\HeLa-S3_nuc_pos13_q3_5c\HeLa-S3_nuc_pos13_q3_5c_trackmate.xml,19,0,,,18973,19322,22,41,22.0,41.0,20,20,death,seq0015_HeLa-S3_nuc_pos13_q3_5c:cell19,False
seq0015_HeLa-S3_nuc_pos13_q3_5c,HeLa-S3_nuc_pos13_q3_5c,DynamicNuclearNet,train,DynamicNuclearNet\tif_data\train\out\HeLa-S3_nuc_pos13_q3_5c\HeLa-S3_nuc_pos13_q3_5c_trackmate.xml,20,0,,,19018,19045,24,26,24.0,26.0,3,3,death,seq0015_HeLa-S3_nuc_pos13_q3_5c:cell20,False
seq0015_HeLa-S3_nuc_pos13_q3_5c,HeLa-S3_nuc_pos13_q3_5c,DynamicNuclearNet,train,DynamicNuclearNet\tif_data\train\out\HeLa-S3_nuc_pos13_q3_5c\HeLa-S3_nuc_pos13_q3_5c_trackmate.xml,21,0,,,19034,19304,25,41,25.0,41.0,17,17,death,seq0015_HeLa-S3_nuc_pos13_q3_5c:cell21,False
seq0015_HeLa-S3_nuc_pos13_q3_5c,HeLa-S3_nuc_pos13_q3_5c,DynamicNuclearNet,train,DynamicNuclearNet\tif_data\train\out\HeLa-S3_nuc_pos13_q3_5c\HeLa-S3_nuc_pos13_q3_5c_trackmate.xml,22,0,,,19120,19120,29,29,29.0,29.0,1,1,death,seq0015_HeLa-S3_nuc_pos13_q3_5c:cell22,False
seq0015_HeLa-S3_nuc_pos13_q3_5c,HeLa-S3_nuc_pos13_q3_5c,DynamicNuclearNet,train,DynamicNuclearNet\tif_data\train\out\HeLa-S3_nuc_pos13_q3_5c\HeLa-S3_nuc_pos13_q3_5c_trackmate.xml,23,0,,,19210,19210,34,34,34.0,34.0,1,1,death,seq0015_HeLa-S3_nuc_pos13_q3_5c:cell23,False
seq0016_HeLa-S3_nuc_pos14_q3_5c,HeLa-S3_nuc_pos14_q3_5c,DynamicNuclearNet,train,DynamicNuclearNet\tif_data\train\out\HeLa-S3_nuc_pos14_q3_5c\HeLa-S3_nuc_pos14_q3_5c_trackmate.xml,0,0,,,19363,19503,0,1,0.0,1.0,2,2,death,seq0016_HeLa-S3_nuc_pos14_q3_5c:cell0,False
seq0016_HeLa-S3_nuc_pos14_q3_5c,HeLa-S3_nuc_pos14_q3_5c,DynamicNuclearNet,train,DynamicNuclearNet\tif_data\train\out\HeLa-S3_nuc_pos14_q3_5c\HeLa-S3_nuc_pos14_q3_5c_trackmate.xml,1,0,,,19367,20178,0,41,0.0,41.0,42,42,death,seq0016_HeLa-S3_nuc_pos14_q3_5c:cell1,False
seq0016_HeLa-S3_nuc_pos14_q3_5c,HeLa-S3_nuc_pos14_q3_5c,DynamicNuclearNet,train,DynamicNuclearNet\tif_data\train\out\HeLa-S3_nuc_pos14_q3_5c\HeLa-S3_nuc_pos14_q3_5c_trackmate.xml,2,0,,,19371,19831,0,24,0.0,24.0,25,25,death,seq0016_HeLa-S3_nuc_pos14_q3_5c:cell2,False
seq0016_HeLa-S3_nuc_pos14_q3_5c,HeLa-S3_nuc_pos14_q3_5c,DynamicNuclearNet,train,DynamicNuclearNet\tif_data\train\out\HeLa-S3_nuc_pos14_q3_5c\HeLa-S3_nuc_pos14_q3_5c_trackmate.xml,3,0,,,19373,20184,0,41,0.0,41.0,42,42,death,seq0016_HeLa-S3_nuc_pos14_q3_5c:cell3,False
seq0016_HeLa-S3_nuc_pos14_q3_5c,HeLa-S3_nuc_pos14_q3_5c,DynamicNuclearNet,train,DynamicNuclearNet\tif_data\train\out\HeLa-S3_nuc_pos14_q3_5c\HeLa-S3_nuc_pos14_q3_5c_trackmate.xml,4,0,,,19377,20189,0,41,0.0,41.0,42,42,death,seq0016_HeLa-S3_nuc_pos14_q3_5c:cell4,False
seq0016_HeLa-S3_nuc_pos14_q3_5c,HeLa-S3_nuc_pos14_q3_5c,DynamicNuclearNet,train,DynamicNuclearNet\tif_data\train\out\HeLa-S3_nuc_pos14_q3_5c\HeLa-S3_nuc_pos14_q3_5c_trackmate.xml,5,0,,,19382,20191,0,41,0.0,41.0,42,42,death,seq0016_HeLa-S3_nuc_pos14_q3_5c:cell5,False
seq0016_HeLa-S3_nuc_pos14_q3_5c,HeLa-S3_nuc_pos14_q3_5c,DynamicNuclearNet,train,DynamicNuclearNet\tif_data\train\out\HeLa-S3_nuc_pos14_q3_5c\HeLa-S3_nuc_pos14_q3_5c_trackmate.xml,6,0,,,19387,20193,0,41,0.0,41.0,42,42,death,seq0016_HeLa-S3_nuc_pos14_q3_5c:cell6,False
seq0016_HeLa-S3_nuc_pos14_q3_5c,HeLa-S3_nuc_pos14_q3_5c,DynamicNuclearNet,train,DynamicNuclearNet\tif_data\train\out\HeLa-S3_nuc_pos14_q3_5c\HeLa-S3_nuc_pos14_q3_5c_trackmate.xml,7,0,,,19391,20196,0,41,0.0,41.0,42,42,death,seq0016_HeLa-S3_nuc_pos14_q3_5c:cell7,False
seq0016_HeLa-S3_nuc_pos14_q3_5c,HeLa-S3_nuc_pos14_q3_5c,DynamicNuclearNet,train,DynamicNuclearNet\tif_data\train\out\HeLa-S3_nuc_pos14_q3_5c\HeLa-S3_nuc_pos14_q3_5c_trackmate.xml,8,0,,,19394,20203,0,41,0.0,41.0,42,42,death,seq0016_HeLa-S3_nuc_pos14_q3_5c:cell8,False
seq0016_HeLa-S3_nuc_pos14_q3_5c,HeLa-S3_nuc_pos14_q3_5c,DynamicNuclearNet,train,DynamicNuclearNet\tif_data\train\out\HeLa-S3_nuc_pos14_q3_5c\HeLa-S3_nuc_pos14_q3_5c_trackmate.xml,9,0,,,19399,20201,0,41,0.0,41.0,42,42,death,seq0016_HeLa-S3_nuc_pos14_q3_5c:cell9,False
seq0016_HeLa-S3_nuc_pos14_q3_5c,HeLa-S3_nuc_pos14_q3_5c,DynamicNuclearNet,train,DynamicNuclearNet\tif_data\train\out\HeLa-S3_nuc_pos14_q3_5c\HeLa-S3_nuc_pos14_q3_5c_trackmate.xml,10,0,,,19404,20205,0,41,0.0,41.0,42,42,death,seq0016_HeLa-S3_nuc_pos14_q3_5c:cell10,False
seq0016_HeLa-S3_nuc_pos14_q3_5c,HeLa-S3_nuc_pos14_q3_5c,DynamicNuclearNet,train,DynamicNuclearNet\tif_data\train\out\HeLa-S3_nuc_pos14_q3_5c\HeLa-S3_nuc_pos14_q3_5c_trackmate.xml,11,0,,,19412,20208,0,41,0.0,41.0,42,42,death,seq0016_HeLa-S3_nuc_pos14_q3_5c:cell11,False
seq0016_HeLa-S3_nuc_pos14_q3_5c,HeLa-S3_nuc_pos14_q3_5c,DynamicNuclearNet,train,DynamicNuclearNet\tif_data\train\out\HeLa-S3_nuc_pos14_q3_5c\HeLa-S3_nuc_pos14_q3_5c_trackmate.xml,12,0,,,19416,20212,0,41,0.0,41.0,42,42,death,seq0016_HeLa-S3_nuc_pos14_q3_5c:cell12,False
seq0016_HeLa-S3_nuc_pos14_q3_5c,HeLa-S3_nuc_pos14_q3_5c,DynamicNuclearNet,train,DynamicNuclearNet\tif_data\train\out\HeLa-S3_nuc_pos14_q3_5c\HeLa-S3_nuc_pos14_q3_5c_trackmate.xml,13,0,,,19422,20214,0,41,0.0,41.0,42,42,death,seq0016_HeLa-S3_nuc_pos14_q3_5c:cell13,False
seq0016_HeLa-S3_nuc_pos14_q3_5c,HeLa-S3_nuc_pos14_q3_5c,DynamicNuclearNet,train,DynamicNuclearNet\tif_data\train\out\HeLa-S3_nuc_pos14_q3_5c\HeLa-S3_nuc_pos14_q3_5c_trackmate.xml,14,0,,,19430,20216,0,41,0.0,41.0,42,42,death,seq0016_HeLa-S3_nuc_pos14_q3_5c:cell14,False
seq0016_HeLa-S3_nuc_pos14_q3_5c,HeLa-S3_nuc_pos14_q3_5c,DynamicNuclearNet,train,DynamicNuclearNet\tif_data\train\out\HeLa-S3_nuc_pos14_q3_5c\HeLa-S3_nuc_pos14_q3_5c_trackmate.xml,15,0,,,19433,20218,0,41,0.0,41.0,42,42,death,seq0016_HeLa-S3_nuc_pos14_q3_5c:cell15,False
seq0016_HeLa-S3_nuc_pos14_q3_5c,HeLa-S3_nuc_pos14_q3_5c,DynamicNuclearNet,train,DynamicNuclearNet\tif_data\train\out\HeLa-S3_nuc_pos14_q3_5c\HeLa-S3_nuc_pos14_q3_5c_trackmate.xml,16,0,,,19440,20220,0,41,0.0,41.0,42,42,death,seq0016_HeLa-S3_nuc_pos14_q3_5c:cell16,False
seq0016_HeLa-S3_nuc_pos14_q3_5c,HeLa-S3_nuc_pos14_q3_5c,DynamicNuclearNet,train,DynamicNuclearNet\tif_data\train\out\HeLa-S3_nuc_pos14_q3_5c\HeLa-S3_nuc_pos14_q3_5c_trackmate.xml,17,0,,,19443,20221,0,41,0.0,41.0,42,42,death,seq0016_HeLa-S3_nuc_pos14_q3_5c:cell17,False
seq0016_HeLa-S3_nuc_pos14_q3_5c,HeLa-S3_nuc_pos14_q3_5c,DynamicNuclearNet,train,DynamicNuclearNet\tif_data\train\out\HeLa-S3_nuc_pos14_q3_5c\HeLa-S3_nuc_pos14_q3_5c_trackmate.xml,18,0,,,19448,19551,0,1,0.0,1.0,2,2,death,seq0016_HeLa-S3_nuc_pos14_q3_5c:cell18,False
seq0016_HeLa-S3_nuc_pos14_q3_5c,HeLa-S3_nuc_pos14_q3_5c,DynamicNuclearNet,train,DynamicNuclearNet\tif_data\train\out\HeLa-S3_nuc_pos14_q3_5c\HeLa-S3_nuc_pos14_q3_5c_trackmate.xml,19,0,,,19406,19423,2,9,2.0,9.0,8,8,death,seq0016_HeLa-S3_nuc_pos14_q3_5c:cell19,False
seq0016_HeLa-S3_nuc_pos14_q3_5c,HeLa-S3_nuc_pos14_q3_5c,DynamicNuclearNet,train,DynamicNuclearNet\tif_data\train\out\HeLa-S3_nuc_pos14_q3_5c\HeLa-S3_nuc_pos14_q3_5c_trackmate.xml,20,0,,,19361,19361,3,3,3.0,3.0,1,1,death,seq0016_HeLa-S3_nuc_pos14_q3_5c:cell20,False
seq0016_HeLa-S3_nuc_pos14_q3_5c,HeLa-S3_nuc_pos14_q3_5c,DynamicNuclearNet,train,DynamicNuclearNet\tif_data\train\out\HeLa-S3_nuc_pos14_q3_5c\HeLa-S3_nuc_pos14_q3_5c_trackmate.xml,21,0,,,19429,20199,3,41,3.0,41.0,39,39,death,seq0016_HeLa-S3_nuc_pos14_q3_5c:cell21,False
seq0016_HeLa-S3_nuc_pos14_q3_5c,HeLa-S3_nuc_pos14_q3_5c,DynamicNuclearNet,train,DynamicNuclearNet\tif_data\train\out\HeLa-S3_nuc_pos14_q3_5c\HeLa-S3_nuc_pos14_q3_5c_trackmate.xml,22,0,,,19449,20211,3,41,3.0,41.0,39,39,death,seq0016_HeLa-S3_nuc_pos14_q3_5c:cell22,False
seq0016_HeLa-S3_nuc_pos14_q3_5c,HeLa-S3_nuc_pos14_q3_5c,DynamicNuclearNet,train,DynamicNuclearNet\tif_data\train\out\HeLa-S3_nuc_pos14_q3_5c\HeLa-S3_nuc_pos14_q3_5c_trackmate.xml,23,0,,,19528,19528,9,9,9.0,9.0,1,1,death,seq0016_HeLa-S3_nuc_pos14_q3_5c:cell23,False
seq0016_HeLa-S3_nuc_pos14_q3_5c,HeLa-S3_nuc_pos14_q3_5c,DynamicNuclearNet,train,DynamicNuclearNet\tif_data\train\out\HeLa-S3_nuc_pos14_q3_5c\HeLa-S3_nuc_pos14_q3_5c_trackmate.xml,24,0,,,19552,20175,10,41,10.0,41.0,32,32,death,seq0016_HeLa-S3_nuc_pos14_q3_5c:cell24,False
seq0016_HeLa-S3_nuc_pos14_q3_5c,HeLa-S3_nuc_pos14_q3_5c,DynamicNuclearNet,train,DynamicNuclearNet\tif_data\train\out\HeLa-S3_nuc_pos14_q3_5c\HeLa-S3_nuc_pos14_q3_5c_trackmate.xml,25,0,,,20237,20237,11,11,11.0,11.0,1,1,death,seq0016_HeLa-S3_nuc_pos14_q3_5c:cell25,False
seq0016_HeLa-S3_nuc_pos14_q3_5c,HeLa-S3_nuc_pos14_q3_5c,DynamicNuclearNet,train,DynamicNuclearNet\tif_data\train\out\HeLa-S3_nuc_pos14_q3_5c\HeLa-S3_nuc_pos14_q3_5c_trackmate.xml,26,0,,,19662,19712,17,21,17.0,21.0,5,5,death,seq0016_HeLa-S3_nuc_pos14_q3_5c:cell26,False
seq0016_HeLa-S3_nuc_pos14_q3_5c,HeLa-S3_nuc_pos14_q3_5c,DynamicNuclearNet,train,DynamicNuclearNet\tif_data\train\out\HeLa-S3_nuc_pos14_q3_5c\HeLa-S3_nuc_pos14_q3_5c_trackmate.xml,27,0,,,19802,19819,22,23,22.0,23.0,2,2,death,seq0016_HeLa-S3_nuc_pos14_q3_5c:cell27,False
seq0016_HeLa-S3_nuc_pos14_q3_5c,HeLa-S3_nuc_pos14_q3_5c,DynamicNuclearNet,train,DynamicNuclearNet\tif_data\train\out\HeLa-S3_nuc_pos14_q3_5c\HeLa-S3_nuc_pos14_q3_5c_trackmate.xml,28,0,,,19835,19835,24,24,24.0,24.0,1,1,death,seq0016_HeLa-S3_nuc_pos14_q3_5c:cell28,False
seq0016_HeLa-S3_nuc_pos14_q3_5c,HeLa-S3_nuc_pos14_q3_5c,DynamicNuclearNet,train,DynamicNuclearNet\tif_data\train\out\HeLa-S3_nuc_pos14_q3_5c\HeLa-S3_nuc_pos14_q3_5c_trackmate.xml,29,0,,,19825,19825,25,25,25.0,25.0,1,1,death,seq0016_HeLa-S3_nuc_pos14_q3_5c:cell29,False
seq0016_HeLa-S3_nuc_pos14_q3_5c,HeLa-S3_nuc_pos14_q3_5c,DynamicNuclearNet,train,DynamicNuclearNet\tif_data\train\out\HeLa-S3_nuc_pos14_q3_5c\HeLa-S3_nuc_pos14_q3_5c_trackmate.xml,30,0,,,19867,19908,25,26,25.0,26.0,2,2,death,seq0016_HeLa-S3_nuc_pos14_q3_5c:cell30,False
seq0016_HeLa-S3_nuc_pos14_q3_5c,HeLa-S3_nuc_pos14_q3_5c,DynamicNuclearNet,train,DynamicNuclearNet\tif_data\train\out\HeLa-S3_nuc_pos14_q3_5c\HeLa-S3_nuc_pos14_q3_5c_trackmate.xml,31,0,,,19870,20186,26,41,26.0,41.0,16,16,death,seq0016_HeLa-S3_nuc_pos14_q3_5c:cell31,False
seq0016_HeLa-S3_nuc_pos14_q3_5c,HeLa-S3_nuc_pos14_q3_5c,DynamicNuclearNet,train,DynamicNuclearNet\tif_data\train\out\HeLa-S3_nuc_pos14_q3_5c\HeLa-S3_nuc_pos14_q3_5c_trackmate.xml,32,0,,,19912,19912,28,28,28.0,28.0,1,1,death,seq0016_HeLa-S3_nuc_pos14_q3_5c:cell32,False
seq0016_HeLa-S3_nuc_pos14_q3_5c,HeLa-S3_nuc_pos14_q3_5c,DynamicNuclearNet,train,DynamicNuclearNet\tif_data\train\out\HeLa-S3_nuc_pos14_q3_5c\HeLa-S3_nuc_pos14_q3_5c_trackmate.xml,33,0,,,19934,20172,29,41,29.0,41.0,13,13,death,seq0016_HeLa-S3_nuc_pos14_q3_5c:cell33,False
seq0016_HeLa-S3_nuc_pos14_q3_5c,HeLa-S3_nuc_pos14_q3_5c,DynamicNuclearNet,train,DynamicNuclearNet\tif_data\train\out\HeLa-S3_nuc_pos14_q3_5c\HeLa-S3_nuc_pos14_q3_5c_trackmate.xml,34,0,,,19939,20022,32,33,32.0,33.0,2,2,death,seq0016_HeLa-S3_nuc_pos14_q3_5c:cell34,False
seq0016_HeLa-S3_nuc_pos14_q3_5c,HeLa-S3_nuc_pos14_q3_5c,DynamicNuclearNet,train,DynamicNuclearNet\tif_data\train\out\HeLa-S3_nuc_pos14_q3_5c\HeLa-S3_nuc_pos14_q3_5c_trackmate.xml,35,0,,,20079,20112,35,38,35.0,38.0,4,4,death,seq0016_HeLa-S3_nuc_pos14_q3_5c:cell35,False
seq0016_HeLa-S3_nuc_pos14_q3_5c,HeLa-S3_nuc_pos14_q3_5c,DynamicNuclearNet,train,DynamicNuclearNet\tif_data\train\out\HeLa-S3_nuc_pos14_q3_5c\HeLa-S3_nuc_pos14_q3_5c_trackmate.xml,36,0,,,20181,20181,41,41,41.0,41.0,1,1,death,seq0016_HeLa-S3_nuc_pos14_q3_5c:cell36,False
seq0017_HeLa-S3_nuc_pos15_q1_5c,HeLa-S3_nuc_pos15_q1_5c,DynamicNuclearNet,train,DynamicNuclearNet\tif_data\train\out\HeLa-S3_nuc_pos15_q1_5c\HeLa-S3_nuc_pos15_q1_5c_trackmate.xml,0,0,,,20384,21069,0,27,0.0,27.0,28,28,death,seq0017_HeLa-S3_nuc_pos15_q1_5c:cell0,False
seq0017_HeLa-S3_nuc_pos15_q1_5c,HeLa-S3_nuc_pos15_q1_5c,DynamicNuclearNet,train,DynamicNuclearNet\tif_data\train\out\HeLa-S3_nuc_pos15_q1_5c\HeLa-S3_nuc_pos15_q1_5c_trackmate.xml,1,0,,,20394,21564,0,41,0.0,41.0,42,42,death,seq0017_HeLa-S3_nuc_pos15_q1_5c:cell1,False
seq0017_HeLa-S3_nuc_pos15_q1_5c,HeLa-S3_nuc_pos15_q1_5c,DynamicNuclearNet,train,DynamicNuclearNet\tif_data\train\out\HeLa-S3_nuc_pos15_q1_5c\HeLa-S3_nuc_pos15_q1_5c_trackmate.xml,2,0,,,20404,21574,0,41,0.0,41.0,42,42,death,seq0017_HeLa-S3_nuc_pos15_q1_5c:cell2,False
seq0017_HeLa-S3_nuc_pos15_q1_5c,HeLa-S3_nuc_pos15_q1_5c,DynamicNuclearNet,train,DynamicNuclearNet\tif_data\train\out\HeLa-S3_nuc_pos15_q1_5c\HeLa-S3_nuc_pos15_q1_5c_trackmate.xml,3,0,,,20412,21570,0,41,0.0,41.0,42,42,death,seq0017_HeLa-S3_nuc_pos15_q1_5c:cell3,False
seq0017_HeLa-S3_nuc_pos15_q1_5c,HeLa-S3_nuc_pos15_q1_5c,DynamicNuclearNet,train,DynamicNuclearNet\tif_data\train\out\HeLa-S3_nuc_pos15_q1_5c\HeLa-S3_nuc_pos15_q1_5c_trackmate.xml,4,0,,,20421,20898,0,19,0.0,19.0,20,20,death,seq0017_HeLa-S3_nuc_pos15_q1_5c:cell4,False
seq0017_HeLa-S3_nuc_pos15_q1_5c,HeLa-S3_nuc_pos15_q1_5c,DynamicNuclearNet,train,DynamicNuclearNet\tif_data\train\out\HeLa-S3_nuc_pos15_q1_5c\HeLa-S3_nuc_pos15_q1_5c_trackmate.xml,5,0,,,20430,21592,0,41,0.0,41.0,42,42,death,seq0017_HeLa-S3_nuc_pos15_q1_5c:cell5,False
seq0017_HeLa-S3_nuc_pos15_q1_5c,HeLa-S3_nuc_pos15_q1_5c,DynamicNuclearNet,train,DynamicNuclearNet\tif_data\train\out\HeLa-S3_nuc_pos15_q1_5c\HeLa-S3_nuc_pos15_q1_5c_trackmate.xml,6,0,,,20438,21595,0,41,0.0,41.0,42,42,death,seq0017_HeLa-S3_nuc_pos15_q1_5c:cell6,False
seq0017_HeLa-S3_nuc_pos15_q1_5c,HeLa-S3_nuc_pos15_q1_5c,DynamicNuclearNet,train,DynamicNuclearNet\tif_data\train\out\HeLa-S3_nuc_pos15_q1_5c\HeLa-S3_nuc_pos15_q1_5c_trackmate.xml,7,0,,,20448,21015,0,24,0.0,24.0,25,25,death,seq0017_HeLa-S3_nuc_pos15_q1_5c:cell7,False
seq0017_HeLa-S3_nuc_pos15_q1_5c,HeLa-S3_nuc_pos15_q1_5c,DynamicNuclearNet,train,DynamicNuclearNet\tif_data\train\out\HeLa-S3_nuc_pos15_q1_5c\HeLa-S3_nuc_pos15_q1_5c_trackmate.xml,8,0,,,20458,21063,0,25,0.0,25.0,26,26,death,seq0017_HeLa-S3_nuc_pos15_q1_5c:cell8,False
seq0017_HeLa-S3_nuc_pos15_q1_5c,HeLa-S3_nuc_pos15_q1_5c,DynamicNuclearNet,train,DynamicNuclearNet\tif_data\train\out\HeLa-S3_nuc_pos15_q1_5c\HeLa-S3_nuc_pos15_q1_5c_trackmate.xml,9,0,,,20466,21617,0,41,0.0,41.0,42,42,death,seq0017_HeLa-S3_nuc_pos15_q1_5c:cell9,False
seq0017_HeLa-S3_nuc_pos15_q1_5c,HeLa-S3_nuc_pos15_q1_5c,DynamicNuclearNet,train,DynamicNuclearNet\tif_data\train\out\HeLa-S3_nuc_pos15_q1_5c\HeLa-S3_nuc_pos15_q1_5c_trackmate.xml,10,0,,,20475,21621,0,41,0.0,41.0,42,42,death,seq0017_HeLa-S3_nuc_pos15_q1_5c:cell10,False
seq0017_HeLa-S3_nuc_pos15_q1_5c,HeLa-S3_nuc_pos15_q1_5c,DynamicNuclearNet,train,DynamicNuclearNet\tif_data\train\out\HeLa-S3_nuc_pos15_q1_5c\HeLa-S3_nuc_pos15_q1_5c_trackmate.xml,11,0,,,20485,20376,0,8,0.0,8.0,9,9,death,seq0017_HeLa-S3_nuc_pos15_q1_5c:cell11,False
seq0017_HeLa-S3_nuc_pos15_q1_5c,HeLa-S3_nuc_pos15_q1_5c,DynamicNuclearNet,train,DynamicNuclearNet\tif_data\train\out\HeLa-S3_nuc_pos15_q1_5c\HeLa-S3_nuc_pos15_q1_5c_trackmate.xml,12,0,,,20493,21624,0,41,0.0,41.0,42,42,death,seq0017_HeLa-S3_nuc_pos15_q1_5c:cell12,False
seq0017_HeLa-S3_nuc_pos15_q1_5c,HeLa-S3_nuc_pos15_q1_5c,DynamicNuclearNet,train,DynamicNuclearNet\tif_data\train\out\HeLa-S3_nuc_pos15_q1_5c\HeLa-S3_nuc_pos15_q1_5c_trackmate.xml,13,0,,,20497,21612,0,41,0.0,41.0,42,42,death,seq0017_HeLa-S3_nuc_pos15_q1_5c:cell13,False
seq0017_HeLa-S3_nuc_pos15_q1_5c,HeLa-S3_nuc_pos15_q1_5c,DynamicNuclearNet,train,DynamicNuclearNet\tif_data\train\out\HeLa-S3_nuc_pos15_q1_5c\HeLa-S3_nuc_pos15_q1_5c_trackmate.xml,14,0,,,20505,21632,0,41,0.0,41.0,42,42,death,seq0017_HeLa-S3_nuc_pos15_q1_5c:cell14,False
seq0017_HeLa-S3_nuc_pos15_q1_5c,HeLa-S3_nuc_pos15_q1_5c,DynamicNuclearNet,train,DynamicNuclearNet\tif_data\train\out\HeLa-S3_nuc_pos15_q1_5c\HeLa-S3_nuc_pos15_q1_5c_trackmate.xml,15,0,,,20511,21637,0,41,0.0,41.0,42,42,death,seq0017_HeLa-S3_nuc_pos15_q1_5c:cell15,False
seq0017_HeLa-S3_nuc_pos15_q1_5c,HeLa-S3_nuc_pos15_q1_5c,DynamicNuclearNet,train,DynamicNuclearNet\tif_data\train\out\HeLa-S3_nuc_pos15_q1_5c\HeLa-S3_nuc_pos15_q1_5c_trackmate.xml,16,0,,,20516,21645,0,41,0.0,41.0,42,42,death,seq0017_HeLa-S3_nuc_pos15_q1_5c:cell16,False
seq0017_HeLa-S3_nuc_pos15_q1_5c,HeLa-S3_nuc_pos15_q1_5c,DynamicNuclearNet,train,DynamicNuclearNet\tif_data\train\out\HeLa-S3_nuc_pos15_q1_5c\HeLa-S3_nuc_pos15_q1_5c_trackmate.xml,17,0,,,20522,21641,0,41,0.0,41.0,42,42,death,seq0017_HeLa-S3_nuc_pos15_q1_5c:cell17,False
seq0017_HeLa-S3_nuc_pos15_q1_5c,HeLa-S3_nuc_pos15_q1_5c,DynamicNuclearNet,train,DynamicNuclearNet\tif_data\train\out\HeLa-S3_nuc_pos15_q1_5c\HeLa-S3_nuc_pos15_q1_5c_trackmate.xml,18,0,,,20531,21650,0,41,0.0,41.0,42,42,death,seq0017_HeLa-S3_nuc_pos15_q1_5c:cell18,False
seq0017_HeLa-S3_nuc_pos15_q1_5c,HeLa-S3_nuc_pos15_q1_5c,DynamicNuclearNet,train,DynamicNuclearNet\tif_data\train\out\HeLa-S3_nuc_pos15_q1_5c\HeLa-S3_nuc_pos15_q1_5c_trackmate.xml,19,0,,,20535,21654,0,41,0.0,41.0,42,42,death,seq0017_HeLa-S3_nuc_pos15_q1_5c:cell19,False
seq0017_HeLa-S3_nuc_pos15_q1_5c,HeLa-S3_nuc_pos15_q1_5c,DynamicNuclearNet,train,DynamicNuclearNet\tif_data\train\out\HeLa-S3_nuc_pos15_q1_5c\HeLa-S3_nuc_pos15_q1_5c_trackmate.xml,20,0,,,20539,21659,0,41,0.0,41.0,42,42,death,seq0017_HeLa-S3_nuc_pos15_q1_5c:cell20,False
seq0017_HeLa-S3_nuc_pos15_q1_5c,HeLa-S3_nuc_pos15_q1_5c,DynamicNuclearNet,train,DynamicNuclearNet\tif_data\train\out\HeLa-S3_nuc_pos15_q1_5c\HeLa-S3_nuc_pos15_q1_5c_trackmate.xml,21,0,,,20542,21671,0,41,0.0,41.0,42,42,death,seq0017_HeLa-S3_nuc_pos15_q1_5c:cell21,False
seq0017_HeLa-S3_nuc_pos15_q1_5c,HeLa-S3_nuc_pos15_q1_5c,DynamicNuclearNet,train,DynamicNuclearNet\tif_data\train\out\HeLa-S3_nuc_pos15_q1_5c\HeLa-S3_nuc_pos15_q1_5c_trackmate.xml,22,0,,,20545,21664,0,41,0.0,41.0,42,42,death,seq0017_HeLa-S3_nuc_pos15_q1_5c:cell22,False
seq0017_HeLa-S3_nuc_pos15_q1_5c,HeLa-S3_nuc_pos15_q1_5c,DynamicNuclearNet,train,DynamicNuclearNet\tif_data\train\out\HeLa-S3_nuc_pos15_q1_5c\HeLa-S3_nuc_pos15_q1_5c_trackmate.xml,23,0,,,20548,21669,0,41,0.0,41.0,42,42,death,seq0017_HeLa-S3_nuc_pos15_q1_5c:cell23,False
seq0017_HeLa-S3_nuc_pos15_q1_5c,HeLa-S3_nuc_pos15_q1_5c,DynamicNuclearNet,train,DynamicNuclearNet\tif_data\train\out\HeLa-S3_nuc_pos15_q1_5c\HeLa-S3_nuc_pos15_q1_5c_trackmate.xml,24,0,,,20551,21676,0,41,0.0,41.0,42,42,death,seq0017_HeLa-S3_nuc_pos15_q1_5c:cell24,False
seq0017_HeLa-S3_nuc_pos15_q1_5c,HeLa-S3_nuc_pos15_q1_5c,DynamicNuclearNet,train,DynamicNuclearNet\tif_data\train\out\HeLa-S3_nuc_pos15_q1_5c\HeLa-S3_nuc_pos15_q1_5c_trackmate.xml,25,0,,,20554,21680,0,41,0.0,41.0,42,42,death,seq0017_HeLa-S3_nuc_pos15_q1_5c:cell25,False
seq0017_HeLa-S3_nuc_pos15_q1_5c,HeLa-S3_nuc_pos15_q1_5c,DynamicNuclearNet,train,DynamicNuclearNet\tif_data\train\out\HeLa-S3_nuc_pos15_q1_5c\HeLa-S3_nuc_pos15_q1_5c_trackmate.xml,26,0,,,20557,21685,0,41,0.0,41.0,42,42,death,seq0017_HeLa-S3_nuc_pos15_q1_5c:cell26,False
seq0017_HeLa-S3_nuc_pos15_q1_5c,HeLa-S3_nuc_pos15_q1_5c,DynamicNuclearNet,train,DynamicNuclearNet\tif_data\train\out\HeLa-S3_nuc_pos15_q1_5c\HeLa-S3_nuc_pos15_q1_5c_trackmate.xml,27,0,,,20559,20491,0,7,0.0,7.0,8,8,death,seq0017_HeLa-S3_nuc_pos15_q1_5c:cell27,False
seq0017_HeLa-S3_nuc_pos15_q1_5c,HeLa-S3_nuc_pos15_q1_5c,DynamicNuclearNet,train,DynamicNuclearNet\tif_data\train\out\HeLa-S3_nuc_pos15_q1_5c\HeLa-S3_nuc_pos15_q1_5c_trackmate.xml,28,0,,,20569,21696,0,41,0.0,41.0,42,42,death,seq0017_HeLa-S3_nuc_pos15_q1_5c:cell28,False
seq0017_HeLa-S3_nuc_pos15_q1_5c,HeLa-S3_nuc_pos15_q1_5c,DynamicNuclearNet,train,DynamicNuclearNet\tif_data\train\out\HeLa-S3_nuc_pos15_q1_5c\HeLa-S3_nuc_pos15_q1_5c_trackmate.xml,29,0,,,20574,21699,0,41,0.0,41.0,42,42,death,seq0017_HeLa-S3_nuc_pos15_q1_5c:cell29,False
seq0017_HeLa-S3_nuc_pos15_q1_5c,HeLa-S3_nuc_pos15_q1_5c,DynamicNuclearNet,train,DynamicNuclearNet\tif_data\train\out\HeLa-S3_nuc_pos15_q1_5c\HeLa-S3_nuc_pos15_q1_5c_trackmate.xml,30,0,,,20577,21701,0,41,0.0,41.0,42,42,death,seq0017_HeLa-S3_nuc_pos15_q1_5c:cell30,False
seq0017_HeLa-S3_nuc_pos15_q1_5c,HeLa-S3_nuc_pos15_q1_5c,DynamicNuclearNet,train,DynamicNuclearNet\tif_data\train\out\HeLa-S3_nuc_pos15_q1_5c\HeLa-S3_nuc_pos15_q1_5c_trackmate.xml,31,0,,,20581,21703,0,41,0.0,41.0,42,42,death,seq0017_HeLa-S3_nuc_pos15_q1_5c:cell31,False
seq0017_HeLa-S3_nuc_pos15_q1_5c,HeLa-S3_nuc_pos15_q1_5c,DynamicNuclearNet,train,DynamicNuclearNet\tif_data\train\out\HeLa-S3_nuc_pos15_q1_5c\HeLa-S3_nuc_pos15_q1_5c_trackmate.xml,32,0,,,20346,21690,9,41,9.0,41.0,33,33,death,seq0017_HeLa-S3_nuc_pos15_q1_5c:cell32,False
seq0017_HeLa-S3_nuc_pos15_q1_5c,HeLa-S3_nuc_pos15_q1_5c,DynamicNuclearNet,train,DynamicNuclearNet\tif_data\train\out\HeLa-S3_nuc_pos15_q1_5c\HeLa-S3_nuc_pos15_q1_5c_trackmate.xml,33,0,,,20590,21598,10,37,10.0,37.0,28,28,death,seq0017_HeLa-S3_nuc_pos15_q1_5c:cell33,False
seq0017_HeLa-S3_nuc_pos15_q1_5c,HeLa-S3_nuc_pos15_q1_5c,DynamicNuclearNet,train,DynamicNuclearNet\tif_data\train\out\HeLa-S3_nuc_pos15_q1_5c\HeLa-S3_nuc_pos15_q1_5c_trackmate.xml,34,0,,,20776,21013,20,24,20.0,24.0,5,5,death,seq0017_HeLa-S3_nuc_pos15_q1_5c:cell34,False
seq0017_HeLa-S3_nuc_pos15_q1_5c,HeLa-S3_nuc_pos15_q1_5c,DynamicNuclearNet,train,DynamicNuclearNet\tif_data\train\out\HeLa-S3_nuc_pos15_q1_5c\HeLa-S3_nuc_pos15_q1_5c_trackmate.xml,35,0,,,20842,20842,21,21,21.0,21.0,1,1,death,seq0017_HeLa-S3_nuc_pos15_q1_5c:cell35,False
seq0017_HeLa-S3_nuc_pos15_q1_5c,HeLa-S3_nuc_pos15_q1_5c,DynamicNuclearNet,train,DynamicNuclearNet\tif_data\train\out\HeLa-S3_nuc_pos15_q1_5c\HeLa-S3_nuc_pos15_q1_5c_trackmate.xml,36,0,,,21050,21050,25,25,25.0,25.0,1,1,death,seq0017_HeLa-S3_nuc_pos15_q1_5c:cell36,False
seq0017_HeLa-S3_nuc_pos15_q1_5c,HeLa-S3_nuc_pos15_q1_5c,DynamicNuclearNet,train,DynamicNuclearNet\tif_data\train\out\HeLa-S3_nuc_pos15_q1_5c\HeLa-S3_nuc_pos15_q1_5c_trackmate.xml,37,0,,,21054,21580,25,41,25.0,41.0,17,17,death,seq0017_HeLa-S3_nuc_pos15_q1_5c:cell37,False
seq0017_HeLa-S3_nuc_pos15_q1_5c,HeLa-S3_nuc_pos15_q1_5c,DynamicNuclearNet,train,DynamicNuclearNet\tif_data\train\out\HeLa-S3_nuc_pos15_q1_5c\HeLa-S3_nuc_pos15_q1_5c_trackmate.xml,38,0,,,21060,21112,25,27,25.0,27.0,3,3,death,seq0017_HeLa-S3_nuc_pos15_q1_5c:cell38,False
seq0017_HeLa-S3_nuc_pos15_q1_5c,HeLa-S3_nuc_pos15_q1_5c,DynamicNuclearNet,train,DynamicNuclearNet\tif_data\train\out\HeLa-S3_nuc_pos15_q1_5c\HeLa-S3_nuc_pos15_q1_5c_trackmate.xml,39,0,,,21066,21066,25,25,25.0,25.0,1,1,death,seq0017_HeLa-S3_nuc_pos15_q1_5c:cell39,False
seq0017_HeLa-S3_nuc_pos15_q1_5c,HeLa-S3_nuc_pos15_q1_5c,DynamicNuclearNet,train,DynamicNuclearNet\tif_data\train\out\HeLa-S3_nuc_pos15_q1_5c\HeLa-S3_nuc_pos15_q1_5c_trackmate.xml,40,0,,,21188,21694,25,41,25.0,41.0,17,17,death,seq0017_HeLa-S3_nuc_pos15_q1_5c:cell40,False
seq0017_HeLa-S3_nuc_pos15_q1_5c,HeLa-S3_nuc_pos15_q1_5c,DynamicNuclearNet,train,DynamicNuclearNet\tif_data\train\out\HeLa-S3_nuc_pos15_q1_5c\HeLa-S3_nuc_pos15_q1_5c_trackmate.xml,41,0,,,21034,21052,26,28,26.0,28.0,3,3,death,seq0017_HeLa-S3_nuc_pos15_q1_5c:cell41,False
seq0017_HeLa-S3_nuc_pos15_q1_5c,HeLa-S3_nuc_pos15_q1_5c,DynamicNuclearNet,train,DynamicNuclearNet\tif_data\train\out\HeLa-S3_nuc_pos15_q1_5c\HeLa-S3_nuc_pos15_q1_5c_trackmate.xml,42,0,,,21036,21036,26,26,26.0,26.0,1,1,death,seq0017_HeLa-S3_nuc_pos15_q1_5c:cell42,False
seq0017_HeLa-S3_nuc_pos15_q1_5c,HeLa-S3_nuc_pos15_q1_5c,DynamicNuclearNet,train,DynamicNuclearNet\tif_data\train\out\HeLa-S3_nuc_pos15_q1_5c\HeLa-S3_nuc_pos15_q1_5c_trackmate.xml,43,0,,,21055,21055,26,26,26.0,26.0,1,1,death,seq0017_HeLa-S3_nuc_pos15_q1_5c:cell43,False
seq0017_HeLa-S3_nuc_pos15_q1_5c,HeLa-S3_nuc_pos15_q1_5c,DynamicNuclearNet,train,DynamicNuclearNet\tif_data\train\out\HeLa-S3_nuc_pos15_q1_5c\HeLa-S3_nuc_pos15_q1_5c_trackmate.xml,44,0,,,21064,21064,26,26,26.0,26.0,1,1,death,seq0017_HeLa-S3_nuc_pos15_q1_5c:cell44,False
seq0017_HeLa-S3_nuc_pos15_q1_5c,HeLa-S3_nuc_pos15_q1_5c,DynamicNuclearNet,train,DynamicNuclearNet\tif_data\train\out\HeLa-S3_nuc_pos15_q1_5c\HeLa-S3_nuc_pos15_q1_5c_trackmate.xml,45,0,,,21068,21607,26,41,26.0,41.0,16,16,death,seq0017_HeLa-S3_nuc_pos15_q1_5c:cell45,False
seq0017_HeLa-S3_nuc_pos15_q1_5c,HeLa-S3_nuc_pos15_q1_5c,DynamicNuclearNet,train,DynamicNuclearNet\tif_data\train\out\HeLa-S3_nuc_pos15_q1_5c\HeLa-S3_nuc_pos15_q1_5c_trackmate.xml,46,0,,,21106,21585,27,41,27.0,41.0,15,15,death,seq0017_HeLa-S3_nuc_pos15_q1_5c:cell46,False
seq0017_HeLa-S3_nuc_pos15_q1_5c,HeLa-S3_nuc_pos15_q1_5c,DynamicNuclearNet,train,DynamicNuclearNet\tif_data\train\out\HeLa-S3_nuc_pos15_q1_5c\HeLa-S3_nuc_pos15_q1_5c_trackmate.xml,47,0,,,21110,21086,27,28,27.0,28.0,2,2,death,seq0017_HeLa-S3_nuc_pos15_q1_5c:cell47,False
seq0017_HeLa-S3_nuc_pos15_q1_5c,HeLa-S3_nuc_pos15_q1_5c,DynamicNuclearNet,train,DynamicNuclearNet\tif_data\train\out\HeLa-S3_nuc_pos15_q1_5c\HeLa-S3_nuc_pos15_q1_5c_trackmate.xml,48,0,,,21115,21088,27,28,27.0,28.0,2,2,death,seq0017_HeLa-S3_nuc_pos15_q1_5c:cell48,False
seq0017_HeLa-S3_nuc_pos15_q1_5c,HeLa-S3_nuc_pos15_q1_5c,DynamicNuclearNet,train,DynamicNuclearNet\tif_data\train\out\HeLa-S3_nuc_pos15_q1_5c\HeLa-S3_nuc_pos15_q1_5c_trackmate.xml,49,0,,,21045,21254,28,32,28.0,32.0,5,5,death,seq0017_HeLa-S3_nuc_pos15_q1_5c:cell49,False
seq0017_HeLa-S3_nuc_pos15_q1_5c,HeLa-S3_nuc_pos15_q1_5c,DynamicNuclearNet,train,DynamicNuclearNet\tif_data\train\out\HeLa-S3_nuc_pos15_q1_5c\HeLa-S3_nuc_pos15_q1_5c_trackmate.xml,50,0,,,21082,21588,28,41,28.0,41.0,14,14,death,seq0017_HeLa-S3_nuc_pos15_q1_5c:cell50,False
seq0017_HeLa-S3_nuc_pos15_q1_5c,HeLa-S3_nuc_pos15_q1_5c,DynamicNuclearNet,train,DynamicNuclearNet\tif_data\train\out\HeLa-S3_nuc_pos15_q1_5c\HeLa-S3_nuc_pos15_q1_5c_trackmate.xml,51,0,,,21091,21599,28,41,28.0,41.0,14,14,death,seq0017_HeLa-S3_nuc_pos15_q1_5c:cell51,False
seq0017_HeLa-S3_nuc_pos15_q1_5c,HeLa-S3_nuc_pos15_q1_5c,DynamicNuclearNet,train,DynamicNuclearNet\tif_data\train\out\HeLa-S3_nuc_pos15_q1_5c\HeLa-S3_nuc_pos15_q1_5c_trackmate.xml,52,0,,,21126,21603,29,41,29.0,41.0,13,13,death,seq0017_HeLa-S3_nuc_pos15_q1_5c:cell52,False
seq0017_HeLa-S3_nuc_pos15_q1_5c,HeLa-S3_nuc_pos15_q1_5c,DynamicNuclearNet,train,DynamicNuclearNet\tif_data\train\out\HeLa-S3_nuc_pos15_q1_5c\HeLa-S3_nuc_pos15_q1_5c_trackmate.xml,53,0,,,21322,21322,33,33,33.0,33.0,1,1,death,seq0017_HeLa-S3_nuc_pos15_q1_5c:cell53,False
seq0017_HeLa-S3_nuc_pos15_q1_5c,HeLa-S3_nuc_pos15_q1_5c,DynamicNuclearNet,train,DynamicNuclearNet\tif_data\train\out\HeLa-S3_nuc_pos15_q1_5c\HeLa-S3_nuc_pos15_q1_5c_trackmate.xml,54,0,,,21324,21557,33,41,33.0,41.0,9,9,death,seq0017_HeLa-S3_nuc_pos15_q1_5c:cell54,False
seq0017_HeLa-S3_nuc_pos15_q1_5c,HeLa-S3_nuc_pos15_q1_5c,DynamicNuclearNet,train,DynamicNuclearNet\tif_data\train\out\HeLa-S3_nuc_pos15_q1_5c\HeLa-S3_nuc_pos15_q1_5c_trackmate.xml,55,0,,,21369,21553,34,41,34.0,41.0,8,8,death,seq0017_HeLa-S3_nuc_pos15_q1_5c:cell55,False
seq0017_HeLa-S3_nuc_pos15_q1_5c,HeLa-S3_nuc_pos15_q1_5c,DynamicNuclearNet,train,DynamicNuclearNet\tif_data\train\out\HeLa-S3_nuc_pos15_q1_5c\HeLa-S3_nuc_pos15_q1_5c_trackmate.xml,56,0,,,21409,21409,35,35,35.0,35.0,1,1,death,seq0017_HeLa-S3_nuc_pos15_q1_5c:cell56,False
seq0017_HeLa-S3_nuc_pos15_q1_5c,HeLa-S3_nuc_pos15_q1_5c,DynamicNuclearNet,train,DynamicNuclearNet\tif_data\train\out\HeLa-S3_nuc_pos15_q1_5c\HeLa-S3_nuc_pos15_q1_5c_trackmate.xml,57,0,,,21469,21504,36,37,36.0,37.0,2,2,death,seq0017_HeLa-S3_nuc_pos15_q1_5c:cell57,False
seq0017_HeLa-S3_nuc_pos15_q1_5c,HeLa-S3_nuc_pos15_q1_5c,DynamicNuclearNet,train,DynamicNuclearNet\tif_data\train\out\HeLa-S3_nuc_pos15_q1_5c\HeLa-S3_nuc_pos15_q1_5c_trackmate.xml,58,0,,,21575,21628,38,41,38.0,41.0,4,4,death,seq0017_HeLa-S3_nuc_pos15_q1_5c:cell58,False
seq0017_HeLa-S3_nuc_pos15_q1_5c,HeLa-S3_nuc_pos15_q1_5c,DynamicNuclearNet,train,DynamicNuclearNet\tif_data\train\out\HeLa-S3_nuc_pos15_q1_5c\HeLa-S3_nuc_pos15_q1_5c_trackmate.xml,59,0,,,21561,21561,41,41,41.0,41.0,1,1,death,seq0017_HeLa-S3_nuc_pos15_q1_5c:cell59,False
seq0018_HeLa-S3_nuc_pos15_q2_5c,HeLa-S3_nuc_pos15_q2_5c,DynamicNuclearNet,train,DynamicNuclearNet\tif_data\train\out\HeLa-S3_nuc_pos15_q2_5c\HeLa-S3_nuc_pos15_q2_5c_trackmate.xml,0,0,,,21735,22695,0,41,0.0,41.0,42,42,death,seq0018_HeLa-S3_nuc_pos15_q2_5c:cell0,False
seq0018_HeLa-S3_nuc_pos15_q2_5c,HeLa-S3_nuc_pos15_q2_5c,DynamicNuclearNet,train,DynamicNuclearNet\tif_data\train\out\HeLa-S3_nuc_pos15_q2_5c\HeLa-S3_nuc_pos15_q2_5c_trackmate.xml,1,0,,,21737,22698,0,41,0.0,41.0,42,42,death,seq0018_HeLa-S3_nuc_pos15_q2_5c:cell1,False
seq0018_HeLa-S3_nuc_pos15_q2_5c,HeLa-S3_nuc_pos15_q2_5c,DynamicNuclearNet,train,DynamicNuclearNet\tif_data\train\out\HeLa-S3_nuc_pos15_q2_5c\HeLa-S3_nuc_pos15_q2_5c_trackmate.xml,2,0,,,21740,22701,0,41,0.0,41.0,42,42,death,seq0018_HeLa-S3_nuc_pos15_q2_5c:cell2,False
seq0018_HeLa-S3_nuc_pos15_q2_5c,HeLa-S3_nuc_pos15_q2_5c,DynamicNuclearNet,train,DynamicNuclearNet\tif_data\train\out\HeLa-S3_nuc_pos15_q2_5c\HeLa-S3_nuc_pos15_q2_5c_trackmate.xml,3,0,,,21745,22703,0,41,0.0,41.0,42,42,death,seq0018_HeLa-S3_nuc_pos15_q2_5c:cell3,False
seq0018_HeLa-S3_nuc_pos15_q2_5c,HeLa-S3_nuc_pos15_q2_5c,DynamicNuclearNet,train,DynamicNuclearNet\tif_data\train\out\HeLa-S3_nuc_pos15_q2_5c\HeLa-S3_nuc_pos15_q2_5c_trackmate.xml,4,0,,,21748,22704,0,41,0.0,41.0,42,42,death,seq0018_HeLa-S3_nuc_pos15_q2_5c:cell4,False
seq0018_HeLa-S3_nuc_pos15_q2_5c,HeLa-S3_nuc_pos15_q2_5c,DynamicNuclearNet,train,DynamicNuclearNet\tif_data\train\out\HeLa-S3_nuc_pos15_q2_5c\HeLa-S3_nuc_pos15_q2_5c_trackmate.xml,5,0,,,21751,22705,0,41,0.0,41.0,42,42,death,seq0018_HeLa-S3_nuc_pos15_q2_5c:cell5,False
seq0018_HeLa-S3_nuc_pos15_q2_5c,HeLa-S3_nuc_pos15_q2_5c,DynamicNuclearNet,train,DynamicNuclearNet\tif_data\train\out\HeLa-S3_nuc_pos15_q2_5c\HeLa-S3_nuc_pos15_q2_5c_trackmate.xml,6,0,,,21754,22706,0,41,0.0,41.0,42,42,death,seq0018_HeLa-S3_nuc_pos15_q2_5c:cell6,False
seq0018_HeLa-S3_nuc_pos15_q2_5c,HeLa-S3_nuc_pos15_q2_5c,DynamicNuclearNet,train,DynamicNuclearNet\tif_data\train\out\HeLa-S3_nuc_pos15_q2_5c\HeLa-S3_nuc_pos15_q2_5c_trackmate.xml,7,0,,,21760,22707,0,41,0.0,41.0,42,42,death,seq0018_HeLa-S3_nuc_pos15_q2_5c:cell7,False
seq0018_HeLa-S3_nuc_pos15_q2_5c,HeLa-S3_nuc_pos15_q2_5c,DynamicNuclearNet,train,DynamicNuclearNet\tif_data\train\out\HeLa-S3_nuc_pos15_q2_5c\HeLa-S3_nuc_pos15_q2_5c_trackmate.xml,8,0,,,21761,22708,0,41,0.0,41.0,42,42,death,seq0018_HeLa-S3_nuc_pos15_q2_5c:cell8,False
seq0018_HeLa-S3_nuc_pos15_q2_5c,HeLa-S3_nuc_pos15_q2_5c,DynamicNuclearNet,train,DynamicNuclearNet\tif_data\train\out\HeLa-S3_nuc_pos15_q2_5c\HeLa-S3_nuc_pos15_q2_5c_trackmate.xml,9,0,,,21766,22709,0,41,0.0,41.0,42,42,death,seq0018_HeLa-S3_nuc_pos15_q2_5c:cell9,False
seq0018_HeLa-S3_nuc_pos15_q2_5c,HeLa-S3_nuc_pos15_q2_5c,DynamicNuclearNet,train,DynamicNuclearNet\tif_data\train\out\HeLa-S3_nuc_pos15_q2_5c\HeLa-S3_nuc_pos15_q2_5c_trackmate.xml,10,0,,,21771,22710,0,41,0.0,41.0,42,42,death,seq0018_HeLa-S3_nuc_pos15_q2_5c:cell10,False
seq0018_HeLa-S3_nuc_pos15_q2_5c,HeLa-S3_nuc_pos15_q2_5c,DynamicNuclearNet,train,DynamicNuclearNet\tif_data\train\out\HeLa-S3_nuc_pos15_q2_5c\HeLa-S3_nuc_pos15_q2_5c_trackmate.xml,11,0,,,21773,22711,0,41,0.0,41.0,42,42,death,seq0018_HeLa-S3_nuc_pos15_q2_5c:cell11,False
seq0018_HeLa-S3_nuc_pos15_q2_5c,HeLa-S3_nuc_pos15_q2_5c,DynamicNuclearNet,train,DynamicNuclearNet\tif_data\train\out\HeLa-S3_nuc_pos15_q2_5c\HeLa-S3_nuc_pos15_q2_5c_trackmate.xml,12,0,,,21783,22712,0,41,0.0,41.0,42,42,death,seq0018_HeLa-S3_nuc_pos15_q2_5c:cell12,False
seq0018_HeLa-S3_nuc_pos15_q2_5c,HeLa-S3_nuc_pos15_q2_5c,DynamicNuclearNet,train,DynamicNuclearNet\tif_data\train\out\HeLa-S3_nuc_pos15_q2_5c\HeLa-S3_nuc_pos15_q2_5c_trackmate.xml,13,0,,,21787,22713,0,41,0.0,41.0,42,42,death,seq0018_HeLa-S3_nuc_pos15_q2_5c:cell13,False
seq0018_HeLa-S3_nuc_pos15_q2_5c,HeLa-S3_nuc_pos15_q2_5c,DynamicNuclearNet,train,DynamicNuclearNet\tif_data\train\out\HeLa-S3_nuc_pos15_q2_5c\HeLa-S3_nuc_pos15_q2_5c_trackmate.xml,14,0,,,21793,22714,0,41,0.0,41.0,42,42,death,seq0018_HeLa-S3_nuc_pos15_q2_5c:cell14,False
seq0018_HeLa-S3_nuc_pos15_q2_5c,HeLa-S3_nuc_pos15_q2_5c,DynamicNuclearNet,train,DynamicNuclearNet\tif_data\train\out\HeLa-S3_nuc_pos15_q2_5c\HeLa-S3_nuc_pos15_q2_5c_trackmate.xml,15,0,,,21798,22715,0,41,0.0,41.0,42,42,death,seq0018_HeLa-S3_nuc_pos15_q2_5c:cell15,False
seq0018_HeLa-S3_nuc_pos15_q2_5c,HeLa-S3_nuc_pos15_q2_5c,DynamicNuclearNet,train,DynamicNuclearNet\tif_data\train\out\HeLa-S3_nuc_pos15_q2_5c\HeLa-S3_nuc_pos15_q2_5c_trackmate.xml,16,0,,,21804,22717,0,41,0.0,41.0,42,42,death,seq0018_HeLa-S3_nuc_pos15_q2_5c:cell16,False
seq0018_HeLa-S3_nuc_pos15_q2_5c,HeLa-S3_nuc_pos15_q2_5c,DynamicNuclearNet,train,DynamicNuclearNet\tif_data\train\out\HeLa-S3_nuc_pos15_q2_5c\HeLa-S3_nuc_pos15_q2_5c_trackmate.xml,17,0,,,21809,22716,0,41,0.0,41.0,42,42,death,seq0018_HeLa-S3_nuc_pos15_q2_5c:cell17,False
seq0018_HeLa-S3_nuc_pos15_q2_5c,HeLa-S3_nuc_pos15_q2_5c,DynamicNuclearNet,train,DynamicNuclearNet\tif_data\train\out\HeLa-S3_nuc_pos15_q2_5c\HeLa-S3_nuc_pos15_q2_5c_trackmate.xml,18,0,,,21814,22718,0,41,0.0,41.0,42,42,death,seq0018_HeLa-S3_nuc_pos15_q2_5c:cell18,False
seq0018_HeLa-S3_nuc_pos15_q2_5c,HeLa-S3_nuc_pos15_q2_5c,DynamicNuclearNet,train,DynamicNuclearNet\tif_data\train\out\HeLa-S3_nuc_pos15_q2_5c\HeLa-S3_nuc_pos15_q2_5c_trackmate.xml,19,0,,,21819,22418,0,20,0.0,20.0,21,21,death,seq0018_HeLa-S3_nuc_pos15_q2_5c:cell19,False
seq0018_HeLa-S3_nuc_pos15_q2_5c,HeLa-S3_nuc_pos15_q2_5c,DynamicNuclearNet,train,DynamicNuclearNet\tif_data\train\out\HeLa-S3_nuc_pos15_q2_5c\HeLa-S3_nuc_pos15_q2_5c_trackmate.xml,20,0,,,21823,22720,0,41,0.0,41.0,42,42,death,seq0018_HeLa-S3_nuc_pos15_q2_5c:cell20,False
seq0018_HeLa-S3_nuc_pos15_q2_5c,HeLa-S3_nuc_pos15_q2_5c,DynamicNuclearNet,train,DynamicNuclearNet\tif_data\train\out\HeLa-S3_nuc_pos15_q2_5c\HeLa-S3_nuc_pos15_q2_5c_trackmate.xml,21,0,,,21828,22721,0,41,0.0,41.0,42,42,death,seq0018_HeLa-S3_nuc_pos15_q2_5c:cell21,False
seq0018_HeLa-S3_nuc_pos15_q2_5c,HeLa-S3_nuc_pos15_q2_5c,DynamicNuclearNet,train,DynamicNuclearNet\tif_data\train\out\HeLa-S3_nuc_pos15_q2_5c\HeLa-S3_nuc_pos15_q2_5c_trackmate.xml,22,0,,,21834,22118,0,17,0.0,17.0,18,18,death,seq0018_HeLa-S3_nuc_pos15_q2_5c:cell22,False
seq0018_HeLa-S3_nuc_pos15_q2_5c,HeLa-S3_nuc_pos15_q2_5c,DynamicNuclearNet,train,DynamicNuclearNet\tif_data\train\out\HeLa-S3_nuc_pos15_q2_5c\HeLa-S3_nuc_pos15_q2_5c_trackmate.xml,23,0,,,21840,22521,0,33,0.0,33.0,34,34,death,seq0018_HeLa-S3_nuc_pos15_q2_5c:cell23,False
seq0018_HeLa-S3_nuc_pos15_q2_5c,HeLa-S3_nuc_pos15_q2_5c,DynamicNuclearNet,train,DynamicNuclearNet\tif_data\train\out\HeLa-S3_nuc_pos15_q2_5c\HeLa-S3_nuc_pos15_q2_5c_trackmate.xml,24,0,,,22132,22132,18,18,18.0,18.0,1,1,death,seq0018_HeLa-S3_nuc_pos15_q2_5c:cell24,False
seq0018_HeLa-S3_nuc_pos15_q2_5c,HeLa-S3_nuc_pos15_q2_5c,DynamicNuclearNet,train,DynamicNuclearNet\tif_data\train\out\HeLa-S3_nuc_pos15_q2_5c\HeLa-S3_nuc_pos15_q2_5c_trackmate.xml,25,0,,,22180,22252,19,22,19.0,22.0,4,4,death,seq0018_HeLa-S3_nuc_pos15_q2_5c:cell25,False
seq0018_HeLa-S3_nuc_pos15_q2_5c,HeLa-S3_nuc_pos15_q2_5c,DynamicNuclearNet,train,DynamicNuclearNet\tif_data\train\out\HeLa-S3_nuc_pos15_q2_5c\HeLa-S3_nuc_pos15_q2_5c_trackmate.xml,26,0,,,22205,22205,23,23,23.0,23.0,1,1,death,seq0018_HeLa-S3_nuc_pos15_q2_5c:cell26,False
seq0018_HeLa-S3_nuc_pos15_q2_5c,HeLa-S3_nuc_pos15_q2_5c,DynamicNuclearNet,train,DynamicNuclearNet\tif_data\train\out\HeLa-S3_nuc_pos15_q2_5c\HeLa-S3_nuc_pos15_q2_5c_trackmate.xml,27,0,,,22212,22727,23,41,23.0,41.0,19,19,death,seq0018_HeLa-S3_nuc_pos15_q2_5c:cell27,False
seq0018_HeLa-S3_nuc_pos15_q2_5c,HeLa-S3_nuc_pos15_q2_5c,DynamicNuclearNet,train,DynamicNuclearNet\tif_data\train\out\HeLa-S3_nuc_pos15_q2_5c\HeLa-S3_nuc_pos15_q2_5c_trackmate.xml,28,0,,,22255,22333,24,26,24.0,26.0,3,3,death,seq0018_HeLa-S3_nuc_pos15_q2_5c:cell28,False
seq0018_HeLa-S3_nuc_pos15_q2_5c,HeLa-S3_nuc_pos15_q2_5c,DynamicNuclearNet,train,DynamicNuclearNet\tif_data\train\out\HeLa-S3_nuc_pos15_q2_5c\HeLa-S3_nuc_pos15_q2_5c_trackmate.xml,29,0,,,22302,22302,25,25,25.0,25.0,1,1,death,seq0018_HeLa-S3_nuc_pos15_q2_5c:cell29,False
seq0018_HeLa-S3_nuc_pos15_q2_5c,HeLa-S3_nuc_pos15_q2_5c,DynamicNuclearNet,train,DynamicNuclearNet\tif_data\train\out\HeLa-S3_nuc_pos15_q2_5c\HeLa-S3_nuc_pos15_q2_5c_trackmate.xml,30,0,,,22315,22373,26,28,26.0,28.0,3,3,death,seq0018_HeLa-S3_nuc_pos15_q2_5c:cell30,False
seq0018_HeLa-S3_nuc_pos15_q2_5c,HeLa-S3_nuc_pos15_q2_5c,DynamicNuclearNet,train,DynamicNuclearNet\tif_data\train\out\HeLa-S3_nuc_pos15_q2_5c\HeLa-S3_nuc_pos15_q2_5c_trackmate.xml,31,0,,,22322,22322,26,26,26.0,26.0,1,1,death,seq0018_HeLa-S3_nuc_pos15_q2_5c:cell31,False
seq0018_HeLa-S3_nuc_pos15_q2_5c,HeLa-S3_nuc_pos15_q2_5c,DynamicNuclearNet,train,DynamicNuclearNet\tif_data\train\out\HeLa-S3_nuc_pos15_q2_5c\HeLa-S3_nuc_pos15_q2_5c_trackmate.xml,32,0,,,22360,22443,27,31,27.0,31.0,5,5,death,seq0018_HeLa-S3_nuc_pos15_q2_5c:cell32,False
seq0018_HeLa-S3_nuc_pos15_q2_5c,HeLa-S3_nuc_pos15_q2_5c,DynamicNuclearNet,train,DynamicNuclearNet\tif_data\train\out\HeLa-S3_nuc_pos15_q2_5c\HeLa-S3_nuc_pos15_q2_5c_trackmate.xml,33,0,,,22379,22722,28,41,28.0,41.0,14,14,death,seq0018_HeLa-S3_nuc_pos15_q2_5c:cell33,False
seq0018_HeLa-S3_nuc_pos15_q2_5c,HeLa-S3_nuc_pos15_q2_5c,DynamicNuclearNet,train,DynamicNuclearNet\tif_data\train\out\HeLa-S3_nuc_pos15_q2_5c\HeLa-S3_nuc_pos15_q2_5c_trackmate.xml,34,0,,,22375,22725,29,41,29.0,41.0,13,13,death,seq0018_HeLa-S3_nuc_pos15_q2_5c:cell34,False
seq0018_HeLa-S3_nuc_pos15_q2_5c,HeLa-S3_nuc_pos15_q2_5c,DynamicNuclearNet,train,DynamicNuclearNet\tif_data\train\out\HeLa-S3_nuc_pos15_q2_5c\HeLa-S3_nuc_pos15_q2_5c_trackmate.xml,35,0,,,22479,22479,32,32,32.0,32.0,1,1,death,seq0018_HeLa-S3_nuc_pos15_q2_5c:cell35,False
seq0018_HeLa-S3_nuc_pos15_q2_5c,HeLa-S3_nuc_pos15_q2_5c,DynamicNuclearNet,train,DynamicNuclearNet\tif_data\train\out\HeLa-S3_nuc_pos15_q2_5c\HeLa-S3_nuc_pos15_q2_5c_trackmate.xml,36,0,,,22531,22719,34,41,34.0,41.0,8,8,death,seq0018_HeLa-S3_nuc_pos15_q2_5c:cell36,False
seq0018_HeLa-S3_nuc_pos15_q2_5c,HeLa-S3_nuc_pos15_q2_5c,DynamicNuclearNet,train,DynamicNuclearNet\tif_data\train\out\HeLa-S3_nuc_pos15_q2_5c\HeLa-S3_nuc_pos15_q2_5c_trackmate.xml,37,0,,,22542,22723,34,41,34.0,41.0,8,8,death,seq0018_HeLa-S3_nuc_pos15_q2_5c:cell37,False
seq0018_HeLa-S3_nuc_pos15_q2_5c,HeLa-S3_nuc_pos15_q2_5c,DynamicNuclearNet,train,DynamicNuclearNet\tif_data\train\out\HeLa-S3_nuc_pos15_q2_5c\HeLa-S3_nuc_pos15_q2_5c_trackmate.xml,38,0,,,22546,22607,34,36,34.0,36.0,3,3,death,seq0018_HeLa-S3_nuc_pos15_q2_5c:cell38,False
seq0018_HeLa-S3_nuc_pos15_q2_5c,HeLa-S3_nuc_pos15_q2_5c,DynamicNuclearNet,train,DynamicNuclearNet\tif_data\train\out\HeLa-S3_nuc_pos15_q2_5c\HeLa-S3_nuc_pos15_q2_5c_trackmate.xml,39,0,,,22658,22658,37,37,37.0,37.0,1,1,death,seq0018_HeLa-S3_nuc_pos15_q2_5c:cell39,False
seq0018_HeLa-S3_nuc_pos15_q2_5c,HeLa-S3_nuc_pos15_q2_5c,DynamicNuclearNet,train,DynamicNuclearNet\tif_data\train\out\HeLa-S3_nuc_pos15_q2_5c\HeLa-S3_nuc_pos15_q2_5c_trackmate.xml,40,0,,,22679,22729,38,41,38.0,41.0,4,4,death,seq0018_HeLa-S3_nuc_pos15_q2_5c:cell40,False
seq0019_HeLa-S3_nuc_pos16_q0_5c,HeLa-S3_nuc_pos16_q0_5c,DynamicNuclearNet,train,DynamicNuclearNet\tif_data\train\out\HeLa-S3_nuc_pos16_q0_5c\HeLa-S3_nuc_pos16_q0_5c_trackmate.xml,0,0,,,22918,24131,0,41,0.0,41.0,42,42,death,seq0019_HeLa-S3_nuc_pos16_q0_5c:cell0,False
seq0019_HeLa-S3_nuc_pos16_q0_5c,HeLa-S3_nuc_pos16_q0_5c,DynamicNuclearNet,train,DynamicNuclearNet\tif_data\train\out\HeLa-S3_nuc_pos16_q0_5c\HeLa-S3_nuc_pos16_q0_5c_trackmate.xml,1,0,,,22924,22760,0,5,0.0,5.0,6,6,death,seq0019_HeLa-S3_nuc_pos16_q0_5c:cell1,False
seq0019_HeLa-S3_nuc_pos16_q0_5c,HeLa-S3_nuc_pos16_q0_5c,DynamicNuclearNet,train,DynamicNuclearNet\tif_data\train\out\HeLa-S3_nuc_pos16_q0_5c\HeLa-S3_nuc_pos16_q0_5c_trackmate.xml,2,0,,,22931,24134,0,41,0.0,41.0,42,42,death,seq0019_HeLa-S3_nuc_pos16_q0_5c:cell2,False
seq0019_HeLa-S3_nuc_pos16_q0_5c,HeLa-S3_nuc_pos16_q0_5c,DynamicNuclearNet,train,DynamicNuclearNet\tif_data\train\out\HeLa-S3_nuc_pos16_q0_5c\HeLa-S3_nuc_pos16_q0_5c_trackmate.xml,3,0,,,22941,24138,0,41,0.0,41.0,42,42,death,seq0019_HeLa-S3_nuc_pos16_q0_5c:cell3,False
seq0019_HeLa-S3_nuc_pos16_q0_5c,HeLa-S3_nuc_pos16_q0_5c,DynamicNuclearNet,train,DynamicNuclearNet\tif_data\train\out\HeLa-S3_nuc_pos16_q0_5c\HeLa-S3_nuc_pos16_q0_5c_trackmate.xml,4,0,,,22952,23981,0,36,0.0,36.0,37,37,death,seq0019_HeLa-S3_nuc_pos16_q0_5c:cell4,False
seq0019_HeLa-S3_nuc_pos16_q0_5c,HeLa-S3_nuc_pos16_q0_5c,DynamicNuclearNet,train,DynamicNuclearNet\tif_data\train\out\HeLa-S3_nuc_pos16_q0_5c\HeLa-S3_nuc_pos16_q0_5c_trackmate.xml,5,0,,,22962,24145,0,41,0.0,41.0,42,42,death,seq0019_HeLa-S3_nuc_pos16_q0_5c:cell5,False
seq0019_HeLa-S3_nuc_pos16_q0_5c,HeLa-S3_nuc_pos16_q0_5c,DynamicNuclearNet,train,DynamicNuclearNet\tif_data\train\out\HeLa-S3_nuc_pos16_q0_5c\HeLa-S3_nuc_pos16_q0_5c_trackmate.xml,6,0,,,22971,24149,0,41,0.0,41.0,42,42,death,seq0019_HeLa-S3_nuc_pos16_q0_5c:cell6,False
seq0019_HeLa-S3_nuc_pos16_q0_5c,HeLa-S3_nuc_pos16_q0_5c,DynamicNuclearNet,train,DynamicNuclearNet\tif_data\train\out\HeLa-S3_nuc_pos16_q0_5c\HeLa-S3_nuc_pos16_q0_5c_trackmate.xml,7,0,,,22981,24153,0,41,0.0,41.0,42,42,death,seq0019_HeLa-S3_nuc_pos16_q0_5c:cell7,False
seq0019_HeLa-S3_nuc_pos16_q0_5c,HeLa-S3_nuc_pos16_q0_5c,DynamicNuclearNet,train,DynamicNuclearNet\tif_data\train\out\HeLa-S3_nuc_pos16_q0_5c\HeLa-S3_nuc_pos16_q0_5c_trackmate.xml,8,0,,,22989,24156,0,41,0.0,41.0,42,42,death,seq0019_HeLa-S3_nuc_pos16_q0_5c:cell8,False
seq0019_HeLa-S3_nuc_pos16_q0_5c,HeLa-S3_nuc_pos16_q0_5c,DynamicNuclearNet,train,DynamicNuclearNet\tif_data\train\out\HeLa-S3_nuc_pos16_q0_5c\HeLa-S3_nuc_pos16_q0_5c_trackmate.xml,9,0,,,22998,24158,0,41,0.0,41.0,42,42,death,seq0019_HeLa-S3_nuc_pos16_q0_5c:cell9,False
seq0019_HeLa-S3_nuc_pos16_q0_5c,HeLa-S3_nuc_pos16_q0_5c,DynamicNuclearNet,train,DynamicNuclearNet\tif_data\train\out\HeLa-S3_nuc_pos16_q0_5c\HeLa-S3_nuc_pos16_q0_5c_trackmate.xml,10,0,,,23006,24160,0,41,0.0,41.0,42,42,death,seq0019_HeLa-S3_nuc_pos16_q0_5c:cell10,False
seq0019_HeLa-S3_nuc_pos16_q0_5c,HeLa-S3_nuc_pos16_q0_5c,DynamicNuclearNet,train,DynamicNuclearNet\tif_data\train\out\HeLa-S3_nuc_pos16_q0_5c\HeLa-S3_nuc_pos16_q0_5c_trackmate.xml,11,0,,,23014,23649,0,27,0.0,27.0,28,28,death,seq0019_HeLa-S3_nuc_pos16_q0_5c:cell11,False
seq0019_HeLa-S3_nuc_pos16_q0_5c,HeLa-S3_nuc_pos16_q0_5c,DynamicNuclearNet,train,DynamicNuclearNet\tif_data\train\out\HeLa-S3_nuc_pos16_q0_5c\HeLa-S3_nuc_pos16_q0_5c_trackmate.xml,12,0,,,23021,24163,0,41,0.0,41.0,42,42,death,seq0019_HeLa-S3_nuc_pos16_q0_5c:cell12,False
seq0019_HeLa-S3_nuc_pos16_q0_5c,HeLa-S3_nuc_pos16_q0_5c,DynamicNuclearNet,train,DynamicNuclearNet\tif_data\train\out\HeLa-S3_nuc_pos16_q0_5c\HeLa-S3_nuc_pos16_q0_5c_trackmate.xml,13,0,,,23027,24162,0,41,0.0,41.0,42,42,death,seq0019_HeLa-S3_nuc_pos16_q0_5c:cell13,False
seq0019_HeLa-S3_nuc_pos16_q0_5c,HeLa-S3_nuc_pos16_q0_5c,DynamicNuclearNet,train,DynamicNuclearNet\tif_data\train\out\HeLa-S3_nuc_pos16_q0_5c\HeLa-S3_nuc_pos16_q0_5c_trackmate.xml,14,0,,,23032,24164,0,41,0.0,41.0,42,42,death,seq0019_HeLa-S3_nuc_pos16_q0_5c:cell14,False
seq0019_HeLa-S3_nuc_pos16_q0_5c,HeLa-S3_nuc_pos16_q0_5c,DynamicNuclearNet,train,DynamicNuclearNet\tif_data\train\out\HeLa-S3_nuc_pos16_q0_5c\HeLa-S3_nuc_pos16_q0_5c_trackmate.xml,15,0,,,23038,23552,0,23,0.0,23.0,24,24,death,seq0019_HeLa-S3_nuc_pos16_q0_5c:cell15,False
seq0019_HeLa-S3_nuc_pos16_q0_5c,HeLa-S3_nuc_pos16_q0_5c,DynamicNuclearNet,train,DynamicNuclearNet\tif_data\train\out\HeLa-S3_nuc_pos16_q0_5c\HeLa-S3_nuc_pos16_q0_5c_trackmate.xml,16,0,,,23045,24166,0,41,0.0,41.0,42,42,death,seq0019_HeLa-S3_nuc_pos16_q0_5c:cell16,False
seq0019_HeLa-S3_nuc_pos16_q0_5c,HeLa-S3_nuc_pos16_q0_5c,DynamicNuclearNet,train,DynamicNuclearNet\tif_data\train\out\HeLa-S3_nuc_pos16_q0_5c\HeLa-S3_nuc_pos16_q0_5c_trackmate.xml,17,0,,,23050,24167,0,41,0.0,41.0,42,42,death,seq0019_HeLa-S3_nuc_pos16_q0_5c:cell17,False
seq0019_HeLa-S3_nuc_pos16_q0_5c,HeLa-S3_nuc_pos16_q0_5c,DynamicNuclearNet,train,DynamicNuclearNet\tif_data\train\out\HeLa-S3_nuc_pos16_q0_5c\HeLa-S3_nuc_pos16_q0_5c_trackmate.xml,18,0,,,23055,24169,0,41,0.0,41.0,42,42,death,seq0019_HeLa-S3_nuc_pos16_q0_5c:cell18,False
seq0019_HeLa-S3_nuc_pos16_q0_5c,HeLa-S3_nuc_pos16_q0_5c,DynamicNuclearNet,train,DynamicNuclearNet\tif_data\train\out\HeLa-S3_nuc_pos16_q0_5c\HeLa-S3_nuc_pos16_q0_5c_trackmate.xml,19,0,,,23060,24171,0,41,0.0,41.0,42,42,death,seq0019_HeLa-S3_nuc_pos16_q0_5c:cell19,False
seq0019_HeLa-S3_nuc_pos16_q0_5c,HeLa-S3_nuc_pos16_q0_5c,DynamicNuclearNet,train,DynamicNuclearNet\tif_data\train\out\HeLa-S3_nuc_pos16_q0_5c\HeLa-S3_nuc_pos16_q0_5c_trackmate.xml,20,0,,,23065,24172,0,41,0.0,41.0,42,42,death,seq0019_HeLa-S3_nuc_pos16_q0_5c:cell20,False
seq0019_HeLa-S3_nuc_pos16_q0_5c,HeLa-S3_nuc_pos16_q0_5c,DynamicNuclearNet,train,DynamicNuclearNet\tif_data\train\out\HeLa-S3_nuc_pos16_q0_5c\HeLa-S3_nuc_pos16_q0_5c_trackmate.xml,21,0,,,23072,23260,0,13,0.0,13.0,14,14,death,seq0019_HeLa-S3_nuc_pos16_q0_5c:cell21,False
seq0019_HeLa-S3_nuc_pos16_q0_5c,HeLa-S3_nuc_pos16_q0_5c,DynamicNuclearNet,train,DynamicNuclearNet\tif_data\train\out\HeLa-S3_nuc_pos16_q0_5c\HeLa-S3_nuc_pos16_q0_5c_trackmate.xml,22,0,,,23076,24173,0,41,0.0,41.0,42,42,death,seq0019_HeLa-S3_nuc_pos16_q0_5c:cell22,False
seq0019_HeLa-S3_nuc_pos16_q0_5c,HeLa-S3_nuc_pos16_q0_5c,DynamicNuclearNet,train,DynamicNuclearNet\tif_data\train\out\HeLa-S3_nuc_pos16_q0_5c\HeLa-S3_nuc_pos16_q0_5c_trackmate.xml,23,0,,,23080,22824,0,1,0.0,1.0,2,2,death,seq0019_HeLa-S3_nuc_pos16_q0_5c:cell23,False
seq0019_HeLa-S3_nuc_pos16_q0_5c,HeLa-S3_nuc_pos16_q0_5c,DynamicNuclearNet,train,DynamicNuclearNet\tif_data\train\out\HeLa-S3_nuc_pos16_q0_5c\HeLa-S3_nuc_pos16_q0_5c_trackmate.xml,24,0,,,23083,24174,0,41,0.0,41.0,42,42,death,seq0019_HeLa-S3_nuc_pos16_q0_5c:cell24,False
seq0019_HeLa-S3_nuc_pos16_q0_5c,HeLa-S3_nuc_pos16_q0_5c,DynamicNuclearNet,train,DynamicNuclearNet\tif_data\train\out\HeLa-S3_nuc_pos16_q0_5c\HeLa-S3_nuc_pos16_q0_5c_trackmate.xml,25,0,,,23086,24177,0,41,0.0,41.0,42,42,death,seq0019_HeLa-S3_nuc_pos16_q0_5c:cell25,False
seq0019_HeLa-S3_nuc_pos16_q0_5c,HeLa-S3_nuc_pos16_q0_5c,DynamicNuclearNet,train,DynamicNuclearNet\tif_data\train\out\HeLa-S3_nuc_pos16_q0_5c\HeLa-S3_nuc_pos16_q0_5c_trackmate.xml,26,0,,,23088,24179,0,41,0.0,41.0,42,42,death,seq0019_HeLa-S3_nuc_pos16_q0_5c:cell26,False
seq0019_HeLa-S3_nuc_pos16_q0_5c,HeLa-S3_nuc_pos16_q0_5c,DynamicNuclearNet,train,DynamicNuclearNet\tif_data\train\out\HeLa-S3_nuc_pos16_q0_5c\HeLa-S3_nuc_pos16_q0_5c_trackmate.xml,27,0,,,23089,24176,0,41,0.0,41.0,42,42,death,seq0019_HeLa-S3_nuc_pos16_q0_5c:cell27,False
seq0019_HeLa-S3_nuc_pos16_q0_5c,HeLa-S3_nuc_pos16_q0_5c,DynamicNuclearNet,train,DynamicNuclearNet\tif_data\train\out\HeLa-S3_nuc_pos16_q0_5c\HeLa-S3_nuc_pos16_q0_5c_trackmate.xml,28,0,,,23091,24180,0,41,0.0,41.0,42,42,death,seq0019_HeLa-S3_nuc_pos16_q0_5c:cell28,False
seq0019_HeLa-S3_nuc_pos16_q0_5c,HeLa-S3_nuc_pos16_q0_5c,DynamicNuclearNet,train,DynamicNuclearNet\tif_data\train\out\HeLa-S3_nuc_pos16_q0_5c\HeLa-S3_nuc_pos16_q0_5c_trackmate.xml,29,0,,,23094,24181,0,41,0.0,41.0,42,42,death,seq0019_HeLa-S3_nuc_pos16_q0_5c:cell29,False
seq0019_HeLa-S3_nuc_pos16_q0_5c,HeLa-S3_nuc_pos16_q0_5c,DynamicNuclearNet,train,DynamicNuclearNet\tif_data\train\out\HeLa-S3_nuc_pos16_q0_5c\HeLa-S3_nuc_pos16_q0_5c_trackmate.xml,30,0,,,23096,23533,0,22,0.0,22.0,23,23,death,seq0019_HeLa-S3_nuc_pos16_q0_5c:cell30,False
seq0019_HeLa-S3_nuc_pos16_q0_5c,HeLa-S3_nuc_pos16_q0_5c,DynamicNuclearNet,train,DynamicNuclearNet\tif_data\train\out\HeLa-S3_nuc_pos16_q0_5c\HeLa-S3_nuc_pos16_q0_5c_trackmate.xml,31,0,,,23097,24182,0,41,0.0,41.0,42,42,death,seq0019_HeLa-S3_nuc_pos16_q0_5c:cell31,False
seq0019_HeLa-S3_nuc_pos16_q0_5c,HeLa-S3_nuc_pos16_q0_5c,DynamicNuclearNet,train,DynamicNuclearNet\tif_data\train\out\HeLa-S3_nuc_pos16_q0_5c\HeLa-S3_nuc_pos16_q0_5c_trackmate.xml,32,0,,,23099,24183,0,41,0.0,41.0,42,42,death,seq0019_HeLa-S3_nuc_pos16_q0_5c:cell32,False
seq0019_HeLa-S3_nuc_pos16_q0_5c,HeLa-S3_nuc_pos16_q0_5c,DynamicNuclearNet,train,DynamicNuclearNet\tif_data\train\out\HeLa-S3_nuc_pos16_q0_5c\HeLa-S3_nuc_pos16_q0_5c_trackmate.xml,33,0,,,22751,24128,1,41,1.0,41.0,41,41,death,seq0019_HeLa-S3_nuc_pos16_q0_5c:cell33,False
seq0019_HeLa-S3_nuc_pos16_q0_5c,HeLa-S3_nuc_pos16_q0_5c,DynamicNuclearNet,train,DynamicNuclearNet\tif_data\train\out\HeLa-S3_nuc_pos16_q0_5c\HeLa-S3_nuc_pos16_q0_5c_trackmate.xml,34,0,,,23044,24178,2,41,2.0,41.0,40,40,death,seq0019_HeLa-S3_nuc_pos16_q0_5c:cell34,False
seq0019_HeLa-S3_nuc_pos16_q0_5c,HeLa-S3_nuc_pos16_q0_5c,DynamicNuclearNet,train,DynamicNuclearNet\tif_data\train\out\HeLa-S3_nuc_pos16_q0_5c\HeLa-S3_nuc_pos16_q0_5c_trackmate.xml,35,0,,,22844,23093,7,10,7.0,10.0,4,4,death,seq0019_HeLa-S3_nuc_pos16_q0_5c:cell35,False
seq0019_HeLa-S3_nuc_pos16_q0_5c,HeLa-S3_nuc_pos16_q0_5c,DynamicNuclearNet,train,DynamicNuclearNet\tif_data\train\out\HeLa-S3_nuc_pos16_q0_5c\HeLa-S3_nuc_pos16_q0_5c_trackmate.xml,36,0,,,23394,23378,14,18,14.0,18.0,5,5,death,seq0019_HeLa-S3_nuc_pos16_q0_5c:cell36,False
seq0019_HeLa-S3_nuc_pos16_q0_5c,HeLa-S3_nuc_pos16_q0_5c,DynamicNuclearNet,train,DynamicNuclearNet\tif_data\train\out\HeLa-S3_nuc_pos16_q0_5c\HeLa-S3_nuc_pos16_q0_5c_trackmate.xml,37,0,,,23283,23283,17,17,17.0,17.0,1,1,death,seq0019_HeLa-S3_nuc_pos16_q0_5c:cell37,False
seq0019_HeLa-S3_nuc_pos16_q0_5c,HeLa-S3_nuc_pos16_q0_5c,DynamicNuclearNet,train,DynamicNuclearNet\tif_data\train\out\HeLa-S3_nuc_pos16_q0_5c\HeLa-S3_nuc_pos16_q0_5c_trackmate.xml,38,0,,,23359,23661,19,28,19.0,28.0,10,10,death,seq0019_HeLa-S3_nuc_pos16_q0_5c:cell38,False
seq0019_HeLa-S3_nuc_pos16_q0_5c,HeLa-S3_nuc_pos16_q0_5c,DynamicNuclearNet,train,DynamicNuclearNet\tif_data\train\out\HeLa-S3_nuc_pos16_q0_5c\HeLa-S3_nuc_pos16_q0_5c_trackmate.xml,39,0,,,23470,23470,19,19,19.0,19.0,1,1,death,seq0019_HeLa-S3_nuc_pos16_q0_5c:cell39,False
seq0019_HeLa-S3_nuc_pos16_q0_5c,HeLa-S3_nuc_pos16_q0_5c,DynamicNuclearNet,train,DynamicNuclearNet\tif_data\train\out\HeLa-S3_nuc_pos16_q0_5c\HeLa-S3_nuc_pos16_q0_5c_trackmate.xml,40,0,,,23473,23473,19,19,19.0,19.0,1,1,death,seq0019_HeLa-S3_nuc_pos16_q0_5c:cell40,False
seq0019_HeLa-S3_nuc_pos16_q0_5c,HeLa-S3_nuc_pos16_q0_5c,DynamicNuclearNet,train,DynamicNuclearNet\tif_data\train\out\HeLa-S3_nuc_pos16_q0_5c\HeLa-S3_nuc_pos16_q0_5c_trackmate.xml,41,0,,,23400,24170,20,41,20.0,41.0,22,22,death,seq0019_HeLa-S3_nuc_pos16_q0_5c:cell41,False
seq0019_HeLa-S3_nuc_pos16_q0_5c,HeLa-S3_nuc_pos16_q0_5c,DynamicNuclearNet,train,DynamicNuclearNet\tif_data\train\out\HeLa-S3_nuc_pos16_q0_5c\HeLa-S3_nuc_pos16_q0_5c_trackmate.xml,42,0,,,23414,24175,20,41,20.0,41.0,22,22,death,seq0019_HeLa-S3_nuc_pos16_q0_5c:cell42,False
seq0019_HeLa-S3_nuc_pos16_q0_5c,HeLa-S3_nuc_pos16_q0_5c,DynamicNuclearNet,train,DynamicNuclearNet\tif_data\train\out\HeLa-S3_nuc_pos16_q0_5c\HeLa-S3_nuc_pos16_q0_5c_trackmate.xml,43,0,,,23586,23586,24,24,24.0,24.0,1,1,death,seq0019_HeLa-S3_nuc_pos16_q0_5c:cell43,False
seq0019_HeLa-S3_nuc_pos16_q0_5c,HeLa-S3_nuc_pos16_q0_5c,DynamicNuclearNet,train,DynamicNuclearNet\tif_data\train\out\HeLa-S3_nuc_pos16_q0_5c\HeLa-S3_nuc_pos16_q0_5c_trackmate.xml,44,0,,,23689,23675,25,27,25.0,27.0,3,3,death,seq0019_HeLa-S3_nuc_pos16_q0_5c:cell44,False
seq0019_HeLa-S3_nuc_pos16_q0_5c,HeLa-S3_nuc_pos16_q0_5c,DynamicNuclearNet,train,DynamicNuclearNet\tif_data\train\out\HeLa-S3_nuc_pos16_q0_5c\HeLa-S3_nuc_pos16_q0_5c_trackmate.xml,45,0,,,23705,23705,29,29,29.0,29.0,1,1,death,seq0019_HeLa-S3_nuc_pos16_q0_5c:cell45,False
seq0019_HeLa-S3_nuc_pos16_q0_5c,HeLa-S3_nuc_pos16_q0_5c,DynamicNuclearNet,train,DynamicNuclearNet\tif_data\train\out\HeLa-S3_nuc_pos16_q0_5c\HeLa-S3_nuc_pos16_q0_5c_trackmate.xml,46,0,,,23721,23800,29,30,29.0,30.0,2,2,death,seq0019_HeLa-S3_nuc_pos16_q0_5c:cell46,False
seq0019_HeLa-S3_nuc_pos16_q0_5c,HeLa-S3_nuc_pos16_q0_5c,DynamicNuclearNet,train,DynamicNuclearNet\tif_data\train\out\HeLa-S3_nuc_pos16_q0_5c\HeLa-S3_nuc_pos16_q0_5c_trackmate.xml,47,0,,,23729,23806,29,30,29.0,30.0,2,2,death,seq0019_HeLa-S3_nuc_pos16_q0_5c:cell47,False
seq0019_HeLa-S3_nuc_pos16_q0_5c,HeLa-S3_nuc_pos16_q0_5c,DynamicNuclearNet,train,DynamicNuclearNet\tif_data\train\out\HeLa-S3_nuc_pos16_q0_5c\HeLa-S3_nuc_pos16_q0_5c_trackmate.xml,48,0,,,23742,23742,30,30,30.0,30.0,1,1,death,seq0019_HeLa-S3_nuc_pos16_q0_5c:cell48,False
seq0019_HeLa-S3_nuc_pos16_q0_5c,HeLa-S3_nuc_pos16_q0_5c,DynamicNuclearNet,train,DynamicNuclearNet\tif_data\train\out\HeLa-S3_nuc_pos16_q0_5c\HeLa-S3_nuc_pos16_q0_5c_trackmate.xml,49,0,,,23795,24165,31,41,31.0,41.0,11,11,death,seq0019_HeLa-S3_nuc_pos16_q0_5c:cell49,False
seq0019_HeLa-S3_nuc_pos16_q0_5c,HeLa-S3_nuc_pos16_q0_5c,DynamicNuclearNet,train,DynamicNuclearNet\tif_data\train\out\HeLa-S3_nuc_pos16_q0_5c\HeLa-S3_nuc_pos16_q0_5c_trackmate.xml,50,0,,,23802,23802,31,31,31.0,31.0,1,1,death,seq0019_HeLa-S3_nuc_pos16_q0_5c:cell50,False
seq0019_HeLa-S3_nuc_pos16_q0_5c,HeLa-S3_nuc_pos16_q0_5c,DynamicNuclearNet,train,DynamicNuclearNet\tif_data\train\out\HeLa-S3_nuc_pos16_q0_5c\HeLa-S3_nuc_pos16_q0_5c_trackmate.xml,51,0,,,23816,23943,32,35,32.0,35.0,4,4,death,seq0019_HeLa-S3_nuc_pos16_q0_5c:cell51,False
seq0019_HeLa-S3_nuc_pos16_q0_5c,HeLa-S3_nuc_pos16_q0_5c,DynamicNuclearNet,train,DynamicNuclearNet\tif_data\train\out\HeLa-S3_nuc_pos16_q0_5c\HeLa-S3_nuc_pos16_q0_5c_trackmate.xml,52,0,,,23868,24168,32,41,32.0,41.0,10,10,death,seq0019_HeLa-S3_nuc_pos16_q0_5c:cell52,False
seq0019_HeLa-S3_nuc_pos16_q0_5c,HeLa-S3_nuc_pos16_q0_5c,DynamicNuclearNet,train,DynamicNuclearNet\tif_data\train\out\HeLa-S3_nuc_pos16_q0_5c\HeLa-S3_nuc_pos16_q0_5c_trackmate.xml,53,0,,,23910,23910,34,34,34.0,34.0,1,1,death,seq0019_HeLa-S3_nuc_pos16_q0_5c:cell53,False
seq0019_HeLa-S3_nuc_pos16_q0_5c,HeLa-S3_nuc_pos16_q0_5c,DynamicNuclearNet,train,DynamicNuclearNet\tif_data\train\out\HeLa-S3_nuc_pos16_q0_5c\HeLa-S3_nuc_pos16_q0_5c_trackmate.xml,54,0,,,23953,24161,35,41,35.0,41.0,7,7,death,seq0019_HeLa-S3_nuc_pos16_q0_5c:cell54,False
seq0019_HeLa-S3_nuc_pos16_q0_5c,HeLa-S3_nuc_pos16_q0_5c,DynamicNuclearNet,train,DynamicNuclearNet\tif_data\train\out\HeLa-S3_nuc_pos16_q0_5c\HeLa-S3_nuc_pos16_q0_5c_trackmate.xml,55,0,,,23978,23978,36,36,36.0,36.0,1,1,death,seq0019_HeLa-S3_nuc_pos16_q0_5c:cell55,False
seq0019_HeLa-S3_nuc_pos16_q0_5c,HeLa-S3_nuc_pos16_q0_5c,DynamicNuclearNet,train,DynamicNuclearNet\tif_data\train\out\HeLa-S3_nuc_pos16_q0_5c\HeLa-S3_nuc_pos16_q0_5c_trackmate.xml,56,0,,,24016,24096,38,40,38.0,40.0,3,3,death,seq0019_HeLa-S3_nuc_pos16_q0_5c:cell56,False
seq0020_HeLa-S3_nuc_pos16_q3_5c,HeLa-S3_nuc_pos16_q3_5c,DynamicNuclearNet,train,DynamicNuclearNet\tif_data\train\out\HeLa-S3_nuc_pos16_q3_5c\HeLa-S3_nuc_pos16_q3_5c_trackmate.xml,0,0,,,25378,25290,0,31,0.0,31.0,32,32,death,seq0020_HeLa-S3_nuc_pos16_q3_5c:cell0,False
seq0020_HeLa-S3_nuc_pos16_q3_5c,HeLa-S3_nuc_pos16_q3_5c,DynamicNuclearNet,train,DynamicNuclearNet\tif_data\train\out\HeLa-S3_nuc_pos16_q3_5c\HeLa-S3_nuc_pos16_q3_5c_trackmate.xml,1,0,,,25379,24832,0,26,0.0,26.0,27,27,death,seq0020_HeLa-S3_nuc_pos16_q3_5c:cell1,False
seq0020_HeLa-S3_nuc_pos16_q3_5c,HeLa-S3_nuc_pos16_q3_5c,DynamicNuclearNet,train,DynamicNuclearNet\tif_data\train\out\HeLa-S3_nuc_pos16_q3_5c\HeLa-S3_nuc_pos16_q3_5c_trackmate.xml,2,0,,,25380,25350,0,41,0.0,41.0,42,42,death,seq0020_HeLa-S3_nuc_pos16_q3_5c:cell2,False
seq0020_HeLa-S3_nuc_pos16_q3_5c,HeLa-S3_nuc_pos16_q3_5c,DynamicNuclearNet,train,DynamicNuclearNet\tif_data\train\out\HeLa-S3_nuc_pos16_q3_5c\HeLa-S3_nuc_pos16_q3_5c_trackmate.xml,3,0,,,25381,25351,0,41,0.0,41.0,42,42,death,seq0020_HeLa-S3_nuc_pos16_q3_5c:cell3,False
seq0020_HeLa-S3_nuc_pos16_q3_5c,HeLa-S3_nuc_pos16_q3_5c,DynamicNuclearNet,train,DynamicNuclearNet\tif_data\train\out\HeLa-S3_nuc_pos16_q3_5c\HeLa-S3_nuc_pos16_q3_5c_trackmate.xml,4,0,,,25382,25352,0,41,0.0,41.0,42,42,death,seq0020_HeLa-S3_nuc_pos16_q3_5c:cell4,False
seq0020_HeLa-S3_nuc_pos16_q3_5c,HeLa-S3_nuc_pos16_q3_5c,DynamicNuclearNet,train,DynamicNuclearNet\tif_data\train\out\HeLa-S3_nuc_pos16_q3_5c\HeLa-S3_nuc_pos16_q3_5c_trackmate.xml,5,0,,,25383,25353,0,41,0.0,41.0,42,42,death,seq0020_HeLa-S3_nuc_pos16_q3_5c:cell5,False
seq0020_HeLa-S3_nuc_pos16_q3_5c,HeLa-S3_nuc_pos16_q3_5c,DynamicNuclearNet,train,DynamicNuclearNet\tif_data\train\out\HeLa-S3_nuc_pos16_q3_5c\HeLa-S3_nuc_pos16_q3_5c_trackmate.xml,6,0,,,25384,25354,0,41,0.0,41.0,42,42,death,seq0020_HeLa-S3_nuc_pos16_q3_5c:cell6,False
seq0020_HeLa-S3_nuc_pos16_q3_5c,HeLa-S3_nuc_pos16_q3_5c,DynamicNuclearNet,train,DynamicNuclearNet\tif_data\train\out\HeLa-S3_nuc_pos16_q3_5c\HeLa-S3_nuc_pos16_q3_5c_trackmate.xml,7,0,,,25385,25355,0,41,0.0,41.0,42,42,death,seq0020_HeLa-S3_nuc_pos16_q3_5c:cell7,False
seq0020_HeLa-S3_nuc_pos16_q3_5c,HeLa-S3_nuc_pos16_q3_5c,DynamicNuclearNet,train,DynamicNuclearNet\tif_data\train\out\HeLa-S3_nuc_pos16_q3_5c\HeLa-S3_nuc_pos16_q3_5c_trackmate.xml,8,0,,,25386,25356,0,41,0.0,41.0,42,42,death,seq0020_HeLa-S3_nuc_pos16_q3_5c:cell8,False
seq0020_HeLa-S3_nuc_pos16_q3_5c,HeLa-S3_nuc_pos16_q3_5c,DynamicNuclearNet,train,DynamicNuclearNet\tif_data\train\out\HeLa-S3_nuc_pos16_q3_5c\HeLa-S3_nuc_pos16_q3_5c_trackmate.xml,9,0,,,25387,25357,0,41,0.0,41.0,42,42,death,seq0020_HeLa-S3_nuc_pos16_q3_5c:cell9,False
seq0020_HeLa-S3_nuc_pos16_q3_5c,HeLa-S3_nuc_pos16_q3_5c,DynamicNuclearNet,train,DynamicNuclearNet\tif_data\train\out\HeLa-S3_nuc_pos16_q3_5c\HeLa-S3_nuc_pos16_q3_5c_trackmate.xml,10,0,,,25388,25358,0,41,0.0,41.0,42,42,death,seq0020_HeLa-S3_nuc_pos16_q3_5c:cell10,False
seq0020_HeLa-S3_nuc_pos16_q3_5c,HeLa-S3_nuc_pos16_q3_5c,DynamicNuclearNet,train,DynamicNuclearNet\tif_data\train\out\HeLa-S3_nuc_pos16_q3_5c\HeLa-S3_nuc_pos16_q3_5c_trackmate.xml,11,0,,,25389,25359,0,41,0.0,41.0,42,42,death,seq0020_HeLa-S3_nuc_pos16_q3_5c:cell11,False
seq0020_HeLa-S3_nuc_pos16_q3_5c,HeLa-S3_nuc_pos16_q3_5c,DynamicNuclearNet,train,DynamicNuclearNet\tif_data\train\out\HeLa-S3_nuc_pos16_q3_5c\HeLa-S3_nuc_pos16_q3_5c_trackmate.xml,12,0,,,25390,25360,0,41,0.0,41.0,42,42,death,seq0020_HeLa-S3_nuc_pos16_q3_5c:cell12,False
seq0020_HeLa-S3_nuc_pos16_q3_5c,HeLa-S3_nuc_pos16_q3_5c,DynamicNuclearNet,train,DynamicNuclearNet\tif_data\train\out\HeLa-S3_nuc_pos16_q3_5c\HeLa-S3_nuc_pos16_q3_5c_trackmate.xml,13,0,,,25391,25361,0,41,0.0,41.0,42,42,death,seq0020_HeLa-S3_nuc_pos16_q3_5c:cell13,False
seq0020_HeLa-S3_nuc_pos16_q3_5c,HeLa-S3_nuc_pos16_q3_5c,DynamicNuclearNet,train,DynamicNuclearNet\tif_data\train\out\HeLa-S3_nuc_pos16_q3_5c\HeLa-S3_nuc_pos16_q3_5c_trackmate.xml,14,0,,,25392,25362,0,41,0.0,41.0,42,42,death,seq0020_HeLa-S3_nuc_pos16_q3_5c:cell14,False
seq0020_HeLa-S3_nuc_pos16_q3_5c,HeLa-S3_nuc_pos16_q3_5c,DynamicNuclearNet,train,DynamicNuclearNet\tif_data\train\out\HeLa-S3_nuc_pos16_q3_5c\HeLa-S3_nuc_pos16_q3_5c_trackmate.xml,15,0,,,25393,25363,0,41,0.0,41.0,42,42,death,seq0020_HeLa-S3_nuc_pos16_q3_5c:cell15,False
seq0020_HeLa-S3_nuc_pos16_q3_5c,HeLa-S3_nuc_pos16_q3_5c,DynamicNuclearNet,train,DynamicNuclearNet\tif_data\train\out\HeLa-S3_nuc_pos16_q3_5c\HeLa-S3_nuc_pos16_q3_5c_trackmate.xml,16,0,,,25394,25364,0,41,0.0,41.0,42,42,death,seq0020_HeLa-S3_nuc_pos16_q3_5c:cell16,False
seq0020_HeLa-S3_nuc_pos16_q3_5c,HeLa-S3_nuc_pos16_q3_5c,DynamicNuclearNet,train,DynamicNuclearNet\tif_data\train\out\HeLa-S3_nuc_pos16_q3_5c\HeLa-S3_nuc_pos16_q3_5c_trackmate.xml,17,0,,,25395,25365,0,41,0.0,41.0,42,42,death,seq0020_HeLa-S3_nuc_pos16_q3_5c:cell17,False
seq0020_HeLa-S3_nuc_pos16_q3_5c,HeLa-S3_nuc_pos16_q3_5c,DynamicNuclearNet,train,DynamicNuclearNet\tif_data\train\out\HeLa-S3_nuc_pos16_q3_5c\HeLa-S3_nuc_pos16_q3_5c_trackmate.xml,18,0,,,25396,25366,0,41,0.0,41.0,42,42,death,seq0020_HeLa-S3_nuc_pos16_q3_5c:cell18,False
seq0020_HeLa-S3_nuc_pos16_q3_5c,HeLa-S3_nuc_pos16_q3_5c,DynamicNuclearNet,train,DynamicNuclearNet\tif_data\train\out\HeLa-S3_nuc_pos16_q3_5c\HeLa-S3_nuc_pos16_q3_5c_trackmate.xml,19,0,,,25397,25367,0,41,0.0,41.0,42,42,death,seq0020_HeLa-S3_nuc_pos16_q3_5c:cell19,False
seq0020_HeLa-S3_nuc_pos16_q3_5c,HeLa-S3_nuc_pos16_q3_5c,DynamicNuclearNet,train,DynamicNuclearNet\tif_data\train\out\HeLa-S3_nuc_pos16_q3_5c\HeLa-S3_nuc_pos16_q3_5c_trackmate.xml,20,0,,,25398,25368,0,41,0.0,41.0,42,42,death,seq0020_HeLa-S3_nuc_pos16_q3_5c:cell20,False
seq0020_HeLa-S3_nuc_pos16_q3_5c,HeLa-S3_nuc_pos16_q3_5c,DynamicNuclearNet,train,DynamicNuclearNet\tif_data\train\out\HeLa-S3_nuc_pos16_q3_5c\HeLa-S3_nuc_pos16_q3_5c_trackmate.xml,21,0,,,25399,25369,0,41,0.0,41.0,42,42,death,seq0020_HeLa-S3_nuc_pos16_q3_5c:cell21,False
seq0020_HeLa-S3_nuc_pos16_q3_5c,HeLa-S3_nuc_pos16_q3_5c,DynamicNuclearNet,train,DynamicNuclearNet\tif_data\train\out\HeLa-S3_nuc_pos16_q3_5c\HeLa-S3_nuc_pos16_q3_5c_trackmate.xml,22,0,,,25400,24701,0,19,0.0,19.0,20,20,death,seq0020_HeLa-S3_nuc_pos16_q3_5c:cell22,False
seq0020_HeLa-S3_nuc_pos16_q3_5c,HeLa-S3_nuc_pos16_q3_5c,DynamicNuclearNet,train,DynamicNuclearNet\tif_data\train\out\HeLa-S3_nuc_pos16_q3_5c\HeLa-S3_nuc_pos16_q3_5c_trackmate.xml,23,0,,,25401,25372,0,41,0.0,41.0,42,42,death,seq0020_HeLa-S3_nuc_pos16_q3_5c:cell23,False
seq0020_HeLa-S3_nuc_pos16_q3_5c,HeLa-S3_nuc_pos16_q3_5c,DynamicNuclearNet,train,DynamicNuclearNet\tif_data\train\out\HeLa-S3_nuc_pos16_q3_5c\HeLa-S3_nuc_pos16_q3_5c_trackmate.xml,24,0,,,25402,24682,0,20,0.0,20.0,21,21,death,seq0020_HeLa-S3_nuc_pos16_q3_5c:cell24,False
seq0020_HeLa-S3_nuc_pos16_q3_5c,HeLa-S3_nuc_pos16_q3_5c,DynamicNuclearNet,train,DynamicNuclearNet\tif_data\train\out\HeLa-S3_nuc_pos16_q3_5c\HeLa-S3_nuc_pos16_q3_5c_trackmate.xml,25,0,,,25403,25376,0,41,0.0,41.0,42,42,death,seq0020_HeLa-S3_nuc_pos16_q3_5c:cell25,False
seq0020_HeLa-S3_nuc_pos16_q3_5c,HeLa-S3_nuc_pos16_q3_5c,DynamicNuclearNet,train,DynamicNuclearNet\tif_data\train\out\HeLa-S3_nuc_pos16_q3_5c\HeLa-S3_nuc_pos16_q3_5c_trackmate.xml,26,0,,,24198,24198,5,5,5.0,5.0,1,1,death,seq0020_HeLa-S3_nuc_pos16_q3_5c:cell26,False
seq0020_HeLa-S3_nuc_pos16_q3_5c,HeLa-S3_nuc_pos16_q3_5c,DynamicNuclearNet,train,DynamicNuclearNet\tif_data\train\out\HeLa-S3_nuc_pos16_q3_5c\HeLa-S3_nuc_pos16_q3_5c_trackmate.xml,27,0,,,24321,24321,7,7,7.0,7.0,1,1,death,seq0020_HeLa-S3_nuc_pos16_q3_5c:cell27,False
seq0020_HeLa-S3_nuc_pos16_q3_5c,HeLa-S3_nuc_pos16_q3_5c,DynamicNuclearNet,train,DynamicNuclearNet\tif_data\train\out\HeLa-S3_nuc_pos16_q3_5c\HeLa-S3_nuc_pos16_q3_5c_trackmate.xml,28,0,,,24332,24332,7,7,7.0,7.0,1,1,death,seq0020_HeLa-S3_nuc_pos16_q3_5c:cell28,False
seq0020_HeLa-S3_nuc_pos16_q3_5c,HeLa-S3_nuc_pos16_q3_5c,DynamicNuclearNet,train,DynamicNuclearNet\tif_data\train\out\HeLa-S3_nuc_pos16_q3_5c\HeLa-S3_nuc_pos16_q3_5c_trackmate.xml,29,0,,,24266,24453,9,12,9.0,12.0,4,4,death,seq0020_HeLa-S3_nuc_pos16_q3_5c:cell29,False
seq0020_HeLa-S3_nuc_pos16_q3_5c,HeLa-S3_nuc_pos16_q3_5c,DynamicNuclearNet,train,DynamicNuclearNet\tif_data\train\out\HeLa-S3_nuc_pos16_q3_5c\HeLa-S3_nuc_pos16_q3_5c_trackmate.xml,30,0,,,24404,25377,9,41,9.0,41.0,33,33,death,seq0020_HeLa-S3_nuc_pos16_q3_5c:cell30,False
seq0020_HeLa-S3_nuc_pos16_q3_5c,HeLa-S3_nuc_pos16_q3_5c,DynamicNuclearNet,train,DynamicNuclearNet\tif_data\train\out\HeLa-S3_nuc_pos16_q3_5c\HeLa-S3_nuc_pos16_q3_5c_trackmate.xml,31,0,,,24508,25077,14,35,14.0,35.0,22,22,death,seq0020_HeLa-S3_nuc_pos16_q3_5c:cell31,False
seq0020_HeLa-S3_nuc_pos16_q3_5c,HeLa-S3_nuc_pos16_q3_5c,DynamicNuclearNet,train,DynamicNuclearNet\tif_data\train\out\HeLa-S3_nuc_pos16_q3_5c\HeLa-S3_nuc_pos16_q3_5c_trackmate.xml,32,0,,,24668,24578,19,20,19.0,20.0,2,2,death,seq0020_HeLa-S3_nuc_pos16_q3_5c:cell32,False
seq0020_HeLa-S3_nuc_pos16_q3_5c,HeLa-S3_nuc_pos16_q3_5c,DynamicNuclearNet,train,DynamicNuclearNet\tif_data\train\out\HeLa-S3_nuc_pos16_q3_5c\HeLa-S3_nuc_pos16_q3_5c_trackmate.xml,33,0,,,24681,25373,20,41,20.0,41.0,22,22,death,seq0020_HeLa-S3_nuc_pos16_q3_5c:cell33,False
seq0020_HeLa-S3_nuc_pos16_q3_5c,HeLa-S3_nuc_pos16_q3_5c,DynamicNuclearNet,train,DynamicNuclearNet\tif_data\train\out\HeLa-S3_nuc_pos16_q3_5c\HeLa-S3_nuc_pos16_q3_5c_trackmate.xml,34,0,,,24742,25374,21,41,21.0,41.0,21,21,death,seq0020_HeLa-S3_nuc_pos16_q3_5c:cell34,False
seq0020_HeLa-S3_nuc_pos16_q3_5c,HeLa-S3_nuc_pos16_q3_5c,DynamicNuclearNet,train,DynamicNuclearNet\tif_data\train\out\HeLa-S3_nuc_pos16_q3_5c\HeLa-S3_nuc_pos16_q3_5c_trackmate.xml,35,0,,,24744,25375,21,41,21.0,41.0,21,21,death,seq0020_HeLa-S3_nuc_pos16_q3_5c:cell35,False
seq0020_HeLa-S3_nuc_pos16_q3_5c,HeLa-S3_nuc_pos16_q3_5c,DynamicNuclearNet,train,DynamicNuclearNet\tif_data\train\out\HeLa-S3_nuc_pos16_q3_5c\HeLa-S3_nuc_pos16_q3_5c_trackmate.xml,36,0,,,24904,24904,24,24,24.0,24.0,1,1,death,seq0020_HeLa-S3_nuc_pos16_q3_5c:cell36,False
seq0020_HeLa-S3_nuc_pos16_q3_5c,HeLa-S3_nuc_pos16_q3_5c,DynamicNuclearNet,train,DynamicNuclearNet\tif_data\train\out\HeLa-S3_nuc_pos16_q3_5c\HeLa-S3_nuc_pos16_q3_5c_trackmate.xml,37,0,,,24801,24801,25,25,25.0,25.0,1,1,death,seq0020_HeLa-S3_nuc_pos16_q3_5c:cell37,False
seq0020_HeLa-S3_nuc_pos16_q3_5c,HeLa-S3_nuc_pos16_q3_5c,DynamicNuclearNet,train,DynamicNuclearNet\tif_data\train\out\HeLa-S3_nuc_pos16_q3_5c\HeLa-S3_nuc_pos16_q3_5c_trackmate.xml,38,0,,,24915,25370,25,41,25.0,41.0,17,17,death,seq0020_HeLa-S3_nuc_pos16_q3_5c:cell38,False
seq0020_HeLa-S3_nuc_pos16_q3_5c,HeLa-S3_nuc_pos16_q3_5c,DynamicNuclearNet,train,DynamicNuclearNet\tif_data\train\out\HeLa-S3_nuc_pos16_q3_5c\HeLa-S3_nuc_pos16_q3_5c_trackmate.xml,39,0,,,24919,24919,25,25,25.0,25.0,1,1,death,seq0020_HeLa-S3_nuc_pos16_q3_5c:cell39,False
seq0020_HeLa-S3_nuc_pos16_q3_5c,HeLa-S3_nuc_pos16_q3_5c,DynamicNuclearNet,train,DynamicNuclearNet\tif_data\train\out\HeLa-S3_nuc_pos16_q3_5c\HeLa-S3_nuc_pos16_q3_5c_trackmate.xml,40,0,,49|50,24957,25009,26,30,26.0,30.0,5,5,division,seq0020_HeLa-S3_nuc_pos16_q3_5c:cell40,True
seq0020_HeLa-S3_nuc_pos16_q3_5c,HeLa-S3_nuc_pos16_q3_5c,DynamicNuclearNet,train,DynamicNuclearNet\tif_data\train\out\HeLa-S3_nuc_pos16_q3_5c\HeLa-S3_nuc_pos16_q3_5c_trackmate.xml,41,0,,,24916,24985,28,29,28.0,29.0,2,2,death,seq0020_HeLa-S3_nuc_pos16_q3_5c:cell41,False
seq0020_HeLa-S3_nuc_pos16_q3_5c,HeLa-S3_nuc_pos16_q3_5c,DynamicNuclearNet,train,DynamicNuclearNet\tif_data\train\out\HeLa-S3_nuc_pos16_q3_5c\HeLa-S3_nuc_pos16_q3_5c_trackmate.xml,42,0,,,24866,24969,29,30,29.0,30.0,2,2,death,seq0020_HeLa-S3_nuc_pos16_q3_5c:cell42,False
seq0020_HeLa-S3_nuc_pos16_q3_5c,HeLa-S3_nuc_pos16_q3_5c,DynamicNuclearNet,train,DynamicNuclearNet\tif_data\train\out\HeLa-S3_nuc_pos16_q3_5c\HeLa-S3_nuc_pos16_q3_5c_trackmate.xml,43,0,,,24876,25085,29,36,29.0,36.0,8,8,death,seq0020_HeLa-S3_nuc_pos16_q3_5c:cell43,False
seq0020_HeLa-S3_nuc_pos16_q3_5c,HeLa-S3_nuc_pos16_q3_5c,DynamicNuclearNet,train,DynamicNuclearNet\tif_data\train\out\HeLa-S3_nuc_pos16_q3_5c\HeLa-S3_nuc_pos16_q3_5c_trackmate.xml,44,0,,,25017,25017,33,33,33.0,33.0,1,1,death,seq0020_HeLa-S3_nuc_pos16_q3_5c:cell44,False
seq0020_HeLa-S3_nuc_pos16_q3_5c,HeLa-S3_nuc_pos16_q3_5c,DynamicNuclearNet,train,DynamicNuclearNet\tif_data\train\out\HeLa-S3_nuc_pos16_q3_5c\HeLa-S3_nuc_pos16_q3_5c_trackmate.xml,45,0,,,25078,25078,35,35,35.0,35.0,1,1,death,seq0020_HeLa-S3_nuc_pos16_q3_5c:cell45,False
seq0020_HeLa-S3_nuc_pos16_q3_5c,HeLa-S3_nuc_pos16_q3_5c,DynamicNuclearNet,train,DynamicNuclearNet\tif_data\train\out\HeLa-S3_nuc_pos16_q3_5c\HeLa-S3_nuc_pos16_q3_5c_trackmate.xml,46,0,,,25083,25348,36,41,36.0,41.0,6,6,death,seq0020_HeLa-S3_nuc_pos16_q3_5c:cell46,False
seq0020_HeLa-S3_nuc_pos16_q3_5c,HeLa-S3_nuc_pos16_q3_5c,DynamicNuclearNet,train,DynamicNuclearNet\tif_data\train\out\HeLa-S3_nuc_pos16_q3_5c\HeLa-S3_nuc_pos16_q3_5c_trackmate.xml,47,0,,,25116,25349,38,41,38.0,41.0,4,4,death,seq0020_HeLa-S3_nuc_pos16_q3_5c:cell47,False
seq0020_HeLa-S3_nuc_pos16_q3_5c,HeLa-S3_nuc_pos16_q3_5c,DynamicNuclearNet,train,DynamicNuclearNet\tif_data\train\out\HeLa-S3_nuc_pos16_q3_5c\HeLa-S3_nuc_pos16_q3_5c_trackmate.xml,48,0,,,25111,25347,39,41,39.0,41.0,3,3,death,seq0020_HeLa-S3_nuc_pos16_q3_5c:cell48,False
seq0020_HeLa-S3_nuc_pos16_q3_5c,HeLa-S3_nuc_pos16_q3_5c,DynamicNuclearNet,train,DynamicNuclearNet\tif_data\train\out\HeLa-S3_nuc_pos16_q3_5c\HeLa-S3_nuc_pos16_q3_5c_trackmate.xml,49,1,40,,25329,25371,31,41,31.0,41.0,11,11,death,seq0020_HeLa-S3_nuc_pos16_q3_5c:cell49,False
seq0020_HeLa-S3_nuc_pos16_q3_5c,HeLa-S3_nuc_pos16_q3_5c,DynamicNuclearNet,train,DynamicNuclearNet\tif_data\train\out\HeLa-S3_nuc_pos16_q3_5c\HeLa-S3_nuc_pos16_q3_5c_trackmate.xml,50,1,40,,25331,25331,31,31,31.0,31.0,1,1,death,seq0020_HeLa-S3_nuc_pos16_q3_5c:cell50,False
seq0021_HeLa-S3_nuc_pos17_q2_5c,HeLa-S3_nuc_pos17_q2_5c,DynamicNuclearNet,train,DynamicNuclearNet\tif_data\train\out\HeLa-S3_nuc_pos17_q2_5c\HeLa-S3_nuc_pos17_q2_5c_trackmate.xml,0,0,,,25564,26546,0,41,0.0,41.0,42,42,death,seq0021_HeLa-S3_nuc_pos17_q2_5c:cell0,False
seq0021_HeLa-S3_nuc_pos17_q2_5c,HeLa-S3_nuc_pos17_q2_5c,DynamicNuclearNet,train,DynamicNuclearNet\tif_data\train\out\HeLa-S3_nuc_pos17_q2_5c\HeLa-S3_nuc_pos17_q2_5c_trackmate.xml,1,0,,,25575,26550,0,41,0.0,41.0,42,42,death,seq0021_HeLa-S3_nuc_pos17_q2_5c:cell1,False
seq0021_HeLa-S3_nuc_pos17_q2_5c,HeLa-S3_nuc_pos17_q2_5c,DynamicNuclearNet,train,DynamicNuclearNet\tif_data\train\out\HeLa-S3_nuc_pos17_q2_5c\HeLa-S3_nuc_pos17_q2_5c_trackmate.xml,2,0,,,25584,26553,0,41,0.0,41.0,42,42,death,seq0021_HeLa-S3_nuc_pos17_q2_5c:cell2,False
seq0021_HeLa-S3_nuc_pos17_q2_5c,HeLa-S3_nuc_pos17_q2_5c,DynamicNuclearNet,train,DynamicNuclearNet\tif_data\train\out\HeLa-S3_nuc_pos17_q2_5c\HeLa-S3_nuc_pos17_q2_5c_trackmate.xml,3,0,,,25594,26558,0,41,0.0,41.0,42,42,death,seq0021_HeLa-S3_nuc_pos17_q2_5c:cell3,False
seq0021_HeLa-S3_nuc_pos17_q2_5c,HeLa-S3_nuc_pos17_q2_5c,DynamicNuclearNet,train,DynamicNuclearNet\tif_data\train\out\HeLa-S3_nuc_pos17_q2_5c\HeLa-S3_nuc_pos17_q2_5c_trackmate.xml,4,0,,,25604,26555,0,41,0.0,41.0,42,42,death,seq0021_HeLa-S3_nuc_pos17_q2_5c:cell4,False
seq0021_HeLa-S3_nuc_pos17_q2_5c,HeLa-S3_nuc_pos17_q2_5c,DynamicNuclearNet,train,DynamicNuclearNet\tif_data\train\out\HeLa-S3_nuc_pos17_q2_5c\HeLa-S3_nuc_pos17_q2_5c_trackmate.xml,5,0,,,25613,26561,0,41,0.0,41.0,42,42,death,seq0021_HeLa-S3_nuc_pos17_q2_5c:cell5,False
seq0021_HeLa-S3_nuc_pos17_q2_5c,HeLa-S3_nuc_pos17_q2_5c,DynamicNuclearNet,train,DynamicNuclearNet\tif_data\train\out\HeLa-S3_nuc_pos17_q2_5c\HeLa-S3_nuc_pos17_q2_5c_trackmate.xml,6,0,,,25618,25427,0,1,0.0,1.0,2,2,death,seq0021_HeLa-S3_nuc_pos17_q2_5c:cell6,False
seq0021_HeLa-S3_nuc_pos17_q2_5c,HeLa-S3_nuc_pos17_q2_5c,DynamicNuclearNet,train,DynamicNuclearNet\tif_data\train\out\HeLa-S3_nuc_pos17_q2_5c\HeLa-S3_nuc_pos17_q2_5c_trackmate.xml,7,0,,,25627,26562,0,41,0.0,41.0,42,42,death,seq0021_HeLa-S3_nuc_pos17_q2_5c:cell7,False
seq0021_HeLa-S3_nuc_pos17_q2_5c,HeLa-S3_nuc_pos17_q2_5c,DynamicNuclearNet,train,DynamicNuclearNet\tif_data\train\out\HeLa-S3_nuc_pos17_q2_5c\HeLa-S3_nuc_pos17_q2_5c_trackmate.xml,8,0,,,25636,26568,0,41,0.0,41.0,42,42,death,seq0021_HeLa-S3_nuc_pos17_q2_5c:cell8,False
seq0021_HeLa-S3_nuc_pos17_q2_5c,HeLa-S3_nuc_pos17_q2_5c,DynamicNuclearNet,train,DynamicNuclearNet\tif_data\train\out\HeLa-S3_nuc_pos17_q2_5c\HeLa-S3_nuc_pos17_q2_5c_trackmate.xml,9,0,,,25649,26570,0,41,0.0,41.0,42,42,death,seq0021_HeLa-S3_nuc_pos17_q2_5c:cell9,False
seq0021_HeLa-S3_nuc_pos17_q2_5c,HeLa-S3_nuc_pos17_q2_5c,DynamicNuclearNet,train,DynamicNuclearNet\tif_data\train\out\HeLa-S3_nuc_pos17_q2_5c\HeLa-S3_nuc_pos17_q2_5c_trackmate.xml,10,0,,,25659,25949,0,20,0.0,20.0,21,21,death,seq0021_HeLa-S3_nuc_pos17_q2_5c:cell10,False
seq0021_HeLa-S3_nuc_pos17_q2_5c,HeLa-S3_nuc_pos17_q2_5c,DynamicNuclearNet,train,DynamicNuclearNet\tif_data\train\out\HeLa-S3_nuc_pos17_q2_5c\HeLa-S3_nuc_pos17_q2_5c_trackmate.xml,11,0,,,25668,26574,0,41,0.0,41.0,42,42,death,seq0021_HeLa-S3_nuc_pos17_q2_5c:cell11,False
seq0021_HeLa-S3_nuc_pos17_q2_5c,HeLa-S3_nuc_pos17_q2_5c,DynamicNuclearNet,train,DynamicNuclearNet\tif_data\train\out\HeLa-S3_nuc_pos17_q2_5c\HeLa-S3_nuc_pos17_q2_5c_trackmate.xml,12,0,,,25677,26579,0,41,0.0,41.0,42,42,death,seq0021_HeLa-S3_nuc_pos17_q2_5c:cell12,False
seq0021_HeLa-S3_nuc_pos17_q2_5c,HeLa-S3_nuc_pos17_q2_5c,DynamicNuclearNet,train,DynamicNuclearNet\tif_data\train\out\HeLa-S3_nuc_pos17_q2_5c\HeLa-S3_nuc_pos17_q2_5c_trackmate.xml,13,0,,,25687,26585,0,41,0.0,41.0,42,42,death,seq0021_HeLa-S3_nuc_pos17_q2_5c:cell13,False
seq0021_HeLa-S3_nuc_pos17_q2_5c,HeLa-S3_nuc_pos17_q2_5c,DynamicNuclearNet,train,DynamicNuclearNet\tif_data\train\out\HeLa-S3_nuc_pos17_q2_5c\HeLa-S3_nuc_pos17_q2_5c_trackmate.xml,14,0,,,25693,26589,0,41,0.0,41.0,42,42,death,seq0021_HeLa-S3_nuc_pos17_q2_5c:cell14,False
seq0021_HeLa-S3_nuc_pos17_q2_5c,HeLa-S3_nuc_pos17_q2_5c,DynamicNuclearNet,train,DynamicNuclearNet\tif_data\train\out\HeLa-S3_nuc_pos17_q2_5c\HeLa-S3_nuc_pos17_q2_5c_trackmate.xml,15,0,,,25699,26653,0,40,0.0,40.0,41,41,death,seq0021_HeLa-S3_nuc_pos17_q2_5c:cell15,False
seq0021_HeLa-S3_nuc_pos17_q2_5c,HeLa-S3_nuc_pos17_q2_5c,DynamicNuclearNet,train,DynamicNuclearNet\tif_data\train\out\HeLa-S3_nuc_pos17_q2_5c\HeLa-S3_nuc_pos17_q2_5c_trackmate.xml,16,0,,,25706,26595,0,41,0.0,41.0,42,42,death,seq0021_HeLa-S3_nuc_pos17_q2_5c:cell16,False
seq0021_HeLa-S3_nuc_pos17_q2_5c,HeLa-S3_nuc_pos17_q2_5c,DynamicNuclearNet,train,DynamicNuclearNet\tif_data\train\out\HeLa-S3_nuc_pos17_q2_5c\HeLa-S3_nuc_pos17_q2_5c_trackmate.xml,17,0,,,25713,26598,0,41,0.0,41.0,42,42,death,seq0021_HeLa-S3_nuc_pos17_q2_5c:cell17,False
seq0021_HeLa-S3_nuc_pos17_q2_5c,HeLa-S3_nuc_pos17_q2_5c,DynamicNuclearNet,train,DynamicNuclearNet\tif_data\train\out\HeLa-S3_nuc_pos17_q2_5c\HeLa-S3_nuc_pos17_q2_5c_trackmate.xml,18,0,,,25718,26312,0,32,0.0,32.0,33,33,death,seq0021_HeLa-S3_nuc_pos17_q2_5c:cell18,False
seq0021_HeLa-S3_nuc_pos17_q2_5c,HeLa-S3_nuc_pos17_q2_5c,DynamicNuclearNet,train,DynamicNuclearNet\tif_data\train\out\HeLa-S3_nuc_pos17_q2_5c\HeLa-S3_nuc_pos17_q2_5c_trackmate.xml,19,0,,,25724,26604,0,41,0.0,41.0,42,42,death,seq0021_HeLa-S3_nuc_pos17_q2_5c:cell19,False
seq0021_HeLa-S3_nuc_pos17_q2_5c,HeLa-S3_nuc_pos17_q2_5c,DynamicNuclearNet,train,DynamicNuclearNet\tif_data\train\out\HeLa-S3_nuc_pos17_q2_5c\HeLa-S3_nuc_pos17_q2_5c_trackmate.xml,20,0,,,25730,26607,0,41,0.0,41.0,42,42,death,seq0021_HeLa-S3_nuc_pos17_q2_5c:cell20,False
seq0021_HeLa-S3_nuc_pos17_q2_5c,HeLa-S3_nuc_pos17_q2_5c,DynamicNuclearNet,train,DynamicNuclearNet\tif_data\train\out\HeLa-S3_nuc_pos17_q2_5c\HeLa-S3_nuc_pos17_q2_5c_trackmate.xml,21,0,,,25737,26081,0,17,0.0,17.0,18,18,death,seq0021_HeLa-S3_nuc_pos17_q2_5c:cell21,False
seq0021_HeLa-S3_nuc_pos17_q2_5c,HeLa-S3_nuc_pos17_q2_5c,DynamicNuclearNet,train,DynamicNuclearNet\tif_data\train\out\HeLa-S3_nuc_pos17_q2_5c\HeLa-S3_nuc_pos17_q2_5c_trackmate.xml,22,0,,,25741,26617,0,41,0.0,41.0,42,42,death,seq0021_HeLa-S3_nuc_pos17_q2_5c:cell22,False
seq0021_HeLa-S3_nuc_pos17_q2_5c,HeLa-S3_nuc_pos17_q2_5c,DynamicNuclearNet,train,DynamicNuclearNet\tif_data\train\out\HeLa-S3_nuc_pos17_q2_5c\HeLa-S3_nuc_pos17_q2_5c_trackmate.xml,23,0,,,25744,26613,0,41,0.0,41.0,42,42,death,seq0021_HeLa-S3_nuc_pos17_q2_5c:cell23,False
seq0021_HeLa-S3_nuc_pos17_q2_5c,HeLa-S3_nuc_pos17_q2_5c,DynamicNuclearNet,train,DynamicNuclearNet\tif_data\train\out\HeLa-S3_nuc_pos17_q2_5c\HeLa-S3_nuc_pos17_q2_5c_trackmate.xml,24,0,,,25746,26623,0,41,0.0,41.0,42,42,death,seq0021_HeLa-S3_nuc_pos17_q2_5c:cell24,False
seq0021_HeLa-S3_nuc_pos17_q2_5c,HeLa-S3_nuc_pos17_q2_5c,DynamicNuclearNet,train,DynamicNuclearNet\tif_data\train\out\HeLa-S3_nuc_pos17_q2_5c\HeLa-S3_nuc_pos17_q2_5c_trackmate.xml,25,0,,,25748,26626,0,41,0.0,41.0,42,42,death,seq0021_HeLa-S3_nuc_pos17_q2_5c:cell25,False
seq0021_HeLa-S3_nuc_pos17_q2_5c,HeLa-S3_nuc_pos17_q2_5c,DynamicNuclearNet,train,DynamicNuclearNet\tif_data\train\out\HeLa-S3_nuc_pos17_q2_5c\HeLa-S3_nuc_pos17_q2_5c_trackmate.xml,26,0,,,25750,25444,0,2,0.0,2.0,3,3,death,seq0021_HeLa-S3_nuc_pos17_q2_5c:cell26,False
seq0021_HeLa-S3_nuc_pos17_q2_5c,HeLa-S3_nuc_pos17_q2_5c,DynamicNuclearNet,train,DynamicNuclearNet\tif_data\train\out\HeLa-S3_nuc_pos17_q2_5c\HeLa-S3_nuc_pos17_q2_5c_trackmate.xml,27,0,,,25752,26410,0,28,0.0,28.0,29,29,death,seq0021_HeLa-S3_nuc_pos17_q2_5c:cell27,False
seq0021_HeLa-S3_nuc_pos17_q2_5c,HeLa-S3_nuc_pos17_q2_5c,DynamicNuclearNet,train,DynamicNuclearNet\tif_data\train\out\HeLa-S3_nuc_pos17_q2_5c\HeLa-S3_nuc_pos17_q2_5c_trackmate.xml,28,0,,,25753,26639,0,41,0.0,41.0,42,42,death,seq0021_HeLa-S3_nuc_pos17_q2_5c:cell28,False
seq0021_HeLa-S3_nuc_pos17_q2_5c,HeLa-S3_nuc_pos17_q2_5c,DynamicNuclearNet,train,DynamicNuclearNet\tif_data\train\out\HeLa-S3_nuc_pos17_q2_5c\HeLa-S3_nuc_pos17_q2_5c_trackmate.xml,29,0,,,25570,25477,3,4,3.0,4.0,2,2,death,seq0021_HeLa-S3_nuc_pos17_q2_5c:cell29,False
seq0021_HeLa-S3_nuc_pos17_q2_5c,HeLa-S3_nuc_pos17_q2_5c,DynamicNuclearNet,train,DynamicNuclearNet\tif_data\train\out\HeLa-S3_nuc_pos17_q2_5c\HeLa-S3_nuc_pos17_q2_5c_trackmate.xml,30,0,,,25728,26629,3,41,3.0,41.0,39,39,death,seq0021_HeLa-S3_nuc_pos17_q2_5c:cell30,False
seq0021_HeLa-S3_nuc_pos17_q2_5c,HeLa-S3_nuc_pos17_q2_5c,DynamicNuclearNet,train,DynamicNuclearNet\tif_data\train\out\HeLa-S3_nuc_pos17_q2_5c\HeLa-S3_nuc_pos17_q2_5c_trackmate.xml,31,0,,,25732,26633,3,41,3.0,41.0,39,39,death,seq0021_HeLa-S3_nuc_pos17_q2_5c:cell31,False
seq0021_HeLa-S3_nuc_pos17_q2_5c,HeLa-S3_nuc_pos17_q2_5c,DynamicNuclearNet,train,DynamicNuclearNet\tif_data\train\out\HeLa-S3_nuc_pos17_q2_5c\HeLa-S3_nuc_pos17_q2_5c_trackmate.xml,32,0,,,25520,25545,6,9,6.0,9.0,4,4,death,seq0021_HeLa-S3_nuc_pos17_q2_5c:cell32,False
seq0021_HeLa-S3_nuc_pos17_q2_5c,HeLa-S3_nuc_pos17_q2_5c,DynamicNuclearNet,train,DynamicNuclearNet\tif_data\train\out\HeLa-S3_nuc_pos17_q2_5c\HeLa-S3_nuc_pos17_q2_5c_trackmate.xml,33,0,,,25572,26600,8,41,8.0,41.0,34,34,death,seq0021_HeLa-S3_nuc_pos17_q2_5c:cell33,False
seq0021_HeLa-S3_nuc_pos17_q2_5c,HeLa-S3_nuc_pos17_q2_5c,DynamicNuclearNet,train,DynamicNuclearNet\tif_data\train\out\HeLa-S3_nuc_pos17_q2_5c\HeLa-S3_nuc_pos17_q2_5c_trackmate.xml,34,0,,,25729,25729,9,9,9.0,9.0,1,1,death,seq0021_HeLa-S3_nuc_pos17_q2_5c:cell34,False
seq0021_HeLa-S3_nuc_pos17_q2_5c,HeLa-S3_nuc_pos17_q2_5c,DynamicNuclearNet,train,DynamicNuclearNet\tif_data\train\out\HeLa-S3_nuc_pos17_q2_5c\HeLa-S3_nuc_pos17_q2_5c_trackmate.xml,35,0,,,25769,25769,12,12,12.0,12.0,1,1,death,seq0021_HeLa-S3_nuc_pos17_q2_5c:cell35,False
seq0021_HeLa-S3_nuc_pos17_q2_5c,HeLa-S3_nuc_pos17_q2_5c,DynamicNuclearNet,train,DynamicNuclearNet\tif_data\train\out\HeLa-S3_nuc_pos17_q2_5c\HeLa-S3_nuc_pos17_q2_5c_trackmate.xml,36,0,,,25825,25825,16,16,16.0,16.0,1,1,death,seq0021_HeLa-S3_nuc_pos17_q2_5c:cell36,False
seq0021_HeLa-S3_nuc_pos17_q2_5c,HeLa-S3_nuc_pos17_q2_5c,DynamicNuclearNet,train,DynamicNuclearNet\tif_data\train\out\HeLa-S3_nuc_pos17_q2_5c\HeLa-S3_nuc_pos17_q2_5c_trackmate.xml,37,0,,,26089,26117,19,22,19.0,22.0,4,4,death,seq0021_HeLa-S3_nuc_pos17_q2_5c:cell37,False
seq0021_HeLa-S3_nuc_pos17_q2_5c,HeLa-S3_nuc_pos17_q2_5c,DynamicNuclearNet,train,DynamicNuclearNet\tif_data\train\out\HeLa-S3_nuc_pos17_q2_5c\HeLa-S3_nuc_pos17_q2_5c_trackmate.xml,38,0,,,25938,26183,21,26,21.0,26.0,6,6,death,seq0021_HeLa-S3_nuc_pos17_q2_5c:cell38,False
seq0021_HeLa-S3_nuc_pos17_q2_5c,HeLa-S3_nuc_pos17_q2_5c,DynamicNuclearNet,train,DynamicNuclearNet\tif_data\train\out\HeLa-S3_nuc_pos17_q2_5c\HeLa-S3_nuc_pos17_q2_5c_trackmate.xml,39,0,,,26076,25933,22,23,22.0,23.0,2,2,death,seq0021_HeLa-S3_nuc_pos17_q2_5c:cell39,False
seq0021_HeLa-S3_nuc_pos17_q2_5c,HeLa-S3_nuc_pos17_q2_5c,DynamicNuclearNet,train,DynamicNuclearNet\tif_data\train\out\HeLa-S3_nuc_pos17_q2_5c\HeLa-S3_nuc_pos17_q2_5c_trackmate.xml,40,0,,,26197,26197,27,27,27.0,27.0,1,1,death,seq0021_HeLa-S3_nuc_pos17_q2_5c:cell40,False
seq0021_HeLa-S3_nuc_pos17_q2_5c,HeLa-S3_nuc_pos17_q2_5c,DynamicNuclearNet,train,DynamicNuclearNet\tif_data\train\out\HeLa-S3_nuc_pos17_q2_5c\HeLa-S3_nuc_pos17_q2_5c_trackmate.xml,41,0,,,26200,26200,27,27,27.0,27.0,1,1,death,seq0021_HeLa-S3_nuc_pos17_q2_5c:cell41,False
seq0021_HeLa-S3_nuc_pos17_q2_5c,HeLa-S3_nuc_pos17_q2_5c,DynamicNuclearNet,train,DynamicNuclearNet\tif_data\train\out\HeLa-S3_nuc_pos17_q2_5c\HeLa-S3_nuc_pos17_q2_5c_trackmate.xml,42,0,,,26330,26577,28,41,28.0,41.0,14,14,death,seq0021_HeLa-S3_nuc_pos17_q2_5c:cell42,False
seq0021_HeLa-S3_nuc_pos17_q2_5c,HeLa-S3_nuc_pos17_q2_5c,DynamicNuclearNet,train,DynamicNuclearNet\tif_data\train\out\HeLa-S3_nuc_pos17_q2_5c\HeLa-S3_nuc_pos17_q2_5c_trackmate.xml,43,0,,,26333,26582,28,41,28.0,41.0,14,14,death,seq0021_HeLa-S3_nuc_pos17_q2_5c:cell43,False
seq0021_HeLa-S3_nuc_pos17_q2_5c,HeLa-S3_nuc_pos17_q2_5c,DynamicNuclearNet,train,DynamicNuclearNet\tif_data\train\out\HeLa-S3_nuc_pos17_q2_5c\HeLa-S3_nuc_pos17_q2_5c_trackmate.xml,44,0,,,26290,26290,30,30,30.0,30.0,1,1,death,seq0021_HeLa-S3_nuc_pos17_q2_5c:cell44,False
seq0021_HeLa-S3_nuc_pos17_q2_5c,HeLa-S3_nuc_pos17_q2_5c,DynamicNuclearNet,train,DynamicNuclearNet\tif_data\train\out\HeLa-S3_nuc_pos17_q2_5c\HeLa-S3_nuc_pos17_q2_5c_trackmate.xml,45,0,,,26430,26636,30,41,30.0,41.0,12,12,death,seq0021_HeLa-S3_nuc_pos17_q2_5c:cell45,False
seq0021_HeLa-S3_nuc_pos17_q2_5c,HeLa-S3_nuc_pos17_q2_5c,DynamicNuclearNet,train,DynamicNuclearNet\tif_data\train\out\HeLa-S3_nuc_pos17_q2_5c\HeLa-S3_nuc_pos17_q2_5c_trackmate.xml,46,0,,,26417,26535,34,36,34.0,36.0,3,3,death,seq0021_HeLa-S3_nuc_pos17_q2_5c:cell46,False
seq0021_HeLa-S3_nuc_pos17_q2_5c,HeLa-S3_nuc_pos17_q2_5c,DynamicNuclearNet,train,DynamicNuclearNet\tif_data\train\out\HeLa-S3_nuc_pos17_q2_5c\HeLa-S3_nuc_pos17_q2_5c_trackmate.xml,47,0,,,26460,26460,35,35,35.0,35.0,1,1,death,seq0021_HeLa-S3_nuc_pos17_q2_5c:cell47,False
seq0021_HeLa-S3_nuc_pos17_q2_5c,HeLa-S3_nuc_pos17_q2_5c,DynamicNuclearNet,train,DynamicNuclearNet\tif_data\train\out\HeLa-S3_nuc_pos17_q2_5c\HeLa-S3_nuc_pos17_q2_5c_trackmate.xml,48,0,,,26542,26610,36,41,36.0,41.0,6,6,death,seq0021_HeLa-S3_nuc_pos17_q2_5c:cell48,False
seq0021_HeLa-S3_nuc_pos17_q2_5c,HeLa-S3_nuc_pos17_q2_5c,DynamicNuclearNet,train,DynamicNuclearNet\tif_data\train\out\HeLa-S3_nuc_pos17_q2_5c\HeLa-S3_nuc_pos17_q2_5c_trackmate.xml,49,0,,,26648,26620,37,41,37.0,41.0,5,5,death,seq0021_HeLa-S3_nuc_pos17_q2_5c:cell49,False
seq0021_HeLa-S3_nuc_pos17_q2_5c,HeLa-S3_nuc_pos17_q2_5c,DynamicNuclearNet,train,DynamicNuclearNet\tif_data\train\out\HeLa-S3_nuc_pos17_q2_5c\HeLa-S3_nuc_pos17_q2_5c_trackmate.xml,50,0,,,26565,26565,41,41,41.0,41.0,1,1,death,seq0021_HeLa-S3_nuc_pos17_q2_5c:cell50,False
seq0021_HeLa-S3_nuc_pos17_q2_5c,HeLa-S3_nuc_pos17_q2_5c,DynamicNuclearNet,train,DynamicNuclearNet\tif_data\train\out\HeLa-S3_nuc_pos17_q2_5c\HeLa-S3_nuc_pos17_q2_5c_trackmate.xml,51,0,,,26591,26591,41,41,41.0,41.0,1,1,death,seq0021_HeLa-S3_nuc_pos17_q2_5c:cell51,False
seq0021_HeLa-S3_nuc_pos17_q2_5c,HeLa-S3_nuc_pos17_q2_5c,DynamicNuclearNet,train,DynamicNuclearNet\tif_data\train\out\HeLa-S3_nuc_pos17_q2_5c\HeLa-S3_nuc_pos17_q2_5c_trackmate.xml,52,0,,,26602,26602,41,41,41.0,41.0,1,1,death,seq0021_HeLa-S3_nuc_pos17_q2_5c:cell52,False
seq0022_HeLa-S3_nuc_pos17_q3_5c,HeLa-S3_nuc_pos17_q3_5c,DynamicNuclearNet,train,DynamicNuclearNet\tif_data\train\out\HeLa-S3_nuc_pos17_q3_5c\HeLa-S3_nuc_pos17_q3_5c_trackmate.xml,0,0,,,28020,27954,0,41,0.0,41.0,42,42,death,seq0022_HeLa-S3_nuc_pos17_q3_5c:cell0,False
seq0022_HeLa-S3_nuc_pos17_q3_5c,HeLa-S3_nuc_pos17_q3_5c,DynamicNuclearNet,train,DynamicNuclearNet\tif_data\train\out\HeLa-S3_nuc_pos17_q3_5c\HeLa-S3_nuc_pos17_q3_5c_trackmate.xml,1,0,,,28021,27566,0,30,0.0,30.0,31,31,death,seq0022_HeLa-S3_nuc_pos17_q3_5c:cell1,False
seq0022_HeLa-S3_nuc_pos17_q3_5c,HeLa-S3_nuc_pos17_q3_5c,DynamicNuclearNet,train,DynamicNuclearNet\tif_data\train\out\HeLa-S3_nuc_pos17_q3_5c\HeLa-S3_nuc_pos17_q3_5c_trackmate.xml,2,0,,,28022,27963,0,41,0.0,41.0,42,42,death,seq0022_HeLa-S3_nuc_pos17_q3_5c:cell2,False
seq0022_HeLa-S3_nuc_pos17_q3_5c,HeLa-S3_nuc_pos17_q3_5c,DynamicNuclearNet,train,DynamicNuclearNet\tif_data\train\out\HeLa-S3_nuc_pos17_q3_5c\HeLa-S3_nuc_pos17_q3_5c_trackmate.xml,3,0,,,28023,27431,0,27,0.0,27.0,28,28,death,seq0022_HeLa-S3_nuc_pos17_q3_5c:cell3,False
seq0022_HeLa-S3_nuc_pos17_q3_5c,HeLa-S3_nuc_pos17_q3_5c,DynamicNuclearNet,train,DynamicNuclearNet\tif_data\train\out\HeLa-S3_nuc_pos17_q3_5c\HeLa-S3_nuc_pos17_q3_5c_trackmate.xml,4,0,,,28024,27966,0,41,0.0,41.0,42,42,death,seq0022_HeLa-S3_nuc_pos17_q3_5c:cell4,False
seq0022_HeLa-S3_nuc_pos17_q3_5c,HeLa-S3_nuc_pos17_q3_5c,DynamicNuclearNet,train,DynamicNuclearNet\tif_data\train\out\HeLa-S3_nuc_pos17_q3_5c\HeLa-S3_nuc_pos17_q3_5c_trackmate.xml,5,0,,,28025,27970,0,41,0.0,41.0,42,42,death,seq0022_HeLa-S3_nuc_pos17_q3_5c:cell5,False
seq0022_HeLa-S3_nuc_pos17_q3_5c,HeLa-S3_nuc_pos17_q3_5c,DynamicNuclearNet,train,DynamicNuclearNet\tif_data\train\out\HeLa-S3_nuc_pos17_q3_5c\HeLa-S3_nuc_pos17_q3_5c_trackmate.xml,6,0,,,28026,27973,0,41,0.0,41.0,42,42,death,seq0022_HeLa-S3_nuc_pos17_q3_5c:cell6,False
seq0022_HeLa-S3_nuc_pos17_q3_5c,HeLa-S3_nuc_pos17_q3_5c,DynamicNuclearNet,train,DynamicNuclearNet\tif_data\train\out\HeLa-S3_nuc_pos17_q3_5c\HeLa-S3_nuc_pos17_q3_5c_trackmate.xml,7,0,,,28027,27976,0,41,0.0,41.0,42,42,death,seq0022_HeLa-S3_nuc_pos17_q3_5c:cell7,False
seq0022_HeLa-S3_nuc_pos17_q3_5c,HeLa-S3_nuc_pos17_q3_5c,DynamicNuclearNet,train,DynamicNuclearNet\tif_data\train\out\HeLa-S3_nuc_pos17_q3_5c\HeLa-S3_nuc_pos17_q3_5c_trackmate.xml,8,0,,,28028,27982,0,41,0.0,41.0,42,42,death,seq0022_HeLa-S3_nuc_pos17_q3_5c:cell8,False
seq0022_HeLa-S3_nuc_pos17_q3_5c,HeLa-S3_nuc_pos17_q3_5c,DynamicNuclearNet,train,DynamicNuclearNet\tif_data\train\out\HeLa-S3_nuc_pos17_q3_5c\HeLa-S3_nuc_pos17_q3_5c_trackmate.xml,9,0,,,28029,27985,0,41,0.0,41.0,42,42,death,seq0022_HeLa-S3_nuc_pos17_q3_5c:cell9,False
seq0022_HeLa-S3_nuc_pos17_q3_5c,HeLa-S3_nuc_pos17_q3_5c,DynamicNuclearNet,train,DynamicNuclearNet\tif_data\train\out\HeLa-S3_nuc_pos17_q3_5c\HeLa-S3_nuc_pos17_q3_5c_trackmate.xml,10,0,,,28030,27996,0,41,0.0,41.0,42,42,death,seq0022_HeLa-S3_nuc_pos17_q3_5c:cell10,False
seq0022_HeLa-S3_nuc_pos17_q3_5c,HeLa-S3_nuc_pos17_q3_5c,DynamicNuclearNet,train,DynamicNuclearNet\tif_data\train\out\HeLa-S3_nuc_pos17_q3_5c\HeLa-S3_nuc_pos17_q3_5c_trackmate.xml,11,0,,,28031,27992,0,41,0.0,41.0,42,42,death,seq0022_HeLa-S3_nuc_pos17_q3_5c:cell11,False
seq0022_HeLa-S3_nuc_pos17_q3_5c,HeLa-S3_nuc_pos17_q3_5c,DynamicNuclearNet,train,DynamicNuclearNet\tif_data\train\out\HeLa-S3_nuc_pos17_q3_5c\HeLa-S3_nuc_pos17_q3_5c_trackmate.xml,12,0,,,28032,27989,0,41,0.0,41.0,42,42,death,seq0022_HeLa-S3_nuc_pos17_q3_5c:cell12,False
seq0022_HeLa-S3_nuc_pos17_q3_5c,HeLa-S3_nuc_pos17_q3_5c,DynamicNuclearNet,train,DynamicNuclearNet\tif_data\train\out\HeLa-S3_nuc_pos17_q3_5c\HeLa-S3_nuc_pos17_q3_5c_trackmate.xml,13,0,,,28033,28002,0,41,0.0,41.0,42,42,death,seq0022_HeLa-S3_nuc_pos17_q3_5c:cell13,False
seq0022_HeLa-S3_nuc_pos17_q3_5c,HeLa-S3_nuc_pos17_q3_5c,DynamicNuclearNet,train,DynamicNuclearNet\tif_data\train\out\HeLa-S3_nuc_pos17_q3_5c\HeLa-S3_nuc_pos17_q3_5c_trackmate.xml,14,0,,,28034,27471,0,27,0.0,27.0,28,28,death,seq0022_HeLa-S3_nuc_pos17_q3_5c:cell14,False
seq0022_HeLa-S3_nuc_pos17_q3_5c,HeLa-S3_nuc_pos17_q3_5c,DynamicNuclearNet,train,DynamicNuclearNet\tif_data\train\out\HeLa-S3_nuc_pos17_q3_5c\HeLa-S3_nuc_pos17_q3_5c_trackmate.xml,15,0,,,28035,28003,0,41,0.0,41.0,42,42,death,seq0022_HeLa-S3_nuc_pos17_q3_5c:cell15,False
seq0022_HeLa-S3_nuc_pos17_q3_5c,HeLa-S3_nuc_pos17_q3_5c,DynamicNuclearNet,train,DynamicNuclearNet\tif_data\train\out\HeLa-S3_nuc_pos17_q3_5c\HeLa-S3_nuc_pos17_q3_5c_trackmate.xml,16,0,,,28036,28004,0,41,0.0,41.0,42,42,death,seq0022_HeLa-S3_nuc_pos17_q3_5c:cell16,False
seq0022_HeLa-S3_nuc_pos17_q3_5c,HeLa-S3_nuc_pos17_q3_5c,DynamicNuclearNet,train,DynamicNuclearNet\tif_data\train\out\HeLa-S3_nuc_pos17_q3_5c\HeLa-S3_nuc_pos17_q3_5c_trackmate.xml,17,0,,,28037,28006,0,41,0.0,41.0,42,42,death,seq0022_HeLa-S3_nuc_pos17_q3_5c:cell17,False
seq0022_HeLa-S3_nuc_pos17_q3_5c,HeLa-S3_nuc_pos17_q3_5c,DynamicNuclearNet,train,DynamicNuclearNet\tif_data\train\out\HeLa-S3_nuc_pos17_q3_5c\HeLa-S3_nuc_pos17_q3_5c_trackmate.xml,18,0,,,28038,28005,0,41,0.0,41.0,42,42,death,seq0022_HeLa-S3_nuc_pos17_q3_5c:cell18,False
seq0022_HeLa-S3_nuc_pos17_q3_5c,HeLa-S3_nuc_pos17_q3_5c,DynamicNuclearNet,train,DynamicNuclearNet\tif_data\train\out\HeLa-S3_nuc_pos17_q3_5c\HeLa-S3_nuc_pos17_q3_5c_trackmate.xml,19,0,,,28039,28007,0,41,0.0,41.0,42,42,death,seq0022_HeLa-S3_nuc_pos17_q3_5c:cell19,False
seq0022_HeLa-S3_nuc_pos17_q3_5c,HeLa-S3_nuc_pos17_q3_5c,DynamicNuclearNet,train,DynamicNuclearNet\tif_data\train\out\HeLa-S3_nuc_pos17_q3_5c\HeLa-S3_nuc_pos17_q3_5c_trackmate.xml,20,0,,,28040,28008,0,41,0.0,41.0,42,42,death,seq0022_HeLa-S3_nuc_pos17_q3_5c:cell20,False
seq0022_HeLa-S3_nuc_pos17_q3_5c,HeLa-S3_nuc_pos17_q3_5c,DynamicNuclearNet,train,DynamicNuclearNet\tif_data\train\out\HeLa-S3_nuc_pos17_q3_5c\HeLa-S3_nuc_pos17_q3_5c_trackmate.xml,21,0,,,28041,28010,0,41,0.0,41.0,42,42,death,seq0022_HeLa-S3_nuc_pos17_q3_5c:cell21,False
seq0022_HeLa-S3_nuc_pos17_q3_5c,HeLa-S3_nuc_pos17_q3_5c,DynamicNuclearNet,train,DynamicNuclearNet\tif_data\train\out\HeLa-S3_nuc_pos17_q3_5c\HeLa-S3_nuc_pos17_q3_5c_trackmate.xml,22,0,,,28042,28009,0,41,0.0,41.0,42,42,death,seq0022_HeLa-S3_nuc_pos17_q3_5c:cell22,False
seq0022_HeLa-S3_nuc_pos17_q3_5c,HeLa-S3_nuc_pos17_q3_5c,DynamicNuclearNet,train,DynamicNuclearNet\tif_data\train\out\HeLa-S3_nuc_pos17_q3_5c\HeLa-S3_nuc_pos17_q3_5c_trackmate.xml,23,0,,,28043,27135,0,13,0.0,13.0,14,14,death,seq0022_HeLa-S3_nuc_pos17_q3_5c:cell23,False
seq0022_HeLa-S3_nuc_pos17_q3_5c,HeLa-S3_nuc_pos17_q3_5c,DynamicNuclearNet,train,DynamicNuclearNet\tif_data\train\out\HeLa-S3_nuc_pos17_q3_5c\HeLa-S3_nuc_pos17_q3_5c_trackmate.xml,24,0,,,28044,28012,0,41,0.0,41.0,42,42,death,seq0022_HeLa-S3_nuc_pos17_q3_5c:cell24,False
seq0022_HeLa-S3_nuc_pos17_q3_5c,HeLa-S3_nuc_pos17_q3_5c,DynamicNuclearNet,train,DynamicNuclearNet\tif_data\train\out\HeLa-S3_nuc_pos17_q3_5c\HeLa-S3_nuc_pos17_q3_5c_trackmate.xml,25,0,,,28045,27470,0,25,0.0,25.0,26,26,death,seq0022_HeLa-S3_nuc_pos17_q3_5c:cell25,False
seq0022_HeLa-S3_nuc_pos17_q3_5c,HeLa-S3_nuc_pos17_q3_5c,DynamicNuclearNet,train,DynamicNuclearNet\tif_data\train\out\HeLa-S3_nuc_pos17_q3_5c\HeLa-S3_nuc_pos17_q3_5c_trackmate.xml,26,0,,,28046,28015,0,41,0.0,41.0,42,42,death,seq0022_HeLa-S3_nuc_pos17_q3_5c:cell26,False
seq0022_HeLa-S3_nuc_pos17_q3_5c,HeLa-S3_nuc_pos17_q3_5c,DynamicNuclearNet,train,DynamicNuclearNet\tif_data\train\out\HeLa-S3_nuc_pos17_q3_5c\HeLa-S3_nuc_pos17_q3_5c_trackmate.xml,27,0,,,28047,28016,0,41,0.0,41.0,42,42,death,seq0022_HeLa-S3_nuc_pos17_q3_5c:cell27,False
seq0022_HeLa-S3_nuc_pos17_q3_5c,HeLa-S3_nuc_pos17_q3_5c,DynamicNuclearNet,train,DynamicNuclearNet\tif_data\train\out\HeLa-S3_nuc_pos17_q3_5c\HeLa-S3_nuc_pos17_q3_5c_trackmate.xml,28,0,,,28048,28048,0,0,0.0,0.0,1,1,death,seq0022_HeLa-S3_nuc_pos17_q3_5c:cell28,False
seq0022_HeLa-S3_nuc_pos17_q3_5c,HeLa-S3_nuc_pos17_q3_5c,DynamicNuclearNet,train,DynamicNuclearNet\tif_data\train\out\HeLa-S3_nuc_pos17_q3_5c\HeLa-S3_nuc_pos17_q3_5c_trackmate.xml,29,0,,,28049,28017,0,41,0.0,41.0,42,42,death,seq0022_HeLa-S3_nuc_pos17_q3_5c:cell29,False
seq0022_HeLa-S3_nuc_pos17_q3_5c,HeLa-S3_nuc_pos17_q3_5c,DynamicNuclearNet,train,DynamicNuclearNet\tif_data\train\out\HeLa-S3_nuc_pos17_q3_5c\HeLa-S3_nuc_pos17_q3_5c_trackmate.xml,30,0,,,28050,26923,0,2,0.0,2.0,3,3,death,seq0022_HeLa-S3_nuc_pos17_q3_5c:cell30,False
seq0022_HeLa-S3_nuc_pos17_q3_5c,HeLa-S3_nuc_pos17_q3_5c,DynamicNuclearNet,train,DynamicNuclearNet\tif_data\train\out\HeLa-S3_nuc_pos17_q3_5c\HeLa-S3_nuc_pos17_q3_5c_trackmate.xml,31,0,,,28051,28019,0,41,0.0,41.0,42,42,death,seq0022_HeLa-S3_nuc_pos17_q3_5c:cell31,False
seq0022_HeLa-S3_nuc_pos17_q3_5c,HeLa-S3_nuc_pos17_q3_5c,DynamicNuclearNet,train,DynamicNuclearNet\tif_data\train\out\HeLa-S3_nuc_pos17_q3_5c\HeLa-S3_nuc_pos17_q3_5c_trackmate.xml,32,0,,55|56,26949,27017,1,11,1.0,11.0,11,11,division,seq0022_HeLa-S3_nuc_pos17_q3_5c:cell32,True
seq0022_HeLa-S3_nuc_pos17_q3_5c,HeLa-S3_nuc_pos17_q3_5c,DynamicNuclearNet,train,DynamicNuclearNet\tif_data\train\out\HeLa-S3_nuc_pos17_q3_5c\HeLa-S3_nuc_pos17_q3_5c_trackmate.xml,33,0,,,26816,27226,4,15,4.0,15.0,12,12,death,seq0022_HeLa-S3_nuc_pos17_q3_5c:cell33,False
seq0022_HeLa-S3_nuc_pos17_q3_5c,HeLa-S3_nuc_pos17_q3_5c,DynamicNuclearNet,train,DynamicNuclearNet\tif_data\train\out\HeLa-S3_nuc_pos17_q3_5c\HeLa-S3_nuc_pos17_q3_5c_trackmate.xml,34,0,,,27222,28011,16,41,16.0,41.0,26,26,death,seq0022_HeLa-S3_nuc_pos17_q3_5c:cell34,False
seq0022_HeLa-S3_nuc_pos17_q3_5c,HeLa-S3_nuc_pos17_q3_5c,DynamicNuclearNet,train,DynamicNuclearNet\tif_data\train\out\HeLa-S3_nuc_pos17_q3_5c\HeLa-S3_nuc_pos17_q3_5c_trackmate.xml,35,0,,,27233,27233,16,16,16.0,16.0,1,1,death,seq0022_HeLa-S3_nuc_pos17_q3_5c:cell35,False
seq0022_HeLa-S3_nuc_pos17_q3_5c,HeLa-S3_nuc_pos17_q3_5c,DynamicNuclearNet,train,DynamicNuclearNet\tif_data\train\out\HeLa-S3_nuc_pos17_q3_5c\HeLa-S3_nuc_pos17_q3_5c_trackmate.xml,36,0,,57|58,27300,27907,17,37,17.0,37.0,21,21,division,seq0022_HeLa-S3_nuc_pos17_q3_5c:cell36,True
seq0022_HeLa-S3_nuc_pos17_q3_5c,HeLa-S3_nuc_pos17_q3_5c,DynamicNuclearNet,train,DynamicNuclearNet\tif_data\train\out\HeLa-S3_nuc_pos17_q3_5c\HeLa-S3_nuc_pos17_q3_5c_trackmate.xml,37,0,,,27538,28014,27,41,27.0,41.0,15,15,death,seq0022_HeLa-S3_nuc_pos17_q3_5c:cell37,False
seq0022_HeLa-S3_nuc_pos17_q3_5c,HeLa-S3_nuc_pos17_q3_5c,DynamicNuclearNet,train,DynamicNuclearNet\tif_data\train\out\HeLa-S3_nuc_pos17_q3_5c\HeLa-S3_nuc_pos17_q3_5c_trackmate.xml,38,0,,,27398,27575,28,30,28.0,30.0,3,3,death,seq0022_HeLa-S3_nuc_pos17_q3_5c:cell38,False
seq0022_HeLa-S3_nuc_pos17_q3_5c,HeLa-S3_nuc_pos17_q3_5c,DynamicNuclearNet,train,DynamicNuclearNet\tif_data\train\out\HeLa-S3_nuc_pos17_q3_5c\HeLa-S3_nuc_pos17_q3_5c_trackmate.xml,39,0,,,27404,27404,28,28,28.0,28.0,1,1,death,seq0022_HeLa-S3_nuc_pos17_q3_5c:cell39,False
seq0022_HeLa-S3_nuc_pos17_q3_5c,HeLa-S3_nuc_pos17_q3_5c,DynamicNuclearNet,train,DynamicNuclearNet\tif_data\train\out\HeLa-S3_nuc_pos17_q3_5c\HeLa-S3_nuc_pos17_q3_5c_trackmate.xml,40,0,,,27449,27449,28,28,28.0,28.0,1,1,death,seq0022_HeLa-S3_nuc_pos17_q3_5c:cell40,False
seq0022_HeLa-S3_nuc_pos17_q3_5c,HeLa-S3_nuc_pos17_q3_5c,DynamicNuclearNet,train,DynamicNuclearNet\tif_data\train\out\HeLa-S3_nuc_pos17_q3_5c\HeLa-S3_nuc_pos17_q3_5c_trackmate.xml,41,0,,,27510,27580,29,30,29.0,30.0,2,2,death,seq0022_HeLa-S3_nuc_pos17_q3_5c:cell41,False
seq0022_HeLa-S3_nuc_pos17_q3_5c,HeLa-S3_nuc_pos17_q3_5c,DynamicNuclearNet,train,DynamicNuclearNet\tif_data\train\out\HeLa-S3_nuc_pos17_q3_5c\HeLa-S3_nuc_pos17_q3_5c_trackmate.xml,42,0,,,27555,27951,31,41,31.0,41.0,11,11,death,seq0022_HeLa-S3_nuc_pos17_q3_5c:cell42,False
seq0022_HeLa-S3_nuc_pos17_q3_5c,HeLa-S3_nuc_pos17_q3_5c,DynamicNuclearNet,train,DynamicNuclearNet\tif_data\train\out\HeLa-S3_nuc_pos17_q3_5c\HeLa-S3_nuc_pos17_q3_5c_trackmate.xml,43,0,,,27560,27560,31,31,31.0,31.0,1,1,death,seq0022_HeLa-S3_nuc_pos17_q3_5c:cell43,False
seq0022_HeLa-S3_nuc_pos17_q3_5c,HeLa-S3_nuc_pos17_q3_5c,DynamicNuclearNet,train,DynamicNuclearNet\tif_data\train\out\HeLa-S3_nuc_pos17_q3_5c\HeLa-S3_nuc_pos17_q3_5c_trackmate.xml,44,0,,,27563,27641,31,33,31.0,33.0,3,3,death,seq0022_HeLa-S3_nuc_pos17_q3_5c:cell44,False
seq0022_HeLa-S3_nuc_pos17_q3_5c,HeLa-S3_nuc_pos17_q3_5c,DynamicNuclearNet,train,DynamicNuclearNet\tif_data\train\out\HeLa-S3_nuc_pos17_q3_5c\HeLa-S3_nuc_pos17_q3_5c_trackmate.xml,45,0,,,27576,27576,31,31,31.0,31.0,1,1,death,seq0022_HeLa-S3_nuc_pos17_q3_5c:cell45,False
seq0022_HeLa-S3_nuc_pos17_q3_5c,HeLa-S3_nuc_pos17_q3_5c,DynamicNuclearNet,train,DynamicNuclearNet\tif_data\train\out\HeLa-S3_nuc_pos17_q3_5c\HeLa-S3_nuc_pos17_q3_5c_trackmate.xml,46,0,,,27594,27736,31,34,31.0,34.0,4,4,death,seq0022_HeLa-S3_nuc_pos17_q3_5c:cell46,False
seq0022_HeLa-S3_nuc_pos17_q3_5c,HeLa-S3_nuc_pos17_q3_5c,DynamicNuclearNet,train,DynamicNuclearNet\tif_data\train\out\HeLa-S3_nuc_pos17_q3_5c\HeLa-S3_nuc_pos17_q3_5c_trackmate.xml,47,0,,,27666,27959,32,41,32.0,41.0,10,10,death,seq0022_HeLa-S3_nuc_pos17_q3_5c:cell47,False
seq0022_HeLa-S3_nuc_pos17_q3_5c,HeLa-S3_nuc_pos17_q3_5c,DynamicNuclearNet,train,DynamicNuclearNet\tif_data\train\out\HeLa-S3_nuc_pos17_q3_5c\HeLa-S3_nuc_pos17_q3_5c_trackmate.xml,48,0,,,27677,27978,32,41,32.0,41.0,10,10,death,seq0022_HeLa-S3_nuc_pos17_q3_5c:cell48,False
seq0022_HeLa-S3_nuc_pos17_q3_5c,HeLa-S3_nuc_pos17_q3_5c,DynamicNuclearNet,train,DynamicNuclearNet\tif_data\train\out\HeLa-S3_nuc_pos17_q3_5c\HeLa-S3_nuc_pos17_q3_5c_trackmate.xml,49,0,,,27759,27925,35,40,35.0,40.0,6,6,death,seq0022_HeLa-S3_nuc_pos17_q3_5c:cell49,False
seq0022_HeLa-S3_nuc_pos17_q3_5c,HeLa-S3_nuc_pos17_q3_5c,DynamicNuclearNet,train,DynamicNuclearNet\tif_data\train\out\HeLa-S3_nuc_pos17_q3_5c\HeLa-S3_nuc_pos17_q3_5c_trackmate.xml,50,0,,,27819,27735,35,36,35.0,36.0,2,2,death,seq0022_HeLa-S3_nuc_pos17_q3_5c:cell50,False
seq0022_HeLa-S3_nuc_pos17_q3_5c,HeLa-S3_nuc_pos17_q3_5c,DynamicNuclearNet,train,DynamicNuclearNet\tif_data\train\out\HeLa-S3_nuc_pos17_q3_5c\HeLa-S3_nuc_pos17_q3_5c_trackmate.xml,51,0,,,27829,28000,35,41,35.0,41.0,7,7,death,seq0022_HeLa-S3_nuc_pos17_q3_5c:cell51,False
seq0022_HeLa-S3_nuc_pos17_q3_5c,HeLa-S3_nuc_pos17_q3_5c,DynamicNuclearNet,train,DynamicNuclearNet\tif_data\train\out\HeLa-S3_nuc_pos17_q3_5c\HeLa-S3_nuc_pos17_q3_5c_trackmate.xml,52,0,,,27830,27998,37,41,37.0,41.0,5,5,death,seq0022_HeLa-S3_nuc_pos17_q3_5c:cell52,False
seq0022_HeLa-S3_nuc_pos17_q3_5c,HeLa-S3_nuc_pos17_q3_5c,DynamicNuclearNet,train,DynamicNuclearNet\tif_data\train\out\HeLa-S3_nuc_pos17_q3_5c\HeLa-S3_nuc_pos17_q3_5c_trackmate.xml,53,0,,,27752,27957,38,41,38.0,41.0,4,4,death,seq0022_HeLa-S3_nuc_pos17_q3_5c:cell53,False
seq0022_HeLa-S3_nuc_pos17_q3_5c,HeLa-S3_nuc_pos17_q3_5c,DynamicNuclearNet,train,DynamicNuclearNet\tif_data\train\out\HeLa-S3_nuc_pos17_q3_5c\HeLa-S3_nuc_pos17_q3_5c_trackmate.xml,54,0,,,27777,27777,39,39,39.0,39.0,1,1,death,seq0022_HeLa-S3_nuc_pos17_q3_5c:cell54,False
seq0022_HeLa-S3_nuc_pos17_q3_5c,HeLa-S3_nuc_pos17_q3_5c,DynamicNuclearNet,train,DynamicNuclearNet\tif_data\train\out\HeLa-S3_nuc_pos17_q3_5c\HeLa-S3_nuc_pos17_q3_5c_trackmate.xml,55,1,32,,27074,27074,12,12,12.0,12.0,1,1,death,seq0022_HeLa-S3_nuc_pos17_q3_5c:cell55,False
seq0022_HeLa-S3_nuc_pos17_q3_5c,HeLa-S3_nuc_pos17_q3_5c,DynamicNuclearNet,train,DynamicNuclearNet\tif_data\train\out\HeLa-S3_nuc_pos17_q3_5c\HeLa-S3_nuc_pos17_q3_5c_trackmate.xml,56,1,32,59|60,27076,27146,12,13,12.0,13.0,2,2,division,seq0022_HeLa-S3_nuc_pos17_q3_5c:cell56,True
seq0022_HeLa-S3_nuc_pos17_q3_5c,HeLa-S3_nuc_pos17_q3_5c,DynamicNuclearNet,train,DynamicNuclearNet\tif_data\train\out\HeLa-S3_nuc_pos17_q3_5c\HeLa-S3_nuc_pos17_q3_5c_trackmate.xml,57,1,36,,27906,27906,38,38,38.0,38.0,1,1,death,seq0022_HeLa-S3_nuc_pos17_q3_5c:cell57,False
seq0022_HeLa-S3_nuc_pos17_q3_5c,HeLa-S3_nuc_pos17_q3_5c,DynamicNuclearNet,train,DynamicNuclearNet\tif_data\train\out\HeLa-S3_nuc_pos17_q3_5c\HeLa-S3_nuc_pos17_q3_5c_trackmate.xml,58,1,36,,27909,28018,38,41,38.0,41.0,4,4,death,seq0022_HeLa-S3_nuc_pos17_q3_5c:cell58,False
seq0022_HeLa-S3_nuc_pos17_q3_5c,HeLa-S3_nuc_pos17_q3_5c,DynamicNuclearNet,train,DynamicNuclearNet\tif_data\train\out\HeLa-S3_nuc_pos17_q3_5c\HeLa-S3_nuc_pos17_q3_5c_trackmate.xml,59,2,56,,27120,27120,14,14,14.0,14.0,1,1,death,seq0022_HeLa-S3_nuc_pos17_q3_5c:cell59,False
seq0022_HeLa-S3_nuc_pos17_q3_5c,HeLa-S3_nuc_pos17_q3_5c,DynamicNuclearNet,train,DynamicNuclearNet\tif_data\train\out\HeLa-S3_nuc_pos17_q3_5c\HeLa-S3_nuc_pos17_q3_5c_trackmate.xml,60,2,56,,27123,28013,14,41,14.0,41.0,28,28,death,seq0022_HeLa-S3_nuc_pos17_q3_5c:cell60,False
seq0023_HeLa-S3_nuc_pos18_q1_5c,HeLa-S3_nuc_pos18_q1_5c,DynamicNuclearNet,train,DynamicNuclearNet\tif_data\train\out\HeLa-S3_nuc_pos18_q1_5c\HeLa-S3_nuc_pos18_q1_5c_trackmate.xml,0,0,,,29063,29000,0,41,0.0,41.0,42,42,death,seq0023_HeLa-S3_nuc_pos18_q1_5c:cell0,False
seq0023_HeLa-S3_nuc_pos18_q1_5c,HeLa-S3_nuc_pos18_q1_5c,DynamicNuclearNet,train,DynamicNuclearNet\tif_data\train\out\HeLa-S3_nuc_pos18_q1_5c\HeLa-S3_nuc_pos18_q1_5c_trackmate.xml,1,0,,,29064,28997,0,41,0.0,41.0,42,42,death,seq0023_HeLa-S3_nuc_pos18_q1_5c:cell1,False
seq0023_HeLa-S3_nuc_pos18_q1_5c,HeLa-S3_nuc_pos18_q1_5c,DynamicNuclearNet,train,DynamicNuclearNet\tif_data\train\out\HeLa-S3_nuc_pos18_q1_5c\HeLa-S3_nuc_pos18_q1_5c_trackmate.xml,2,0,,,29065,29003,0,41,0.0,41.0,42,42,death,seq0023_HeLa-S3_nuc_pos18_q1_5c:cell2,False
seq0023_HeLa-S3_nuc_pos18_q1_5c,HeLa-S3_nuc_pos18_q1_5c,DynamicNuclearNet,train,DynamicNuclearNet\tif_data\train\out\HeLa-S3_nuc_pos18_q1_5c\HeLa-S3_nuc_pos18_q1_5c_trackmate.xml,3,0,,,29066,29011,0,41,0.0,41.0,42,42,death,seq0023_HeLa-S3_nuc_pos18_q1_5c:cell3,False
seq0023_HeLa-S3_nuc_pos18_q1_5c,HeLa-S3_nuc_pos18_q1_5c,DynamicNuclearNet,train,DynamicNuclearNet\tif_data\train\out\HeLa-S3_nuc_pos18_q1_5c\HeLa-S3_nuc_pos18_q1_5c_trackmate.xml,4,0,,,29067,29006,0,41,0.0,41.0,42,42,death,seq0023_HeLa-S3_nuc_pos18_q1_5c:cell4,False
seq0023_HeLa-S3_nuc_pos18_q1_5c,HeLa-S3_nuc_pos18_q1_5c,DynamicNuclearNet,train,DynamicNuclearNet\tif_data\train\out\HeLa-S3_nuc_pos18_q1_5c\HeLa-S3_nuc_pos18_q1_5c_trackmate.xml,5,0,,,29068,29008,0,41,0.0,41.0,42,42,death,seq0023_HeLa-S3_nuc_pos18_q1_5c:cell5,False
seq0023_HeLa-S3_nuc_pos18_q1_5c,HeLa-S3_nuc_pos18_q1_5c,DynamicNuclearNet,train,DynamicNuclearNet\tif_data\train\out\HeLa-S3_nuc_pos18_q1_5c\HeLa-S3_nuc_pos18_q1_5c_trackmate.xml,6,0,,,29069,29014,0,41,0.0,41.0,42,42,death,seq0023_HeLa-S3_nuc_pos18_q1_5c:cell6,False
seq0023_HeLa-S3_nuc_pos18_q1_5c,HeLa-S3_nuc_pos18_q1_5c,DynamicNuclearNet,train,DynamicNuclearNet\tif_data\train\out\HeLa-S3_nuc_pos18_q1_5c\HeLa-S3_nuc_pos18_q1_5c_trackmate.xml,7,0,,,29070,29020,0,41,0.0,41.0,42,42,death,seq0023_HeLa-S3_nuc_pos18_q1_5c:cell7,False
seq0023_HeLa-S3_nuc_pos18_q1_5c,HeLa-S3_nuc_pos18_q1_5c,DynamicNuclearNet,train,DynamicNuclearNet\tif_data\train\out\HeLa-S3_nuc_pos18_q1_5c\HeLa-S3_nuc_pos18_q1_5c_trackmate.xml,8,0,,,29071,29019,0,41,0.0,41.0,42,42,death,seq0023_HeLa-S3_nuc_pos18_q1_5c:cell8,False
seq0023_HeLa-S3_nuc_pos18_q1_5c,HeLa-S3_nuc_pos18_q1_5c,DynamicNuclearNet,train,DynamicNuclearNet\tif_data\train\out\HeLa-S3_nuc_pos18_q1_5c\HeLa-S3_nuc_pos18_q1_5c_trackmate.xml,9,0,,,29072,29023,0,41,0.0,41.0,42,42,death,seq0023_HeLa-S3_nuc_pos18_q1_5c:cell9,False
seq0023_HeLa-S3_nuc_pos18_q1_5c,HeLa-S3_nuc_pos18_q1_5c,DynamicNuclearNet,train,DynamicNuclearNet\tif_data\train\out\HeLa-S3_nuc_pos18_q1_5c\HeLa-S3_nuc_pos18_q1_5c_trackmate.xml,10,0,,,29073,29026,0,41,0.0,41.0,42,42,death,seq0023_HeLa-S3_nuc_pos18_q1_5c:cell10,False
seq0023_HeLa-S3_nuc_pos18_q1_5c,HeLa-S3_nuc_pos18_q1_5c,DynamicNuclearNet,train,DynamicNuclearNet\tif_data\train\out\HeLa-S3_nuc_pos18_q1_5c\HeLa-S3_nuc_pos18_q1_5c_trackmate.xml,11,0,,,29074,29028,0,41,0.0,41.0,42,42,death,seq0023_HeLa-S3_nuc_pos18_q1_5c:cell11,False
seq0023_HeLa-S3_nuc_pos18_q1_5c,HeLa-S3_nuc_pos18_q1_5c,DynamicNuclearNet,train,DynamicNuclearNet\tif_data\train\out\HeLa-S3_nuc_pos18_q1_5c\HeLa-S3_nuc_pos18_q1_5c_trackmate.xml,12,0,,,29075,29031,0,41,0.0,41.0,42,42,death,seq0023_HeLa-S3_nuc_pos18_q1_5c:cell12,False
seq0023_HeLa-S3_nuc_pos18_q1_5c,HeLa-S3_nuc_pos18_q1_5c,DynamicNuclearNet,train,DynamicNuclearNet\tif_data\train\out\HeLa-S3_nuc_pos18_q1_5c\HeLa-S3_nuc_pos18_q1_5c_trackmate.xml,13,0,,,29076,29033,0,41,0.0,41.0,42,42,death,seq0023_HeLa-S3_nuc_pos18_q1_5c:cell13,False
seq0023_HeLa-S3_nuc_pos18_q1_5c,HeLa-S3_nuc_pos18_q1_5c,DynamicNuclearNet,train,DynamicNuclearNet\tif_data\train\out\HeLa-S3_nuc_pos18_q1_5c\HeLa-S3_nuc_pos18_q1_5c_trackmate.xml,14,0,,,29077,29037,0,41,0.0,41.0,42,42,death,seq0023_HeLa-S3_nuc_pos18_q1_5c:cell14,False
seq0023_HeLa-S3_nuc_pos18_q1_5c,HeLa-S3_nuc_pos18_q1_5c,DynamicNuclearNet,train,DynamicNuclearNet\tif_data\train\out\HeLa-S3_nuc_pos18_q1_5c\HeLa-S3_nuc_pos18_q1_5c_trackmate.xml,15,0,,,29078,29035,0,41,0.0,41.0,42,42,death,seq0023_HeLa-S3_nuc_pos18_q1_5c:cell15,False
seq0023_HeLa-S3_nuc_pos18_q1_5c,HeLa-S3_nuc_pos18_q1_5c,DynamicNuclearNet,train,DynamicNuclearNet\tif_data\train\out\HeLa-S3_nuc_pos18_q1_5c\HeLa-S3_nuc_pos18_q1_5c_trackmate.xml,16,0,,,29079,29039,0,41,0.0,41.0,42,42,death,seq0023_HeLa-S3_nuc_pos18_q1_5c:cell16,False
seq0023_HeLa-S3_nuc_pos18_q1_5c,HeLa-S3_nuc_pos18_q1_5c,DynamicNuclearNet,train,DynamicNuclearNet\tif_data\train\out\HeLa-S3_nuc_pos18_q1_5c\HeLa-S3_nuc_pos18_q1_5c_trackmate.xml,17,0,,,29080,29040,0,41,0.0,41.0,42,42,death,seq0023_HeLa-S3_nuc_pos18_q1_5c:cell17,False
seq0023_HeLa-S3_nuc_pos18_q1_5c,HeLa-S3_nuc_pos18_q1_5c,DynamicNuclearNet,train,DynamicNuclearNet\tif_data\train\out\HeLa-S3_nuc_pos18_q1_5c\HeLa-S3_nuc_pos18_q1_5c_trackmate.xml,18,0,,,29082,29043,0,41,0.0,41.0,42,42,death,seq0023_HeLa-S3_nuc_pos18_q1_5c:cell18,False
seq0023_HeLa-S3_nuc_pos18_q1_5c,HeLa-S3_nuc_pos18_q1_5c,DynamicNuclearNet,train,DynamicNuclearNet\tif_data\train\out\HeLa-S3_nuc_pos18_q1_5c\HeLa-S3_nuc_pos18_q1_5c_trackmate.xml,19,0,,,29083,29042,0,41,0.0,41.0,42,42,death,seq0023_HeLa-S3_nuc_pos18_q1_5c:cell19,False
seq0023_HeLa-S3_nuc_pos18_q1_5c,HeLa-S3_nuc_pos18_q1_5c,DynamicNuclearNet,train,DynamicNuclearNet\tif_data\train\out\HeLa-S3_nuc_pos18_q1_5c\HeLa-S3_nuc_pos18_q1_5c_trackmate.xml,20,0,,,29084,29045,0,41,0.0,41.0,42,42,death,seq0023_HeLa-S3_nuc_pos18_q1_5c:cell20,False
seq0023_HeLa-S3_nuc_pos18_q1_5c,HeLa-S3_nuc_pos18_q1_5c,DynamicNuclearNet,train,DynamicNuclearNet\tif_data\train\out\HeLa-S3_nuc_pos18_q1_5c\HeLa-S3_nuc_pos18_q1_5c_trackmate.xml,21,0,,,29085,29047,0,41,0.0,41.0,42,42,death,seq0023_HeLa-S3_nuc_pos18_q1_5c:cell21,False
seq0023_HeLa-S3_nuc_pos18_q1_5c,HeLa-S3_nuc_pos18_q1_5c,DynamicNuclearNet,train,DynamicNuclearNet\tif_data\train\out\HeLa-S3_nuc_pos18_q1_5c\HeLa-S3_nuc_pos18_q1_5c_trackmate.xml,22,0,,,29086,29048,0,41,0.0,41.0,42,42,death,seq0023_HeLa-S3_nuc_pos18_q1_5c:cell22,False
seq0023_HeLa-S3_nuc_pos18_q1_5c,HeLa-S3_nuc_pos18_q1_5c,DynamicNuclearNet,train,DynamicNuclearNet\tif_data\train\out\HeLa-S3_nuc_pos18_q1_5c\HeLa-S3_nuc_pos18_q1_5c_trackmate.xml,23,0,,,28225,28225,1,1,1.0,1.0,1,1,death,seq0023_HeLa-S3_nuc_pos18_q1_5c:cell23,False
seq0023_HeLa-S3_nuc_pos18_q1_5c,HeLa-S3_nuc_pos18_q1_5c,DynamicNuclearNet,train,DynamicNuclearNet\tif_data\train\out\HeLa-S3_nuc_pos18_q1_5c\HeLa-S3_nuc_pos18_q1_5c_trackmate.xml,24,0,,,28096,28096,4,4,4.0,4.0,1,1,death,seq0023_HeLa-S3_nuc_pos18_q1_5c:cell24,False
seq0023_HeLa-S3_nuc_pos18_q1_5c,HeLa-S3_nuc_pos18_q1_5c,DynamicNuclearNet,train,DynamicNuclearNet\tif_data\train\out\HeLa-S3_nuc_pos18_q1_5c\HeLa-S3_nuc_pos18_q1_5c_trackmate.xml,25,0,,,28229,28229,4,4,4.0,4.0,1,1,death,seq0023_HeLa-S3_nuc_pos18_q1_5c:cell25,False
seq0023_HeLa-S3_nuc_pos18_q1_5c,HeLa-S3_nuc_pos18_q1_5c,DynamicNuclearNet,train,DynamicNuclearNet\tif_data\train\out\HeLa-S3_nuc_pos18_q1_5c\HeLa-S3_nuc_pos18_q1_5c_trackmate.xml,26,0,,,28104,28110,6,10,6.0,10.0,5,5,death,seq0023_HeLa-S3_nuc_pos18_q1_5c:cell26,False
seq0023_HeLa-S3_nuc_pos18_q1_5c,HeLa-S3_nuc_pos18_q1_5c,DynamicNuclearNet,train,DynamicNuclearNet\tif_data\train\out\HeLa-S3_nuc_pos18_q1_5c\HeLa-S3_nuc_pos18_q1_5c_trackmate.xml,27,0,,,28294,28294,12,12,12.0,12.0,1,1,death,seq0023_HeLa-S3_nuc_pos18_q1_5c:cell27,False
seq0023_HeLa-S3_nuc_pos18_q1_5c,HeLa-S3_nuc_pos18_q1_5c,DynamicNuclearNet,train,DynamicNuclearNet\tif_data\train\out\HeLa-S3_nuc_pos18_q1_5c\HeLa-S3_nuc_pos18_q1_5c_trackmate.xml,28,0,,,28352,28995,14,41,14.0,41.0,28,28,death,seq0023_HeLa-S3_nuc_pos18_q1_5c:cell28,False
seq0023_HeLa-S3_nuc_pos18_q1_5c,HeLa-S3_nuc_pos18_q1_5c,DynamicNuclearNet,train,DynamicNuclearNet\tif_data\train\out\HeLa-S3_nuc_pos18_q1_5c\HeLa-S3_nuc_pos18_q1_5c_trackmate.xml,29,0,,,28777,28822,30,33,30.0,33.0,4,4,death,seq0023_HeLa-S3_nuc_pos18_q1_5c:cell29,False
seq0024_HeLa-S3_nuc_pos19_q1_5c,HeLa-S3_nuc_pos19_q1_5c,DynamicNuclearNet,train,DynamicNuclearNet\tif_data\train\out\HeLa-S3_nuc_pos19_q1_5c\HeLa-S3_nuc_pos19_q1_5c_trackmate.xml,0,0,,,29148,30042,0,41,0.0,41.0,42,42,death,seq0024_HeLa-S3_nuc_pos19_q1_5c:cell0,False
seq0024_HeLa-S3_nuc_pos19_q1_5c,HeLa-S3_nuc_pos19_q1_5c,DynamicNuclearNet,train,DynamicNuclearNet\tif_data\train\out\HeLa-S3_nuc_pos19_q1_5c\HeLa-S3_nuc_pos19_q1_5c_trackmate.xml,1,0,,,29154,30043,0,41,0.0,41.0,42,42,death,seq0024_HeLa-S3_nuc_pos19_q1_5c:cell1,False
seq0024_HeLa-S3_nuc_pos19_q1_5c,HeLa-S3_nuc_pos19_q1_5c,DynamicNuclearNet,train,DynamicNuclearNet\tif_data\train\out\HeLa-S3_nuc_pos19_q1_5c\HeLa-S3_nuc_pos19_q1_5c_trackmate.xml,2,0,,,29158,30044,0,41,0.0,41.0,42,42,death,seq0024_HeLa-S3_nuc_pos19_q1_5c:cell2,False
seq0024_HeLa-S3_nuc_pos19_q1_5c,HeLa-S3_nuc_pos19_q1_5c,DynamicNuclearNet,train,DynamicNuclearNet\tif_data\train\out\HeLa-S3_nuc_pos19_q1_5c\HeLa-S3_nuc_pos19_q1_5c_trackmate.xml,3,0,,,29164,30045,0,41,0.0,41.0,42,42,death,seq0024_HeLa-S3_nuc_pos19_q1_5c:cell3,False
seq0024_HeLa-S3_nuc_pos19_q1_5c,HeLa-S3_nuc_pos19_q1_5c,DynamicNuclearNet,train,DynamicNuclearNet\tif_data\train\out\HeLa-S3_nuc_pos19_q1_5c\HeLa-S3_nuc_pos19_q1_5c_trackmate.xml,4,0,,,29170,30046,0,41,0.0,41.0,42,42,death,seq0024_HeLa-S3_nuc_pos19_q1_5c:cell4,False
seq0024_HeLa-S3_nuc_pos19_q1_5c,HeLa-S3_nuc_pos19_q1_5c,DynamicNuclearNet,train,DynamicNuclearNet\tif_data\train\out\HeLa-S3_nuc_pos19_q1_5c\HeLa-S3_nuc_pos19_q1_5c_trackmate.xml,5,0,,,29177,30049,0,41,0.0,41.0,42,42,death,seq0024_HeLa-S3_nuc_pos19_q1_5c:cell5,False
seq0024_HeLa-S3_nuc_pos19_q1_5c,HeLa-S3_nuc_pos19_q1_5c,DynamicNuclearNet,train,DynamicNuclearNet\tif_data\train\out\HeLa-S3_nuc_pos19_q1_5c\HeLa-S3_nuc_pos19_q1_5c_trackmate.xml,6,0,,,29187,29118,0,9,0.0,9.0,10,10,death,seq0024_HeLa-S3_nuc_pos19_q1_5c:cell6,False
seq0024_HeLa-S3_nuc_pos19_q1_5c,HeLa-S3_nuc_pos19_q1_5c,DynamicNuclearNet,train,DynamicNuclearNet\tif_data\train\out\HeLa-S3_nuc_pos19_q1_5c\HeLa-S3_nuc_pos19_q1_5c_trackmate.xml,7,0,,,29194,30048,0,41,0.0,41.0,42,42,death,seq0024_HeLa-S3_nuc_pos19_q1_5c:cell7,False
seq0024_HeLa-S3_nuc_pos19_q1_5c,HeLa-S3_nuc_pos19_q1_5c,DynamicNuclearNet,train,DynamicNuclearNet\tif_data\train\out\HeLa-S3_nuc_pos19_q1_5c\HeLa-S3_nuc_pos19_q1_5c_trackmate.xml,8,0,,,29200,30051,0,41,0.0,41.0,42,42,death,seq0024_HeLa-S3_nuc_pos19_q1_5c:cell8,False
seq0024_HeLa-S3_nuc_pos19_q1_5c,HeLa-S3_nuc_pos19_q1_5c,DynamicNuclearNet,train,DynamicNuclearNet\tif_data\train\out\HeLa-S3_nuc_pos19_q1_5c\HeLa-S3_nuc_pos19_q1_5c_trackmate.xml,9,0,,,29206,29407,0,14,0.0,14.0,15,15,death,seq0024_HeLa-S3_nuc_pos19_q1_5c:cell9,False
seq0024_HeLa-S3_nuc_pos19_q1_5c,HeLa-S3_nuc_pos19_q1_5c,DynamicNuclearNet,train,DynamicNuclearNet\tif_data\train\out\HeLa-S3_nuc_pos19_q1_5c\HeLa-S3_nuc_pos19_q1_5c_trackmate.xml,10,0,,,29211,30054,0,41,0.0,41.0,42,42,death,seq0024_HeLa-S3_nuc_pos19_q1_5c:cell10,False
seq0024_HeLa-S3_nuc_pos19_q1_5c,HeLa-S3_nuc_pos19_q1_5c,DynamicNuclearNet,train,DynamicNuclearNet\tif_data\train\out\HeLa-S3_nuc_pos19_q1_5c\HeLa-S3_nuc_pos19_q1_5c_trackmate.xml,11,0,,,29218,30053,0,41,0.0,41.0,42,42,death,seq0024_HeLa-S3_nuc_pos19_q1_5c:cell11,False
seq0024_HeLa-S3_nuc_pos19_q1_5c,HeLa-S3_nuc_pos19_q1_5c,DynamicNuclearNet,train,DynamicNuclearNet\tif_data\train\out\HeLa-S3_nuc_pos19_q1_5c\HeLa-S3_nuc_pos19_q1_5c_trackmate.xml,12,0,,,29231,29430,0,16,0.0,16.0,17,17,death,seq0024_HeLa-S3_nuc_pos19_q1_5c:cell12,False
seq0024_HeLa-S3_nuc_pos19_q1_5c,HeLa-S3_nuc_pos19_q1_5c,DynamicNuclearNet,train,DynamicNuclearNet\tif_data\train\out\HeLa-S3_nuc_pos19_q1_5c\HeLa-S3_nuc_pos19_q1_5c_trackmate.xml,13,0,,,29240,30055,0,41,0.0,41.0,42,42,death,seq0024_HeLa-S3_nuc_pos19_q1_5c:cell13,False
seq0024_HeLa-S3_nuc_pos19_q1_5c,HeLa-S3_nuc_pos19_q1_5c,DynamicNuclearNet,train,DynamicNuclearNet\tif_data\train\out\HeLa-S3_nuc_pos19_q1_5c\HeLa-S3_nuc_pos19_q1_5c_trackmate.xml,14,0,,,29246,30058,0,41,0.0,41.0,42,42,death,seq0024_HeLa-S3_nuc_pos19_q1_5c:cell14,False
seq0024_HeLa-S3_nuc_pos19_q1_5c,HeLa-S3_nuc_pos19_q1_5c,DynamicNuclearNet,train,DynamicNuclearNet\tif_data\train\out\HeLa-S3_nuc_pos19_q1_5c\HeLa-S3_nuc_pos19_q1_5c_trackmate.xml,15,0,,,29253,30061,0,41,0.0,41.0,42,42,death,seq0024_HeLa-S3_nuc_pos19_q1_5c:cell15,False
seq0024_HeLa-S3_nuc_pos19_q1_5c,HeLa-S3_nuc_pos19_q1_5c,DynamicNuclearNet,train,DynamicNuclearNet\tif_data\train\out\HeLa-S3_nuc_pos19_q1_5c\HeLa-S3_nuc_pos19_q1_5c_trackmate.xml,16,0,,,29258,30059,0,41,0.0,41.0,42,42,death,seq0024_HeLa-S3_nuc_pos19_q1_5c:cell16,False
seq0024_HeLa-S3_nuc_pos19_q1_5c,HeLa-S3_nuc_pos19_q1_5c,DynamicNuclearNet,train,DynamicNuclearNet\tif_data\train\out\HeLa-S3_nuc_pos19_q1_5c\HeLa-S3_nuc_pos19_q1_5c_trackmate.xml,17,0,,,29262,30060,0,41,0.0,41.0,42,42,death,seq0024_HeLa-S3_nuc_pos19_q1_5c:cell17,False
seq0024_HeLa-S3_nuc_pos19_q1_5c,HeLa-S3_nuc_pos19_q1_5c,DynamicNuclearNet,train,DynamicNuclearNet\tif_data\train\out\HeLa-S3_nuc_pos19_q1_5c\HeLa-S3_nuc_pos19_q1_5c_trackmate.xml,18,0,,,29270,30064,0,41,0.0,41.0,42,42,death,seq0024_HeLa-S3_nuc_pos19_q1_5c:cell18,False
seq0024_HeLa-S3_nuc_pos19_q1_5c,HeLa-S3_nuc_pos19_q1_5c,DynamicNuclearNet,train,DynamicNuclearNet\tif_data\train\out\HeLa-S3_nuc_pos19_q1_5c\HeLa-S3_nuc_pos19_q1_5c_trackmate.xml,19,0,,,29277,30066,0,41,0.0,41.0,42,42,death,seq0024_HeLa-S3_nuc_pos19_q1_5c:cell19,False
seq0024_HeLa-S3_nuc_pos19_q1_5c,HeLa-S3_nuc_pos19_q1_5c,DynamicNuclearNet,train,DynamicNuclearNet\tif_data\train\out\HeLa-S3_nuc_pos19_q1_5c\HeLa-S3_nuc_pos19_q1_5c_trackmate.xml,20,0,,,29282,29558,0,21,0.0,21.0,22,22,death,seq0024_HeLa-S3_nuc_pos19_q1_5c:cell20,False
seq0024_HeLa-S3_nuc_pos19_q1_5c,HeLa-S3_nuc_pos19_q1_5c,DynamicNuclearNet,train,DynamicNuclearNet\tif_data\train\out\HeLa-S3_nuc_pos19_q1_5c\HeLa-S3_nuc_pos19_q1_5c_trackmate.xml,21,0,,,29286,30071,0,41,0.0,41.0,42,42,death,seq0024_HeLa-S3_nuc_pos19_q1_5c:cell21,False
seq0024_HeLa-S3_nuc_pos19_q1_5c,HeLa-S3_nuc_pos19_q1_5c,DynamicNuclearNet,train,DynamicNuclearNet\tif_data\train\out\HeLa-S3_nuc_pos19_q1_5c\HeLa-S3_nuc_pos19_q1_5c_trackmate.xml,22,0,,,29290,30073,0,41,0.0,41.0,42,42,death,seq0024_HeLa-S3_nuc_pos19_q1_5c:cell22,False
seq0024_HeLa-S3_nuc_pos19_q1_5c,HeLa-S3_nuc_pos19_q1_5c,DynamicNuclearNet,train,DynamicNuclearNet\tif_data\train\out\HeLa-S3_nuc_pos19_q1_5c\HeLa-S3_nuc_pos19_q1_5c_trackmate.xml,23,0,,,29275,29284,1,4,1.0,4.0,4,4,death,seq0024_HeLa-S3_nuc_pos19_q1_5c:cell23,False
seq0024_HeLa-S3_nuc_pos19_q1_5c,HeLa-S3_nuc_pos19_q1_5c,DynamicNuclearNet,train,DynamicNuclearNet\tif_data\train\out\HeLa-S3_nuc_pos19_q1_5c\HeLa-S3_nuc_pos19_q1_5c_trackmate.xml,24,0,,,29129,30062,9,41,9.0,41.0,33,33,death,seq0024_HeLa-S3_nuc_pos19_q1_5c:cell24,False
seq0024_HeLa-S3_nuc_pos19_q1_5c,HeLa-S3_nuc_pos19_q1_5c,DynamicNuclearNet,train,DynamicNuclearNet\tif_data\train\out\HeLa-S3_nuc_pos19_q1_5c\HeLa-S3_nuc_pos19_q1_5c_trackmate.xml,25,0,,,30126,30126,10,10,10.0,10.0,1,1,death,seq0024_HeLa-S3_nuc_pos19_q1_5c:cell25,False
seq0024_HeLa-S3_nuc_pos19_q1_5c,HeLa-S3_nuc_pos19_q1_5c,DynamicNuclearNet,train,DynamicNuclearNet\tif_data\train\out\HeLa-S3_nuc_pos19_q1_5c\HeLa-S3_nuc_pos19_q1_5c_trackmate.xml,26,0,,,30076,29535,11,21,11.0,21.0,11,11,death,seq0024_HeLa-S3_nuc_pos19_q1_5c:cell26,False
seq0024_HeLa-S3_nuc_pos19_q1_5c,HeLa-S3_nuc_pos19_q1_5c,DynamicNuclearNet,train,DynamicNuclearNet\tif_data\train\out\HeLa-S3_nuc_pos19_q1_5c\HeLa-S3_nuc_pos19_q1_5c_trackmate.xml,27,0,,,29409,29542,16,21,16.0,21.0,6,6,death,seq0024_HeLa-S3_nuc_pos19_q1_5c:cell27,False
seq0024_HeLa-S3_nuc_pos19_q1_5c,HeLa-S3_nuc_pos19_q1_5c,DynamicNuclearNet,train,DynamicNuclearNet\tif_data\train\out\HeLa-S3_nuc_pos19_q1_5c\HeLa-S3_nuc_pos19_q1_5c_trackmate.xml,28,0,,,29456,29456,18,18,18.0,18.0,1,1,death,seq0024_HeLa-S3_nuc_pos19_q1_5c:cell28,False
seq0024_HeLa-S3_nuc_pos19_q1_5c,HeLa-S3_nuc_pos19_q1_5c,DynamicNuclearNet,train,DynamicNuclearNet\tif_data\train\out\HeLa-S3_nuc_pos19_q1_5c\HeLa-S3_nuc_pos19_q1_5c_trackmate.xml,29,0,,,29454,29835,20,32,20.0,32.0,13,13,death,seq0024_HeLa-S3_nuc_pos19_q1_5c:cell29,False
seq0024_HeLa-S3_nuc_pos19_q1_5c,HeLa-S3_nuc_pos19_q1_5c,DynamicNuclearNet,train,DynamicNuclearNet\tif_data\train\out\HeLa-S3_nuc_pos19_q1_5c\HeLa-S3_nuc_pos19_q1_5c_trackmate.xml,30,0,,,29580,29606,22,23,22.0,23.0,2,2,death,seq0024_HeLa-S3_nuc_pos19_q1_5c:cell30,False
seq0024_HeLa-S3_nuc_pos19_q1_5c,HeLa-S3_nuc_pos19_q1_5c,DynamicNuclearNet,train,DynamicNuclearNet\tif_data\train\out\HeLa-S3_nuc_pos19_q1_5c\HeLa-S3_nuc_pos19_q1_5c_trackmate.xml,31,0,,,29583,30069,22,41,22.0,41.0,20,20,death,seq0024_HeLa-S3_nuc_pos19_q1_5c:cell31,False
seq0024_HeLa-S3_nuc_pos19_q1_5c,HeLa-S3_nuc_pos19_q1_5c,DynamicNuclearNet,train,DynamicNuclearNet\tif_data\train\out\HeLa-S3_nuc_pos19_q1_5c\HeLa-S3_nuc_pos19_q1_5c_trackmate.xml,32,0,,,29586,29822,23,32,23.0,32.0,10,10,death,seq0024_HeLa-S3_nuc_pos19_q1_5c:cell32,False
seq0024_HeLa-S3_nuc_pos19_q1_5c,HeLa-S3_nuc_pos19_q1_5c,DynamicNuclearNet,train,DynamicNuclearNet\tif_data\train\out\HeLa-S3_nuc_pos19_q1_5c\HeLa-S3_nuc_pos19_q1_5c_trackmate.xml,33,0,,,29593,29777,23,30,23.0,30.0,8,8,death,seq0024_HeLa-S3_nuc_pos19_q1_5c:cell33,False
seq0024_HeLa-S3_nuc_pos19_q1_5c,HeLa-S3_nuc_pos19_q1_5c,DynamicNuclearNet,train,DynamicNuclearNet\tif_data\train\out\HeLa-S3_nuc_pos19_q1_5c\HeLa-S3_nuc_pos19_q1_5c_trackmate.xml,34,0,,,29596,30052,23,41,23.0,41.0,19,19,death,seq0024_HeLa-S3_nuc_pos19_q1_5c:cell34,False
seq0024_HeLa-S3_nuc_pos19_q1_5c,HeLa-S3_nuc_pos19_q1_5c,DynamicNuclearNet,train,DynamicNuclearNet\tif_data\train\out\HeLa-S3_nuc_pos19_q1_5c\HeLa-S3_nuc_pos19_q1_5c_trackmate.xml,35,0,,,29635,30063,24,41,24.0,41.0,18,18,death,seq0024_HeLa-S3_nuc_pos19_q1_5c:cell35,False
seq0024_HeLa-S3_nuc_pos19_q1_5c,HeLa-S3_nuc_pos19_q1_5c,DynamicNuclearNet,train,DynamicNuclearNet\tif_data\train\out\HeLa-S3_nuc_pos19_q1_5c\HeLa-S3_nuc_pos19_q1_5c_trackmate.xml,36,0,,,29753,29753,28,28,28.0,28.0,1,1,death,seq0024_HeLa-S3_nuc_pos19_q1_5c:cell36,False
seq0024_HeLa-S3_nuc_pos19_q1_5c,HeLa-S3_nuc_pos19_q1_5c,DynamicNuclearNet,train,DynamicNuclearNet\tif_data\train\out\HeLa-S3_nuc_pos19_q1_5c\HeLa-S3_nuc_pos19_q1_5c_trackmate.xml,37,0,,,29790,29843,30,32,30.0,32.0,3,3,death,seq0024_HeLa-S3_nuc_pos19_q1_5c:cell37,False
seq0024_HeLa-S3_nuc_pos19_q1_5c,HeLa-S3_nuc_pos19_q1_5c,DynamicNuclearNet,train,DynamicNuclearNet\tif_data\train\out\HeLa-S3_nuc_pos19_q1_5c\HeLa-S3_nuc_pos19_q1_5c_trackmate.xml,38,0,,,29909,29858,33,34,33.0,34.0,2,2,death,seq0024_HeLa-S3_nuc_pos19_q1_5c:cell38,False
seq0024_HeLa-S3_nuc_pos19_q1_5c,HeLa-S3_nuc_pos19_q1_5c,DynamicNuclearNet,train,DynamicNuclearNet\tif_data\train\out\HeLa-S3_nuc_pos19_q1_5c\HeLa-S3_nuc_pos19_q1_5c_trackmate.xml,39,0,,,29926,30057,33,41,33.0,41.0,9,9,death,seq0024_HeLa-S3_nuc_pos19_q1_5c:cell39,False
seq0024_HeLa-S3_nuc_pos19_q1_5c,HeLa-S3_nuc_pos19_q1_5c,DynamicNuclearNet,train,DynamicNuclearNet\tif_data\train\out\HeLa-S3_nuc_pos19_q1_5c\HeLa-S3_nuc_pos19_q1_5c_trackmate.xml,40,0,,,29928,30056,33,41,33.0,41.0,9,9,death,seq0024_HeLa-S3_nuc_pos19_q1_5c:cell40,False
seq0024_HeLa-S3_nuc_pos19_q1_5c,HeLa-S3_nuc_pos19_q1_5c,DynamicNuclearNet,train,DynamicNuclearNet\tif_data\train\out\HeLa-S3_nuc_pos19_q1_5c\HeLa-S3_nuc_pos19_q1_5c_trackmate.xml,41,0,,,29857,29903,34,35,34.0,35.0,2,2,death,seq0024_HeLa-S3_nuc_pos19_q1_5c:cell41,False
seq0024_HeLa-S3_nuc_pos19_q1_5c,HeLa-S3_nuc_pos19_q1_5c,DynamicNuclearNet,train,DynamicNuclearNet\tif_data\train\out\HeLa-S3_nuc_pos19_q1_5c\HeLa-S3_nuc_pos19_q1_5c_trackmate.xml,42,0,,,30007,30050,36,41,36.0,41.0,6,6,death,seq0024_HeLa-S3_nuc_pos19_q1_5c:cell42,False
seq0024_HeLa-S3_nuc_pos19_q1_5c,HeLa-S3_nuc_pos19_q1_5c,DynamicNuclearNet,train,DynamicNuclearNet\tif_data\train\out\HeLa-S3_nuc_pos19_q1_5c\HeLa-S3_nuc_pos19_q1_5c_trackmate.xml,43,0,,,29877,30041,37,41,37.0,41.0,5,5,death,seq0024_HeLa-S3_nuc_pos19_q1_5c:cell43,False
seq0024_HeLa-S3_nuc_pos19_q1_5c,HeLa-S3_nuc_pos19_q1_5c,DynamicNuclearNet,train,DynamicNuclearNet\tif_data\train\out\HeLa-S3_nuc_pos19_q1_5c\HeLa-S3_nuc_pos19_q1_5c_trackmate.xml,44,0,,,29954,29954,39,39,39.0,39.0,1,1,death,seq0024_HeLa-S3_nuc_pos19_q1_5c:cell44,False
seq0024_HeLa-S3_nuc_pos19_q1_5c,HeLa-S3_nuc_pos19_q1_5c,DynamicNuclearNet,train,DynamicNuclearNet\tif_data\train\out\HeLa-S3_nuc_pos19_q1_5c\HeLa-S3_nuc_pos19_q1_5c_trackmate.xml,45,0,,,29965,30047,39,41,39.0,41.0,3,3,death,seq0024_HeLa-S3_nuc_pos19_q1_5c:cell45,False
seq0025_HeLa-S3_nuc_pos19_q2_5c,HeLa-S3_nuc_pos19_q2_5c,DynamicNuclearNet,train,DynamicNuclearNet\tif_data\train\out\HeLa-S3_nuc_pos19_q2_5c\HeLa-S3_nuc_pos19_q2_5c_trackmate.xml,0,0,,,31084,31031,0,41,0.0,41.0,42,42,death,seq0025_HeLa-S3_nuc_pos19_q2_5c:cell0,False
seq0025_HeLa-S3_nuc_pos19_q2_5c,HeLa-S3_nuc_pos19_q2_5c,DynamicNuclearNet,train,DynamicNuclearNet\tif_data\train\out\HeLa-S3_nuc_pos19_q2_5c\HeLa-S3_nuc_pos19_q2_5c_trackmate.xml,1,0,,,31088,31035,0,41,0.0,41.0,42,42,death,seq0025_HeLa-S3_nuc_pos19_q2_5c:cell1,False
seq0025_HeLa-S3_nuc_pos19_q2_5c,HeLa-S3_nuc_pos19_q2_5c,DynamicNuclearNet,train,DynamicNuclearNet\tif_data\train\out\HeLa-S3_nuc_pos19_q2_5c\HeLa-S3_nuc_pos19_q2_5c_trackmate.xml,2,0,,,31093,31038,0,41,0.0,41.0,42,42,death,seq0025_HeLa-S3_nuc_pos19_q2_5c:cell2,False
seq0025_HeLa-S3_nuc_pos19_q2_5c,HeLa-S3_nuc_pos19_q2_5c,DynamicNuclearNet,train,DynamicNuclearNet\tif_data\train\out\HeLa-S3_nuc_pos19_q2_5c\HeLa-S3_nuc_pos19_q2_5c_trackmate.xml,3,0,,,31098,31041,0,41,0.0,41.0,42,42,death,seq0025_HeLa-S3_nuc_pos19_q2_5c:cell3,False
seq0025_HeLa-S3_nuc_pos19_q2_5c,HeLa-S3_nuc_pos19_q2_5c,DynamicNuclearNet,train,DynamicNuclearNet\tif_data\train\out\HeLa-S3_nuc_pos19_q2_5c\HeLa-S3_nuc_pos19_q2_5c_trackmate.xml,4,0,,,31103,31066,0,41,0.0,41.0,42,42,death,seq0025_HeLa-S3_nuc_pos19_q2_5c:cell4,False
seq0025_HeLa-S3_nuc_pos19_q2_5c,HeLa-S3_nuc_pos19_q2_5c,DynamicNuclearNet,train,DynamicNuclearNet\tif_data\train\out\HeLa-S3_nuc_pos19_q2_5c\HeLa-S3_nuc_pos19_q2_5c_trackmate.xml,5,0,,,31107,31074,0,41,0.0,41.0,42,42,death,seq0025_HeLa-S3_nuc_pos19_q2_5c:cell5,False
seq0025_HeLa-S3_nuc_pos19_q2_5c,HeLa-S3_nuc_pos19_q2_5c,DynamicNuclearNet,train,DynamicNuclearNet\tif_data\train\out\HeLa-S3_nuc_pos19_q2_5c\HeLa-S3_nuc_pos19_q2_5c_trackmate.xml,6,0,,,31113,31069,0,41,0.0,41.0,42,42,death,seq0025_HeLa-S3_nuc_pos19_q2_5c:cell6,False
seq0025_HeLa-S3_nuc_pos19_q2_5c,HeLa-S3_nuc_pos19_q2_5c,DynamicNuclearNet,train,DynamicNuclearNet\tif_data\train\out\HeLa-S3_nuc_pos19_q2_5c\HeLa-S3_nuc_pos19_q2_5c_trackmate.xml,7,0,,,31123,31078,0,41,0.0,41.0,42,42,death,seq0025_HeLa-S3_nuc_pos19_q2_5c:cell7,False
seq0025_HeLa-S3_nuc_pos19_q2_5c,HeLa-S3_nuc_pos19_q2_5c,DynamicNuclearNet,train,DynamicNuclearNet\tif_data\train\out\HeLa-S3_nuc_pos19_q2_5c\HeLa-S3_nuc_pos19_q2_5c_trackmate.xml,8,0,,,31129,31086,0,41,0.0,41.0,42,42,death,seq0025_HeLa-S3_nuc_pos19_q2_5c:cell8,False
seq0025_HeLa-S3_nuc_pos19_q2_5c,HeLa-S3_nuc_pos19_q2_5c,DynamicNuclearNet,train,DynamicNuclearNet\tif_data\train\out\HeLa-S3_nuc_pos19_q2_5c\HeLa-S3_nuc_pos19_q2_5c_trackmate.xml,9,0,,,31135,31091,0,41,0.0,41.0,42,42,death,seq0025_HeLa-S3_nuc_pos19_q2_5c:cell9,False
seq0025_HeLa-S3_nuc_pos19_q2_5c,HeLa-S3_nuc_pos19_q2_5c,DynamicNuclearNet,train,DynamicNuclearNet\tif_data\train\out\HeLa-S3_nuc_pos19_q2_5c\HeLa-S3_nuc_pos19_q2_5c_trackmate.xml,10,0,,,31143,31096,0,41,0.0,41.0,42,42,death,seq0025_HeLa-S3_nuc_pos19_q2_5c:cell10,False
seq0025_HeLa-S3_nuc_pos19_q2_5c,HeLa-S3_nuc_pos19_q2_5c,DynamicNuclearNet,train,DynamicNuclearNet\tif_data\train\out\HeLa-S3_nuc_pos19_q2_5c\HeLa-S3_nuc_pos19_q2_5c_trackmate.xml,11,0,,,31149,31149,0,0,0.0,0.0,1,1,death,seq0025_HeLa-S3_nuc_pos19_q2_5c:cell11,False
seq0025_HeLa-S3_nuc_pos19_q2_5c,HeLa-S3_nuc_pos19_q2_5c,DynamicNuclearNet,train,DynamicNuclearNet\tif_data\train\out\HeLa-S3_nuc_pos19_q2_5c\HeLa-S3_nuc_pos19_q2_5c_trackmate.xml,12,0,,,31158,31117,0,41,0.0,41.0,42,42,death,seq0025_HeLa-S3_nuc_pos19_q2_5c:cell12,False
seq0025_HeLa-S3_nuc_pos19_q2_5c,HeLa-S3_nuc_pos19_q2_5c,DynamicNuclearNet,train,DynamicNuclearNet\tif_data\train\out\HeLa-S3_nuc_pos19_q2_5c\HeLa-S3_nuc_pos19_q2_5c_trackmate.xml,13,0,,,31164,31124,0,41,0.0,41.0,42,42,death,seq0025_HeLa-S3_nuc_pos19_q2_5c:cell13,False
seq0025_HeLa-S3_nuc_pos19_q2_5c,HeLa-S3_nuc_pos19_q2_5c,DynamicNuclearNet,train,DynamicNuclearNet\tif_data\train\out\HeLa-S3_nuc_pos19_q2_5c\HeLa-S3_nuc_pos19_q2_5c_trackmate.xml,14,0,,,31169,31130,0,41,0.0,41.0,42,42,death,seq0025_HeLa-S3_nuc_pos19_q2_5c:cell14,False
seq0025_HeLa-S3_nuc_pos19_q2_5c,HeLa-S3_nuc_pos19_q2_5c,DynamicNuclearNet,train,DynamicNuclearNet\tif_data\train\out\HeLa-S3_nuc_pos19_q2_5c\HeLa-S3_nuc_pos19_q2_5c_trackmate.xml,15,0,,,31172,31136,0,41,0.0,41.0,42,42,death,seq0025_HeLa-S3_nuc_pos19_q2_5c:cell15,False
seq0025_HeLa-S3_nuc_pos19_q2_5c,HeLa-S3_nuc_pos19_q2_5c,DynamicNuclearNet,train,DynamicNuclearNet\tif_data\train\out\HeLa-S3_nuc_pos19_q2_5c\HeLa-S3_nuc_pos19_q2_5c_trackmate.xml,16,0,,,31177,31141,0,41,0.0,41.0,42,42,death,seq0025_HeLa-S3_nuc_pos19_q2_5c:cell16,False
seq0025_HeLa-S3_nuc_pos19_q2_5c,HeLa-S3_nuc_pos19_q2_5c,DynamicNuclearNet,train,DynamicNuclearNet\tif_data\train\out\HeLa-S3_nuc_pos19_q2_5c\HeLa-S3_nuc_pos19_q2_5c_trackmate.xml,17,0,,,31183,31145,0,41,0.0,41.0,42,42,death,seq0025_HeLa-S3_nuc_pos19_q2_5c:cell17,False
seq0025_HeLa-S3_nuc_pos19_q2_5c,HeLa-S3_nuc_pos19_q2_5c,DynamicNuclearNet,train,DynamicNuclearNet\tif_data\train\out\HeLa-S3_nuc_pos19_q2_5c\HeLa-S3_nuc_pos19_q2_5c_trackmate.xml,18,0,,,31187,31161,0,41,0.0,41.0,42,42,death,seq0025_HeLa-S3_nuc_pos19_q2_5c:cell18,False
seq0025_HeLa-S3_nuc_pos19_q2_5c,HeLa-S3_nuc_pos19_q2_5c,DynamicNuclearNet,train,DynamicNuclearNet\tif_data\train\out\HeLa-S3_nuc_pos19_q2_5c\HeLa-S3_nuc_pos19_q2_5c_trackmate.xml,19,0,,,31191,30582,0,17,0.0,17.0,18,18,death,seq0025_HeLa-S3_nuc_pos19_q2_5c:cell19,False
seq0025_HeLa-S3_nuc_pos19_q2_5c,HeLa-S3_nuc_pos19_q2_5c,DynamicNuclearNet,train,DynamicNuclearNet\tif_data\train\out\HeLa-S3_nuc_pos19_q2_5c\HeLa-S3_nuc_pos19_q2_5c_trackmate.xml,20,0,,,31195,31166,0,41,0.0,41.0,42,42,death,seq0025_HeLa-S3_nuc_pos19_q2_5c:cell20,False
seq0025_HeLa-S3_nuc_pos19_q2_5c,HeLa-S3_nuc_pos19_q2_5c,DynamicNuclearNet,train,DynamicNuclearNet\tif_data\train\out\HeLa-S3_nuc_pos19_q2_5c\HeLa-S3_nuc_pos19_q2_5c_trackmate.xml,21,0,,,31200,31171,0,41,0.0,41.0,42,42,death,seq0025_HeLa-S3_nuc_pos19_q2_5c:cell21,False
seq0025_HeLa-S3_nuc_pos19_q2_5c,HeLa-S3_nuc_pos19_q2_5c,DynamicNuclearNet,train,DynamicNuclearNet\tif_data\train\out\HeLa-S3_nuc_pos19_q2_5c\HeLa-S3_nuc_pos19_q2_5c_trackmate.xml,22,0,,,30152,30152,1,1,1.0,1.0,1,1,death,seq0025_HeLa-S3_nuc_pos19_q2_5c:cell22,False
seq0025_HeLa-S3_nuc_pos19_q2_5c,HeLa-S3_nuc_pos19_q2_5c,DynamicNuclearNet,train,DynamicNuclearNet\tif_data\train\out\HeLa-S3_nuc_pos19_q2_5c\HeLa-S3_nuc_pos19_q2_5c_trackmate.xml,23,0,,,30192,30192,1,1,1.0,1.0,1,1,death,seq0025_HeLa-S3_nuc_pos19_q2_5c:cell23,False
seq0025_HeLa-S3_nuc_pos19_q2_5c,HeLa-S3_nuc_pos19_q2_5c,DynamicNuclearNet,train,DynamicNuclearNet\tif_data\train\out\HeLa-S3_nuc_pos19_q2_5c\HeLa-S3_nuc_pos19_q2_5c_trackmate.xml,24,0,,,30341,30306,2,7,2.0,7.0,6,6,death,seq0025_HeLa-S3_nuc_pos19_q2_5c:cell24,False
seq0025_HeLa-S3_nuc_pos19_q2_5c,HeLa-S3_nuc_pos19_q2_5c,DynamicNuclearNet,train,DynamicNuclearNet\tif_data\train\out\HeLa-S3_nuc_pos19_q2_5c\HeLa-S3_nuc_pos19_q2_5c_trackmate.xml,25,0,,,30305,30305,3,3,3.0,3.0,1,1,death,seq0025_HeLa-S3_nuc_pos19_q2_5c:cell25,False
seq0025_HeLa-S3_nuc_pos19_q2_5c,HeLa-S3_nuc_pos19_q2_5c,DynamicNuclearNet,train,DynamicNuclearNet\tif_data\train\out\HeLa-S3_nuc_pos19_q2_5c\HeLa-S3_nuc_pos19_q2_5c_trackmate.xml,26,0,,,30329,30329,3,3,3.0,3.0,1,1,death,seq0025_HeLa-S3_nuc_pos19_q2_5c:cell26,False
seq0025_HeLa-S3_nuc_pos19_q2_5c,HeLa-S3_nuc_pos19_q2_5c,DynamicNuclearNet,train,DynamicNuclearNet\tif_data\train\out\HeLa-S3_nuc_pos19_q2_5c\HeLa-S3_nuc_pos19_q2_5c_trackmate.xml,27,0,,,30324,30635,5,20,5.0,20.0,16,16,death,seq0025_HeLa-S3_nuc_pos19_q2_5c:cell27,False
seq0025_HeLa-S3_nuc_pos19_q2_5c,HeLa-S3_nuc_pos19_q2_5c,DynamicNuclearNet,train,DynamicNuclearNet\tif_data\train\out\HeLa-S3_nuc_pos19_q2_5c\HeLa-S3_nuc_pos19_q2_5c_trackmate.xml,28,0,,,30346,30246,5,10,5.0,10.0,6,6,death,seq0025_HeLa-S3_nuc_pos19_q2_5c:cell28,False
seq0025_HeLa-S3_nuc_pos19_q2_5c,HeLa-S3_nuc_pos19_q2_5c,DynamicNuclearNet,train,DynamicNuclearNet\tif_data\train\out\HeLa-S3_nuc_pos19_q2_5c\HeLa-S3_nuc_pos19_q2_5c_trackmate.xml,29,0,,,30289,31109,8,41,8.0,41.0,34,34,death,seq0025_HeLa-S3_nuc_pos19_q2_5c:cell29,False
seq0025_HeLa-S3_nuc_pos19_q2_5c,HeLa-S3_nuc_pos19_q2_5c,DynamicNuclearNet,train,DynamicNuclearNet\tif_data\train\out\HeLa-S3_nuc_pos19_q2_5c\HeLa-S3_nuc_pos19_q2_5c_trackmate.xml,30,0,,,30292,30292,8,8,8.0,8.0,1,1,death,seq0025_HeLa-S3_nuc_pos19_q2_5c:cell30,False
seq0025_HeLa-S3_nuc_pos19_q2_5c,HeLa-S3_nuc_pos19_q2_5c,DynamicNuclearNet,train,DynamicNuclearNet\tif_data\train\out\HeLa-S3_nuc_pos19_q2_5c\HeLa-S3_nuc_pos19_q2_5c_trackmate.xml,31,0,,,30388,31101,9,41,9.0,41.0,33,33,death,seq0025_HeLa-S3_nuc_pos19_q2_5c:cell31,False
seq0025_HeLa-S3_nuc_pos19_q2_5c,HeLa-S3_nuc_pos19_q2_5c,DynamicNuclearNet,train,DynamicNuclearNet\tif_data\train\out\HeLa-S3_nuc_pos19_q2_5c\HeLa-S3_nuc_pos19_q2_5c_trackmate.xml,32,0,,,30178,30178,10,10,10.0,10.0,1,1,death,seq0025_HeLa-S3_nuc_pos19_q2_5c:cell32,False
seq0025_HeLa-S3_nuc_pos19_q2_5c,HeLa-S3_nuc_pos19_q2_5c,DynamicNuclearNet,train,DynamicNuclearNet\tif_data\train\out\HeLa-S3_nuc_pos19_q2_5c\HeLa-S3_nuc_pos19_q2_5c_trackmate.xml,33,0,,,30374,31081,11,41,11.0,41.0,31,31,death,seq0025_HeLa-S3_nuc_pos19_q2_5c:cell33,False
seq0025_HeLa-S3_nuc_pos19_q2_5c,HeLa-S3_nuc_pos19_q2_5c,DynamicNuclearNet,train,DynamicNuclearNet\tif_data\train\out\HeLa-S3_nuc_pos19_q2_5c\HeLa-S3_nuc_pos19_q2_5c_trackmate.xml,34,0,,,30470,30515,12,15,12.0,15.0,4,4,death,seq0025_HeLa-S3_nuc_pos19_q2_5c:cell34,False
seq0025_HeLa-S3_nuc_pos19_q2_5c,HeLa-S3_nuc_pos19_q2_5c,DynamicNuclearNet,train,DynamicNuclearNet\tif_data\train\out\HeLa-S3_nuc_pos19_q2_5c\HeLa-S3_nuc_pos19_q2_5c_trackmate.xml,35,0,,,30597,31175,17,41,17.0,41.0,25,25,death,seq0025_HeLa-S3_nuc_pos19_q2_5c:cell35,False
seq0025_HeLa-S3_nuc_pos19_q2_5c,HeLa-S3_nuc_pos19_q2_5c,DynamicNuclearNet,train,DynamicNuclearNet\tif_data\train\out\HeLa-S3_nuc_pos19_q2_5c\HeLa-S3_nuc_pos19_q2_5c_trackmate.xml,36,0,,,30605,30693,19,22,19.0,22.0,4,4,death,seq0025_HeLa-S3_nuc_pos19_q2_5c:cell36,False
seq0025_HeLa-S3_nuc_pos19_q2_5c,HeLa-S3_nuc_pos19_q2_5c,DynamicNuclearNet,train,DynamicNuclearNet\tif_data\train\out\HeLa-S3_nuc_pos19_q2_5c\HeLa-S3_nuc_pos19_q2_5c_trackmate.xml,37,0,,,30731,30793,23,26,23.0,26.0,4,4,death,seq0025_HeLa-S3_nuc_pos19_q2_5c:cell37,False
seq0025_HeLa-S3_nuc_pos19_q2_5c,HeLa-S3_nuc_pos19_q2_5c,DynamicNuclearNet,train,DynamicNuclearNet\tif_data\train\out\HeLa-S3_nuc_pos19_q2_5c\HeLa-S3_nuc_pos19_q2_5c_trackmate.xml,38,0,,41|42,30738,30806,23,26,23.0,26.0,4,4,division,seq0025_HeLa-S3_nuc_pos19_q2_5c:cell38,True
seq0025_HeLa-S3_nuc_pos19_q2_5c,HeLa-S3_nuc_pos19_q2_5c,DynamicNuclearNet,train,DynamicNuclearNet\tif_data\train\out\HeLa-S3_nuc_pos19_q2_5c\HeLa-S3_nuc_pos19_q2_5c_trackmate.xml,39,0,,,30814,30952,28,31,28.0,31.0,4,4,death,seq0025_HeLa-S3_nuc_pos19_q2_5c:cell39,False
seq0025_HeLa-S3_nuc_pos19_q2_5c,HeLa-S3_nuc_pos19_q2_5c,DynamicNuclearNet,train,DynamicNuclearNet\tif_data\train\out\HeLa-S3_nuc_pos19_q2_5c\HeLa-S3_nuc_pos19_q2_5c_trackmate.xml,40,0,,,30968,31150,33,41,33.0,41.0,9,9,death,seq0025_HeLa-S3_nuc_pos19_q2_5c:cell40,False
seq0025_HeLa-S3_nuc_pos19_q2_5c,HeLa-S3_nuc_pos19_q2_5c,DynamicNuclearNet,train,DynamicNuclearNet\tif_data\train\out\HeLa-S3_nuc_pos19_q2_5c\HeLa-S3_nuc_pos19_q2_5c_trackmate.xml,41,1,38,,30980,31155,27,41,27.0,41.0,15,15,death,seq0025_HeLa-S3_nuc_pos19_q2_5c:cell41,False
seq0025_HeLa-S3_nuc_pos19_q2_5c,HeLa-S3_nuc_pos19_q2_5c,DynamicNuclearNet,train,DynamicNuclearNet\tif_data\train\out\HeLa-S3_nuc_pos19_q2_5c\HeLa-S3_nuc_pos19_q2_5c_trackmate.xml,42,1,38,,30982,30896,27,32,27.0,32.0,6,6,death,seq0025_HeLa-S3_nuc_pos19_q2_5c:cell42,False
seq0026_HeLa-S3_nuc_pos1_q1_5c,HeLa-S3_nuc_pos1_q1_5c,DynamicNuclearNet,train,DynamicNuclearNet\tif_data\train\out\HeLa-S3_nuc_pos1_q1_5c\HeLa-S3_nuc_pos1_q1_5c_trackmate.xml,0,0,,,31958,31941,0,41,0.0,41.0,42,42,death,seq0026_HeLa-S3_nuc_pos1_q1_5c:cell0,False
seq0026_HeLa-S3_nuc_pos1_q1_5c,HeLa-S3_nuc_pos1_q1_5c,DynamicNuclearNet,train,DynamicNuclearNet\tif_data\train\out\HeLa-S3_nuc_pos1_q1_5c\HeLa-S3_nuc_pos1_q1_5c_trackmate.xml,1,0,,,31964,31944,0,41,0.0,41.0,42,42,death,seq0026_HeLa-S3_nuc_pos1_q1_5c:cell1,False
seq0026_HeLa-S3_nuc_pos1_q1_5c,HeLa-S3_nuc_pos1_q1_5c,DynamicNuclearNet,train,DynamicNuclearNet\tif_data\train\out\HeLa-S3_nuc_pos1_q1_5c\HeLa-S3_nuc_pos1_q1_5c_trackmate.xml,2,0,,,31970,31948,0,41,0.0,41.0,42,42,death,seq0026_HeLa-S3_nuc_pos1_q1_5c:cell2,False
seq0026_HeLa-S3_nuc_pos1_q1_5c,HeLa-S3_nuc_pos1_q1_5c,DynamicNuclearNet,train,DynamicNuclearNet\tif_data\train\out\HeLa-S3_nuc_pos1_q1_5c\HeLa-S3_nuc_pos1_q1_5c_trackmate.xml,3,0,,,31972,31955,0,41,0.0,41.0,42,42,death,seq0026_HeLa-S3_nuc_pos1_q1_5c:cell3,False
seq0026_HeLa-S3_nuc_pos1_q1_5c,HeLa-S3_nuc_pos1_q1_5c,DynamicNuclearNet,train,DynamicNuclearNet\tif_data\train\out\HeLa-S3_nuc_pos1_q1_5c\HeLa-S3_nuc_pos1_q1_5c_trackmate.xml,4,0,,,31977,31961,0,41,0.0,41.0,42,42,death,seq0026_HeLa-S3_nuc_pos1_q1_5c:cell4,False
seq0026_HeLa-S3_nuc_pos1_q1_5c,HeLa-S3_nuc_pos1_q1_5c,DynamicNuclearNet,train,DynamicNuclearNet\tif_data\train\out\HeLa-S3_nuc_pos1_q1_5c\HeLa-S3_nuc_pos1_q1_5c_trackmate.xml,5,0,,,31982,31416,0,11,0.0,11.0,12,12,death,seq0026_HeLa-S3_nuc_pos1_q1_5c:cell5,False
seq0026_HeLa-S3_nuc_pos1_q1_5c,HeLa-S3_nuc_pos1_q1_5c,DynamicNuclearNet,train,DynamicNuclearNet\tif_data\train\out\HeLa-S3_nuc_pos1_q1_5c\HeLa-S3_nuc_pos1_q1_5c_trackmate.xml,6,0,,,31986,31975,0,41,0.0,41.0,42,42,death,seq0026_HeLa-S3_nuc_pos1_q1_5c:cell6,False
seq0026_HeLa-S3_nuc_pos1_q1_5c,HeLa-S3_nuc_pos1_q1_5c,DynamicNuclearNet,train,DynamicNuclearNet\tif_data\train\out\HeLa-S3_nuc_pos1_q1_5c\HeLa-S3_nuc_pos1_q1_5c_trackmate.xml,7,0,,,31989,31980,0,41,0.0,41.0,42,42,death,seq0026_HeLa-S3_nuc_pos1_q1_5c:cell7,False
seq0026_HeLa-S3_nuc_pos1_q1_5c,HeLa-S3_nuc_pos1_q1_5c,DynamicNuclearNet,train,DynamicNuclearNet\tif_data\train\out\HeLa-S3_nuc_pos1_q1_5c\HeLa-S3_nuc_pos1_q1_5c_trackmate.xml,8,0,,,31993,31985,0,41,0.0,41.0,42,42,death,seq0026_HeLa-S3_nuc_pos1_q1_5c:cell8,False
seq0026_HeLa-S3_nuc_pos1_q1_5c,HeLa-S3_nuc_pos1_q1_5c,DynamicNuclearNet,train,DynamicNuclearNet\tif_data\train\out\HeLa-S3_nuc_pos1_q1_5c\HeLa-S3_nuc_pos1_q1_5c_trackmate.xml,9,0,,,31996,31990,0,41,0.0,41.0,42,42,death,seq0026_HeLa-S3_nuc_pos1_q1_5c:cell9,False
seq0026_HeLa-S3_nuc_pos1_q1_5c,HeLa-S3_nuc_pos1_q1_5c,DynamicNuclearNet,train,DynamicNuclearNet\tif_data\train\out\HeLa-S3_nuc_pos1_q1_5c\HeLa-S3_nuc_pos1_q1_5c_trackmate.xml,10,0,,,31999,31994,0,41,0.0,41.0,42,42,death,seq0026_HeLa-S3_nuc_pos1_q1_5c:cell10,False
seq0026_HeLa-S3_nuc_pos1_q1_5c,HeLa-S3_nuc_pos1_q1_5c,DynamicNuclearNet,train,DynamicNuclearNet\tif_data\train\out\HeLa-S3_nuc_pos1_q1_5c\HeLa-S3_nuc_pos1_q1_5c_trackmate.xml,11,0,,,32003,31998,0,41,0.0,41.0,42,42,death,seq0026_HeLa-S3_nuc_pos1_q1_5c:cell11,False
seq0026_HeLa-S3_nuc_pos1_q1_5c,HeLa-S3_nuc_pos1_q1_5c,DynamicNuclearNet,train,DynamicNuclearNet\tif_data\train\out\HeLa-S3_nuc_pos1_q1_5c\HeLa-S3_nuc_pos1_q1_5c_trackmate.xml,12,0,,,32006,32004,0,41,0.0,41.0,42,42,death,seq0026_HeLa-S3_nuc_pos1_q1_5c:cell12,False
seq0026_HeLa-S3_nuc_pos1_q1_5c,HeLa-S3_nuc_pos1_q1_5c,DynamicNuclearNet,train,DynamicNuclearNet\tif_data\train\out\HeLa-S3_nuc_pos1_q1_5c\HeLa-S3_nuc_pos1_q1_5c_trackmate.xml,13,0,,,32008,32001,0,41,0.0,41.0,42,42,death,seq0026_HeLa-S3_nuc_pos1_q1_5c:cell13,False
seq0026_HeLa-S3_nuc_pos1_q1_5c,HeLa-S3_nuc_pos1_q1_5c,DynamicNuclearNet,train,DynamicNuclearNet\tif_data\train\out\HeLa-S3_nuc_pos1_q1_5c\HeLa-S3_nuc_pos1_q1_5c_trackmate.xml,14,0,,,32011,32010,0,41,0.0,41.0,42,42,death,seq0026_HeLa-S3_nuc_pos1_q1_5c:cell14,False
seq0026_HeLa-S3_nuc_pos1_q1_5c,HeLa-S3_nuc_pos1_q1_5c,DynamicNuclearNet,train,DynamicNuclearNet\tif_data\train\out\HeLa-S3_nuc_pos1_q1_5c\HeLa-S3_nuc_pos1_q1_5c_trackmate.xml,15,0,,,32013,32014,0,41,0.0,41.0,42,42,death,seq0026_HeLa-S3_nuc_pos1_q1_5c:cell15,False
seq0026_HeLa-S3_nuc_pos1_q1_5c,HeLa-S3_nuc_pos1_q1_5c,DynamicNuclearNet,train,DynamicNuclearNet\tif_data\train\out\HeLa-S3_nuc_pos1_q1_5c\HeLa-S3_nuc_pos1_q1_5c_trackmate.xml,16,0,,,32016,32007,0,41,0.0,41.0,42,42,death,seq0026_HeLa-S3_nuc_pos1_q1_5c:cell16,False
seq0026_HeLa-S3_nuc_pos1_q1_5c,HeLa-S3_nuc_pos1_q1_5c,DynamicNuclearNet,train,DynamicNuclearNet\tif_data\train\out\HeLa-S3_nuc_pos1_q1_5c\HeLa-S3_nuc_pos1_q1_5c_trackmate.xml,17,0,,,32017,31600,0,14,0.0,14.0,15,15,death,seq0026_HeLa-S3_nuc_pos1_q1_5c:cell17,False
seq0026_HeLa-S3_nuc_pos1_q1_5c,HeLa-S3_nuc_pos1_q1_5c,DynamicNuclearNet,train,DynamicNuclearNet\tif_data\train\out\HeLa-S3_nuc_pos1_q1_5c\HeLa-S3_nuc_pos1_q1_5c_trackmate.xml,18,0,,,32018,32015,0,41,0.0,41.0,42,42,death,seq0026_HeLa-S3_nuc_pos1_q1_5c:cell18,False
seq0026_HeLa-S3_nuc_pos1_q1_5c,HeLa-S3_nuc_pos1_q1_5c,DynamicNuclearNet,train,DynamicNuclearNet\tif_data\train\out\HeLa-S3_nuc_pos1_q1_5c\HeLa-S3_nuc_pos1_q1_5c_trackmate.xml,19,0,,,31265,31233,1,2,1.0,2.0,2,2,death,seq0026_HeLa-S3_nuc_pos1_q1_5c:cell19,False
seq0026_HeLa-S3_nuc_pos1_q1_5c,HeLa-S3_nuc_pos1_q1_5c,DynamicNuclearNet,train,DynamicNuclearNet\tif_data\train\out\HeLa-S3_nuc_pos1_q1_5c\HeLa-S3_nuc_pos1_q1_5c_trackmate.xml,20,0,,,31343,31343,4,4,4.0,4.0,1,1,death,seq0026_HeLa-S3_nuc_pos1_q1_5c:cell20,False
seq0026_HeLa-S3_nuc_pos1_q1_5c,HeLa-S3_nuc_pos1_q1_5c,DynamicNuclearNet,train,DynamicNuclearNet\tif_data\train\out\HeLa-S3_nuc_pos1_q1_5c\HeLa-S3_nuc_pos1_q1_5c_trackmate.xml,21,0,,,31273,31336,6,10,6.0,10.0,5,5,death,seq0026_HeLa-S3_nuc_pos1_q1_5c:cell21,False
seq0026_HeLa-S3_nuc_pos1_q1_5c,HeLa-S3_nuc_pos1_q1_5c,DynamicNuclearNet,train,DynamicNuclearNet\tif_data\train\out\HeLa-S3_nuc_pos1_q1_5c\HeLa-S3_nuc_pos1_q1_5c_trackmate.xml,22,0,,,31456,31456,13,13,13.0,13.0,1,1,death,seq0026_HeLa-S3_nuc_pos1_q1_5c:cell22,False
seq0026_HeLa-S3_nuc_pos1_q1_5c,HeLa-S3_nuc_pos1_q1_5c,DynamicNuclearNet,train,DynamicNuclearNet\tif_data\train\out\HeLa-S3_nuc_pos1_q1_5c\HeLa-S3_nuc_pos1_q1_5c_trackmate.xml,23,0,,,31459,31540,13,14,13.0,14.0,2,2,death,seq0026_HeLa-S3_nuc_pos1_q1_5c:cell23,False
seq0026_HeLa-S3_nuc_pos1_q1_5c,HeLa-S3_nuc_pos1_q1_5c,DynamicNuclearNet,train,DynamicNuclearNet\tif_data\train\out\HeLa-S3_nuc_pos1_q1_5c\HeLa-S3_nuc_pos1_q1_5c_trackmate.xml,24,0,,,31490,31495,16,17,16.0,17.0,2,2,death,seq0026_HeLa-S3_nuc_pos1_q1_5c:cell24,False
seq0026_HeLa-S3_nuc_pos1_q1_5c,HeLa-S3_nuc_pos1_q1_5c,DynamicNuclearNet,train,DynamicNuclearNet\tif_data\train\out\HeLa-S3_nuc_pos1_q1_5c\HeLa-S3_nuc_pos1_q1_5c_trackmate.xml,25,0,,,31630,31649,19,23,19.0,23.0,5,5,death,seq0026_HeLa-S3_nuc_pos1_q1_5c:cell25,False
seq0026_HeLa-S3_nuc_pos1_q1_5c,HeLa-S3_nuc_pos1_q1_5c,DynamicNuclearNet,train,DynamicNuclearNet\tif_data\train\out\HeLa-S3_nuc_pos1_q1_5c\HeLa-S3_nuc_pos1_q1_5c_trackmate.xml,26,0,,,31652,31652,23,23,23.0,23.0,1,1,death,seq0026_HeLa-S3_nuc_pos1_q1_5c:cell26,False
seq0026_HeLa-S3_nuc_pos1_q1_5c,HeLa-S3_nuc_pos1_q1_5c,DynamicNuclearNet,train,DynamicNuclearNet\tif_data\train\out\HeLa-S3_nuc_pos1_q1_5c\HeLa-S3_nuc_pos1_q1_5c_trackmate.xml,27,0,,,31730,31966,25,41,25.0,41.0,17,17,death,seq0026_HeLa-S3_nuc_pos1_q1_5c:cell27,False
seq0026_HeLa-S3_nuc_pos1_q1_5c,HeLa-S3_nuc_pos1_q1_5c,DynamicNuclearNet,train,DynamicNuclearNet\tif_data\train\out\HeLa-S3_nuc_pos1_q1_5c\HeLa-S3_nuc_pos1_q1_5c_trackmate.xml,28,0,,,31709,31682,26,27,26.0,27.0,2,2,death,seq0026_HeLa-S3_nuc_pos1_q1_5c:cell28,False
seq0026_HeLa-S3_nuc_pos1_q1_5c,HeLa-S3_nuc_pos1_q1_5c,DynamicNuclearNet,train,DynamicNuclearNet\tif_data\train\out\HeLa-S3_nuc_pos1_q1_5c\HeLa-S3_nuc_pos1_q1_5c_trackmate.xml,29,0,,,31771,31771,29,29,29.0,29.0,1,1,death,seq0026_HeLa-S3_nuc_pos1_q1_5c:cell29,False
seq0026_HeLa-S3_nuc_pos1_q1_5c,HeLa-S3_nuc_pos1_q1_5c,DynamicNuclearNet,train,DynamicNuclearNet\tif_data\train\out\HeLa-S3_nuc_pos1_q1_5c\HeLa-S3_nuc_pos1_q1_5c_trackmate.xml,30,0,,,31788,31930,32,38,32.0,38.0,7,7,death,seq0026_HeLa-S3_nuc_pos1_q1_5c:cell30,False
seq0026_HeLa-S3_nuc_pos1_q1_5c,HeLa-S3_nuc_pos1_q1_5c,DynamicNuclearNet,train,DynamicNuclearNet\tif_data\train\out\HeLa-S3_nuc_pos1_q1_5c\HeLa-S3_nuc_pos1_q1_5c_trackmate.xml,31,0,,,31952,31952,41,41,41.0,41.0,1,1,death,seq0026_HeLa-S3_nuc_pos1_q1_5c:cell31,False
seq0027_HeLa-S3_nuc_pos1_q2_5c,HeLa-S3_nuc_pos1_q2_5c,DynamicNuclearNet,train,DynamicNuclearNet\tif_data\train\out\HeLa-S3_nuc_pos1_q2_5c\HeLa-S3_nuc_pos1_q2_5c_trackmate.xml,0,0,,,32039,32857,0,41,0.0,41.0,42,42,death,seq0027_HeLa-S3_nuc_pos1_q2_5c:cell0,False
seq0027_HeLa-S3_nuc_pos1_q2_5c,HeLa-S3_nuc_pos1_q2_5c,DynamicNuclearNet,train,DynamicNuclearNet\tif_data\train\out\HeLa-S3_nuc_pos1_q2_5c\HeLa-S3_nuc_pos1_q2_5c_trackmate.xml,1,0,,,32043,32735,0,37,0.0,37.0,38,38,death,seq0027_HeLa-S3_nuc_pos1_q2_5c:cell1,False
seq0027_HeLa-S3_nuc_pos1_q2_5c,HeLa-S3_nuc_pos1_q2_5c,DynamicNuclearNet,train,DynamicNuclearNet\tif_data\train\out\HeLa-S3_nuc_pos1_q2_5c\HeLa-S3_nuc_pos1_q2_5c_trackmate.xml,2,0,,,32050,32865,0,41,0.0,41.0,42,42,death,seq0027_HeLa-S3_nuc_pos1_q2_5c:cell2,False
seq0027_HeLa-S3_nuc_pos1_q2_5c,HeLa-S3_nuc_pos1_q2_5c,DynamicNuclearNet,train,DynamicNuclearNet\tif_data\train\out\HeLa-S3_nuc_pos1_q2_5c\HeLa-S3_nuc_pos1_q2_5c_trackmate.xml,3,0,,,32055,32868,0,41,0.0,41.0,42,42,death,seq0027_HeLa-S3_nuc_pos1_q2_5c:cell3,False
seq0027_HeLa-S3_nuc_pos1_q2_5c,HeLa-S3_nuc_pos1_q2_5c,DynamicNuclearNet,train,DynamicNuclearNet\tif_data\train\out\HeLa-S3_nuc_pos1_q2_5c\HeLa-S3_nuc_pos1_q2_5c_trackmate.xml,4,0,,,32059,32870,0,41,0.0,41.0,42,42,death,seq0027_HeLa-S3_nuc_pos1_q2_5c:cell4,False
seq0027_HeLa-S3_nuc_pos1_q2_5c,HeLa-S3_nuc_pos1_q2_5c,DynamicNuclearNet,train,DynamicNuclearNet\tif_data\train\out\HeLa-S3_nuc_pos1_q2_5c\HeLa-S3_nuc_pos1_q2_5c_trackmate.xml,5,0,,,32062,32872,0,41,0.0,41.0,42,42,death,seq0027_HeLa-S3_nuc_pos1_q2_5c:cell5,False
seq0027_HeLa-S3_nuc_pos1_q2_5c,HeLa-S3_nuc_pos1_q2_5c,DynamicNuclearNet,train,DynamicNuclearNet\tif_data\train\out\HeLa-S3_nuc_pos1_q2_5c\HeLa-S3_nuc_pos1_q2_5c_trackmate.xml,6,0,,,32065,32874,0,41,0.0,41.0,42,42,death,seq0027_HeLa-S3_nuc_pos1_q2_5c:cell6,False
seq0027_HeLa-S3_nuc_pos1_q2_5c,HeLa-S3_nuc_pos1_q2_5c,DynamicNuclearNet,train,DynamicNuclearNet\tif_data\train\out\HeLa-S3_nuc_pos1_q2_5c\HeLa-S3_nuc_pos1_q2_5c_trackmate.xml,7,0,,,32068,32876,0,41,0.0,41.0,42,42,death,seq0027_HeLa-S3_nuc_pos1_q2_5c:cell7,False
seq0027_HeLa-S3_nuc_pos1_q2_5c,HeLa-S3_nuc_pos1_q2_5c,DynamicNuclearNet,train,DynamicNuclearNet\tif_data\train\out\HeLa-S3_nuc_pos1_q2_5c\HeLa-S3_nuc_pos1_q2_5c_trackmate.xml,8,0,,,32071,32878,0,41,0.0,41.0,42,42,death,seq0027_HeLa-S3_nuc_pos1_q2_5c:cell8,False
seq0027_HeLa-S3_nuc_pos1_q2_5c,HeLa-S3_nuc_pos1_q2_5c,DynamicNuclearNet,train,DynamicNuclearNet\tif_data\train\out\HeLa-S3_nuc_pos1_q2_5c\HeLa-S3_nuc_pos1_q2_5c_trackmate.xml,9,0,,,32074,32880,0,41,0.0,41.0,42,42,death,seq0027_HeLa-S3_nuc_pos1_q2_5c:cell9,False
seq0027_HeLa-S3_nuc_pos1_q2_5c,HeLa-S3_nuc_pos1_q2_5c,DynamicNuclearNet,train,DynamicNuclearNet\tif_data\train\out\HeLa-S3_nuc_pos1_q2_5c\HeLa-S3_nuc_pos1_q2_5c_trackmate.xml,10,0,,,32078,32403,0,22,0.0,22.0,23,23,death,seq0027_HeLa-S3_nuc_pos1_q2_5c:cell10,False
seq0027_HeLa-S3_nuc_pos1_q2_5c,HeLa-S3_nuc_pos1_q2_5c,DynamicNuclearNet,train,DynamicNuclearNet\tif_data\train\out\HeLa-S3_nuc_pos1_q2_5c\HeLa-S3_nuc_pos1_q2_5c_trackmate.xml,11,0,,,32082,32885,0,41,0.0,41.0,42,42,death,seq0027_HeLa-S3_nuc_pos1_q2_5c:cell11,False
seq0027_HeLa-S3_nuc_pos1_q2_5c,HeLa-S3_nuc_pos1_q2_5c,DynamicNuclearNet,train,DynamicNuclearNet\tif_data\train\out\HeLa-S3_nuc_pos1_q2_5c\HeLa-S3_nuc_pos1_q2_5c_trackmate.xml,12,0,,,32087,32884,0,41,0.0,41.0,42,42,death,seq0027_HeLa-S3_nuc_pos1_q2_5c:cell12,False
seq0027_HeLa-S3_nuc_pos1_q2_5c,HeLa-S3_nuc_pos1_q2_5c,DynamicNuclearNet,train,DynamicNuclearNet\tif_data\train\out\HeLa-S3_nuc_pos1_q2_5c\HeLa-S3_nuc_pos1_q2_5c_trackmate.xml,13,0,,,32091,32886,0,41,0.0,41.0,42,42,death,seq0027_HeLa-S3_nuc_pos1_q2_5c:cell13,False
seq0027_HeLa-S3_nuc_pos1_q2_5c,HeLa-S3_nuc_pos1_q2_5c,DynamicNuclearNet,train,DynamicNuclearNet\tif_data\train\out\HeLa-S3_nuc_pos1_q2_5c\HeLa-S3_nuc_pos1_q2_5c_trackmate.xml,14,0,,,32096,32887,0,41,0.0,41.0,42,42,death,seq0027_HeLa-S3_nuc_pos1_q2_5c:cell14,False
seq0027_HeLa-S3_nuc_pos1_q2_5c,HeLa-S3_nuc_pos1_q2_5c,DynamicNuclearNet,train,DynamicNuclearNet\tif_data\train\out\HeLa-S3_nuc_pos1_q2_5c\HeLa-S3_nuc_pos1_q2_5c_trackmate.xml,15,0,,,32100,32888,0,41,0.0,41.0,42,42,death,seq0027_HeLa-S3_nuc_pos1_q2_5c:cell15,False
seq0027_HeLa-S3_nuc_pos1_q2_5c,HeLa-S3_nuc_pos1_q2_5c,DynamicNuclearNet,train,DynamicNuclearNet\tif_data\train\out\HeLa-S3_nuc_pos1_q2_5c\HeLa-S3_nuc_pos1_q2_5c_trackmate.xml,16,0,,,32104,32889,0,41,0.0,41.0,42,42,death,seq0027_HeLa-S3_nuc_pos1_q2_5c:cell16,False
seq0027_HeLa-S3_nuc_pos1_q2_5c,HeLa-S3_nuc_pos1_q2_5c,DynamicNuclearNet,train,DynamicNuclearNet\tif_data\train\out\HeLa-S3_nuc_pos1_q2_5c\HeLa-S3_nuc_pos1_q2_5c_trackmate.xml,17,0,,,32109,32890,0,41,0.0,41.0,42,42,death,seq0027_HeLa-S3_nuc_pos1_q2_5c:cell17,False
seq0027_HeLa-S3_nuc_pos1_q2_5c,HeLa-S3_nuc_pos1_q2_5c,DynamicNuclearNet,train,DynamicNuclearNet\tif_data\train\out\HeLa-S3_nuc_pos1_q2_5c\HeLa-S3_nuc_pos1_q2_5c_trackmate.xml,18,0,,,32114,32891,0,41,0.0,41.0,42,42,death,seq0027_HeLa-S3_nuc_pos1_q2_5c:cell18,False
seq0027_HeLa-S3_nuc_pos1_q2_5c,HeLa-S3_nuc_pos1_q2_5c,DynamicNuclearNet,train,DynamicNuclearNet\tif_data\train\out\HeLa-S3_nuc_pos1_q2_5c\HeLa-S3_nuc_pos1_q2_5c_trackmate.xml,19,0,,,32093,32641,1,32,1.0,32.0,32,32,death,seq0027_HeLa-S3_nuc_pos1_q2_5c:cell19,False
seq0027_HeLa-S3_nuc_pos1_q2_5c,HeLa-S3_nuc_pos1_q2_5c,DynamicNuclearNet,train,DynamicNuclearNet\tif_data\train\out\HeLa-S3_nuc_pos1_q2_5c\HeLa-S3_nuc_pos1_q2_5c_trackmate.xml,20,0,,,32260,32638,18,33,18.0,33.0,16,16,death,seq0027_HeLa-S3_nuc_pos1_q2_5c:cell20,False
seq0027_HeLa-S3_nuc_pos1_q2_5c,HeLa-S3_nuc_pos1_q2_5c,DynamicNuclearNet,train,DynamicNuclearNet\tif_data\train\out\HeLa-S3_nuc_pos1_q2_5c\HeLa-S3_nuc_pos1_q2_5c_trackmate.xml,21,0,,,32435,32519,23,27,23.0,27.0,5,5,death,seq0027_HeLa-S3_nuc_pos1_q2_5c:cell21,False
seq0027_HeLa-S3_nuc_pos1_q2_5c,HeLa-S3_nuc_pos1_q2_5c,DynamicNuclearNet,train,DynamicNuclearNet\tif_data\train\out\HeLa-S3_nuc_pos1_q2_5c\HeLa-S3_nuc_pos1_q2_5c_trackmate.xml,22,0,,,32540,32540,28,28,28.0,28.0,1,1,death,seq0027_HeLa-S3_nuc_pos1_q2_5c:cell22,False
seq0027_HeLa-S3_nuc_pos1_q2_5c,HeLa-S3_nuc_pos1_q2_5c,DynamicNuclearNet,train,DynamicNuclearNet\tif_data\train\out\HeLa-S3_nuc_pos1_q2_5c\HeLa-S3_nuc_pos1_q2_5c_trackmate.xml,23,0,,,32541,32541,28,28,28.0,28.0,1,1,death,seq0027_HeLa-S3_nuc_pos1_q2_5c:cell23,False
seq0027_HeLa-S3_nuc_pos1_q2_5c,HeLa-S3_nuc_pos1_q2_5c,DynamicNuclearNet,train,DynamicNuclearNet\tif_data\train\out\HeLa-S3_nuc_pos1_q2_5c\HeLa-S3_nuc_pos1_q2_5c_trackmate.xml,24,0,,,32562,32562,29,29,29.0,29.0,1,1,death,seq0027_HeLa-S3_nuc_pos1_q2_5c:cell24,False
seq0027_HeLa-S3_nuc_pos1_q2_5c,HeLa-S3_nuc_pos1_q2_5c,DynamicNuclearNet,train,DynamicNuclearNet\tif_data\train\out\HeLa-S3_nuc_pos1_q2_5c\HeLa-S3_nuc_pos1_q2_5c_trackmate.xml,25,0,,,32563,32563,29,29,29.0,29.0,1,1,death,seq0027_HeLa-S3_nuc_pos1_q2_5c:cell25,False
seq0027_HeLa-S3_nuc_pos1_q2_5c,HeLa-S3_nuc_pos1_q2_5c,DynamicNuclearNet,train,DynamicNuclearNet\tif_data\train\out\HeLa-S3_nuc_pos1_q2_5c\HeLa-S3_nuc_pos1_q2_5c_trackmate.xml,26,0,,,32596,32882,30,41,30.0,41.0,12,12,death,seq0027_HeLa-S3_nuc_pos1_q2_5c:cell26,False
seq0027_HeLa-S3_nuc_pos1_q2_5c,HeLa-S3_nuc_pos1_q2_5c,DynamicNuclearNet,train,DynamicNuclearNet\tif_data\train\out\HeLa-S3_nuc_pos1_q2_5c\HeLa-S3_nuc_pos1_q2_5c_trackmate.xml,27,0,,,32598,32598,30,30,30.0,30.0,1,1,death,seq0027_HeLa-S3_nuc_pos1_q2_5c:cell27,False
seq0027_HeLa-S3_nuc_pos1_q2_5c,HeLa-S3_nuc_pos1_q2_5c,DynamicNuclearNet,train,DynamicNuclearNet\tif_data\train\out\HeLa-S3_nuc_pos1_q2_5c\HeLa-S3_nuc_pos1_q2_5c_trackmate.xml,28,0,,,32597,32883,31,41,31.0,41.0,11,11,death,seq0027_HeLa-S3_nuc_pos1_q2_5c:cell28,False
seq0027_HeLa-S3_nuc_pos1_q2_5c,HeLa-S3_nuc_pos1_q2_5c,DynamicNuclearNet,train,DynamicNuclearNet\tif_data\train\out\HeLa-S3_nuc_pos1_q2_5c\HeLa-S3_nuc_pos1_q2_5c_trackmate.xml,29,0,,,32709,32892,34,41,34.0,41.0,8,8,death,seq0027_HeLa-S3_nuc_pos1_q2_5c:cell29,False
seq0027_HeLa-S3_nuc_pos1_q2_5c,HeLa-S3_nuc_pos1_q2_5c,DynamicNuclearNet,train,DynamicNuclearNet\tif_data\train\out\HeLa-S3_nuc_pos1_q2_5c\HeLa-S3_nuc_pos1_q2_5c_trackmate.xml,30,0,,,32754,32794,37,38,37.0,38.0,2,2,death,seq0027_HeLa-S3_nuc_pos1_q2_5c:cell30,False
seq0027_HeLa-S3_nuc_pos1_q2_5c,HeLa-S3_nuc_pos1_q2_5c,DynamicNuclearNet,train,DynamicNuclearNet\tif_data\train\out\HeLa-S3_nuc_pos1_q2_5c\HeLa-S3_nuc_pos1_q2_5c_trackmate.xml,31,0,,,32778,32778,38,38,38.0,38.0,1,1,death,seq0027_HeLa-S3_nuc_pos1_q2_5c:cell31,False
seq0027_HeLa-S3_nuc_pos1_q2_5c,HeLa-S3_nuc_pos1_q2_5c,DynamicNuclearNet,train,DynamicNuclearNet\tif_data\train\out\HeLa-S3_nuc_pos1_q2_5c\HeLa-S3_nuc_pos1_q2_5c_trackmate.xml,32,0,,,32831,32862,39,41,39.0,41.0,3,3,death,seq0027_HeLa-S3_nuc_pos1_q2_5c:cell32,False
seq0027_HeLa-S3_nuc_pos1_q2_5c,HeLa-S3_nuc_pos1_q2_5c,DynamicNuclearNet,train,DynamicNuclearNet\tif_data\train\out\HeLa-S3_nuc_pos1_q2_5c\HeLa-S3_nuc_pos1_q2_5c_trackmate.xml,33,0,,,32818,32881,40,41,40.0,41.0,2,2,death,seq0027_HeLa-S3_nuc_pos1_q2_5c:cell33,False
seq0028_HeLa-S3_nuc_pos1_q3_5c,HeLa-S3_nuc_pos1_q3_5c,DynamicNuclearNet,train,DynamicNuclearNet\tif_data\train\out\HeLa-S3_nuc_pos1_q3_5c\HeLa-S3_nuc_pos1_q3_5c_trackmate.xml,0,0,,,33015,33849,0,41,0.0,41.0,42,42,death,seq0028_HeLa-S3_nuc_pos1_q3_5c:cell0,False
seq0028_HeLa-S3_nuc_pos1_q3_5c,HeLa-S3_nuc_pos1_q3_5c,DynamicNuclearNet,train,DynamicNuclearNet\tif_data\train\out\HeLa-S3_nuc_pos1_q3_5c\HeLa-S3_nuc_pos1_q3_5c_trackmate.xml,1,0,,,33022,33022,0,0,0.0,0.0,1,1,death,seq0028_HeLa-S3_nuc_pos1_q3_5c:cell1,False
seq0028_HeLa-S3_nuc_pos1_q3_5c,HeLa-S3_nuc_pos1_q3_5c,DynamicNuclearNet,train,DynamicNuclearNet\tif_data\train\out\HeLa-S3_nuc_pos1_q3_5c\HeLa-S3_nuc_pos1_q3_5c_trackmate.xml,2,0,,,33027,33851,0,41,0.0,41.0,42,42,death,seq0028_HeLa-S3_nuc_pos1_q3_5c:cell2,False
seq0028_HeLa-S3_nuc_pos1_q3_5c,HeLa-S3_nuc_pos1_q3_5c,DynamicNuclearNet,train,DynamicNuclearNet\tif_data\train\out\HeLa-S3_nuc_pos1_q3_5c\HeLa-S3_nuc_pos1_q3_5c_trackmate.xml,3,0,,,33032,33852,0,41,0.0,41.0,42,42,death,seq0028_HeLa-S3_nuc_pos1_q3_5c:cell3,False
seq0028_HeLa-S3_nuc_pos1_q3_5c,HeLa-S3_nuc_pos1_q3_5c,DynamicNuclearNet,train,DynamicNuclearNet\tif_data\train\out\HeLa-S3_nuc_pos1_q3_5c\HeLa-S3_nuc_pos1_q3_5c_trackmate.xml,4,0,,,33037,33853,0,41,0.0,41.0,42,42,death,seq0028_HeLa-S3_nuc_pos1_q3_5c:cell4,False
seq0028_HeLa-S3_nuc_pos1_q3_5c,HeLa-S3_nuc_pos1_q3_5c,DynamicNuclearNet,train,DynamicNuclearNet\tif_data\train\out\HeLa-S3_nuc_pos1_q3_5c\HeLa-S3_nuc_pos1_q3_5c_trackmate.xml,5,0,,,33042,33854,0,41,0.0,41.0,42,42,death,seq0028_HeLa-S3_nuc_pos1_q3_5c:cell5,False
seq0028_HeLa-S3_nuc_pos1_q3_5c,HeLa-S3_nuc_pos1_q3_5c,DynamicNuclearNet,train,DynamicNuclearNet\tif_data\train\out\HeLa-S3_nuc_pos1_q3_5c\HeLa-S3_nuc_pos1_q3_5c_trackmate.xml,6,0,,40|41,33049,32918,0,1,0.0,1.0,2,2,division,seq0028_HeLa-S3_nuc_pos1_q3_5c:cell6,True
seq0028_HeLa-S3_nuc_pos1_q3_5c,HeLa-S3_nuc_pos1_q3_5c,DynamicNuclearNet,train,DynamicNuclearNet\tif_data\train\out\HeLa-S3_nuc_pos1_q3_5c\HeLa-S3_nuc_pos1_q3_5c_trackmate.xml,7,0,,,33054,33857,0,41,0.0,41.0,42,42,death,seq0028_HeLa-S3_nuc_pos1_q3_5c:cell7,False
seq0028_HeLa-S3_nuc_pos1_q3_5c,HeLa-S3_nuc_pos1_q3_5c,DynamicNuclearNet,train,DynamicNuclearNet\tif_data\train\out\HeLa-S3_nuc_pos1_q3_5c\HeLa-S3_nuc_pos1_q3_5c_trackmate.xml,8,0,,,33056,33858,0,41,0.0,41.0,42,42,death,seq0028_HeLa-S3_nuc_pos1_q3_5c:cell8,False
seq0028_HeLa-S3_nuc_pos1_q3_5c,HeLa-S3_nuc_pos1_q3_5c,DynamicNuclearNet,train,DynamicNuclearNet\tif_data\train\out\HeLa-S3_nuc_pos1_q3_5c\HeLa-S3_nuc_pos1_q3_5c_trackmate.xml,9,0,,,33060,33860,0,41,0.0,41.0,42,42,death,seq0028_HeLa-S3_nuc_pos1_q3_5c:cell9,False
seq0028_HeLa-S3_nuc_pos1_q3_5c,HeLa-S3_nuc_pos1_q3_5c,DynamicNuclearNet,train,DynamicNuclearNet\tif_data\train\out\HeLa-S3_nuc_pos1_q3_5c\HeLa-S3_nuc_pos1_q3_5c_trackmate.xml,10,0,,,33063,33381,0,22,0.0,22.0,23,23,death,seq0028_HeLa-S3_nuc_pos1_q3_5c:cell10,False
seq0028_HeLa-S3_nuc_pos1_q3_5c,HeLa-S3_nuc_pos1_q3_5c,DynamicNuclearNet,train,DynamicNuclearNet\tif_data\train\out\HeLa-S3_nuc_pos1_q3_5c\HeLa-S3_nuc_pos1_q3_5c_trackmate.xml,11,0,,,33066,33865,0,41,0.0,41.0,42,42,death,seq0028_HeLa-S3_nuc_pos1_q3_5c:cell11,False
seq0028_HeLa-S3_nuc_pos1_q3_5c,HeLa-S3_nuc_pos1_q3_5c,DynamicNuclearNet,train,DynamicNuclearNet\tif_data\train\out\HeLa-S3_nuc_pos1_q3_5c\HeLa-S3_nuc_pos1_q3_5c_trackmate.xml,12,0,,,33069,33867,0,41,0.0,41.0,42,42,death,seq0028_HeLa-S3_nuc_pos1_q3_5c:cell12,False
seq0028_HeLa-S3_nuc_pos1_q3_5c,HeLa-S3_nuc_pos1_q3_5c,DynamicNuclearNet,train,DynamicNuclearNet\tif_data\train\out\HeLa-S3_nuc_pos1_q3_5c\HeLa-S3_nuc_pos1_q3_5c_trackmate.xml,13,0,,,33072,33111,0,9,0.0,9.0,10,10,death,seq0028_HeLa-S3_nuc_pos1_q3_5c:cell13,False
seq0028_HeLa-S3_nuc_pos1_q3_5c,HeLa-S3_nuc_pos1_q3_5c,DynamicNuclearNet,train,DynamicNuclearNet\tif_data\train\out\HeLa-S3_nuc_pos1_q3_5c\HeLa-S3_nuc_pos1_q3_5c_trackmate.xml,14,0,,,33075,33581,0,29,0.0,29.0,30,30,death,seq0028_HeLa-S3_nuc_pos1_q3_5c:cell14,False
seq0028_HeLa-S3_nuc_pos1_q3_5c,HeLa-S3_nuc_pos1_q3_5c,DynamicNuclearNet,train,DynamicNuclearNet\tif_data\train\out\HeLa-S3_nuc_pos1_q3_5c\HeLa-S3_nuc_pos1_q3_5c_trackmate.xml,15,0,,,33078,33876,0,41,0.0,41.0,42,42,death,seq0028_HeLa-S3_nuc_pos1_q3_5c:cell15,False
seq0028_HeLa-S3_nuc_pos1_q3_5c,HeLa-S3_nuc_pos1_q3_5c,DynamicNuclearNet,train,DynamicNuclearNet\tif_data\train\out\HeLa-S3_nuc_pos1_q3_5c\HeLa-S3_nuc_pos1_q3_5c_trackmate.xml,16,0,,,33082,33873,0,41,0.0,41.0,42,42,death,seq0028_HeLa-S3_nuc_pos1_q3_5c:cell16,False
seq0028_HeLa-S3_nuc_pos1_q3_5c,HeLa-S3_nuc_pos1_q3_5c,DynamicNuclearNet,train,DynamicNuclearNet\tif_data\train\out\HeLa-S3_nuc_pos1_q3_5c\HeLa-S3_nuc_pos1_q3_5c_trackmate.xml,17,0,,,33087,33878,0,41,0.0,41.0,42,42,death,seq0028_HeLa-S3_nuc_pos1_q3_5c:cell17,False
seq0028_HeLa-S3_nuc_pos1_q3_5c,HeLa-S3_nuc_pos1_q3_5c,DynamicNuclearNet,train,DynamicNuclearNet\tif_data\train\out\HeLa-S3_nuc_pos1_q3_5c\HeLa-S3_nuc_pos1_q3_5c_trackmate.xml,18,0,,,33089,33880,0,41,0.0,41.0,42,42,death,seq0028_HeLa-S3_nuc_pos1_q3_5c:cell18,False
seq0028_HeLa-S3_nuc_pos1_q3_5c,HeLa-S3_nuc_pos1_q3_5c,DynamicNuclearNet,train,DynamicNuclearNet\tif_data\train\out\HeLa-S3_nuc_pos1_q3_5c\HeLa-S3_nuc_pos1_q3_5c_trackmate.xml,19,0,,,33091,33166,0,15,0.0,15.0,16,16,death,seq0028_HeLa-S3_nuc_pos1_q3_5c:cell19,False
seq0028_HeLa-S3_nuc_pos1_q3_5c,HeLa-S3_nuc_pos1_q3_5c,DynamicNuclearNet,train,DynamicNuclearNet\tif_data\train\out\HeLa-S3_nuc_pos1_q3_5c\HeLa-S3_nuc_pos1_q3_5c_trackmate.xml,20,0,,,33094,33882,0,41,0.0,41.0,42,42,death,seq0028_HeLa-S3_nuc_pos1_q3_5c:cell20,False
seq0028_HeLa-S3_nuc_pos1_q3_5c,HeLa-S3_nuc_pos1_q3_5c,DynamicNuclearNet,train,DynamicNuclearNet\tif_data\train\out\HeLa-S3_nuc_pos1_q3_5c\HeLa-S3_nuc_pos1_q3_5c_trackmate.xml,21,0,,,33097,33887,0,41,0.0,41.0,42,42,death,seq0028_HeLa-S3_nuc_pos1_q3_5c:cell21,False
seq0028_HeLa-S3_nuc_pos1_q3_5c,HeLa-S3_nuc_pos1_q3_5c,DynamicNuclearNet,train,DynamicNuclearNet\tif_data\train\out\HeLa-S3_nuc_pos1_q3_5c\HeLa-S3_nuc_pos1_q3_5c_trackmate.xml,22,0,,,33100,33885,0,41,0.0,41.0,42,42,death,seq0028_HeLa-S3_nuc_pos1_q3_5c:cell22,False
seq0028_HeLa-S3_nuc_pos1_q3_5c,HeLa-S3_nuc_pos1_q3_5c,DynamicNuclearNet,train,DynamicNuclearNet\tif_data\train\out\HeLa-S3_nuc_pos1_q3_5c\HeLa-S3_nuc_pos1_q3_5c_trackmate.xml,23,0,,,33104,33208,9,12,9.0,12.0,4,4,death,seq0028_HeLa-S3_nuc_pos1_q3_5c:cell23,False
seq0028_HeLa-S3_nuc_pos1_q3_5c,HeLa-S3_nuc_pos1_q3_5c,DynamicNuclearNet,train,DynamicNuclearNet\tif_data\train\out\HeLa-S3_nuc_pos1_q3_5c\HeLa-S3_nuc_pos1_q3_5c_trackmate.xml,24,0,,,33913,33913,10,10,10.0,10.0,1,1,death,seq0028_HeLa-S3_nuc_pos1_q3_5c:cell24,False
seq0028_HeLa-S3_nuc_pos1_q3_5c,HeLa-S3_nuc_pos1_q3_5c,DynamicNuclearNet,train,DynamicNuclearNet\tif_data\train\out\HeLa-S3_nuc_pos1_q3_5c\HeLa-S3_nuc_pos1_q3_5c_trackmate.xml,25,0,,,33914,33871,10,41,10.0,41.0,32,32,death,seq0028_HeLa-S3_nuc_pos1_q3_5c:cell25,False
seq0028_HeLa-S3_nuc_pos1_q3_5c,HeLa-S3_nuc_pos1_q3_5c,DynamicNuclearNet,train,DynamicNuclearNet\tif_data\train\out\HeLa-S3_nuc_pos1_q3_5c\HeLa-S3_nuc_pos1_q3_5c_trackmate.xml,26,0,,,33134,33869,11,41,11.0,41.0,31,31,death,seq0028_HeLa-S3_nuc_pos1_q3_5c:cell26,False
seq0028_HeLa-S3_nuc_pos1_q3_5c,HeLa-S3_nuc_pos1_q3_5c,DynamicNuclearNet,train,DynamicNuclearNet\tif_data\train\out\HeLa-S3_nuc_pos1_q3_5c\HeLa-S3_nuc_pos1_q3_5c_trackmate.xml,27,0,,,33256,33256,14,14,14.0,14.0,1,1,death,seq0028_HeLa-S3_nuc_pos1_q3_5c:cell27,False
seq0028_HeLa-S3_nuc_pos1_q3_5c,HeLa-S3_nuc_pos1_q3_5c,DynamicNuclearNet,train,DynamicNuclearNet\tif_data\train\out\HeLa-S3_nuc_pos1_q3_5c\HeLa-S3_nuc_pos1_q3_5c_trackmate.xml,28,0,,,33199,33199,17,17,17.0,17.0,1,1,death,seq0028_HeLa-S3_nuc_pos1_q3_5c:cell28,False
seq0028_HeLa-S3_nuc_pos1_q3_5c,HeLa-S3_nuc_pos1_q3_5c,DynamicNuclearNet,train,DynamicNuclearNet\tif_data\train\out\HeLa-S3_nuc_pos1_q3_5c\HeLa-S3_nuc_pos1_q3_5c_trackmate.xml,29,0,,,33301,33301,18,18,18.0,18.0,1,1,death,seq0028_HeLa-S3_nuc_pos1_q3_5c:cell29,False
seq0028_HeLa-S3_nuc_pos1_q3_5c,HeLa-S3_nuc_pos1_q3_5c,DynamicNuclearNet,train,DynamicNuclearNet\tif_data\train\out\HeLa-S3_nuc_pos1_q3_5c\HeLa-S3_nuc_pos1_q3_5c_trackmate.xml,30,0,,,33269,33850,19,41,19.0,41.0,23,23,death,seq0028_HeLa-S3_nuc_pos1_q3_5c:cell30,False
seq0028_HeLa-S3_nuc_pos1_q3_5c,HeLa-S3_nuc_pos1_q3_5c,DynamicNuclearNet,train,DynamicNuclearNet\tif_data\train\out\HeLa-S3_nuc_pos1_q3_5c\HeLa-S3_nuc_pos1_q3_5c_trackmate.xml,31,0,,,33337,33369,21,22,21.0,22.0,2,2,death,seq0028_HeLa-S3_nuc_pos1_q3_5c:cell31,False
seq0028_HeLa-S3_nuc_pos1_q3_5c,HeLa-S3_nuc_pos1_q3_5c,DynamicNuclearNet,train,DynamicNuclearNet\tif_data\train\out\HeLa-S3_nuc_pos1_q3_5c\HeLa-S3_nuc_pos1_q3_5c_trackmate.xml,32,0,,,33441,33441,23,23,23.0,23.0,1,1,death,seq0028_HeLa-S3_nuc_pos1_q3_5c:cell32,False
seq0028_HeLa-S3_nuc_pos1_q3_5c,HeLa-S3_nuc_pos1_q3_5c,DynamicNuclearNet,train,DynamicNuclearNet\tif_data\train\out\HeLa-S3_nuc_pos1_q3_5c\HeLa-S3_nuc_pos1_q3_5c_trackmate.xml,33,0,,,33505,33505,25,25,25.0,25.0,1,1,death,seq0028_HeLa-S3_nuc_pos1_q3_5c:cell33,False
seq0028_HeLa-S3_nuc_pos1_q3_5c,HeLa-S3_nuc_pos1_q3_5c,DynamicNuclearNet,train,DynamicNuclearNet\tif_data\train\out\HeLa-S3_nuc_pos1_q3_5c\HeLa-S3_nuc_pos1_q3_5c_trackmate.xml,34,0,,,33571,33576,27,28,27.0,28.0,2,2,death,seq0028_HeLa-S3_nuc_pos1_q3_5c:cell34,False
seq0028_HeLa-S3_nuc_pos1_q3_5c,HeLa-S3_nuc_pos1_q3_5c,DynamicNuclearNet,train,DynamicNuclearNet\tif_data\train\out\HeLa-S3_nuc_pos1_q3_5c\HeLa-S3_nuc_pos1_q3_5c_trackmate.xml,35,0,,,33601,33861,30,41,30.0,41.0,12,12,death,seq0028_HeLa-S3_nuc_pos1_q3_5c:cell35,False
seq0028_HeLa-S3_nuc_pos1_q3_5c,HeLa-S3_nuc_pos1_q3_5c,DynamicNuclearNet,train,DynamicNuclearNet\tif_data\train\out\HeLa-S3_nuc_pos1_q3_5c\HeLa-S3_nuc_pos1_q3_5c_trackmate.xml,36,0,,,33611,33611,30,30,30.0,30.0,1,1,death,seq0028_HeLa-S3_nuc_pos1_q3_5c:cell36,False
seq0028_HeLa-S3_nuc_pos1_q3_5c,HeLa-S3_nuc_pos1_q3_5c,DynamicNuclearNet,train,DynamicNuclearNet\tif_data\train\out\HeLa-S3_nuc_pos1_q3_5c\HeLa-S3_nuc_pos1_q3_5c_trackmate.xml,37,0,,,33617,33617,30,30,30.0,30.0,1,1,death,seq0028_HeLa-S3_nuc_pos1_q3_5c:cell37,False
seq0028_HeLa-S3_nuc_pos1_q3_5c,HeLa-S3_nuc_pos1_q3_5c,DynamicNuclearNet,train,DynamicNuclearNet\tif_data\train\out\HeLa-S3_nuc_pos1_q3_5c\HeLa-S3_nuc_pos1_q3_5c_trackmate.xml,38,0,,,33654,33863,34,41,34.0,41.0,8,8,death,seq0028_HeLa-S3_nuc_pos1_q3_5c:cell38,False
seq0028_HeLa-S3_nuc_pos1_q3_5c,HeLa-S3_nuc_pos1_q3_5c,DynamicNuclearNet,train,DynamicNuclearNet\tif_data\train\out\HeLa-S3_nuc_pos1_q3_5c\HeLa-S3_nuc_pos1_q3_5c_trackmate.xml,39,0,,,33743,33789,36,38,36.0,38.0,3,3,death,seq0028_HeLa-S3_nuc_pos1_q3_5c:cell39,False
seq0028_HeLa-S3_nuc_pos1_q3_5c,HeLa-S3_nuc_pos1_q3_5c,DynamicNuclearNet,train,DynamicNuclearNet\tif_data\train\out\HeLa-S3_nuc_pos1_q3_5c\HeLa-S3_nuc_pos1_q3_5c_trackmate.xml,40,1,6,42|43,33024,33399,2,13,2.0,13.0,12,12,division,seq0028_HeLa-S3_nuc_pos1_q3_5c:cell40,True
seq0028_HeLa-S3_nuc_pos1_q3_5c,HeLa-S3_nuc_pos1_q3_5c,DynamicNuclearNet,train,DynamicNuclearNet\tif_data\train\out\HeLa-S3_nuc_pos1_q3_5c\HeLa-S3_nuc_pos1_q3_5c_trackmate.xml,41,1,6,,33028,32931,2,7,2.0,7.0,6,6,death,seq0028_HeLa-S3_nuc_pos1_q3_5c:cell41,False
seq0028_HeLa-S3_nuc_pos1_q3_5c,HeLa-S3_nuc_pos1_q3_5c,DynamicNuclearNet,train,DynamicNuclearNet\tif_data\train\out\HeLa-S3_nuc_pos1_q3_5c\HeLa-S3_nuc_pos1_q3_5c_trackmate.xml,42,2,40,44|45,33182,33180,14,16,14.0,16.0,3,3,division,seq0028_HeLa-S3_nuc_pos1_q3_5c:cell42,True
seq0028_HeLa-S3_nuc_pos1_q3_5c,HeLa-S3_nuc_pos1_q3_5c,DynamicNuclearNet,train,DynamicNuclearNet\tif_data\train\out\HeLa-S3_nuc_pos1_q3_5c\HeLa-S3_nuc_pos1_q3_5c_trackmate.xml,43,2,40,,33184,33152,14,15,14.0,15.0,2,2,death,seq0028_HeLa-S3_nuc_pos1_q3_5c:cell43,False
seq0028_HeLa-S3_nuc_pos1_q3_5c,HeLa-S3_nuc_pos1_q3_5c,DynamicNuclearNet,train,DynamicNuclearNet\tif_data\train\out\HeLa-S3_nuc_pos1_q3_5c\HeLa-S3_nuc_pos1_q3_5c_trackmate.xml,44,3,42,46|47,33221,33377,17,22,17.0,22.0,6,6,division,seq0028_HeLa-S3_nuc_pos1_q3_5c:cell44,True
seq0028_HeLa-S3_nuc_pos1_q3_5c,HeLa-S3_nuc_pos1_q3_5c,DynamicNuclearNet,train,DynamicNuclearNet\tif_data\train\out\HeLa-S3_nuc_pos1_q3_5c\HeLa-S3_nuc_pos1_q3_5c_trackmate.xml,45,3,42,,33224,33349,17,21,17.0,21.0,5,5,death,seq0028_HeLa-S3_nuc_pos1_q3_5c:cell45,False
seq0028_HeLa-S3_nuc_pos1_q3_5c,HeLa-S3_nuc_pos1_q3_5c,DynamicNuclearNet,train,DynamicNuclearNet\tif_data\train\out\HeLa-S3_nuc_pos1_q3_5c\HeLa-S3_nuc_pos1_q3_5c_trackmate.xml,46,4,44,48|49,33412,33453,23,24,23.0,24.0,2,2,division,seq0028_HeLa-S3_nuc_pos1_q3_5c:cell46,True
seq0028_HeLa-S3_nuc_pos1_q3_5c,HeLa-S3_nuc_pos1_q3_5c,DynamicNuclearNet,train,DynamicNuclearNet\tif_data\train\out\HeLa-S3_nuc_pos1_q3_5c\HeLa-S3_nuc_pos1_q3_5c_trackmate.xml,47,4,44,,33414,33414,23,23,23.0,23.0,1,1,death,seq0028_HeLa-S3_nuc_pos1_q3_5c:cell47,False
seq0028_HeLa-S3_nuc_pos1_q3_5c,HeLa-S3_nuc_pos1_q3_5c,DynamicNuclearNet,train,DynamicNuclearNet\tif_data\train\out\HeLa-S3_nuc_pos1_q3_5c\HeLa-S3_nuc_pos1_q3_5c_trackmate.xml,48,5,46,50|51,33458,33672,25,33,25.0,33.0,9,9,division,seq0028_HeLa-S3_nuc_pos1_q3_5c:cell48,True
seq0028_HeLa-S3_nuc_pos1_q3_5c,HeLa-S3_nuc_pos1_q3_5c,DynamicNuclearNet,train,DynamicNuclearNet\tif_data\train\out\HeLa-S3_nuc_pos1_q3_5c\HeLa-S3_nuc_pos1_q3_5c_trackmate.xml,49,5,46,,33461,33877,25,31,25.0,31.0,7,7,death,seq0028_HeLa-S3_nuc_pos1_q3_5c:cell49,False
seq0028_HeLa-S3_nuc_pos1_q3_5c,HeLa-S3_nuc_pos1_q3_5c,DynamicNuclearNet,train,DynamicNuclearNet\tif_data\train\out\HeLa-S3_nuc_pos1_q3_5c\HeLa-S3_nuc_pos1_q3_5c_trackmate.xml,50,6,48,52|53,33648,33719,34,36,34.0,36.0,3,3,division,seq0028_HeLa-S3_nuc_pos1_q3_5c:cell50,True
seq0028_HeLa-S3_nuc_pos1_q3_5c,HeLa-S3_nuc_pos1_q3_5c,DynamicNuclearNet,train,DynamicNuclearNet\tif_data\train\out\HeLa-S3_nuc_pos1_q3_5c\HeLa-S3_nuc_pos1_q3_5c_trackmate.xml,51,6,48,,33649,33776,34,35,34.0,35.0,2,2,death,seq0028_HeLa-S3_nuc_pos1_q3_5c:cell51,False
seq0028_HeLa-S3_nuc_pos1_q3_5c,HeLa-S3_nuc_pos1_q3_5c,DynamicNuclearNet,train,DynamicNuclearNet\tif_data\train\out\HeLa-S3_nuc_pos1_q3_5c\HeLa-S3_nuc_pos1_q3_5c_trackmate.xml,52,7,50,,33698,33855,37,41,37.0,41.0,5,5,death,seq0028_HeLa-S3_nuc_pos1_q3_5c:cell52,False
seq0028_HeLa-S3_nuc_pos1_q3_5c,HeLa-S3_nuc_pos1_q3_5c,DynamicNuclearNet,train,DynamicNuclearNet\tif_data\train\out\HeLa-S3_nuc_pos1_q3_5c\HeLa-S3_nuc_pos1_q3_5c_trackmate.xml,53,7,50,,33699,33856,37,41,37.0,41.0,5,5,death,seq0028_HeLa-S3_nuc_pos1_q3_5c:cell53,False
seq0029_HeLa-S3_nuc_pos20_q0_5c,HeLa-S3_nuc_pos20_q0_5c,DynamicNuclearNet,train,DynamicNuclearNet\tif_data\train\out\HeLa-S3_nuc_pos20_q0_5c\HeLa-S3_nuc_pos20_q0_5c_trackmate.xml,0,0,,,35601,35468,0,41,0.0,41.0,42,42,death,seq0029_HeLa-S3_nuc_pos20_q0_5c:cell0,False
seq0029_HeLa-S3_nuc_pos20_q0_5c,HeLa-S3_nuc_pos20_q0_5c,DynamicNuclearNet,train,DynamicNuclearNet\tif_data\train\out\HeLa-S3_nuc_pos20_q0_5c\HeLa-S3_nuc_pos20_q0_5c_trackmate.xml,1,0,,,35603,33955,0,6,0.0,6.0,7,7,death,seq0029_HeLa-S3_nuc_pos20_q0_5c:cell1,False
seq0029_HeLa-S3_nuc_pos20_q0_5c,HeLa-S3_nuc_pos20_q0_5c,DynamicNuclearNet,train,DynamicNuclearNet\tif_data\train\out\HeLa-S3_nuc_pos20_q0_5c\HeLa-S3_nuc_pos20_q0_5c_trackmate.xml,2,0,,,35606,35486,0,41,0.0,41.0,42,42,death,seq0029_HeLa-S3_nuc_pos20_q0_5c:cell2,False
seq0029_HeLa-S3_nuc_pos20_q0_5c,HeLa-S3_nuc_pos20_q0_5c,DynamicNuclearNet,train,DynamicNuclearNet\tif_data\train\out\HeLa-S3_nuc_pos20_q0_5c\HeLa-S3_nuc_pos20_q0_5c_trackmate.xml,3,0,,,35607,35489,0,41,0.0,41.0,42,42,death,seq0029_HeLa-S3_nuc_pos20_q0_5c:cell3,False
seq0029_HeLa-S3_nuc_pos20_q0_5c,HeLa-S3_nuc_pos20_q0_5c,DynamicNuclearNet,train,DynamicNuclearNet\tif_data\train\out\HeLa-S3_nuc_pos20_q0_5c\HeLa-S3_nuc_pos20_q0_5c_trackmate.xml,4,0,,,35608,35499,0,41,0.0,41.0,42,42,death,seq0029_HeLa-S3_nuc_pos20_q0_5c:cell4,False
seq0029_HeLa-S3_nuc_pos20_q0_5c,HeLa-S3_nuc_pos20_q0_5c,DynamicNuclearNet,train,DynamicNuclearNet\tif_data\train\out\HeLa-S3_nuc_pos20_q0_5c\HeLa-S3_nuc_pos20_q0_5c_trackmate.xml,5,0,,,35609,35492,0,41,0.0,41.0,42,42,death,seq0029_HeLa-S3_nuc_pos20_q0_5c:cell5,False
seq0029_HeLa-S3_nuc_pos20_q0_5c,HeLa-S3_nuc_pos20_q0_5c,DynamicNuclearNet,train,DynamicNuclearNet\tif_data\train\out\HeLa-S3_nuc_pos20_q0_5c\HeLa-S3_nuc_pos20_q0_5c_trackmate.xml,6,0,,,35610,35495,0,41,0.0,41.0,42,42,death,seq0029_HeLa-S3_nuc_pos20_q0_5c:cell6,False
seq0029_HeLa-S3_nuc_pos20_q0_5c,HeLa-S3_nuc_pos20_q0_5c,DynamicNuclearNet,train,DynamicNuclearNet\tif_data\train\out\HeLa-S3_nuc_pos20_q0_5c\HeLa-S3_nuc_pos20_q0_5c_trackmate.xml,7,0,,,35611,35311,0,35,0.0,35.0,36,36,death,seq0029_HeLa-S3_nuc_pos20_q0_5c:cell7,False
seq0029_HeLa-S3_nuc_pos20_q0_5c,HeLa-S3_nuc_pos20_q0_5c,DynamicNuclearNet,train,DynamicNuclearNet\tif_data\train\out\HeLa-S3_nuc_pos20_q0_5c\HeLa-S3_nuc_pos20_q0_5c_trackmate.xml,8,0,,,35612,35511,0,41,0.0,41.0,42,42,death,seq0029_HeLa-S3_nuc_pos20_q0_5c:cell8,False
seq0029_HeLa-S3_nuc_pos20_q0_5c,HeLa-S3_nuc_pos20_q0_5c,DynamicNuclearNet,train,DynamicNuclearNet\tif_data\train\out\HeLa-S3_nuc_pos20_q0_5c\HeLa-S3_nuc_pos20_q0_5c_trackmate.xml,9,0,,,35613,35504,0,41,0.0,41.0,42,42,death,seq0029_HeLa-S3_nuc_pos20_q0_5c:cell9,False
seq0029_HeLa-S3_nuc_pos20_q0_5c,HeLa-S3_nuc_pos20_q0_5c,DynamicNuclearNet,train,DynamicNuclearNet\tif_data\train\out\HeLa-S3_nuc_pos20_q0_5c\HeLa-S3_nuc_pos20_q0_5c_trackmate.xml,10,0,,,35614,33981,0,6,0.0,6.0,7,7,death,seq0029_HeLa-S3_nuc_pos20_q0_5c:cell10,False
seq0029_HeLa-S3_nuc_pos20_q0_5c,HeLa-S3_nuc_pos20_q0_5c,DynamicNuclearNet,train,DynamicNuclearNet\tif_data\train\out\HeLa-S3_nuc_pos20_q0_5c\HeLa-S3_nuc_pos20_q0_5c_trackmate.xml,11,0,,,35615,34057,0,10,0.0,10.0,11,11,death,seq0029_HeLa-S3_nuc_pos20_q0_5c:cell11,False
seq0029_HeLa-S3_nuc_pos20_q0_5c,HeLa-S3_nuc_pos20_q0_5c,DynamicNuclearNet,train,DynamicNuclearNet\tif_data\train\out\HeLa-S3_nuc_pos20_q0_5c\HeLa-S3_nuc_pos20_q0_5c_trackmate.xml,12,0,,,35616,34366,0,12,0.0,12.0,13,13,death,seq0029_HeLa-S3_nuc_pos20_q0_5c:cell12,False
seq0029_HeLa-S3_nuc_pos20_q0_5c,HeLa-S3_nuc_pos20_q0_5c,DynamicNuclearNet,train,DynamicNuclearNet\tif_data\train\out\HeLa-S3_nuc_pos20_q0_5c\HeLa-S3_nuc_pos20_q0_5c_trackmate.xml,13,0,,,35617,35517,0,41,0.0,41.0,42,42,death,seq0029_HeLa-S3_nuc_pos20_q0_5c:cell13,False
seq0029_HeLa-S3_nuc_pos20_q0_5c,HeLa-S3_nuc_pos20_q0_5c,DynamicNuclearNet,train,DynamicNuclearNet\tif_data\train\out\HeLa-S3_nuc_pos20_q0_5c\HeLa-S3_nuc_pos20_q0_5c_trackmate.xml,14,0,,90|91,35618,35366,0,37,0.0,37.0,38,38,division,seq0029_HeLa-S3_nuc_pos20_q0_5c:cell14,True
seq0029_HeLa-S3_nuc_pos20_q0_5c,HeLa-S3_nuc_pos20_q0_5c,DynamicNuclearNet,train,DynamicNuclearNet\tif_data\train\out\HeLa-S3_nuc_pos20_q0_5c\HeLa-S3_nuc_pos20_q0_5c_trackmate.xml,15,0,,,35619,35520,0,41,0.0,41.0,42,42,death,seq0029_HeLa-S3_nuc_pos20_q0_5c:cell15,False
seq0029_HeLa-S3_nuc_pos20_q0_5c,HeLa-S3_nuc_pos20_q0_5c,DynamicNuclearNet,train,DynamicNuclearNet\tif_data\train\out\HeLa-S3_nuc_pos20_q0_5c\HeLa-S3_nuc_pos20_q0_5c_trackmate.xml,16,0,,,35620,35514,0,41,0.0,41.0,42,42,death,seq0029_HeLa-S3_nuc_pos20_q0_5c:cell16,False
seq0029_HeLa-S3_nuc_pos20_q0_5c,HeLa-S3_nuc_pos20_q0_5c,DynamicNuclearNet,train,DynamicNuclearNet\tif_data\train\out\HeLa-S3_nuc_pos20_q0_5c\HeLa-S3_nuc_pos20_q0_5c_trackmate.xml,17,0,,92|93,35621,34587,0,19,0.0,19.0,20,20,division,seq0029_HeLa-S3_nuc_pos20_q0_5c:cell17,True
seq0029_HeLa-S3_nuc_pos20_q0_5c,HeLa-S3_nuc_pos20_q0_5c,DynamicNuclearNet,train,DynamicNuclearNet\tif_data\train\out\HeLa-S3_nuc_pos20_q0_5c\HeLa-S3_nuc_pos20_q0_5c_trackmate.xml,18,0,,,35622,35533,0,41,0.0,41.0,42,42,death,seq0029_HeLa-S3_nuc_pos20_q0_5c:cell18,False
seq0029_HeLa-S3_nuc_pos20_q0_5c,HeLa-S3_nuc_pos20_q0_5c,DynamicNuclearNet,train,DynamicNuclearNet\tif_data\train\out\HeLa-S3_nuc_pos20_q0_5c\HeLa-S3_nuc_pos20_q0_5c_trackmate.xml,19,0,,,35624,35554,0,41,0.0,41.0,42,42,death,seq0029_HeLa-S3_nuc_pos20_q0_5c:cell19,False
seq0029_HeLa-S3_nuc_pos20_q0_5c,HeLa-S3_nuc_pos20_q0_5c,DynamicNuclearNet,train,DynamicNuclearNet\tif_data\train\out\HeLa-S3_nuc_pos20_q0_5c\HeLa-S3_nuc_pos20_q0_5c_trackmate.xml,20,0,,,35625,35551,0,41,0.0,41.0,42,42,death,seq0029_HeLa-S3_nuc_pos20_q0_5c:cell20,False
seq0029_HeLa-S3_nuc_pos20_q0_5c,HeLa-S3_nuc_pos20_q0_5c,DynamicNuclearNet,train,DynamicNuclearNet\tif_data\train\out\HeLa-S3_nuc_pos20_q0_5c\HeLa-S3_nuc_pos20_q0_5c_trackmate.xml,21,0,,,35626,35561,0,41,0.0,41.0,42,42,death,seq0029_HeLa-S3_nuc_pos20_q0_5c:cell21,False
seq0029_HeLa-S3_nuc_pos20_q0_5c,HeLa-S3_nuc_pos20_q0_5c,DynamicNuclearNet,train,DynamicNuclearNet\tif_data\train\out\HeLa-S3_nuc_pos20_q0_5c\HeLa-S3_nuc_pos20_q0_5c_trackmate.xml,22,0,,,35627,35557,0,41,0.0,41.0,42,42,death,seq0029_HeLa-S3_nuc_pos20_q0_5c:cell22,False
seq0029_HeLa-S3_nuc_pos20_q0_5c,HeLa-S3_nuc_pos20_q0_5c,DynamicNuclearNet,train,DynamicNuclearNet\tif_data\train\out\HeLa-S3_nuc_pos20_q0_5c\HeLa-S3_nuc_pos20_q0_5c_trackmate.xml,23,0,,,35628,35564,0,41,0.0,41.0,42,42,death,seq0029_HeLa-S3_nuc_pos20_q0_5c:cell23,False
seq0029_HeLa-S3_nuc_pos20_q0_5c,HeLa-S3_nuc_pos20_q0_5c,DynamicNuclearNet,train,DynamicNuclearNet\tif_data\train\out\HeLa-S3_nuc_pos20_q0_5c\HeLa-S3_nuc_pos20_q0_5c_trackmate.xml,24,0,,,35629,34586,0,15,0.0,15.0,16,16,death,seq0029_HeLa-S3_nuc_pos20_q0_5c:cell24,False
seq0029_HeLa-S3_nuc_pos20_q0_5c,HeLa-S3_nuc_pos20_q0_5c,DynamicNuclearNet,train,DynamicNuclearNet\tif_data\train\out\HeLa-S3_nuc_pos20_q0_5c\HeLa-S3_nuc_pos20_q0_5c_trackmate.xml,25,0,,,35630,35572,0,41,0.0,41.0,42,42,death,seq0029_HeLa-S3_nuc_pos20_q0_5c:cell25,False
seq0029_HeLa-S3_nuc_pos20_q0_5c,HeLa-S3_nuc_pos20_q0_5c,DynamicNuclearNet,train,DynamicNuclearNet\tif_data\train\out\HeLa-S3_nuc_pos20_q0_5c\HeLa-S3_nuc_pos20_q0_5c_trackmate.xml,26,0,,,35631,34273,0,1,0.0,1.0,2,2,death,seq0029_HeLa-S3_nuc_pos20_q0_5c:cell26,False
seq0029_HeLa-S3_nuc_pos20_q0_5c,HeLa-S3_nuc_pos20_q0_5c,DynamicNuclearNet,train,DynamicNuclearNet\tif_data\train\out\HeLa-S3_nuc_pos20_q0_5c\HeLa-S3_nuc_pos20_q0_5c_trackmate.xml,27,0,,,35632,35575,0,41,0.0,41.0,42,42,death,seq0029_HeLa-S3_nuc_pos20_q0_5c:cell27,False
seq0029_HeLa-S3_nuc_pos20_q0_5c,HeLa-S3_nuc_pos20_q0_5c,DynamicNuclearNet,train,DynamicNuclearNet\tif_data\train\out\HeLa-S3_nuc_pos20_q0_5c\HeLa-S3_nuc_pos20_q0_5c_trackmate.xml,28,0,,,35633,35578,0,41,0.0,41.0,42,42,death,seq0029_HeLa-S3_nuc_pos20_q0_5c:cell28,False
seq0029_HeLa-S3_nuc_pos20_q0_5c,HeLa-S3_nuc_pos20_q0_5c,DynamicNuclearNet,train,DynamicNuclearNet\tif_data\train\out\HeLa-S3_nuc_pos20_q0_5c\HeLa-S3_nuc_pos20_q0_5c_trackmate.xml,29,0,,,35635,35587,0,41,0.0,41.0,42,42,death,seq0029_HeLa-S3_nuc_pos20_q0_5c:cell29,False
seq0029_HeLa-S3_nuc_pos20_q0_5c,HeLa-S3_nuc_pos20_q0_5c,DynamicNuclearNet,train,DynamicNuclearNet\tif_data\train\out\HeLa-S3_nuc_pos20_q0_5c\HeLa-S3_nuc_pos20_q0_5c_trackmate.xml,30,0,,,35636,35590,0,41,0.0,41.0,42,42,death,seq0029_HeLa-S3_nuc_pos20_q0_5c:cell30,False
seq0029_HeLa-S3_nuc_pos20_q0_5c,HeLa-S3_nuc_pos20_q0_5c,DynamicNuclearNet,train,DynamicNuclearNet\tif_data\train\out\HeLa-S3_nuc_pos20_q0_5c\HeLa-S3_nuc_pos20_q0_5c_trackmate.xml,31,0,,,35637,35596,0,41,0.0,41.0,42,42,death,seq0029_HeLa-S3_nuc_pos20_q0_5c:cell31,False
seq0029_HeLa-S3_nuc_pos20_q0_5c,HeLa-S3_nuc_pos20_q0_5c,DynamicNuclearNet,train,DynamicNuclearNet\tif_data\train\out\HeLa-S3_nuc_pos20_q0_5c\HeLa-S3_nuc_pos20_q0_5c_trackmate.xml,32,0,,,35638,34312,0,1,0.0,1.0,2,2,death,seq0029_HeLa-S3_nuc_pos20_q0_5c:cell32,False
seq0029_HeLa-S3_nuc_pos20_q0_5c,HeLa-S3_nuc_pos20_q0_5c,DynamicNuclearNet,train,DynamicNuclearNet\tif_data\train\out\HeLa-S3_nuc_pos20_q0_5c\HeLa-S3_nuc_pos20_q0_5c_trackmate.xml,33,0,,,34286,34286,1,1,1.0,1.0,1,1,death,seq0029_HeLa-S3_nuc_pos20_q0_5c:cell33,False
seq0029_HeLa-S3_nuc_pos20_q0_5c,HeLa-S3_nuc_pos20_q0_5c,DynamicNuclearNet,train,DynamicNuclearNet\tif_data\train\out\HeLa-S3_nuc_pos20_q0_5c\HeLa-S3_nuc_pos20_q0_5c_trackmate.xml,34,0,,,34304,34245,1,3,1.0,3.0,3,3,death,seq0029_HeLa-S3_nuc_pos20_q0_5c:cell34,False
seq0029_HeLa-S3_nuc_pos20_q0_5c,HeLa-S3_nuc_pos20_q0_5c,DynamicNuclearNet,train,DynamicNuclearNet\tif_data\train\out\HeLa-S3_nuc_pos20_q0_5c\HeLa-S3_nuc_pos20_q0_5c_trackmate.xml,35,0,,,33947,34197,2,4,2.0,4.0,3,3,death,seq0029_HeLa-S3_nuc_pos20_q0_5c:cell35,False
seq0029_HeLa-S3_nuc_pos20_q0_5c,HeLa-S3_nuc_pos20_q0_5c,DynamicNuclearNet,train,DynamicNuclearNet\tif_data\train\out\HeLa-S3_nuc_pos20_q0_5c\HeLa-S3_nuc_pos20_q0_5c_trackmate.xml,36,0,,,34213,34213,3,3,3.0,3.0,1,1,death,seq0029_HeLa-S3_nuc_pos20_q0_5c:cell36,False
seq0029_HeLa-S3_nuc_pos20_q0_5c,HeLa-S3_nuc_pos20_q0_5c,DynamicNuclearNet,train,DynamicNuclearNet\tif_data\train\out\HeLa-S3_nuc_pos20_q0_5c\HeLa-S3_nuc_pos20_q0_5c_trackmate.xml,37,0,,,34287,34818,3,23,3.0,23.0,21,21,death,seq0029_HeLa-S3_nuc_pos20_q0_5c:cell37,False
seq0029_HeLa-S3_nuc_pos20_q0_5c,HeLa-S3_nuc_pos20_q0_5c,DynamicNuclearNet,train,DynamicNuclearNet\tif_data\train\out\HeLa-S3_nuc_pos20_q0_5c\HeLa-S3_nuc_pos20_q0_5c_trackmate.xml,38,0,,,34192,34192,4,4,4.0,4.0,1,1,death,seq0029_HeLa-S3_nuc_pos20_q0_5c:cell38,False
seq0029_HeLa-S3_nuc_pos20_q0_5c,HeLa-S3_nuc_pos20_q0_5c,DynamicNuclearNet,train,DynamicNuclearNet\tif_data\train\out\HeLa-S3_nuc_pos20_q0_5c\HeLa-S3_nuc_pos20_q0_5c_trackmate.xml,39,0,,,34233,34233,4,4,4.0,4.0,1,1,death,seq0029_HeLa-S3_nuc_pos20_q0_5c:cell39,False
seq0029_HeLa-S3_nuc_pos20_q0_5c,HeLa-S3_nuc_pos20_q0_5c,DynamicNuclearNet,train,DynamicNuclearNet\tif_data\train\out\HeLa-S3_nuc_pos20_q0_5c\HeLa-S3_nuc_pos20_q0_5c_trackmate.xml,40,0,,,34276,34276,5,5,5.0,5.0,1,1,death,seq0029_HeLa-S3_nuc_pos20_q0_5c:cell40,False
seq0029_HeLa-S3_nuc_pos20_q0_5c,HeLa-S3_nuc_pos20_q0_5c,DynamicNuclearNet,train,DynamicNuclearNet\tif_data\train\out\HeLa-S3_nuc_pos20_q0_5c\HeLa-S3_nuc_pos20_q0_5c_trackmate.xml,41,0,,,34281,34376,5,12,5.0,12.0,8,8,death,seq0029_HeLa-S3_nuc_pos20_q0_5c:cell41,False
seq0029_HeLa-S3_nuc_pos20_q0_5c,HeLa-S3_nuc_pos20_q0_5c,DynamicNuclearNet,train,DynamicNuclearNet\tif_data\train\out\HeLa-S3_nuc_pos20_q0_5c\HeLa-S3_nuc_pos20_q0_5c_trackmate.xml,42,0,,,34058,34328,6,8,6.0,8.0,3,3,death,seq0029_HeLa-S3_nuc_pos20_q0_5c:cell42,False
seq0029_HeLa-S3_nuc_pos20_q0_5c,HeLa-S3_nuc_pos20_q0_5c,DynamicNuclearNet,train,DynamicNuclearNet\tif_data\train\out\HeLa-S3_nuc_pos20_q0_5c\HeLa-S3_nuc_pos20_q0_5c_trackmate.xml,43,0,,,34167,34167,7,7,7.0,7.0,1,1,death,seq0029_HeLa-S3_nuc_pos20_q0_5c:cell43,False
seq0029_HeLa-S3_nuc_pos20_q0_5c,HeLa-S3_nuc_pos20_q0_5c,DynamicNuclearNet,train,DynamicNuclearNet\tif_data\train\out\HeLa-S3_nuc_pos20_q0_5c\HeLa-S3_nuc_pos20_q0_5c_trackmate.xml,44,0,,,34261,34336,7,8,7.0,8.0,2,2,death,seq0029_HeLa-S3_nuc_pos20_q0_5c:cell44,False
seq0029_HeLa-S3_nuc_pos20_q0_5c,HeLa-S3_nuc_pos20_q0_5c,DynamicNuclearNet,train,DynamicNuclearNet\tif_data\train\out\HeLa-S3_nuc_pos20_q0_5c\HeLa-S3_nuc_pos20_q0_5c_trackmate.xml,45,0,,,34283,34031,8,9,8.0,9.0,2,2,death,seq0029_HeLa-S3_nuc_pos20_q0_5c:cell45,False
seq0029_HeLa-S3_nuc_pos20_q0_5c,HeLa-S3_nuc_pos20_q0_5c,DynamicNuclearNet,train,DynamicNuclearNet\tif_data\train\out\HeLa-S3_nuc_pos20_q0_5c\HeLa-S3_nuc_pos20_q0_5c_trackmate.xml,46,0,,,34338,34338,8,8,8.0,8.0,1,1,death,seq0029_HeLa-S3_nuc_pos20_q0_5c:cell46,False
seq0029_HeLa-S3_nuc_pos20_q0_5c,HeLa-S3_nuc_pos20_q0_5c,DynamicNuclearNet,train,DynamicNuclearNet\tif_data\train\out\HeLa-S3_nuc_pos20_q0_5c\HeLa-S3_nuc_pos20_q0_5c_trackmate.xml,47,0,,,34118,34118,9,9,9.0,9.0,1,1,death,seq0029_HeLa-S3_nuc_pos20_q0_5c:cell47,False
seq0029_HeLa-S3_nuc_pos20_q0_5c,HeLa-S3_nuc_pos20_q0_5c,DynamicNuclearNet,train,DynamicNuclearNet\tif_data\train\out\HeLa-S3_nuc_pos20_q0_5c\HeLa-S3_nuc_pos20_q0_5c_trackmate.xml,48,0,,,34130,34130,10,10,10.0,10.0,1,1,death,seq0029_HeLa-S3_nuc_pos20_q0_5c:cell48,False
seq0029_HeLa-S3_nuc_pos20_q0_5c,HeLa-S3_nuc_pos20_q0_5c,DynamicNuclearNet,train,DynamicNuclearNet\tif_data\train\out\HeLa-S3_nuc_pos20_q0_5c\HeLa-S3_nuc_pos20_q0_5c_trackmate.xml,49,0,,,34225,34225,10,10,10.0,10.0,1,1,death,seq0029_HeLa-S3_nuc_pos20_q0_5c:cell49,False
seq0029_HeLa-S3_nuc_pos20_q0_5c,HeLa-S3_nuc_pos20_q0_5c,DynamicNuclearNet,train,DynamicNuclearNet\tif_data\train\out\HeLa-S3_nuc_pos20_q0_5c\HeLa-S3_nuc_pos20_q0_5c_trackmate.xml,50,0,,,34005,35475,11,41,11.0,41.0,31,31,death,seq0029_HeLa-S3_nuc_pos20_q0_5c:cell50,False
seq0029_HeLa-S3_nuc_pos20_q0_5c,HeLa-S3_nuc_pos20_q0_5c,DynamicNuclearNet,train,DynamicNuclearNet\tif_data\train\out\HeLa-S3_nuc_pos20_q0_5c\HeLa-S3_nuc_pos20_q0_5c_trackmate.xml,51,0,,,34106,35501,11,41,11.0,41.0,31,31,death,seq0029_HeLa-S3_nuc_pos20_q0_5c:cell51,False
seq0029_HeLa-S3_nuc_pos20_q0_5c,HeLa-S3_nuc_pos20_q0_5c,DynamicNuclearNet,train,DynamicNuclearNet\tif_data\train\out\HeLa-S3_nuc_pos20_q0_5c\HeLa-S3_nuc_pos20_q0_5c_trackmate.xml,52,0,,,34111,34111,11,11,11.0,11.0,1,1,death,seq0029_HeLa-S3_nuc_pos20_q0_5c:cell52,False
seq0029_HeLa-S3_nuc_pos20_q0_5c,HeLa-S3_nuc_pos20_q0_5c,DynamicNuclearNet,train,DynamicNuclearNet\tif_data\train\out\HeLa-S3_nuc_pos20_q0_5c\HeLa-S3_nuc_pos20_q0_5c_trackmate.xml,53,0,,,34358,34476,12,15,12.0,15.0,4,4,death,seq0029_HeLa-S3_nuc_pos20_q0_5c:cell53,False
seq0029_HeLa-S3_nuc_pos20_q0_5c,HeLa-S3_nuc_pos20_q0_5c,DynamicNuclearNet,train,DynamicNuclearNet\tif_data\train\out\HeLa-S3_nuc_pos20_q0_5c\HeLa-S3_nuc_pos20_q0_5c_trackmate.xml,54,0,,,34360,35525,12,41,12.0,41.0,30,30,death,seq0029_HeLa-S3_nuc_pos20_q0_5c:cell54,False
seq0029_HeLa-S3_nuc_pos20_q0_5c,HeLa-S3_nuc_pos20_q0_5c,DynamicNuclearNet,train,DynamicNuclearNet\tif_data\train\out\HeLa-S3_nuc_pos20_q0_5c\HeLa-S3_nuc_pos20_q0_5c_trackmate.xml,55,0,,,34378,34378,12,12,12.0,12.0,1,1,death,seq0029_HeLa-S3_nuc_pos20_q0_5c:cell55,False
seq0029_HeLa-S3_nuc_pos20_q0_5c,HeLa-S3_nuc_pos20_q0_5c,DynamicNuclearNet,train,DynamicNuclearNet\tif_data\train\out\HeLa-S3_nuc_pos20_q0_5c\HeLa-S3_nuc_pos20_q0_5c_trackmate.xml,56,0,,,34442,35540,13,41,13.0,41.0,29,29,death,seq0029_HeLa-S3_nuc_pos20_q0_5c:cell56,False
seq0029_HeLa-S3_nuc_pos20_q0_5c,HeLa-S3_nuc_pos20_q0_5c,DynamicNuclearNet,train,DynamicNuclearNet\tif_data\train\out\HeLa-S3_nuc_pos20_q0_5c\HeLa-S3_nuc_pos20_q0_5c_trackmate.xml,57,0,,,34451,35546,13,41,13.0,41.0,29,29,death,seq0029_HeLa-S3_nuc_pos20_q0_5c:cell57,False
seq0029_HeLa-S3_nuc_pos20_q0_5c,HeLa-S3_nuc_pos20_q0_5c,DynamicNuclearNet,train,DynamicNuclearNet\tif_data\train\out\HeLa-S3_nuc_pos20_q0_5c\HeLa-S3_nuc_pos20_q0_5c_trackmate.xml,58,0,,,34606,35581,15,41,15.0,41.0,27,27,death,seq0029_HeLa-S3_nuc_pos20_q0_5c:cell58,False
seq0029_HeLa-S3_nuc_pos20_q0_5c,HeLa-S3_nuc_pos20_q0_5c,DynamicNuclearNet,train,DynamicNuclearNet\tif_data\train\out\HeLa-S3_nuc_pos20_q0_5c\HeLa-S3_nuc_pos20_q0_5c_trackmate.xml,59,0,,,34620,34620,15,15,15.0,15.0,1,1,death,seq0029_HeLa-S3_nuc_pos20_q0_5c:cell59,False
seq0029_HeLa-S3_nuc_pos20_q0_5c,HeLa-S3_nuc_pos20_q0_5c,DynamicNuclearNet,train,DynamicNuclearNet\tif_data\train\out\HeLa-S3_nuc_pos20_q0_5c\HeLa-S3_nuc_pos20_q0_5c_trackmate.xml,60,0,,,34499,35506,16,41,16.0,41.0,26,26,death,seq0029_HeLa-S3_nuc_pos20_q0_5c:cell60,False
seq0029_HeLa-S3_nuc_pos20_q0_5c,HeLa-S3_nuc_pos20_q0_5c,DynamicNuclearNet,train,DynamicNuclearNet\tif_data\train\out\HeLa-S3_nuc_pos20_q0_5c\HeLa-S3_nuc_pos20_q0_5c_trackmate.xml,61,0,,,34589,34589,16,16,16.0,16.0,1,1,death,seq0029_HeLa-S3_nuc_pos20_q0_5c:cell61,False
seq0029_HeLa-S3_nuc_pos20_q0_5c,HeLa-S3_nuc_pos20_q0_5c,DynamicNuclearNet,train,DynamicNuclearNet\tif_data\train\out\HeLa-S3_nuc_pos20_q0_5c\HeLa-S3_nuc_pos20_q0_5c_trackmate.xml,62,0,,,34743,34686,17,19,17.0,19.0,3,3,death,seq0029_HeLa-S3_nuc_pos20_q0_5c:cell62,False
seq0029_HeLa-S3_nuc_pos20_q0_5c,HeLa-S3_nuc_pos20_q0_5c,DynamicNuclearNet,train,DynamicNuclearNet\tif_data\train\out\HeLa-S3_nuc_pos20_q0_5c\HeLa-S3_nuc_pos20_q0_5c_trackmate.xml,63,0,,,34591,35549,18,41,18.0,41.0,24,24,death,seq0029_HeLa-S3_nuc_pos20_q0_5c:cell63,False
seq0029_HeLa-S3_nuc_pos20_q0_5c,HeLa-S3_nuc_pos20_q0_5c,DynamicNuclearNet,train,DynamicNuclearNet\tif_data\train\out\HeLa-S3_nuc_pos20_q0_5c\HeLa-S3_nuc_pos20_q0_5c_trackmate.xml,64,0,,,34714,34813,21,23,21.0,23.0,3,3,death,seq0029_HeLa-S3_nuc_pos20_q0_5c:cell64,False
seq0029_HeLa-S3_nuc_pos20_q0_5c,HeLa-S3_nuc_pos20_q0_5c,DynamicNuclearNet,train,DynamicNuclearNet\tif_data\train\out\HeLa-S3_nuc_pos20_q0_5c\HeLa-S3_nuc_pos20_q0_5c_trackmate.xml,65,0,,,34775,34775,22,22,22.0,22.0,1,1,death,seq0029_HeLa-S3_nuc_pos20_q0_5c:cell65,False
seq0029_HeLa-S3_nuc_pos20_q0_5c,HeLa-S3_nuc_pos20_q0_5c,DynamicNuclearNet,train,DynamicNuclearNet\tif_data\train\out\HeLa-S3_nuc_pos20_q0_5c\HeLa-S3_nuc_pos20_q0_5c_trackmate.xml,66,0,,,34943,35107,24,30,24.0,30.0,7,7,death,seq0029_HeLa-S3_nuc_pos20_q0_5c:cell66,False
seq0029_HeLa-S3_nuc_pos20_q0_5c,HeLa-S3_nuc_pos20_q0_5c,DynamicNuclearNet,train,DynamicNuclearNet\tif_data\train\out\HeLa-S3_nuc_pos20_q0_5c\HeLa-S3_nuc_pos20_q0_5c_trackmate.xml,67,0,,,35036,35286,25,34,25.0,34.0,10,10,death,seq0029_HeLa-S3_nuc_pos20_q0_5c:cell67,False
seq0029_HeLa-S3_nuc_pos20_q0_5c,HeLa-S3_nuc_pos20_q0_5c,DynamicNuclearNet,train,DynamicNuclearNet\tif_data\train\out\HeLa-S3_nuc_pos20_q0_5c\HeLa-S3_nuc_pos20_q0_5c_trackmate.xml,68,0,,,35049,35042,25,26,25.0,26.0,2,2,death,seq0029_HeLa-S3_nuc_pos20_q0_5c:cell68,False
seq0029_HeLa-S3_nuc_pos20_q0_5c,HeLa-S3_nuc_pos20_q0_5c,DynamicNuclearNet,train,DynamicNuclearNet\tif_data\train\out\HeLa-S3_nuc_pos20_q0_5c\HeLa-S3_nuc_pos20_q0_5c_trackmate.xml,69,0,,,35059,35059,25,25,25.0,25.0,1,1,death,seq0029_HeLa-S3_nuc_pos20_q0_5c:cell69,False
seq0029_HeLa-S3_nuc_pos20_q0_5c,HeLa-S3_nuc_pos20_q0_5c,DynamicNuclearNet,train,DynamicNuclearNet\tif_data\train\out\HeLa-S3_nuc_pos20_q0_5c\HeLa-S3_nuc_pos20_q0_5c_trackmate.xml,70,0,,,35032,35584,26,41,26.0,41.0,16,16,death,seq0029_HeLa-S3_nuc_pos20_q0_5c:cell70,False
seq0029_HeLa-S3_nuc_pos20_q0_5c,HeLa-S3_nuc_pos20_q0_5c,DynamicNuclearNet,train,DynamicNuclearNet\tif_data\train\out\HeLa-S3_nuc_pos20_q0_5c\HeLa-S3_nuc_pos20_q0_5c_trackmate.xml,71,0,,,35189,35189,28,28,28.0,28.0,1,1,death,seq0029_HeLa-S3_nuc_pos20_q0_5c:cell71,False
seq0029_HeLa-S3_nuc_pos20_q0_5c,HeLa-S3_nuc_pos20_q0_5c,DynamicNuclearNet,train,DynamicNuclearNet\tif_data\train\out\HeLa-S3_nuc_pos20_q0_5c\HeLa-S3_nuc_pos20_q0_5c_trackmate.xml,72,0,,,35219,35081,28,29,28.0,29.0,2,2,death,seq0029_HeLa-S3_nuc_pos20_q0_5c:cell72,False
seq0029_HeLa-S3_nuc_pos20_q0_5c,HeLa-S3_nuc_pos20_q0_5c,DynamicNuclearNet,train,DynamicNuclearNet\tif_data\train\out\HeLa-S3_nuc_pos20_q0_5c\HeLa-S3_nuc_pos20_q0_5c_trackmate.xml,73,0,,,35220,35220,28,28,28.0,28.0,1,1,death,seq0029_HeLa-S3_nuc_pos20_q0_5c:cell73,False
seq0029_HeLa-S3_nuc_pos20_q0_5c,HeLa-S3_nuc_pos20_q0_5c,DynamicNuclearNet,train,DynamicNuclearNet\tif_data\train\out\HeLa-S3_nuc_pos20_q0_5c\HeLa-S3_nuc_pos20_q0_5c_trackmate.xml,74,0,,,35228,35593,28,41,28.0,41.0,14,14,death,seq0029_HeLa-S3_nuc_pos20_q0_5c:cell74,False
seq0029_HeLa-S3_nuc_pos20_q0_5c,HeLa-S3_nuc_pos20_q0_5c,DynamicNuclearNet,train,DynamicNuclearNet\tif_data\train\out\HeLa-S3_nuc_pos20_q0_5c\HeLa-S3_nuc_pos20_q0_5c_trackmate.xml,75,0,,,35232,35232,28,28,28.0,28.0,1,1,death,seq0029_HeLa-S3_nuc_pos20_q0_5c:cell75,False
seq0029_HeLa-S3_nuc_pos20_q0_5c,HeLa-S3_nuc_pos20_q0_5c,DynamicNuclearNet,train,DynamicNuclearNet\tif_data\train\out\HeLa-S3_nuc_pos20_q0_5c\HeLa-S3_nuc_pos20_q0_5c_trackmate.xml,76,0,,94|95,35210,35239,32,33,32.0,33.0,2,2,division,seq0029_HeLa-S3_nuc_pos20_q0_5c:cell76,True
seq0029_HeLa-S3_nuc_pos20_q0_5c,HeLa-S3_nuc_pos20_q0_5c,DynamicNuclearNet,train,DynamicNuclearNet\tif_data\train\out\HeLa-S3_nuc_pos20_q0_5c\HeLa-S3_nuc_pos20_q0_5c_trackmate.xml,77,0,,,35214,35214,32,32,32.0,32.0,1,1,death,seq0029_HeLa-S3_nuc_pos20_q0_5c:cell77,False
seq0029_HeLa-S3_nuc_pos20_q0_5c,HeLa-S3_nuc_pos20_q0_5c,DynamicNuclearNet,train,DynamicNuclearNet\tif_data\train\out\HeLa-S3_nuc_pos20_q0_5c\HeLa-S3_nuc_pos20_q0_5c_trackmate.xml,78,0,,,35176,35442,33,36,33.0,36.0,4,4,death,seq0029_HeLa-S3_nuc_pos20_q0_5c:cell78,False
seq0029_HeLa-S3_nuc_pos20_q0_5c,HeLa-S3_nuc_pos20_q0_5c,DynamicNuclearNet,train,DynamicNuclearNet\tif_data\train\out\HeLa-S3_nuc_pos20_q0_5c\HeLa-S3_nuc_pos20_q0_5c_trackmate.xml,79,0,,,35293,35293,34,34,34.0,34.0,1,1,death,seq0029_HeLa-S3_nuc_pos20_q0_5c:cell79,False
seq0029_HeLa-S3_nuc_pos20_q0_5c,HeLa-S3_nuc_pos20_q0_5c,DynamicNuclearNet,train,DynamicNuclearNet\tif_data\train\out\HeLa-S3_nuc_pos20_q0_5c\HeLa-S3_nuc_pos20_q0_5c_trackmate.xml,80,0,,,35388,35463,35,36,35.0,36.0,2,2,death,seq0029_HeLa-S3_nuc_pos20_q0_5c:cell80,False
seq0029_HeLa-S3_nuc_pos20_q0_5c,HeLa-S3_nuc_pos20_q0_5c,DynamicNuclearNet,train,DynamicNuclearNet\tif_data\train\out\HeLa-S3_nuc_pos20_q0_5c\HeLa-S3_nuc_pos20_q0_5c_trackmate.xml,81,0,,,35408,35341,36,37,36.0,37.0,2,2,death,seq0029_HeLa-S3_nuc_pos20_q0_5c:cell81,False
seq0029_HeLa-S3_nuc_pos20_q0_5c,HeLa-S3_nuc_pos20_q0_5c,DynamicNuclearNet,train,DynamicNuclearNet\tif_data\train\out\HeLa-S3_nuc_pos20_q0_5c\HeLa-S3_nuc_pos20_q0_5c_trackmate.xml,82,0,,,35425,35509,36,41,36.0,41.0,6,6,death,seq0029_HeLa-S3_nuc_pos20_q0_5c:cell82,False
seq0029_HeLa-S3_nuc_pos20_q0_5c,HeLa-S3_nuc_pos20_q0_5c,DynamicNuclearNet,train,DynamicNuclearNet\tif_data\train\out\HeLa-S3_nuc_pos20_q0_5c\HeLa-S3_nuc_pos20_q0_5c_trackmate.xml,83,0,,,35470,35419,36,37,36.0,37.0,2,2,death,seq0029_HeLa-S3_nuc_pos20_q0_5c:cell83,False
seq0029_HeLa-S3_nuc_pos20_q0_5c,HeLa-S3_nuc_pos20_q0_5c,DynamicNuclearNet,train,DynamicNuclearNet\tif_data\train\out\HeLa-S3_nuc_pos20_q0_5c\HeLa-S3_nuc_pos20_q0_5c_trackmate.xml,84,0,,,35322,35319,37,38,37.0,38.0,2,2,death,seq0029_HeLa-S3_nuc_pos20_q0_5c:cell84,False
seq0029_HeLa-S3_nuc_pos20_q0_5c,HeLa-S3_nuc_pos20_q0_5c,DynamicNuclearNet,train,DynamicNuclearNet\tif_data\train\out\HeLa-S3_nuc_pos20_q0_5c\HeLa-S3_nuc_pos20_q0_5c_trackmate.xml,85,0,,,35336,35496,38,41,38.0,41.0,4,4,death,seq0029_HeLa-S3_nuc_pos20_q0_5c:cell85,False
seq0029_HeLa-S3_nuc_pos20_q0_5c,HeLa-S3_nuc_pos20_q0_5c,DynamicNuclearNet,train,DynamicNuclearNet\tif_data\train\out\HeLa-S3_nuc_pos20_q0_5c\HeLa-S3_nuc_pos20_q0_5c_trackmate.xml,86,0,,,35563,35563,39,39,39.0,39.0,1,1,death,seq0029_HeLa-S3_nuc_pos20_q0_5c:cell86,False
seq0029_HeLa-S3_nuc_pos20_q0_5c,HeLa-S3_nuc_pos20_q0_5c,DynamicNuclearNet,train,DynamicNuclearNet\tif_data\train\out\HeLa-S3_nuc_pos20_q0_5c\HeLa-S3_nuc_pos20_q0_5c_trackmate.xml,87,0,,,35577,35586,39,40,39.0,40.0,2,2,death,seq0029_HeLa-S3_nuc_pos20_q0_5c:cell87,False
seq0029_HeLa-S3_nuc_pos20_q0_5c,HeLa-S3_nuc_pos20_q0_5c,DynamicNuclearNet,train,DynamicNuclearNet\tif_data\train\out\HeLa-S3_nuc_pos20_q0_5c\HeLa-S3_nuc_pos20_q0_5c_trackmate.xml,88,0,,,35477,35477,41,41,41.0,41.0,1,1,death,seq0029_HeLa-S3_nuc_pos20_q0_5c:cell88,False
seq0029_HeLa-S3_nuc_pos20_q0_5c,HeLa-S3_nuc_pos20_q0_5c,DynamicNuclearNet,train,DynamicNuclearNet\tif_data\train\out\HeLa-S3_nuc_pos20_q0_5c\HeLa-S3_nuc_pos20_q0_5c_trackmate.xml,89,0,,,35569,35569,41,41,41.0,41.0,1,1,death,seq0029_HeLa-S3_nuc_pos20_q0_5c:cell89,False
seq0029_HeLa-S3_nuc_pos20_q0_5c,HeLa-S3_nuc_pos20_q0_5c,DynamicNuclearNet,train,DynamicNuclearNet\tif_data\train\out\HeLa-S3_nuc_pos20_q0_5c\HeLa-S3_nuc_pos20_q0_5c_trackmate.xml,90,1,14,,35368,35522,38,41,38.0,41.0,4,4,death,seq0029_HeLa-S3_nuc_pos20_q0_5c:cell90,False
seq0029_HeLa-S3_nuc_pos20_q0_5c,HeLa-S3_nuc_pos20_q0_5c,DynamicNuclearNet,train,DynamicNuclearNet\tif_data\train\out\HeLa-S3_nuc_pos20_q0_5c\HeLa-S3_nuc_pos20_q0_5c_trackmate.xml,91,1,14,,35378,35536,38,41,38.0,41.0,4,4,death,seq0029_HeLa-S3_nuc_pos20_q0_5c:cell91,False
seq0029_HeLa-S3_nuc_pos20_q0_5c,HeLa-S3_nuc_pos20_q0_5c,DynamicNuclearNet,train,DynamicNuclearNet\tif_data\train\out\HeLa-S3_nuc_pos20_q0_5c\HeLa-S3_nuc_pos20_q0_5c_trackmate.xml,92,1,17,96|97,34715,34890,20,24,20.0,24.0,5,5,division,seq0029_HeLa-S3_nuc_pos20_q0_5c:cell92,True
seq0029_HeLa-S3_nuc_pos20_q0_5c,HeLa-S3_nuc_pos20_q0_5c,DynamicNuclearNet,train,DynamicNuclearNet\tif_data\train\out\HeLa-S3_nuc_pos20_q0_5c\HeLa-S3_nuc_pos20_q0_5c_trackmate.xml,93,1,17,,34718,34718,20,20,20.0,20.0,1,1,death,seq0029_HeLa-S3_nuc_pos20_q0_5c:cell93,False
seq0029_HeLa-S3_nuc_pos20_q0_5c,HeLa-S3_nuc_pos20_q0_5c,DynamicNuclearNet,train,DynamicNuclearNet\tif_data\train\out\HeLa-S3_nuc_pos20_q0_5c\HeLa-S3_nuc_pos20_q0_5c_trackmate.xml,94,1,76,,35282,35567,34,41,34.0,41.0,8,8,death,seq0029_HeLa-S3_nuc_pos20_q0_5c:cell94,False
seq0029_HeLa-S3_nuc_pos20_q0_5c,HeLa-S3_nuc_pos20_q0_5c,DynamicNuclearNet,train,DynamicNuclearNet\tif_data\train\out\HeLa-S3_nuc_pos20_q0_5c\HeLa-S3_nuc_pos20_q0_5c_trackmate.xml,95,1,76,,35283,35283,34,34,34.0,34.0,1,1,death,seq0029_HeLa-S3_nuc_pos20_q0_5c:cell95,False
seq0029_HeLa-S3_nuc_pos20_q0_5c,HeLa-S3_nuc_pos20_q0_5c,DynamicNuclearNet,train,DynamicNuclearNet\tif_data\train\out\HeLa-S3_nuc_pos20_q0_5c\HeLa-S3_nuc_pos20_q0_5c_trackmate.xml,96,2,92,,34974,34955,25,26,25.0,26.0,2,2,death,seq0029_HeLa-S3_nuc_pos20_q0_5c:cell96,False
seq0029_HeLa-S3_nuc_pos20_q0_5c,HeLa-S3_nuc_pos20_q0_5c,DynamicNuclearNet,train,DynamicNuclearNet\tif_data\train\out\HeLa-S3_nuc_pos20_q0_5c\HeLa-S3_nuc_pos20_q0_5c_trackmate.xml,97,2,92,98|99,34977,34860,25,27,25.0,27.0,3,3,division,seq0029_HeLa-S3_nuc_pos20_q0_5c:cell97,True
seq0029_HeLa-S3_nuc_pos20_q0_5c,HeLa-S3_nuc_pos20_q0_5c,DynamicNuclearNet,train,DynamicNuclearNet\tif_data\train\out\HeLa-S3_nuc_pos20_q0_5c\HeLa-S3_nuc_pos20_q0_5c_trackmate.xml,98,3,97,,35179,35115,28,31,28.0,31.0,4,4,death,seq0029_HeLa-S3_nuc_pos20_q0_5c:cell98,False
seq0029_HeLa-S3_nuc_pos20_q0_5c,HeLa-S3_nuc_pos20_q0_5c,DynamicNuclearNet,train,DynamicNuclearNet\tif_data\train\out\HeLa-S3_nuc_pos20_q0_5c\HeLa-S3_nuc_pos20_q0_5c_trackmate.xml,99,3,97,,35186,35543,28,41,28.0,41.0,14,14,death,seq0029_HeLa-S3_nuc_pos20_q0_5c:cell99,False
seq0030_HeLa-S3_nuc_pos20_q2_5c,HeLa-S3_nuc_pos20_q2_5c,DynamicNuclearNet,train,DynamicNuclearNet\tif_data\train\out\HeLa-S3_nuc_pos20_q2_5c\HeLa-S3_nuc_pos20_q2_5c_trackmate.xml,0,0,,,36083,35780,0,18,0.0,18.0,19,19,death,seq0030_HeLa-S3_nuc_pos20_q2_5c:cell0,False
seq0030_HeLa-S3_nuc_pos20_q2_5c,HeLa-S3_nuc_pos20_q2_5c,DynamicNuclearNet,train,DynamicNuclearNet\tif_data\train\out\HeLa-S3_nuc_pos20_q2_5c\HeLa-S3_nuc_pos20_q2_5c_trackmate.xml,1,0,,,36085,36074,0,41,0.0,41.0,42,42,death,seq0030_HeLa-S3_nuc_pos20_q2_5c:cell1,False
seq0030_HeLa-S3_nuc_pos20_q2_5c,HeLa-S3_nuc_pos20_q2_5c,DynamicNuclearNet,train,DynamicNuclearNet\tif_data\train\out\HeLa-S3_nuc_pos20_q2_5c\HeLa-S3_nuc_pos20_q2_5c_trackmate.xml,2,0,,,36086,36078,0,41,0.0,41.0,42,42,death,seq0030_HeLa-S3_nuc_pos20_q2_5c:cell2,False
seq0030_HeLa-S3_nuc_pos20_q2_5c,HeLa-S3_nuc_pos20_q2_5c,DynamicNuclearNet,train,DynamicNuclearNet\tif_data\train\out\HeLa-S3_nuc_pos20_q2_5c\HeLa-S3_nuc_pos20_q2_5c_trackmate.xml,3,0,,,36088,36080,0,41,0.0,41.0,42,42,death,seq0030_HeLa-S3_nuc_pos20_q2_5c:cell3,False
seq0030_HeLa-S3_nuc_pos20_q2_5c,HeLa-S3_nuc_pos20_q2_5c,DynamicNuclearNet,train,DynamicNuclearNet\tif_data\train\out\HeLa-S3_nuc_pos20_q2_5c\HeLa-S3_nuc_pos20_q2_5c_trackmate.xml,4,0,,,36090,36081,0,41,0.0,41.0,42,42,death,seq0030_HeLa-S3_nuc_pos20_q2_5c:cell4,False
seq0030_HeLa-S3_nuc_pos20_q2_5c,HeLa-S3_nuc_pos20_q2_5c,DynamicNuclearNet,train,DynamicNuclearNet\tif_data\train\out\HeLa-S3_nuc_pos20_q2_5c\HeLa-S3_nuc_pos20_q2_5c_trackmate.xml,5,0,,,36092,36082,0,41,0.0,41.0,42,42,death,seq0030_HeLa-S3_nuc_pos20_q2_5c:cell5,False
seq0030_HeLa-S3_nuc_pos20_q2_5c,HeLa-S3_nuc_pos20_q2_5c,DynamicNuclearNet,train,DynamicNuclearNet\tif_data\train\out\HeLa-S3_nuc_pos20_q2_5c\HeLa-S3_nuc_pos20_q2_5c_trackmate.xml,6,0,,,36093,36028,0,37,0.0,37.0,38,38,death,seq0030_HeLa-S3_nuc_pos20_q2_5c:cell6,False
seq0030_HeLa-S3_nuc_pos20_q2_5c,HeLa-S3_nuc_pos20_q2_5c,DynamicNuclearNet,train,DynamicNuclearNet\tif_data\train\out\HeLa-S3_nuc_pos20_q2_5c\HeLa-S3_nuc_pos20_q2_5c_trackmate.xml,7,0,,,36094,36084,0,41,0.0,41.0,42,42,death,seq0030_HeLa-S3_nuc_pos20_q2_5c:cell7,False
seq0030_HeLa-S3_nuc_pos20_q2_5c,HeLa-S3_nuc_pos20_q2_5c,DynamicNuclearNet,train,DynamicNuclearNet\tif_data\train\out\HeLa-S3_nuc_pos20_q2_5c\HeLa-S3_nuc_pos20_q2_5c_trackmate.xml,8,0,,,36095,36087,0,41,0.0,41.0,42,42,death,seq0030_HeLa-S3_nuc_pos20_q2_5c:cell8,False
seq0030_HeLa-S3_nuc_pos20_q2_5c,HeLa-S3_nuc_pos20_q2_5c,DynamicNuclearNet,train,DynamicNuclearNet\tif_data\train\out\HeLa-S3_nuc_pos20_q2_5c\HeLa-S3_nuc_pos20_q2_5c_trackmate.xml,9,0,,,36096,35674,0,8,0.0,8.0,9,9,death,seq0030_HeLa-S3_nuc_pos20_q2_5c:cell9,False
seq0030_HeLa-S3_nuc_pos20_q2_5c,HeLa-S3_nuc_pos20_q2_5c,DynamicNuclearNet,train,DynamicNuclearNet\tif_data\train\out\HeLa-S3_nuc_pos20_q2_5c\HeLa-S3_nuc_pos20_q2_5c_trackmate.xml,10,0,,,35717,35759,9,13,9.0,13.0,5,5,death,seq0030_HeLa-S3_nuc_pos20_q2_5c:cell10,False
seq0030_HeLa-S3_nuc_pos20_q2_5c,HeLa-S3_nuc_pos20_q2_5c,DynamicNuclearNet,train,DynamicNuclearNet\tif_data\train\out\HeLa-S3_nuc_pos20_q2_5c\HeLa-S3_nuc_pos20_q2_5c_trackmate.xml,11,0,,,35750,36089,14,41,14.0,41.0,28,28,death,seq0030_HeLa-S3_nuc_pos20_q2_5c:cell11,False
seq0030_HeLa-S3_nuc_pos20_q2_5c,HeLa-S3_nuc_pos20_q2_5c,DynamicNuclearNet,train,DynamicNuclearNet\tif_data\train\out\HeLa-S3_nuc_pos20_q2_5c\HeLa-S3_nuc_pos20_q2_5c_trackmate.xml,12,0,,,35752,36091,14,41,14.0,41.0,28,28,death,seq0030_HeLa-S3_nuc_pos20_q2_5c:cell12,False
seq0030_HeLa-S3_nuc_pos20_q2_5c,HeLa-S3_nuc_pos20_q2_5c,DynamicNuclearNet,train,DynamicNuclearNet\tif_data\train\out\HeLa-S3_nuc_pos20_q2_5c\HeLa-S3_nuc_pos20_q2_5c_trackmate.xml,13,0,,,35788,35788,19,19,19.0,19.0,1,1,death,seq0030_HeLa-S3_nuc_pos20_q2_5c:cell13,False
seq0030_HeLa-S3_nuc_pos20_q2_5c,HeLa-S3_nuc_pos20_q2_5c,DynamicNuclearNet,train,DynamicNuclearNet\tif_data\train\out\HeLa-S3_nuc_pos20_q2_5c\HeLa-S3_nuc_pos20_q2_5c_trackmate.xml,14,0,,,35816,35851,20,23,20.0,23.0,4,4,death,seq0030_HeLa-S3_nuc_pos20_q2_5c:cell14,False
seq0030_HeLa-S3_nuc_pos20_q2_5c,HeLa-S3_nuc_pos20_q2_5c,DynamicNuclearNet,train,DynamicNuclearNet\tif_data\train\out\HeLa-S3_nuc_pos20_q2_5c\HeLa-S3_nuc_pos20_q2_5c_trackmate.xml,15,0,,,35870,35927,25,26,25.0,26.0,2,2,death,seq0030_HeLa-S3_nuc_pos20_q2_5c:cell15,False
seq0030_HeLa-S3_nuc_pos20_q2_5c,HeLa-S3_nuc_pos20_q2_5c,DynamicNuclearNet,train,DynamicNuclearNet\tif_data\train\out\HeLa-S3_nuc_pos20_q2_5c\HeLa-S3_nuc_pos20_q2_5c_trackmate.xml,16,0,,,35902,36071,27,41,27.0,41.0,15,15,death,seq0030_HeLa-S3_nuc_pos20_q2_5c:cell16,False
seq0030_HeLa-S3_nuc_pos20_q2_5c,HeLa-S3_nuc_pos20_q2_5c,DynamicNuclearNet,train,DynamicNuclearNet\tif_data\train\out\HeLa-S3_nuc_pos20_q2_5c\HeLa-S3_nuc_pos20_q2_5c_trackmate.xml,17,0,,,35904,36076,27,41,27.0,41.0,15,15,death,seq0030_HeLa-S3_nuc_pos20_q2_5c:cell17,False
seq0030_HeLa-S3_nuc_pos20_q2_5c,HeLa-S3_nuc_pos20_q2_5c,DynamicNuclearNet,train,DynamicNuclearNet\tif_data\train\out\HeLa-S3_nuc_pos20_q2_5c\HeLa-S3_nuc_pos20_q2_5c_trackmate.xml,18,0,,,36053,36053,40,40,40.0,40.0,1,1,death,seq0030_HeLa-S3_nuc_pos20_q2_5c:cell18,False
seq0030_HeLa-S3_nuc_pos20_q2_5c,HeLa-S3_nuc_pos20_q2_5c,DynamicNuclearNet,train,DynamicNuclearNet\tif_data\train\out\HeLa-S3_nuc_pos20_q2_5c\HeLa-S3_nuc_pos20_q2_5c_trackmate.xml,19,0,,,36070,36070,41,41,41.0,41.0,1,1,death,seq0030_HeLa-S3_nuc_pos20_q2_5c:cell19,False
seq0031_HeLa-S3_nuc_pos21_q1_5c,HeLa-S3_nuc_pos21_q1_5c,DynamicNuclearNet,train,DynamicNuclearNet\tif_data\train\out\HeLa-S3_nuc_pos21_q1_5c\HeLa-S3_nuc_pos21_q1_5c_trackmate.xml,0,0,,,36268,36581,0,41,0.0,41.0,42,42,death,seq0031_HeLa-S3_nuc_pos21_q1_5c:cell0,False
seq0031_HeLa-S3_nuc_pos21_q1_5c,HeLa-S3_nuc_pos21_q1_5c,DynamicNuclearNet,train,DynamicNuclearNet\tif_data\train\out\HeLa-S3_nuc_pos21_q1_5c\HeLa-S3_nuc_pos21_q1_5c_trackmate.xml,1,0,,,36269,36582,0,41,0.0,41.0,42,42,death,seq0031_HeLa-S3_nuc_pos21_q1_5c:cell1,False
seq0031_HeLa-S3_nuc_pos21_q1_5c,HeLa-S3_nuc_pos21_q1_5c,DynamicNuclearNet,train,DynamicNuclearNet\tif_data\train\out\HeLa-S3_nuc_pos21_q1_5c\HeLa-S3_nuc_pos21_q1_5c_trackmate.xml,2,0,,,36270,36584,0,41,0.0,41.0,42,42,death,seq0031_HeLa-S3_nuc_pos21_q1_5c:cell2,False
seq0031_HeLa-S3_nuc_pos21_q1_5c,HeLa-S3_nuc_pos21_q1_5c,DynamicNuclearNet,train,DynamicNuclearNet\tif_data\train\out\HeLa-S3_nuc_pos21_q1_5c\HeLa-S3_nuc_pos21_q1_5c_trackmate.xml,3,0,,,36271,36361,0,17,0.0,17.0,18,18,death,seq0031_HeLa-S3_nuc_pos21_q1_5c:cell3,False
seq0031_HeLa-S3_nuc_pos21_q1_5c,HeLa-S3_nuc_pos21_q1_5c,DynamicNuclearNet,train,DynamicNuclearNet\tif_data\train\out\HeLa-S3_nuc_pos21_q1_5c\HeLa-S3_nuc_pos21_q1_5c_trackmate.xml,4,0,,27|28,36272,36175,0,2,0.0,2.0,3,3,division,seq0031_HeLa-S3_nuc_pos21_q1_5c:cell4,True
seq0031_HeLa-S3_nuc_pos21_q1_5c,HeLa-S3_nuc_pos21_q1_5c,DynamicNuclearNet,train,DynamicNuclearNet\tif_data\train\out\HeLa-S3_nuc_pos21_q1_5c\HeLa-S3_nuc_pos21_q1_5c_trackmate.xml,5,0,,,36273,36587,0,41,0.0,41.0,42,42,death,seq0031_HeLa-S3_nuc_pos21_q1_5c:cell5,False
seq0031_HeLa-S3_nuc_pos21_q1_5c,HeLa-S3_nuc_pos21_q1_5c,DynamicNuclearNet,train,DynamicNuclearNet\tif_data\train\out\HeLa-S3_nuc_pos21_q1_5c\HeLa-S3_nuc_pos21_q1_5c_trackmate.xml,6,0,,,36274,36611,0,34,0.0,34.0,35,35,death,seq0031_HeLa-S3_nuc_pos21_q1_5c:cell6,False
seq0031_HeLa-S3_nuc_pos21_q1_5c,HeLa-S3_nuc_pos21_q1_5c,DynamicNuclearNet,train,DynamicNuclearNet\tif_data\train\out\HeLa-S3_nuc_pos21_q1_5c\HeLa-S3_nuc_pos21_q1_5c_trackmate.xml,7,0,,,36275,36475,0,27,0.0,27.0,28,28,death,seq0031_HeLa-S3_nuc_pos21_q1_5c:cell7,False
seq0031_HeLa-S3_nuc_pos21_q1_5c,HeLa-S3_nuc_pos21_q1_5c,DynamicNuclearNet,train,DynamicNuclearNet\tif_data\train\out\HeLa-S3_nuc_pos21_q1_5c\HeLa-S3_nuc_pos21_q1_5c_trackmate.xml,8,0,,,36276,36591,0,41,0.0,41.0,42,42,death,seq0031_HeLa-S3_nuc_pos21_q1_5c:cell8,False
seq0031_HeLa-S3_nuc_pos21_q1_5c,HeLa-S3_nuc_pos21_q1_5c,DynamicNuclearNet,train,DynamicNuclearNet\tif_data\train\out\HeLa-S3_nuc_pos21_q1_5c\HeLa-S3_nuc_pos21_q1_5c_trackmate.xml,9,0,,,36277,36592,0,41,0.0,41.0,42,42,death,seq0031_HeLa-S3_nuc_pos21_q1_5c:cell9,False
seq0031_HeLa-S3_nuc_pos21_q1_5c,HeLa-S3_nuc_pos21_q1_5c,DynamicNuclearNet,train,DynamicNuclearNet\tif_data\train\out\HeLa-S3_nuc_pos21_q1_5c\HeLa-S3_nuc_pos21_q1_5c_trackmate.xml,10,0,,,36278,36593,0,41,0.0,41.0,42,42,death,seq0031_HeLa-S3_nuc_pos21_q1_5c:cell10,False
seq0031_HeLa-S3_nuc_pos21_q1_5c,HeLa-S3_nuc_pos21_q1_5c,DynamicNuclearNet,train,DynamicNuclearNet\tif_data\train\out\HeLa-S3_nuc_pos21_q1_5c\HeLa-S3_nuc_pos21_q1_5c_trackmate.xml,11,0,,,36279,36207,0,2,0.0,2.0,3,3,death,seq0031_HeLa-S3_nuc_pos21_q1_5c:cell11,False
seq0031_HeLa-S3_nuc_pos21_q1_5c,HeLa-S3_nuc_pos21_q1_5c,DynamicNuclearNet,train,DynamicNuclearNet\tif_data\train\out\HeLa-S3_nuc_pos21_q1_5c\HeLa-S3_nuc_pos21_q1_5c_trackmate.xml,12,0,,,36322,36596,0,41,0.0,41.0,42,42,death,seq0031_HeLa-S3_nuc_pos21_q1_5c:cell12,False
seq0031_HeLa-S3_nuc_pos21_q1_5c,HeLa-S3_nuc_pos21_q1_5c,DynamicNuclearNet,train,DynamicNuclearNet\tif_data\train\out\HeLa-S3_nuc_pos21_q1_5c\HeLa-S3_nuc_pos21_q1_5c_trackmate.xml,13,0,,,36326,36223,0,4,0.0,4.0,5,5,death,seq0031_HeLa-S3_nuc_pos21_q1_5c:cell13,False
seq0031_HeLa-S3_nuc_pos21_q1_5c,HeLa-S3_nuc_pos21_q1_5c,DynamicNuclearNet,train,DynamicNuclearNet\tif_data\train\out\HeLa-S3_nuc_pos21_q1_5c\HeLa-S3_nuc_pos21_q1_5c_trackmate.xml,14,0,,,36327,36327,0,0,0.0,0.0,1,1,death,seq0031_HeLa-S3_nuc_pos21_q1_5c:cell14,False
seq0031_HeLa-S3_nuc_pos21_q1_5c,HeLa-S3_nuc_pos21_q1_5c,DynamicNuclearNet,train,DynamicNuclearNet\tif_data\train\out\HeLa-S3_nuc_pos21_q1_5c\HeLa-S3_nuc_pos21_q1_5c_trackmate.xml,15,0,,,36143,36595,6,41,6.0,41.0,36,36,death,seq0031_HeLa-S3_nuc_pos21_q1_5c:cell15,False
seq0031_HeLa-S3_nuc_pos21_q1_5c,HeLa-S3_nuc_pos21_q1_5c,DynamicNuclearNet,train,DynamicNuclearNet\tif_data\train\out\HeLa-S3_nuc_pos21_q1_5c\HeLa-S3_nuc_pos21_q1_5c_trackmate.xml,16,0,,,36192,36320,7,16,7.0,16.0,10,10,death,seq0031_HeLa-S3_nuc_pos21_q1_5c:cell16,False
seq0031_HeLa-S3_nuc_pos21_q1_5c,HeLa-S3_nuc_pos21_q1_5c,DynamicNuclearNet,train,DynamicNuclearNet\tif_data\train\out\HeLa-S3_nuc_pos21_q1_5c\HeLa-S3_nuc_pos21_q1_5c_trackmate.xml,17,0,,,36696,36696,11,11,11.0,11.0,1,1,death,seq0031_HeLa-S3_nuc_pos21_q1_5c:cell17,False
seq0031_HeLa-S3_nuc_pos21_q1_5c,HeLa-S3_nuc_pos21_q1_5c,DynamicNuclearNet,train,DynamicNuclearNet\tif_data\train\out\HeLa-S3_nuc_pos21_q1_5c\HeLa-S3_nuc_pos21_q1_5c_trackmate.xml,18,0,,,36325,36325,18,18,18.0,18.0,1,1,death,seq0031_HeLa-S3_nuc_pos21_q1_5c:cell18,False
seq0031_HeLa-S3_nuc_pos21_q1_5c,HeLa-S3_nuc_pos21_q1_5c,DynamicNuclearNet,train,DynamicNuclearNet\tif_data\train\out\HeLa-S3_nuc_pos21_q1_5c\HeLa-S3_nuc_pos21_q1_5c_trackmate.xml,19,0,,,36414,36594,22,41,22.0,41.0,20,20,death,seq0031_HeLa-S3_nuc_pos21_q1_5c:cell19,False
seq0031_HeLa-S3_nuc_pos21_q1_5c,HeLa-S3_nuc_pos21_q1_5c,DynamicNuclearNet,train,DynamicNuclearNet\tif_data\train\out\HeLa-S3_nuc_pos21_q1_5c\HeLa-S3_nuc_pos21_q1_5c_trackmate.xml,20,0,,,36430,36443,24,26,24.0,26.0,3,3,death,seq0031_HeLa-S3_nuc_pos21_q1_5c:cell20,False
seq0031_HeLa-S3_nuc_pos21_q1_5c,HeLa-S3_nuc_pos21_q1_5c,DynamicNuclearNet,train,DynamicNuclearNet\tif_data\train\out\HeLa-S3_nuc_pos21_q1_5c\HeLa-S3_nuc_pos21_q1_5c_trackmate.xml,21,0,,,36455,36455,25,25,25.0,25.0,1,1,death,seq0031_HeLa-S3_nuc_pos21_q1_5c:cell21,False
seq0031_HeLa-S3_nuc_pos21_q1_5c,HeLa-S3_nuc_pos21_q1_5c,DynamicNuclearNet,train,DynamicNuclearNet\tif_data\train\out\HeLa-S3_nuc_pos21_q1_5c\HeLa-S3_nuc_pos21_q1_5c_trackmate.xml,22,0,,,36477,36590,25,41,25.0,41.0,17,17,death,seq0031_HeLa-S3_nuc_pos21_q1_5c:cell22,False
seq0031_HeLa-S3_nuc_pos21_q1_5c,HeLa-S3_nuc_pos21_q1_5c,DynamicNuclearNet,train,DynamicNuclearNet\tif_data\train\out\HeLa-S3_nuc_pos21_q1_5c\HeLa-S3_nuc_pos21_q1_5c_trackmate.xml,23,0,,,36447,36583,27,41,27.0,41.0,15,15,death,seq0031_HeLa-S3_nuc_pos21_q1_5c:cell23,False
seq0031_HeLa-S3_nuc_pos21_q1_5c,HeLa-S3_nuc_pos21_q1_5c,DynamicNuclearNet,train,DynamicNuclearNet\tif_data\train\out\HeLa-S3_nuc_pos21_q1_5c\HeLa-S3_nuc_pos21_q1_5c_trackmate.xml,24,0,,,36456,36585,27,41,27.0,41.0,15,15,death,seq0031_HeLa-S3_nuc_pos21_q1_5c:cell24,False
seq0031_HeLa-S3_nuc_pos21_q1_5c,HeLa-S3_nuc_pos21_q1_5c,DynamicNuclearNet,train,DynamicNuclearNet\tif_data\train\out\HeLa-S3_nuc_pos21_q1_5c\HeLa-S3_nuc_pos21_q1_5c_trackmate.xml,25,0,,,36642,36720,35,37,35.0,37.0,3,3,death,seq0031_HeLa-S3_nuc_pos21_q1_5c:cell25,False
seq0031_HeLa-S3_nuc_pos21_q1_5c,HeLa-S3_nuc_pos21_q1_5c,DynamicNuclearNet,train,DynamicNuclearNet\tif_data\train\out\HeLa-S3_nuc_pos21_q1_5c\HeLa-S3_nuc_pos21_q1_5c_trackmate.xml,26,0,,,36683,36692,39,40,39.0,40.0,2,2,death,seq0031_HeLa-S3_nuc_pos21_q1_5c:cell26,False
seq0031_HeLa-S3_nuc_pos21_q1_5c,HeLa-S3_nuc_pos21_q1_5c,DynamicNuclearNet,train,DynamicNuclearNet\tif_data\train\out\HeLa-S3_nuc_pos21_q1_5c\HeLa-S3_nuc_pos21_q1_5c_trackmate.xml,27,1,4,29|30,36133,36159,3,7,3.0,7.0,5,5,division,seq0031_HeLa-S3_nuc_pos21_q1_5c:cell27,True
seq0031_HeLa-S3_nuc_pos21_q1_5c,HeLa-S3_nuc_pos21_q1_5c,DynamicNuclearNet,train,DynamicNuclearNet\tif_data\train\out\HeLa-S3_nuc_pos21_q1_5c\HeLa-S3_nuc_pos21_q1_5c_trackmate.xml,28,1,4,,36135,36135,3,3,3.0,3.0,1,1,death,seq0031_HeLa-S3_nuc_pos21_q1_5c:cell28,False
seq0031_HeLa-S3_nuc_pos21_q1_5c,HeLa-S3_nuc_pos21_q1_5c,DynamicNuclearNet,train,DynamicNuclearNet\tif_data\train\out\HeLa-S3_nuc_pos21_q1_5c\HeLa-S3_nuc_pos21_q1_5c_trackmate.xml,29,2,27,,36111,36586,8,41,8.0,41.0,34,34,death,seq0031_HeLa-S3_nuc_pos21_q1_5c:cell29,False
seq0031_HeLa-S3_nuc_pos21_q1_5c,HeLa-S3_nuc_pos21_q1_5c,DynamicNuclearNet,train,DynamicNuclearNet\tif_data\train\out\HeLa-S3_nuc_pos21_q1_5c\HeLa-S3_nuc_pos21_q1_5c_trackmate.xml,30,2,27,,36112,36230,8,9,8.0,9.0,2,2,death,seq0031_HeLa-S3_nuc_pos21_q1_5c:cell30,False
seq0032_HeLa-S3_nuc_pos23_q0_5c,HeLa-S3_nuc_pos23_q0_5c,DynamicNuclearNet,train,DynamicNuclearNet\tif_data\train\out\HeLa-S3_nuc_pos23_q0_5c\HeLa-S3_nuc_pos23_q0_5c_trackmate.xml,0,0,,,37652,37200,0,22,0.0,22.0,23,23,death,seq0032_HeLa-S3_nuc_pos23_q0_5c:cell0,False
seq0032_HeLa-S3_nuc_pos23_q0_5c,HeLa-S3_nuc_pos23_q0_5c,DynamicNuclearNet,train,DynamicNuclearNet\tif_data\train\out\HeLa-S3_nuc_pos23_q0_5c\HeLa-S3_nuc_pos23_q0_5c_trackmate.xml,1,0,,,37653,37551,0,41,0.0,41.0,42,42,death,seq0032_HeLa-S3_nuc_pos23_q0_5c:cell1,False
seq0032_HeLa-S3_nuc_pos23_q0_5c,HeLa-S3_nuc_pos23_q0_5c,DynamicNuclearNet,train,DynamicNuclearNet\tif_data\train\out\HeLa-S3_nuc_pos23_q0_5c\HeLa-S3_nuc_pos23_q0_5c_trackmate.xml,2,0,,,37654,37553,0,41,0.0,41.0,42,42,death,seq0032_HeLa-S3_nuc_pos23_q0_5c:cell2,False
seq0032_HeLa-S3_nuc_pos23_q0_5c,HeLa-S3_nuc_pos23_q0_5c,DynamicNuclearNet,train,DynamicNuclearNet\tif_data\train\out\HeLa-S3_nuc_pos23_q0_5c\HeLa-S3_nuc_pos23_q0_5c_trackmate.xml,3,0,,,37655,37555,0,41,0.0,41.0,42,42,death,seq0032_HeLa-S3_nuc_pos23_q0_5c:cell3,False
seq0032_HeLa-S3_nuc_pos23_q0_5c,HeLa-S3_nuc_pos23_q0_5c,DynamicNuclearNet,train,DynamicNuclearNet\tif_data\train\out\HeLa-S3_nuc_pos23_q0_5c\HeLa-S3_nuc_pos23_q0_5c_trackmate.xml,4,0,,,37656,37556,0,41,0.0,41.0,42,42,death,seq0032_HeLa-S3_nuc_pos23_q0_5c:cell4,False
seq0032_HeLa-S3_nuc_pos23_q0_5c,HeLa-S3_nuc_pos23_q0_5c,DynamicNuclearNet,train,DynamicNuclearNet\tif_data\train\out\HeLa-S3_nuc_pos23_q0_5c\HeLa-S3_nuc_pos23_q0_5c_trackmate.xml,5,0,,,37657,37558,0,41,0.0,41.0,42,42,death,seq0032_HeLa-S3_nuc_pos23_q0_5c:cell5,False
seq0032_HeLa-S3_nuc_pos23_q0_5c,HeLa-S3_nuc_pos23_q0_5c,DynamicNuclearNet,train,DynamicNuclearNet\tif_data\train\out\HeLa-S3_nuc_pos23_q0_5c\HeLa-S3_nuc_pos23_q0_5c_trackmate.xml,6,0,,,37658,37560,0,41,0.0,41.0,42,42,death,seq0032_HeLa-S3_nuc_pos23_q0_5c:cell6,False
seq0032_HeLa-S3_nuc_pos23_q0_5c,HeLa-S3_nuc_pos23_q0_5c,DynamicNuclearNet,train,DynamicNuclearNet\tif_data\train\out\HeLa-S3_nuc_pos23_q0_5c\HeLa-S3_nuc_pos23_q0_5c_trackmate.xml,7,0,,,37659,37561,0,41,0.0,41.0,42,42,death,seq0032_HeLa-S3_nuc_pos23_q0_5c:cell7,False
seq0032_HeLa-S3_nuc_pos23_q0_5c,HeLa-S3_nuc_pos23_q0_5c,DynamicNuclearNet,train,DynamicNuclearNet\tif_data\train\out\HeLa-S3_nuc_pos23_q0_5c\HeLa-S3_nuc_pos23_q0_5c_trackmate.xml,8,0,,,37660,37563,0,41,0.0,41.0,42,42,death,seq0032_HeLa-S3_nuc_pos23_q0_5c:cell8,False
seq0032_HeLa-S3_nuc_pos23_q0_5c,HeLa-S3_nuc_pos23_q0_5c,DynamicNuclearNet,train,DynamicNuclearNet\tif_data\train\out\HeLa-S3_nuc_pos23_q0_5c\HeLa-S3_nuc_pos23_q0_5c_trackmate.xml,9,0,,,37661,37371,0,27,0.0,27.0,28,28,death,seq0032_HeLa-S3_nuc_pos23_q0_5c:cell9,False
seq0032_HeLa-S3_nuc_pos23_q0_5c,HeLa-S3_nuc_pos23_q0_5c,DynamicNuclearNet,train,DynamicNuclearNet\tif_data\train\out\HeLa-S3_nuc_pos23_q0_5c\HeLa-S3_nuc_pos23_q0_5c_trackmate.xml,10,0,,,37662,37571,0,41,0.0,41.0,42,42,death,seq0032_HeLa-S3_nuc_pos23_q0_5c:cell10,False
seq0032_HeLa-S3_nuc_pos23_q0_5c,HeLa-S3_nuc_pos23_q0_5c,DynamicNuclearNet,train,DynamicNuclearNet\tif_data\train\out\HeLa-S3_nuc_pos23_q0_5c\HeLa-S3_nuc_pos23_q0_5c_trackmate.xml,11,0,,,37663,36829,0,8,0.0,8.0,9,9,death,seq0032_HeLa-S3_nuc_pos23_q0_5c:cell11,False
seq0032_HeLa-S3_nuc_pos23_q0_5c,HeLa-S3_nuc_pos23_q0_5c,DynamicNuclearNet,train,DynamicNuclearNet\tif_data\train\out\HeLa-S3_nuc_pos23_q0_5c\HeLa-S3_nuc_pos23_q0_5c_trackmate.xml,12,0,,,37664,37575,0,41,0.0,41.0,42,42,death,seq0032_HeLa-S3_nuc_pos23_q0_5c:cell12,False
seq0032_HeLa-S3_nuc_pos23_q0_5c,HeLa-S3_nuc_pos23_q0_5c,DynamicNuclearNet,train,DynamicNuclearNet\tif_data\train\out\HeLa-S3_nuc_pos23_q0_5c\HeLa-S3_nuc_pos23_q0_5c_trackmate.xml,13,0,,,37665,37385,0,30,0.0,30.0,31,31,death,seq0032_HeLa-S3_nuc_pos23_q0_5c:cell13,False
seq0032_HeLa-S3_nuc_pos23_q0_5c,HeLa-S3_nuc_pos23_q0_5c,DynamicNuclearNet,train,DynamicNuclearNet\tif_data\train\out\HeLa-S3_nuc_pos23_q0_5c\HeLa-S3_nuc_pos23_q0_5c_trackmate.xml,14,0,,,37666,37583,0,41,0.0,41.0,42,42,death,seq0032_HeLa-S3_nuc_pos23_q0_5c:cell14,False
seq0032_HeLa-S3_nuc_pos23_q0_5c,HeLa-S3_nuc_pos23_q0_5c,DynamicNuclearNet,train,DynamicNuclearNet\tif_data\train\out\HeLa-S3_nuc_pos23_q0_5c\HeLa-S3_nuc_pos23_q0_5c_trackmate.xml,15,0,,,37667,37579,0,41,0.0,41.0,42,42,death,seq0032_HeLa-S3_nuc_pos23_q0_5c:cell15,False
seq0032_HeLa-S3_nuc_pos23_q0_5c,HeLa-S3_nuc_pos23_q0_5c,DynamicNuclearNet,train,DynamicNuclearNet\tif_data\train\out\HeLa-S3_nuc_pos23_q0_5c\HeLa-S3_nuc_pos23_q0_5c_trackmate.xml,16,0,,,37668,37269,0,24,0.0,24.0,25,25,death,seq0032_HeLa-S3_nuc_pos23_q0_5c:cell16,False
seq0032_HeLa-S3_nuc_pos23_q0_5c,HeLa-S3_nuc_pos23_q0_5c,DynamicNuclearNet,train,DynamicNuclearNet\tif_data\train\out\HeLa-S3_nuc_pos23_q0_5c\HeLa-S3_nuc_pos23_q0_5c_trackmate.xml,17,0,,,37669,37595,0,41,0.0,41.0,42,42,death,seq0032_HeLa-S3_nuc_pos23_q0_5c:cell17,False
seq0032_HeLa-S3_nuc_pos23_q0_5c,HeLa-S3_nuc_pos23_q0_5c,DynamicNuclearNet,train,DynamicNuclearNet\tif_data\train\out\HeLa-S3_nuc_pos23_q0_5c\HeLa-S3_nuc_pos23_q0_5c_trackmate.xml,18,0,,,37670,37596,0,41,0.0,41.0,42,42,death,seq0032_HeLa-S3_nuc_pos23_q0_5c:cell18,False
seq0032_HeLa-S3_nuc_pos23_q0_5c,HeLa-S3_nuc_pos23_q0_5c,DynamicNuclearNet,train,DynamicNuclearNet\tif_data\train\out\HeLa-S3_nuc_pos23_q0_5c\HeLa-S3_nuc_pos23_q0_5c_trackmate.xml,19,0,,,37671,37111,0,17,0.0,17.0,18,18,death,seq0032_HeLa-S3_nuc_pos23_q0_5c:cell19,False
seq0032_HeLa-S3_nuc_pos23_q0_5c,HeLa-S3_nuc_pos23_q0_5c,DynamicNuclearNet,train,DynamicNuclearNet\tif_data\train\out\HeLa-S3_nuc_pos23_q0_5c\HeLa-S3_nuc_pos23_q0_5c_trackmate.xml,20,0,,,37672,37602,0,41,0.0,41.0,42,42,death,seq0032_HeLa-S3_nuc_pos23_q0_5c:cell20,False
seq0032_HeLa-S3_nuc_pos23_q0_5c,HeLa-S3_nuc_pos23_q0_5c,DynamicNuclearNet,train,DynamicNuclearNet\tif_data\train\out\HeLa-S3_nuc_pos23_q0_5c\HeLa-S3_nuc_pos23_q0_5c_trackmate.xml,21,0,,,37673,37604,0,41,0.0,41.0,42,42,death,seq0032_HeLa-S3_nuc_pos23_q0_5c:cell21,False
seq0032_HeLa-S3_nuc_pos23_q0_5c,HeLa-S3_nuc_pos23_q0_5c,DynamicNuclearNet,train,DynamicNuclearNet\tif_data\train\out\HeLa-S3_nuc_pos23_q0_5c\HeLa-S3_nuc_pos23_q0_5c_trackmate.xml,22,0,,,36951,36996,9,13,9.0,13.0,5,5,death,seq0032_HeLa-S3_nuc_pos23_q0_5c:cell22,False
seq0032_HeLa-S3_nuc_pos23_q0_5c,HeLa-S3_nuc_pos23_q0_5c,DynamicNuclearNet,train,DynamicNuclearNet\tif_data\train\out\HeLa-S3_nuc_pos23_q0_5c\HeLa-S3_nuc_pos23_q0_5c_trackmate.xml,23,0,,,37018,37018,14,14,14.0,14.0,1,1,death,seq0032_HeLa-S3_nuc_pos23_q0_5c:cell23,False
seq0032_HeLa-S3_nuc_pos23_q0_5c,HeLa-S3_nuc_pos23_q0_5c,DynamicNuclearNet,train,DynamicNuclearNet\tif_data\train\out\HeLa-S3_nuc_pos23_q0_5c\HeLa-S3_nuc_pos23_q0_5c_trackmate.xml,24,0,,,37020,37092,14,15,14.0,15.0,2,2,death,seq0032_HeLa-S3_nuc_pos23_q0_5c:cell24,False
seq0032_HeLa-S3_nuc_pos23_q0_5c,HeLa-S3_nuc_pos23_q0_5c,DynamicNuclearNet,train,DynamicNuclearNet\tif_data\train\out\HeLa-S3_nuc_pos23_q0_5c\HeLa-S3_nuc_pos23_q0_5c_trackmate.xml,25,0,,,37096,37049,15,16,15.0,16.0,2,2,death,seq0032_HeLa-S3_nuc_pos23_q0_5c:cell25,False
seq0032_HeLa-S3_nuc_pos23_q0_5c,HeLa-S3_nuc_pos23_q0_5c,DynamicNuclearNet,train,DynamicNuclearNet\tif_data\train\out\HeLa-S3_nuc_pos23_q0_5c\HeLa-S3_nuc_pos23_q0_5c_trackmate.xml,26,0,,,37050,37050,16,16,16.0,16.0,1,1,death,seq0032_HeLa-S3_nuc_pos23_q0_5c:cell26,False
seq0032_HeLa-S3_nuc_pos23_q0_5c,HeLa-S3_nuc_pos23_q0_5c,DynamicNuclearNet,train,DynamicNuclearNet\tif_data\train\out\HeLa-S3_nuc_pos23_q0_5c\HeLa-S3_nuc_pos23_q0_5c_trackmate.xml,27,0,,,37077,37590,16,41,16.0,41.0,26,26,death,seq0032_HeLa-S3_nuc_pos23_q0_5c:cell27,False
seq0032_HeLa-S3_nuc_pos23_q0_5c,HeLa-S3_nuc_pos23_q0_5c,DynamicNuclearNet,train,DynamicNuclearNet\tif_data\train\out\HeLa-S3_nuc_pos23_q0_5c\HeLa-S3_nuc_pos23_q0_5c_trackmate.xml,28,0,,,37067,37565,17,41,17.0,41.0,25,25,death,seq0032_HeLa-S3_nuc_pos23_q0_5c:cell28,False
seq0032_HeLa-S3_nuc_pos23_q0_5c,HeLa-S3_nuc_pos23_q0_5c,DynamicNuclearNet,train,DynamicNuclearNet\tif_data\train\out\HeLa-S3_nuc_pos23_q0_5c\HeLa-S3_nuc_pos23_q0_5c_trackmate.xml,29,0,,,37071,37568,17,41,17.0,41.0,25,25,death,seq0032_HeLa-S3_nuc_pos23_q0_5c:cell29,False
seq0032_HeLa-S3_nuc_pos23_q0_5c,HeLa-S3_nuc_pos23_q0_5c,DynamicNuclearNet,train,DynamicNuclearNet\tif_data\train\out\HeLa-S3_nuc_pos23_q0_5c\HeLa-S3_nuc_pos23_q0_5c_trackmate.xml,30,0,,,37129,37221,18,22,18.0,22.0,5,5,death,seq0032_HeLa-S3_nuc_pos23_q0_5c:cell30,False
seq0032_HeLa-S3_nuc_pos23_q0_5c,HeLa-S3_nuc_pos23_q0_5c,DynamicNuclearNet,train,DynamicNuclearNet\tif_data\train\out\HeLa-S3_nuc_pos23_q0_5c\HeLa-S3_nuc_pos23_q0_5c_trackmate.xml,31,0,,,37244,37276,23,24,23.0,24.0,2,2,death,seq0032_HeLa-S3_nuc_pos23_q0_5c:cell31,False
seq0032_HeLa-S3_nuc_pos23_q0_5c,HeLa-S3_nuc_pos23_q0_5c,DynamicNuclearNet,train,DynamicNuclearNet\tif_data\train\out\HeLa-S3_nuc_pos23_q0_5c\HeLa-S3_nuc_pos23_q0_5c_trackmate.xml,32,0,,,37246,37294,23,25,23.0,25.0,3,3,death,seq0032_HeLa-S3_nuc_pos23_q0_5c:cell32,False
seq0032_HeLa-S3_nuc_pos23_q0_5c,HeLa-S3_nuc_pos23_q0_5c,DynamicNuclearNet,train,DynamicNuclearNet\tif_data\train\out\HeLa-S3_nuc_pos23_q0_5c\HeLa-S3_nuc_pos23_q0_5c_trackmate.xml,33,0,,,37291,37599,25,41,25.0,41.0,17,17,death,seq0032_HeLa-S3_nuc_pos23_q0_5c:cell33,False
seq0032_HeLa-S3_nuc_pos23_q0_5c,HeLa-S3_nuc_pos23_q0_5c,DynamicNuclearNet,train,DynamicNuclearNet\tif_data\train\out\HeLa-S3_nuc_pos23_q0_5c\HeLa-S3_nuc_pos23_q0_5c_trackmate.xml,34,0,,,37322,37394,26,27,26.0,27.0,2,2,death,seq0032_HeLa-S3_nuc_pos23_q0_5c:cell34,False
seq0032_HeLa-S3_nuc_pos23_q0_5c,HeLa-S3_nuc_pos23_q0_5c,DynamicNuclearNet,train,DynamicNuclearNet\tif_data\train\out\HeLa-S3_nuc_pos23_q0_5c\HeLa-S3_nuc_pos23_q0_5c_trackmate.xml,35,0,,,37367,37534,29,35,29.0,35.0,7,7,death,seq0032_HeLa-S3_nuc_pos23_q0_5c:cell35,False
seq0032_HeLa-S3_nuc_pos23_q0_5c,HeLa-S3_nuc_pos23_q0_5c,DynamicNuclearNet,train,DynamicNuclearNet\tif_data\train\out\HeLa-S3_nuc_pos23_q0_5c\HeLa-S3_nuc_pos23_q0_5c_trackmate.xml,36,0,,,37415,37415,32,32,32.0,32.0,1,1,death,seq0032_HeLa-S3_nuc_pos23_q0_5c:cell36,False
seq0032_HeLa-S3_nuc_pos23_q0_5c,HeLa-S3_nuc_pos23_q0_5c,DynamicNuclearNet,train,DynamicNuclearNet\tif_data\train\out\HeLa-S3_nuc_pos23_q0_5c\HeLa-S3_nuc_pos23_q0_5c_trackmate.xml,37,0,,,37441,37441,32,32,32.0,32.0,1,1,death,seq0032_HeLa-S3_nuc_pos23_q0_5c:cell37,False
seq0032_HeLa-S3_nuc_pos23_q0_5c,HeLa-S3_nuc_pos23_q0_5c,DynamicNuclearNet,train,DynamicNuclearNet\tif_data\train\out\HeLa-S3_nuc_pos23_q0_5c\HeLa-S3_nuc_pos23_q0_5c_trackmate.xml,38,0,,,37487,37487,34,34,34.0,34.0,1,1,death,seq0032_HeLa-S3_nuc_pos23_q0_5c:cell38,False
seq0032_HeLa-S3_nuc_pos23_q0_5c,HeLa-S3_nuc_pos23_q0_5c,DynamicNuclearNet,train,DynamicNuclearNet\tif_data\train\out\HeLa-S3_nuc_pos23_q0_5c\HeLa-S3_nuc_pos23_q0_5c_trackmate.xml,39,0,,,37518,37542,35,37,35.0,37.0,3,3,death,seq0032_HeLa-S3_nuc_pos23_q0_5c:cell39,False
seq0032_HeLa-S3_nuc_pos23_q0_5c,HeLa-S3_nuc_pos23_q0_5c,DynamicNuclearNet,train,DynamicNuclearNet\tif_data\train\out\HeLa-S3_nuc_pos23_q0_5c\HeLa-S3_nuc_pos23_q0_5c_trackmate.xml,40,0,,,37519,37543,35,37,35.0,37.0,3,3,death,seq0032_HeLa-S3_nuc_pos23_q0_5c:cell40,False
seq0032_HeLa-S3_nuc_pos23_q0_5c,HeLa-S3_nuc_pos23_q0_5c,DynamicNuclearNet,train,DynamicNuclearNet\tif_data\train\out\HeLa-S3_nuc_pos23_q0_5c\HeLa-S3_nuc_pos23_q0_5c_trackmate.xml,41,0,,,37620,37587,38,41,38.0,41.0,4,4,death,seq0032_HeLa-S3_nuc_pos23_q0_5c:cell41,False
seq0032_HeLa-S3_nuc_pos23_q0_5c,HeLa-S3_nuc_pos23_q0_5c,DynamicNuclearNet,train,DynamicNuclearNet\tif_data\train\out\HeLa-S3_nuc_pos23_q0_5c\HeLa-S3_nuc_pos23_q0_5c_trackmate.xml,42,0,,,37606,37567,39,40,39.0,40.0,2,2,death,seq0032_HeLa-S3_nuc_pos23_q0_5c:cell42,False
seq0032_HeLa-S3_nuc_pos23_q0_5c,HeLa-S3_nuc_pos23_q0_5c,DynamicNuclearNet,train,DynamicNuclearNet\tif_data\train\out\HeLa-S3_nuc_pos23_q0_5c\HeLa-S3_nuc_pos23_q0_5c_trackmate.xml,43,0,,,37608,37608,39,39,39.0,39.0,1,1,death,seq0032_HeLa-S3_nuc_pos23_q0_5c:cell43,False
seq0032_HeLa-S3_nuc_pos23_q0_5c,HeLa-S3_nuc_pos23_q0_5c,DynamicNuclearNet,train,DynamicNuclearNet\tif_data\train\out\HeLa-S3_nuc_pos23_q0_5c\HeLa-S3_nuc_pos23_q0_5c_trackmate.xml,44,0,,,37549,37549,41,41,41.0,41.0,1,1,death,seq0032_HeLa-S3_nuc_pos23_q0_5c:cell44,False
seq0033_HeLa-S3_nuc_pos23_q2_5c,HeLa-S3_nuc_pos23_q2_5c,DynamicNuclearNet,train,DynamicNuclearNet\tif_data\train\out\HeLa-S3_nuc_pos23_q2_5c\HeLa-S3_nuc_pos23_q2_5c_trackmate.xml,0,0,,,38888,37715,0,8,0.0,8.0,9,9,death,seq0033_HeLa-S3_nuc_pos23_q2_5c:cell0,False
seq0033_HeLa-S3_nuc_pos23_q2_5c,HeLa-S3_nuc_pos23_q2_5c,DynamicNuclearNet,train,DynamicNuclearNet\tif_data\train\out\HeLa-S3_nuc_pos23_q2_5c\HeLa-S3_nuc_pos23_q2_5c_trackmate.xml,1,0,,,38889,38963,0,41,0.0,41.0,42,42,death,seq0033_HeLa-S3_nuc_pos23_q2_5c:cell1,False
seq0033_HeLa-S3_nuc_pos23_q2_5c,HeLa-S3_nuc_pos23_q2_5c,DynamicNuclearNet,train,DynamicNuclearNet\tif_data\train\out\HeLa-S3_nuc_pos23_q2_5c\HeLa-S3_nuc_pos23_q2_5c_trackmate.xml,2,0,,,38890,37697,0,5,0.0,5.0,6,6,death,seq0033_HeLa-S3_nuc_pos23_q2_5c:cell2,False
seq0033_HeLa-S3_nuc_pos23_q2_5c,HeLa-S3_nuc_pos23_q2_5c,DynamicNuclearNet,train,DynamicNuclearNet\tif_data\train\out\HeLa-S3_nuc_pos23_q2_5c\HeLa-S3_nuc_pos23_q2_5c_trackmate.xml,3,0,,,38891,38969,0,41,0.0,41.0,42,42,death,seq0033_HeLa-S3_nuc_pos23_q2_5c:cell3,False
seq0033_HeLa-S3_nuc_pos23_q2_5c,HeLa-S3_nuc_pos23_q2_5c,DynamicNuclearNet,train,DynamicNuclearNet\tif_data\train\out\HeLa-S3_nuc_pos23_q2_5c\HeLa-S3_nuc_pos23_q2_5c_trackmate.xml,4,0,,,38892,38971,0,41,0.0,41.0,42,42,death,seq0033_HeLa-S3_nuc_pos23_q2_5c:cell4,False
seq0033_HeLa-S3_nuc_pos23_q2_5c,HeLa-S3_nuc_pos23_q2_5c,DynamicNuclearNet,train,DynamicNuclearNet\tif_data\train\out\HeLa-S3_nuc_pos23_q2_5c\HeLa-S3_nuc_pos23_q2_5c_trackmate.xml,5,0,,,38893,38977,0,41,0.0,41.0,42,42,death,seq0033_HeLa-S3_nuc_pos23_q2_5c:cell5,False
seq0033_HeLa-S3_nuc_pos23_q2_5c,HeLa-S3_nuc_pos23_q2_5c,DynamicNuclearNet,train,DynamicNuclearNet\tif_data\train\out\HeLa-S3_nuc_pos23_q2_5c\HeLa-S3_nuc_pos23_q2_5c_trackmate.xml,6,0,,,38894,38975,0,41,0.0,41.0,42,42,death,seq0033_HeLa-S3_nuc_pos23_q2_5c:cell6,False
seq0033_HeLa-S3_nuc_pos23_q2_5c,HeLa-S3_nuc_pos23_q2_5c,DynamicNuclearNet,train,DynamicNuclearNet\tif_data\train\out\HeLa-S3_nuc_pos23_q2_5c\HeLa-S3_nuc_pos23_q2_5c_trackmate.xml,7,0,,,38895,38980,0,41,0.0,41.0,42,42,death,seq0033_HeLa-S3_nuc_pos23_q2_5c:cell7,False
seq0033_HeLa-S3_nuc_pos23_q2_5c,HeLa-S3_nuc_pos23_q2_5c,DynamicNuclearNet,train,DynamicNuclearNet\tif_data\train\out\HeLa-S3_nuc_pos23_q2_5c\HeLa-S3_nuc_pos23_q2_5c_trackmate.xml,8,0,,,38896,38896,0,0,0.0,0.0,1,1,death,seq0033_HeLa-S3_nuc_pos23_q2_5c:cell8,False
seq0033_HeLa-S3_nuc_pos23_q2_5c,HeLa-S3_nuc_pos23_q2_5c,DynamicNuclearNet,train,DynamicNuclearNet\tif_data\train\out\HeLa-S3_nuc_pos23_q2_5c\HeLa-S3_nuc_pos23_q2_5c_trackmate.xml,9,0,,,38897,38115,0,18,0.0,18.0,19,19,death,seq0033_HeLa-S3_nuc_pos23_q2_5c:cell9,False
seq0033_HeLa-S3_nuc_pos23_q2_5c,HeLa-S3_nuc_pos23_q2_5c,DynamicNuclearNet,train,DynamicNuclearNet\tif_data\train\out\HeLa-S3_nuc_pos23_q2_5c\HeLa-S3_nuc_pos23_q2_5c_trackmate.xml,10,0,,,38898,38986,0,41,0.0,41.0,42,42,death,seq0033_HeLa-S3_nuc_pos23_q2_5c:cell10,False
seq0033_HeLa-S3_nuc_pos23_q2_5c,HeLa-S3_nuc_pos23_q2_5c,DynamicNuclearNet,train,DynamicNuclearNet\tif_data\train\out\HeLa-S3_nuc_pos23_q2_5c\HeLa-S3_nuc_pos23_q2_5c_trackmate.xml,11,0,,,38899,38988,0,41,0.0,41.0,42,42,death,seq0033_HeLa-S3_nuc_pos23_q2_5c:cell11,False
seq0033_HeLa-S3_nuc_pos23_q2_5c,HeLa-S3_nuc_pos23_q2_5c,DynamicNuclearNet,train,DynamicNuclearNet\tif_data\train\out\HeLa-S3_nuc_pos23_q2_5c\HeLa-S3_nuc_pos23_q2_5c_trackmate.xml,12,0,,,38900,38990,0,41,0.0,41.0,42,42,death,seq0033_HeLa-S3_nuc_pos23_q2_5c:cell12,False
seq0033_HeLa-S3_nuc_pos23_q2_5c,HeLa-S3_nuc_pos23_q2_5c,DynamicNuclearNet,train,DynamicNuclearNet\tif_data\train\out\HeLa-S3_nuc_pos23_q2_5c\HeLa-S3_nuc_pos23_q2_5c_trackmate.xml,13,0,,,38901,38992,0,41,0.0,41.0,42,42,death,seq0033_HeLa-S3_nuc_pos23_q2_5c:cell13,False
seq0033_HeLa-S3_nuc_pos23_q2_5c,HeLa-S3_nuc_pos23_q2_5c,DynamicNuclearNet,train,DynamicNuclearNet\tif_data\train\out\HeLa-S3_nuc_pos23_q2_5c\HeLa-S3_nuc_pos23_q2_5c_trackmate.xml,14,0,,,38902,38994,0,41,0.0,41.0,42,42,death,seq0033_HeLa-S3_nuc_pos23_q2_5c:cell14,False
seq0033_HeLa-S3_nuc_pos23_q2_5c,HeLa-S3_nuc_pos23_q2_5c,DynamicNuclearNet,train,DynamicNuclearNet\tif_data\train\out\HeLa-S3_nuc_pos23_q2_5c\HeLa-S3_nuc_pos23_q2_5c_trackmate.xml,15,0,,,38903,38996,0,41,0.0,41.0,42,42,death,seq0033_HeLa-S3_nuc_pos23_q2_5c:cell15,False
seq0033_HeLa-S3_nuc_pos23_q2_5c,HeLa-S3_nuc_pos23_q2_5c,DynamicNuclearNet,train,DynamicNuclearNet\tif_data\train\out\HeLa-S3_nuc_pos23_q2_5c\HeLa-S3_nuc_pos23_q2_5c_trackmate.xml,16,0,,,38904,38998,0,41,0.0,41.0,42,42,death,seq0033_HeLa-S3_nuc_pos23_q2_5c:cell16,False
seq0033_HeLa-S3_nuc_pos23_q2_5c,HeLa-S3_nuc_pos23_q2_5c,DynamicNuclearNet,train,DynamicNuclearNet\tif_data\train\out\HeLa-S3_nuc_pos23_q2_5c\HeLa-S3_nuc_pos23_q2_5c_trackmate.xml,17,0,,,38905,39000,0,41,0.0,41.0,42,42,death,seq0033_HeLa-S3_nuc_pos23_q2_5c:cell17,False
seq0033_HeLa-S3_nuc_pos23_q2_5c,HeLa-S3_nuc_pos23_q2_5c,DynamicNuclearNet,train,DynamicNuclearNet\tif_data\train\out\HeLa-S3_nuc_pos23_q2_5c\HeLa-S3_nuc_pos23_q2_5c_trackmate.xml,18,0,,,38906,39002,0,41,0.0,41.0,42,42,death,seq0033_HeLa-S3_nuc_pos23_q2_5c:cell18,False
seq0033_HeLa-S3_nuc_pos23_q2_5c,HeLa-S3_nuc_pos23_q2_5c,DynamicNuclearNet,train,DynamicNuclearNet\tif_data\train\out\HeLa-S3_nuc_pos23_q2_5c\HeLa-S3_nuc_pos23_q2_5c_trackmate.xml,19,0,,,38907,39004,0,41,0.0,41.0,42,42,death,seq0033_HeLa-S3_nuc_pos23_q2_5c:cell19,False
seq0033_HeLa-S3_nuc_pos23_q2_5c,HeLa-S3_nuc_pos23_q2_5c,DynamicNuclearNet,train,DynamicNuclearNet\tif_data\train\out\HeLa-S3_nuc_pos23_q2_5c\HeLa-S3_nuc_pos23_q2_5c_trackmate.xml,20,0,,,38908,39006,0,41,0.0,41.0,42,42,death,seq0033_HeLa-S3_nuc_pos23_q2_5c:cell20,False
seq0033_HeLa-S3_nuc_pos23_q2_5c,HeLa-S3_nuc_pos23_q2_5c,DynamicNuclearNet,train,DynamicNuclearNet\tif_data\train\out\HeLa-S3_nuc_pos23_q2_5c\HeLa-S3_nuc_pos23_q2_5c_trackmate.xml,21,0,,,38909,39009,0,41,0.0,41.0,42,42,death,seq0033_HeLa-S3_nuc_pos23_q2_5c:cell21,False
seq0033_HeLa-S3_nuc_pos23_q2_5c,HeLa-S3_nuc_pos23_q2_5c,DynamicNuclearNet,train,DynamicNuclearNet\tif_data\train\out\HeLa-S3_nuc_pos23_q2_5c\HeLa-S3_nuc_pos23_q2_5c_trackmate.xml,22,0,,,38910,39011,0,41,0.0,41.0,42,42,death,seq0033_HeLa-S3_nuc_pos23_q2_5c:cell22,False
seq0033_HeLa-S3_nuc_pos23_q2_5c,HeLa-S3_nuc_pos23_q2_5c,DynamicNuclearNet,train,DynamicNuclearNet\tif_data\train\out\HeLa-S3_nuc_pos23_q2_5c\HeLa-S3_nuc_pos23_q2_5c_trackmate.xml,23,0,,,38911,39013,0,41,0.0,41.0,42,42,death,seq0033_HeLa-S3_nuc_pos23_q2_5c:cell23,False
seq0033_HeLa-S3_nuc_pos23_q2_5c,HeLa-S3_nuc_pos23_q2_5c,DynamicNuclearNet,train,DynamicNuclearNet\tif_data\train\out\HeLa-S3_nuc_pos23_q2_5c\HeLa-S3_nuc_pos23_q2_5c_trackmate.xml,24,0,,,38912,39012,0,41,0.0,41.0,42,42,death,seq0033_HeLa-S3_nuc_pos23_q2_5c:cell24,False
seq0033_HeLa-S3_nuc_pos23_q2_5c,HeLa-S3_nuc_pos23_q2_5c,DynamicNuclearNet,train,DynamicNuclearNet\tif_data\train\out\HeLa-S3_nuc_pos23_q2_5c\HeLa-S3_nuc_pos23_q2_5c_trackmate.xml,25,0,,,38913,38161,0,19,0.0,19.0,20,20,death,seq0033_HeLa-S3_nuc_pos23_q2_5c:cell25,False
seq0033_HeLa-S3_nuc_pos23_q2_5c,HeLa-S3_nuc_pos23_q2_5c,DynamicNuclearNet,train,DynamicNuclearNet\tif_data\train\out\HeLa-S3_nuc_pos23_q2_5c\HeLa-S3_nuc_pos23_q2_5c_trackmate.xml,26,0,,,38915,37924,0,4,0.0,4.0,5,5,death,seq0033_HeLa-S3_nuc_pos23_q2_5c:cell26,False
seq0033_HeLa-S3_nuc_pos23_q2_5c,HeLa-S3_nuc_pos23_q2_5c,DynamicNuclearNet,train,DynamicNuclearNet\tif_data\train\out\HeLa-S3_nuc_pos23_q2_5c\HeLa-S3_nuc_pos23_q2_5c_trackmate.xml,27,0,,,37695,37695,5,5,5.0,5.0,1,1,death,seq0033_HeLa-S3_nuc_pos23_q2_5c:cell27,False
seq0033_HeLa-S3_nuc_pos23_q2_5c,HeLa-S3_nuc_pos23_q2_5c,DynamicNuclearNet,train,DynamicNuclearNet\tif_data\train\out\HeLa-S3_nuc_pos23_q2_5c\HeLa-S3_nuc_pos23_q2_5c_trackmate.xml,28,0,,,37776,39015,5,41,5.0,41.0,37,37,death,seq0033_HeLa-S3_nuc_pos23_q2_5c:cell28,False
seq0033_HeLa-S3_nuc_pos23_q2_5c,HeLa-S3_nuc_pos23_q2_5c,DynamicNuclearNet,train,DynamicNuclearNet\tif_data\train\out\HeLa-S3_nuc_pos23_q2_5c\HeLa-S3_nuc_pos23_q2_5c_trackmate.xml,29,0,,,37780,39017,5,41,5.0,41.0,37,37,death,seq0033_HeLa-S3_nuc_pos23_q2_5c:cell29,False
seq0033_HeLa-S3_nuc_pos23_q2_5c,HeLa-S3_nuc_pos23_q2_5c,DynamicNuclearNet,train,DynamicNuclearNet\tif_data\train\out\HeLa-S3_nuc_pos23_q2_5c\HeLa-S3_nuc_pos23_q2_5c_trackmate.xml,30,0,,,38591,38967,6,41,6.0,41.0,36,36,death,seq0033_HeLa-S3_nuc_pos23_q2_5c:cell30,False
seq0033_HeLa-S3_nuc_pos23_q2_5c,HeLa-S3_nuc_pos23_q2_5c,DynamicNuclearNet,train,DynamicNuclearNet\tif_data\train\out\HeLa-S3_nuc_pos23_q2_5c\HeLa-S3_nuc_pos23_q2_5c_trackmate.xml,31,0,,,38593,38593,6,6,6.0,6.0,1,1,death,seq0033_HeLa-S3_nuc_pos23_q2_5c:cell31,False
seq0033_HeLa-S3_nuc_pos23_q2_5c,HeLa-S3_nuc_pos23_q2_5c,DynamicNuclearNet,train,DynamicNuclearNet\tif_data\train\out\HeLa-S3_nuc_pos23_q2_5c\HeLa-S3_nuc_pos23_q2_5c_trackmate.xml,32,0,,,37726,38965,7,41,7.0,41.0,35,35,death,seq0033_HeLa-S3_nuc_pos23_q2_5c:cell32,False
seq0033_HeLa-S3_nuc_pos23_q2_5c,HeLa-S3_nuc_pos23_q2_5c,DynamicNuclearNet,train,DynamicNuclearNet\tif_data\train\out\HeLa-S3_nuc_pos23_q2_5c\HeLa-S3_nuc_pos23_q2_5c_trackmate.xml,33,0,,,37738,37738,8,8,8.0,8.0,1,1,death,seq0033_HeLa-S3_nuc_pos23_q2_5c:cell33,False
seq0033_HeLa-S3_nuc_pos23_q2_5c,HeLa-S3_nuc_pos23_q2_5c,DynamicNuclearNet,train,DynamicNuclearNet\tif_data\train\out\HeLa-S3_nuc_pos23_q2_5c\HeLa-S3_nuc_pos23_q2_5c_trackmate.xml,34,0,,,37760,37760,9,9,9.0,9.0,1,1,death,seq0033_HeLa-S3_nuc_pos23_q2_5c:cell34,False
seq0033_HeLa-S3_nuc_pos23_q2_5c,HeLa-S3_nuc_pos23_q2_5c,DynamicNuclearNet,train,DynamicNuclearNet\tif_data\train\out\HeLa-S3_nuc_pos23_q2_5c\HeLa-S3_nuc_pos23_q2_5c_trackmate.xml,35,0,,54|55,37932,38019,11,14,11.0,14.0,4,4,division,seq0033_HeLa-S3_nuc_pos23_q2_5c:cell35,True
seq0033_HeLa-S3_nuc_pos23_q2_5c,HeLa-S3_nuc_pos23_q2_5c,DynamicNuclearNet,train,DynamicNuclearNet\tif_data\train\out\HeLa-S3_nuc_pos23_q2_5c\HeLa-S3_nuc_pos23_q2_5c_trackmate.xml,36,0,,,37936,37936,11,11,11.0,11.0,1,1,death,seq0033_HeLa-S3_nuc_pos23_q2_5c:cell36,False
seq0033_HeLa-S3_nuc_pos23_q2_5c,HeLa-S3_nuc_pos23_q2_5c,DynamicNuclearNet,train,DynamicNuclearNet\tif_data\train\out\HeLa-S3_nuc_pos23_q2_5c\HeLa-S3_nuc_pos23_q2_5c_trackmate.xml,37,0,,,37983,38960,13,41,13.0,41.0,29,29,death,seq0033_HeLa-S3_nuc_pos23_q2_5c:cell37,False
seq0033_HeLa-S3_nuc_pos23_q2_5c,HeLa-S3_nuc_pos23_q2_5c,DynamicNuclearNet,train,DynamicNuclearNet\tif_data\train\out\HeLa-S3_nuc_pos23_q2_5c\HeLa-S3_nuc_pos23_q2_5c_trackmate.xml,38,0,,,37989,37989,13,13,13.0,13.0,1,1,death,seq0033_HeLa-S3_nuc_pos23_q2_5c:cell38,False
seq0033_HeLa-S3_nuc_pos23_q2_5c,HeLa-S3_nuc_pos23_q2_5c,DynamicNuclearNet,train,DynamicNuclearNet\tif_data\train\out\HeLa-S3_nuc_pos23_q2_5c\HeLa-S3_nuc_pos23_q2_5c_trackmate.xml,39,0,,,38013,38979,13,41,13.0,41.0,29,29,death,seq0033_HeLa-S3_nuc_pos23_q2_5c:cell39,False
seq0033_HeLa-S3_nuc_pos23_q2_5c,HeLa-S3_nuc_pos23_q2_5c,DynamicNuclearNet,train,DynamicNuclearNet\tif_data\train\out\HeLa-S3_nuc_pos23_q2_5c\HeLa-S3_nuc_pos23_q2_5c_trackmate.xml,40,0,,,38046,38046,18,18,18.0,18.0,1,1,death,seq0033_HeLa-S3_nuc_pos23_q2_5c:cell40,False
seq0033_HeLa-S3_nuc_pos23_q2_5c,HeLa-S3_nuc_pos23_q2_5c,DynamicNuclearNet,train,DynamicNuclearNet\tif_data\train\out\HeLa-S3_nuc_pos23_q2_5c\HeLa-S3_nuc_pos23_q2_5c_trackmate.xml,41,0,,,38186,38285,20,24,20.0,24.0,5,5,death,seq0033_HeLa-S3_nuc_pos23_q2_5c:cell41,False
seq0033_HeLa-S3_nuc_pos23_q2_5c,HeLa-S3_nuc_pos23_q2_5c,DynamicNuclearNet,train,DynamicNuclearNet\tif_data\train\out\HeLa-S3_nuc_pos23_q2_5c\HeLa-S3_nuc_pos23_q2_5c_trackmate.xml,42,0,,,38203,38203,20,20,20.0,20.0,1,1,death,seq0033_HeLa-S3_nuc_pos23_q2_5c:cell42,False
seq0033_HeLa-S3_nuc_pos23_q2_5c,HeLa-S3_nuc_pos23_q2_5c,DynamicNuclearNet,train,DynamicNuclearNet\tif_data\train\out\HeLa-S3_nuc_pos23_q2_5c\HeLa-S3_nuc_pos23_q2_5c_trackmate.xml,43,0,,,38204,39016,20,41,20.0,41.0,22,22,death,seq0033_HeLa-S3_nuc_pos23_q2_5c:cell43,False
seq0033_HeLa-S3_nuc_pos23_q2_5c,HeLa-S3_nuc_pos23_q2_5c,DynamicNuclearNet,train,DynamicNuclearNet\tif_data\train\out\HeLa-S3_nuc_pos23_q2_5c\HeLa-S3_nuc_pos23_q2_5c_trackmate.xml,44,0,,,38234,39014,21,41,21.0,41.0,21,21,death,seq0033_HeLa-S3_nuc_pos23_q2_5c:cell44,False
seq0033_HeLa-S3_nuc_pos23_q2_5c,HeLa-S3_nuc_pos23_q2_5c,DynamicNuclearNet,train,DynamicNuclearNet\tif_data\train\out\HeLa-S3_nuc_pos23_q2_5c\HeLa-S3_nuc_pos23_q2_5c_trackmate.xml,45,0,,,38311,39007,23,40,23.0,40.0,18,18,death,seq0033_HeLa-S3_nuc_pos23_q2_5c:cell45,False
seq0033_HeLa-S3_nuc_pos23_q2_5c,HeLa-S3_nuc_pos23_q2_5c,DynamicNuclearNet,train,DynamicNuclearNet\tif_data\train\out\HeLa-S3_nuc_pos23_q2_5c\HeLa-S3_nuc_pos23_q2_5c_trackmate.xml,46,0,,,38250,38961,24,41,24.0,41.0,18,18,death,seq0033_HeLa-S3_nuc_pos23_q2_5c:cell46,False
seq0033_HeLa-S3_nuc_pos23_q2_5c,HeLa-S3_nuc_pos23_q2_5c,DynamicNuclearNet,train,DynamicNuclearNet\tif_data\train\out\HeLa-S3_nuc_pos23_q2_5c\HeLa-S3_nuc_pos23_q2_5c_trackmate.xml,47,0,,,38288,38288,25,25,25.0,25.0,1,1,death,seq0033_HeLa-S3_nuc_pos23_q2_5c:cell47,False
seq0033_HeLa-S3_nuc_pos23_q2_5c,HeLa-S3_nuc_pos23_q2_5c,DynamicNuclearNet,train,DynamicNuclearNet\tif_data\train\out\HeLa-S3_nuc_pos23_q2_5c\HeLa-S3_nuc_pos23_q2_5c_trackmate.xml,48,0,,,38290,38290,25,25,25.0,25.0,1,1,death,seq0033_HeLa-S3_nuc_pos23_q2_5c:cell48,False
seq0033_HeLa-S3_nuc_pos23_q2_5c,HeLa-S3_nuc_pos23_q2_5c,DynamicNuclearNet,train,DynamicNuclearNet\tif_data\train\out\HeLa-S3_nuc_pos23_q2_5c\HeLa-S3_nuc_pos23_q2_5c_trackmate.xml,49,0,,,38400,38400,26,26,26.0,26.0,1,1,death,seq0033_HeLa-S3_nuc_pos23_q2_5c:cell49,False
seq0033_HeLa-S3_nuc_pos23_q2_5c,HeLa-S3_nuc_pos23_q2_5c,DynamicNuclearNet,train,DynamicNuclearNet\tif_data\train\out\HeLa-S3_nuc_pos23_q2_5c\HeLa-S3_nuc_pos23_q2_5c_trackmate.xml,50,0,,,38403,38984,26,41,26.0,41.0,16,16,death,seq0033_HeLa-S3_nuc_pos23_q2_5c:cell50,False
seq0033_HeLa-S3_nuc_pos23_q2_5c,HeLa-S3_nuc_pos23_q2_5c,DynamicNuclearNet,train,DynamicNuclearNet\tif_data\train\out\HeLa-S3_nuc_pos23_q2_5c\HeLa-S3_nuc_pos23_q2_5c_trackmate.xml,51,0,,56|57,38372,38643,27,32,27.0,32.0,6,6,division,seq0033_HeLa-S3_nuc_pos23_q2_5c:cell51,True
seq0033_HeLa-S3_nuc_pos23_q2_5c,HeLa-S3_nuc_pos23_q2_5c,DynamicNuclearNet,train,DynamicNuclearNet\tif_data\train\out\HeLa-S3_nuc_pos23_q2_5c\HeLa-S3_nuc_pos23_q2_5c_trackmate.xml,52,0,,,38373,38574,28,31,28.0,31.0,4,4,death,seq0033_HeLa-S3_nuc_pos23_q2_5c:cell52,False
seq0033_HeLa-S3_nuc_pos23_q2_5c,HeLa-S3_nuc_pos23_q2_5c,DynamicNuclearNet,train,DynamicNuclearNet\tif_data\train\out\HeLa-S3_nuc_pos23_q2_5c\HeLa-S3_nuc_pos23_q2_5c_trackmate.xml,53,0,,,38514,38514,30,30,30.0,30.0,1,1,death,seq0033_HeLa-S3_nuc_pos23_q2_5c:cell53,False
seq0033_HeLa-S3_nuc_pos23_q2_5c,HeLa-S3_nuc_pos23_q2_5c,DynamicNuclearNet,train,DynamicNuclearNet\tif_data\train\out\HeLa-S3_nuc_pos23_q2_5c\HeLa-S3_nuc_pos23_q2_5c_trackmate.xml,54,1,35,,38012,38012,15,15,15.0,15.0,1,1,death,seq0033_HeLa-S3_nuc_pos23_q2_5c:cell54,False
seq0033_HeLa-S3_nuc_pos23_q2_5c,HeLa-S3_nuc_pos23_q2_5c,DynamicNuclearNet,train,DynamicNuclearNet\tif_data\train\out\HeLa-S3_nuc_pos23_q2_5c\HeLa-S3_nuc_pos23_q2_5c_trackmate.xml,55,1,35,,38014,38973,15,41,15.0,41.0,27,27,death,seq0033_HeLa-S3_nuc_pos23_q2_5c:cell55,False
seq0033_HeLa-S3_nuc_pos23_q2_5c,HeLa-S3_nuc_pos23_q2_5c,DynamicNuclearNet,train,DynamicNuclearNet\tif_data\train\out\HeLa-S3_nuc_pos23_q2_5c\HeLa-S3_nuc_pos23_q2_5c_trackmate.xml,56,1,51,,38573,38714,33,34,33.0,34.0,2,2,death,seq0033_HeLa-S3_nuc_pos23_q2_5c:cell56,False
seq0033_HeLa-S3_nuc_pos23_q2_5c,HeLa-S3_nuc_pos23_q2_5c,DynamicNuclearNet,train,DynamicNuclearNet\tif_data\train\out\HeLa-S3_nuc_pos23_q2_5c\HeLa-S3_nuc_pos23_q2_5c_trackmate.xml,57,1,51,,38576,38982,33,41,33.0,41.0,9,9,death,seq0033_HeLa-S3_nuc_pos23_q2_5c:cell57,False
seq0034_HeLa-S3_nuc_pos23_q3_5c,HeLa-S3_nuc_pos23_q3_5c,DynamicNuclearNet,train,DynamicNuclearNet\tif_data\train\out\HeLa-S3_nuc_pos23_q3_5c\HeLa-S3_nuc_pos23_q3_5c_trackmate.xml,0,0,,,39660,39658,0,41,0.0,41.0,42,42,death,seq0034_HeLa-S3_nuc_pos23_q3_5c:cell0,False
seq0034_HeLa-S3_nuc_pos23_q3_5c,HeLa-S3_nuc_pos23_q3_5c,DynamicNuclearNet,train,DynamicNuclearNet\tif_data\train\out\HeLa-S3_nuc_pos23_q3_5c\HeLa-S3_nuc_pos23_q3_5c_trackmate.xml,1,0,,,39662,39183,0,1,0.0,1.0,2,2,death,seq0034_HeLa-S3_nuc_pos23_q3_5c:cell1,False
seq0034_HeLa-S3_nuc_pos23_q3_5c,HeLa-S3_nuc_pos23_q3_5c,DynamicNuclearNet,train,DynamicNuclearNet\tif_data\train\out\HeLa-S3_nuc_pos23_q3_5c\HeLa-S3_nuc_pos23_q3_5c_trackmate.xml,2,0,,21|22,39664,39664,0,0,0.0,0.0,1,1,division,seq0034_HeLa-S3_nuc_pos23_q3_5c:cell2,True
seq0034_HeLa-S3_nuc_pos23_q3_5c,HeLa-S3_nuc_pos23_q3_5c,DynamicNuclearNet,train,DynamicNuclearNet\tif_data\train\out\HeLa-S3_nuc_pos23_q3_5c\HeLa-S3_nuc_pos23_q3_5c_trackmate.xml,3,0,,,39666,39235,0,14,0.0,14.0,15,15,death,seq0034_HeLa-S3_nuc_pos23_q3_5c:cell3,False
seq0034_HeLa-S3_nuc_pos23_q3_5c,HeLa-S3_nuc_pos23_q3_5c,DynamicNuclearNet,train,DynamicNuclearNet\tif_data\train\out\HeLa-S3_nuc_pos23_q3_5c\HeLa-S3_nuc_pos23_q3_5c_trackmate.xml,4,0,,,39668,39669,0,41,0.0,41.0,42,42,death,seq0034_HeLa-S3_nuc_pos23_q3_5c:cell4,False
seq0034_HeLa-S3_nuc_pos23_q3_5c,HeLa-S3_nuc_pos23_q3_5c,DynamicNuclearNet,train,DynamicNuclearNet\tif_data\train\out\HeLa-S3_nuc_pos23_q3_5c\HeLa-S3_nuc_pos23_q3_5c_trackmate.xml,5,0,,,39670,39676,0,41,0.0,41.0,42,42,death,seq0034_HeLa-S3_nuc_pos23_q3_5c:cell5,False
seq0034_HeLa-S3_nuc_pos23_q3_5c,HeLa-S3_nuc_pos23_q3_5c,DynamicNuclearNet,train,DynamicNuclearNet\tif_data\train\out\HeLa-S3_nuc_pos23_q3_5c\HeLa-S3_nuc_pos23_q3_5c_trackmate.xml,6,0,,,39673,39672,0,41,0.0,41.0,42,42,death,seq0034_HeLa-S3_nuc_pos23_q3_5c:cell6,False
seq0034_HeLa-S3_nuc_pos23_q3_5c,HeLa-S3_nuc_pos23_q3_5c,DynamicNuclearNet,train,DynamicNuclearNet\tif_data\train\out\HeLa-S3_nuc_pos23_q3_5c\HeLa-S3_nuc_pos23_q3_5c_trackmate.xml,7,0,,,39675,39680,0,41,0.0,41.0,42,42,death,seq0034_HeLa-S3_nuc_pos23_q3_5c:cell7,False
seq0034_HeLa-S3_nuc_pos23_q3_5c,HeLa-S3_nuc_pos23_q3_5c,DynamicNuclearNet,train,DynamicNuclearNet\tif_data\train\out\HeLa-S3_nuc_pos23_q3_5c\HeLa-S3_nuc_pos23_q3_5c_trackmate.xml,8,0,,,39678,39683,0,41,0.0,41.0,42,42,death,seq0034_HeLa-S3_nuc_pos23_q3_5c:cell8,False
seq0034_HeLa-S3_nuc_pos23_q3_5c,HeLa-S3_nuc_pos23_q3_5c,DynamicNuclearNet,train,DynamicNuclearNet\tif_data\train\out\HeLa-S3_nuc_pos23_q3_5c\HeLa-S3_nuc_pos23_q3_5c_trackmate.xml,9,0,,,39679,39685,0,41,0.0,41.0,42,42,death,seq0034_HeLa-S3_nuc_pos23_q3_5c:cell9,False
seq0034_HeLa-S3_nuc_pos23_q3_5c,HeLa-S3_nuc_pos23_q3_5c,DynamicNuclearNet,train,DynamicNuclearNet\tif_data\train\out\HeLa-S3_nuc_pos23_q3_5c\HeLa-S3_nuc_pos23_q3_5c_trackmate.xml,10,0,,,39682,39688,0,41,0.0,41.0,42,42,death,seq0034_HeLa-S3_nuc_pos23_q3_5c:cell10,False
seq0034_HeLa-S3_nuc_pos23_q3_5c,HeLa-S3_nuc_pos23_q3_5c,DynamicNuclearNet,train,DynamicNuclearNet\tif_data\train\out\HeLa-S3_nuc_pos23_q3_5c\HeLa-S3_nuc_pos23_q3_5c_trackmate.xml,11,0,,,39684,39693,0,41,0.0,41.0,42,42,death,seq0034_HeLa-S3_nuc_pos23_q3_5c:cell11,False
seq0034_HeLa-S3_nuc_pos23_q3_5c,HeLa-S3_nuc_pos23_q3_5c,DynamicNuclearNet,train,DynamicNuclearNet\tif_data\train\out\HeLa-S3_nuc_pos23_q3_5c\HeLa-S3_nuc_pos23_q3_5c_trackmate.xml,12,0,,,39686,39691,0,41,0.0,41.0,42,42,death,seq0034_HeLa-S3_nuc_pos23_q3_5c:cell12,False
seq0034_HeLa-S3_nuc_pos23_q3_5c,HeLa-S3_nuc_pos23_q3_5c,DynamicNuclearNet,train,DynamicNuclearNet\tif_data\train\out\HeLa-S3_nuc_pos23_q3_5c\HeLa-S3_nuc_pos23_q3_5c_trackmate.xml,13,0,,23|24,39687,39161,0,8,0.0,8.0,9,9,division,seq0034_HeLa-S3_nuc_pos23_q3_5c:cell13,True
seq0034_HeLa-S3_nuc_pos23_q3_5c,HeLa-S3_nuc_pos23_q3_5c,DynamicNuclearNet,train,DynamicNuclearNet\tif_data\train\out\HeLa-S3_nuc_pos23_q3_5c\HeLa-S3_nuc_pos23_q3_5c_trackmate.xml,14,0,,,39689,39695,0,41,0.0,41.0,42,42,death,seq0034_HeLa-S3_nuc_pos23_q3_5c:cell14,False
seq0034_HeLa-S3_nuc_pos23_q3_5c,HeLa-S3_nuc_pos23_q3_5c,DynamicNuclearNet,train,DynamicNuclearNet\tif_data\train\out\HeLa-S3_nuc_pos23_q3_5c\HeLa-S3_nuc_pos23_q3_5c_trackmate.xml,15,0,,,39690,39120,0,2,0.0,2.0,3,3,death,seq0034_HeLa-S3_nuc_pos23_q3_5c:cell15,False
seq0034_HeLa-S3_nuc_pos23_q3_5c,HeLa-S3_nuc_pos23_q3_5c,DynamicNuclearNet,train,DynamicNuclearNet\tif_data\train\out\HeLa-S3_nuc_pos23_q3_5c\HeLa-S3_nuc_pos23_q3_5c_trackmate.xml,16,0,,,39692,39696,0,41,0.0,41.0,42,42,death,seq0034_HeLa-S3_nuc_pos23_q3_5c:cell16,False
seq0034_HeLa-S3_nuc_pos23_q3_5c,HeLa-S3_nuc_pos23_q3_5c,DynamicNuclearNet,train,DynamicNuclearNet\tif_data\train\out\HeLa-S3_nuc_pos23_q3_5c\HeLa-S3_nuc_pos23_q3_5c_trackmate.xml,17,0,,,39019,39661,3,41,3.0,41.0,39,39,death,seq0034_HeLa-S3_nuc_pos23_q3_5c:cell17,False
seq0034_HeLa-S3_nuc_pos23_q3_5c,HeLa-S3_nuc_pos23_q3_5c,DynamicNuclearNet,train,DynamicNuclearNet\tif_data\train\out\HeLa-S3_nuc_pos23_q3_5c\HeLa-S3_nuc_pos23_q3_5c_trackmate.xml,18,0,,,39167,39167,11,11,11.0,11.0,1,1,death,seq0034_HeLa-S3_nuc_pos23_q3_5c:cell18,False
seq0034_HeLa-S3_nuc_pos23_q3_5c,HeLa-S3_nuc_pos23_q3_5c,DynamicNuclearNet,train,DynamicNuclearNet\tif_data\train\out\HeLa-S3_nuc_pos23_q3_5c\HeLa-S3_nuc_pos23_q3_5c_trackmate.xml,19,0,,,39253,39381,17,24,17.0,24.0,8,8,death,seq0034_HeLa-S3_nuc_pos23_q3_5c:cell19,False
seq0034_HeLa-S3_nuc_pos23_q3_5c,HeLa-S3_nuc_pos23_q3_5c,DynamicNuclearNet,train,DynamicNuclearNet\tif_data\train\out\HeLa-S3_nuc_pos23_q3_5c\HeLa-S3_nuc_pos23_q3_5c_trackmate.xml,20,0,,,39570,39570,37,37,37.0,37.0,1,1,death,seq0034_HeLa-S3_nuc_pos23_q3_5c:cell20,False
seq0034_HeLa-S3_nuc_pos23_q3_5c,HeLa-S3_nuc_pos23_q3_5c,DynamicNuclearNet,train,DynamicNuclearNet\tif_data\train\out\HeLa-S3_nuc_pos23_q3_5c\HeLa-S3_nuc_pos23_q3_5c_trackmate.xml,21,1,2,,39184,39184,1,1,1.0,1.0,1,1,death,seq0034_HeLa-S3_nuc_pos23_q3_5c:cell21,False
seq0034_HeLa-S3_nuc_pos23_q3_5c,HeLa-S3_nuc_pos23_q3_5c,DynamicNuclearNet,train,DynamicNuclearNet\tif_data\train\out\HeLa-S3_nuc_pos23_q3_5c\HeLa-S3_nuc_pos23_q3_5c_trackmate.xml,22,1,2,25|26,39185,39020,1,3,1.0,3.0,3,3,division,seq0034_HeLa-S3_nuc_pos23_q3_5c:cell22,True
seq0034_HeLa-S3_nuc_pos23_q3_5c,HeLa-S3_nuc_pos23_q3_5c,DynamicNuclearNet,train,DynamicNuclearNet\tif_data\train\out\HeLa-S3_nuc_pos23_q3_5c\HeLa-S3_nuc_pos23_q3_5c_trackmate.xml,23,1,13,,39130,39130,9,9,9.0,9.0,1,1,death,seq0034_HeLa-S3_nuc_pos23_q3_5c:cell23,False
seq0034_HeLa-S3_nuc_pos23_q3_5c,HeLa-S3_nuc_pos23_q3_5c,DynamicNuclearNet,train,DynamicNuclearNet\tif_data\train\out\HeLa-S3_nuc_pos23_q3_5c\HeLa-S3_nuc_pos23_q3_5c_trackmate.xml,24,1,13,,39135,39694,9,41,9.0,41.0,33,33,death,seq0034_HeLa-S3_nuc_pos23_q3_5c:cell24,False
seq0034_HeLa-S3_nuc_pos23_q3_5c,HeLa-S3_nuc_pos23_q3_5c,DynamicNuclearNet,train,DynamicNuclearNet\tif_data\train\out\HeLa-S3_nuc_pos23_q3_5c\HeLa-S3_nuc_pos23_q3_5c_trackmate.xml,25,2,22,,39069,39069,4,4,4.0,4.0,1,1,death,seq0034_HeLa-S3_nuc_pos23_q3_5c:cell25,False
seq0034_HeLa-S3_nuc_pos23_q3_5c,HeLa-S3_nuc_pos23_q3_5c,DynamicNuclearNet,train,DynamicNuclearNet\tif_data\train\out\HeLa-S3_nuc_pos23_q3_5c\HeLa-S3_nuc_pos23_q3_5c_trackmate.xml,26,2,22,27|28,39074,39062,4,6,4.0,6.0,3,3,division,seq0034_HeLa-S3_nuc_pos23_q3_5c:cell26,True
seq0034_HeLa-S3_nuc_pos23_q3_5c,HeLa-S3_nuc_pos23_q3_5c,DynamicNuclearNet,train,DynamicNuclearNet\tif_data\train\out\HeLa-S3_nuc_pos23_q3_5c\HeLa-S3_nuc_pos23_q3_5c_trackmate.xml,27,3,26,,39036,39665,7,41,7.0,41.0,35,35,death,seq0034_HeLa-S3_nuc_pos23_q3_5c:cell27,False
seq0034_HeLa-S3_nuc_pos23_q3_5c,HeLa-S3_nuc_pos23_q3_5c,DynamicNuclearNet,train,DynamicNuclearNet\tif_data\train\out\HeLa-S3_nuc_pos23_q3_5c\HeLa-S3_nuc_pos23_q3_5c_trackmate.xml,28,3,26,,39037,39037,7,7,7.0,7.0,1,1,death,seq0034_HeLa-S3_nuc_pos23_q3_5c:cell28,False
seq0035_HeLa-S3_nuc_pos2_q0_5c,HeLa-S3_nuc_pos2_q0_5c,DynamicNuclearNet,train,DynamicNuclearNet\tif_data\train\out\HeLa-S3_nuc_pos2_q0_5c\HeLa-S3_nuc_pos2_q0_5c_trackmate.xml,0,0,,,41585,41414,0,41,0.0,41.0,42,42,death,seq0035_HeLa-S3_nuc_pos2_q0_5c:cell0,False
seq0035_HeLa-S3_nuc_pos2_q0_5c,HeLa-S3_nuc_pos2_q0_5c,DynamicNuclearNet,train,DynamicNuclearNet\tif_data\train\out\HeLa-S3_nuc_pos2_q0_5c\HeLa-S3_nuc_pos2_q0_5c_trackmate.xml,1,0,,,41586,39785,0,2,0.0,2.0,3,3,death,seq0035_HeLa-S3_nuc_pos2_q0_5c:cell1,False
seq0035_HeLa-S3_nuc_pos2_q0_5c,HeLa-S3_nuc_pos2_q0_5c,DynamicNuclearNet,train,DynamicNuclearNet\tif_data\train\out\HeLa-S3_nuc_pos2_q0_5c\HeLa-S3_nuc_pos2_q0_5c_trackmate.xml,2,0,,,41587,41421,0,41,0.0,41.0,42,42,death,seq0035_HeLa-S3_nuc_pos2_q0_5c:cell2,False
seq0035_HeLa-S3_nuc_pos2_q0_5c,HeLa-S3_nuc_pos2_q0_5c,DynamicNuclearNet,train,DynamicNuclearNet\tif_data\train\out\HeLa-S3_nuc_pos2_q0_5c\HeLa-S3_nuc_pos2_q0_5c_trackmate.xml,3,0,,,41588,41426,0,41,0.0,41.0,42,42,death,seq0035_HeLa-S3_nuc_pos2_q0_5c:cell3,False
seq0035_HeLa-S3_nuc_pos2_q0_5c,HeLa-S3_nuc_pos2_q0_5c,DynamicNuclearNet,train,DynamicNuclearNet\tif_data\train\out\HeLa-S3_nuc_pos2_q0_5c\HeLa-S3_nuc_pos2_q0_5c_trackmate.xml,4,0,,,41589,41448,0,41,0.0,41.0,42,42,death,seq0035_HeLa-S3_nuc_pos2_q0_5c:cell4,False
seq0035_HeLa-S3_nuc_pos2_q0_5c,HeLa-S3_nuc_pos2_q0_5c,DynamicNuclearNet,train,DynamicNuclearNet\tif_data\train\out\HeLa-S3_nuc_pos2_q0_5c\HeLa-S3_nuc_pos2_q0_5c_trackmate.xml,5,0,,,41590,41434,0,41,0.0,41.0,42,42,death,seq0035_HeLa-S3_nuc_pos2_q0_5c:cell5,False
seq0035_HeLa-S3_nuc_pos2_q0_5c,HeLa-S3_nuc_pos2_q0_5c,DynamicNuclearNet,train,DynamicNuclearNet\tif_data\train\out\HeLa-S3_nuc_pos2_q0_5c\HeLa-S3_nuc_pos2_q0_5c_trackmate.xml,6,0,,,41591,41441,0,41,0.0,41.0,42,42,death,seq0035_HeLa-S3_nuc_pos2_q0_5c:cell6,False
seq0035_HeLa-S3_nuc_pos2_q0_5c,HeLa-S3_nuc_pos2_q0_5c,DynamicNuclearNet,train,DynamicNuclearNet\tif_data\train\out\HeLa-S3_nuc_pos2_q0_5c\HeLa-S3_nuc_pos2_q0_5c_trackmate.xml,7,0,,,41592,41453,0,41,0.0,41.0,42,42,death,seq0035_HeLa-S3_nuc_pos2_q0_5c:cell7,False
seq0035_HeLa-S3_nuc_pos2_q0_5c,HeLa-S3_nuc_pos2_q0_5c,DynamicNuclearNet,train,DynamicNuclearNet\tif_data\train\out\HeLa-S3_nuc_pos2_q0_5c\HeLa-S3_nuc_pos2_q0_5c_trackmate.xml,8,0,,,41593,39755,0,3,0.0,3.0,4,4,death,seq0035_HeLa-S3_nuc_pos2_q0_5c:cell8,False
seq0035_HeLa-S3_nuc_pos2_q0_5c,HeLa-S3_nuc_pos2_q0_5c,DynamicNuclearNet,train,DynamicNuclearNet\tif_data\train\out\HeLa-S3_nuc_pos2_q0_5c\HeLa-S3_nuc_pos2_q0_5c_trackmate.xml,9,0,,,41594,39835,0,2,0.0,2.0,3,3,death,seq0035_HeLa-S3_nuc_pos2_q0_5c:cell9,False
seq0035_HeLa-S3_nuc_pos2_q0_5c,HeLa-S3_nuc_pos2_q0_5c,DynamicNuclearNet,train,DynamicNuclearNet\tif_data\train\out\HeLa-S3_nuc_pos2_q0_5c\HeLa-S3_nuc_pos2_q0_5c_trackmate.xml,10,0,,,41595,41473,0,41,0.0,41.0,42,42,death,seq0035_HeLa-S3_nuc_pos2_q0_5c:cell10,False
seq0035_HeLa-S3_nuc_pos2_q0_5c,HeLa-S3_nuc_pos2_q0_5c,DynamicNuclearNet,train,DynamicNuclearNet\tif_data\train\out\HeLa-S3_nuc_pos2_q0_5c\HeLa-S3_nuc_pos2_q0_5c_trackmate.xml,11,0,,,41596,40947,0,28,0.0,28.0,29,29,death,seq0035_HeLa-S3_nuc_pos2_q0_5c:cell11,False
seq0035_HeLa-S3_nuc_pos2_q0_5c,HeLa-S3_nuc_pos2_q0_5c,DynamicNuclearNet,train,DynamicNuclearNet\tif_data\train\out\HeLa-S3_nuc_pos2_q0_5c\HeLa-S3_nuc_pos2_q0_5c_trackmate.xml,12,0,,,41597,41487,0,41,0.0,41.0,42,42,death,seq0035_HeLa-S3_nuc_pos2_q0_5c:cell12,False
seq0035_HeLa-S3_nuc_pos2_q0_5c,HeLa-S3_nuc_pos2_q0_5c,DynamicNuclearNet,train,DynamicNuclearNet\tif_data\train\out\HeLa-S3_nuc_pos2_q0_5c\HeLa-S3_nuc_pos2_q0_5c_trackmate.xml,13,0,,,41598,41498,0,41,0.0,41.0,42,42,death,seq0035_HeLa-S3_nuc_pos2_q0_5c:cell13,False
seq0035_HeLa-S3_nuc_pos2_q0_5c,HeLa-S3_nuc_pos2_q0_5c,DynamicNuclearNet,train,DynamicNuclearNet\tif_data\train\out\HeLa-S3_nuc_pos2_q0_5c\HeLa-S3_nuc_pos2_q0_5c_trackmate.xml,14,0,,,41599,41504,0,41,0.0,41.0,42,42,death,seq0035_HeLa-S3_nuc_pos2_q0_5c:cell14,False
seq0035_HeLa-S3_nuc_pos2_q0_5c,HeLa-S3_nuc_pos2_q0_5c,DynamicNuclearNet,train,DynamicNuclearNet\tif_data\train\out\HeLa-S3_nuc_pos2_q0_5c\HeLa-S3_nuc_pos2_q0_5c_trackmate.xml,15,0,,,41600,41510,0,41,0.0,41.0,42,42,death,seq0035_HeLa-S3_nuc_pos2_q0_5c:cell15,False
seq0035_HeLa-S3_nuc_pos2_q0_5c,HeLa-S3_nuc_pos2_q0_5c,DynamicNuclearNet,train,DynamicNuclearNet\tif_data\train\out\HeLa-S3_nuc_pos2_q0_5c\HeLa-S3_nuc_pos2_q0_5c_trackmate.xml,16,0,,,41601,41515,0,41,0.0,41.0,42,42,death,seq0035_HeLa-S3_nuc_pos2_q0_5c:cell16,False
seq0035_HeLa-S3_nuc_pos2_q0_5c,HeLa-S3_nuc_pos2_q0_5c,DynamicNuclearNet,train,DynamicNuclearNet\tif_data\train\out\HeLa-S3_nuc_pos2_q0_5c\HeLa-S3_nuc_pos2_q0_5c_trackmate.xml,17,0,,,41602,41525,0,41,0.0,41.0,42,42,death,seq0035_HeLa-S3_nuc_pos2_q0_5c:cell17,False
seq0035_HeLa-S3_nuc_pos2_q0_5c,HeLa-S3_nuc_pos2_q0_5c,DynamicNuclearNet,train,DynamicNuclearNet\tif_data\train\out\HeLa-S3_nuc_pos2_q0_5c\HeLa-S3_nuc_pos2_q0_5c_trackmate.xml,18,0,,,41603,41520,0,41,0.0,41.0,42,42,death,seq0035_HeLa-S3_nuc_pos2_q0_5c:cell18,False
seq0035_HeLa-S3_nuc_pos2_q0_5c,HeLa-S3_nuc_pos2_q0_5c,DynamicNuclearNet,train,DynamicNuclearNet\tif_data\train\out\HeLa-S3_nuc_pos2_q0_5c\HeLa-S3_nuc_pos2_q0_5c_trackmate.xml,19,0,,,41604,41540,0,41,0.0,41.0,42,42,death,seq0035_HeLa-S3_nuc_pos2_q0_5c:cell19,False
seq0035_HeLa-S3_nuc_pos2_q0_5c,HeLa-S3_nuc_pos2_q0_5c,DynamicNuclearNet,train,DynamicNuclearNet\tif_data\train\out\HeLa-S3_nuc_pos2_q0_5c\HeLa-S3_nuc_pos2_q0_5c_trackmate.xml,20,0,,,41605,41531,0,41,0.0,41.0,42,42,death,seq0035_HeLa-S3_nuc_pos2_q0_5c:cell20,False
seq0035_HeLa-S3_nuc_pos2_q0_5c,HeLa-S3_nuc_pos2_q0_5c,DynamicNuclearNet,train,DynamicNuclearNet\tif_data\train\out\HeLa-S3_nuc_pos2_q0_5c\HeLa-S3_nuc_pos2_q0_5c_trackmate.xml,21,0,,,41606,41536,0,41,0.0,41.0,42,42,death,seq0035_HeLa-S3_nuc_pos2_q0_5c:cell21,False
seq0035_HeLa-S3_nuc_pos2_q0_5c,HeLa-S3_nuc_pos2_q0_5c,DynamicNuclearNet,train,DynamicNuclearNet\tif_data\train\out\HeLa-S3_nuc_pos2_q0_5c\HeLa-S3_nuc_pos2_q0_5c_trackmate.xml,22,0,,,41607,41544,0,41,0.0,41.0,42,42,death,seq0035_HeLa-S3_nuc_pos2_q0_5c:cell22,False
seq0035_HeLa-S3_nuc_pos2_q0_5c,HeLa-S3_nuc_pos2_q0_5c,DynamicNuclearNet,train,DynamicNuclearNet\tif_data\train\out\HeLa-S3_nuc_pos2_q0_5c\HeLa-S3_nuc_pos2_q0_5c_trackmate.xml,23,0,,,41608,41550,0,41,0.0,41.0,42,42,death,seq0035_HeLa-S3_nuc_pos2_q0_5c:cell23,False
seq0035_HeLa-S3_nuc_pos2_q0_5c,HeLa-S3_nuc_pos2_q0_5c,DynamicNuclearNet,train,DynamicNuclearNet\tif_data\train\out\HeLa-S3_nuc_pos2_q0_5c\HeLa-S3_nuc_pos2_q0_5c_trackmate.xml,24,0,,,41609,41547,0,41,0.0,41.0,42,42,death,seq0035_HeLa-S3_nuc_pos2_q0_5c:cell24,False
seq0035_HeLa-S3_nuc_pos2_q0_5c,HeLa-S3_nuc_pos2_q0_5c,DynamicNuclearNet,train,DynamicNuclearNet\tif_data\train\out\HeLa-S3_nuc_pos2_q0_5c\HeLa-S3_nuc_pos2_q0_5c_trackmate.xml,25,0,,,41610,41553,0,41,0.0,41.0,42,42,death,seq0035_HeLa-S3_nuc_pos2_q0_5c:cell25,False
seq0035_HeLa-S3_nuc_pos2_q0_5c,HeLa-S3_nuc_pos2_q0_5c,DynamicNuclearNet,train,DynamicNuclearNet\tif_data\train\out\HeLa-S3_nuc_pos2_q0_5c\HeLa-S3_nuc_pos2_q0_5c_trackmate.xml,26,0,,,41612,41560,0,41,0.0,41.0,42,42,death,seq0035_HeLa-S3_nuc_pos2_q0_5c:cell26,False
seq0035_HeLa-S3_nuc_pos2_q0_5c,HeLa-S3_nuc_pos2_q0_5c,DynamicNuclearNet,train,DynamicNuclearNet\tif_data\train\out\HeLa-S3_nuc_pos2_q0_5c\HeLa-S3_nuc_pos2_q0_5c_trackmate.xml,27,0,,,41613,41562,0,41,0.0,41.0,42,42,death,seq0035_HeLa-S3_nuc_pos2_q0_5c:cell27,False
seq0035_HeLa-S3_nuc_pos2_q0_5c,HeLa-S3_nuc_pos2_q0_5c,DynamicNuclearNet,train,DynamicNuclearNet\tif_data\train\out\HeLa-S3_nuc_pos2_q0_5c\HeLa-S3_nuc_pos2_q0_5c_trackmate.xml,28,0,,,41614,41565,0,41,0.0,41.0,42,42,death,seq0035_HeLa-S3_nuc_pos2_q0_5c:cell28,False
seq0035_HeLa-S3_nuc_pos2_q0_5c,HeLa-S3_nuc_pos2_q0_5c,DynamicNuclearNet,train,DynamicNuclearNet\tif_data\train\out\HeLa-S3_nuc_pos2_q0_5c\HeLa-S3_nuc_pos2_q0_5c_trackmate.xml,29,0,,,41615,41564,0,41,0.0,41.0,42,42,death,seq0035_HeLa-S3_nuc_pos2_q0_5c:cell29,False
seq0035_HeLa-S3_nuc_pos2_q0_5c,HeLa-S3_nuc_pos2_q0_5c,DynamicNuclearNet,train,DynamicNuclearNet\tif_data\train\out\HeLa-S3_nuc_pos2_q0_5c\HeLa-S3_nuc_pos2_q0_5c_trackmate.xml,30,0,,,41616,41351,0,37,0.0,37.0,38,38,death,seq0035_HeLa-S3_nuc_pos2_q0_5c:cell30,False
seq0035_HeLa-S3_nuc_pos2_q0_5c,HeLa-S3_nuc_pos2_q0_5c,DynamicNuclearNet,train,DynamicNuclearNet\tif_data\train\out\HeLa-S3_nuc_pos2_q0_5c\HeLa-S3_nuc_pos2_q0_5c_trackmate.xml,31,0,,,41617,41569,0,41,0.0,41.0,42,42,death,seq0035_HeLa-S3_nuc_pos2_q0_5c:cell31,False
seq0035_HeLa-S3_nuc_pos2_q0_5c,HeLa-S3_nuc_pos2_q0_5c,DynamicNuclearNet,train,DynamicNuclearNet\tif_data\train\out\HeLa-S3_nuc_pos2_q0_5c\HeLa-S3_nuc_pos2_q0_5c_trackmate.xml,32,0,,,41618,41567,0,41,0.0,41.0,42,42,death,seq0035_HeLa-S3_nuc_pos2_q0_5c:cell32,False
seq0035_HeLa-S3_nuc_pos2_q0_5c,HeLa-S3_nuc_pos2_q0_5c,DynamicNuclearNet,train,DynamicNuclearNet\tif_data\train\out\HeLa-S3_nuc_pos2_q0_5c\HeLa-S3_nuc_pos2_q0_5c_trackmate.xml,33,0,,,41619,41574,0,41,0.0,41.0,42,42,death,seq0035_HeLa-S3_nuc_pos2_q0_5c:cell33,False
seq0035_HeLa-S3_nuc_pos2_q0_5c,HeLa-S3_nuc_pos2_q0_5c,DynamicNuclearNet,train,DynamicNuclearNet\tif_data\train\out\HeLa-S3_nuc_pos2_q0_5c\HeLa-S3_nuc_pos2_q0_5c_trackmate.xml,34,0,,,41620,41575,0,41,0.0,41.0,42,42,death,seq0035_HeLa-S3_nuc_pos2_q0_5c:cell34,False
seq0035_HeLa-S3_nuc_pos2_q0_5c,HeLa-S3_nuc_pos2_q0_5c,DynamicNuclearNet,train,DynamicNuclearNet\tif_data\train\out\HeLa-S3_nuc_pos2_q0_5c\HeLa-S3_nuc_pos2_q0_5c_trackmate.xml,35,0,,,41621,41576,0,41,0.0,41.0,42,42,death,seq0035_HeLa-S3_nuc_pos2_q0_5c:cell35,False
seq0035_HeLa-S3_nuc_pos2_q0_5c,HeLa-S3_nuc_pos2_q0_5c,DynamicNuclearNet,train,DynamicNuclearNet\tif_data\train\out\HeLa-S3_nuc_pos2_q0_5c\HeLa-S3_nuc_pos2_q0_5c_trackmate.xml,36,0,,,41622,41578,0,41,0.0,41.0,42,42,death,seq0035_HeLa-S3_nuc_pos2_q0_5c:cell36,False
seq0035_HeLa-S3_nuc_pos2_q0_5c,HeLa-S3_nuc_pos2_q0_5c,DynamicNuclearNet,train,DynamicNuclearNet\tif_data\train\out\HeLa-S3_nuc_pos2_q0_5c\HeLa-S3_nuc_pos2_q0_5c_trackmate.xml,37,0,,,41624,41577,0,41,0.0,41.0,42,42,death,seq0035_HeLa-S3_nuc_pos2_q0_5c:cell37,False
seq0035_HeLa-S3_nuc_pos2_q0_5c,HeLa-S3_nuc_pos2_q0_5c,DynamicNuclearNet,train,DynamicNuclearNet\tif_data\train\out\HeLa-S3_nuc_pos2_q0_5c\HeLa-S3_nuc_pos2_q0_5c_trackmate.xml,38,0,,,41625,41579,0,41,0.0,41.0,42,42,death,seq0035_HeLa-S3_nuc_pos2_q0_5c:cell38,False
seq0035_HeLa-S3_nuc_pos2_q0_5c,HeLa-S3_nuc_pos2_q0_5c,DynamicNuclearNet,train,DynamicNuclearNet\tif_data\train\out\HeLa-S3_nuc_pos2_q0_5c\HeLa-S3_nuc_pos2_q0_5c_trackmate.xml,39,0,,,41626,41580,0,41,0.0,41.0,42,42,death,seq0035_HeLa-S3_nuc_pos2_q0_5c:cell39,False
seq0035_HeLa-S3_nuc_pos2_q0_5c,HeLa-S3_nuc_pos2_q0_5c,DynamicNuclearNet,train,DynamicNuclearNet\tif_data\train\out\HeLa-S3_nuc_pos2_q0_5c\HeLa-S3_nuc_pos2_q0_5c_trackmate.xml,40,0,,,41627,41581,0,41,0.0,41.0,42,42,death,seq0035_HeLa-S3_nuc_pos2_q0_5c:cell40,False
seq0035_HeLa-S3_nuc_pos2_q0_5c,HeLa-S3_nuc_pos2_q0_5c,DynamicNuclearNet,train,DynamicNuclearNet\tif_data\train\out\HeLa-S3_nuc_pos2_q0_5c\HeLa-S3_nuc_pos2_q0_5c_trackmate.xml,41,0,,,41628,41582,0,41,0.0,41.0,42,42,death,seq0035_HeLa-S3_nuc_pos2_q0_5c:cell41,False
seq0035_HeLa-S3_nuc_pos2_q0_5c,HeLa-S3_nuc_pos2_q0_5c,DynamicNuclearNet,train,DynamicNuclearNet\tif_data\train\out\HeLa-S3_nuc_pos2_q0_5c\HeLa-S3_nuc_pos2_q0_5c_trackmate.xml,42,0,,,41629,41583,0,41,0.0,41.0,42,42,death,seq0035_HeLa-S3_nuc_pos2_q0_5c:cell42,False
seq0035_HeLa-S3_nuc_pos2_q0_5c,HeLa-S3_nuc_pos2_q0_5c,DynamicNuclearNet,train,DynamicNuclearNet\tif_data\train\out\HeLa-S3_nuc_pos2_q0_5c\HeLa-S3_nuc_pos2_q0_5c_trackmate.xml,43,0,,,41630,41584,0,41,0.0,41.0,42,42,death,seq0035_HeLa-S3_nuc_pos2_q0_5c:cell43,False
seq0035_HeLa-S3_nuc_pos2_q0_5c,HeLa-S3_nuc_pos2_q0_5c,DynamicNuclearNet,train,DynamicNuclearNet\tif_data\train\out\HeLa-S3_nuc_pos2_q0_5c\HeLa-S3_nuc_pos2_q0_5c_trackmate.xml,44,0,,,41631,41631,0,0,0.0,0.0,1,1,death,seq0035_HeLa-S3_nuc_pos2_q0_5c:cell44,False
seq0035_HeLa-S3_nuc_pos2_q0_5c,HeLa-S3_nuc_pos2_q0_5c,DynamicNuclearNet,train,DynamicNuclearNet\tif_data\train\out\HeLa-S3_nuc_pos2_q0_5c\HeLa-S3_nuc_pos2_q0_5c_trackmate.xml,45,0,,,41632,40012,0,1,0.0,1.0,2,2,death,seq0035_HeLa-S3_nuc_pos2_q0_5c:cell45,False
seq0035_HeLa-S3_nuc_pos2_q0_5c,HeLa-S3_nuc_pos2_q0_5c,DynamicNuclearNet,train,DynamicNuclearNet\tif_data\train\out\HeLa-S3_nuc_pos2_q0_5c\HeLa-S3_nuc_pos2_q0_5c_trackmate.xml,46,0,,,39851,39851,1,1,1.0,1.0,1,1,death,seq0035_HeLa-S3_nuc_pos2_q0_5c:cell46,False
seq0035_HeLa-S3_nuc_pos2_q0_5c,HeLa-S3_nuc_pos2_q0_5c,DynamicNuclearNet,train,DynamicNuclearNet\tif_data\train\out\HeLa-S3_nuc_pos2_q0_5c\HeLa-S3_nuc_pos2_q0_5c_trackmate.xml,47,0,,,39759,41412,3,4,3.0,4.0,2,2,death,seq0035_HeLa-S3_nuc_pos2_q0_5c:cell47,False
seq0035_HeLa-S3_nuc_pos2_q0_5c,HeLa-S3_nuc_pos2_q0_5c,DynamicNuclearNet,train,DynamicNuclearNet\tif_data\train\out\HeLa-S3_nuc_pos2_q0_5c\HeLa-S3_nuc_pos2_q0_5c_trackmate.xml,48,0,,,39763,39763,3,3,3.0,3.0,1,1,death,seq0035_HeLa-S3_nuc_pos2_q0_5c:cell48,False
seq0035_HeLa-S3_nuc_pos2_q0_5c,HeLa-S3_nuc_pos2_q0_5c,DynamicNuclearNet,train,DynamicNuclearNet\tif_data\train\out\HeLa-S3_nuc_pos2_q0_5c\HeLa-S3_nuc_pos2_q0_5c_trackmate.xml,49,0,,,41406,41406,4,4,4.0,4.0,1,1,death,seq0035_HeLa-S3_nuc_pos2_q0_5c:cell49,False
seq0035_HeLa-S3_nuc_pos2_q0_5c,HeLa-S3_nuc_pos2_q0_5c,DynamicNuclearNet,train,DynamicNuclearNet\tif_data\train\out\HeLa-S3_nuc_pos2_q0_5c\HeLa-S3_nuc_pos2_q0_5c_trackmate.xml,50,0,,,41409,41468,4,41,4.0,41.0,38,38,death,seq0035_HeLa-S3_nuc_pos2_q0_5c:cell50,False
seq0035_HeLa-S3_nuc_pos2_q0_5c,HeLa-S3_nuc_pos2_q0_5c,DynamicNuclearNet,train,DynamicNuclearNet\tif_data\train\out\HeLa-S3_nuc_pos2_q0_5c\HeLa-S3_nuc_pos2_q0_5c_trackmate.xml,51,0,,,41418,39838,4,5,4.0,5.0,2,2,death,seq0035_HeLa-S3_nuc_pos2_q0_5c:cell51,False
seq0035_HeLa-S3_nuc_pos2_q0_5c,HeLa-S3_nuc_pos2_q0_5c,DynamicNuclearNet,train,DynamicNuclearNet\tif_data\train\out\HeLa-S3_nuc_pos2_q0_5c\HeLa-S3_nuc_pos2_q0_5c_trackmate.xml,52,0,,,39828,41462,5,41,5.0,41.0,37,37,death,seq0035_HeLa-S3_nuc_pos2_q0_5c:cell52,False
seq0035_HeLa-S3_nuc_pos2_q0_5c,HeLa-S3_nuc_pos2_q0_5c,DynamicNuclearNet,train,DynamicNuclearNet\tif_data\train\out\HeLa-S3_nuc_pos2_q0_5c\HeLa-S3_nuc_pos2_q0_5c_trackmate.xml,53,0,,,39842,41288,5,35,5.0,35.0,31,31,death,seq0035_HeLa-S3_nuc_pos2_q0_5c:cell53,False
seq0035_HeLa-S3_nuc_pos2_q0_5c,HeLa-S3_nuc_pos2_q0_5c,DynamicNuclearNet,train,DynamicNuclearNet\tif_data\train\out\HeLa-S3_nuc_pos2_q0_5c\HeLa-S3_nuc_pos2_q0_5c_trackmate.xml,54,0,,,40126,40158,5,11,5.0,11.0,7,7,death,seq0035_HeLa-S3_nuc_pos2_q0_5c:cell54,False
seq0035_HeLa-S3_nuc_pos2_q0_5c,HeLa-S3_nuc_pos2_q0_5c,DynamicNuclearNet,train,DynamicNuclearNet\tif_data\train\out\HeLa-S3_nuc_pos2_q0_5c\HeLa-S3_nuc_pos2_q0_5c_trackmate.xml,55,0,,,39778,41483,6,41,6.0,41.0,36,36,death,seq0035_HeLa-S3_nuc_pos2_q0_5c:cell55,False
seq0035_HeLa-S3_nuc_pos2_q0_5c,HeLa-S3_nuc_pos2_q0_5c,DynamicNuclearNet,train,DynamicNuclearNet\tif_data\train\out\HeLa-S3_nuc_pos2_q0_5c\HeLa-S3_nuc_pos2_q0_5c_trackmate.xml,56,0,,,40702,40702,24,24,24.0,24.0,1,1,death,seq0035_HeLa-S3_nuc_pos2_q0_5c:cell56,False
seq0035_HeLa-S3_nuc_pos2_q0_5c,HeLa-S3_nuc_pos2_q0_5c,DynamicNuclearNet,train,DynamicNuclearNet\tif_data\train\out\HeLa-S3_nuc_pos2_q0_5c\HeLa-S3_nuc_pos2_q0_5c_trackmate.xml,57,0,,,40813,41145,29,34,29.0,34.0,6,6,death,seq0035_HeLa-S3_nuc_pos2_q0_5c:cell57,False
seq0035_HeLa-S3_nuc_pos2_q0_5c,HeLa-S3_nuc_pos2_q0_5c,DynamicNuclearNet,train,DynamicNuclearNet\tif_data\train\out\HeLa-S3_nuc_pos2_q0_5c\HeLa-S3_nuc_pos2_q0_5c_trackmate.xml,58,0,,,40949,41556,30,41,30.0,41.0,12,12,death,seq0035_HeLa-S3_nuc_pos2_q0_5c:cell58,False
seq0035_HeLa-S3_nuc_pos2_q0_5c,HeLa-S3_nuc_pos2_q0_5c,DynamicNuclearNet,train,DynamicNuclearNet\tif_data\train\out\HeLa-S3_nuc_pos2_q0_5c\HeLa-S3_nuc_pos2_q0_5c_trackmate.xml,59,0,,,41286,41479,35,41,35.0,41.0,7,7,death,seq0035_HeLa-S3_nuc_pos2_q0_5c:cell59,False
seq0035_HeLa-S3_nuc_pos2_q0_5c,HeLa-S3_nuc_pos2_q0_5c,DynamicNuclearNet,train,DynamicNuclearNet\tif_data\train\out\HeLa-S3_nuc_pos2_q0_5c\HeLa-S3_nuc_pos2_q0_5c_trackmate.xml,60,0,,,41291,41491,35,41,35.0,41.0,7,7,death,seq0035_HeLa-S3_nuc_pos2_q0_5c:cell60,False
seq0035_HeLa-S3_nuc_pos2_q0_5c,HeLa-S3_nuc_pos2_q0_5c,DynamicNuclearNet,train,DynamicNuclearNet\tif_data\train\out\HeLa-S3_nuc_pos2_q0_5c\HeLa-S3_nuc_pos2_q0_5c_trackmate.xml,61,0,,,41440,41440,38,38,38.0,38.0,1,1,death,seq0035_HeLa-S3_nuc_pos2_q0_5c:cell61,False
seq0035_HeLa-S3_nuc_pos2_q0_5c,HeLa-S3_nuc_pos2_q0_5c,DynamicNuclearNet,train,DynamicNuclearNet\tif_data\train\out\HeLa-S3_nuc_pos2_q0_5c\HeLa-S3_nuc_pos2_q0_5c_trackmate.xml,62,0,,,41529,41571,39,41,39.0,41.0,3,3,death,seq0035_HeLa-S3_nuc_pos2_q0_5c:cell62,False
seq0036_HeLa-S3_nuc_pos2_q1_5c,HeLa-S3_nuc_pos2_q1_5c,DynamicNuclearNet,train,DynamicNuclearNet\tif_data\train\out\HeLa-S3_nuc_pos2_q1_5c\HeLa-S3_nuc_pos2_q1_5c_trackmate.xml,0,0,,,41752,42474,0,27,0.0,27.0,28,28,death,seq0036_HeLa-S3_nuc_pos2_q1_5c:cell0,False
seq0036_HeLa-S3_nuc_pos2_q1_5c,HeLa-S3_nuc_pos2_q1_5c,DynamicNuclearNet,train,DynamicNuclearNet\tif_data\train\out\HeLa-S3_nuc_pos2_q1_5c\HeLa-S3_nuc_pos2_q1_5c_trackmate.xml,1,0,,,41757,42500,0,28,0.0,28.0,29,29,death,seq0036_HeLa-S3_nuc_pos2_q1_5c:cell1,False
seq0036_HeLa-S3_nuc_pos2_q1_5c,HeLa-S3_nuc_pos2_q1_5c,DynamicNuclearNet,train,DynamicNuclearNet\tif_data\train\out\HeLa-S3_nuc_pos2_q1_5c\HeLa-S3_nuc_pos2_q1_5c_trackmate.xml,2,0,,,41762,42937,0,41,0.0,41.0,42,42,death,seq0036_HeLa-S3_nuc_pos2_q1_5c:cell2,False
seq0036_HeLa-S3_nuc_pos2_q1_5c,HeLa-S3_nuc_pos2_q1_5c,DynamicNuclearNet,train,DynamicNuclearNet\tif_data\train\out\HeLa-S3_nuc_pos2_q1_5c\HeLa-S3_nuc_pos2_q1_5c_trackmate.xml,3,0,,,41769,42941,0,41,0.0,41.0,42,42,death,seq0036_HeLa-S3_nuc_pos2_q1_5c:cell3,False
seq0036_HeLa-S3_nuc_pos2_q1_5c,HeLa-S3_nuc_pos2_q1_5c,DynamicNuclearNet,train,DynamicNuclearNet\tif_data\train\out\HeLa-S3_nuc_pos2_q1_5c\HeLa-S3_nuc_pos2_q1_5c_trackmate.xml,4,0,,,41775,42947,0,41,0.0,41.0,42,42,death,seq0036_HeLa-S3_nuc_pos2_q1_5c:cell4,False
seq0036_HeLa-S3_nuc_pos2_q1_5c,HeLa-S3_nuc_pos2_q1_5c,DynamicNuclearNet,train,DynamicNuclearNet\tif_data\train\out\HeLa-S3_nuc_pos2_q1_5c\HeLa-S3_nuc_pos2_q1_5c_trackmate.xml,5,0,,,41785,42944,0,41,0.0,41.0,42,42,death,seq0036_HeLa-S3_nuc_pos2_q1_5c:cell5,False
seq0036_HeLa-S3_nuc_pos2_q1_5c,HeLa-S3_nuc_pos2_q1_5c,DynamicNuclearNet,train,DynamicNuclearNet\tif_data\train\out\HeLa-S3_nuc_pos2_q1_5c\HeLa-S3_nuc_pos2_q1_5c_trackmate.xml,6,0,,,41791,42950,0,41,0.0,41.0,42,42,death,seq0036_HeLa-S3_nuc_pos2_q1_5c:cell6,False
seq0036_HeLa-S3_nuc_pos2_q1_5c,HeLa-S3_nuc_pos2_q1_5c,DynamicNuclearNet,train,DynamicNuclearNet\tif_data\train\out\HeLa-S3_nuc_pos2_q1_5c\HeLa-S3_nuc_pos2_q1_5c_trackmate.xml,7,0,,,41802,42953,0,41,0.0,41.0,42,42,death,seq0036_HeLa-S3_nuc_pos2_q1_5c:cell7,False
seq0036_HeLa-S3_nuc_pos2_q1_5c,HeLa-S3_nuc_pos2_q1_5c,DynamicNuclearNet,train,DynamicNuclearNet\tif_data\train\out\HeLa-S3_nuc_pos2_q1_5c\HeLa-S3_nuc_pos2_q1_5c_trackmate.xml,8,0,,,41814,42957,0,41,0.0,41.0,42,42,death,seq0036_HeLa-S3_nuc_pos2_q1_5c:cell8,False
seq0036_HeLa-S3_nuc_pos2_q1_5c,HeLa-S3_nuc_pos2_q1_5c,DynamicNuclearNet,train,DynamicNuclearNet\tif_data\train\out\HeLa-S3_nuc_pos2_q1_5c\HeLa-S3_nuc_pos2_q1_5c_trackmate.xml,9,0,,,41825,42960,0,41,0.0,41.0,42,42,death,seq0036_HeLa-S3_nuc_pos2_q1_5c:cell9,False
seq0036_HeLa-S3_nuc_pos2_q1_5c,HeLa-S3_nuc_pos2_q1_5c,DynamicNuclearNet,train,DynamicNuclearNet\tif_data\train\out\HeLa-S3_nuc_pos2_q1_5c\HeLa-S3_nuc_pos2_q1_5c_trackmate.xml,10,0,,,41834,42968,0,41,0.0,41.0,42,42,death,seq0036_HeLa-S3_nuc_pos2_q1_5c:cell10,False
seq0036_HeLa-S3_nuc_pos2_q1_5c,HeLa-S3_nuc_pos2_q1_5c,DynamicNuclearNet,train,DynamicNuclearNet\tif_data\train\out\HeLa-S3_nuc_pos2_q1_5c\HeLa-S3_nuc_pos2_q1_5c_trackmate.xml,11,0,,,41848,42971,0,41,0.0,41.0,42,42,death,seq0036_HeLa-S3_nuc_pos2_q1_5c:cell11,False
seq0036_HeLa-S3_nuc_pos2_q1_5c,HeLa-S3_nuc_pos2_q1_5c,DynamicNuclearNet,train,DynamicNuclearNet\tif_data\train\out\HeLa-S3_nuc_pos2_q1_5c\HeLa-S3_nuc_pos2_q1_5c_trackmate.xml,12,0,,,41855,42974,0,41,0.0,41.0,42,42,death,seq0036_HeLa-S3_nuc_pos2_q1_5c:cell12,False
seq0036_HeLa-S3_nuc_pos2_q1_5c,HeLa-S3_nuc_pos2_q1_5c,DynamicNuclearNet,train,DynamicNuclearNet\tif_data\train\out\HeLa-S3_nuc_pos2_q1_5c\HeLa-S3_nuc_pos2_q1_5c_trackmate.xml,13,0,,,41864,42977,0,41,0.0,41.0,42,42,death,seq0036_HeLa-S3_nuc_pos2_q1_5c:cell13,False
seq0036_HeLa-S3_nuc_pos2_q1_5c,HeLa-S3_nuc_pos2_q1_5c,DynamicNuclearNet,train,DynamicNuclearNet\tif_data\train\out\HeLa-S3_nuc_pos2_q1_5c\HeLa-S3_nuc_pos2_q1_5c_trackmate.xml,14,0,,,41872,42980,0,41,0.0,41.0,42,42,death,seq0036_HeLa-S3_nuc_pos2_q1_5c:cell14,False
seq0036_HeLa-S3_nuc_pos2_q1_5c,HeLa-S3_nuc_pos2_q1_5c,DynamicNuclearNet,train,DynamicNuclearNet\tif_data\train\out\HeLa-S3_nuc_pos2_q1_5c\HeLa-S3_nuc_pos2_q1_5c_trackmate.xml,15,0,,,41881,42987,0,41,0.0,41.0,42,42,death,seq0036_HeLa-S3_nuc_pos2_q1_5c:cell15,False
seq0036_HeLa-S3_nuc_pos2_q1_5c,HeLa-S3_nuc_pos2_q1_5c,DynamicNuclearNet,train,DynamicNuclearNet\tif_data\train\out\HeLa-S3_nuc_pos2_q1_5c\HeLa-S3_nuc_pos2_q1_5c_trackmate.xml,16,0,,,41887,42984,0,41,0.0,41.0,42,42,death,seq0036_HeLa-S3_nuc_pos2_q1_5c:cell16,False
seq0036_HeLa-S3_nuc_pos2_q1_5c,HeLa-S3_nuc_pos2_q1_5c,DynamicNuclearNet,train,DynamicNuclearNet\tif_data\train\out\HeLa-S3_nuc_pos2_q1_5c\HeLa-S3_nuc_pos2_q1_5c_trackmate.xml,17,0,,,41894,42990,0,41,0.0,41.0,42,42,death,seq0036_HeLa-S3_nuc_pos2_q1_5c:cell17,False
seq0036_HeLa-S3_nuc_pos2_q1_5c,HeLa-S3_nuc_pos2_q1_5c,DynamicNuclearNet,train,DynamicNuclearNet\tif_data\train\out\HeLa-S3_nuc_pos2_q1_5c\HeLa-S3_nuc_pos2_q1_5c_trackmate.xml,18,0,,,41901,42996,0,41,0.0,41.0,42,42,death,seq0036_HeLa-S3_nuc_pos2_q1_5c:cell18,False
seq0036_HeLa-S3_nuc_pos2_q1_5c,HeLa-S3_nuc_pos2_q1_5c,DynamicNuclearNet,train,DynamicNuclearNet\tif_data\train\out\HeLa-S3_nuc_pos2_q1_5c\HeLa-S3_nuc_pos2_q1_5c_trackmate.xml,19,0,,,41908,42993,0,41,0.0,41.0,42,42,death,seq0036_HeLa-S3_nuc_pos2_q1_5c:cell19,False
seq0036_HeLa-S3_nuc_pos2_q1_5c,HeLa-S3_nuc_pos2_q1_5c,DynamicNuclearNet,train,DynamicNuclearNet\tif_data\train\out\HeLa-S3_nuc_pos2_q1_5c\HeLa-S3_nuc_pos2_q1_5c_trackmate.xml,20,0,,,41915,43001,0,41,0.0,41.0,42,42,death,seq0036_HeLa-S3_nuc_pos2_q1_5c:cell20,False
seq0036_HeLa-S3_nuc_pos2_q1_5c,HeLa-S3_nuc_pos2_q1_5c,DynamicNuclearNet,train,DynamicNuclearNet\tif_data\train\out\HeLa-S3_nuc_pos2_q1_5c\HeLa-S3_nuc_pos2_q1_5c_trackmate.xml,21,0,,,41922,43004,0,41,0.0,41.0,42,42,death,seq0036_HeLa-S3_nuc_pos2_q1_5c:cell21,False
seq0036_HeLa-S3_nuc_pos2_q1_5c,HeLa-S3_nuc_pos2_q1_5c,DynamicNuclearNet,train,DynamicNuclearNet\tif_data\train\out\HeLa-S3_nuc_pos2_q1_5c\HeLa-S3_nuc_pos2_q1_5c_trackmate.xml,22,0,,,41930,43007,0,41,0.0,41.0,42,42,death,seq0036_HeLa-S3_nuc_pos2_q1_5c:cell22,False
seq0036_HeLa-S3_nuc_pos2_q1_5c,HeLa-S3_nuc_pos2_q1_5c,DynamicNuclearNet,train,DynamicNuclearNet\tif_data\train\out\HeLa-S3_nuc_pos2_q1_5c\HeLa-S3_nuc_pos2_q1_5c_trackmate.xml,23,0,,,41935,43010,0,41,0.0,41.0,42,42,death,seq0036_HeLa-S3_nuc_pos2_q1_5c:cell23,False
seq0036_HeLa-S3_nuc_pos2_q1_5c,HeLa-S3_nuc_pos2_q1_5c,DynamicNuclearNet,train,DynamicNuclearNet\tif_data\train\out\HeLa-S3_nuc_pos2_q1_5c\HeLa-S3_nuc_pos2_q1_5c_trackmate.xml,24,0,,,41940,43013,0,41,0.0,41.0,42,42,death,seq0036_HeLa-S3_nuc_pos2_q1_5c:cell24,False
seq0036_HeLa-S3_nuc_pos2_q1_5c,HeLa-S3_nuc_pos2_q1_5c,DynamicNuclearNet,train,DynamicNuclearNet\tif_data\train\out\HeLa-S3_nuc_pos2_q1_5c\HeLa-S3_nuc_pos2_q1_5c_trackmate.xml,25,0,,,41945,42019,0,6,0.0,6.0,7,7,death,seq0036_HeLa-S3_nuc_pos2_q1_5c:cell25,False
seq0036_HeLa-S3_nuc_pos2_q1_5c,HeLa-S3_nuc_pos2_q1_5c,DynamicNuclearNet,train,DynamicNuclearNet\tif_data\train\out\HeLa-S3_nuc_pos2_q1_5c\HeLa-S3_nuc_pos2_q1_5c_trackmate.xml,26,0,,,41949,43016,0,41,0.0,41.0,42,42,death,seq0036_HeLa-S3_nuc_pos2_q1_5c:cell26,False
seq0036_HeLa-S3_nuc_pos2_q1_5c,HeLa-S3_nuc_pos2_q1_5c,DynamicNuclearNet,train,DynamicNuclearNet\tif_data\train\out\HeLa-S3_nuc_pos2_q1_5c\HeLa-S3_nuc_pos2_q1_5c_trackmate.xml,27,0,,,41954,43018,0,41,0.0,41.0,42,42,death,seq0036_HeLa-S3_nuc_pos2_q1_5c:cell27,False
seq0036_HeLa-S3_nuc_pos2_q1_5c,HeLa-S3_nuc_pos2_q1_5c,DynamicNuclearNet,train,DynamicNuclearNet\tif_data\train\out\HeLa-S3_nuc_pos2_q1_5c\HeLa-S3_nuc_pos2_q1_5c_trackmate.xml,28,0,,,41959,43020,0,41,0.0,41.0,42,42,death,seq0036_HeLa-S3_nuc_pos2_q1_5c:cell28,False
seq0036_HeLa-S3_nuc_pos2_q1_5c,HeLa-S3_nuc_pos2_q1_5c,DynamicNuclearNet,train,DynamicNuclearNet\tif_data\train\out\HeLa-S3_nuc_pos2_q1_5c\HeLa-S3_nuc_pos2_q1_5c_trackmate.xml,29,0,,,41965,43022,0,41,0.0,41.0,42,42,death,seq0036_HeLa-S3_nuc_pos2_q1_5c:cell29,False
seq0036_HeLa-S3_nuc_pos2_q1_5c,HeLa-S3_nuc_pos2_q1_5c,DynamicNuclearNet,train,DynamicNuclearNet\tif_data\train\out\HeLa-S3_nuc_pos2_q1_5c\HeLa-S3_nuc_pos2_q1_5c_trackmate.xml,30,0,,,41969,43025,0,41,0.0,41.0,42,42,death,seq0036_HeLa-S3_nuc_pos2_q1_5c:cell30,False
seq0036_HeLa-S3_nuc_pos2_q1_5c,HeLa-S3_nuc_pos2_q1_5c,DynamicNuclearNet,train,DynamicNuclearNet\tif_data\train\out\HeLa-S3_nuc_pos2_q1_5c\HeLa-S3_nuc_pos2_q1_5c_trackmate.xml,31,0,,,41973,43026,0,41,0.0,41.0,42,42,death,seq0036_HeLa-S3_nuc_pos2_q1_5c:cell31,False
seq0036_HeLa-S3_nuc_pos2_q1_5c,HeLa-S3_nuc_pos2_q1_5c,DynamicNuclearNet,train,DynamicNuclearNet\tif_data\train\out\HeLa-S3_nuc_pos2_q1_5c\HeLa-S3_nuc_pos2_q1_5c_trackmate.xml,32,0,,,41886,42963,5,41,5.0,41.0,37,37,death,seq0036_HeLa-S3_nuc_pos2_q1_5c:cell32,False
seq0036_HeLa-S3_nuc_pos2_q1_5c,HeLa-S3_nuc_pos2_q1_5c,DynamicNuclearNet,train,DynamicNuclearNet\tif_data\train\out\HeLa-S3_nuc_pos2_q1_5c\HeLa-S3_nuc_pos2_q1_5c_trackmate.xml,33,0,,,41967,41967,8,8,8.0,8.0,1,1,death,seq0036_HeLa-S3_nuc_pos2_q1_5c:cell33,False
seq0036_HeLa-S3_nuc_pos2_q1_5c,HeLa-S3_nuc_pos2_q1_5c,DynamicNuclearNet,train,DynamicNuclearNet\tif_data\train\out\HeLa-S3_nuc_pos2_q1_5c\HeLa-S3_nuc_pos2_q1_5c_trackmate.xml,34,0,,,41815,41815,10,10,10.0,10.0,1,1,death,seq0036_HeLa-S3_nuc_pos2_q1_5c:cell34,False
seq0036_HeLa-S3_nuc_pos2_q1_5c,HeLa-S3_nuc_pos2_q1_5c,DynamicNuclearNet,train,DynamicNuclearNet\tif_data\train\out\HeLa-S3_nuc_pos2_q1_5c\HeLa-S3_nuc_pos2_q1_5c_trackmate.xml,35,0,,,42122,42965,16,41,16.0,41.0,26,26,death,seq0036_HeLa-S3_nuc_pos2_q1_5c:cell35,False
seq0036_HeLa-S3_nuc_pos2_q1_5c,HeLa-S3_nuc_pos2_q1_5c,DynamicNuclearNet,train,DynamicNuclearNet\tif_data\train\out\HeLa-S3_nuc_pos2_q1_5c\HeLa-S3_nuc_pos2_q1_5c_trackmate.xml,36,0,,,42216,42216,16,16,16.0,16.0,1,1,death,seq0036_HeLa-S3_nuc_pos2_q1_5c:cell36,False
seq0036_HeLa-S3_nuc_pos2_q1_5c,HeLa-S3_nuc_pos2_q1_5c,DynamicNuclearNet,train,DynamicNuclearNet\tif_data\train\out\HeLa-S3_nuc_pos2_q1_5c\HeLa-S3_nuc_pos2_q1_5c_trackmate.xml,37,0,,,42321,42396,18,23,18.0,23.0,6,6,death,seq0036_HeLa-S3_nuc_pos2_q1_5c:cell37,False
seq0036_HeLa-S3_nuc_pos2_q1_5c,HeLa-S3_nuc_pos2_q1_5c,DynamicNuclearNet,train,DynamicNuclearNet\tif_data\train\out\HeLa-S3_nuc_pos2_q1_5c\HeLa-S3_nuc_pos2_q1_5c_trackmate.xml,38,0,,,42372,42332,20,21,20.0,21.0,2,2,death,seq0036_HeLa-S3_nuc_pos2_q1_5c:cell38,False
seq0036_HeLa-S3_nuc_pos2_q1_5c,HeLa-S3_nuc_pos2_q1_5c,DynamicNuclearNet,train,DynamicNuclearNet\tif_data\train\out\HeLa-S3_nuc_pos2_q1_5c\HeLa-S3_nuc_pos2_q1_5c_trackmate.xml,39,0,,,42425,42459,23,24,23.0,24.0,2,2,death,seq0036_HeLa-S3_nuc_pos2_q1_5c:cell39,False
seq0036_HeLa-S3_nuc_pos2_q1_5c,HeLa-S3_nuc_pos2_q1_5c,DynamicNuclearNet,train,DynamicNuclearNet\tif_data\train\out\HeLa-S3_nuc_pos2_q1_5c\HeLa-S3_nuc_pos2_q1_5c_trackmate.xml,40,0,,,42508,42939,29,41,29.0,41.0,13,13,death,seq0036_HeLa-S3_nuc_pos2_q1_5c:cell40,False
seq0036_HeLa-S3_nuc_pos2_q1_5c,HeLa-S3_nuc_pos2_q1_5c,DynamicNuclearNet,train,DynamicNuclearNet\tif_data\train\out\HeLa-S3_nuc_pos2_q1_5c\HeLa-S3_nuc_pos2_q1_5c_trackmate.xml,41,0,,,42567,42567,31,31,31.0,31.0,1,1,death,seq0036_HeLa-S3_nuc_pos2_q1_5c:cell41,False
seq0036_HeLa-S3_nuc_pos2_q1_5c,HeLa-S3_nuc_pos2_q1_5c,DynamicNuclearNet,train,DynamicNuclearNet\tif_data\train\out\HeLa-S3_nuc_pos2_q1_5c\HeLa-S3_nuc_pos2_q1_5c_trackmate.xml,42,0,,,42654,42654,32,32,32.0,32.0,1,1,death,seq0036_HeLa-S3_nuc_pos2_q1_5c:cell42,False
seq0036_HeLa-S3_nuc_pos2_q1_5c,HeLa-S3_nuc_pos2_q1_5c,DynamicNuclearNet,train,DynamicNuclearNet\tif_data\train\out\HeLa-S3_nuc_pos2_q1_5c\HeLa-S3_nuc_pos2_q1_5c_trackmate.xml,43,0,,,42672,42935,33,41,33.0,41.0,9,9,death,seq0036_HeLa-S3_nuc_pos2_q1_5c:cell43,False
seq0036_HeLa-S3_nuc_pos2_q1_5c,HeLa-S3_nuc_pos2_q1_5c,DynamicNuclearNet,train,DynamicNuclearNet\tif_data\train\out\HeLa-S3_nuc_pos2_q1_5c\HeLa-S3_nuc_pos2_q1_5c_trackmate.xml,44,0,,,42948,42883,38,40,38.0,40.0,3,3,death,seq0036_HeLa-S3_nuc_pos2_q1_5c:cell44,False
seq0037_HeLa-S3_nuc_pos2_q2_5c,HeLa-S3_nuc_pos2_q2_5c,DynamicNuclearNet,train,DynamicNuclearNet\tif_data\train\out\HeLa-S3_nuc_pos2_q2_5c\HeLa-S3_nuc_pos2_q2_5c_trackmate.xml,0,0,,,43946,43941,0,41,0.0,41.0,42,42,death,seq0037_HeLa-S3_nuc_pos2_q2_5c:cell0,False
seq0037_HeLa-S3_nuc_pos2_q2_5c,HeLa-S3_nuc_pos2_q2_5c,DynamicNuclearNet,train,DynamicNuclearNet\tif_data\train\out\HeLa-S3_nuc_pos2_q2_5c\HeLa-S3_nuc_pos2_q2_5c_trackmate.xml,1,0,,,43949,43939,0,41,0.0,41.0,42,42,death,seq0037_HeLa-S3_nuc_pos2_q2_5c:cell1,False
seq0037_HeLa-S3_nuc_pos2_q2_5c,HeLa-S3_nuc_pos2_q2_5c,DynamicNuclearNet,train,DynamicNuclearNet\tif_data\train\out\HeLa-S3_nuc_pos2_q2_5c\HeLa-S3_nuc_pos2_q2_5c_trackmate.xml,2,0,,,43951,43951,0,0,0.0,0.0,1,1,death,seq0037_HeLa-S3_nuc_pos2_q2_5c:cell2,False
seq0037_HeLa-S3_nuc_pos2_q2_5c,HeLa-S3_nuc_pos2_q2_5c,DynamicNuclearNet,train,DynamicNuclearNet\tif_data\train\out\HeLa-S3_nuc_pos2_q2_5c\HeLa-S3_nuc_pos2_q2_5c_trackmate.xml,3,0,,,43952,43943,0,41,0.0,41.0,42,42,death,seq0037_HeLa-S3_nuc_pos2_q2_5c:cell3,False
seq0037_HeLa-S3_nuc_pos2_q2_5c,HeLa-S3_nuc_pos2_q2_5c,DynamicNuclearNet,train,DynamicNuclearNet\tif_data\train\out\HeLa-S3_nuc_pos2_q2_5c\HeLa-S3_nuc_pos2_q2_5c_trackmate.xml,4,0,,,43954,43546,0,24,0.0,24.0,25,25,death,seq0037_HeLa-S3_nuc_pos2_q2_5c:cell4,False
seq0037_HeLa-S3_nuc_pos2_q2_5c,HeLa-S3_nuc_pos2_q2_5c,DynamicNuclearNet,train,DynamicNuclearNet\tif_data\train\out\HeLa-S3_nuc_pos2_q2_5c\HeLa-S3_nuc_pos2_q2_5c_trackmate.xml,5,0,,,43955,43955,0,0,0.0,0.0,1,1,death,seq0037_HeLa-S3_nuc_pos2_q2_5c:cell5,False
seq0037_HeLa-S3_nuc_pos2_q2_5c,HeLa-S3_nuc_pos2_q2_5c,DynamicNuclearNet,train,DynamicNuclearNet\tif_data\train\out\HeLa-S3_nuc_pos2_q2_5c\HeLa-S3_nuc_pos2_q2_5c_trackmate.xml,6,0,,,43957,43953,0,41,0.0,41.0,42,42,death,seq0037_HeLa-S3_nuc_pos2_q2_5c:cell6,False
seq0037_HeLa-S3_nuc_pos2_q2_5c,HeLa-S3_nuc_pos2_q2_5c,DynamicNuclearNet,train,DynamicNuclearNet\tif_data\train\out\HeLa-S3_nuc_pos2_q2_5c\HeLa-S3_nuc_pos2_q2_5c_trackmate.xml,7,0,,,43959,43561,0,25,0.0,25.0,26,26,death,seq0037_HeLa-S3_nuc_pos2_q2_5c:cell7,False
seq0037_HeLa-S3_nuc_pos2_q2_5c,HeLa-S3_nuc_pos2_q2_5c,DynamicNuclearNet,train,DynamicNuclearNet\tif_data\train\out\HeLa-S3_nuc_pos2_q2_5c\HeLa-S3_nuc_pos2_q2_5c_trackmate.xml,8,0,,,43961,43956,0,41,0.0,41.0,42,42,death,seq0037_HeLa-S3_nuc_pos2_q2_5c:cell8,False
seq0037_HeLa-S3_nuc_pos2_q2_5c,HeLa-S3_nuc_pos2_q2_5c,DynamicNuclearNet,train,DynamicNuclearNet\tif_data\train\out\HeLa-S3_nuc_pos2_q2_5c\HeLa-S3_nuc_pos2_q2_5c_trackmate.xml,9,0,,,43963,43958,0,41,0.0,41.0,42,42,death,seq0037_HeLa-S3_nuc_pos2_q2_5c:cell9,False
seq0037_HeLa-S3_nuc_pos2_q2_5c,HeLa-S3_nuc_pos2_q2_5c,DynamicNuclearNet,train,DynamicNuclearNet\tif_data\train\out\HeLa-S3_nuc_pos2_q2_5c\HeLa-S3_nuc_pos2_q2_5c_trackmate.xml,10,0,,,43965,43962,0,41,0.0,41.0,42,42,death,seq0037_HeLa-S3_nuc_pos2_q2_5c:cell10,False
seq0037_HeLa-S3_nuc_pos2_q2_5c,HeLa-S3_nuc_pos2_q2_5c,DynamicNuclearNet,train,DynamicNuclearNet\tif_data\train\out\HeLa-S3_nuc_pos2_q2_5c\HeLa-S3_nuc_pos2_q2_5c_trackmate.xml,11,0,,,43967,43964,0,41,0.0,41.0,42,42,death,seq0037_HeLa-S3_nuc_pos2_q2_5c:cell11,False
seq0037_HeLa-S3_nuc_pos2_q2_5c,HeLa-S3_nuc_pos2_q2_5c,DynamicNuclearNet,train,DynamicNuclearNet\tif_data\train\out\HeLa-S3_nuc_pos2_q2_5c\HeLa-S3_nuc_pos2_q2_5c_trackmate.xml,12,0,,,43969,43966,0,41,0.0,41.0,42,42,death,seq0037_HeLa-S3_nuc_pos2_q2_5c:cell12,False
seq0037_HeLa-S3_nuc_pos2_q2_5c,HeLa-S3_nuc_pos2_q2_5c,DynamicNuclearNet,train,DynamicNuclearNet\tif_data\train\out\HeLa-S3_nuc_pos2_q2_5c\HeLa-S3_nuc_pos2_q2_5c_trackmate.xml,13,0,,,43972,43968,0,41,0.0,41.0,42,42,death,seq0037_HeLa-S3_nuc_pos2_q2_5c:cell13,False
seq0037_HeLa-S3_nuc_pos2_q2_5c,HeLa-S3_nuc_pos2_q2_5c,DynamicNuclearNet,train,DynamicNuclearNet\tif_data\train\out\HeLa-S3_nuc_pos2_q2_5c\HeLa-S3_nuc_pos2_q2_5c_trackmate.xml,14,0,,,43973,43971,0,41,0.0,41.0,42,42,death,seq0037_HeLa-S3_nuc_pos2_q2_5c:cell14,False
seq0037_HeLa-S3_nuc_pos2_q2_5c,HeLa-S3_nuc_pos2_q2_5c,DynamicNuclearNet,train,DynamicNuclearNet\tif_data\train\out\HeLa-S3_nuc_pos2_q2_5c\HeLa-S3_nuc_pos2_q2_5c_trackmate.xml,15,0,,,43975,43975,0,0,0.0,0.0,1,1,death,seq0037_HeLa-S3_nuc_pos2_q2_5c:cell15,False
seq0037_HeLa-S3_nuc_pos2_q2_5c,HeLa-S3_nuc_pos2_q2_5c,DynamicNuclearNet,train,DynamicNuclearNet\tif_data\train\out\HeLa-S3_nuc_pos2_q2_5c\HeLa-S3_nuc_pos2_q2_5c_trackmate.xml,16,0,,,43977,43976,0,41,0.0,41.0,42,42,death,seq0037_HeLa-S3_nuc_pos2_q2_5c:cell16,False
seq0037_HeLa-S3_nuc_pos2_q2_5c,HeLa-S3_nuc_pos2_q2_5c,DynamicNuclearNet,train,DynamicNuclearNet\tif_data\train\out\HeLa-S3_nuc_pos2_q2_5c\HeLa-S3_nuc_pos2_q2_5c_trackmate.xml,17,0,,,43979,43974,0,41,0.0,41.0,42,42,death,seq0037_HeLa-S3_nuc_pos2_q2_5c:cell17,False
seq0037_HeLa-S3_nuc_pos2_q2_5c,HeLa-S3_nuc_pos2_q2_5c,DynamicNuclearNet,train,DynamicNuclearNet\tif_data\train\out\HeLa-S3_nuc_pos2_q2_5c\HeLa-S3_nuc_pos2_q2_5c_trackmate.xml,18,0,,,43981,43978,0,41,0.0,41.0,42,42,death,seq0037_HeLa-S3_nuc_pos2_q2_5c:cell18,False
seq0037_HeLa-S3_nuc_pos2_q2_5c,HeLa-S3_nuc_pos2_q2_5c,DynamicNuclearNet,train,DynamicNuclearNet\tif_data\train\out\HeLa-S3_nuc_pos2_q2_5c\HeLa-S3_nuc_pos2_q2_5c_trackmate.xml,19,0,,,43983,43984,0,41,0.0,41.0,42,42,death,seq0037_HeLa-S3_nuc_pos2_q2_5c:cell19,False
seq0037_HeLa-S3_nuc_pos2_q2_5c,HeLa-S3_nuc_pos2_q2_5c,DynamicNuclearNet,train,DynamicNuclearNet\tif_data\train\out\HeLa-S3_nuc_pos2_q2_5c\HeLa-S3_nuc_pos2_q2_5c_trackmate.xml,20,0,,,43985,43669,0,26,0.0,26.0,27,27,death,seq0037_HeLa-S3_nuc_pos2_q2_5c:cell20,False
seq0037_HeLa-S3_nuc_pos2_q2_5c,HeLa-S3_nuc_pos2_q2_5c,DynamicNuclearNet,train,DynamicNuclearNet\tif_data\train\out\HeLa-S3_nuc_pos2_q2_5c\HeLa-S3_nuc_pos2_q2_5c_trackmate.xml,21,0,,,43987,43980,0,41,0.0,41.0,42,42,death,seq0037_HeLa-S3_nuc_pos2_q2_5c:cell21,False
seq0037_HeLa-S3_nuc_pos2_q2_5c,HeLa-S3_nuc_pos2_q2_5c,DynamicNuclearNet,train,DynamicNuclearNet\tif_data\train\out\HeLa-S3_nuc_pos2_q2_5c\HeLa-S3_nuc_pos2_q2_5c_trackmate.xml,22,0,,,43988,43986,0,41,0.0,41.0,42,42,death,seq0037_HeLa-S3_nuc_pos2_q2_5c:cell22,False
seq0037_HeLa-S3_nuc_pos2_q2_5c,HeLa-S3_nuc_pos2_q2_5c,DynamicNuclearNet,train,DynamicNuclearNet\tif_data\train\out\HeLa-S3_nuc_pos2_q2_5c\HeLa-S3_nuc_pos2_q2_5c_trackmate.xml,23,0,,,43090,43090,1,1,1.0,1.0,1,1,death,seq0037_HeLa-S3_nuc_pos2_q2_5c:cell23,False
seq0037_HeLa-S3_nuc_pos2_q2_5c,HeLa-S3_nuc_pos2_q2_5c,DynamicNuclearNet,train,DynamicNuclearNet\tif_data\train\out\HeLa-S3_nuc_pos2_q2_5c\HeLa-S3_nuc_pos2_q2_5c_trackmate.xml,24,0,,,43172,43270,1,2,1.0,2.0,2,2,death,seq0037_HeLa-S3_nuc_pos2_q2_5c:cell24,False
seq0037_HeLa-S3_nuc_pos2_q2_5c,HeLa-S3_nuc_pos2_q2_5c,DynamicNuclearNet,train,DynamicNuclearNet\tif_data\train\out\HeLa-S3_nuc_pos2_q2_5c\HeLa-S3_nuc_pos2_q2_5c_trackmate.xml,25,0,,,43242,43575,2,27,2.0,27.0,26,26,death,seq0037_HeLa-S3_nuc_pos2_q2_5c:cell25,False
seq0037_HeLa-S3_nuc_pos2_q2_5c,HeLa-S3_nuc_pos2_q2_5c,DynamicNuclearNet,train,DynamicNuclearNet\tif_data\train\out\HeLa-S3_nuc_pos2_q2_5c\HeLa-S3_nuc_pos2_q2_5c_trackmate.xml,26,0,,,43138,43138,3,3,3.0,3.0,1,1,death,seq0037_HeLa-S3_nuc_pos2_q2_5c:cell26,False
seq0037_HeLa-S3_nuc_pos2_q2_5c,HeLa-S3_nuc_pos2_q2_5c,DynamicNuclearNet,train,DynamicNuclearNet\tif_data\train\out\HeLa-S3_nuc_pos2_q2_5c\HeLa-S3_nuc_pos2_q2_5c_trackmate.xml,27,0,,,43049,43228,4,11,4.0,11.0,8,8,death,seq0037_HeLa-S3_nuc_pos2_q2_5c:cell27,False
seq0037_HeLa-S3_nuc_pos2_q2_5c,HeLa-S3_nuc_pos2_q2_5c,DynamicNuclearNet,train,DynamicNuclearNet\tif_data\train\out\HeLa-S3_nuc_pos2_q2_5c\HeLa-S3_nuc_pos2_q2_5c_trackmate.xml,28,0,,,43305,43715,12,30,12.0,30.0,19,19,death,seq0037_HeLa-S3_nuc_pos2_q2_5c:cell28,False
seq0037_HeLa-S3_nuc_pos2_q2_5c,HeLa-S3_nuc_pos2_q2_5c,DynamicNuclearNet,train,DynamicNuclearNet\tif_data\train\out\HeLa-S3_nuc_pos2_q2_5c\HeLa-S3_nuc_pos2_q2_5c_trackmate.xml,29,0,,,43531,43970,23,41,23.0,41.0,19,19,death,seq0037_HeLa-S3_nuc_pos2_q2_5c:cell29,False
seq0037_HeLa-S3_nuc_pos2_q2_5c,HeLa-S3_nuc_pos2_q2_5c,DynamicNuclearNet,train,DynamicNuclearNet\tif_data\train\out\HeLa-S3_nuc_pos2_q2_5c\HeLa-S3_nuc_pos2_q2_5c_trackmate.xml,30,0,,,43544,43552,24,25,24.0,25.0,2,2,death,seq0037_HeLa-S3_nuc_pos2_q2_5c:cell30,False
seq0037_HeLa-S3_nuc_pos2_q2_5c,HeLa-S3_nuc_pos2_q2_5c,DynamicNuclearNet,train,DynamicNuclearNet\tif_data\train\out\HeLa-S3_nuc_pos2_q2_5c\HeLa-S3_nuc_pos2_q2_5c_trackmate.xml,31,0,,,43556,43945,25,41,25.0,41.0,17,17,death,seq0037_HeLa-S3_nuc_pos2_q2_5c:cell31,False
seq0037_HeLa-S3_nuc_pos2_q2_5c,HeLa-S3_nuc_pos2_q2_5c,DynamicNuclearNet,train,DynamicNuclearNet\tif_data\train\out\HeLa-S3_nuc_pos2_q2_5c\HeLa-S3_nuc_pos2_q2_5c_trackmate.xml,32,0,,,43557,43611,25,26,25.0,26.0,2,2,death,seq0037_HeLa-S3_nuc_pos2_q2_5c:cell32,False
seq0037_HeLa-S3_nuc_pos2_q2_5c,HeLa-S3_nuc_pos2_q2_5c,DynamicNuclearNet,train,DynamicNuclearNet\tif_data\train\out\HeLa-S3_nuc_pos2_q2_5c\HeLa-S3_nuc_pos2_q2_5c_trackmate.xml,33,0,,,43583,43950,27,41,27.0,41.0,15,15,death,seq0037_HeLa-S3_nuc_pos2_q2_5c:cell33,False
seq0037_HeLa-S3_nuc_pos2_q2_5c,HeLa-S3_nuc_pos2_q2_5c,DynamicNuclearNet,train,DynamicNuclearNet\tif_data\train\out\HeLa-S3_nuc_pos2_q2_5c\HeLa-S3_nuc_pos2_q2_5c_trackmate.xml,34,0,,,43614,43693,29,32,29.0,32.0,4,4,death,seq0037_HeLa-S3_nuc_pos2_q2_5c:cell34,False
seq0037_HeLa-S3_nuc_pos2_q2_5c,HeLa-S3_nuc_pos2_q2_5c,DynamicNuclearNet,train,DynamicNuclearNet\tif_data\train\out\HeLa-S3_nuc_pos2_q2_5c\HeLa-S3_nuc_pos2_q2_5c_trackmate.xml,35,0,,,43738,43937,31,41,31.0,41.0,11,11,death,seq0037_HeLa-S3_nuc_pos2_q2_5c:cell35,False
seq0037_HeLa-S3_nuc_pos2_q2_5c,HeLa-S3_nuc_pos2_q2_5c,DynamicNuclearNet,train,DynamicNuclearNet\tif_data\train\out\HeLa-S3_nuc_pos2_q2_5c\HeLa-S3_nuc_pos2_q2_5c_trackmate.xml,36,0,,,43770,43982,31,41,31.0,41.0,11,11,death,seq0037_HeLa-S3_nuc_pos2_q2_5c:cell36,False
seq0037_HeLa-S3_nuc_pos2_q2_5c,HeLa-S3_nuc_pos2_q2_5c,DynamicNuclearNet,train,DynamicNuclearNet\tif_data\train\out\HeLa-S3_nuc_pos2_q2_5c\HeLa-S3_nuc_pos2_q2_5c_trackmate.xml,37,0,,,43731,43823,33,39,33.0,39.0,7,7,death,seq0037_HeLa-S3_nuc_pos2_q2_5c:cell37,False
seq0037_HeLa-S3_nuc_pos2_q2_5c,HeLa-S3_nuc_pos2_q2_5c,DynamicNuclearNet,train,DynamicNuclearNet\tif_data\train\out\HeLa-S3_nuc_pos2_q2_5c\HeLa-S3_nuc_pos2_q2_5c_trackmate.xml,38,0,,,43861,43861,37,37,37.0,37.0,1,1,death,seq0037_HeLa-S3_nuc_pos2_q2_5c:cell38,False
seq0037_HeLa-S3_nuc_pos2_q2_5c,HeLa-S3_nuc_pos2_q2_5c,DynamicNuclearNet,train,DynamicNuclearNet\tif_data\train\out\HeLa-S3_nuc_pos2_q2_5c\HeLa-S3_nuc_pos2_q2_5c_trackmate.xml,39,0,,,43883,43947,40,41,40.0,41.0,2,2,death,seq0037_HeLa-S3_nuc_pos2_q2_5c:cell39,False
seq0038_HeLa-S3_nuc_pos3_q0_5c,HeLa-S3_nuc_pos3_q0_5c,DynamicNuclearNet,train,DynamicNuclearNet\tif_data\train\out\HeLa-S3_nuc_pos3_q0_5c\HeLa-S3_nuc_pos3_q0_5c_trackmate.xml,0,0,,,45174,45005,0,41,0.0,41.0,42,42,death,seq0038_HeLa-S3_nuc_pos3_q0_5c:cell0,False
seq0038_HeLa-S3_nuc_pos3_q0_5c,HeLa-S3_nuc_pos3_q0_5c,DynamicNuclearNet,train,DynamicNuclearNet\tif_data\train\out\HeLa-S3_nuc_pos3_q0_5c\HeLa-S3_nuc_pos3_q0_5c_trackmate.xml,1,0,,,45176,45012,0,41,0.0,41.0,42,42,death,seq0038_HeLa-S3_nuc_pos3_q0_5c:cell1,False
seq0038_HeLa-S3_nuc_pos3_q0_5c,HeLa-S3_nuc_pos3_q0_5c,DynamicNuclearNet,train,DynamicNuclearNet\tif_data\train\out\HeLa-S3_nuc_pos3_q0_5c\HeLa-S3_nuc_pos3_q0_5c_trackmate.xml,2,0,,,45179,45010,0,41,0.0,41.0,42,42,death,seq0038_HeLa-S3_nuc_pos3_q0_5c:cell2,False
seq0038_HeLa-S3_nuc_pos3_q0_5c,HeLa-S3_nuc_pos3_q0_5c,DynamicNuclearNet,train,DynamicNuclearNet\tif_data\train\out\HeLa-S3_nuc_pos3_q0_5c\HeLa-S3_nuc_pos3_q0_5c_trackmate.xml,3,0,,,45181,45015,0,41,0.0,41.0,42,42,death,seq0038_HeLa-S3_nuc_pos3_q0_5c:cell3,False
seq0038_HeLa-S3_nuc_pos3_q0_5c,HeLa-S3_nuc_pos3_q0_5c,DynamicNuclearNet,train,DynamicNuclearNet\tif_data\train\out\HeLa-S3_nuc_pos3_q0_5c\HeLa-S3_nuc_pos3_q0_5c_trackmate.xml,4,0,,,45183,45019,0,41,0.0,41.0,42,42,death,seq0038_HeLa-S3_nuc_pos3_q0_5c:cell4,False
seq0038_HeLa-S3_nuc_pos3_q0_5c,HeLa-S3_nuc_pos3_q0_5c,DynamicNuclearNet,train,DynamicNuclearNet\tif_data\train\out\HeLa-S3_nuc_pos3_q0_5c\HeLa-S3_nuc_pos3_q0_5c_trackmate.xml,5,0,,,45185,45022,0,41,0.0,41.0,42,42,death,seq0038_HeLa-S3_nuc_pos3_q0_5c:cell5,False
seq0038_HeLa-S3_nuc_pos3_q0_5c,HeLa-S3_nuc_pos3_q0_5c,DynamicNuclearNet,train,DynamicNuclearNet\tif_data\train\out\HeLa-S3_nuc_pos3_q0_5c\HeLa-S3_nuc_pos3_q0_5c_trackmate.xml,6,0,,,45186,45024,0,41,0.0,41.0,42,42,death,seq0038_HeLa-S3_nuc_pos3_q0_5c:cell6,False
seq0038_HeLa-S3_nuc_pos3_q0_5c,HeLa-S3_nuc_pos3_q0_5c,DynamicNuclearNet,train,DynamicNuclearNet\tif_data\train\out\HeLa-S3_nuc_pos3_q0_5c\HeLa-S3_nuc_pos3_q0_5c_trackmate.xml,7,0,,,45187,44205,0,3,0.0,3.0,4,4,death,seq0038_HeLa-S3_nuc_pos3_q0_5c:cell7,False
seq0038_HeLa-S3_nuc_pos3_q0_5c,HeLa-S3_nuc_pos3_q0_5c,DynamicNuclearNet,train,DynamicNuclearNet\tif_data\train\out\HeLa-S3_nuc_pos3_q0_5c\HeLa-S3_nuc_pos3_q0_5c_trackmate.xml,8,0,,,45188,45027,0,41,0.0,41.0,42,42,death,seq0038_HeLa-S3_nuc_pos3_q0_5c:cell8,False
seq0038_HeLa-S3_nuc_pos3_q0_5c,HeLa-S3_nuc_pos3_q0_5c,DynamicNuclearNet,train,DynamicNuclearNet\tif_data\train\out\HeLa-S3_nuc_pos3_q0_5c\HeLa-S3_nuc_pos3_q0_5c_trackmate.xml,9,0,,,45189,45031,0,41,0.0,41.0,42,42,death,seq0038_HeLa-S3_nuc_pos3_q0_5c:cell9,False
seq0038_HeLa-S3_nuc_pos3_q0_5c,HeLa-S3_nuc_pos3_q0_5c,DynamicNuclearNet,train,DynamicNuclearNet\tif_data\train\out\HeLa-S3_nuc_pos3_q0_5c\HeLa-S3_nuc_pos3_q0_5c_trackmate.xml,10,0,,,45190,45037,0,41,0.0,41.0,42,42,death,seq0038_HeLa-S3_nuc_pos3_q0_5c:cell10,False
seq0038_HeLa-S3_nuc_pos3_q0_5c,HeLa-S3_nuc_pos3_q0_5c,DynamicNuclearNet,train,DynamicNuclearNet\tif_data\train\out\HeLa-S3_nuc_pos3_q0_5c\HeLa-S3_nuc_pos3_q0_5c_trackmate.xml,11,0,,,45191,45033,0,41,0.0,41.0,42,42,death,seq0038_HeLa-S3_nuc_pos3_q0_5c:cell11,False
seq0038_HeLa-S3_nuc_pos3_q0_5c,HeLa-S3_nuc_pos3_q0_5c,DynamicNuclearNet,train,DynamicNuclearNet\tif_data\train\out\HeLa-S3_nuc_pos3_q0_5c\HeLa-S3_nuc_pos3_q0_5c_trackmate.xml,12,0,,,45192,45042,0,41,0.0,41.0,42,42,death,seq0038_HeLa-S3_nuc_pos3_q0_5c:cell12,False
seq0038_HeLa-S3_nuc_pos3_q0_5c,HeLa-S3_nuc_pos3_q0_5c,DynamicNuclearNet,train,DynamicNuclearNet\tif_data\train\out\HeLa-S3_nuc_pos3_q0_5c\HeLa-S3_nuc_pos3_q0_5c_trackmate.xml,13,0,,,45193,45052,0,41,0.0,41.0,42,42,death,seq0038_HeLa-S3_nuc_pos3_q0_5c:cell13,False
seq0038_HeLa-S3_nuc_pos3_q0_5c,HeLa-S3_nuc_pos3_q0_5c,DynamicNuclearNet,train,DynamicNuclearNet\tif_data\train\out\HeLa-S3_nuc_pos3_q0_5c\HeLa-S3_nuc_pos3_q0_5c_trackmate.xml,14,0,,,45194,44703,0,26,0.0,26.0,27,27,death,seq0038_HeLa-S3_nuc_pos3_q0_5c:cell14,False
seq0038_HeLa-S3_nuc_pos3_q0_5c,HeLa-S3_nuc_pos3_q0_5c,DynamicNuclearNet,train,DynamicNuclearNet\tif_data\train\out\HeLa-S3_nuc_pos3_q0_5c\HeLa-S3_nuc_pos3_q0_5c_trackmate.xml,15,0,,,45195,44845,0,31,0.0,31.0,32,32,death,seq0038_HeLa-S3_nuc_pos3_q0_5c:cell15,False
seq0038_HeLa-S3_nuc_pos3_q0_5c,HeLa-S3_nuc_pos3_q0_5c,DynamicNuclearNet,train,DynamicNuclearNet\tif_data\train\out\HeLa-S3_nuc_pos3_q0_5c\HeLa-S3_nuc_pos3_q0_5c_trackmate.xml,16,0,,,45196,45055,0,41,0.0,41.0,42,42,death,seq0038_HeLa-S3_nuc_pos3_q0_5c:cell16,False
seq0038_HeLa-S3_nuc_pos3_q0_5c,HeLa-S3_nuc_pos3_q0_5c,DynamicNuclearNet,train,DynamicNuclearNet\tif_data\train\out\HeLa-S3_nuc_pos3_q0_5c\HeLa-S3_nuc_pos3_q0_5c_trackmate.xml,17,0,,,45197,45071,0,41,0.0,41.0,42,42,death,seq0038_HeLa-S3_nuc_pos3_q0_5c:cell17,False
seq0038_HeLa-S3_nuc_pos3_q0_5c,HeLa-S3_nuc_pos3_q0_5c,DynamicNuclearNet,train,DynamicNuclearNet\tif_data\train\out\HeLa-S3_nuc_pos3_q0_5c\HeLa-S3_nuc_pos3_q0_5c_trackmate.xml,18,0,,,45198,45077,0,41,0.0,41.0,42,42,death,seq0038_HeLa-S3_nuc_pos3_q0_5c:cell18,False
seq0038_HeLa-S3_nuc_pos3_q0_5c,HeLa-S3_nuc_pos3_q0_5c,DynamicNuclearNet,train,DynamicNuclearNet\tif_data\train\out\HeLa-S3_nuc_pos3_q0_5c\HeLa-S3_nuc_pos3_q0_5c_trackmate.xml,19,0,,,45199,45067,0,41,0.0,41.0,42,42,death,seq0038_HeLa-S3_nuc_pos3_q0_5c:cell19,False
seq0038_HeLa-S3_nuc_pos3_q0_5c,HeLa-S3_nuc_pos3_q0_5c,DynamicNuclearNet,train,DynamicNuclearNet\tif_data\train\out\HeLa-S3_nuc_pos3_q0_5c\HeLa-S3_nuc_pos3_q0_5c_trackmate.xml,20,0,,,45200,44971,0,34,0.0,34.0,35,35,death,seq0038_HeLa-S3_nuc_pos3_q0_5c:cell20,False
seq0038_HeLa-S3_nuc_pos3_q0_5c,HeLa-S3_nuc_pos3_q0_5c,DynamicNuclearNet,train,DynamicNuclearNet\tif_data\train\out\HeLa-S3_nuc_pos3_q0_5c\HeLa-S3_nuc_pos3_q0_5c_trackmate.xml,21,0,,,45201,45080,0,41,0.0,41.0,42,42,death,seq0038_HeLa-S3_nuc_pos3_q0_5c:cell21,False
seq0038_HeLa-S3_nuc_pos3_q0_5c,HeLa-S3_nuc_pos3_q0_5c,DynamicNuclearNet,train,DynamicNuclearNet\tif_data\train\out\HeLa-S3_nuc_pos3_q0_5c\HeLa-S3_nuc_pos3_q0_5c_trackmate.xml,22,0,,,45202,45088,0,41,0.0,41.0,42,42,death,seq0038_HeLa-S3_nuc_pos3_q0_5c:cell22,False
seq0038_HeLa-S3_nuc_pos3_q0_5c,HeLa-S3_nuc_pos3_q0_5c,DynamicNuclearNet,train,DynamicNuclearNet\tif_data\train\out\HeLa-S3_nuc_pos3_q0_5c\HeLa-S3_nuc_pos3_q0_5c_trackmate.xml,23,0,,,45203,45095,0,41,0.0,41.0,42,42,death,seq0038_HeLa-S3_nuc_pos3_q0_5c:cell23,False
seq0038_HeLa-S3_nuc_pos3_q0_5c,HeLa-S3_nuc_pos3_q0_5c,DynamicNuclearNet,train,DynamicNuclearNet\tif_data\train\out\HeLa-S3_nuc_pos3_q0_5c\HeLa-S3_nuc_pos3_q0_5c_trackmate.xml,24,0,,,45204,44198,0,4,0.0,4.0,5,5,death,seq0038_HeLa-S3_nuc_pos3_q0_5c:cell24,False
seq0038_HeLa-S3_nuc_pos3_q0_5c,HeLa-S3_nuc_pos3_q0_5c,DynamicNuclearNet,train,DynamicNuclearNet\tif_data\train\out\HeLa-S3_nuc_pos3_q0_5c\HeLa-S3_nuc_pos3_q0_5c_trackmate.xml,25,0,,,45205,45205,0,0,0.0,0.0,1,1,death,seq0038_HeLa-S3_nuc_pos3_q0_5c:cell25,False
seq0038_HeLa-S3_nuc_pos3_q0_5c,HeLa-S3_nuc_pos3_q0_5c,DynamicNuclearNet,train,DynamicNuclearNet\tif_data\train\out\HeLa-S3_nuc_pos3_q0_5c\HeLa-S3_nuc_pos3_q0_5c_trackmate.xml,26,0,,,45206,45108,0,41,0.0,41.0,42,42,death,seq0038_HeLa-S3_nuc_pos3_q0_5c:cell26,False
seq0038_HeLa-S3_nuc_pos3_q0_5c,HeLa-S3_nuc_pos3_q0_5c,DynamicNuclearNet,train,DynamicNuclearNet\tif_data\train\out\HeLa-S3_nuc_pos3_q0_5c\HeLa-S3_nuc_pos3_q0_5c_trackmate.xml,27,0,,,45207,44689,0,25,0.0,25.0,26,26,death,seq0038_HeLa-S3_nuc_pos3_q0_5c:cell27,False
seq0038_HeLa-S3_nuc_pos3_q0_5c,HeLa-S3_nuc_pos3_q0_5c,DynamicNuclearNet,train,DynamicNuclearNet\tif_data\train\out\HeLa-S3_nuc_pos3_q0_5c\HeLa-S3_nuc_pos3_q0_5c_trackmate.xml,28,0,,,45208,45117,0,41,0.0,41.0,42,42,death,seq0038_HeLa-S3_nuc_pos3_q0_5c:cell28,False
seq0038_HeLa-S3_nuc_pos3_q0_5c,HeLa-S3_nuc_pos3_q0_5c,DynamicNuclearNet,train,DynamicNuclearNet\tif_data\train\out\HeLa-S3_nuc_pos3_q0_5c\HeLa-S3_nuc_pos3_q0_5c_trackmate.xml,29,0,,,44199,44158,5,7,5.0,7.0,3,3,death,seq0038_HeLa-S3_nuc_pos3_q0_5c:cell29,False
seq0038_HeLa-S3_nuc_pos3_q0_5c,HeLa-S3_nuc_pos3_q0_5c,DynamicNuclearNet,train,DynamicNuclearNet\tif_data\train\out\HeLa-S3_nuc_pos3_q0_5c\HeLa-S3_nuc_pos3_q0_5c_trackmate.xml,30,0,,,44056,44287,6,9,6.0,9.0,4,4,death,seq0038_HeLa-S3_nuc_pos3_q0_5c:cell30,False
seq0038_HeLa-S3_nuc_pos3_q0_5c,HeLa-S3_nuc_pos3_q0_5c,DynamicNuclearNet,train,DynamicNuclearNet\tif_data\train\out\HeLa-S3_nuc_pos3_q0_5c\HeLa-S3_nuc_pos3_q0_5c_trackmate.xml,31,0,,,44058,44058,8,8,8.0,8.0,1,1,death,seq0038_HeLa-S3_nuc_pos3_q0_5c:cell31,False
seq0038_HeLa-S3_nuc_pos3_q0_5c,HeLa-S3_nuc_pos3_q0_5c,DynamicNuclearNet,train,DynamicNuclearNet\tif_data\train\out\HeLa-S3_nuc_pos3_q0_5c\HeLa-S3_nuc_pos3_q0_5c_trackmate.xml,32,0,,,44230,44342,11,12,11.0,12.0,2,2,death,seq0038_HeLa-S3_nuc_pos3_q0_5c:cell32,False
seq0038_HeLa-S3_nuc_pos3_q0_5c,HeLa-S3_nuc_pos3_q0_5c,DynamicNuclearNet,train,DynamicNuclearNet\tif_data\train\out\HeLa-S3_nuc_pos3_q0_5c\HeLa-S3_nuc_pos3_q0_5c_trackmate.xml,33,0,,,44301,44338,13,14,13.0,14.0,2,2,death,seq0038_HeLa-S3_nuc_pos3_q0_5c:cell33,False
seq0038_HeLa-S3_nuc_pos3_q0_5c,HeLa-S3_nuc_pos3_q0_5c,DynamicNuclearNet,train,DynamicNuclearNet\tif_data\train\out\HeLa-S3_nuc_pos3_q0_5c\HeLa-S3_nuc_pos3_q0_5c_trackmate.xml,34,0,,,44419,44427,14,15,14.0,15.0,2,2,death,seq0038_HeLa-S3_nuc_pos3_q0_5c:cell34,False
seq0038_HeLa-S3_nuc_pos3_q0_5c,HeLa-S3_nuc_pos3_q0_5c,DynamicNuclearNet,train,DynamicNuclearNet\tif_data\train\out\HeLa-S3_nuc_pos3_q0_5c\HeLa-S3_nuc_pos3_q0_5c_trackmate.xml,35,0,,,44401,44401,16,16,16.0,16.0,1,1,death,seq0038_HeLa-S3_nuc_pos3_q0_5c:cell35,False
seq0038_HeLa-S3_nuc_pos3_q0_5c,HeLa-S3_nuc_pos3_q0_5c,DynamicNuclearNet,train,DynamicNuclearNet\tif_data\train\out\HeLa-S3_nuc_pos3_q0_5c\HeLa-S3_nuc_pos3_q0_5c_trackmate.xml,36,0,,,44435,44435,17,17,17.0,17.0,1,1,death,seq0038_HeLa-S3_nuc_pos3_q0_5c:cell36,False
seq0038_HeLa-S3_nuc_pos3_q0_5c,HeLa-S3_nuc_pos3_q0_5c,DynamicNuclearNet,train,DynamicNuclearNet\tif_data\train\out\HeLa-S3_nuc_pos3_q0_5c\HeLa-S3_nuc_pos3_q0_5c_trackmate.xml,37,0,,,44484,45099,17,41,17.0,41.0,25,25,death,seq0038_HeLa-S3_nuc_pos3_q0_5c:cell37,False
seq0038_HeLa-S3_nuc_pos3_q0_5c,HeLa-S3_nuc_pos3_q0_5c,DynamicNuclearNet,train,DynamicNuclearNet\tif_data\train\out\HeLa-S3_nuc_pos3_q0_5c\HeLa-S3_nuc_pos3_q0_5c_trackmate.xml,38,0,,,44489,45103,17,41,17.0,41.0,25,25,death,seq0038_HeLa-S3_nuc_pos3_q0_5c:cell38,False
seq0038_HeLa-S3_nuc_pos3_q0_5c,HeLa-S3_nuc_pos3_q0_5c,DynamicNuclearNet,train,DynamicNuclearNet\tif_data\train\out\HeLa-S3_nuc_pos3_q0_5c\HeLa-S3_nuc_pos3_q0_5c_trackmate.xml,39,0,,,44571,44571,22,22,22.0,22.0,1,1,death,seq0038_HeLa-S3_nuc_pos3_q0_5c:cell39,False
seq0038_HeLa-S3_nuc_pos3_q0_5c,HeLa-S3_nuc_pos3_q0_5c,DynamicNuclearNet,train,DynamicNuclearNet\tif_data\train\out\HeLa-S3_nuc_pos3_q0_5c\HeLa-S3_nuc_pos3_q0_5c_trackmate.xml,40,0,,,44605,44635,24,25,24.0,25.0,2,2,death,seq0038_HeLa-S3_nuc_pos3_q0_5c:cell40,False
seq0038_HeLa-S3_nuc_pos3_q0_5c,HeLa-S3_nuc_pos3_q0_5c,DynamicNuclearNet,train,DynamicNuclearNet\tif_data\train\out\HeLa-S3_nuc_pos3_q0_5c\HeLa-S3_nuc_pos3_q0_5c_trackmate.xml,41,0,,,44687,44687,25,25,25.0,25.0,1,1,death,seq0038_HeLa-S3_nuc_pos3_q0_5c:cell41,False
seq0038_HeLa-S3_nuc_pos3_q0_5c,HeLa-S3_nuc_pos3_q0_5c,DynamicNuclearNet,train,DynamicNuclearNet\tif_data\train\out\HeLa-S3_nuc_pos3_q0_5c\HeLa-S3_nuc_pos3_q0_5c_trackmate.xml,42,0,,,44746,44889,26,32,26.0,32.0,7,7,death,seq0038_HeLa-S3_nuc_pos3_q0_5c:cell42,False
seq0038_HeLa-S3_nuc_pos3_q0_5c,HeLa-S3_nuc_pos3_q0_5c,DynamicNuclearNet,train,DynamicNuclearNet\tif_data\train\out\HeLa-S3_nuc_pos3_q0_5c\HeLa-S3_nuc_pos3_q0_5c_trackmate.xml,43,0,,,44810,44810,27,27,27.0,27.0,1,1,death,seq0038_HeLa-S3_nuc_pos3_q0_5c:cell43,False
seq0038_HeLa-S3_nuc_pos3_q0_5c,HeLa-S3_nuc_pos3_q0_5c,DynamicNuclearNet,train,DynamicNuclearNet\tif_data\train\out\HeLa-S3_nuc_pos3_q0_5c\HeLa-S3_nuc_pos3_q0_5c_trackmate.xml,44,0,,,44814,44814,27,27,27.0,27.0,1,1,death,seq0038_HeLa-S3_nuc_pos3_q0_5c:cell44,False
seq0038_HeLa-S3_nuc_pos3_q0_5c,HeLa-S3_nuc_pos3_q0_5c,DynamicNuclearNet,train,DynamicNuclearNet\tif_data\train\out\HeLa-S3_nuc_pos3_q0_5c\HeLa-S3_nuc_pos3_q0_5c_trackmate.xml,45,0,,,44870,45106,27,41,27.0,41.0,15,15,death,seq0038_HeLa-S3_nuc_pos3_q0_5c:cell45,False
seq0038_HeLa-S3_nuc_pos3_q0_5c,HeLa-S3_nuc_pos3_q0_5c,DynamicNuclearNet,train,DynamicNuclearNet\tif_data\train\out\HeLa-S3_nuc_pos3_q0_5c\HeLa-S3_nuc_pos3_q0_5c_trackmate.xml,46,0,,,44723,45044,28,41,28.0,41.0,14,14,death,seq0038_HeLa-S3_nuc_pos3_q0_5c:cell46,False
seq0038_HeLa-S3_nuc_pos3_q0_5c,HeLa-S3_nuc_pos3_q0_5c,DynamicNuclearNet,train,DynamicNuclearNet\tif_data\train\out\HeLa-S3_nuc_pos3_q0_5c\HeLa-S3_nuc_pos3_q0_5c_trackmate.xml,47,0,,,44731,45062,28,41,28.0,41.0,14,14,death,seq0038_HeLa-S3_nuc_pos3_q0_5c:cell47,False
seq0038_HeLa-S3_nuc_pos3_q0_5c,HeLa-S3_nuc_pos3_q0_5c,DynamicNuclearNet,train,DynamicNuclearNet\tif_data\train\out\HeLa-S3_nuc_pos3_q0_5c\HeLa-S3_nuc_pos3_q0_5c_trackmate.xml,48,0,,,44895,44895,33,33,33.0,33.0,1,1,death,seq0038_HeLa-S3_nuc_pos3_q0_5c:cell48,False
seq0038_HeLa-S3_nuc_pos3_q0_5c,HeLa-S3_nuc_pos3_q0_5c,DynamicNuclearNet,train,DynamicNuclearNet\tif_data\train\out\HeLa-S3_nuc_pos3_q0_5c\HeLa-S3_nuc_pos3_q0_5c_trackmate.xml,49,0,,,44908,45016,33,36,33.0,36.0,4,4,death,seq0038_HeLa-S3_nuc_pos3_q0_5c:cell49,False
seq0038_HeLa-S3_nuc_pos3_q0_5c,HeLa-S3_nuc_pos3_q0_5c,DynamicNuclearNet,train,DynamicNuclearNet\tif_data\train\out\HeLa-S3_nuc_pos3_q0_5c\HeLa-S3_nuc_pos3_q0_5c_trackmate.xml,50,0,,,44917,44917,33,33,33.0,33.0,1,1,death,seq0038_HeLa-S3_nuc_pos3_q0_5c:cell50,False
seq0038_HeLa-S3_nuc_pos3_q0_5c,HeLa-S3_nuc_pos3_q0_5c,DynamicNuclearNet,train,DynamicNuclearNet\tif_data\train\out\HeLa-S3_nuc_pos3_q0_5c\HeLa-S3_nuc_pos3_q0_5c_trackmate.xml,51,0,,,44922,45111,33,41,33.0,41.0,9,9,death,seq0038_HeLa-S3_nuc_pos3_q0_5c:cell51,False
seq0038_HeLa-S3_nuc_pos3_q0_5c,HeLa-S3_nuc_pos3_q0_5c,DynamicNuclearNet,train,DynamicNuclearNet\tif_data\train\out\HeLa-S3_nuc_pos3_q0_5c\HeLa-S3_nuc_pos3_q0_5c_trackmate.xml,52,0,,,44923,44923,33,33,33.0,33.0,1,1,death,seq0038_HeLa-S3_nuc_pos3_q0_5c:cell52,False
seq0038_HeLa-S3_nuc_pos3_q0_5c,HeLa-S3_nuc_pos3_q0_5c,DynamicNuclearNet,train,DynamicNuclearNet\tif_data\train\out\HeLa-S3_nuc_pos3_q0_5c\HeLa-S3_nuc_pos3_q0_5c_trackmate.xml,53,0,,,44938,44938,34,34,34.0,34.0,1,1,death,seq0038_HeLa-S3_nuc_pos3_q0_5c:cell53,False
seq0038_HeLa-S3_nuc_pos3_q0_5c,HeLa-S3_nuc_pos3_q0_5c,DynamicNuclearNet,train,DynamicNuclearNet\tif_data\train\out\HeLa-S3_nuc_pos3_q0_5c\HeLa-S3_nuc_pos3_q0_5c_trackmate.xml,54,0,,,44976,44976,34,34,34.0,34.0,1,1,death,seq0038_HeLa-S3_nuc_pos3_q0_5c:cell54,False
seq0038_HeLa-S3_nuc_pos3_q0_5c,HeLa-S3_nuc_pos3_q0_5c,DynamicNuclearNet,train,DynamicNuclearNet\tif_data\train\out\HeLa-S3_nuc_pos3_q0_5c\HeLa-S3_nuc_pos3_q0_5c_trackmate.xml,55,0,,,45003,45114,34,41,34.0,41.0,8,8,death,seq0038_HeLa-S3_nuc_pos3_q0_5c:cell55,False
seq0038_HeLa-S3_nuc_pos3_q0_5c,HeLa-S3_nuc_pos3_q0_5c,DynamicNuclearNet,train,DynamicNuclearNet\tif_data\train\out\HeLa-S3_nuc_pos3_q0_5c\HeLa-S3_nuc_pos3_q0_5c_trackmate.xml,56,0,,,44980,44980,35,35,35.0,35.0,1,1,death,seq0038_HeLa-S3_nuc_pos3_q0_5c:cell56,False
seq0038_HeLa-S3_nuc_pos3_q0_5c,HeLa-S3_nuc_pos3_q0_5c,DynamicNuclearNet,train,DynamicNuclearNet\tif_data\train\out\HeLa-S3_nuc_pos3_q0_5c\HeLa-S3_nuc_pos3_q0_5c_trackmate.xml,57,0,,,45060,45060,37,37,37.0,37.0,1,1,death,seq0038_HeLa-S3_nuc_pos3_q0_5c:cell57,False
seq0038_HeLa-S3_nuc_pos3_q0_5c,HeLa-S3_nuc_pos3_q0_5c,DynamicNuclearNet,train,DynamicNuclearNet\tif_data\train\out\HeLa-S3_nuc_pos3_q0_5c\HeLa-S3_nuc_pos3_q0_5c_trackmate.xml,58,0,,,45107,45107,37,37,37.0,37.0,1,1,death,seq0038_HeLa-S3_nuc_pos3_q0_5c:cell58,False
seq0038_HeLa-S3_nuc_pos3_q0_5c,HeLa-S3_nuc_pos3_q0_5c,DynamicNuclearNet,train,DynamicNuclearNet\tif_data\train\out\HeLa-S3_nuc_pos3_q0_5c\HeLa-S3_nuc_pos3_q0_5c_trackmate.xml,59,0,,,45115,45115,37,37,37.0,37.0,1,1,death,seq0038_HeLa-S3_nuc_pos3_q0_5c:cell59,False
seq0038_HeLa-S3_nuc_pos3_q0_5c,HeLa-S3_nuc_pos3_q0_5c,DynamicNuclearNet,train,DynamicNuclearNet\tif_data\train\out\HeLa-S3_nuc_pos3_q0_5c\HeLa-S3_nuc_pos3_q0_5c_trackmate.xml,60,0,,,45127,45061,37,38,37.0,38.0,2,2,death,seq0038_HeLa-S3_nuc_pos3_q0_5c:cell60,False
seq0038_HeLa-S3_nuc_pos3_q0_5c,HeLa-S3_nuc_pos3_q0_5c,DynamicNuclearNet,train,DynamicNuclearNet\tif_data\train\out\HeLa-S3_nuc_pos3_q0_5c\HeLa-S3_nuc_pos3_q0_5c_trackmate.xml,61,0,,,45035,45048,38,41,38.0,41.0,4,4,death,seq0038_HeLa-S3_nuc_pos3_q0_5c:cell61,False
seq0038_HeLa-S3_nuc_pos3_q0_5c,HeLa-S3_nuc_pos3_q0_5c,DynamicNuclearNet,train,DynamicNuclearNet\tif_data\train\out\HeLa-S3_nuc_pos3_q0_5c\HeLa-S3_nuc_pos3_q0_5c_trackmate.xml,62,0,,,45040,45040,38,38,38.0,38.0,1,1,death,seq0038_HeLa-S3_nuc_pos3_q0_5c:cell62,False
seq0038_HeLa-S3_nuc_pos3_q0_5c,HeLa-S3_nuc_pos3_q0_5c,DynamicNuclearNet,train,DynamicNuclearNet\tif_data\train\out\HeLa-S3_nuc_pos3_q0_5c\HeLa-S3_nuc_pos3_q0_5c_trackmate.xml,63,0,,,45073,45073,39,39,39.0,39.0,1,1,death,seq0038_HeLa-S3_nuc_pos3_q0_5c:cell63,False
seq0038_HeLa-S3_nuc_pos3_q0_5c,HeLa-S3_nuc_pos3_q0_5c,DynamicNuclearNet,train,DynamicNuclearNet\tif_data\train\out\HeLa-S3_nuc_pos3_q0_5c\HeLa-S3_nuc_pos3_q0_5c_trackmate.xml,64,0,,,45122,45059,39,41,39.0,41.0,3,3,death,seq0038_HeLa-S3_nuc_pos3_q0_5c:cell64,False
seq0038_HeLa-S3_nuc_pos3_q0_5c,HeLa-S3_nuc_pos3_q0_5c,DynamicNuclearNet,train,DynamicNuclearNet\tif_data\train\out\HeLa-S3_nuc_pos3_q0_5c\HeLa-S3_nuc_pos3_q0_5c_trackmate.xml,65,0,,,45083,45083,41,41,41.0,41.0,1,1,death,seq0038_HeLa-S3_nuc_pos3_q0_5c:cell65,False
seq0038_HeLa-S3_nuc_pos3_q0_5c,HeLa-S3_nuc_pos3_q0_5c,DynamicNuclearNet,train,DynamicNuclearNet\tif_data\train\out\HeLa-S3_nuc_pos3_q0_5c\HeLa-S3_nuc_pos3_q0_5c_trackmate.xml,66,0,,,45091,45091,41,41,41.0,41.0,1,1,death,seq0038_HeLa-S3_nuc_pos3_q0_5c:cell66,False
seq0039_HeLa-S3_nuc_pos3_q2_5c,HeLa-S3_nuc_pos3_q2_5c,DynamicNuclearNet,train,DynamicNuclearNet\tif_data\train\out\HeLa-S3_nuc_pos3_q2_5c\HeLa-S3_nuc_pos3_q2_5c_trackmate.xml,0,0,,,45392,45999,0,39,0.0,39.0,40,40,death,seq0039_HeLa-S3_nuc_pos3_q2_5c:cell0,False
seq0039_HeLa-S3_nuc_pos3_q2_5c,HeLa-S3_nuc_pos3_q2_5c,DynamicNuclearNet,train,DynamicNuclearNet\tif_data\train\out\HeLa-S3_nuc_pos3_q2_5c\HeLa-S3_nuc_pos3_q2_5c_trackmate.xml,1,0,,,45399,46086,0,41,0.0,41.0,42,42,death,seq0039_HeLa-S3_nuc_pos3_q2_5c:cell1,False
seq0039_HeLa-S3_nuc_pos3_q2_5c,HeLa-S3_nuc_pos3_q2_5c,DynamicNuclearNet,train,DynamicNuclearNet\tif_data\train\out\HeLa-S3_nuc_pos3_q2_5c\HeLa-S3_nuc_pos3_q2_5c_trackmate.xml,2,0,,,45404,46088,0,41,0.0,41.0,42,42,death,seq0039_HeLa-S3_nuc_pos3_q2_5c:cell2,False
seq0039_HeLa-S3_nuc_pos3_q2_5c,HeLa-S3_nuc_pos3_q2_5c,DynamicNuclearNet,train,DynamicNuclearNet\tif_data\train\out\HeLa-S3_nuc_pos3_q2_5c\HeLa-S3_nuc_pos3_q2_5c_trackmate.xml,3,0,,,45408,46091,0,41,0.0,41.0,42,42,death,seq0039_HeLa-S3_nuc_pos3_q2_5c:cell3,False
seq0039_HeLa-S3_nuc_pos3_q2_5c,HeLa-S3_nuc_pos3_q2_5c,DynamicNuclearNet,train,DynamicNuclearNet\tif_data\train\out\HeLa-S3_nuc_pos3_q2_5c\HeLa-S3_nuc_pos3_q2_5c_trackmate.xml,4,0,,,45411,46093,0,41,0.0,41.0,42,42,death,seq0039_HeLa-S3_nuc_pos3_q2_5c:cell4,False
seq0039_HeLa-S3_nuc_pos3_q2_5c,HeLa-S3_nuc_pos3_q2_5c,DynamicNuclearNet,train,DynamicNuclearNet\tif_data\train\out\HeLa-S3_nuc_pos3_q2_5c\HeLa-S3_nuc_pos3_q2_5c_trackmate.xml,5,0,,,45414,46096,0,41,0.0,41.0,42,42,death,seq0039_HeLa-S3_nuc_pos3_q2_5c:cell5,False
seq0039_HeLa-S3_nuc_pos3_q2_5c,HeLa-S3_nuc_pos3_q2_5c,DynamicNuclearNet,train,DynamicNuclearNet\tif_data\train\out\HeLa-S3_nuc_pos3_q2_5c\HeLa-S3_nuc_pos3_q2_5c_trackmate.xml,6,0,,,45417,45962,0,34,0.0,34.0,35,35,death,seq0039_HeLa-S3_nuc_pos3_q2_5c:cell6,False
seq0039_HeLa-S3_nuc_pos3_q2_5c,HeLa-S3_nuc_pos3_q2_5c,DynamicNuclearNet,train,DynamicNuclearNet\tif_data\train\out\HeLa-S3_nuc_pos3_q2_5c\HeLa-S3_nuc_pos3_q2_5c_trackmate.xml,7,0,,,45419,46107,0,41,0.0,41.0,42,42,death,seq0039_HeLa-S3_nuc_pos3_q2_5c:cell7,False
seq0039_HeLa-S3_nuc_pos3_q2_5c,HeLa-S3_nuc_pos3_q2_5c,DynamicNuclearNet,train,DynamicNuclearNet\tif_data\train\out\HeLa-S3_nuc_pos3_q2_5c\HeLa-S3_nuc_pos3_q2_5c_trackmate.xml,8,0,,,45420,46148,0,1,0.0,1.0,2,2,death,seq0039_HeLa-S3_nuc_pos3_q2_5c:cell8,False
seq0039_HeLa-S3_nuc_pos3_q2_5c,HeLa-S3_nuc_pos3_q2_5c,DynamicNuclearNet,train,DynamicNuclearNet\tif_data\train\out\HeLa-S3_nuc_pos3_q2_5c\HeLa-S3_nuc_pos3_q2_5c_trackmate.xml,9,0,,,45421,46110,0,41,0.0,41.0,42,42,death,seq0039_HeLa-S3_nuc_pos3_q2_5c:cell9,False
seq0039_HeLa-S3_nuc_pos3_q2_5c,HeLa-S3_nuc_pos3_q2_5c,DynamicNuclearNet,train,DynamicNuclearNet\tif_data\train\out\HeLa-S3_nuc_pos3_q2_5c\HeLa-S3_nuc_pos3_q2_5c_trackmate.xml,10,0,,,45422,46119,0,41,0.0,41.0,42,42,death,seq0039_HeLa-S3_nuc_pos3_q2_5c:cell10,False
seq0039_HeLa-S3_nuc_pos3_q2_5c,HeLa-S3_nuc_pos3_q2_5c,DynamicNuclearNet,train,DynamicNuclearNet\tif_data\train\out\HeLa-S3_nuc_pos3_q2_5c\HeLa-S3_nuc_pos3_q2_5c_trackmate.xml,11,0,,,45423,46079,0,40,0.0,40.0,41,41,death,seq0039_HeLa-S3_nuc_pos3_q2_5c:cell11,False
seq0039_HeLa-S3_nuc_pos3_q2_5c,HeLa-S3_nuc_pos3_q2_5c,DynamicNuclearNet,train,DynamicNuclearNet\tif_data\train\out\HeLa-S3_nuc_pos3_q2_5c\HeLa-S3_nuc_pos3_q2_5c_trackmate.xml,12,0,,,45424,46129,0,41,0.0,41.0,42,42,death,seq0039_HeLa-S3_nuc_pos3_q2_5c:cell12,False
seq0039_HeLa-S3_nuc_pos3_q2_5c,HeLa-S3_nuc_pos3_q2_5c,DynamicNuclearNet,train,DynamicNuclearNet\tif_data\train\out\HeLa-S3_nuc_pos3_q2_5c\HeLa-S3_nuc_pos3_q2_5c_trackmate.xml,13,0,,,45425,46123,0,41,0.0,41.0,42,42,death,seq0039_HeLa-S3_nuc_pos3_q2_5c:cell13,False
seq0039_HeLa-S3_nuc_pos3_q2_5c,HeLa-S3_nuc_pos3_q2_5c,DynamicNuclearNet,train,DynamicNuclearNet\tif_data\train\out\HeLa-S3_nuc_pos3_q2_5c\HeLa-S3_nuc_pos3_q2_5c_trackmate.xml,14,0,,,45426,46132,0,41,0.0,41.0,42,42,death,seq0039_HeLa-S3_nuc_pos3_q2_5c:cell14,False
seq0039_HeLa-S3_nuc_pos3_q2_5c,HeLa-S3_nuc_pos3_q2_5c,DynamicNuclearNet,train,DynamicNuclearNet\tif_data\train\out\HeLa-S3_nuc_pos3_q2_5c\HeLa-S3_nuc_pos3_q2_5c_trackmate.xml,15,0,,,45427,46138,0,41,0.0,41.0,42,42,death,seq0039_HeLa-S3_nuc_pos3_q2_5c:cell15,False
seq0039_HeLa-S3_nuc_pos3_q2_5c,HeLa-S3_nuc_pos3_q2_5c,DynamicNuclearNet,train,DynamicNuclearNet\tif_data\train\out\HeLa-S3_nuc_pos3_q2_5c\HeLa-S3_nuc_pos3_q2_5c_trackmate.xml,16,0,,,45428,46139,0,41,0.0,41.0,42,42,death,seq0039_HeLa-S3_nuc_pos3_q2_5c:cell16,False
seq0039_HeLa-S3_nuc_pos3_q2_5c,HeLa-S3_nuc_pos3_q2_5c,DynamicNuclearNet,train,DynamicNuclearNet\tif_data\train\out\HeLa-S3_nuc_pos3_q2_5c\HeLa-S3_nuc_pos3_q2_5c_trackmate.xml,17,0,,,45429,46142,0,41,0.0,41.0,42,42,death,seq0039_HeLa-S3_nuc_pos3_q2_5c:cell17,False
seq0039_HeLa-S3_nuc_pos3_q2_5c,HeLa-S3_nuc_pos3_q2_5c,DynamicNuclearNet,train,DynamicNuclearNet\tif_data\train\out\HeLa-S3_nuc_pos3_q2_5c\HeLa-S3_nuc_pos3_q2_5c_trackmate.xml,18,0,,,45430,46144,0,41,0.0,41.0,42,42,death,seq0039_HeLa-S3_nuc_pos3_q2_5c:cell18,False
seq0039_HeLa-S3_nuc_pos3_q2_5c,HeLa-S3_nuc_pos3_q2_5c,DynamicNuclearNet,train,DynamicNuclearNet\tif_data\train\out\HeLa-S3_nuc_pos3_q2_5c\HeLa-S3_nuc_pos3_q2_5c_trackmate.xml,19,0,,,45431,46149,0,41,0.0,41.0,42,42,death,seq0039_HeLa-S3_nuc_pos3_q2_5c:cell19,False
seq0039_HeLa-S3_nuc_pos3_q2_5c,HeLa-S3_nuc_pos3_q2_5c,DynamicNuclearNet,train,DynamicNuclearNet\tif_data\train\out\HeLa-S3_nuc_pos3_q2_5c\HeLa-S3_nuc_pos3_q2_5c_trackmate.xml,20,0,,,45432,46147,0,41,0.0,41.0,42,42,death,seq0039_HeLa-S3_nuc_pos3_q2_5c:cell20,False
seq0039_HeLa-S3_nuc_pos3_q2_5c,HeLa-S3_nuc_pos3_q2_5c,DynamicNuclearNet,train,DynamicNuclearNet\tif_data\train\out\HeLa-S3_nuc_pos3_q2_5c\HeLa-S3_nuc_pos3_q2_5c_trackmate.xml,21,0,,,45433,46152,0,41,0.0,41.0,42,42,death,seq0039_HeLa-S3_nuc_pos3_q2_5c:cell21,False
seq0039_HeLa-S3_nuc_pos3_q2_5c,HeLa-S3_nuc_pos3_q2_5c,DynamicNuclearNet,train,DynamicNuclearNet\tif_data\train\out\HeLa-S3_nuc_pos3_q2_5c\HeLa-S3_nuc_pos3_q2_5c_trackmate.xml,22,0,,,45434,46175,0,1,0.0,1.0,2,2,death,seq0039_HeLa-S3_nuc_pos3_q2_5c:cell22,False
seq0039_HeLa-S3_nuc_pos3_q2_5c,HeLa-S3_nuc_pos3_q2_5c,DynamicNuclearNet,train,DynamicNuclearNet\tif_data\train\out\HeLa-S3_nuc_pos3_q2_5c\HeLa-S3_nuc_pos3_q2_5c_trackmate.xml,23,0,,,45309,45309,2,2,2.0,2.0,1,1,death,seq0039_HeLa-S3_nuc_pos3_q2_5c:cell23,False
seq0039_HeLa-S3_nuc_pos3_q2_5c,HeLa-S3_nuc_pos3_q2_5c,DynamicNuclearNet,train,DynamicNuclearNet\tif_data\train\out\HeLa-S3_nuc_pos3_q2_5c\HeLa-S3_nuc_pos3_q2_5c_trackmate.xml,24,0,,,45244,46115,3,41,3.0,41.0,39,39,death,seq0039_HeLa-S3_nuc_pos3_q2_5c:cell24,False
seq0039_HeLa-S3_nuc_pos3_q2_5c,HeLa-S3_nuc_pos3_q2_5c,DynamicNuclearNet,train,DynamicNuclearNet\tif_data\train\out\HeLa-S3_nuc_pos3_q2_5c\HeLa-S3_nuc_pos3_q2_5c_trackmate.xml,25,0,,,45827,46135,28,41,28.0,41.0,14,14,death,seq0039_HeLa-S3_nuc_pos3_q2_5c:cell25,False
seq0039_HeLa-S3_nuc_pos3_q2_5c,HeLa-S3_nuc_pos3_q2_5c,DynamicNuclearNet,train,DynamicNuclearNet\tif_data\train\out\HeLa-S3_nuc_pos3_q2_5c\HeLa-S3_nuc_pos3_q2_5c_trackmate.xml,26,0,,,45924,45924,30,30,30.0,30.0,1,1,death,seq0039_HeLa-S3_nuc_pos3_q2_5c:cell26,False
seq0039_HeLa-S3_nuc_pos3_q2_5c,HeLa-S3_nuc_pos3_q2_5c,DynamicNuclearNet,train,DynamicNuclearNet\tif_data\train\out\HeLa-S3_nuc_pos3_q2_5c\HeLa-S3_nuc_pos3_q2_5c_trackmate.xml,27,0,,,45955,45944,32,33,32.0,33.0,2,2,death,seq0039_HeLa-S3_nuc_pos3_q2_5c:cell27,False
seq0039_HeLa-S3_nuc_pos3_q2_5c,HeLa-S3_nuc_pos3_q2_5c,DynamicNuclearNet,train,DynamicNuclearNet\tif_data\train\out\HeLa-S3_nuc_pos3_q2_5c\HeLa-S3_nuc_pos3_q2_5c_trackmate.xml,28,0,,,46002,46002,35,35,35.0,35.0,1,1,death,seq0039_HeLa-S3_nuc_pos3_q2_5c:cell28,False
seq0039_HeLa-S3_nuc_pos3_q2_5c,HeLa-S3_nuc_pos3_q2_5c,DynamicNuclearNet,train,DynamicNuclearNet\tif_data\train\out\HeLa-S3_nuc_pos3_q2_5c\HeLa-S3_nuc_pos3_q2_5c_trackmate.xml,29,0,,,46011,46103,35,41,35.0,41.0,7,7,death,seq0039_HeLa-S3_nuc_pos3_q2_5c:cell29,False
seq0039_HeLa-S3_nuc_pos3_q2_5c,HeLa-S3_nuc_pos3_q2_5c,DynamicNuclearNet,train,DynamicNuclearNet\tif_data\train\out\HeLa-S3_nuc_pos3_q2_5c\HeLa-S3_nuc_pos3_q2_5c_trackmate.xml,30,0,,,45986,46100,36,41,36.0,41.0,6,6,death,seq0039_HeLa-S3_nuc_pos3_q2_5c:cell30,False
seq0039_HeLa-S3_nuc_pos3_q2_5c,HeLa-S3_nuc_pos3_q2_5c,DynamicNuclearNet,train,DynamicNuclearNet\tif_data\train\out\HeLa-S3_nuc_pos3_q2_5c\HeLa-S3_nuc_pos3_q2_5c_trackmate.xml,31,0,,,46029,46116,36,37,36.0,37.0,2,2,death,seq0039_HeLa-S3_nuc_pos3_q2_5c:cell31,False
seq0039_HeLa-S3_nuc_pos3_q2_5c,HeLa-S3_nuc_pos3_q2_5c,DynamicNuclearNet,train,DynamicNuclearNet\tif_data\train\out\HeLa-S3_nuc_pos3_q2_5c\HeLa-S3_nuc_pos3_q2_5c_trackmate.xml,32,0,,,46083,46083,41,41,41.0,41.0,1,1,death,seq0039_HeLa-S3_nuc_pos3_q2_5c:cell32,False
seq0039_HeLa-S3_nuc_pos3_q2_5c,HeLa-S3_nuc_pos3_q2_5c,DynamicNuclearNet,train,DynamicNuclearNet\tif_data\train\out\HeLa-S3_nuc_pos3_q2_5c\HeLa-S3_nuc_pos3_q2_5c_trackmate.xml,33,0,,,46126,46126,41,41,41.0,41.0,1,1,death,seq0039_HeLa-S3_nuc_pos3_q2_5c:cell33,False
seq0040_HeLa-S3_nuc_pos4_q0_5c,HeLa-S3_nuc_pos4_q0_5c,DynamicNuclearNet,train,DynamicNuclearNet\tif_data\train\out\HeLa-S3_nuc_pos4_q0_5c\HeLa-S3_nuc_pos4_q0_5c_trackmate.xml,0,0,,,46400,46971,0,36,0.0,36.0,37,37,death,seq0040_HeLa-S3_nuc_pos4_q0_5c:cell0,False
seq0040_HeLa-S3_nuc_pos4_q0_5c,HeLa-S3_nuc_pos4_q0_5c,DynamicNuclearNet,train,DynamicNuclearNet\tif_data\train\out\HeLa-S3_nuc_pos4_q0_5c\HeLa-S3_nuc_pos4_q0_5c_trackmate.xml,1,0,,,46402,47048,0,41,0.0,41.0,42,42,death,seq0040_HeLa-S3_nuc_pos4_q0_5c:cell1,False
seq0040_HeLa-S3_nuc_pos4_q0_5c,HeLa-S3_nuc_pos4_q0_5c,DynamicNuclearNet,train,DynamicNuclearNet\tif_data\train\out\HeLa-S3_nuc_pos4_q0_5c\HeLa-S3_nuc_pos4_q0_5c_trackmate.xml,2,0,,,46404,47046,0,41,0.0,41.0,42,42,death,seq0040_HeLa-S3_nuc_pos4_q0_5c:cell2,False
seq0040_HeLa-S3_nuc_pos4_q0_5c,HeLa-S3_nuc_pos4_q0_5c,DynamicNuclearNet,train,DynamicNuclearNet\tif_data\train\out\HeLa-S3_nuc_pos4_q0_5c\HeLa-S3_nuc_pos4_q0_5c_trackmate.xml,3,0,,,46406,47054,0,41,0.0,41.0,42,42,death,seq0040_HeLa-S3_nuc_pos4_q0_5c:cell3,False
seq0040_HeLa-S3_nuc_pos4_q0_5c,HeLa-S3_nuc_pos4_q0_5c,DynamicNuclearNet,train,DynamicNuclearNet\tif_data\train\out\HeLa-S3_nuc_pos4_q0_5c\HeLa-S3_nuc_pos4_q0_5c_trackmate.xml,4,0,,,46408,47050,0,41,0.0,41.0,42,42,death,seq0040_HeLa-S3_nuc_pos4_q0_5c:cell4,False
seq0040_HeLa-S3_nuc_pos4_q0_5c,HeLa-S3_nuc_pos4_q0_5c,DynamicNuclearNet,train,DynamicNuclearNet\tif_data\train\out\HeLa-S3_nuc_pos4_q0_5c\HeLa-S3_nuc_pos4_q0_5c_trackmate.xml,5,0,,,46410,47052,0,41,0.0,41.0,42,42,death,seq0040_HeLa-S3_nuc_pos4_q0_5c:cell5,False
seq0040_HeLa-S3_nuc_pos4_q0_5c,HeLa-S3_nuc_pos4_q0_5c,DynamicNuclearNet,train,DynamicNuclearNet\tif_data\train\out\HeLa-S3_nuc_pos4_q0_5c\HeLa-S3_nuc_pos4_q0_5c_trackmate.xml,6,0,,,46412,47057,0,41,0.0,41.0,42,42,death,seq0040_HeLa-S3_nuc_pos4_q0_5c:cell6,False
seq0040_HeLa-S3_nuc_pos4_q0_5c,HeLa-S3_nuc_pos4_q0_5c,DynamicNuclearNet,train,DynamicNuclearNet\tif_data\train\out\HeLa-S3_nuc_pos4_q0_5c\HeLa-S3_nuc_pos4_q0_5c_trackmate.xml,7,0,,,46414,47066,0,41,0.0,41.0,42,42,death,seq0040_HeLa-S3_nuc_pos4_q0_5c:cell7,False
seq0040_HeLa-S3_nuc_pos4_q0_5c,HeLa-S3_nuc_pos4_q0_5c,DynamicNuclearNet,train,DynamicNuclearNet\tif_data\train\out\HeLa-S3_nuc_pos4_q0_5c\HeLa-S3_nuc_pos4_q0_5c_trackmate.xml,8,0,,,46416,47061,0,41,0.0,41.0,42,42,death,seq0040_HeLa-S3_nuc_pos4_q0_5c:cell8,False
seq0040_HeLa-S3_nuc_pos4_q0_5c,HeLa-S3_nuc_pos4_q0_5c,DynamicNuclearNet,train,DynamicNuclearNet\tif_data\train\out\HeLa-S3_nuc_pos4_q0_5c\HeLa-S3_nuc_pos4_q0_5c_trackmate.xml,9,0,,,46418,47070,0,41,0.0,41.0,42,42,death,seq0040_HeLa-S3_nuc_pos4_q0_5c:cell9,False
seq0040_HeLa-S3_nuc_pos4_q0_5c,HeLa-S3_nuc_pos4_q0_5c,DynamicNuclearNet,train,DynamicNuclearNet\tif_data\train\out\HeLa-S3_nuc_pos4_q0_5c\HeLa-S3_nuc_pos4_q0_5c_trackmate.xml,10,0,,,46420,47073,0,41,0.0,41.0,42,42,death,seq0040_HeLa-S3_nuc_pos4_q0_5c:cell10,False
seq0040_HeLa-S3_nuc_pos4_q0_5c,HeLa-S3_nuc_pos4_q0_5c,DynamicNuclearNet,train,DynamicNuclearNet\tif_data\train\out\HeLa-S3_nuc_pos4_q0_5c\HeLa-S3_nuc_pos4_q0_5c_trackmate.xml,11,0,,,46422,47076,0,41,0.0,41.0,42,42,death,seq0040_HeLa-S3_nuc_pos4_q0_5c:cell11,False
seq0040_HeLa-S3_nuc_pos4_q0_5c,HeLa-S3_nuc_pos4_q0_5c,DynamicNuclearNet,train,DynamicNuclearNet\tif_data\train\out\HeLa-S3_nuc_pos4_q0_5c\HeLa-S3_nuc_pos4_q0_5c_trackmate.xml,12,0,,,46423,47079,0,41,0.0,41.0,42,42,death,seq0040_HeLa-S3_nuc_pos4_q0_5c:cell12,False
seq0040_HeLa-S3_nuc_pos4_q0_5c,HeLa-S3_nuc_pos4_q0_5c,DynamicNuclearNet,train,DynamicNuclearNet\tif_data\train\out\HeLa-S3_nuc_pos4_q0_5c\HeLa-S3_nuc_pos4_q0_5c_trackmate.xml,13,0,,,46425,47082,0,41,0.0,41.0,42,42,death,seq0040_HeLa-S3_nuc_pos4_q0_5c:cell13,False
seq0040_HeLa-S3_nuc_pos4_q0_5c,HeLa-S3_nuc_pos4_q0_5c,DynamicNuclearNet,train,DynamicNuclearNet\tif_data\train\out\HeLa-S3_nuc_pos4_q0_5c\HeLa-S3_nuc_pos4_q0_5c_trackmate.xml,14,0,,,46426,47086,0,41,0.0,41.0,42,42,death,seq0040_HeLa-S3_nuc_pos4_q0_5c:cell14,False
seq0040_HeLa-S3_nuc_pos4_q0_5c,HeLa-S3_nuc_pos4_q0_5c,DynamicNuclearNet,train,DynamicNuclearNet\tif_data\train\out\HeLa-S3_nuc_pos4_q0_5c\HeLa-S3_nuc_pos4_q0_5c_trackmate.xml,15,0,,,46427,46851,0,31,0.0,31.0,32,32,death,seq0040_HeLa-S3_nuc_pos4_q0_5c:cell15,False
seq0040_HeLa-S3_nuc_pos4_q0_5c,HeLa-S3_nuc_pos4_q0_5c,DynamicNuclearNet,train,DynamicNuclearNet\tif_data\train\out\HeLa-S3_nuc_pos4_q0_5c\HeLa-S3_nuc_pos4_q0_5c_trackmate.xml,16,0,,,46428,47093,0,41,0.0,41.0,42,42,death,seq0040_HeLa-S3_nuc_pos4_q0_5c:cell16,False
seq0040_HeLa-S3_nuc_pos4_q0_5c,HeLa-S3_nuc_pos4_q0_5c,DynamicNuclearNet,train,DynamicNuclearNet\tif_data\train\out\HeLa-S3_nuc_pos4_q0_5c\HeLa-S3_nuc_pos4_q0_5c_trackmate.xml,17,0,,,46429,47097,0,41,0.0,41.0,42,42,death,seq0040_HeLa-S3_nuc_pos4_q0_5c:cell17,False
seq0040_HeLa-S3_nuc_pos4_q0_5c,HeLa-S3_nuc_pos4_q0_5c,DynamicNuclearNet,train,DynamicNuclearNet\tif_data\train\out\HeLa-S3_nuc_pos4_q0_5c\HeLa-S3_nuc_pos4_q0_5c_trackmate.xml,18,0,,,46430,47101,0,41,0.0,41.0,42,42,death,seq0040_HeLa-S3_nuc_pos4_q0_5c:cell18,False
seq0040_HeLa-S3_nuc_pos4_q0_5c,HeLa-S3_nuc_pos4_q0_5c,DynamicNuclearNet,train,DynamicNuclearNet\tif_data\train\out\HeLa-S3_nuc_pos4_q0_5c\HeLa-S3_nuc_pos4_q0_5c_trackmate.xml,19,0,,,46431,47103,0,41,0.0,41.0,42,42,death,seq0040_HeLa-S3_nuc_pos4_q0_5c:cell19,False
seq0040_HeLa-S3_nuc_pos4_q0_5c,HeLa-S3_nuc_pos4_q0_5c,DynamicNuclearNet,train,DynamicNuclearNet\tif_data\train\out\HeLa-S3_nuc_pos4_q0_5c\HeLa-S3_nuc_pos4_q0_5c_trackmate.xml,20,0,,,46432,47105,0,41,0.0,41.0,42,42,death,seq0040_HeLa-S3_nuc_pos4_q0_5c:cell20,False
seq0040_HeLa-S3_nuc_pos4_q0_5c,HeLa-S3_nuc_pos4_q0_5c,DynamicNuclearNet,train,DynamicNuclearNet\tif_data\train\out\HeLa-S3_nuc_pos4_q0_5c\HeLa-S3_nuc_pos4_q0_5c_trackmate.xml,21,0,,,46388,47041,9,41,9.0,41.0,33,33,death,seq0040_HeLa-S3_nuc_pos4_q0_5c:cell21,False
seq0040_HeLa-S3_nuc_pos4_q0_5c,HeLa-S3_nuc_pos4_q0_5c,DynamicNuclearNet,train,DynamicNuclearNet\tif_data\train\out\HeLa-S3_nuc_pos4_q0_5c\HeLa-S3_nuc_pos4_q0_5c_trackmate.xml,22,0,,,46580,46580,17,17,17.0,17.0,1,1,death,seq0040_HeLa-S3_nuc_pos4_q0_5c:cell22,False
seq0040_HeLa-S3_nuc_pos4_q0_5c,HeLa-S3_nuc_pos4_q0_5c,DynamicNuclearNet,train,DynamicNuclearNet\tif_data\train\out\HeLa-S3_nuc_pos4_q0_5c\HeLa-S3_nuc_pos4_q0_5c_trackmate.xml,23,0,,,46765,47089,26,41,26.0,41.0,16,16,death,seq0040_HeLa-S3_nuc_pos4_q0_5c:cell23,False
seq0040_HeLa-S3_nuc_pos4_q0_5c,HeLa-S3_nuc_pos4_q0_5c,DynamicNuclearNet,train,DynamicNuclearNet\tif_data\train\out\HeLa-S3_nuc_pos4_q0_5c\HeLa-S3_nuc_pos4_q0_5c_trackmate.xml,24,0,,,46918,46918,32,32,32.0,32.0,1,1,death,seq0040_HeLa-S3_nuc_pos4_q0_5c:cell24,False
seq0040_HeLa-S3_nuc_pos4_q0_5c,HeLa-S3_nuc_pos4_q0_5c,DynamicNuclearNet,train,DynamicNuclearNet\tif_data\train\out\HeLa-S3_nuc_pos4_q0_5c\HeLa-S3_nuc_pos4_q0_5c_trackmate.xml,25,0,,,47015,47043,37,41,37.0,41.0,5,5,death,seq0040_HeLa-S3_nuc_pos4_q0_5c:cell25,False
seq0040_HeLa-S3_nuc_pos4_q0_5c,HeLa-S3_nuc_pos4_q0_5c,DynamicNuclearNet,train,DynamicNuclearNet\tif_data\train\out\HeLa-S3_nuc_pos4_q0_5c\HeLa-S3_nuc_pos4_q0_5c_trackmate.xml,26,0,,,47017,47044,37,41,37.0,41.0,5,5,death,seq0040_HeLa-S3_nuc_pos4_q0_5c:cell26,False
seq0040_HeLa-S3_nuc_pos4_q0_5c,HeLa-S3_nuc_pos4_q0_5c,DynamicNuclearNet,train,DynamicNuclearNet\tif_data\train\out\HeLa-S3_nuc_pos4_q0_5c\HeLa-S3_nuc_pos4_q0_5c_trackmate.xml,27,0,,,47096,47096,40,40,40.0,40.0,1,1,death,seq0040_HeLa-S3_nuc_pos4_q0_5c:cell27,False
seq0041_HeLa-S3_nuc_pos4_q3_5c,HeLa-S3_nuc_pos4_q3_5c,DynamicNuclearNet,train,DynamicNuclearNet\tif_data\train\out\HeLa-S3_nuc_pos4_q3_5c\HeLa-S3_nuc_pos4_q3_5c_trackmate.xml,0,0,,,47805,48024,0,41,0.0,41.0,42,42,death,seq0041_HeLa-S3_nuc_pos4_q3_5c:cell0,False
seq0041_HeLa-S3_nuc_pos4_q3_5c,HeLa-S3_nuc_pos4_q3_5c,DynamicNuclearNet,train,DynamicNuclearNet\tif_data\train\out\HeLa-S3_nuc_pos4_q3_5c\HeLa-S3_nuc_pos4_q3_5c_trackmate.xml,1,0,,,47806,48026,0,41,0.0,41.0,42,42,death,seq0041_HeLa-S3_nuc_pos4_q3_5c:cell1,False
seq0041_HeLa-S3_nuc_pos4_q3_5c,HeLa-S3_nuc_pos4_q3_5c,DynamicNuclearNet,train,DynamicNuclearNet\tif_data\train\out\HeLa-S3_nuc_pos4_q3_5c\HeLa-S3_nuc_pos4_q3_5c_trackmate.xml,2,0,,,47807,47727,0,30,0.0,30.0,31,31,death,seq0041_HeLa-S3_nuc_pos4_q3_5c:cell2,False
seq0041_HeLa-S3_nuc_pos4_q3_5c,HeLa-S3_nuc_pos4_q3_5c,DynamicNuclearNet,train,DynamicNuclearNet\tif_data\train\out\HeLa-S3_nuc_pos4_q3_5c\HeLa-S3_nuc_pos4_q3_5c_trackmate.xml,3,0,,,47808,47332,0,13,0.0,13.0,14,14,death,seq0041_HeLa-S3_nuc_pos4_q3_5c:cell3,False
seq0041_HeLa-S3_nuc_pos4_q3_5c,HeLa-S3_nuc_pos4_q3_5c,DynamicNuclearNet,train,DynamicNuclearNet\tif_data\train\out\HeLa-S3_nuc_pos4_q3_5c\HeLa-S3_nuc_pos4_q3_5c_trackmate.xml,4,0,,,47809,48036,0,41,0.0,41.0,42,42,death,seq0041_HeLa-S3_nuc_pos4_q3_5c:cell4,False
seq0041_HeLa-S3_nuc_pos4_q3_5c,HeLa-S3_nuc_pos4_q3_5c,DynamicNuclearNet,train,DynamicNuclearNet\tif_data\train\out\HeLa-S3_nuc_pos4_q3_5c\HeLa-S3_nuc_pos4_q3_5c_trackmate.xml,5,0,,,47810,48033,0,41,0.0,41.0,42,42,death,seq0041_HeLa-S3_nuc_pos4_q3_5c:cell5,False
seq0041_HeLa-S3_nuc_pos4_q3_5c,HeLa-S3_nuc_pos4_q3_5c,DynamicNuclearNet,train,DynamicNuclearNet\tif_data\train\out\HeLa-S3_nuc_pos4_q3_5c\HeLa-S3_nuc_pos4_q3_5c_trackmate.xml,6,0,,,47811,47412,0,15,0.0,15.0,16,16,death,seq0041_HeLa-S3_nuc_pos4_q3_5c:cell6,False
seq0041_HeLa-S3_nuc_pos4_q3_5c,HeLa-S3_nuc_pos4_q3_5c,DynamicNuclearNet,train,DynamicNuclearNet\tif_data\train\out\HeLa-S3_nuc_pos4_q3_5c\HeLa-S3_nuc_pos4_q3_5c_trackmate.xml,7,0,,,47812,48046,0,41,0.0,41.0,42,42,death,seq0041_HeLa-S3_nuc_pos4_q3_5c:cell7,False
seq0041_HeLa-S3_nuc_pos4_q3_5c,HeLa-S3_nuc_pos4_q3_5c,DynamicNuclearNet,train,DynamicNuclearNet\tif_data\train\out\HeLa-S3_nuc_pos4_q3_5c\HeLa-S3_nuc_pos4_q3_5c_trackmate.xml,8,0,,,47813,48050,0,41,0.0,41.0,42,42,death,seq0041_HeLa-S3_nuc_pos4_q3_5c:cell8,False
seq0041_HeLa-S3_nuc_pos4_q3_5c,HeLa-S3_nuc_pos4_q3_5c,DynamicNuclearNet,train,DynamicNuclearNet\tif_data\train\out\HeLa-S3_nuc_pos4_q3_5c\HeLa-S3_nuc_pos4_q3_5c_trackmate.xml,9,0,,,47815,48051,0,41,0.0,41.0,42,42,death,seq0041_HeLa-S3_nuc_pos4_q3_5c:cell9,False
seq0041_HeLa-S3_nuc_pos4_q3_5c,HeLa-S3_nuc_pos4_q3_5c,DynamicNuclearNet,train,DynamicNuclearNet\tif_data\train\out\HeLa-S3_nuc_pos4_q3_5c\HeLa-S3_nuc_pos4_q3_5c_trackmate.xml,10,0,,,47816,47899,0,35,0.0,35.0,36,36,death,seq0041_HeLa-S3_nuc_pos4_q3_5c:cell10,False
seq0041_HeLa-S3_nuc_pos4_q3_5c,HeLa-S3_nuc_pos4_q3_5c,DynamicNuclearNet,train,DynamicNuclearNet\tif_data\train\out\HeLa-S3_nuc_pos4_q3_5c\HeLa-S3_nuc_pos4_q3_5c_trackmate.xml,11,0,,,47817,48055,0,41,0.0,41.0,42,42,death,seq0041_HeLa-S3_nuc_pos4_q3_5c:cell11,False
seq0041_HeLa-S3_nuc_pos4_q3_5c,HeLa-S3_nuc_pos4_q3_5c,DynamicNuclearNet,train,DynamicNuclearNet\tif_data\train\out\HeLa-S3_nuc_pos4_q3_5c\HeLa-S3_nuc_pos4_q3_5c_trackmate.xml,12,0,,,47818,48058,0,41,0.0,41.0,42,42,death,seq0041_HeLa-S3_nuc_pos4_q3_5c:cell12,False
seq0041_HeLa-S3_nuc_pos4_q3_5c,HeLa-S3_nuc_pos4_q3_5c,DynamicNuclearNet,train,DynamicNuclearNet\tif_data\train\out\HeLa-S3_nuc_pos4_q3_5c\HeLa-S3_nuc_pos4_q3_5c_trackmate.xml,13,0,,,47819,48061,0,41,0.0,41.0,42,42,death,seq0041_HeLa-S3_nuc_pos4_q3_5c:cell13,False
seq0041_HeLa-S3_nuc_pos4_q3_5c,HeLa-S3_nuc_pos4_q3_5c,DynamicNuclearNet,train,DynamicNuclearNet\tif_data\train\out\HeLa-S3_nuc_pos4_q3_5c\HeLa-S3_nuc_pos4_q3_5c_trackmate.xml,14,0,,,47820,48059,0,41,0.0,41.0,42,42,death,seq0041_HeLa-S3_nuc_pos4_q3_5c:cell14,False
seq0041_HeLa-S3_nuc_pos4_q3_5c,HeLa-S3_nuc_pos4_q3_5c,DynamicNuclearNet,train,DynamicNuclearNet\tif_data\train\out\HeLa-S3_nuc_pos4_q3_5c\HeLa-S3_nuc_pos4_q3_5c_trackmate.xml,15,0,,,47821,48063,0,41,0.0,41.0,42,42,death,seq0041_HeLa-S3_nuc_pos4_q3_5c:cell15,False
seq0041_HeLa-S3_nuc_pos4_q3_5c,HeLa-S3_nuc_pos4_q3_5c,DynamicNuclearNet,train,DynamicNuclearNet\tif_data\train\out\HeLa-S3_nuc_pos4_q3_5c\HeLa-S3_nuc_pos4_q3_5c_trackmate.xml,16,0,,,47822,48065,0,41,0.0,41.0,42,42,death,seq0041_HeLa-S3_nuc_pos4_q3_5c:cell16,False
seq0041_HeLa-S3_nuc_pos4_q3_5c,HeLa-S3_nuc_pos4_q3_5c,DynamicNuclearNet,train,DynamicNuclearNet\tif_data\train\out\HeLa-S3_nuc_pos4_q3_5c\HeLa-S3_nuc_pos4_q3_5c_trackmate.xml,17,0,,,47823,48066,0,41,0.0,41.0,42,42,death,seq0041_HeLa-S3_nuc_pos4_q3_5c:cell17,False
seq0041_HeLa-S3_nuc_pos4_q3_5c,HeLa-S3_nuc_pos4_q3_5c,DynamicNuclearNet,train,DynamicNuclearNet\tif_data\train\out\HeLa-S3_nuc_pos4_q3_5c\HeLa-S3_nuc_pos4_q3_5c_trackmate.xml,18,0,,,47824,48067,0,41,0.0,41.0,42,42,death,seq0041_HeLa-S3_nuc_pos4_q3_5c:cell18,False
seq0041_HeLa-S3_nuc_pos4_q3_5c,HeLa-S3_nuc_pos4_q3_5c,DynamicNuclearNet,train,DynamicNuclearNet\tif_data\train\out\HeLa-S3_nuc_pos4_q3_5c\HeLa-S3_nuc_pos4_q3_5c_trackmate.xml,19,0,,,47825,48068,0,41,0.0,41.0,42,42,death,seq0041_HeLa-S3_nuc_pos4_q3_5c:cell19,False
seq0041_HeLa-S3_nuc_pos4_q3_5c,HeLa-S3_nuc_pos4_q3_5c,DynamicNuclearNet,train,DynamicNuclearNet\tif_data\train\out\HeLa-S3_nuc_pos4_q3_5c\HeLa-S3_nuc_pos4_q3_5c_trackmate.xml,20,0,,,47826,48069,0,41,0.0,41.0,42,42,death,seq0041_HeLa-S3_nuc_pos4_q3_5c:cell20,False
seq0041_HeLa-S3_nuc_pos4_q3_5c,HeLa-S3_nuc_pos4_q3_5c,DynamicNuclearNet,train,DynamicNuclearNet\tif_data\train\out\HeLa-S3_nuc_pos4_q3_5c\HeLa-S3_nuc_pos4_q3_5c_trackmate.xml,21,0,,,47173,47240,8,9,8.0,9.0,2,2,death,seq0041_HeLa-S3_nuc_pos4_q3_5c:cell21,False
seq0041_HeLa-S3_nuc_pos4_q3_5c,HeLa-S3_nuc_pos4_q3_5c,DynamicNuclearNet,train,DynamicNuclearNet\tif_data\train\out\HeLa-S3_nuc_pos4_q3_5c\HeLa-S3_nuc_pos4_q3_5c_trackmate.xml,22,0,,,47310,47310,12,12,12.0,12.0,1,1,death,seq0041_HeLa-S3_nuc_pos4_q3_5c:cell22,False
seq0041_HeLa-S3_nuc_pos4_q3_5c,HeLa-S3_nuc_pos4_q3_5c,DynamicNuclearNet,train,DynamicNuclearNet\tif_data\train\out\HeLa-S3_nuc_pos4_q3_5c\HeLa-S3_nuc_pos4_q3_5c_trackmate.xml,23,0,,,47408,47408,15,15,15.0,15.0,1,1,death,seq0041_HeLa-S3_nuc_pos4_q3_5c:cell23,False
seq0041_HeLa-S3_nuc_pos4_q3_5c,HeLa-S3_nuc_pos4_q3_5c,DynamicNuclearNet,train,DynamicNuclearNet\tif_data\train\out\HeLa-S3_nuc_pos4_q3_5c\HeLa-S3_nuc_pos4_q3_5c_trackmate.xml,24,0,,,47366,47390,16,18,16.0,18.0,3,3,death,seq0041_HeLa-S3_nuc_pos4_q3_5c:cell24,False
seq0041_HeLa-S3_nuc_pos4_q3_5c,HeLa-S3_nuc_pos4_q3_5c,DynamicNuclearNet,train,DynamicNuclearNet\tif_data\train\out\HeLa-S3_nuc_pos4_q3_5c\HeLa-S3_nuc_pos4_q3_5c_trackmate.xml,25,0,,,47380,47380,16,16,16.0,16.0,1,1,death,seq0041_HeLa-S3_nuc_pos4_q3_5c:cell25,False
seq0041_HeLa-S3_nuc_pos4_q3_5c,HeLa-S3_nuc_pos4_q3_5c,DynamicNuclearNet,train,DynamicNuclearNet\tif_data\train\out\HeLa-S3_nuc_pos4_q3_5c\HeLa-S3_nuc_pos4_q3_5c_trackmate.xml,26,0,,,47393,47581,17,22,17.0,22.0,6,6,death,seq0041_HeLa-S3_nuc_pos4_q3_5c:cell26,False
seq0041_HeLa-S3_nuc_pos4_q3_5c,HeLa-S3_nuc_pos4_q3_5c,DynamicNuclearNet,train,DynamicNuclearNet\tif_data\train\out\HeLa-S3_nuc_pos4_q3_5c\HeLa-S3_nuc_pos4_q3_5c_trackmate.xml,27,0,,,47410,47599,17,23,17.0,23.0,7,7,death,seq0041_HeLa-S3_nuc_pos4_q3_5c:cell27,False
seq0041_HeLa-S3_nuc_pos4_q3_5c,HeLa-S3_nuc_pos4_q3_5c,DynamicNuclearNet,train,DynamicNuclearNet\tif_data\train\out\HeLa-S3_nuc_pos4_q3_5c\HeLa-S3_nuc_pos4_q3_5c_trackmate.xml,28,0,,,47597,48038,23,41,23.0,41.0,19,19,death,seq0041_HeLa-S3_nuc_pos4_q3_5c:cell28,False
seq0041_HeLa-S3_nuc_pos4_q3_5c,HeLa-S3_nuc_pos4_q3_5c,DynamicNuclearNet,train,DynamicNuclearNet\tif_data\train\out\HeLa-S3_nuc_pos4_q3_5c\HeLa-S3_nuc_pos4_q3_5c_trackmate.xml,29,0,,43|44,47630,47608,24,28,24.0,28.0,5,5,division,seq0041_HeLa-S3_nuc_pos4_q3_5c:cell29,True
seq0041_HeLa-S3_nuc_pos4_q3_5c,HeLa-S3_nuc_pos4_q3_5c,DynamicNuclearNet,train,DynamicNuclearNet\tif_data\train\out\HeLa-S3_nuc_pos4_q3_5c\HeLa-S3_nuc_pos4_q3_5c_trackmate.xml,30,0,,,47632,47632,24,24,24.0,24.0,1,1,death,seq0041_HeLa-S3_nuc_pos4_q3_5c:cell30,False
seq0041_HeLa-S3_nuc_pos4_q3_5c,HeLa-S3_nuc_pos4_q3_5c,DynamicNuclearNet,train,DynamicNuclearNet\tif_data\train\out\HeLa-S3_nuc_pos4_q3_5c\HeLa-S3_nuc_pos4_q3_5c_trackmate.xml,31,0,,,47658,48043,25,41,25.0,41.0,17,17,death,seq0041_HeLa-S3_nuc_pos4_q3_5c:cell31,False
seq0041_HeLa-S3_nuc_pos4_q3_5c,HeLa-S3_nuc_pos4_q3_5c,DynamicNuclearNet,train,DynamicNuclearNet\tif_data\train\out\HeLa-S3_nuc_pos4_q3_5c\HeLa-S3_nuc_pos4_q3_5c_trackmate.xml,32,0,,,47784,47851,31,35,31.0,35.0,5,5,death,seq0041_HeLa-S3_nuc_pos4_q3_5c:cell32,False
seq0041_HeLa-S3_nuc_pos4_q3_5c,HeLa-S3_nuc_pos4_q3_5c,DynamicNuclearNet,train,DynamicNuclearNet\tif_data\train\out\HeLa-S3_nuc_pos4_q3_5c\HeLa-S3_nuc_pos4_q3_5c_trackmate.xml,33,0,,,47953,47953,36,36,36.0,36.0,1,1,death,seq0041_HeLa-S3_nuc_pos4_q3_5c:cell33,False
seq0041_HeLa-S3_nuc_pos4_q3_5c,HeLa-S3_nuc_pos4_q3_5c,DynamicNuclearNet,train,DynamicNuclearNet\tif_data\train\out\HeLa-S3_nuc_pos4_q3_5c\HeLa-S3_nuc_pos4_q3_5c_trackmate.xml,34,0,,,47955,47955,36,36,36.0,36.0,1,1,death,seq0041_HeLa-S3_nuc_pos4_q3_5c:cell34,False
seq0041_HeLa-S3_nuc_pos4_q3_5c,HeLa-S3_nuc_pos4_q3_5c,DynamicNuclearNet,train,DynamicNuclearNet\tif_data\train\out\HeLa-S3_nuc_pos4_q3_5c\HeLa-S3_nuc_pos4_q3_5c_trackmate.xml,35,0,,,47993,47993,36,36,36.0,36.0,1,1,death,seq0041_HeLa-S3_nuc_pos4_q3_5c:cell35,False
seq0041_HeLa-S3_nuc_pos4_q3_5c,HeLa-S3_nuc_pos4_q3_5c,DynamicNuclearNet,train,DynamicNuclearNet\tif_data\train\out\HeLa-S3_nuc_pos4_q3_5c\HeLa-S3_nuc_pos4_q3_5c_trackmate.xml,36,0,,,47996,48056,36,41,36.0,41.0,6,6,death,seq0041_HeLa-S3_nuc_pos4_q3_5c:cell36,False
seq0041_HeLa-S3_nuc_pos4_q3_5c,HeLa-S3_nuc_pos4_q3_5c,DynamicNuclearNet,train,DynamicNuclearNet\tif_data\train\out\HeLa-S3_nuc_pos4_q3_5c\HeLa-S3_nuc_pos4_q3_5c_trackmate.xml,37,0,,,47887,48028,37,41,37.0,41.0,5,5,death,seq0041_HeLa-S3_nuc_pos4_q3_5c:cell37,False
seq0041_HeLa-S3_nuc_pos4_q3_5c,HeLa-S3_nuc_pos4_q3_5c,DynamicNuclearNet,train,DynamicNuclearNet\tif_data\train\out\HeLa-S3_nuc_pos4_q3_5c\HeLa-S3_nuc_pos4_q3_5c_trackmate.xml,38,0,,,47891,47891,37,37,37.0,37.0,1,1,death,seq0041_HeLa-S3_nuc_pos4_q3_5c:cell38,False
seq0041_HeLa-S3_nuc_pos4_q3_5c,HeLa-S3_nuc_pos4_q3_5c,DynamicNuclearNet,train,DynamicNuclearNet\tif_data\train\out\HeLa-S3_nuc_pos4_q3_5c\HeLa-S3_nuc_pos4_q3_5c_trackmate.xml,39,0,,,47926,47926,37,37,37.0,37.0,1,1,death,seq0041_HeLa-S3_nuc_pos4_q3_5c:cell39,False
seq0041_HeLa-S3_nuc_pos4_q3_5c,HeLa-S3_nuc_pos4_q3_5c,DynamicNuclearNet,train,DynamicNuclearNet\tif_data\train\out\HeLa-S3_nuc_pos4_q3_5c\HeLa-S3_nuc_pos4_q3_5c_trackmate.xml,40,0,,,47938,48053,37,41,37.0,41.0,5,5,death,seq0041_HeLa-S3_nuc_pos4_q3_5c:cell40,False
seq0041_HeLa-S3_nuc_pos4_q3_5c,HeLa-S3_nuc_pos4_q3_5c,DynamicNuclearNet,train,DynamicNuclearNet\tif_data\train\out\HeLa-S3_nuc_pos4_q3_5c\HeLa-S3_nuc_pos4_q3_5c_trackmate.xml,41,0,,,47900,48031,38,41,38.0,41.0,4,4,death,seq0041_HeLa-S3_nuc_pos4_q3_5c:cell41,False
seq0041_HeLa-S3_nuc_pos4_q3_5c,HeLa-S3_nuc_pos4_q3_5c,DynamicNuclearNet,train,DynamicNuclearNet\tif_data\train\out\HeLa-S3_nuc_pos4_q3_5c\HeLa-S3_nuc_pos4_q3_5c_trackmate.xml,42,0,,,48041,48041,41,41,41.0,41.0,1,1,death,seq0041_HeLa-S3_nuc_pos4_q3_5c:cell42,False
seq0041_HeLa-S3_nuc_pos4_q3_5c,HeLa-S3_nuc_pos4_q3_5c,DynamicNuclearNet,train,DynamicNuclearNet\tif_data\train\out\HeLa-S3_nuc_pos4_q3_5c\HeLa-S3_nuc_pos4_q3_5c_trackmate.xml,43,1,29,,47717,47717,29,29,29.0,29.0,1,1,death,seq0041_HeLa-S3_nuc_pos4_q3_5c:cell43,False
seq0041_HeLa-S3_nuc_pos4_q3_5c,HeLa-S3_nuc_pos4_q3_5c,DynamicNuclearNet,train,DynamicNuclearNet\tif_data\train\out\HeLa-S3_nuc_pos4_q3_5c\HeLa-S3_nuc_pos4_q3_5c_trackmate.xml,44,1,29,,47721,48040,29,41,29.0,41.0,13,13,death,seq0041_HeLa-S3_nuc_pos4_q3_5c:cell44,False
seq0042_HeLa-S3_nuc_pos5_q0_5c,HeLa-S3_nuc_pos5_q0_5c,DynamicNuclearNet,train,DynamicNuclearNet\tif_data\train\out\HeLa-S3_nuc_pos5_q0_5c\HeLa-S3_nuc_pos5_q0_5c_trackmate.xml,0,0,,,48252,49033,0,41,0.0,41.0,42,42,death,seq0042_HeLa-S3_nuc_pos5_q0_5c:cell0,False
seq0042_HeLa-S3_nuc_pos5_q0_5c,HeLa-S3_nuc_pos5_q0_5c,DynamicNuclearNet,train,DynamicNuclearNet\tif_data\train\out\HeLa-S3_nuc_pos5_q0_5c\HeLa-S3_nuc_pos5_q0_5c_trackmate.xml,1,0,,,48263,49036,0,41,0.0,41.0,42,42,death,seq0042_HeLa-S3_nuc_pos5_q0_5c:cell1,False
seq0042_HeLa-S3_nuc_pos5_q0_5c,HeLa-S3_nuc_pos5_q0_5c,DynamicNuclearNet,train,DynamicNuclearNet\tif_data\train\out\HeLa-S3_nuc_pos5_q0_5c\HeLa-S3_nuc_pos5_q0_5c_trackmate.xml,2,0,,,48273,49038,0,41,0.0,41.0,42,42,death,seq0042_HeLa-S3_nuc_pos5_q0_5c:cell2,False
seq0042_HeLa-S3_nuc_pos5_q0_5c,HeLa-S3_nuc_pos5_q0_5c,DynamicNuclearNet,train,DynamicNuclearNet\tif_data\train\out\HeLa-S3_nuc_pos5_q0_5c\HeLa-S3_nuc_pos5_q0_5c_trackmate.xml,3,0,,,48280,49041,0,41,0.0,41.0,42,42,death,seq0042_HeLa-S3_nuc_pos5_q0_5c:cell3,False
seq0042_HeLa-S3_nuc_pos5_q0_5c,HeLa-S3_nuc_pos5_q0_5c,DynamicNuclearNet,train,DynamicNuclearNet\tif_data\train\out\HeLa-S3_nuc_pos5_q0_5c\HeLa-S3_nuc_pos5_q0_5c_trackmate.xml,4,0,,,48289,49043,0,41,0.0,41.0,42,42,death,seq0042_HeLa-S3_nuc_pos5_q0_5c:cell4,False
seq0042_HeLa-S3_nuc_pos5_q0_5c,HeLa-S3_nuc_pos5_q0_5c,DynamicNuclearNet,train,DynamicNuclearNet\tif_data\train\out\HeLa-S3_nuc_pos5_q0_5c\HeLa-S3_nuc_pos5_q0_5c_trackmate.xml,5,0,,,48295,49046,0,41,0.0,41.0,42,42,death,seq0042_HeLa-S3_nuc_pos5_q0_5c:cell5,False
seq0042_HeLa-S3_nuc_pos5_q0_5c,HeLa-S3_nuc_pos5_q0_5c,DynamicNuclearNet,train,DynamicNuclearNet\tif_data\train\out\HeLa-S3_nuc_pos5_q0_5c\HeLa-S3_nuc_pos5_q0_5c_trackmate.xml,6,0,,,48301,49050,0,41,0.0,41.0,42,42,death,seq0042_HeLa-S3_nuc_pos5_q0_5c:cell6,False
seq0042_HeLa-S3_nuc_pos5_q0_5c,HeLa-S3_nuc_pos5_q0_5c,DynamicNuclearNet,train,DynamicNuclearNet\tif_data\train\out\HeLa-S3_nuc_pos5_q0_5c\HeLa-S3_nuc_pos5_q0_5c_trackmate.xml,7,0,,,48307,49053,0,41,0.0,41.0,42,42,death,seq0042_HeLa-S3_nuc_pos5_q0_5c:cell7,False
seq0042_HeLa-S3_nuc_pos5_q0_5c,HeLa-S3_nuc_pos5_q0_5c,DynamicNuclearNet,train,DynamicNuclearNet\tif_data\train\out\HeLa-S3_nuc_pos5_q0_5c\HeLa-S3_nuc_pos5_q0_5c_trackmate.xml,8,0,,,48313,49056,0,41,0.0,41.0,42,42,death,seq0042_HeLa-S3_nuc_pos5_q0_5c:cell8,False
seq0042_HeLa-S3_nuc_pos5_q0_5c,HeLa-S3_nuc_pos5_q0_5c,DynamicNuclearNet,train,DynamicNuclearNet\tif_data\train\out\HeLa-S3_nuc_pos5_q0_5c\HeLa-S3_nuc_pos5_q0_5c_trackmate.xml,9,0,,,48320,49059,0,41,0.0,41.0,42,42,death,seq0042_HeLa-S3_nuc_pos5_q0_5c:cell9,False
seq0042_HeLa-S3_nuc_pos5_q0_5c,HeLa-S3_nuc_pos5_q0_5c,DynamicNuclearNet,train,DynamicNuclearNet\tif_data\train\out\HeLa-S3_nuc_pos5_q0_5c\HeLa-S3_nuc_pos5_q0_5c_trackmate.xml,10,0,,,48323,49061,0,41,0.0,41.0,42,42,death,seq0042_HeLa-S3_nuc_pos5_q0_5c:cell10,False
seq0042_HeLa-S3_nuc_pos5_q0_5c,HeLa-S3_nuc_pos5_q0_5c,DynamicNuclearNet,train,DynamicNuclearNet\tif_data\train\out\HeLa-S3_nuc_pos5_q0_5c\HeLa-S3_nuc_pos5_q0_5c_trackmate.xml,11,0,,,48328,49068,0,41,0.0,41.0,42,42,death,seq0042_HeLa-S3_nuc_pos5_q0_5c:cell11,False
seq0042_HeLa-S3_nuc_pos5_q0_5c,HeLa-S3_nuc_pos5_q0_5c,DynamicNuclearNet,train,DynamicNuclearNet\tif_data\train\out\HeLa-S3_nuc_pos5_q0_5c\HeLa-S3_nuc_pos5_q0_5c_trackmate.xml,12,0,,,48333,49070,0,41,0.0,41.0,42,42,death,seq0042_HeLa-S3_nuc_pos5_q0_5c:cell12,False
seq0042_HeLa-S3_nuc_pos5_q0_5c,HeLa-S3_nuc_pos5_q0_5c,DynamicNuclearNet,train,DynamicNuclearNet\tif_data\train\out\HeLa-S3_nuc_pos5_q0_5c\HeLa-S3_nuc_pos5_q0_5c_trackmate.xml,13,0,,,48338,49072,0,41,0.0,41.0,42,42,death,seq0042_HeLa-S3_nuc_pos5_q0_5c:cell13,False
seq0042_HeLa-S3_nuc_pos5_q0_5c,HeLa-S3_nuc_pos5_q0_5c,DynamicNuclearNet,train,DynamicNuclearNet\tif_data\train\out\HeLa-S3_nuc_pos5_q0_5c\HeLa-S3_nuc_pos5_q0_5c_trackmate.xml,14,0,,,48344,49074,0,41,0.0,41.0,42,42,death,seq0042_HeLa-S3_nuc_pos5_q0_5c:cell14,False
seq0042_HeLa-S3_nuc_pos5_q0_5c,HeLa-S3_nuc_pos5_q0_5c,DynamicNuclearNet,train,DynamicNuclearNet\tif_data\train\out\HeLa-S3_nuc_pos5_q0_5c\HeLa-S3_nuc_pos5_q0_5c_trackmate.xml,15,0,,,48350,48340,0,8,0.0,8.0,9,9,death,seq0042_HeLa-S3_nuc_pos5_q0_5c:cell15,False
seq0042_HeLa-S3_nuc_pos5_q0_5c,HeLa-S3_nuc_pos5_q0_5c,DynamicNuclearNet,train,DynamicNuclearNet\tif_data\train\out\HeLa-S3_nuc_pos5_q0_5c\HeLa-S3_nuc_pos5_q0_5c_trackmate.xml,16,0,,,48355,49079,0,41,0.0,41.0,42,42,death,seq0042_HeLa-S3_nuc_pos5_q0_5c:cell16,False
seq0042_HeLa-S3_nuc_pos5_q0_5c,HeLa-S3_nuc_pos5_q0_5c,DynamicNuclearNet,train,DynamicNuclearNet\tif_data\train\out\HeLa-S3_nuc_pos5_q0_5c\HeLa-S3_nuc_pos5_q0_5c_trackmate.xml,17,0,,,48359,48130,0,5,0.0,5.0,6,6,death,seq0042_HeLa-S3_nuc_pos5_q0_5c:cell17,False
seq0042_HeLa-S3_nuc_pos5_q0_5c,HeLa-S3_nuc_pos5_q0_5c,DynamicNuclearNet,train,DynamicNuclearNet\tif_data\train\out\HeLa-S3_nuc_pos5_q0_5c\HeLa-S3_nuc_pos5_q0_5c_trackmate.xml,18,0,,,48362,49082,0,41,0.0,41.0,42,42,death,seq0042_HeLa-S3_nuc_pos5_q0_5c:cell18,False
seq0042_HeLa-S3_nuc_pos5_q0_5c,HeLa-S3_nuc_pos5_q0_5c,DynamicNuclearNet,train,DynamicNuclearNet\tif_data\train\out\HeLa-S3_nuc_pos5_q0_5c\HeLa-S3_nuc_pos5_q0_5c_trackmate.xml,19,0,,,48367,49093,0,41,0.0,41.0,42,42,death,seq0042_HeLa-S3_nuc_pos5_q0_5c:cell19,False
seq0042_HeLa-S3_nuc_pos5_q0_5c,HeLa-S3_nuc_pos5_q0_5c,DynamicNuclearNet,train,DynamicNuclearNet\tif_data\train\out\HeLa-S3_nuc_pos5_q0_5c\HeLa-S3_nuc_pos5_q0_5c_trackmate.xml,20,0,,,48373,49087,0,41,0.0,41.0,42,42,death,seq0042_HeLa-S3_nuc_pos5_q0_5c:cell20,False
seq0042_HeLa-S3_nuc_pos5_q0_5c,HeLa-S3_nuc_pos5_q0_5c,DynamicNuclearNet,train,DynamicNuclearNet\tif_data\train\out\HeLa-S3_nuc_pos5_q0_5c\HeLa-S3_nuc_pos5_q0_5c_trackmate.xml,21,0,,,48379,49090,0,41,0.0,41.0,42,42,death,seq0042_HeLa-S3_nuc_pos5_q0_5c:cell21,False
seq0042_HeLa-S3_nuc_pos5_q0_5c,HeLa-S3_nuc_pos5_q0_5c,DynamicNuclearNet,train,DynamicNuclearNet\tif_data\train\out\HeLa-S3_nuc_pos5_q0_5c\HeLa-S3_nuc_pos5_q0_5c_trackmate.xml,22,0,,,48381,49096,0,41,0.0,41.0,42,42,death,seq0042_HeLa-S3_nuc_pos5_q0_5c:cell22,False
seq0042_HeLa-S3_nuc_pos5_q0_5c,HeLa-S3_nuc_pos5_q0_5c,DynamicNuclearNet,train,DynamicNuclearNet\tif_data\train\out\HeLa-S3_nuc_pos5_q0_5c\HeLa-S3_nuc_pos5_q0_5c_trackmate.xml,23,0,,,48383,48648,0,20,0.0,20.0,21,21,death,seq0042_HeLa-S3_nuc_pos5_q0_5c:cell23,False
seq0042_HeLa-S3_nuc_pos5_q0_5c,HeLa-S3_nuc_pos5_q0_5c,DynamicNuclearNet,train,DynamicNuclearNet\tif_data\train\out\HeLa-S3_nuc_pos5_q0_5c\HeLa-S3_nuc_pos5_q0_5c_trackmate.xml,24,0,,,48385,49098,0,41,0.0,41.0,42,42,death,seq0042_HeLa-S3_nuc_pos5_q0_5c:cell24,False
seq0042_HeLa-S3_nuc_pos5_q0_5c,HeLa-S3_nuc_pos5_q0_5c,DynamicNuclearNet,train,DynamicNuclearNet\tif_data\train\out\HeLa-S3_nuc_pos5_q0_5c\HeLa-S3_nuc_pos5_q0_5c_trackmate.xml,25,0,,,48386,48207,0,3,0.0,3.0,4,4,death,seq0042_HeLa-S3_nuc_pos5_q0_5c:cell25,False
seq0042_HeLa-S3_nuc_pos5_q0_5c,HeLa-S3_nuc_pos5_q0_5c,DynamicNuclearNet,train,DynamicNuclearNet\tif_data\train\out\HeLa-S3_nuc_pos5_q0_5c\HeLa-S3_nuc_pos5_q0_5c_trackmate.xml,26,0,,,48387,49100,0,41,0.0,41.0,42,42,death,seq0042_HeLa-S3_nuc_pos5_q0_5c:cell26,False
seq0042_HeLa-S3_nuc_pos5_q0_5c,HeLa-S3_nuc_pos5_q0_5c,DynamicNuclearNet,train,DynamicNuclearNet\tif_data\train\out\HeLa-S3_nuc_pos5_q0_5c\HeLa-S3_nuc_pos5_q0_5c_trackmate.xml,27,0,,,48178,48173,5,6,5.0,6.0,2,2,death,seq0042_HeLa-S3_nuc_pos5_q0_5c:cell27,False
seq0042_HeLa-S3_nuc_pos5_q0_5c,HeLa-S3_nuc_pos5_q0_5c,DynamicNuclearNet,train,DynamicNuclearNet\tif_data\train\out\HeLa-S3_nuc_pos5_q0_5c\HeLa-S3_nuc_pos5_q0_5c_trackmate.xml,28,0,,,48274,48342,7,11,7.0,11.0,5,5,death,seq0042_HeLa-S3_nuc_pos5_q0_5c:cell28,False
seq0042_HeLa-S3_nuc_pos5_q0_5c,HeLa-S3_nuc_pos5_q0_5c,DynamicNuclearNet,train,DynamicNuclearNet\tif_data\train\out\HeLa-S3_nuc_pos5_q0_5c\HeLa-S3_nuc_pos5_q0_5c_trackmate.xml,29,0,,,48382,48382,8,8,8.0,8.0,1,1,death,seq0042_HeLa-S3_nuc_pos5_q0_5c:cell29,False
seq0042_HeLa-S3_nuc_pos5_q0_5c,HeLa-S3_nuc_pos5_q0_5c,DynamicNuclearNet,train,DynamicNuclearNet\tif_data\train\out\HeLa-S3_nuc_pos5_q0_5c\HeLa-S3_nuc_pos5_q0_5c_trackmate.xml,30,0,,,48219,48219,10,10,10.0,10.0,1,1,death,seq0042_HeLa-S3_nuc_pos5_q0_5c:cell30,False
seq0042_HeLa-S3_nuc_pos5_q0_5c,HeLa-S3_nuc_pos5_q0_5c,DynamicNuclearNet,train,DynamicNuclearNet\tif_data\train\out\HeLa-S3_nuc_pos5_q0_5c\HeLa-S3_nuc_pos5_q0_5c_trackmate.xml,31,0,,,48331,48331,10,10,10.0,10.0,1,1,death,seq0042_HeLa-S3_nuc_pos5_q0_5c:cell31,False
seq0042_HeLa-S3_nuc_pos5_q0_5c,HeLa-S3_nuc_pos5_q0_5c,DynamicNuclearNet,train,DynamicNuclearNet\tif_data\train\out\HeLa-S3_nuc_pos5_q0_5c\HeLa-S3_nuc_pos5_q0_5c_trackmate.xml,32,0,,,48375,48375,10,10,10.0,10.0,1,1,death,seq0042_HeLa-S3_nuc_pos5_q0_5c:cell32,False
seq0042_HeLa-S3_nuc_pos5_q0_5c,HeLa-S3_nuc_pos5_q0_5c,DynamicNuclearNet,train,DynamicNuclearNet\tif_data\train\out\HeLa-S3_nuc_pos5_q0_5c\HeLa-S3_nuc_pos5_q0_5c_trackmate.xml,33,0,,,48401,48401,12,12,12.0,12.0,1,1,death,seq0042_HeLa-S3_nuc_pos5_q0_5c:cell33,False
seq0042_HeLa-S3_nuc_pos5_q0_5c,HeLa-S3_nuc_pos5_q0_5c,DynamicNuclearNet,train,DynamicNuclearNet\tif_data\train\out\HeLa-S3_nuc_pos5_q0_5c\HeLa-S3_nuc_pos5_q0_5c_trackmate.xml,34,0,,,48433,48433,12,12,12.0,12.0,1,1,death,seq0042_HeLa-S3_nuc_pos5_q0_5c:cell34,False
seq0042_HeLa-S3_nuc_pos5_q0_5c,HeLa-S3_nuc_pos5_q0_5c,DynamicNuclearNet,train,DynamicNuclearNet\tif_data\train\out\HeLa-S3_nuc_pos5_q0_5c\HeLa-S3_nuc_pos5_q0_5c_trackmate.xml,35,0,,,48424,48665,13,14,13.0,14.0,2,2,death,seq0042_HeLa-S3_nuc_pos5_q0_5c:cell35,False
seq0042_HeLa-S3_nuc_pos5_q0_5c,HeLa-S3_nuc_pos5_q0_5c,DynamicNuclearNet,train,DynamicNuclearNet\tif_data\train\out\HeLa-S3_nuc_pos5_q0_5c\HeLa-S3_nuc_pos5_q0_5c_trackmate.xml,36,0,,,48611,48609,14,16,14.0,16.0,3,3,death,seq0042_HeLa-S3_nuc_pos5_q0_5c:cell36,False
seq0042_HeLa-S3_nuc_pos5_q0_5c,HeLa-S3_nuc_pos5_q0_5c,DynamicNuclearNet,train,DynamicNuclearNet\tif_data\train\out\HeLa-S3_nuc_pos5_q0_5c\HeLa-S3_nuc_pos5_q0_5c_trackmate.xml,37,0,,,48625,48669,14,21,14.0,21.0,8,8,death,seq0042_HeLa-S3_nuc_pos5_q0_5c:cell37,False
seq0042_HeLa-S3_nuc_pos5_q0_5c,HeLa-S3_nuc_pos5_q0_5c,DynamicNuclearNet,train,DynamicNuclearNet\tif_data\train\out\HeLa-S3_nuc_pos5_q0_5c\HeLa-S3_nuc_pos5_q0_5c_trackmate.xml,38,0,,,48660,48660,16,16,16.0,16.0,1,1,death,seq0042_HeLa-S3_nuc_pos5_q0_5c:cell38,False
seq0042_HeLa-S3_nuc_pos5_q0_5c,HeLa-S3_nuc_pos5_q0_5c,DynamicNuclearNet,train,DynamicNuclearNet\tif_data\train\out\HeLa-S3_nuc_pos5_q0_5c\HeLa-S3_nuc_pos5_q0_5c_trackmate.xml,39,0,,,48522,48522,18,18,18.0,18.0,1,1,death,seq0042_HeLa-S3_nuc_pos5_q0_5c:cell39,False
seq0042_HeLa-S3_nuc_pos5_q0_5c,HeLa-S3_nuc_pos5_q0_5c,DynamicNuclearNet,train,DynamicNuclearNet\tif_data\train\out\HeLa-S3_nuc_pos5_q0_5c\HeLa-S3_nuc_pos5_q0_5c_trackmate.xml,40,0,,,48603,48661,20,21,20.0,21.0,2,2,death,seq0042_HeLa-S3_nuc_pos5_q0_5c:cell40,False
seq0042_HeLa-S3_nuc_pos5_q0_5c,HeLa-S3_nuc_pos5_q0_5c,DynamicNuclearNet,train,DynamicNuclearNet\tif_data\train\out\HeLa-S3_nuc_pos5_q0_5c\HeLa-S3_nuc_pos5_q0_5c_trackmate.xml,41,0,,,48617,48830,22,25,22.0,25.0,4,4,death,seq0042_HeLa-S3_nuc_pos5_q0_5c:cell41,False
seq0042_HeLa-S3_nuc_pos5_q0_5c,HeLa-S3_nuc_pos5_q0_5c,DynamicNuclearNet,train,DynamicNuclearNet\tif_data\train\out\HeLa-S3_nuc_pos5_q0_5c\HeLa-S3_nuc_pos5_q0_5c_trackmate.xml,42,0,,,48685,48768,23,26,23.0,26.0,4,4,death,seq0042_HeLa-S3_nuc_pos5_q0_5c:cell42,False
seq0042_HeLa-S3_nuc_pos5_q0_5c,HeLa-S3_nuc_pos5_q0_5c,DynamicNuclearNet,train,DynamicNuclearNet\tif_data\train\out\HeLa-S3_nuc_pos5_q0_5c\HeLa-S3_nuc_pos5_q0_5c_trackmate.xml,43,0,,,48687,49015,23,36,23.0,36.0,14,14,death,seq0042_HeLa-S3_nuc_pos5_q0_5c:cell43,False
seq0042_HeLa-S3_nuc_pos5_q0_5c,HeLa-S3_nuc_pos5_q0_5c,DynamicNuclearNet,train,DynamicNuclearNet\tif_data\train\out\HeLa-S3_nuc_pos5_q0_5c\HeLa-S3_nuc_pos5_q0_5c_trackmate.xml,44,0,,,48905,48905,29,29,29.0,29.0,1,1,death,seq0042_HeLa-S3_nuc_pos5_q0_5c:cell44,False
seq0042_HeLa-S3_nuc_pos5_q0_5c,HeLa-S3_nuc_pos5_q0_5c,DynamicNuclearNet,train,DynamicNuclearNet\tif_data\train\out\HeLa-S3_nuc_pos5_q0_5c\HeLa-S3_nuc_pos5_q0_5c_trackmate.xml,45,0,,,48914,48996,31,35,31.0,35.0,5,5,death,seq0042_HeLa-S3_nuc_pos5_q0_5c:cell45,False
seq0042_HeLa-S3_nuc_pos5_q0_5c,HeLa-S3_nuc_pos5_q0_5c,DynamicNuclearNet,train,DynamicNuclearNet\tif_data\train\out\HeLa-S3_nuc_pos5_q0_5c\HeLa-S3_nuc_pos5_q0_5c_trackmate.xml,46,0,,,48943,48943,32,32,32.0,32.0,1,1,death,seq0042_HeLa-S3_nuc_pos5_q0_5c:cell46,False
seq0042_HeLa-S3_nuc_pos5_q0_5c,HeLa-S3_nuc_pos5_q0_5c,DynamicNuclearNet,train,DynamicNuclearNet\tif_data\train\out\HeLa-S3_nuc_pos5_q0_5c\HeLa-S3_nuc_pos5_q0_5c_trackmate.xml,47,0,,,48920,48819,33,34,33.0,34.0,2,2,death,seq0042_HeLa-S3_nuc_pos5_q0_5c:cell47,False
seq0042_HeLa-S3_nuc_pos5_q0_5c,HeLa-S3_nuc_pos5_q0_5c,DynamicNuclearNet,train,DynamicNuclearNet\tif_data\train\out\HeLa-S3_nuc_pos5_q0_5c\HeLa-S3_nuc_pos5_q0_5c_trackmate.xml,48,0,,,49021,49021,36,36,36.0,36.0,1,1,death,seq0042_HeLa-S3_nuc_pos5_q0_5c:cell48,False
seq0042_HeLa-S3_nuc_pos5_q0_5c,HeLa-S3_nuc_pos5_q0_5c,DynamicNuclearNet,train,DynamicNuclearNet\tif_data\train\out\HeLa-S3_nuc_pos5_q0_5c\HeLa-S3_nuc_pos5_q0_5c_trackmate.xml,49,0,,,49112,49135,37,38,37.0,38.0,2,2,death,seq0042_HeLa-S3_nuc_pos5_q0_5c:cell49,False
seq0042_HeLa-S3_nuc_pos5_q0_5c,HeLa-S3_nuc_pos5_q0_5c,DynamicNuclearNet,train,DynamicNuclearNet\tif_data\train\out\HeLa-S3_nuc_pos5_q0_5c\HeLa-S3_nuc_pos5_q0_5c_trackmate.xml,50,0,,,49077,49077,38,38,38.0,38.0,1,1,death,seq0042_HeLa-S3_nuc_pos5_q0_5c:cell50,False
seq0042_HeLa-S3_nuc_pos5_q0_5c,HeLa-S3_nuc_pos5_q0_5c,DynamicNuclearNet,train,DynamicNuclearNet\tif_data\train\out\HeLa-S3_nuc_pos5_q0_5c\HeLa-S3_nuc_pos5_q0_5c_trackmate.xml,51,0,,,49124,49084,38,41,38.0,41.0,4,4,death,seq0042_HeLa-S3_nuc_pos5_q0_5c:cell51,False
seq0042_HeLa-S3_nuc_pos5_q0_5c,HeLa-S3_nuc_pos5_q0_5c,DynamicNuclearNet,train,DynamicNuclearNet\tif_data\train\out\HeLa-S3_nuc_pos5_q0_5c\HeLa-S3_nuc_pos5_q0_5c_trackmate.xml,52,0,,,49045,49045,39,39,39.0,39.0,1,1,death,seq0042_HeLa-S3_nuc_pos5_q0_5c:cell52,False
seq0042_HeLa-S3_nuc_pos5_q0_5c,HeLa-S3_nuc_pos5_q0_5c,DynamicNuclearNet,train,DynamicNuclearNet\tif_data\train\out\HeLa-S3_nuc_pos5_q0_5c\HeLa-S3_nuc_pos5_q0_5c_trackmate.xml,53,0,,,49065,49065,39,39,39.0,39.0,1,1,death,seq0042_HeLa-S3_nuc_pos5_q0_5c:cell53,False
seq0042_HeLa-S3_nuc_pos5_q0_5c,HeLa-S3_nuc_pos5_q0_5c,DynamicNuclearNet,train,DynamicNuclearNet\tif_data\train\out\HeLa-S3_nuc_pos5_q0_5c\HeLa-S3_nuc_pos5_q0_5c_trackmate.xml,54,0,,,49031,49031,41,41,41.0,41.0,1,1,death,seq0042_HeLa-S3_nuc_pos5_q0_5c:cell54,False
seq0042_HeLa-S3_nuc_pos5_q0_5c,HeLa-S3_nuc_pos5_q0_5c,DynamicNuclearNet,train,DynamicNuclearNet\tif_data\train\out\HeLa-S3_nuc_pos5_q0_5c\HeLa-S3_nuc_pos5_q0_5c_trackmate.xml,55,0,,,49076,49076,41,41,41.0,41.0,1,1,death,seq0042_HeLa-S3_nuc_pos5_q0_5c:cell55,False
seq0043_HeLa-S3_nuc_pos5_q2_5c,HeLa-S3_nuc_pos5_q2_5c,DynamicNuclearNet,train,DynamicNuclearNet\tif_data\train\out\HeLa-S3_nuc_pos5_q2_5c\HeLa-S3_nuc_pos5_q2_5c_trackmate.xml,0,0,,,49369,50391,0,41,0.0,41.0,42,42,death,seq0043_HeLa-S3_nuc_pos5_q2_5c:cell0,False
seq0043_HeLa-S3_nuc_pos5_q2_5c,HeLa-S3_nuc_pos5_q2_5c,DynamicNuclearNet,train,DynamicNuclearNet\tif_data\train\out\HeLa-S3_nuc_pos5_q2_5c\HeLa-S3_nuc_pos5_q2_5c_trackmate.xml,1,0,,,49376,49150,0,1,0.0,1.0,2,2,death,seq0043_HeLa-S3_nuc_pos5_q2_5c:cell1,False
seq0043_HeLa-S3_nuc_pos5_q2_5c,HeLa-S3_nuc_pos5_q2_5c,DynamicNuclearNet,train,DynamicNuclearNet\tif_data\train\out\HeLa-S3_nuc_pos5_q2_5c\HeLa-S3_nuc_pos5_q2_5c_trackmate.xml,2,0,,,49380,49220,0,5,0.0,5.0,6,6,death,seq0043_HeLa-S3_nuc_pos5_q2_5c:cell2,False
seq0043_HeLa-S3_nuc_pos5_q2_5c,HeLa-S3_nuc_pos5_q2_5c,DynamicNuclearNet,train,DynamicNuclearNet\tif_data\train\out\HeLa-S3_nuc_pos5_q2_5c\HeLa-S3_nuc_pos5_q2_5c_trackmate.xml,3,0,,,49384,50395,0,41,0.0,41.0,42,42,death,seq0043_HeLa-S3_nuc_pos5_q2_5c:cell3,False
seq0043_HeLa-S3_nuc_pos5_q2_5c,HeLa-S3_nuc_pos5_q2_5c,DynamicNuclearNet,train,DynamicNuclearNet\tif_data\train\out\HeLa-S3_nuc_pos5_q2_5c\HeLa-S3_nuc_pos5_q2_5c_trackmate.xml,4,0,,,49389,50398,0,41,0.0,41.0,42,42,death,seq0043_HeLa-S3_nuc_pos5_q2_5c:cell4,False
seq0043_HeLa-S3_nuc_pos5_q2_5c,HeLa-S3_nuc_pos5_q2_5c,DynamicNuclearNet,train,DynamicNuclearNet\tif_data\train\out\HeLa-S3_nuc_pos5_q2_5c\HeLa-S3_nuc_pos5_q2_5c_trackmate.xml,5,0,,,49396,50402,0,41,0.0,41.0,42,42,death,seq0043_HeLa-S3_nuc_pos5_q2_5c:cell5,False
seq0043_HeLa-S3_nuc_pos5_q2_5c,HeLa-S3_nuc_pos5_q2_5c,DynamicNuclearNet,train,DynamicNuclearNet\tif_data\train\out\HeLa-S3_nuc_pos5_q2_5c\HeLa-S3_nuc_pos5_q2_5c_trackmate.xml,6,0,,,49403,50406,0,41,0.0,41.0,42,42,death,seq0043_HeLa-S3_nuc_pos5_q2_5c:cell6,False
seq0043_HeLa-S3_nuc_pos5_q2_5c,HeLa-S3_nuc_pos5_q2_5c,DynamicNuclearNet,train,DynamicNuclearNet\tif_data\train\out\HeLa-S3_nuc_pos5_q2_5c\HeLa-S3_nuc_pos5_q2_5c_trackmate.xml,7,0,,,49408,50404,0,41,0.0,41.0,42,42,death,seq0043_HeLa-S3_nuc_pos5_q2_5c:cell7,False
seq0043_HeLa-S3_nuc_pos5_q2_5c,HeLa-S3_nuc_pos5_q2_5c,DynamicNuclearNet,train,DynamicNuclearNet\tif_data\train\out\HeLa-S3_nuc_pos5_q2_5c\HeLa-S3_nuc_pos5_q2_5c_trackmate.xml,8,0,,,49415,50409,0,41,0.0,41.0,42,42,death,seq0043_HeLa-S3_nuc_pos5_q2_5c:cell8,False
seq0043_HeLa-S3_nuc_pos5_q2_5c,HeLa-S3_nuc_pos5_q2_5c,DynamicNuclearNet,train,DynamicNuclearNet\tif_data\train\out\HeLa-S3_nuc_pos5_q2_5c\HeLa-S3_nuc_pos5_q2_5c_trackmate.xml,9,0,,,49423,50413,0,41,0.0,41.0,42,42,death,seq0043_HeLa-S3_nuc_pos5_q2_5c:cell9,False
seq0043_HeLa-S3_nuc_pos5_q2_5c,HeLa-S3_nuc_pos5_q2_5c,DynamicNuclearNet,train,DynamicNuclearNet\tif_data\train\out\HeLa-S3_nuc_pos5_q2_5c\HeLa-S3_nuc_pos5_q2_5c_trackmate.xml,10,0,,,49431,50418,0,41,0.0,41.0,42,42,death,seq0043_HeLa-S3_nuc_pos5_q2_5c:cell10,False
seq0043_HeLa-S3_nuc_pos5_q2_5c,HeLa-S3_nuc_pos5_q2_5c,DynamicNuclearNet,train,DynamicNuclearNet\tif_data\train\out\HeLa-S3_nuc_pos5_q2_5c\HeLa-S3_nuc_pos5_q2_5c_trackmate.xml,11,0,,,49441,50421,0,41,0.0,41.0,42,42,death,seq0043_HeLa-S3_nuc_pos5_q2_5c:cell11,False
seq0043_HeLa-S3_nuc_pos5_q2_5c,HeLa-S3_nuc_pos5_q2_5c,DynamicNuclearNet,train,DynamicNuclearNet\tif_data\train\out\HeLa-S3_nuc_pos5_q2_5c\HeLa-S3_nuc_pos5_q2_5c_trackmate.xml,12,0,,,49448,50426,0,41,0.0,41.0,42,42,death,seq0043_HeLa-S3_nuc_pos5_q2_5c:cell12,False
seq0043_HeLa-S3_nuc_pos5_q2_5c,HeLa-S3_nuc_pos5_q2_5c,DynamicNuclearNet,train,DynamicNuclearNet\tif_data\train\out\HeLa-S3_nuc_pos5_q2_5c\HeLa-S3_nuc_pos5_q2_5c_trackmate.xml,13,0,,,49453,50423,0,41,0.0,41.0,42,42,death,seq0043_HeLa-S3_nuc_pos5_q2_5c:cell13,False
seq0043_HeLa-S3_nuc_pos5_q2_5c,HeLa-S3_nuc_pos5_q2_5c,DynamicNuclearNet,train,DynamicNuclearNet\tif_data\train\out\HeLa-S3_nuc_pos5_q2_5c\HeLa-S3_nuc_pos5_q2_5c_trackmate.xml,14,0,,,49459,50429,0,41,0.0,41.0,42,42,death,seq0043_HeLa-S3_nuc_pos5_q2_5c:cell14,False
seq0043_HeLa-S3_nuc_pos5_q2_5c,HeLa-S3_nuc_pos5_q2_5c,DynamicNuclearNet,train,DynamicNuclearNet\tif_data\train\out\HeLa-S3_nuc_pos5_q2_5c\HeLa-S3_nuc_pos5_q2_5c_trackmate.xml,15,0,,,49465,50432,0,41,0.0,41.0,42,42,death,seq0043_HeLa-S3_nuc_pos5_q2_5c:cell15,False
seq0043_HeLa-S3_nuc_pos5_q2_5c,HeLa-S3_nuc_pos5_q2_5c,DynamicNuclearNet,train,DynamicNuclearNet\tif_data\train\out\HeLa-S3_nuc_pos5_q2_5c\HeLa-S3_nuc_pos5_q2_5c_trackmate.xml,16,0,,,49471,50435,0,41,0.0,41.0,42,42,death,seq0043_HeLa-S3_nuc_pos5_q2_5c:cell16,False
seq0043_HeLa-S3_nuc_pos5_q2_5c,HeLa-S3_nuc_pos5_q2_5c,DynamicNuclearNet,train,DynamicNuclearNet\tif_data\train\out\HeLa-S3_nuc_pos5_q2_5c\HeLa-S3_nuc_pos5_q2_5c_trackmate.xml,17,0,,,49475,50437,0,41,0.0,41.0,42,42,death,seq0043_HeLa-S3_nuc_pos5_q2_5c:cell17,False
seq0043_HeLa-S3_nuc_pos5_q2_5c,HeLa-S3_nuc_pos5_q2_5c,DynamicNuclearNet,train,DynamicNuclearNet\tif_data\train\out\HeLa-S3_nuc_pos5_q2_5c\HeLa-S3_nuc_pos5_q2_5c_trackmate.xml,18,0,,,49479,50439,0,41,0.0,41.0,42,42,death,seq0043_HeLa-S3_nuc_pos5_q2_5c:cell18,False
seq0043_HeLa-S3_nuc_pos5_q2_5c,HeLa-S3_nuc_pos5_q2_5c,DynamicNuclearNet,train,DynamicNuclearNet\tif_data\train\out\HeLa-S3_nuc_pos5_q2_5c\HeLa-S3_nuc_pos5_q2_5c_trackmate.xml,19,0,,,49483,50441,0,41,0.0,41.0,42,42,death,seq0043_HeLa-S3_nuc_pos5_q2_5c:cell19,False
seq0043_HeLa-S3_nuc_pos5_q2_5c,HeLa-S3_nuc_pos5_q2_5c,DynamicNuclearNet,train,DynamicNuclearNet\tif_data\train\out\HeLa-S3_nuc_pos5_q2_5c\HeLa-S3_nuc_pos5_q2_5c_trackmate.xml,20,0,,,49487,50443,0,41,0.0,41.0,42,42,death,seq0043_HeLa-S3_nuc_pos5_q2_5c:cell20,False
seq0043_HeLa-S3_nuc_pos5_q2_5c,HeLa-S3_nuc_pos5_q2_5c,DynamicNuclearNet,train,DynamicNuclearNet\tif_data\train\out\HeLa-S3_nuc_pos5_q2_5c\HeLa-S3_nuc_pos5_q2_5c_trackmate.xml,21,0,,,49491,50446,0,41,0.0,41.0,42,42,death,seq0043_HeLa-S3_nuc_pos5_q2_5c:cell21,False
seq0043_HeLa-S3_nuc_pos5_q2_5c,HeLa-S3_nuc_pos5_q2_5c,DynamicNuclearNet,train,DynamicNuclearNet\tif_data\train\out\HeLa-S3_nuc_pos5_q2_5c\HeLa-S3_nuc_pos5_q2_5c_trackmate.xml,22,0,,,49495,49218,0,1,0.0,1.0,2,2,death,seq0043_HeLa-S3_nuc_pos5_q2_5c:cell22,False
seq0043_HeLa-S3_nuc_pos5_q2_5c,HeLa-S3_nuc_pos5_q2_5c,DynamicNuclearNet,train,DynamicNuclearNet\tif_data\train\out\HeLa-S3_nuc_pos5_q2_5c\HeLa-S3_nuc_pos5_q2_5c_trackmate.xml,23,0,,,49497,50450,0,41,0.0,41.0,42,42,death,seq0043_HeLa-S3_nuc_pos5_q2_5c:cell23,False
seq0043_HeLa-S3_nuc_pos5_q2_5c,HeLa-S3_nuc_pos5_q2_5c,DynamicNuclearNet,train,DynamicNuclearNet\tif_data\train\out\HeLa-S3_nuc_pos5_q2_5c\HeLa-S3_nuc_pos5_q2_5c_trackmate.xml,24,0,,,49501,50453,0,41,0.0,41.0,42,42,death,seq0043_HeLa-S3_nuc_pos5_q2_5c:cell24,False
seq0043_HeLa-S3_nuc_pos5_q2_5c,HeLa-S3_nuc_pos5_q2_5c,DynamicNuclearNet,train,DynamicNuclearNet\tif_data\train\out\HeLa-S3_nuc_pos5_q2_5c\HeLa-S3_nuc_pos5_q2_5c_trackmate.xml,25,0,,,49504,49908,0,22,0.0,22.0,23,23,death,seq0043_HeLa-S3_nuc_pos5_q2_5c:cell25,False
seq0043_HeLa-S3_nuc_pos5_q2_5c,HeLa-S3_nuc_pos5_q2_5c,DynamicNuclearNet,train,DynamicNuclearNet\tif_data\train\out\HeLa-S3_nuc_pos5_q2_5c\HeLa-S3_nuc_pos5_q2_5c_trackmate.xml,26,0,,,49507,50459,0,41,0.0,41.0,42,42,death,seq0043_HeLa-S3_nuc_pos5_q2_5c:cell26,False
seq0043_HeLa-S3_nuc_pos5_q2_5c,HeLa-S3_nuc_pos5_q2_5c,DynamicNuclearNet,train,DynamicNuclearNet\tif_data\train\out\HeLa-S3_nuc_pos5_q2_5c\HeLa-S3_nuc_pos5_q2_5c_trackmate.xml,27,0,,,49510,50465,0,41,0.0,41.0,42,42,death,seq0043_HeLa-S3_nuc_pos5_q2_5c:cell27,False
seq0043_HeLa-S3_nuc_pos5_q2_5c,HeLa-S3_nuc_pos5_q2_5c,DynamicNuclearNet,train,DynamicNuclearNet\tif_data\train\out\HeLa-S3_nuc_pos5_q2_5c\HeLa-S3_nuc_pos5_q2_5c_trackmate.xml,28,0,,,49513,50468,0,41,0.0,41.0,42,42,death,seq0043_HeLa-S3_nuc_pos5_q2_5c:cell28,False
seq0043_HeLa-S3_nuc_pos5_q2_5c,HeLa-S3_nuc_pos5_q2_5c,DynamicNuclearNet,train,DynamicNuclearNet\tif_data\train\out\HeLa-S3_nuc_pos5_q2_5c\HeLa-S3_nuc_pos5_q2_5c_trackmate.xml,29,0,,,49516,49426,0,5,0.0,5.0,6,6,death,seq0043_HeLa-S3_nuc_pos5_q2_5c:cell29,False
seq0043_HeLa-S3_nuc_pos5_q2_5c,HeLa-S3_nuc_pos5_q2_5c,DynamicNuclearNet,train,DynamicNuclearNet\tif_data\train\out\HeLa-S3_nuc_pos5_q2_5c\HeLa-S3_nuc_pos5_q2_5c_trackmate.xml,30,0,,,49519,50473,0,41,0.0,41.0,42,42,death,seq0043_HeLa-S3_nuc_pos5_q2_5c:cell30,False
seq0043_HeLa-S3_nuc_pos5_q2_5c,HeLa-S3_nuc_pos5_q2_5c,DynamicNuclearNet,train,DynamicNuclearNet\tif_data\train\out\HeLa-S3_nuc_pos5_q2_5c\HeLa-S3_nuc_pos5_q2_5c_trackmate.xml,31,0,,,49522,50478,0,41,0.0,41.0,42,42,death,seq0043_HeLa-S3_nuc_pos5_q2_5c:cell31,False
seq0043_HeLa-S3_nuc_pos5_q2_5c,HeLa-S3_nuc_pos5_q2_5c,DynamicNuclearNet,train,DynamicNuclearNet\tif_data\train\out\HeLa-S3_nuc_pos5_q2_5c\HeLa-S3_nuc_pos5_q2_5c_trackmate.xml,32,0,,,49524,50480,0,41,0.0,41.0,42,42,death,seq0043_HeLa-S3_nuc_pos5_q2_5c:cell32,False
seq0043_HeLa-S3_nuc_pos5_q2_5c,HeLa-S3_nuc_pos5_q2_5c,DynamicNuclearNet,train,DynamicNuclearNet\tif_data\train\out\HeLa-S3_nuc_pos5_q2_5c\HeLa-S3_nuc_pos5_q2_5c_trackmate.xml,33,0,,,49525,50482,0,41,0.0,41.0,42,42,death,seq0043_HeLa-S3_nuc_pos5_q2_5c:cell33,False
seq0043_HeLa-S3_nuc_pos5_q2_5c,HeLa-S3_nuc_pos5_q2_5c,DynamicNuclearNet,train,DynamicNuclearNet\tif_data\train\out\HeLa-S3_nuc_pos5_q2_5c\HeLa-S3_nuc_pos5_q2_5c_trackmate.xml,34,0,,,49527,50200,0,27,0.0,27.0,28,28,death,seq0043_HeLa-S3_nuc_pos5_q2_5c:cell34,False
seq0043_HeLa-S3_nuc_pos5_q2_5c,HeLa-S3_nuc_pos5_q2_5c,DynamicNuclearNet,train,DynamicNuclearNet\tif_data\train\out\HeLa-S3_nuc_pos5_q2_5c\HeLa-S3_nuc_pos5_q2_5c_trackmate.xml,35,0,,,49529,50486,0,41,0.0,41.0,42,42,death,seq0043_HeLa-S3_nuc_pos5_q2_5c:cell35,False
seq0043_HeLa-S3_nuc_pos5_q2_5c,HeLa-S3_nuc_pos5_q2_5c,DynamicNuclearNet,train,DynamicNuclearNet\tif_data\train\out\HeLa-S3_nuc_pos5_q2_5c\HeLa-S3_nuc_pos5_q2_5c_trackmate.xml,36,0,,,49343,49617,3,13,3.0,13.0,11,11,death,seq0043_HeLa-S3_nuc_pos5_q2_5c:cell36,False
seq0043_HeLa-S3_nuc_pos5_q2_5c,HeLa-S3_nuc_pos5_q2_5c,DynamicNuclearNet,train,DynamicNuclearNet\tif_data\train\out\HeLa-S3_nuc_pos5_q2_5c\HeLa-S3_nuc_pos5_q2_5c_trackmate.xml,37,0,,,49344,49216,4,5,4.0,5.0,2,2,death,seq0043_HeLa-S3_nuc_pos5_q2_5c:cell37,False
seq0043_HeLa-S3_nuc_pos5_q2_5c,HeLa-S3_nuc_pos5_q2_5c,DynamicNuclearNet,train,DynamicNuclearNet\tif_data\train\out\HeLa-S3_nuc_pos5_q2_5c\HeLa-S3_nuc_pos5_q2_5c_trackmate.xml,38,0,,,49428,49160,7,8,7.0,8.0,2,2,death,seq0043_HeLa-S3_nuc_pos5_q2_5c:cell38,False
seq0043_HeLa-S3_nuc_pos5_q2_5c,HeLa-S3_nuc_pos5_q2_5c,DynamicNuclearNet,train,DynamicNuclearNet\tif_data\train\out\HeLa-S3_nuc_pos5_q2_5c\HeLa-S3_nuc_pos5_q2_5c_trackmate.xml,39,0,,,49432,49920,7,11,7.0,11.0,5,5,death,seq0043_HeLa-S3_nuc_pos5_q2_5c:cell39,False
seq0043_HeLa-S3_nuc_pos5_q2_5c,HeLa-S3_nuc_pos5_q2_5c,DynamicNuclearNet,train,DynamicNuclearNet\tif_data\train\out\HeLa-S3_nuc_pos5_q2_5c\HeLa-S3_nuc_pos5_q2_5c_trackmate.xml,40,0,,,49530,49779,7,16,7.0,16.0,10,10,death,seq0043_HeLa-S3_nuc_pos5_q2_5c:cell40,False
seq0043_HeLa-S3_nuc_pos5_q2_5c,HeLa-S3_nuc_pos5_q2_5c,DynamicNuclearNet,train,DynamicNuclearNet\tif_data\train\out\HeLa-S3_nuc_pos5_q2_5c\HeLa-S3_nuc_pos5_q2_5c_trackmate.xml,41,0,,,49560,49560,12,12,12.0,12.0,1,1,death,seq0043_HeLa-S3_nuc_pos5_q2_5c:cell41,False
seq0043_HeLa-S3_nuc_pos5_q2_5c,HeLa-S3_nuc_pos5_q2_5c,DynamicNuclearNet,train,DynamicNuclearNet\tif_data\train\out\HeLa-S3_nuc_pos5_q2_5c\HeLa-S3_nuc_pos5_q2_5c_trackmate.xml,42,0,,,49538,49549,13,14,13.0,14.0,2,2,death,seq0043_HeLa-S3_nuc_pos5_q2_5c:cell42,False
seq0043_HeLa-S3_nuc_pos5_q2_5c,HeLa-S3_nuc_pos5_q2_5c,DynamicNuclearNet,train,DynamicNuclearNet\tif_data\train\out\HeLa-S3_nuc_pos5_q2_5c\HeLa-S3_nuc_pos5_q2_5c_trackmate.xml,43,0,,,49547,49547,14,14,14.0,14.0,1,1,death,seq0043_HeLa-S3_nuc_pos5_q2_5c:cell43,False
seq0043_HeLa-S3_nuc_pos5_q2_5c,HeLa-S3_nuc_pos5_q2_5c,DynamicNuclearNet,train,DynamicNuclearNet\tif_data\train\out\HeLa-S3_nuc_pos5_q2_5c\HeLa-S3_nuc_pos5_q2_5c_trackmate.xml,44,0,,,49699,49729,15,17,15.0,17.0,3,3,death,seq0043_HeLa-S3_nuc_pos5_q2_5c:cell44,False
seq0043_HeLa-S3_nuc_pos5_q2_5c,HeLa-S3_nuc_pos5_q2_5c,DynamicNuclearNet,train,DynamicNuclearNet\tif_data\train\out\HeLa-S3_nuc_pos5_q2_5c\HeLa-S3_nuc_pos5_q2_5c_trackmate.xml,45,0,,,49578,50096,16,30,16.0,30.0,15,15,death,seq0043_HeLa-S3_nuc_pos5_q2_5c:cell45,False
seq0043_HeLa-S3_nuc_pos5_q2_5c,HeLa-S3_nuc_pos5_q2_5c,DynamicNuclearNet,train,DynamicNuclearNet\tif_data\train\out\HeLa-S3_nuc_pos5_q2_5c\HeLa-S3_nuc_pos5_q2_5c_trackmate.xml,46,0,,,49605,49605,18,18,18.0,18.0,1,1,death,seq0043_HeLa-S3_nuc_pos5_q2_5c:cell46,False
seq0043_HeLa-S3_nuc_pos5_q2_5c,HeLa-S3_nuc_pos5_q2_5c,DynamicNuclearNet,train,DynamicNuclearNet\tif_data\train\out\HeLa-S3_nuc_pos5_q2_5c\HeLa-S3_nuc_pos5_q2_5c_trackmate.xml,47,0,,,49801,49801,18,18,18.0,18.0,1,1,death,seq0043_HeLa-S3_nuc_pos5_q2_5c:cell47,False
seq0043_HeLa-S3_nuc_pos5_q2_5c,HeLa-S3_nuc_pos5_q2_5c,DynamicNuclearNet,train,DynamicNuclearNet\tif_data\train\out\HeLa-S3_nuc_pos5_q2_5c\HeLa-S3_nuc_pos5_q2_5c_trackmate.xml,48,0,,,49875,50010,19,23,19.0,23.0,5,5,death,seq0043_HeLa-S3_nuc_pos5_q2_5c:cell48,False
seq0043_HeLa-S3_nuc_pos5_q2_5c,HeLa-S3_nuc_pos5_q2_5c,DynamicNuclearNet,train,DynamicNuclearNet\tif_data\train\out\HeLa-S3_nuc_pos5_q2_5c\HeLa-S3_nuc_pos5_q2_5c_trackmate.xml,49,0,,,49842,50161,20,27,20.0,27.0,8,8,death,seq0043_HeLa-S3_nuc_pos5_q2_5c:cell49,False
seq0043_HeLa-S3_nuc_pos5_q2_5c,HeLa-S3_nuc_pos5_q2_5c,DynamicNuclearNet,train,DynamicNuclearNet\tif_data\train\out\HeLa-S3_nuc_pos5_q2_5c\HeLa-S3_nuc_pos5_q2_5c_trackmate.xml,50,0,,,50025,50119,23,28,23.0,28.0,6,6,death,seq0043_HeLa-S3_nuc_pos5_q2_5c:cell50,False
seq0043_HeLa-S3_nuc_pos5_q2_5c,HeLa-S3_nuc_pos5_q2_5c,DynamicNuclearNet,train,DynamicNuclearNet\tif_data\train\out\HeLa-S3_nuc_pos5_q2_5c\HeLa-S3_nuc_pos5_q2_5c_trackmate.xml,51,0,,,50051,50098,25,28,25.0,28.0,4,4,death,seq0043_HeLa-S3_nuc_pos5_q2_5c:cell51,False
seq0043_HeLa-S3_nuc_pos5_q2_5c,HeLa-S3_nuc_pos5_q2_5c,DynamicNuclearNet,train,DynamicNuclearNet\tif_data\train\out\HeLa-S3_nuc_pos5_q2_5c\HeLa-S3_nuc_pos5_q2_5c_trackmate.xml,52,0,,,50064,50064,26,26,26.0,26.0,1,1,death,seq0043_HeLa-S3_nuc_pos5_q2_5c:cell52,False
seq0043_HeLa-S3_nuc_pos5_q2_5c,HeLa-S3_nuc_pos5_q2_5c,DynamicNuclearNet,train,DynamicNuclearNet\tif_data\train\out\HeLa-S3_nuc_pos5_q2_5c\HeLa-S3_nuc_pos5_q2_5c_trackmate.xml,53,0,,,50124,50456,29,41,29.0,41.0,13,13,death,seq0043_HeLa-S3_nuc_pos5_q2_5c:cell53,False
seq0043_HeLa-S3_nuc_pos5_q2_5c,HeLa-S3_nuc_pos5_q2_5c,DynamicNuclearNet,train,DynamicNuclearNet\tif_data\train\out\HeLa-S3_nuc_pos5_q2_5c\HeLa-S3_nuc_pos5_q2_5c_trackmate.xml,54,0,,,50140,50291,29,31,29.0,31.0,3,3,death,seq0043_HeLa-S3_nuc_pos5_q2_5c:cell54,False
seq0043_HeLa-S3_nuc_pos5_q2_5c,HeLa-S3_nuc_pos5_q2_5c,DynamicNuclearNet,train,DynamicNuclearNet\tif_data\train\out\HeLa-S3_nuc_pos5_q2_5c\HeLa-S3_nuc_pos5_q2_5c_trackmate.xml,55,0,,,50163,50295,29,31,29.0,31.0,3,3,death,seq0043_HeLa-S3_nuc_pos5_q2_5c:cell55,False
seq0043_HeLa-S3_nuc_pos5_q2_5c,HeLa-S3_nuc_pos5_q2_5c,DynamicNuclearNet,train,DynamicNuclearNet\tif_data\train\out\HeLa-S3_nuc_pos5_q2_5c\HeLa-S3_nuc_pos5_q2_5c_trackmate.xml,56,0,,,50207,50207,29,29,29.0,29.0,1,1,death,seq0043_HeLa-S3_nuc_pos5_q2_5c:cell56,False
seq0043_HeLa-S3_nuc_pos5_q2_5c,HeLa-S3_nuc_pos5_q2_5c,DynamicNuclearNet,train,DynamicNuclearNet\tif_data\train\out\HeLa-S3_nuc_pos5_q2_5c\HeLa-S3_nuc_pos5_q2_5c_trackmate.xml,57,0,,,50077,50077,30,30,30.0,30.0,1,1,death,seq0043_HeLa-S3_nuc_pos5_q2_5c:cell57,False
seq0043_HeLa-S3_nuc_pos5_q2_5c,HeLa-S3_nuc_pos5_q2_5c,DynamicNuclearNet,train,DynamicNuclearNet\tif_data\train\out\HeLa-S3_nuc_pos5_q2_5c\HeLa-S3_nuc_pos5_q2_5c_trackmate.xml,58,0,,,50287,50324,31,33,31.0,33.0,3,3,death,seq0043_HeLa-S3_nuc_pos5_q2_5c:cell58,False
seq0043_HeLa-S3_nuc_pos5_q2_5c,HeLa-S3_nuc_pos5_q2_5c,DynamicNuclearNet,train,DynamicNuclearNet\tif_data\train\out\HeLa-S3_nuc_pos5_q2_5c\HeLa-S3_nuc_pos5_q2_5c_trackmate.xml,59,0,,,50301,50301,31,31,31.0,31.0,1,1,death,seq0043_HeLa-S3_nuc_pos5_q2_5c:cell59,False
seq0043_HeLa-S3_nuc_pos5_q2_5c,HeLa-S3_nuc_pos5_q2_5c,DynamicNuclearNet,train,DynamicNuclearNet\tif_data\train\out\HeLa-S3_nuc_pos5_q2_5c\HeLa-S3_nuc_pos5_q2_5c_trackmate.xml,60,0,,,50130,50508,32,37,32.0,37.0,6,6,death,seq0043_HeLa-S3_nuc_pos5_q2_5c:cell60,False
seq0043_HeLa-S3_nuc_pos5_q2_5c,HeLa-S3_nuc_pos5_q2_5c,DynamicNuclearNet,train,DynamicNuclearNet\tif_data\train\out\HeLa-S3_nuc_pos5_q2_5c\HeLa-S3_nuc_pos5_q2_5c_trackmate.xml,61,0,,,50257,50328,32,33,32.0,33.0,2,2,death,seq0043_HeLa-S3_nuc_pos5_q2_5c:cell61,False
seq0043_HeLa-S3_nuc_pos5_q2_5c,HeLa-S3_nuc_pos5_q2_5c,DynamicNuclearNet,train,DynamicNuclearNet\tif_data\train\out\HeLa-S3_nuc_pos5_q2_5c\HeLa-S3_nuc_pos5_q2_5c_trackmate.xml,62,0,,,50306,50306,33,33,33.0,33.0,1,1,death,seq0043_HeLa-S3_nuc_pos5_q2_5c:cell62,False
seq0043_HeLa-S3_nuc_pos5_q2_5c,HeLa-S3_nuc_pos5_q2_5c,DynamicNuclearNet,train,DynamicNuclearNet\tif_data\train\out\HeLa-S3_nuc_pos5_q2_5c\HeLa-S3_nuc_pos5_q2_5c_trackmate.xml,63,0,,,50332,50470,33,41,33.0,41.0,9,9,death,seq0043_HeLa-S3_nuc_pos5_q2_5c:cell63,False
seq0043_HeLa-S3_nuc_pos5_q2_5c,HeLa-S3_nuc_pos5_q2_5c,DynamicNuclearNet,train,DynamicNuclearNet\tif_data\train\out\HeLa-S3_nuc_pos5_q2_5c\HeLa-S3_nuc_pos5_q2_5c_trackmate.xml,64,0,,,50364,50462,34,41,34.0,41.0,8,8,death,seq0043_HeLa-S3_nuc_pos5_q2_5c:cell64,False
seq0043_HeLa-S3_nuc_pos5_q2_5c,HeLa-S3_nuc_pos5_q2_5c,DynamicNuclearNet,train,DynamicNuclearNet\tif_data\train\out\HeLa-S3_nuc_pos5_q2_5c\HeLa-S3_nuc_pos5_q2_5c_trackmate.xml,65,0,,,50457,50457,36,36,36.0,36.0,1,1,death,seq0043_HeLa-S3_nuc_pos5_q2_5c:cell65,False
seq0043_HeLa-S3_nuc_pos5_q2_5c,HeLa-S3_nuc_pos5_q2_5c,DynamicNuclearNet,train,DynamicNuclearNet\tif_data\train\out\HeLa-S3_nuc_pos5_q2_5c\HeLa-S3_nuc_pos5_q2_5c_trackmate.xml,66,0,,,50513,50466,36,38,36.0,38.0,3,3,death,seq0043_HeLa-S3_nuc_pos5_q2_5c:cell66,False
seq0043_HeLa-S3_nuc_pos5_q2_5c,HeLa-S3_nuc_pos5_q2_5c,DynamicNuclearNet,train,DynamicNuclearNet\tif_data\train\out\HeLa-S3_nuc_pos5_q2_5c\HeLa-S3_nuc_pos5_q2_5c_trackmate.xml,67,0,,,50573,50488,36,41,36.0,41.0,6,6,death,seq0043_HeLa-S3_nuc_pos5_q2_5c:cell67,False
seq0043_HeLa-S3_nuc_pos5_q2_5c,HeLa-S3_nuc_pos5_q2_5c,DynamicNuclearNet,train,DynamicNuclearNet\tif_data\train\out\HeLa-S3_nuc_pos5_q2_5c\HeLa-S3_nuc_pos5_q2_5c_trackmate.xml,68,0,,,50498,50484,38,41,38.0,41.0,4,4,death,seq0043_HeLa-S3_nuc_pos5_q2_5c:cell68,False
seq0043_HeLa-S3_nuc_pos5_q2_5c,HeLa-S3_nuc_pos5_q2_5c,DynamicNuclearNet,train,DynamicNuclearNet\tif_data\train\out\HeLa-S3_nuc_pos5_q2_5c\HeLa-S3_nuc_pos5_q2_5c_trackmate.xml,69,0,,,50535,50535,39,39,39.0,39.0,1,1,death,seq0043_HeLa-S3_nuc_pos5_q2_5c:cell69,False
seq0043_HeLa-S3_nuc_pos5_q2_5c,HeLa-S3_nuc_pos5_q2_5c,DynamicNuclearNet,train,DynamicNuclearNet\tif_data\train\out\HeLa-S3_nuc_pos5_q2_5c\HeLa-S3_nuc_pos5_q2_5c_trackmate.xml,70,0,,,50598,50448,40,41,40.0,41.0,2,2,death,seq0043_HeLa-S3_nuc_pos5_q2_5c:cell70,False
seq0043_HeLa-S3_nuc_pos5_q2_5c,HeLa-S3_nuc_pos5_q2_5c,DynamicNuclearNet,train,DynamicNuclearNet\tif_data\train\out\HeLa-S3_nuc_pos5_q2_5c\HeLa-S3_nuc_pos5_q2_5c_trackmate.xml,71,0,,,50393,50393,41,41,41.0,41.0,1,1,death,seq0043_HeLa-S3_nuc_pos5_q2_5c:cell71,False
seq0043_HeLa-S3_nuc_pos5_q2_5c,HeLa-S3_nuc_pos5_q2_5c,DynamicNuclearNet,train,DynamicNuclearNet\tif_data\train\out\HeLa-S3_nuc_pos5_q2_5c\HeLa-S3_nuc_pos5_q2_5c_trackmate.xml,72,0,,,50400,50400,41,41,41.0,41.0,1,1,death,seq0043_HeLa-S3_nuc_pos5_q2_5c:cell72,False
seq0044_HeLa-S3_nuc_pos6_q3_5c,HeLa-S3_nuc_pos6_q3_5c,DynamicNuclearNet,train,DynamicNuclearNet\tif_data\train\out\HeLa-S3_nuc_pos6_q3_5c\HeLa-S3_nuc_pos6_q3_5c_trackmate.xml,0,0,,,52051,51959,0,41,0.0,41.0,42,42,death,seq0044_HeLa-S3_nuc_pos6_q3_5c:cell0,False
seq0044_HeLa-S3_nuc_pos6_q3_5c,HeLa-S3_nuc_pos6_q3_5c,DynamicNuclearNet,train,DynamicNuclearNet\tif_data\train\out\HeLa-S3_nuc_pos6_q3_5c\HeLa-S3_nuc_pos6_q3_5c_trackmate.xml,1,0,,,52052,51956,0,41,0.0,41.0,42,42,death,seq0044_HeLa-S3_nuc_pos6_q3_5c:cell1,False
seq0044_HeLa-S3_nuc_pos6_q3_5c,HeLa-S3_nuc_pos6_q3_5c,DynamicNuclearNet,train,DynamicNuclearNet\tif_data\train\out\HeLa-S3_nuc_pos6_q3_5c\HeLa-S3_nuc_pos6_q3_5c_trackmate.xml,2,0,,,52053,51952,0,41,0.0,41.0,42,42,death,seq0044_HeLa-S3_nuc_pos6_q3_5c:cell2,False
seq0044_HeLa-S3_nuc_pos6_q3_5c,HeLa-S3_nuc_pos6_q3_5c,DynamicNuclearNet,train,DynamicNuclearNet\tif_data\train\out\HeLa-S3_nuc_pos6_q3_5c\HeLa-S3_nuc_pos6_q3_5c_trackmate.xml,3,0,,,52054,51964,0,41,0.0,41.0,42,42,death,seq0044_HeLa-S3_nuc_pos6_q3_5c:cell3,False
seq0044_HeLa-S3_nuc_pos6_q3_5c,HeLa-S3_nuc_pos6_q3_5c,DynamicNuclearNet,train,DynamicNuclearNet\tif_data\train\out\HeLa-S3_nuc_pos6_q3_5c\HeLa-S3_nuc_pos6_q3_5c_trackmate.xml,4,0,,,52055,51977,0,41,0.0,41.0,42,42,death,seq0044_HeLa-S3_nuc_pos6_q3_5c:cell4,False
seq0044_HeLa-S3_nuc_pos6_q3_5c,HeLa-S3_nuc_pos6_q3_5c,DynamicNuclearNet,train,DynamicNuclearNet\tif_data\train\out\HeLa-S3_nuc_pos6_q3_5c\HeLa-S3_nuc_pos6_q3_5c_trackmate.xml,5,0,,,52056,51973,0,41,0.0,41.0,42,42,death,seq0044_HeLa-S3_nuc_pos6_q3_5c:cell5,False
seq0044_HeLa-S3_nuc_pos6_q3_5c,HeLa-S3_nuc_pos6_q3_5c,DynamicNuclearNet,train,DynamicNuclearNet\tif_data\train\out\HeLa-S3_nuc_pos6_q3_5c\HeLa-S3_nuc_pos6_q3_5c_trackmate.xml,6,0,,,52057,51969,0,41,0.0,41.0,42,42,death,seq0044_HeLa-S3_nuc_pos6_q3_5c:cell6,False
seq0044_HeLa-S3_nuc_pos6_q3_5c,HeLa-S3_nuc_pos6_q3_5c,DynamicNuclearNet,train,DynamicNuclearNet\tif_data\train\out\HeLa-S3_nuc_pos6_q3_5c\HeLa-S3_nuc_pos6_q3_5c_trackmate.xml,7,0,,,52058,52058,0,0,0.0,0.0,1,1,death,seq0044_HeLa-S3_nuc_pos6_q3_5c:cell7,False
seq0044_HeLa-S3_nuc_pos6_q3_5c,HeLa-S3_nuc_pos6_q3_5c,DynamicNuclearNet,train,DynamicNuclearNet\tif_data\train\out\HeLa-S3_nuc_pos6_q3_5c\HeLa-S3_nuc_pos6_q3_5c_trackmate.xml,8,0,,,52059,51983,0,41,0.0,41.0,42,42,death,seq0044_HeLa-S3_nuc_pos6_q3_5c:cell8,False
seq0044_HeLa-S3_nuc_pos6_q3_5c,HeLa-S3_nuc_pos6_q3_5c,DynamicNuclearNet,train,DynamicNuclearNet\tif_data\train\out\HeLa-S3_nuc_pos6_q3_5c\HeLa-S3_nuc_pos6_q3_5c_trackmate.xml,9,0,,,52060,51988,0,41,0.0,41.0,42,42,death,seq0044_HeLa-S3_nuc_pos6_q3_5c:cell9,False
seq0044_HeLa-S3_nuc_pos6_q3_5c,HeLa-S3_nuc_pos6_q3_5c,DynamicNuclearNet,train,DynamicNuclearNet\tif_data\train\out\HeLa-S3_nuc_pos6_q3_5c\HeLa-S3_nuc_pos6_q3_5c_trackmate.xml,10,0,,,52061,51993,0,41,0.0,41.0,42,42,death,seq0044_HeLa-S3_nuc_pos6_q3_5c:cell10,False
seq0044_HeLa-S3_nuc_pos6_q3_5c,HeLa-S3_nuc_pos6_q3_5c,DynamicNuclearNet,train,DynamicNuclearNet\tif_data\train\out\HeLa-S3_nuc_pos6_q3_5c\HeLa-S3_nuc_pos6_q3_5c_trackmate.xml,11,0,,,52062,51996,0,41,0.0,41.0,42,42,death,seq0044_HeLa-S3_nuc_pos6_q3_5c:cell11,False
seq0044_HeLa-S3_nuc_pos6_q3_5c,HeLa-S3_nuc_pos6_q3_5c,DynamicNuclearNet,train,DynamicNuclearNet\tif_data\train\out\HeLa-S3_nuc_pos6_q3_5c\HeLa-S3_nuc_pos6_q3_5c_trackmate.xml,12,0,,,52063,52005,0,41,0.0,41.0,42,42,death,seq0044_HeLa-S3_nuc_pos6_q3_5c:cell12,False
seq0044_HeLa-S3_nuc_pos6_q3_5c,HeLa-S3_nuc_pos6_q3_5c,DynamicNuclearNet,train,DynamicNuclearNet\tif_data\train\out\HeLa-S3_nuc_pos6_q3_5c\HeLa-S3_nuc_pos6_q3_5c_trackmate.xml,13,0,,,52064,52001,0,41,0.0,41.0,42,42,death,seq0044_HeLa-S3_nuc_pos6_q3_5c:cell13,False
seq0044_HeLa-S3_nuc_pos6_q3_5c,HeLa-S3_nuc_pos6_q3_5c,DynamicNuclearNet,train,DynamicNuclearNet\tif_data\train\out\HeLa-S3_nuc_pos6_q3_5c\HeLa-S3_nuc_pos6_q3_5c_trackmate.xml,14,0,,,52065,52008,0,41,0.0,41.0,42,42,death,seq0044_HeLa-S3_nuc_pos6_q3_5c:cell14,False
seq0044_HeLa-S3_nuc_pos6_q3_5c,HeLa-S3_nuc_pos6_q3_5c,DynamicNuclearNet,train,DynamicNuclearNet\tif_data\train\out\HeLa-S3_nuc_pos6_q3_5c\HeLa-S3_nuc_pos6_q3_5c_trackmate.xml,15,0,,,52066,50758,0,1,0.0,1.0,2,2,death,seq0044_HeLa-S3_nuc_pos6_q3_5c:cell15,False
seq0044_HeLa-S3_nuc_pos6_q3_5c,HeLa-S3_nuc_pos6_q3_5c,DynamicNuclearNet,train,DynamicNuclearNet\tif_data\train\out\HeLa-S3_nuc_pos6_q3_5c\HeLa-S3_nuc_pos6_q3_5c_trackmate.xml,16,0,,,52067,52010,0,41,0.0,41.0,42,42,death,seq0044_HeLa-S3_nuc_pos6_q3_5c:cell16,False
seq0044_HeLa-S3_nuc_pos6_q3_5c,HeLa-S3_nuc_pos6_q3_5c,DynamicNuclearNet,train,DynamicNuclearNet\tif_data\train\out\HeLa-S3_nuc_pos6_q3_5c\HeLa-S3_nuc_pos6_q3_5c_trackmate.xml,17,0,,,52068,52015,0,41,0.0,41.0,42,42,death,seq0044_HeLa-S3_nuc_pos6_q3_5c:cell17,False
seq0044_HeLa-S3_nuc_pos6_q3_5c,HeLa-S3_nuc_pos6_q3_5c,DynamicNuclearNet,train,DynamicNuclearNet\tif_data\train\out\HeLa-S3_nuc_pos6_q3_5c\HeLa-S3_nuc_pos6_q3_5c_trackmate.xml,18,0,,,52069,52018,0,41,0.0,41.0,42,42,death,seq0044_HeLa-S3_nuc_pos6_q3_5c:cell18,False
seq0044_HeLa-S3_nuc_pos6_q3_5c,HeLa-S3_nuc_pos6_q3_5c,DynamicNuclearNet,train,DynamicNuclearNet\tif_data\train\out\HeLa-S3_nuc_pos6_q3_5c\HeLa-S3_nuc_pos6_q3_5c_trackmate.xml,19,0,,,52070,52013,0,41,0.0,41.0,42,42,death,seq0044_HeLa-S3_nuc_pos6_q3_5c:cell19,False
seq0044_HeLa-S3_nuc_pos6_q3_5c,HeLa-S3_nuc_pos6_q3_5c,DynamicNuclearNet,train,DynamicNuclearNet\tif_data\train\out\HeLa-S3_nuc_pos6_q3_5c\HeLa-S3_nuc_pos6_q3_5c_trackmate.xml,20,0,,,52071,52021,0,41,0.0,41.0,42,42,death,seq0044_HeLa-S3_nuc_pos6_q3_5c:cell20,False
seq0044_HeLa-S3_nuc_pos6_q3_5c,HeLa-S3_nuc_pos6_q3_5c,DynamicNuclearNet,train,DynamicNuclearNet\tif_data\train\out\HeLa-S3_nuc_pos6_q3_5c\HeLa-S3_nuc_pos6_q3_5c_trackmate.xml,21,0,,,52072,52025,0,41,0.0,41.0,42,42,death,seq0044_HeLa-S3_nuc_pos6_q3_5c:cell21,False
seq0044_HeLa-S3_nuc_pos6_q3_5c,HeLa-S3_nuc_pos6_q3_5c,DynamicNuclearNet,train,DynamicNuclearNet\tif_data\train\out\HeLa-S3_nuc_pos6_q3_5c\HeLa-S3_nuc_pos6_q3_5c_trackmate.xml,22,0,,,52073,52028,0,41,0.0,41.0,42,42,death,seq0044_HeLa-S3_nuc_pos6_q3_5c:cell22,False
seq0044_HeLa-S3_nuc_pos6_q3_5c,HeLa-S3_nuc_pos6_q3_5c,DynamicNuclearNet,train,DynamicNuclearNet\tif_data\train\out\HeLa-S3_nuc_pos6_q3_5c\HeLa-S3_nuc_pos6_q3_5c_trackmate.xml,23,0,,,52074,51476,0,24,0.0,24.0,25,25,death,seq0044_HeLa-S3_nuc_pos6_q3_5c:cell23,False
seq0044_HeLa-S3_nuc_pos6_q3_5c,HeLa-S3_nuc_pos6_q3_5c,DynamicNuclearNet,train,DynamicNuclearNet\tif_data\train\out\HeLa-S3_nuc_pos6_q3_5c\HeLa-S3_nuc_pos6_q3_5c_trackmate.xml,24,0,,,52075,52031,0,41,0.0,41.0,42,42,death,seq0044_HeLa-S3_nuc_pos6_q3_5c:cell24,False
seq0044_HeLa-S3_nuc_pos6_q3_5c,HeLa-S3_nuc_pos6_q3_5c,DynamicNuclearNet,train,DynamicNuclearNet\tif_data\train\out\HeLa-S3_nuc_pos6_q3_5c\HeLa-S3_nuc_pos6_q3_5c_trackmate.xml,25,0,,,52076,52034,0,41,0.0,41.0,42,42,death,seq0044_HeLa-S3_nuc_pos6_q3_5c:cell25,False
seq0044_HeLa-S3_nuc_pos6_q3_5c,HeLa-S3_nuc_pos6_q3_5c,DynamicNuclearNet,train,DynamicNuclearNet\tif_data\train\out\HeLa-S3_nuc_pos6_q3_5c\HeLa-S3_nuc_pos6_q3_5c_trackmate.xml,26,0,,,52077,52037,0,41,0.0,41.0,42,42,death,seq0044_HeLa-S3_nuc_pos6_q3_5c:cell26,False
seq0044_HeLa-S3_nuc_pos6_q3_5c,HeLa-S3_nuc_pos6_q3_5c,DynamicNuclearNet,train,DynamicNuclearNet\tif_data\train\out\HeLa-S3_nuc_pos6_q3_5c\HeLa-S3_nuc_pos6_q3_5c_trackmate.xml,27,0,,,52078,52039,0,41,0.0,41.0,42,42,death,seq0044_HeLa-S3_nuc_pos6_q3_5c:cell27,False
seq0044_HeLa-S3_nuc_pos6_q3_5c,HeLa-S3_nuc_pos6_q3_5c,DynamicNuclearNet,train,DynamicNuclearNet\tif_data\train\out\HeLa-S3_nuc_pos6_q3_5c\HeLa-S3_nuc_pos6_q3_5c_trackmate.xml,28,0,,,52079,52042,0,41,0.0,41.0,42,42,death,seq0044_HeLa-S3_nuc_pos6_q3_5c:cell28,False
seq0044_HeLa-S3_nuc_pos6_q3_5c,HeLa-S3_nuc_pos6_q3_5c,DynamicNuclearNet,train,DynamicNuclearNet\tif_data\train\out\HeLa-S3_nuc_pos6_q3_5c\HeLa-S3_nuc_pos6_q3_5c_trackmate.xml,29,0,,,52080,52022,0,38,0.0,38.0,39,39,death,seq0044_HeLa-S3_nuc_pos6_q3_5c:cell29,False
seq0044_HeLa-S3_nuc_pos6_q3_5c,HeLa-S3_nuc_pos6_q3_5c,DynamicNuclearNet,train,DynamicNuclearNet\tif_data\train\out\HeLa-S3_nuc_pos6_q3_5c\HeLa-S3_nuc_pos6_q3_5c_trackmate.xml,30,0,,,52081,52043,0,41,0.0,41.0,42,42,death,seq0044_HeLa-S3_nuc_pos6_q3_5c:cell30,False
seq0044_HeLa-S3_nuc_pos6_q3_5c,HeLa-S3_nuc_pos6_q3_5c,DynamicNuclearNet,train,DynamicNuclearNet\tif_data\train\out\HeLa-S3_nuc_pos6_q3_5c\HeLa-S3_nuc_pos6_q3_5c_trackmate.xml,31,0,,,52082,52045,0,41,0.0,41.0,42,42,death,seq0044_HeLa-S3_nuc_pos6_q3_5c:cell31,False
seq0044_HeLa-S3_nuc_pos6_q3_5c,HeLa-S3_nuc_pos6_q3_5c,DynamicNuclearNet,train,DynamicNuclearNet\tif_data\train\out\HeLa-S3_nuc_pos6_q3_5c\HeLa-S3_nuc_pos6_q3_5c_trackmate.xml,32,0,,,52083,52047,0,41,0.0,41.0,42,42,death,seq0044_HeLa-S3_nuc_pos6_q3_5c:cell32,False
seq0044_HeLa-S3_nuc_pos6_q3_5c,HeLa-S3_nuc_pos6_q3_5c,DynamicNuclearNet,train,DynamicNuclearNet\tif_data\train\out\HeLa-S3_nuc_pos6_q3_5c\HeLa-S3_nuc_pos6_q3_5c_trackmate.xml,33,0,,,52084,51745,0,31,0.0,31.0,32,32,death,seq0044_HeLa-S3_nuc_pos6_q3_5c:cell33,False
seq0044_HeLa-S3_nuc_pos6_q3_5c,HeLa-S3_nuc_pos6_q3_5c,DynamicNuclearNet,train,DynamicNuclearNet\tif_data\train\out\HeLa-S3_nuc_pos6_q3_5c\HeLa-S3_nuc_pos6_q3_5c_trackmate.xml,34,0,,,52086,52086,0,0,0.0,0.0,1,1,death,seq0044_HeLa-S3_nuc_pos6_q3_5c:cell34,False
seq0044_HeLa-S3_nuc_pos6_q3_5c,HeLa-S3_nuc_pos6_q3_5c,DynamicNuclearNet,train,DynamicNuclearNet\tif_data\train\out\HeLa-S3_nuc_pos6_q3_5c\HeLa-S3_nuc_pos6_q3_5c_trackmate.xml,35,0,,,50702,50702,1,1,1.0,1.0,1,1,death,seq0044_HeLa-S3_nuc_pos6_q3_5c:cell35,False
seq0044_HeLa-S3_nuc_pos6_q3_5c,HeLa-S3_nuc_pos6_q3_5c,DynamicNuclearNet,train,DynamicNuclearNet\tif_data\train\out\HeLa-S3_nuc_pos6_q3_5c\HeLa-S3_nuc_pos6_q3_5c_trackmate.xml,36,0,,,50672,50951,2,10,2.0,10.0,9,9,death,seq0044_HeLa-S3_nuc_pos6_q3_5c:cell36,False
seq0044_HeLa-S3_nuc_pos6_q3_5c,HeLa-S3_nuc_pos6_q3_5c,DynamicNuclearNet,train,DynamicNuclearNet\tif_data\train\out\HeLa-S3_nuc_pos6_q3_5c\HeLa-S3_nuc_pos6_q3_5c_trackmate.xml,37,0,,,50899,50997,3,4,3.0,4.0,2,2,death,seq0044_HeLa-S3_nuc_pos6_q3_5c:cell37,False
seq0044_HeLa-S3_nuc_pos6_q3_5c,HeLa-S3_nuc_pos6_q3_5c,DynamicNuclearNet,train,DynamicNuclearNet\tif_data\train\out\HeLa-S3_nuc_pos6_q3_5c\HeLa-S3_nuc_pos6_q3_5c_trackmate.xml,38,0,,,50719,50719,5,5,5.0,5.0,1,1,death,seq0044_HeLa-S3_nuc_pos6_q3_5c:cell38,False
seq0044_HeLa-S3_nuc_pos6_q3_5c,HeLa-S3_nuc_pos6_q3_5c,DynamicNuclearNet,train,DynamicNuclearNet\tif_data\train\out\HeLa-S3_nuc_pos6_q3_5c\HeLa-S3_nuc_pos6_q3_5c_trackmate.xml,39,0,,,50716,50716,6,6,6.0,6.0,1,1,death,seq0044_HeLa-S3_nuc_pos6_q3_5c:cell39,False
seq0044_HeLa-S3_nuc_pos6_q3_5c,HeLa-S3_nuc_pos6_q3_5c,DynamicNuclearNet,train,DynamicNuclearNet\tif_data\train\out\HeLa-S3_nuc_pos6_q3_5c\HeLa-S3_nuc_pos6_q3_5c_trackmate.xml,40,0,,,50771,51076,6,14,6.0,14.0,9,9,death,seq0044_HeLa-S3_nuc_pos6_q3_5c:cell40,False
seq0044_HeLa-S3_nuc_pos6_q3_5c,HeLa-S3_nuc_pos6_q3_5c,DynamicNuclearNet,train,DynamicNuclearNet\tif_data\train\out\HeLa-S3_nuc_pos6_q3_5c\HeLa-S3_nuc_pos6_q3_5c_trackmate.xml,41,0,,,50725,50725,7,7,7.0,7.0,1,1,death,seq0044_HeLa-S3_nuc_pos6_q3_5c:cell41,False
seq0044_HeLa-S3_nuc_pos6_q3_5c,HeLa-S3_nuc_pos6_q3_5c,DynamicNuclearNet,train,DynamicNuclearNet\tif_data\train\out\HeLa-S3_nuc_pos6_q3_5c\HeLa-S3_nuc_pos6_q3_5c_trackmate.xml,42,0,,,50651,50651,8,8,8.0,8.0,1,1,death,seq0044_HeLa-S3_nuc_pos6_q3_5c:cell42,False
seq0044_HeLa-S3_nuc_pos6_q3_5c,HeLa-S3_nuc_pos6_q3_5c,DynamicNuclearNet,train,DynamicNuclearNet\tif_data\train\out\HeLa-S3_nuc_pos6_q3_5c\HeLa-S3_nuc_pos6_q3_5c_trackmate.xml,43,0,,,50648,50901,9,11,9.0,11.0,3,3,death,seq0044_HeLa-S3_nuc_pos6_q3_5c:cell43,False
seq0044_HeLa-S3_nuc_pos6_q3_5c,HeLa-S3_nuc_pos6_q3_5c,DynamicNuclearNet,train,DynamicNuclearNet\tif_data\train\out\HeLa-S3_nuc_pos6_q3_5c\HeLa-S3_nuc_pos6_q3_5c_trackmate.xml,44,0,,,50900,50900,11,11,11.0,11.0,1,1,death,seq0044_HeLa-S3_nuc_pos6_q3_5c:cell44,False
seq0044_HeLa-S3_nuc_pos6_q3_5c,HeLa-S3_nuc_pos6_q3_5c,DynamicNuclearNet,train,DynamicNuclearNet\tif_data\train\out\HeLa-S3_nuc_pos6_q3_5c\HeLa-S3_nuc_pos6_q3_5c_trackmate.xml,45,0,,,51024,51712,12,31,12.0,31.0,20,20,death,seq0044_HeLa-S3_nuc_pos6_q3_5c:cell45,False
seq0044_HeLa-S3_nuc_pos6_q3_5c,HeLa-S3_nuc_pos6_q3_5c,DynamicNuclearNet,train,DynamicNuclearNet\tif_data\train\out\HeLa-S3_nuc_pos6_q3_5c\HeLa-S3_nuc_pos6_q3_5c_trackmate.xml,46,0,,,51025,51979,12,41,12.0,41.0,30,30,death,seq0044_HeLa-S3_nuc_pos6_q3_5c:cell46,False
seq0044_HeLa-S3_nuc_pos6_q3_5c,HeLa-S3_nuc_pos6_q3_5c,DynamicNuclearNet,train,DynamicNuclearNet\tif_data\train\out\HeLa-S3_nuc_pos6_q3_5c\HeLa-S3_nuc_pos6_q3_5c_trackmate.xml,47,0,,,51253,51253,19,19,19.0,19.0,1,1,death,seq0044_HeLa-S3_nuc_pos6_q3_5c:cell47,False
seq0044_HeLa-S3_nuc_pos6_q3_5c,HeLa-S3_nuc_pos6_q3_5c,DynamicNuclearNet,train,DynamicNuclearNet\tif_data\train\out\HeLa-S3_nuc_pos6_q3_5c\HeLa-S3_nuc_pos6_q3_5c_trackmate.xml,48,0,,,51672,51672,29,29,29.0,29.0,1,1,death,seq0044_HeLa-S3_nuc_pos6_q3_5c:cell48,False
seq0044_HeLa-S3_nuc_pos6_q3_5c,HeLa-S3_nuc_pos6_q3_5c,DynamicNuclearNet,train,DynamicNuclearNet\tif_data\train\out\HeLa-S3_nuc_pos6_q3_5c\HeLa-S3_nuc_pos6_q3_5c_trackmate.xml,49,0,,,51681,51871,32,36,32.0,36.0,5,5,death,seq0044_HeLa-S3_nuc_pos6_q3_5c:cell49,False
seq0044_HeLa-S3_nuc_pos6_q3_5c,HeLa-S3_nuc_pos6_q3_5c,DynamicNuclearNet,train,DynamicNuclearNet\tif_data\train\out\HeLa-S3_nuc_pos6_q3_5c\HeLa-S3_nuc_pos6_q3_5c_trackmate.xml,50,0,,,51724,51870,32,33,32.0,33.0,2,2,death,seq0044_HeLa-S3_nuc_pos6_q3_5c:cell50,False
seq0044_HeLa-S3_nuc_pos6_q3_5c,HeLa-S3_nuc_pos6_q3_5c,DynamicNuclearNet,train,DynamicNuclearNet\tif_data\train\out\HeLa-S3_nuc_pos6_q3_5c\HeLa-S3_nuc_pos6_q3_5c_trackmate.xml,51,0,,,51846,51948,35,36,35.0,36.0,2,2,death,seq0044_HeLa-S3_nuc_pos6_q3_5c:cell51,False
seq0044_HeLa-S3_nuc_pos6_q3_5c,HeLa-S3_nuc_pos6_q3_5c,DynamicNuclearNet,train,DynamicNuclearNet\tif_data\train\out\HeLa-S3_nuc_pos6_q3_5c\HeLa-S3_nuc_pos6_q3_5c_trackmate.xml,52,0,,,51962,51962,36,36,36.0,36.0,1,1,death,seq0044_HeLa-S3_nuc_pos6_q3_5c:cell52,False
seq0044_HeLa-S3_nuc_pos6_q3_5c,HeLa-S3_nuc_pos6_q3_5c,DynamicNuclearNet,train,DynamicNuclearNet\tif_data\train\out\HeLa-S3_nuc_pos6_q3_5c\HeLa-S3_nuc_pos6_q3_5c_trackmate.xml,53,0,,,51971,51971,37,37,37.0,37.0,1,1,death,seq0044_HeLa-S3_nuc_pos6_q3_5c:cell53,False
seq0044_HeLa-S3_nuc_pos6_q3_5c,HeLa-S3_nuc_pos6_q3_5c,DynamicNuclearNet,train,DynamicNuclearNet\tif_data\train\out\HeLa-S3_nuc_pos6_q3_5c\HeLa-S3_nuc_pos6_q3_5c_trackmate.xml,54,0,,,51913,51935,38,40,38.0,40.0,3,3,death,seq0044_HeLa-S3_nuc_pos6_q3_5c:cell54,False
seq0044_HeLa-S3_nuc_pos6_q3_5c,HeLa-S3_nuc_pos6_q3_5c,DynamicNuclearNet,train,DynamicNuclearNet\tif_data\train\out\HeLa-S3_nuc_pos6_q3_5c\HeLa-S3_nuc_pos6_q3_5c_trackmate.xml,55,0,,,52011,52035,38,41,38.0,41.0,4,4,death,seq0044_HeLa-S3_nuc_pos6_q3_5c:cell55,False
seq0044_HeLa-S3_nuc_pos6_q3_5c,HeLa-S3_nuc_pos6_q3_5c,DynamicNuclearNet,train,DynamicNuclearNet\tif_data\train\out\HeLa-S3_nuc_pos6_q3_5c\HeLa-S3_nuc_pos6_q3_5c_trackmate.xml,56,0,,,51920,52040,39,41,39.0,41.0,3,3,death,seq0044_HeLa-S3_nuc_pos6_q3_5c:cell56,False
seq0044_HeLa-S3_nuc_pos6_q3_5c,HeLa-S3_nuc_pos6_q3_5c,DynamicNuclearNet,train,DynamicNuclearNet\tif_data\train\out\HeLa-S3_nuc_pos6_q3_5c\HeLa-S3_nuc_pos6_q3_5c_trackmate.xml,57,0,,,51945,52049,39,41,39.0,41.0,3,3,death,seq0044_HeLa-S3_nuc_pos6_q3_5c:cell57,False
seq0045_HeLa-S3_nuc_pos8_q3_5c,HeLa-S3_nuc_pos8_q3_5c,DynamicNuclearNet,train,DynamicNuclearNet\tif_data\train\out\HeLa-S3_nuc_pos8_q3_5c\HeLa-S3_nuc_pos8_q3_5c_trackmate.xml,0,0,,,52385,53250,0,41,0.0,41.0,42,42,death,seq0045_HeLa-S3_nuc_pos8_q3_5c:cell0,False
seq0045_HeLa-S3_nuc_pos8_q3_5c,HeLa-S3_nuc_pos8_q3_5c,DynamicNuclearNet,train,DynamicNuclearNet\tif_data\train\out\HeLa-S3_nuc_pos8_q3_5c\HeLa-S3_nuc_pos8_q3_5c_trackmate.xml,1,0,,,52396,53254,0,41,0.0,41.0,42,42,death,seq0045_HeLa-S3_nuc_pos8_q3_5c:cell1,False
seq0045_HeLa-S3_nuc_pos8_q3_5c,HeLa-S3_nuc_pos8_q3_5c,DynamicNuclearNet,train,DynamicNuclearNet\tif_data\train\out\HeLa-S3_nuc_pos8_q3_5c\HeLa-S3_nuc_pos8_q3_5c_trackmate.xml,2,0,,,52397,52866,0,27,0.0,27.0,28,28,death,seq0045_HeLa-S3_nuc_pos8_q3_5c:cell2,False
seq0045_HeLa-S3_nuc_pos8_q3_5c,HeLa-S3_nuc_pos8_q3_5c,DynamicNuclearNet,train,DynamicNuclearNet\tif_data\train\out\HeLa-S3_nuc_pos8_q3_5c\HeLa-S3_nuc_pos8_q3_5c_trackmate.xml,3,0,,,52398,53260,0,41,0.0,41.0,42,42,death,seq0045_HeLa-S3_nuc_pos8_q3_5c:cell3,False
seq0045_HeLa-S3_nuc_pos8_q3_5c,HeLa-S3_nuc_pos8_q3_5c,DynamicNuclearNet,train,DynamicNuclearNet\tif_data\train\out\HeLa-S3_nuc_pos8_q3_5c\HeLa-S3_nuc_pos8_q3_5c_trackmate.xml,4,0,,,52399,53265,0,41,0.0,41.0,42,42,death,seq0045_HeLa-S3_nuc_pos8_q3_5c:cell4,False
seq0045_HeLa-S3_nuc_pos8_q3_5c,HeLa-S3_nuc_pos8_q3_5c,DynamicNuclearNet,train,DynamicNuclearNet\tif_data\train\out\HeLa-S3_nuc_pos8_q3_5c\HeLa-S3_nuc_pos8_q3_5c_trackmate.xml,5,0,,,52400,53270,0,41,0.0,41.0,42,42,death,seq0045_HeLa-S3_nuc_pos8_q3_5c:cell5,False
seq0045_HeLa-S3_nuc_pos8_q3_5c,HeLa-S3_nuc_pos8_q3_5c,DynamicNuclearNet,train,DynamicNuclearNet\tif_data\train\out\HeLa-S3_nuc_pos8_q3_5c\HeLa-S3_nuc_pos8_q3_5c_trackmate.xml,6,0,,,52401,53278,0,41,0.0,41.0,42,42,death,seq0045_HeLa-S3_nuc_pos8_q3_5c:cell6,False
seq0045_HeLa-S3_nuc_pos8_q3_5c,HeLa-S3_nuc_pos8_q3_5c,DynamicNuclearNet,train,DynamicNuclearNet\tif_data\train\out\HeLa-S3_nuc_pos8_q3_5c\HeLa-S3_nuc_pos8_q3_5c_trackmate.xml,7,0,,,52402,52750,0,23,0.0,23.0,24,24,death,seq0045_HeLa-S3_nuc_pos8_q3_5c:cell7,False
seq0045_HeLa-S3_nuc_pos8_q3_5c,HeLa-S3_nuc_pos8_q3_5c,DynamicNuclearNet,train,DynamicNuclearNet\tif_data\train\out\HeLa-S3_nuc_pos8_q3_5c\HeLa-S3_nuc_pos8_q3_5c_trackmate.xml,8,0,,,52403,53293,0,41,0.0,41.0,42,42,death,seq0045_HeLa-S3_nuc_pos8_q3_5c:cell8,False
seq0045_HeLa-S3_nuc_pos8_q3_5c,HeLa-S3_nuc_pos8_q3_5c,DynamicNuclearNet,train,DynamicNuclearNet\tif_data\train\out\HeLa-S3_nuc_pos8_q3_5c\HeLa-S3_nuc_pos8_q3_5c_trackmate.xml,9,0,,,52404,53306,0,41,0.0,41.0,42,42,death,seq0045_HeLa-S3_nuc_pos8_q3_5c:cell9,False
seq0045_HeLa-S3_nuc_pos8_q3_5c,HeLa-S3_nuc_pos8_q3_5c,DynamicNuclearNet,train,DynamicNuclearNet\tif_data\train\out\HeLa-S3_nuc_pos8_q3_5c\HeLa-S3_nuc_pos8_q3_5c_trackmate.xml,10,0,,,52405,52667,0,19,0.0,19.0,20,20,death,seq0045_HeLa-S3_nuc_pos8_q3_5c:cell10,False
seq0045_HeLa-S3_nuc_pos8_q3_5c,HeLa-S3_nuc_pos8_q3_5c,DynamicNuclearNet,train,DynamicNuclearNet\tif_data\train\out\HeLa-S3_nuc_pos8_q3_5c\HeLa-S3_nuc_pos8_q3_5c_trackmate.xml,11,0,,,52406,53311,0,41,0.0,41.0,42,42,death,seq0045_HeLa-S3_nuc_pos8_q3_5c:cell11,False
seq0045_HeLa-S3_nuc_pos8_q3_5c,HeLa-S3_nuc_pos8_q3_5c,DynamicNuclearNet,train,DynamicNuclearNet\tif_data\train\out\HeLa-S3_nuc_pos8_q3_5c\HeLa-S3_nuc_pos8_q3_5c_trackmate.xml,12,0,,,52407,53320,0,41,0.0,41.0,42,42,death,seq0045_HeLa-S3_nuc_pos8_q3_5c:cell12,False
seq0045_HeLa-S3_nuc_pos8_q3_5c,HeLa-S3_nuc_pos8_q3_5c,DynamicNuclearNet,train,DynamicNuclearNet\tif_data\train\out\HeLa-S3_nuc_pos8_q3_5c\HeLa-S3_nuc_pos8_q3_5c_trackmate.xml,13,0,,,52408,53329,0,41,0.0,41.0,42,42,death,seq0045_HeLa-S3_nuc_pos8_q3_5c:cell13,False
seq0045_HeLa-S3_nuc_pos8_q3_5c,HeLa-S3_nuc_pos8_q3_5c,DynamicNuclearNet,train,DynamicNuclearNet\tif_data\train\out\HeLa-S3_nuc_pos8_q3_5c\HeLa-S3_nuc_pos8_q3_5c_trackmate.xml,14,0,,,52409,52330,0,5,0.0,5.0,6,6,death,seq0045_HeLa-S3_nuc_pos8_q3_5c:cell14,False
seq0045_HeLa-S3_nuc_pos8_q3_5c,HeLa-S3_nuc_pos8_q3_5c,DynamicNuclearNet,train,DynamicNuclearNet\tif_data\train\out\HeLa-S3_nuc_pos8_q3_5c\HeLa-S3_nuc_pos8_q3_5c_trackmate.xml,15,0,,,52410,53334,0,41,0.0,41.0,42,42,death,seq0045_HeLa-S3_nuc_pos8_q3_5c:cell15,False
seq0045_HeLa-S3_nuc_pos8_q3_5c,HeLa-S3_nuc_pos8_q3_5c,DynamicNuclearNet,train,DynamicNuclearNet\tif_data\train\out\HeLa-S3_nuc_pos8_q3_5c\HeLa-S3_nuc_pos8_q3_5c_trackmate.xml,16,0,,,52411,52916,0,27,0.0,27.0,28,28,death,seq0045_HeLa-S3_nuc_pos8_q3_5c:cell16,False
seq0045_HeLa-S3_nuc_pos8_q3_5c,HeLa-S3_nuc_pos8_q3_5c,DynamicNuclearNet,train,DynamicNuclearNet\tif_data\train\out\HeLa-S3_nuc_pos8_q3_5c\HeLa-S3_nuc_pos8_q3_5c_trackmate.xml,17,0,,,52412,53345,0,41,0.0,41.0,42,42,death,seq0045_HeLa-S3_nuc_pos8_q3_5c:cell17,False
seq0045_HeLa-S3_nuc_pos8_q3_5c,HeLa-S3_nuc_pos8_q3_5c,DynamicNuclearNet,train,DynamicNuclearNet\tif_data\train\out\HeLa-S3_nuc_pos8_q3_5c\HeLa-S3_nuc_pos8_q3_5c_trackmate.xml,18,0,,,52413,53348,0,41,0.0,41.0,42,42,death,seq0045_HeLa-S3_nuc_pos8_q3_5c:cell18,False
seq0045_HeLa-S3_nuc_pos8_q3_5c,HeLa-S3_nuc_pos8_q3_5c,DynamicNuclearNet,train,DynamicNuclearNet\tif_data\train\out\HeLa-S3_nuc_pos8_q3_5c\HeLa-S3_nuc_pos8_q3_5c_trackmate.xml,19,0,,,52416,53353,0,41,0.0,41.0,42,42,death,seq0045_HeLa-S3_nuc_pos8_q3_5c:cell19,False
seq0045_HeLa-S3_nuc_pos8_q3_5c,HeLa-S3_nuc_pos8_q3_5c,DynamicNuclearNet,train,DynamicNuclearNet\tif_data\train\out\HeLa-S3_nuc_pos8_q3_5c\HeLa-S3_nuc_pos8_q3_5c_trackmate.xml,20,0,,,52418,53356,0,41,0.0,41.0,42,42,death,seq0045_HeLa-S3_nuc_pos8_q3_5c:cell20,False
seq0045_HeLa-S3_nuc_pos8_q3_5c,HeLa-S3_nuc_pos8_q3_5c,DynamicNuclearNet,train,DynamicNuclearNet\tif_data\train\out\HeLa-S3_nuc_pos8_q3_5c\HeLa-S3_nuc_pos8_q3_5c_trackmate.xml,21,0,,,52420,53359,0,41,0.0,41.0,42,42,death,seq0045_HeLa-S3_nuc_pos8_q3_5c:cell21,False
seq0045_HeLa-S3_nuc_pos8_q3_5c,HeLa-S3_nuc_pos8_q3_5c,DynamicNuclearNet,train,DynamicNuclearNet\tif_data\train\out\HeLa-S3_nuc_pos8_q3_5c\HeLa-S3_nuc_pos8_q3_5c_trackmate.xml,22,0,,,52422,53362,0,41,0.0,41.0,42,42,death,seq0045_HeLa-S3_nuc_pos8_q3_5c:cell22,False
seq0045_HeLa-S3_nuc_pos8_q3_5c,HeLa-S3_nuc_pos8_q3_5c,DynamicNuclearNet,train,DynamicNuclearNet\tif_data\train\out\HeLa-S3_nuc_pos8_q3_5c\HeLa-S3_nuc_pos8_q3_5c_trackmate.xml,23,0,,,52424,53365,0,41,0.0,41.0,42,42,death,seq0045_HeLa-S3_nuc_pos8_q3_5c:cell23,False
seq0045_HeLa-S3_nuc_pos8_q3_5c,HeLa-S3_nuc_pos8_q3_5c,DynamicNuclearNet,train,DynamicNuclearNet\tif_data\train\out\HeLa-S3_nuc_pos8_q3_5c\HeLa-S3_nuc_pos8_q3_5c_trackmate.xml,24,0,,,52427,53368,0,41,0.0,41.0,42,42,death,seq0045_HeLa-S3_nuc_pos8_q3_5c:cell24,False
seq0045_HeLa-S3_nuc_pos8_q3_5c,HeLa-S3_nuc_pos8_q3_5c,DynamicNuclearNet,train,DynamicNuclearNet\tif_data\train\out\HeLa-S3_nuc_pos8_q3_5c\HeLa-S3_nuc_pos8_q3_5c_trackmate.xml,25,0,,,52428,52737,0,21,0.0,21.0,22,22,death,seq0045_HeLa-S3_nuc_pos8_q3_5c:cell25,False
seq0045_HeLa-S3_nuc_pos8_q3_5c,HeLa-S3_nuc_pos8_q3_5c,DynamicNuclearNet,train,DynamicNuclearNet\tif_data\train\out\HeLa-S3_nuc_pos8_q3_5c\HeLa-S3_nuc_pos8_q3_5c_trackmate.xml,26,0,,,52430,52142,0,8,0.0,8.0,9,9,death,seq0045_HeLa-S3_nuc_pos8_q3_5c:cell26,False
seq0045_HeLa-S3_nuc_pos8_q3_5c,HeLa-S3_nuc_pos8_q3_5c,DynamicNuclearNet,train,DynamicNuclearNet\tif_data\train\out\HeLa-S3_nuc_pos8_q3_5c\HeLa-S3_nuc_pos8_q3_5c_trackmate.xml,27,0,,,52432,53377,0,41,0.0,41.0,42,42,death,seq0045_HeLa-S3_nuc_pos8_q3_5c:cell27,False
seq0045_HeLa-S3_nuc_pos8_q3_5c,HeLa-S3_nuc_pos8_q3_5c,DynamicNuclearNet,train,DynamicNuclearNet\tif_data\train\out\HeLa-S3_nuc_pos8_q3_5c\HeLa-S3_nuc_pos8_q3_5c_trackmate.xml,28,0,,,52433,52433,0,0,0.0,0.0,1,1,death,seq0045_HeLa-S3_nuc_pos8_q3_5c:cell28,False
seq0045_HeLa-S3_nuc_pos8_q3_5c,HeLa-S3_nuc_pos8_q3_5c,DynamicNuclearNet,train,DynamicNuclearNet\tif_data\train\out\HeLa-S3_nuc_pos8_q3_5c\HeLa-S3_nuc_pos8_q3_5c_trackmate.xml,29,0,,,52222,52341,1,10,1.0,10.0,10,10,death,seq0045_HeLa-S3_nuc_pos8_q3_5c:cell29,False
seq0045_HeLa-S3_nuc_pos8_q3_5c,HeLa-S3_nuc_pos8_q3_5c,DynamicNuclearNet,train,DynamicNuclearNet\tif_data\train\out\HeLa-S3_nuc_pos8_q3_5c\HeLa-S3_nuc_pos8_q3_5c_trackmate.xml,30,0,,,52105,52105,3,3,3.0,3.0,1,1,death,seq0045_HeLa-S3_nuc_pos8_q3_5c:cell30,False
seq0045_HeLa-S3_nuc_pos8_q3_5c,HeLa-S3_nuc_pos8_q3_5c,DynamicNuclearNet,train,DynamicNuclearNet\tif_data\train\out\HeLa-S3_nuc_pos8_q3_5c\HeLa-S3_nuc_pos8_q3_5c_trackmate.xml,31,0,,,52107,52107,3,3,3.0,3.0,1,1,death,seq0045_HeLa-S3_nuc_pos8_q3_5c:cell31,False
seq0045_HeLa-S3_nuc_pos8_q3_5c,HeLa-S3_nuc_pos8_q3_5c,DynamicNuclearNet,train,DynamicNuclearNet\tif_data\train\out\HeLa-S3_nuc_pos8_q3_5c\HeLa-S3_nuc_pos8_q3_5c_trackmate.xml,32,0,,,52196,52196,4,4,4.0,4.0,1,1,death,seq0045_HeLa-S3_nuc_pos8_q3_5c:cell32,False
seq0045_HeLa-S3_nuc_pos8_q3_5c,HeLa-S3_nuc_pos8_q3_5c,DynamicNuclearNet,train,DynamicNuclearNet\tif_data\train\out\HeLa-S3_nuc_pos8_q3_5c\HeLa-S3_nuc_pos8_q3_5c_trackmate.xml,33,0,,,52205,52205,4,4,4.0,4.0,1,1,death,seq0045_HeLa-S3_nuc_pos8_q3_5c:cell33,False
seq0045_HeLa-S3_nuc_pos8_q3_5c,HeLa-S3_nuc_pos8_q3_5c,DynamicNuclearNet,train,DynamicNuclearNet\tif_data\train\out\HeLa-S3_nuc_pos8_q3_5c\HeLa-S3_nuc_pos8_q3_5c_trackmate.xml,34,0,,,52281,52281,5,5,5.0,5.0,1,1,death,seq0045_HeLa-S3_nuc_pos8_q3_5c:cell34,False
seq0045_HeLa-S3_nuc_pos8_q3_5c,HeLa-S3_nuc_pos8_q3_5c,DynamicNuclearNet,train,DynamicNuclearNet\tif_data\train\out\HeLa-S3_nuc_pos8_q3_5c\HeLa-S3_nuc_pos8_q3_5c_trackmate.xml,35,0,,,52235,52442,6,12,6.0,12.0,7,7,death,seq0045_HeLa-S3_nuc_pos8_q3_5c:cell35,False
seq0045_HeLa-S3_nuc_pos8_q3_5c,HeLa-S3_nuc_pos8_q3_5c,DynamicNuclearNet,train,DynamicNuclearNet\tif_data\train\out\HeLa-S3_nuc_pos8_q3_5c\HeLa-S3_nuc_pos8_q3_5c_trackmate.xml,36,0,,,52208,52208,7,7,7.0,7.0,1,1,death,seq0045_HeLa-S3_nuc_pos8_q3_5c:cell36,False
seq0045_HeLa-S3_nuc_pos8_q3_5c,HeLa-S3_nuc_pos8_q3_5c,DynamicNuclearNet,train,DynamicNuclearNet\tif_data\train\out\HeLa-S3_nuc_pos8_q3_5c\HeLa-S3_nuc_pos8_q3_5c_trackmate.xml,37,0,,,52093,53274,8,41,8.0,41.0,34,34,death,seq0045_HeLa-S3_nuc_pos8_q3_5c:cell37,False
seq0045_HeLa-S3_nuc_pos8_q3_5c,HeLa-S3_nuc_pos8_q3_5c,DynamicNuclearNet,train,DynamicNuclearNet\tif_data\train\out\HeLa-S3_nuc_pos8_q3_5c\HeLa-S3_nuc_pos8_q3_5c_trackmate.xml,38,0,,,52094,53284,8,41,8.0,41.0,34,34,death,seq0045_HeLa-S3_nuc_pos8_q3_5c:cell38,False
seq0045_HeLa-S3_nuc_pos8_q3_5c,HeLa-S3_nuc_pos8_q3_5c,DynamicNuclearNet,train,DynamicNuclearNet\tif_data\train\out\HeLa-S3_nuc_pos8_q3_5c\HeLa-S3_nuc_pos8_q3_5c_trackmate.xml,39,0,,,52285,52285,10,10,10.0,10.0,1,1,death,seq0045_HeLa-S3_nuc_pos8_q3_5c:cell39,False
seq0045_HeLa-S3_nuc_pos8_q3_5c,HeLa-S3_nuc_pos8_q3_5c,DynamicNuclearNet,train,DynamicNuclearNet\tif_data\train\out\HeLa-S3_nuc_pos8_q3_5c\HeLa-S3_nuc_pos8_q3_5c_trackmate.xml,40,0,,,52363,53374,10,41,10.0,41.0,32,32,death,seq0045_HeLa-S3_nuc_pos8_q3_5c:cell40,False
seq0045_HeLa-S3_nuc_pos8_q3_5c,HeLa-S3_nuc_pos8_q3_5c,DynamicNuclearNet,train,DynamicNuclearNet\tif_data\train\out\HeLa-S3_nuc_pos8_q3_5c\HeLa-S3_nuc_pos8_q3_5c_trackmate.xml,41,0,,,52441,52827,12,24,12.0,24.0,13,13,death,seq0045_HeLa-S3_nuc_pos8_q3_5c:cell41,False
seq0045_HeLa-S3_nuc_pos8_q3_5c,HeLa-S3_nuc_pos8_q3_5c,DynamicNuclearNet,train,DynamicNuclearNet\tif_data\train\out\HeLa-S3_nuc_pos8_q3_5c\HeLa-S3_nuc_pos8_q3_5c_trackmate.xml,42,0,,,52552,52559,14,16,14.0,16.0,3,3,death,seq0045_HeLa-S3_nuc_pos8_q3_5c:cell42,False
seq0045_HeLa-S3_nuc_pos8_q3_5c,HeLa-S3_nuc_pos8_q3_5c,DynamicNuclearNet,train,DynamicNuclearNet\tif_data\train\out\HeLa-S3_nuc_pos8_q3_5c\HeLa-S3_nuc_pos8_q3_5c_trackmate.xml,43,0,,,52550,52550,16,16,16.0,16.0,1,1,death,seq0045_HeLa-S3_nuc_pos8_q3_5c:cell43,False
seq0045_HeLa-S3_nuc_pos8_q3_5c,HeLa-S3_nuc_pos8_q3_5c,DynamicNuclearNet,train,DynamicNuclearNet\tif_data\train\out\HeLa-S3_nuc_pos8_q3_5c\HeLa-S3_nuc_pos8_q3_5c_trackmate.xml,44,0,,,52540,53339,17,41,17.0,41.0,25,25,death,seq0045_HeLa-S3_nuc_pos8_q3_5c:cell44,False
seq0045_HeLa-S3_nuc_pos8_q3_5c,HeLa-S3_nuc_pos8_q3_5c,DynamicNuclearNet,train,DynamicNuclearNet\tif_data\train\out\HeLa-S3_nuc_pos8_q3_5c\HeLa-S3_nuc_pos8_q3_5c_trackmate.xml,45,0,,,52680,53324,19,41,19.0,41.0,23,23,death,seq0045_HeLa-S3_nuc_pos8_q3_5c:cell45,False
seq0045_HeLa-S3_nuc_pos8_q3_5c,HeLa-S3_nuc_pos8_q3_5c,DynamicNuclearNet,train,DynamicNuclearNet\tif_data\train\out\HeLa-S3_nuc_pos8_q3_5c\HeLa-S3_nuc_pos8_q3_5c_trackmate.xml,46,0,,,52707,53380,19,41,19.0,41.0,23,23,death,seq0045_HeLa-S3_nuc_pos8_q3_5c:cell46,False
seq0045_HeLa-S3_nuc_pos8_q3_5c,HeLa-S3_nuc_pos8_q3_5c,DynamicNuclearNet,train,DynamicNuclearNet\tif_data\train\out\HeLa-S3_nuc_pos8_q3_5c\HeLa-S3_nuc_pos8_q3_5c_trackmate.xml,47,0,,,52647,52647,20,20,20.0,20.0,1,1,death,seq0045_HeLa-S3_nuc_pos8_q3_5c:cell47,False
seq0045_HeLa-S3_nuc_pos8_q3_5c,HeLa-S3_nuc_pos8_q3_5c,DynamicNuclearNet,train,DynamicNuclearNet\tif_data\train\out\HeLa-S3_nuc_pos8_q3_5c\HeLa-S3_nuc_pos8_q3_5c_trackmate.xml,48,0,,,52720,52814,21,24,21.0,24.0,4,4,death,seq0045_HeLa-S3_nuc_pos8_q3_5c:cell48,False
seq0045_HeLa-S3_nuc_pos8_q3_5c,HeLa-S3_nuc_pos8_q3_5c,DynamicNuclearNet,train,DynamicNuclearNet\tif_data\train\out\HeLa-S3_nuc_pos8_q3_5c\HeLa-S3_nuc_pos8_q3_5c_trackmate.xml,49,0,,,52816,52816,22,22,22.0,22.0,1,1,death,seq0045_HeLa-S3_nuc_pos8_q3_5c:cell49,False
seq0045_HeLa-S3_nuc_pos8_q3_5c,HeLa-S3_nuc_pos8_q3_5c,DynamicNuclearNet,train,DynamicNuclearNet\tif_data\train\out\HeLa-S3_nuc_pos8_q3_5c\HeLa-S3_nuc_pos8_q3_5c_trackmate.xml,50,0,,,52783,53371,23,41,23.0,41.0,19,19,death,seq0045_HeLa-S3_nuc_pos8_q3_5c:cell50,False
seq0045_HeLa-S3_nuc_pos8_q3_5c,HeLa-S3_nuc_pos8_q3_5c,DynamicNuclearNet,train,DynamicNuclearNet\tif_data\train\out\HeLa-S3_nuc_pos8_q3_5c\HeLa-S3_nuc_pos8_q3_5c_trackmate.xml,51,0,,,52798,52798,24,24,24.0,24.0,1,1,death,seq0045_HeLa-S3_nuc_pos8_q3_5c:cell51,False
seq0045_HeLa-S3_nuc_pos8_q3_5c,HeLa-S3_nuc_pos8_q3_5c,DynamicNuclearNet,train,DynamicNuclearNet\tif_data\train\out\HeLa-S3_nuc_pos8_q3_5c\HeLa-S3_nuc_pos8_q3_5c_trackmate.xml,52,0,,,52810,52954,24,29,24.0,29.0,6,6,death,seq0045_HeLa-S3_nuc_pos8_q3_5c:cell52,False
seq0045_HeLa-S3_nuc_pos8_q3_5c,HeLa-S3_nuc_pos8_q3_5c,DynamicNuclearNet,train,DynamicNuclearNet\tif_data\train\out\HeLa-S3_nuc_pos8_q3_5c\HeLa-S3_nuc_pos8_q3_5c_trackmate.xml,53,0,,,52852,53297,25,41,25.0,41.0,17,17,death,seq0045_HeLa-S3_nuc_pos8_q3_5c:cell53,False
seq0045_HeLa-S3_nuc_pos8_q3_5c,HeLa-S3_nuc_pos8_q3_5c,DynamicNuclearNet,train,DynamicNuclearNet\tif_data\train\out\HeLa-S3_nuc_pos8_q3_5c\HeLa-S3_nuc_pos8_q3_5c_trackmate.xml,54,0,,,52854,53315,25,41,25.0,41.0,17,17,death,seq0045_HeLa-S3_nuc_pos8_q3_5c:cell54,False
seq0045_HeLa-S3_nuc_pos8_q3_5c,HeLa-S3_nuc_pos8_q3_5c,DynamicNuclearNet,train,DynamicNuclearNet\tif_data\train\out\HeLa-S3_nuc_pos8_q3_5c\HeLa-S3_nuc_pos8_q3_5c_trackmate.xml,55,0,,,52987,53018,28,30,28.0,30.0,3,3,death,seq0045_HeLa-S3_nuc_pos8_q3_5c:cell55,False
seq0045_HeLa-S3_nuc_pos8_q3_5c,HeLa-S3_nuc_pos8_q3_5c,DynamicNuclearNet,train,DynamicNuclearNet\tif_data\train\out\HeLa-S3_nuc_pos8_q3_5c\HeLa-S3_nuc_pos8_q3_5c_trackmate.xml,56,0,,,52992,52992,30,30,30.0,30.0,1,1,death,seq0045_HeLa-S3_nuc_pos8_q3_5c:cell56,False
seq0045_HeLa-S3_nuc_pos8_q3_5c,HeLa-S3_nuc_pos8_q3_5c,DynamicNuclearNet,train,DynamicNuclearNet\tif_data\train\out\HeLa-S3_nuc_pos8_q3_5c\HeLa-S3_nuc_pos8_q3_5c_trackmate.xml,57,0,,,53047,53288,31,41,31.0,41.0,11,11,death,seq0045_HeLa-S3_nuc_pos8_q3_5c:cell57,False
seq0045_HeLa-S3_nuc_pos8_q3_5c,HeLa-S3_nuc_pos8_q3_5c,DynamicNuclearNet,train,DynamicNuclearNet\tif_data\train\out\HeLa-S3_nuc_pos8_q3_5c\HeLa-S3_nuc_pos8_q3_5c_trackmate.xml,58,0,,,53051,53300,31,41,31.0,41.0,11,11,death,seq0045_HeLa-S3_nuc_pos8_q3_5c:cell58,False
seq0045_HeLa-S3_nuc_pos8_q3_5c,HeLa-S3_nuc_pos8_q3_5c,DynamicNuclearNet,train,DynamicNuclearNet\tif_data\train\out\HeLa-S3_nuc_pos8_q3_5c\HeLa-S3_nuc_pos8_q3_5c_trackmate.xml,59,0,,,53092,53125,32,33,32.0,33.0,2,2,death,seq0045_HeLa-S3_nuc_pos8_q3_5c:cell59,False
seq0045_HeLa-S3_nuc_pos8_q3_5c,HeLa-S3_nuc_pos8_q3_5c,DynamicNuclearNet,train,DynamicNuclearNet\tif_data\train\out\HeLa-S3_nuc_pos8_q3_5c\HeLa-S3_nuc_pos8_q3_5c_trackmate.xml,60,0,,,53158,53242,35,36,35.0,36.0,2,2,death,seq0045_HeLa-S3_nuc_pos8_q3_5c:cell60,False
seq0045_HeLa-S3_nuc_pos8_q3_5c,HeLa-S3_nuc_pos8_q3_5c,DynamicNuclearNet,train,DynamicNuclearNet\tif_data\train\out\HeLa-S3_nuc_pos8_q3_5c\HeLa-S3_nuc_pos8_q3_5c_trackmate.xml,61,0,,,53161,53400,35,40,35.0,40.0,6,6,death,seq0045_HeLa-S3_nuc_pos8_q3_5c:cell61,False
seq0045_HeLa-S3_nuc_pos8_q3_5c,HeLa-S3_nuc_pos8_q3_5c,DynamicNuclearNet,train,DynamicNuclearNet\tif_data\train\out\HeLa-S3_nuc_pos8_q3_5c\HeLa-S3_nuc_pos8_q3_5c_trackmate.xml,62,0,,,53281,53341,37,41,37.0,41.0,5,5,death,seq0045_HeLa-S3_nuc_pos8_q3_5c:cell62,False
seq0045_HeLa-S3_nuc_pos8_q3_5c,HeLa-S3_nuc_pos8_q3_5c,DynamicNuclearNet,train,DynamicNuclearNet\tif_data\train\out\HeLa-S3_nuc_pos8_q3_5c\HeLa-S3_nuc_pos8_q3_5c_trackmate.xml,63,0,,,53350,53350,41,41,41.0,41.0,1,1,death,seq0045_HeLa-S3_nuc_pos8_q3_5c:cell63,False
seq0046_HeLa-S3_nuc_pos11_q3_5c,HeLa-S3_nuc_pos11_q3_5c,DynamicNuclearNet,val,DynamicNuclearNet\tif_data\val\out\HeLa-S3_nuc_pos11_q3_5c\HeLa-S3_nuc_pos11_q3_5c_trackmate.xml,0,0,,,53687,53687,0,0,0.0,0.0,1,1,death,seq0046_HeLa-S3_nuc_pos11_q3_5c:cell0,False
seq0046_HeLa-S3_nuc_pos11_q3_5c,HeLa-S3_nuc_pos11_q3_5c,DynamicNuclearNet,val,DynamicNuclearNet\tif_data\val\out\HeLa-S3_nuc_pos11_q3_5c\HeLa-S3_nuc_pos11_q3_5c_trackmate.xml,1,0,,,53689,53824,0,18,0.0,18.0,19,19,death,seq0046_HeLa-S3_nuc_pos11_q3_5c:cell1,False
seq0046_HeLa-S3_nuc_pos11_q3_5c,HeLa-S3_nuc_pos11_q3_5c,DynamicNuclearNet,val,DynamicNuclearNet\tif_data\val\out\HeLa-S3_nuc_pos11_q3_5c\HeLa-S3_nuc_pos11_q3_5c_trackmate.xml,2,0,,,53694,54355,0,30,0.0,30.0,31,31,death,seq0046_HeLa-S3_nuc_pos11_q3_5c:cell2,False
seq0046_HeLa-S3_nuc_pos11_q3_5c,HeLa-S3_nuc_pos11_q3_5c,DynamicNuclearNet,val,DynamicNuclearNet\tif_data\val\out\HeLa-S3_nuc_pos11_q3_5c\HeLa-S3_nuc_pos11_q3_5c_trackmate.xml,3,0,,,53697,54716,0,41,0.0,41.0,42,42,death,seq0046_HeLa-S3_nuc_pos11_q3_5c:cell3,False
seq0046_HeLa-S3_nuc_pos11_q3_5c,HeLa-S3_nuc_pos11_q3_5c,DynamicNuclearNet,val,DynamicNuclearNet\tif_data\val\out\HeLa-S3_nuc_pos11_q3_5c\HeLa-S3_nuc_pos11_q3_5c_trackmate.xml,4,0,,,53701,53839,0,18,0.0,18.0,19,19,death,seq0046_HeLa-S3_nuc_pos11_q3_5c:cell4,False
seq0046_HeLa-S3_nuc_pos11_q3_5c,HeLa-S3_nuc_pos11_q3_5c,DynamicNuclearNet,val,DynamicNuclearNet\tif_data\val\out\HeLa-S3_nuc_pos11_q3_5c\HeLa-S3_nuc_pos11_q3_5c_trackmate.xml,5,0,,,53705,54003,0,20,0.0,20.0,21,21,death,seq0046_HeLa-S3_nuc_pos11_q3_5c:cell5,False
seq0046_HeLa-S3_nuc_pos11_q3_5c,HeLa-S3_nuc_pos11_q3_5c,DynamicNuclearNet,val,DynamicNuclearNet\tif_data\val\out\HeLa-S3_nuc_pos11_q3_5c\HeLa-S3_nuc_pos11_q3_5c_trackmate.xml,6,0,,,53710,53931,0,17,0.0,17.0,18,18,death,seq0046_HeLa-S3_nuc_pos11_q3_5c:cell6,False
seq0046_HeLa-S3_nuc_pos11_q3_5c,HeLa-S3_nuc_pos11_q3_5c,DynamicNuclearNet,val,DynamicNuclearNet\tif_data\val\out\HeLa-S3_nuc_pos11_q3_5c\HeLa-S3_nuc_pos11_q3_5c_trackmate.xml,7,0,,,53712,54733,0,41,0.0,41.0,42,42,death,seq0046_HeLa-S3_nuc_pos11_q3_5c:cell7,False
seq0046_HeLa-S3_nuc_pos11_q3_5c,HeLa-S3_nuc_pos11_q3_5c,DynamicNuclearNet,val,DynamicNuclearNet\tif_data\val\out\HeLa-S3_nuc_pos11_q3_5c\HeLa-S3_nuc_pos11_q3_5c_trackmate.xml,8,0,,,53714,54738,0,41,0.0,41.0,42,42,death,seq0046_HeLa-S3_nuc_pos11_q3_5c:cell8,False
seq0046_HeLa-S3_nuc_pos11_q3_5c,HeLa-S3_nuc_pos11_q3_5c,DynamicNuclearNet,val,DynamicNuclearNet\tif_data\val\out\HeLa-S3_nuc_pos11_q3_5c\HeLa-S3_nuc_pos11_q3_5c_trackmate.xml,9,0,,,53716,53716,0,0,0.0,0.0,1,1,death,seq0046_HeLa-S3_nuc_pos11_q3_5c:cell9,False
seq0046_HeLa-S3_nuc_pos11_q3_5c,HeLa-S3_nuc_pos11_q3_5c,DynamicNuclearNet,val,DynamicNuclearNet\tif_data\val\out\HeLa-S3_nuc_pos11_q3_5c\HeLa-S3_nuc_pos11_q3_5c_trackmate.xml,10,0,,,53718,54746,0,41,0.0,41.0,42,42,death,seq0046_HeLa-S3_nuc_pos11_q3_5c:cell10,False
seq0046_HeLa-S3_nuc_pos11_q3_5c,HeLa-S3_nuc_pos11_q3_5c,DynamicNuclearNet,val,DynamicNuclearNet\tif_data\val\out\HeLa-S3_nuc_pos11_q3_5c\HeLa-S3_nuc_pos11_q3_5c_trackmate.xml,11,0,,,53720,54105,0,23,0.0,23.0,24,24,death,seq0046_HeLa-S3_nuc_pos11_q3_5c:cell11,False
seq0046_HeLa-S3_nuc_pos11_q3_5c,HeLa-S3_nuc_pos11_q3_5c,DynamicNuclearNet,val,DynamicNuclearNet\tif_data\val\out\HeLa-S3_nuc_pos11_q3_5c\HeLa-S3_nuc_pos11_q3_5c_trackmate.xml,12,0,,,53722,54749,0,41,0.0,41.0,42,42,death,seq0046_HeLa-S3_nuc_pos11_q3_5c:cell12,False
seq0046_HeLa-S3_nuc_pos11_q3_5c,HeLa-S3_nuc_pos11_q3_5c,DynamicNuclearNet,val,DynamicNuclearNet\tif_data\val\out\HeLa-S3_nuc_pos11_q3_5c\HeLa-S3_nuc_pos11_q3_5c_trackmate.xml,13,0,,,53724,54756,0,41,0.0,41.0,42,42,death,seq0046_HeLa-S3_nuc_pos11_q3_5c:cell13,False
seq0046_HeLa-S3_nuc_pos11_q3_5c,HeLa-S3_nuc_pos11_q3_5c,DynamicNuclearNet,val,DynamicNuclearNet\tif_data\val\out\HeLa-S3_nuc_pos11_q3_5c\HeLa-S3_nuc_pos11_q3_5c_trackmate.xml,14,0,,,53725,54760,0,41,0.0,41.0,42,42,death,seq0046_HeLa-S3_nuc_pos11_q3_5c:cell14,False
seq0046_HeLa-S3_nuc_pos11_q3_5c,HeLa-S3_nuc_pos11_q3_5c,DynamicNuclearNet,val,DynamicNuclearNet\tif_data\val\out\HeLa-S3_nuc_pos11_q3_5c\HeLa-S3_nuc_pos11_q3_5c_trackmate.xml,15,0,,,53727,54758,0,41,0.0,41.0,42,42,death,seq0046_HeLa-S3_nuc_pos11_q3_5c:cell15,False
seq0046_HeLa-S3_nuc_pos11_q3_5c,HeLa-S3_nuc_pos11_q3_5c,DynamicNuclearNet,val,DynamicNuclearNet\tif_data\val\out\HeLa-S3_nuc_pos11_q3_5c\HeLa-S3_nuc_pos11_q3_5c_trackmate.xml,16,0,,,53730,54762,0,41,0.0,41.0,42,42,death,seq0046_HeLa-S3_nuc_pos11_q3_5c:cell16,False
seq0046_HeLa-S3_nuc_pos11_q3_5c,HeLa-S3_nuc_pos11_q3_5c,DynamicNuclearNet,val,DynamicNuclearNet\tif_data\val\out\HeLa-S3_nuc_pos11_q3_5c\HeLa-S3_nuc_pos11_q3_5c_trackmate.xml,17,0,,,53732,54774,0,2,0.0,2.0,3,3,death,seq0046_HeLa-S3_nuc_pos11_q3_5c:cell17,False
seq0046_HeLa-S3_nuc_pos11_q3_5c,HeLa-S3_nuc_pos11_q3_5c,DynamicNuclearNet,val,DynamicNuclearNet\tif_data\val\out\HeLa-S3_nuc_pos11_q3_5c\HeLa-S3_nuc_pos11_q3_5c_trackmate.xml,18,0,,,53734,54771,0,41,0.0,41.0,42,42,death,seq0046_HeLa-S3_nuc_pos11_q3_5c:cell18,False
seq0046_HeLa-S3_nuc_pos11_q3_5c,HeLa-S3_nuc_pos11_q3_5c,DynamicNuclearNet,val,DynamicNuclearNet\tif_data\val\out\HeLa-S3_nuc_pos11_q3_5c\HeLa-S3_nuc_pos11_q3_5c_trackmate.xml,19,0,,,53736,54767,0,41,0.0,41.0,42,42,death,seq0046_HeLa-S3_nuc_pos11_q3_5c:cell19,False
seq0046_HeLa-S3_nuc_pos11_q3_5c,HeLa-S3_nuc_pos11_q3_5c,DynamicNuclearNet,val,DynamicNuclearNet\tif_data\val\out\HeLa-S3_nuc_pos11_q3_5c\HeLa-S3_nuc_pos11_q3_5c_trackmate.xml,20,0,,,53738,54777,0,41,0.0,41.0,42,42,death,seq0046_HeLa-S3_nuc_pos11_q3_5c:cell20,False
seq0046_HeLa-S3_nuc_pos11_q3_5c,HeLa-S3_nuc_pos11_q3_5c,DynamicNuclearNet,val,DynamicNuclearNet\tif_data\val\out\HeLa-S3_nuc_pos11_q3_5c\HeLa-S3_nuc_pos11_q3_5c_trackmate.xml,21,0,,,53740,54775,0,41,0.0,41.0,42,42,death,seq0046_HeLa-S3_nuc_pos11_q3_5c:cell21,False
seq0046_HeLa-S3_nuc_pos11_q3_5c,HeLa-S3_nuc_pos11_q3_5c,DynamicNuclearNet,val,DynamicNuclearNet\tif_data\val\out\HeLa-S3_nuc_pos11_q3_5c\HeLa-S3_nuc_pos11_q3_5c_trackmate.xml,22,0,,,53741,54779,0,41,0.0,41.0,42,42,death,seq0046_HeLa-S3_nuc_pos11_q3_5c:cell22,False
seq0046_HeLa-S3_nuc_pos11_q3_5c,HeLa-S3_nuc_pos11_q3_5c,DynamicNuclearNet,val,DynamicNuclearNet\tif_data\val\out\HeLa-S3_nuc_pos11_q3_5c\HeLa-S3_nuc_pos11_q3_5c_trackmate.xml,23,0,,,53742,54781,0,41,0.0,41.0,42,42,death,seq0046_HeLa-S3_nuc_pos11_q3_5c:cell23,False
seq0046_HeLa-S3_nuc_pos11_q3_5c,HeLa-S3_nuc_pos11_q3_5c,DynamicNuclearNet,val,DynamicNuclearNet\tif_data\val\out\HeLa-S3_nuc_pos11_q3_5c\HeLa-S3_nuc_pos11_q3_5c_trackmate.xml,24,0,,,53743,54785,0,41,0.0,41.0,42,42,death,seq0046_HeLa-S3_nuc_pos11_q3_5c:cell24,False
seq0046_HeLa-S3_nuc_pos11_q3_5c,HeLa-S3_nuc_pos11_q3_5c,DynamicNuclearNet,val,DynamicNuclearNet\tif_data\val\out\HeLa-S3_nuc_pos11_q3_5c\HeLa-S3_nuc_pos11_q3_5c_trackmate.xml,25,0,,,53744,54783,0,41,0.0,41.0,42,42,death,seq0046_HeLa-S3_nuc_pos11_q3_5c:cell25,False
seq0046_HeLa-S3_nuc_pos11_q3_5c,HeLa-S3_nuc_pos11_q3_5c,DynamicNuclearNet,val,DynamicNuclearNet\tif_data\val\out\HeLa-S3_nuc_pos11_q3_5c\HeLa-S3_nuc_pos11_q3_5c_trackmate.xml,26,0,,,53745,53784,0,1,0.0,1.0,2,2,death,seq0046_HeLa-S3_nuc_pos11_q3_5c:cell26,False
seq0046_HeLa-S3_nuc_pos11_q3_5c,HeLa-S3_nuc_pos11_q3_5c,DynamicNuclearNet,val,DynamicNuclearNet\tif_data\val\out\HeLa-S3_nuc_pos11_q3_5c\HeLa-S3_nuc_pos11_q3_5c_trackmate.xml,27,0,,,53752,53752,1,1,1.0,1.0,1,1,death,seq0046_HeLa-S3_nuc_pos11_q3_5c:cell27,False
seq0046_HeLa-S3_nuc_pos11_q3_5c,HeLa-S3_nuc_pos11_q3_5c,DynamicNuclearNet,val,DynamicNuclearNet\tif_data\val\out\HeLa-S3_nuc_pos11_q3_5c\HeLa-S3_nuc_pos11_q3_5c_trackmate.xml,28,0,,,53755,53755,1,1,1.0,1.0,1,1,death,seq0046_HeLa-S3_nuc_pos11_q3_5c:cell28,False
seq0046_HeLa-S3_nuc_pos11_q3_5c,HeLa-S3_nuc_pos11_q3_5c,DynamicNuclearNet,val,DynamicNuclearNet\tif_data\val\out\HeLa-S3_nuc_pos11_q3_5c\HeLa-S3_nuc_pos11_q3_5c_trackmate.xml,29,0,,,53756,53459,1,3,1.0,3.0,3,3,death,seq0046_HeLa-S3_nuc_pos11_q3_5c:cell29,False
seq0046_HeLa-S3_nuc_pos11_q3_5c,HeLa-S3_nuc_pos11_q3_5c,DynamicNuclearNet,val,DynamicNuclearNet\tif_data\val\out\HeLa-S3_nuc_pos11_q3_5c\HeLa-S3_nuc_pos11_q3_5c_trackmate.xml,30,0,,,54753,54753,2,2,2.0,2.0,1,1,death,seq0046_HeLa-S3_nuc_pos11_q3_5c:cell30,False
seq0046_HeLa-S3_nuc_pos11_q3_5c,HeLa-S3_nuc_pos11_q3_5c,DynamicNuclearNet,val,DynamicNuclearNet\tif_data\val\out\HeLa-S3_nuc_pos11_q3_5c\HeLa-S3_nuc_pos11_q3_5c_trackmate.xml,31,0,,,54755,54755,2,2,2.0,2.0,1,1,death,seq0046_HeLa-S3_nuc_pos11_q3_5c:cell31,False
seq0046_HeLa-S3_nuc_pos11_q3_5c,HeLa-S3_nuc_pos11_q3_5c,DynamicNuclearNet,val,DynamicNuclearNet\tif_data\val\out\HeLa-S3_nuc_pos11_q3_5c\HeLa-S3_nuc_pos11_q3_5c_trackmate.xml,32,0,,,54766,54766,2,2,2.0,2.0,1,1,death,seq0046_HeLa-S3_nuc_pos11_q3_5c:cell32,False
seq0046_HeLa-S3_nuc_pos11_q3_5c,HeLa-S3_nuc_pos11_q3_5c,DynamicNuclearNet,val,DynamicNuclearNet\tif_data\val\out\HeLa-S3_nuc_pos11_q3_5c\HeLa-S3_nuc_pos11_q3_5c_trackmate.xml,33,0,,,54791,54787,2,41,2.0,41.0,40,40,death,seq0046_HeLa-S3_nuc_pos11_q3_5c:cell33,False
seq0046_HeLa-S3_nuc_pos11_q3_5c,HeLa-S3_nuc_pos11_q3_5c,DynamicNuclearNet,val,DynamicNuclearNet\tif_data\val\out\HeLa-S3_nuc_pos11_q3_5c\HeLa-S3_nuc_pos11_q3_5c_trackmate.xml,34,0,,,54792,53498,2,3,2.0,3.0,2,2,death,seq0046_HeLa-S3_nuc_pos11_q3_5c:cell34,False
seq0046_HeLa-S3_nuc_pos11_q3_5c,HeLa-S3_nuc_pos11_q3_5c,DynamicNuclearNet,val,DynamicNuclearNet\tif_data\val\out\HeLa-S3_nuc_pos11_q3_5c\HeLa-S3_nuc_pos11_q3_5c_trackmate.xml,35,0,,,53457,53457,3,3,3.0,3.0,1,1,death,seq0046_HeLa-S3_nuc_pos11_q3_5c:cell35,False
seq0046_HeLa-S3_nuc_pos11_q3_5c,HeLa-S3_nuc_pos11_q3_5c,DynamicNuclearNet,val,DynamicNuclearNet\tif_data\val\out\HeLa-S3_nuc_pos11_q3_5c\HeLa-S3_nuc_pos11_q3_5c_trackmate.xml,36,0,,,53477,53477,3,3,3.0,3.0,1,1,death,seq0046_HeLa-S3_nuc_pos11_q3_5c:cell36,False
seq0046_HeLa-S3_nuc_pos11_q3_5c,HeLa-S3_nuc_pos11_q3_5c,DynamicNuclearNet,val,DynamicNuclearNet\tif_data\val\out\HeLa-S3_nuc_pos11_q3_5c\HeLa-S3_nuc_pos11_q3_5c_trackmate.xml,37,0,,,53478,53478,3,3,3.0,3.0,1,1,death,seq0046_HeLa-S3_nuc_pos11_q3_5c:cell37,False
seq0046_HeLa-S3_nuc_pos11_q3_5c,HeLa-S3_nuc_pos11_q3_5c,DynamicNuclearNet,val,DynamicNuclearNet\tif_data\val\out\HeLa-S3_nuc_pos11_q3_5c\HeLa-S3_nuc_pos11_q3_5c_trackmate.xml,38,0,,,53444,53506,4,7,4.0,7.0,4,4,death,seq0046_HeLa-S3_nuc_pos11_q3_5c:cell38,False
seq0046_HeLa-S3_nuc_pos11_q3_5c,HeLa-S3_nuc_pos11_q3_5c,DynamicNuclearNet,val,DynamicNuclearNet\tif_data\val\out\HeLa-S3_nuc_pos11_q3_5c\HeLa-S3_nuc_pos11_q3_5c_trackmate.xml,39,0,,,53462,53462,4,4,4.0,4.0,1,1,death,seq0046_HeLa-S3_nuc_pos11_q3_5c:cell39,False
seq0046_HeLa-S3_nuc_pos11_q3_5c,HeLa-S3_nuc_pos11_q3_5c,DynamicNuclearNet,val,DynamicNuclearNet\tif_data\val\out\HeLa-S3_nuc_pos11_q3_5c\HeLa-S3_nuc_pos11_q3_5c_trackmate.xml,40,0,,,53463,53463,4,4,4.0,4.0,1,1,death,seq0046_HeLa-S3_nuc_pos11_q3_5c:cell40,False
seq0046_HeLa-S3_nuc_pos11_q3_5c,HeLa-S3_nuc_pos11_q3_5c,DynamicNuclearNet,val,DynamicNuclearNet\tif_data\val\out\HeLa-S3_nuc_pos11_q3_5c\HeLa-S3_nuc_pos11_q3_5c_trackmate.xml,41,0,,,53465,53577,4,5,4.0,5.0,2,2,death,seq0046_HeLa-S3_nuc_pos11_q3_5c:cell41,False
seq0046_HeLa-S3_nuc_pos11_q3_5c,HeLa-S3_nuc_pos11_q3_5c,DynamicNuclearNet,val,DynamicNuclearNet\tif_data\val\out\HeLa-S3_nuc_pos11_q3_5c\HeLa-S3_nuc_pos11_q3_5c_trackmate.xml,42,0,,,53467,54751,4,41,4.0,41.0,38,38,death,seq0046_HeLa-S3_nuc_pos11_q3_5c:cell42,False
seq0046_HeLa-S3_nuc_pos11_q3_5c,HeLa-S3_nuc_pos11_q3_5c,DynamicNuclearNet,val,DynamicNuclearNet\tif_data\val\out\HeLa-S3_nuc_pos11_q3_5c\HeLa-S3_nuc_pos11_q3_5c_trackmate.xml,43,0,,,53487,54773,4,41,4.0,41.0,38,38,death,seq0046_HeLa-S3_nuc_pos11_q3_5c:cell43,False
seq0046_HeLa-S3_nuc_pos11_q3_5c,HeLa-S3_nuc_pos11_q3_5c,DynamicNuclearNet,val,DynamicNuclearNet\tif_data\val\out\HeLa-S3_nuc_pos11_q3_5c\HeLa-S3_nuc_pos11_q3_5c_trackmate.xml,44,0,,,53493,53493,4,4,4.0,4.0,1,1,death,seq0046_HeLa-S3_nuc_pos11_q3_5c:cell44,False
seq0046_HeLa-S3_nuc_pos11_q3_5c,HeLa-S3_nuc_pos11_q3_5c,DynamicNuclearNet,val,DynamicNuclearNet\tif_data\val\out\HeLa-S3_nuc_pos11_q3_5c\HeLa-S3_nuc_pos11_q3_5c_trackmate.xml,45,0,,,53570,54741,5,41,5.0,41.0,37,37,death,seq0046_HeLa-S3_nuc_pos11_q3_5c:cell45,False
seq0046_HeLa-S3_nuc_pos11_q3_5c,HeLa-S3_nuc_pos11_q3_5c,DynamicNuclearNet,val,DynamicNuclearNet\tif_data\val\out\HeLa-S3_nuc_pos11_q3_5c\HeLa-S3_nuc_pos11_q3_5c_trackmate.xml,46,0,,,53575,53575,5,5,5.0,5.0,1,1,death,seq0046_HeLa-S3_nuc_pos11_q3_5c:cell46,False
seq0046_HeLa-S3_nuc_pos11_q3_5c,HeLa-S3_nuc_pos11_q3_5c,DynamicNuclearNet,val,DynamicNuclearNet\tif_data\val\out\HeLa-S3_nuc_pos11_q3_5c\HeLa-S3_nuc_pos11_q3_5c_trackmate.xml,47,0,,,53622,53622,5,5,5.0,5.0,1,1,death,seq0046_HeLa-S3_nuc_pos11_q3_5c:cell47,False
seq0046_HeLa-S3_nuc_pos11_q3_5c,HeLa-S3_nuc_pos11_q3_5c,DynamicNuclearNet,val,DynamicNuclearNet\tif_data\val\out\HeLa-S3_nuc_pos11_q3_5c\HeLa-S3_nuc_pos11_q3_5c_trackmate.xml,48,0,,,53663,54789,5,41,5.0,41.0,37,37,death,seq0046_HeLa-S3_nuc_pos11_q3_5c:cell48,False
seq0046_HeLa-S3_nuc_pos11_q3_5c,HeLa-S3_nuc_pos11_q3_5c,DynamicNuclearNet,val,DynamicNuclearNet\tif_data\val\out\HeLa-S3_nuc_pos11_q3_5c\HeLa-S3_nuc_pos11_q3_5c_trackmate.xml,49,0,,,53580,54748,6,41,6.0,41.0,36,36,death,seq0046_HeLa-S3_nuc_pos11_q3_5c:cell49,False
seq0046_HeLa-S3_nuc_pos11_q3_5c,HeLa-S3_nuc_pos11_q3_5c,DynamicNuclearNet,val,DynamicNuclearNet\tif_data\val\out\HeLa-S3_nuc_pos11_q3_5c\HeLa-S3_nuc_pos11_q3_5c_trackmate.xml,50,0,,,53620,54764,6,41,6.0,41.0,36,36,death,seq0046_HeLa-S3_nuc_pos11_q3_5c:cell50,False
seq0046_HeLa-S3_nuc_pos11_q3_5c,HeLa-S3_nuc_pos11_q3_5c,DynamicNuclearNet,val,DynamicNuclearNet\tif_data\val\out\HeLa-S3_nuc_pos11_q3_5c\HeLa-S3_nuc_pos11_q3_5c_trackmate.xml,51,0,,,53671,54712,10,41,10.0,41.0,32,32,death,seq0046_HeLa-S3_nuc_pos11_q3_5c:cell51,False
seq0046_HeLa-S3_nuc_pos11_q3_5c,HeLa-S3_nuc_pos11_q3_5c,DynamicNuclearNet,val,DynamicNuclearNet\tif_data\val\out\HeLa-S3_nuc_pos11_q3_5c\HeLa-S3_nuc_pos11_q3_5c_trackmate.xml,52,0,,,53692,53692,10,10,10.0,10.0,1,1,death,seq0046_HeLa-S3_nuc_pos11_q3_5c:cell52,False
seq0046_HeLa-S3_nuc_pos11_q3_5c,HeLa-S3_nuc_pos11_q3_5c,DynamicNuclearNet,val,DynamicNuclearNet\tif_data\val\out\HeLa-S3_nuc_pos11_q3_5c\HeLa-S3_nuc_pos11_q3_5c_trackmate.xml,53,0,,,53847,53847,18,18,18.0,18.0,1,1,death,seq0046_HeLa-S3_nuc_pos11_q3_5c:cell53,False
seq0046_HeLa-S3_nuc_pos11_q3_5c,HeLa-S3_nuc_pos11_q3_5c,DynamicNuclearNet,val,DynamicNuclearNet\tif_data\val\out\HeLa-S3_nuc_pos11_q3_5c\HeLa-S3_nuc_pos11_q3_5c_trackmate.xml,54,0,,,53993,53993,19,19,19.0,19.0,1,1,death,seq0046_HeLa-S3_nuc_pos11_q3_5c:cell54,False
seq0046_HeLa-S3_nuc_pos11_q3_5c,HeLa-S3_nuc_pos11_q3_5c,DynamicNuclearNet,val,DynamicNuclearNet\tif_data\val\out\HeLa-S3_nuc_pos11_q3_5c\HeLa-S3_nuc_pos11_q3_5c_trackmate.xml,55,0,,,53998,54091,19,22,19.0,22.0,4,4,death,seq0046_HeLa-S3_nuc_pos11_q3_5c:cell55,False
seq0046_HeLa-S3_nuc_pos11_q3_5c,HeLa-S3_nuc_pos11_q3_5c,DynamicNuclearNet,val,DynamicNuclearNet\tif_data\val\out\HeLa-S3_nuc_pos11_q3_5c\HeLa-S3_nuc_pos11_q3_5c_trackmate.xml,56,0,,,54001,54726,20,41,20.0,41.0,22,22,death,seq0046_HeLa-S3_nuc_pos11_q3_5c:cell56,False
seq0046_HeLa-S3_nuc_pos11_q3_5c,HeLa-S3_nuc_pos11_q3_5c,DynamicNuclearNet,val,DynamicNuclearNet\tif_data\val\out\HeLa-S3_nuc_pos11_q3_5c\HeLa-S3_nuc_pos11_q3_5c_trackmate.xml,57,0,,,54089,54127,22,24,22.0,24.0,3,3,death,seq0046_HeLa-S3_nuc_pos11_q3_5c:cell57,False
seq0046_HeLa-S3_nuc_pos11_q3_5c,HeLa-S3_nuc_pos11_q3_5c,DynamicNuclearNet,val,DynamicNuclearNet\tif_data\val\out\HeLa-S3_nuc_pos11_q3_5c\HeLa-S3_nuc_pos11_q3_5c_trackmate.xml,58,0,,,54092,54730,23,41,23.0,41.0,19,19,death,seq0046_HeLa-S3_nuc_pos11_q3_5c:cell58,False
seq0046_HeLa-S3_nuc_pos11_q3_5c,HeLa-S3_nuc_pos11_q3_5c,DynamicNuclearNet,val,DynamicNuclearNet\tif_data\val\out\HeLa-S3_nuc_pos11_q3_5c\HeLa-S3_nuc_pos11_q3_5c_trackmate.xml,59,0,,76|77,54094,54539,23,35,23.0,35.0,13,13,division,seq0046_HeLa-S3_nuc_pos11_q3_5c:cell59,True
seq0046_HeLa-S3_nuc_pos11_q3_5c,HeLa-S3_nuc_pos11_q3_5c,DynamicNuclearNet,val,DynamicNuclearNet\tif_data\val\out\HeLa-S3_nuc_pos11_q3_5c\HeLa-S3_nuc_pos11_q3_5c_trackmate.xml,60,0,,,54163,54383,24,30,24.0,30.0,7,7,death,seq0046_HeLa-S3_nuc_pos11_q3_5c:cell60,False
seq0046_HeLa-S3_nuc_pos11_q3_5c,HeLa-S3_nuc_pos11_q3_5c,DynamicNuclearNet,val,DynamicNuclearNet\tif_data\val\out\HeLa-S3_nuc_pos11_q3_5c\HeLa-S3_nuc_pos11_q3_5c_trackmate.xml,61,0,,,54128,54606,26,38,26.0,38.0,13,13,death,seq0046_HeLa-S3_nuc_pos11_q3_5c:cell61,False
seq0046_HeLa-S3_nuc_pos11_q3_5c,HeLa-S3_nuc_pos11_q3_5c,DynamicNuclearNet,val,DynamicNuclearNet\tif_data\val\out\HeLa-S3_nuc_pos11_q3_5c\HeLa-S3_nuc_pos11_q3_5c_trackmate.xml,62,0,,,54184,54184,26,26,26.0,26.0,1,1,death,seq0046_HeLa-S3_nuc_pos11_q3_5c:cell62,False
seq0046_HeLa-S3_nuc_pos11_q3_5c,HeLa-S3_nuc_pos11_q3_5c,DynamicNuclearNet,val,DynamicNuclearNet\tif_data\val\out\HeLa-S3_nuc_pos11_q3_5c\HeLa-S3_nuc_pos11_q3_5c_trackmate.xml,63,0,,,54230,54230,27,27,27.0,27.0,1,1,death,seq0046_HeLa-S3_nuc_pos11_q3_5c:cell63,False
seq0046_HeLa-S3_nuc_pos11_q3_5c,HeLa-S3_nuc_pos11_q3_5c,DynamicNuclearNet,val,DynamicNuclearNet\tif_data\val\out\HeLa-S3_nuc_pos11_q3_5c\HeLa-S3_nuc_pos11_q3_5c_trackmate.xml,64,0,,,54231,54474,27,34,27.0,34.0,8,8,death,seq0046_HeLa-S3_nuc_pos11_q3_5c:cell64,False
seq0046_HeLa-S3_nuc_pos11_q3_5c,HeLa-S3_nuc_pos11_q3_5c,DynamicNuclearNet,val,DynamicNuclearNet\tif_data\val\out\HeLa-S3_nuc_pos11_q3_5c\HeLa-S3_nuc_pos11_q3_5c_trackmate.xml,65,0,,,54257,54769,27,41,27.0,41.0,15,15,death,seq0046_HeLa-S3_nuc_pos11_q3_5c:cell65,False
seq0046_HeLa-S3_nuc_pos11_q3_5c,HeLa-S3_nuc_pos11_q3_5c,DynamicNuclearNet,val,DynamicNuclearNet\tif_data\val\out\HeLa-S3_nuc_pos11_q3_5c\HeLa-S3_nuc_pos11_q3_5c_trackmate.xml,66,0,,,54331,54710,31,41,31.0,41.0,11,11,death,seq0046_HeLa-S3_nuc_pos11_q3_5c:cell66,False
seq0046_HeLa-S3_nuc_pos11_q3_5c,HeLa-S3_nuc_pos11_q3_5c,DynamicNuclearNet,val,DynamicNuclearNet\tif_data\val\out\HeLa-S3_nuc_pos11_q3_5c\HeLa-S3_nuc_pos11_q3_5c_trackmate.xml,67,0,,,54335,54719,31,41,31.0,41.0,11,11,death,seq0046_HeLa-S3_nuc_pos11_q3_5c:cell67,False
seq0046_HeLa-S3_nuc_pos11_q3_5c,HeLa-S3_nuc_pos11_q3_5c,DynamicNuclearNet,val,DynamicNuclearNet\tif_data\val\out\HeLa-S3_nuc_pos11_q3_5c\HeLa-S3_nuc_pos11_q3_5c_trackmate.xml,68,0,,,54350,54417,31,32,31.0,32.0,2,2,death,seq0046_HeLa-S3_nuc_pos11_q3_5c:cell68,False
seq0046_HeLa-S3_nuc_pos11_q3_5c,HeLa-S3_nuc_pos11_q3_5c,DynamicNuclearNet,val,DynamicNuclearNet\tif_data\val\out\HeLa-S3_nuc_pos11_q3_5c\HeLa-S3_nuc_pos11_q3_5c_trackmate.xml,69,0,,,54420,54754,32,41,32.0,41.0,10,10,death,seq0046_HeLa-S3_nuc_pos11_q3_5c:cell69,False
seq0046_HeLa-S3_nuc_pos11_q3_5c,HeLa-S3_nuc_pos11_q3_5c,DynamicNuclearNet,val,DynamicNuclearNet\tif_data\val\out\HeLa-S3_nuc_pos11_q3_5c\HeLa-S3_nuc_pos11_q3_5c_trackmate.xml,70,0,,,54502,54744,33,41,33.0,41.0,9,9,death,seq0046_HeLa-S3_nuc_pos11_q3_5c:cell70,False
seq0046_HeLa-S3_nuc_pos11_q3_5c,HeLa-S3_nuc_pos11_q3_5c,DynamicNuclearNet,val,DynamicNuclearNet\tif_data\val\out\HeLa-S3_nuc_pos11_q3_5c\HeLa-S3_nuc_pos11_q3_5c_trackmate.xml,71,0,,,54547,54743,35,41,35.0,41.0,7,7,death,seq0046_HeLa-S3_nuc_pos11_q3_5c:cell71,False
seq0046_HeLa-S3_nuc_pos11_q3_5c,HeLa-S3_nuc_pos11_q3_5c,DynamicNuclearNet,val,DynamicNuclearNet\tif_data\val\out\HeLa-S3_nuc_pos11_q3_5c\HeLa-S3_nuc_pos11_q3_5c_trackmate.xml,72,0,,,54660,54722,39,41,39.0,41.0,3,3,death,seq0046_HeLa-S3_nuc_pos11_q3_5c:cell72,False
seq0046_HeLa-S3_nuc_pos11_q3_5c,HeLa-S3_nuc_pos11_q3_5c,DynamicNuclearNet,val,DynamicNuclearNet\tif_data\val\out\HeLa-S3_nuc_pos11_q3_5c\HeLa-S3_nuc_pos11_q3_5c_trackmate.xml,73,0,,,54662,54662,39,39,39.0,39.0,1,1,death,seq0046_HeLa-S3_nuc_pos11_q3_5c:cell73,False
seq0046_HeLa-S3_nuc_pos11_q3_5c,HeLa-S3_nuc_pos11_q3_5c,DynamicNuclearNet,val,DynamicNuclearNet\tif_data\val\out\HeLa-S3_nuc_pos11_q3_5c\HeLa-S3_nuc_pos11_q3_5c_trackmate.xml,74,0,,,54642,54642,40,40,40.0,40.0,1,1,death,seq0046_HeLa-S3_nuc_pos11_q3_5c:cell74,False
seq0046_HeLa-S3_nuc_pos11_q3_5c,HeLa-S3_nuc_pos11_q3_5c,DynamicNuclearNet,val,DynamicNuclearNet\tif_data\val\out\HeLa-S3_nuc_pos11_q3_5c\HeLa-S3_nuc_pos11_q3_5c_trackmate.xml,75,0,,,54728,54728,41,41,41.0,41.0,1,1,death,seq0046_HeLa-S3_nuc_pos11_q3_5c:cell75,False
seq0046_HeLa-S3_nuc_pos11_q3_5c,HeLa-S3_nuc_pos11_q3_5c,DynamicNuclearNet,val,DynamicNuclearNet\tif_data\val\out\HeLa-S3_nuc_pos11_q3_5c\HeLa-S3_nuc_pos11_q3_5c_trackmate.xml,76,1,59,78|79,54446,54612,36,38,36.0,38.0,3,3,division,seq0046_HeLa-S3_nuc_pos11_q3_5c:cell76,True
seq0046_HeLa-S3_nuc_pos11_q3_5c,HeLa-S3_nuc_pos11_q3_5c,DynamicNuclearNet,val,DynamicNuclearNet\tif_data\val\out\HeLa-S3_nuc_pos11_q3_5c\HeLa-S3_nuc_pos11_q3_5c_trackmate.xml,77,1,59,,54452,54452,36,36,36.0,36.0,1,1,death,seq0046_HeLa-S3_nuc_pos11_q3_5c:cell77,False
seq0046_HeLa-S3_nuc_pos11_q3_5c,HeLa-S3_nuc_pos11_q3_5c,DynamicNuclearNet,val,DynamicNuclearNet\tif_data\val\out\HeLa-S3_nuc_pos11_q3_5c\HeLa-S3_nuc_pos11_q3_5c_trackmate.xml,78,2,76,,54671,54735,39,41,39.0,41.0,3,3,death,seq0046_HeLa-S3_nuc_pos11_q3_5c:cell78,False
seq0046_HeLa-S3_nuc_pos11_q3_5c,HeLa-S3_nuc_pos11_q3_5c,DynamicNuclearNet,val,DynamicNuclearNet\tif_data\val\out\HeLa-S3_nuc_pos11_q3_5c\HeLa-S3_nuc_pos11_q3_5c_trackmate.xml,79,2,76,,54679,54679,39,39,39.0,39.0,1,1,death,seq0046_HeLa-S3_nuc_pos11_q3_5c:cell79,False
seq0047_HeLa-S3_nuc_pos13_q0_5c,HeLa-S3_nuc_pos13_q0_5c,DynamicNuclearNet,val,DynamicNuclearNet\tif_data\val\out\HeLa-S3_nuc_pos13_q0_5c\HeLa-S3_nuc_pos13_q0_5c_trackmate.xml,0,0,,,55064,54819,0,2,0.0,2.0,3,3,death,seq0047_HeLa-S3_nuc_pos13_q0_5c:cell0,False
seq0047_HeLa-S3_nuc_pos13_q0_5c,HeLa-S3_nuc_pos13_q0_5c,DynamicNuclearNet,val,DynamicNuclearNet\tif_data\val\out\HeLa-S3_nuc_pos13_q0_5c\HeLa-S3_nuc_pos13_q0_5c_trackmate.xml,1,0,,,55065,55799,0,36,0.0,36.0,37,37,death,seq0047_HeLa-S3_nuc_pos13_q0_5c:cell1,False
seq0047_HeLa-S3_nuc_pos13_q0_5c,HeLa-S3_nuc_pos13_q0_5c,DynamicNuclearNet,val,DynamicNuclearNet\tif_data\val\out\HeLa-S3_nuc_pos13_q0_5c\HeLa-S3_nuc_pos13_q0_5c_trackmate.xml,2,0,,,55066,55790,0,41,0.0,41.0,42,42,death,seq0047_HeLa-S3_nuc_pos13_q0_5c:cell2,False
seq0047_HeLa-S3_nuc_pos13_q0_5c,HeLa-S3_nuc_pos13_q0_5c,DynamicNuclearNet,val,DynamicNuclearNet\tif_data\val\out\HeLa-S3_nuc_pos13_q0_5c\HeLa-S3_nuc_pos13_q0_5c_trackmate.xml,3,0,,,55067,55795,0,41,0.0,41.0,42,42,death,seq0047_HeLa-S3_nuc_pos13_q0_5c:cell3,False
seq0047_HeLa-S3_nuc_pos13_q0_5c,HeLa-S3_nuc_pos13_q0_5c,DynamicNuclearNet,val,DynamicNuclearNet\tif_data\val\out\HeLa-S3_nuc_pos13_q0_5c\HeLa-S3_nuc_pos13_q0_5c_trackmate.xml,4,0,,,55068,55800,0,41,0.0,41.0,42,42,death,seq0047_HeLa-S3_nuc_pos13_q0_5c:cell4,False
seq0047_HeLa-S3_nuc_pos13_q0_5c,HeLa-S3_nuc_pos13_q0_5c,DynamicNuclearNet,val,DynamicNuclearNet\tif_data\val\out\HeLa-S3_nuc_pos13_q0_5c\HeLa-S3_nuc_pos13_q0_5c_trackmate.xml,5,0,,,55069,55805,0,41,0.0,41.0,42,42,death,seq0047_HeLa-S3_nuc_pos13_q0_5c:cell5,False
seq0047_HeLa-S3_nuc_pos13_q0_5c,HeLa-S3_nuc_pos13_q0_5c,DynamicNuclearNet,val,DynamicNuclearNet\tif_data\val\out\HeLa-S3_nuc_pos13_q0_5c\HeLa-S3_nuc_pos13_q0_5c_trackmate.xml,6,0,,,55070,55810,0,41,0.0,41.0,42,42,death,seq0047_HeLa-S3_nuc_pos13_q0_5c:cell6,False
seq0047_HeLa-S3_nuc_pos13_q0_5c,HeLa-S3_nuc_pos13_q0_5c,DynamicNuclearNet,val,DynamicNuclearNet\tif_data\val\out\HeLa-S3_nuc_pos13_q0_5c\HeLa-S3_nuc_pos13_q0_5c_trackmate.xml,7,0,,,55071,55820,0,41,0.0,41.0,42,42,death,seq0047_HeLa-S3_nuc_pos13_q0_5c:cell7,False
seq0047_HeLa-S3_nuc_pos13_q0_5c,HeLa-S3_nuc_pos13_q0_5c,DynamicNuclearNet,val,DynamicNuclearNet\tif_data\val\out\HeLa-S3_nuc_pos13_q0_5c\HeLa-S3_nuc_pos13_q0_5c_trackmate.xml,8,0,,,55072,55825,0,41,0.0,41.0,42,42,death,seq0047_HeLa-S3_nuc_pos13_q0_5c:cell8,False
seq0047_HeLa-S3_nuc_pos13_q0_5c,HeLa-S3_nuc_pos13_q0_5c,DynamicNuclearNet,val,DynamicNuclearNet\tif_data\val\out\HeLa-S3_nuc_pos13_q0_5c\HeLa-S3_nuc_pos13_q0_5c_trackmate.xml,9,0,,,55073,55835,0,41,0.0,41.0,42,42,death,seq0047_HeLa-S3_nuc_pos13_q0_5c:cell9,False
seq0047_HeLa-S3_nuc_pos13_q0_5c,HeLa-S3_nuc_pos13_q0_5c,DynamicNuclearNet,val,DynamicNuclearNet\tif_data\val\out\HeLa-S3_nuc_pos13_q0_5c\HeLa-S3_nuc_pos13_q0_5c_trackmate.xml,10,0,,,55074,55839,0,41,0.0,41.0,42,42,death,seq0047_HeLa-S3_nuc_pos13_q0_5c:cell10,False
seq0047_HeLa-S3_nuc_pos13_q0_5c,HeLa-S3_nuc_pos13_q0_5c,DynamicNuclearNet,val,DynamicNuclearNet\tif_data\val\out\HeLa-S3_nuc_pos13_q0_5c\HeLa-S3_nuc_pos13_q0_5c_trackmate.xml,11,0,,,55075,55842,0,41,0.0,41.0,42,42,death,seq0047_HeLa-S3_nuc_pos13_q0_5c:cell11,False
seq0047_HeLa-S3_nuc_pos13_q0_5c,HeLa-S3_nuc_pos13_q0_5c,DynamicNuclearNet,val,DynamicNuclearNet\tif_data\val\out\HeLa-S3_nuc_pos13_q0_5c\HeLa-S3_nuc_pos13_q0_5c_trackmate.xml,12,0,,,55076,55897,0,40,0.0,40.0,41,41,death,seq0047_HeLa-S3_nuc_pos13_q0_5c:cell12,False
seq0047_HeLa-S3_nuc_pos13_q0_5c,HeLa-S3_nuc_pos13_q0_5c,DynamicNuclearNet,val,DynamicNuclearNet\tif_data\val\out\HeLa-S3_nuc_pos13_q0_5c\HeLa-S3_nuc_pos13_q0_5c_trackmate.xml,13,0,,,55077,54971,0,9,0.0,9.0,10,10,death,seq0047_HeLa-S3_nuc_pos13_q0_5c:cell13,False
seq0047_HeLa-S3_nuc_pos13_q0_5c,HeLa-S3_nuc_pos13_q0_5c,DynamicNuclearNet,val,DynamicNuclearNet\tif_data\val\out\HeLa-S3_nuc_pos13_q0_5c\HeLa-S3_nuc_pos13_q0_5c_trackmate.xml,14,0,,,55078,55586,0,28,0.0,28.0,29,29,death,seq0047_HeLa-S3_nuc_pos13_q0_5c:cell14,False
seq0047_HeLa-S3_nuc_pos13_q0_5c,HeLa-S3_nuc_pos13_q0_5c,DynamicNuclearNet,val,DynamicNuclearNet\tif_data\val\out\HeLa-S3_nuc_pos13_q0_5c\HeLa-S3_nuc_pos13_q0_5c_trackmate.xml,15,0,,,55079,55854,0,41,0.0,41.0,42,42,death,seq0047_HeLa-S3_nuc_pos13_q0_5c:cell15,False
seq0047_HeLa-S3_nuc_pos13_q0_5c,HeLa-S3_nuc_pos13_q0_5c,DynamicNuclearNet,val,DynamicNuclearNet\tif_data\val\out\HeLa-S3_nuc_pos13_q0_5c\HeLa-S3_nuc_pos13_q0_5c_trackmate.xml,16,0,,,55080,55861,0,41,0.0,41.0,42,42,death,seq0047_HeLa-S3_nuc_pos13_q0_5c:cell16,False
seq0047_HeLa-S3_nuc_pos13_q0_5c,HeLa-S3_nuc_pos13_q0_5c,DynamicNuclearNet,val,DynamicNuclearNet\tif_data\val\out\HeLa-S3_nuc_pos13_q0_5c\HeLa-S3_nuc_pos13_q0_5c_trackmate.xml,17,0,,,55081,55579,0,27,0.0,27.0,28,28,death,seq0047_HeLa-S3_nuc_pos13_q0_5c:cell17,False
seq0047_HeLa-S3_nuc_pos13_q0_5c,HeLa-S3_nuc_pos13_q0_5c,DynamicNuclearNet,val,DynamicNuclearNet\tif_data\val\out\HeLa-S3_nuc_pos13_q0_5c\HeLa-S3_nuc_pos13_q0_5c_trackmate.xml,18,0,,,55082,55868,0,41,0.0,41.0,42,42,death,seq0047_HeLa-S3_nuc_pos13_q0_5c:cell18,False
seq0047_HeLa-S3_nuc_pos13_q0_5c,HeLa-S3_nuc_pos13_q0_5c,DynamicNuclearNet,val,DynamicNuclearNet\tif_data\val\out\HeLa-S3_nuc_pos13_q0_5c\HeLa-S3_nuc_pos13_q0_5c_trackmate.xml,19,0,,,55083,55871,0,41,0.0,41.0,42,42,death,seq0047_HeLa-S3_nuc_pos13_q0_5c:cell19,False
seq0047_HeLa-S3_nuc_pos13_q0_5c,HeLa-S3_nuc_pos13_q0_5c,DynamicNuclearNet,val,DynamicNuclearNet\tif_data\val\out\HeLa-S3_nuc_pos13_q0_5c\HeLa-S3_nuc_pos13_q0_5c_trackmate.xml,20,0,,,55084,55792,0,39,0.0,39.0,40,40,death,seq0047_HeLa-S3_nuc_pos13_q0_5c:cell20,False
seq0047_HeLa-S3_nuc_pos13_q0_5c,HeLa-S3_nuc_pos13_q0_5c,DynamicNuclearNet,val,DynamicNuclearNet\tif_data\val\out\HeLa-S3_nuc_pos13_q0_5c\HeLa-S3_nuc_pos13_q0_5c_trackmate.xml,21,0,,,55085,55879,0,41,0.0,41.0,42,42,death,seq0047_HeLa-S3_nuc_pos13_q0_5c:cell21,False
seq0047_HeLa-S3_nuc_pos13_q0_5c,HeLa-S3_nuc_pos13_q0_5c,DynamicNuclearNet,val,DynamicNuclearNet\tif_data\val\out\HeLa-S3_nuc_pos13_q0_5c\HeLa-S3_nuc_pos13_q0_5c_trackmate.xml,22,0,,,55086,55877,0,41,0.0,41.0,42,42,death,seq0047_HeLa-S3_nuc_pos13_q0_5c:cell22,False
seq0047_HeLa-S3_nuc_pos13_q0_5c,HeLa-S3_nuc_pos13_q0_5c,DynamicNuclearNet,val,DynamicNuclearNet\tif_data\val\out\HeLa-S3_nuc_pos13_q0_5c\HeLa-S3_nuc_pos13_q0_5c_trackmate.xml,23,0,,,55087,55878,0,41,0.0,41.0,42,42,death,seq0047_HeLa-S3_nuc_pos13_q0_5c:cell23,False
seq0047_HeLa-S3_nuc_pos13_q0_5c,HeLa-S3_nuc_pos13_q0_5c,DynamicNuclearNet,val,DynamicNuclearNet\tif_data\val\out\HeLa-S3_nuc_pos13_q0_5c\HeLa-S3_nuc_pos13_q0_5c_trackmate.xml,24,0,,,54826,54838,1,2,1.0,2.0,2,2,death,seq0047_HeLa-S3_nuc_pos13_q0_5c:cell24,False
seq0047_HeLa-S3_nuc_pos13_q0_5c,HeLa-S3_nuc_pos13_q0_5c,DynamicNuclearNet,val,DynamicNuclearNet\tif_data\val\out\HeLa-S3_nuc_pos13_q0_5c\HeLa-S3_nuc_pos13_q0_5c_trackmate.xml,25,0,,,54938,54938,8,8,8.0,8.0,1,1,death,seq0047_HeLa-S3_nuc_pos13_q0_5c:cell25,False
seq0047_HeLa-S3_nuc_pos13_q0_5c,HeLa-S3_nuc_pos13_q0_5c,DynamicNuclearNet,val,DynamicNuclearNet\tif_data\val\out\HeLa-S3_nuc_pos13_q0_5c\HeLa-S3_nuc_pos13_q0_5c_trackmate.xml,26,0,,,54867,55493,9,28,9.0,28.0,20,20,death,seq0047_HeLa-S3_nuc_pos13_q0_5c:cell26,False
seq0047_HeLa-S3_nuc_pos13_q0_5c,HeLa-S3_nuc_pos13_q0_5c,DynamicNuclearNet,val,DynamicNuclearNet\tif_data\val\out\HeLa-S3_nuc_pos13_q0_5c\HeLa-S3_nuc_pos13_q0_5c_trackmate.xml,27,0,,,54911,55094,10,12,10.0,12.0,3,3,death,seq0047_HeLa-S3_nuc_pos13_q0_5c:cell27,False
seq0047_HeLa-S3_nuc_pos13_q0_5c,HeLa-S3_nuc_pos13_q0_5c,DynamicNuclearNet,val,DynamicNuclearNet\tif_data\val\out\HeLa-S3_nuc_pos13_q0_5c\HeLa-S3_nuc_pos13_q0_5c_trackmate.xml,28,0,,,54963,55846,10,41,10.0,41.0,32,32,death,seq0047_HeLa-S3_nuc_pos13_q0_5c:cell28,False
seq0047_HeLa-S3_nuc_pos13_q0_5c,HeLa-S3_nuc_pos13_q0_5c,DynamicNuclearNet,val,DynamicNuclearNet\tif_data\val\out\HeLa-S3_nuc_pos13_q0_5c\HeLa-S3_nuc_pos13_q0_5c_trackmate.xml,29,0,,,54975,55858,10,41,10.0,41.0,32,32,death,seq0047_HeLa-S3_nuc_pos13_q0_5c:cell29,False
seq0047_HeLa-S3_nuc_pos13_q0_5c,HeLa-S3_nuc_pos13_q0_5c,DynamicNuclearNet,val,DynamicNuclearNet\tif_data\val\out\HeLa-S3_nuc_pos13_q0_5c\HeLa-S3_nuc_pos13_q0_5c_trackmate.xml,30,0,,,55046,55046,11,11,11.0,11.0,1,1,death,seq0047_HeLa-S3_nuc_pos13_q0_5c:cell30,False
seq0047_HeLa-S3_nuc_pos13_q0_5c,HeLa-S3_nuc_pos13_q0_5c,DynamicNuclearNet,val,DynamicNuclearNet\tif_data\val\out\HeLa-S3_nuc_pos13_q0_5c\HeLa-S3_nuc_pos13_q0_5c_trackmate.xml,31,0,,,55127,55127,12,12,12.0,12.0,1,1,death,seq0047_HeLa-S3_nuc_pos13_q0_5c:cell31,False
seq0047_HeLa-S3_nuc_pos13_q0_5c,HeLa-S3_nuc_pos13_q0_5c,DynamicNuclearNet,val,DynamicNuclearNet\tif_data\val\out\HeLa-S3_nuc_pos13_q0_5c\HeLa-S3_nuc_pos13_q0_5c_trackmate.xml,32,0,,,55211,55211,17,17,17.0,17.0,1,1,death,seq0047_HeLa-S3_nuc_pos13_q0_5c:cell32,False
seq0047_HeLa-S3_nuc_pos13_q0_5c,HeLa-S3_nuc_pos13_q0_5c,DynamicNuclearNet,val,DynamicNuclearNet\tif_data\val\out\HeLa-S3_nuc_pos13_q0_5c\HeLa-S3_nuc_pos13_q0_5c_trackmate.xml,33,0,,,55197,55481,19,27,19.0,27.0,9,9,death,seq0047_HeLa-S3_nuc_pos13_q0_5c:cell33,False
seq0047_HeLa-S3_nuc_pos13_q0_5c,HeLa-S3_nuc_pos13_q0_5c,DynamicNuclearNet,val,DynamicNuclearNet\tif_data\val\out\HeLa-S3_nuc_pos13_q0_5c\HeLa-S3_nuc_pos13_q0_5c_trackmate.xml,34,0,,,55217,55217,19,19,19.0,19.0,1,1,death,seq0047_HeLa-S3_nuc_pos13_q0_5c:cell34,False
seq0047_HeLa-S3_nuc_pos13_q0_5c,HeLa-S3_nuc_pos13_q0_5c,DynamicNuclearNet,val,DynamicNuclearNet\tif_data\val\out\HeLa-S3_nuc_pos13_q0_5c\HeLa-S3_nuc_pos13_q0_5c_trackmate.xml,35,0,,,55335,55650,21,23,21.0,23.0,3,3,death,seq0047_HeLa-S3_nuc_pos13_q0_5c:cell35,False
seq0047_HeLa-S3_nuc_pos13_q0_5c,HeLa-S3_nuc_pos13_q0_5c,DynamicNuclearNet,val,DynamicNuclearNet\tif_data\val\out\HeLa-S3_nuc_pos13_q0_5c\HeLa-S3_nuc_pos13_q0_5c_trackmate.xml,36,0,,,55371,55881,21,41,21.0,41.0,21,21,death,seq0047_HeLa-S3_nuc_pos13_q0_5c:cell36,False
seq0047_HeLa-S3_nuc_pos13_q0_5c,HeLa-S3_nuc_pos13_q0_5c,DynamicNuclearNet,val,DynamicNuclearNet\tif_data\val\out\HeLa-S3_nuc_pos13_q0_5c\HeLa-S3_nuc_pos13_q0_5c_trackmate.xml,37,0,,,55411,55411,25,25,25.0,25.0,1,1,death,seq0047_HeLa-S3_nuc_pos13_q0_5c:cell37,False
seq0047_HeLa-S3_nuc_pos13_q0_5c,HeLa-S3_nuc_pos13_q0_5c,DynamicNuclearNet,val,DynamicNuclearNet\tif_data\val\out\HeLa-S3_nuc_pos13_q0_5c\HeLa-S3_nuc_pos13_q0_5c_trackmate.xml,38,0,,,55609,55568,28,32,28.0,32.0,5,5,death,seq0047_HeLa-S3_nuc_pos13_q0_5c:cell38,False
seq0047_HeLa-S3_nuc_pos13_q0_5c,HeLa-S3_nuc_pos13_q0_5c,DynamicNuclearNet,val,DynamicNuclearNet\tif_data\val\out\HeLa-S3_nuc_pos13_q0_5c\HeLa-S3_nuc_pos13_q0_5c_trackmate.xml,39,0,,,55460,55816,30,41,30.0,41.0,12,12,death,seq0047_HeLa-S3_nuc_pos13_q0_5c:cell39,False
seq0047_HeLa-S3_nuc_pos13_q0_5c,HeLa-S3_nuc_pos13_q0_5c,DynamicNuclearNet,val,DynamicNuclearNet\tif_data\val\out\HeLa-S3_nuc_pos13_q0_5c\HeLa-S3_nuc_pos13_q0_5c_trackmate.xml,40,0,,,55474,55830,30,41,30.0,41.0,12,12,death,seq0047_HeLa-S3_nuc_pos13_q0_5c:cell40,False
seq0047_HeLa-S3_nuc_pos13_q0_5c,HeLa-S3_nuc_pos13_q0_5c,DynamicNuclearNet,val,DynamicNuclearNet\tif_data\val\out\HeLa-S3_nuc_pos13_q0_5c\HeLa-S3_nuc_pos13_q0_5c_trackmate.xml,41,0,,,55570,55880,30,41,30.0,41.0,12,12,death,seq0047_HeLa-S3_nuc_pos13_q0_5c:cell41,False
seq0047_HeLa-S3_nuc_pos13_q0_5c,HeLa-S3_nuc_pos13_q0_5c,DynamicNuclearNet,val,DynamicNuclearNet\tif_data\val\out\HeLa-S3_nuc_pos13_q0_5c\HeLa-S3_nuc_pos13_q0_5c_trackmate.xml,42,0,,,55657,55864,33,41,33.0,41.0,9,9,death,seq0047_HeLa-S3_nuc_pos13_q0_5c:cell42,False
seq0047_HeLa-S3_nuc_pos13_q0_5c,HeLa-S3_nuc_pos13_q0_5c,DynamicNuclearNet,val,DynamicNuclearNet\tif_data\val\out\HeLa-S3_nuc_pos13_q0_5c\HeLa-S3_nuc_pos13_q0_5c_trackmate.xml,43,0,,,55660,55863,33,36,33.0,36.0,4,4,death,seq0047_HeLa-S3_nuc_pos13_q0_5c:cell43,False
seq0047_HeLa-S3_nuc_pos13_q0_5c,HeLa-S3_nuc_pos13_q0_5c,DynamicNuclearNet,val,DynamicNuclearNet\tif_data\val\out\HeLa-S3_nuc_pos13_q0_5c\HeLa-S3_nuc_pos13_q0_5c_trackmate.xml,44,0,,,55768,55788,37,41,37.0,41.0,5,5,death,seq0047_HeLa-S3_nuc_pos13_q0_5c:cell44,False
seq0047_HeLa-S3_nuc_pos13_q0_5c,HeLa-S3_nuc_pos13_q0_5c,DynamicNuclearNet,val,DynamicNuclearNet\tif_data\val\out\HeLa-S3_nuc_pos13_q0_5c\HeLa-S3_nuc_pos13_q0_5c_trackmate.xml,45,0,,,55838,55866,37,41,37.0,41.0,5,5,death,seq0047_HeLa-S3_nuc_pos13_q0_5c:cell45,False
seq0047_HeLa-S3_nuc_pos13_q0_5c,HeLa-S3_nuc_pos13_q0_5c,DynamicNuclearNet,val,DynamicNuclearNet\tif_data\val\out\HeLa-S3_nuc_pos13_q0_5c\HeLa-S3_nuc_pos13_q0_5c_trackmate.xml,46,0,,,55896,55849,40,41,40.0,41.0,2,2,death,seq0047_HeLa-S3_nuc_pos13_q0_5c:cell46,False
seq0047_HeLa-S3_nuc_pos13_q0_5c,HeLa-S3_nuc_pos13_q0_5c,DynamicNuclearNet,val,DynamicNuclearNet\tif_data\val\out\HeLa-S3_nuc_pos13_q0_5c\HeLa-S3_nuc_pos13_q0_5c_trackmate.xml,47,0,,,55905,55874,40,41,40.0,41.0,2,2,death,seq0047_HeLa-S3_nuc_pos13_q0_5c:cell47,False
seq0047_HeLa-S3_nuc_pos13_q0_5c,HeLa-S3_nuc_pos13_q0_5c,DynamicNuclearNet,val,DynamicNuclearNet\tif_data\val\out\HeLa-S3_nuc_pos13_q0_5c\HeLa-S3_nuc_pos13_q0_5c_trackmate.xml,48,0,,,55784,55784,41,41,41.0,41.0,1,1,death,seq0047_HeLa-S3_nuc_pos13_q0_5c:cell48,False
seq0048_HeLa-S3_nuc_pos13_q2_5c,HeLa-S3_nuc_pos13_q2_5c,DynamicNuclearNet,val,DynamicNuclearNet\tif_data\val\out\HeLa-S3_nuc_pos13_q2_5c\HeLa-S3_nuc_pos13_q2_5c_trackmate.xml,0,0,,,56108,56848,0,41,0.0,41.0,42,42,death,seq0048_HeLa-S3_nuc_pos13_q2_5c:cell0,False
seq0048_HeLa-S3_nuc_pos13_q2_5c,HeLa-S3_nuc_pos13_q2_5c,DynamicNuclearNet,val,DynamicNuclearNet\tif_data\val\out\HeLa-S3_nuc_pos13_q2_5c\HeLa-S3_nuc_pos13_q2_5c_trackmate.xml,1,0,,,56110,56846,0,41,0.0,41.0,42,42,death,seq0048_HeLa-S3_nuc_pos13_q2_5c:cell1,False
seq0048_HeLa-S3_nuc_pos13_q2_5c,HeLa-S3_nuc_pos13_q2_5c,DynamicNuclearNet,val,DynamicNuclearNet\tif_data\val\out\HeLa-S3_nuc_pos13_q2_5c\HeLa-S3_nuc_pos13_q2_5c_trackmate.xml,2,0,,,56112,56851,0,41,0.0,41.0,42,42,death,seq0048_HeLa-S3_nuc_pos13_q2_5c:cell2,False
seq0048_HeLa-S3_nuc_pos13_q2_5c,HeLa-S3_nuc_pos13_q2_5c,DynamicNuclearNet,val,DynamicNuclearNet\tif_data\val\out\HeLa-S3_nuc_pos13_q2_5c\HeLa-S3_nuc_pos13_q2_5c_trackmate.xml,3,0,,,56114,56855,0,41,0.0,41.0,42,42,death,seq0048_HeLa-S3_nuc_pos13_q2_5c:cell3,False
seq0048_HeLa-S3_nuc_pos13_q2_5c,HeLa-S3_nuc_pos13_q2_5c,DynamicNuclearNet,val,DynamicNuclearNet\tif_data\val\out\HeLa-S3_nuc_pos13_q2_5c\HeLa-S3_nuc_pos13_q2_5c_trackmate.xml,4,0,,,56116,56860,0,41,0.0,41.0,42,42,death,seq0048_HeLa-S3_nuc_pos13_q2_5c:cell4,False
seq0048_HeLa-S3_nuc_pos13_q2_5c,HeLa-S3_nuc_pos13_q2_5c,DynamicNuclearNet,val,DynamicNuclearNet\tif_data\val\out\HeLa-S3_nuc_pos13_q2_5c\HeLa-S3_nuc_pos13_q2_5c_trackmate.xml,5,0,,,56117,56858,0,41,0.0,41.0,42,42,death,seq0048_HeLa-S3_nuc_pos13_q2_5c:cell5,False
seq0048_HeLa-S3_nuc_pos13_q2_5c,HeLa-S3_nuc_pos13_q2_5c,DynamicNuclearNet,val,DynamicNuclearNet\tif_data\val\out\HeLa-S3_nuc_pos13_q2_5c\HeLa-S3_nuc_pos13_q2_5c_trackmate.xml,6,0,,,56118,56862,0,41,0.0,41.0,42,42,death,seq0048_HeLa-S3_nuc_pos13_q2_5c:cell6,False
seq0048_HeLa-S3_nuc_pos13_q2_5c,HeLa-S3_nuc_pos13_q2_5c,DynamicNuclearNet,val,DynamicNuclearNet\tif_data\val\out\HeLa-S3_nuc_pos13_q2_5c\HeLa-S3_nuc_pos13_q2_5c_trackmate.xml,7,0,,,56119,56867,0,41,0.0,41.0,42,42,death,seq0048_HeLa-S3_nuc_pos13_q2_5c:cell7,False
seq0048_HeLa-S3_nuc_pos13_q2_5c,HeLa-S3_nuc_pos13_q2_5c,DynamicNuclearNet,val,DynamicNuclearNet\tif_data\val\out\HeLa-S3_nuc_pos13_q2_5c\HeLa-S3_nuc_pos13_q2_5c_trackmate.xml,8,0,,,56120,56869,0,41,0.0,41.0,42,42,death,seq0048_HeLa-S3_nuc_pos13_q2_5c:cell8,False
seq0048_HeLa-S3_nuc_pos13_q2_5c,HeLa-S3_nuc_pos13_q2_5c,DynamicNuclearNet,val,DynamicNuclearNet\tif_data\val\out\HeLa-S3_nuc_pos13_q2_5c\HeLa-S3_nuc_pos13_q2_5c_trackmate.xml,9,0,,,56121,56865,0,41,0.0,41.0,42,42,death,seq0048_HeLa-S3_nuc_pos13_q2_5c:cell9,False
seq0048_HeLa-S3_nuc_pos13_q2_5c,HeLa-S3_nuc_pos13_q2_5c,DynamicNuclearNet,val,DynamicNuclearNet\tif_data\val\out\HeLa-S3_nuc_pos13_q2_5c\HeLa-S3_nuc_pos13_q2_5c_trackmate.xml,10,0,,,56122,56872,0,41,0.0,41.0,42,42,death,seq0048_HeLa-S3_nuc_pos13_q2_5c:cell10,False
seq0048_HeLa-S3_nuc_pos13_q2_5c,HeLa-S3_nuc_pos13_q2_5c,DynamicNuclearNet,val,DynamicNuclearNet\tif_data\val\out\HeLa-S3_nuc_pos13_q2_5c\HeLa-S3_nuc_pos13_q2_5c_trackmate.xml,11,0,,,56123,56874,0,41,0.0,41.0,42,42,death,seq0048_HeLa-S3_nuc_pos13_q2_5c:cell11,False
seq0048_HeLa-S3_nuc_pos13_q2_5c,HeLa-S3_nuc_pos13_q2_5c,DynamicNuclearNet,val,DynamicNuclearNet\tif_data\val\out\HeLa-S3_nuc_pos13_q2_5c\HeLa-S3_nuc_pos13_q2_5c_trackmate.xml,12,0,,,56124,56877,0,41,0.0,41.0,42,42,death,seq0048_HeLa-S3_nuc_pos13_q2_5c:cell12,False
seq0048_HeLa-S3_nuc_pos13_q2_5c,HeLa-S3_nuc_pos13_q2_5c,DynamicNuclearNet,val,DynamicNuclearNet\tif_data\val\out\HeLa-S3_nuc_pos13_q2_5c\HeLa-S3_nuc_pos13_q2_5c_trackmate.xml,13,0,,,56125,56475,0,25,0.0,25.0,26,26,death,seq0048_HeLa-S3_nuc_pos13_q2_5c:cell13,False
seq0048_HeLa-S3_nuc_pos13_q2_5c,HeLa-S3_nuc_pos13_q2_5c,DynamicNuclearNet,val,DynamicNuclearNet\tif_data\val\out\HeLa-S3_nuc_pos13_q2_5c\HeLa-S3_nuc_pos13_q2_5c_trackmate.xml,14,0,,,56126,56881,0,41,0.0,41.0,42,42,death,seq0048_HeLa-S3_nuc_pos13_q2_5c:cell14,False
seq0048_HeLa-S3_nuc_pos13_q2_5c,HeLa-S3_nuc_pos13_q2_5c,DynamicNuclearNet,val,DynamicNuclearNet\tif_data\val\out\HeLa-S3_nuc_pos13_q2_5c\HeLa-S3_nuc_pos13_q2_5c_trackmate.xml,15,0,,,56127,56884,0,41,0.0,41.0,42,42,death,seq0048_HeLa-S3_nuc_pos13_q2_5c:cell15,False
seq0048_HeLa-S3_nuc_pos13_q2_5c,HeLa-S3_nuc_pos13_q2_5c,DynamicNuclearNet,val,DynamicNuclearNet\tif_data\val\out\HeLa-S3_nuc_pos13_q2_5c\HeLa-S3_nuc_pos13_q2_5c_trackmate.xml,16,0,,,56128,56888,0,41,0.0,41.0,42,42,death,seq0048_HeLa-S3_nuc_pos13_q2_5c:cell16,False
seq0048_HeLa-S3_nuc_pos13_q2_5c,HeLa-S3_nuc_pos13_q2_5c,DynamicNuclearNet,val,DynamicNuclearNet\tif_data\val\out\HeLa-S3_nuc_pos13_q2_5c\HeLa-S3_nuc_pos13_q2_5c_trackmate.xml,17,0,,,56129,56886,0,41,0.0,41.0,42,42,death,seq0048_HeLa-S3_nuc_pos13_q2_5c:cell17,False
seq0048_HeLa-S3_nuc_pos13_q2_5c,HeLa-S3_nuc_pos13_q2_5c,DynamicNuclearNet,val,DynamicNuclearNet\tif_data\val\out\HeLa-S3_nuc_pos13_q2_5c\HeLa-S3_nuc_pos13_q2_5c_trackmate.xml,18,0,,,56130,56892,0,41,0.0,41.0,42,42,death,seq0048_HeLa-S3_nuc_pos13_q2_5c:cell18,False
seq0048_HeLa-S3_nuc_pos13_q2_5c,HeLa-S3_nuc_pos13_q2_5c,DynamicNuclearNet,val,DynamicNuclearNet\tif_data\val\out\HeLa-S3_nuc_pos13_q2_5c\HeLa-S3_nuc_pos13_q2_5c_trackmate.xml,19,0,,,56131,56216,0,14,0.0,14.0,15,15,death,seq0048_HeLa-S3_nuc_pos13_q2_5c:cell19,False
seq0048_HeLa-S3_nuc_pos13_q2_5c,HeLa-S3_nuc_pos13_q2_5c,DynamicNuclearNet,val,DynamicNuclearNet\tif_data\val\out\HeLa-S3_nuc_pos13_q2_5c\HeLa-S3_nuc_pos13_q2_5c_trackmate.xml,20,0,,,56132,56896,0,41,0.0,41.0,42,42,death,seq0048_HeLa-S3_nuc_pos13_q2_5c:cell20,False
seq0048_HeLa-S3_nuc_pos13_q2_5c,HeLa-S3_nuc_pos13_q2_5c,DynamicNuclearNet,val,DynamicNuclearNet\tif_data\val\out\HeLa-S3_nuc_pos13_q2_5c\HeLa-S3_nuc_pos13_q2_5c_trackmate.xml,21,0,,,56133,56133,0,0,0.0,0.0,1,1,death,seq0048_HeLa-S3_nuc_pos13_q2_5c:cell21,False
seq0048_HeLa-S3_nuc_pos13_q2_5c,HeLa-S3_nuc_pos13_q2_5c,DynamicNuclearNet,val,DynamicNuclearNet\tif_data\val\out\HeLa-S3_nuc_pos13_q2_5c\HeLa-S3_nuc_pos13_q2_5c_trackmate.xml,22,0,,,56134,56899,0,41,0.0,41.0,42,42,death,seq0048_HeLa-S3_nuc_pos13_q2_5c:cell22,False
seq0048_HeLa-S3_nuc_pos13_q2_5c,HeLa-S3_nuc_pos13_q2_5c,DynamicNuclearNet,val,DynamicNuclearNet\tif_data\val\out\HeLa-S3_nuc_pos13_q2_5c\HeLa-S3_nuc_pos13_q2_5c_trackmate.xml,23,0,,,55961,55961,1,1,1.0,1.0,1,1,death,seq0048_HeLa-S3_nuc_pos13_q2_5c:cell23,False
seq0048_HeLa-S3_nuc_pos13_q2_5c,HeLa-S3_nuc_pos13_q2_5c,DynamicNuclearNet,val,DynamicNuclearNet\tif_data\val\out\HeLa-S3_nuc_pos13_q2_5c\HeLa-S3_nuc_pos13_q2_5c_trackmate.xml,24,0,,,56042,56113,7,8,7.0,8.0,2,2,death,seq0048_HeLa-S3_nuc_pos13_q2_5c:cell24,False
seq0048_HeLa-S3_nuc_pos13_q2_5c,HeLa-S3_nuc_pos13_q2_5c,DynamicNuclearNet,val,DynamicNuclearNet\tif_data\val\out\HeLa-S3_nuc_pos13_q2_5c\HeLa-S3_nuc_pos13_q2_5c_trackmate.xml,25,0,,,56358,56291,15,19,15.0,19.0,5,5,death,seq0048_HeLa-S3_nuc_pos13_q2_5c:cell25,False
seq0048_HeLa-S3_nuc_pos13_q2_5c,HeLa-S3_nuc_pos13_q2_5c,DynamicNuclearNet,val,DynamicNuclearNet\tif_data\val\out\HeLa-S3_nuc_pos13_q2_5c\HeLa-S3_nuc_pos13_q2_5c_trackmate.xml,26,0,,,56360,56360,15,15,15.0,15.0,1,1,death,seq0048_HeLa-S3_nuc_pos13_q2_5c:cell26,False
seq0048_HeLa-S3_nuc_pos13_q2_5c,HeLa-S3_nuc_pos13_q2_5c,DynamicNuclearNet,val,DynamicNuclearNet\tif_data\val\out\HeLa-S3_nuc_pos13_q2_5c\HeLa-S3_nuc_pos13_q2_5c_trackmate.xml,27,0,,,56326,56326,16,16,16.0,16.0,1,1,death,seq0048_HeLa-S3_nuc_pos13_q2_5c:cell27,False
seq0048_HeLa-S3_nuc_pos13_q2_5c,HeLa-S3_nuc_pos13_q2_5c,DynamicNuclearNet,val,DynamicNuclearNet\tif_data\val\out\HeLa-S3_nuc_pos13_q2_5c\HeLa-S3_nuc_pos13_q2_5c_trackmate.xml,28,0,,,56347,56347,18,18,18.0,18.0,1,1,death,seq0048_HeLa-S3_nuc_pos13_q2_5c:cell28,False
seq0048_HeLa-S3_nuc_pos13_q2_5c,HeLa-S3_nuc_pos13_q2_5c,DynamicNuclearNet,val,DynamicNuclearNet\tif_data\val\out\HeLa-S3_nuc_pos13_q2_5c\HeLa-S3_nuc_pos13_q2_5c_trackmate.xml,29,0,,,56299,56685,19,33,19.0,33.0,15,15,death,seq0048_HeLa-S3_nuc_pos13_q2_5c:cell29,False
seq0048_HeLa-S3_nuc_pos13_q2_5c,HeLa-S3_nuc_pos13_q2_5c,DynamicNuclearNet,val,DynamicNuclearNet\tif_data\val\out\HeLa-S3_nuc_pos13_q2_5c\HeLa-S3_nuc_pos13_q2_5c_trackmate.xml,30,0,,,56313,56890,20,41,20.0,41.0,22,22,death,seq0048_HeLa-S3_nuc_pos13_q2_5c:cell30,False
seq0048_HeLa-S3_nuc_pos13_q2_5c,HeLa-S3_nuc_pos13_q2_5c,DynamicNuclearNet,val,DynamicNuclearNet\tif_data\val\out\HeLa-S3_nuc_pos13_q2_5c\HeLa-S3_nuc_pos13_q2_5c_trackmate.xml,31,0,,,56317,56894,20,41,20.0,41.0,22,22,death,seq0048_HeLa-S3_nuc_pos13_q2_5c:cell31,False
seq0048_HeLa-S3_nuc_pos13_q2_5c,HeLa-S3_nuc_pos13_q2_5c,DynamicNuclearNet,val,DynamicNuclearNet\tif_data\val\out\HeLa-S3_nuc_pos13_q2_5c\HeLa-S3_nuc_pos13_q2_5c_trackmate.xml,32,0,,,56330,56385,20,21,20.0,21.0,2,2,death,seq0048_HeLa-S3_nuc_pos13_q2_5c:cell32,False
seq0048_HeLa-S3_nuc_pos13_q2_5c,HeLa-S3_nuc_pos13_q2_5c,DynamicNuclearNet,val,DynamicNuclearNet\tif_data\val\out\HeLa-S3_nuc_pos13_q2_5c\HeLa-S3_nuc_pos13_q2_5c_trackmate.xml,33,0,,,56434,56434,23,23,23.0,23.0,1,1,death,seq0048_HeLa-S3_nuc_pos13_q2_5c:cell33,False
seq0048_HeLa-S3_nuc_pos13_q2_5c,HeLa-S3_nuc_pos13_q2_5c,DynamicNuclearNet,val,DynamicNuclearNet\tif_data\val\out\HeLa-S3_nuc_pos13_q2_5c\HeLa-S3_nuc_pos13_q2_5c_trackmate.xml,34,0,,,56507,56563,25,26,25.0,26.0,2,2,death,seq0048_HeLa-S3_nuc_pos13_q2_5c:cell34,False
seq0048_HeLa-S3_nuc_pos13_q2_5c,HeLa-S3_nuc_pos13_q2_5c,DynamicNuclearNet,val,DynamicNuclearNet\tif_data\val\out\HeLa-S3_nuc_pos13_q2_5c\HeLa-S3_nuc_pos13_q2_5c_trackmate.xml,35,0,,,56529,56879,26,41,26.0,41.0,16,16,death,seq0048_HeLa-S3_nuc_pos13_q2_5c:cell35,False
seq0048_HeLa-S3_nuc_pos13_q2_5c,HeLa-S3_nuc_pos13_q2_5c,DynamicNuclearNet,val,DynamicNuclearNet\tif_data\val\out\HeLa-S3_nuc_pos13_q2_5c\HeLa-S3_nuc_pos13_q2_5c_trackmate.xml,36,0,,,56532,56882,26,41,26.0,41.0,16,16,death,seq0048_HeLa-S3_nuc_pos13_q2_5c:cell36,False
seq0048_HeLa-S3_nuc_pos13_q2_5c,HeLa-S3_nuc_pos13_q2_5c,DynamicNuclearNet,val,DynamicNuclearNet\tif_data\val\out\HeLa-S3_nuc_pos13_q2_5c\HeLa-S3_nuc_pos13_q2_5c_trackmate.xml,37,0,,,56570,56570,28,28,28.0,28.0,1,1,death,seq0048_HeLa-S3_nuc_pos13_q2_5c:cell37,False
seq0048_HeLa-S3_nuc_pos13_q2_5c,HeLa-S3_nuc_pos13_q2_5c,DynamicNuclearNet,val,DynamicNuclearNet\tif_data\val\out\HeLa-S3_nuc_pos13_q2_5c\HeLa-S3_nuc_pos13_q2_5c_trackmate.xml,38,0,,,56686,56686,33,33,33.0,33.0,1,1,death,seq0048_HeLa-S3_nuc_pos13_q2_5c:cell38,False
seq0048_HeLa-S3_nuc_pos13_q2_5c,HeLa-S3_nuc_pos13_q2_5c,DynamicNuclearNet,val,DynamicNuclearNet\tif_data\val\out\HeLa-S3_nuc_pos13_q2_5c\HeLa-S3_nuc_pos13_q2_5c_trackmate.xml,39,0,,,56711,56771,34,35,34.0,35.0,2,2,death,seq0048_HeLa-S3_nuc_pos13_q2_5c:cell39,False
seq0048_HeLa-S3_nuc_pos13_q2_5c,HeLa-S3_nuc_pos13_q2_5c,DynamicNuclearNet,val,DynamicNuclearNet\tif_data\val\out\HeLa-S3_nuc_pos13_q2_5c\HeLa-S3_nuc_pos13_q2_5c_trackmate.xml,40,0,,,56854,56873,39,40,39.0,40.0,2,2,death,seq0048_HeLa-S3_nuc_pos13_q2_5c:cell40,False
seq0048_HeLa-S3_nuc_pos13_q2_5c,HeLa-S3_nuc_pos13_q2_5c,DynamicNuclearNet,val,DynamicNuclearNet\tif_data\val\out\HeLa-S3_nuc_pos13_q2_5c\HeLa-S3_nuc_pos13_q2_5c_trackmate.xml,41,0,,,56901,56901,41,41,41.0,41.0,1,1,death,seq0048_HeLa-S3_nuc_pos13_q2_5c:cell41,False
seq0049_HeLa-S3_nuc_pos14_q2_5c,HeLa-S3_nuc_pos14_q2_5c,DynamicNuclearNet,val,DynamicNuclearNet\tif_data\val\out\HeLa-S3_nuc_pos14_q2_5c\HeLa-S3_nuc_pos14_q2_5c_trackmate.xml,0,0,,,57602,57509,0,41,0.0,41.0,42,42,death,seq0049_HeLa-S3_nuc_pos14_q2_5c:cell0,False
seq0049_HeLa-S3_nuc_pos14_q2_5c,HeLa-S3_nuc_pos14_q2_5c,DynamicNuclearNet,val,DynamicNuclearNet\tif_data\val\out\HeLa-S3_nuc_pos14_q2_5c\HeLa-S3_nuc_pos14_q2_5c_trackmate.xml,1,0,,,57603,57513,0,41,0.0,41.0,42,42,death,seq0049_HeLa-S3_nuc_pos14_q2_5c:cell1,False
seq0049_HeLa-S3_nuc_pos14_q2_5c,HeLa-S3_nuc_pos14_q2_5c,DynamicNuclearNet,val,DynamicNuclearNet\tif_data\val\out\HeLa-S3_nuc_pos14_q2_5c\HeLa-S3_nuc_pos14_q2_5c_trackmate.xml,2,0,,,57604,57517,0,41,0.0,41.0,42,42,death,seq0049_HeLa-S3_nuc_pos14_q2_5c:cell2,False
seq0049_HeLa-S3_nuc_pos14_q2_5c,HeLa-S3_nuc_pos14_q2_5c,DynamicNuclearNet,val,DynamicNuclearNet\tif_data\val\out\HeLa-S3_nuc_pos14_q2_5c\HeLa-S3_nuc_pos14_q2_5c_trackmate.xml,3,0,,,57605,57521,0,41,0.0,41.0,42,42,death,seq0049_HeLa-S3_nuc_pos14_q2_5c:cell3,False
seq0049_HeLa-S3_nuc_pos14_q2_5c,HeLa-S3_nuc_pos14_q2_5c,DynamicNuclearNet,val,DynamicNuclearNet\tif_data\val\out\HeLa-S3_nuc_pos14_q2_5c\HeLa-S3_nuc_pos14_q2_5c_trackmate.xml,4,0,,,57606,57530,0,41,0.0,41.0,42,42,death,seq0049_HeLa-S3_nuc_pos14_q2_5c:cell4,False
seq0049_HeLa-S3_nuc_pos14_q2_5c,HeLa-S3_nuc_pos14_q2_5c,DynamicNuclearNet,val,DynamicNuclearNet\tif_data\val\out\HeLa-S3_nuc_pos14_q2_5c\HeLa-S3_nuc_pos14_q2_5c_trackmate.xml,5,0,,,57607,57526,0,41,0.0,41.0,42,42,death,seq0049_HeLa-S3_nuc_pos14_q2_5c:cell5,False
seq0049_HeLa-S3_nuc_pos14_q2_5c,HeLa-S3_nuc_pos14_q2_5c,DynamicNuclearNet,val,DynamicNuclearNet\tif_data\val\out\HeLa-S3_nuc_pos14_q2_5c\HeLa-S3_nuc_pos14_q2_5c_trackmate.xml,6,0,,,57608,57537,0,41,0.0,41.0,42,42,death,seq0049_HeLa-S3_nuc_pos14_q2_5c:cell6,False
seq0049_HeLa-S3_nuc_pos14_q2_5c,HeLa-S3_nuc_pos14_q2_5c,DynamicNuclearNet,val,DynamicNuclearNet\tif_data\val\out\HeLa-S3_nuc_pos14_q2_5c\HeLa-S3_nuc_pos14_q2_5c_trackmate.xml,7,0,,,57609,57543,0,41,0.0,41.0,42,42,death,seq0049_HeLa-S3_nuc_pos14_q2_5c:cell7,False
seq0049_HeLa-S3_nuc_pos14_q2_5c,HeLa-S3_nuc_pos14_q2_5c,DynamicNuclearNet,val,DynamicNuclearNet\tif_data\val\out\HeLa-S3_nuc_pos14_q2_5c\HeLa-S3_nuc_pos14_q2_5c_trackmate.xml,8,0,,,57610,57549,0,41,0.0,41.0,42,42,death,seq0049_HeLa-S3_nuc_pos14_q2_5c:cell8,False
seq0049_HeLa-S3_nuc_pos14_q2_5c,HeLa-S3_nuc_pos14_q2_5c,DynamicNuclearNet,val,DynamicNuclearNet\tif_data\val\out\HeLa-S3_nuc_pos14_q2_5c\HeLa-S3_nuc_pos14_q2_5c_trackmate.xml,9,0,,,57611,57554,0,41,0.0,41.0,42,42,death,seq0049_HeLa-S3_nuc_pos14_q2_5c:cell9,False
seq0049_HeLa-S3_nuc_pos14_q2_5c,HeLa-S3_nuc_pos14_q2_5c,DynamicNuclearNet,val,DynamicNuclearNet\tif_data\val\out\HeLa-S3_nuc_pos14_q2_5c\HeLa-S3_nuc_pos14_q2_5c_trackmate.xml,10,0,,,57612,57557,0,41,0.0,41.0,42,42,death,seq0049_HeLa-S3_nuc_pos14_q2_5c:cell10,False
seq0049_HeLa-S3_nuc_pos14_q2_5c,HeLa-S3_nuc_pos14_q2_5c,DynamicNuclearNet,val,DynamicNuclearNet\tif_data\val\out\HeLa-S3_nuc_pos14_q2_5c\HeLa-S3_nuc_pos14_q2_5c_trackmate.xml,11,0,,,57613,57570,0,41,0.0,41.0,42,42,death,seq0049_HeLa-S3_nuc_pos14_q2_5c:cell11,False
seq0049_HeLa-S3_nuc_pos14_q2_5c,HeLa-S3_nuc_pos14_q2_5c,DynamicNuclearNet,val,DynamicNuclearNet\tif_data\val\out\HeLa-S3_nuc_pos14_q2_5c\HeLa-S3_nuc_pos14_q2_5c_trackmate.xml,12,0,,,57614,57562,0,41,0.0,41.0,42,42,death,seq0049_HeLa-S3_nuc_pos14_q2_5c:cell12,False
seq0049_HeLa-S3_nuc_pos14_q2_5c,HeLa-S3_nuc_pos14_q2_5c,DynamicNuclearNet,val,DynamicNuclearNet\tif_data\val\out\HeLa-S3_nuc_pos14_q2_5c\HeLa-S3_nuc_pos14_q2_5c_trackmate.xml,13,0,,,57615,57566,0,41,0.0,41.0,42,42,death,seq0049_HeLa-S3_nuc_pos14_q2_5c:cell13,False
seq0049_HeLa-S3_nuc_pos14_q2_5c,HeLa-S3_nuc_pos14_q2_5c,DynamicNuclearNet,val,DynamicNuclearNet\tif_data\val\out\HeLa-S3_nuc_pos14_q2_5c\HeLa-S3_nuc_pos14_q2_5c_trackmate.xml,14,0,,,57616,57573,0,41,0.0,41.0,42,42,death,seq0049_HeLa-S3_nuc_pos14_q2_5c:cell14,False
seq0049_HeLa-S3_nuc_pos14_q2_5c,HeLa-S3_nuc_pos14_q2_5c,DynamicNuclearNet,val,DynamicNuclearNet\tif_data\val\out\HeLa-S3_nuc_pos14_q2_5c\HeLa-S3_nuc_pos14_q2_5c_trackmate.xml,15,0,,,56962,57506,1,41,1.0,41.0,41,41,death,seq0049_HeLa-S3_nuc_pos14_q2_5c:cell15,False
seq0049_HeLa-S3_nuc_pos14_q2_5c,HeLa-S3_nuc_pos14_q2_5c,DynamicNuclearNet,val,DynamicNuclearNet\tif_data\val\out\HeLa-S3_nuc_pos14_q2_5c\HeLa-S3_nuc_pos14_q2_5c_trackmate.xml,16,0,,,57010,57010,7,7,7.0,7.0,1,1,death,seq0049_HeLa-S3_nuc_pos14_q2_5c:cell16,False
seq0049_HeLa-S3_nuc_pos14_q2_5c,HeLa-S3_nuc_pos14_q2_5c,DynamicNuclearNet,val,DynamicNuclearNet\tif_data\val\out\HeLa-S3_nuc_pos14_q2_5c\HeLa-S3_nuc_pos14_q2_5c_trackmate.xml,17,0,,,57074,57074,9,9,9.0,9.0,1,1,death,seq0049_HeLa-S3_nuc_pos14_q2_5c:cell17,False
seq0049_HeLa-S3_nuc_pos14_q2_5c,HeLa-S3_nuc_pos14_q2_5c,DynamicNuclearNet,val,DynamicNuclearNet\tif_data\val\out\HeLa-S3_nuc_pos14_q2_5c\HeLa-S3_nuc_pos14_q2_5c_trackmate.xml,18,0,,,57382,57577,27,41,27.0,41.0,15,15,death,seq0049_HeLa-S3_nuc_pos14_q2_5c:cell18,False
seq0049_HeLa-S3_nuc_pos14_q2_5c,HeLa-S3_nuc_pos14_q2_5c,DynamicNuclearNet,val,DynamicNuclearNet\tif_data\val\out\HeLa-S3_nuc_pos14_q2_5c\HeLa-S3_nuc_pos14_q2_5c_trackmate.xml,19,0,,,57309,57504,28,41,28.0,41.0,14,14,death,seq0049_HeLa-S3_nuc_pos14_q2_5c:cell19,False
seq0050_HeLa-S3_nuc_pos17_q0_5c,HeLa-S3_nuc_pos17_q0_5c,DynamicNuclearNet,val,DynamicNuclearNet\tif_data\val\out\HeLa-S3_nuc_pos17_q0_5c\HeLa-S3_nuc_pos17_q0_5c_trackmate.xml,0,0,,57|58,57788,57652,0,1,0.0,1.0,2,2,division,seq0050_HeLa-S3_nuc_pos17_q0_5c:cell0,True
seq0050_HeLa-S3_nuc_pos17_q0_5c,HeLa-S3_nuc_pos17_q0_5c,DynamicNuclearNet,val,DynamicNuclearNet\tif_data\val\out\HeLa-S3_nuc_pos17_q0_5c\HeLa-S3_nuc_pos17_q0_5c_trackmate.xml,1,0,,,57793,58668,0,41,0.0,41.0,42,42,death,seq0050_HeLa-S3_nuc_pos17_q0_5c:cell1,False
seq0050_HeLa-S3_nuc_pos17_q0_5c,HeLa-S3_nuc_pos17_q0_5c,DynamicNuclearNet,val,DynamicNuclearNet\tif_data\val\out\HeLa-S3_nuc_pos17_q0_5c\HeLa-S3_nuc_pos17_q0_5c_trackmate.xml,2,0,,,57797,58548,0,37,0.0,37.0,38,38,death,seq0050_HeLa-S3_nuc_pos17_q0_5c:cell2,False
seq0050_HeLa-S3_nuc_pos17_q0_5c,HeLa-S3_nuc_pos17_q0_5c,DynamicNuclearNet,val,DynamicNuclearNet\tif_data\val\out\HeLa-S3_nuc_pos17_q0_5c\HeLa-S3_nuc_pos17_q0_5c_trackmate.xml,3,0,,,57803,58673,0,41,0.0,41.0,42,42,death,seq0050_HeLa-S3_nuc_pos17_q0_5c:cell3,False
seq0050_HeLa-S3_nuc_pos17_q0_5c,HeLa-S3_nuc_pos17_q0_5c,DynamicNuclearNet,val,DynamicNuclearNet\tif_data\val\out\HeLa-S3_nuc_pos17_q0_5c\HeLa-S3_nuc_pos17_q0_5c_trackmate.xml,4,0,,,57807,58676,0,41,0.0,41.0,42,42,death,seq0050_HeLa-S3_nuc_pos17_q0_5c:cell4,False
seq0050_HeLa-S3_nuc_pos17_q0_5c,HeLa-S3_nuc_pos17_q0_5c,DynamicNuclearNet,val,DynamicNuclearNet\tif_data\val\out\HeLa-S3_nuc_pos17_q0_5c\HeLa-S3_nuc_pos17_q0_5c_trackmate.xml,5,0,,,57812,57980,0,13,0.0,13.0,14,14,death,seq0050_HeLa-S3_nuc_pos17_q0_5c:cell5,False
seq0050_HeLa-S3_nuc_pos17_q0_5c,HeLa-S3_nuc_pos17_q0_5c,DynamicNuclearNet,val,DynamicNuclearNet\tif_data\val\out\HeLa-S3_nuc_pos17_q0_5c\HeLa-S3_nuc_pos17_q0_5c_trackmate.xml,6,0,,,57816,58683,0,41,0.0,41.0,42,42,death,seq0050_HeLa-S3_nuc_pos17_q0_5c:cell6,False
seq0050_HeLa-S3_nuc_pos17_q0_5c,HeLa-S3_nuc_pos17_q0_5c,DynamicNuclearNet,val,DynamicNuclearNet\tif_data\val\out\HeLa-S3_nuc_pos17_q0_5c\HeLa-S3_nuc_pos17_q0_5c_trackmate.xml,7,0,,,57819,57949,0,14,0.0,14.0,15,15,death,seq0050_HeLa-S3_nuc_pos17_q0_5c:cell7,False
seq0050_HeLa-S3_nuc_pos17_q0_5c,HeLa-S3_nuc_pos17_q0_5c,DynamicNuclearNet,val,DynamicNuclearNet\tif_data\val\out\HeLa-S3_nuc_pos17_q0_5c\HeLa-S3_nuc_pos17_q0_5c_trackmate.xml,8,0,,,57824,58681,0,41,0.0,41.0,42,42,death,seq0050_HeLa-S3_nuc_pos17_q0_5c:cell8,False
seq0050_HeLa-S3_nuc_pos17_q0_5c,HeLa-S3_nuc_pos17_q0_5c,DynamicNuclearNet,val,DynamicNuclearNet\tif_data\val\out\HeLa-S3_nuc_pos17_q0_5c\HeLa-S3_nuc_pos17_q0_5c_trackmate.xml,9,0,,,57829,58689,0,41,0.0,41.0,42,42,death,seq0050_HeLa-S3_nuc_pos17_q0_5c:cell9,False
seq0050_HeLa-S3_nuc_pos17_q0_5c,HeLa-S3_nuc_pos17_q0_5c,DynamicNuclearNet,val,DynamicNuclearNet\tif_data\val\out\HeLa-S3_nuc_pos17_q0_5c\HeLa-S3_nuc_pos17_q0_5c_trackmate.xml,10,0,,,57835,58693,0,41,0.0,41.0,42,42,death,seq0050_HeLa-S3_nuc_pos17_q0_5c:cell10,False
seq0050_HeLa-S3_nuc_pos17_q0_5c,HeLa-S3_nuc_pos17_q0_5c,DynamicNuclearNet,val,DynamicNuclearNet\tif_data\val\out\HeLa-S3_nuc_pos17_q0_5c\HeLa-S3_nuc_pos17_q0_5c_trackmate.xml,11,0,,,57839,58695,0,41,0.0,41.0,42,42,death,seq0050_HeLa-S3_nuc_pos17_q0_5c:cell11,False
seq0050_HeLa-S3_nuc_pos17_q0_5c,HeLa-S3_nuc_pos17_q0_5c,DynamicNuclearNet,val,DynamicNuclearNet\tif_data\val\out\HeLa-S3_nuc_pos17_q0_5c\HeLa-S3_nuc_pos17_q0_5c_trackmate.xml,12,0,,,57842,58697,0,41,0.0,41.0,42,42,death,seq0050_HeLa-S3_nuc_pos17_q0_5c:cell12,False
seq0050_HeLa-S3_nuc_pos17_q0_5c,HeLa-S3_nuc_pos17_q0_5c,DynamicNuclearNet,val,DynamicNuclearNet\tif_data\val\out\HeLa-S3_nuc_pos17_q0_5c\HeLa-S3_nuc_pos17_q0_5c_trackmate.xml,13,0,,,57845,58699,0,41,0.0,41.0,42,42,death,seq0050_HeLa-S3_nuc_pos17_q0_5c:cell13,False
seq0050_HeLa-S3_nuc_pos17_q0_5c,HeLa-S3_nuc_pos17_q0_5c,DynamicNuclearNet,val,DynamicNuclearNet\tif_data\val\out\HeLa-S3_nuc_pos17_q0_5c\HeLa-S3_nuc_pos17_q0_5c_trackmate.xml,14,0,,,57849,58700,0,41,0.0,41.0,42,42,death,seq0050_HeLa-S3_nuc_pos17_q0_5c:cell14,False
seq0050_HeLa-S3_nuc_pos17_q0_5c,HeLa-S3_nuc_pos17_q0_5c,DynamicNuclearNet,val,DynamicNuclearNet\tif_data\val\out\HeLa-S3_nuc_pos17_q0_5c\HeLa-S3_nuc_pos17_q0_5c_trackmate.xml,15,0,,,57851,58709,0,41,0.0,41.0,42,42,death,seq0050_HeLa-S3_nuc_pos17_q0_5c:cell15,False
seq0050_HeLa-S3_nuc_pos17_q0_5c,HeLa-S3_nuc_pos17_q0_5c,DynamicNuclearNet,val,DynamicNuclearNet\tif_data\val\out\HeLa-S3_nuc_pos17_q0_5c\HeLa-S3_nuc_pos17_q0_5c_trackmate.xml,16,0,,,57853,58707,0,41,0.0,41.0,42,42,death,seq0050_HeLa-S3_nuc_pos17_q0_5c:cell16,False
seq0050_HeLa-S3_nuc_pos17_q0_5c,HeLa-S3_nuc_pos17_q0_5c,DynamicNuclearNet,val,DynamicNuclearNet\tif_data\val\out\HeLa-S3_nuc_pos17_q0_5c\HeLa-S3_nuc_pos17_q0_5c_trackmate.xml,17,0,,,57855,58045,0,17,0.0,17.0,18,18,death,seq0050_HeLa-S3_nuc_pos17_q0_5c:cell17,False
seq0050_HeLa-S3_nuc_pos17_q0_5c,HeLa-S3_nuc_pos17_q0_5c,DynamicNuclearNet,val,DynamicNuclearNet\tif_data\val\out\HeLa-S3_nuc_pos17_q0_5c\HeLa-S3_nuc_pos17_q0_5c_trackmate.xml,18,0,,,57857,58704,0,41,0.0,41.0,42,42,death,seq0050_HeLa-S3_nuc_pos17_q0_5c:cell18,False
seq0050_HeLa-S3_nuc_pos17_q0_5c,HeLa-S3_nuc_pos17_q0_5c,DynamicNuclearNet,val,DynamicNuclearNet\tif_data\val\out\HeLa-S3_nuc_pos17_q0_5c\HeLa-S3_nuc_pos17_q0_5c_trackmate.xml,19,0,,,57859,58712,0,41,0.0,41.0,42,42,death,seq0050_HeLa-S3_nuc_pos17_q0_5c:cell19,False
seq0050_HeLa-S3_nuc_pos17_q0_5c,HeLa-S3_nuc_pos17_q0_5c,DynamicNuclearNet,val,DynamicNuclearNet\tif_data\val\out\HeLa-S3_nuc_pos17_q0_5c\HeLa-S3_nuc_pos17_q0_5c_trackmate.xml,20,0,,,57861,58715,0,41,0.0,41.0,42,42,death,seq0050_HeLa-S3_nuc_pos17_q0_5c:cell20,False
seq0050_HeLa-S3_nuc_pos17_q0_5c,HeLa-S3_nuc_pos17_q0_5c,DynamicNuclearNet,val,DynamicNuclearNet\tif_data\val\out\HeLa-S3_nuc_pos17_q0_5c\HeLa-S3_nuc_pos17_q0_5c_trackmate.xml,21,0,,,57863,58214,0,22,0.0,22.0,23,23,death,seq0050_HeLa-S3_nuc_pos17_q0_5c:cell21,False
seq0050_HeLa-S3_nuc_pos17_q0_5c,HeLa-S3_nuc_pos17_q0_5c,DynamicNuclearNet,val,DynamicNuclearNet\tif_data\val\out\HeLa-S3_nuc_pos17_q0_5c\HeLa-S3_nuc_pos17_q0_5c_trackmate.xml,22,0,,,57866,58380,0,28,0.0,28.0,29,29,death,seq0050_HeLa-S3_nuc_pos17_q0_5c:cell22,False
seq0050_HeLa-S3_nuc_pos17_q0_5c,HeLa-S3_nuc_pos17_q0_5c,DynamicNuclearNet,val,DynamicNuclearNet\tif_data\val\out\HeLa-S3_nuc_pos17_q0_5c\HeLa-S3_nuc_pos17_q0_5c_trackmate.xml,23,0,,,57868,58722,0,41,0.0,41.0,42,42,death,seq0050_HeLa-S3_nuc_pos17_q0_5c:cell23,False
seq0050_HeLa-S3_nuc_pos17_q0_5c,HeLa-S3_nuc_pos17_q0_5c,DynamicNuclearNet,val,DynamicNuclearNet\tif_data\val\out\HeLa-S3_nuc_pos17_q0_5c\HeLa-S3_nuc_pos17_q0_5c_trackmate.xml,24,0,,,57869,58726,0,41,0.0,41.0,42,42,death,seq0050_HeLa-S3_nuc_pos17_q0_5c:cell24,False
seq0050_HeLa-S3_nuc_pos17_q0_5c,HeLa-S3_nuc_pos17_q0_5c,DynamicNuclearNet,val,DynamicNuclearNet\tif_data\val\out\HeLa-S3_nuc_pos17_q0_5c\HeLa-S3_nuc_pos17_q0_5c_trackmate.xml,25,0,,,57728,58240,6,27,6.0,27.0,22,22,death,seq0050_HeLa-S3_nuc_pos17_q0_5c:cell25,False
seq0050_HeLa-S3_nuc_pos17_q0_5c,HeLa-S3_nuc_pos17_q0_5c,DynamicNuclearNet,val,DynamicNuclearNet\tif_data\val\out\HeLa-S3_nuc_pos17_q0_5c\HeLa-S3_nuc_pos17_q0_5c_trackmate.xml,26,0,,,57917,57917,14,14,14.0,14.0,1,1,death,seq0050_HeLa-S3_nuc_pos17_q0_5c:cell26,False
seq0050_HeLa-S3_nuc_pos17_q0_5c,HeLa-S3_nuc_pos17_q0_5c,DynamicNuclearNet,val,DynamicNuclearNet\tif_data\val\out\HeLa-S3_nuc_pos17_q0_5c\HeLa-S3_nuc_pos17_q0_5c_trackmate.xml,27,0,,,57890,57890,16,16,16.0,16.0,1,1,death,seq0050_HeLa-S3_nuc_pos17_q0_5c:cell27,False
seq0050_HeLa-S3_nuc_pos17_q0_5c,HeLa-S3_nuc_pos17_q0_5c,DynamicNuclearNet,val,DynamicNuclearNet\tif_data\val\out\HeLa-S3_nuc_pos17_q0_5c\HeLa-S3_nuc_pos17_q0_5c_trackmate.xml,28,0,,,57955,58008,17,19,17.0,19.0,3,3,death,seq0050_HeLa-S3_nuc_pos17_q0_5c:cell28,False
seq0050_HeLa-S3_nuc_pos17_q0_5c,HeLa-S3_nuc_pos17_q0_5c,DynamicNuclearNet,val,DynamicNuclearNet\tif_data\val\out\HeLa-S3_nuc_pos17_q0_5c\HeLa-S3_nuc_pos17_q0_5c_trackmate.xml,29,0,,,58017,58189,18,22,18.0,22.0,5,5,death,seq0050_HeLa-S3_nuc_pos17_q0_5c:cell29,False
seq0050_HeLa-S3_nuc_pos17_q0_5c,HeLa-S3_nuc_pos17_q0_5c,DynamicNuclearNet,val,DynamicNuclearNet\tif_data\val\out\HeLa-S3_nuc_pos17_q0_5c\HeLa-S3_nuc_pos17_q0_5c_trackmate.xml,30,0,,,58066,58066,18,18,18.0,18.0,1,1,death,seq0050_HeLa-S3_nuc_pos17_q0_5c:cell30,False
seq0050_HeLa-S3_nuc_pos17_q0_5c,HeLa-S3_nuc_pos17_q0_5c,DynamicNuclearNet,val,DynamicNuclearNet\tif_data\val\out\HeLa-S3_nuc_pos17_q0_5c\HeLa-S3_nuc_pos17_q0_5c_trackmate.xml,31,0,,,58071,58100,18,19,18.0,19.0,2,2,death,seq0050_HeLa-S3_nuc_pos17_q0_5c:cell31,False
seq0050_HeLa-S3_nuc_pos17_q0_5c,HeLa-S3_nuc_pos17_q0_5c,DynamicNuclearNet,val,DynamicNuclearNet\tif_data\val\out\HeLa-S3_nuc_pos17_q0_5c\HeLa-S3_nuc_pos17_q0_5c_trackmate.xml,32,0,,,58093,58147,19,20,19.0,20.0,2,2,death,seq0050_HeLa-S3_nuc_pos17_q0_5c:cell32,False
seq0050_HeLa-S3_nuc_pos17_q0_5c,HeLa-S3_nuc_pos17_q0_5c,DynamicNuclearNet,val,DynamicNuclearNet\tif_data\val\out\HeLa-S3_nuc_pos17_q0_5c\HeLa-S3_nuc_pos17_q0_5c_trackmate.xml,33,0,,,58150,58133,20,21,20.0,21.0,2,2,death,seq0050_HeLa-S3_nuc_pos17_q0_5c:cell33,False
seq0050_HeLa-S3_nuc_pos17_q0_5c,HeLa-S3_nuc_pos17_q0_5c,DynamicNuclearNet,val,DynamicNuclearNet\tif_data\val\out\HeLa-S3_nuc_pos17_q0_5c\HeLa-S3_nuc_pos17_q0_5c_trackmate.xml,34,0,,,58123,58123,21,21,21.0,21.0,1,1,death,seq0050_HeLa-S3_nuc_pos17_q0_5c:cell34,False
seq0050_HeLa-S3_nuc_pos17_q0_5c,HeLa-S3_nuc_pos17_q0_5c,DynamicNuclearNet,val,DynamicNuclearNet\tif_data\val\out\HeLa-S3_nuc_pos17_q0_5c\HeLa-S3_nuc_pos17_q0_5c_trackmate.xml,35,0,,,58134,58134,21,21,21.0,21.0,1,1,death,seq0050_HeLa-S3_nuc_pos17_q0_5c:cell35,False
seq0050_HeLa-S3_nuc_pos17_q0_5c,HeLa-S3_nuc_pos17_q0_5c,DynamicNuclearNet,val,DynamicNuclearNet\tif_data\val\out\HeLa-S3_nuc_pos17_q0_5c\HeLa-S3_nuc_pos17_q0_5c_trackmate.xml,36,0,,59|60,58200,58291,22,27,22.0,27.0,6,6,division,seq0050_HeLa-S3_nuc_pos17_q0_5c:cell36,True
seq0050_HeLa-S3_nuc_pos17_q0_5c,HeLa-S3_nuc_pos17_q0_5c,DynamicNuclearNet,val,DynamicNuclearNet\tif_data\val\out\HeLa-S3_nuc_pos17_q0_5c\HeLa-S3_nuc_pos17_q0_5c_trackmate.xml,37,0,,,58205,58710,22,41,22.0,41.0,20,20,death,seq0050_HeLa-S3_nuc_pos17_q0_5c:cell37,False
seq0050_HeLa-S3_nuc_pos17_q0_5c,HeLa-S3_nuc_pos17_q0_5c,DynamicNuclearNet,val,DynamicNuclearNet\tif_data\val\out\HeLa-S3_nuc_pos17_q0_5c\HeLa-S3_nuc_pos17_q0_5c_trackmate.xml,38,0,,,58233,58717,23,41,23.0,41.0,19,19,death,seq0050_HeLa-S3_nuc_pos17_q0_5c:cell38,False
seq0050_HeLa-S3_nuc_pos17_q0_5c,HeLa-S3_nuc_pos17_q0_5c,DynamicNuclearNet,val,DynamicNuclearNet\tif_data\val\out\HeLa-S3_nuc_pos17_q0_5c\HeLa-S3_nuc_pos17_q0_5c_trackmate.xml,39,0,,,58235,58724,23,41,23.0,41.0,19,19,death,seq0050_HeLa-S3_nuc_pos17_q0_5c:cell39,False
seq0050_HeLa-S3_nuc_pos17_q0_5c,HeLa-S3_nuc_pos17_q0_5c,DynamicNuclearNet,val,DynamicNuclearNet\tif_data\val\out\HeLa-S3_nuc_pos17_q0_5c\HeLa-S3_nuc_pos17_q0_5c_trackmate.xml,40,0,,,58248,58581,24,36,24.0,36.0,13,13,death,seq0050_HeLa-S3_nuc_pos17_q0_5c:cell40,False
seq0050_HeLa-S3_nuc_pos17_q0_5c,HeLa-S3_nuc_pos17_q0_5c,DynamicNuclearNet,val,DynamicNuclearNet\tif_data\val\out\HeLa-S3_nuc_pos17_q0_5c\HeLa-S3_nuc_pos17_q0_5c_trackmate.xml,41,0,,,58285,58572,24,35,24.0,35.0,12,12,death,seq0050_HeLa-S3_nuc_pos17_q0_5c:cell41,False
seq0050_HeLa-S3_nuc_pos17_q0_5c,HeLa-S3_nuc_pos17_q0_5c,DynamicNuclearNet,val,DynamicNuclearNet\tif_data\val\out\HeLa-S3_nuc_pos17_q0_5c\HeLa-S3_nuc_pos17_q0_5c_trackmate.xml,42,0,,,58259,58477,28,33,28.0,33.0,6,6,death,seq0050_HeLa-S3_nuc_pos17_q0_5c:cell42,False
seq0050_HeLa-S3_nuc_pos17_q0_5c,HeLa-S3_nuc_pos17_q0_5c,DynamicNuclearNet,val,DynamicNuclearNet\tif_data\val\out\HeLa-S3_nuc_pos17_q0_5c\HeLa-S3_nuc_pos17_q0_5c_trackmate.xml,43,0,,,58354,58369,28,29,28.0,29.0,2,2,death,seq0050_HeLa-S3_nuc_pos17_q0_5c:cell43,False
seq0050_HeLa-S3_nuc_pos17_q0_5c,HeLa-S3_nuc_pos17_q0_5c,DynamicNuclearNet,val,DynamicNuclearNet\tif_data\val\out\HeLa-S3_nuc_pos17_q0_5c\HeLa-S3_nuc_pos17_q0_5c_trackmate.xml,44,0,,,58391,58719,29,41,29.0,41.0,13,13,death,seq0050_HeLa-S3_nuc_pos17_q0_5c:cell44,False
seq0050_HeLa-S3_nuc_pos17_q0_5c,HeLa-S3_nuc_pos17_q0_5c,DynamicNuclearNet,val,DynamicNuclearNet\tif_data\val\out\HeLa-S3_nuc_pos17_q0_5c\HeLa-S3_nuc_pos17_q0_5c_trackmate.xml,45,0,,,58394,58394,29,29,29.0,29.0,1,1,death,seq0050_HeLa-S3_nuc_pos17_q0_5c:cell45,False
seq0050_HeLa-S3_nuc_pos17_q0_5c,HeLa-S3_nuc_pos17_q0_5c,DynamicNuclearNet,val,DynamicNuclearNet\tif_data\val\out\HeLa-S3_nuc_pos17_q0_5c\HeLa-S3_nuc_pos17_q0_5c_trackmate.xml,46,0,,,58420,58420,30,30,30.0,30.0,1,1,death,seq0050_HeLa-S3_nuc_pos17_q0_5c:cell46,False
seq0050_HeLa-S3_nuc_pos17_q0_5c,HeLa-S3_nuc_pos17_q0_5c,DynamicNuclearNet,val,DynamicNuclearNet\tif_data\val\out\HeLa-S3_nuc_pos17_q0_5c\HeLa-S3_nuc_pos17_q0_5c_trackmate.xml,47,0,,,58451,58509,31,33,31.0,33.0,3,3,death,seq0050_HeLa-S3_nuc_pos17_q0_5c:cell47,False
seq0050_HeLa-S3_nuc_pos17_q0_5c,HeLa-S3_nuc_pos17_q0_5c,DynamicNuclearNet,val,DynamicNuclearNet\tif_data\val\out\HeLa-S3_nuc_pos17_q0_5c\HeLa-S3_nuc_pos17_q0_5c_trackmate.xml,48,0,,,58457,58721,31,41,31.0,41.0,11,11,death,seq0050_HeLa-S3_nuc_pos17_q0_5c:cell48,False
seq0050_HeLa-S3_nuc_pos17_q0_5c,HeLa-S3_nuc_pos17_q0_5c,DynamicNuclearNet,val,DynamicNuclearNet\tif_data\val\out\HeLa-S3_nuc_pos17_q0_5c\HeLa-S3_nuc_pos17_q0_5c_trackmate.xml,49,0,,,58517,58609,34,38,34.0,38.0,5,5,death,seq0050_HeLa-S3_nuc_pos17_q0_5c:cell49,False
seq0050_HeLa-S3_nuc_pos17_q0_5c,HeLa-S3_nuc_pos17_q0_5c,DynamicNuclearNet,val,DynamicNuclearNet\tif_data\val\out\HeLa-S3_nuc_pos17_q0_5c\HeLa-S3_nuc_pos17_q0_5c_trackmate.xml,50,0,,,58611,58611,35,35,35.0,35.0,1,1,death,seq0050_HeLa-S3_nuc_pos17_q0_5c:cell50,False
seq0050_HeLa-S3_nuc_pos17_q0_5c,HeLa-S3_nuc_pos17_q0_5c,DynamicNuclearNet,val,DynamicNuclearNet\tif_data\val\out\HeLa-S3_nuc_pos17_q0_5c\HeLa-S3_nuc_pos17_q0_5c_trackmate.xml,51,0,,,58567,58567,37,37,37.0,37.0,1,1,death,seq0050_HeLa-S3_nuc_pos17_q0_5c:cell51,False
seq0050_HeLa-S3_nuc_pos17_q0_5c,HeLa-S3_nuc_pos17_q0_5c,DynamicNuclearNet,val,DynamicNuclearNet\tif_data\val\out\HeLa-S3_nuc_pos17_q0_5c\HeLa-S3_nuc_pos17_q0_5c_trackmate.xml,52,0,,,58621,58670,38,41,38.0,41.0,4,4,death,seq0050_HeLa-S3_nuc_pos17_q0_5c:cell52,False
seq0050_HeLa-S3_nuc_pos17_q0_5c,HeLa-S3_nuc_pos17_q0_5c,DynamicNuclearNet,val,DynamicNuclearNet\tif_data\val\out\HeLa-S3_nuc_pos17_q0_5c\HeLa-S3_nuc_pos17_q0_5c_trackmate.xml,53,0,,,58562,58663,39,41,39.0,41.0,3,3,death,seq0050_HeLa-S3_nuc_pos17_q0_5c:cell53,False
seq0050_HeLa-S3_nuc_pos17_q0_5c,HeLa-S3_nuc_pos17_q0_5c,DynamicNuclearNet,val,DynamicNuclearNet\tif_data\val\out\HeLa-S3_nuc_pos17_q0_5c\HeLa-S3_nuc_pos17_q0_5c_trackmate.xml,54,0,,,58563,58664,39,41,39.0,41.0,3,3,death,seq0050_HeLa-S3_nuc_pos17_q0_5c:cell54,False
seq0050_HeLa-S3_nuc_pos17_q0_5c,HeLa-S3_nuc_pos17_q0_5c,DynamicNuclearNet,val,DynamicNuclearNet\tif_data\val\out\HeLa-S3_nuc_pos17_q0_5c\HeLa-S3_nuc_pos17_q0_5c_trackmate.xml,55,0,,,58586,58586,39,39,39.0,39.0,1,1,death,seq0050_HeLa-S3_nuc_pos17_q0_5c:cell55,False
seq0050_HeLa-S3_nuc_pos17_q0_5c,HeLa-S3_nuc_pos17_q0_5c,DynamicNuclearNet,val,DynamicNuclearNet\tif_data\val\out\HeLa-S3_nuc_pos17_q0_5c\HeLa-S3_nuc_pos17_q0_5c_trackmate.xml,56,0,,,58686,58686,41,41,41.0,41.0,1,1,death,seq0050_HeLa-S3_nuc_pos17_q0_5c:cell56,False
seq0050_HeLa-S3_nuc_pos17_q0_5c,HeLa-S3_nuc_pos17_q0_5c,DynamicNuclearNet,val,DynamicNuclearNet\tif_data\val\out\HeLa-S3_nuc_pos17_q0_5c\HeLa-S3_nuc_pos17_q0_5c_trackmate.xml,57,1,0,,57687,58065,2,21,2.0,21.0,20,20,death,seq0050_HeLa-S3_nuc_pos17_q0_5c:cell57,False
seq0050_HeLa-S3_nuc_pos17_q0_5c,HeLa-S3_nuc_pos17_q0_5c,DynamicNuclearNet,val,DynamicNuclearNet\tif_data\val\out\HeLa-S3_nuc_pos17_q0_5c\HeLa-S3_nuc_pos17_q0_5c_trackmate.xml,58,1,0,,57692,58053,2,21,2.0,21.0,20,20,death,seq0050_HeLa-S3_nuc_pos17_q0_5c:cell58,False
seq0050_HeLa-S3_nuc_pos17_q0_5c,HeLa-S3_nuc_pos17_q0_5c,DynamicNuclearNet,val,DynamicNuclearNet\tif_data\val\out\HeLa-S3_nuc_pos17_q0_5c\HeLa-S3_nuc_pos17_q0_5c_trackmate.xml,59,1,36,,58327,58327,28,28,28.0,28.0,1,1,death,seq0050_HeLa-S3_nuc_pos17_q0_5c:cell59,False
seq0050_HeLa-S3_nuc_pos17_q0_5c,HeLa-S3_nuc_pos17_q0_5c,DynamicNuclearNet,val,DynamicNuclearNet\tif_data\val\out\HeLa-S3_nuc_pos17_q0_5c\HeLa-S3_nuc_pos17_q0_5c_trackmate.xml,60,1,36,,58344,58702,28,41,28.0,41.0,14,14,death,seq0050_HeLa-S3_nuc_pos17_q0_5c:cell60,False
seq0051_HeLa-S3_nuc_pos19_q3_5c,HeLa-S3_nuc_pos19_q3_5c,DynamicNuclearNet,val,DynamicNuclearNet\tif_data\val\out\HeLa-S3_nuc_pos19_q3_5c\HeLa-S3_nuc_pos19_q3_5c_trackmate.xml,0,0,,,58886,60308,0,41,0.0,41.0,42,42,death,seq0051_HeLa-S3_nuc_pos19_q3_5c:cell0,False
seq0051_HeLa-S3_nuc_pos19_q3_5c,HeLa-S3_nuc_pos19_q3_5c,DynamicNuclearNet,val,DynamicNuclearNet\tif_data\val\out\HeLa-S3_nuc_pos19_q3_5c\HeLa-S3_nuc_pos19_q3_5c_trackmate.xml,1,0,,,58890,60309,0,41,0.0,41.0,42,42,death,seq0051_HeLa-S3_nuc_pos19_q3_5c:cell1,False
seq0051_HeLa-S3_nuc_pos19_q3_5c,HeLa-S3_nuc_pos19_q3_5c,DynamicNuclearNet,val,DynamicNuclearNet\tif_data\val\out\HeLa-S3_nuc_pos19_q3_5c\HeLa-S3_nuc_pos19_q3_5c_trackmate.xml,2,0,,,58896,60310,0,41,0.0,41.0,42,42,death,seq0051_HeLa-S3_nuc_pos19_q3_5c:cell2,False
seq0051_HeLa-S3_nuc_pos19_q3_5c,HeLa-S3_nuc_pos19_q3_5c,DynamicNuclearNet,val,DynamicNuclearNet\tif_data\val\out\HeLa-S3_nuc_pos19_q3_5c\HeLa-S3_nuc_pos19_q3_5c_trackmate.xml,3,0,,,58902,60311,0,41,0.0,41.0,42,42,death,seq0051_HeLa-S3_nuc_pos19_q3_5c:cell3,False
seq0051_HeLa-S3_nuc_pos19_q3_5c,HeLa-S3_nuc_pos19_q3_5c,DynamicNuclearNet,val,DynamicNuclearNet\tif_data\val\out\HeLa-S3_nuc_pos19_q3_5c\HeLa-S3_nuc_pos19_q3_5c_trackmate.xml,4,0,,,58907,60312,0,41,0.0,41.0,42,42,death,seq0051_HeLa-S3_nuc_pos19_q3_5c:cell4,False
seq0051_HeLa-S3_nuc_pos19_q3_5c,HeLa-S3_nuc_pos19_q3_5c,DynamicNuclearNet,val,DynamicNuclearNet\tif_data\val\out\HeLa-S3_nuc_pos19_q3_5c\HeLa-S3_nuc_pos19_q3_5c_trackmate.xml,5,0,,,58914,59695,0,26,0.0,26.0,27,27,death,seq0051_HeLa-S3_nuc_pos19_q3_5c:cell5,False
seq0051_HeLa-S3_nuc_pos19_q3_5c,HeLa-S3_nuc_pos19_q3_5c,DynamicNuclearNet,val,DynamicNuclearNet\tif_data\val\out\HeLa-S3_nuc_pos19_q3_5c\HeLa-S3_nuc_pos19_q3_5c_trackmate.xml,6,0,,,58922,60314,0,41,0.0,41.0,42,42,death,seq0051_HeLa-S3_nuc_pos19_q3_5c:cell6,False
seq0051_HeLa-S3_nuc_pos19_q3_5c,HeLa-S3_nuc_pos19_q3_5c,DynamicNuclearNet,val,DynamicNuclearNet\tif_data\val\out\HeLa-S3_nuc_pos19_q3_5c\HeLa-S3_nuc_pos19_q3_5c_trackmate.xml,7,0,,,58928,58876,0,9,0.0,9.0,10,10,death,seq0051_HeLa-S3_nuc_pos19_q3_5c:cell7,False
seq0051_HeLa-S3_nuc_pos19_q3_5c,HeLa-S3_nuc_pos19_q3_5c,DynamicNuclearNet,val,DynamicNuclearNet\tif_data\val\out\HeLa-S3_nuc_pos19_q3_5c\HeLa-S3_nuc_pos19_q3_5c_trackmate.xml,8,0,,,58937,60317,0,41,0.0,41.0,42,42,death,seq0051_HeLa-S3_nuc_pos19_q3_5c:cell8,False
seq0051_HeLa-S3_nuc_pos19_q3_5c,HeLa-S3_nuc_pos19_q3_5c,DynamicNuclearNet,val,DynamicNuclearNet\tif_data\val\out\HeLa-S3_nuc_pos19_q3_5c\HeLa-S3_nuc_pos19_q3_5c_trackmate.xml,9,0,,,58943,60318,0,41,0.0,41.0,42,42,death,seq0051_HeLa-S3_nuc_pos19_q3_5c:cell9,False
seq0051_HeLa-S3_nuc_pos19_q3_5c,HeLa-S3_nuc_pos19_q3_5c,DynamicNuclearNet,val,DynamicNuclearNet\tif_data\val\out\HeLa-S3_nuc_pos19_q3_5c\HeLa-S3_nuc_pos19_q3_5c_trackmate.xml,10,0,,,58950,60322,0,41,0.0,41.0,42,42,death,seq0051_HeLa-S3_nuc_pos19_q3_5c:cell10,False
seq0051_HeLa-S3_nuc_pos19_q3_5c,HeLa-S3_nuc_pos19_q3_5c,DynamicNuclearNet,val,DynamicNuclearNet\tif_data\val\out\HeLa-S3_nuc_pos19_q3_5c\HeLa-S3_nuc_pos19_q3_5c_trackmate.xml,11,0,,,58956,59566,0,23,0.0,23.0,24,24,death,seq0051_HeLa-S3_nuc_pos19_q3_5c:cell11,False
seq0051_HeLa-S3_nuc_pos19_q3_5c,HeLa-S3_nuc_pos19_q3_5c,DynamicNuclearNet,val,DynamicNuclearNet\tif_data\val\out\HeLa-S3_nuc_pos19_q3_5c\HeLa-S3_nuc_pos19_q3_5c_trackmate.xml,12,0,,,58966,59860,0,31,0.0,31.0,32,32,death,seq0051_HeLa-S3_nuc_pos19_q3_5c:cell12,False
seq0051_HeLa-S3_nuc_pos19_q3_5c,HeLa-S3_nuc_pos19_q3_5c,DynamicNuclearNet,val,DynamicNuclearNet\tif_data\val\out\HeLa-S3_nuc_pos19_q3_5c\HeLa-S3_nuc_pos19_q3_5c_trackmate.xml,13,0,,,58972,60325,0,41,0.0,41.0,42,42,death,seq0051_HeLa-S3_nuc_pos19_q3_5c:cell13,False
seq0051_HeLa-S3_nuc_pos19_q3_5c,HeLa-S3_nuc_pos19_q3_5c,DynamicNuclearNet,val,DynamicNuclearNet\tif_data\val\out\HeLa-S3_nuc_pos19_q3_5c\HeLa-S3_nuc_pos19_q3_5c_trackmate.xml,14,0,,,58978,60326,0,41,0.0,41.0,42,42,death,seq0051_HeLa-S3_nuc_pos19_q3_5c:cell14,False
seq0051_HeLa-S3_nuc_pos19_q3_5c,HeLa-S3_nuc_pos19_q3_5c,DynamicNuclearNet,val,DynamicNuclearNet\tif_data\val\out\HeLa-S3_nuc_pos19_q3_5c\HeLa-S3_nuc_pos19_q3_5c_trackmate.xml,15,0,,,58982,58892,0,8,0.0,8.0,9,9,death,seq0051_HeLa-S3_nuc_pos19_q3_5c:cell15,False
seq0051_HeLa-S3_nuc_pos19_q3_5c,HeLa-S3_nuc_pos19_q3_5c,DynamicNuclearNet,val,DynamicNuclearNet\tif_data\val\out\HeLa-S3_nuc_pos19_q3_5c\HeLa-S3_nuc_pos19_q3_5c_trackmate.xml,16,0,,,58988,60331,0,41,0.0,41.0,42,42,death,seq0051_HeLa-S3_nuc_pos19_q3_5c:cell16,False
seq0051_HeLa-S3_nuc_pos19_q3_5c,HeLa-S3_nuc_pos19_q3_5c,DynamicNuclearNet,val,DynamicNuclearNet\tif_data\val\out\HeLa-S3_nuc_pos19_q3_5c\HeLa-S3_nuc_pos19_q3_5c_trackmate.xml,17,0,,,58995,60328,0,41,0.0,41.0,42,42,death,seq0051_HeLa-S3_nuc_pos19_q3_5c:cell17,False
seq0051_HeLa-S3_nuc_pos19_q3_5c,HeLa-S3_nuc_pos19_q3_5c,DynamicNuclearNet,val,DynamicNuclearNet\tif_data\val\out\HeLa-S3_nuc_pos19_q3_5c\HeLa-S3_nuc_pos19_q3_5c_trackmate.xml,18,0,,,59000,60329,0,41,0.0,41.0,42,42,death,seq0051_HeLa-S3_nuc_pos19_q3_5c:cell18,False
seq0051_HeLa-S3_nuc_pos19_q3_5c,HeLa-S3_nuc_pos19_q3_5c,DynamicNuclearNet,val,DynamicNuclearNet\tif_data\val\out\HeLa-S3_nuc_pos19_q3_5c\HeLa-S3_nuc_pos19_q3_5c_trackmate.xml,19,0,,,59006,59280,0,11,0.0,11.0,12,12,death,seq0051_HeLa-S3_nuc_pos19_q3_5c:cell19,False
seq0051_HeLa-S3_nuc_pos19_q3_5c,HeLa-S3_nuc_pos19_q3_5c,DynamicNuclearNet,val,DynamicNuclearNet\tif_data\val\out\HeLa-S3_nuc_pos19_q3_5c\HeLa-S3_nuc_pos19_q3_5c_trackmate.xml,20,0,,,59012,60333,0,41,0.0,41.0,42,42,death,seq0051_HeLa-S3_nuc_pos19_q3_5c:cell20,False
seq0051_HeLa-S3_nuc_pos19_q3_5c,HeLa-S3_nuc_pos19_q3_5c,DynamicNuclearNet,val,DynamicNuclearNet\tif_data\val\out\HeLa-S3_nuc_pos19_q3_5c\HeLa-S3_nuc_pos19_q3_5c_trackmate.xml,21,0,,,59015,59029,0,3,0.0,3.0,4,4,death,seq0051_HeLa-S3_nuc_pos19_q3_5c:cell21,False
seq0051_HeLa-S3_nuc_pos19_q3_5c,HeLa-S3_nuc_pos19_q3_5c,DynamicNuclearNet,val,DynamicNuclearNet\tif_data\val\out\HeLa-S3_nuc_pos19_q3_5c\HeLa-S3_nuc_pos19_q3_5c_trackmate.xml,22,0,,,59019,60336,0,41,0.0,41.0,42,42,death,seq0051_HeLa-S3_nuc_pos19_q3_5c:cell22,False
seq0051_HeLa-S3_nuc_pos19_q3_5c,HeLa-S3_nuc_pos19_q3_5c,DynamicNuclearNet,val,DynamicNuclearNet\tif_data\val\out\HeLa-S3_nuc_pos19_q3_5c\HeLa-S3_nuc_pos19_q3_5c_trackmate.xml,23,0,,,59025,60338,0,41,0.0,41.0,42,42,death,seq0051_HeLa-S3_nuc_pos19_q3_5c:cell23,False
seq0051_HeLa-S3_nuc_pos19_q3_5c,HeLa-S3_nuc_pos19_q3_5c,DynamicNuclearNet,val,DynamicNuclearNet\tif_data\val\out\HeLa-S3_nuc_pos19_q3_5c\HeLa-S3_nuc_pos19_q3_5c_trackmate.xml,24,0,,,59030,59630,0,24,0.0,24.0,25,25,death,seq0051_HeLa-S3_nuc_pos19_q3_5c:cell24,False
seq0051_HeLa-S3_nuc_pos19_q3_5c,HeLa-S3_nuc_pos19_q3_5c,DynamicNuclearNet,val,DynamicNuclearNet\tif_data\val\out\HeLa-S3_nuc_pos19_q3_5c\HeLa-S3_nuc_pos19_q3_5c_trackmate.xml,25,0,,,59033,60260,0,36,0.0,36.0,37,37,death,seq0051_HeLa-S3_nuc_pos19_q3_5c:cell25,False
seq0051_HeLa-S3_nuc_pos19_q3_5c,HeLa-S3_nuc_pos19_q3_5c,DynamicNuclearNet,val,DynamicNuclearNet\tif_data\val\out\HeLa-S3_nuc_pos19_q3_5c\HeLa-S3_nuc_pos19_q3_5c_trackmate.xml,26,0,,,59036,60340,0,41,0.0,41.0,42,42,death,seq0051_HeLa-S3_nuc_pos19_q3_5c:cell26,False
seq0051_HeLa-S3_nuc_pos19_q3_5c,HeLa-S3_nuc_pos19_q3_5c,DynamicNuclearNet,val,DynamicNuclearNet\tif_data\val\out\HeLa-S3_nuc_pos19_q3_5c\HeLa-S3_nuc_pos19_q3_5c_trackmate.xml,27,0,,,59039,60033,0,34,0.0,34.0,35,35,death,seq0051_HeLa-S3_nuc_pos19_q3_5c:cell27,False
seq0051_HeLa-S3_nuc_pos19_q3_5c,HeLa-S3_nuc_pos19_q3_5c,DynamicNuclearNet,val,DynamicNuclearNet\tif_data\val\out\HeLa-S3_nuc_pos19_q3_5c\HeLa-S3_nuc_pos19_q3_5c_trackmate.xml,28,0,,,59042,59639,0,24,0.0,24.0,25,25,death,seq0051_HeLa-S3_nuc_pos19_q3_5c:cell28,False
seq0051_HeLa-S3_nuc_pos19_q3_5c,HeLa-S3_nuc_pos19_q3_5c,DynamicNuclearNet,val,DynamicNuclearNet\tif_data\val\out\HeLa-S3_nuc_pos19_q3_5c\HeLa-S3_nuc_pos19_q3_5c_trackmate.xml,29,0,,,59044,60347,0,41,0.0,41.0,42,42,death,seq0051_HeLa-S3_nuc_pos19_q3_5c:cell29,False
seq0051_HeLa-S3_nuc_pos19_q3_5c,HeLa-S3_nuc_pos19_q3_5c,DynamicNuclearNet,val,DynamicNuclearNet\tif_data\val\out\HeLa-S3_nuc_pos19_q3_5c\HeLa-S3_nuc_pos19_q3_5c_trackmate.xml,30,0,,83|84,59047,59290,0,14,0.0,14.0,15,15,division,seq0051_HeLa-S3_nuc_pos19_q3_5c:cell30,True
seq0051_HeLa-S3_nuc_pos19_q3_5c,HeLa-S3_nuc_pos19_q3_5c,DynamicNuclearNet,val,DynamicNuclearNet\tif_data\val\out\HeLa-S3_nuc_pos19_q3_5c\HeLa-S3_nuc_pos19_q3_5c_trackmate.xml,31,0,,,59049,60349,0,41,0.0,41.0,42,42,death,seq0051_HeLa-S3_nuc_pos19_q3_5c:cell31,False
seq0051_HeLa-S3_nuc_pos19_q3_5c,HeLa-S3_nuc_pos19_q3_5c,DynamicNuclearNet,val,DynamicNuclearNet\tif_data\val\out\HeLa-S3_nuc_pos19_q3_5c\HeLa-S3_nuc_pos19_q3_5c_trackmate.xml,32,0,,,59051,59349,0,18,0.0,18.0,19,19,death,seq0051_HeLa-S3_nuc_pos19_q3_5c:cell32,False
seq0051_HeLa-S3_nuc_pos19_q3_5c,HeLa-S3_nuc_pos19_q3_5c,DynamicNuclearNet,val,DynamicNuclearNet\tif_data\val\out\HeLa-S3_nuc_pos19_q3_5c\HeLa-S3_nuc_pos19_q3_5c_trackmate.xml,33,0,,,59052,60351,0,41,0.0,41.0,42,42,death,seq0051_HeLa-S3_nuc_pos19_q3_5c:cell33,False
seq0051_HeLa-S3_nuc_pos19_q3_5c,HeLa-S3_nuc_pos19_q3_5c,DynamicNuclearNet,val,DynamicNuclearNet\tif_data\val\out\HeLa-S3_nuc_pos19_q3_5c\HeLa-S3_nuc_pos19_q3_5c_trackmate.xml,34,0,,,58913,60344,2,41,2.0,41.0,40,40,death,seq0051_HeLa-S3_nuc_pos19_q3_5c:cell34,False
seq0051_HeLa-S3_nuc_pos19_q3_5c,HeLa-S3_nuc_pos19_q3_5c,DynamicNuclearNet,val,DynamicNuclearNet\tif_data\val\out\HeLa-S3_nuc_pos19_q3_5c\HeLa-S3_nuc_pos19_q3_5c_trackmate.xml,35,0,,,58962,58859,3,5,3.0,5.0,3,3,death,seq0051_HeLa-S3_nuc_pos19_q3_5c:cell35,False
seq0051_HeLa-S3_nuc_pos19_q3_5c,HeLa-S3_nuc_pos19_q3_5c,DynamicNuclearNet,val,DynamicNuclearNet\tif_data\val\out\HeLa-S3_nuc_pos19_q3_5c\HeLa-S3_nuc_pos19_q3_5c_trackmate.xml,36,0,,,58986,60346,5,41,5.0,41.0,37,37,death,seq0051_HeLa-S3_nuc_pos19_q3_5c:cell36,False
seq0051_HeLa-S3_nuc_pos19_q3_5c,HeLa-S3_nuc_pos19_q3_5c,DynamicNuclearNet,val,DynamicNuclearNet\tif_data\val\out\HeLa-S3_nuc_pos19_q3_5c\HeLa-S3_nuc_pos19_q3_5c_trackmate.xml,37,0,,,59408,59573,6,22,6.0,22.0,17,17,death,seq0051_HeLa-S3_nuc_pos19_q3_5c:cell37,False
seq0051_HeLa-S3_nuc_pos19_q3_5c,HeLa-S3_nuc_pos19_q3_5c,DynamicNuclearNet,val,DynamicNuclearNet\tif_data\val\out\HeLa-S3_nuc_pos19_q3_5c\HeLa-S3_nuc_pos19_q3_5c_trackmate.xml,38,0,,,58867,58867,7,7,7.0,7.0,1,1,death,seq0051_HeLa-S3_nuc_pos19_q3_5c:cell38,False
seq0051_HeLa-S3_nuc_pos19_q3_5c,HeLa-S3_nuc_pos19_q3_5c,DynamicNuclearNet,val,DynamicNuclearNet\tif_data\val\out\HeLa-S3_nuc_pos19_q3_5c\HeLa-S3_nuc_pos19_q3_5c_trackmate.xml,39,0,,,58889,59388,9,10,9.0,10.0,2,2,death,seq0051_HeLa-S3_nuc_pos19_q3_5c:cell39,False
seq0051_HeLa-S3_nuc_pos19_q3_5c,HeLa-S3_nuc_pos19_q3_5c,DynamicNuclearNet,val,DynamicNuclearNet\tif_data\val\out\HeLa-S3_nuc_pos19_q3_5c\HeLa-S3_nuc_pos19_q3_5c_trackmate.xml,40,0,,,58940,58940,9,9,9.0,9.0,1,1,death,seq0051_HeLa-S3_nuc_pos19_q3_5c:cell40,False
seq0051_HeLa-S3_nuc_pos19_q3_5c,HeLa-S3_nuc_pos19_q3_5c,DynamicNuclearNet,val,DynamicNuclearNet\tif_data\val\out\HeLa-S3_nuc_pos19_q3_5c\HeLa-S3_nuc_pos19_q3_5c_trackmate.xml,41,0,,,59380,59064,10,11,10.0,11.0,2,2,death,seq0051_HeLa-S3_nuc_pos19_q3_5c:cell41,False
seq0051_HeLa-S3_nuc_pos19_q3_5c,HeLa-S3_nuc_pos19_q3_5c,DynamicNuclearNet,val,DynamicNuclearNet\tif_data\val\out\HeLa-S3_nuc_pos19_q3_5c\HeLa-S3_nuc_pos19_q3_5c_trackmate.xml,42,0,,,59077,60315,12,41,12.0,41.0,30,30,death,seq0051_HeLa-S3_nuc_pos19_q3_5c:cell42,False
seq0051_HeLa-S3_nuc_pos19_q3_5c,HeLa-S3_nuc_pos19_q3_5c,DynamicNuclearNet,val,DynamicNuclearNet\tif_data\val\out\HeLa-S3_nuc_pos19_q3_5c\HeLa-S3_nuc_pos19_q3_5c_trackmate.xml,43,0,,,59081,60320,12,41,12.0,41.0,30,30,death,seq0051_HeLa-S3_nuc_pos19_q3_5c:cell43,False
seq0051_HeLa-S3_nuc_pos19_q3_5c,HeLa-S3_nuc_pos19_q3_5c,DynamicNuclearNet,val,DynamicNuclearNet\tif_data\val\out\HeLa-S3_nuc_pos19_q3_5c\HeLa-S3_nuc_pos19_q3_5c_trackmate.xml,44,0,,,59485,59485,21,21,21.0,21.0,1,1,death,seq0051_HeLa-S3_nuc_pos19_q3_5c:cell44,False
seq0051_HeLa-S3_nuc_pos19_q3_5c,HeLa-S3_nuc_pos19_q3_5c,DynamicNuclearNet,val,DynamicNuclearNet\tif_data\val\out\HeLa-S3_nuc_pos19_q3_5c\HeLa-S3_nuc_pos19_q3_5c_trackmate.xml,45,0,,,59495,60332,21,41,21.0,41.0,21,21,death,seq0051_HeLa-S3_nuc_pos19_q3_5c:cell45,False
seq0051_HeLa-S3_nuc_pos19_q3_5c,HeLa-S3_nuc_pos19_q3_5c,DynamicNuclearNet,val,DynamicNuclearNet\tif_data\val\out\HeLa-S3_nuc_pos19_q3_5c\HeLa-S3_nuc_pos19_q3_5c_trackmate.xml,46,0,,,59592,60327,24,41,24.0,41.0,18,18,death,seq0051_HeLa-S3_nuc_pos19_q3_5c:cell46,False
seq0051_HeLa-S3_nuc_pos19_q3_5c,HeLa-S3_nuc_pos19_q3_5c,DynamicNuclearNet,val,DynamicNuclearNet\tif_data\val\out\HeLa-S3_nuc_pos19_q3_5c\HeLa-S3_nuc_pos19_q3_5c_trackmate.xml,47,0,,,59608,59608,24,24,24.0,24.0,1,1,death,seq0051_HeLa-S3_nuc_pos19_q3_5c:cell47,False
seq0051_HeLa-S3_nuc_pos19_q3_5c,HeLa-S3_nuc_pos19_q3_5c,DynamicNuclearNet,val,DynamicNuclearNet\tif_data\val\out\HeLa-S3_nuc_pos19_q3_5c\HeLa-S3_nuc_pos19_q3_5c_trackmate.xml,48,0,,,59618,60335,24,41,24.0,41.0,18,18,death,seq0051_HeLa-S3_nuc_pos19_q3_5c:cell48,False
seq0051_HeLa-S3_nuc_pos19_q3_5c,HeLa-S3_nuc_pos19_q3_5c,DynamicNuclearNet,val,DynamicNuclearNet\tif_data\val\out\HeLa-S3_nuc_pos19_q3_5c\HeLa-S3_nuc_pos19_q3_5c_trackmate.xml,49,0,,,59620,59620,24,24,24.0,24.0,1,1,death,seq0051_HeLa-S3_nuc_pos19_q3_5c:cell49,False
seq0051_HeLa-S3_nuc_pos19_q3_5c,HeLa-S3_nuc_pos19_q3_5c,DynamicNuclearNet,val,DynamicNuclearNet\tif_data\val\out\HeLa-S3_nuc_pos19_q3_5c\HeLa-S3_nuc_pos19_q3_5c_trackmate.xml,50,0,,,59615,59797,25,29,25.0,29.0,5,5,death,seq0051_HeLa-S3_nuc_pos19_q3_5c:cell50,False
seq0051_HeLa-S3_nuc_pos19_q3_5c,HeLa-S3_nuc_pos19_q3_5c,DynamicNuclearNet,val,DynamicNuclearNet\tif_data\val\out\HeLa-S3_nuc_pos19_q3_5c\HeLa-S3_nuc_pos19_q3_5c_trackmate.xml,51,0,,,59640,59852,25,30,25.0,30.0,6,6,death,seq0051_HeLa-S3_nuc_pos19_q3_5c:cell51,False
seq0051_HeLa-S3_nuc_pos19_q3_5c,HeLa-S3_nuc_pos19_q3_5c,DynamicNuclearNet,val,DynamicNuclearNet\tif_data\val\out\HeLa-S3_nuc_pos19_q3_5c\HeLa-S3_nuc_pos19_q3_5c_trackmate.xml,52,0,,,59644,59644,25,25,25.0,25.0,1,1,death,seq0051_HeLa-S3_nuc_pos19_q3_5c:cell52,False
seq0051_HeLa-S3_nuc_pos19_q3_5c,HeLa-S3_nuc_pos19_q3_5c,DynamicNuclearNet,val,DynamicNuclearNet\tif_data\val\out\HeLa-S3_nuc_pos19_q3_5c\HeLa-S3_nuc_pos19_q3_5c_trackmate.xml,53,0,,,59662,59847,27,31,27.0,31.0,5,5,death,seq0051_HeLa-S3_nuc_pos19_q3_5c:cell53,False
seq0051_HeLa-S3_nuc_pos19_q3_5c,HeLa-S3_nuc_pos19_q3_5c,DynamicNuclearNet,val,DynamicNuclearNet\tif_data\val\out\HeLa-S3_nuc_pos19_q3_5c\HeLa-S3_nuc_pos19_q3_5c_trackmate.xml,54,0,,,59677,60330,27,41,27.0,41.0,15,15,death,seq0051_HeLa-S3_nuc_pos19_q3_5c:cell54,False
seq0051_HeLa-S3_nuc_pos19_q3_5c,HeLa-S3_nuc_pos19_q3_5c,DynamicNuclearNet,val,DynamicNuclearNet\tif_data\val\out\HeLa-S3_nuc_pos19_q3_5c\HeLa-S3_nuc_pos19_q3_5c_trackmate.xml,55,0,,,59703,60350,27,41,27.0,41.0,15,15,death,seq0051_HeLa-S3_nuc_pos19_q3_5c:cell55,False
seq0051_HeLa-S3_nuc_pos19_q3_5c,HeLa-S3_nuc_pos19_q3_5c,DynamicNuclearNet,val,DynamicNuclearNet\tif_data\val\out\HeLa-S3_nuc_pos19_q3_5c\HeLa-S3_nuc_pos19_q3_5c_trackmate.xml,56,0,,,59784,59850,28,30,28.0,30.0,3,3,death,seq0051_HeLa-S3_nuc_pos19_q3_5c:cell56,False
seq0051_HeLa-S3_nuc_pos19_q3_5c,HeLa-S3_nuc_pos19_q3_5c,DynamicNuclearNet,val,DynamicNuclearNet\tif_data\val\out\HeLa-S3_nuc_pos19_q3_5c\HeLa-S3_nuc_pos19_q3_5c_trackmate.xml,57,0,,,59793,59793,28,28,28.0,28.0,1,1,death,seq0051_HeLa-S3_nuc_pos19_q3_5c:cell57,False
seq0051_HeLa-S3_nuc_pos19_q3_5c,HeLa-S3_nuc_pos19_q3_5c,DynamicNuclearNet,val,DynamicNuclearNet\tif_data\val\out\HeLa-S3_nuc_pos19_q3_5c\HeLa-S3_nuc_pos19_q3_5c_trackmate.xml,58,0,,,59765,60321,29,41,29.0,41.0,13,13,death,seq0051_HeLa-S3_nuc_pos19_q3_5c:cell58,False
seq0051_HeLa-S3_nuc_pos19_q3_5c,HeLa-S3_nuc_pos19_q3_5c,DynamicNuclearNet,val,DynamicNuclearNet\tif_data\val\out\HeLa-S3_nuc_pos19_q3_5c\HeLa-S3_nuc_pos19_q3_5c_trackmate.xml,59,0,,,59840,59840,30,30,30.0,30.0,1,1,death,seq0051_HeLa-S3_nuc_pos19_q3_5c:cell59,False
seq0051_HeLa-S3_nuc_pos19_q3_5c,HeLa-S3_nuc_pos19_q3_5c,DynamicNuclearNet,val,DynamicNuclearNet\tif_data\val\out\HeLa-S3_nuc_pos19_q3_5c\HeLa-S3_nuc_pos19_q3_5c_trackmate.xml,60,0,,,59861,60323,31,41,31.0,41.0,11,11,death,seq0051_HeLa-S3_nuc_pos19_q3_5c:cell60,False
seq0051_HeLa-S3_nuc_pos19_q3_5c,HeLa-S3_nuc_pos19_q3_5c,DynamicNuclearNet,val,DynamicNuclearNet\tif_data\val\out\HeLa-S3_nuc_pos19_q3_5c\HeLa-S3_nuc_pos19_q3_5c_trackmate.xml,61,0,,,59874,60339,31,41,31.0,41.0,11,11,death,seq0051_HeLa-S3_nuc_pos19_q3_5c:cell61,False
seq0051_HeLa-S3_nuc_pos19_q3_5c,HeLa-S3_nuc_pos19_q3_5c,DynamicNuclearNet,val,DynamicNuclearNet\tif_data\val\out\HeLa-S3_nuc_pos19_q3_5c\HeLa-S3_nuc_pos19_q3_5c_trackmate.xml,62,0,,,59877,60342,31,41,31.0,41.0,11,11,death,seq0051_HeLa-S3_nuc_pos19_q3_5c:cell62,False
seq0051_HeLa-S3_nuc_pos19_q3_5c,HeLa-S3_nuc_pos19_q3_5c,DynamicNuclearNet,val,DynamicNuclearNet\tif_data\val\out\HeLa-S3_nuc_pos19_q3_5c\HeLa-S3_nuc_pos19_q3_5c_trackmate.xml,63,0,,,59891,59898,32,33,32.0,33.0,2,2,death,seq0051_HeLa-S3_nuc_pos19_q3_5c:cell63,False
seq0051_HeLa-S3_nuc_pos19_q3_5c,HeLa-S3_nuc_pos19_q3_5c,DynamicNuclearNet,val,DynamicNuclearNet\tif_data\val\out\HeLa-S3_nuc_pos19_q3_5c\HeLa-S3_nuc_pos19_q3_5c_trackmate.xml,64,0,,,59894,59894,32,32,32.0,32.0,1,1,death,seq0051_HeLa-S3_nuc_pos19_q3_5c:cell64,False
seq0051_HeLa-S3_nuc_pos19_q3_5c,HeLa-S3_nuc_pos19_q3_5c,DynamicNuclearNet,val,DynamicNuclearNet\tif_data\val\out\HeLa-S3_nuc_pos19_q3_5c\HeLa-S3_nuc_pos19_q3_5c_trackmate.xml,65,0,,,59906,60209,32,36,32.0,36.0,5,5,death,seq0051_HeLa-S3_nuc_pos19_q3_5c:cell65,False
seq0051_HeLa-S3_nuc_pos19_q3_5c,HeLa-S3_nuc_pos19_q3_5c,DynamicNuclearNet,val,DynamicNuclearNet\tif_data\val\out\HeLa-S3_nuc_pos19_q3_5c\HeLa-S3_nuc_pos19_q3_5c_trackmate.xml,66,0,,,59997,59997,32,32,32.0,32.0,1,1,death,seq0051_HeLa-S3_nuc_pos19_q3_5c:cell66,False
seq0051_HeLa-S3_nuc_pos19_q3_5c,HeLa-S3_nuc_pos19_q3_5c,DynamicNuclearNet,val,DynamicNuclearNet\tif_data\val\out\HeLa-S3_nuc_pos19_q3_5c\HeLa-S3_nuc_pos19_q3_5c_trackmate.xml,67,0,,,60000,60042,32,34,32.0,34.0,3,3,death,seq0051_HeLa-S3_nuc_pos19_q3_5c:cell67,False
seq0051_HeLa-S3_nuc_pos19_q3_5c,HeLa-S3_nuc_pos19_q3_5c,DynamicNuclearNet,val,DynamicNuclearNet\tif_data\val\out\HeLa-S3_nuc_pos19_q3_5c\HeLa-S3_nuc_pos19_q3_5c_trackmate.xml,68,0,,,59905,59945,33,34,33.0,34.0,2,2,death,seq0051_HeLa-S3_nuc_pos19_q3_5c:cell68,False
seq0051_HeLa-S3_nuc_pos19_q3_5c,HeLa-S3_nuc_pos19_q3_5c,DynamicNuclearNet,val,DynamicNuclearNet\tif_data\val\out\HeLa-S3_nuc_pos19_q3_5c\HeLa-S3_nuc_pos19_q3_5c_trackmate.xml,69,0,,,59971,60337,33,41,33.0,41.0,9,9,death,seq0051_HeLa-S3_nuc_pos19_q3_5c:cell69,False
seq0051_HeLa-S3_nuc_pos19_q3_5c,HeLa-S3_nuc_pos19_q3_5c,DynamicNuclearNet,val,DynamicNuclearNet\tif_data\val\out\HeLa-S3_nuc_pos19_q3_5c\HeLa-S3_nuc_pos19_q3_5c_trackmate.xml,70,0,,,59934,60313,34,41,34.0,41.0,8,8,death,seq0051_HeLa-S3_nuc_pos19_q3_5c:cell70,False
seq0051_HeLa-S3_nuc_pos19_q3_5c,HeLa-S3_nuc_pos19_q3_5c,DynamicNuclearNet,val,DynamicNuclearNet\tif_data\val\out\HeLa-S3_nuc_pos19_q3_5c\HeLa-S3_nuc_pos19_q3_5c_trackmate.xml,71,0,,,60041,60041,34,34,34.0,34.0,1,1,death,seq0051_HeLa-S3_nuc_pos19_q3_5c:cell71,False
seq0051_HeLa-S3_nuc_pos19_q3_5c,HeLa-S3_nuc_pos19_q3_5c,DynamicNuclearNet,val,DynamicNuclearNet\tif_data\val\out\HeLa-S3_nuc_pos19_q3_5c\HeLa-S3_nuc_pos19_q3_5c_trackmate.xml,72,0,,,59948,60316,35,41,35.0,41.0,7,7,death,seq0051_HeLa-S3_nuc_pos19_q3_5c:cell72,False
seq0051_HeLa-S3_nuc_pos19_q3_5c,HeLa-S3_nuc_pos19_q3_5c,DynamicNuclearNet,val,DynamicNuclearNet\tif_data\val\out\HeLa-S3_nuc_pos19_q3_5c\HeLa-S3_nuc_pos19_q3_5c_trackmate.xml,73,0,,,60034,60343,35,41,35.0,41.0,7,7,death,seq0051_HeLa-S3_nuc_pos19_q3_5c:cell73,False
seq0051_HeLa-S3_nuc_pos19_q3_5c,HeLa-S3_nuc_pos19_q3_5c,DynamicNuclearNet,val,DynamicNuclearNet\tif_data\val\out\HeLa-S3_nuc_pos19_q3_5c\HeLa-S3_nuc_pos19_q3_5c_trackmate.xml,74,0,,,60038,60345,35,41,35.0,41.0,7,7,death,seq0051_HeLa-S3_nuc_pos19_q3_5c:cell74,False
seq0051_HeLa-S3_nuc_pos19_q3_5c,HeLa-S3_nuc_pos19_q3_5c,DynamicNuclearNet,val,DynamicNuclearNet\tif_data\val\out\HeLa-S3_nuc_pos19_q3_5c\HeLa-S3_nuc_pos19_q3_5c_trackmate.xml,75,0,,,60276,60348,36,41,36.0,41.0,6,6,death,seq0051_HeLa-S3_nuc_pos19_q3_5c:cell75,False
seq0051_HeLa-S3_nuc_pos19_q3_5c,HeLa-S3_nuc_pos19_q3_5c,DynamicNuclearNet,val,DynamicNuclearNet\tif_data\val\out\HeLa-S3_nuc_pos19_q3_5c\HeLa-S3_nuc_pos19_q3_5c_trackmate.xml,76,0,,,60068,60319,37,41,37.0,41.0,5,5,death,seq0051_HeLa-S3_nuc_pos19_q3_5c:cell76,False
seq0051_HeLa-S3_nuc_pos19_q3_5c,HeLa-S3_nuc_pos19_q3_5c,DynamicNuclearNet,val,DynamicNuclearNet\tif_data\val\out\HeLa-S3_nuc_pos19_q3_5c\HeLa-S3_nuc_pos19_q3_5c_trackmate.xml,77,0,,,60075,60324,37,41,37.0,41.0,5,5,death,seq0051_HeLa-S3_nuc_pos19_q3_5c:cell77,False
seq0051_HeLa-S3_nuc_pos19_q3_5c,HeLa-S3_nuc_pos19_q3_5c,DynamicNuclearNet,val,DynamicNuclearNet\tif_data\val\out\HeLa-S3_nuc_pos19_q3_5c\HeLa-S3_nuc_pos19_q3_5c_trackmate.xml,78,0,,,60105,60105,37,37,37.0,37.0,1,1,death,seq0051_HeLa-S3_nuc_pos19_q3_5c:cell78,False
seq0051_HeLa-S3_nuc_pos19_q3_5c,HeLa-S3_nuc_pos19_q3_5c,DynamicNuclearNet,val,DynamicNuclearNet\tif_data\val\out\HeLa-S3_nuc_pos19_q3_5c\HeLa-S3_nuc_pos19_q3_5c_trackmate.xml,79,0,,,60119,60119,37,37,37.0,37.0,1,1,death,seq0051_HeLa-S3_nuc_pos19_q3_5c:cell79,False
seq0051_HeLa-S3_nuc_pos19_q3_5c,HeLa-S3_nuc_pos19_q3_5c,DynamicNuclearNet,val,DynamicNuclearNet\tif_data\val\out\HeLa-S3_nuc_pos19_q3_5c\HeLa-S3_nuc_pos19_q3_5c_trackmate.xml,80,0,,,60196,60196,39,39,39.0,39.0,1,1,death,seq0051_HeLa-S3_nuc_pos19_q3_5c:cell80,False
seq0051_HeLa-S3_nuc_pos19_q3_5c,HeLa-S3_nuc_pos19_q3_5c,DynamicNuclearNet,val,DynamicNuclearNet\tif_data\val\out\HeLa-S3_nuc_pos19_q3_5c\HeLa-S3_nuc_pos19_q3_5c_trackmate.xml,81,0,,,60204,60341,39,41,39.0,41.0,3,3,death,seq0051_HeLa-S3_nuc_pos19_q3_5c:cell81,False
seq0051_HeLa-S3_nuc_pos19_q3_5c,HeLa-S3_nuc_pos19_q3_5c,DynamicNuclearNet,val,DynamicNuclearNet\tif_data\val\out\HeLa-S3_nuc_pos19_q3_5c\HeLa-S3_nuc_pos19_q3_5c_trackmate.xml,82,0,,,60307,60352,40,41,40.0,41.0,2,2,death,seq0051_HeLa-S3_nuc_pos19_q3_5c:cell82,False
seq0051_HeLa-S3_nuc_pos19_q3_5c,HeLa-S3_nuc_pos19_q3_5c,DynamicNuclearNet,val,DynamicNuclearNet\tif_data\val\out\HeLa-S3_nuc_pos19_q3_5c\HeLa-S3_nuc_pos19_q3_5c_trackmate.xml,83,1,30,,59271,59271,15,15,15.0,15.0,1,1,death,seq0051_HeLa-S3_nuc_pos19_q3_5c:cell83,False
seq0051_HeLa-S3_nuc_pos19_q3_5c,HeLa-S3_nuc_pos19_q3_5c,DynamicNuclearNet,val,DynamicNuclearNet\tif_data\val\out\HeLa-S3_nuc_pos19_q3_5c\HeLa-S3_nuc_pos19_q3_5c_trackmate.xml,84,1,30,,59277,59277,15,15,15.0,15.0,1,1,death,seq0051_HeLa-S3_nuc_pos19_q3_5c:cell84,False
seq0052_HeLa-S3_nuc_pos1_q0_5c,HeLa-S3_nuc_pos1_q0_5c,DynamicNuclearNet,val,DynamicNuclearNet\tif_data\val\out\HeLa-S3_nuc_pos1_q0_5c\HeLa-S3_nuc_pos1_q0_5c_trackmate.xml,0,0,,,60518,60868,0,30,0.0,30.0,31,31,death,seq0052_HeLa-S3_nuc_pos1_q0_5c:cell0,False
seq0052_HeLa-S3_nuc_pos1_q0_5c,HeLa-S3_nuc_pos1_q0_5c,DynamicNuclearNet,val,DynamicNuclearNet\tif_data\val\out\HeLa-S3_nuc_pos1_q0_5c\HeLa-S3_nuc_pos1_q0_5c_trackmate.xml,1,0,,,60519,61100,0,41,0.0,41.0,42,42,death,seq0052_HeLa-S3_nuc_pos1_q0_5c:cell1,False
seq0052_HeLa-S3_nuc_pos1_q0_5c,HeLa-S3_nuc_pos1_q0_5c,DynamicNuclearNet,val,DynamicNuclearNet\tif_data\val\out\HeLa-S3_nuc_pos1_q0_5c\HeLa-S3_nuc_pos1_q0_5c_trackmate.xml,2,0,,46|47,60520,60584,0,14,0.0,14.0,15,15,division,seq0052_HeLa-S3_nuc_pos1_q0_5c:cell2,True
seq0052_HeLa-S3_nuc_pos1_q0_5c,HeLa-S3_nuc_pos1_q0_5c,DynamicNuclearNet,val,DynamicNuclearNet\tif_data\val\out\HeLa-S3_nuc_pos1_q0_5c\HeLa-S3_nuc_pos1_q0_5c_trackmate.xml,3,0,,,60521,60871,0,30,0.0,30.0,31,31,death,seq0052_HeLa-S3_nuc_pos1_q0_5c:cell3,False
seq0052_HeLa-S3_nuc_pos1_q0_5c,HeLa-S3_nuc_pos1_q0_5c,DynamicNuclearNet,val,DynamicNuclearNet\tif_data\val\out\HeLa-S3_nuc_pos1_q0_5c\HeLa-S3_nuc_pos1_q0_5c_trackmate.xml,4,0,,,60522,61104,0,41,0.0,41.0,42,42,death,seq0052_HeLa-S3_nuc_pos1_q0_5c:cell4,False
seq0052_HeLa-S3_nuc_pos1_q0_5c,HeLa-S3_nuc_pos1_q0_5c,DynamicNuclearNet,val,DynamicNuclearNet\tif_data\val\out\HeLa-S3_nuc_pos1_q0_5c\HeLa-S3_nuc_pos1_q0_5c_trackmate.xml,5,0,,,60523,61103,0,41,0.0,41.0,42,42,death,seq0052_HeLa-S3_nuc_pos1_q0_5c:cell5,False
seq0052_HeLa-S3_nuc_pos1_q0_5c,HeLa-S3_nuc_pos1_q0_5c,DynamicNuclearNet,val,DynamicNuclearNet\tif_data\val\out\HeLa-S3_nuc_pos1_q0_5c\HeLa-S3_nuc_pos1_q0_5c_trackmate.xml,6,0,,,60524,60812,0,27,0.0,27.0,28,28,death,seq0052_HeLa-S3_nuc_pos1_q0_5c:cell6,False
seq0052_HeLa-S3_nuc_pos1_q0_5c,HeLa-S3_nuc_pos1_q0_5c,DynamicNuclearNet,val,DynamicNuclearNet\tif_data\val\out\HeLa-S3_nuc_pos1_q0_5c\HeLa-S3_nuc_pos1_q0_5c_trackmate.xml,7,0,,,60526,61106,0,41,0.0,41.0,42,42,death,seq0052_HeLa-S3_nuc_pos1_q0_5c:cell7,False
seq0052_HeLa-S3_nuc_pos1_q0_5c,HeLa-S3_nuc_pos1_q0_5c,DynamicNuclearNet,val,DynamicNuclearNet\tif_data\val\out\HeLa-S3_nuc_pos1_q0_5c\HeLa-S3_nuc_pos1_q0_5c_trackmate.xml,8,0,,,60527,60983,0,37,0.0,37.0,38,38,death,seq0052_HeLa-S3_nuc_pos1_q0_5c:cell8,False
seq0052_HeLa-S3_nuc_pos1_q0_5c,HeLa-S3_nuc_pos1_q0_5c,DynamicNuclearNet,val,DynamicNuclearNet\tif_data\val\out\HeLa-S3_nuc_pos1_q0_5c\HeLa-S3_nuc_pos1_q0_5c_trackmate.xml,9,0,,,60528,60528,0,0,0.0,0.0,1,1,death,seq0052_HeLa-S3_nuc_pos1_q0_5c:cell9,False
seq0052_HeLa-S3_nuc_pos1_q0_5c,HeLa-S3_nuc_pos1_q0_5c,DynamicNuclearNet,val,DynamicNuclearNet\tif_data\val\out\HeLa-S3_nuc_pos1_q0_5c\HeLa-S3_nuc_pos1_q0_5c_trackmate.xml,10,0,,,60529,60453,0,6,0.0,6.0,7,7,death,seq0052_HeLa-S3_nuc_pos1_q0_5c:cell10,False
seq0052_HeLa-S3_nuc_pos1_q0_5c,HeLa-S3_nuc_pos1_q0_5c,DynamicNuclearNet,val,DynamicNuclearNet\tif_data\val\out\HeLa-S3_nuc_pos1_q0_5c\HeLa-S3_nuc_pos1_q0_5c_trackmate.xml,11,0,,,60530,61112,0,41,0.0,41.0,42,42,death,seq0052_HeLa-S3_nuc_pos1_q0_5c:cell11,False
seq0052_HeLa-S3_nuc_pos1_q0_5c,HeLa-S3_nuc_pos1_q0_5c,DynamicNuclearNet,val,DynamicNuclearNet\tif_data\val\out\HeLa-S3_nuc_pos1_q0_5c\HeLa-S3_nuc_pos1_q0_5c_trackmate.xml,12,0,,,60531,61113,0,41,0.0,41.0,42,42,death,seq0052_HeLa-S3_nuc_pos1_q0_5c:cell12,False
seq0052_HeLa-S3_nuc_pos1_q0_5c,HeLa-S3_nuc_pos1_q0_5c,DynamicNuclearNet,val,DynamicNuclearNet\tif_data\val\out\HeLa-S3_nuc_pos1_q0_5c\HeLa-S3_nuc_pos1_q0_5c_trackmate.xml,13,0,,,60532,60761,0,23,0.0,23.0,24,24,death,seq0052_HeLa-S3_nuc_pos1_q0_5c:cell13,False
seq0052_HeLa-S3_nuc_pos1_q0_5c,HeLa-S3_nuc_pos1_q0_5c,DynamicNuclearNet,val,DynamicNuclearNet\tif_data\val\out\HeLa-S3_nuc_pos1_q0_5c\HeLa-S3_nuc_pos1_q0_5c_trackmate.xml,14,0,,,60533,61117,0,41,0.0,41.0,42,42,death,seq0052_HeLa-S3_nuc_pos1_q0_5c:cell14,False
seq0052_HeLa-S3_nuc_pos1_q0_5c,HeLa-S3_nuc_pos1_q0_5c,DynamicNuclearNet,val,DynamicNuclearNet\tif_data\val\out\HeLa-S3_nuc_pos1_q0_5c\HeLa-S3_nuc_pos1_q0_5c_trackmate.xml,15,0,,,60534,61118,0,41,0.0,41.0,42,42,death,seq0052_HeLa-S3_nuc_pos1_q0_5c:cell15,False
seq0052_HeLa-S3_nuc_pos1_q0_5c,HeLa-S3_nuc_pos1_q0_5c,DynamicNuclearNet,val,DynamicNuclearNet\tif_data\val\out\HeLa-S3_nuc_pos1_q0_5c\HeLa-S3_nuc_pos1_q0_5c_trackmate.xml,16,0,,,60535,61119,0,41,0.0,41.0,42,42,death,seq0052_HeLa-S3_nuc_pos1_q0_5c:cell16,False
seq0052_HeLa-S3_nuc_pos1_q0_5c,HeLa-S3_nuc_pos1_q0_5c,DynamicNuclearNet,val,DynamicNuclearNet\tif_data\val\out\HeLa-S3_nuc_pos1_q0_5c\HeLa-S3_nuc_pos1_q0_5c_trackmate.xml,17,0,,,60536,61120,0,41,0.0,41.0,42,42,death,seq0052_HeLa-S3_nuc_pos1_q0_5c:cell17,False
seq0052_HeLa-S3_nuc_pos1_q0_5c,HeLa-S3_nuc_pos1_q0_5c,DynamicNuclearNet,val,DynamicNuclearNet\tif_data\val\out\HeLa-S3_nuc_pos1_q0_5c\HeLa-S3_nuc_pos1_q0_5c_trackmate.xml,18,0,,,60439,61111,2,41,2.0,41.0,40,40,death,seq0052_HeLa-S3_nuc_pos1_q0_5c:cell18,False
seq0052_HeLa-S3_nuc_pos1_q0_5c,HeLa-S3_nuc_pos1_q0_5c,DynamicNuclearNet,val,DynamicNuclearNet\tif_data\val\out\HeLa-S3_nuc_pos1_q0_5c\HeLa-S3_nuc_pos1_q0_5c_trackmate.xml,19,0,,,60365,60365,3,3,3.0,3.0,1,1,death,seq0052_HeLa-S3_nuc_pos1_q0_5c:cell19,False
seq0052_HeLa-S3_nuc_pos1_q0_5c,HeLa-S3_nuc_pos1_q0_5c,DynamicNuclearNet,val,DynamicNuclearNet\tif_data\val\out\HeLa-S3_nuc_pos1_q0_5c\HeLa-S3_nuc_pos1_q0_5c_trackmate.xml,20,0,,,60561,60561,7,7,7.0,7.0,1,1,death,seq0052_HeLa-S3_nuc_pos1_q0_5c:cell20,False
seq0052_HeLa-S3_nuc_pos1_q0_5c,HeLa-S3_nuc_pos1_q0_5c,DynamicNuclearNet,val,DynamicNuclearNet\tif_data\val\out\HeLa-S3_nuc_pos1_q0_5c\HeLa-S3_nuc_pos1_q0_5c_trackmate.xml,21,0,,,60567,61116,7,41,7.0,41.0,35,35,death,seq0052_HeLa-S3_nuc_pos1_q0_5c:cell21,False
seq0052_HeLa-S3_nuc_pos1_q0_5c,HeLa-S3_nuc_pos1_q0_5c,DynamicNuclearNet,val,DynamicNuclearNet\tif_data\val\out\HeLa-S3_nuc_pos1_q0_5c\HeLa-S3_nuc_pos1_q0_5c_trackmate.xml,22,0,,,60404,60404,9,9,9.0,9.0,1,1,death,seq0052_HeLa-S3_nuc_pos1_q0_5c:cell22,False
seq0052_HeLa-S3_nuc_pos1_q0_5c,HeLa-S3_nuc_pos1_q0_5c,DynamicNuclearNet,val,DynamicNuclearNet\tif_data\val\out\HeLa-S3_nuc_pos1_q0_5c\HeLa-S3_nuc_pos1_q0_5c_trackmate.xml,23,0,,,60603,60624,14,15,14.0,15.0,2,2,death,seq0052_HeLa-S3_nuc_pos1_q0_5c:cell23,False
seq0052_HeLa-S3_nuc_pos1_q0_5c,HeLa-S3_nuc_pos1_q0_5c,DynamicNuclearNet,val,DynamicNuclearNet\tif_data\val\out\HeLa-S3_nuc_pos1_q0_5c\HeLa-S3_nuc_pos1_q0_5c_trackmate.xml,24,0,,,60604,60604,18,18,18.0,18.0,1,1,death,seq0052_HeLa-S3_nuc_pos1_q0_5c:cell24,False
seq0052_HeLa-S3_nuc_pos1_q0_5c,HeLa-S3_nuc_pos1_q0_5c,DynamicNuclearNet,val,DynamicNuclearNet\tif_data\val\out\HeLa-S3_nuc_pos1_q0_5c\HeLa-S3_nuc_pos1_q0_5c_trackmate.xml,25,0,,,60747,60747,23,23,23.0,23.0,1,1,death,seq0052_HeLa-S3_nuc_pos1_q0_5c:cell25,False
seq0052_HeLa-S3_nuc_pos1_q0_5c,HeLa-S3_nuc_pos1_q0_5c,DynamicNuclearNet,val,DynamicNuclearNet\tif_data\val\out\HeLa-S3_nuc_pos1_q0_5c\HeLa-S3_nuc_pos1_q0_5c_trackmate.xml,26,0,,,60817,61115,25,41,25.0,41.0,17,17,death,seq0052_HeLa-S3_nuc_pos1_q0_5c:cell26,False
seq0052_HeLa-S3_nuc_pos1_q0_5c,HeLa-S3_nuc_pos1_q0_5c,DynamicNuclearNet,val,DynamicNuclearNet\tif_data\val\out\HeLa-S3_nuc_pos1_q0_5c\HeLa-S3_nuc_pos1_q0_5c_trackmate.xml,27,0,,,60786,61108,28,41,28.0,41.0,14,14,death,seq0052_HeLa-S3_nuc_pos1_q0_5c:cell27,False
seq0052_HeLa-S3_nuc_pos1_q0_5c,HeLa-S3_nuc_pos1_q0_5c,DynamicNuclearNet,val,DynamicNuclearNet\tif_data\val\out\HeLa-S3_nuc_pos1_q0_5c\HeLa-S3_nuc_pos1_q0_5c_trackmate.xml,28,0,,,60819,61114,28,41,28.0,41.0,14,14,death,seq0052_HeLa-S3_nuc_pos1_q0_5c:cell28,False
seq0052_HeLa-S3_nuc_pos1_q0_5c,HeLa-S3_nuc_pos1_q0_5c,DynamicNuclearNet,val,DynamicNuclearNet\tif_data\val\out\HeLa-S3_nuc_pos1_q0_5c\HeLa-S3_nuc_pos1_q0_5c_trackmate.xml,29,0,,,60889,60952,31,37,31.0,37.0,7,7,death,seq0052_HeLa-S3_nuc_pos1_q0_5c:cell29,False
seq0052_HeLa-S3_nuc_pos1_q0_5c,HeLa-S3_nuc_pos1_q0_5c,DynamicNuclearNet,val,DynamicNuclearNet\tif_data\val\out\HeLa-S3_nuc_pos1_q0_5c\HeLa-S3_nuc_pos1_q0_5c_trackmate.xml,30,0,,,60890,60890,31,31,31.0,31.0,1,1,death,seq0052_HeLa-S3_nuc_pos1_q0_5c:cell30,False
seq0052_HeLa-S3_nuc_pos1_q0_5c,HeLa-S3_nuc_pos1_q0_5c,DynamicNuclearNet,val,DynamicNuclearNet\tif_data\val\out\HeLa-S3_nuc_pos1_q0_5c\HeLa-S3_nuc_pos1_q0_5c_trackmate.xml,31,0,,,60908,60950,32,36,32.0,36.0,5,5,death,seq0052_HeLa-S3_nuc_pos1_q0_5c:cell31,False
seq0052_HeLa-S3_nuc_pos1_q0_5c,HeLa-S3_nuc_pos1_q0_5c,DynamicNuclearNet,val,DynamicNuclearNet\tif_data\val\out\HeLa-S3_nuc_pos1_q0_5c\HeLa-S3_nuc_pos1_q0_5c_trackmate.xml,32,0,,,60962,60962,36,36,36.0,36.0,1,1,death,seq0052_HeLa-S3_nuc_pos1_q0_5c:cell32,False
seq0052_HeLa-S3_nuc_pos1_q0_5c,HeLa-S3_nuc_pos1_q0_5c,DynamicNuclearNet,val,DynamicNuclearNet\tif_data\val\out\HeLa-S3_nuc_pos1_q0_5c\HeLa-S3_nuc_pos1_q0_5c_trackmate.xml,33,0,,,60956,61102,37,41,37.0,41.0,5,5,death,seq0052_HeLa-S3_nuc_pos1_q0_5c:cell33,False
seq0052_HeLa-S3_nuc_pos1_q0_5c,HeLa-S3_nuc_pos1_q0_5c,DynamicNuclearNet,val,DynamicNuclearNet\tif_data\val\out\HeLa-S3_nuc_pos1_q0_5c\HeLa-S3_nuc_pos1_q0_5c_trackmate.xml,34,0,,,60973,61105,37,41,37.0,41.0,5,5,death,seq0052_HeLa-S3_nuc_pos1_q0_5c:cell34,False
seq0052_HeLa-S3_nuc_pos1_q0_5c,HeLa-S3_nuc_pos1_q0_5c,DynamicNuclearNet,val,DynamicNuclearNet\tif_data\val\out\HeLa-S3_nuc_pos1_q0_5c\HeLa-S3_nuc_pos1_q0_5c_trackmate.xml,35,0,,,60996,60996,37,37,37.0,37.0,1,1,death,seq0052_HeLa-S3_nuc_pos1_q0_5c:cell35,False
seq0052_HeLa-S3_nuc_pos1_q0_5c,HeLa-S3_nuc_pos1_q0_5c,DynamicNuclearNet,val,DynamicNuclearNet\tif_data\val\out\HeLa-S3_nuc_pos1_q0_5c\HeLa-S3_nuc_pos1_q0_5c_trackmate.xml,36,0,,,60977,60977,38,38,38.0,38.0,1,1,death,seq0052_HeLa-S3_nuc_pos1_q0_5c:cell36,False
seq0052_HeLa-S3_nuc_pos1_q0_5c,HeLa-S3_nuc_pos1_q0_5c,DynamicNuclearNet,val,DynamicNuclearNet\tif_data\val\out\HeLa-S3_nuc_pos1_q0_5c\HeLa-S3_nuc_pos1_q0_5c_trackmate.xml,37,0,,,60984,60984,38,38,38.0,38.0,1,1,death,seq0052_HeLa-S3_nuc_pos1_q0_5c:cell37,False
seq0052_HeLa-S3_nuc_pos1_q0_5c,HeLa-S3_nuc_pos1_q0_5c,DynamicNuclearNet,val,DynamicNuclearNet\tif_data\val\out\HeLa-S3_nuc_pos1_q0_5c\HeLa-S3_nuc_pos1_q0_5c_trackmate.xml,38,0,,,61008,61109,38,41,38.0,41.0,4,4,death,seq0052_HeLa-S3_nuc_pos1_q0_5c:cell38,False
seq0052_HeLa-S3_nuc_pos1_q0_5c,HeLa-S3_nuc_pos1_q0_5c,DynamicNuclearNet,val,DynamicNuclearNet\tif_data\val\out\HeLa-S3_nuc_pos1_q0_5c\HeLa-S3_nuc_pos1_q0_5c_trackmate.xml,39,0,,,61011,61011,38,38,38.0,38.0,1,1,death,seq0052_HeLa-S3_nuc_pos1_q0_5c:cell39,False
seq0052_HeLa-S3_nuc_pos1_q0_5c,HeLa-S3_nuc_pos1_q0_5c,DynamicNuclearNet,val,DynamicNuclearNet\tif_data\val\out\HeLa-S3_nuc_pos1_q0_5c\HeLa-S3_nuc_pos1_q0_5c_trackmate.xml,40,0,,,61032,61099,39,41,39.0,41.0,3,3,death,seq0052_HeLa-S3_nuc_pos1_q0_5c:cell40,False
seq0052_HeLa-S3_nuc_pos1_q0_5c,HeLa-S3_nuc_pos1_q0_5c,DynamicNuclearNet,val,DynamicNuclearNet\tif_data\val\out\HeLa-S3_nuc_pos1_q0_5c\HeLa-S3_nuc_pos1_q0_5c_trackmate.xml,41,0,,,61039,61101,39,41,39.0,41.0,3,3,death,seq0052_HeLa-S3_nuc_pos1_q0_5c:cell41,False
seq0052_HeLa-S3_nuc_pos1_q0_5c,HeLa-S3_nuc_pos1_q0_5c,DynamicNuclearNet,val,DynamicNuclearNet\tif_data\val\out\HeLa-S3_nuc_pos1_q0_5c\HeLa-S3_nuc_pos1_q0_5c_trackmate.xml,42,0,,,61047,61047,39,39,39.0,39.0,1,1,death,seq0052_HeLa-S3_nuc_pos1_q0_5c:cell42,False
seq0052_HeLa-S3_nuc_pos1_q0_5c,HeLa-S3_nuc_pos1_q0_5c,DynamicNuclearNet,val,DynamicNuclearNet\tif_data\val\out\HeLa-S3_nuc_pos1_q0_5c\HeLa-S3_nuc_pos1_q0_5c_trackmate.xml,43,0,,,61054,61054,39,39,39.0,39.0,1,1,death,seq0052_HeLa-S3_nuc_pos1_q0_5c:cell43,False
seq0052_HeLa-S3_nuc_pos1_q0_5c,HeLa-S3_nuc_pos1_q0_5c,DynamicNuclearNet,val,DynamicNuclearNet\tif_data\val\out\HeLa-S3_nuc_pos1_q0_5c\HeLa-S3_nuc_pos1_q0_5c_trackmate.xml,44,0,,,61088,61110,40,41,40.0,41.0,2,2,death,seq0052_HeLa-S3_nuc_pos1_q0_5c:cell44,False
seq0052_HeLa-S3_nuc_pos1_q0_5c,HeLa-S3_nuc_pos1_q0_5c,DynamicNuclearNet,val,DynamicNuclearNet\tif_data\val\out\HeLa-S3_nuc_pos1_q0_5c\HeLa-S3_nuc_pos1_q0_5c_trackmate.xml,45,0,,,61107,61107,41,41,41.0,41.0,1,1,death,seq0052_HeLa-S3_nuc_pos1_q0_5c:cell45,False
seq0052_HeLa-S3_nuc_pos1_q0_5c,HeLa-S3_nuc_pos1_q0_5c,DynamicNuclearNet,val,DynamicNuclearNet\tif_data\val\out\HeLa-S3_nuc_pos1_q0_5c\HeLa-S3_nuc_pos1_q0_5c_trackmate.xml,46,1,2,48|49,60598,60742,15,23,15.0,23.0,9,9,division,seq0052_HeLa-S3_nuc_pos1_q0_5c:cell46,True
seq0052_HeLa-S3_nuc_pos1_q0_5c,HeLa-S3_nuc_pos1_q0_5c,DynamicNuclearNet,val,DynamicNuclearNet\tif_data\val\out\HeLa-S3_nuc_pos1_q0_5c\HeLa-S3_nuc_pos1_q0_5c_trackmate.xml,47,1,2,,60609,60609,15,15,15.0,15.0,1,1,death,seq0052_HeLa-S3_nuc_pos1_q0_5c:cell47,False
seq0052_HeLa-S3_nuc_pos1_q0_5c,HeLa-S3_nuc_pos1_q0_5c,DynamicNuclearNet,val,DynamicNuclearNet\tif_data\val\out\HeLa-S3_nuc_pos1_q0_5c\HeLa-S3_nuc_pos1_q0_5c_trackmate.xml,48,2,46,,60752,60787,24,27,24.0,27.0,4,4,death,seq0052_HeLa-S3_nuc_pos1_q0_5c:cell48,False
seq0052_HeLa-S3_nuc_pos1_q0_5c,HeLa-S3_nuc_pos1_q0_5c,DynamicNuclearNet,val,DynamicNuclearNet\tif_data\val\out\HeLa-S3_nuc_pos1_q0_5c\HeLa-S3_nuc_pos1_q0_5c_trackmate.xml,49,2,46,,60756,60799,24,27,24.0,27.0,4,4,death,seq0052_HeLa-S3_nuc_pos1_q0_5c:cell49,False
seq0053_HeLa-S3_nuc_pos20_q3_5c,HeLa-S3_nuc_pos20_q3_5c,DynamicNuclearNet,val,DynamicNuclearNet\tif_data\val\out\HeLa-S3_nuc_pos20_q3_5c\HeLa-S3_nuc_pos20_q3_5c_trackmate.xml,0,0,,,61272,62009,0,41,0.0,41.0,42,42,death,seq0053_HeLa-S3_nuc_pos20_q3_5c:cell0,False
seq0053_HeLa-S3_nuc_pos20_q3_5c,HeLa-S3_nuc_pos20_q3_5c,DynamicNuclearNet,val,DynamicNuclearNet\tif_data\val\out\HeLa-S3_nuc_pos20_q3_5c\HeLa-S3_nuc_pos20_q3_5c_trackmate.xml,1,0,,,61280,62013,0,41,0.0,41.0,42,42,death,seq0053_HeLa-S3_nuc_pos20_q3_5c:cell1,False
seq0053_HeLa-S3_nuc_pos20_q3_5c,HeLa-S3_nuc_pos20_q3_5c,DynamicNuclearNet,val,DynamicNuclearNet\tif_data\val\out\HeLa-S3_nuc_pos20_q3_5c\HeLa-S3_nuc_pos20_q3_5c_trackmate.xml,2,0,,,61286,62015,0,41,0.0,41.0,42,42,death,seq0053_HeLa-S3_nuc_pos20_q3_5c:cell2,False
seq0053_HeLa-S3_nuc_pos20_q3_5c,HeLa-S3_nuc_pos20_q3_5c,DynamicNuclearNet,val,DynamicNuclearNet\tif_data\val\out\HeLa-S3_nuc_pos20_q3_5c\HeLa-S3_nuc_pos20_q3_5c_trackmate.xml,3,0,,,61291,62017,0,41,0.0,41.0,42,42,death,seq0053_HeLa-S3_nuc_pos20_q3_5c:cell3,False
seq0053_HeLa-S3_nuc_pos20_q3_5c,HeLa-S3_nuc_pos20_q3_5c,DynamicNuclearNet,val,DynamicNuclearNet\tif_data\val\out\HeLa-S3_nuc_pos20_q3_5c\HeLa-S3_nuc_pos20_q3_5c_trackmate.xml,4,0,,,61296,62018,0,41,0.0,41.0,42,42,death,seq0053_HeLa-S3_nuc_pos20_q3_5c:cell4,False
seq0053_HeLa-S3_nuc_pos20_q3_5c,HeLa-S3_nuc_pos20_q3_5c,DynamicNuclearNet,val,DynamicNuclearNet\tif_data\val\out\HeLa-S3_nuc_pos20_q3_5c\HeLa-S3_nuc_pos20_q3_5c_trackmate.xml,5,0,,,61301,62019,0,41,0.0,41.0,42,42,death,seq0053_HeLa-S3_nuc_pos20_q3_5c:cell5,False
seq0053_HeLa-S3_nuc_pos20_q3_5c,HeLa-S3_nuc_pos20_q3_5c,DynamicNuclearNet,val,DynamicNuclearNet\tif_data\val\out\HeLa-S3_nuc_pos20_q3_5c\HeLa-S3_nuc_pos20_q3_5c_trackmate.xml,6,0,,,61305,62020,0,41,0.0,41.0,42,42,death,seq0053_HeLa-S3_nuc_pos20_q3_5c:cell6,False
seq0053_HeLa-S3_nuc_pos20_q3_5c,HeLa-S3_nuc_pos20_q3_5c,DynamicNuclearNet,val,DynamicNuclearNet\tif_data\val\out\HeLa-S3_nuc_pos20_q3_5c\HeLa-S3_nuc_pos20_q3_5c_trackmate.xml,7,0,,,61310,62021,0,41,0.0,41.0,42,42,death,seq0053_HeLa-S3_nuc_pos20_q3_5c:cell7,False
seq0053_HeLa-S3_nuc_pos20_q3_5c,HeLa-S3_nuc_pos20_q3_5c,DynamicNuclearNet,val,DynamicNuclearNet\tif_data\val\out\HeLa-S3_nuc_pos20_q3_5c\HeLa-S3_nuc_pos20_q3_5c_trackmate.xml,8,0,,,61313,62023,0,41,0.0,41.0,42,42,death,seq0053_HeLa-S3_nuc_pos20_q3_5c:cell8,False
seq0053_HeLa-S3_nuc_pos20_q3_5c,HeLa-S3_nuc_pos20_q3_5c,DynamicNuclearNet,val,DynamicNuclearNet\tif_data\val\out\HeLa-S3_nuc_pos20_q3_5c\HeLa-S3_nuc_pos20_q3_5c_trackmate.xml,9,0,,,61314,62022,0,41,0.0,41.0,42,42,death,seq0053_HeLa-S3_nuc_pos20_q3_5c:cell9,False
seq0053_HeLa-S3_nuc_pos20_q3_5c,HeLa-S3_nuc_pos20_q3_5c,DynamicNuclearNet,val,DynamicNuclearNet\tif_data\val\out\HeLa-S3_nuc_pos20_q3_5c\HeLa-S3_nuc_pos20_q3_5c_trackmate.xml,10,0,,,61315,62024,0,41,0.0,41.0,42,42,death,seq0053_HeLa-S3_nuc_pos20_q3_5c:cell10,False
seq0053_HeLa-S3_nuc_pos20_q3_5c,HeLa-S3_nuc_pos20_q3_5c,DynamicNuclearNet,val,DynamicNuclearNet\tif_data\val\out\HeLa-S3_nuc_pos20_q3_5c\HeLa-S3_nuc_pos20_q3_5c_trackmate.xml,11,0,,,61316,61595,0,22,0.0,22.0,23,23,death,seq0053_HeLa-S3_nuc_pos20_q3_5c:cell11,False
seq0053_HeLa-S3_nuc_pos20_q3_5c,HeLa-S3_nuc_pos20_q3_5c,DynamicNuclearNet,val,DynamicNuclearNet\tif_data\val\out\HeLa-S3_nuc_pos20_q3_5c\HeLa-S3_nuc_pos20_q3_5c_trackmate.xml,12,0,,,61317,62027,0,41,0.0,41.0,42,42,death,seq0053_HeLa-S3_nuc_pos20_q3_5c:cell12,False
seq0053_HeLa-S3_nuc_pos20_q3_5c,HeLa-S3_nuc_pos20_q3_5c,DynamicNuclearNet,val,DynamicNuclearNet\tif_data\val\out\HeLa-S3_nuc_pos20_q3_5c\HeLa-S3_nuc_pos20_q3_5c_trackmate.xml,13,0,,,61318,62032,0,41,0.0,41.0,42,42,death,seq0053_HeLa-S3_nuc_pos20_q3_5c:cell13,False
seq0053_HeLa-S3_nuc_pos20_q3_5c,HeLa-S3_nuc_pos20_q3_5c,DynamicNuclearNet,val,DynamicNuclearNet\tif_data\val\out\HeLa-S3_nuc_pos20_q3_5c\HeLa-S3_nuc_pos20_q3_5c_trackmate.xml,14,0,,,61319,62028,0,41,0.0,41.0,42,42,death,seq0053_HeLa-S3_nuc_pos20_q3_5c:cell14,False
seq0053_HeLa-S3_nuc_pos20_q3_5c,HeLa-S3_nuc_pos20_q3_5c,DynamicNuclearNet,val,DynamicNuclearNet\tif_data\val\out\HeLa-S3_nuc_pos20_q3_5c\HeLa-S3_nuc_pos20_q3_5c_trackmate.xml,15,0,,,61320,62035,0,41,0.0,41.0,42,42,death,seq0053_HeLa-S3_nuc_pos20_q3_5c:cell15,False
seq0053_HeLa-S3_nuc_pos20_q3_5c,HeLa-S3_nuc_pos20_q3_5c,DynamicNuclearNet,val,DynamicNuclearNet\tif_data\val\out\HeLa-S3_nuc_pos20_q3_5c\HeLa-S3_nuc_pos20_q3_5c_trackmate.xml,16,0,,,61321,62071,0,9,0.0,9.0,10,10,death,seq0053_HeLa-S3_nuc_pos20_q3_5c:cell16,False
seq0053_HeLa-S3_nuc_pos20_q3_5c,HeLa-S3_nuc_pos20_q3_5c,DynamicNuclearNet,val,DynamicNuclearNet\tif_data\val\out\HeLa-S3_nuc_pos20_q3_5c\HeLa-S3_nuc_pos20_q3_5c_trackmate.xml,17,0,,,61322,62039,0,41,0.0,41.0,42,42,death,seq0053_HeLa-S3_nuc_pos20_q3_5c:cell17,False
seq0053_HeLa-S3_nuc_pos20_q3_5c,HeLa-S3_nuc_pos20_q3_5c,DynamicNuclearNet,val,DynamicNuclearNet\tif_data\val\out\HeLa-S3_nuc_pos20_q3_5c\HeLa-S3_nuc_pos20_q3_5c_trackmate.xml,18,0,,,61323,62049,0,41,0.0,41.0,42,42,death,seq0053_HeLa-S3_nuc_pos20_q3_5c:cell18,False
seq0053_HeLa-S3_nuc_pos20_q3_5c,HeLa-S3_nuc_pos20_q3_5c,DynamicNuclearNet,val,DynamicNuclearNet\tif_data\val\out\HeLa-S3_nuc_pos20_q3_5c\HeLa-S3_nuc_pos20_q3_5c_trackmate.xml,19,0,,,61324,62052,0,41,0.0,41.0,42,42,death,seq0053_HeLa-S3_nuc_pos20_q3_5c:cell19,False
seq0053_HeLa-S3_nuc_pos20_q3_5c,HeLa-S3_nuc_pos20_q3_5c,DynamicNuclearNet,val,DynamicNuclearNet\tif_data\val\out\HeLa-S3_nuc_pos20_q3_5c\HeLa-S3_nuc_pos20_q3_5c_trackmate.xml,20,0,,,61325,61311,0,10,0.0,10.0,11,11,death,seq0053_HeLa-S3_nuc_pos20_q3_5c:cell20,False
seq0053_HeLa-S3_nuc_pos20_q3_5c,HeLa-S3_nuc_pos20_q3_5c,DynamicNuclearNet,val,DynamicNuclearNet\tif_data\val\out\HeLa-S3_nuc_pos20_q3_5c\HeLa-S3_nuc_pos20_q3_5c_trackmate.xml,21,0,,,61236,61236,11,11,11.0,11.0,1,1,death,seq0053_HeLa-S3_nuc_pos20_q3_5c:cell21,False
seq0053_HeLa-S3_nuc_pos20_q3_5c,HeLa-S3_nuc_pos20_q3_5c,DynamicNuclearNet,val,DynamicNuclearNet\tif_data\val\out\HeLa-S3_nuc_pos20_q3_5c\HeLa-S3_nuc_pos20_q3_5c_trackmate.xml,22,0,,,61375,61463,12,17,12.0,17.0,6,6,death,seq0053_HeLa-S3_nuc_pos20_q3_5c:cell22,False
seq0053_HeLa-S3_nuc_pos20_q3_5c,HeLa-S3_nuc_pos20_q3_5c,DynamicNuclearNet,val,DynamicNuclearNet\tif_data\val\out\HeLa-S3_nuc_pos20_q3_5c\HeLa-S3_nuc_pos20_q3_5c_trackmate.xml,23,0,,,61443,61603,12,22,12.0,22.0,11,11,death,seq0053_HeLa-S3_nuc_pos20_q3_5c:cell23,False
seq0053_HeLa-S3_nuc_pos20_q3_5c,HeLa-S3_nuc_pos20_q3_5c,DynamicNuclearNet,val,DynamicNuclearNet\tif_data\val\out\HeLa-S3_nuc_pos20_q3_5c\HeLa-S3_nuc_pos20_q3_5c_trackmate.xml,24,0,,,61448,61448,18,18,18.0,18.0,1,1,death,seq0053_HeLa-S3_nuc_pos20_q3_5c:cell24,False
seq0053_HeLa-S3_nuc_pos20_q3_5c,HeLa-S3_nuc_pos20_q3_5c,DynamicNuclearNet,val,DynamicNuclearNet\tif_data\val\out\HeLa-S3_nuc_pos20_q3_5c\HeLa-S3_nuc_pos20_q3_5c_trackmate.xml,25,0,,,61451,62012,18,41,18.0,41.0,24,24,death,seq0053_HeLa-S3_nuc_pos20_q3_5c:cell25,False
seq0053_HeLa-S3_nuc_pos20_q3_5c,HeLa-S3_nuc_pos20_q3_5c,DynamicNuclearNet,val,DynamicNuclearNet\tif_data\val\out\HeLa-S3_nuc_pos20_q3_5c\HeLa-S3_nuc_pos20_q3_5c_trackmate.xml,26,0,,,61497,61497,19,19,19.0,19.0,1,1,death,seq0053_HeLa-S3_nuc_pos20_q3_5c:cell26,False
seq0053_HeLa-S3_nuc_pos20_q3_5c,HeLa-S3_nuc_pos20_q3_5c,DynamicNuclearNet,val,DynamicNuclearNet\tif_data\val\out\HeLa-S3_nuc_pos20_q3_5c\HeLa-S3_nuc_pos20_q3_5c_trackmate.xml,27,0,,,61535,61561,20,21,20.0,21.0,2,2,death,seq0053_HeLa-S3_nuc_pos20_q3_5c:cell27,False
seq0053_HeLa-S3_nuc_pos20_q3_5c,HeLa-S3_nuc_pos20_q3_5c,DynamicNuclearNet,val,DynamicNuclearNet\tif_data\val\out\HeLa-S3_nuc_pos20_q3_5c\HeLa-S3_nuc_pos20_q3_5c_trackmate.xml,28,0,,,61649,61649,23,23,23.0,23.0,1,1,death,seq0053_HeLa-S3_nuc_pos20_q3_5c:cell28,False
seq0053_HeLa-S3_nuc_pos20_q3_5c,HeLa-S3_nuc_pos20_q3_5c,DynamicNuclearNet,val,DynamicNuclearNet\tif_data\val\out\HeLa-S3_nuc_pos20_q3_5c\HeLa-S3_nuc_pos20_q3_5c_trackmate.xml,29,0,,,61651,61651,23,23,23.0,23.0,1,1,death,seq0053_HeLa-S3_nuc_pos20_q3_5c:cell29,False
seq0053_HeLa-S3_nuc_pos20_q3_5c,HeLa-S3_nuc_pos20_q3_5c,DynamicNuclearNet,val,DynamicNuclearNet\tif_data\val\out\HeLa-S3_nuc_pos20_q3_5c\HeLa-S3_nuc_pos20_q3_5c_trackmate.xml,30,0,,,61678,62046,23,41,23.0,41.0,19,19,death,seq0053_HeLa-S3_nuc_pos20_q3_5c:cell30,False
seq0053_HeLa-S3_nuc_pos20_q3_5c,HeLa-S3_nuc_pos20_q3_5c,DynamicNuclearNet,val,DynamicNuclearNet\tif_data\val\out\HeLa-S3_nuc_pos20_q3_5c\HeLa-S3_nuc_pos20_q3_5c_trackmate.xml,31,0,,,61680,61680,23,23,23.0,23.0,1,1,death,seq0053_HeLa-S3_nuc_pos20_q3_5c:cell31,False
seq0053_HeLa-S3_nuc_pos20_q3_5c,HeLa-S3_nuc_pos20_q3_5c,DynamicNuclearNet,val,DynamicNuclearNet\tif_data\val\out\HeLa-S3_nuc_pos20_q3_5c\HeLa-S3_nuc_pos20_q3_5c_trackmate.xml,32,0,,,61605,62010,24,41,24.0,41.0,18,18,death,seq0053_HeLa-S3_nuc_pos20_q3_5c:cell32,False
seq0053_HeLa-S3_nuc_pos20_q3_5c,HeLa-S3_nuc_pos20_q3_5c,DynamicNuclearNet,val,DynamicNuclearNet\tif_data\val\out\HeLa-S3_nuc_pos20_q3_5c\HeLa-S3_nuc_pos20_q3_5c_trackmate.xml,33,0,,,61628,62025,24,41,24.0,41.0,18,18,death,seq0053_HeLa-S3_nuc_pos20_q3_5c:cell33,False
seq0053_HeLa-S3_nuc_pos20_q3_5c,HeLa-S3_nuc_pos20_q3_5c,DynamicNuclearNet,val,DynamicNuclearNet\tif_data\val\out\HeLa-S3_nuc_pos20_q3_5c\HeLa-S3_nuc_pos20_q3_5c_trackmate.xml,34,0,,,61634,62026,24,41,24.0,41.0,18,18,death,seq0053_HeLa-S3_nuc_pos20_q3_5c:cell34,False
seq0053_HeLa-S3_nuc_pos20_q3_5c,HeLa-S3_nuc_pos20_q3_5c,DynamicNuclearNet,val,DynamicNuclearNet\tif_data\val\out\HeLa-S3_nuc_pos20_q3_5c\HeLa-S3_nuc_pos20_q3_5c_trackmate.xml,35,0,,,61656,62043,24,41,24.0,41.0,18,18,death,seq0053_HeLa-S3_nuc_pos20_q3_5c:cell35,False
seq0054_HeLa-S3_nuc_pos22_q2_5c,HeLa-S3_nuc_pos22_q2_5c,DynamicNuclearNet,val,DynamicNuclearNet\tif_data\val\out\HeLa-S3_nuc_pos22_q2_5c\HeLa-S3_nuc_pos22_q2_5c_trackmate.xml,0,0,,,62317,62095,0,1,0.0,1.0,2,2,death,seq0054_HeLa-S3_nuc_pos22_q2_5c:cell0,False
seq0054_HeLa-S3_nuc_pos22_q2_5c,HeLa-S3_nuc_pos22_q2_5c,DynamicNuclearNet,val,DynamicNuclearNet\tif_data\val\out\HeLa-S3_nuc_pos22_q2_5c\HeLa-S3_nuc_pos22_q2_5c_trackmate.xml,1,0,,,62330,64101,0,41,0.0,41.0,42,42,death,seq0054_HeLa-S3_nuc_pos22_q2_5c:cell1,False
seq0054_HeLa-S3_nuc_pos22_q2_5c,HeLa-S3_nuc_pos22_q2_5c,DynamicNuclearNet,val,DynamicNuclearNet\tif_data\val\out\HeLa-S3_nuc_pos22_q2_5c\HeLa-S3_nuc_pos22_q2_5c_trackmate.xml,2,0,,,62343,62102,0,1,0.0,1.0,2,2,death,seq0054_HeLa-S3_nuc_pos22_q2_5c:cell2,False
seq0054_HeLa-S3_nuc_pos22_q2_5c,HeLa-S3_nuc_pos22_q2_5c,DynamicNuclearNet,val,DynamicNuclearNet\tif_data\val\out\HeLa-S3_nuc_pos22_q2_5c\HeLa-S3_nuc_pos22_q2_5c_trackmate.xml,3,0,,,62357,63356,0,24,0.0,24.0,25,25,death,seq0054_HeLa-S3_nuc_pos22_q2_5c:cell3,False
seq0054_HeLa-S3_nuc_pos22_q2_5c,HeLa-S3_nuc_pos22_q2_5c,DynamicNuclearNet,val,DynamicNuclearNet\tif_data\val\out\HeLa-S3_nuc_pos22_q2_5c\HeLa-S3_nuc_pos22_q2_5c_trackmate.xml,4,0,,,62370,62136,0,10,0.0,10.0,11,11,death,seq0054_HeLa-S3_nuc_pos22_q2_5c:cell4,False
seq0054_HeLa-S3_nuc_pos22_q2_5c,HeLa-S3_nuc_pos22_q2_5c,DynamicNuclearNet,val,DynamicNuclearNet\tif_data\val\out\HeLa-S3_nuc_pos22_q2_5c\HeLa-S3_nuc_pos22_q2_5c_trackmate.xml,5,0,,,62382,64122,0,41,0.0,41.0,42,42,death,seq0054_HeLa-S3_nuc_pos22_q2_5c:cell5,False
seq0054_HeLa-S3_nuc_pos22_q2_5c,HeLa-S3_nuc_pos22_q2_5c,DynamicNuclearNet,val,DynamicNuclearNet\tif_data\val\out\HeLa-S3_nuc_pos22_q2_5c\HeLa-S3_nuc_pos22_q2_5c_trackmate.xml,6,0,,,62396,64131,0,41,0.0,41.0,42,42,death,seq0054_HeLa-S3_nuc_pos22_q2_5c:cell6,False
seq0054_HeLa-S3_nuc_pos22_q2_5c,HeLa-S3_nuc_pos22_q2_5c,DynamicNuclearNet,val,DynamicNuclearNet\tif_data\val\out\HeLa-S3_nuc_pos22_q2_5c\HeLa-S3_nuc_pos22_q2_5c_trackmate.xml,7,0,,,62405,64135,0,41,0.0,41.0,42,42,death,seq0054_HeLa-S3_nuc_pos22_q2_5c:cell7,False
seq0054_HeLa-S3_nuc_pos22_q2_5c,HeLa-S3_nuc_pos22_q2_5c,DynamicNuclearNet,val,DynamicNuclearNet\tif_data\val\out\HeLa-S3_nuc_pos22_q2_5c\HeLa-S3_nuc_pos22_q2_5c_trackmate.xml,8,0,,,62416,62416,0,0,0.0,0.0,1,1,death,seq0054_HeLa-S3_nuc_pos22_q2_5c:cell8,False
seq0054_HeLa-S3_nuc_pos22_q2_5c,HeLa-S3_nuc_pos22_q2_5c,DynamicNuclearNet,val,DynamicNuclearNet\tif_data\val\out\HeLa-S3_nuc_pos22_q2_5c\HeLa-S3_nuc_pos22_q2_5c_trackmate.xml,9,0,,,62428,64148,0,41,0.0,41.0,42,42,death,seq0054_HeLa-S3_nuc_pos22_q2_5c:cell9,False
seq0054_HeLa-S3_nuc_pos22_q2_5c,HeLa-S3_nuc_pos22_q2_5c,DynamicNuclearNet,val,DynamicNuclearNet\tif_data\val\out\HeLa-S3_nuc_pos22_q2_5c\HeLa-S3_nuc_pos22_q2_5c_trackmate.xml,10,0,,,62442,64145,0,41,0.0,41.0,42,42,death,seq0054_HeLa-S3_nuc_pos22_q2_5c:cell10,False
seq0054_HeLa-S3_nuc_pos22_q2_5c,HeLa-S3_nuc_pos22_q2_5c,DynamicNuclearNet,val,DynamicNuclearNet\tif_data\val\out\HeLa-S3_nuc_pos22_q2_5c\HeLa-S3_nuc_pos22_q2_5c_trackmate.xml,11,0,,,62457,63174,0,22,0.0,22.0,23,23,death,seq0054_HeLa-S3_nuc_pos22_q2_5c:cell11,False
seq0054_HeLa-S3_nuc_pos22_q2_5c,HeLa-S3_nuc_pos22_q2_5c,DynamicNuclearNet,val,DynamicNuclearNet\tif_data\val\out\HeLa-S3_nuc_pos22_q2_5c\HeLa-S3_nuc_pos22_q2_5c_trackmate.xml,12,0,,,62468,64154,0,41,0.0,41.0,42,42,death,seq0054_HeLa-S3_nuc_pos22_q2_5c:cell12,False
seq0054_HeLa-S3_nuc_pos22_q2_5c,HeLa-S3_nuc_pos22_q2_5c,DynamicNuclearNet,val,DynamicNuclearNet\tif_data\val\out\HeLa-S3_nuc_pos22_q2_5c\HeLa-S3_nuc_pos22_q2_5c_trackmate.xml,13,0,,,62481,62856,0,16,0.0,16.0,17,17,death,seq0054_HeLa-S3_nuc_pos22_q2_5c:cell13,False
seq0054_HeLa-S3_nuc_pos22_q2_5c,HeLa-S3_nuc_pos22_q2_5c,DynamicNuclearNet,val,DynamicNuclearNet\tif_data\val\out\HeLa-S3_nuc_pos22_q2_5c\HeLa-S3_nuc_pos22_q2_5c_trackmate.xml,14,0,,,62493,64164,0,41,0.0,41.0,42,42,death,seq0054_HeLa-S3_nuc_pos22_q2_5c:cell14,False
seq0054_HeLa-S3_nuc_pos22_q2_5c,HeLa-S3_nuc_pos22_q2_5c,DynamicNuclearNet,val,DynamicNuclearNet\tif_data\val\out\HeLa-S3_nuc_pos22_q2_5c\HeLa-S3_nuc_pos22_q2_5c_trackmate.xml,15,0,,,62503,64168,0,41,0.0,41.0,42,42,death,seq0054_HeLa-S3_nuc_pos22_q2_5c:cell15,False
seq0054_HeLa-S3_nuc_pos22_q2_5c,HeLa-S3_nuc_pos22_q2_5c,DynamicNuclearNet,val,DynamicNuclearNet\tif_data\val\out\HeLa-S3_nuc_pos22_q2_5c\HeLa-S3_nuc_pos22_q2_5c_trackmate.xml,16,0,,,62511,64179,0,41,0.0,41.0,42,42,death,seq0054_HeLa-S3_nuc_pos22_q2_5c:cell16,False
seq0054_HeLa-S3_nuc_pos22_q2_5c,HeLa-S3_nuc_pos22_q2_5c,DynamicNuclearNet,val,DynamicNuclearNet\tif_data\val\out\HeLa-S3_nuc_pos22_q2_5c\HeLa-S3_nuc_pos22_q2_5c_trackmate.xml,17,0,,,62519,62188,0,1,0.0,1.0,2,2,death,seq0054_HeLa-S3_nuc_pos22_q2_5c:cell17,False
seq0054_HeLa-S3_nuc_pos22_q2_5c,HeLa-S3_nuc_pos22_q2_5c,DynamicNuclearNet,val,DynamicNuclearNet\tif_data\val\out\HeLa-S3_nuc_pos22_q2_5c\HeLa-S3_nuc_pos22_q2_5c_trackmate.xml,18,0,,,62528,64181,0,41,0.0,41.0,42,42,death,seq0054_HeLa-S3_nuc_pos22_q2_5c:cell18,False
seq0054_HeLa-S3_nuc_pos22_q2_5c,HeLa-S3_nuc_pos22_q2_5c,DynamicNuclearNet,val,DynamicNuclearNet\tif_data\val\out\HeLa-S3_nuc_pos22_q2_5c\HeLa-S3_nuc_pos22_q2_5c_trackmate.xml,19,0,,,62538,64192,0,41,0.0,41.0,42,42,death,seq0054_HeLa-S3_nuc_pos22_q2_5c:cell19,False
seq0054_HeLa-S3_nuc_pos22_q2_5c,HeLa-S3_nuc_pos22_q2_5c,DynamicNuclearNet,val,DynamicNuclearNet\tif_data\val\out\HeLa-S3_nuc_pos22_q2_5c\HeLa-S3_nuc_pos22_q2_5c_trackmate.xml,20,0,,,62547,64195,0,41,0.0,41.0,42,42,death,seq0054_HeLa-S3_nuc_pos22_q2_5c:cell20,False
seq0054_HeLa-S3_nuc_pos22_q2_5c,HeLa-S3_nuc_pos22_q2_5c,DynamicNuclearNet,val,DynamicNuclearNet\tif_data\val\out\HeLa-S3_nuc_pos22_q2_5c\HeLa-S3_nuc_pos22_q2_5c_trackmate.xml,21,0,,,62557,64203,0,41,0.0,41.0,42,42,death,seq0054_HeLa-S3_nuc_pos22_q2_5c:cell21,False
seq0054_HeLa-S3_nuc_pos22_q2_5c,HeLa-S3_nuc_pos22_q2_5c,DynamicNuclearNet,val,DynamicNuclearNet\tif_data\val\out\HeLa-S3_nuc_pos22_q2_5c\HeLa-S3_nuc_pos22_q2_5c_trackmate.xml,22,0,,,62565,64207,0,41,0.0,41.0,42,42,death,seq0054_HeLa-S3_nuc_pos22_q2_5c:cell22,False
seq0054_HeLa-S3_nuc_pos22_q2_5c,HeLa-S3_nuc_pos22_q2_5c,DynamicNuclearNet,val,DynamicNuclearNet\tif_data\val\out\HeLa-S3_nuc_pos22_q2_5c\HeLa-S3_nuc_pos22_q2_5c_trackmate.xml,23,0,,,62572,62361,0,5,0.0,5.0,6,6,death,seq0054_HeLa-S3_nuc_pos22_q2_5c:cell23,False
seq0054_HeLa-S3_nuc_pos22_q2_5c,HeLa-S3_nuc_pos22_q2_5c,DynamicNuclearNet,val,DynamicNuclearNet\tif_data\val\out\HeLa-S3_nuc_pos22_q2_5c\HeLa-S3_nuc_pos22_q2_5c_trackmate.xml,24,0,,,62578,64199,0,41,0.0,41.0,42,42,death,seq0054_HeLa-S3_nuc_pos22_q2_5c:cell24,False
seq0054_HeLa-S3_nuc_pos22_q2_5c,HeLa-S3_nuc_pos22_q2_5c,DynamicNuclearNet,val,DynamicNuclearNet\tif_data\val\out\HeLa-S3_nuc_pos22_q2_5c\HeLa-S3_nuc_pos22_q2_5c_trackmate.xml,25,0,,,62586,64214,0,41,0.0,41.0,42,42,death,seq0054_HeLa-S3_nuc_pos22_q2_5c:cell25,False
seq0054_HeLa-S3_nuc_pos22_q2_5c,HeLa-S3_nuc_pos22_q2_5c,DynamicNuclearNet,val,DynamicNuclearNet\tif_data\val\out\HeLa-S3_nuc_pos22_q2_5c\HeLa-S3_nuc_pos22_q2_5c_trackmate.xml,26,0,,,62594,62495,0,9,0.0,9.0,10,10,death,seq0054_HeLa-S3_nuc_pos22_q2_5c:cell26,False
seq0054_HeLa-S3_nuc_pos22_q2_5c,HeLa-S3_nuc_pos22_q2_5c,DynamicNuclearNet,val,DynamicNuclearNet\tif_data\val\out\HeLa-S3_nuc_pos22_q2_5c\HeLa-S3_nuc_pos22_q2_5c_trackmate.xml,27,0,,,62601,62601,0,0,0.0,0.0,1,1,death,seq0054_HeLa-S3_nuc_pos22_q2_5c:cell27,False
seq0054_HeLa-S3_nuc_pos22_q2_5c,HeLa-S3_nuc_pos22_q2_5c,DynamicNuclearNet,val,DynamicNuclearNet\tif_data\val\out\HeLa-S3_nuc_pos22_q2_5c\HeLa-S3_nuc_pos22_q2_5c_trackmate.xml,28,0,,,62608,64224,0,41,0.0,41.0,42,42,death,seq0054_HeLa-S3_nuc_pos22_q2_5c:cell28,False
seq0054_HeLa-S3_nuc_pos22_q2_5c,HeLa-S3_nuc_pos22_q2_5c,DynamicNuclearNet,val,DynamicNuclearNet\tif_data\val\out\HeLa-S3_nuc_pos22_q2_5c\HeLa-S3_nuc_pos22_q2_5c_trackmate.xml,29,0,,,62615,64221,0,41,0.0,41.0,42,42,death,seq0054_HeLa-S3_nuc_pos22_q2_5c:cell29,False
seq0054_HeLa-S3_nuc_pos22_q2_5c,HeLa-S3_nuc_pos22_q2_5c,DynamicNuclearNet,val,DynamicNuclearNet\tif_data\val\out\HeLa-S3_nuc_pos22_q2_5c\HeLa-S3_nuc_pos22_q2_5c_trackmate.xml,30,0,,,62622,64232,0,41,0.0,41.0,42,42,death,seq0054_HeLa-S3_nuc_pos22_q2_5c:cell30,False
seq0054_HeLa-S3_nuc_pos22_q2_5c,HeLa-S3_nuc_pos22_q2_5c,DynamicNuclearNet,val,DynamicNuclearNet\tif_data\val\out\HeLa-S3_nuc_pos22_q2_5c\HeLa-S3_nuc_pos22_q2_5c_trackmate.xml,31,0,,,62627,64228,0,41,0.0,41.0,42,42,death,seq0054_HeLa-S3_nuc_pos22_q2_5c:cell31,False
seq0054_HeLa-S3_nuc_pos22_q2_5c,HeLa-S3_nuc_pos22_q2_5c,DynamicNuclearNet,val,DynamicNuclearNet\tif_data\val\out\HeLa-S3_nuc_pos22_q2_5c\HeLa-S3_nuc_pos22_q2_5c_trackmate.xml,32,0,,,62633,64235,0,41,0.0,41.0,42,42,death,seq0054_HeLa-S3_nuc_pos22_q2_5c:cell32,False
seq0054_HeLa-S3_nuc_pos22_q2_5c,HeLa-S3_nuc_pos22_q2_5c,DynamicNuclearNet,val,DynamicNuclearNet\tif_data\val\out\HeLa-S3_nuc_pos22_q2_5c\HeLa-S3_nuc_pos22_q2_5c_trackmate.xml,33,0,,,62637,63748,0,30,0.0,30.0,31,31,death,seq0054_HeLa-S3_nuc_pos22_q2_5c:cell33,False
seq0054_HeLa-S3_nuc_pos22_q2_5c,HeLa-S3_nuc_pos22_q2_5c,DynamicNuclearNet,val,DynamicNuclearNet\tif_data\val\out\HeLa-S3_nuc_pos22_q2_5c\HeLa-S3_nuc_pos22_q2_5c_trackmate.xml,34,0,,,62644,63763,0,30,0.0,30.0,31,31,death,seq0054_HeLa-S3_nuc_pos22_q2_5c:cell34,False
seq0054_HeLa-S3_nuc_pos22_q2_5c,HeLa-S3_nuc_pos22_q2_5c,DynamicNuclearNet,val,DynamicNuclearNet\tif_data\val\out\HeLa-S3_nuc_pos22_q2_5c\HeLa-S3_nuc_pos22_q2_5c_trackmate.xml,35,0,,,62650,64244,0,41,0.0,41.0,42,42,death,seq0054_HeLa-S3_nuc_pos22_q2_5c:cell35,False
seq0054_HeLa-S3_nuc_pos22_q2_5c,HeLa-S3_nuc_pos22_q2_5c,DynamicNuclearNet,val,DynamicNuclearNet\tif_data\val\out\HeLa-S3_nuc_pos22_q2_5c\HeLa-S3_nuc_pos22_q2_5c_trackmate.xml,36,0,,,62657,64251,0,41,0.0,41.0,42,42,death,seq0054_HeLa-S3_nuc_pos22_q2_5c:cell36,False
seq0054_HeLa-S3_nuc_pos22_q2_5c,HeLa-S3_nuc_pos22_q2_5c,DynamicNuclearNet,val,DynamicNuclearNet\tif_data\val\out\HeLa-S3_nuc_pos22_q2_5c\HeLa-S3_nuc_pos22_q2_5c_trackmate.xml,37,0,,,62661,64255,0,41,0.0,41.0,42,42,death,seq0054_HeLa-S3_nuc_pos22_q2_5c:cell37,False
seq0054_HeLa-S3_nuc_pos22_q2_5c,HeLa-S3_nuc_pos22_q2_5c,DynamicNuclearNet,val,DynamicNuclearNet\tif_data\val\out\HeLa-S3_nuc_pos22_q2_5c\HeLa-S3_nuc_pos22_q2_5c_trackmate.xml,38,0,,,62664,63312,0,23,0.0,23.0,24,24,death,seq0054_HeLa-S3_nuc_pos22_q2_5c:cell38,False
seq0054_HeLa-S3_nuc_pos22_q2_5c,HeLa-S3_nuc_pos22_q2_5c,DynamicNuclearNet,val,DynamicNuclearNet\tif_data\val\out\HeLa-S3_nuc_pos22_q2_5c\HeLa-S3_nuc_pos22_q2_5c_trackmate.xml,39,0,,,62668,63977,0,32,0.0,32.0,33,33,death,seq0054_HeLa-S3_nuc_pos22_q2_5c:cell39,False
seq0054_HeLa-S3_nuc_pos22_q2_5c,HeLa-S3_nuc_pos22_q2_5c,DynamicNuclearNet,val,DynamicNuclearNet\tif_data\val\out\HeLa-S3_nuc_pos22_q2_5c\HeLa-S3_nuc_pos22_q2_5c_trackmate.xml,40,0,,,62672,62672,0,0,0.0,0.0,1,1,death,seq0054_HeLa-S3_nuc_pos22_q2_5c:cell40,False
seq0054_HeLa-S3_nuc_pos22_q2_5c,HeLa-S3_nuc_pos22_q2_5c,DynamicNuclearNet,val,DynamicNuclearNet\tif_data\val\out\HeLa-S3_nuc_pos22_q2_5c\HeLa-S3_nuc_pos22_q2_5c_trackmate.xml,41,0,,,62675,64262,0,41,0.0,41.0,42,42,death,seq0054_HeLa-S3_nuc_pos22_q2_5c:cell41,False
seq0054_HeLa-S3_nuc_pos22_q2_5c,HeLa-S3_nuc_pos22_q2_5c,DynamicNuclearNet,val,DynamicNuclearNet\tif_data\val\out\HeLa-S3_nuc_pos22_q2_5c\HeLa-S3_nuc_pos22_q2_5c_trackmate.xml,42,0,,,62678,64215,0,37,0.0,37.0,38,38,death,seq0054_HeLa-S3_nuc_pos22_q2_5c:cell42,False
seq0054_HeLa-S3_nuc_pos22_q2_5c,HeLa-S3_nuc_pos22_q2_5c,DynamicNuclearNet,val,DynamicNuclearNet\tif_data\val\out\HeLa-S3_nuc_pos22_q2_5c\HeLa-S3_nuc_pos22_q2_5c_trackmate.xml,43,0,,,62681,64273,0,41,0.0,41.0,42,42,death,seq0054_HeLa-S3_nuc_pos22_q2_5c:cell43,False
seq0054_HeLa-S3_nuc_pos22_q2_5c,HeLa-S3_nuc_pos22_q2_5c,DynamicNuclearNet,val,DynamicNuclearNet\tif_data\val\out\HeLa-S3_nuc_pos22_q2_5c\HeLa-S3_nuc_pos22_q2_5c_trackmate.xml,44,0,,,62684,64287,0,41,0.0,41.0,42,42,death,seq0054_HeLa-S3_nuc_pos22_q2_5c:cell44,False
seq0054_HeLa-S3_nuc_pos22_q2_5c,HeLa-S3_nuc_pos22_q2_5c,DynamicNuclearNet,val,DynamicNuclearNet\tif_data\val\out\HeLa-S3_nuc_pos22_q2_5c\HeLa-S3_nuc_pos22_q2_5c_trackmate.xml,45,0,,,62686,64281,0,41,0.0,41.0,42,42,death,seq0054_HeLa-S3_nuc_pos22_q2_5c:cell45,False
seq0054_HeLa-S3_nuc_pos22_q2_5c,HeLa-S3_nuc_pos22_q2_5c,DynamicNuclearNet,val,DynamicNuclearNet\tif_data\val\out\HeLa-S3_nuc_pos22_q2_5c\HeLa-S3_nuc_pos22_q2_5c_trackmate.xml,46,0,,,62688,64278,0,41,0.0,41.0,42,42,death,seq0054_HeLa-S3_nuc_pos22_q2_5c:cell46,False
seq0054_HeLa-S3_nuc_pos22_q2_5c,HeLa-S3_nuc_pos22_q2_5c,DynamicNuclearNet,val,DynamicNuclearNet\tif_data\val\out\HeLa-S3_nuc_pos22_q2_5c\HeLa-S3_nuc_pos22_q2_5c_trackmate.xml,47,0,,,62690,62486,0,1,0.0,1.0,2,2,death,seq0054_HeLa-S3_nuc_pos22_q2_5c:cell47,False
seq0054_HeLa-S3_nuc_pos22_q2_5c,HeLa-S3_nuc_pos22_q2_5c,DynamicNuclearNet,val,DynamicNuclearNet\tif_data\val\out\HeLa-S3_nuc_pos22_q2_5c\HeLa-S3_nuc_pos22_q2_5c_trackmate.xml,48,0,,,62123,62123,1,1,1.0,1.0,1,1,death,seq0054_HeLa-S3_nuc_pos22_q2_5c:cell48,False
seq0054_HeLa-S3_nuc_pos22_q2_5c,HeLa-S3_nuc_pos22_q2_5c,DynamicNuclearNet,val,DynamicNuclearNet\tif_data\val\out\HeLa-S3_nuc_pos22_q2_5c\HeLa-S3_nuc_pos22_q2_5c_trackmate.xml,49,0,,,62242,62174,2,8,2.0,8.0,7,7,death,seq0054_HeLa-S3_nuc_pos22_q2_5c:cell49,False
seq0054_HeLa-S3_nuc_pos22_q2_5c,HeLa-S3_nuc_pos22_q2_5c,DynamicNuclearNet,val,DynamicNuclearNet\tif_data\val\out\HeLa-S3_nuc_pos22_q2_5c\HeLa-S3_nuc_pos22_q2_5c_trackmate.xml,50,0,,,62247,62247,2,2,2.0,2.0,1,1,death,seq0054_HeLa-S3_nuc_pos22_q2_5c:cell50,False
seq0054_HeLa-S3_nuc_pos22_q2_5c,HeLa-S3_nuc_pos22_q2_5c,DynamicNuclearNet,val,DynamicNuclearNet\tif_data\val\out\HeLa-S3_nuc_pos22_q2_5c\HeLa-S3_nuc_pos22_q2_5c_trackmate.xml,51,0,,,62254,62185,2,8,2.0,8.0,7,7,death,seq0054_HeLa-S3_nuc_pos22_q2_5c:cell51,False
seq0054_HeLa-S3_nuc_pos22_q2_5c,HeLa-S3_nuc_pos22_q2_5c,DynamicNuclearNet,val,DynamicNuclearNet\tif_data\val\out\HeLa-S3_nuc_pos22_q2_5c\HeLa-S3_nuc_pos22_q2_5c_trackmate.xml,52,0,,,62318,62757,2,14,2.0,14.0,13,13,death,seq0054_HeLa-S3_nuc_pos22_q2_5c:cell52,False
seq0054_HeLa-S3_nuc_pos22_q2_5c,HeLa-S3_nuc_pos22_q2_5c,DynamicNuclearNet,val,DynamicNuclearNet\tif_data\val\out\HeLa-S3_nuc_pos22_q2_5c\HeLa-S3_nuc_pos22_q2_5c_trackmate.xml,53,0,,,62417,62417,2,2,2.0,2.0,1,1,death,seq0054_HeLa-S3_nuc_pos22_q2_5c:cell53,False
seq0054_HeLa-S3_nuc_pos22_q2_5c,HeLa-S3_nuc_pos22_q2_5c,DynamicNuclearNet,val,DynamicNuclearNet\tif_data\val\out\HeLa-S3_nuc_pos22_q2_5c\HeLa-S3_nuc_pos22_q2_5c_trackmate.xml,54,0,,,62438,62521,2,4,2.0,4.0,3,3,death,seq0054_HeLa-S3_nuc_pos22_q2_5c:cell54,False
seq0054_HeLa-S3_nuc_pos22_q2_5c,HeLa-S3_nuc_pos22_q2_5c,DynamicNuclearNet,val,DynamicNuclearNet\tif_data\val\out\HeLa-S3_nuc_pos22_q2_5c\HeLa-S3_nuc_pos22_q2_5c_trackmate.xml,55,0,,,62527,62609,2,6,2.0,6.0,5,5,death,seq0054_HeLa-S3_nuc_pos22_q2_5c:cell55,False
seq0054_HeLa-S3_nuc_pos22_q2_5c,HeLa-S3_nuc_pos22_q2_5c,DynamicNuclearNet,val,DynamicNuclearNet\tif_data\val\out\HeLa-S3_nuc_pos22_q2_5c\HeLa-S3_nuc_pos22_q2_5c_trackmate.xml,56,0,,,62628,62569,2,5,2.0,5.0,4,4,death,seq0054_HeLa-S3_nuc_pos22_q2_5c:cell56,False
seq0054_HeLa-S3_nuc_pos22_q2_5c,HeLa-S3_nuc_pos22_q2_5c,DynamicNuclearNet,val,DynamicNuclearNet\tif_data\val\out\HeLa-S3_nuc_pos22_q2_5c\HeLa-S3_nuc_pos22_q2_5c_trackmate.xml,57,0,,,62129,62129,3,3,3.0,3.0,1,1,death,seq0054_HeLa-S3_nuc_pos22_q2_5c:cell57,False
seq0054_HeLa-S3_nuc_pos22_q2_5c,HeLa-S3_nuc_pos22_q2_5c,DynamicNuclearNet,val,DynamicNuclearNet\tif_data\val\out\HeLa-S3_nuc_pos22_q2_5c\HeLa-S3_nuc_pos22_q2_5c_trackmate.xml,58,0,,,62146,64107,3,41,3.0,41.0,39,39,death,seq0054_HeLa-S3_nuc_pos22_q2_5c:cell58,False
seq0054_HeLa-S3_nuc_pos22_q2_5c,HeLa-S3_nuc_pos22_q2_5c,DynamicNuclearNet,val,DynamicNuclearNet\tif_data\val\out\HeLa-S3_nuc_pos22_q2_5c\HeLa-S3_nuc_pos22_q2_5c_trackmate.xml,59,0,,,62158,62356,3,4,3.0,4.0,2,2,death,seq0054_HeLa-S3_nuc_pos22_q2_5c:cell59,False
seq0054_HeLa-S3_nuc_pos22_q2_5c,HeLa-S3_nuc_pos22_q2_5c,DynamicNuclearNet,val,DynamicNuclearNet\tif_data\val\out\HeLa-S3_nuc_pos22_q2_5c\HeLa-S3_nuc_pos22_q2_5c_trackmate.xml,60,0,,,62277,62497,3,4,3.0,4.0,2,2,death,seq0054_HeLa-S3_nuc_pos22_q2_5c:cell60,False
seq0054_HeLa-S3_nuc_pos22_q2_5c,HeLa-S3_nuc_pos22_q2_5c,DynamicNuclearNet,val,DynamicNuclearNet\tif_data\val\out\HeLa-S3_nuc_pos22_q2_5c\HeLa-S3_nuc_pos22_q2_5c_trackmate.xml,61,0,,,62308,62190,4,9,4.0,9.0,6,6,death,seq0054_HeLa-S3_nuc_pos22_q2_5c:cell61,False
seq0054_HeLa-S3_nuc_pos22_q2_5c,HeLa-S3_nuc_pos22_q2_5c,DynamicNuclearNet,val,DynamicNuclearNet\tif_data\val\out\HeLa-S3_nuc_pos22_q2_5c\HeLa-S3_nuc_pos22_q2_5c_trackmate.xml,62,0,,,62282,64171,5,41,5.0,41.0,37,37,death,seq0054_HeLa-S3_nuc_pos22_q2_5c:cell62,False
seq0054_HeLa-S3_nuc_pos22_q2_5c,HeLa-S3_nuc_pos22_q2_5c,DynamicNuclearNet,val,DynamicNuclearNet\tif_data\val\out\HeLa-S3_nuc_pos22_q2_5c\HeLa-S3_nuc_pos22_q2_5c_trackmate.xml,63,0,,,62324,64188,5,41,5.0,41.0,37,37,death,seq0054_HeLa-S3_nuc_pos22_q2_5c:cell63,False
seq0054_HeLa-S3_nuc_pos22_q2_5c,HeLa-S3_nuc_pos22_q2_5c,DynamicNuclearNet,val,DynamicNuclearNet\tif_data\val\out\HeLa-S3_nuc_pos22_q2_5c\HeLa-S3_nuc_pos22_q2_5c_trackmate.xml,64,0,,,62612,62612,5,5,5.0,5.0,1,1,death,seq0054_HeLa-S3_nuc_pos22_q2_5c:cell64,False
seq0054_HeLa-S3_nuc_pos22_q2_5c,HeLa-S3_nuc_pos22_q2_5c,DynamicNuclearNet,val,DynamicNuclearNet\tif_data\val\out\HeLa-S3_nuc_pos22_q2_5c\HeLa-S3_nuc_pos22_q2_5c_trackmate.xml,65,0,,,62432,62432,6,6,6.0,6.0,1,1,death,seq0054_HeLa-S3_nuc_pos22_q2_5c:cell65,False
seq0054_HeLa-S3_nuc_pos22_q2_5c,HeLa-S3_nuc_pos22_q2_5c,DynamicNuclearNet,val,DynamicNuclearNet\tif_data\val\out\HeLa-S3_nuc_pos22_q2_5c\HeLa-S3_nuc_pos22_q2_5c_trackmate.xml,66,0,,,62103,62103,7,7,7.0,7.0,1,1,death,seq0054_HeLa-S3_nuc_pos22_q2_5c:cell66,False
seq0054_HeLa-S3_nuc_pos22_q2_5c,HeLa-S3_nuc_pos22_q2_5c,DynamicNuclearNet,val,DynamicNuclearNet\tif_data\val\out\HeLa-S3_nuc_pos22_q2_5c\HeLa-S3_nuc_pos22_q2_5c_trackmate.xml,67,0,,,62206,63696,7,30,7.0,30.0,24,24,death,seq0054_HeLa-S3_nuc_pos22_q2_5c:cell67,False
seq0054_HeLa-S3_nuc_pos22_q2_5c,HeLa-S3_nuc_pos22_q2_5c,DynamicNuclearNet,val,DynamicNuclearNet\tif_data\val\out\HeLa-S3_nuc_pos22_q2_5c\HeLa-S3_nuc_pos22_q2_5c_trackmate.xml,68,0,,,62387,62623,7,8,7.0,8.0,2,2,death,seq0054_HeLa-S3_nuc_pos22_q2_5c:cell68,False
seq0054_HeLa-S3_nuc_pos22_q2_5c,HeLa-S3_nuc_pos22_q2_5c,DynamicNuclearNet,val,DynamicNuclearNet\tif_data\val\out\HeLa-S3_nuc_pos22_q2_5c\HeLa-S3_nuc_pos22_q2_5c_trackmate.xml,69,0,,,62253,62753,8,14,8.0,14.0,7,7,death,seq0054_HeLa-S3_nuc_pos22_q2_5c:cell69,False
seq0054_HeLa-S3_nuc_pos22_q2_5c,HeLa-S3_nuc_pos22_q2_5c,DynamicNuclearNet,val,DynamicNuclearNet\tif_data\val\out\HeLa-S3_nuc_pos22_q2_5c\HeLa-S3_nuc_pos22_q2_5c_trackmate.xml,70,0,,,62499,62499,8,8,8.0,8.0,1,1,death,seq0054_HeLa-S3_nuc_pos22_q2_5c:cell70,False
seq0054_HeLa-S3_nuc_pos22_q2_5c,HeLa-S3_nuc_pos22_q2_5c,DynamicNuclearNet,val,DynamicNuclearNet\tif_data\val\out\HeLa-S3_nuc_pos22_q2_5c\HeLa-S3_nuc_pos22_q2_5c_trackmate.xml,71,0,,,62184,64104,9,41,9.0,41.0,33,33,death,seq0054_HeLa-S3_nuc_pos22_q2_5c:cell71,False
seq0054_HeLa-S3_nuc_pos22_q2_5c,HeLa-S3_nuc_pos22_q2_5c,DynamicNuclearNet,val,DynamicNuclearNet\tif_data\val\out\HeLa-S3_nuc_pos22_q2_5c\HeLa-S3_nuc_pos22_q2_5c_trackmate.xml,72,0,,,62203,62203,9,9,9.0,9.0,1,1,death,seq0054_HeLa-S3_nuc_pos22_q2_5c:cell72,False
seq0054_HeLa-S3_nuc_pos22_q2_5c,HeLa-S3_nuc_pos22_q2_5c,DynamicNuclearNet,val,DynamicNuclearNet\tif_data\val\out\HeLa-S3_nuc_pos22_q2_5c\HeLa-S3_nuc_pos22_q2_5c_trackmate.xml,73,0,,,62108,64098,10,41,10.0,41.0,32,32,death,seq0054_HeLa-S3_nuc_pos22_q2_5c:cell73,False
seq0054_HeLa-S3_nuc_pos22_q2_5c,HeLa-S3_nuc_pos22_q2_5c,DynamicNuclearNet,val,DynamicNuclearNet\tif_data\val\out\HeLa-S3_nuc_pos22_q2_5c\HeLa-S3_nuc_pos22_q2_5c_trackmate.xml,74,0,,,62114,64109,10,41,10.0,41.0,32,32,death,seq0054_HeLa-S3_nuc_pos22_q2_5c:cell74,False
seq0054_HeLa-S3_nuc_pos22_q2_5c,HeLa-S3_nuc_pos22_q2_5c,DynamicNuclearNet,val,DynamicNuclearNet\tif_data\val\out\HeLa-S3_nuc_pos22_q2_5c\HeLa-S3_nuc_pos22_q2_5c_trackmate.xml,75,0,,,62334,62973,10,16,10.0,16.0,7,7,death,seq0054_HeLa-S3_nuc_pos22_q2_5c:cell75,False
seq0054_HeLa-S3_nuc_pos22_q2_5c,HeLa-S3_nuc_pos22_q2_5c,DynamicNuclearNet,val,DynamicNuclearNet\tif_data\val\out\HeLa-S3_nuc_pos22_q2_5c\HeLa-S3_nuc_pos22_q2_5c_trackmate.xml,76,0,,,62509,63059,10,15,10.0,15.0,6,6,death,seq0054_HeLa-S3_nuc_pos22_q2_5c:cell76,False
seq0054_HeLa-S3_nuc_pos22_q2_5c,HeLa-S3_nuc_pos22_q2_5c,DynamicNuclearNet,val,DynamicNuclearNet\tif_data\val\out\HeLa-S3_nuc_pos22_q2_5c\HeLa-S3_nuc_pos22_q2_5c_trackmate.xml,77,0,,,62100,62751,11,15,11.0,15.0,5,5,death,seq0054_HeLa-S3_nuc_pos22_q2_5c:cell77,False
seq0054_HeLa-S3_nuc_pos22_q2_5c,HeLa-S3_nuc_pos22_q2_5c,DynamicNuclearNet,val,DynamicNuclearNet\tif_data\val\out\HeLa-S3_nuc_pos22_q2_5c\HeLa-S3_nuc_pos22_q2_5c_trackmate.xml,78,0,,,62703,63159,12,23,12.0,23.0,12,12,death,seq0054_HeLa-S3_nuc_pos22_q2_5c:cell78,False
seq0054_HeLa-S3_nuc_pos22_q2_5c,HeLa-S3_nuc_pos22_q2_5c,DynamicNuclearNet,val,DynamicNuclearNet\tif_data\val\out\HeLa-S3_nuc_pos22_q2_5c\HeLa-S3_nuc_pos22_q2_5c_trackmate.xml,79,0,,,62841,63741,12,31,12.0,31.0,20,20,death,seq0054_HeLa-S3_nuc_pos22_q2_5c:cell79,False
seq0054_HeLa-S3_nuc_pos22_q2_5c,HeLa-S3_nuc_pos22_q2_5c,DynamicNuclearNet,val,DynamicNuclearNet\tif_data\val\out\HeLa-S3_nuc_pos22_q2_5c\HeLa-S3_nuc_pos22_q2_5c_trackmate.xml,80,0,,,63080,63080,14,14,14.0,14.0,1,1,death,seq0054_HeLa-S3_nuc_pos22_q2_5c:cell80,False
seq0054_HeLa-S3_nuc_pos22_q2_5c,HeLa-S3_nuc_pos22_q2_5c,DynamicNuclearNet,val,DynamicNuclearNet\tif_data\val\out\HeLa-S3_nuc_pos22_q2_5c\HeLa-S3_nuc_pos22_q2_5c_trackmate.xml,81,0,,,62765,64138,15,41,15.0,41.0,27,27,death,seq0054_HeLa-S3_nuc_pos22_q2_5c:cell81,False
seq0054_HeLa-S3_nuc_pos22_q2_5c,HeLa-S3_nuc_pos22_q2_5c,DynamicNuclearNet,val,DynamicNuclearNet\tif_data\val\out\HeLa-S3_nuc_pos22_q2_5c\HeLa-S3_nuc_pos22_q2_5c_trackmate.xml,82,0,,,62769,62769,15,15,15.0,15.0,1,1,death,seq0054_HeLa-S3_nuc_pos22_q2_5c:cell82,False
seq0054_HeLa-S3_nuc_pos22_q2_5c,HeLa-S3_nuc_pos22_q2_5c,DynamicNuclearNet,val,DynamicNuclearNet\tif_data\val\out\HeLa-S3_nuc_pos22_q2_5c\HeLa-S3_nuc_pos22_q2_5c_trackmate.xml,83,0,,137|138,62784,63424,16,27,16.0,27.0,12,12,division,seq0054_HeLa-S3_nuc_pos22_q2_5c:cell83,True
seq0054_HeLa-S3_nuc_pos22_q2_5c,HeLa-S3_nuc_pos22_q2_5c,DynamicNuclearNet,val,DynamicNuclearNet\tif_data\val\out\HeLa-S3_nuc_pos22_q2_5c\HeLa-S3_nuc_pos22_q2_5c_trackmate.xml,84,0,,,62789,62822,16,17,16.0,17.0,2,2,death,seq0054_HeLa-S3_nuc_pos22_q2_5c:cell84,False
seq0054_HeLa-S3_nuc_pos22_q2_5c,HeLa-S3_nuc_pos22_q2_5c,DynamicNuclearNet,val,DynamicNuclearNet\tif_data\val\out\HeLa-S3_nuc_pos22_q2_5c\HeLa-S3_nuc_pos22_q2_5c_trackmate.xml,85,0,,,62886,62886,17,17,17.0,17.0,1,1,death,seq0054_HeLa-S3_nuc_pos22_q2_5c:cell85,False
seq0054_HeLa-S3_nuc_pos22_q2_5c,HeLa-S3_nuc_pos22_q2_5c,DynamicNuclearNet,val,DynamicNuclearNet\tif_data\val\out\HeLa-S3_nuc_pos22_q2_5c\HeLa-S3_nuc_pos22_q2_5c_trackmate.xml,86,0,,,62916,64175,17,41,17.0,41.0,25,25,death,seq0054_HeLa-S3_nuc_pos22_q2_5c:cell86,False
seq0054_HeLa-S3_nuc_pos22_q2_5c,HeLa-S3_nuc_pos22_q2_5c,DynamicNuclearNet,val,DynamicNuclearNet\tif_data\val\out\HeLa-S3_nuc_pos22_q2_5c\HeLa-S3_nuc_pos22_q2_5c_trackmate.xml,87,0,,139|140,62835,62915,18,19,18.0,19.0,2,2,division,seq0054_HeLa-S3_nuc_pos22_q2_5c:cell87,True
seq0054_HeLa-S3_nuc_pos22_q2_5c,HeLa-S3_nuc_pos22_q2_5c,DynamicNuclearNet,val,DynamicNuclearNet\tif_data\val\out\HeLa-S3_nuc_pos22_q2_5c\HeLa-S3_nuc_pos22_q2_5c_trackmate.xml,88,0,,,62864,62864,18,18,18.0,18.0,1,1,death,seq0054_HeLa-S3_nuc_pos22_q2_5c:cell88,False
seq0054_HeLa-S3_nuc_pos22_q2_5c,HeLa-S3_nuc_pos22_q2_5c,DynamicNuclearNet,val,DynamicNuclearNet\tif_data\val\out\HeLa-S3_nuc_pos22_q2_5c\HeLa-S3_nuc_pos22_q2_5c_trackmate.xml,89,0,,,62899,64157,18,41,18.0,41.0,24,24,death,seq0054_HeLa-S3_nuc_pos22_q2_5c:cell89,False
seq0054_HeLa-S3_nuc_pos22_q2_5c,HeLa-S3_nuc_pos22_q2_5c,DynamicNuclearNet,val,DynamicNuclearNet\tif_data\val\out\HeLa-S3_nuc_pos22_q2_5c\HeLa-S3_nuc_pos22_q2_5c_trackmate.xml,90,0,,,63035,63323,18,21,18.0,21.0,4,4,death,seq0054_HeLa-S3_nuc_pos22_q2_5c:cell90,False
seq0054_HeLa-S3_nuc_pos22_q2_5c,HeLa-S3_nuc_pos22_q2_5c,DynamicNuclearNet,val,DynamicNuclearNet\tif_data\val\out\HeLa-S3_nuc_pos22_q2_5c\HeLa-S3_nuc_pos22_q2_5c_trackmate.xml,91,0,,,63139,63309,18,20,18.0,20.0,3,3,death,seq0054_HeLa-S3_nuc_pos22_q2_5c:cell91,False
seq0054_HeLa-S3_nuc_pos22_q2_5c,HeLa-S3_nuc_pos22_q2_5c,DynamicNuclearNet,val,DynamicNuclearNet\tif_data\val\out\HeLa-S3_nuc_pos22_q2_5c\HeLa-S3_nuc_pos22_q2_5c_trackmate.xml,92,0,,,63195,63195,21,21,21.0,21.0,1,1,death,seq0054_HeLa-S3_nuc_pos22_q2_5c:cell92,False
seq0054_HeLa-S3_nuc_pos22_q2_5c,HeLa-S3_nuc_pos22_q2_5c,DynamicNuclearNet,val,DynamicNuclearNet\tif_data\val\out\HeLa-S3_nuc_pos22_q2_5c\HeLa-S3_nuc_pos22_q2_5c_trackmate.xml,93,0,,,63344,63739,21,27,21.0,27.0,7,7,death,seq0054_HeLa-S3_nuc_pos22_q2_5c:cell93,False
seq0054_HeLa-S3_nuc_pos22_q2_5c,HeLa-S3_nuc_pos22_q2_5c,DynamicNuclearNet,val,DynamicNuclearNet\tif_data\val\out\HeLa-S3_nuc_pos22_q2_5c\HeLa-S3_nuc_pos22_q2_5c_trackmate.xml,94,0,,,63321,64298,22,41,22.0,41.0,20,20,death,seq0054_HeLa-S3_nuc_pos22_q2_5c:cell94,False
seq0054_HeLa-S3_nuc_pos22_q2_5c,HeLa-S3_nuc_pos22_q2_5c,DynamicNuclearNet,val,DynamicNuclearNet\tif_data\val\out\HeLa-S3_nuc_pos22_q2_5c\HeLa-S3_nuc_pos22_q2_5c_trackmate.xml,95,0,,,63178,63369,23,24,23.0,24.0,2,2,death,seq0054_HeLa-S3_nuc_pos22_q2_5c:cell95,False
seq0054_HeLa-S3_nuc_pos22_q2_5c,HeLa-S3_nuc_pos22_q2_5c,DynamicNuclearNet,val,DynamicNuclearNet\tif_data\val\out\HeLa-S3_nuc_pos22_q2_5c\HeLa-S3_nuc_pos22_q2_5c_trackmate.xml,96,0,,,63190,63190,23,23,23.0,23.0,1,1,death,seq0054_HeLa-S3_nuc_pos22_q2_5c:cell96,False
seq0054_HeLa-S3_nuc_pos22_q2_5c,HeLa-S3_nuc_pos22_q2_5c,DynamicNuclearNet,val,DynamicNuclearNet\tif_data\val\out\HeLa-S3_nuc_pos22_q2_5c\HeLa-S3_nuc_pos22_q2_5c_trackmate.xml,97,0,,,63269,63616,23,27,23.0,27.0,5,5,death,seq0054_HeLa-S3_nuc_pos22_q2_5c:cell97,False
seq0054_HeLa-S3_nuc_pos22_q2_5c,HeLa-S3_nuc_pos22_q2_5c,DynamicNuclearNet,val,DynamicNuclearNet\tif_data\val\out\HeLa-S3_nuc_pos22_q2_5c\HeLa-S3_nuc_pos22_q2_5c_trackmate.xml,98,0,,,63378,64161,24,41,24.0,41.0,18,18,death,seq0054_HeLa-S3_nuc_pos22_q2_5c:cell98,False
seq0054_HeLa-S3_nuc_pos22_q2_5c,HeLa-S3_nuc_pos22_q2_5c,DynamicNuclearNet,val,DynamicNuclearNet\tif_data\val\out\HeLa-S3_nuc_pos22_q2_5c\HeLa-S3_nuc_pos22_q2_5c_trackmate.xml,99,0,,,63396,63460,24,26,24.0,26.0,3,3,death,seq0054_HeLa-S3_nuc_pos22_q2_5c:cell99,False
seq0054_HeLa-S3_nuc_pos22_q2_5c,HeLa-S3_nuc_pos22_q2_5c,DynamicNuclearNet,val,DynamicNuclearNet\tif_data\val\out\HeLa-S3_nuc_pos22_q2_5c\HeLa-S3_nuc_pos22_q2_5c_trackmate.xml,100,0,,,63370,63927,25,34,25.0,34.0,10,10,death,seq0054_HeLa-S3_nuc_pos22_q2_5c:cell100,False
seq0054_HeLa-S3_nuc_pos22_q2_5c,HeLa-S3_nuc_pos22_q2_5c,DynamicNuclearNet,val,DynamicNuclearNet\tif_data\val\out\HeLa-S3_nuc_pos22_q2_5c\HeLa-S3_nuc_pos22_q2_5c_trackmate.xml,101,0,,,63393,64140,25,41,25.0,41.0,17,17,death,seq0054_HeLa-S3_nuc_pos22_q2_5c:cell101,False
seq0054_HeLa-S3_nuc_pos22_q2_5c,HeLa-S3_nuc_pos22_q2_5c,DynamicNuclearNet,val,DynamicNuclearNet\tif_data\val\out\HeLa-S3_nuc_pos22_q2_5c\HeLa-S3_nuc_pos22_q2_5c_trackmate.xml,102,0,,,63665,63710,25,27,25.0,27.0,3,3,death,seq0054_HeLa-S3_nuc_pos22_q2_5c:cell102,False
seq0054_HeLa-S3_nuc_pos22_q2_5c,HeLa-S3_nuc_pos22_q2_5c,DynamicNuclearNet,val,DynamicNuclearNet\tif_data\val\out\HeLa-S3_nuc_pos22_q2_5c\HeLa-S3_nuc_pos22_q2_5c_trackmate.xml,103,0,,,63389,64112,26,41,26.0,41.0,16,16,death,seq0054_HeLa-S3_nuc_pos22_q2_5c:cell103,False
seq0054_HeLa-S3_nuc_pos22_q2_5c,HeLa-S3_nuc_pos22_q2_5c,DynamicNuclearNet,val,DynamicNuclearNet\tif_data\val\out\HeLa-S3_nuc_pos22_q2_5c\HeLa-S3_nuc_pos22_q2_5c_trackmate.xml,104,0,,,63404,64115,27,41,27.0,41.0,15,15,death,seq0054_HeLa-S3_nuc_pos22_q2_5c:cell104,False
seq0054_HeLa-S3_nuc_pos22_q2_5c,HeLa-S3_nuc_pos22_q2_5c,DynamicNuclearNet,val,DynamicNuclearNet\tif_data\val\out\HeLa-S3_nuc_pos22_q2_5c\HeLa-S3_nuc_pos22_q2_5c_trackmate.xml,105,0,,,63478,64150,27,41,27.0,41.0,15,15,death,seq0054_HeLa-S3_nuc_pos22_q2_5c:cell105,False
seq0054_HeLa-S3_nuc_pos22_q2_5c,HeLa-S3_nuc_pos22_q2_5c,DynamicNuclearNet,val,DynamicNuclearNet\tif_data\val\out\HeLa-S3_nuc_pos22_q2_5c\HeLa-S3_nuc_pos22_q2_5c_trackmate.xml,106,0,,,63394,63394,28,28,28.0,28.0,1,1,death,seq0054_HeLa-S3_nuc_pos22_q2_5c:cell106,False
seq0054_HeLa-S3_nuc_pos22_q2_5c,HeLa-S3_nuc_pos22_q2_5c,DynamicNuclearNet,val,DynamicNuclearNet\tif_data\val\out\HeLa-S3_nuc_pos22_q2_5c\HeLa-S3_nuc_pos22_q2_5c_trackmate.xml,107,0,,,63725,63725,28,28,28.0,28.0,1,1,death,seq0054_HeLa-S3_nuc_pos22_q2_5c:cell107,False
seq0054_HeLa-S3_nuc_pos22_q2_5c,HeLa-S3_nuc_pos22_q2_5c,DynamicNuclearNet,val,DynamicNuclearNet\tif_data\val\out\HeLa-S3_nuc_pos22_q2_5c\HeLa-S3_nuc_pos22_q2_5c_trackmate.xml,108,0,,,63737,63737,28,28,28.0,28.0,1,1,death,seq0054_HeLa-S3_nuc_pos22_q2_5c:cell108,False
seq0054_HeLa-S3_nuc_pos22_q2_5c,HeLa-S3_nuc_pos22_q2_5c,DynamicNuclearNet,val,DynamicNuclearNet\tif_data\val\out\HeLa-S3_nuc_pos22_q2_5c\HeLa-S3_nuc_pos22_q2_5c_trackmate.xml,109,0,,,63753,64026,29,34,29.0,34.0,6,6,death,seq0054_HeLa-S3_nuc_pos22_q2_5c:cell109,False
seq0054_HeLa-S3_nuc_pos22_q2_5c,HeLa-S3_nuc_pos22_q2_5c,DynamicNuclearNet,val,DynamicNuclearNet\tif_data\val\out\HeLa-S3_nuc_pos22_q2_5c\HeLa-S3_nuc_pos22_q2_5c_trackmate.xml,110,0,,,63799,63799,29,29,29.0,29.0,1,1,death,seq0054_HeLa-S3_nuc_pos22_q2_5c:cell110,False
seq0054_HeLa-S3_nuc_pos22_q2_5c,HeLa-S3_nuc_pos22_q2_5c,DynamicNuclearNet,val,DynamicNuclearNet\tif_data\val\out\HeLa-S3_nuc_pos22_q2_5c\HeLa-S3_nuc_pos22_q2_5c_trackmate.xml,111,0,,,63805,64258,29,41,29.0,41.0,13,13,death,seq0054_HeLa-S3_nuc_pos22_q2_5c:cell111,False
seq0054_HeLa-S3_nuc_pos22_q2_5c,HeLa-S3_nuc_pos22_q2_5c,DynamicNuclearNet,val,DynamicNuclearNet\tif_data\val\out\HeLa-S3_nuc_pos22_q2_5c\HeLa-S3_nuc_pos22_q2_5c_trackmate.xml,112,0,,,63767,63767,30,30,30.0,30.0,1,1,death,seq0054_HeLa-S3_nuc_pos22_q2_5c:cell112,False
seq0054_HeLa-S3_nuc_pos22_q2_5c,HeLa-S3_nuc_pos22_q2_5c,DynamicNuclearNet,val,DynamicNuclearNet\tif_data\val\out\HeLa-S3_nuc_pos22_q2_5c\HeLa-S3_nuc_pos22_q2_5c_trackmate.xml,113,0,,,63798,63812,30,31,30.0,31.0,2,2,death,seq0054_HeLa-S3_nuc_pos22_q2_5c:cell113,False
seq0054_HeLa-S3_nuc_pos22_q2_5c,HeLa-S3_nuc_pos22_q2_5c,DynamicNuclearNet,val,DynamicNuclearNet\tif_data\val\out\HeLa-S3_nuc_pos22_q2_5c\HeLa-S3_nuc_pos22_q2_5c_trackmate.xml,114,0,,,63779,63779,31,31,31.0,31.0,1,1,death,seq0054_HeLa-S3_nuc_pos22_q2_5c:cell114,False
seq0054_HeLa-S3_nuc_pos22_q2_5c,HeLa-S3_nuc_pos22_q2_5c,DynamicNuclearNet,val,DynamicNuclearNet\tif_data\val\out\HeLa-S3_nuc_pos22_q2_5c\HeLa-S3_nuc_pos22_q2_5c_trackmate.xml,115,0,,,63786,64238,31,41,31.0,41.0,11,11,death,seq0054_HeLa-S3_nuc_pos22_q2_5c:cell115,False
seq0054_HeLa-S3_nuc_pos22_q2_5c,HeLa-S3_nuc_pos22_q2_5c,DynamicNuclearNet,val,DynamicNuclearNet\tif_data\val\out\HeLa-S3_nuc_pos22_q2_5c\HeLa-S3_nuc_pos22_q2_5c_trackmate.xml,116,0,,,63789,64248,31,41,31.0,41.0,11,11,death,seq0054_HeLa-S3_nuc_pos22_q2_5c:cell116,False
seq0054_HeLa-S3_nuc_pos22_q2_5c,HeLa-S3_nuc_pos22_q2_5c,DynamicNuclearNet,val,DynamicNuclearNet\tif_data\val\out\HeLa-S3_nuc_pos22_q2_5c\HeLa-S3_nuc_pos22_q2_5c_trackmate.xml,117,0,,,63910,64367,32,39,32.0,39.0,8,8,death,seq0054_HeLa-S3_nuc_pos22_q2_5c:cell117,False
seq0054_HeLa-S3_nuc_pos22_q2_5c,HeLa-S3_nuc_pos22_q2_5c,DynamicNuclearNet,val,DynamicNuclearNet\tif_data\val\out\HeLa-S3_nuc_pos22_q2_5c\HeLa-S3_nuc_pos22_q2_5c_trackmate.xml,118,0,,,63914,64390,32,40,32.0,40.0,9,9,death,seq0054_HeLa-S3_nuc_pos22_q2_5c:cell118,False
seq0054_HeLa-S3_nuc_pos22_q2_5c,HeLa-S3_nuc_pos22_q2_5c,DynamicNuclearNet,val,DynamicNuclearNet\tif_data\val\out\HeLa-S3_nuc_pos22_q2_5c\HeLa-S3_nuc_pos22_q2_5c_trackmate.xml,119,0,,,63943,64226,32,41,32.0,41.0,10,10,death,seq0054_HeLa-S3_nuc_pos22_q2_5c:cell119,False
seq0054_HeLa-S3_nuc_pos22_q2_5c,HeLa-S3_nuc_pos22_q2_5c,DynamicNuclearNet,val,DynamicNuclearNet\tif_data\val\out\HeLa-S3_nuc_pos22_q2_5c\HeLa-S3_nuc_pos22_q2_5c_trackmate.xml,120,0,,,63950,64031,32,35,32.0,35.0,4,4,death,seq0054_HeLa-S3_nuc_pos22_q2_5c:cell120,False
seq0054_HeLa-S3_nuc_pos22_q2_5c,HeLa-S3_nuc_pos22_q2_5c,DynamicNuclearNet,val,DynamicNuclearNet\tif_data\val\out\HeLa-S3_nuc_pos22_q2_5c\HeLa-S3_nuc_pos22_q2_5c_trackmate.xml,121,0,,,64001,64001,32,32,32.0,32.0,1,1,death,seq0054_HeLa-S3_nuc_pos22_q2_5c:cell121,False
seq0054_HeLa-S3_nuc_pos22_q2_5c,HeLa-S3_nuc_pos22_q2_5c,DynamicNuclearNet,val,DynamicNuclearNet\tif_data\val\out\HeLa-S3_nuc_pos22_q2_5c\HeLa-S3_nuc_pos22_q2_5c_trackmate.xml,122,0,,,63971,64197,33,37,33.0,37.0,5,5,death,seq0054_HeLa-S3_nuc_pos22_q2_5c:cell122,False
seq0054_HeLa-S3_nuc_pos22_q2_5c,HeLa-S3_nuc_pos22_q2_5c,DynamicNuclearNet,val,DynamicNuclearNet\tif_data\val\out\HeLa-S3_nuc_pos22_q2_5c\HeLa-S3_nuc_pos22_q2_5c_trackmate.xml,123,0,,,64229,64219,36,41,36.0,41.0,6,6,death,seq0054_HeLa-S3_nuc_pos22_q2_5c:cell123,False
seq0054_HeLa-S3_nuc_pos22_q2_5c,HeLa-S3_nuc_pos22_q2_5c,DynamicNuclearNet,val,DynamicNuclearNet\tif_data\val\out\HeLa-S3_nuc_pos22_q2_5c\HeLa-S3_nuc_pos22_q2_5c_trackmate.xml,124,0,,,64253,64253,36,36,36.0,36.0,1,1,death,seq0054_HeLa-S3_nuc_pos22_q2_5c:cell124,False
seq0054_HeLa-S3_nuc_pos22_q2_5c,HeLa-S3_nuc_pos22_q2_5c,DynamicNuclearNet,val,DynamicNuclearNet\tif_data\val\out\HeLa-S3_nuc_pos22_q2_5c\HeLa-S3_nuc_pos22_q2_5c_trackmate.xml,125,0,,,64266,64241,36,41,36.0,41.0,6,6,death,seq0054_HeLa-S3_nuc_pos22_q2_5c:cell125,False
seq0054_HeLa-S3_nuc_pos22_q2_5c,HeLa-S3_nuc_pos22_q2_5c,DynamicNuclearNet,val,DynamicNuclearNet\tif_data\val\out\HeLa-S3_nuc_pos22_q2_5c\HeLa-S3_nuc_pos22_q2_5c_trackmate.xml,126,0,,,64163,64163,37,37,37.0,37.0,1,1,death,seq0054_HeLa-S3_nuc_pos22_q2_5c:cell126,False
seq0054_HeLa-S3_nuc_pos22_q2_5c,HeLa-S3_nuc_pos22_q2_5c,DynamicNuclearNet,val,DynamicNuclearNet\tif_data\val\out\HeLa-S3_nuc_pos22_q2_5c\HeLa-S3_nuc_pos22_q2_5c_trackmate.xml,127,0,,,64316,64230,38,41,38.0,41.0,4,4,death,seq0054_HeLa-S3_nuc_pos22_q2_5c:cell127,False
seq0054_HeLa-S3_nuc_pos22_q2_5c,HeLa-S3_nuc_pos22_q2_5c,DynamicNuclearNet,val,DynamicNuclearNet\tif_data\val\out\HeLa-S3_nuc_pos22_q2_5c\HeLa-S3_nuc_pos22_q2_5c_trackmate.xml,128,0,,,64357,64285,38,41,38.0,41.0,4,4,death,seq0054_HeLa-S3_nuc_pos22_q2_5c:cell128,False
seq0054_HeLa-S3_nuc_pos22_q2_5c,HeLa-S3_nuc_pos22_q2_5c,DynamicNuclearNet,val,DynamicNuclearNet\tif_data\val\out\HeLa-S3_nuc_pos22_q2_5c\HeLa-S3_nuc_pos22_q2_5c_trackmate.xml,129,0,,,64366,64291,38,41,38.0,41.0,4,4,death,seq0054_HeLa-S3_nuc_pos22_q2_5c:cell129,False
seq0054_HeLa-S3_nuc_pos22_q2_5c,HeLa-S3_nuc_pos22_q2_5c,DynamicNuclearNet,val,DynamicNuclearNet\tif_data\val\out\HeLa-S3_nuc_pos22_q2_5c\HeLa-S3_nuc_pos22_q2_5c_trackmate.xml,130,0,,,64369,64369,38,38,38.0,38.0,1,1,death,seq0054_HeLa-S3_nuc_pos22_q2_5c:cell130,False
seq0054_HeLa-S3_nuc_pos22_q2_5c,HeLa-S3_nuc_pos22_q2_5c,DynamicNuclearNet,val,DynamicNuclearNet\tif_data\val\out\HeLa-S3_nuc_pos22_q2_5c\HeLa-S3_nuc_pos22_q2_5c_trackmate.xml,131,0,,,64377,64420,38,39,38.0,39.0,2,2,death,seq0054_HeLa-S3_nuc_pos22_q2_5c:cell131,False
seq0054_HeLa-S3_nuc_pos22_q2_5c,HeLa-S3_nuc_pos22_q2_5c,DynamicNuclearNet,val,DynamicNuclearNet\tif_data\val\out\HeLa-S3_nuc_pos22_q2_5c\HeLa-S3_nuc_pos22_q2_5c_trackmate.xml,132,0,,,64409,64267,39,41,39.0,41.0,3,3,death,seq0054_HeLa-S3_nuc_pos22_q2_5c:cell132,False
seq0054_HeLa-S3_nuc_pos22_q2_5c,HeLa-S3_nuc_pos22_q2_5c,DynamicNuclearNet,val,DynamicNuclearNet\tif_data\val\out\HeLa-S3_nuc_pos22_q2_5c\HeLa-S3_nuc_pos22_q2_5c_trackmate.xml,133,0,,,64430,64293,40,41,40.0,41.0,2,2,death,seq0054_HeLa-S3_nuc_pos22_q2_5c:cell133,False
seq0054_HeLa-S3_nuc_pos22_q2_5c,HeLa-S3_nuc_pos22_q2_5c,DynamicNuclearNet,val,DynamicNuclearNet\tif_data\val\out\HeLa-S3_nuc_pos22_q2_5c\HeLa-S3_nuc_pos22_q2_5c_trackmate.xml,134,0,,,64127,64127,41,41,41.0,41.0,1,1,death,seq0054_HeLa-S3_nuc_pos22_q2_5c:cell134,False
seq0054_HeLa-S3_nuc_pos22_q2_5c,HeLa-S3_nuc_pos22_q2_5c,DynamicNuclearNet,val,DynamicNuclearNet\tif_data\val\out\HeLa-S3_nuc_pos22_q2_5c\HeLa-S3_nuc_pos22_q2_5c_trackmate.xml,135,0,,,64210,64210,41,41,41.0,41.0,1,1,death,seq0054_HeLa-S3_nuc_pos22_q2_5c:cell135,False
seq0054_HeLa-S3_nuc_pos22_q2_5c,HeLa-S3_nuc_pos22_q2_5c,DynamicNuclearNet,val,DynamicNuclearNet\tif_data\val\out\HeLa-S3_nuc_pos22_q2_5c\HeLa-S3_nuc_pos22_q2_5c_trackmate.xml,136,0,,,64268,64268,41,41,41.0,41.0,1,1,death,seq0054_HeLa-S3_nuc_pos22_q2_5c:cell136,False
seq0054_HeLa-S3_nuc_pos22_q2_5c,HeLa-S3_nuc_pos22_q2_5c,DynamicNuclearNet,val,DynamicNuclearNet\tif_data\val\out\HeLa-S3_nuc_pos22_q2_5c\HeLa-S3_nuc_pos22_q2_5c_trackmate.xml,137,1,83,,63445,64125,28,41,28.0,41.0,14,14,death,seq0054_HeLa-S3_nuc_pos22_q2_5c:cell137,False
seq0054_HeLa-S3_nuc_pos22_q2_5c,HeLa-S3_nuc_pos22_q2_5c,DynamicNuclearNet,val,DynamicNuclearNet\tif_data\val\out\HeLa-S3_nuc_pos22_q2_5c\HeLa-S3_nuc_pos22_q2_5c_trackmate.xml,138,1,83,,63449,63449,28,28,28.0,28.0,1,1,death,seq0054_HeLa-S3_nuc_pos22_q2_5c:cell138,False
seq0054_HeLa-S3_nuc_pos22_q2_5c,HeLa-S3_nuc_pos22_q2_5c,DynamicNuclearNet,val,DynamicNuclearNet\tif_data\val\out\HeLa-S3_nuc_pos22_q2_5c\HeLa-S3_nuc_pos22_q2_5c_trackmate.xml,139,1,87,,63117,64118,20,41,20.0,41.0,22,22,death,seq0054_HeLa-S3_nuc_pos22_q2_5c:cell139,False
seq0054_HeLa-S3_nuc_pos22_q2_5c,HeLa-S3_nuc_pos22_q2_5c,DynamicNuclearNet,val,DynamicNuclearNet\tif_data\val\out\HeLa-S3_nuc_pos22_q2_5c\HeLa-S3_nuc_pos22_q2_5c_trackmate.xml,140,1,87,,63121,63121,20,20,20.0,20.0,1,1,death,seq0054_HeLa-S3_nuc_pos22_q2_5c:cell140,False
seq0055_HeLa-S3_nuc_pos23_q1_5c,HeLa-S3_nuc_pos23_q1_5c,DynamicNuclearNet,val,DynamicNuclearNet\tif_data\val\out\HeLa-S3_nuc_pos23_q1_5c\HeLa-S3_nuc_pos23_q1_5c_trackmate.xml,0,0,,,64703,65817,0,41,0.0,41.0,42,42,death,seq0055_HeLa-S3_nuc_pos23_q1_5c:cell0,False
seq0055_HeLa-S3_nuc_pos23_q1_5c,HeLa-S3_nuc_pos23_q1_5c,DynamicNuclearNet,val,DynamicNuclearNet\tif_data\val\out\HeLa-S3_nuc_pos23_q1_5c\HeLa-S3_nuc_pos23_q1_5c_trackmate.xml,1,0,,,64709,65832,0,41,0.0,41.0,42,42,death,seq0055_HeLa-S3_nuc_pos23_q1_5c:cell1,False
seq0055_HeLa-S3_nuc_pos23_q1_5c,HeLa-S3_nuc_pos23_q1_5c,DynamicNuclearNet,val,DynamicNuclearNet\tif_data\val\out\HeLa-S3_nuc_pos23_q1_5c\HeLa-S3_nuc_pos23_q1_5c_trackmate.xml,2,0,,,64718,65825,0,41,0.0,41.0,42,42,death,seq0055_HeLa-S3_nuc_pos23_q1_5c:cell2,False
seq0055_HeLa-S3_nuc_pos23_q1_5c,HeLa-S3_nuc_pos23_q1_5c,DynamicNuclearNet,val,DynamicNuclearNet\tif_data\val\out\HeLa-S3_nuc_pos23_q1_5c\HeLa-S3_nuc_pos23_q1_5c_trackmate.xml,3,0,,,64723,64723,0,0,0.0,0.0,1,1,death,seq0055_HeLa-S3_nuc_pos23_q1_5c:cell3,False
seq0055_HeLa-S3_nuc_pos23_q1_5c,HeLa-S3_nuc_pos23_q1_5c,DynamicNuclearNet,val,DynamicNuclearNet\tif_data\val\out\HeLa-S3_nuc_pos23_q1_5c\HeLa-S3_nuc_pos23_q1_5c_trackmate.xml,4,0,,,64729,65845,0,41,0.0,41.0,42,42,death,seq0055_HeLa-S3_nuc_pos23_q1_5c:cell4,False
seq0055_HeLa-S3_nuc_pos23_q1_5c,HeLa-S3_nuc_pos23_q1_5c,DynamicNuclearNet,val,DynamicNuclearNet\tif_data\val\out\HeLa-S3_nuc_pos23_q1_5c\HeLa-S3_nuc_pos23_q1_5c_trackmate.xml,5,0,,,64735,65838,0,41,0.0,41.0,42,42,death,seq0055_HeLa-S3_nuc_pos23_q1_5c:cell5,False
seq0055_HeLa-S3_nuc_pos23_q1_5c,HeLa-S3_nuc_pos23_q1_5c,DynamicNuclearNet,val,DynamicNuclearNet\tif_data\val\out\HeLa-S3_nuc_pos23_q1_5c\HeLa-S3_nuc_pos23_q1_5c_trackmate.xml,6,0,,,64741,65854,0,41,0.0,41.0,42,42,death,seq0055_HeLa-S3_nuc_pos23_q1_5c:cell6,False
seq0055_HeLa-S3_nuc_pos23_q1_5c,HeLa-S3_nuc_pos23_q1_5c,DynamicNuclearNet,val,DynamicNuclearNet\tif_data\val\out\HeLa-S3_nuc_pos23_q1_5c\HeLa-S3_nuc_pos23_q1_5c_trackmate.xml,7,0,,,64747,65863,0,41,0.0,41.0,42,42,death,seq0055_HeLa-S3_nuc_pos23_q1_5c:cell7,False
seq0055_HeLa-S3_nuc_pos23_q1_5c,HeLa-S3_nuc_pos23_q1_5c,DynamicNuclearNet,val,DynamicNuclearNet\tif_data\val\out\HeLa-S3_nuc_pos23_q1_5c\HeLa-S3_nuc_pos23_q1_5c_trackmate.xml,8,0,,,64752,65868,0,41,0.0,41.0,42,42,death,seq0055_HeLa-S3_nuc_pos23_q1_5c:cell8,False
seq0055_HeLa-S3_nuc_pos23_q1_5c,HeLa-S3_nuc_pos23_q1_5c,DynamicNuclearNet,val,DynamicNuclearNet\tif_data\val\out\HeLa-S3_nuc_pos23_q1_5c\HeLa-S3_nuc_pos23_q1_5c_trackmate.xml,9,0,,,64765,65874,0,41,0.0,41.0,42,42,death,seq0055_HeLa-S3_nuc_pos23_q1_5c:cell9,False
seq0055_HeLa-S3_nuc_pos23_q1_5c,HeLa-S3_nuc_pos23_q1_5c,DynamicNuclearNet,val,DynamicNuclearNet\tif_data\val\out\HeLa-S3_nuc_pos23_q1_5c\HeLa-S3_nuc_pos23_q1_5c_trackmate.xml,10,0,,,64771,65887,0,41,0.0,41.0,42,42,death,seq0055_HeLa-S3_nuc_pos23_q1_5c:cell10,False
seq0055_HeLa-S3_nuc_pos23_q1_5c,HeLa-S3_nuc_pos23_q1_5c,DynamicNuclearNet,val,DynamicNuclearNet\tif_data\val\out\HeLa-S3_nuc_pos23_q1_5c\HeLa-S3_nuc_pos23_q1_5c_trackmate.xml,11,0,,,64775,65880,0,41,0.0,41.0,42,42,death,seq0055_HeLa-S3_nuc_pos23_q1_5c:cell11,False
seq0055_HeLa-S3_nuc_pos23_q1_5c,HeLa-S3_nuc_pos23_q1_5c,DynamicNuclearNet,val,DynamicNuclearNet\tif_data\val\out\HeLa-S3_nuc_pos23_q1_5c\HeLa-S3_nuc_pos23_q1_5c_trackmate.xml,12,0,,,64780,65895,0,41,0.0,41.0,42,42,death,seq0055_HeLa-S3_nuc_pos23_q1_5c:cell12,False
seq0055_HeLa-S3_nuc_pos23_q1_5c,HeLa-S3_nuc_pos23_q1_5c,DynamicNuclearNet,val,DynamicNuclearNet\tif_data\val\out\HeLa-S3_nuc_pos23_q1_5c\HeLa-S3_nuc_pos23_q1_5c_trackmate.xml,13,0,,,64786,65904,0,41,0.0,41.0,42,42,death,seq0055_HeLa-S3_nuc_pos23_q1_5c:cell13,False
seq0055_HeLa-S3_nuc_pos23_q1_5c,HeLa-S3_nuc_pos23_q1_5c,DynamicNuclearNet,val,DynamicNuclearNet\tif_data\val\out\HeLa-S3_nuc_pos23_q1_5c\HeLa-S3_nuc_pos23_q1_5c_trackmate.xml,14,0,,,64792,65913,0,41,0.0,41.0,42,42,death,seq0055_HeLa-S3_nuc_pos23_q1_5c:cell14,False
seq0055_HeLa-S3_nuc_pos23_q1_5c,HeLa-S3_nuc_pos23_q1_5c,DynamicNuclearNet,val,DynamicNuclearNet\tif_data\val\out\HeLa-S3_nuc_pos23_q1_5c\HeLa-S3_nuc_pos23_q1_5c_trackmate.xml,15,0,,,64797,65918,0,41,0.0,41.0,42,42,death,seq0055_HeLa-S3_nuc_pos23_q1_5c:cell15,False
seq0055_HeLa-S3_nuc_pos23_q1_5c,HeLa-S3_nuc_pos23_q1_5c,DynamicNuclearNet,val,DynamicNuclearNet\tif_data\val\out\HeLa-S3_nuc_pos23_q1_5c\HeLa-S3_nuc_pos23_q1_5c_trackmate.xml,16,0,,,64800,65931,0,41,0.0,41.0,42,42,death,seq0055_HeLa-S3_nuc_pos23_q1_5c:cell16,False
seq0055_HeLa-S3_nuc_pos23_q1_5c,HeLa-S3_nuc_pos23_q1_5c,DynamicNuclearNet,val,DynamicNuclearNet\tif_data\val\out\HeLa-S3_nuc_pos23_q1_5c\HeLa-S3_nuc_pos23_q1_5c_trackmate.xml,17,0,,,64802,65925,0,41,0.0,41.0,42,42,death,seq0055_HeLa-S3_nuc_pos23_q1_5c:cell17,False
seq0055_HeLa-S3_nuc_pos23_q1_5c,HeLa-S3_nuc_pos23_q1_5c,DynamicNuclearNet,val,DynamicNuclearNet\tif_data\val\out\HeLa-S3_nuc_pos23_q1_5c\HeLa-S3_nuc_pos23_q1_5c_trackmate.xml,18,0,,,64804,65937,0,41,0.0,41.0,42,42,death,seq0055_HeLa-S3_nuc_pos23_q1_5c:cell18,False
seq0055_HeLa-S3_nuc_pos23_q1_5c,HeLa-S3_nuc_pos23_q1_5c,DynamicNuclearNet,val,DynamicNuclearNet\tif_data\val\out\HeLa-S3_nuc_pos23_q1_5c\HeLa-S3_nuc_pos23_q1_5c_trackmate.xml,19,0,,,64806,65945,0,41,0.0,41.0,42,42,death,seq0055_HeLa-S3_nuc_pos23_q1_5c:cell19,False
seq0055_HeLa-S3_nuc_pos23_q1_5c,HeLa-S3_nuc_pos23_q1_5c,DynamicNuclearNet,val,DynamicNuclearNet\tif_data\val\out\HeLa-S3_nuc_pos23_q1_5c\HeLa-S3_nuc_pos23_q1_5c_trackmate.xml,20,0,,,64808,65952,0,41,0.0,41.0,42,42,death,seq0055_HeLa-S3_nuc_pos23_q1_5c:cell20,False
seq0055_HeLa-S3_nuc_pos23_q1_5c,HeLa-S3_nuc_pos23_q1_5c,DynamicNuclearNet,val,DynamicNuclearNet\tif_data\val\out\HeLa-S3_nuc_pos23_q1_5c\HeLa-S3_nuc_pos23_q1_5c_trackmate.xml,21,0,,,64810,65961,0,41,0.0,41.0,42,42,death,seq0055_HeLa-S3_nuc_pos23_q1_5c:cell21,False
seq0055_HeLa-S3_nuc_pos23_q1_5c,HeLa-S3_nuc_pos23_q1_5c,DynamicNuclearNet,val,DynamicNuclearNet\tif_data\val\out\HeLa-S3_nuc_pos23_q1_5c\HeLa-S3_nuc_pos23_q1_5c_trackmate.xml,22,0,,,64812,65969,0,41,0.0,41.0,42,42,death,seq0055_HeLa-S3_nuc_pos23_q1_5c:cell22,False
seq0055_HeLa-S3_nuc_pos23_q1_5c,HeLa-S3_nuc_pos23_q1_5c,DynamicNuclearNet,val,DynamicNuclearNet\tif_data\val\out\HeLa-S3_nuc_pos23_q1_5c\HeLa-S3_nuc_pos23_q1_5c_trackmate.xml,23,0,,,64814,65976,0,41,0.0,41.0,42,42,death,seq0055_HeLa-S3_nuc_pos23_q1_5c:cell23,False
seq0055_HeLa-S3_nuc_pos23_q1_5c,HeLa-S3_nuc_pos23_q1_5c,DynamicNuclearNet,val,DynamicNuclearNet\tif_data\val\out\HeLa-S3_nuc_pos23_q1_5c\HeLa-S3_nuc_pos23_q1_5c_trackmate.xml,24,0,,,64816,65996,0,41,0.0,41.0,42,42,death,seq0055_HeLa-S3_nuc_pos23_q1_5c:cell24,False
seq0055_HeLa-S3_nuc_pos23_q1_5c,HeLa-S3_nuc_pos23_q1_5c,DynamicNuclearNet,val,DynamicNuclearNet\tif_data\val\out\HeLa-S3_nuc_pos23_q1_5c\HeLa-S3_nuc_pos23_q1_5c_trackmate.xml,25,0,,,64818,66006,0,41,0.0,41.0,42,42,death,seq0055_HeLa-S3_nuc_pos23_q1_5c:cell25,False
seq0055_HeLa-S3_nuc_pos23_q1_5c,HeLa-S3_nuc_pos23_q1_5c,DynamicNuclearNet,val,DynamicNuclearNet\tif_data\val\out\HeLa-S3_nuc_pos23_q1_5c\HeLa-S3_nuc_pos23_q1_5c_trackmate.xml,26,0,,,64820,66011,0,41,0.0,41.0,42,42,death,seq0055_HeLa-S3_nuc_pos23_q1_5c:cell26,False
seq0055_HeLa-S3_nuc_pos23_q1_5c,HeLa-S3_nuc_pos23_q1_5c,DynamicNuclearNet,val,DynamicNuclearNet\tif_data\val\out\HeLa-S3_nuc_pos23_q1_5c\HeLa-S3_nuc_pos23_q1_5c_trackmate.xml,27,0,,,64822,65982,0,41,0.0,41.0,42,42,death,seq0055_HeLa-S3_nuc_pos23_q1_5c:cell27,False
seq0055_HeLa-S3_nuc_pos23_q1_5c,HeLa-S3_nuc_pos23_q1_5c,DynamicNuclearNet,val,DynamicNuclearNet\tif_data\val\out\HeLa-S3_nuc_pos23_q1_5c\HeLa-S3_nuc_pos23_q1_5c_trackmate.xml,28,0,,,64824,64838,0,9,0.0,9.0,10,10,death,seq0055_HeLa-S3_nuc_pos23_q1_5c:cell28,False
seq0055_HeLa-S3_nuc_pos23_q1_5c,HeLa-S3_nuc_pos23_q1_5c,DynamicNuclearNet,val,DynamicNuclearNet\tif_data\val\out\HeLa-S3_nuc_pos23_q1_5c\HeLa-S3_nuc_pos23_q1_5c_trackmate.xml,29,0,,,64826,64476,0,2,0.0,2.0,3,3,death,seq0055_HeLa-S3_nuc_pos23_q1_5c:cell29,False
seq0055_HeLa-S3_nuc_pos23_q1_5c,HeLa-S3_nuc_pos23_q1_5c,DynamicNuclearNet,val,DynamicNuclearNet\tif_data\val\out\HeLa-S3_nuc_pos23_q1_5c\HeLa-S3_nuc_pos23_q1_5c_trackmate.xml,30,0,,,64827,64699,0,11,0.0,11.0,12,12,death,seq0055_HeLa-S3_nuc_pos23_q1_5c:cell30,False
seq0055_HeLa-S3_nuc_pos23_q1_5c,HeLa-S3_nuc_pos23_q1_5c,DynamicNuclearNet,val,DynamicNuclearNet\tif_data\val\out\HeLa-S3_nuc_pos23_q1_5c\HeLa-S3_nuc_pos23_q1_5c_trackmate.xml,31,0,,,64830,66024,0,41,0.0,41.0,42,42,death,seq0055_HeLa-S3_nuc_pos23_q1_5c:cell31,False
seq0055_HeLa-S3_nuc_pos23_q1_5c,HeLa-S3_nuc_pos23_q1_5c,DynamicNuclearNet,val,DynamicNuclearNet\tif_data\val\out\HeLa-S3_nuc_pos23_q1_5c\HeLa-S3_nuc_pos23_q1_5c_trackmate.xml,32,0,,,64832,66035,0,41,0.0,41.0,42,42,death,seq0055_HeLa-S3_nuc_pos23_q1_5c:cell32,False
seq0055_HeLa-S3_nuc_pos23_q1_5c,HeLa-S3_nuc_pos23_q1_5c,DynamicNuclearNet,val,DynamicNuclearNet\tif_data\val\out\HeLa-S3_nuc_pos23_q1_5c\HeLa-S3_nuc_pos23_q1_5c_trackmate.xml,33,0,,,64833,66046,0,41,0.0,41.0,42,42,death,seq0055_HeLa-S3_nuc_pos23_q1_5c:cell33,False
seq0055_HeLa-S3_nuc_pos23_q1_5c,HeLa-S3_nuc_pos23_q1_5c,DynamicNuclearNet,val,DynamicNuclearNet\tif_data\val\out\HeLa-S3_nuc_pos23_q1_5c\HeLa-S3_nuc_pos23_q1_5c_trackmate.xml,34,0,,,64835,66043,0,41,0.0,41.0,42,42,death,seq0055_HeLa-S3_nuc_pos23_q1_5c:cell34,False
seq0055_HeLa-S3_nuc_pos23_q1_5c,HeLa-S3_nuc_pos23_q1_5c,DynamicNuclearNet,val,DynamicNuclearNet\tif_data\val\out\HeLa-S3_nuc_pos23_q1_5c\HeLa-S3_nuc_pos23_q1_5c_trackmate.xml,35,0,,,64837,66027,0,41,0.0,41.0,42,42,death,seq0055_HeLa-S3_nuc_pos23_q1_5c:cell35,False
seq0055_HeLa-S3_nuc_pos23_q1_5c,HeLa-S3_nuc_pos23_q1_5c,DynamicNuclearNet,val,DynamicNuclearNet\tif_data\val\out\HeLa-S3_nuc_pos23_q1_5c\HeLa-S3_nuc_pos23_q1_5c_trackmate.xml,36,0,,,64839,64693,0,7,0.0,7.0,8,8,death,seq0055_HeLa-S3_nuc_pos23_q1_5c:cell36,False
seq0055_HeLa-S3_nuc_pos23_q1_5c,HeLa-S3_nuc_pos23_q1_5c,DynamicNuclearNet,val,DynamicNuclearNet\tif_data\val\out\HeLa-S3_nuc_pos23_q1_5c\HeLa-S3_nuc_pos23_q1_5c_trackmate.xml,37,0,,,64841,66050,0,41,0.0,41.0,42,42,death,seq0055_HeLa-S3_nuc_pos23_q1_5c:cell37,False
seq0055_HeLa-S3_nuc_pos23_q1_5c,HeLa-S3_nuc_pos23_q1_5c,DynamicNuclearNet,val,DynamicNuclearNet\tif_data\val\out\HeLa-S3_nuc_pos23_q1_5c\HeLa-S3_nuc_pos23_q1_5c_trackmate.xml,38,0,,,64843,66052,0,41,0.0,41.0,42,42,death,seq0055_HeLa-S3_nuc_pos23_q1_5c:cell38,False
seq0055_HeLa-S3_nuc_pos23_q1_5c,HeLa-S3_nuc_pos23_q1_5c,DynamicNuclearNet,val,DynamicNuclearNet\tif_data\val\out\HeLa-S3_nuc_pos23_q1_5c\HeLa-S3_nuc_pos23_q1_5c_trackmate.xml,39,0,,,64845,66053,0,41,0.0,41.0,42,42,death,seq0055_HeLa-S3_nuc_pos23_q1_5c:cell39,False
seq0055_HeLa-S3_nuc_pos23_q1_5c,HeLa-S3_nuc_pos23_q1_5c,DynamicNuclearNet,val,DynamicNuclearNet\tif_data\val\out\HeLa-S3_nuc_pos23_q1_5c\HeLa-S3_nuc_pos23_q1_5c_trackmate.xml,40,0,,,64710,64710,8,8,8.0,8.0,1,1,death,seq0055_HeLa-S3_nuc_pos23_q1_5c:cell40,False
seq0055_HeLa-S3_nuc_pos23_q1_5c,HeLa-S3_nuc_pos23_q1_5c,DynamicNuclearNet,val,DynamicNuclearNet\tif_data\val\out\HeLa-S3_nuc_pos23_q1_5c\HeLa-S3_nuc_pos23_q1_5c_trackmate.xml,41,0,,,64744,66038,8,41,8.0,41.0,34,34,death,seq0055_HeLa-S3_nuc_pos23_q1_5c:cell41,False
seq0055_HeLa-S3_nuc_pos23_q1_5c,HeLa-S3_nuc_pos23_q1_5c,DynamicNuclearNet,val,DynamicNuclearNet\tif_data\val\out\HeLa-S3_nuc_pos23_q1_5c\HeLa-S3_nuc_pos23_q1_5c_trackmate.xml,42,0,,,64928,64928,12,12,12.0,12.0,1,1,death,seq0055_HeLa-S3_nuc_pos23_q1_5c:cell42,False
seq0055_HeLa-S3_nuc_pos23_q1_5c,HeLa-S3_nuc_pos23_q1_5c,DynamicNuclearNet,val,DynamicNuclearNet\tif_data\val\out\HeLa-S3_nuc_pos23_q1_5c\HeLa-S3_nuc_pos23_q1_5c_trackmate.xml,43,0,,,65038,65038,13,13,13.0,13.0,1,1,death,seq0055_HeLa-S3_nuc_pos23_q1_5c:cell43,False
seq0055_HeLa-S3_nuc_pos23_q1_5c,HeLa-S3_nuc_pos23_q1_5c,DynamicNuclearNet,val,DynamicNuclearNet\tif_data\val\out\HeLa-S3_nuc_pos23_q1_5c\HeLa-S3_nuc_pos23_q1_5c_trackmate.xml,44,0,,,65053,65057,13,14,13.0,14.0,2,2,death,seq0055_HeLa-S3_nuc_pos23_q1_5c:cell44,False
seq0055_HeLa-S3_nuc_pos23_q1_5c,HeLa-S3_nuc_pos23_q1_5c,DynamicNuclearNet,val,DynamicNuclearNet\tif_data\val\out\HeLa-S3_nuc_pos23_q1_5c\HeLa-S3_nuc_pos23_q1_5c_trackmate.xml,45,0,,,65052,65052,14,14,14.0,14.0,1,1,death,seq0055_HeLa-S3_nuc_pos23_q1_5c:cell45,False
seq0055_HeLa-S3_nuc_pos23_q1_5c,HeLa-S3_nuc_pos23_q1_5c,DynamicNuclearNet,val,DynamicNuclearNet\tif_data\val\out\HeLa-S3_nuc_pos23_q1_5c\HeLa-S3_nuc_pos23_q1_5c_trackmate.xml,46,0,,,65077,65073,14,15,14.0,15.0,2,2,death,seq0055_HeLa-S3_nuc_pos23_q1_5c:cell46,False
seq0055_HeLa-S3_nuc_pos23_q1_5c,HeLa-S3_nuc_pos23_q1_5c,DynamicNuclearNet,val,DynamicNuclearNet\tif_data\val\out\HeLa-S3_nuc_pos23_q1_5c\HeLa-S3_nuc_pos23_q1_5c_trackmate.xml,47,0,,,65047,65990,15,41,15.0,41.0,27,27,death,seq0055_HeLa-S3_nuc_pos23_q1_5c:cell47,False
seq0055_HeLa-S3_nuc_pos23_q1_5c,HeLa-S3_nuc_pos23_q1_5c,DynamicNuclearNet,val,DynamicNuclearNet\tif_data\val\out\HeLa-S3_nuc_pos23_q1_5c\HeLa-S3_nuc_pos23_q1_5c_trackmate.xml,48,0,,,65061,65146,15,16,15.0,16.0,2,2,death,seq0055_HeLa-S3_nuc_pos23_q1_5c:cell48,False
seq0055_HeLa-S3_nuc_pos23_q1_5c,HeLa-S3_nuc_pos23_q1_5c,DynamicNuclearNet,val,DynamicNuclearNet\tif_data\val\out\HeLa-S3_nuc_pos23_q1_5c\HeLa-S3_nuc_pos23_q1_5c_trackmate.xml,49,0,,,65153,65153,16,16,16.0,16.0,1,1,death,seq0055_HeLa-S3_nuc_pos23_q1_5c:cell49,False
seq0055_HeLa-S3_nuc_pos23_q1_5c,HeLa-S3_nuc_pos23_q1_5c,DynamicNuclearNet,val,DynamicNuclearNet\tif_data\val\out\HeLa-S3_nuc_pos23_q1_5c\HeLa-S3_nuc_pos23_q1_5c_trackmate.xml,50,0,,,64959,64959,17,17,17.0,17.0,1,1,death,seq0055_HeLa-S3_nuc_pos23_q1_5c:cell50,False
seq0055_HeLa-S3_nuc_pos23_q1_5c,HeLa-S3_nuc_pos23_q1_5c,DynamicNuclearNet,val,DynamicNuclearNet\tif_data\val\out\HeLa-S3_nuc_pos23_q1_5c\HeLa-S3_nuc_pos23_q1_5c_trackmate.xml,51,0,,,64970,66032,17,41,17.0,41.0,25,25,death,seq0055_HeLa-S3_nuc_pos23_q1_5c:cell51,False
seq0055_HeLa-S3_nuc_pos23_q1_5c,HeLa-S3_nuc_pos23_q1_5c,DynamicNuclearNet,val,DynamicNuclearNet\tif_data\val\out\HeLa-S3_nuc_pos23_q1_5c\HeLa-S3_nuc_pos23_q1_5c_trackmate.xml,52,0,,,64977,65193,17,19,17.0,19.0,3,3,death,seq0055_HeLa-S3_nuc_pos23_q1_5c:cell52,False
seq0055_HeLa-S3_nuc_pos23_q1_5c,HeLa-S3_nuc_pos23_q1_5c,DynamicNuclearNet,val,DynamicNuclearNet\tif_data\val\out\HeLa-S3_nuc_pos23_q1_5c\HeLa-S3_nuc_pos23_q1_5c_trackmate.xml,53,0,,,65167,65167,18,18,18.0,18.0,1,1,death,seq0055_HeLa-S3_nuc_pos23_q1_5c:cell53,False
seq0055_HeLa-S3_nuc_pos23_q1_5c,HeLa-S3_nuc_pos23_q1_5c,DynamicNuclearNet,val,DynamicNuclearNet\tif_data\val\out\HeLa-S3_nuc_pos23_q1_5c\HeLa-S3_nuc_pos23_q1_5c_trackmate.xml,54,0,,,65176,65168,19,20,19.0,20.0,2,2,death,seq0055_HeLa-S3_nuc_pos23_q1_5c:cell54,False
seq0055_HeLa-S3_nuc_pos23_q1_5c,HeLa-S3_nuc_pos23_q1_5c,DynamicNuclearNet,val,DynamicNuclearNet\tif_data\val\out\HeLa-S3_nuc_pos23_q1_5c\HeLa-S3_nuc_pos23_q1_5c_trackmate.xml,55,0,,,65185,66041,20,41,20.0,41.0,22,22,death,seq0055_HeLa-S3_nuc_pos23_q1_5c:cell55,False
seq0055_HeLa-S3_nuc_pos23_q1_5c,HeLa-S3_nuc_pos23_q1_5c,DynamicNuclearNet,val,DynamicNuclearNet\tif_data\val\out\HeLa-S3_nuc_pos23_q1_5c\HeLa-S3_nuc_pos23_q1_5c_trackmate.xml,56,0,,,65239,66018,21,41,21.0,41.0,21,21,death,seq0055_HeLa-S3_nuc_pos23_q1_5c:cell56,False
seq0056_HeLa-S3_nuc_pos2_q3_5c,HeLa-S3_nuc_pos2_q3_5c,DynamicNuclearNet,val,DynamicNuclearNet\tif_data\val\out\HeLa-S3_nuc_pos2_q3_5c\HeLa-S3_nuc_pos2_q3_5c_trackmate.xml,0,0,,,67129,67135,0,41,0.0,41.0,42,42,death,seq0056_HeLa-S3_nuc_pos2_q3_5c:cell0,False
seq0056_HeLa-S3_nuc_pos2_q3_5c,HeLa-S3_nuc_pos2_q3_5c,DynamicNuclearNet,val,DynamicNuclearNet\tif_data\val\out\HeLa-S3_nuc_pos2_q3_5c\HeLa-S3_nuc_pos2_q3_5c_trackmate.xml,1,0,,,67131,67142,0,41,0.0,41.0,42,42,death,seq0056_HeLa-S3_nuc_pos2_q3_5c:cell1,False
seq0056_HeLa-S3_nuc_pos2_q3_5c,HeLa-S3_nuc_pos2_q3_5c,DynamicNuclearNet,val,DynamicNuclearNet\tif_data\val\out\HeLa-S3_nuc_pos2_q3_5c\HeLa-S3_nuc_pos2_q3_5c_trackmate.xml,2,0,,,67134,67139,0,41,0.0,41.0,42,42,death,seq0056_HeLa-S3_nuc_pos2_q3_5c:cell2,False
seq0056_HeLa-S3_nuc_pos2_q3_5c,HeLa-S3_nuc_pos2_q3_5c,DynamicNuclearNet,val,DynamicNuclearNet\tif_data\val\out\HeLa-S3_nuc_pos2_q3_5c\HeLa-S3_nuc_pos2_q3_5c_trackmate.xml,3,0,,,67138,67144,0,41,0.0,41.0,42,42,death,seq0056_HeLa-S3_nuc_pos2_q3_5c:cell3,False
seq0056_HeLa-S3_nuc_pos2_q3_5c,HeLa-S3_nuc_pos2_q3_5c,DynamicNuclearNet,val,DynamicNuclearNet\tif_data\val\out\HeLa-S3_nuc_pos2_q3_5c\HeLa-S3_nuc_pos2_q3_5c_trackmate.xml,4,0,,,67141,67149,0,41,0.0,41.0,42,42,death,seq0056_HeLa-S3_nuc_pos2_q3_5c:cell4,False
seq0056_HeLa-S3_nuc_pos2_q3_5c,HeLa-S3_nuc_pos2_q3_5c,DynamicNuclearNet,val,DynamicNuclearNet\tif_data\val\out\HeLa-S3_nuc_pos2_q3_5c\HeLa-S3_nuc_pos2_q3_5c_trackmate.xml,5,0,,,67147,67154,0,41,0.0,41.0,42,42,death,seq0056_HeLa-S3_nuc_pos2_q3_5c:cell5,False
seq0056_HeLa-S3_nuc_pos2_q3_5c,HeLa-S3_nuc_pos2_q3_5c,DynamicNuclearNet,val,DynamicNuclearNet\tif_data\val\out\HeLa-S3_nuc_pos2_q3_5c\HeLa-S3_nuc_pos2_q3_5c_trackmate.xml,6,0,,,67150,67032,0,36,0.0,36.0,37,37,death,seq0056_HeLa-S3_nuc_pos2_q3_5c:cell6,False
seq0056_HeLa-S3_nuc_pos2_q3_5c,HeLa-S3_nuc_pos2_q3_5c,DynamicNuclearNet,val,DynamicNuclearNet\tif_data\val\out\HeLa-S3_nuc_pos2_q3_5c\HeLa-S3_nuc_pos2_q3_5c_trackmate.xml,7,0,,,67153,67157,0,41,0.0,41.0,42,42,death,seq0056_HeLa-S3_nuc_pos2_q3_5c:cell7,False
seq0056_HeLa-S3_nuc_pos2_q3_5c,HeLa-S3_nuc_pos2_q3_5c,DynamicNuclearNet,val,DynamicNuclearNet\tif_data\val\out\HeLa-S3_nuc_pos2_q3_5c\HeLa-S3_nuc_pos2_q3_5c_trackmate.xml,8,0,,,67155,66788,0,28,0.0,28.0,29,29,death,seq0056_HeLa-S3_nuc_pos2_q3_5c:cell8,False
seq0056_HeLa-S3_nuc_pos2_q3_5c,HeLa-S3_nuc_pos2_q3_5c,DynamicNuclearNet,val,DynamicNuclearNet\tif_data\val\out\HeLa-S3_nuc_pos2_q3_5c\HeLa-S3_nuc_pos2_q3_5c_trackmate.xml,9,0,,,67158,67162,0,41,0.0,41.0,42,42,death,seq0056_HeLa-S3_nuc_pos2_q3_5c:cell9,False
seq0056_HeLa-S3_nuc_pos2_q3_5c,HeLa-S3_nuc_pos2_q3_5c,DynamicNuclearNet,val,DynamicNuclearNet\tif_data\val\out\HeLa-S3_nuc_pos2_q3_5c\HeLa-S3_nuc_pos2_q3_5c_trackmate.xml,10,0,,,67161,67168,0,41,0.0,41.0,42,42,death,seq0056_HeLa-S3_nuc_pos2_q3_5c:cell10,False
seq0056_HeLa-S3_nuc_pos2_q3_5c,HeLa-S3_nuc_pos2_q3_5c,DynamicNuclearNet,val,DynamicNuclearNet\tif_data\val\out\HeLa-S3_nuc_pos2_q3_5c\HeLa-S3_nuc_pos2_q3_5c_trackmate.xml,11,0,,,67164,67171,0,41,0.0,41.0,42,42,death,seq0056_HeLa-S3_nuc_pos2_q3_5c:cell11,False
seq0056_HeLa-S3_nuc_pos2_q3_5c,HeLa-S3_nuc_pos2_q3_5c,DynamicNuclearNet,val,DynamicNuclearNet\tif_data\val\out\HeLa-S3_nuc_pos2_q3_5c\HeLa-S3_nuc_pos2_q3_5c_trackmate.xml,12,0,,,67167,67178,0,41,0.0,41.0,42,42,death,seq0056_HeLa-S3_nuc_pos2_q3_5c:cell12,False
seq0056_HeLa-S3_nuc_pos2_q3_5c,HeLa-S3_nuc_pos2_q3_5c,DynamicNuclearNet,val,DynamicNuclearNet\tif_data\val\out\HeLa-S3_nuc_pos2_q3_5c\HeLa-S3_nuc_pos2_q3_5c_trackmate.xml,13,0,,52|53,67170,67194,0,37,0.0,37.0,38,38,division,seq0056_HeLa-S3_nuc_pos2_q3_5c:cell13,True
seq0056_HeLa-S3_nuc_pos2_q3_5c,HeLa-S3_nuc_pos2_q3_5c,DynamicNuclearNet,val,DynamicNuclearNet\tif_data\val\out\HeLa-S3_nuc_pos2_q3_5c\HeLa-S3_nuc_pos2_q3_5c_trackmate.xml,14,0,,,67174,67181,0,41,0.0,41.0,42,42,death,seq0056_HeLa-S3_nuc_pos2_q3_5c:cell14,False
seq0056_HeLa-S3_nuc_pos2_q3_5c,HeLa-S3_nuc_pos2_q3_5c,DynamicNuclearNet,val,DynamicNuclearNet\tif_data\val\out\HeLa-S3_nuc_pos2_q3_5c\HeLa-S3_nuc_pos2_q3_5c_trackmate.xml,15,0,,,67177,67184,0,41,0.0,41.0,42,42,death,seq0056_HeLa-S3_nuc_pos2_q3_5c:cell15,False
seq0056_HeLa-S3_nuc_pos2_q3_5c,HeLa-S3_nuc_pos2_q3_5c,DynamicNuclearNet,val,DynamicNuclearNet\tif_data\val\out\HeLa-S3_nuc_pos2_q3_5c\HeLa-S3_nuc_pos2_q3_5c_trackmate.xml,16,0,,,67180,67187,0,41,0.0,41.0,42,42,death,seq0056_HeLa-S3_nuc_pos2_q3_5c:cell16,False
seq0056_HeLa-S3_nuc_pos2_q3_5c,HeLa-S3_nuc_pos2_q3_5c,DynamicNuclearNet,val,DynamicNuclearNet\tif_data\val\out\HeLa-S3_nuc_pos2_q3_5c\HeLa-S3_nuc_pos2_q3_5c_trackmate.xml,17,0,,,67183,67190,0,41,0.0,41.0,42,42,death,seq0056_HeLa-S3_nuc_pos2_q3_5c:cell17,False
seq0056_HeLa-S3_nuc_pos2_q3_5c,HeLa-S3_nuc_pos2_q3_5c,DynamicNuclearNet,val,DynamicNuclearNet\tif_data\val\out\HeLa-S3_nuc_pos2_q3_5c\HeLa-S3_nuc_pos2_q3_5c_trackmate.xml,18,0,,,67186,67196,0,41,0.0,41.0,42,42,death,seq0056_HeLa-S3_nuc_pos2_q3_5c:cell18,False
seq0056_HeLa-S3_nuc_pos2_q3_5c,HeLa-S3_nuc_pos2_q3_5c,DynamicNuclearNet,val,DynamicNuclearNet\tif_data\val\out\HeLa-S3_nuc_pos2_q3_5c\HeLa-S3_nuc_pos2_q3_5c_trackmate.xml,19,0,,,67189,67193,0,41,0.0,41.0,42,42,death,seq0056_HeLa-S3_nuc_pos2_q3_5c:cell19,False
seq0056_HeLa-S3_nuc_pos2_q3_5c,HeLa-S3_nuc_pos2_q3_5c,DynamicNuclearNet,val,DynamicNuclearNet\tif_data\val\out\HeLa-S3_nuc_pos2_q3_5c\HeLa-S3_nuc_pos2_q3_5c_trackmate.xml,20,0,,,67192,67199,0,41,0.0,41.0,42,42,death,seq0056_HeLa-S3_nuc_pos2_q3_5c:cell20,False
seq0056_HeLa-S3_nuc_pos2_q3_5c,HeLa-S3_nuc_pos2_q3_5c,DynamicNuclearNet,val,DynamicNuclearNet\tif_data\val\out\HeLa-S3_nuc_pos2_q3_5c\HeLa-S3_nuc_pos2_q3_5c_trackmate.xml,21,0,,,67195,67202,0,41,0.0,41.0,42,42,death,seq0056_HeLa-S3_nuc_pos2_q3_5c:cell21,False
seq0056_HeLa-S3_nuc_pos2_q3_5c,HeLa-S3_nuc_pos2_q3_5c,DynamicNuclearNet,val,DynamicNuclearNet\tif_data\val\out\HeLa-S3_nuc_pos2_q3_5c\HeLa-S3_nuc_pos2_q3_5c_trackmate.xml,22,0,,,67198,66889,0,28,0.0,28.0,29,29,death,seq0056_HeLa-S3_nuc_pos2_q3_5c:cell22,False
seq0056_HeLa-S3_nuc_pos2_q3_5c,HeLa-S3_nuc_pos2_q3_5c,DynamicNuclearNet,val,DynamicNuclearNet\tif_data\val\out\HeLa-S3_nuc_pos2_q3_5c\HeLa-S3_nuc_pos2_q3_5c_trackmate.xml,23,0,,,67201,67209,0,41,0.0,41.0,42,42,death,seq0056_HeLa-S3_nuc_pos2_q3_5c:cell23,False
seq0056_HeLa-S3_nuc_pos2_q3_5c,HeLa-S3_nuc_pos2_q3_5c,DynamicNuclearNet,val,DynamicNuclearNet\tif_data\val\out\HeLa-S3_nuc_pos2_q3_5c\HeLa-S3_nuc_pos2_q3_5c_trackmate.xml,24,0,,,67204,66726,0,23,0.0,23.0,24,24,death,seq0056_HeLa-S3_nuc_pos2_q3_5c:cell24,False
seq0056_HeLa-S3_nuc_pos2_q3_5c,HeLa-S3_nuc_pos2_q3_5c,DynamicNuclearNet,val,DynamicNuclearNet\tif_data\val\out\HeLa-S3_nuc_pos2_q3_5c\HeLa-S3_nuc_pos2_q3_5c_trackmate.xml,25,0,,,67206,67211,0,41,0.0,41.0,42,42,death,seq0056_HeLa-S3_nuc_pos2_q3_5c:cell25,False
seq0056_HeLa-S3_nuc_pos2_q3_5c,HeLa-S3_nuc_pos2_q3_5c,DynamicNuclearNet,val,DynamicNuclearNet\tif_data\val\out\HeLa-S3_nuc_pos2_q3_5c\HeLa-S3_nuc_pos2_q3_5c_trackmate.xml,26,0,,,66133,66133,3,3,3.0,3.0,1,1,death,seq0056_HeLa-S3_nuc_pos2_q3_5c:cell26,False
seq0056_HeLa-S3_nuc_pos2_q3_5c,HeLa-S3_nuc_pos2_q3_5c,DynamicNuclearNet,val,DynamicNuclearNet\tif_data\val\out\HeLa-S3_nuc_pos2_q3_5c\HeLa-S3_nuc_pos2_q3_5c_trackmate.xml,27,0,,,66295,66275,5,9,5.0,9.0,5,5,death,seq0056_HeLa-S3_nuc_pos2_q3_5c:cell27,False
seq0056_HeLa-S3_nuc_pos2_q3_5c,HeLa-S3_nuc_pos2_q3_5c,DynamicNuclearNet,val,DynamicNuclearNet\tif_data\val\out\HeLa-S3_nuc_pos2_q3_5c\HeLa-S3_nuc_pos2_q3_5c_trackmate.xml,28,0,,,66311,66311,5,5,5.0,5.0,1,1,death,seq0056_HeLa-S3_nuc_pos2_q3_5c:cell28,False
seq0056_HeLa-S3_nuc_pos2_q3_5c,HeLa-S3_nuc_pos2_q3_5c,DynamicNuclearNet,val,DynamicNuclearNet\tif_data\val\out\HeLa-S3_nuc_pos2_q3_5c\HeLa-S3_nuc_pos2_q3_5c_trackmate.xml,29,0,,,66382,66382,6,6,6.0,6.0,1,1,death,seq0056_HeLa-S3_nuc_pos2_q3_5c:cell29,False
seq0056_HeLa-S3_nuc_pos2_q3_5c,HeLa-S3_nuc_pos2_q3_5c,DynamicNuclearNet,val,DynamicNuclearNet\tif_data\val\out\HeLa-S3_nuc_pos2_q3_5c\HeLa-S3_nuc_pos2_q3_5c_trackmate.xml,30,0,,,66250,66152,7,8,7.0,8.0,2,2,death,seq0056_HeLa-S3_nuc_pos2_q3_5c:cell30,False
seq0056_HeLa-S3_nuc_pos2_q3_5c,HeLa-S3_nuc_pos2_q3_5c,DynamicNuclearNet,val,DynamicNuclearNet\tif_data\val\out\HeLa-S3_nuc_pos2_q3_5c\HeLa-S3_nuc_pos2_q3_5c_trackmate.xml,31,0,,,66475,66499,14,16,14.0,16.0,3,3,death,seq0056_HeLa-S3_nuc_pos2_q3_5c:cell31,False
seq0056_HeLa-S3_nuc_pos2_q3_5c,HeLa-S3_nuc_pos2_q3_5c,DynamicNuclearNet,val,DynamicNuclearNet\tif_data\val\out\HeLa-S3_nuc_pos2_q3_5c\HeLa-S3_nuc_pos2_q3_5c_trackmate.xml,32,0,,,66602,67213,16,41,16.0,41.0,26,26,death,seq0056_HeLa-S3_nuc_pos2_q3_5c:cell32,False
seq0056_HeLa-S3_nuc_pos2_q3_5c,HeLa-S3_nuc_pos2_q3_5c,DynamicNuclearNet,val,DynamicNuclearNet\tif_data\val\out\HeLa-S3_nuc_pos2_q3_5c\HeLa-S3_nuc_pos2_q3_5c_trackmate.xml,33,0,,,66587,66701,19,23,19.0,23.0,5,5,death,seq0056_HeLa-S3_nuc_pos2_q3_5c:cell33,False
seq0056_HeLa-S3_nuc_pos2_q3_5c,HeLa-S3_nuc_pos2_q3_5c,DynamicNuclearNet,val,DynamicNuclearNet\tif_data\val\out\HeLa-S3_nuc_pos2_q3_5c\HeLa-S3_nuc_pos2_q3_5c_trackmate.xml,34,0,,,66913,66913,25,25,25.0,25.0,1,1,death,seq0056_HeLa-S3_nuc_pos2_q3_5c:cell34,False
seq0056_HeLa-S3_nuc_pos2_q3_5c,HeLa-S3_nuc_pos2_q3_5c,DynamicNuclearNet,val,DynamicNuclearNet\tif_data\val\out\HeLa-S3_nuc_pos2_q3_5c\HeLa-S3_nuc_pos2_q3_5c_trackmate.xml,35,0,,,66809,66908,27,30,27.0,30.0,4,4,death,seq0056_HeLa-S3_nuc_pos2_q3_5c:cell35,False
seq0056_HeLa-S3_nuc_pos2_q3_5c,HeLa-S3_nuc_pos2_q3_5c,DynamicNuclearNet,val,DynamicNuclearNet\tif_data\val\out\HeLa-S3_nuc_pos2_q3_5c\HeLa-S3_nuc_pos2_q3_5c_trackmate.xml,36,0,,,66785,66785,29,29,29.0,29.0,1,1,death,seq0056_HeLa-S3_nuc_pos2_q3_5c:cell36,False
seq0056_HeLa-S3_nuc_pos2_q3_5c,HeLa-S3_nuc_pos2_q3_5c,DynamicNuclearNet,val,DynamicNuclearNet\tif_data\val\out\HeLa-S3_nuc_pos2_q3_5c\HeLa-S3_nuc_pos2_q3_5c_trackmate.xml,37,0,,,66878,66994,29,33,29.0,33.0,5,5,death,seq0056_HeLa-S3_nuc_pos2_q3_5c:cell37,False
seq0056_HeLa-S3_nuc_pos2_q3_5c,HeLa-S3_nuc_pos2_q3_5c,DynamicNuclearNet,val,DynamicNuclearNet\tif_data\val\out\HeLa-S3_nuc_pos2_q3_5c\HeLa-S3_nuc_pos2_q3_5c_trackmate.xml,38,0,,,66884,66815,30,31,30.0,31.0,2,2,death,seq0056_HeLa-S3_nuc_pos2_q3_5c:cell38,False
seq0056_HeLa-S3_nuc_pos2_q3_5c,HeLa-S3_nuc_pos2_q3_5c,DynamicNuclearNet,val,DynamicNuclearNet\tif_data\val\out\HeLa-S3_nuc_pos2_q3_5c\HeLa-S3_nuc_pos2_q3_5c_trackmate.xml,39,0,,,67006,67066,34,35,34.0,35.0,2,2,death,seq0056_HeLa-S3_nuc_pos2_q3_5c:cell39,False
seq0056_HeLa-S3_nuc_pos2_q3_5c,HeLa-S3_nuc_pos2_q3_5c,DynamicNuclearNet,val,DynamicNuclearNet\tif_data\val\out\HeLa-S3_nuc_pos2_q3_5c\HeLa-S3_nuc_pos2_q3_5c_trackmate.xml,40,0,,,67102,67102,34,34,34.0,34.0,1,1,death,seq0056_HeLa-S3_nuc_pos2_q3_5c:cell40,False
seq0056_HeLa-S3_nuc_pos2_q3_5c,HeLa-S3_nuc_pos2_q3_5c,DynamicNuclearNet,val,DynamicNuclearNet\tif_data\val\out\HeLa-S3_nuc_pos2_q3_5c\HeLa-S3_nuc_pos2_q3_5c_trackmate.xml,41,0,,,67106,67205,34,41,34.0,41.0,8,8,death,seq0056_HeLa-S3_nuc_pos2_q3_5c:cell41,False
seq0056_HeLa-S3_nuc_pos2_q3_5c,HeLa-S3_nuc_pos2_q3_5c,DynamicNuclearNet,val,DynamicNuclearNet\tif_data\val\out\HeLa-S3_nuc_pos2_q3_5c\HeLa-S3_nuc_pos2_q3_5c_trackmate.xml,42,0,,,67074,67165,35,41,35.0,41.0,7,7,death,seq0056_HeLa-S3_nuc_pos2_q3_5c:cell42,False
seq0056_HeLa-S3_nuc_pos2_q3_5c,HeLa-S3_nuc_pos2_q3_5c,DynamicNuclearNet,val,DynamicNuclearNet\tif_data\val\out\HeLa-S3_nuc_pos2_q3_5c\HeLa-S3_nuc_pos2_q3_5c_trackmate.xml,43,0,,,67119,67119,35,35,35.0,35.0,1,1,death,seq0056_HeLa-S3_nuc_pos2_q3_5c:cell43,False
seq0056_HeLa-S3_nuc_pos2_q3_5c,HeLa-S3_nuc_pos2_q3_5c,DynamicNuclearNet,val,DynamicNuclearNet\tif_data\val\out\HeLa-S3_nuc_pos2_q3_5c\HeLa-S3_nuc_pos2_q3_5c_trackmate.xml,44,0,,,67035,67159,36,41,36.0,41.0,6,6,death,seq0056_HeLa-S3_nuc_pos2_q3_5c:cell44,False
seq0056_HeLa-S3_nuc_pos2_q3_5c,HeLa-S3_nuc_pos2_q3_5c,DynamicNuclearNet,val,DynamicNuclearNet\tif_data\val\out\HeLa-S3_nuc_pos2_q3_5c\HeLa-S3_nuc_pos2_q3_5c_trackmate.xml,45,0,,,67085,67207,36,41,36.0,41.0,6,6,death,seq0056_HeLa-S3_nuc_pos2_q3_5c:cell45,False
seq0056_HeLa-S3_nuc_pos2_q3_5c,HeLa-S3_nuc_pos2_q3_5c,DynamicNuclearNet,val,DynamicNuclearNet\tif_data\val\out\HeLa-S3_nuc_pos2_q3_5c\HeLa-S3_nuc_pos2_q3_5c_trackmate.xml,46,0,,,67166,67166,37,37,37.0,37.0,1,1,death,seq0056_HeLa-S3_nuc_pos2_q3_5c:cell46,False
seq0056_HeLa-S3_nuc_pos2_q3_5c,HeLa-S3_nuc_pos2_q3_5c,DynamicNuclearNet,val,DynamicNuclearNet\tif_data\val\out\HeLa-S3_nuc_pos2_q3_5c\HeLa-S3_nuc_pos2_q3_5c_trackmate.xml,47,0,,,67024,67227,38,40,38.0,40.0,3,3,death,seq0056_HeLa-S3_nuc_pos2_q3_5c:cell47,False
seq0056_HeLa-S3_nuc_pos2_q3_5c,HeLa-S3_nuc_pos2_q3_5c,DynamicNuclearNet,val,DynamicNuclearNet\tif_data\val\out\HeLa-S3_nuc_pos2_q3_5c\HeLa-S3_nuc_pos2_q3_5c_trackmate.xml,48,0,,,67152,67152,41,41,41.0,41.0,1,1,death,seq0056_HeLa-S3_nuc_pos2_q3_5c:cell48,False
seq0056_HeLa-S3_nuc_pos2_q3_5c,HeLa-S3_nuc_pos2_q3_5c,DynamicNuclearNet,val,DynamicNuclearNet\tif_data\val\out\HeLa-S3_nuc_pos2_q3_5c\HeLa-S3_nuc_pos2_q3_5c_trackmate.xml,49,0,,,67156,67156,41,41,41.0,41.0,1,1,death,seq0056_HeLa-S3_nuc_pos2_q3_5c:cell49,False
seq0056_HeLa-S3_nuc_pos2_q3_5c,HeLa-S3_nuc_pos2_q3_5c,DynamicNuclearNet,val,DynamicNuclearNet\tif_data\val\out\HeLa-S3_nuc_pos2_q3_5c\HeLa-S3_nuc_pos2_q3_5c_trackmate.xml,50,0,,,67173,67173,41,41,41.0,41.0,1,1,death,seq0056_HeLa-S3_nuc_pos2_q3_5c:cell50,False
seq0056_HeLa-S3_nuc_pos2_q3_5c,HeLa-S3_nuc_pos2_q3_5c,DynamicNuclearNet,val,DynamicNuclearNet\tif_data\val\out\HeLa-S3_nuc_pos2_q3_5c\HeLa-S3_nuc_pos2_q3_5c_trackmate.xml,51,0,,,67175,67175,41,41,41.0,41.0,1,1,death,seq0056_HeLa-S3_nuc_pos2_q3_5c:cell51,False
seq0056_HeLa-S3_nuc_pos2_q3_5c,HeLa-S3_nuc_pos2_q3_5c,DynamicNuclearNet,val,DynamicNuclearNet\tif_data\val\out\HeLa-S3_nuc_pos2_q3_5c\HeLa-S3_nuc_pos2_q3_5c_trackmate.xml,52,1,13,,67038,67235,38,40,38.0,40.0,3,3,death,seq0056_HeLa-S3_nuc_pos2_q3_5c:cell52,False
seq0056_HeLa-S3_nuc_pos2_q3_5c,HeLa-S3_nuc_pos2_q3_5c,DynamicNuclearNet,val,DynamicNuclearNet\tif_data\val\out\HeLa-S3_nuc_pos2_q3_5c\HeLa-S3_nuc_pos2_q3_5c_trackmate.xml,53,1,13,,67041,67041,38,38,38.0,38.0,1,1,death,seq0056_HeLa-S3_nuc_pos2_q3_5c:cell53,False
seq0057_HeLa-S3_nuc_pos6_q2_5c,HeLa-S3_nuc_pos6_q2_5c,DynamicNuclearNet,val,DynamicNuclearNet\tif_data\val\out\HeLa-S3_nuc_pos6_q2_5c\HeLa-S3_nuc_pos6_q2_5c_trackmate.xml,0,0,,,67440,67882,0,19,0.0,19.0,20,20,death,seq0057_HeLa-S3_nuc_pos6_q2_5c:cell0,False
seq0057_HeLa-S3_nuc_pos6_q2_5c,HeLa-S3_nuc_pos6_q2_5c,DynamicNuclearNet,val,DynamicNuclearNet\tif_data\val\out\HeLa-S3_nuc_pos6_q2_5c\HeLa-S3_nuc_pos6_q2_5c_trackmate.xml,1,0,,,67443,67318,0,2,0.0,2.0,3,3,death,seq0057_HeLa-S3_nuc_pos6_q2_5c:cell1,False
seq0057_HeLa-S3_nuc_pos6_q2_5c,HeLa-S3_nuc_pos6_q2_5c,DynamicNuclearNet,val,DynamicNuclearNet\tif_data\val\out\HeLa-S3_nuc_pos6_q2_5c\HeLa-S3_nuc_pos6_q2_5c_trackmate.xml,2,0,,,67447,68583,0,41,0.0,41.0,42,42,death,seq0057_HeLa-S3_nuc_pos6_q2_5c:cell2,False
seq0057_HeLa-S3_nuc_pos6_q2_5c,HeLa-S3_nuc_pos6_q2_5c,DynamicNuclearNet,val,DynamicNuclearNet\tif_data\val\out\HeLa-S3_nuc_pos6_q2_5c\HeLa-S3_nuc_pos6_q2_5c_trackmate.xml,3,0,,,67455,68588,0,41,0.0,41.0,42,42,death,seq0057_HeLa-S3_nuc_pos6_q2_5c:cell3,False
seq0057_HeLa-S3_nuc_pos6_q2_5c,HeLa-S3_nuc_pos6_q2_5c,DynamicNuclearNet,val,DynamicNuclearNet\tif_data\val\out\HeLa-S3_nuc_pos6_q2_5c\HeLa-S3_nuc_pos6_q2_5c_trackmate.xml,4,0,,,67462,68596,0,41,0.0,41.0,42,42,death,seq0057_HeLa-S3_nuc_pos6_q2_5c:cell4,False
seq0057_HeLa-S3_nuc_pos6_q2_5c,HeLa-S3_nuc_pos6_q2_5c,DynamicNuclearNet,val,DynamicNuclearNet\tif_data\val\out\HeLa-S3_nuc_pos6_q2_5c\HeLa-S3_nuc_pos6_q2_5c_trackmate.xml,5,0,,,67471,68592,0,41,0.0,41.0,42,42,death,seq0057_HeLa-S3_nuc_pos6_q2_5c:cell5,False
seq0057_HeLa-S3_nuc_pos6_q2_5c,HeLa-S3_nuc_pos6_q2_5c,DynamicNuclearNet,val,DynamicNuclearNet\tif_data\val\out\HeLa-S3_nuc_pos6_q2_5c\HeLa-S3_nuc_pos6_q2_5c_trackmate.xml,6,0,,,67478,68600,0,41,0.0,41.0,42,42,death,seq0057_HeLa-S3_nuc_pos6_q2_5c:cell6,False
seq0057_HeLa-S3_nuc_pos6_q2_5c,HeLa-S3_nuc_pos6_q2_5c,DynamicNuclearNet,val,DynamicNuclearNet\tif_data\val\out\HeLa-S3_nuc_pos6_q2_5c\HeLa-S3_nuc_pos6_q2_5c_trackmate.xml,7,0,,,67486,68606,0,41,0.0,41.0,42,42,death,seq0057_HeLa-S3_nuc_pos6_q2_5c:cell7,False
seq0057_HeLa-S3_nuc_pos6_q2_5c,HeLa-S3_nuc_pos6_q2_5c,DynamicNuclearNet,val,DynamicNuclearNet\tif_data\val\out\HeLa-S3_nuc_pos6_q2_5c\HeLa-S3_nuc_pos6_q2_5c_trackmate.xml,8,0,,,67490,68603,0,41,0.0,41.0,42,42,death,seq0057_HeLa-S3_nuc_pos6_q2_5c:cell8,False
seq0057_HeLa-S3_nuc_pos6_q2_5c,HeLa-S3_nuc_pos6_q2_5c,DynamicNuclearNet,val,DynamicNuclearNet\tif_data\val\out\HeLa-S3_nuc_pos6_q2_5c\HeLa-S3_nuc_pos6_q2_5c_trackmate.xml,9,0,,,67496,68608,0,41,0.0,41.0,42,42,death,seq0057_HeLa-S3_nuc_pos6_q2_5c:cell9,False
seq0057_HeLa-S3_nuc_pos6_q2_5c,HeLa-S3_nuc_pos6_q2_5c,DynamicNuclearNet,val,DynamicNuclearNet\tif_data\val\out\HeLa-S3_nuc_pos6_q2_5c\HeLa-S3_nuc_pos6_q2_5c_trackmate.xml,10,0,,,67503,68618,0,41,0.0,41.0,42,42,death,seq0057_HeLa-S3_nuc_pos6_q2_5c:cell10,False
seq0057_HeLa-S3_nuc_pos6_q2_5c,HeLa-S3_nuc_pos6_q2_5c,DynamicNuclearNet,val,DynamicNuclearNet\tif_data\val\out\HeLa-S3_nuc_pos6_q2_5c\HeLa-S3_nuc_pos6_q2_5c_trackmate.xml,11,0,,,67511,68612,0,41,0.0,41.0,42,42,death,seq0057_HeLa-S3_nuc_pos6_q2_5c:cell11,False
seq0057_HeLa-S3_nuc_pos6_q2_5c,HeLa-S3_nuc_pos6_q2_5c,DynamicNuclearNet,val,DynamicNuclearNet\tif_data\val\out\HeLa-S3_nuc_pos6_q2_5c\HeLa-S3_nuc_pos6_q2_5c_trackmate.xml,12,0,,,67519,68631,0,41,0.0,41.0,42,42,death,seq0057_HeLa-S3_nuc_pos6_q2_5c:cell12,False
seq0057_HeLa-S3_nuc_pos6_q2_5c,HeLa-S3_nuc_pos6_q2_5c,DynamicNuclearNet,val,DynamicNuclearNet\tif_data\val\out\HeLa-S3_nuc_pos6_q2_5c\HeLa-S3_nuc_pos6_q2_5c_trackmate.xml,13,0,,,67525,68625,0,41,0.0,41.0,42,42,death,seq0057_HeLa-S3_nuc_pos6_q2_5c:cell13,False
seq0057_HeLa-S3_nuc_pos6_q2_5c,HeLa-S3_nuc_pos6_q2_5c,DynamicNuclearNet,val,DynamicNuclearNet\tif_data\val\out\HeLa-S3_nuc_pos6_q2_5c\HeLa-S3_nuc_pos6_q2_5c_trackmate.xml,14,0,,,67532,68636,0,41,0.0,41.0,42,42,death,seq0057_HeLa-S3_nuc_pos6_q2_5c:cell14,False
seq0057_HeLa-S3_nuc_pos6_q2_5c,HeLa-S3_nuc_pos6_q2_5c,DynamicNuclearNet,val,DynamicNuclearNet\tif_data\val\out\HeLa-S3_nuc_pos6_q2_5c\HeLa-S3_nuc_pos6_q2_5c_trackmate.xml,15,0,,,67537,68641,0,41,0.0,41.0,42,42,death,seq0057_HeLa-S3_nuc_pos6_q2_5c:cell15,False
seq0057_HeLa-S3_nuc_pos6_q2_5c,HeLa-S3_nuc_pos6_q2_5c,DynamicNuclearNet,val,DynamicNuclearNet\tif_data\val\out\HeLa-S3_nuc_pos6_q2_5c\HeLa-S3_nuc_pos6_q2_5c_trackmate.xml,16,0,,,67545,67954,0,20,0.0,20.0,21,21,death,seq0057_HeLa-S3_nuc_pos6_q2_5c:cell16,False
seq0057_HeLa-S3_nuc_pos6_q2_5c,HeLa-S3_nuc_pos6_q2_5c,DynamicNuclearNet,val,DynamicNuclearNet\tif_data\val\out\HeLa-S3_nuc_pos6_q2_5c\HeLa-S3_nuc_pos6_q2_5c_trackmate.xml,17,0,,,67553,67283,0,1,0.0,1.0,2,2,death,seq0057_HeLa-S3_nuc_pos6_q2_5c:cell17,False
seq0057_HeLa-S3_nuc_pos6_q2_5c,HeLa-S3_nuc_pos6_q2_5c,DynamicNuclearNet,val,DynamicNuclearNet\tif_data\val\out\HeLa-S3_nuc_pos6_q2_5c\HeLa-S3_nuc_pos6_q2_5c_trackmate.xml,18,0,,,67562,68670,0,41,0.0,41.0,42,42,death,seq0057_HeLa-S3_nuc_pos6_q2_5c:cell18,False
seq0057_HeLa-S3_nuc_pos6_q2_5c,HeLa-S3_nuc_pos6_q2_5c,DynamicNuclearNet,val,DynamicNuclearNet\tif_data\val\out\HeLa-S3_nuc_pos6_q2_5c\HeLa-S3_nuc_pos6_q2_5c_trackmate.xml,19,0,,,67569,68662,0,41,0.0,41.0,42,42,death,seq0057_HeLa-S3_nuc_pos6_q2_5c:cell19,False
seq0057_HeLa-S3_nuc_pos6_q2_5c,HeLa-S3_nuc_pos6_q2_5c,DynamicNuclearNet,val,DynamicNuclearNet\tif_data\val\out\HeLa-S3_nuc_pos6_q2_5c\HeLa-S3_nuc_pos6_q2_5c_trackmate.xml,20,0,,,67575,68667,0,41,0.0,41.0,42,42,death,seq0057_HeLa-S3_nuc_pos6_q2_5c:cell20,False
seq0057_HeLa-S3_nuc_pos6_q2_5c,HeLa-S3_nuc_pos6_q2_5c,DynamicNuclearNet,val,DynamicNuclearNet\tif_data\val\out\HeLa-S3_nuc_pos6_q2_5c\HeLa-S3_nuc_pos6_q2_5c_trackmate.xml,21,0,,,67579,67799,0,16,0.0,16.0,17,17,death,seq0057_HeLa-S3_nuc_pos6_q2_5c:cell21,False
seq0057_HeLa-S3_nuc_pos6_q2_5c,HeLa-S3_nuc_pos6_q2_5c,DynamicNuclearNet,val,DynamicNuclearNet\tif_data\val\out\HeLa-S3_nuc_pos6_q2_5c\HeLa-S3_nuc_pos6_q2_5c_trackmate.xml,22,0,,,67588,68696,0,41,0.0,41.0,42,42,death,seq0057_HeLa-S3_nuc_pos6_q2_5c:cell22,False
seq0057_HeLa-S3_nuc_pos6_q2_5c,HeLa-S3_nuc_pos6_q2_5c,DynamicNuclearNet,val,DynamicNuclearNet\tif_data\val\out\HeLa-S3_nuc_pos6_q2_5c\HeLa-S3_nuc_pos6_q2_5c_trackmate.xml,23,0,,,67591,68217,0,26,0.0,26.0,27,27,death,seq0057_HeLa-S3_nuc_pos6_q2_5c:cell23,False
seq0057_HeLa-S3_nuc_pos6_q2_5c,HeLa-S3_nuc_pos6_q2_5c,DynamicNuclearNet,val,DynamicNuclearNet\tif_data\val\out\HeLa-S3_nuc_pos6_q2_5c\HeLa-S3_nuc_pos6_q2_5c_trackmate.xml,24,0,,,67595,68700,0,41,0.0,41.0,42,42,death,seq0057_HeLa-S3_nuc_pos6_q2_5c:cell24,False
seq0057_HeLa-S3_nuc_pos6_q2_5c,HeLa-S3_nuc_pos6_q2_5c,DynamicNuclearNet,val,DynamicNuclearNet\tif_data\val\out\HeLa-S3_nuc_pos6_q2_5c\HeLa-S3_nuc_pos6_q2_5c_trackmate.xml,25,0,,,67600,68239,0,26,0.0,26.0,27,27,death,seq0057_HeLa-S3_nuc_pos6_q2_5c:cell25,False
seq0057_HeLa-S3_nuc_pos6_q2_5c,HeLa-S3_nuc_pos6_q2_5c,DynamicNuclearNet,val,DynamicNuclearNet\tif_data\val\out\HeLa-S3_nuc_pos6_q2_5c\HeLa-S3_nuc_pos6_q2_5c_trackmate.xml,26,0,,,67604,68706,0,41,0.0,41.0,42,42,death,seq0057_HeLa-S3_nuc_pos6_q2_5c:cell26,False
seq0057_HeLa-S3_nuc_pos6_q2_5c,HeLa-S3_nuc_pos6_q2_5c,DynamicNuclearNet,val,DynamicNuclearNet\tif_data\val\out\HeLa-S3_nuc_pos6_q2_5c\HeLa-S3_nuc_pos6_q2_5c_trackmate.xml,27,0,,,67608,68710,0,41,0.0,41.0,42,42,death,seq0057_HeLa-S3_nuc_pos6_q2_5c:cell27,False
seq0057_HeLa-S3_nuc_pos6_q2_5c,HeLa-S3_nuc_pos6_q2_5c,DynamicNuclearNet,val,DynamicNuclearNet\tif_data\val\out\HeLa-S3_nuc_pos6_q2_5c\HeLa-S3_nuc_pos6_q2_5c_trackmate.xml,28,0,,,67611,68714,0,41,0.0,41.0,42,42,death,seq0057_HeLa-S3_nuc_pos6_q2_5c:cell28,False
seq0057_HeLa-S3_nuc_pos6_q2_5c,HeLa-S3_nuc_pos6_q2_5c,DynamicNuclearNet,val,DynamicNuclearNet\tif_data\val\out\HeLa-S3_nuc_pos6_q2_5c\HeLa-S3_nuc_pos6_q2_5c_trackmate.xml,29,0,,,67613,68718,0,41,0.0,41.0,42,42,death,seq0057_HeLa-S3_nuc_pos6_q2_5c:cell29,False
seq0057_HeLa-S3_nuc_pos6_q2_5c,HeLa-S3_nuc_pos6_q2_5c,DynamicNuclearNet,val,DynamicNuclearNet\tif_data\val\out\HeLa-S3_nuc_pos6_q2_5c\HeLa-S3_nuc_pos6_q2_5c_trackmate.xml,30,0,,,67616,68290,0,27,0.0,27.0,28,28,death,seq0057_HeLa-S3_nuc_pos6_q2_5c:cell30,False
seq0057_HeLa-S3_nuc_pos6_q2_5c,HeLa-S3_nuc_pos6_q2_5c,DynamicNuclearNet,val,DynamicNuclearNet\tif_data\val\out\HeLa-S3_nuc_pos6_q2_5c\HeLa-S3_nuc_pos6_q2_5c_trackmate.xml,31,0,,,67619,67352,0,1,0.0,1.0,2,2,death,seq0057_HeLa-S3_nuc_pos6_q2_5c:cell31,False
seq0057_HeLa-S3_nuc_pos6_q2_5c,HeLa-S3_nuc_pos6_q2_5c,DynamicNuclearNet,val,DynamicNuclearNet\tif_data\val\out\HeLa-S3_nuc_pos6_q2_5c\HeLa-S3_nuc_pos6_q2_5c_trackmate.xml,32,0,,,67622,68726,0,41,0.0,41.0,42,42,death,seq0057_HeLa-S3_nuc_pos6_q2_5c:cell32,False
seq0057_HeLa-S3_nuc_pos6_q2_5c,HeLa-S3_nuc_pos6_q2_5c,DynamicNuclearNet,val,DynamicNuclearNet\tif_data\val\out\HeLa-S3_nuc_pos6_q2_5c\HeLa-S3_nuc_pos6_q2_5c_trackmate.xml,33,0,,,67626,68540,0,34,0.0,34.0,35,35,death,seq0057_HeLa-S3_nuc_pos6_q2_5c:cell33,False
seq0057_HeLa-S3_nuc_pos6_q2_5c,HeLa-S3_nuc_pos6_q2_5c,DynamicNuclearNet,val,DynamicNuclearNet\tif_data\val\out\HeLa-S3_nuc_pos6_q2_5c\HeLa-S3_nuc_pos6_q2_5c_trackmate.xml,34,0,,,67629,68730,0,41,0.0,41.0,42,42,death,seq0057_HeLa-S3_nuc_pos6_q2_5c:cell34,False
seq0057_HeLa-S3_nuc_pos6_q2_5c,HeLa-S3_nuc_pos6_q2_5c,DynamicNuclearNet,val,DynamicNuclearNet\tif_data\val\out\HeLa-S3_nuc_pos6_q2_5c\HeLa-S3_nuc_pos6_q2_5c_trackmate.xml,35,0,,,67632,67504,0,8,0.0,8.0,9,9,death,seq0057_HeLa-S3_nuc_pos6_q2_5c:cell35,False
seq0057_HeLa-S3_nuc_pos6_q2_5c,HeLa-S3_nuc_pos6_q2_5c,DynamicNuclearNet,val,DynamicNuclearNet\tif_data\val\out\HeLa-S3_nuc_pos6_q2_5c\HeLa-S3_nuc_pos6_q2_5c_trackmate.xml,36,0,,,67635,68734,0,41,0.0,41.0,42,42,death,seq0057_HeLa-S3_nuc_pos6_q2_5c:cell36,False
seq0057_HeLa-S3_nuc_pos6_q2_5c,HeLa-S3_nuc_pos6_q2_5c,DynamicNuclearNet,val,DynamicNuclearNet\tif_data\val\out\HeLa-S3_nuc_pos6_q2_5c\HeLa-S3_nuc_pos6_q2_5c_trackmate.xml,37,0,,,67638,68042,0,21,0.0,21.0,22,22,death,seq0057_HeLa-S3_nuc_pos6_q2_5c:cell37,False
seq0057_HeLa-S3_nuc_pos6_q2_5c,HeLa-S3_nuc_pos6_q2_5c,DynamicNuclearNet,val,DynamicNuclearNet\tif_data\val\out\HeLa-S3_nuc_pos6_q2_5c\HeLa-S3_nuc_pos6_q2_5c_trackmate.xml,38,0,,,67292,68680,3,41,3.0,41.0,39,39,death,seq0057_HeLa-S3_nuc_pos6_q2_5c:cell38,False
seq0057_HeLa-S3_nuc_pos6_q2_5c,HeLa-S3_nuc_pos6_q2_5c,DynamicNuclearNet,val,DynamicNuclearNet\tif_data\val\out\HeLa-S3_nuc_pos6_q2_5c\HeLa-S3_nuc_pos6_q2_5c_trackmate.xml,39,0,,,67393,67535,3,9,3.0,9.0,7,7,death,seq0057_HeLa-S3_nuc_pos6_q2_5c:cell39,False
seq0057_HeLa-S3_nuc_pos6_q2_5c,HeLa-S3_nuc_pos6_q2_5c,DynamicNuclearNet,val,DynamicNuclearNet\tif_data\val\out\HeLa-S3_nuc_pos6_q2_5c\HeLa-S3_nuc_pos6_q2_5c_trackmate.xml,40,0,,,67308,67369,5,7,5.0,7.0,3,3,death,seq0057_HeLa-S3_nuc_pos6_q2_5c:cell40,False
seq0057_HeLa-S3_nuc_pos6_q2_5c,HeLa-S3_nuc_pos6_q2_5c,DynamicNuclearNet,val,DynamicNuclearNet\tif_data\val\out\HeLa-S3_nuc_pos6_q2_5c\HeLa-S3_nuc_pos6_q2_5c_trackmate.xml,41,0,,,67402,68685,8,41,8.0,41.0,34,34,death,seq0057_HeLa-S3_nuc_pos6_q2_5c:cell41,False
seq0057_HeLa-S3_nuc_pos6_q2_5c,HeLa-S3_nuc_pos6_q2_5c,DynamicNuclearNet,val,DynamicNuclearNet\tif_data\val\out\HeLa-S3_nuc_pos6_q2_5c\HeLa-S3_nuc_pos6_q2_5c_trackmate.xml,42,0,,,68759,68759,10,10,10.0,10.0,1,1,death,seq0057_HeLa-S3_nuc_pos6_q2_5c:cell42,False
seq0057_HeLa-S3_nuc_pos6_q2_5c,HeLa-S3_nuc_pos6_q2_5c,DynamicNuclearNet,val,DynamicNuclearNet\tif_data\val\out\HeLa-S3_nuc_pos6_q2_5c\HeLa-S3_nuc_pos6_q2_5c_trackmate.xml,43,0,,,67910,67910,15,15,15.0,15.0,1,1,death,seq0057_HeLa-S3_nuc_pos6_q2_5c:cell43,False
seq0057_HeLa-S3_nuc_pos6_q2_5c,HeLa-S3_nuc_pos6_q2_5c,DynamicNuclearNet,val,DynamicNuclearNet\tif_data\val\out\HeLa-S3_nuc_pos6_q2_5c\HeLa-S3_nuc_pos6_q2_5c_trackmate.xml,44,0,,,67869,67869,16,16,16.0,16.0,1,1,death,seq0057_HeLa-S3_nuc_pos6_q2_5c:cell44,False
seq0057_HeLa-S3_nuc_pos6_q2_5c,HeLa-S3_nuc_pos6_q2_5c,DynamicNuclearNet,val,DynamicNuclearNet\tif_data\val\out\HeLa-S3_nuc_pos6_q2_5c\HeLa-S3_nuc_pos6_q2_5c_trackmate.xml,45,0,,,67994,67994,20,20,20.0,20.0,1,1,death,seq0057_HeLa-S3_nuc_pos6_q2_5c:cell45,False
seq0057_HeLa-S3_nuc_pos6_q2_5c,HeLa-S3_nuc_pos6_q2_5c,DynamicNuclearNet,val,DynamicNuclearNet\tif_data\val\out\HeLa-S3_nuc_pos6_q2_5c\HeLa-S3_nuc_pos6_q2_5c_trackmate.xml,46,0,,,67974,68575,21,41,21.0,41.0,21,21,death,seq0057_HeLa-S3_nuc_pos6_q2_5c:cell46,False
seq0057_HeLa-S3_nuc_pos6_q2_5c,HeLa-S3_nuc_pos6_q2_5c,DynamicNuclearNet,val,DynamicNuclearNet\tif_data\val\out\HeLa-S3_nuc_pos6_q2_5c\HeLa-S3_nuc_pos6_q2_5c_trackmate.xml,47,0,,,67976,67976,21,21,21.0,21.0,1,1,death,seq0057_HeLa-S3_nuc_pos6_q2_5c:cell47,False
seq0057_HeLa-S3_nuc_pos6_q2_5c,HeLa-S3_nuc_pos6_q2_5c,DynamicNuclearNet,val,DynamicNuclearNet\tif_data\val\out\HeLa-S3_nuc_pos6_q2_5c\HeLa-S3_nuc_pos6_q2_5c_trackmate.xml,48,0,,,68006,68006,21,21,21.0,21.0,1,1,death,seq0057_HeLa-S3_nuc_pos6_q2_5c:cell48,False
seq0057_HeLa-S3_nuc_pos6_q2_5c,HeLa-S3_nuc_pos6_q2_5c,DynamicNuclearNet,val,DynamicNuclearNet\tif_data\val\out\HeLa-S3_nuc_pos6_q2_5c\HeLa-S3_nuc_pos6_q2_5c_trackmate.xml,49,0,,,68040,68140,21,23,21.0,23.0,3,3,death,seq0057_HeLa-S3_nuc_pos6_q2_5c:cell49,False
seq0057_HeLa-S3_nuc_pos6_q2_5c,HeLa-S3_nuc_pos6_q2_5c,DynamicNuclearNet,val,DynamicNuclearNet\tif_data\val\out\HeLa-S3_nuc_pos6_q2_5c\HeLa-S3_nuc_pos6_q2_5c_trackmate.xml,50,0,,,68032,68646,22,41,22.0,41.0,20,20,death,seq0057_HeLa-S3_nuc_pos6_q2_5c:cell50,False
seq0057_HeLa-S3_nuc_pos6_q2_5c,HeLa-S3_nuc_pos6_q2_5c,DynamicNuclearNet,val,DynamicNuclearNet\tif_data\val\out\HeLa-S3_nuc_pos6_q2_5c\HeLa-S3_nuc_pos6_q2_5c_trackmate.xml,51,0,,,68161,68161,24,24,24.0,24.0,1,1,death,seq0057_HeLa-S3_nuc_pos6_q2_5c:cell51,False
seq0057_HeLa-S3_nuc_pos6_q2_5c,HeLa-S3_nuc_pos6_q2_5c,DynamicNuclearNet,val,DynamicNuclearNet\tif_data\val\out\HeLa-S3_nuc_pos6_q2_5c\HeLa-S3_nuc_pos6_q2_5c_trackmate.xml,52,0,,,68194,68651,26,41,26.0,41.0,16,16,death,seq0057_HeLa-S3_nuc_pos6_q2_5c:cell52,False
seq0057_HeLa-S3_nuc_pos6_q2_5c,HeLa-S3_nuc_pos6_q2_5c,DynamicNuclearNet,val,DynamicNuclearNet\tif_data\val\out\HeLa-S3_nuc_pos6_q2_5c\HeLa-S3_nuc_pos6_q2_5c_trackmate.xml,53,0,,,68197,68197,26,26,26.0,26.0,1,1,death,seq0057_HeLa-S3_nuc_pos6_q2_5c:cell53,False
seq0057_HeLa-S3_nuc_pos6_q2_5c,HeLa-S3_nuc_pos6_q2_5c,DynamicNuclearNet,val,DynamicNuclearNet\tif_data\val\out\HeLa-S3_nuc_pos6_q2_5c\HeLa-S3_nuc_pos6_q2_5c_trackmate.xml,54,0,,,68273,68273,26,26,26.0,26.0,1,1,death,seq0057_HeLa-S3_nuc_pos6_q2_5c:cell54,False
seq0057_HeLa-S3_nuc_pos6_q2_5c,HeLa-S3_nuc_pos6_q2_5c,DynamicNuclearNet,val,DynamicNuclearNet\tif_data\val\out\HeLa-S3_nuc_pos6_q2_5c\HeLa-S3_nuc_pos6_q2_5c_trackmate.xml,55,0,,,68278,68309,27,28,27.0,28.0,2,2,death,seq0057_HeLa-S3_nuc_pos6_q2_5c:cell55,False
seq0057_HeLa-S3_nuc_pos6_q2_5c,HeLa-S3_nuc_pos6_q2_5c,DynamicNuclearNet,val,DynamicNuclearNet\tif_data\val\out\HeLa-S3_nuc_pos6_q2_5c\HeLa-S3_nuc_pos6_q2_5c_trackmate.xml,56,0,,,68281,68722,27,41,27.0,41.0,15,15,death,seq0057_HeLa-S3_nuc_pos6_q2_5c:cell56,False
seq0057_HeLa-S3_nuc_pos6_q2_5c,HeLa-S3_nuc_pos6_q2_5c,DynamicNuclearNet,val,DynamicNuclearNet\tif_data\val\out\HeLa-S3_nuc_pos6_q2_5c\HeLa-S3_nuc_pos6_q2_5c_trackmate.xml,57,0,,,68263,68245,28,29,28.0,29.0,2,2,death,seq0057_HeLa-S3_nuc_pos6_q2_5c:cell57,False
seq0057_HeLa-S3_nuc_pos6_q2_5c,HeLa-S3_nuc_pos6_q2_5c,DynamicNuclearNet,val,DynamicNuclearNet\tif_data\val\out\HeLa-S3_nuc_pos6_q2_5c\HeLa-S3_nuc_pos6_q2_5c_trackmate.xml,58,0,,,68266,68674,28,41,28.0,41.0,14,14,death,seq0057_HeLa-S3_nuc_pos6_q2_5c:cell58,False
seq0057_HeLa-S3_nuc_pos6_q2_5c,HeLa-S3_nuc_pos6_q2_5c,DynamicNuclearNet,val,DynamicNuclearNet\tif_data\val\out\HeLa-S3_nuc_pos6_q2_5c\HeLa-S3_nuc_pos6_q2_5c_trackmate.xml,59,0,,,68321,68321,28,28,28.0,28.0,1,1,death,seq0057_HeLa-S3_nuc_pos6_q2_5c:cell59,False
seq0057_HeLa-S3_nuc_pos6_q2_5c,HeLa-S3_nuc_pos6_q2_5c,DynamicNuclearNet,val,DynamicNuclearNet\tif_data\val\out\HeLa-S3_nuc_pos6_q2_5c\HeLa-S3_nuc_pos6_q2_5c_trackmate.xml,60,0,,,68327,68372,28,30,28.0,30.0,3,3,death,seq0057_HeLa-S3_nuc_pos6_q2_5c:cell60,False
seq0057_HeLa-S3_nuc_pos6_q2_5c,HeLa-S3_nuc_pos6_q2_5c,DynamicNuclearNet,val,DynamicNuclearNet\tif_data\val\out\HeLa-S3_nuc_pos6_q2_5c\HeLa-S3_nuc_pos6_q2_5c_trackmate.xml,61,0,,,68282,68690,29,41,29.0,41.0,13,13,death,seq0057_HeLa-S3_nuc_pos6_q2_5c:cell61,False
seq0057_HeLa-S3_nuc_pos6_q2_5c,HeLa-S3_nuc_pos6_q2_5c,DynamicNuclearNet,val,DynamicNuclearNet\tif_data\val\out\HeLa-S3_nuc_pos6_q2_5c\HeLa-S3_nuc_pos6_q2_5c_trackmate.xml,62,0,,,68365,68365,30,30,30.0,30.0,1,1,death,seq0057_HeLa-S3_nuc_pos6_q2_5c:cell62,False
seq0057_HeLa-S3_nuc_pos6_q2_5c,HeLa-S3_nuc_pos6_q2_5c,DynamicNuclearNet,val,DynamicNuclearNet\tif_data\val\out\HeLa-S3_nuc_pos6_q2_5c\HeLa-S3_nuc_pos6_q2_5c_trackmate.xml,63,0,,,68377,68377,32,32,32.0,32.0,1,1,death,seq0057_HeLa-S3_nuc_pos6_q2_5c:cell63,False
seq0057_HeLa-S3_nuc_pos6_q2_5c,HeLa-S3_nuc_pos6_q2_5c,DynamicNuclearNet,val,DynamicNuclearNet\tif_data\val\out\HeLa-S3_nuc_pos6_q2_5c\HeLa-S3_nuc_pos6_q2_5c_trackmate.xml,64,0,,,68401,68656,32,41,32.0,41.0,10,10,death,seq0057_HeLa-S3_nuc_pos6_q2_5c:cell64,False
seq0057_HeLa-S3_nuc_pos6_q2_5c,HeLa-S3_nuc_pos6_q2_5c,DynamicNuclearNet,val,DynamicNuclearNet\tif_data\val\out\HeLa-S3_nuc_pos6_q2_5c\HeLa-S3_nuc_pos6_q2_5c_trackmate.xml,65,0,,,68460,68536,33,34,33.0,34.0,2,2,death,seq0057_HeLa-S3_nuc_pos6_q2_5c:cell65,False
seq0057_HeLa-S3_nuc_pos6_q2_5c,HeLa-S3_nuc_pos6_q2_5c,DynamicNuclearNet,val,DynamicNuclearNet\tif_data\val\out\HeLa-S3_nuc_pos6_q2_5c\HeLa-S3_nuc_pos6_q2_5c_trackmate.xml,66,0,,,68465,68465,35,35,35.0,35.0,1,1,death,seq0057_HeLa-S3_nuc_pos6_q2_5c:cell66,False
seq0057_HeLa-S3_nuc_pos6_q2_5c,HeLa-S3_nuc_pos6_q2_5c,DynamicNuclearNet,val,DynamicNuclearNet\tif_data\val\out\HeLa-S3_nuc_pos6_q2_5c\HeLa-S3_nuc_pos6_q2_5c_trackmate.xml,67,0,,,68595,68595,36,36,36.0,36.0,1,1,death,seq0057_HeLa-S3_nuc_pos6_q2_5c:cell67,False
seq0057_HeLa-S3_nuc_pos6_q2_5c,HeLa-S3_nuc_pos6_q2_5c,DynamicNuclearNet,val,DynamicNuclearNet\tif_data\val\out\HeLa-S3_nuc_pos6_q2_5c\HeLa-S3_nuc_pos6_q2_5c_trackmate.xml,68,0,,,68567,68567,37,37,37.0,37.0,1,1,death,seq0057_HeLa-S3_nuc_pos6_q2_5c:cell68,False
seq0057_HeLa-S3_nuc_pos6_q2_5c,HeLa-S3_nuc_pos6_q2_5c,DynamicNuclearNet,val,DynamicNuclearNet\tif_data\val\out\HeLa-S3_nuc_pos6_q2_5c\HeLa-S3_nuc_pos6_q2_5c_trackmate.xml,69,0,,,68723,68723,37,37,37.0,37.0,1,1,death,seq0057_HeLa-S3_nuc_pos6_q2_5c:cell69,False
seq0057_HeLa-S3_nuc_pos6_q2_5c,HeLa-S3_nuc_pos6_q2_5c,DynamicNuclearNet,val,DynamicNuclearNet\tif_data\val\out\HeLa-S3_nuc_pos6_q2_5c\HeLa-S3_nuc_pos6_q2_5c_trackmate.xml,70,0,,,68731,68731,37,37,37.0,37.0,1,1,death,seq0057_HeLa-S3_nuc_pos6_q2_5c:cell70,False
seq0057_HeLa-S3_nuc_pos6_q2_5c,HeLa-S3_nuc_pos6_q2_5c,DynamicNuclearNet,val,DynamicNuclearNet\tif_data\val\out\HeLa-S3_nuc_pos6_q2_5c\HeLa-S3_nuc_pos6_q2_5c_trackmate.xml,71,0,,,68563,68578,39,41,39.0,41.0,3,3,death,seq0057_HeLa-S3_nuc_pos6_q2_5c:cell71,False
seq0057_HeLa-S3_nuc_pos6_q2_5c,HeLa-S3_nuc_pos6_q2_5c,DynamicNuclearNet,val,DynamicNuclearNet\tif_data\val\out\HeLa-S3_nuc_pos6_q2_5c\HeLa-S3_nuc_pos6_q2_5c_trackmate.xml,72,0,,,68679,68751,39,40,39.0,40.0,2,2,death,seq0057_HeLa-S3_nuc_pos6_q2_5c:cell72,False
seq0057_HeLa-S3_nuc_pos6_q2_5c,HeLa-S3_nuc_pos6_q2_5c,DynamicNuclearNet,val,DynamicNuclearNet\tif_data\val\out\HeLa-S3_nuc_pos6_q2_5c\HeLa-S3_nuc_pos6_q2_5c_trackmate.xml,73,0,,,68692,68755,39,40,39.0,40.0,2,2,death,seq0057_HeLa-S3_nuc_pos6_q2_5c:cell73,False
