LABEL,TRACK_ID,SPOT_SOURCE_ID,SPOT_TARGET_ID,LINK_COST,DIRECTIONAL_CHANGE_RATE,SPEED,DISPLACEMENT,EDGE_TIME,EDGE_X_LOCATION,EDGE_Y_LOCATION,EDGE_Z_LOCATION,MANUAL_EDGE_COLOR
Label,Track ID,Source spot ID,Target spot ID,Edge cost,Directional change rate,Speed,Displacement,Edge time,Edge X,Edge Y,Edge Z,Manual edge color
Label,Track ID,Source ID,Target ID,Cost,γ rate,Speed,Disp.,Edge T,Edge X,Edge Y,Edge Z,Edge color
,,,,(cost),(rad/frames),(pixels/frames),(pixels),(frames),(pixels),(pixels),(pixels),
ID11086 → ID11135,0,11086,11135,0.07316432104371806,3.042903583120255,0.7223189884083856,0.7223189884083856,22.5,265.9552765805417,217.218180939567,0.0,
ID11137 → ID11219,0,11137,11219,0.06697753285285613,0.46236840797221906,0.37785802849571876,0.37785802849571876,25.5,267.6777171299939,216.86280760993094,0.0,
ID11056 → ID10729,0,11056,10729,0.0801806564309937,3.049837780122245,0.541116813277755,0.541116813277755,6.5,259.35471617584295,207.96114325308378,0.0,
ID11228 → ID11137,0,11228,11137,0.13582183186950636,1.475473503524113,1.1173622314893459,1.1173622314893459,24.5,267.2136780798461,217.42974908129207,0.0,
ID11298 → ID11086,0,11298,11086,0.23595874172108688,2.8007472255669152,2.8868595538950292,2.8868595538950292,21.5,265.24152885180365,216.4015131215694,0.0,
ID11393 → ID11411,0,11393,11411,0.1420677738522621,2.125434958748242,1.630638767098559,1.630638767098559,31.5,268.1387717347591,216.37231987256826,0.0,
ID11527 → ID11637,0,11527,11637,0.0668946791290379,1.3289337952598632,0.5003279822696574,0.5003279822696574,37.5,266.1624056610061,211.42371448348248,0.0,
ID10969 → ID10947,0,10969,10947,0.043338166586105564,1.1378553401868945,0.23672894470904216,0.23672894470904216,16.5,262.9522051951251,213.96990713056204,0.0,
ID11628 → ID11690,0,11628,11690,0.11771680774679127,0.44226141831663673,1.0824642344440991,1.0824642344440991,39.5,265.78425899394944,210.41598766939677,0.0,
ID10939 → ID10865,0,10939,10865,0.16818016709045647,0.7152525876441301,1.9433715528884041,1.9433715528884041,11.5,262.16364995370884,211.08591473928294,0.0,
ID10803 → ID10939,0,10803,10939,0.08828181164631366,1.2835513283619369,0.7842946921845088,0.7842946921845088,10.5,261.77988333970507,209.85060212699403,0.0,
ID11219 → ID11230,0,11219,11230,0.14142039300635212,0.6294104959903585,1.714927175450835,1.714927175450835,26.5,267.4948481532949,215.86310270150835,0.0,
ID11411 → ID11496,0,11411,11496,0.12704174228675136,2.335240090751968,1.1146285062047045,1.1146285062047045,32.5,267.68030657996667,216.00332558667262,0.0,
ID11287 → ID11333,0,11287,11333,0.09674329501913059,1.8701813316460003,0.9338686558948559,0.9338686558948559,28.5,266.8224556483587,215.75397401918474,0.0,
ID11637 → ID11628,0,11637,11628,0.08340013821699876,2.9040625083429767,0.816364614691171,0.816364614691171,38.5,266.0292924111957,211.3097633516811,0.0,
ID11690 → ID11680,0,11690,11680,0.0783330117692429,1.4955906297892703,0.5599244795383514,0.5599244795383514,40.5,265.462154781265,209.87716536253407,0.0,
ID10902 → ID10969,0,10902,10969,0.10198604401502953,3.0071597758907904,1.2472219848869621,1.2472219848869621,15.5,262.9613388196698,214.65163512876467,0.0,
ID10947 → ID11181,0,10947,11181,0.15617391304349693,3.105863485544475,1.3141574942891943,1.3141574942891943,17.5,263.4159381369294,214.24425016984785,0.0,
ID11181 → ID10990,0,11181,10990,0.05185933762296813,0.919633520919978,0.05290293013859653,0.05290293013859653,18.5,263.98170143029836,214.6095354572817,0.0,
ID11444 → ID11549,0,11444,11549,0.1399164896344749,0.8152364565946894,1.2678203810233626,1.2678203810233626,35.5,265.1560129191208,211.7649140552029,0.0,
ID10721 → ID10623,0,10721,10623,0.11855598669622114,2.089774113328579,0.6028422383944066,0.6028422383944066,1.5,257.0444486184355,206.6250502474087,0.0,
ID10623 → ID10695,0,10623,10695,0.2531477799867462,3.1230726229107124,2.296726904638755,2.296726904638755,2.5,257.41148086100696,205.86169098167176,0.0,
ID11361 → ID11393,0,11361,11393,0.10770659238625813,0.8277308840287151,0.9461634375174022,0.9461634375174022,30.5,267.81989153840993,216.98925337060234,0.0,
ID11230 → ID11287,0,11230,11287,0.11057369340320322,1.7441230084672537,0.8380931946214493,0.8380931946214493,27.5,266.87442252043115,215.2290836916664,0.0,
ID10865 → ID11567,0,10865,11567,0.1046328777065274,0.6077046489731995,1.0552682484653793,1.0552682484653793,12.5,262.57465001272203,212.46266971114437,0.0,
ID11567 → ID11154,0,11567,11154,0.12067288992609349,0.3519326692622055,1.486598254430779,1.486598254430779,13.5,262.6993561643954,213.70831961585884,0.0,
ID11154 → ID10902,0,11154,10902,0.07266502538850161,0.25600511497030554,0.8394443223012638,0.8394443223012638,14.5,262.87569584253106,214.84901571107673,0.0,
ID10695 → ID10829,0,10695,10829,0.08302526349241457,1.9389542794293135,0.5163840530864944,0.5163840530864944,3.5,258.08033513679186,205.01044615378066,0.0,
ID10706 → ID10803,0,10706,10803,0.19635291950637412,1.7204299867998754,1.6908580763180536,1.6908580763180536,9.5,261.12165320739297,209.06122467373277,0.0,
ID11477 → ID11444,0,11477,11444,0.12712816585918674,0.34365067237622027,1.6256715140592364,1.6256715140592364,34.5,265.10122950921016,213.0938885859856,0.0,
ID11333 → ID11361,0,11333,11361,0.06598004505953847,0.43430745161235357,0.7476361623656549,0.7476361623656549,29.5,267.26602005506305,216.44513655416102,0.0,
ID10708 → ID10706,0,10708,10706,0.08666336142787423,2.2393289413514266,0.6213243691373158,0.6213243691373158,8.5,260.2732172470978,208.9467247097844,0.0,
ID10646 → ID11056,0,10646,11056,0.1833355065849489,0.03748462248886046,2.252399472522278,2.252399472522278,5.5,259.0651898829268,207.1543842486788,0.0,
ID10729 → ID10708,0,10729,10708,0.1609582072950756,3.0560774094459195,1.7826524361524094,1.7826524361524094,7.5,259.69979270315093,208.47886647011853,0.0,
ID10990 → ID11029,0,10990,11029,0.14370877107257607,0.2976701279134642,1.6749005668173909,1.6749005668173909,19.5,264.3159126504895,215.4049477575088,0.0,
ID10810 → ID10721,0,10810,10721,0.19730975734692047,NaN,1.6100420846731116,1.6100420846731116,0.5,257.641660341956,207.00127636174534,0.0,
ID11496 → ID11477,0,11496,11477,0.2350936967632027,1.8190757448150965,3.2504972989140097,3.2504972989140097,33.5,266.3438126676897,215.15441287682916,0.0,
ID10829 → ID10646,0,10829,10646,0.1215628902209207,0.3500782226598414,0.9909284249608905,0.9909284249608905,4.5,258.456343063472,205.65161494751686,0.0,
ID11135 → ID11228,0,11135,11228,0.13073187212299653,2.8634224022249106,1.389041931434556,1.389041931434556,23.5,266.2838779768948,217.36796504200717,0.0,
ID11549 → ID11527,0,11549,11527,0.08139888494679148,1.027814232562656,0.6320229726937034,0.6320229726937034,36.5,265.7768801783999,211.19637249615164,0.0,
ID11029 → ID11298,0,11029,11298,0.09325048680214942,3.079414538033788,0.9455604730128387,0.9455604730128387,20.5,264.48753374732087,215.72907838092357,0.0,
ID10923 → ID11172,1,10923,11172,0.08626932466659887,0.41783830837515046,0.3266867193875521,0.3266867193875521,17.5,466.0072784388228,122.1366599451166,0.0,
ID11210 → ID11112,1,11210,11112,0.09499563572883685,2.390769887478438,0.6191665515440933,0.6191665515440933,24.5,466.040467555805,120.28525835887798,0.0,
ID10884 → ID10952,1,10884,10952,0.14075594321875162,1.8985673181348095,1.302099249966123,1.302099249966123,15.5,465.82403764822953,122.61429914033778,0.0,
ID10922 → ID10858,1,10922,10858,0.16465942744325368,0.18712823533275455,1.0807234568134059,1.0807234568134059,11.5,466.34464706949734,122.05673955120062,0.0,
ID10697 → ID10658,1,10697,10658,0.15657966533287104,2.3176983373493703,0.6158178198626294,0.6158178198626294,7.5,464.10531955171894,120.40811373618052,0.0,
ID10952 → ID10923,1,10952,10923,0.10241053162152325,2.5803837109284538,0.7041062759218029,0.7041062759218029,16.5,466.2231614741982,122.59397106561838,0.0,
ID11172 → ID10972,1,11172,10972,0.09961828507586723,0.8302622133728234,0.7682085585687037,0.7682085585687037,18.5,465.6620679396707,121.76288570637885,0.0,
ID11112 → ID11136,1,11112,11136,0.08760207869339276,0.5405266487852117,0.761848666058058,0.761848666058058,25.5,465.83844189153467,120.91957869844467,0.0,
ID11136 → ID11211,1,11136,11211,0.12668810289388632,2.7901677806377507,1.3573983969459715,1.3573983969459715,26.5,465.622407124574,120.64828496881762,0.0,
ID10656 → ID10811,1,10656,10811,0.3079099118703267,0.6234430223377798,2.0973411581044683,2.0973411581044683,3.5,463.52535421327366,124.74825776962322,0.0,
ID10664 → ID10789,1,10664,10789,0.138712922432766,1.3240214841827938,0.7577302967783129,0.7577302967783129,9.5,463.4933997102287,122.83138752097973,0.0,
ID11616 → ID11681,1,11616,11681,0.12534059945504084,0.06940345214209669,1.0995585490623223,1.0995585490623223,39.5,466.5005555039026,114.68775609293397,0.0,
ID11107 → ID11210,1,11107,11210,0.06669985067197615,0.9681824634411578,0.5588958921926654,0.5588958921926654,23.5,465.9439628960223,120.09002374507492,0.0,
ID10788 → ID10690,1,10788,10690,0.3763494436140098,NaN,2.92279144127132,2.92279144127132,0.5,462.27154471544713,124.47568344981696,0.0,
ID11147 → ID10884,1,11147,10884,0.09591245574509177,0.2371507599628351,0.2929279098760751,0.2929279098760751,14.5,465.3356100317693,122.2330385508309,0.0,
ID11399 → ID11481,1,11399,11481,0.13139972002451494,2.7894392489238573,1.4078022335255316,1.4078022335255316,32.5,465.6109732890669,117.66846243685708,0.0,
ID11211 → ID11275,1,11211,11275,0.0830078125,0.044813503969622095,0.8180988222676084,0.8180988222676084,27.5,465.2993794285746,119.6098762317649,0.0,
ID11509 → ID11625,1,11509,11625,0.05412692528057894,1.8696120229252735,0.5248432658151428,0.5248432658151428,37.5,466.25339833806413,116.53705094033884,0.0,
ID10658 → ID10664,1,10658,10664,0.4444444444444444,1.552932722140978,2.400582851226959,2.400582851226959,8.5,464.1382317801673,121.65215053763441,0.0,
ID11286 → ID11078,1,11286,11078,0.08472172988303994,1.2914072933634593,0.8130279123672067,0.8130279123672067,21.5,465.55486391897875,121.38376825645088,0.0,
ID11535 → ID11509,1,11535,11509,0.13649764150943,0.9695061272786984,1.3009006294955452,1.3009006294955452,36.5,465.75675512082466,116.91757235601793,0.0,
ID11078 → ID11107,1,11078,11107,0.12923362996414223,1.0985086147013312,1.0012225885915216,1.0012225885915216,22.5,465.4805575480235,120.61207972797516,0.0,
ID10605 → ID10656,1,10605,10656,0.30830830830830835,2.8159847064562045,1.6668552513711943,1.6668552513711943,2.5,462.3898154081369,126.13534207203055,0.0,
ID11481 → ID11460,1,11481,11460,0.0974663670227307,3.045558953624386,0.8057802041756063,0.8057802041756063,33.5,465.77111735888764,117.92841424643895,0.0,
ID11275 → ID11327,1,11275,11327,0.08267046117240373,3.0144287462050334,0.554524932845054,0.554524932845054,28.5,465.22273546807395,119.49444221596856,0.0,
ID10789 → ID10922,1,10789,10922,0.38487525987527205,2.8966301432609876,2.791218677219131,2.791218677219131,10.5,464.4603487707261,122.47034972365161,0.0,
ID11550 → ID11147,1,11550,11147,0.1268803670395512,1.0019760030291873,0.8437543269691907,0.8437543269691907,13.5,465.7924805966728,121.90013904353333,0.0,
ID10858 → ID11550,1,10858,11550,0.11212905269826157,2.6273245212359404,0.810128085162566,0.810128085162566,12.5,466.51558410556413,121.84294235736022,0.0,
ID11460 → ID11432,1,11460,11432,0.06955243270155664,0.7577788004110776,0.6546633370672861,0.6546633370672861,34.5,465.3510858624599,117.39491262336935,0.0,
ID11625 → ID11616,1,11625,11616,0.11590856615100442,0.7483618357302362,1.1196855940777592,1.1196855940777592,38.5,466.23416388646194,115.76423863720467,0.0,
ID11050 → ID10697,1,11050,10697,0.3850641773628938,1.1471214761748274,2.57123511173726,2.57123511173726,6.5,464.42890430820216,121.45932868452545,0.0,
ID10811 → ID10612,1,10811,10612,0.23503325942350328,1.0720447408666558,0.22396104061648814,0.22396104061648814,4.5,464.0559953092935,123.77717034815419,0.0,
ID11022 → ID11286,1,11022,11286,0.0608322448218056,2.745761839454721,0.4092177910388214,0.4092177910388214,20.5,466.00547376192156,121.60724979931467,0.0,
ID11327 → ID11354,1,11327,11354,0.07010710808179166,2.839983926407574,0.5538746497303769,0.5538746497303769,29.5,465.30590062111804,119.4904702808888,0.0,
ID11432 → ID11535,1,11432,11535,0.07047330240329597,1.446965376677773,0.18124267894574334,0.18124267894574334,35.5,465.0932368663437,117.15784757800303,0.0,
ID11382 → ID11399,1,11382,11399,0.1485447289010079,0.18424470361171044,1.393485955391285,1.393485955391285,31.5,465.37146528994356,117.72214148572844,0.0,
ID10612 → ID11050,1,10612,11050,0.22012815680360875,0.8415579214012766,1.4769332449662187,1.4769332449662187,5.5,464.6095083811889,123.17576029972236,0.0,
ID10972 → ID11022,1,10972,11022,0.11689532042851147,2.522286810152899,0.8499736088241057,0.8499736088241057,19.5,465.7667694698464,121.53629789014406,0.0,
ID11681 → ID11670,1,11681,11670,0.09246987951806807,0.8866839774978259,0.9356783554600453,0.9356783554600453,40.5,466.3835702556295,113.77531489899533,0.0,
ID11354 → ID11382,1,11354,11382,0.09962680512738198,0.011906063196135406,0.8028241778457155,0.8028241778457155,30.5,465.377849002849,118.81595890257307,0.0,
ID10690 → ID10605,1,10690,10605,0.2030903629658517,0.6666655050527415,0.8238913246101198,0.8238913246101198,1.5,461.9415614658659,126.24845569309964,0.0,
ID10799 → ID10602,2,10799,10602,0.06162668972736818,0.08723342181011176,0.5247981443406662,0.5247981443406662,4.5,229.691423355501,22.842615313489098,0.0,
ID10899 → ID10854,2,10899,10854,0.06225797337499195,2.4179618550658146,0.5481784992600774,0.5481784992600774,11.5,229.05207349789816,24.20681842759346,0.0,
ID10602 → ID11046,2,10602,11046,0.0754813079352159,0.9285444143379216,0.7995360059839359,0.7995360059839359,5.5,229.6627059181032,23.43718388058718,0.0,
ID10597 → ID10631,2,10597,10631,0.06725361882397507,2.340304738025126,0.1997449375989135,0.1997449375989135,2.5,230.15822443046898,22.199220282706772,0.0,
ID10629 → ID10635,2,10629,10635,0.05063291139240511,0.6877207176207916,0.1339421317873276,0.1339421317873276,8.5,229.64783404935008,24.301256701182346,0.0,
ID10631 → ID10799,2,10631,10799,0.05893540009406795,2.759911593119544,0.6239084390719433,0.6239084390719433,3.5,230.044791246815,22.390519824612838,0.0,
ID10777 → ID10899,2,10777,10899,0.04251740758762712,1.7560652413154916,0.19081431225997997,0.19081431225997997,10.5,229.2209158546862,24.335370430360236,0.0,
ID10854 → ID10889,2,10854,10889,0.26363700184868744,2.7419496278924758,3.5554591474128605,3.5554591474128605,12.5,229.2780624217586,25.718987371898308,0.0,
ID10660 → ID10597,2,10660,10597,0.0829268292682902,2.5196575030578825,1.0412707426201773,1.0412707426201773,1.5,230.21562848326028,21.746028157962087,0.0,
ID10752 → ID10660,2,10752,10660,0.06491629126605303,NaN,0.45846902399654454,0.45846902399654454,0.5,230.1809859069894,21.387685556315574,0.0,
ID11046 → ID10662,2,11046,10662,0.04069802548155388,0.6490447948766455,0.2798611473065376,0.2798611473065376,6.5,229.73939727216685,23.94967151460766,0.0,
ID10662 → ID10629,2,10662,10629,0.058446552166113275,0.3236237387380972,0.1683246641999114,0.1683246641999114,7.5,229.69209929194346,24.165907123395026,0.0,
ID10635 → ID10777,2,10635,10777,0.055664445315562805,1.1612481560532162,0.39007370850881734,0.39007370850881734,9.5,229.41782550739595,24.296474028207776,0.0,
ID11494 → ID11456,3,11494,11456,0.06992637474900976,0.19603921805396549,0.6426029863809425,0.6426029863809425,34.5,200.82521796958707,469.1935599315974,0.0,
ID10993 → ID10965,3,10993,10965,0.10576923076923073,3.0335172079979733,1.2499624248813053,1.2499624248813053,16.5,202.46496668837838,458.98053193288723,0.0,
ID11651 → ID11640,3,11651,11640,0.050222246991083797,0.6108747323363237,0.48796570210438556,0.48796570210438556,38.5,198.62039489237418,468.9462589064749,0.0,
ID10747 → ID10746,3,10747,10746,0.07078630189401192,3.0434438854352734,0.699501881228459,0.699501881228459,8.5,201.83095397544315,460.9940226526787,0.0,
ID11301 → ID11339,3,11301,11339,0.0869475742140905,0.8358083428302387,1.051466181799263,1.051466181799263,28.5,200.0565575203592,463.528303284785,0.0,
ID11339 → ID11367,3,11339,11367,0.05293633994020186,0.363813122386309,0.5870037434710897,0.5870037434710897,29.5,200.665504012188,464.0575770762928,0.0,
ID10965 → ID11188,3,10965,11188,0.05312361421574496,0.3191460169486554,0.4609498314024633,0.4609498314024633,17.5,202.4675769728994,459.8274387457298,0.0,
ID11640 → ID11707,3,11640,11707,0.07709313710010035,2.0915967215692626,0.9036241673974811,0.9036241673974811,39.5,198.4596238180573,469.30419015982636,0.0,
ID10872 → ID11587,3,10872,11587,0.07809449433814919,0.9355192346683886,0.776237567960676,0.776237567960676,12.5,203.21107214484005,459.0920563844144,0.0,
ID11456 → ID11568,3,11456,11568,0.07497644715705709,3.1346190812555386,0.2199445201079638,0.2199445201079638,35.5,200.79570207131698,469.40282190819653,0.0,
ID11252 → ID11301,3,11252,11301,0.05212725182062883,2.5666216793996313,0.46875125764226055,0.46875125764226055,27.5,199.47337531175708,463.13272557757966,0.0,
ID11577 → ID11237,3,11577,11237,0.06374396028188445,0.42534870084309306,0.40027375966349926,0.40027375966349926,25.5,199.32498640481833,463.2042740172992,0.0,
ID10824 → ID10981,3,10824,10981,0.05648160432064353,0.9942500786419041,0.4824128300108091,0.4824128300108091,10.5,202.30557629227462,460.24169211627645,0.0,
ID10740 → ID10843,3,10740,10843,0.123895065739692,2.393946384643782,1.3617609940267603,1.3617609940267603,3.5,203.07683977179286,462.52026535862944,0.0,
ID11188 → ID11006,3,11188,11006,0.12134051050529227,0.4389106676783119,1.3072143227721735,1.3072143227721735,18.5,202.00928710698287,460.5643340689955,0.0,
ID11517 → ID11494,3,11517,11494,0.10025612879619461,0.23807076406000838,1.2809000574425546,1.2809000574425546,33.5,200.83777478343802,468.2359977680957,0.0,
ID11034 → ID11310,3,11034,11310,0.09063893016346791,0.2848581119067682,0.9959261233419655,0.9959261233419655,20.5,201.31640939846648,462.41762733382757,0.0,
ID11406 → ID11429,3,11406,11429,0.1019244476122595,0.6195022788414509,1.3872010039784954,1.3872010039784954,31.5,201.02713629535202,464.968532640679,0.0,
ID10756 → ID10666,3,10756,10666,0.09055727554179571,1.1046053938300562,0.9501448607692002,0.9501448607692002,1.5,203.77884833626908,462.6989047944545,0.0,
ID11429 → ID11517,3,11429,11517,0.15774647887323945,0.39423973815260166,1.9834365928661988,1.9834365928661988,32.5,200.98748971963346,466.6217704057967,0.0,
ID10764 → ID10747,3,10764,10747,0.04043545878693566,1.0653167371686458,0.14598634340706784,0.14598634340706784,7.5,201.8061225622344,461.27010958794864,0.0,
ID11568 → ID11542,3,11568,11542,0.07697690692792158,1.1532619043722279,0.9897119385225098,0.9897119385225098,36.5,200.39513130340305,469.0277816185301,0.0,
ID11245 → ID11577,3,11245,11577,0.08214280803553897,2.4020441825848127,1.0200772078623077,1.0200772078623077,24.5,199.2369684311613,463.89594648050615,0.0,
ID10828 → ID10756,3,10828,10756,0.06839668234669294,NaN,0.5633854821174575,0.5633854821174575,0.5,204.21564678893102,462.2145945400617,0.0,
ID11310 → ID11106,3,11310,11106,0.14499709133218552,0.40992763885534494,1.5043266815562948,1.5043266815562948,21.5,200.5839364438139,463.3995826684468,0.0,
ID10693 → ID11067,3,10693,11067,0.056822470618912435,0.4476171760345223,0.5929342352010378,0.5929342352010378,5.5,202.8669007751274,460.90564133310056,0.0,
ID11707 → ID11695,3,11707,11695,0.14201383032551862,1.8579629568698377,1.5765029338334622,1.5765029338334622,40.5,199.24097945937586,469.4191408941957,0.0,
ID11574 → ID11245,3,11574,11245,0.06881114002064537,0.7408593251896776,0.6162401268620363,0.6162401268620363,23.5,199.44240340424628,464.17997617305423,0.0,
ID10666 → ID10740,3,10666,10740,0.06264215054940803,0.33517004898114244,0.4265616835258578,0.4265616835258578,2.5,203.19697031504958,463.0510010041421,0.0,
ID11587 → ID11162,3,11587,11162,0.06373083744988772,1.899759265043406,0.1783311960958193,0.1783311960958193,13.5,203.55626184673707,458.9614023786556,0.0,
ID11162 → ID10914,3,11162,10914,0.09887144259076175,0.9166937108050085,1.0634721429657115,1.0634721429657115,14.5,202.99490278843695,458.77901307479533,0.0,
ID10746 → ID10824,3,10746,10824,0.051374725700278345,1.1189360294170472,0.43975616413253715,0.43975616413253715,9.5,202.05682219100657,460.56180384812,0.0,
ID11106 → ID11574,3,11106,11574,0.05780615013689583,0.6846487082950073,0.3919696465198534,0.3919696465198534,22.5,199.84716091221654,463.9378254755054,0.0,
ID10981 → ID10872,3,10981,10872,0.09688801701843386,0.3155322831963042,0.9843986651467438,0.9843986651467438,11.5,202.58854045683313,459.57379016647303,0.0,
ID11006 → ID11034,3,11006,11034,0.07800934522932235,0.5606606849413447,0.8861454382104709,0.8861454382104709,19.5,201.5555469822586,461.517305643358,0.0,
ID11067 → ID10764,3,11067,10764,0.10483441825125339,1.5428061755000844,1.0536441702039394,1.0536441702039394,6.5,202.25555419131055,460.9264206826894,0.0,
ID11542 → ID11651,3,11542,11651,0.10973327094055807,0.8058553392783582,1.1631479430114329,1.1631479430114329,37.5,199.41281189795097,468.8983495742931,0.0,
ID11237 → ID11252,3,11237,11252,0.0378912076127792,2.56945030960515,0.20132648664376823,0.20132648664376823,26.5,199.32400489807733,463.0765596424646,0.0,
ID11367 → ID11406,3,11367,11406,0.017712294885771196,1.500329396363375,0.10520699412349974,0.10520699412349974,30.5,200.90461460361328,464.2417256872533,0.0,
ID10843 → ID10693,3,10843,10693,0.06733036416037219,0.16725979725520562,0.6895085165148612,0.6895085165148612,4.5,203.06762412567366,461.4978710760057,0.0,
ID10914 → ID10993,3,10914,10993,0.04399742232222181,1.1801764871388971,0.32477445318163073,0.32477445318163073,15.5,202.44141153289007,458.51725812749044,0.0,
ID11232 → ID11140,4,11232,11140,0.05399097557181898,2.1230335107900604,0.5000524608547072,0.5000524608547072,24.5,213.6198773178143,271.2458517091394,0.0,
ID11571 → ID11155,4,11571,11155,0.05052667637238184,0.5897568899195543,0.4078645726703767,0.4078645726703767,13.5,214.44926970485585,270.07697418413386,0.0,
ID11300 → ID11089,4,11300,11089,0.05596355229158845,1.4384652837203684,0.6189960502267999,0.6189960502267999,21.5,214.35198706674484,270.98724212940755,0.0,
ID11290 → ID11334,4,11290,11334,0.050524810163862455,2.1290787840892955,0.4169617089034114,0.4169617089034114,28.5,213.4844171574989,271.7814996410864,0.0,
ID10944 → ID10866,4,10944,10866,0.04569259507437351,1.0807927372482748,0.2527557471259306,0.2527557471259306,11.5,214.040291321212,269.62965295723006,0.0,
ID10905 → ID10971,4,10905,10971,0.05840934785078111,2.360131929488542,0.30142017435135027,0.30142017435135027,15.5,214.57013810115416,270.6327724661949,0.0,
ID11362 → ID11395,4,11362,11395,0.058518005540171614,0.4486949191405376,0.5169747896719923,0.5169747896719923,30.5,213.34430431834653,271.09032568796613,0.0,
ID10994 → ID11030,4,10994,11030,0.08674741944975406,1.3735615547720563,0.8306034843681173,0.8306034843681173,19.5,213.815157710155,270.9570160414494,0.0,
ID11530 → ID11639,4,11530,11639,0.013343597639203675,1.0611591960890985,0.07389692652926655,0.07389692652926655,37.5,212.1820872029649,269.7660950512318,0.0,
ID10628 → ID10707,4,10628,10707,0.03907662848834881,0.5724662762033352,0.21404762233964345,0.21404762233964345,2.5,214.9206410529397,264.27637648679706,0.0,
ID11639 → ID11630,4,11639,11630,0.0800845307821384,2.699258701956105,0.6461958924722487,0.6461958924722487,38.5,211.91071830739764,269.86875170036774,0.0,
ID10866 → ID11571,4,10866,11571,0.05280183658560411,1.905313523414709,0.4780810359478332,0.4780810359478332,12.5,214.26104002137,269.6970728260542,0.0,
ID10719 → ID10809,4,10719,10809,0.10590688761132538,0.556259371039944,1.181651068257258,1.181651068257258,9.5,214.53782303823186,269.9314606362848,0.0,
ID10727 → ID10628,4,10727,10628,0.03495459807791235,1.2836466523430299,0.3135417055887119,0.3135417055887119,1.5,214.84827968123423,264.03347429964924,0.0,
ID10718 → ID10719,4,10718,10719,0.10267561189042906,0.21782469806517138,1.0835668891390098,1.0835668891390098,8.5,214.91716130375926,268.9104872210542,0.0,
ID10950 → ID11182,4,10950,11182,0.06356773937226856,0.9307447890561231,0.39733302789977937,0.39733302789977937,17.5,214.11686127337697,271.9605706367334,0.0,
ID11030 → ID11300,4,11030,11300,0.04730814562674779,0.630722965110958,0.15787231670071294,0.15787231670071294,20.5,214.21430506270826,270.6880588988913,0.0,
ID11140 → ID11222,4,11140,11222,0.0713271264004961,1.2989499373076017,0.724764518723467,0.724764518723467,25.5,214.107928906799,271.3113992922803,0.0,
ID11478 → ID11446,4,11478,11446,0.0519847863752253,2.915525078974063,0.41435433290355855,0.41435433290355855,34.5,212.13110946382784,270.26065716213907,0.0,
ID10707 → ID10831,4,10707,10831,0.07846820255297915,0.4530256995258,0.7802510326814788,0.7802510326814788,3.5,215.05294563814243,264.746726886709,0.0,
ID11155 → ID10905,4,11155,10905,0.06125594446982108,0.40827611338346514,0.45694691020410555,0.45694691020410555,14.5,214.59723606468475,270.4737378294563,0.0,
ID11500 → ID11478,4,11500,11478,0.06736136595256537,0.5795968995079442,0.6721818219951006,0.6721818219951006,33.5,212.26012574171511,270.3199613892104,0.0,
ID11334 → ID11362,4,11334,11362,0.03812696650009251,0.2722039962122733,0.2511801975356372,0.2511801975356372,29.5,213.39584905660377,271.46238993710693,0.0,
ID10831 → ID10653,4,10831,10653,0.12234734876350617,0.4008175364244089,1.207332799007869,1.207332799007869,4.5,215.45241300676798,265.63594954117116,0.0,
ID11182 → ID10994,4,11182,10994,0.09692671394799057,1.6111545999252321,0.9535574766187153,0.9535574766187153,18.5,213.720277453872,271.64140887578026,0.0,
ID11222 → ID11233,4,11222,11233,0.046143917392682865,2.839231893488917,0.21880829388037862,0.21880829388037862,26.5,214.3597135871173,271.24659651786635,0.0,
ID11552 → ID11530,4,11552,11530,0.029082486166517985,0.051014194078984214,0.13307435373147847,0.13307435373147847,36.5,212.18068538324422,269.8565891265597,0.0,
ID10734 → ID10718,4,10734,10718,0.08532165216210585,0.3605725649899058,0.8384399570568027,0.8384399570568027,7.5,215.5622230321543,268.20572564129264,0.0,
ID10812 → ID10727,4,10812,10727,0.07273780462576729,NaN,0.6200183105795233,0.6200183105795233,0.5,214.53711766348488,263.8067803155444,0.0,
ID11058 → ID10734,4,11058,10734,0.07932936941110047,0.9633828703030503,0.8615365533392866,0.8615365533392866,6.5,216.08886948225393,267.55618866117163,0.0,
ID11233 → ID11290,4,11233,11290,0.08869754655324302,0.0469791397988956,1.0106868465575776,1.0106868465575776,27.5,213.897018740156,271.6512025685695,0.0,
ID10809 → ID10944,4,10809,10944,0.09131969681238461,2.4762797021404035,0.9292754213327064,0.9292754213327064,10.5,214.23191789560033,270.13006222128706,0.0,
ID10971 → ID10950,4,10971,10950,0.10599078341013823,1.7036713452802024,1.2699635480351084,1.2699635480351084,16.5,214.35586182943388,271.2282924441919,0.0,
ID11694 → ID11684,4,11694,11684,0.1527145359019264,0.8942506050637348,1.73475963338295,1.73475963338295,40.5,212.5614387815446,270.26854392601643,0.0,
ID11630 → ID11694,4,11630,11694,0.03738317757008647,3.076909173153711,0.17134919581844968,0.17134919581844968,39.5,211.6911598683701,269.9597446396506,0.0,
ID10653 → ID11058,4,10653,11058,0.10222642748178867,0.11910349429101036,1.1579682757066896,1.1579682757066896,5.5,216.0397197035444,266.66004959757976,0.0,
ID11138 → ID11232,4,11138,11232,0.03300657649832128,0.4345348616787926,0.19309099367149712,0.19309099367149712,23.5,213.5647771206773,271.0373525344214,0.0,
ID11415 → ID11500,4,11415,11500,0.07152263409577841,1.7053372005245182,0.5486907254149019,0.5486907254149019,32.5,212.83771498744488,270.22559023059523,0.0,
ID11089 → ID11138,4,11089,11138,0.07835455435845495,2.099603420138696,0.7948120172841568,0.7948120172841568,22.5,214.03586902894074,271.15953748282345,0.0,
ID11395 → ID11415,4,11395,11415,0.06984854404937124,0.35526039331710424,0.7799947152900765,0.7799947152900765,31.5,213.21358009785973,270.46514270900013,0.0,
ID11446 → ID11552,4,11446,11552,0.04837886669436986,1.842320253961203,0.3419994778479347,0.3419994778479347,35.5,212.27000654084725,270.076625290296,0.0,
ID11037 → ID11314,5,11037,11314,0.043174917134794266,2.1162228000615357,0.24836256144913152,0.24836256144913152,20.5,478.08888145606613,469.2091974800784,0.0,
ID11586 → ID11244,5,11586,11244,0.06245059288537547,0.12966301223420884,0.5045505067067833,0.5045505067067833,25.5,478.62519093443314,469.5745933096575,0.0,
ID10674 → ID10745,5,10674,10745,0.05923013639830066,0.7452024986971907,0.5768279523521211,0.5768279523521211,2.5,478.5190194906414,468.56750055670807,0.0,
ID10877 → ID11600,5,10877,11600,0.06104413432872813,2.8725051138621533,0.49704214479824416,0.49704214479824416,12.5,478.04131677303434,468.55744831349045,0.0,
ID11369 → ID11410,5,11369,11410,0.11093885884978338,2.670234490164984,1.0394028918993967,1.0394028918993967,30.5,478.65776866302076,470.4588602535031,0.0,
ID11251 → ID11586,5,11251,11586,0.07810814974577607,2.6727224157622187,0.8428867397761854,0.8428867397761854,24.5,478.20056779433037,469.0532422043674,0.0,
ID11709 → ID11698,5,11709,11698,0.07838679385158986,0.5636388193421237,0.8274497765998072,0.8274497765998072,40.5,479.2312887745746,471.6264441110278,0.0,
ID10999 → ID10975,5,10999,10975,0.0703125,3.0529011115451743,0.748083756647342,0.748083756647342,16.5,478.6148015686439,469.02200317951815,0.0,
ID10703 → ID11068,5,10703,11068,0.04753778773359085,2.9191805017154278,0.2732964402065418,0.2732964402065418,5.5,478.1595064167815,468.44001559169067,0.0,
ID11244 → ID11257,5,11244,11257,0.05227155905265435,0.3678221700520032,0.3839946093267162,0.3839946093267162,26.5,478.87403661521876,469.9337233711299,0.0,
ID11643 → ID11709,5,11643,11709,0.05410223357398125,1.1599502582583456,0.5233415737896278,0.5233415737896278,39.5,478.98366827990446,471.025318957846,0.0,
ID11068 → ID10769,5,11068,10769,0.05620640617594819,2.6943701657467525,0.5077055319280634,0.5077055319280634,6.5,478.027249202708,468.4954055465413,0.0,
ID11314 → ID11114,5,11314,11114,0.06711259339307163,0.24734195350803623,0.6930360241081805,0.6930360241081805,21.5,478.1487721792008,469.67325756666787,0.0,
ID10833 → ID10761,5,10833,10761,0.0848920409047863,NaN,0.8519335085337951,0.8519335085337951,0.5,478.70162243690197,467.605232098446,0.0,
ID10844 → ID10703,5,10844,10703,0.05525006765196894,1.4961415269938525,0.3415477530076357,0.3415477530076357,4.5,478.2033492822967,468.4202172096909,0.0,
ID11197 → ID11011,5,11197,11011,0.0471108797501153,2.634646851882792,0.47113823118099135,0.47113823118099135,18.5,478.25417884359183,469.2304234479083,0.0,
ID11304 → ID11341,5,11304,11341,0.04742230347352705,2.3020472213894325,0.43750886632441555,0.43750886632441555,28.5,478.2814120645289,470.4924404938638,0.0,
ID11341 → ID11369,5,11341,11369,0.0619195046439629,0.4850222498804841,0.438438669074516,0.438438669074516,29.5,478.5848413671024,470.7902488425926,0.0,
ID10761 → ID10674,5,10761,10674,0.04476571170399957,0.14100330184143522,0.33628336072403625,0.33628336072403625,1.5,478.7328051559607,468.197322318758,0.0,
ID11653 → ID11643,5,11653,11643,0.04591759160711972,2.059503800261748,0.35672627274445784,0.35672627274445784,38.5,478.8057158201778,470.6998985001675,0.0,
ID11169 → ID10924,5,11169,10924,0.061061469932183865,2.2246131928134263,0.6160606435059816,0.6160606435059816,14.5,478.41701412155953,468.66876132330674,0.0,
ID11410 → ID11433,5,11410,11433,0.054097887983826975,2.8597996015741383,0.4944497905141663,0.4944497905141663,31.5,478.7034155219528,470.1719891977905,0.0,
ID11011 → ID11037,5,11011,11037,0.009542743538767384,2.1038795705225013,0.048420041637610725,0.048420041637610725,19.5,478.0742357126013,469.09662195696046,0.0,
ID10758 → ID10771,5,10758,10771,0.046207081702672625,2.7867767464716353,0.23665773599571044,0.23665773599571044,8.5,477.85153833233664,468.33182213338057,0.0,
ID10771 → ID10834,5,10771,10834,0.04953935904963647,2.011620031273215,0.42365307940763125,0.42365307940763125,9.5,477.921726478613,468.5122548480315,0.0,
ID11582 → ID11251,5,11582,11251,0.048387547898097516,1.1766886894221276,0.3884238407520039,0.3884238407520039,23.5,478.1240076297854,468.80137093948383,0.0,
ID10769 → ID10758,5,10769,10758,0.05543690505241827,2.242752431819064,0.2808714824979005,0.2808714824979005,7.5,477.86398373321754,468.38085305612856,0.0,
ID11499 → ID11462,5,11499,11462,0.06922599206600111,1.8830323350158256,0.6595755888587134,0.6595755888587134,34.5,478.59391576250283,469.78331548377673,0.0,
ID11523 → ID11499,5,11523,11499,0.06204706457123388,1.2249897196970627,0.6391655936034826,0.6391655936034826,33.5,478.9589339499592,469.8969076022845,0.0,
ID11433 → ID11523,5,11433,11523,0.03393529379672178,1.8596705379029987,0.33210879932505943,0.33210879932505943,32.5,478.9231961515108,470.30237710983744,0.0,
ID11257 → ID11304,5,11257,11304,0.0703902065799541,1.6613364130335302,0.8969463635935275,0.8969463635935275,27.5,478.5206359028927,470.2460186891908,0.0,
ID11462 → ID11576,5,11462,11576,0.07433583643593267,1.6804947582111556,0.8245861628587559,0.8245861628587559,35.5,478.59948194305787,470.28225752910384,0.0,
ID11576 → ID11548,5,11576,11548,0.03217158176943702,1.883847609410263,0.372256078131118,0.372256078131118,36.5,478.9678561240265,470.4294443326521,0.0,
ID10924 → ID10999,5,10924,10999,0.053763871639739835,1.0918317959696022,0.4951081318936576,0.4951081318936576,15.5,478.7439208627403,469.01456868634136,0.0,
ID11548 → ID11653,5,11548,11653,0.05076142131975425,2.815686738015005,0.5598226894557846,0.5598226894557846,37.5,478.8505751369374,470.4523656426133,0.0,
ID10745 → ID10844,5,10745,10844,0.05199186508679532,2.526210262012276,0.31171610136173655,0.31171610136173655,3.5,478.3410379950129,468.6163489849682,0.0,
ID10991 → ID10877,5,10991,10877,0.048063017556839394,1.3599717108783447,0.31829230633005595,0.31829230633005595,11.5,478.09471198075937,468.468098357078,0.0,
ID10975 → ID11197,5,10975,11197,0.050894003607140026,2.2012373236345053,0.42912746480645747,0.42912746480645747,17.5,478.34930274447106,469.16634138022914,0.0,
ID11114 → ID11582,5,11114,11582,0.09585889570552142,2.875372288012335,1.127508170050096,1.127508170050096,22.5,478.25639475184414,469.4510583812794,0.0,
ID10834 → ID10991,5,10834,10991,0.008429926238165741,0.9739873751409032,0.025102958445206335,0.025102958445206335,10.5,478.1065940308969,468.6299003403278,0.0,
ID11600 → ID11169,5,11600,11169,0.04803038001767468,2.6220972081024487,0.5380012324670072,0.5380012324670072,13.5,478.1721009938832,468.58834464527536,0.0,
ID11079 → ID11111,6,11079,11111,0.07335640138408661,1.0112597103537153,0.7594179904144777,0.7594179904144777,22.5,172.8602682432964,133.36312039658202,0.0,
ID11618 → ID11683,6,11618,11683,0.06304510341390657,0.14363248638415688,0.5019774565605094,0.5019774565605094,39.5,171.8288044698242,135.49375786412776,0.0,
ID10618 → ID11051,6,10618,11051,0.07412523755530931,2.301637507777036,0.6353441134483447,0.6353441134483447,5.5,173.87605340628323,133.9707581189116,0.0,
ID10859 → ID11553,6,10859,11553,0.09397159742570227,0.6948816455161647,1.0544798585391437,1.0544798585391437,12.5,171.73167267431583,135.27169616901898,0.0,
ID11117 → ID11139,6,11117,11139,0.07675922698579107,1.4220187417820898,0.7369067256903518,0.7369067256903518,25.5,173.45731785408944,134.4477310507333,0.0,
ID10665 → ID10671,6,10665,10671,0.09358202379203673,2.3765876630456555,0.8834870743232494,0.8834870743232494,8.5,172.04203048532315,134.90970001091952,0.0,
ID11328 → ID11355,6,11328,11355,0.10900917774864205,1.9151062404842263,1.1478544984857608,1.1478544984857608,29.5,173.29944990519073,135.3013293399532,0.0,
ID10705 → ID10665,6,10705,10665,0.09638624047293864,0.7351331768390026,0.923738917798035,0.923738917798035,7.5,172.19631882667596,135.21018809233095,0.0,
ID10607 → ID10663,6,10607,10663,0.05013033888109086,3.0712633719259617,0.5984146578307731,0.5984146578307731,2.5,174.01037389524794,134.75327719602257,0.0,
ID10886 → ID10956,6,10886,10956,0.06612903225807021,1.5823548246871375,0.8102742590505785,0.8102742590505785,15.5,172.71233666183218,134.64863596471395,0.0,
ID10698 → ID10607,6,10698,10607,0.07473084230526317,0.31412456092579905,0.9032982048061925,0.9032982048061925,1.5,173.97989592548404,134.60169313844048,0.0,
ID11277 → ID11328,6,11277,11328,0.08631038666795698,2.8975206141013894,0.8026691608668708,0.8026691608668708,28.5,173.64951391837582,134.84044105303695,0.0,
ID11513 → ID11627,6,11513,11627,0.07914668662720847,2.405583306881317,0.8868138686773046,0.8868138686773046,37.5,172.7310317091972,134.8087806443994,0.0,
ID11051 → ID10705,6,11051,10705,0.12593000028948476,0.08435647476048716,1.409106759503095,1.409106759503095,6.5,173.16286009709046,134.70199570438507,0.0,
ID10974 → ID11023,6,10974,11023,0.1202158045065076,2.171258067228493,1.5010352040378598,1.5010352040378598,19.5,171.80157700255683,134.45744194599138,0.0,
ID10671 → ID10791,6,10671,10791,0.057825717940230614,2.950990095681714,0.39782456547577405,0.39782456547577405,9.5,172.18637364808066,134.70644005216084,0.0,
ID11463 → ID11434,6,11463,11434,0.08104250698107007,2.918271993657994,0.8064599871421606,0.8064599871421606,34.5,172.1464533543425,134.41213495431748,0.0,
ID11553 → ID11148,6,11553,11148,0.0498785291735917,2.9436684249705904,0.32692741444343704,0.32692741444343704,13.5,171.97964196336596,134.9992818531423,0.0,
ID11139 → ID11214,6,11139,11214,0.09207266661012403,2.178254765748903,0.7245025685346164,0.7245025685346164,26.5,173.50478701436575,134.78293666635125,0.0,
ID11148 → ID10886,6,11148,10886,0.0908004778972521,2.629289325699597,0.8915935403752026,0.8915935403752026,14.5,172.28556122257172,135.0688246580645,0.0,
ID10791 → ID10927,6,10791,10927,0.10526315789473872,0.14991919582188196,1.1856744348988992,1.1856744348988992,10.5,171.5940904286338,135.22933814803298,0.0,
ID10663 → ID10814,6,10663,10814,0.0490566777031175,0.6970112139282892,0.21828476639217512,0.21828476639217512,3.5,174.08361849924913,134.37097950458946,0.0,
ID11627 → ID11618,6,11627,11618,0.07476463327008165,1.1874978837706498,0.6265663852224344,0.6265663852224344,38.5,172.36524637874214,135.32342438290266,0.0,
ID10956 → ID10926,6,10956,10926,0.13085092434771917,1.5721095900512059,1.3356571025839539,1.3356571025839539,16.5,172.02651276546246,134.27572040808855,0.0,
ID11482 → ID11463,6,11482,11463,0.10427495491672922,1.2066554154123865,1.0507693939399494,1.0507693939399494,33.5,172.30588987182304,134.40729940103344,0.0,
ID11212 → ID11117,6,11212,11117,0.07401841067067438,1.4991875627842457,0.7753994013463408,0.7753994013463408,24.5,173.57077011527855,133.88599586098363,0.0,
ID10796 → ID10698,6,10796,10698,0.043609527004370485,NaN,0.40021999688299176,0.40021999688299176,0.5,174.0018250252008,133.95712816635776,0.0,
ID10926 → ID11174,6,10926,11174,0.07171209314633686,1.479544215206421,0.7209562951250379,0.7209562951250379,17.5,171.34371630227895,134.6676427697808,0.0,
ID11355 → ID11383,6,11355,11383,0.07523229734059778,1.6821128985071248,0.8734042972493538,0.8734042972493538,30.5,172.69509950541035,134.986405063733,0.0,
ID11434 → ID11537,6,11434,11537,0.0427556041552668,1.6318297778588897,0.13633488118005632,0.13633488118005632,35.5,172.4763257517818,134.64680970742074,0.0,
ID11383 → ID11402,6,11383,11402,0.04954160627072224,2.897606257858786,0.23819692995750358,0.23819692995750358,31.5,172.6920849734213,134.66400183993414,0.0,
ID11537 → ID11513,6,11537,11513,0.04633401440707463,0.1495436537994067,0.35310987717012726,0.35310987717012726,36.5,172.65718607180884,134.4827672138877,0.0,
ID11174 → ID10974,6,11174,10974,0.009600000000000053,0.33933773814828927,0.016486142583378532,0.016486142583378532,18.5,171.33039357595808,135.03566308243728,0.0,
ID11214 → ID11277,6,11214,11277,0.0723748904900694,2.6939551456302344,0.5722102303554389,0.5722102303554389,27.5,173.6431823343588,134.69886406651113,0.0,
ID11683 → ID11672,6,11683,11672,0.066305736358661,1.8067812681260602,0.7319595996597567,0.7319595996597567,40.5,171.8099966366243,135.88571505937213,0.0,
ID11023 → ID11288,6,11023,11288,0.07940833008952897,0.7608433320090754,0.9449281976327969,0.9449281976327969,20.5,172.22967740437238,133.40062605214706,0.0,
ID10814 → ID10618,6,10814,10618,0.06467326732674128,0.8305287190700207,0.5614377077965711,0.5614377077965711,4.5,174.1193201824692,134.00935713726412,0.0,
ID10927 → ID10859,6,10927,10859,0.029351814105189056,2.4308115353038935,0.1795834687767815,0.1795834687767815,11.5,171.25441580986603,135.63363487968275,0.0,
ID11111 → ID11212,6,11111,11212,0.04596876848880316,1.587979760344279,0.41571273262199115,0.41571273262199115,23.5,173.19843166395805,133.62829283446905,0.0,
ID11288 → ID11079,6,11288,11079,0.06338939197930504,1.8155316469661313,0.5296940455251763,0.5296940455251763,21.5,172.4505226674138,132.97172581562762,0.0,
ID11402 → ID11482,6,11402,11482,0.04975407293621037,2.599147766160927,0.08985353092259499,0.08985353092259499,32.5,172.74101946434473,134.73214180310174,0.0,
ID10779 → ID10901,7,10779,10901,0.06303590332159648,1.5399086448888684,0.4580518999706843,0.4580518999706843,10.5,140.66542903552693,39.37744732057702,0.0,
ID10921 → ID10876,7,10921,10876,0.1282051282051282,1.3417006733049344,1.1227353552747,1.1227353552747,14.5,140.01798606937191,40.17313926676261,0.0,
ID11268 → ID11323,7,11268,11323,0.15932592876292606,0.05850520671309796,1.5432224423472027,1.5432224423472027,28.5,134.35910355471873,38.73816005863339,0.0,
ID10667 → ID10599,7,10667,10599,0.1285065455516956,0.6434873349652257,1.3755387810540487,1.3755387810540487,1.5,143.3007317237906,39.320728283090794,0.0,
ID10604 → ID11047,7,10604,11047,0.0702289957591945,1.1871546112911875,0.5596008190555711,0.5596008190555711,5.5,141.7640205600485,38.07423984239112,0.0,
ID10642 → ID10779,7,10642,10779,0.06963087248322153,0.9066797871253457,0.8797309840647436,0.8797309840647436,9.5,141.07176756962576,39.08241201588338,0.0,
ID10901 → ID10855,7,10901,10855,0.08215767634854776,1.2875517613903695,0.8941544932855732,0.8941544932855732,11.5,140.28315282115813,39.781708973427506,0.0,
ID10855 → ID10890,7,10855,10890,0.10983855388436692,0.7792380472331726,0.9315222088706144,0.9315222088706144,12.5,139.69788035628494,40.390444911059234,0.0,
ID11525 → ID11498,7,11525,11498,0.08064733648010813,0.10093594662901037,0.9509858802722189,0.9509858802722189,36.5,130.20381462930243,39.238922206067244,0.0,
ID11098 → ID11120,7,11098,11120,0.059403451517508477,0.4707503116222069,0.2766050879196972,0.2766050879196972,25.5,135.07413236470285,37.58317976563616,0.0,
ID11498 → ID11617,7,11498,11617,0.04487885462554819,0.7021199180749574,0.2409177669225913,0.2409177669225913,37.5,129.6372048054566,39.322688599653965,0.0,
ID10768 → ID10667,7,10768,10667,0.13794364720369645,NaN,1.4324403634512382,1.4324403634512382,0.5,144.39726911807892,40.07687831885795,0.0,
ID11199 → ID11098,7,11199,11098,0.07290940214290154,0.3350031467347475,0.627826020138949,0.627826020138949,24.5,135.2670906200318,37.18591238297121,0.0,
ID10876 → ID10943,7,10876,10943,0.12131850984981474,0.037583762327521496,1.1414946674729265,1.1414946674729265,15.5,140.04596946284033,39.04157008830022,0.0,
ID11617 → ID11609,7,11617,11609,0.10686050432762362,0.5692014159211697,1.0679263801687289,1.0679263801687289,38.5,129.23343192540176,38.82776126898128,0.0,
ID11094 → ID11199,7,11094,11199,0.11068991660348748,2.417474058300252,1.2197789932069336,1.2197789932069336,23.5,135.72923614803358,36.399435019145976,0.0,
ID11278 → ID11071,7,11278,11071,0.06662278157608315,0.9457276575210658,0.7198416596850861,0.7198416596850861,21.5,136.5491429226061,37.20305156866275,0.0,
ID11451 → ID11423,7,11451,11423,0.0511508951406654,1.5505870394318022,0.19625538334947107,0.19625538334947107,34.5,131.53269179226027,38.651535185681524,0.0,
ID11166 → ID10963,7,11166,10963,0.15087538619979313,0.3045534273350413,1.402822356192226,1.402822356192226,18.5,138.4801221128539,36.8675456614551,0.0,
ID10670 → ID10633,7,10670,10633,0.04530954923859298,1.9749968211392117,0.2769705004520401,0.2769705004520401,7.5,141.75120103473762,38.85988368000563,0.0,
ID10963 → ID11018,7,10963,11018,0.06055171148770455,1.3341241201254375,0.3153198935628346,0.3153198935628346,19.5,138.0532897630727,36.24584985648749,0.0,
ID10943 → ID10911,7,10943,10911,0.10181672988620483,1.0736349723866017,1.0458622164600817,1.0458622164600817,16.5,139.59134640800528,38.218636717643726,0.0,
ID11071 → ID11094,7,11071,11094,0.12908124525436593,1.3293655883532274,1.2369772250380244,1.2369772250380244,22.5,136.14482965087177,36.52847831783407,0.0,
ID11047 → ID10670,7,11047,10670,0.08108705258506421,1.0488007070924548,0.69220829757804,0.69220829757804,6.5,141.92429276150204,38.59285360060554,0.0,
ID10636 → ID10802,7,10636,10802,0.1364365971107544,1.3942205416868259,1.1361404593532696,1.1361404593532696,3.5,141.2140687209341,38.71114122252334,0.0,
ID10599 → ID10636,7,10599,10636,0.10766300694600006,0.37259580295873723,1.2771310522836268,1.2771310522836268,2.5,142.00330328782997,39.195929429707945,0.0,
ID11350 → ID11378,7,11350,11378,0.10439717392546577,0.5882688059538077,1.1191222938330914,1.1191222938330914,30.5,132.44712394511498,39.30560977699854,0.0,
ID11470 → ID11451,7,11470,11451,0.06978723404255238,1.3385313318294263,0.5945521016824141,0.5945521016824141,33.5,131.70697541214565,38.38922566504534,0.0,
ID10890 → ID10921,7,10890,10921,0.0688325991189418,2.140754468607989,0.47851994712783924,0.47851994712783924,13.5,139.75831901051868,40.77808229778224,0.0,
ID11423 → ID11525,7,11423,11525,0.08355944258581127,1.8341858750008095,1.0046270072786787,1.0046270072786787,35.5,131.1261302173691,38.917973489358324,0.0,
ID11018 → ID11278,7,11018,11278,0.12732177862314098,0.6234576881413627,1.4024557615802575,1.4024557615802575,20.5,137.40100259799675,36.76605262441245,0.0,
ID10911 → ID11166,7,10911,11166,0.06412255134548805,0.3660069188107214,0.5917810889161755,0.5917810889161755,17.5,138.94228226281274,37.74042426267005,0.0,
ID11323 → ID11350,7,11323,11350,0.08472985654913501,1.05854948010745,1.1175741146663305,1.1175741146663305,29.5,133.4985064092342,39.50605362297775,0.0,
ID10633 → ID10642,7,10633,10642,0.0603711156660548,1.6290209950938033,0.262569419404634,0.262569419404634,8.5,141.5704095314918,38.900037173161735,0.0,
ID11392 → ID11470,7,11392,11470,0.05609440672486299,1.0948987033295972,0.19546722951915427,0.19546722951915427,32.5,132.0169836987849,38.26595709114385,0.0,
ID11673 → ID11663,7,11673,11663,0.09229565897536174,1.7696278368837792,0.8321108942413145,0.8321108942413145,40.5,128.08090020158986,38.292612585716036,0.0,
ID11609 → ID11673,7,11609,11673,0.08209823271171879,0.3927713922297086,0.8431937310224624,0.8431937310224624,39.5,128.59067298274422,38.145360032624666,0.0,
ID10802 → ID10604,7,10802,10604,0.08522106892596293,1.3430829115287362,0.5554998731407093,0.5554998731407093,4.5,141.3038971732849,38.03068683580162,0.0,
ID11201 → ID11268,7,11201,11268,0.06690816109098885,1.5585198374819262,0.44967547879662917,0.44967547879662917,27.5,134.764828623938,37.82837764183647,0.0,
ID11378 → ID11392,7,11378,11392,0.09042402381337966,1.2835613614026746,0.7332542009825861,0.7332542009825861,31.5,132.02246249909348,38.68639612037859,0.0,
ID11120 → ID11201,7,11120,11201,0.043559324374716546,1.242923915040731,0.12366589314603746,0.12366589314603746,26.5,134.92121920657272,37.65442752178487,0.0,
ID10732 → ID10634,8,10732,10634,0.05495978552279768,0.8773264153646156,0.46544591076338654,0.46544591076338654,1.5,236.48675944396948,282.698870840062,0.0,
ID10948 → ID10867,8,10948,10867,0.08137568331349909,0.33392970623558943,0.8840033987714614,0.8840033987714614,11.5,239.50377372887272,282.39057742083344,0.0,
ID10725 → ID10726,8,10725,10726,0.07234979553321297,0.36406368206479967,0.8370659034555924,0.8370659034555924,8.5,237.8544898501906,283.9426173802559,0.0,
ID10813 → ID10948,8,10813,10948,0.02457507385362334,0.015456536472228718,0.2114246203447346,0.2114246203447346,10.5,239.1537711313394,282.80570004334635,0.0,
ID11141 → ID11235,8,11141,11235,0.04547771706745696,1.0782174825729098,0.19454550664449782,0.19454550664449782,23.5,243.2590281032597,280.08217470771496,0.0,
ID11697 → ID11686,8,11697,11686,0.06208720157532421,2.6676892348579946,0.7003027809243609,0.7003027809243609,40.5,246.32030440630808,274.6659918881251,0.0,
ID10836 → ID10661,8,10836,10661,0.06995166120139207,1.6408332055608352,0.6700806775410731,0.6700806775410731,4.5,236.13243572633414,284.3414959807719,0.0,
ID10726 → ID10813,8,10726,10813,0.09035921491173582,0.4430671667947592,1.233475261740455,1.233475261740455,9.5,238.56304552033993,283.22158655951546,0.0,
ID11632 → ID11697,8,11632,11697,0.06521470760284087,1.5911039044690167,0.7566885884249501,0.7566885884249501,39.5,246.1484356396624,274.64464381748223,0.0,
ID10976 → ID10954,8,10976,10954,0.06296649999860926,1.016328052857596,0.5088794513978241,0.5088794513978241,16.5,241.75976715368682,281.831784465203,0.0,
ID11302 → ID11093,8,11302,11093,0.05686281447930175,1.1100435075408264,0.47016298167961823,0.47016298167961823,21.5,243.10492064349648,281.43961266015543,0.0,
ID11236 → ID11292,8,11236,11292,0.0790033396762787,0.29429897886306544,0.9708874256195388,0.9708874256195388,27.5,244.5332943930764,277.9458493053986,0.0,
ID10661 → ID11059,8,10661,11059,0.05137540765584925,0.3786064286850615,0.43315215902286053,0.43315215902286053,5.5,236.6310096429144,284.5546324927277,0.0,
ID11397 → ID11418,8,11397,11418,0.05353262854405516,0.575482698747825,0.5878516060418415,0.5878516060418415,31.5,244.99589028284257,277.29419804717736,0.0,
ID11059 → ID10741,8,11059,10741,0.0547713950762162,0.20763153890698446,0.48364369099940224,0.48364369099940224,6.5,237.08601364722247,284.5837919869269,0.0,
ID10998 → ID11031,8,10998,11031,0.03413363948814829,2.678657951500645,0.18408061094708264,0.18408061094708264,19.5,242.7634369350577,281.361771136226,0.0,
ID11183 → ID10998,8,11183,10998,0.04507490140163606,1.0020917494667854,0.22275869369881354,0.22275869369881354,18.5,242.722696194317,281.3913040735075,0.0,
ID11575 → ID11156,8,11575,11156,0.050155901087690746,1.4316258290103474,0.6237163909278113,0.6237163909278113,13.5,240.1185647103651,281.93580636859224,0.0,
ID11031 → ID11302,8,11031,11302,0.03283848417589086,1.88888903781153,0.10830857319452111,0.10830857319452111,20.5,242.84354082998664,281.40501102152973,0.0,
ID11156 → ID10908,8,11156,10908,0.06438183150640187,0.5990125941574286,0.7278306490473663,0.7278306490473663,14.5,240.718822646873,281.69739201674037,0.0,
ID11503 → ID11480,8,11503,11480,0.045904544954391335,0.6857348389738358,0.3940938146063949,0.3940938146063949,33.5,245.94377354075897,276.3872563119469,0.0,
ID10817 → ID10732,8,10817,10732,0.11493565742691769,NaN,1.0588596340538121,1.0588596340538121,0.5,236.1987964126372,282.0593023873148,0.0,
ID10954 → ID11183,8,10954,11183,0.08266137730711154,1.5308935324156645,0.9765435069338247,0.9765435069338247,17.5,242.31594113209326,281.7706987895315,0.0,
ID11480 → ID11448,8,11480,11448,0.07335847695210862,0.6889732456519873,0.808090969234148,0.808090969234148,34.5,246.296667784546,275.93953228368173,0.0,
ID10867 → ID11575,8,10867,11575,0.03502912466950836,1.6644158899765762,0.15271848086574158,0.15271848086574158,12.5,239.8234296415195,282.086100707449,0.0,
ID10634 → ID10714,8,10634,10714,0.0766469340593322,0.19098742449196002,1.0268839600890085,1.0268839600890085,2.5,236.2474854856732,283.4025503020074,0.0,
ID10714 → ID10836,8,10714,10836,0.048913316026026776,0.23495471798150203,0.35415213116463024,0.35415213116463024,3.5,235.95038801941996,284.0218662843432,0.0,
ID11556 → ID11534,8,11556,11534,0.08502561879984949,0.9358662911178505,0.9715543561817422,0.9715543561817422,36.5,246.29797625016823,274.98777703886276,0.0,
ID11226 → ID11236,8,11226,11236,0.0364550597108827,0.38434026157955403,0.3207638602603915,0.3207638602603915,26.5,244.15572067317711,278.463376201065,0.0,
ID10741 → ID10725,8,10741,10725,0.043695968901838134,0.6606093993268163,0.41878144539144807,0.41878144539144807,7.5,237.48856018540118,284.44151190642845,0.0,
ID11235 → ID11142,8,11235,11142,0.06635256988270088,1.6858468748597457,0.7147049317328703,0.7147049317328703,24.5,243.38122910339865,279.7441675226212,0.0,
ID11534 → ID11642,8,11534,11642,0.04810073378748947,2.6924391001080954,0.5711671196413973,0.5711671196413973,37.5,246.1687752691327,274.76215685107707,0.0,
ID11093 → ID11141,8,11093,11141,0.104172986090032,1.875959142491825,1.3837475012467593,1.3837475012467593,22.5,243.336259040563,280.820984155019,0.0,
ID11642 → ID11632,8,11642,11632,0.042268807994675806,1.643669253356004,0.10258266259808592,0.10258266259808592,38.5,246.00566288376308,274.99763536285127,0.0,
ID11448 → ID11556,8,11448,11556,0.047129718461451864,1.8478180501789125,0.36812119715041125,0.36812119715041125,35.5,246.45974897806656,275.57917553232056,0.0,
ID11418 → ID11503,8,11418,11503,0.06762153213880251,0.07526271238543986,0.8622555070181709,0.8622555070181709,32.5,245.57073211556042,276.85312881677623,0.0,
ID11292 → ID11335,8,11292,11335,0.049438429386940874,2.693825530062315,0.3108138298180638,0.3108138298180638,28.5,244.7731370216752,277.6884111547783,0.0,
ID10908 → ID10976,8,10908,10976,0.058609108311671765,0.0358449088318566,0.5320691919977115,0.5320691919977115,15.5,241.34627972529725,281.6425272908979,0.0,
ID11363 → ID11397,8,11363,11397,0.04560068248257865,2.6414645066635094,0.6157821584397595,0.6157821584397595,30.5,244.63912600761833,277.7477947958163,0.0,
ID11142 → ID11226,8,11142,11226,0.07284550469442252,0.15153716832272057,0.990458480462246,0.990458480462246,25.5,243.8118156769275,279.01106817451864,0.0,
ID11335 → ID11363,8,11335,11363,0.04177684350601962,0.7758751461887397,0.30059844229380694,0.30059844229380694,29.5,244.63971250004724,277.93798013615094,0.0,
ID11013 → ID11040,9,11013,11040,0.1406727828746177,1.9091882738428805,1.2794584318273408,1.2794584318273408,19.5,242.7067457043279,495.07337314523,0.0,
ID10997 → ID10879,9,10997,10879,0.06453508990201684,1.8799217565395412,0.49290714483464926,0.49290714483464926,11.5,240.954936104412,489.7355369868858,0.0,
ID11592 → ID11258,9,11592,11258,0.05897514142858795,2.145281363215906,0.5043189466405512,0.5043189466405512,23.5,242.1222175990137,493.884353301191,0.0,
ID11007 → ID10982,9,11007,10982,0.09472112905417585,1.5895274091403035,1.1540067068489002,1.1540067068489002,16.5,242.22492877492877,492.9068376068376,0.0,
ID10982 → ID11203,9,10982,11203,0.10218582932934828,1.3005121670248407,0.9099415326933483,0.9099415326933483,17.5,242.26285566761146,493.7306586396561,0.0,
ID11072 → ID10780,9,11072,10780,0.059002383104577616,1.7784469632694921,0.3890135338977066,0.3890135338977066,6.5,241.93826642370678,488.3596366123355,0.0,
ID10750 → ID10848,9,10750,10848,0.08993622311100447,0.21688913316126218,0.7060479948002722,0.7060479948002722,3.5,243.5310971741638,488.64937091503265,0.0,
ID11040 → ID11317,9,11040,11317,0.10135857798966874,1.6883903280159613,1.257879274852098,1.257879274852098,20.5,242.93238663451427,494.26128047404643,0.0,
ID11597 → ID11250,9,11597,11250,0.12780269058295968,1.2947571488310319,1.2823277527306363,1.2823277527306363,25.5,242.87822117137677,493.094335867942,0.0,
ID10766 → ID10687,9,10766,10687,0.06474411158411653,2.955634878849133,0.6423208924569914,0.6423208924569914,1.5,242.81042399718507,489.2109019469857,0.0,
ID11309 → ID11346,9,11309,11346,0.04443504579639779,0.46199145273833514,0.3781826939860758,0.3781826939860758,28.5,244.07640964519004,493.05935717443015,0.0,
ID11346 → ID11373,9,11346,11373,0.05961310330010583,2.8610172915016006,0.6453969213692938,0.6453969213692938,29.5,244.22230950287963,493.09591221295494,0.0,
ID11126 → ID11592,9,11126,11592,0.05887239168592828,0.3080977936682508,0.37035705657447593,0.37035705657447593,22.5,242.28068797108537,494.0327271008716,0.0,
ID11468 → ID11584,9,11468,11584,0.07999360796873378,1.71444697862937,0.7412613407411878,0.7412613407411878,35.5,245.43815892198032,491.9120817569097,0.0,
ID11373 → ID11417,9,11373,11417,0.1654418692293198,1.180068477990438,1.575730832292189,1.575730832292189,30.5,245.1478992979686,492.8472911078795,0.0,
ID11711 → ID11700,9,11711,11700,0.09118177922633852,2.779180670811689,0.7486508476583932,0.7486508476583932,40.5,247.25570162812272,489.2383106405513,0.0,
ID11554 → ID11655,9,11554,11655,0.11323268206037251,1.7083728888592733,1.3600284317870308,1.3600284317870308,37.5,244.47616739047186,491.26118163571823,0.0,
ID11417 → ID11437,9,11417,11437,0.16592554948542582,0.22803523455960775,1.5211565294176588,1.5211565294176588,31.5,246.33339391388856,491.8668549961797,0.0,
ID10848 → ID10715,9,10848,10715,0.09236947791162431,2.273981280037038,0.8849598789807118,0.8849598789807118,4.5,243.44860815602837,488.31532210401895,0.0,
ID10780 → ID10765,9,10780,10765,0.028234016560352182,0.30101647096006307,0.18578253887777618,0.18578253887777618,7.5,241.86460487314403,488.0847788750048,0.0,
ID11173 → ID10932,9,11173,10932,0.06602568412558163,0.5915545716627753,0.46318993585839724,0.46318993585839724,14.5,241.91151145316715,492.21587064822126,0.0,
ID10765 → ID10776,9,10765,10776,0.08664546899841019,2.1629445983802573,0.8291950464906255,0.8291950464906255,8.5,241.61949145559979,488.3630740646637,0.0,
ID11529 → ID11505,9,11529,11505,0.06711843980878218,0.5077813806526826,0.4095350135145751,0.4095350135145751,33.5,246.02304154471676,491.0792494879331,0.0,
ID11258 → ID11597,9,11258,11597,0.07044769454061417,0.25229606777401786,0.5238454925581754,0.5238454925581754,24.5,242.17740851324453,493.3773496729882,0.0,
ID11584 → ID11554,9,11584,11554,0.07203155459165056,0.31150509180933067,0.5945381984583373,0.5945381984583373,36.5,244.77842336140682,491.89677854935735,0.0,
ID10846 → ID10997,9,10846,10997,0.08414755732801593,0.935363150974732,0.6768734994662688,0.6768734994662688,10.5,241.06583056269164,489.40052812649145,0.0,
ID11647 → ID11711,9,11647,11711,0.194157789613846,0.13810496806793446,1.8425902202261975,1.8425902202261975,39.5,246.67994254811939,489.35002019075677,0.0,
ID10687 → ID10750,9,10687,10750,0.0723100238146962,1.781718792688458,0.5486685188464423,0.5486685188464423,2.5,242.94369071157874,488.85911864745896,0.0,
ID11317 → ID11126,9,11317,11126,0.06726995099171362,1.8907572728697937,0.24566274363845605,0.24566274363845605,21.5,242.51017584377712,493.83256886673286,0.0,
ID10879 → ID11602,9,10879,11602,0.12205447719465534,0.4977015856288794,1.567492356319518,1.567492356319518,12.5,241.39462385436192,490.64169338515387,0.0,
ID11262 → ID11309,9,11262,11309,0.044716162436744145,2.40153461900277,0.4007721605188884,0.4007721605188884,27.5,244.24178093591047,493.4005322935382,0.0,
ID10835 → ID10766,9,10835,10766,0.06919839030483488,NaN,0.7779379686753555,0.7779379686753555,0.5,242.719537750538,489.18550362976407,0.0,
ID10715 → ID11072,9,10715,11072,0.13417078711745178,0.8024162391688086,1.1554507948165278,1.1554507948165278,5.5,242.50828986899134,488.3412133077227,0.0,
ID11602 → ID11173,9,11602,11173,0.06624723491054718,0.11539307887082333,0.6715025512403573,0.6715025512403573,13.5,241.79811124310163,491.6842730967287,0.0,
ID10776 → ID10846,9,10776,10846,0.05456285557845686,0.4005383665069336,0.5102615684915965,0.5102615684915965,9.5,241.38754708195128,488.9778859343674,0.0,
ID11250 → ID11262,9,11250,11262,0.0876589270837187,0.6474414979132188,0.9329899632142854,0.9329899632142854,26.5,243.90283979300852,493.3309937197514,0.0,
ID11505 → ID11468,9,11505,11468,0.08094151555177909,1.437243672248984,0.8690444108253715,0.8690444108253715,34.5,245.81179662873882,491.53729997353867,0.0,
ID11437 → ID11529,9,11437,11529,0.07677310924368996,1.9422753453523762,0.6850288197556628,0.6850288197556628,32.5,246.54294202032307,491.1865913651543,0.0,
ID10932 → ID11007,9,10932,11007,0.035405631446875585,2.337577730283377,0.021163553403813394,0.021163553403813394,15.5,241.88743176529437,492.438957395446,0.0,
ID11203 → ID11013,9,11203,11013,0.10597609561752985,0.8207150156556816,1.2902776561187386,1.2902776561187386,18.5,242.05342570363604,494.72036808845644,0.0,
ID11655 → ID11647,9,11655,11647,0.18330668372242442,1.0250284128690854,1.6159370806003317,1.6159370806003317,38.5,245.15326450912778,490.15340801188006,0.0,
ID10869 → ID10929,10,10869,10929,0.2694444444444445,0.08072791794385413,1.9213818381232721,1.9213818381232721,15.5,285.985317106237,3.083679179376509,0.0,
ID11458 → ID11443,10,11458,11443,0.06876790830945556,2.9185621820096443,0.4890363820047961,0.4890363820047961,33.5,282.6899289655982,5.96525478454855,0.0,
ID11272 → ID11064,10,11272,11064,0.11854684512428393,0.6467737461204368,0.6053117072270316,0.6053117072270316,21.5,284.92922555230666,5.386312134502925,0.0,
ID10736 → ID10639,10,10736,10639,0.20103986135181906,NaN,0.48571212812760756,0.48571212812760756,0.5,288.52177237966714,0.4513720197930724,0.0,
ID11085 → ID11189,10,11085,11189,0.13087248322147504,2.041740537648919,0.7856518714354802,0.7856518714354802,23.5,283.557845460946,5.7869667800691165,0.0,
ID11667 → ID11660,10,11667,11660,0.05838198498748959,3.065617173919515,0.3788123011966592,0.3788123011966592,40.5,287.8237847222222,4.875578703703704,0.0,
ID10639 → ID10592,10,10639,10592,0.2894736842105272,2.538361463948386,1.6763447902969177,1.6763447902969177,1.5,287.8957894736842,0.6368421052631579,0.0,
ID11604 → ID11667,10,11604,11667,0.1893401015228422,0.7711958426357107,1.8516636608944779,1.8516636608944779,39.5,287.1227470205728,5.103351950033231,0.0,
ID11189 → ID11090,10,11189,11090,0.08123069751180068,2.468537443443103,0.48628263112171866,0.48628263112171866,24.5,283.43394338072994,5.566258327711555,0.0,
ID10774 → ID10893,10,10774,10893,0.4021164021164021,2.46786824689487,1.869949018766635,1.869949018766635,10.5,286.84134502923973,1.7108187134502923,0.0,
ID11090 → ID11105,10,11090,11105,0.030537525120693187,2.7351208526313386,0.12116821069626132,0.12116821069626132,25.5,283.2823532689634,5.679165419622499,0.0,
ID10592 → ID10616,10,10592,10616,0.16666666666666663,0.33274711929094575,0.7256549780471551,0.7256549780471551,2.5,286.70911877394633,0.6076628352490421,0.0,
ID11319 → ID11344,10,11319,11344,0.08982835697334268,0.4816537046198524,0.4472997841452237,0.4472997841452237,29.5,282.4212346052897,7.0210284365341895,0.0,
ID10904 → ID11159,10,10904,11159,0.19497202301205818,3.053824292731811,0.9468554026253309,0.9468554026253309,17.5,284.16884568709384,4.818806530485363,0.0,
ID10613 → ID10626,10,10613,10626,0.13636363636363702,1.8952937396295333,0.464065100038194,0.464065100038194,8.5,286.8933255610609,1.1573237475306843,0.0,
ID11512 → ID11486,10,11512,11486,0.05010342450011507,0.21228584191832145,0.502127134396189,0.502127134396189,36.5,284.60866797515604,6.092969437236192,0.0,
ID11105 → ID11190,10,11105,11190,0.0798700419656172,1.4831535586000697,0.42245788090652664,0.42245788090652664,26.5,283.11888676463707,5.52486998909848,0.0,
ID11413 → ID11512,10,11413,11512,0.07943925233645022,0.016887118520898418,0.6985600534940501,0.6985600534940501,35.5,284.0136146170287,6.044113434647777,0.0,
ID10781 → ID10596,10,10781,10596,0.16538461538461702,2.8903153728369437,0.7288110111859121,0.7288110111859121,4.5,286.79680076021543,0.3665399641009397,0.0,
ID10894 → ID10869,10,10894,10869,0.22372881355932206,1.9732414391058,1.3221477223254303,1.3221477223254303,14.5,287.4762737262737,2.4488305811835227,0.0,
ID10929 → ID10904,10,10929,10904,0.3766092079423956,0.5905762899904858,2.136711737359432,2.136711737359432,16.5,284.47698534790527,4.306085151782481,0.0,
ID10953 → ID11015,10,10953,11015,0.06839855310753096,1.280856697143987,0.26406742115783227,0.26406742115783227,19.5,284.36427855920533,5.082868650611461,0.0,
ID11372 → ID11384,10,11372,11384,0.07096927839961942,2.098427397867379,0.27942965370959244,0.27942965370959244,31.5,282.72095240605995,5.9994881190903016,0.0,
ID11064 → ID11085,10,11064,11085,0.23023791250959325,2.041017688401994,1.7418169704613238,1.7418169704613238,22.5,284.32765119507485,5.885649545308224,0.0,
ID11015 → ID11272,10,11015,11272,0.08784096162736943,2.7101957663233947,0.47405252308140594,0.47405252308140594,20.5,284.4743714699855,5.150967161493478,0.0,
ID11159 → ID10953,10,11159,10953,0.18046436065795812,2.415146770419257,0.5856075986972844,0.5856075986972844,18.5,284.48146336569096,4.748892567787895,0.0,
ID10893 → ID10852,10,10893,10852,0.2308706224575594,2.216297769410082,0.5971996665955461,0.5971996665955461,11.5,287.6072309151257,1.9129208155523947,0.0,
ID10596 → ID11043,10,10596,11043,0.23976069949378598,0.49293083878942906,0.7541381710535285,0.7541381710535285,5.5,286.0837605377079,0.45950102529049897,0.0,
ID10626 → ID10774,10,10626,10774,0.1728395061728395,2.9732718780669836,1.071787890994991,1.071787890994991,9.5,286.5837747336377,1.1523592085235919,0.0,
ID11043 → ID10647,10,11043,10647,0.3274336283185849,2.6043646412411268,0.9725600433051192,0.9725600433051192,6.5,286.21209827666513,0.6765641981058842,0.0,
ID10647 → ID10613,10,10647,10613,0.20705882352941274,1.4517010155666255,0.4649017159412185,0.4649017159412185,7.5,286.6809765894684,0.9888386786334442,0.0,
ID11264 → ID11319,10,11264,11319,0.09704993224226122,2.000587881117746,0.7213053931394167,0.7213053931394167,28.5,281.95739417882044,6.6925345671997185,0.0,
ID10616 → ID10781,10,10616,10781,0.22149837133550687,2.754112162344618,0.8071260665166539,0.8071260665166539,3.5,286.7583870666293,0.4629473880945706,0.0,
ID11608 → ID11604,10,11608,11604,0.25668449197860965,2.152063442275674,1.854124348349782,1.854124348349782,38.5,285.7883295599682,6.183574018157795,0.0,
ID10852 → ID10885,10,10852,10885,0.10728014666745622,3.116564933714206,0.1320336294847696,0.1320336294847696,12.5,287.5899108291965,1.6809569773855486,0.0,
ID11486 → ID11608,10,11486,11608,0.14306183180866117,1.1278750424064985,1.0311296509842227,1.0311296509842227,37.5,285.0996797129188,6.538725035502882,0.0,
ID11190 → ID11264,10,11190,11264,0.2350239820389829,1.192823389479072,1.7140337444350755,1.7140337444350755,27.5,282.2810010572075,5.98384097351364,0.0,
ID11384 → ID11458,10,11384,11458,0.026836013520433744,0.10525185721483941,0.12363555606292134,0.12363555606292134,32.5,282.5264255127338,6.051248027946811,0.0,
ID11344 → ID11372,10,11344,11372,0.18498862774829428,2.250048857776864,1.2741103981308894,1.2741103981308894,30.5,282.7062161844272,6.578725066198602,0.0,
ID10885 → ID10894,10,10885,10894,0.17647058823529416,0.7461587458857954,0.6300178207447611,0.6300178207447611,13.5,287.8341836734694,1.9538315326130453,0.0,
ID11443 → ID11413,10,11443,11413,0.07910662196874041,0.5638497845455288,0.7642503509271968,0.7642503509271968,34.5,283.2917893659617,5.926283829948474,0.0,
ID10860 → ID11555,11,10860,11555,0.08388265882290635,1.8746399269518947,0.08413480827141544,0.08413480827141544,12.5,250.10126623376624,134.1899603174603,0.0,
ID11217 → ID11279,11,11217,11279,0.08430407871765011,0.48170686063256096,0.3736714694088699,0.3736714694088699,27.5,247.70323264440913,134.8372174182791,0.0,
ID10888 → ID10959,11,10888,10959,0.061255280627648845,0.8455755889143738,0.3939312196036459,0.3939312196036459,15.5,248.77503028100776,135.3065003229974,0.0,
ID11329 → ID11356,11,11329,11356,0.06464830412018485,2.0600449978419464,0.36910768218599666,0.36910768218599666,29.5,248.1168041967618,135.31701418108773,0.0,
ID10801 → ID10704,11,10801,10704,0.12344541685859256,NaN,0.6454522383339237,0.6454522383339237,0.5,249.8247637951012,133.27809866871104,0.0,
ID11539 → ID11516,11,11539,11516,0.07079270877491062,0.9618512133065253,0.5129728356239543,0.5129728356239543,36.5,247.62056398579318,134.51975022161966,0.0,
ID11436 → ID11539,11,11436,11539,0.07128429008927373,0.6741314684879776,0.5155847906977545,0.5155847906977545,35.5,247.25676334018422,134.79458323818224,0.0,
ID11685 → ID11674,11,11685,11674,0.02174300481199054,2.782811075737236,0.10254961604360945,0.10254961604360945,40.5,246.90998032569738,133.908740942029,0.0,
ID11176 → ID10978,11,11176,10978,0.10866515406068056,2.952306358542993,0.8123331119014819,0.8123331119014819,18.5,248.65111742872938,135.08952459922608,0.0,
ID10668 → ID10815,11,10668,10815,0.06747311827960012,0.9841583145809483,0.1353858534538571,0.1353858534538571,3.5,249.065546347103,134.73663003524,0.0,
ID10622 → ID11052,11,10622,11052,0.12538288748212634,0.10460912953782771,0.7666919324534291,0.7666919324534291,5.5,249.4907762469088,134.13256575778013,0.0,
ID10931 → ID11176,11,10931,11176,0.06144325339816081,1.819062421287433,0.28890878140988474,0.28890878140988474,17.5,248.39031270435765,135.14022055763627,0.0,
ID11121 → ID11185,11,11121,11185,0.08676011426293206,2.9774732810606723,0.6917250768632912,0.6917250768632912,25.5,247.59791666666666,135.33194444444445,0.0,
ID11385 → ID11403,11,11385,11403,0.13649727005462742,2.7913417871850723,1.1328890287190678,1.1328890287190678,31.5,248.02595230693268,135.2249276130912,0.0,
ID10672 → ID10678,11,10672,10678,0.13590504451037766,3.053235008036548,0.9756569532003492,0.9756569532003492,8.5,248.8593279931069,134.85340299481066,0.0,
ID10678 → ID10793,11,10678,10793,0.10415447630192287,2.931972541389865,0.39525913512161764,0.39525913512161764,9.5,249.05497049675733,134.62943824037546,0.0,
ID11215 → ID11121,11,11215,11121,0.1259486945962387,2.008887202174759,0.8969125671894159,0.8969125671894159,24.5,247.68484014042986,135.24745671865787,0.0,
ID11185 → ID11217,11,11185,11217,0.05908136243265194,2.1028456333070995,0.3383914896901904,0.3383914896901904,26.5,247.83824891067536,135.15554824910993,0.0,
ID11356 → ID11385,11,11356,11385,0.07346688291762793,2.6540380303857702,0.6237613791099547,0.6237613791099547,30.5,248.1706665747219,135.4804900034914,0.0,
ID11024 → ID11289,11,11024,11289,0.12727428034508892,2.824489422698302,0.908178357453787,0.908178357453787,20.5,249.09655386173128,135.25903050764572,0.0,
ID10608 → ID10668,11,10608,10668,0.16457286432161222,1.1572122430673184,0.8481866204818437,0.8481866204818437,2.5,249.39064763262718,134.40416921283722,0.0,
ID10815 → ID10622,11,10815,10622,0.10065912959971035,2.444453197568625,0.4093652354750554,0.4093652354750554,4.5,249.18856554803165,134.63614142431646,0.0,
ID11052 → ID10710,11,11052,10710,0.20262597586940634,2.945531089777409,1.5261735479551466,1.5261735479551466,6.5,249.1842477611163,134.38046118400501,0.0,
ID11629 → ID11620,11,11629,11620,0.07063921993498845,1.510553295820986,0.48019105212993685,0.48019105212993685,38.5,247.08957061161192,134.5149571096249,0.0,
ID11620 → ID11685,11,11620,11685,0.10143042912873868,2.7166460923676516,0.888092233814524,0.888092233814524,39.5,246.9681794979582,134.30089103411,0.0,
ID10710 → ID10672,11,10710,10672,0.07676086039644536,0.06820139921083074,0.29048567614021625,0.29048567614021625,7.5,248.59161107342078,135.06845036182722,0.0,
ID10793 → ID10930,11,10793,10930,0.09249515369702144,2.1820364893395343,0.6078089246914923,0.6078089246914923,10.5,248.91435195724603,134.42278315541108,0.0,
ID10930 → ID10860,11,10930,10860,0.16398191560617725,1.5587052037761537,1.1684893518561632,1.1684893518561632,11.5,249.52837363270004,134.17586067933217,0.0,
ID10704 → ID10608,11,10704,10608,0.1372890540331546,1.509180330233029,0.7852649678903261,0.7852649678903261,1.5,249.62023077673692,133.75984948282593,0.0,
ID11115 → ID11215,11,11115,11215,0.08775800362799546,1.4598068716256318,0.5094297503319142,0.5094297503319142,23.5,248.07651867794172,135.37262291049075,0.0,
ID11466 → ID11436,11,11466,11436,0.10505836575875482,3.06213971554898,0.8884535649605405,0.8884535649605405,34.5,246.74644865067467,135.22155859570216,0.0,
ID11149 → ID10888,11,11149,10888,0.17659727207465903,1.7073741256600672,1.5093229572110882,1.5093229572110882,14.5,249.2238573643411,134.5292919896641,0.0,
ID11289 → ID11080,11,11289,11080,0.1172879177377969,2.3334817608097786,0.8511164506107158,0.8511164506107158,21.5,248.7985051010769,135.43638925625038,0.0,
ID11403 → ID11484,11,11403,11484,0.09039412558069293,1.5750425082516473,0.43387849448920474,0.43387849448920474,32.5,247.7310225916009,134.69587665611851,0.0,
ID11080 → ID11115,11,11080,11115,0.11581597619592898,2.0420828104626314,0.8787623806022176,0.8787623806022176,22.5,248.46227693441622,135.73857138807386,0.0,
ID10959 → ID10931,11,10959,10931,0.06440077648735087,1.7018081562296796,0.312679552811791,0.312679552811791,16.5,248.5546686898074,135.22505852059925,0.0,
ID11484 → ID11466,11,11484,11466,0.16736111111110763,0.38538865155549484,1.3569591795501725,1.3569591795501725,33.5,246.9316639445821,135.07165418262372,0.0,
ID11279 → ID11329,11,11279,11329,0.1286089238845144,2.9280396491545773,0.869525134994725,0.869525134994725,28.5,247.83485672261182,135.05592545898668,0.0,
ID10978 → ID11024,11,10978,11024,0.0964240877981608,1.165819523941801,0.6878960867777346,0.6878960867777346,19.5,249.26123284025635,135.2348303061217,0.0,
ID11516 → ID11629,11,11516,11629,0.0898537299606954,2.714065120590327,0.7329535028246014,0.7329535028246014,37.5,247.5196838881982,134.38248549523416,0.0,
ID11555 → ID11149,11,11555,11149,0.1060663868752385,0.8663650005744823,0.6861938906884454,0.6861938906884454,13.5,249.79066623376622,133.9857380952381,0.0,
ID11364 → ID11400,12,11364,11400,0.04731017319006314,2.7564654087003655,0.1211648195535462,0.1211648195535462,30.5,262.7168783817839,316.4525025400999,0.0,
ID11636 → ID11701,12,11636,11701,0.0904015847289753,1.1228318712445744,0.8727803894320304,0.8727803894320304,39.5,263.17497775197194,320.20105500243824,0.0,
ID11506 → ID11483,12,11506,11483,0.04949800280693473,1.2363997221408194,0.23531279661383683,0.23531279661383683,33.5,261.99869788794365,317.32858966251706,0.0,
ID10731 → ID10816,12,10731,10816,0.06789472260541396,0.644952299188679,0.787207821658826,0.787207821658826,9.5,258.5696140766781,310.0604774007444,0.0,
ID10640 → ID10723,12,10640,10723,0.0721475852884772,1.0837457537564528,0.617525850695289,0.617525850695289,2.5,256.39362612231815,311.43732145939225,0.0,
ID11305 → ID11097,12,11305,11097,0.09645390070921989,0.7663038659519712,0.975202808134339,0.975202808134339,21.5,263.12984001125324,315.5421378968254,0.0,
ID11239 → ID11294,12,11239,11294,0.06789131888668454,2.917472816219295,0.6985610151250765,0.6985610151250765,27.5,263.5268784893119,315.358077722555,0.0,
ID11562 → ID11536,12,11562,11536,0.03321471353231842,1.4226853184649981,0.13491861916195166,0.13491861916195166,36.5,262.9717222159877,318.40200220701,0.0,
ID11701 → ID11691,12,11701,11691,0.07889245177379067,0.22584021237056803,0.751381542056318,0.751381542056318,40.5,263.89439927061466,320.56654329854257,0.0,
ID10730 → ID10731,12,10730,10731,0.07642666301293866,2.509211566692214,0.7404642512174828,0.7404642512174828,8.5,258.29371752850705,310.7303898170247,0.0,
ID10957 → ID11184,12,10957,11184,0.06301988311328277,0.3258511175256138,0.42251033122118675,0.42251033122118675,17.5,260.9413552118957,312.9138850655167,0.0,
ID11450 → ID11562,12,11450,11562,0.0657885939693883,0.6076316468195532,0.5106559692436474,0.5106559692436474,35.5,262.75257181415077,318.23829573934836,0.0,
ID11644 → ID11636,12,11644,11636,0.07651422827507182,0.3443771602110918,0.6731779662119791,0.6731779662119791,38.5,262.7397409471239,319.70959002218456,0.0,
ID10820 → ID10737,12,10820,10737,0.09993526345881654,NaN,1.133804571850767,1.133804571850767,0.5,257.2648110099901,310.01348303883987,0.0,
ID10838 → ID10669,12,10838,10669,0.08316585668870857,0.23653910872515177,0.8703735895860937,0.8703735895860937,4.5,257.6037645537395,311.35983547198805,0.0,
ID11536 → ID11644,12,11536,11644,0.08257489000061624,0.014946996395594945,0.9387704724590381,0.9387704724590381,37.5,262.8336378746998,318.9207774058768,0.0,
ID11294 → ID11336,12,11294,11336,0.06114078553107549,0.9672977165239952,0.16122787702035385,0.16122787702035385,28.5,263.1344712535001,315.43852392612257,0.0,
ID11143 → ID11229,12,11143,11229,0.05155573456851992,2.502239242663293,0.32221100846837764,0.32221100846837764,25.5,263.39567028184274,315.6183629630342,0.0,
ID11238 → ID11143,12,11238,11143,0.05152304322226542,1.4896106834225378,0.4589715295809671,0.4589715295809671,24.5,263.53398406146084,315.6306193964863,0.0,
ID10723 → ID10838,12,10723,10838,0.08033935342887644,1.8411756777301764,0.804310034970763,0.804310034970763,3.5,256.8038992464709,311.58701445067794,0.0,
ID10985 → ID10957,12,10985,10957,0.1261000334187352,0.8852085212435234,1.0996602646286746,1.0996602646286746,16.5,260.51398315038443,312.29390156989683,0.0,
ID11157 → ID10910,12,11157,10910,0.08392259812847624,1.0652595777541536,0.8951042452495961,0.8951042452495961,14.5,260.38420597830583,310.9309318508242,0.0,
ID11184 → ID11001,12,11184,11001,0.1021795091813894,0.5492045341405825,0.9525449714663007,0.9525449714663007,18.5,261.3952771212989,313.40076933048385,0.0,
ID11060 → ID10748,12,11060,10748,0.060417594208505454,2.852610626530257,0.11514386521641277,0.11514386521641277,6.5,258.61223804550576,310.7250261094922,0.0,
ID10737 → ID10640,12,10737,10640,0.07987175395758728,0.7474605125814886,0.9736706625623901,0.9736706625623901,1.5,256.75106188830654,310.84971126257153,0.0,
ID10868 → ID11580,12,10868,11580,0.09243861094819472,1.921307148825801,0.7973376008315418,0.7973376008315418,12.5,260.1420963194686,309.74151508129614,0.0,
ID11483 → ID11450,12,11483,11450,0.0970113318994501,0.003193634135566383,0.8451234812216943,0.8451234812216943,34.5,262.28961418643667,317.78378504672895,0.0,
ID11580 → ID11157,12,11580,11157,0.06795405780636721,0.7801258615286875,0.5107037195937913,0.5107037195937913,13.5,260.32598072875237,310.3203527505491,0.0,
ID11097 → ID11144,12,11097,11144,0.06065940514179613,1.0528323049306116,0.4320952123612752,0.4320952123612752,22.5,263.70885264041516,315.77341994810746,0.0,
ID10910 → ID10985,12,10910,10985,0.06344722918995072,0.08599957086315554,0.5192450444439087,0.5192450444439087,15.5,260.21201099931613,311.61619532590487,0.0,
ID11229 → ID11239,12,11229,11239,0.05838225408916653,1.0557651190819968,0.4548722306823683,0.4548722306823683,26.5,263.6561356853387,315.4040359239712,0.0,
ID11001 → ID11032,12,11001,11032,0.14065623897446689,0.16272979852028796,1.3305118002404568,1.3305118002404568,19.5,262.2287241458376,314.1754184732366,0.0,
ID11032 → ID11305,12,11032,11305,0.06542076661769058,0.6354147348444327,0.5770668152221375,0.5770668152221375,20.5,262.7183290170154,314.9468290208016,0.0,
ID11400 → ID11422,12,11400,11422,0.05770470083775181,2.9813383890692147,0.5174673821039603,0.5174673821039603,31.5,262.5500442055567,316.5612774274467,0.0,
ID11144 → ID11238,12,11144,11238,0.03882120636340358,1.9612467640111328,0.2875230806073366,0.2875230806073366,23.5,263.81173789173795,315.5914422114422,0.0,
ID10816 → ID10951,12,10816,10951,0.0517840113716157,0.8209733095394824,0.22811214235108984,0.22811214235108984,10.5,258.9379904214836,309.7548279783199,0.0,
ID11336 → ID11364,12,11336,11364,0.08661766882058786,0.16867915629511535,1.073238384996887,1.073238384996887,29.5,262.8826063185801,316.00094092003195,0.0,
ID10951 → ID10868,12,10951,10868,0.09713913040276512,0.31099335677977524,1.160782922275296,1.160782922275296,11.5,259.59553725955595,309.54616896602874,0.0,
ID10669 → ID11060,12,10669,11060,0.07821708153757212,0.5888794021836761,0.8634434391830311,0.8634434391830311,5.5,258.34845975952555,310.99422925744767,0.0,
ID10748 → ID10730,12,10748,10730,0.06063196231645396,0.4173946454090676,0.4529805220655514,0.4529805220655514,7.5,258.41649770580295,310.92537112010797,0.0,
ID11422 → ID11506,12,11422,11506,0.06563560920403144,0.2792370342459138,0.6566885462996591,0.6566885462996591,32.5,262.1377566346579,316.9712753556695,0.0,
ID10847 → ID11000,13,10847,11000,0.12959381044487428,1.1276127667037164,1.121389531961661,1.121389531961661,10.5,399.66165022352396,505.4806885851475,0.0,
ID10720 → ID11075,13,10720,11075,0.1250554323725055,2.917573709008514,1.1503624640606906,1.1503624640606906,5.5,400.2450008115178,504.9709428882397,0.0,
ID10794 → ID10767,13,10794,10767,0.10864712010712607,1.364119799201212,0.9114349674448805,0.9114349674448805,7.5,399.2592391705146,505.03567562809707,0.0,
ID10880 → ID11603,13,10880,11603,0.10547667342799194,1.1731129918246261,0.33931398845562083,0.33931398845562083,12.5,400.0597541698672,505.77483790451043,0.0,
ID10837 → ID10770,13,10837,10770,0.05169095408300428,NaN,0.21919303555133865,0.21919303555133865,0.5,401.0214518423347,504.3452871908411,0.0,
ID10770 → ID10702,13,10770,10702,0.08467966573809949,1.3317648302834937,0.5370987941276633,0.5370987941276633,1.5,401.1598541584749,504.6261995551803,0.0,
ID10702 → ID10757,13,10702,10757,0.1475826972010178,2.3092126209534882,1.4915498226717605,1.4915498226717605,2.5,400.6092451215625,504.86180137250625,0.0,
ID11075 → ID10794,13,11075,10794,0.07213706041478807,1.9310146751373378,0.19347888053501464,0.19347888053501464,6.5,399.7089413077167,504.85429619671766,0.0,
ID10785 → ID10847,13,10785,10847,0.15253272623796676,2.468699371089321,0.5949240485044572,0.5949240485044572,9.5,399.07958684664925,505.0256000852477,0.0,
ID11008 → ID10986,13,11008,10986,0.11405364244003657,0.6412843832398429,0.37739807855151664,0.37739807855151664,16.5,399.87997676782345,506.62565098494747,0.0,
ID11603 → ID11175,13,11603,11175,0.0755075551028318,0.5222886926777883,0.2825436796232377,0.2825436796232377,13.5,399.8401298588652,505.97990161456204,0.0,
ID10757 → ID10850,13,10757,10850,0.06520450503856334,2.330190058428186,0.29556217246287875,0.29556217246287875,3.5,399.95952859790555,504.79753032172295,0.0,
ID10850 → ID10720,13,10850,10720,0.11779324055671447,1.4817667892630682,0.8811198283863637,0.8811198283863637,4.5,400.4165455993601,504.9340778545392,0.0,
ID11175 → ID10934,13,11175,10934,0.065224410720088,2.719363249624232,0.27354119215269546,0.27354119215269546,14.5,399.8505374407014,506.0373970292003,0.0,
ID10767 → ID10785,13,10767,10785,0.11472602739726023,2.2786977751645785,0.4482578283484135,0.4482578283484135,8.5,398.9230227532114,504.92594775613645,0.0,
ID11000 → ID10880,13,11000,10880,0.07543391188254744,3.0354921872408664,0.04636713544057201,0.04636713544057201,11.5,400.17593098247255,505.63746799928344,0.0,
ID10934 → ID11008,13,10934,11008,0.10660486674366121,1.604585423766677,0.4419194058300731,0.4419194058300731,15.5,399.9892942109437,506.2524181145315,0.0,
ID10773 → ID10675,14,10773,10675,0.12888030567705588,NaN,1.3391001542360519,1.3391001542360519,0.5,103.89369836408255,86.31252306527776,0.0,
ID11352 → ID11380,14,11352,11380,0.15415922884684052,0.12482016294918796,1.5440130281847662,1.5440130281847662,30.5,89.90204434061052,85.58116645987874,0.0,
ID11613 → ID11677,14,11613,11677,0.041420929913591475,1.9638227322198356,0.38562949179118833,0.38562949179118833,39.5,94.28651936298272,85.06302012332858,0.0,
ID11270 → ID11325,14,11270,11325,0.04593590977857187,1.2551411033469977,0.05889583463248711,0.05889583463248711,28.5,88.51681852584483,84.45060480922669,0.0,
ID11428 → ID11531,14,11428,11531,0.06184543408682741,1.0105649759559352,0.233900061423649,0.233900061423649,35.5,93.71391549365019,85.87139632234627,0.0,
ID10946 → ID10915,14,10946,10915,0.12215239016100476,1.871448092306374,1.285646655715196,1.285646655715196,16.5,100.66658426184149,87.29516289162592,0.0,
ID10643 → ID10651,14,10643,10651,0.04574332909783985,1.162857944070671,0.38998849030956106,0.38998849030956106,8.5,103.0258293500481,86.00632327741702,0.0,
ID10651 → ID10782,14,10651,10782,0.05606694560669312,0.22133238293700525,0.40122456256962696,0.40122456256962696,9.5,102.63293246611791,86.02142451549008,0.0,
ID11544 → ID10925,14,11544,10925,0.05588720883892706,0.13805957874446972,0.2716149937983826,0.2716149937983826,13.5,101.71077660257318,86.2623075543473,0.0,
ID11476 → ID11455,14,11476,11455,0.09561822737974146,0.7673138297449721,0.9342272034568728,0.9342272034568728,33.5,92.79451797285572,86.50045205581252,0.0,
ID11168 → ID10966,14,11168,10966,0.04751706728833116,0.2701120193763199,0.4389253760530015,0.4389253760530015,18.5,100.15657972778673,88.16837403389725,0.0,
ID11380 → ID11396,14,11380,11396,0.11681056373793453,0.3499513135551714,1.1145347316929524,1.1145347316929524,31.5,90.98484304893591,86.317620768519,0.0,
ID10601 → ID10641,14,10601,10641,0.06640875933248358,1.0197819934815437,0.4814556950287169,0.4814556950287169,2.5,103.2899412689508,86.64807282973305,0.0,
ID10679 → ID10643,14,10679,10643,0.03270347966424447,0.7509899421778463,0.24503847096250947,0.24503847096250947,7.5,103.28354978354977,86.08095238095238,0.0,
ID10856 → ID11544,14,10856,11544,0.03259541984732839,1.6088232792537005,0.18659570466172604,0.18659570466172604,12.5,101.8657207610969,86.09425861553821,0.0,
ID11621 → ID11613,14,11621,11613,0.037613056957646274,1.5914532752871162,0.11388701439664804,0.11388701439664804,38.5,94.1079505493359,85.05191851261776,0.0,
ID10925 → ID10881,14,10925,10881,0.07988375125749869,0.38421427209391285,0.8342618389627076,0.8342618389627076,14.5,101.44437183796182,86.7382373066437,0.0,
ID10915 → ID11168,14,10915,11168,0.038319977028896,0.4040799102713332,0.18986115350946703,0.18986115350946703,17.5,100.20214151904824,87.85973763145839,0.0,
ID10805 → ID10606,14,10805,10606,0.05592737007507487,1.6440861034759089,0.39707777896553725,0.39707777896553725,4.5,103.21978565759417,86.23290573472539,0.0,
ID10881 → ID10946,14,10881,10946,0.05131782607747937,2.19408510336659,0.3471692886334329,0.3471692886334329,15.5,101.1876351210741,86.96994033364874,0.0,
ID11282 → ID11076,14,11282,11076,0.07364438839848586,0.3838052915370228,0.6175137225015122,0.6175137225015122,21.5,99.11521254729261,89.21926597087483,0.0,
ID11099 → ID11205,14,11099,11205,0.2154385964912281,0.29179684382459636,2.3529884256678018,2.3529884256678018,23.5,97.64156896293629,88.97291636511194,0.0,
ID10675 → ID10601,14,10675,10601,0.10265179274217606,2.0099827485426385,0.7211448785302397,0.7211448785302397,1.5,103.75058321845697,86.90625836325168,0.0,
ID10903 → ID10856,14,10903,10856,0.05326231691077998,1.5301378478029708,0.3670109154502696,0.3670109154502696,11.5,102.06337579901358,86.13908548926042,0.0,
ID11076 → ID11099,14,11076,11099,0.03815755927593967,1.1811727605323246,0.11347930152398059,0.11347930152398059,22.5,98.8107963015654,89.35779247861751,0.0,
ID11104 → ID11128,14,11104,11128,0.3467492260061923,0.3801618597949274,3.7824723692812268,3.7824723692812268,25.5,92.03737669599437,86.77216047422462,0.0,
ID11531 → ID11504,14,11531,11504,0.08081307648557023,1.3778470875296378,0.9621339846438712,0.9621339846438712,36.5,94.01802254686305,85.45402579858455,0.0,
ID10641 → ID10805,14,10641,10805,0.02903047752599386,0.8331712698748126,0.04181920134568462,0.04181920134568462,3.5,103.16762938544389,86.42402523692616,0.0,
ID10966 → ID11020,14,10966,11020,0.051987767584097844,1.420924762905154,0.33541672054162924,0.33541672054162924,19.5,99.97515465919494,88.4015390400804,0.0,
ID10782 → ID10903,14,10782,10903,0.04325404499452379,0.899792572404611,0.33931094387785427,0.33931094387785427,10.5,102.3182145990885,86.13235217156111,0.0,
ID11020 → ID11282,14,11020,11282,0.07987262553117314,0.883850262782253,0.7683889746028152,0.7683889746028152,20.5,99.59036741534146,88.73228652446096,0.0,
ID11048 → ID10679,14,11048,10679,0.06474318146982339,2.8942884029562417,0.37603900543567265,0.37603900543567265,6.5,103.5301265341588,86.23340393179103,0.0,
ID11205 → ID11104,14,11205,11104,0.28259337561663145,0.058972477812639104,3.040576991075172,3.040576991075172,24.5,95.04467624282069,88.25002866102437,0.0,
ID11325 → ID11352,14,11325,11352,0.10984398216939284,2.339516792753896,1.0386432082556047,1.0386432082556047,29.5,88.91086674729559,84.75723865025182,0.0,
ID11504 → ID11621,14,11504,11621,0.05287878333546703,1.7989832402648251,0.09242520074682806,0.09242520074682806,37.5,94.16232481805665,85.00382593266457,0.0,
ID11677 → ID11666,14,11677,11666,0.047304611387747,0.7678683826371188,0.5636927849892256,0.5636927849892256,40.5,94.62526087291815,84.78007368706014,0.0,
ID11128 → ID11206,14,11128,11206,0.1624,0.40382167424435234,1.5136552204394997,1.5136552204394997,26.5,89.76644601335494,85.4974608821179,0.0,
ID11396 → ID11476,14,11396,11476,0.09766184766638442,0.16463790176629098,0.9179597029798426,0.9179597029798426,32.5,91.94645397350851,86.63565465268957,0.0,
ID11455 → ID11428,14,11455,11428,0.06789238541942078,0.25976393949795806,0.5786668734809255,0.5786668734809255,34.5,93.39759695545277,86.05386571043098,0.0,
ID11206 → ID11270,14,11206,11270,0.10018903591682515,0.8498346700330622,1.008394355752506,1.008394355752506,27.5,88.78699160789574,84.8879913804267,0.0,
ID10606 → ID11048,14,10606,11048,0.07738466413828915,1.7074377199253268,0.48065955049490283,0.48065955049490283,5.5,103.50184730374242,86.16494822602455,0.0,
ID10598 → ID11044,15,10598,11044,0.21578947368421109,1.7805927771725805,1.168858220445634,1.168858220445634,5.5,307.634930599149,1.3402734184278442,0.0,
ID11044 → ID10648,15,11044,10648,0.5679012345679013,1.5527584108051,0.70004522460448,0.70004522460448,6.5,308.1024985302763,0.8374485596707819,0.0,
ID10739 → ID10644,15,10739,10644,0.5343915343915344,NaN,2.038533434796229,2.038533434796229,0.5,307.9221031872935,1.5458995132004405,0.0,
ID10619 → ID10787,15,10619,10787,0.3267822736030821,1.1171159947104088,1.0855523333539487,1.0855523333539487,3.5,307.62227484184217,1.9371434721773761,0.0,
ID10787 → ID10598,15,10787,10598,0.3013211946264003,2.608003552626479,1.1077543799799354,1.1077543799799354,4.5,307.3383187180109,1.9925999098818066,0.0,
ID10648 → ID10615,15,10648,10615,0.6068895643363734,1.218080207969184,1.2593505146784396,1.2593505146784396,7.5,308.5214285714286,0.13333333333333333,0.0,
ID10593 → ID10619,15,10593,10619,0.07017543859649122,1.4369239020356759,0.35106389413399136,0.35106389413399136,2.5,307.80280628195226,1.323678693589319,0.0,
ID10644 → ID10593,15,10644,10593,0.3783783783783776,2.955511646835183,1.230036403111766,1.230036403111766,1.5,308.2851153039832,1.7767295597484276,0.0,
ID10840 → ID10676,16,10840,10676,0.12324691882702965,2.7673198243302246,1.4299187642676132,1.4299187642676132,4.5,5.625478020894934,321.0554011433077,0.0,
ID11061 → ID10755,16,11061,10755,0.05214330490089858,2.6146386487703532,0.18212264468933462,0.18212264468933462,6.5,5.430992919882097,321.45945719096073,0.0,
ID10743 → ID10649,16,10743,10649,0.06198608475648215,0.28341678431715367,0.04315991027443552,0.04315991027443552,1.5,5.976836601307189,319.9509104859335,0.0,
ID10676 → ID11061,16,10676,11061,0.074272746028471,2.50451667658426,0.41453122946578796,0.41453122946578796,5.5,5.460530604010181,321.5926927493947,0.0,
ID10822 → ID10743,16,10822,10743,0.06717363751584282,NaN,0.5786452378824306,0.5786452378824306,0.5,5.808229752196976,319.69065297135296,0.0,
ID10649 → ID10728,16,10649,10728,0.09370739239180703,1.0158356438609162,0.8960753162682321,0.8960753162682321,2.5,5.913990618586925,320.4063693931398,0.0,
ID10728 → ID10840,16,10728,10840,0.06749362132323622,2.6670014466093788,0.5280694145503041,0.5280694145503041,3.5,5.757677753089848,320.5949746562977,0.0,
ID10755 → ID10735,16,10755,10735,0.06957862747765964,1.1373981150559902,0.4503730615238121,0.4503730615238121,7.5,5.690347948172626,321.36480407709917,0.0,
ID11331 → ID11358,17,11331,11358,0.13824884792626724,2.6456628313262094,1.3291915655469353,1.3291915655469353,29.5,137.61134039522346,163.2242659598876,0.0,
ID11624 → ID11689,17,11624,11689,0.05852098476657985,2.3923919609352926,0.20708213306193007,0.20708213306193007,39.5,138.7686876127983,164.84656798441063,0.0,
ID10689 → ID10797,17,10689,10797,0.06785900371176956,1.8401177451671336,0.6372908593613862,0.6372908593613862,9.5,141.20923923217603,159.22044986535718,0.0,
ID11522 → ID11633,17,11522,11633,0.08601809236629221,2.784444385431094,0.7736808341956142,0.7736808341956142,37.5,138.7923187688018,164.26489379264802,0.0,
ID10964 → ID10941,17,10964,10941,0.1117920310557664,0.21893965216987718,1.0637218218999176,1.0637218218999176,16.5,138.91470199570182,161.96943797776754,0.0,
ID10797 → ID10933,17,10797,10933,0.13486711622372072,0.5766739281348024,1.2511123262991422,1.2511123262991422,10.5,141.17320557541723,160.12915611264697,0.0,
ID11491 → ID11473,17,11491,11473,0.06405166019458675,0.12642641706632332,0.5492741011548623,0.5492741011548623,33.5,138.06352279282197,162.7696669906416,0.0,
ID10680 → ID10821,17,10680,10821,0.14501347708895063,0.8734717269278951,1.5448046346801871,1.5448046346801871,3.5,143.27126911192948,158.3912815776772,0.0,
ID11389 → ID11407,17,11389,11407,0.12323010279950508,1.1792841432018473,1.1263352115332774,1.1263352115332774,31.5,137.51801629673176,162.47619212005623,0.0,
ID11027 → ID11295,17,11027,11295,0.05497063698111404,2.3887436704819747,0.599236938948021,0.599236938948021,20.5,138.47696068362023,162.49203664142348,0.0,
ID10898 → ID10964,17,10898,10964,0.08811459597482563,0.6045440048547795,0.6138915534675357,0.6138915534675357,15.5,139.65792279580864,161.590722683563,0.0,
ID11295 → ID11083,17,11295,11083,0.07468553459119498,1.754712293714171,0.5044841012060265,0.5044841012060265,21.5,138.12568644847968,162.54062409663203,0.0,
ID11283 → ID11331,17,11283,11331,0.09215850747094634,1.7426902782429774,1.0343565481176915,1.0343565481176915,28.5,137.85902290440475,163.01641461477118,0.0,
ID10722 → ID10692,17,10722,10692,0.14538342611460775,2.175238258733774,1.6992552320549223,1.6992552320549223,7.5,142.53357390846077,158.90764646010715,0.0,
ID10862 → ID11564,17,10862,11564,0.0625192130341169,0.9471423190782899,0.6965634436380581,0.6965634436380581,12.5,140.60238794060507,162.2800801415487,0.0,
ID11407 → ID11491,17,11407,11491,0.05799842850036929,2.2194429322721203,0.45508232061204007,0.45508232061204007,32.5,137.93901960938996,162.28419360804799,0.0,
ID11543 → ID11522,17,11543,11522,0.048178041653609505,0.8685391876691141,0.12097151861508353,0.12097151861508353,36.5,138.75052550854525,163.9366961875009,0.0,
ID11633 → ID11624,17,11633,11624,0.040586719029179874,0.05504655417573381,0.2644321457045023,0.2644321457045023,38.5,138.83209070745139,164.78227459199223,0.0,
ID10632 → ID11053,17,10632,11053,0.08319823719209707,2.9690765563058914,0.6794854601400688,0.6794854601400688,5.5,142.69954937773235,159.4694328786512,0.0,
ID10821 → ID10632,17,10821,10632,0.12082065442808831,1.3343154998333295,1.067208717339502,1.067208717339502,4.5,142.86537533281896,159.3450697842029,0.0,
ID11179 → ID10983,17,11179,10983,0.0953525641025641,2.434683553736637,1.0880980555514648,1.0880980555514648,18.5,138.54605376191824,162.79857264231094,0.0,
ID11053 → ID10722,17,11053,10722,0.08012601489478288,0.7438997468648954,0.5837986360317984,0.5837986360317984,6.5,143.20803864242012,159.17275934405984,0.0,
ID11564 → ID11152,17,11564,11152,0.10707307542008593,2.9980761120303425,1.251816152803601,1.251816152803601,13.5,140.55111361156574,161.99913597926894,0.0,
ID11083 → ID11129,17,11083,11129,0.08760799428360722,1.9914851286899218,0.9615988733884718,0.9615988733884718,22.5,137.70662419488937,162.3987655804977,0.0,
ID10713 → ID10614,17,10713,10614,0.08300462425202859,1.5123216433491693,0.5033344756776621,0.5033344756776621,1.5,143.9553547931585,156.88254798176064,0.0,
ID11213 → ID11223,17,11213,11223,0.0906215538239673,2.860924787208622,0.8085376571609474,0.8085376571609474,26.5,138.4869279844342,163.5625419116691,0.0,
ID10614 → ID10680,17,10614,10680,0.10151622745754174,0.24714185881989306,0.8292943364334205,0.8292943364334205,2.5,143.46059051323704,157.32168551996858,0.0,
ID10933 → ID10862,17,10933,10862,0.1558436509941915,0.21592784587980668,1.3715799717358244,1.3715799717358244,11.5,140.73253560641774,161.3561500960036,0.0,
ID10983 → ID11027,17,10983,11027,0.07826265109608432,2.94247947759147,0.7187519334050898,0.7187519334050898,19.5,138.36085533553356,162.71178767876788,0.0,
ID10941 → ID11179,17,10941,11179,0.07280090686250251,1.9601760412728775,0.9452233361813374,0.9452233361813374,17.5,138.7556262500235,162.50803807751947,0.0,
ID11131 → ID11213,17,11131,11213,0.11984310494931505,1.2141741415444272,1.2325513202747045,1.2325513202747045,25.5,138.32554311471603,163.36658459071177,0.0,
ID11129 → ID11224,17,11129,11224,0.08287645033787738,3.127557402741516,0.916289006171949,0.916289006171949,23.5,137.68712174516014,162.3854881006402,0.0,
ID11152 → ID10898,17,11152,10898,0.0640782283577902,1.2206094484764236,0.42359186184795317,0.42359186184795317,14.5,140.1212680108889,161.4136361202729,0.0,
ID10692 → ID10689,17,10692,10689,0.062379080747982596,0.11220521715279573,0.5846547459910477,0.5846547459910477,8.5,141.393024010375,158.898512307565,0.0,
ID10804 → ID10713,17,10804,10713,0.09509681261732184,NaN,0.9959071267098897,0.9959071267098897,0.5,143.92236263384333,156.31258899442236,0.0,
ID11358 → ID11389,17,11358,11389,0.10333891103785464,2.694977043588926,1.1013089182175602,1.1013089182175602,30.5,137.37223728958003,163.39041025056343,0.0,
ID11223 → ID11283,17,11223,11283,0.06285365837665036,2.2795974307053433,0.5126153289707658,0.5126153289707658,27.5,138.30410866510783,163.31594479982874,0.0,
ID11473 → ID11440,17,11473,11440,0.1147753830174052,0.1827406500900408,1.1626818160037395,1.1626818160037395,34.5,138.21967958385244,163.608115861255,0.0,
ID11440 → ID11543,17,11440,11543,0.07357438902387381,1.8530237369740736,0.47982744608880845,0.47982744608880845,35.5,138.51273320114078,164.0897287014381,0.0,
ID11224 → ID11131,17,11224,11131,0.05691798243509605,0.7632776043912427,0.20913296916083152,0.20913296916083152,24.5,138.08002533977714,162.75384849586976,0.0,
ID11689 → ID11678,17,11689,11678,0.08661511958655388,2.488075011959064,0.8595436821793679,0.8595436821793679,40.5,138.78078421029002,165.19958106985723,0.0,
ID10621 → ID10630,18,10621,10630,0.06400518080215867,2.5192497195848147,0.4645105217922814,0.4645105217922814,8.5,253.2859384067081,18.119885665690255,0.0,
ID11348 → ID11376,18,11348,11376,0.04336683921579554,1.4151521454539093,0.29619108397711863,0.29619108397711863,30.5,246.93929218618166,23.39386081096383,0.0,
ID11376 → ID11390,18,11376,11390,0.033970745366787236,2.5743537133718775,0.395466986363687,0.395466986363687,31.5,247.04530605937146,23.373928920983246,0.0,
ID10896 → ID10853,18,10896,10853,0.10797342192691028,0.47649998185842213,1.2591775889581345,1.2591775889581345,11.5,253.75436414393894,20.43987345107108,0.0,
ID11614 → ID11607,18,11614,11607,0.03309859154929573,0.9625801067890137,0.22617377301146407,0.22617377301146407,38.5,247.83753218710984,24.344725484806588,0.0,
ID10744 → ID10652,18,10744,10652,0.10051546391752575,NaN,1.1483759911680773,1.1483759911680773,0.5,256.41305903789294,18.13163671674686,0.0,
ID10913 → ID10871,18,10913,10871,0.29182344860538645,2.497009693864102,3.469508700180681,3.469508700180681,14.5,253.07208031727544,21.62388856532712,0.0,
ID11449 → ID11421,18,11449,11421,0.03400868306801741,0.01969197155076828,0.1847594851852628,0.1847594851852628,34.5,246.96271044081277,23.88697406056822,0.0,
ID10936 → ID10909,18,10936,10909,0.1613844059887225,1.1860954153861196,1.6229169478920416,1.6229169478920416,16.5,251.05719965786642,22.83485575632643,0.0,
ID11390 → ID11467,18,11390,11467,0.08506422018348625,2.9082402178614313,0.9350686986394424,0.9350686986394424,32.5,246.81787141134683,23.535413413776887,0.0,
ID10655 → ID10621,18,10655,10621,0.05704813078769522,1.7236988100856108,0.3136674615883545,0.3136674615883545,7.5,253.42172810458536,18.150019152685207,0.0,
ID11265 → ID11320,18,11265,11320,0.05970095864930636,0.9114499394484132,0.5492820969060823,0.5492820969060823,28.5,246.6591387728102,22.958025816431146,0.0,
ID10600 → ID11045,18,10600,11045,0.05752975657175052,0.01447545877844746,0.3121163480921489,0.3121163480921489,5.5,253.7211372738472,18.492570093714214,0.0,
ID11017 → ID11276,18,11017,11276,0.0604221396865674,0.49457752971401986,0.516138144308851,0.516138144308851,20.5,248.20123754851568,21.65051125611822,0.0,
ID11092 → ID11113,18,11092,11113,0.08829031051253278,0.24511306645971281,1.1678751806477516,1.1678751806477516,25.5,246.78378082591564,21.354583508582188,0.0,
ID11467 → ID11449,18,11467,11449,0.044870240116422266,2.3170566202197014,0.3846723699344076,0.3846723699344076,33.5,246.67834602815094,23.87307620140917,0.0,
ID11495 → ID11614,18,11495,11614,0.04329210275927642,1.2896138412723843,0.4104207951404306,0.4104207951404306,37.5,247.75254823340453,24.072331661941938,0.0,
ID10652 → ID10594,18,10652,10594,0.09861822262748077,1.2954231063706008,0.7817914160922229,0.7817914160922229,1.5,256.08608598870694,18.837070835765374,0.0,
ID10630 → ID10775,18,10630,10775,0.07571066704193741,1.2008331356470947,0.4584971522734747,0.4584971522734747,9.5,253.11145121396814,18.45834662495537,0.0,
ID10887 → ID10913,18,10887,10913,0.16611087953314163,2.409247764949518,1.3874137075125577,1.3874137075125577,13.5,253.37077915164787,20.408369454456967,0.0,
ID11607 → ID11671,18,11607,11671,0.058640613658576535,0.9249142731311261,0.45005614113349923,0.45005614113349923,39.5,248.14420617416795,24.34811185644767,0.0,
ID10790 → ID10600,18,10790,10600,0.08000284725232776,0.6187857997932037,0.789128187126416,0.789128187126416,4.5,254.07927473705325,18.91079196893441,0.0,
ID10909 → ID11163,18,10909,11163,0.07661536375347289,1.4882957874993312,0.3169475094173623,0.3169475094173623,17.5,250.303877633552,22.464344023219276,0.0,
ID11195 → ID11265,18,11195,11265,0.06159695817490629,0.1922829060596107,0.30271083032822815,0.30271083032822815,27.5,246.77281292584019,22.588777931011837,0.0,
ID11045 → ID10655,18,11045,10655,0.04396231801313055,0.5763042652325517,0.27951337805248905,0.27951337805248905,6.5,253.487216243468,18.332127188358236,0.0,
ID11320 → ID11348,18,11320,11348,0.05524389592349355,2.040500995934473,0.4410544605644555,0.4410544605644555,29.5,246.71927961170718,23.214182163744766,0.0,
ID10775 → ID10896,18,10775,10896,0.11234496097818225,0.36355649732934914,1.2763200331914182,1.2763200331914182,10.5,253.44262259731204,19.248029238274437,0.0,
ID11069 → ID11091,18,11069,11091,0.06660361572877926,0.5394436434419028,0.6210097361937342,0.6210097361937342,22.5,247.06242702404688,20.74228453667661,0.0,
ID11276 → ID11069,18,11276,11069,0.10192672998642993,0.7035974999844408,0.993414632731566,0.993414632731566,21.5,247.556511472717,21.345334342863985,0.0,
ID11421 → ID11521,18,11421,11521,0.04905200904505136,0.5460726920854055,0.33504898069615235,0.33504898069615235,35.5,247.20319968369034,23.81476710413674,0.0,
ID11671 → ID11662,18,11671,11662,0.04028645436538347,0.7125622055156975,0.4183923389141051,0.4183923389141051,40.5,248.47293356767693,24.108150859984804,0.0,
ID10594 → ID10625,18,10594,10625,0.0817646015256942,0.23610253973808715,0.7654626021155619,0.7654626021155619,2.5,255.39877284538233,19.180288333772943,0.0,
ID11113 → ID11195,18,11113,11195,0.048085023653681835,0.29548901293464636,0.5189529591662807,0.5189529591662807,26.5,246.70099889265904,22.18606460504839,0.0,
ID10958 → ID11017,18,10958,11017,0.1651671495620055,0.11218287379019484,1.5274359938655249,1.5274359938655249,19.5,249.14036089670367,21.98942247626959,0.0,
ID11193 → ID11092,18,11193,11092,0.047164443320478866,0.7902845354342901,0.2477811991703304,0.2477811991703304,24.5,246.8870882740448,20.65742961216107,0.0,
ID10853 → ID10887,18,10853,10887,0.12276214833759591,1.9733252087993784,1.1296400030147404,1.1296400030147404,12.5,253.24126232351028,20.856426928064668,0.0,
ID11521 → ID11495,18,11521,11495,0.045792586519881384,0.7939708095471688,0.42735602300336656,0.42735602300336656,36.5,247.55497790178947,23.802015144286084,0.0,
ID10625 → ID10790,18,10625,10790,0.08287074874743983,0.8221876671088055,0.7638516810650272,0.7638516810650272,3.5,254.70814309312556,19.30012315483497,0.0,
ID11091 → ID11193,18,11091,11193,0.04788732394366313,2.0536387225686124,0.11161596794826023,0.11161596794826023,23.5,246.91765947275758,20.492326885632004,0.0,
ID10871 → ID10936,18,10871,10936,0.06177132337901414,0.4505940750936881,0.4846499872906297,0.4846499872906297,15.5,251.91285212982564,23.199044554208452,0.0,
ID11163 → ID10958,18,11163,10958,0.06707385707675995,1.423462398998279,0.45095877779871224,0.45095877779871224,18.5,250.00991465239355,22.458701535986094,0.0,
ID11507 → ID11623,19,11507,11623,0.053097345132743334,2.6202448688046394,0.4611771041176662,0.4611771041176662,37.5,145.9302010927828,100.70008558979147,0.0,
ID10857 → ID11547,19,10857,11547,0.12925748819197858,1.8650388491327403,1.2451740102510522,1.2451740102510522,12.5,143.22560484389004,100.27529191737818,0.0,
ID10684 → ID10603,19,10684,10603,0.05764588953570726,0.5884361959882083,0.279114780249316,0.279114780249316,1.5,147.6016459276018,93.88804487179488,0.0,
ID11133 → ID11208,19,11133,11208,0.07565460197039331,0.014484489119875016,0.9885315106552409,0.9885315106552409,26.5,146.86373356339294,100.35025683851399,0.0,
ID11284 → ID11077,19,11284,11077,0.09503165820546378,0.8580477537890504,1.0938423581513743,1.0938423581513743,21.5,145.86866982536273,99.51402192150223,0.0,
ID10650 → ID10808,19,10650,10808,0.014388489208633115,1.739019289928221,0.08110478945410189,0.08110478945410189,3.5,147.2093802510741,94.90652351162353,0.0,
ID11479 → ID11457,19,11479,11457,0.09623138648251373,0.2600778005644064,1.0991399195103526,1.0991399195103526,33.5,143.70709564909322,102.1562401526919,0.0,
ID11021 → ID11284,19,11021,11284,0.054509299333251215,0.8742265913583022,0.4108905717779768,0.4108905717779768,20.5,145.1963292770222,99.70438940586973,0.0,
ID11103 → ID11207,19,11103,11207,0.03911149432778083,1.0098936573332746,0.28041075890529554,0.28041075890529554,23.5,147.93002571387825,98.6494020733362,0.0,
ID10918 → ID11170,19,10918,11170,0.06014823261117541,0.19345389879022498,0.5764193098948355,0.5764193098948355,17.5,143.8997228192532,100.87521926379195,0.0,
ID10659 → ID10786,19,10659,10786,0.07994454713493448,0.913621441365179,0.9731407850246421,0.9731407850246421,9.5,144.82814833468808,98.30089772045325,0.0,
ID10949 → ID10918,19,10949,10918,0.06728428455504198,2.6309570404928238,0.7225662626431594,0.7225662626431594,16.5,143.41427993743727,101.30218694205497,0.0,
ID11623 → ID11615,19,11623,11615,0.08107179663345931,3.104054137231876,0.8880939206428181,0.8880939206428181,38.5,145.9477249874309,100.48700890612655,0.0,
ID10603 → ID10650,19,10603,10650,0.09496587945264312,1.6027974682096169,1.0981172479905268,1.0981172479905268,2.5,147.4854459433084,94.43807746299132,0.0,
ID10609 → ID11049,19,10609,11049,0.06495571201453743,0.0026433746024336615,0.5871207747493525,0.5871207747493525,5.5,145.59904316738528,95.27969089341931,0.0,
ID11430 → ID11533,19,11430,11533,0.12245820153637677,0.04294893403293891,1.5235628889403514,1.5235628889403514,35.5,144.9599672167227,101.39797139347007,0.0,
ID11273 → ID11326,19,11273,11326,0.07302846476901703,2.4805748541852735,0.777767693639677,0.777767693639677,28.5,145.38397714768706,100.96540835023275,0.0,
ID11381 → ID11398,19,11381,11398,0.04769692495745104,1.7032390539639923,0.42259310846477466,0.42259310846477466,31.5,145.81720232451642,101.35447263017357,0.0,
ID11615 → ID11679,19,11615,11679,0.0668370760494732,0.232896971505036,0.6855982310029667,0.6855982310029667,39.5,146.05908812145535,99.7133773746065,0.0,
ID11457 → ID11430,19,11457,11430,0.10849056603773588,3.1207879572199757,1.2521720210718097,1.2521720210718097,34.5,143.77764400255467,102.12420018324076,0.0,
ID11679 → ID11668,19,11679,11668,0.06328765634235956,2.5723711011062114,0.5676903907642942,0.5676903907642942,40.5,146.234456699809,99.65501306064517,0.0,
ID10970 → ID11021,19,10970,11021,0.06805521918140067,0.7628667053162017,0.11776349668935515,0.11776349668935515,19.5,145.01133701500993,99.86863098272444,0.0,
ID11353 → ID11381,19,11353,11381,0.05172093023255819,2.5780134126576963,0.40670503596197266,0.40670503596197266,30.5,145.99265923891636,101.56391255306926,0.0,
ID10691 → ID10654,19,10691,10654,0.0784383318544809,0.3427495112048114,0.832601092029788,0.832601092029788,7.5,145.30127286258067,96.73843788437884,0.0,
ID10906 → ID10857,19,10906,10857,0.10697627256134445,0.04310239676565843,1.2168585746538145,1.2168585746538145,11.5,143.16195553835144,99.54451556772847,0.0,
ID11533 → ID11507,19,11533,11507,0.061634447227871036,0.5139691058771086,0.6269716006480274,0.6269716006480274,36.5,145.7739047127717,100.74070622271671,0.0,
ID11207 → ID11108,19,11207,11108,0.08075237293547677,0.9274541365912335,0.8282964852934596,0.8282964852934596,24.5,148.14197869597822,99.11407018849678,0.0,
ID10808 → ID10609,19,10808,10609,0.11374296435272369,0.8741605346872425,1.3331223158055494,1.3331223158055494,4.5,146.5302139350012,95.04569726963344,0.0,
ID11077 → ID11103,19,11077,11103,0.12727272727272732,0.5214438903939235,1.6520334977321838,1.6520334977321838,22.5,147.10892488634425,99.0379470589148,0.0,
ID11108 → ID11133,19,11108,11133,0.1010752688172043,1.2344074295488634,1.102170129790717,1.102170129790717,25.5,147.75504218311897,99.80411570585431,0.0,
ID10784 → ID10684,19,10784,10684,0.09432775142773986,NaN,0.9580465033141007,0.9580465033141007,0.5,147.22202467343976,93.42324141267537,0.0,
ID10882 → ID10949,19,10882,10949,0.05346010612901497,0.7966846013848394,0.5739916638831105,0.5739916638831105,15.5,143.23627083787943,101.28530014975316,0.0,
ID11145 → ID10882,19,11145,10882,0.05665968056660042,0.5407074676663416,0.3745016609460317,0.3745016609460317,14.5,143.47048753099222,100.91420776305989,0.0,
ID10786 → ID10906,19,10786,10906,0.07960297766749558,0.16299654207960768,0.9904761479141158,0.9904761479141158,10.5,144.01273842933347,98.84188450446516,0.0,
ID11547 → ID11145,19,11547,11145,0.034961024137062924,1.5128272429823524,0.24201713033312294,0.24201713033312294,13.5,143.6918400826836,100.71530561509715,0.0,
ID11170 → ID10970,19,11170,10970,0.10567936736160788,0.18453923224471597,1.1708339425201737,1.1708339425201737,18.5,144.54391203239322,100.2899721217236,0.0,
ID10654 → ID10659,19,10654,10659,0.08011276870668471,0.3860646778655694,0.9335580245099937,0.9335580245099937,8.5,145.32574643058337,97.60482454130604,0.0,
ID11398 → ID11479,19,11398,11479,0.12890630622379018,0.3788428367044718,1.5290087359406221,1.5290087359406221,32.5,144.88413321915837,101.59667364316125,0.0,
ID11326 → ID11353,19,11326,11353,0.05996309488930196,0.6290890059527408,0.6415735930072608,0.6415735930072608,29.5,145.8358284147207,101.46710547075949,0.0,
ID11049 → ID10691,19,11049,10691,0.08823045464472323,1.2161352717735618,0.9886288783491562,0.9886288783491562,6.5,145.2597891521697,95.84202300575144,0.0,
ID11208 → ID11273,19,11208,11273,0.12685964709952868,0.4506420571015384,1.3989166409342968,1.3989166409342968,27.5,145.74879726888076,100.6862129138178,0.0,
ID10937 → ID10863,20,10937,10863,0.45798961197675225,0.10675888095922668,3.445385307468066,3.445385307468066,11.5,453.7676819407008,162.45171608265946,0.0,
ID10620 → ID10688,20,10620,10688,0.5135278514589089,0.15339642471856907,3.5367785073215745,3.5367785073215745,2.5,457.8556576164478,161.7105128867247,0.0,
ID11357 → ID11387,20,11357,11387,0.07592121982212707,3.065219540254261,0.11751597592405426,0.11751597592405426,30.5,450.1136079017929,161.39415040415815,0.0,
ID11387 → ID11405,20,11387,11405,0.0565977829290818,0.09977595042018356,0.2787326089587207,0.2787326089587207,31.5,449.9251312227997,161.45455174549713,0.0,
ID10961 → ID10938,20,10961,10938,0.11442431159938271,2.9062286776190396,0.48563158356091557,0.48563158356091557,16.5,449.5226846846847,158.09889289289288,0.0,
ID11209 → ID11220,20,11209,11220,0.0851508237627302,1.7597684960841689,0.580355613120931,0.580355613120931,26.5,449.6761491242865,160.9590671631854,0.0,
ID11220 → ID11281,20,11220,11281,0.10516129032259847,0.3658777904550574,0.7910982418187921,0.7910982418187921,27.5,450.06212886440153,161.51228191000916,0.0,
ID11330 → ID11357,20,11330,11357,0.08324404516603923,2.334221844261748,0.4022439419015924,0.4022439419015924,29.5,449.97953810997706,161.44274763597915,0.0,
ID10897 → ID10961,20,10897,10961,0.060584199923748305,1.9402232711525171,0.35309820463960884,0.35309820463960884,15.5,449.56770446278404,158.16765571649796,0.0,
ID11687 → ID11676,20,11687,11676,0.06702518625153031,2.8324177290213313,0.5190011116624371,0.5190011116624371,40.5,450.6808059160915,159.13994321523649,0.0,
ID11561 → ID11151,20,11561,11151,0.13728323699421963,2.2096789099891465,0.8931812173753183,0.8931812173753183,13.5,448.56651797555037,157.79033708677935,0.0,
ID10688 → ID10825,20,10688,10825,0.29103214890016915,1.5008599659805866,1.486725273218251,1.486725273218251,3.5,455.8912486536792,161.642642030304,0.0,
ID11519 → ID11631,20,11519,11631,0.11862452322521833,0.980640386809384,1.234997819419556,1.234997819419556,37.5,450.4321571260055,160.6216681782346,0.0,
ID11631 → ID11622,20,11631,11622,0.09726087593375987,0.520924212234692,0.7732602128906791,0.7732602128906791,38.5,450.4049852016278,159.64996727283074,0.0,
ID10800 → ID10937,20,10800,10937,0.31094527363184077,2.5565472738651103,1.869809017315065,1.869809017315065,10.5,456.3589806419995,163.0258719268153,0.0,
ID10938 → ID11178,20,10938,11178,0.07297949336549214,2.6145667172989433,0.21951047362693943,0.21951047362693943,17.5,449.56966891587945,157.94812775528564,0.0,
ID11469 → ID11438,20,11469,11438,0.12315930388217111,2.8567627611257596,1.0440687351719797,1.0440687351719797,34.5,448.61280558947226,161.1946063401619,0.0,
ID11405 → ID11487,20,11405,11487,0.12305049500475151,0.43376861970950376,1.0359573960090416,1.0359573960090416,32.5,449.27804042130293,161.4523399525694,0.0,
ID11082 → ID11123,20,11082,11123,0.1885017421602604,2.567366027801849,1.3781549099572572,1.3781549099572572,22.5,448.4103031482904,160.0166083962707,0.0,
ID10717 → ID10620,20,10717,10620,0.24539473684220603,1.6439968193129186,0.891025295510513,0.891025295510513,1.5,459.95216049382714,161.01227553310886,0.0,
ID10638 → ID11055,20,10638,11055,0.4697095435684647,1.6112052433509685,2.690462452579181,2.690462452579181,5.5,456.78601958199965,161.70923554886085,0.0,
ID11026 → ID11293,20,11026,11293,0.13134505968540067,0.9095714004067824,0.8480531920915506,0.8480531920915506,20.5,448.3949178144104,159.75782606627178,0.0,
ID10724 → ID10699,20,10724,10699,0.13040062843673506,1.3842540332793716,0.3265953681678539,0.3265953681678539,7.5,457.34866198013606,162.20265142775105,0.0,
ID10863 → ID11561,20,10863,11561,0.5737415366500036,0.6837915183243454,5.7637132613000714,5.7637132613000714,12.5,450.3998299869221,159.6899746134318,0.0,
ID11487 → ID11469,20,11487,11469,0.08581752484191507,0.24856583806668597,0.7120991965097675,0.7120991965097675,33.5,448.4269971973224,161.28407029084536,0.0,
ID10980 → ID11026,20,10980,11026,0.1645714285714286,0.45939869499149605,0.9794156733486312,0.9794156733486312,19.5,449.1228234795376,159.3773083524619,0.0,
ID11055 → ID10724,20,11055,10724,0.18072847140882986,2.447495106451548,0.7392602336650244,0.7392602336650244,6.5,457.77705402578476,162.15615708258412,0.0,
ID10807 → ID10717,20,10807,10717,0.5650969529085872,NaN,2.0934676556178813,2.0934676556178813,0.5,460.1075650118203,159.9160219213411,0.0,
ID11438 → ID11541,20,11438,11541,0.0841276507898241,0.6438496478352945,0.5443393919509633,0.5443393919509633,35.5,449.34184600543716,161.40044111198807,0.0,
ID10825 → ID10638,20,10825,10638,0.17153540546856738,2.4745342058745656,0.48609790523786384,0.48609790523786384,4.5,455.5277042497347,161.2003685709499,0.0,
ID11281 → ID11330,20,11281,11330,0.0998159029581418,2.8255635724050054,0.6206372489186489,0.6206372489186489,28.5,450.06204186236033,161.65164382680305,0.0,
ID11123 → ID11221,20,11123,11221,0.08302955442414406,1.685463544551157,0.4291240661391574,0.4291240661391574,23.5,448.7301245674517,160.63688741155357,0.0,
ID11293 → ID11082,20,11293,11082,0.07578526879091996,1.350342915723386,0.22961803496043023,0.22961803496043023,21.5,447.94672320402947,159.64210191918562,0.0,
ID10699 → ID10700,20,10699,10700,0.20779220779220775,0.8558173800607713,1.2240575436046321,1.2240575436046321,8.5,456.6348913516149,162.05158107888485,0.0,
ID11541 → ID11519,20,11541,11519,0.09981983121028826,1.1204978928816292,0.8507067372109958,0.8507067372109958,36.5,449.9383083126346,161.4031245642568,0.0,
ID11622 → ID11687,20,11622,11687,0.07191909102259608,1.3922496260836108,0.6737929178828576,0.6737929178828576,39.5,450.56353760396075,159.11694811928822,0.0,
ID11151 → ID10897,20,11151,10897,0.19683921642852864,2.0603719989361733,1.1861843788735464,1.1861843788735464,14.5,449.01685062387054,158.10544275727008,0.0,
ID11127 → ID11209,20,11127,11209,0.09761819758250734,1.6727473130841664,0.9276954615390478,0.9276954615390478,25.5,449.1774756561026,160.9483804341076,0.0,
ID11178 → ID10980,20,11178,10980,0.10953071779988965,0.7920980376604951,0.9749188007102881,0.9749188007102881,18.5,449.52836070817426,158.51655544931134,0.0,
ID11221 → ID11127,20,11221,11127,0.08400541970446829,1.3838600229400178,0.4914213957889693,0.4914213957889693,24.5,448.67670210772906,160.98781858635218,0.0,
ID10700 → ID10800,20,10700,10800,0.3070422535211268,2.4464628930359593,1.69708602672936,1.69708602672936,9.5,456.65343587015946,162.59618737349112,0.0,
ID11454 → ID11566,21,11454,11566,0.07998945990232564,1.2270800099260655,0.8024034015102286,0.8024034015102286,35.5,143.694044798553,451.1217184454889,0.0,
ID10738 → ID10826,21,10738,10826,0.08871342313051556,0.7064863069616685,1.336590386747794,1.336590386747794,9.5,145.3124373936874,462.6060964373464,0.0,
ID11234 → ID11247,21,11234,11247,0.21842832036153648,1.2489659602915877,1.805457514059262,1.805457514059262,26.5,145.2767799133644,451.0570706820273,0.0,
ID10760 → ID10742,21,10760,10742,0.0727855344472419,0.15160093897031485,0.9700320594849938,0.9700320594849938,7.5,147.7398286340246,461.9627182633318,0.0,
ID11594 → ID11165,21,11594,11165,0.11070708339596858,2.8335496427673994,1.3557490169107769,1.3557490169107769,13.5,149.56787110860154,464.32100116694903,0.0,
ID11243 → ID11573,21,11243,11573,0.24347487339306084,1.6346163543976415,1.8028643704644691,1.8028643704644691,24.5,144.89319042286567,448.4832346824508,0.0,
ID10873 → ID11594,21,10873,11594,0.106366256222164,0.059143857139682926,1.5242912254741683,1.5242912254741683,12.5,149.4873043515026,464.09908154314724,0.0,
ID10984 → ID10873,21,10984,10873,0.21453770110486126,0.8383752736823831,3.552261360948749,3.552261360948749,11.5,146.96971294214916,463.7830969175516,0.0,
ID10657 → ID10733,21,10657,10733,0.0736999196418322,2.8775117530515653,0.9458907176408237,0.9458907176408237,2.5,149.44257673475158,460.9806317269863,0.0,
ID10842 → ID10685,21,10842,10685,0.08713503649635035,1.6325388574717286,1.213311396929987,1.213311396929987,4.5,149.69182877606832,461.2963194150562,0.0,
ID11102 → ID11570,21,11102,11570,0.5328701229289037,0.03183312324145915,5.808787055269268,5.808787055269268,22.5,148.01415637860083,450.8590740740741,0.0,
ID11540 → ID11648,21,11540,11648,0.06368471141465981,0.3360709326563483,0.4318021884777715,0.4318021884777715,37.5,143.40643067565907,451.859343491414,0.0,
ID11165 → ID10917,21,11165,10917,0.36079341805148646,0.9179825748085718,4.92747109239298,4.92747109239298,14.5,147.69187489493476,466.56578774607385,0.0,
ID11490 → ID11454,21,11490,11454,0.09019297295044326,0.7699696747157776,0.36781688702661014,0.36781688702661014,34.5,144.07861072463183,451.43256104692193,0.0,
ID10733 → ID10842,21,10733,10842,0.04845420960530644,2.2934013082700795,0.6647097140568651,0.6647097140568651,3.5,149.5422964632586,460.63962380882134,0.0,
ID11247 → ID11299,21,11247,11299,0.06774673777320295,0.7508357129346539,0.43120236737078543,0.43120236737078543,27.5,144.98280410077996,452.08642765253956,0.0,
ID11312 → ID11102,21,11312,11102,0.5838693715982595,2.7306258742746605,6.894534082456926,6.894534082456926,21.5,152.66035714285715,455.18876984126985,0.0,
ID11009 → ID11035,21,11009,11035,0.6865342163355348,0.787286533990682,7.427489391681255,7.427489391681255,19.5,152.38939089692104,458.5245346465226,0.0,
ID11427 → ID11514,21,11427,11514,0.07587606976797934,2.035805218986366,0.6336591007567529,0.6336591007567529,32.5,144.05771436397657,451.51569665229016,0.0,
ID10826 → ID10984,21,10826,10984,0.058143270157413496,1.4868141058863154,0.6806728778257204,0.6806728778257204,10.5,145.00454145190986,463.31729631203314,0.0,
ID11404 → ID11427,21,11404,11427,0.08902779922021109,1.1434109663080938,0.680908535105291,0.680908535105291,31.5,144.11015559752906,451.8574555607631,0.0,
ID10917 → ID11002,21,10917,11002,0.6169340533722315,1.9550968926008743,10.709655814436731,10.709655814436731,15.5,151.79884402245153,469.3915040771701,0.0,
ID11573 → ID11234,21,11573,11234,0.19218144817174454,2.073322308358215,2.1638834204557176,2.1638834204557176,25.5,144.84105882770456,449.50351625331984,0.0,
ID11570 → ID11243,21,11570,11243,0.13164556962024687,0.536775720260771,0.6756814364482516,0.6756814364482516,23.5,145.83486559845898,448.5166863672183,0.0,
ID11638 → ID11704,21,11638,11704,0.11168104453251548,0.6306312233565439,1.127509435916893,1.127509435916893,39.5,142.29407787666793,454.0728638621859,0.0,
ID11366 → ID11404,21,11366,11404,0.06618569636136395,0.8815683788317199,0.06806652826279817,0.06806652826279817,30.5,144.41432972944284,452.0422547313699,0.0,
ID11002 → ID10973,21,11002,10973,0.29382004482869195,2.2805183228839754,3.8009902832158633,3.8009902832158633,16.5,156.0644477183027,468.48167730670593,0.0,
ID10742 → ID10738,21,10742,10738,0.09096872949922985,0.43117955855288126,1.4802314035812814,1.4802314035812814,8.5,146.55966405167447,462.16875000000005,0.0,
ID10749 → ID10657,21,10749,10657,0.04816065398969094,0.11918226287599927,0.626643984384996,0.626643984384996,1.5,149.45126284114198,461.1695190689759,0.0,
ID11338 → ID11366,21,11338,11366,0.09113360127839387,2.240095797367451,0.829471578522292,0.829471578522292,29.5,144.7248807983762,452.3499468879862,0.0,
ID10973 → ID11191,21,10973,11191,0.30119014150501355,0.597938993927259,3.691199011981466,3.691199011981466,17.5,153.31104126774858,466.19369997174874,0.0,
ID11648 → ID11638,21,11648,11638,0.19241516966067862,0.27675959490735874,1.783175273893302,1.783175273893302,38.5,142.8117089360812,452.78572727350763,0.0,
ID11299 → ID11338,21,11299,11338,0.07532922000186626,0.38616728896815683,0.3340057809361289,0.3340057809361289,28.5,145.04507472304,452.45683990706914,0.0,
ID11514 → ID11490,21,11514,11490,0.05492969676437265,2.8290411475040242,0.08937223214017442,0.08937223214017442,33.5,144.28487093234486,451.3613147192215,0.0,
ID11566 → ID11540,21,11566,11540,0.08754837669317939,2.596821670162852,0.8801872047021692,0.8801872047021692,36.5,143.4850316723635,451.21628827077257,0.0,
ID11704 → ID11693,21,11704,11693,0.11350188273264461,0.10762004494047053,1.19507621369688,1.19507621369688,40.5,142.23718967196692,455.2310809950403,0.0,
ID11035 → ID11312,21,11035,11312,0.3063567628115098,2.20244651503609,2.4245856749658024,2.4245856749658024,20.5,154.71726190476193,456.3971560846561,0.0,
ID11065 → ID10760,21,11065,10760,0.059401078259868845,0.9736222107572582,0.9207648097291866,0.9207648097291866,6.5,148.6220276704844,461.63048193673717,0.0,
ID10827 → ID10749,21,10827,10749,0.07638695288542352,NaN,0.9222580661188842,0.9222580661188842,0.5,148.9613228076825,460.57145276635976,0.0,
ID10685 → ID11065,21,10685,11065,0.058611656843484905,1.9709171787908646,0.5886528387123675,0.5886528387123675,5.5,149.2909426020738,461.6898224969348,0.0,
ID11191 → ID11009,21,11191,11009,0.3420258620689707,0.9085699688392133,3.8785194533083036,3.8785194533083036,18.5,151.08222658975671,463.6245096214976,0.0,
ID10696 → ID10754,22,10696,10754,0.5713673381911524,0.8834680519952319,5.4731868557415195,5.4731868557415195,2.5,262.8637932216168,491.0681105285403,0.0,
ID10763 → ID10696,22,10763,10696,0.6992717086834723,NaN,10.077891860393885,10.077891860393885,1.5,265.68079803584885,484.5533096433015,0.0,
ID10754 → ID10849,22,10754,10849,0.47619047619047616,0.48485286112736753,3.7197985774802658,3.7197985774802658,3.5,259.67905497501135,494.20050986925133,0.0,
ID10673 → ID10818,23,10673,10818,0.298268120590122,2.53425359036844,2.248665776778205,2.248665776778205,3.5,4.163055079092815,137.08572517629122,0.0,
ID10818 → ID10627,23,10818,10627,0.37480012791813266,2.9793779963320643,2.660414399672408,2.660414399672408,4.5,4.424152112141067,136.96961811262318,0.0,
ID10610 → ID10673,23,10610,10673,0.14608971814211968,NaN,0.8236625788107264,0.8236625788107264,2.5,4.620954484112379,136.4048460311618,0.0,
ID10617 → ID10686,24,10617,10686,0.29260450160755724,NaN,0.7682704126166042,0.7682704126166042,2.5,454.317816091954,149.9611111111111,0.0,
ID10637 → ID11054,24,10637,11054,0.1699761715650724,2.2314481965943886,0.5267911794175876,0.5267911794175876,5.5,452.41023134571526,149.56869772998806,0.0,
ID10686 → ID10823,24,10686,10823,0.45967741935483875,0.6888898442273248,1.8339374691343708,1.8339374691343708,3.5,453.0941144114412,149.77464246424643,0.0,
ID10823 → ID10637,24,10823,10637,0.14649681528696779,1.3804287471882044,0.1631972290460578,0.1631972290460578,4.5,452.19070939352,149.53037723127153,0.0,
ID10595 → ID11042,25,10595,11042,0.2777777777777778,NaN,0.44385260462492204,0.44385260462492204,5.5,156.68019943019942,0.3803418803418804,0.0,
ID10611 → ID10624,25,10611,10624,0.4113418530351435,2.8818299217882943,1.1148527617637953,1.1148527617637953,8.5,157.24354482660402,1.2242113508509578,0.0,
ID11042 → ID10645,25,11042,10645,0.4012738853503185,0.8299342549302555,0.9050814267936547,0.9050814267936547,6.5,156.74633862433862,1.0010158730158731,0.0,
ID10645 → ID10611,25,10645,10611,0.3327137546468403,2.1151920975458305,0.8988545520890301,0.8988545520890301,7.5,157.18436203090508,1.0661898454746137,0.0,
ID10624 → ID10772,25,10624,10772,0.47074122236671,1.6147932450289313,2.4177832490008018,2.4177832490008018,9.5,155.93477991800108,1.2248704262396535,0.0,
ID10883 → ID10892,25,10883,10892,0.37735849056603754,0.34843717472840624,1.1435113751046189,1.1435113751046189,13.5,153.32569758672702,1.2070135746606334,0.0,
ID10851 → ID10883,25,10851,10883,0.2196261682242986,1.1632201901312054,0.8541353014612529,0.8541353014612529,12.5,154.1421360917248,0.6577143569292124,0.0,
ID10772 → ID10891,25,10772,10891,0.4483892176199873,2.77242585079978,1.4990180898666194,1.4990180898666194,10.5,155.35829797700302,1.2529514849658736,0.0,
ID10891 → ID10851,25,10891,10851,0.5438441098317096,3.1041013841426834,1.8668695191932532,1.8668695191932532,11.5,155.2063957699551,1.1446110386788353,0.0,
ID11070 → ID10778,26,11070,10778,0.30147058823529416,2.90283547174787,2.929485218478074,2.929485218478074,6.5,266.31591071371264,467.695245559353,0.0,
ID10709 → ID11070,26,10709,11070,0.310091743119266,NaN,0.35548592186984973,0.35548592186984973,5.5,265.05116665366415,467.9627550124824,0.0,
ID11526 → ID11502,27,11526,11502,0.363877430760158,2.367937624119432,2.2827279617019425,2.2827279617019425,33.5,260.7765792808469,484.08198983476683,0.0,
ID11200 → ID11012,27,11200,11012,0.18399194563301124,1.4176934683649511,2.0305602232367352,2.0305602232367352,18.5,260.1476393211157,481.80113459543566,0.0,
ID11122 → ID11589,27,11122,11589,0.4037457783236178,1.7478398915349602,4.52605983793421,4.52605983793421,22.5,261.18455924898467,487.0749388484216,0.0,
ID11465 → ID11579,27,11465,11579,0.3198966090220854,0.8906139455712804,3.7476841459136088,3.7476841459136088,35.5,265.03062042124543,484.3272474053724,0.0,
ID11551 → ID11654,27,11551,11654,0.15373572065708596,0.5500684627496207,1.6412311215524737,1.6412311215524737,37.5,261.95133739200503,482.53594031439656,0.0,
ID10841 → ID10995,27,10841,10995,0.48920940745923724,2.5877787049733554,5.152200288379156,5.152200288379156,10.5,256.8526852927673,480.6842582689337,0.0,
ID11645 → ID11710,27,11645,11710,0.23852638151722083,2.5336399930436704,1.81544424949962,1.81544424949962,39.5,263.0301272577997,480.93745484400654,0.0,
ID11039 → ID11315,27,11039,11315,0.23106591865358095,2.6378471519067235,2.617025801349629,2.617025801349629,20.5,265.67151081577754,483.7371882482754,0.0,
ID11502 → ID11465,27,11502,11465,0.32563947328593834,0.8779083331165639,2.314046437522252,2.314046437522252,34.5,262.58785232505113,483.05837728202187,0.0,
ID11595 → ID11248,27,11595,11248,0.35410149461243723,1.0975115086838063,3.780832083113115,3.780832083113115,25.5,259.7823906411393,484.30545159066287,0.0,
ID11315 → ID11122,27,11315,11122,0.47484622855294123,2.3175852909784984,5.882020176060259,5.882020176060259,21.5,264.10681420853524,485.3758500717708,0.0,
ID10928 → ID11005,27,10928,11005,0.4589726484322957,2.049461019715122,4.811458717612565,4.811458717612565,15.5,265.87156233871565,484.78622837016997,0.0,
ID10762 → ID10783,27,10762,10783,0.38314491264129136,2.255685887519815,1.963188166802124,1.963188166802124,8.5,256.38846153846157,480.6972874112705,0.0,
ID11248 → ID11261,27,11248,11261,0.126844158046444,1.239115092416046,0.355960146131604,0.355960146131604,26.5,258.3048452340164,483.02430680951807,0.0,
ID11435 → ID11526,27,11435,11526,0.16194229058083276,0.6537317611379962,1.137805523240349,1.137805523240349,32.5,260.0284547070801,484.45302533946904,0.0,
ID10995 → ID10878,27,10995,10878,0.616213985312736,1.2786083157508734,7.412482227677957,7.412482227677957,11.5,261.8855051327054,479.9469624291694,0.0,
ID10878 → ID11601,27,10878,11601,0.4463894967177243,1.8140984584632223,5.815862288126773,5.815862288126773,12.5,262.5629078361786,475.8799456099178,0.0,
ID11710 → ID11702,27,11710,11702,0.2464589235127479,0.03338297343576345,2.1875054066605393,2.1875054066605393,40.5,262.8401294658901,482.92961347322404,0.0,
ID11412 → ID11435,27,11412,11435,0.39542143600413804,2.6790015851217968,4.155752802300823,4.155752802300823,31.5,258.42869644290727,482.4633624652972,0.0,
ID11654 → ID11645,27,11654,11645,0.3312154926060782,1.1968552392263034,2.3580907423787374,2.3580907423787374,38.5,262.354198536868,480.9209720411415,0.0,
ID10792 → ID10762,27,10792,10762,0.6353591160220995,0.6558750763683023,8.017157700508637,8.017157700508637,7.5,257.3496438746439,484.03347578347575,0.0,
ID11308 → ID11343,27,11308,11343,0.17080007474834613,2.4885819799723725,1.6442340854841069,1.6442340854841069,28.5,257.7483730110034,483.4946690800507,0.0,
ID11579 → ID11551,27,11579,11551,0.4053333333333333,2.8747652298528923,4.669780535163743,4.669780535163743,36.5,264.3234979821211,484.47624803515976,0.0,
ID11012 → ID11039,27,11012,11039,0.5496350364963504,2.3725549560918595,7.573952670092545,7.573952670092545,19.5,263.1051351360489,482.8497276655306,0.0,
ID11343 → ID11370,27,11343,11370,0.09146519079520987,2.7274898898386746,0.21877201584548767,0.21877201584548767,29.5,258.11731773272146,484.11681631235564,0.0,
ID11256 → ID11595,27,11256,11595,0.2680901542111507,2.339955258067011,2.5566628081011396,2.5566628081011396,24.5,260.68796408566993,486.8726979182185,0.0,
ID11171 → ID10928,27,11171,10928,0.48430480990467173,0.2884422127788473,6.020682404110703,6.020682404110703,14.5,265.9324122710609,481.92708941290016,0.0,
ID11589 → ID11256,27,11589,11256,0.21339950372208438,2.5469230595585626,2.3568945722986285,2.3568945722986285,23.5,259.7387587192781,487.0349254946434,0.0,
ID10783 → ID10841,27,10783,10841,0.30733944954130055,1.9252529770481848,2.3672065801508593,2.3672065801508593,9.5,255.21646942800788,480.2678824145578,0.0,
ID10979 → ID11200,27,10979,11200,0.24309392265193375,1.387108195665825,2.4171665743026014,2.4171665743026014,17.5,261.5877493729048,482.6909739315938,0.0,
ID11601 → ID11171,27,11601,11171,0.45694013496213925,2.779815733128975,6.7540970885872555,6.7540970885872555,13.5,262.01083213694153,476.96926739588486,0.0,
ID11370 → ID11412,27,11370,11412,0.3304694975768353,0.6597193403865467,3.21903042292485,3.21903042292485,30.5,257.4719544010889,482.54702624016943,0.0,
ID11074 → ID10792,27,11074,10792,0.3696581196581197,NaN,1.8974584875329743,1.8974584875329743,6.5,257.05638007629534,488.8199925153315,0.0,
ID11005 → ID10979,27,11005,10979,0.2689721421709894,1.6492528706749525,3.11065873713589,3.11065873713589,16.5,263.1992167437083,484.09439571727705,0.0,
ID11261 → ID11308,27,11261,11308,0.15265710244490305,0.7602633640420171,0.903249418591723,0.903249418591723,27.5,257.7152478729337,482.9571317432051,0.0,
ID10716 → ID10682,28,10716,10682,0.2585686244904126,NaN,1.1811070009282458,1.1811070009282458,7.5,4.56321910232919,137.4167326961488,0.0,
ID10683 → ID10795,28,10683,10795,0.3255654557916373,3.1330400255079685,1.86428066090717,1.86428066090717,9.5,4.723134771422917,139.5077291817842,0.0,
ID10682 → ID10683,28,10682,10683,0.49452269170579033,0.6552531119282264,2.5312290612986197,2.5312290612986197,8.5,4.761800491312009,139.1763739373127,0.0,
ID11391 → ID11409,29,11391,11409,0.11243268373950366,0.32340855167600885,0.9831716698256338,0.9831716698256338,31.5,230.95209964647967,204.91010010902963,0.0,
ID10987 → ID11028,29,10987,11028,0.1676234213547646,3.0770747010563797,1.7252562806087026,1.7252562806087026,19.5,227.83817654153475,207.82217385295743,0.0,
ID11626 → ID11692,29,11626,11692,0.2813691111449763,0.22437567880421197,2.972738350711983,2.972738350711983,39.5,225.17666407500894,204.93634906434056,0.0,
ID10967 → ID10945,29,10967,10945,0.10418704783537525,0.25695008387891205,0.7610449174632926,0.7610449174632926,16.5,228.90223059297318,206.3437786418553,0.0,
ID11180 → ID10987,29,11180,10987,0.10389822214973199,2.5256018678178993,0.936384283743494,0.936384283743494,18.5,227.9465632579089,207.44071264536302,0.0,
ID10712 → ID10711,29,10712,10711,0.305094447624485,NaN,1.3747803897883455,1.3747803897883455,8.5,220.1634790796623,208.73721106134087,0.0,
ID11409 → ID11493,29,11409,11493,0.17791411042945737,0.8616840168401722,1.587712941547101,1.587712941547101,32.5,230.07912958725314,204.1239596575981,0.0,
ID11493 → ID11475,29,11493,11475,0.07751168465898262,0.43404626916310407,0.3042601364094358,0.3042601364094358,33.5,229.1989608494364,203.81123614207854,0.0,
ID10942 → ID10864,29,10942,10864,0.0771487239659806,1.5989342226502847,0.37857013721154475,0.37857013721154475,11.5,225.50072151751425,206.54575895108422,0.0,
ID11360 → ID11391,29,11360,11391,0.1524008350730689,3.0586293059134544,1.3867439788045002,1.3867439788045002,30.5,231.50131826741998,205.94312617702448,0.0,
ID10900 → ID10967,29,10900,10967,0.12943632567847552,0.49479393957553386,1.0609246243459338,1.0609246243459338,15.5,227.9992962809721,206.3070492863328,0.0,
ID11132 → ID11227,29,11132,11227,0.18161102882533497,0.035745751381890165,1.8774696648128761,1.8774696648128761,23.5,228.7710795902285,207.23898000394013,0.0,
ID11084 → ID11132,29,11084,11132,0.11837655016910931,2.8299215087508216,0.8891895337861004,0.8891895337861004,22.5,227.76047849091327,208.18330673452957,0.0,
ID11134 → ID11216,29,11134,11216,0.14975041597337768,1.5818219559596653,1.438908286793811,1.438908286793811,25.5,229.28470613609403,204.44936122793774,0.0,
ID11692 → ID11682,29,11692,11682,0.16693679092383573,2.1766829453749454,1.3899794113156672,1.3899794113156672,40.5,224.3954554113837,205.88789285655488,0.0,
ID11565 → ID11153,29,11565,11153,0.19426336375488917,2.744889340733114,1.6662432695913454,1.6662432695913454,13.5,225.94877883310718,206.60347041018684,0.0,
ID11442 → ID11546,29,11442,11546,0.07861827452857983,1.826902927969438,0.6495283838140061,0.6495283838140061,35.5,228.6441661730648,203.49080988553453,0.0,
ID11297 → ID11084,29,11297,11084,0.10018488039142759,2.841793406632392,0.9307968487987498,0.9307968487987498,21.5,227.66439052795033,208.07777432712214,0.0,
ID11635 → ID11626,29,11635,11626,0.13530558171107154,0.18336059292367235,1.401614435819789,1.401614435819789,38.5,227.11343878489294,203.9461863325812,0.0,
ID11285 → ID11332,29,11285,11332,0.11734722145270604,2.9868605765150686,1.0325997663078854,1.0325997663078854,28.5,230.02688914205885,204.8732085224023,0.0,
ID11524 → ID11635,29,11524,11635,0.11979078791968267,2.3517725929649336,0.9499732592585344,0.9499732592585344,37.5,228.11103835473585,203.33289521342135,0.0,
ID11225 → ID11285,29,11225,11285,0.11798767530812093,2.325049205638226,0.9858399247038553,0.9858399247038553,27.5,229.99289356089685,204.94718071878057,0.0,
ID10864 → ID11565,29,10864,11565,0.08911005670640615,1.4454578867210102,0.3133621988660859,0.3133621988660859,12.5,225.29069820749095,206.39186617719145,0.0,
ID11332 → ID11360,29,11332,11360,0.22645393721049922,0.8022198383643583,2.1026779033561636,2.1026779033561636,29.5,231.22390679988675,205.7060654684052,0.0,
ID11028 → ID11297,29,11028,11297,0.0994456434344646,3.110165534712582,1.018123536481862,1.018123536481862,20.5,227.78333436981757,208.17208126036485,0.0,
ID10711 → ID10806,29,10711,10806,0.41052267220491523,2.6545153167386193,3.5645469858025023,3.5645469858025023,9.5,221.33437643223752,208.40147318750184,0.0,
ID10806 → ID10942,29,10806,10942,0.32605729877216916,0.2760572349669728,2.8012414005232977,2.8012414005232977,10.5,224.2067146602675,207.10091276718663,0.0,
ID11475 → ID11442,29,11475,11442,0.08135666567495803,1.3550127819265487,0.49276468382675553,0.49276468382675553,34.5,228.98833442726567,203.575577166173,0.0,
ID10945 → ID11180,29,10945,11180,0.2292213473315835,2.132525726835197,2.0387529319968243,2.0387529319968243,17.5,228.57945134934963,207.16018145627922,0.0,
ID11153 → ID10900,29,11153,10900,0.16482090588127019,0.7847713438018233,0.8373125687655142,0.8373125687655142,14.5,227.11560129941552,206.5651952320659,0.0,
ID11216 → ID11225,29,11216,11225,0.11643162731738932,1.4417847676690219,1.0348150102210114,1.0348150102210114,26.5,230.20971262259397,204.6089573703133,0.0,
ID11546 → ID11524,29,11546,11524,0.1304726007538417,2.4059032091564254,0.5467279867674243,0.5467279867674243,36.5,228.44947126600118,203.38757265297863,0.0,
ID11227 → ID11134,29,11227,11134,0.2089077412513256,1.2263061296115947,2.031033955619039,2.031033955619039,24.5,229.03686316739999,205.66235427901591,0.0,
ID10996 → ID10968,30,10996,10968,0.18239647378503954,2.9267144551106883,1.132466823611798,1.132466823611798,16.5,277.58597273991654,465.46945498377374,0.0,
ID11010 → ID11036,30,11010,11036,0.08757396449704147,3.0331529039082663,0.7771236459489058,0.7771236459489058,19.5,276.15671587290643,464.89276997678854,0.0,
ID11708 → ID11696,30,11708,11696,0.06879377431903111,1.8162325730204851,0.4210603191675122,0.4210603191675122,40.5,271.51407642485754,466.8377306567668,0.0,
ID11641 → ID11708,30,11641,11708,0.08314457764763761,2.8223240071761633,0.8461389423544591,0.8461389423544591,39.5,271.33052237372766,466.4551933294924,0.0,
ID11167 → ID10920,30,11167,10920,0.1344860800688934,0.08645923834203065,0.8758244769802292,0.8758244769802292,14.5,276.49783531409173,464.98563950198076,0.0,
ID11497 → ID11459,30,11497,11459,0.07039644312710625,0.420917007862826,0.4024962136180617,0.4024962136180617,34.5,273.38852280307015,467.0287051029676,0.0,
ID11578 → ID11249,30,11578,11249,0.061919953596273336,2.7063051953604447,0.24636707059034932,0.24636707059034932,23.5,275.08196523053664,465.1293575207861,0.0,
ID10875 → ID11599,30,10875,11599,0.28503937007874014,1.5978959741220968,2.8938281365638128,2.8938281365638128,12.5,274.0936968666505,462.4981951528891,0.0,
ID11408 → ID11431,30,11408,11431,0.07584777817978672,1.084318209019835,0.5525349184591617,0.5525349184591617,31.5,274.15778531568003,465.8954070467229,0.0,
ID11303 → ID11340,30,11303,11340,0.07624673484371458,2.3306209492664123,0.7455120294545258,0.7455120294545258,28.5,275.4560063229427,464.8151236818853,0.0,
ID10751 → ID10832,30,10751,10832,0.3239929947460596,3.112704284604876,2.7719151549788683,2.7719151549788683,9.5,269.9956029986108,461.05855241889685,0.0,
ID11599 → ID11167,30,11599,11167,0.18543256997456314,0.4074875321457738,1.6402294661963335,1.6402294661963335,13.5,275.5009247639904,464.2200558959343,0.0,
ID11572 → ID11545,30,11572,11545,0.08430738217936407,0.7286401257174687,0.5588413556389251,0.5588413556389251,36.5,272.24625381152896,466.28084935731226,0.0,
ID11036 → ID11313,30,11036,11313,0.12249443207126953,1.062254186653917,0.9163862801649534,0.9163862801649534,20.5,275.8683153445561,465.5644244647371,0.0,
ID11545 → ID11652,30,11545,11652,0.058780900233522226,2.113315757279318,0.34233873617102706,0.34233873617102706,37.5,272.03687643099977,466.39979879275654,0.0,
ID10832 → ID10988,30,10832,10988,0.12991939307728784,0.3457828343189632,1.1209991613183472,1.1209991613183472,10.5,271.8329547325103,461.62500960219484,0.0,
ID10753 → ID10751,30,10753,10751,0.4123652864435752,NaN,3.649093930038008,3.649093930038008,8.5,270.4351706326229,461.09392376908306,0.0,
ID11459 → ID11572,30,11459,11572,0.1057488464896269,1.6740392220040539,1.121809357439981,1.121809357439981,35.5,272.886215316742,466.74668540445305,0.0,
ID11652 → ID11641,30,11652,11641,0.11566409205277273,2.2774582126283036,1.1707442868262488,1.1707442868262488,38.5,271.5453866794826,466.38304297328693,0.0,
ID11241 → ID11255,30,11241,11255,0.062169695484979526,1.4368788711830915,0.1132671366359564,0.1132671366359564,26.5,276.00674809973646,464.7570832500928,0.0,
ID11431 → ID11520,30,11431,11520,0.05208845208845214,1.1344167434809669,0.5297142251749117,0.5297142251749117,32.5,274.1398492167581,466.3514823760376,0.0,
ID11581 → ID11241,30,11581,11241,0.03716360529689999,1.4147980298328575,0.23952153159070969,0.23952153159070969,25.5,275.94135125267655,464.63426462607185,0.0,
ID11110 → ID11578,30,11110,11578,0.10307639040275784,0.3665354624734411,0.6455954416030574,0.6455954416030574,22.5,275.2461246612466,465.2718828235901,0.0,
ID11249 → ID11581,30,11249,11581,0.13630970038572265,2.1400041683957554,1.0144012603537922,1.0144012603537922,24.5,275.47556873546546,464.90540392863977,0.0,
ID11340 → ID11368,30,11340,11368,0.10927454653278534,1.109107060509447,0.8581554557606721,0.8581554557606721,29.5,275.21273998933907,465.45259643143356,0.0,
ID11368 → ID11408,30,11368,11408,0.06951340615690171,0.8017733645155078,0.5742949264886591,0.5742949264886591,30.5,274.5977141562681,465.69687359300394,0.0,
ID11194 → ID11010,30,11194,11010,0.17443249701314223,2.12733853577741,1.6240032529258628,1.6240032529258628,18.5,276.3156775092166,465.28993367482644,0.0,
ID11313 → ID11110,30,11313,11110,0.08982753850415526,2.0051290405309987,0.3277847595646938,0.3277847595646938,21.5,275.47248304274945,465.69449468400546,0.0,
ID10988 → ID10875,30,10988,10875,0.21616972477058272,1.1114734592316171,1.2314190104563283,1.2314190104563283,11.5,272.83182247051525,461.5860260707635,0.0,
ID11255 → ID11303,30,11255,11303,0.08905629918611313,1.564740933946268,0.7034492914740385,0.7034492914740385,27.5,275.67388243576204,464.6291798662443,0.0,
ID10968 → ID11194,30,10968,11194,0.1250000000000211,0.7248363883346193,0.7205336846613023,0.7205336846613023,17.5,276.7826246726132,465.80182387872605,0.0,
ID11520 → ID11497,30,11520,11497,0.10180780209324458,1.7254918831832322,0.8083568540383939,0.8083568540383939,33.5,273.90198182099596,466.73087710411653,0.0,
ID10920 → ID10996,30,10920,10996,0.21706219312604946,0.6103467356647636,1.3257085564325468,1.3257085564325468,15.5,277.48905161290327,465.3382860215054,0.0,
ID11424 → ID11510,31,11424,11510,0.053742802303263004,0.07008476399068499,0.26620189856858817,0.26620189856858817,32.5,7.323334354977597,322.4144066436067,0.0,
ID10870 → ID11583,31,10870,11583,0.045911047345766676,3.0337260455758908,0.5257221509998337,0.5257221509998337,12.5,5.984171158410414,321.2101061329598,0.0,
ID11510 → ID11485,31,11510,11485,0.06361149110807074,2.721302487708829,0.6788956752200138,0.6788956752200138,33.5,7.452876257716369,322.2309344217837,0.0,
ID10912 → ID10989,31,10912,10989,0.05735251847217959,0.04765896299238164,0.5616212496383384,0.5616212496383384,15.5,5.673124004483512,322.77740251312605,0.0,
ID11242 → ID11296,31,11242,11296,0.058761119725781574,1.072284259595334,0.13702400687436894,0.13702400687436894,27.5,6.164644309112187,322.36914161078664,0.0,
ID11296 → ID11337,31,11296,11337,0.12409960897303829,0.6359010055322427,1.1653617054872305,1.1653617054872305,28.5,6.5516733961093045,321.86056064216734,0.0,
ID10819 → ID10977,31,10819,10977,0.08957952468007147,NaN,0.2010600580956242,0.2010600580956242,10.5,5.8526821559438815,321.7040923955094,0.0,
ID11452 → ID11563,31,11452,11563,0.08575657321956931,2.0840789647137203,0.578198510384394,0.578198510384394,35.5,7.736807205429049,322.81212946379617,0.0,
ID11307 → ID11100,31,11307,11100,0.07056668392337906,0.4000415520678125,0.33702428649606586,0.33702428649606586,21.5,6.101542994031077,321.5100062265737,0.0,
ID11365 → ID11401,31,11365,11401,0.07224067749029117,0.8965366864733106,0.26557257533935613,0.26557257533935613,30.5,7.196425840083657,321.82757253671707,0.0,
ID11004 → ID11033,31,11004,11033,0.11936741013953178,0.23740687035147978,0.6185803220141801,0.6185803220141801,19.5,6.29450706420615,321.2454850361197,0.0,
ID11569 → ID11231,31,11569,11231,0.09176788124156543,1.4620491435742564,0.41000111038758436,0.41000111038758436,25.5,5.400678928816051,321.80564259342793,0.0,
ID11231 → ID11242,31,11231,11242,0.11545399879735418,0.11678310002723223,0.7092118101478231,0.7092118101478231,26.5,5.834626862256738,322.15757764442094,0.0,
ID11485 → ID11452,31,11485,11452,0.08330846142366788,2.8733576271108765,1.0184232638074546,1.0184232638074546,34.5,7.523790186542129,322.42107434518186,0.0,
ID11538 → ID11646,31,11538,11646,0.08132625691497997,0.05090451287561471,0.7391661996237746,0.7391661996237746,37.5,8.80338553202937,321.73167480309155,0.0,
ID11646 → ID11634,31,11646,11634,0.05817263599223388,2.830262383003519,0.5895021857283791,0.5895021857283791,38.5,8.92924036898232,321.71637532343476,0.0,
ID11158 → ID10912,31,11158,10912,0.0965082893396304,1.0839111230143914,0.8144807848554533,0.8144807848554533,14.5,5.625192344458531,322.0912122635176,0.0,
ID11583 → ID11158,31,11583,11158,0.0841690810489566,0.7723890946454418,0.40220152773378176,0.40220152773378176,13.5,5.757563970022591,321.57604377332916,0.0,
ID11240 → ID11569,31,11240,11569,0.05860680903322968,1.756823557028722,0.3833640545579528,0.3833640545579528,24.5,5.324015976761075,321.5203013798112,0.0,
ID10989 → ID10962,31,10989,10962,0.09883120760022601,2.6688669121631583,0.7763384083987453,0.7763384083987453,16.5,5.847020933977456,322.70533230859314,0.0,
ID11401 → ID11424,31,11401,11424,0.045319539929575936,1.3479013689535564,0.42200340438568773,0.42200340438568773,31.5,7.321010099209708,322.0705122682772,0.0,
ID10977 → ID10870,31,10977,10870,0.12595405281636296,2.45045017481666,0.8487264295369586,0.8487264295369586,11.5,5.904541408981855,321.35515328581846,0.0,
ID11146 → ID11240,31,11146,11240,0.2814675002949164,3.0441915592653626,2.084758299613102,2.084758299613102,23.5,6.223136520525813,322.01118638466625,0.0,
ID11699 → ID11688,31,11699,11688,0.06614135625597073,0.05913608458457905,0.5413670944467134,0.5413670944467134,40.5,8.554823066867533,321.3043592625362,0.0,
ID11634 → ID11699,31,11634,11699,0.05451241671714002,2.395165233606883,0.47156384770733484,0.47156384770733484,39.5,8.73737382623085,321.77654499639823,0.0,
ID10962 → ID11186,31,10962,11186,0.059198354403457776,0.654787570944364,0.42799916880036387,0.42799916880036387,17.5,5.961808470939453,322.1440210246885,0.0,
ID11337 → ID11365,31,11337,11365,0.04827668078034042,2.1237829403582085,0.4625444064476359,0.4625444064476359,29.5,6.970924110384894,321.5854704844901,0.0,
ID11186 → ID11004,31,11186,11004,0.0730123729021197,0.8197203492595849,0.48368987463954366,0.48368987463954366,18.5,6.050139902499383,321.73521808299085,0.0,
ID11033 → ID11307,31,11033,11307,0.08857960028022605,3.1061607474594317,0.472230424892196,0.472230424892196,20.5,6.312417355256624,321.17389267667613,0.0,
ID11563 → ID11538,31,11563,11538,0.08590321901218079,0.45168414953169633,0.8852002745851021,0.8852002745851021,36.5,8.289714292570167,322.3604511436562,0.0,
ID11100 → ID11146,31,11100,11146,0.3394353087185852,1.5829122214648161,1.4789545142889926,1.4789545142889926,22.5,6.505965025061956,322.14926071887754,0.0,
ID10839 → ID10992,32,10839,10992,0.6051255230125416,NaN,4.8354462142242705,4.8354462142242705,10.5,262.60968539243254,466.2963825642722,0.0,
ID10861 → ID11558,33,10861,11558,0.341296928327645,NaN,2.259905083074166,2.259905083074166,12.5,5.03406346749226,137.89509416924665,0.0,
ID11150 → ID10895,33,11150,10895,0.26810990840965865,3.0909368796500796,2.1562714275812933,2.1562714275812933,14.5,5.298608067116491,139.22880848996635,0.0,
ID11558 → ID11150,33,11558,11150,0.34056399132321036,2.9579062992454075,0.8532801478696775,0.8532801478696775,13.5,5.242281748296989,138.57884390341363,0.0,
ID11489 → ID11610,34,11489,11610,0.057754782817952766,0.6229555226087404,0.08889510567269664,0.08889510567269664,37.5,216.14033295007857,15.903545959471309,0.0,
ID10874 → ID10940,34,10874,10940,0.2989307822172206,1.1841502526406193,2.404409733644185,2.404409733644185,15.5,233.88181818181818,18.871227668475804,0.0,
ID11665 → ID11659,34,11665,11659,0.14749859471613214,1.0158964432618973,1.4924645805156018,1.4924645805156018,40.5,213.427480265363,13.466353118053389,0.0,
ID11447 → ID11419,34,11447,11419,0.08517936258396208,0.6962027814942929,0.6629113125493873,0.6629113125493873,34.5,215.75438590150134,18.253494477697135,0.0,
ID11518 → ID11489,34,11518,11489,0.13834621967774385,0.007729242539355404,1.6839871348613704,1.6839871348613704,36.5,215.9244666811666,16.75508561260611,0.0,
ID11198 → ID11267,34,11198,11267,0.15286013393641817,0.025652661647216184,1.2901781630774738,1.2901781630774738,27.5,218.4920802428337,20.16159751291278,0.0,
ID10940 → ID10907,34,10940,10907,0.30269230769230737,0.13746062443872084,3.2430687347590763,3.2430687347590763,16.5,231.62140966378257,17.189776060803602,0.0,
ID10907 → ID11161,34,10907,11161,0.6489651853040271,1.5178221916286738,6.227842694013024,6.227842694013024,17.5,232.25151808746895,13.659399184239799,0.0,
ID10916 → ID10874,34,10916,10874,0.6564792176039115,NaN,2.5867841887749417,2.5867841887749417,14.5,235.95,18.755223880597015,0.0,
ID11322 → ID11349,34,11322,11349,0.09668305953751144,0.30155271963584557,0.21204572297118454,0.21204572297118454,29.5,217.81887769093652,20.59159810777458,0.0,
ID11274 → ID11066,34,11274,11066,0.23774509803921373,0.23944997132498982,2.0341107732055117,2.0341107732055117,21.5,225.60712812490272,14.589595461951163,0.0,
ID10955 → ID11016,34,10955,11016,0.6565077181063779,2.055093378640634,5.085008102702027,5.085008102702027,19.5,231.40514366714302,10.085299824555289,0.0,
ID11116 → ID11198,34,11116,11198,0.1289282836422233,0.28144757787336616,1.0490218258215842,1.0490218258215842,26.5,219.14413709770417,19.19074049005009,0.0,
ID11349 → ID11377,34,11349,11377,0.10446992142213052,2.400796263861258,0.4279149078442447,0.4279149078442447,30.5,217.88687748092065,20.454063980199496,0.0,
ID11377 → ID11388,34,11377,11388,0.07348760780833097,1.4553706866479619,0.5808042916040961,0.5808042916040961,31.5,217.918181147962,20.075325158820547,0.0,
ID11605 → ID11665,34,11605,11665,0.19026776519052435,1.1878590889986391,2.355779406428975,2.355779406428975,39.5,214.56066066854163,14.725870449830218,0.0,
ID11610 → ID11605,34,11610,11605,0.11924907456372336,2.37849921837951,1.210800064483893,1.210800064483893,38.5,215.56843082531236,15.853355824731238,0.0,
ID11016 → ID11274,34,11016,11274,0.49965963240299527,0.26020194490206194,3.8422957099894446,3.8422957099894446,20.5,227.98136266527297,12.891198355064091,0.0,
ID11095 → ID11116,34,11095,11116,0.17747858017135865,0.7078274943512147,1.6302214763684468,1.6302214763684468,25.5,219.66802429845166,17.971525515058136,0.0,
ID11464 → ID11447,34,11464,11447,0.11481156879929888,0.0600369681759143,1.2139028751637297,1.2139028751637297,33.5,216.34371633736725,18.916565084404056,0.0,
ID11066 → ID11087,34,11066,11087,0.134032634032634,0.7557096684147285,0.9779893346105507,0.9779893346105507,22.5,224.39355223731366,15.313927190315649,0.0,
ID11419 → ID11518,34,11419,11518,0.06262752104863523,0.48337058446346476,0.3653454920654086,0.3653454920654086,35.5,215.7034866761943,17.755635312843715,0.0,
ID11196 → ID11095,34,11196,11095,0.1755188181498405,0.1898079882927446,1.3909262559323903,1.3909262559323903,24.5,220.49224460309367,16.818209246982832,0.0,
ID11388 → ID11464,34,11388,11464,0.10557605424470773,0.5175708946284328,1.0883698040338727,1.0883698040338727,32.5,217.31002017819293,19.54121025864243,0.0,
ID11161 → ID10955,34,11161,10955,0.39465530596436904,0.9592310262300852,3.0566212629326395,3.0566212629326395,18.5,233.6516212619931,9.717730388838309,0.0,
ID11087 → ID11196,34,11087,11196,0.3220131558819018,0.35536036349237676,3.0396786605833013,3.0396786605833013,23.5,222.49175218144384,15.88463103369391,0.0,
ID11267 → ID11322,34,11267,11322,0.06309699408555403,1.3837632121731824,0.22089734719988982,0.22089734719988982,28.5,218.02524132730014,20.648318250377073,0.0,
ID10935 → ID11177,35,10935,11177,0.174730775064462,NaN,1.290042507321368,1.290042507321368,17.5,5.284385559230279,138.87933124501447,0.0,
ID11164 → ID10960,36,11164,10960,0.6816143497757838,NaN,7.460207767370106,7.460207767370106,18.5,222.89470856835885,27.390763666750775,0.0,
ID11041 → ID11318,37,11041,11318,0.39117647058823535,2.9543238484194885,0.08195516684384534,0.08195516684384534,20.5,399.9632873922516,506.92793170408265,0.0,
ID11598 → ID11253,37,11598,11253,0.37037037037037035,3.0209004921417772,1.8517607289739806,1.8517607289739806,25.5,401.32948237779704,507.3769422836839,0.0,
ID11596 → ID11260,37,11596,11260,0.1737804878048781,0.4049700344349951,1.0198738510632646,1.0198738510632646,23.5,400.76524294670844,507.08407598148983,0.0,
ID11130 → ID11596,37,11130,11596,0.11159263271951236,2.912615577450327,0.48544984836202576,0.48544984836202576,22.5,401.49547342192693,507.19914174972314,0.0,
ID11347 → ID11374,37,11347,11374,0.3544776119402985,2.5594918067349246,0.49589103773965243,0.49589103773965243,29.5,399.70423532625887,507.4197329824864,0.0,
ID11253 → ID11263,37,11253,11263,0.22608695652173916,2.542565904490173,0.661046997937501,0.661046997937501,26.5,400.6883080931444,507.1535309124464,0.0,
ID11014 → ID11041,37,11014,11041,0.15704387990762125,NaN,0.9605545304498452,0.9605545304498452,19.5,399.54454760466984,507.0633177334944,0.0,
ID11260 → ID11598,37,11260,11598,0.41412410010276623,2.9902178317127968,2.0304183990848594,2.0304183990848594,24.5,401.25466602363156,507.25022372263754,0.0,
ID11263 → ID11311,37,11263,11311,0.2179363548696167,2.869573687248661,0.7903649013472633,0.7903649013472633,27.5,400.59060734085597,507.08840936235447,0.0,
ID11311 → ID11347,37,11311,11347,0.36162361623616235,0.09806013898213353,0.7437756100725422,0.7437756100725422,28.5,399.84329785494384,507.2572680929121,0.0,
ID11374 → ID11420,37,11374,11420,0.14398200224996183,0.8508730125883861,0.8283233699419151,0.8283233699419151,30.5,400.3062215518154,507.3420706749938,0.0,
ID11318 → ID11130,37,11318,11130,0.2341597796143251,2.830933775338365,1.8308274426849271,1.8308274426849271,21.5,400.81924793173084,507.11650869650185,0.0,
ID11025 → ID11291,38,11025,11291,0.09124685468651828,NaN,0.47027977142325433,0.47027977142325433,20.5,5.57074817946911,138.15957624416927,0.0,
ID11119 → ID11218,38,11119,11218,0.24915662650602421,2.5789080301319403,0.2548994467413661,0.2548994467413661,23.5,5.5593728537955,140.65065345614673,0.0,
ID11081 → ID11119,38,11081,11119,0.34622334658474885,2.4152189418042807,3.4967219089849615,3.4967219089849615,22.5,6.541172966444705,139.33454922313618,0.0,
ID11291 → ID11081,38,11291,11081,0.3179115771267974,0.7195664725149886,1.898313513913522,1.898313513913522,21.5,6.7070020222446916,138.13081816649816,0.0,
ID11218 → ID11124,38,11218,11124,0.20885251029664798,2.2623929814118577,1.5730849884703708,1.5730849884703708,24.5,5.398751547004839,141.3443592587235,0.0,
ID11038 → ID11316,39,11038,11316,0.6489132563148581,NaN,7.153046564750246,7.153046564750246,20.5,143.34437487785343,477.8463773223039,0.0,
ID11439 → ID11532,39,11439,11532,0.13199009647400783,0.7739004590299774,1.6108405198985134,1.6108405198985134,32.5,113.99013447681658,484.5435526857067,0.0,
ID11259 → ID11306,39,11259,11306,0.11896955503512885,0.4288168133211196,0.9991854268322441,0.9991854268322441,27.5,112.13411150253255,479.9161072294141,0.0,
ID11414 → ID11439,39,11414,11439,0.15961374609485557,0.42174437765465517,1.3539537673187427,1.3539537673187427,31.5,112.93456207092571,483.6645291725506,0.0,
ID11588 → ID11557,39,11588,11557,0.09807503161445208,2.5198364027636475,1.0278541757906492,1.0278541757906492,36.5,112.02770782836143,486.30954738797874,0.0,
ID11590 → ID11246,39,11590,11246,0.310636404094348,0.11668766909372505,3.9117219634055727,3.9117219634055727,25.5,115.88442534192947,477.6636293297646,0.0,
ID11306 → ID11342,39,11306,11342,0.1435006713735032,1.9473662821746014,1.0560089111296995,1.0560089111296995,28.5,111.9070548712206,480.44791584632907,0.0,
ID11508 → ID11471,39,11508,11471,0.1529715156488165,0.30218224569098934,1.748269785972763,1.748269785972763,34.5,112.87833940282133,485.56326927996815,0.0,
ID11246 → ID11259,39,11246,11259,0.17810760667903525,0.014760167961443731,1.9610938004350131,1.9610938004350131,26.5,113.44711363402952,479.3011839320251,0.0,
ID11585 → ID11254,39,11585,11254,0.5357715752326058,0.8964082770864088,6.530827719930872,6.530827719930872,23.5,122.74488583100953,472.36325822101236,0.0,
ID11471 → ID11588,39,11471,11588,0.05528248424216986,2.021196752148272,0.4813455424371109,0.4813455424371109,35.5,112.33781784764537,486.1520845669462,0.0,
ID11342 → ID11371,39,11342,11371,0.19845360824742264,0.6744088366401764,1.5911112807873549,1.5911112807873549,29.5,112.05889260289692,481.6908300595677,0.0,
ID11371 → ID11414,39,11371,11414,0.0980392156862745,1.0207974306372156,0.9029008755781943,0.9029008755781943,30.5,112.29079623905588,482.7671137860392,0.0,
ID11118 → ID11585,39,11118,11585,0.6734051413809148,0.5772212030533973,9.135059309519866,9.135059309519866,22.5,129.7854924287497,471.60076948189646,0.0,
ID11316 → ID11118,39,11316,11118,0.6989560157453314,1.2597916864038137,8.791924959221944,8.791924959221944,21.5,137.14023635321374,476.0443857631787,0.0,
ID11656 → ID11649,39,11656,11649,0.12197889958386932,0.22609064429451944,1.6287224820475572,1.6287224820475572,38.5,110.00668078434893,486.9704987464011,0.0,
ID11712 → ID11703,39,11712,11703,0.17276595744680856,0.06297082494566027,2.4688539991112948,2.4688539991112948,40.5,107.1968640348974,487.00388936618276,0.0,
ID11254 → ID11590,39,11254,11590,0.3545595335701879,0.07736613900900648,3.4579684155637045,3.4579684155637045,24.5,118.81006436778131,475.4336679046056,0.0,
ID11557 → ID11656,39,11557,11656,0.0743240409978192,0.4541797813076398,0.8313829259052237,0.8313829259052237,37.5,111.15159483245367,486.54041644107986,0.0,
ID11649 → ID11712,39,11649,11712,0.06910358144782691,0.3403371743735093,0.8036679597340884,0.8036679597340884,39.5,108.82355397931109,487.17495522674756,0.0,
ID11532 → ID11508,39,11532,11508,0.09340231025441936,2.547419501839742,1.1633918948693436,1.1633918948693436,33.5,114.18530618916796,484.95894979688046,0.0,
ID11101 → ID11125,40,11101,11125,0.20868713259307536,0.44599914107465743,1.1195685325259304,1.1195685325259304,25.5,206.74895024388945,46.13314656214578,0.0,
ID11611 → ID11675,40,11611,11675,0.13320772078961352,2.938383633020828,0.6654988128351034,0.6654988128351034,39.5,200.64425555571574,49.64719863115751,0.0,
ID11619 → ID11611,40,11619,11611,0.061303278117986526,2.9969072386635505,0.11533866463897492,0.11533866463897492,38.5,200.64824511889043,49.370715694476644,0.0,
ID11528 → ID11501,40,11528,11501,0.10852781968230607,2.9132868611377294,0.38527311825013577,0.38527311825013577,36.5,200.4100847450772,49.259910967787164,0.0,
ID11073 → ID11096,40,11073,11096,0.2268750396246777,1.364670699651693,2.160753559257208,2.160753559257208,22.5,205.46999896612976,41.074009442681295,0.0,
ID11204 → ID11269,40,11204,11269,0.14540558734432507,0.5457947077003995,0.7184320466122123,0.7184320466122123,27.5,205.3785578747628,48.03465523754305,0.0,
ID11474 → ID11453,40,11474,11453,0.11536354386788872,0.945710088780098,0.2937332738318877,0.2937332738318877,33.5,201.13533768774124,48.095804805327745,0.0,
ID11501 → ID11619,40,11501,11619,0.07203498842293932,2.030915618657949,0.3330471014129084,0.3330471014129084,37.5,200.60036093766837,49.27193801551835,0.0,
ID11202 → ID11101,40,11202,11101,0.3205882352941176,1.163494374053258,2.0378454878709436,2.0378454878709436,24.5,207.65735321783797,44.885937091022114,0.0,
ID11379 → ID11394,40,11379,11394,0.10467697168400836,0.8902047456294231,0.7500511426067422,0.7500511426067422,31.5,202.36248174483467,47.642313677607795,0.0,
ID11096 → ID11202,40,11096,11202,0.2712294043092529,0.17790713672064945,2.8644686088065585,2.8644686088065585,23.5,207.2080226981579,42.8750207765778,0.0,
ID11269 → ID11324,40,11269,11324,0.18400000000000005,0.7445357893353258,1.2653030332556385,1.2653030332556385,28.5,204.4552561450588,48.13977925205353,0.0,
ID11394 → ID11474,40,11394,11474,0.22706300582406824,1.8252238750984178,1.2937782126892146,1.2937782126892146,32.5,201.70195253144584,47.61604211875391,0.0,
ID11675 → ID11664,40,11675,11664,0.2368737037441334,0.07634392891899781,1.8285977804822702,1.8285977804822702,40.5,200.6089815630522,50.89303685255226,0.0,
ID11125 → ID11204,40,11125,11204,0.2522693401978069,0.48622274046463093,1.498708860350758,1.498708860350758,26.5,205.99030685720618,47.15347649182084,0.0,
ID11280 → ID11073,40,11280,11073,0.36250291307387905,NaN,2.4693579607703793,2.4693579607703793,21.5,205.23209320603064,39.29045378423887,0.0,
ID11453 → ID11426,40,11453,11426,0.10518540146150346,0.024369166536191058,0.6010886210040317,0.6010886210040317,34.5,201.10527949542637,48.54217555869943,0.0,
ID11324 → ID11351,40,11324,11351,0.11894401619094508,1.1874223017070238,0.48787103072829946,0.48787103072829946,29.5,203.70549010674637,48.25403903122765,0.0,
ID11426 → ID11528,40,11426,11528,0.1810431293881628,0.904176064322033,0.9822826812496592,0.9822826812496592,35.5,200.68418788917046,49.12249667500424,0.0,
ID11351 → ID11379,40,11351,11379,0.15641560944274613,1.4292953459917372,1.2045296849639802,1.2045296849639802,30.5,203.02488702666324,48.23293912849863,0.0,
ID11088 → ID11109,41,11088,11109,0.4730593607305936,0.139318796493965,4.420916612638644,4.420916612638644,25.5,161.45487447315378,11.597588723963106,0.0,
ID11612 → ID11606,41,11612,11606,0.09733876198774016,2.144336653680592,0.6899961565754938,0.6899961565754938,38.5,161.62633661699084,16.160556417565765,0.0,
ID11109 → ID11192,41,11109,11192,0.22352768394771394,0.8122051282410374,0.6068208593576472,0.6068208593576472,26.5,161.82159442724458,13.998925008599931,0.0,
ID11461 → ID11445,41,11461,11445,0.13958732664336493,2.5548784293479003,0.6921365532256185,0.6921365532256185,33.5,160.7679194939214,15.790383799830366,0.0,
ID11606 → ID11669,41,11606,11669,0.08100979706984723,1.984288079108898,0.250681050372197,0.250681050372197,39.5,161.66242096133402,15.846420177941917,0.0,
ID11321 → ID11345,41,11321,11345,0.11809761767010007,1.6925493943166037,0.5799641742064692,0.5799641742064692,29.5,162.22708957133716,16.054571337172106,0.0,
ID11345 → ID11375,41,11345,11375,0.135024154589371,0.08048026734388715,0.704394034435103,0.704394034435103,30.5,161.5969509688171,15.933500317699023,0.0,
ID11669 → ID11661,41,11669,11661,0.07679510965493408,0.39533457037302067,0.3572241057296847,0.3572241057296847,40.5,161.93834207268225,15.959562304274998,0.0,
ID11187 → ID11088,41,11187,11088,0.33745225791956834,NaN,2.7661080620299843,2.7661080620299843,24.5,160.4093427989456,8.168164390127007,0.0,
ID11386 → ID11461,41,11386,11461,0.11199207135777955,2.038007001355977,0.3688336461750628,0.3688336461750628,32.5,160.6260100539937,15.95572932828565,0.0,
ID11375 → ID11386,41,11375,11386,0.10963820826952608,0.12406569394373088,0.6971905532211246,0.6971905532211246,31.5,160.90694269829297,15.818996731204425,0.0,
ID11192 → ID11266,41,11192,11266,0.17791411042944782,1.1809710442965542,1.5171105668714844,1.5171105668714844,27.5,162.09312361363178,14.875660415406333,0.0,
ID11266 → ID11321,41,11266,11321,0.1475978207033185,0.6350166109300593,0.5999035146018622,0.5999035146018622,28.5,162.5211762452107,15.796800766283525,0.0,
ID11416 → ID11515,41,11416,11515,0.14636283961437302,2.3278224525003632,1.1668654697649636,1.1668654697649636,35.5,161.0776232136065,15.908174190600969,0.0,
ID11515 → ID11492,41,11515,11492,0.15657686212361333,3.0916056223710386,1.354575385655624,1.354575385655624,36.5,160.97908990611796,15.898841345447229,0.0,
ID11445 → ID11416,41,11445,11416,0.08016304347826086,2.8606902355193733,0.6872544987964856,0.6872544987964856,34.5,160.67848424723425,15.753926166426165,0.0,
ID11492 → ID11612,41,11492,11612,0.185518336114615,2.620618348262992,1.471186354274574,1.471186354274574,37.5,161.01499179669077,16.265311686500137,0.0,
ID11591 → ID11559,42,11591,11559,0.17941176470588238,2.820674706781546,1.538515474696144,1.538515474696144,36.5,400.25674339585856,506.84520303296154,0.0,
ID11472 → ID11591,42,11472,11591,0.18827160493827155,0.27325732224897403,1.2237405855468628,1.2237405855468628,35.5,400.09584127426825,507.0618637567982,0.0,
ID11559 → ID11657,42,11559,11657,0.1420289855072464,3.0563916123849766,1.2425877869771427,1.2425877869771427,37.5,400.3984680298604,506.7725754625122,0.0,
ID11511 → ID11472,42,11511,11472,0.17770034843205573,NaN,0.4599104927636052,0.4599104927636052,34.5,400.90333352976995,507.27677185848705,0.0,
ID11593 → ID11560,43,11593,11560,0.15068493150684936,NaN,0.08035461732440899,0.08035461732440899,36.5,156.99561791132714,509.7583591103255,0.0,
ID11650 → ID11713,43,11650,11713,0.45062061521857666,0.03382398269297567,1.9225982389287146,1.9225982389287146,39.5,155.98847602249975,507.0245670067054,0.0,
ID11713 → ID11705,43,11713,11705,0.23512389220474328,0.1444366470131621,1.4160926693029898,1.4160926693029898,40.5,155.85759619309053,505.3646242908804,0.0,
ID11560 → ID11658,43,11560,11658,0.6117021276595744,2.8496878055295136,0.919151667334899,0.919151667334899,37.5,156.6474424366074,509.52122801904204,0.0,
ID11658 → ID11650,43,11658,11650,0.44705882352941173,0.8942372053955072,1.3039117685732355,1.3039117685732355,38.5,156.1915936587401,508.6247601168127,0.0,
ID11714 → ID11706,44,11714,11706,0.15984405458089668,NaN,0.6150086327351675,0.6150086327351675,40.5,400.9764811651533,506.9620156432617,0.0,
