LABEL,TRACK_ID,SPOT_SOURCE_ID,SPOT_TARGET_ID,LINK_COST,DIRECTIONAL_CHANGE_RATE,SPEED,DISPLACEMENT,EDGE_TIME,EDGE_X_LOCATION,EDGE_Y_LOCATION,EDGE_Z_LOCATION,MANUAL_EDGE_COLOR
Label,Track ID,Source spot ID,Target spot ID,Edge cost,Directional change rate,Speed,Displacement,Edge time,Edge X,Edge Y,Edge Z,Manual edge color
Label,Track ID,Source ID,Target ID,Cost,γ rate,Speed,Disp.,Edge T,Edge X,Edge Y,Edge Z,Edge color
,,,,(cost),(rad/sec),(µm/sec),(µm),(sec),(µm),(µm),(µm),
ID5998 → ID6001,0,5998,6001,0.18281017830608992,0.9580421816437368,1.3923100136855195,1.3923100136855195,48.5,150.26460029643437,128.81258549932488,0.0,
ID5988_1 → ID5994,0,8816,5994,0.15214530139512283,0.8476306775044467,1.2356329853573917,1.2356329853573917,51.5,150.38594789234241,127.91390630206487,0.0,
ID5857 → ID5899,0,5857,5899,0.13345243646914073,2.2084641537130834,0.6462898514690041,0.6462898514690041,18.5,146.79250271783047,131.38570089655707,0.0,
ID5848 → ID5864,0,5848,5864,0.13836617601859524,1.1084658421914166,1.1850001125074385,1.1850001125074385,14.5,146.02831750846008,131.94122732919095,0.0,
ID5875 → ID5879,0,5875,5879,0.10355611150819732,0.33735831139442446,0.3575973313436837,0.3575973313436837,22.5,147.06144585493163,131.60555317216875,0.0,
ID6046 → ID5959,0,6046,5959,0.0805443595790789,2.3802656633693737,0.6899110121929058,0.6899110121929058,40.5,151.34611509664037,131.98790090308836,0.0,
ID5967 → ID5971,0,5967,5971,0.0716515919348476,2.0591547883002583,0.6013726242242879,0.6013726242242879,45.5,150.2681679802414,130.65253247376518,0.0,
ID5972 → ID5967,0,5972,5967,0.15209709012338024,2.62262396413297,1.2159352430091415,1.2159352430091415,44.5,150.70105031589577,130.33455192509595,0.0,
ID5845 → ID8801,0,8799,8801,0.21535409035411035,0.2742390718074846,0.911964866831631,0.911964866831631,3.5,144.3660234599895,132.72523274752984,0.0,
ID5864 → ID5855,0,5864,5855,0.16579347034878356,3.141517999841842,1.0803250469496772,1.0803250469496772,15.5,146.0802395196324,131.94780941676837,0.0,
ID5899 → ID5868,0,5899,5868,0.10121486606773222,1.9575658028645875,0.45468285518000634,0.45468285518000634,19.5,146.72943733375774,131.69668052923555,0.0,
ID5903 → ID5904,0,5903,5904,0.12728648921408992,0.6848981548888815,0.7497026764569835,0.7497026764569835,30.5,148.55359723607825,131.44786600042397,0.0,
ID5923 → ID5954,0,5923,5954,0.1011480329268124,2.577010092371062,0.7893601372339328,0.7893601372339328,35.5,149.72451045497547,131.30049573111322,0.0,
ID5939 → ID5923,0,5939,5923,0.1592738061382264,1.8775910673401488,1.4352909357007622,1.4352909357007622,34.5,149.29618638922548,131.2069214960471,0.0,
ID5942 → ID6046,0,5942,6046,0.20285536933580672,2.697727058542088,2.2010930750764257,2.2010930750764257,39.5,150.46530699746762,132.05657256745394,0.0,
ID5979 → ID5998,0,5979,5998,0.04952853598016582,2.1301683469200468,0.31926014373713585,0.31926014373713585,47.5,150.73042190956374,129.46139010532067,0.0,
ID5927 → ID5933,0,5927,5933,0.1299543965965657,1.4287511772664918,0.9259583081693192,0.9259583081693192,28.5,148.2859806875175,131.09153347775094,0.0,
ID5891 → ID5893,0,5891,5893,0.0566347249835375,0.7915368898226722,0.28232406325536685,0.28232406325536685,26.5,147.87704801499547,131.60167034799673,0.0,
ID5963 → ID5972,0,5963,5972,0.1790801589848655,1.3302293019790405,1.482119877489663,1.482119877489663,43.5,151.02215299377426,130.51690026033032,0.0,
ID5911 → ID5875,0,5911,5875,0.11996091655542951,3.005580634507043,0.7574876487383124,0.7574876487383124,21.5,146.53634207801008,131.77134020853984,0.0,
ID5990 → ID5963,0,5990,5963,0.07962622993462942,2.5776440530225875,0.8022214381082918,0.8022214381082918,42.5,150.71704677430102,131.38788250503487,0.0,
ID5880 → ID5915,0,5880,5915,0.07073795809762695,2.8842000272965826,0.4888207833430261,0.4888207833430261,24.5,147.27411174869087,131.44463868252893,0.0,
ID5915 → ID5891,0,5915,5891,0.07815725976965893,2.1326034503521347,0.573010428491058,0.573010428491058,25.5,147.53033507120807,131.4050848055394,0.0,
ID6058 → ID6145,0,6058,6145,0.33619481429571463,1.6318855292564642,2.619494779520529,2.619494779520529,60.5,149.7804619836129,129.73961092237636,0.0,
ID5817 → ID5842,0,8813,5842,0.07662127541984842,2.0088060043684504,0.44107142394228904,0.44107142394228904,11.5,144.81939499586787,132.66729955829422,0.0,
ID5994 → ID6015,0,5994,6015,0.23281249999999265,2.842054487843287,0.7585793926902366,0.7585793926902366,52.5,150.45017124515044,128.1852706443574,0.0,
ID5887 → ID5848,0,5887,5848,0.11186491783506214,2.02102678929305,0.023806796154913764,0.023806796154913764,13.5,145.43652842179466,131.85593227905383,0.0,
ID5931 → ID5943,0,5931,5943,0.10088687121393314,1.5127296044087502,0.8317257075357568,0.8317257075357568,37.5,150.3718363559894,131.6355353073323,0.0,
ID5943 → ID5942,0,5943,5942,0.14271874587169142,3.0415749846219486,1.4208304082711525,1.4208304082711525,38.5,150.0741189295082,131.66837362698715,0.0,
ID6054 → ID6058,0,6054,6058,0.29508196721310376,0.9222635224230673,0.8333813221180373,0.8333813221180373,59.5,151.07226190876645,129.34758576308099,0.0,
ID5816 → ID5808,0,8807,8809,0.06292545607424149,0.1438347442702037,0.10993517738134725,0.10993517738134725,7.5,143.75301388948262,131.33512276698065,0.0,
ID5855 → ID5863,0,5855,5863,0.08593917098002979,3.0272849387854865,0.7482709219524191,0.7482709219524191,16.5,145.91842150307502,131.88442446676677,0.0,
ID5904 → ID5949,0,5904,5949,0.16666666666664598,1.478632363718253,0.3872729088258918,0.3872729088258918,31.5,148.95937426624772,131.61131046191252,0.0,
ID5949 → ID5914,0,5949,5914,0.08224088293054121,1.840805500510227,0.6536166916926902,0.6536166916926902,32.5,148.85690106310534,131.2950221559541,0.0,
ID6049 → ID6168,0,6049,6168,0.1752594079367471,2.3349113375821284,0.8496888400429116,0.8496888400429116,55.5,155.05792390988893,129.03977877798792,0.0,
ID6006 → ID5988_1,0,6006,8816,0.18948702945193352,2.8732060493029645,0.8141167036262604,0.8141167036262604,50.5,150.8455166922546,127.09595798088819,0.0,
ID5879 → ID5880,0,5879,5880,0.051524693853375325,2.0576062476590162,0.1696276928157718,0.1696276928157718,23.5,147.21934314559633,131.59903179690485,0.0,
ID5826 → ID5831,0,5826,5831,0.1821151109348509,3.021930819472531,0.4879198726509475,0.4879198726509475,1.5,143.90504701876762,131.30613856519494,0.0,
ID6098 → ID6054,0,6098,6054,0.24533639819642827,1.4799356552069178,1.8424899453743602,1.8424899453743602,58.5,151.76441447184442,128.34410090292602,0.0,
ID5842 → ID5887,0,5842,5887,0.20364535455039057,2.416833168828979,1.1806392100992171,1.1806392100992171,12.5,145.0159409830174,132.26288359975607,0.0,
ID6015 → ID6021,0,6015,6021,0.24483283776923803,2.022781878049849,2.7120427167462906,2.7120427167462906,53.5,151.4337335966753,128.93759653142104,0.0,
ID8801 → ID5806_1,0,8801,8802,0.2038640906062561,2.3302075431577434,1.241805483571681,1.241805483571681,4.5,143.93081343061732,132.84430518379827,0.0,
ID6001 → ID6006,0,6001,6006,0.18919414899718667,1.218288782667352,1.7967370130274751,1.7967370130274751,49.5,150.57531374154075,127.53704678609994,0.0,
ID5914 → ID5939,0,5914,5939,0.0567225897460244,1.3201380542251426,0.391887152330932,0.391887152330932,33.5,148.67728759804476,130.9146226560229,0.0,
ID6035 → ID6098,0,6035,6098,0.2586618840680138,1.715779847302413,3.0014492307783165,3.0014492307783165,57.5,153.53178283012724,128.8217684981516,0.0,
ID5838 → ID5816,0,5838,8807,0.26498771770636287,1.737432038247165,1.1952973766351562,1.1952973766351562,6.5,143.71190819168174,131.98592216422443,0.0,
ID5821 → ID5834,0,5821,5834,0.14100948337414843,2.587314348497428,0.9274672340664981,0.9274672340664981,9.5,144.17270592297248,131.6601440163642,0.0,
ID5893 → ID5927,0,5893,5927,0.03955670770161013,0.13813875813451185,0.2792543601272339,0.2792543601272339,27.5,148.15604128028485,131.57657406333925,0.0,
ID5831 → ID5845,0,5831,8799,0.21007790612889,2.6266232527229314,1.2454395368563682,1.2454395368563682,2.5,143.98719245739386,131.72580089829484,0.0,
ID5852 → ID5826,0,5852,5826,0.30909938853765084,NaN,1.2087968818074064,1.2087968818074064,0.5,143.64612728325852,131.05121645232165,0.0,
ID5808 → ID5821,0,8809,5821,0.14191712608926688,2.814086883538217,0.9081530979380136,0.9081530979380136,8.5,143.92446864280848,131.69918943911674,0.0,
ID5933 → ID5903,0,5933,5903,0.0781502324443456,3.112168277805779,0.5408592242792778,0.5408592242792778,29.5,148.29063847261702,130.8987589370323,0.0,
ID6168 → ID6035,0,6168,6035,0.0684816756150105,0.3197427236651017,0.5552896802324057,0.5552896802324057,56.5,154.75594645480223,129.6645538593842,0.0,
ID5834 → ID5817,0,5834,8813,0.21019343127797996,2.483008422310713,1.654228033146013,1.654228033146013,10.5,144.64260851544563,131.92786213529394,0.0,
ID5959 → ID5990,0,5959,5990,0.0946761990699101,0.7317060968899575,0.8292187500288218,0.8292187500288218,41.5,150.74301832853365,131.61374035219757,0.0,
ID5971 → ID5979,0,5971,5979,0.13414978803580646,1.3759814576524425,1.229555122149502,1.229555122149502,46.5,150.4857104118298,129.95067112582606,0.0,
ID5863 → ID5857,0,5863,5857,0.13358238872903405,1.174071218607733,0.8522086864768381,0.8522086864768381,17.5,146.46147210012293,131.49733453108752,0.0,
ID5806_1 → ID5838,0,8802,5838,0.23893805309732707,2.8278465305369815,0.2716474479077693,0.2716474479077693,5.5,143.53515810604662,132.54936089882352,0.0,
ID5868 → ID5911,0,5868,5911,0.07709397911575189,0.19545619142887344,0.3591342025548331,0.3591342025548331,20.5,146.33464354192046,131.7870010908486,0.0,
ID5954 → ID5931,0,5954,5931,0.11564146472373193,3.02313188920798,0.9317096261164467,0.9317096261164467,36.5,149.79661605464491,131.3499301344199,0.0,
ID6021 → ID6049,0,6021,6049,0.3132062796862628,1.3721025867631707,3.261783471072461,3.261783471072461,54.5,153.71766689386152,129.3316919993781,0.0,
ID6064 → ID6132,1,6064,6132,0.30679049939099357,2.0177753583313898,0.8131173630536862,0.8131173630536862,64.5,113.12403987679609,147.11192921935498,0.0,
ID5928 → ID5935,1,5928,5935,0.09424028083506442,1.7775004411467537,0.608131627045697,0.608131627045697,28.5,119.56834813819427,152.69318114047854,0.0,
ID5839 → ID5818,1,5839,5818,0.25053382390625534,1.839665109281971,1.5542425327850713,1.5542425327850713,6.5,125.88967609515106,152.5094833644455,0.0,
ID6177 → ID6187,1,6177,6187,0.43574361401399186,2.3179278268660477,2.180398746706015,2.180398746706015,70.5,112.86336340711739,145.2180905501545,0.0,
ID5806 → ID5839,1,8803,5839,0.1981846689764898,0.956238000843781,1.0578451977272083,1.0578451977272083,5.5,126.00321137101226,153.3172022103024,0.0,
ID6018 → ID6022,1,6018,6022,0.06678715648887357,2.3691439150635514,0.49743315887434714,0.49743315887434714,53.5,113.80039775672984,150.335092931406,0.0,
ID5900 → ID5869,1,5900,5869,0.12752346841429107,0.7964333104040044,0.6269581745160397,0.6269581745160397,19.5,121.32489926152532,154.00660710919502,0.0,
ID5819 → ID5843,1,5819,5843,0.24416517055659492,0.7443065686610836,1.5733131313033644,1.5733131313033644,11.5,124.9385525070958,155.11695668611952,0.0,
ID6047 → ID5960,1,6047,5960,0.08702828751679947,2.128400731329501,0.7383577959996751,0.7383577959996751,40.5,117.13151374214232,150.55251460510226,0.0,
ID5888 → ID5849,1,5888,5849,0.20088833660050798,2.5987391153099035,1.4178579058284035,1.4178579058284035,13.5,123.86282987353803,155.05939946474624,0.0,
ID5843 → ID5888,1,5843,5888,0.21821877309677562,2.0211934969374354,1.027566824580547,1.027566824580547,12.5,124.22720079022227,154.95918904174792,0.0,
ID5859 → ID5900,1,5859,5900,0.18941877928362982,1.8460026559283136,1.276780778762579,1.276780778762579,18.5,122.18639203063724,154.21521355815628,0.0,
ID5869 → ID5912,1,5869,5912,0.17705111209305124,0.4434939476733298,1.3427209368439075,1.3427209368439075,20.5,120.46763572140361,153.56582599260656,0.0,
ID5823 → ID5836,1,5823,5836,0.10034994695470212,0.09904971563377088,0.5051424311760299,0.5051424311760299,9.5,125.87826090423943,153.514230160752,0.0,
ID5849 → ID5865,1,5849,5865,0.17167679082166665,1.6104730583984412,1.3163601741335669,1.3163601741335669,14.5,122.951829741512,155.32177934799643,0.0,
ID5871 → ID5859,1,5871,5859,0.1873148208728297,0.6035762564842547,1.0425972915634367,1.0425972915634367,17.5,122.69208095935835,154.70786332028214,0.0,
ID5827 → ID5833,1,5827,8797,0.1322252283224601,0.3234955795149229,0.273162585637842,0.273162585637842,1.5,127.10240064320547,152.94508949312848,0.0,
ID5932 → ID5945,1,5932,5945,0.18840700410167277,2.379342446606241,1.5278963290008907,1.5278963290008907,37.5,117.61351173768665,151.2302904706707,0.0,
ID6142 → ID6218,1,6142,6218,0.25792049454796195,2.7182066896129142,0.9617461162222675,0.9617461162222675,62.5,112.885784957203,147.99283247774014,0.0,
ID5818 → ID5810,1,5818,5810,0.2149846239865476,2.771928060834123,1.2492051135548683,1.2492051135548683,7.5,125.79500612521119,152.22685749820414,0.0,
ID6169 → ID6036,1,6169,6036,0.07345847795610072,2.4110136126491475,0.6657262711172168,0.6657262711172168,56.5,113.51131383613114,149.24082714282503,0.0,
ID5865 → ID5856,1,5865,5856,0.2270229007633321,1.6886266455905976,0.7197346885434533,0.7197346885434533,15.5,122.2402829414045,155.29498825585586,0.0,
ID5906 → ID5951,1,5906,5951,0.1639485242175721,1.4804619241453265,1.0365376949749303,1.0365376949749303,31.5,118.70316977492641,151.77129531102753,0.0,
ID6218 → ID6064,1,6218,6064,0.22681838269317556,1.7441509129392803,1.1649310804250557,1.1649310804250557,63.5,113.42732457861338,147.56784419309795,0.0,
ID6116 → ID6055,1,6116,6055,0.1060416429627804,1.8829231644228943,0.9090102535071657,0.9090102535071657,58.5,113.26611874925509,149.0760083519067,0.0,
ID5876 → ID5881,1,5876,5881,0.14894620949984805,2.5478457301705104,0.17973708011575334,0.17973708011575334,22.5,120.50795506952429,153.61047038375898,0.0,
ID5924 → ID5955,1,5924,5955,0.045988428397619296,2.0329713009899626,0.12793365118849745,0.12793365118849745,35.5,117.1585163749697,151.56244257568062,0.0,
ID5892 → ID5895,1,5892,5895,0.1268715891599559,1.7125265574437936,0.9974801589734492,0.9974801589734492,26.5,120.67589923952792,152.85034163546442,0.0,
ID6003 → ID6012,1,6003,6012,0.1029623238423919,0.7119533894882191,0.3389052848179584,0.3389052848179584,49.5,114.59575808705608,149.0837033311721,0.0,
ID6213 → ID6177,1,6213,6177,0.21979888240950618,2.679716455952378,0.5928513034633693,0.5928513034633693,69.5,113.68821110356286,145.6141038523931,0.0,
ID5983 → ID5995,1,5983,5995,0.30458759590792117,2.0213422940804344,0.44224595689605034,0.44224595689605034,51.5,114.54470060263637,148.75497641853258,0.0,
ID6036 → ID6116,1,6036,6116,0.06010404998981611,2.66175612161499,0.33732587222541777,0.33732587222541777,57.5,113.69197927041762,149.15715026306614,0.0,
ID5991 → ID5964,1,5991,5964,0.07032773433288342,0.7416158590188576,0.4141358017574218,0.4141358017574218,42.5,116.65206415039603,149.54007249116364,0.0,
ID6059 → ID6148,1,6059,6148,0.10383967926438786,1.3131316734204808,0.48378574134720487,0.48378574134720487,60.5,112.89633494662003,147.88551313221035,0.0,
ID6051 → ID6169,1,6051,6169,0.16730954676953735,2.6426499609196474,0.07933773525830963,0.07933773525830963,55.5,113.28821896592353,149.4480259546564,0.0,
ID5809 → ID5806,1,5809,8803,0.13864553035561344,0.2678098709244288,0.6543968735511341,0.6543968735511341,4.5,126.62491655455159,153.76427675976504,0.0,
ID5917 → ID5940,1,5917,5940,0.12700694943682544,2.47880245994038,0.9800530317739758,0.9800530317739758,33.5,117.7473863145678,151.66138072895487,0.0,
ID6055 → ID6059,1,6055,6059,0.09544243594559942,0.7676783600962953,0.8552531662715241,0.8552531662715241,59.5,112.78307320385525,148.41585841970436,0.0,
ID5944 → ID6047,1,5944,6047,0.029344857732213736,1.4530643661858171,0.12688948411338363,0.12688948411338363,39.5,117.4712870348101,150.5616895842984,0.0,
ID5833 → ID5846,1,8797,5846,0.2161388140161551,1.8252277961189698,1.4536797065207225,1.4536797065207225,2.5,126.9560478037078,153.63469700921547,0.0,
ID5951 → ID5917,1,5951,5917,0.08753903391697726,1.0391830428185236,0.7282874016945078,0.7282874016945078,32.5,117.9901597511001,151.4811953804541,0.0,
ID5810 → ID5823,1,5810,5823,0.13566166031848137,1.4493251110432561,0.8176243752758828,0.8176243752758828,8.5,125.51524062378098,152.962295292321,0.0,
ID6022 → ID6051,1,6022,6051,0.2599417209461705,0.04465930217885993,0.810234218311662,0.810234218311662,54.5,113.48058085641748,149.7649923120296,0.0,
ID5973 → ID5980,1,5973,5980,0.16726961783860073,2.7671295997253975,1.497472086530733,1.497472086530733,46.5,115.06348495628255,150.04292033712062,0.0,
ID6200 → ID6195,1,6200,6195,0.3225488990035832,0.9848082285169711,2.4363930394351843,2.4363930394351843,72.5,111.19175770791482,146.93422118643235,0.0,
ID5846 → ID5809,1,5846,5809,0.2707355242566647,2.5055446189565194,0.3545712543284463,0.3545712543284463,3.5,126.83878127696323,154.21663771199746,0.0,
ID5940 → ID5924,1,5940,5924,0.1071124433695495,2.370745338293003,0.8245644520167136,0.8245644520167136,34.5,117.44256981132688,151.82675934509544,0.0,
ID5964 → ID5976,1,5964,5976,0.13087957300123132,2.9397540304262515,0.22046327288474435,0.22046327288474435,43.5,116.60361961286313,149.45086981310186,0.0,
ID6187 → ID6200,1,6187,6200,0.2774741786553706,1.9990879474664651,1.0877400555688814,1.0877400555688814,71.5,111.91561792008409,145.52403538869513,0.0,
ID6192 → ID6182,1,6192,6182,0.27544432932174967,2.1858480557827176,1.4034625562518104,1.4034625562518104,67.5,114.63592849331468,145.4838339275841,0.0,
ID6182 → ID6213,1,6182,6213,0.18866297822910028,2.976532466907397,1.9140405604336903,1.9140405604336903,68.5,114.3919465900965,145.63843232680648,0.0,
ID5999 → ID6003,1,5999,6003,0.19328515810191405,3.0899608953899413,0.9793799533030625,0.9793799533030625,48.5,114.40435735457027,149.6816341747218,0.0,
ID5976 → ID5968,1,5976,5968,0.14645507903481236,1.984686196094828,1.368876599351655,1.368876599351655,44.5,116.09221198364116,149.8488442138481,0.0,
ID5836 → ID5819,1,5836,5819,0.18458816501669584,0.9999988378268714,1.1149660625486182,1.1149660625486182,10.5,125.8348956658038,154.23869749105276,0.0,
ID5912 → ID5876,1,5912,5876,0.1679337961164432,3.112062206983627,0.7974320649346814,0.7974320649346814,21.5,120.21384566843253,153.46503406820307,0.0,
ID5960 → ID5991,1,5960,5991,0.11543316728778374,1.4093877504204033,0.7883035496992152,0.7883035496992152,41.5,116.77841787827049,150.09019196130544,0.0,
ID5881 → ID5882,1,5881,5882,0.07504801300043995,1.0089976996513927,0.2625892112725731,0.2625892112725731,23.5,120.38634143207935,153.7624437196693,0.0,
ID6153 → ID6192,1,6153,6192,0.2593448633139511,1.5395172769636147,0.7022829434119613,0.7022829434119613,66.5,114.13370855367249,145.76516690968884,0.0,
ID5980 → ID5999,1,5980,5999,0.0962971803022521,1.9733973522311679,0.5479312048179722,0.5479312048179722,47.5,114.3898162510059,149.8976969586956,0.0,
ID5918 → ID5892,1,5918,5892,0.14382938624334018,1.2658181515955935,0.978778612915851,0.978778612915851,25.5,121.05664454438285,153.37409872669525,0.0,
ID5968 → ID5973,1,5968,5973,0.04229464543264261,1.6754373390503803,0.33850823892121307,0.33850823892121307,45.5,115.59008284886004,150.3187050740733,0.0,
ID6012 → ID5983,1,6012,5983,0.2521579283887334,0.7413646744611356,0.2930345943885738,0.2930345943885738,50.5,114.73752945071071,148.8254288918983,0.0,
ID5955 → ID5932,1,5955,5932,0.09377787008417049,1.6692373071936963,0.878453460541512,0.878453460541512,36.5,117.54607329045031,151.76563917676577,0.0,
ID5895 → ID5928,1,5895,5928,0.07774451958872064,0.5794832031880928,0.6072046771545047,0.6072046771545047,27.5,119.94272665410335,152.61207321614592,0.0,
ID6148 → ID6142,1,6148,6142,0.2777638505891089,2.7518347295909344,0.6837418179463352,0.6837418179463352,61.5,112.76935454824164,147.8062929934127,0.0,
ID5945 → ID5944,1,5945,5944,0.07386213363467908,1.7886104198408697,0.18785487677710644,0.18785487677710644,38.5,117.35733458516273,150.5261596531646,0.0,
ID5856 → ID5871,1,5856,5871,0.07846753324010003,2.726417527718947,0.6254434573121639,0.6254434573121639,16.5,122.32233375823304,155.41586672603057,0.0,
ID5935 → ID5905,1,5935,5905,0.20985991379314772,2.5538435951910623,1.5974689407805567,1.5974689407805567,29.5,119.336617628993,152.17115727488974,0.0,
ID5905 → ID5906,1,5905,5906,0.07797705966559265,2.9667441845628093,0.3765030668243177,0.3765030668243177,30.5,119.23182083943934,151.5659364514088,0.0,
ID5854 → ID5827,1,5854,5827,0.23303817510120806,NaN,1.1042838560924122,1.1042838560924122,0.5,127.7853433849331,152.95536680305446,0.0,
ID5882 → ID5918,1,5882,5918,0.07260966701895111,1.9106284740309147,0.5914043959755766,0.5914043959755766,24.5,120.6459365927328,153.86924273142643,0.0,
ID6132 → ID6153,1,6132,6153,0.30573642942395984,2.8065756602553917,1.9849059436418361,1.9849059436418361,65.5,113.53443346294549,146.64319310796287,0.0,
ID5995 → ID6018,1,5995,6018,0.24892019373805174,0.9898360389020326,1.7662438484727414,1.7662438484727414,52.5,114.13241386547759,149.68941079559653,0.0,
ID6405 → ID6365,2,6405,6365,0.18433436678098525,1.669552965732236,1.280436715500941,1.280436715500941,95.5,172.1750172579056,160.51645795420922,0.0,
ID6537 → ID6581,2,6537,6581,0.18723958847574584,2.795013497170518,1.4811790150482815,1.4811790150482815,121.5,183.42709287433968,154.2446304780087,0.0,
ID6437 → ID6374,2,6437,6374,0.05131251414349569,0.4734381025416803,0.3080856713801769,0.3080856713801769,97.5,175.3501381173193,158.2647344525052,0.0,
ID5956 → ID5934,2,5956,5934,0.05538461538467643,0.7411829742940611,0.3172176907462799,0.3172176907462799,36.5,158.90599090430106,170.0075739401036,0.0,
ID6231 → ID6244,2,6231,6244,0.09393222100338339,2.4971782519571524,0.6265898946122068,0.6265898946122068,78.5,159.55213786877323,166.38728862030052,0.0,
ID5835 → ID5847,2,5835,5847,0.3255136986301498,1.605774977925247,2.512600582323166,2.512600582323166,2.5,162.96104706916645,169.23746192527761,0.0,
ID5920 → ID5894,2,5920,5894,0.073854768489369,1.2599164528375442,0.27672258307046677,0.27672258307046677,25.5,159.5244978443871,169.57371823250688,0.0,
ID6178 → ID6188,2,6178,6188,0.20802005012531355,0.13021590721905732,2.094009983311467,2.094009983311467,70.5,159.99022632469848,163.88515570629107,0.0,
ID6280 → ID6231,2,6280,6231,0.20023394504211545,2.9685213136377193,1.943435868326317,1.943435868326317,77.5,160.2677355944553,166.59597091598027,0.0,
ID6493 → ID6572,2,6493,6572,0.1527690961370407,1.0635251484501707,1.0380957533276807,1.0380957533276807,113.5,180.51759351867946,153.67294703072133,0.0,
ID5858 → ID5873,2,5858,5873,0.0756065820180255,1.896654526731922,0.5912941692339166,0.5912941692339166,16.5,159.70306117486749,169.52849984284217,0.0,
ID6201 → ID6196,2,6201,6196,0.07640478526100258,2.5652884229025186,0.682727203425874,0.682727203425874,72.5,160.4298325393523,164.33893513522355,0.0,
ID6265 → ID6294,2,6265,6294,0.3999689585596813,1.516530794233727,1.626994808373217,1.626994808373217,84.5,165.43562516235357,161.87722943272237,0.0,
ID6251 → ID6258,2,6251,6258,0.47692870984309454,2.424742477015596,5.1648705985384336,5.1648705985384336,80.5,161.96676560666737,166.9190873352622,0.0,
ID6705 → ID6712,2,6705,6712,0.09210882375961738,1.8773408294445753,0.8112316403650373,0.8112316403650373,138.5,193.42563056060823,149.86849079528736,0.0,
ID5941 → ID5925,2,5941,5925,0.1303641822485857,2.667306818426066,1.241528424705297,1.241528424705297,34.5,159.60594531053016,170.19940409843815,0.0,
ID6553 → ID6537,2,6553,6537,0.12009579280368055,2.4688203560009567,0.44735078715320986,0.44735078715320986,120.5,182.90498295583822,154.1250451215634,0.0,
ID5977 → ID5969,2,5977,5969,0.12722525163102627,0.7060223714050946,0.9633040320820025,0.9633040320820025,44.5,159.39023624142675,169.0924580683767,0.0,
ID6023 → ID6052,2,6023,6052,0.1805834528933351,0.6917060613774576,0.8641967305971848,0.8641967305971848,54.5,158.15573875435786,166.21183401441542,0.0,
ID6517 → ID6525,2,6517,6525,0.12372955509189365,0.9056294344110717,0.5576366645299343,0.5576366645299343,117.5,181.69403243317288,153.60999423606688,0.0,
ID6000 → ID6004,2,6000,6004,0.10705046482393654,0.9906706144472724,0.6730567092027296,0.6730567092027296,48.5,157.90581111806262,166.9934968614572,0.0,
ID6219 → ID6065,2,6219,6065,0.138730932394603,0.44763921104557197,0.5516733740729197,0.5516733740729197,63.5,159.21408173899772,165.8213216311744,0.0,
ID6294 → ID6379,2,6294,6379,0.08185625879552705,0.06076021080493976,0.5059249422953253,0.5059249422953253,85.5,165.073001003113,160.87469219982785,0.0,
ID5961 → ID5992,2,5961,5992,0.05582527413509897,0.5312058476777816,0.3958971048393499,0.3958971048393499,41.5,160.0827551200201,169.0556420184779,0.0,
ID5937 → ID5907,2,5937,5907,0.15399017852739028,2.3288858276961593,1.4432894316181606,1.4432894316181606,29.5,159.97928520238486,169.36781087291055,0.0,
ID6048 → ID5961,2,6048,5961,0.1015803473634661,3.068979087457515,0.8143138327597238,0.8143138327597238,40.5,159.96480086787,169.6301214552542,0.0,
ID5822 → ID5844,2,5822,5844,0.14832533076614052,2.3140857828083417,0.7530363189132961,0.7530363189132961,11.5,159.83974827933275,169.27343867733714,0.0,
ID6629 → ID6759,2,6629,6759,0.11070485497781168,0.5499228590843355,1.1292220591699786,1.1292220591699786,130.5,191.38214516525204,152.4236242427981,0.0,
ID6323 → ID6349,2,6323,6349,0.08885235779125955,0.19603638199719417,0.8258174662165997,0.8258174662165997,93.5,170.73049611876888,159.86812952912095,0.0,
ID5946 → ID6048,2,5946,6048,0.031296499733153404,2.070397763822619,0.1350274439521232,0.1350274439521232,39.5,159.83598457770898,169.94461905397395,0.0,
ID6196 → ID6238,2,6196,6238,0.16885931309238855,1.9010277501676114,1.2419664923087868,1.2419664923087868,73.5,160.3868805147841,164.94128854186818,0.0,
ID6389 → ID6397,2,6389,6397,0.1422417309857349,2.4909402801921248,1.3073335880995482,1.3073335880995482,100.5,176.9215910897706,158.58345382167545,0.0,
ID5996 → ID6019,2,5996,6019,0.26875507808976096,1.1029314952494702,0.9619907671514,0.9619907671514,52.5,157.76357745670958,166.97358553886286,0.0,
ID6923 → ID6888,2,6923,6888,0.668381247998437,2.009672027128337,6.7010733811120735,6.7010733811120735,157.5,194.9717008687404,152.59155318883964,0.0,
ID5965 → ID5977,2,5965,5977,0.07071717917761522,2.7273561217942492,0.4707016116238228,0.4707016116238228,43.5,160.0620643468111,169.00002615561854,0.0,
ID5870 → ID5913,2,5870,5913,0.07989717013855768,0.9166145131293707,0.2295784613735563,0.2295784613735563,20.5,159.40336117119364,168.16430492056713,0.0,
ID6639 → ID6621,2,6639,6621,0.07126797799621731,0.8589155518512148,0.6378748558771057,0.6378748558771057,127.5,189.3310629704348,153.9566514724391,0.0,
ID6143 → ID6219,2,6143,6219,0.1539637344522644,2.8176936049012005,0.9519472956466255,0.9519472956466255,62.5,158.56314750014042,165.48127520085615,0.0,
ID6214 → ID6178,2,6214,6178,0.13694660698754468,2.2051658943323833,1.3038588372567976,1.3038588372567976,69.5,158.29598569918002,163.81905472537107,0.0,
ID6653 → ID6661,2,6653,6661,0.0484413150912103,2.5551195389472716,0.46215755961336735,0.46215755961336735,132.5,191.5037239481997,151.79402795986894,0.0,
ID6845 → ID6865,2,6845,6865,0.03335861847289823,3.030196065840387,0.3236197325017415,0.3236197325017415,144.5,195.3584565770109,150.0876167572916,0.0,
ID5988 → ID5996,2,8817,5996,0.2521466161942858,2.7640415578569013,0.7298291624200136,0.7298291624200136,51.5,158.4481388942559,166.74075632626938,0.0,
ID6019 → ID6023,2,6019,6023,0.11324958847348154,3.1244791102629272,0.962119548838412,0.962119548838412,53.5,157.7694504626004,166.9793542075876,0.0,
ID6374 → ID6429,2,6374,6429,0.10104036698104346,0.5054967146567267,0.9857869706107851,0.9857869706107851,98.5,175.96723258040657,158.4015896135794,0.0,
ID6525 → ID6669,2,6525,6669,0.12677165354330688,1.3402852438146509,1.1470925579929656,1.1470925579929656,118.5,182.36068242812013,153.4219887123279,0.0,
ID8795 → ID5828,2,8795,5828,0.18913968145549487,NaN,0.42136389540607144,0.42136389540607144,0.5,163.92271640287402,168.3441453089889,0.0,
ID6509 → ID6536,2,6509,6536,0.1019131510302993,1.7922083203704169,0.8016169850785204,0.8016169850785204,115.5,181.16672003694845,153.70232290366383,0.0,
ID5812 → ID5824,2,5812,5824,0.1608384182821605,1.4737785868489448,0.5152959647779319,0.5152959647779319,8.5,160.49526614125028,168.47507421040922,0.0,
ID6154 → ID6203,2,6154,6203,0.298948220064735,0.03645894960020381,3.513175579286462,3.513175579286462,66.5,157.66848075694298,165.11379368321892,0.0,
ID6501 → ID6493,2,6501,6493,0.11285976991830826,1.908458961119848,1.107461351277171,1.107461351277171,112.5,179.98896551224635,154.4317800000452,0.0,
ID5877 → ID5883,2,5877,5883,0.13296827875335682,2.8514480844006105,0.7128349505856552,0.7128349505856552,22.5,159.72921386473786,168.166139948607,0.0,
ID6188 → ID6201,2,6188,6201,0.10742960821386027,2.7814980028831378,0.9640777539474276,0.9640777539474276,71.5,160.5686661206355,164.1072663755378,0.0,
ID5861 → ID5901,2,5861,5901,0.1378153711535849,2.8947335570838675,0.2800838306830778,0.2800838306830778,18.5,159.51727288064302,168.255537496631,0.0,
ID6397 → ID6413,2,6397,6413,0.1590259828594951,1.2859363892057356,1.1075845647952864,1.1075845647952864,101.5,177.85958630906322,158.34347599385626,0.0,
ID6004 → ID6013,2,6004,6013,0.09960147846974776,3.129926038464036,0.681567614619922,0.681567614619922,49.5,157.91109417864214,166.9959067412459,0.0,
ID6258 → ID6273,2,6258,6273,0.39892264041215464,2.695369797327089,2.405628660699578,2.405628660699578,81.5,163.46606501524266,167.43265252765366,0.0,
ID6334 → ID6320,2,6334,6320,0.3829213801907694,0.752826009450316,3.5946908042672083,3.5946908042672083,90.5,167.21519599911625,162.34905616264854,0.0,
ID6349 → ID6405,2,6349,6405,0.1614828548810484,0.8953497797453758,1.0645684055683342,1.0645684055683342,94.5,171.3911934264007,160.40862766680874,0.0,
ID6365 → ID6437,2,6365,6437,0.36833028750868413,0.04561892127795529,3.114590693343308,3.114590693343308,96.5,173.95143004682612,159.22365109210898,0.0,
ID5844 → ID5889,2,5844,5889,0.2219792236194572,0.800818800755421,0.7093826162548691,0.7093826162548691,12.5,159.21796701819423,169.53206997494652,0.0,
ID6821 → ID6832,2,6821,6832,0.10401890538849623,1.7404002178723827,1.287490125497199,1.287490125497199,151.5,194.21143579647776,148.76449268091432,0.0,
ID6678 → ID6694,2,6678,6694,0.08082526094940701,1.9691267713864875,0.5233750481742012,0.5233750481742012,135.5,193.12105756991224,151.39031930528176,0.0,
ID5929 → ID5937,2,5929,5937,0.1366729607956758,2.3472244894324468,0.7564463891234512,0.7564463891234512,28.5,159.92140774309343,169.9018131698155,0.0,
ID6712 → ID6723,2,6712,6723,0.06841680805875916,0.9724272081876766,0.49414040559437095,0.49414040559437095,139.5,193.90248161266794,150.2017819089643,0.0,
ID5969 → ID5974,2,5969,5974,0.11534755044993361,2.3077423753038335,0.8607654615881855,0.8607654615881855,45.5,159.0969934419307,168.86308873798066,0.0,
ID6642 → ID6629,2,6642,6629,0.1554500300202034,1.149596388198464,1.2483446206268165,1.2483446206268165,129.5,190.6093950149293,153.26751193509415,0.0,
ID6605 → ID6613,2,6605,6613,0.14642841894027148,0.39520085394149845,1.835635025360578,1.835635025360578,125.5,187.82193732551625,154.23350513576509,0.0,
ID5992 → ID5965,2,5992,5965,0.043227311022851045,2.484085722499115,0.3189068961574992,0.3189068961574992,42.5,160.16780039793247,168.9695604875125,0.0,
ID6740 → ID6751,2,6740,6751,0.05610402442375495,1.2559067747330634,0.15188329962721794,0.15188329962721794,142.5,194.38575902393427,150.80233537548122,0.0,
ID6478 → ID6476,2,6478,6476,0.11365953109073801,0.7784924921434226,0.9007386008891133,0.9007386008891133,109.5,180.60123403947455,155.535017384962,0.0,
ID5873 → ID5861,2,5873,5861,0.2051534778935521,3.0422352183583574,1.7164249454546756,1.7164249454546756,17.5,159.65276392628004,168.9659585373663,0.0,
ID6461 → ID6566,2,6461,6566,0.09366137664989782,0.024803493682485984,0.6225165350138808,0.6225165350138808,107.5,179.33088963706484,155.9904526613887,0.0,
ID5828 → ID5835,2,5828,5835,0.19545566942332437,2.04011147759647,0.9027591239420348,0.9027591239420348,1.5,163.61140736494355,168.08880926301467,0.0,
ID6759 → ID6653,2,6759,6653,0.11324077911316954,2.1098027558564025,0.6722278417532904,0.6722278417532904,131.5,191.57001120364762,151.97457059930477,0.0,
ID5824 → ID5837,2,5824,5837,0.1514818880351423,1.4293870384690932,0.8943391742750856,0.8943391742750856,9.5,159.97013585101007,168.62691954094953,0.0,
ID6552 → ID6501,2,6552,6501,0.18046408567735117,1.4402049661823004,1.3178385600220492,1.3178385600220492,111.5,179.95704983557712,155.13749069467013,0.0,
ID5847 → ID5811,2,5847,5811,0.22012000876470617,2.6111307413431186,1.3551196989514034,1.3551196989514034,3.5,162.51169227632792,169.84325134574067,0.0,
ID6566 → ID6478,2,6566,6478,0.07283742847523977,0.4628698985260555,0.6712594742913977,0.6712594742913977,108.5,179.94500346524364,155.85137337835647,0.0,
ID6379 → ID6309,2,6379,6309,0.14472222222219566,1.7891570475029235,1.0830499793941768,1.0830499793941768,86.5,164.52787840943728,160.90171934475157,0.0,
ID6572 → ID6509,2,6572,6509,0.14794514262473302,1.7444220944574806,0.8162613899867506,0.8162613899867506,114.5,180.94477820717572,153.2483270858472,0.0,
ID6723 → ID6772,2,6723,6772,0.07261179834127551,0.2262308489710398,0.5198441827703142,0.5198441827703142,140.5,194.12741847766387,150.65252777221235,0.0,
ID6060 → ID6149,2,6060,6149,0.11871734035895376,1.4697479170235153,0.603011362544216,0.603011362544216,60.5,159.08060556198504,166.17829477586616,0.0,
ID6244 → ID6251,2,6244,6251,0.18944891155123178,1.2376406334560566,0.3807849969746348,0.3807849969746348,79.5,159.52741868602817,166.80298759947374,0.0,
ID6733 → ID6678,2,6733,6678,0.053757329599795844,0.0035597963548627065,0.45612098576608134,0.45612098576608134,134.5,192.904755561414,151.22476697492021,0.0,
ID5889 → ID5850,2,5889,5850,0.07663428027723529,0.015627339269167685,0.4532383626340399,0.4532383626340399,13.5,158.81856515787152,169.95442102519297,0.0,
ID6772 → ID6740,2,6772,6740,0.028215583776892927,0.9665317504859465,0.09168518283504011,0.09168518283504011,141.5,194.3141807957267,150.8723473031253,0.0,
ID6888 → ID6938,2,6888,6938,0.4228327173241597,2.8698450257199575,3.9919273470116314,3.9919273470116314,158.5,193.45351252100366,152.73575615971976,0.0,
ID6413 → ID6445,2,6413,6445,0.0443558069964739,2.8664211994819935,0.2121038244762178,0.2121038244762178,102.5,178.1439177742825,157.99127417876184,0.0,
ID5907 → ID5908,2,5907,5908,0.07740500681017048,1.4773440487964933,0.22793205122446838,0.22793205122446838,30.5,159.77804152748377,168.65464219900934,0.0,
ID6694 → ID6688,2,6694,6688,0.05880606186043846,3.13752080753777,0.40907228103291243,0.40907228103291243,136.5,193.1222815657103,151.44746534548148,0.0,
ID5981 → ID6000,2,5981,6000,0.062045890252440894,0.4483386992557375,0.521630076645047,0.521630076645047,47.5,158.4299178033881,167.04649115286378,0.0,
ID6238 → ID6225,2,6238,6225,0.08279294119284031,1.529346784030966,0.8305527879203161,0.8305527879203161,74.5,160.3420683738007,165.7011822294201,0.0,
ID6301 → ID6323,2,6301,6323,0.13804207814511782,1.479313973016558,1.1724218688272974,1.1724218688272974,92.5,169.73795951349405,159.80617113926291,0.0,
ID6476 → ID6552,2,6476,6552,0.07279231313171686,3.0196017609480004,0.6287547304414736,0.6287547304414736,110.5,180.67283669054348,155.4106336835688,0.0,
ID6875 → ID6910,2,6875,6910,0.1253151157017829,2.4608659711948784,0.8848945381701232,0.8848945381701232,153.5,195.05306275109302,148.14928149713856,0.0,
ID5806_2 → ID5840,2,8804,5840,0.20954363198322634,1.4517094706343585,0.8178584734201554,0.8178584734201554,5.5,161.71373695378963,168.54200669922466,0.0,
ID7045 → ID6899,2,7045,6899,0.3062725212372188,2.9691184856417303,3.86488288952411,3.86488288952411,155.5,195.48407294211307,148.78257777154406,0.0,
ID6183 → ID6214,2,6183,6214,0.1374872603864432,2.5679115055309363,0.7996283900494989,0.7996283900494989,68.5,157.89465490739803,164.15793140644433,0.0,
ID6613 → ID6639,2,6613,6639,0.07158445774280742,0.4742648634647352,0.35993555099093844,0.35993555099093844,126.5,188.89322842710033,154.088570036951,0.0,
ID5897 → ID5929,2,5897,5929,0.0637582902673407,2.9483688735889584,0.5193813649987706,0.5193813649987706,27.5,159.67578823493014,170.01365734997546,0.0,
ID5837 → ID5822,2,5837,5822,0.1365663563541799,2.524481395357185,1.0038219304964864,1.0038219304964864,10.5,159.87424820895012,168.90367984117415,0.0,
ID6056 → ID6060,2,6056,6060,0.15866332198532052,2.220382970872828,1.5553466255383823,1.5553466255383823,59.5,158.32702384607393,165.75984324235532,0.0,
ID6688 → ID6705,2,6688,6705,0.18970809509477293,0.014995322523324,1.4777781952362503,1.4777781952362503,137.5,193.07343239114056,150.50532365985728,0.0,
ID5866 → ID5858,2,5866,5858,0.24432497013142318,0.21177797852002675,0.2541978551727632,0.2541978551727632,15.5,159.52539225035275,169.3095546180121,0.0,
ID6013 → ID5988,2,6013,8817,0.21392299879978394,0.24481115316552807,0.5621046280916491,0.5621046280916491,50.5,158.51552977726507,166.87090209800323,0.0,
ID5820 → ID5812,2,5820,5812,0.1406181976491484,1.4906078003787442,0.7741592336079922,0.7741592336079922,7.5,160.95769917460137,168.327800069163,0.0,
ID6137 → ID6154,2,6137,6154,0.18466929478755179,1.6063709209512558,0.07691634438062821,0.07691634438062821,65.5,158.95645217978407,166.36408558152004,0.0,
ID6775 → ID6855,2,6775,6855,0.07787430870958356,1.805834820166121,0.19586271086414148,0.19586271086414148,146.5,195.24369528002552,149.35821812386837,0.0,
ID5952 → ID5919,2,5952,5919,0.06063797975981333,0.4831980034461041,0.5560060677450418,0.5560060677450418,32.5,159.8062829609319,170.20372069586165,0.0,
ID6203 → ID6183,2,6203,6183,0.18958297497964305,2.693291275263223,1.831387073617343,1.831387073617343,67.5,157.2759146355253,164.18058244842888,0.0,
ID5901 → ID5870,2,5901,5870,0.1219192066501712,2.258149012915472,0.16393650812468644,0.16393650812468644,19.5,159.44498003543032,168.33639287907636,0.0,
ID5947 → ID5946,2,5947,5946,0.1073927139780737,0.17999147596651222,0.6123615108033125,0.6123615108033125,38.5,159.55584144670013,169.94034711596743,0.0,
ID6065 → ID6137,2,6065,6137,0.16435036496349853,2.1443928729606876,0.7199264107432486,0.7199264107432486,64.5,159.23382685003696,166.13358377118897,0.0,
ID6358 → ID6265,2,6358,6265,0.5096852524407564,1.093634699960363,3.385857658595389,3.385857658595389,83.5,164.17459975777894,163.32187329040426,0.0,
ID6865 → ID6775,2,6865,6775,0.09808635445714597,2.196037154835424,0.8203057216067541,0.8203057216067541,145.5,195.27774055181135,149.7556457331092,0.0,
ID6225 → ID6209,2,6225,6209,0.07588027423430388,2.0208400616787143,0.626342319889134,0.626342319889134,75.5,160.38298415324633,166.09578269340176,0.0,
ID6342 → ID6334,2,6342,6334,0.10658252554138092,1.566047627785711,0.3855528057210307,0.3855528057210307,89.5,165.3246593054178,162.79535977955717,0.0,
ID6429 → ID6389,2,6429,6389,0.043347921486243335,2.4968577650909634,0.23230230269280897,0.23230230269280897,99.5,176.36790111191135,158.46780443790186,0.0,
ID6445 → ID6453,2,6445,6453,0.11115110001741635,2.6247947475281723,0.3237032831329508,0.3237032831329508,103.5,178.08010244774567,157.93190727975252,0.0,
ID5934 → ID5947,2,5934,5947,0.08919980748199141,2.259474952558196,0.42837231095499917,0.42837231095499917,37.5,159.05655963937664,170.0795611529306,0.0,
ID6536 → ID6517,2,6536,6517,0.06762304764274796,2.3303649465763465,0.6344864217376279,0.6344864217376279,116.5,181.2938257635651,153.96692911618112,0.0,
ID6149 → ID6143,2,6149,6143,0.18632567849687398,2.4889947031659103,1.5582981562166713,1.5582981562166713,61.5,158.62406356742423,165.83732600811732,0.0,
ID6581 → ID6589,2,6581,6589,0.08785005460044837,0.44855848706441004,0.7969840761478882,0.7969840761478882,122.5,184.51541853423444,154.47843306529953,0.0,
ID6751 → ID6845,2,6751,6845,0.10712272389285493,0.6437508287783759,1.30543728434154,1.30543728434154,143.5,194.95713352321977,150.37264393492785,0.0,
ID6910 → ID7045,2,6910,7045,0.16277780325422997,1.7623155768862555,1.996475988103253,1.996475988103253,154.5,194.55153403254968,149.02823782226687,0.0,
ID6043 → ID6131,2,6043,6131,0.11368755246384599,2.4562036760756323,1.052287250935579,1.052287250935579,57.5,158.3514081473206,166.01771459475248,0.0,
ID5908 → ID5952,2,5908,5952,0.19202481377913794,2.2173424139412825,1.3560998382632927,1.3560998382632927,31.5,159.7927313385607,169.27061177859053,0.0,
ID6589 → ID6597,2,6589,6597,0.15106600467292153,0.483894360448547,1.3336728573834213,1.3336728573834213,123.5,185.52606306503344,154.7075740893461,0.0,
ID6669 → ID6553,2,6669,6553,0.11567167690989566,1.2590313298393938,0.7897651099632756,0.7897651099632756,119.5,183.00178307454482,153.88331303966638,0.0,
ID5913 → ID5877,2,5913,5877,0.13652371810353647,1.4752694412167324,0.6561970440268082,0.6561970440268082,21.5,159.74704493329352,168.06485019919933,0.0,
ID6170 → ID6043,2,6170,6043,0.10814693489133542,2.7442733538840525,1.0343080527299584,1.0343080527299584,56.5,158.36900952214546,165.66747911090616,0.0,
ID6309 → ID6286,2,6309,6286,0.17600680824422377,1.0623224135564777,0.9126652763681596,0.9126652763681596,87.5,164.06252117024775,161.62666434092125,0.0,
ID6661 → ID6733,2,6661,6733,0.09918224124105679,0.3429151316508895,1.0645424263970544,1.0645424263970544,133.5,192.21581517143707,151.54642502947547,0.0,
ID6052 → ID6170,2,6052,6170,0.15720609936057228,0.905823957872264,0.43396770346651825,0.43396770346651825,55.5,158.04298725416373,165.63150400041079,0.0,
ID6131 → ID6056,2,6131,6056,0.07119164445369819,1.3892870684216858,0.6135888693447717,0.6135888693447717,58.5,157.70483546364295,165.91202553345877,0.0,
ID5850 → ID5866,2,5850,5866,0.1691454770500077,3.0968549750807823,1.0582184219752444,1.0582184219752444,14.5,159.04128559473966,169.74915102575812,0.0,
ID5925 → ID5956,2,5925,5956,0.05768719961020774,1.5621914717173067,0.3903891461796291,0.3903891461796291,35.5,159.12400748985965,169.75977887486013,0.0,
ID5884 → ID5920,2,5884,5920,0.09843717084470416,0.8292305997981931,0.7561903459470488,0.7561903459470488,24.5,159.53920461108052,169.13339029726473,0.0,
ID6811 → ID6821,2,6811,6821,0.15325381247169867,1.5730158585227427,0.8619570956892589,0.8619570956892589,150.5,193.5351757129476,148.5427650584478,0.0,
ID5974 → ID5981,2,5974,5981,0.1318848451928133,0.8310872948159075,1.3991838528059928,1.3991838528059928,46.5,158.94455707869503,167.83481947412352,0.0,
ID5894 → ID5897,2,5894,5897,0.09451214031202482,0.6690144524121685,0.6101578556868708,0.6101578556868708,26.5,159.71144316398204,169.9525216829065,0.0,
ID6800 → ID6811,2,6800,6811,0.15261443821244647,1.5492684864459567,0.5984837935494189,0.5984837935494189,149.5,193.76525248644177,148.071829385263,0.0,
ID6832 → ID6875,2,6832,6875,0.16372391653289964,1.3674519949948154,0.7243697171438641,0.7243697171438641,152.5,194.77877595303116,148.20068420896143,0.0,
ID6453 → ID6474,2,6453,6474,0.12034817278028731,1.8471858386182884,1.2814237272448683,1.2814237272448683,104.5,178.68920196152172,157.83646543262262,0.0,
ID5919 → ID5941,2,5919,5941,0.03982737771668343,0.30574217626453515,0.2721852507555363,0.2721852507555363,33.5,159.91114738992002,170.59991440936048,0.0,
ID6855 → ID6789,2,6855,6789,0.08862267802572399,0.043514822877931,0.8469176838243865,0.8469176838243865,147.5,194.72288627795993,149.38117915042886,0.0,
ID6789 → ID6800,2,6789,6800,0.1839153766050129,1.4341895513096807,1.3901773570316347,1.3901773570316347,148.5,194.18039549128622,148.7115989877796,0.0,
ID6421 → ID6461,2,6421,6461,0.058953530011156,1.5880900286170947,0.5327958344022448,0.5327958344022448,106.5,178.81118046497164,156.24252018050157,0.0,
ID6209 → ID6280,2,6209,6280,0.13943973123831332,1.9856004541128245,1.3229931850633054,1.3229931850633054,76.5,160.60092599736106,166.662508863957,0.0,
ID6273 → ID6358,2,6273,6358,0.6371030260028714,2.0821272322909268,3.95760886419707,3.95760886419707,82.5,162.50441243909978,165.9806636899218,0.0,
ID6286 → ID6342,2,6286,6342,0.1714474118034931,0.9108982792323657,1.4312649600601195,1.4312649600601195,88.5,164.63736608767647,162.51566199808656,0.0,
ID6899 → ID6923,2,6899,6923,0.5528310415534113,1.832363486948645,5.585481016931599,5.585481016931599,156.5,197.7207543089342,150.7164376581209,0.0,
ID6621 → ID6642,2,6621,6642,0.06609959186709302,0.6546194209744384,0.7269673107159565,0.7269673107159565,128.5,189.9579931234573,153.79940150250795,0.0,
ID5811 → ID5806_2,2,5811,8804,0.13576494427565766,0.15512446343978806,0.720442643477841,0.720442643477841,4.5,162.19572917831607,168.85770803906462,0.0,
ID5840 → ID5820,2,5840,5820,0.23966350456415453,1.8288233904097335,0.15796526201682531,0.15796526201682531,6.5,161.31967839182596,168.50082555040734,0.0,
ID6320 → ID6301,2,6320,6301,0.34817459739125123,1.334009798115944,2.2446152309194565,2.2446152309194565,91.5,169.07014862600533,160.9364156070302,0.0,
ID6474 → ID6421,2,6474,6421,0.25287356321840593,2.1262058704750073,1.720202817173144,1.720202817173144,105.5,178.9483376251584,157.12796109147058,0.0,
ID6597 → ID6605,2,6597,6605,0.09755093791017655,1.008598177037358,0.9547570897616381,0.9547570897616381,124.5,186.5319588429054,154.6971669238839,0.0,
ID5883 → ID5884,2,5883,5884,0.08028455844668525,1.8162378928370062,0.5938603669345407,0.5938603669345407,23.5,159.52391332688472,168.51488335645746,0.0,
ID5950 → ID5948,3,5950,5948,0.13520437871199187,2.3043850063660214,0.7351566139446108,0.7351566139446108,38.5,133.64651993912497,179.18977395792584,0.0,
ID6024 → ID6053,3,6024,6053,0.21288969396508206,0.6426661600309449,0.5925776708046858,0.5925776708046858,54.5,133.18870663401765,179.841087222194,0.0,
ID6561 → ID6545,3,6561,6545,0.10940944425107324,1.5087429923428428,0.43660843268704946,0.43660843268704946,120.5,131.58275423201786,202.69484397497655,0.0,
ID6727 → ID6780,3,6727,6780,0.045890287589801404,2.1871035249545243,0.44762019744003523,0.44762019744003523,140.5,134.91037537386555,207.47186181493578,0.0,
ID6657 → ID6665,3,6657,6665,0.11143678730790363,2.840697411482262,0.6531311335039124,0.6531311335039124,132.5,133.32690683813632,205.96750950417348,0.0,
ID6873 → ID6782,3,6873,6782,0.08987185795423447,1.228900711034513,0.7249949936002963,0.7249949936002963,145.5,136.57246369442115,208.92058892663118,0.0,
ID5930 → ID5938,3,5930,5938,0.2055909076518806,2.0939284631621335,1.8036074528903514,1.8036074528903514,28.5,132.44718879235342,180.57874814405113,0.0,
ID6516 → ID6544,3,6516,6544,0.1488898674478284,0.1917301896797001,1.2824004742832091,1.2824004742832091,115.5,132.3674055222709,201.79201523020862,0.0,
ID6545 → ID6585,3,6545,6585,0.11955543380425881,2.7660810421917192,0.7273630229561696,0.7273630229561696,121.5,131.75492017147604,202.74541735723528,0.0,
ID6626 → ID6649,3,6626,6649,0.08518800899373058,0.408856309960126,0.7424847033608964,0.7424847033608964,128.5,134.0644628364614,205.45927252201062,0.0,
ID6139 → ID6155,3,6139,6155,0.18968867199853978,0.5192697953739944,1.7343159139355386,1.7343159139355386,65.5,134.22655262105997,180.31899447405863,0.0,
ID6260 → ID6275,3,6260,6275,0.2296561381670995,3.0874884242727423,0.5711461853825187,0.5711461853825187,81.5,136.29023055078216,193.96762297832572,0.0,
ID5853 → ID5867,3,5853,5867,0.2580096399205931,0.3998990115463444,1.8925502166079238,1.8925502166079238,14.5,132.0210061434267,182.19416170064804,0.0,
ID6457 → ID6484,3,6457,6484,0.11747117086414949,0.03461515440178908,0.7021409031798435,0.7021409031798435,104.5,137.53250255801626,196.72590952633522,0.0,
ID8806 → ID5816_1,3,8806,8808,0.22380911551790272,2.7869820825715896,1.3018210152162477,1.3018210152162477,6.5,139.0108847637533,181.86060342495313,0.0,
ID6497 → ID6577,3,6497,6577,0.15277817862970555,0.22318403665988437,1.0952344573149304,1.0952344573149304,113.5,133.59130736527942,200.0489002308322,0.0,
ID5902 → ID5872,3,5902,5872,0.13107440596576414,1.5930144381607805,0.8882775127149748,0.8882775127149748,19.5,130.7963623834923,180.91172686390072,0.0,
ID6780 → ID6746,3,6780,6746,0.05731857046468003,1.0103791384984426,0.5280712920912057,0.5280712920912057,141.5,135.18451117265286,207.7996983364966,0.0,
ID6665 → ID6741,3,6665,6741,0.08550784767216879,0.15293521197423368,0.7071849733005925,0.7071849733005925,133.5,134.00316109712458,206.01849616739847,0.0,
ID8796 → ID5830,3,8796,5830,0.267553918003548,NaN,1.5578741260925943,1.5578741260925943,0.5,141.3607667238794,180.96980706968657,0.0,
ID6825 → ID6839,3,6825,6839,0.08075872970253006,0.6242747349600438,0.7449888959251881,0.7449888959251881,151.5,136.5759812301675,207.9942695308972,0.0,
ID5867 → ID5860,3,5867,5860,0.19172610556346203,2.1991475254443333,0.7528878443961899,0.7528878443961899,15.5,131.5626603058951,181.55518930791425,0.0,
ID5948 → ID6050,3,5948,6050,0.11714891818872031,1.7570342912317156,0.930676319007619,0.930676319007619,39.5,133.75153227243976,179.71634982551998,0.0,
ID5966 → ID5978,3,5966,5978,0.0916384822777353,1.9957748557886996,0.7648338979034538,0.7648338979034538,43.5,133.87637367987264,178.82770632503684,0.0,
ID5860 → ID5874,3,5860,5874,0.08914397392727513,1.3966456729232222,0.7398985708892293,0.7398985708892293,16.5,131.83080370357646,181.0502803646005,0.0,
ID6050 → ID5962,3,6050,5962,0.12997378614187005,2.233476120444896,1.177471630420267,1.177471630420267,40.5,134.11019783494976,179.40424532851594,0.0,
ID6409 → ID6369,3,6409,6369,0.1980109913751017,2.778040913209932,1.463142648024247,1.463142648024247,95.5,137.54704123093742,196.82084157193788,0.0,
ID6585 → ID6593,3,6585,6593,0.047991071428584164,0.7494369160024886,0.4665912185199567,0.4665912185199567,122.5,132.25476204749515,202.99255095649346,0.0,
ID6741 → ID6682,3,6741,6682,0.07899752239375424,0.5761166196468503,0.6722831581922208,0.6722831581922208,134.5,134.65875163707506,205.9315285731243,0.0,
ID6057 → ID6061,3,6057,6061,0.1616196276915174,1.219693212911122,1.6761086730349986,1.6761086730349986,59.5,133.98072509066336,181.80921557538093,0.0,
ID5830 → ID5833_1,3,5830,8798,0.20592486330424187,2.4028566884864184,0.9917946576719311,0.9917946576719311,1.5,141.55851830428688,180.47747306755645,0.0,
ID6465 → ID6573,3,6465,6573,0.16862511507014633,2.317966259927356,0.6740862047234433,0.6740862047234433,107.5,136.4107961193733,196.8502387976344,0.0,
ID6577 → ID6516,3,6577,6516,0.1473863422649604,0.38588538433401764,0.9914256950189887,0.9914256950189887,114.5,133.14690001942938,200.971459880027,0.0,
ID5833_1 → ID5845_1,3,8798,8800,0.287145242070151,1.8064185935425476,1.4535862529010957,1.4535862529010957,2.5,141.0793958647755,181.09091239473003,0.0,
ID5885 → ID5886,3,5885,5886,0.11692404344803287,1.5013765402222459,0.896011386273561,0.896011386273561,23.5,131.44591208478948,180.13730036663384,0.0,
ID6189 → ID6202,3,6189,6202,0.17028816562528137,1.8214941213439584,1.6681732170944559,1.6681732170944559,71.5,132.92833707655984,180.58016339854305,0.0,
ID6782 → ID6864,3,6782,6864,0.06272360069244443,1.3205438384427184,0.31412782414940016,0.31412782414940016,146.5,136.99799585526785,208.97712005905754,0.0,
ID6955 → ID7007,3,6955,7007,0.5414835475869557,0.25789634190897814,5.185333836189496,5.185333836189496,160.5,134.29495083557967,206.27899604586094,0.0,
ID6914 → ID7049,3,6914,7049,0.12114408872524951,2.1526057999779993,0.9303698097254076,0.9303698097254076,154.5,135.70200318304023,208.0070657722998,0.0,
ID5862 → ID5902,3,5862,5902,0.1343536454509353,1.668035714495577,0.7363332357556666,0.7363332357556666,18.5,130.8001163685272,181.4822760012612,0.0,
ID6425 → ID6465,3,6425,6465,0.08868715191142462,0.32949712969482686,0.7903517106091191,0.7903517106091191,106.5,136.57943273141353,196.6046795686903,0.0,
ID5886 → ID5922,3,5886,5922,0.07722763661679954,2.0761393504193175,0.5159040540737071,0.5159040540737071,24.5,131.83423775208823,180.0697672439935,0.0,
ID6270 → ID6297,3,6270,6297,0.2035451105357703,1.1464254805291874,0.955169307205995,0.955169307205995,84.5,136.54602417812947,193.89571869118845,0.0,
ID6449 → ID6457,3,6449,6457,0.08449524723809065,2.182282108253909,0.7304071393458127,0.7304071393458127,103.5,138.24156517194282,196.82653295018406,0.0,
ID6647 → ID6626,3,6647,6626,0.06031502354190943,1.0837313671180075,0.5002151339479112,0.5002151339479112,127.5,134.61717267664255,205.20377036669225,0.0,
ID6633 → ID6763,3,6633,6763,0.06254652522490733,1.4642933926465473,0.35546398041264404,0.35546398041264404,130.5,133.87702719425124,206.2538332351521,0.0,
ID6521 → ID6529,3,6521,6529,0.19966685174900978,1.151577864217244,0.4716777120779719,0.4716777120779719,117.5,132.26429153568426,201.55662023101576,0.0,
ID5845_1 → ID5813,3,8800,5813,0.2958631145765309,1.0861185124642863,1.8647902113586707,1.8647902113586707,3.5,140.26022792733264,182.2562562979532,0.0,
ID5872 → ID5916,3,5872,5916,0.14272396755849992,2.5670098839435695,0.867869760167612,0.867869760167612,20.5,130.66629733497481,180.6993973201163,0.0,
ID5817_1 → ID5841,3,8814,8815,0.20190554608011935,2.33160923050583,1.3783746108635568,1.3783746108635568,11.5,135.89423841439947,182.76246449278742,0.0,
ID7016 → ID6955,3,7016,6955,0.15546611837788327,2.706275407400895,0.6890987725637195,0.6890987725637195,159.5,132.0025022083887,204.4588769519741,0.0,
ID5813 → ID5806_3,3,5813,8805,0.31117960492654106,2.124561729911506,2.088783726129119,2.088783726129119,4.5,139.5042789555655,181.65256712629048,0.0,
ID6061 → ID6150,3,6061,6150,0.06536029254972109,2.090056977839704,0.3738566180437895,0.3738566180437895,60.5,134.00812768576952,181.04694997700648,0.0,
ID6369 → ID6441,3,6369,6441,0.08988930326171019,2.986367119144276,0.3722134588181492,0.3722134588181492,96.5,138.0426122375372,197.0558202043195,0.0,
ID6544 → ID6521,3,6544,6521,0.14519103770777975,3.1016747168503627,0.633908782282038,0.633908782282038,116.5,132.11664474726774,201.99836007865875,0.0,
ID5993 → ID5966,3,5993,5966,0.08576814326109028,2.3567113914838984,0.7165151870110228,0.7165151870110228,42.5,133.51074803022038,178.66056727390443,0.0,
ID6313 → ID6289,3,6313,6289,0.18843408900087621,0.24957694039056363,0.871815056684842,0.871815056684842,87.5,136.81330604854264,195.3072305904721,0.0,
ID6353 → ID6409,3,6353,6409,0.07329755764440893,0.8082298198121242,0.5953653588354897,0.5953653588354897,94.5,137.19847177226393,196.51225366474492,0.0,
ID6433 → ID6396,3,6433,6396,0.1207834602829172,2.2783311588147024,0.7557709107659479,0.7557709107659479,99.5,138.89256667826135,198.07786952938852,0.0,
ID5890 → ID5853,3,5890,5853,0.17678731678133608,1.5772381965086903,1.171426164121957,1.171426164121957,13.5,133.16763764023284,183.16615161995708,0.0,
ID6488 → ID6560,3,6488,6560,0.09849076401259493,1.4616167571949763,0.5914994254037899,0.5914994254037899,110.5,135.45097898217296,197.15430071239388,0.0,
ID5989 → ID5997,3,5989,5997,0.17280949139356605,3.0122839809004756,0.6403706833542909,0.6403706833542909,51.5,134.06390569677882,179.29706574690476,0.0,
ID6297 → ID6385,3,6297,6385,0.07940831609057208,1.8424489047728778,0.3349227365933433,0.3349227365933433,85.5,136.20994714397568,194.21236232000945,0.0,
ID6746 → ID6755,3,6746,6755,0.0546870146974866,0.11284473193921356,0.4741661169161431,0.4741661169161431,142.5,135.3276718062059,208.27910287436723,0.0,
ID6174 → ID6045,3,6174,6045,0.07230888992392215,0.025689494983694633,0.6096088587453607,0.6096088587453607,56.5,133.83562828734887,180.91080279436514,0.0,
ID6220 → ID6066,3,6220,6066,0.11679932380081293,2.7752245695731146,0.8437462215398847,0.8437462215398847,63.5,134.4433019922402,181.78548119009866,0.0,
ID6928 → ID6893,3,6928,6893,0.5745788916917525,3.0433743371796766,5.391294360511908,5.391294360511908,157.5,135.41550699081645,206.99075364841497,0.0,
ID5982 → ID6002,3,5982,6002,0.0513989001599342,2.9441418800476336,0.36560429702080893,0.36560429702080893,47.5,133.9135672920409,179.56026585443192,0.0,
ID6385 → ID6313,3,6385,6313,0.11020012510803356,0.2916906922961908,0.6575723787493729,0.6575723787493729,86.5,136.43554532925225,194.64907230329885,0.0,
ID6020 → ID6024,3,6020,6024,0.13206345837531575,2.498404112984691,1.2196779981262411,1.2196779981262411,53.5,133.9414299965061,179.41402664664054,0.0,
ID6700 → ID6697,3,6700,6697,0.0685864720689302,0.43321634567114575,0.5709805888205043,0.5709805888205043,136.5,134.7960363862411,206.7909890706678,0.0,
ID5898 → ID5930,3,5898,5930,0.05398901921798849,1.3924134531241892,0.39712506449067714,0.39712506449067714,27.5,132.079407943067,179.844926229233,0.0,
ID5926 → ID5957,3,5926,5957,0.0611449008870264,1.8570321692922664,0.2927134166797082,0.2927134166797082,35.5,133.373146461835,180.6009443756077,0.0,
ID6144 → ID6220,3,6144,6220,0.15762170790102392,1.091200681414772,0.22451345326934646,0.22451345326934646,62.5,134.33542948615064,182.08633283162243,0.0,
ID7049 → ID6903,3,7049,6903,0.11601568204094559,2.836380745120392,0.7720612040953997,0.7720612040953997,155.5,135.63338919175519,208.14181112176735,0.0,
ID5978 → ID5970,3,5978,5970,0.11832846575862155,2.64303839715509,0.9561070317004826,0.9561070317004826,44.5,133.73055113880815,178.64773765641647,0.0,
ID6138 → ID6057,3,6138,6057,0.09571371671927198,1.9857128618351811,0.29110420733483977,0.29110420733483977,58.5,134.27288937539504,182.65896083595356,0.0,
ID6489 → ID6488,3,6489,6488,0.16035866958606992,2.166022860658127,1.1992673194166275,1.1992673194166275,109.5,136.14726247691488,197.1837109077899,0.0,
ID6179 → ID6189,3,6179,6189,0.06306325859796691,2.8803566969727186,0.4123339075508404,0.4123339075508404,70.5,133.728504541007,180.6924892412169,0.0,
ID5953 → ID5921,3,5953,5921,0.15775841770660393,0.45599314404724345,1.3907289183775091,1.3907289183775091,32.5,133.12598078130318,180.62258237015135,0.0,
ID5975 → ID5982,3,5975,5982,0.06078116327469041,1.1272856685959372,0.3062127196087258,0.3062127196087258,46.5,133.93721368880136,179.59782003873187,0.0,
ID6715 → ID6718,3,6715,6718,0.04558295861042072,2.3778812111257883,0.3280549416245092,0.3280549416245092,138.5,135.03749890958852,206.9677457432126,0.0,
ID6215 → ID6179,3,6215,6179,0.10198691632895718,2.751132006798506,0.8474951265971349,0.8474951265971349,69.5,133.80883861377356,180.90885913789435,0.0,
ID6649 → ID6633,3,6649,6633,0.0750842936943088,0.875061081268794,0.5523216611407016,0.5523216611407016,129.5,133.73023434600262,205.94280195750912,0.0,
ID5921 → ID5958,3,5921,5958,0.08705500158835777,1.8668483977344832,0.6489776395405086,0.6489776395405086,33.5,133.7896842754314,180.4934921211871,0.0,
ID8811 → ID8812,3,8811,8812,0.230455780259601,0.6920390121110294,1.1133982476301547,1.1133982476301547,9.5,136.95999682280274,182.23595381471011,0.0,
ID5962 → ID5993,3,5962,5993,0.10319393258520859,0.8518737782164836,0.8018714139664265,0.8018714139664265,41.5,133.78589057059264,178.55979835168546,0.0,
ID6002 → ID6005,3,6002,6005,0.05495584161641842,2.3486541023860834,0.16280998730420743,0.16280998730420743,48.5,133.87920327130024,179.42618799176284,0.0,
ID6682 → ID6700,3,6682,6700,0.09191341991341095,2.2840690951208216,0.7467062578729944,0.7467062578729944,135.5,134.85938122546958,206.15038871642685,0.0,
ID6755 → ID6849,3,6755,6849,0.08526878680614658,1.5143123009936774,0.42647471736303155,0.42647471736303155,143.5,135.61302877988004,208.44021775542012,0.0,
ID5938 → ID5910,3,5938,5910,0.07891257916664762,2.517722215906428,0.6059946011687181,0.6059946011687181,29.5,132.44031719717088,181.25806209656395,0.0,
ID6239 → ID6226,3,6239,6226,0.5221813618188501,0.2807725049534107,3.958169504253738,3.958169504253738,74.5,132.74010164794953,185.3040187661705,0.0,
ID6210 → ID6281,3,6210,6281,0.12239738251040777,1.8935139372252843,0.13887298631741404,0.13887298631741404,76.5,137.0326169492369,188.44537151370923,0.0,
ID6045 → ID6138,3,6045,6138,0.15459252555525482,0.47084748213992206,1.5890438321570652,1.5890438321570652,57.5,134.22565553998496,181.9126473246257,0.0,
ID8812 → ID5817_1,3,8812,8814,0.15515521472198524,1.195320008965266,0.8863631236569697,0.8863631236569697,10.5,136.38886330104526,182.83685448821035,0.0,
ID5896 → ID5898,3,5896,5898,0.05398096341410974,2.367261072652134,0.1323493929384245,0.1323493929384245,26.5,131.88375554776434,179.94586841030554,0.0,
ID6793 → ID6804,3,6793,6804,0.1483324263391158,1.2738590290522092,1.328266576300582,1.328266576300582,148.5,136.41968328737903,208.19197289416584,0.0,
ID6601 → ID6609,3,6601,6609,0.09444948982318957,0.5558967550785621,0.6926601667503862,0.6926601667503862,124.5,134.18985809519995,204.1911292808898,0.0,
ID6804 → ID6815,3,6804,6815,0.18093061069268102,2.8497305755854767,1.17384281860388,1.17384281860388,149.5,136.27496759293098,208.32609231074355,0.0,
ID6617 → ID6647,3,6617,6647,0.07578885054199669,1.7372320685218092,0.5951809625587104,0.5951809625587104,126.5,134.95048947684938,204.87258307303034,0.0,
ID6337 → ID6326,3,6337,6326,0.07004153231313115,3.0078220777812894,0.45332755959005827,0.45332755959005827,90.5,139.00167721744162,197.36197888661022,0.0,
ID6560 → ID6505,3,6560,6505,0.1737203601322297,0.24203328890236073,1.1235052117840851,1.1235052117840851,111.5,134.87308178795595,197.78012823188874,0.0,
ID6226 → ID6210,3,6226,6210,0.5085295361624055,1.2147280314341606,4.341412761461557,4.341412761461557,75.5,134.95412341959627,187.89669300606948,0.0,
ID6382 → ID6433,3,6382,6433,0.12697462004941784,0.9092131280494771,0.8367180542691013,0.8367180542691013,98.5,139.1277093869672,197.83907633476514,0.0,
ID6184 → ID6215,3,6184,6215,0.12126616139098967,0.6957904079531558,0.9027240371276005,0.9027240371276005,68.5,133.9801200491188,180.89414251673932,0.0,
ID6417 → ID6449,3,6417,6449,0.09196542167795474,2.840225673035229,0.5871652494821362,0.5871652494821362,102.5,138.47358734719623,196.62007142087916,0.0,
ID5936 → ID5950,3,5936,5950,0.20998851894372517,2.31457884514111,1.9877850596023512,1.9877850596023512,37.5,133.93067177783587,179.93340268950163,0.0,
ID5916 → ID5878,3,5916,5878,0.1230396764476851,2.8963325890557887,0.9010546929556494,0.9010546929556494,21.5,130.63676982154448,180.5940199462413,0.0,
ID6345 → ID6337,3,6345,6337,0.19289548652160582,0.5281800136785127,1.5565341407656725,1.5565341407656725,89.5,138.51557155306165,197.09529656802715,0.0,
ID6573 → ID6489,3,6573,6489,0.06956100354627626,0.6194813545749616,0.36206892564262233,0.36206892564262233,108.5,136.65854273170302,197.2795985554294,0.0,
ID6202 → ID6197,3,6202,6197,0.14249406414075616,0.257966429933029,1.1438311801664212,1.1438311801664212,72.5,131.7003789817898,179.9188070802717,0.0,
ID6005 → ID6014,3,6005,6014,0.07440836543756857,2.875479420142113,0.16066944734968971,0.16066944734968971,49.5,133.8878446217406,179.44585673172503,0.0,
ID6849 → ID6873,3,6849,6873,0.07193028004606417,1.2917770369817585,0.743100245459407,0.743100245459407,144.5,136.01835208099857,208.690964102568,0.0,
ID6246 → ID6253,3,6246,6253,0.16125565388621133,2.920859462032131,0.8608986097764257,0.8608986097764257,79.5,135.87895755312786,194.05652607183853,0.0,
ID6396 → ID6401,3,6396,6401,0.1455779099478478,2.37253963721306,1.0110981965768457,1.0110981965768457,100.5,139.03426451395518,197.75576943770443,0.0,
ID6893 → ID7016,3,6893,7016,0.3898104037495994,1.3870416931880856,3.252662952853424,3.252662952853424,158.5,133.31751981415186,204.32391426356918,0.0,
ID6014 → ID5989,3,6014,5989,0.18224253622485398,2.321339276736159,0.16462884207481301,0.16462884207481301,50.5,133.93025399885772,179.49495428698395,0.0,
ID6326 → ID6305,3,6326,6305,0.10646038873777186,2.849347029730127,0.972072095241347,0.972072095241347,91.5,139.27198457054354,197.3023953304142,0.0,
ID5909 → ID5953,3,5909,5953,0.14479929661621183,2.8666592760034466,0.6102173783213024,0.6102173783213024,31.5,132.28229922975845,181.118356857387,0.0,
ID6763 → ID6657,3,6763,6657,0.1608902658184912,3.050150804257282,1.0986707448786897,1.0986707448786897,131.5,133.52568741932694,206.1294738805562,0.0,
ID6053 → ID6174,3,6053,6174,0.1685018688756157,2.2295602056268575,1.1031153280751615,1.1031153280751615,55.5,133.26479513712388,180.2725280833265,0.0,
ID6281 → ID6233,3,6281,6233,0.6194362526575803,3.109158341827615,4.511245634360618,4.511245634360618,77.5,137.17997138146603,190.62662392108737,0.0,
ID5841 → ID5890,3,8815,5890,0.3178757269666581,1.4725063736573156,2.3816368540265533,2.3816368540265533,12.5,134.47265422192567,182.9446702429778,0.0,
ID5922 → ID5896,3,5922,5896,0.079368763054106,3.045682929956306,0.4170590725955293,0.4170590725955293,25.5,131.86720516099194,180.11278068105855,0.0,
ID5958 → ID5926,3,5958,5926,0.06711678745953087,2.043692811634294,0.5928553346025761,0.5928553346025761,34.5,133.61297014823145,180.76609821307733,0.0,
ID6815 → ID6825,3,6815,6825,0.12594963984486718,2.103563670474091,0.33917530922108935,0.33917530922108935,150.5,136.7751505814927,208.47422272444985,0.0,
ID5878 → ID5885,3,5878,5885,0.08102151574426641,1.2663462613653511,0.1415059602174963,0.1415059602174963,22.5,131.0748049149953,180.40635783321005,0.0,
ID6864 → ID6793,3,6864,6793,0.09356626910801646,2.6780909911018833,0.7410604128148943,0.7410604128148943,147.5,137.06428601734544,208.74591905813224,0.0,
ID6150 → ID6144,3,6150,6144,0.17447565111455132,0.9756077535822002,0.9316983409090827,0.9316983409090827,61.5,134.30154328187876,181.56028298506055,0.0,
ID5910 → ID5909,3,5910,5909,0.05894284881956069,1.181397820611779,0.2527028650285128,0.2527028650285128,30.5,132.09569241101877,181.12362408690745,0.0,
ID6253 → ID6260,3,6253,6260,0.27646830027228775,1.9666689401252337,0.3686252093324427,0.3686252093324427,80.5,136.27635244442936,194.06869286964513,0.0,
ID6275 → ID6361,3,6275,6361,0.2203255609326552,1.988080175042993,1.5473286129281845,1.5473286129281845,82.5,136.9959025381448,194.02287448946572,0.0,
ID6305 → ID6329,3,6305,6329,0.16641965993910768,2.8184493111499136,1.457536871338667,1.457536871338667,92.5,139.06211018853577,197.52941507852137,0.0,
ID6066 → ID6139,3,6066,6139,0.1630845862927962,1.2070371232339185,0.3289647251656969,0.3289647251656969,64.5,134.52403036589686,181.2875943374856,0.0,
ID6529 → ID6673,3,6529,6673,0.15987699894718377,2.8863385702696127,1.2829627405828925,1.2829627405828925,118.5,132.54785410121195,201.8631193645631,0.0,
ID6289 → ID6345,3,6289,6345,0.21025073391401994,0.0328838286889011,1.327197044911118,1.327197044911118,88.5,137.44167864893032,196.20931077571137,0.0,
ID6401 → ID6417,3,6401,6417,0.21683156791994318,2.012639352256513,1.707880043124072,1.707880043124072,101.5,138.93009534606637,196.97811934748557,0.0,
ID5957 → ID5936,3,5957,5936,0.08649131705429547,1.9134880049351424,0.693396209300013,0.693396209300013,36.5,133.68688385459524,180.69627525909488,0.0,
ID6484 → ID6425,3,6484,6425,0.15728239011777545,0.21633708245445188,0.2222048466158368,0.2222048466158368,105.5,137.07934321418713,196.6457098208395,0.0,
ID6609 → ID6617,3,6609,6617,0.07229595540857237,0.9492661908052213,0.6915998528319977,0.6915998528319977,125.5,134.69534282489866,204.54252085120538,0.0,
ID6329 → ID6353,3,6329,6353,0.20466863429030357,1.2418584212622779,1.4795845090266624,1.4795845090266624,93.5,137.9299429233946,197.14873543023012,0.0,
ID6879 → ID6914,3,6879,6914,0.10232312548410805,0.8575898347812473,0.8142490565350562,0.8142490565350562,153.5,135.9200584461387,207.65147077418794,0.0,
ID6839 → ID6879,3,6839,6879,0.08995233136054892,1.6646908057764882,0.06359266556620918,0.06359266556620918,152.5,136.34546107817062,207.70374813357145,0.0,
ID5806_3 → ID8806,3,8805,8806,0.2581029910157622,2.9501040491054242,1.9617166873246288,1.9617166873246288,5.5,139.3232000590851,181.55932066518557,0.0,
ID6593 → ID6601,3,6593,6601,0.1961360077099309,0.5270440741988671,1.7794626563229057,1.7794626563229057,123.5,133.25760119206342,203.43883287808285,0.0,
ID6903 → ID6928,3,6903,6928,0.26248947181759885,2.70709322635328,1.865753511750816,1.865753511750816,156.5,135.63469056196436,208.74675979930558,0.0,
ID5808_1 → ID8811,3,8810,8811,0.19900831670651897,1.3351814827849084,0.6723459468725059,0.6723459468725059,8.5,137.80281140759433,182.20808944365086,0.0,
ID6197 → ID6239,3,6197,6239,0.34617273961917183,2.5661062931759795,3.99508149675352,3.99508149675352,73.5,131.92552569479142,181.45169389551188,0.0,
ID6205 → ID6184,3,6205,6184,0.15402351856120666,2.376257023588175,1.292020786229501,1.292020786229501,67.5,133.83139097866376,179.8711338964976,0.0,
ID6361 → ID6270,3,6361,6270,0.1629746835443161,2.849789524070056,0.9606525244755688,0.9606525244755688,83.5,137.33834848464898,194.03689040018577,0.0,
ID5970 → ID5975,3,5970,5975,0.1120735986848369,2.299142830181705,1.0893421716203056,1.0893421716203056,45.5,133.62322030682049,179.0564458364575,0.0,
ID5874 → ID5862,3,5874,5862,0.16742420284552462,2.3490294000254415,1.2185907943165861,1.2185907943165861,17.5,131.41957393117957,181.20031381559923,0.0,
ID6673 → ID6561,3,6673,6561,0.12489726776231491,1.7892171172532096,1.332289526918808,1.332289526918808,119.5,132.29450987742075,202.64149827417714,0.0,
ID6155 → ID6205,3,6155,6205,0.13660991751816698,0.9760333389537366,0.5123900674494156,0.5123900674494156,66.5,133.80140737759257,179.37781961190058,0.0,
ID6441 → ID6382,3,6441,6382,0.1502788376871219,2.9011483113718897,1.231113041169393,1.231113041169393,97.5,138.45904187971132,197.18850289339315,0.0,
ID6505 → ID6497,3,6505,6497,0.22837567112330293,0.3400404159771864,1.5413528959072365,1.5413528959072365,112.5,134.09702809870123,198.84009511610552,0.0,
ID5997 → ID6020,3,5997,6020,0.20011284558961917,0.9417088368127179,0.16820496982498528,0.16820496982498528,52.5,134.31497688926623,179.01734294675592,0.0,
ID5816_1 → ID5808_1,3,8808,8810,0.21953413975803893,2.4051439733175206,1.4019421403697845,1.4019421403697845,7.5,138.52936442175442,181.77621797799821,0.0,
ID6233 → ID6246,3,6233,6246,0.3486204055675186,1.0051109041532413,2.2871871257590666,2.2871871257590666,78.5,136.40705258366458,193.55296122576195,0.0,
ID6697 → ID6715,3,6697,6715,0.060285018237347554,2.4367510631395426,0.3136796901741184,0.3136796901741184,137.5,134.92093392901873,206.94028954952825,0.0,
ID6718 → ID6727,3,6718,6727,0.051526032315989845,1.1461705637890227,0.46180082059811345,0.46180082059811345,139.5,134.88463661555,207.26449443275843,0.0,
ID6638 → ID6625,4,6638,6625,0.1489319558395732,2.635613132534995,1.250073293777745,1.250073293777745,129.5,169.661671885365,127.293837720908,0.0,
ID6141 → ID6217,4,6141,6217,0.6867065303837954,NaN,4.96432483789157,4.96432483789157,62.5,155.0738721292459,132.3724848005341,0.0,
ID6963 → ID7056,4,6963,7056,0.1795482919078366,0.27641930663666864,1.0963723565794246,1.0963723565794246,165.5,169.42324704473018,146.52839732655997,0.0,
ID6459 → ID6563,4,6459,6563,0.11140812049521376,0.27364571899057655,0.5545268811949704,0.5545268811949704,107.5,166.0332466147624,128.12742651482083,0.0,
ID6922 → ID6887,4,6922,6887,0.2616393328757294,0.0740466210039113,2.2028618487108025,2.2028618487108025,157.5,168.87835888713553,142.12572639971995,0.0,
ID7422 → ID7368,4,7422,7368,0.1648524295813878,0.9333048000554445,0.6563819000243267,0.6563819000243267,182.5,170.3064512587368,151.09729401989455,0.0,
ID6611 → ID6635,4,6611,6635,0.1200174359470978,2.3370760159942106,1.1435833787556868,1.1435833787556868,126.5,169.64433471764406,126.91290927717564,0.0,
ID7324 → ID7422,4,7324,7422,0.16946745562125842,3.040015143460306,1.0872587235709172,1.0872587235709172,181.5,170.72639680013555,151.76006520306595,0.0,
ID6235 → ID6222,4,6235,6222,0.04057891862366647,0.3483409775497129,0.12159444540932171,0.12159444540932171,74.5,160.31472746506398,131.60659539386165,0.0,
ID8209 → ID8299,4,8209,8299,0.26642461964035646,0.1670807314028584,2.1414704107527895,2.1414704107527895,223.5,171.47805396969025,137.63984953533839,0.0,
ID8683 → ID8630,4,8683,8630,0.1407949286553516,1.0798450749435748,1.1573610985768337,1.1573610985768337,237.5,174.46209340322,133.87973337241453,0.0,
ID6619 → ID6638,4,6619,6638,0.09755315970214251,2.4906966694986803,0.6299690502292663,0.6299690502292663,128.5,169.80766259409197,127.646195939333,0.0,
ID6181 → ID6212,4,6181,6212,0.3436548485317662,1.5589159244382091,2.8480476300333812,2.8480476300333812,68.5,161.54064530179608,131.5848550413942,0.0,
ID7012 → ID6979,4,7012,6979,0.1430463619052672,0.30509161934121665,0.7497420826547436,0.7497420826547436,163.5,170.0345815072847,145.38224703404958,0.0,
ID8022 → ID7878,4,8022,7878,0.18354013167225802,2.7107010744570004,1.5645257314064933,1.5645257314064933,208.5,170.76094899962968,151.89691835067734,0.0,
ID7686 → ID7725,4,7686,7725,0.10385632437195502,0.8177239813658079,0.8596820796251655,0.8596820796251655,200.5,169.05625865615735,152.23210081651393,0.0,
ID6451 → ID6468,4,6451,6468,0.11642901425912144,1.5448550947307123,0.8651497627829897,0.8651497627829897,104.5,166.86123331976978,129.08959580391274,0.0,
ID6863 → ID6773,4,6863,6773,0.10099201909447786,1.8017604272515049,0.47056192492002996,0.47056192492002996,145.5,170.3434399383164,136.65640973067883,0.0,
ID6687 → ID6704,4,6687,6704,0.18417718421523321,2.0982441312720934,1.242310143431703,1.242310143431703,137.5,168.06943690594375,136.42885479794566,0.0,
ID6130 → ID6152,4,6130,6152,0.34178352805520495,1.279341035273532,2.2372873738836128,2.2372873738836128,65.5,160.9066955531971,132.16040075907375,0.0,
ID7561 → ID7387,4,7561,7387,0.1270651039144064,0.06195451486362207,0.2774584284964025,0.2774584284964025,186.5,168.52253889940627,152.4203540413415,0.0,
ID6255 → ID6269,4,6255,6269,0.18799036343253694,1.1475638054911805,0.920812466831941,0.920812466831941,81.5,163.21306699257718,132.47810948837406,0.0,
ID6887 → ID6936,4,6887,6936,0.06666259785940987,0.15324287144367563,0.5251891896507734,0.5251891896507734,158.5,168.60014512680146,143.45853692980972,0.0,
ID6563 → ID6472,4,6563,6472,0.10786747797062701,2.899651407213254,0.7490202481273436,0.7490202481273436,108.5,166.02441221955533,128.25163397653571,0.0,
ID6419 → ID6459,4,6419,6459,0.07347218925560028,0.18345408084976525,0.5870347274841328,0.5870347274841328,106.5,166.34920008789658,128.59637005560083,0.0,
ID6212 → ID6176,4,6212,6176,0.22267397307989845,2.611127259287055,1.1821894079303195,1.1821894079303195,69.5,161.14926604526687,132.4634613390773,0.0,
ID6854 → ID6787,4,6854,6787,0.07233406191341996,0.7970123142499574,0.22521741263004522,0.22521741263004522,147.5,169.353613292128,136.570010130554,0.0,
ID6291 → ID6375,4,6291,6375,0.14221639873002578,2.8132819330665564,1.1021437185882372,1.1021437185882372,85.5,165.37000840382677,132.03248144506836,0.0,
ID6757 → ID6651,4,6757,6651,0.2644421745545483,1.859012915466816,1.518500314115601,1.518500314115601,131.5,168.3069380348577,128.312149268126,0.0,
ID7665 → ID7788,4,7665,7788,0.1002250070945283,0.4257167754060675,0.9957802905917498,0.9957802905917498,197.5,167.6936838082563,153.32614328369192,0.0,
ID6711 → ID6722,4,6711,6722,0.0903989502778193,1.0403149069334745,0.35257327133874716,0.35257327133874716,139.5,167.86373438424835,136.678969150154,0.0,
ID6979 → ID6963,4,6979,6963,0.13446744636941443,0.7498998392450538,0.432521099686429,0.432521099686429,164.5,169.85692514870945,145.90606186459422,0.0,
ID6411 → ID6443,4,6411,6443,0.05213679426997153,2.014682415990917,0.3699313472690369,0.3699313472690369,102.5,167.48533107299443,128.43081778142397,0.0,
ID7500 → ID7453,4,7500,7453,0.08843813513595511,2.0248533754189215,0.5872127137343045,0.5872127137343045,189.5,168.129731991125,154.20308749682277,0.0,
ID7532 → ID7602,4,7532,7602,0.06844572664984439,2.737386298308804,0.4883622339977132,0.4883622339977132,193.5,167.65843839790818,152.8180197769967,0.0,
ID6186 → ID6199,4,6186,6199,0.07572640835184552,0.43327407762490333,0.5618546188989173,0.5618546188989173,71.5,161.73812596209035,131.42058296840793,0.0,
ID7173 → ID7290,4,7173,7290,0.08882689734505922,3.0936351382071625,0.49385628591502917,0.49385628591502917,176.5,170.91496792994872,150.98468900108176,0.0,
ID7644 → ID7624,4,7644,7624,0.1306434892226357,2.3009744999600494,1.1141975724656459,1.1141975724656459,195.5,167.4795696082197,152.7677529064933,0.0,
ID6602 → ID6611,4,6602,6611,0.12083991839820252,0.7114653778389474,1.1437673755593174,1.1437673755593174,125.5,169.21557777835943,126.78389798026933,0.0,
ID6548 → ID6499,4,6548,6499,0.14215656036026458,2.878961558405279,0.6331903628134079,0.6331903628134079,111.5,165.4013252694492,128.96336426975068,0.0,
ID6810 → ID6820,4,6810,6820,0.1512035653788184,1.6876922301973227,0.7567806547399288,0.7567806547399288,150.5,169.39343501118663,138.63530978627148,0.0,
ID7349 → ID7173,4,7349,7173,0.07516834195374544,2.6750305813815007,0.5241414698089133,0.5241414698089133,175.5,170.89860981407634,150.97417635537823,0.0,
ID7044 → ID6898,4,7044,6898,0.13382648527594831,3.0508802200183904,1.188575078395626,1.188575078395626,155.5,170.15953314063995,138.30639781849584,0.0,
ID7387 → ID7531,4,7387,7531,0.09285052804877025,0.2562188154620532,0.4327650566529903,0.4327650566529903,187.5,168.30287100985578,152.6958362789524,0.0,
ID7829 → ID7808,4,7829,7808,0.14511671537922743,0.5987503747787576,0.9725252638527981,0.9725252638527981,205.5,171.08408418551528,152.74876563992268,0.0,
ID8368 → ID8396,4,8368,8396,0.13725371429005506,2.8217369037542914,0.22738459988813992,0.22738459988813992,227.5,170.19795900223866,135.39975408373724,0.0,
ID6228 → ID6241,4,6228,6241,0.08674525638948527,1.4581399029412165,0.4639456742769573,0.4639456742769573,78.5,162.251209732306,130.21108624846832,0.0,
ID6692 → ID6687,4,6692,6687,0.1395768410693634,1.144973382721196,0.8373450693686774,0.8373450693686774,136.5,168.61183127037475,136.35718694670203,0.0,
ID6468 → ID6419,4,6468,6419,0.14339759870546742,2.7445465866009284,0.812126051218284,0.812126051218284,105.5,166.723124610421,129.18424175855625,0.0,
ID6435 → ID6371,4,6435,6371,0.10225595276297561,0.841618887850079,0.8905218932807044,0.8905218932807044,97.5,166.84828398678428,129.4165044240991,0.0,
ID7446 → ID7561,4,7446,7561,0.10844711666621076,1.4785619849383418,1.1524543612985523,1.1524543612985523,185.5,168.90631882543403,151.8173873123959,0.0,
ID6625 → ID6757,4,6625,6757,0.18452217686635486,2.2194893538302387,1.7635379988054887,1.7635379988054887,130.5,169.10792561658226,127.73612440967457,0.0,
ID6874 → ID6909,4,6874,6909,0.07063097017869135,2.7952105785114023,0.6132352472704294,0.6132352472704294,153.5,169.09640989187847,138.98157138487534,0.0,
ID8444 → ID8435,4,8444,8435,0.1536977491961241,1.881036293399602,1.0442977671927134,1.0442977671927134,230.5,172.33132430325247,133.33395861923432,0.0,
ID7963 → ID7958,4,7963,7958,0.29555011956132493,0.8321122292798329,1.4254486842412206,1.4254486842412206,211.5,172.69133534310993,150.1429134573503,0.0,
ID6307 → ID6283,4,6307,6283,0.09912388768933955,2.6498027876045755,0.3294356620375044,0.3294356620375044,87.5,164.86606274716254,132.31618585647527,0.0,
ID7878 → ID7887,4,7878,7887,0.11257824279250495,1.9016510575101357,1.0773841735061662,1.0773841735061662,209.5,171.51944379081326,152.12719191512173,0.0,
ID8002 → ID8264,4,8002,8264,0.6320172458566202,2.8088199898815636,5.434712762216986,5.434712762216986,214.5,172.78202687277343,146.66207893156079,0.0,
ID8155 → ID8191,4,8155,8191,0.39498654581506254,2.812001997145326,2.4004587989898876,2.4004587989898876,220.5,175.1949021674967,139.1817342758684,0.0,
ID6176 → ID6186,4,6176,6186,0.08802615059677277,1.3326001232859377,0.7128096886347899,0.7128096886347899,70.5,161.18446185326013,131.7054419549087,0.0,
ID8595 → ID8683,4,8595,8683,0.1449537505060604,0.8490649133629306,0.9834119047363499,0.9834119047363499,236.5,173.5478442849874,133.97510844105744,0.0,
ID6568 → ID6507,4,6568,6507,0.12110493673191425,2.9228030712230435,1.1143229924430909,1.1143229924430909,114.5,165.88462551457297,128.08859070519867,0.0,
ID6512 → ID6523,4,6512,6523,0.15819865377389863,1.037039352914423,0.13139050172169794,0.13139050172169794,117.5,166.59918690417626,127.97719756208838,0.0,
ID6844 → ID6863,4,6844,6863,0.19124171831588033,1.4835953017020023,1.2217210632850248,1.2217210632850248,144.5,170.63812049095685,136.13117675798753,0.0,
ID8715 → ID8444,4,8715,8444,0.24116872230869923,0.9728652093868014,1.7683054036229018,1.7683054036229018,229.5,171.7252456890218,133.97047792965904,0.0,
ID7481 → ID7532,4,7481,7532,0.13041095890412968,2.2966984674037114,0.7526932813658722,0.7526932813658722,192.5,167.72732015329373,152.65208587191844,0.0,
ID7788 → ID7705,4,7788,7705,0.07708068680081792,2.2786212090280253,0.6186895099028413,0.6186895099028413,198.5,168.00532476663744,153.54105440659447,0.0,
ID6831 → ID6874,4,6831,6874,0.187693099897013,3.095619252592394,1.0281720691236502,1.0281720691236502,152.5,168.8787075737505,138.86168486256304,0.0,
ID6738 → ID6750,4,6738,6750,0.10599915641934388,0.4968876293729641,0.7471210847606184,0.7471210847606184,142.5,168.82291614676276,135.4578296350573,0.0,
ID7194 → ID7324,4,7194,7324,0.12740821342866304,2.2638228301299903,0.9575393628656155,0.9575393628656155,180.5,170.80934116697327,151.76325876922937,0.0,
ID6667 → ID6549,4,6667,6549,0.08132379606228313,2.013565075716151,0.2997980940500638,0.2997980940500638,119.5,168.62148644499592,128.144703817979,0.0,
ID6443 → ID6451,4,6443,6451,0.0672578732435033,0.18593664297461762,0.585301053904549,0.585301053904549,103.5,167.03758647848343,128.5913667839268,0.0,
ID6532 → ID6512,4,6532,6512,0.1615590047330605,2.581432007374638,1.4577814378277612,1.4577814378277612,116.5,165.87997691495661,128.23615550936466,0.0,
ID7315 → ID7090,4,7315,7090,0.11176352839128889,0.04839780945857607,1.1656336112232153,1.1656336112232153,168.5,168.8054327638432,148.76581324384523,0.0,
ID6299 → ID6319,4,6299,6319,0.05652976608581617,0.18134193329762177,0.447410237139631,0.447410237139631,92.5,165.3754724048323,130.96300485207792,0.0,
ID7234 → ID7272,4,7234,7272,0.038808655853937,0.9479489108070066,0.23145715545544895,0.23145715545544895,178.5,170.31456183769546,152.45286746187543,0.0,
ID6063 → ID6130,4,6063,6130,0.370242626070418,0.1654247179662892,1.1632326592953417,1.1632326592953417,64.5,159.7357015402015,132.93002520584403,0.0,
ID6387 → ID6393,4,6387,6393,0.14635607349789337,0.5777902543298978,1.4866466185481977,1.4866466185481977,100.5,167.11787178570984,129.4883301192791,0.0,
ID6393 → ID6411,4,6393,6411,0.08399531990887699,0.8323144489976446,0.6311683646675323,0.6311683646675323,101.5,167.65575294323347,128.6645396029423,0.0,
ID8341 → ID8368,4,8341,8368,0.2164878282288497,1.4087630418949335,1.618244253910607,1.618244253910607,226.5,169.76695392274036,135.95400013373984,0.0,
ID7113 → ID7132,4,7113,7132,0.1689558102948624,2.458581679970042,1.3912084205485271,1.3912084205485271,170.5,169.4140941781808,149.37941945493253,0.0,
ID6331 → ID6315,4,6331,6315,0.06677882006258096,1.5579873925341863,0.2923376027396625,0.2923376027396625,90.5,165.01302562371774,132.3503367602653,0.0,
ID6403 → ID6363,4,6403,6363,0.13877541167373997,2.794297888031612,1.1632889146122734,1.1632889146122734,95.5,165.20105638041716,131.09433180604333,0.0,
ID7725 → ID7747,4,7725,7747,0.10147237930140163,2.8823778917056053,0.6774660368421515,0.6774660368421515,201.5,169.15420612093254,152.14025531118543,0.0,
ID7213 → ID7251,4,7213,7251,0.07908015684259195,1.1854821774661715,0.6106835907608528,0.6106835907608528,172.5,169.84166929892672,150.65788139687328,0.0,
ID8630 → ID8725,4,8630,8725,0.19364005412720064,1.5792870117214088,1.4051129631356738,1.4051129631356738,238.5,175.33021575479546,134.14034146833075,0.0,
ID6595 → ID6602,4,6595,6602,0.07066553938024023,0.7749987770593344,0.6963061689692186,0.6963061689692186,124.5,168.5060249482375,127.28028490120423,0.0,
ID8299 → ID8304,4,8299,8304,0.1809109821896414,0.6123349009302751,0.5788499024915634,0.5788499024915634,224.5,170.17825595498863,137.42087669092174,0.0,
ID6750 → ID6844,4,6750,6844,0.21140956258377075,1.0566354983724218,1.6783139030515863,1.6783139030515863,143.5,169.89095176584271,135.35120209174386,0.0,
ID7705 → ID7686,4,7705,7686,0.12646596474362615,0.36637039413889516,1.0413193382841337,1.0413193382841337,199.5,168.58917214743565,152.96952030283418,0.0,
ID6315 → ID6299,4,6315,6299,0.1338623294621818,0.6226548922937813,1.0896106680771056,1.0896106680771056,91.5,165.15606305188777,131.69681065172063,0.0,
ID7850 → ID8022,4,7850,8022,0.11552799401951197,0.34547824150306883,0.5942101244409941,0.5942101244409941,207.5,170.338439184236,152.21211955278204,0.0,
ID6191 → ID6181,4,6191,6181,0.28659547945235275,2.4860246546122946,1.434386391522674,1.434386391522674,67.5,160.9744522694948,130.08622176420812,0.0,
ID6241 → ID6248,4,6241,6248,0.18004866180046586,1.7344135388067763,1.0924896503719146,1.0924896503719146,79.5,162.65684623303832,130.5936740495505,0.0,
ID6660 → ID6731,4,6660,6731,0.47551342812005437,0.16985662896776854,2.285539260480398,2.285539260480398,133.5,167.51070050157688,131.44619815826138,0.0,
ID7272 → ID7194,4,7272,7194,0.10648395613649075,2.4282355851201958,1.1166942699226587,1.1166942699226587,179.5,170.423859621097,151.98867326271227,0.0,
ID7768 → ID7959,4,7768,7959,0.10781056087114171,1.660161629435462,0.2968370917011039,0.2968370917011039,203.5,169.35665577819316,154.98433706107448,0.0,
ID6799 → ID6810,4,6799,6810,0.2512497715298633,1.185521886159698,0.8592907471837089,0.8592907471837089,149.5,169.29658680030968,138.10571283998286,0.0,
ID6579 → ID6587,4,6579,6587,0.06271279516748585,2.993920456290892,0.47596216995817603,0.47596216995817603,122.5,168.0781931094897,127.85492549324883,0.0,
ID7030 → ID7012,4,7030,7012,0.20592291500324023,1.354067416215116,1.7024791962420838,1.7024791962420838,162.5,169.84720627507923,144.18276176201653,0.0,
ID6470 → ID6548,4,6470,6548,0.14106083414505044,1.975050869642768,1.2826243894601677,1.2826243894601677,110.5,165.49215197033135,128.63002392045723,0.0,
ID6948 → ID6997,4,6948,6997,0.16833847602111007,2.633858005026818,1.02000555759395,1.02000555759395,160.5,168.2710713973798,143.75835011373226,0.0,
ID8499 → ID8540,4,8499,8540,0.08746981136778376,0.02308413635355334,0.2715820616580345,0.2715820616580345,233.5,173.0132796070285,133.80904773502502,0.0,
ID7077 → ID7315,4,7077,7315,0.20505322893317457,2.75160642997849,1.8065610254522342,1.8065610254522342,167.5,169.29041269815554,147.36151739846147,0.0,
ID8066 → ID8141,4,8066,8141,0.37905735882613456,0.035044276036008536,1.5308124025974117,1.5308124025974117,218.5,174.43796580036923,139.79719497187125,0.0,
ID6731 → ID6677,4,6731,6677,0.5261742786509491,0.43028638581120243,3.3123971145035,3.3123971145035,134.5,167.81901172316026,134.165411736268,0.0,
ID7251 → ID7152,4,7251,7152,0.1310407860162327,1.5356350718118659,0.9305022436250298,0.9305022436250298,173.5,170.28971414476027,151.0027524379749,0.0,
ID6222 → ID6206,4,6222,6206,0.12547316302225442,2.339326797545181,1.095196912007224,1.095196912007224,75.5,160.73949701356815,131.32937818308613,0.0,
ID6283 → ID6339,4,6283,6339,0.09897838457061658,1.2533116525792818,0.5885242651398811,0.5885242651398811,88.5,165.243014337222,132.27268492003094,0.0,
ID8239 → ID8209,4,8239,8209,0.22916783424026999,0.49994667299107304,1.355169713304428,1.355169713304428,222.5,173.22006875631286,137.59740936232043,0.0,
ID7290 → ID7234,4,7290,7234,0.12492466430419713,1.133159792340861,1.4087349603717254,1.4087349603717254,177.5,170.4577331966525,151.68858170011836,0.0,
ID6507 → ID6532,4,6507,6532,0.09142522882115967,1.8839751882612996,0.7516036003216802,0.7516036003216802,115.5,165.5380547864203,128.5386238248536,0.0,
ID6909 → ID7044,4,6909,7044,0.22030213446348412,2.8728553660967444,2.146555136662705,2.146555136662705,154.5,169.7197175776136,138.50947097367128,0.0,
ID7624 → ID7665,4,7624,7665,0.11015063851350371,3.1357402378692867,0.6640102234128717,0.6640102234128717,196.5,167.32820919572475,152.60112901014804,0.0,
ID8141 → ID8155,4,8141,8155,0.26381013470173276,2.3389487070515584,1.402597290998551,1.402597290998551,219.5,175.01052154721236,139.73449725808985,0.0,
ID6277 → ID6228,4,6277,6228,0.05528637914245249,1.6162872463541271,0.35855999204746325,0.35855999204746325,77.5,162.13087873308172,130.49538131988882,0.0,
ID7583 → ID7481,4,7583,7481,0.11023182303045798,0.004960701578162229,1.1429175848773592,1.1429175848773592,191.5,167.97089715843455,153.00329135327155,0.0,
ID6269 → ID6355,4,6269,6355,0.1585081585081859,1.2306056278618642,1.4517480053190783,1.4517480053190783,82.5,164.15107981956317,132.19171853119875,0.0,
ID7132 → ID7213,4,7132,7213,0.16405278028675097,1.5398405362889591,0.7912640550891844,0.7912640550891844,171.5,169.49855081478353,150.18582663849713,0.0,
ID7152 → ID7349,4,7152,7349,0.05745117924954113,2.8442621817692353,0.12485880342173765,0.12485880342173765,174.5,170.6953487210984,151.01933053425336,0.0,
ID8191 → ID8239,4,8191,8239,0.20660049152598703,1.1194124322806134,1.2983449066202983,1.2983449066202983,221.5,174.49670207215382,137.74847044635783,0.0,
ID8571 → ID8595,4,8571,8595,0.09070655468572686,3.1216562189459407,0.7025896349871846,0.7025896349871846,235.5,172.78453671688806,133.8712350784357,0.0,
ID7090 → ID7113,4,7090,7113,0.21742188284937225,2.4154190978190315,1.2296685430175023,1.2296685430175023,169.5,169.14365264599104,149.02549348173523,0.0,
ID6347 → ID6403,4,6347,6403,0.21089682018095868,3.005491904179846,1.9822322137519732,1.9822322137519732,94.5,165.32561514007352,130.62423914976017,0.0,
ID6651 → ID6660,4,6651,6660,0.34842246579236014,2.0040696856227975,2.3033685158827675,2.3033685158827675,132.5,167.64105089516517,129.16373300386292,0.0,
ID8435 → ID8496,4,8435,8496,0.08175456432009998,1.2700519332946585,0.4759300710516275,0.4759300710516275,231.5,172.7568484567581,133.80492715642978,0.0,
ID6152 → ID6191,4,6152,6191,0.31219474047163365,1.3809349416554468,1.7532153507990296,1.7532153507990296,66.5,160.89108898164045,130.6145389780486,0.0,
ID6427 → ID6387,4,6427,6387,0.05003458192274357,2.708241918884315,0.3598517225925403,0.3598517225925403,99.5,166.39827370269626,130.02791053720983,0.0,
ID6533 → ID6579,4,6533,6579,0.0839477130523334,3.0998516046194218,0.6633764975646685,0.6633764975646685,121.5,168.04133053769567,127.75931999803632,0.0,
ID8110 → ID8066,4,8110,8066,0.5576619273301628,3.102692176475115,4.643716851491414,4.643716851491414,217.5,173.32591261460936,142.67684048380144,0.0,
ID8264 → ID8043,4,8264,8043,0.552313940328916,1.3902815412757368,3.4651870400447744,3.4651870400447744,215.5,172.30666744945472,143.21962672923723,0.0,
ID6217 → ID6063,4,6217,6063,0.2447209082695314,0.623714861181438,1.8449074187075933,1.8449074187075933,63.5,158.34938885332005,132.35931041131556,0.0,
ID6262 → ID6291,4,6262,6291,0.22337203432610808,2.241175738298604,1.6162894686067042,1.6162894686067042,84.5,165.07995019820405,132.20431267823517,0.0,
ID6523 → ID6667,4,6523,6667,0.21209407550548975,1.356109724220642,2.0782008048515666,2.0782008048515666,118.5,167.6541433027204,127.9631054728201,0.0,
ID6363 → ID6435,4,6363,6435,0.14890855457227115,0.5157108469978566,1.4657032178994147,1.4657032178994147,96.5,166.0560271470298,130.15303035634753,0.0,
ID7531 → ID7500,4,7531,7500,0.13649635036496444,0.9531515630559004,1.4553486656316976,1.4553486656316976,188.5,168.28207216524817,153.56662301826134,0.0,
ID6319 → ID6347,4,6319,6347,0.11429248279799276,0.38026155969776404,1.0386849104040483,1.0386849104040483,93.5,165.6795069510243,130.2973587614585,0.0,
ID7958 → ID8089,4,7958,8089,0.2743691241959393,1.1314655986381967,1.65178033493822,1.65178033493822,212.5,173.1909201665364,148.9424069781043,0.0,
ID6472 → ID6470,4,6472,6470,0.09422133255485432,2.9729748049514435,0.6490661956548048,0.6490661956548048,109.5,166.0021694518045,128.32546101620756,0.0,
ID6936 → ID6948,4,6936,6948,0.1258208852563143,0.6453965119712868,0.4186682078426187,0.4186682078426187,159.5,168.5801724907576,143.90597921942174,0.0,
ID8043 → ID8110,4,8043,8110,0.4421879747595735,2.722105343342466,3.065870528507879,3.065870528507879,216.5,172.9919022044946,143.39532650274802,0.0,
ID6820 → ID6831,4,6820,6831,0.12204977500230307,0.9537993945844704,0.7793444703612158,0.7793444703612158,151.5,168.75292433617182,138.87066783492088,0.0,
ID7602 → ID7644,4,7602,7644,0.06620004900549847,1.8917908310613822,0.41863361095569285,0.41863361095569285,194.5,167.87394065915055,152.97532355462874,0.0,
ID7401 → ID7446,4,7401,7446,0.02853086730877097,1.0918013236500244,0.17659219341113505,0.17659219341113505,184.5,169.29959035336276,151.37631625416748,0.0,
ID6677 → ID6692,4,6677,6692,0.2693674484719205,0.7933362264177882,0.39550823389858764,0.39550823389858764,135.5,168.46393156552074,135.84638489464908,0.0,
ID7056 → ID7077,4,7056,7077,0.1343284080474284,2.968781691504814,0.654242035027725,0.654242035027725,166.5,169.35739811586535,146.7517259005186,0.0,
ID6491 → ID6568,4,6491,6568,0.16863167823216618,3.1108588388123573,1.632140049397249,1.632140049397249,113.5,165.71343528564068,128.33232417450404,0.0,
ID6898 → ID6922,4,6898,6922,0.2965004007174693,0.6857734593804921,2.459328288280349,2.459328288280349,156.5,169.37627166216197,139.8500584778065,0.0,
ID6499 → ID6491,4,6499,6491,0.11741338702923654,2.536219975713563,0.4025934442537687,0.4025934442537687,112.5,165.58869597259383,128.93443834250053,0.0,
ID8304 → ID8341,4,8304,8341,0.1945553780617879,0.11936445440255743,0.9000975966010237,0.9000975966010237,225.5,169.62587084290948,136.9311436463154,0.0,
ID8396 → ID8715,4,8396,8715,0.19667742697422919,2.2992974997960145,1.5674996897521911,1.5674996897521911,228.5,170.8750839392469,135.17604410734972,0.0,
ID6371 → ID6427,4,6371,6427,0.12886208010254452,2.7524896165694273,1.2939946372826034,1.2939946372826034,98.5,166.75198821438116,129.68943887369613,0.0,
ID7453 → ID7583,4,7453,7583,0.058992078206617116,1.4043485230153736,0.55571572915076,0.55571572915076,190.5,167.87690628769323,153.84738885513576,0.0,
ID7747 → ID7768,4,7747,7768,0.2045812033031693,0.024854725750875856,2.5224854452087353,2.5224854452087353,202.5,169.35404920078224,153.72761828409548,0.0,
ID6248 → ID6255,4,6248,6255,0.19171716215802836,0.4442872143206341,1.1702641565714909,1.1702641565714909,80.5,162.83458727591272,131.68287632930532,0.0,
ID6199 → ID6194,4,6199,6194,0.10855525434543856,2.9534691556922876,0.5539892885214432,0.5539892885214432,72.5,161.75864335803323,131.46895972592975,0.0,
ID6704 → ID6711,4,6704,6711,0.09622595018580726,2.413186422572448,0.5654479911377355,0.5654479911377355,138.5,167.62397509955707,136.35654280131467,0.0,
ID6339 → ID6331,4,6339,6331,0.06512726571539329,2.5647971698093843,0.48710397071024586,0.48710397071024586,89.5,165.2882853195352,132.42667123127424,0.0,
ID6549 → ID6533,4,6549,6533,0.15379946925456367,1.8928033278147391,1.0576270190659742,1.0576270190659742,120.5,168.1871656442653,127.89309611685869,0.0,
ID7368 → ID7401,4,7368,7401,0.1317393119969169,2.201724867136678,1.1396768577216265,1.1396768577216265,183.5,169.84626572217672,151.09340861034548,0.0,
ID6773 → ID6854,4,6773,6854,0.11264399746959852,0.45023863835592415,0.6860746059120504,0.6860746059120504,146.5,169.78120822971565,136.6088607610473,0.0,
ID8496 → ID8499,4,8496,8499,0.07747363697554976,2.4089769566721206,0.2397401581041206,0.2397401581041206,232.5,172.81082671558755,133.96514628224213,0.0,
ID6787 → ID6799,4,6787,6799,0.21505962588844474,2.037704939304492,1.396892905897057,1.396892905897057,148.5,169.10681721453642,137.17729400357825,0.0,
ID6355 → ID6262,4,6355,6262,0.07923749807071312,3.0162499752591554,0.6402106144277822,0.6402106144277822,83.5,164.47590451172923,131.94115342142126,0.0,
ID7959 → ID7829,4,7959,7829,0.24394817859319595,2.204576604824607,2.5072000749732815,2.5072000749732815,204.5,169.9194188168977,153.95648775105929,0.0,
ID7808 → ID7850,4,7808,7850,0.11714224021097086,2.3996494902030903,0.9688497935740441,0.9688497935740441,206.5,171.08653434016978,152.3968752976259,0.0,
ID7887 → ID7963,4,7887,7963,0.24735913421945377,2.4550867856234415,2.2337858665606762,2.2337858665606762,210.5,172.20197801453872,151.75161577412433,0.0,
ID6206 → ID6277,4,6206,6277,0.14056224899598246,0.09480609469646722,1.0686796959493914,1.0686796959493914,76.5,161.71491336424222,130.86405525576373,0.0,
ID8540 → ID8571,4,8540,8571,0.10869712080991845,2.879950535800877,0.7177661163150729,0.7177661163150729,234.5,172.7890100675043,133.86187140785276,0.0,
ID6375 → ID6307,4,6375,6307,0.07194927312577293,1.78354355400487,0.6109113277915634,0.6109113277915634,86.5,164.81070922466876,132.14686769490845,0.0,
ID6997 → ID7030,4,6997,7030,0.2306202687635509,2.3632242019545906,1.7422727048251727,1.7422727048251727,161.5,168.76766848219117,143.38463649890332,0.0,
ID6770 → ID6738,4,6770,6738,0.1777858950609199,2.4311331040969293,1.7128647893319506,1.7128647893319506,141.5,167.77178195094518,136.0328267730219,0.0,
ID8089 → ID8002,4,8089,8002,0.19388274005384176,1.2455599018987598,0.6989778293643951,0.6989778293643951,213.5,174.13544785316233,148.63165935942789,0.0,
ID6194 → ID6235,4,6194,6235,0.14287597205743663,0.38258915533096416,1.1339897964013808,1.1339897964013808,73.5,160.9392059005476,131.60361066477282,0.0,
ID6587 → ID6595,4,6587,6595,0.09656823623306099,1.495626085942496,0.44978787565786205,0.44978787565786205,123.5,168.02986605626808,127.51889647856328,0.0,
ID6635 → ID6619,4,6635,6619,0.03712287303424733,1.289911118229823,0.22030283381211876,0.22030283381211876,127.5,169.60513426863739,127.52320537714166,0.0,
ID6722 → ID6770,4,6722,6770,0.15096490513804772,3.061706947207866,1.138105376402452,1.138105376402452,140.5,167.50043634073154,136.52757709324868,0.0,
ID6247 → ID6254,5,6247,6254,0.24414195739447442,2.0720828210801834,1.8502587767710268,1.8502587767710268,80.5,139.1205525692431,127.91803799292475,0.0,
ID6227 → ID6240,5,6227,6240,0.07517084282462205,0.6709557059409089,0.40320716978797716,0.40320716978797716,78.5,138.74500892493995,126.93314973722426,0.0,
ID6418 → ID6458,5,6418,6458,0.12772304431446135,2.773749846529186,1.3984856368287306,1.3984856368287306,106.5,136.4953633185537,126.45208079299806,0.0,
ID6490 → ID6565,5,6490,6565,0.055144924317696686,2.082891673374302,0.4409628697932638,0.4409628697932638,113.5,136.3148723280209,130.31237815772636,0.0,
ID6117 → ID6151,5,6117,6151,0.2912205567451702,1.5943217775786154,0.9296712542535922,0.9296712542535922,65.5,142.7383165938106,120.39646814468608,0.0,
ID6330 → ID6314,5,6330,6314,0.057800600721341966,1.2239318150116918,0.2566795188532972,0.2566795188532972,90.5,139.54985798388776,129.027767833089,0.0,
ID6562 → ID6469,5,6562,6469,0.1965543717643774,1.0077474517489577,1.953236408593275,1.953236408593275,108.5,136.43748736855235,127.79881331215952,0.0,
ID6658 → ID6728,5,6658,6728,0.07490153541774103,0.658599947861428,0.6062034239993649,0.6062034239993649,133.5,137.77833197687778,128.688950883187,0.0,
ID6386 → ID6390,5,6386,6390,0.10524308259562709,2.0992950436607023,0.7167005228142274,0.7167005228142274,100.5,137.30689603722527,127.64376430256556,0.0,
ID6467 → ID6546,5,6467,6546,0.07897690390014189,0.8671262562223145,0.8685334720913582,0.8685334720913582,110.5,136.33879339155573,129.42573015259387,0.0,
ID6261 → ID6290,5,6261,6290,0.22307852179723375,2.9535799675034307,1.631657542389053,1.631657542389053,84.5,139.0735305675865,129.2938982269541,0.0,
ID6317 → ID6346,5,6317,6346,0.25571355251638284,1.921420533202941,2.490055377862242,2.490055377862242,93.5,138.5277010925957,127.78926612434319,0.0,
ID6650 → ID6658,5,6650,6658,0.14819702418262992,2.834317959123638,0.8944718949581482,0.8944718949581482,132.5,137.07452133391917,128.5842931624505,0.0,
ID6362 → ID6434,5,6362,6434,0.07763357886119981,1.980855258714115,0.6788256924656164,0.6788256924656164,96.5,137.5556157676179,127.68524998131178,0.0,
ID6211 → ID6175,5,6211,6175,0.20413266649120654,1.6015425592672492,0.39577259472456217,0.39577259472456217,69.5,141.1482374555597,124.5193178518108,0.0,
ID6390 → ID6410,5,6390,6410,0.1129415491842124,0.8427008492994079,0.8072481804533269,0.8072481804533269,101.5,137.99954952239494,127.70746687658965,0.0,
ID6530 → ID6510,5,6530,6510,0.20579787417014395,1.2949090759936708,1.607543489328665,1.607543489328665,116.5,136.62639759021815,128.74661570022562,0.0,
ID6240 → ID6247,5,6240,6247,0.13818244245526778,1.666258694949902,0.16898528707705976,0.16898528707705976,79.5,138.91815618249547,127.0537969960742,0.0,
ID6410 → ID6442,5,6410,6442,0.07684684528054742,0.6657257947074955,0.4413961816332398,0.4413961816332398,102.5,138.5735152584072,127.85679599479604,0.0,
ID6458 → ID6562,5,6458,6562,0.16881158254573114,2.789602158783951,1.3496077124319679,1.3496077124319679,107.5,136.27414292963806,126.35451618282053,0.0,
ID6610 → ID6634,5,6610,6634,0.1347470228128349,2.2864807846771553,1.4303154799377695,1.4303154799377695,126.5,137.64380711209012,129.124107975347,0.0,
ID6466 → ID6418,5,6466,6418,0.14874286921613278,1.2855754494097278,1.1293169194059482,1.1293169194059482,105.5,136.67244013345362,126.6510313164595,0.0,
ID6426 → ID6386,5,6426,6386,0.08936881040449984,2.928633093537607,0.39511436198660643,0.39511436198660643,99.5,137.12391047952582,127.8938950473763,0.0,
ID6314 → ID6298,5,6314,6298,0.09508471300649735,2.8426002805162285,0.6702697726281999,0.6702697726281999,91.5,139.3549747353461,128.93502503461372,0.0,
ID6346 → ID6402,5,6346,6402,0.10610338952081899,3.1268900012566943,0.9627390753393189,0.9627390753393189,94.5,138.50457560265764,127.0258733454794,0.0,
ID6636 → ID6627,5,6636,6627,0.06435247094433161,2.684556341950317,0.4966324981913339,0.4966324981913339,129.5,137.3281032738509,130.0636389954933,0.0,
ID6434 → ID6370,5,6434,6370,0.12839605554438527,1.7893565833019982,1.008792650708462,1.008792650708462,97.5,137.04442013185934,127.50070809903889,0.0,
ID6498 → ID6490,5,6498,6490,0.11917300370732209,2.5120509619653175,0.8604898936271047,0.8604898936271047,112.5,136.5032514999832,129.98792271071673,0.0,
ID6666 → ID6547,5,6666,6547,0.09911788805823984,3.0764459564656566,0.8665069838095412,0.8665069838095412,119.5,136.19885860537704,129.77215551165187,0.0,
ID6531 → ID6578,5,6531,6578,0.06910087029359624,1.248484586768151,0.6947544699664989,0.6947544699664989,121.5,136.22781162645225,129.0966406054311,0.0,
ID6402 → ID6362,5,6402,6362,0.16955398031777336,1.1243671335887278,1.0764781226717812,1.0764781226717812,95.5,138.05850544808274,127.7649023420042,0.0,
ID6586 → ID6594,5,6586,6594,0.17973112462536234,2.2952505870498587,1.0693642345310603,1.0693642345310603,123.5,136.40870753926174,129.0781353595167,0.0,
ID6510 → ID6522,5,6510,6522,0.26135302605890887,2.416818055952981,1.6178177486731535,1.6178177486731535,117.5,136.78628366474908,129.2955317460057,0.0,
ID6234 → ID6221,5,6234,6221,0.08737642663316914,2.6862624945007383,0.40805259664129523,0.40805259664129523,74.5,138.6816613734531,123.37990035509236,0.0,
ID6282 → ID6338,5,6282,6338,0.0728823962472478,2.845637781355664,0.26060389709904414,0.26060389709904414,88.5,139.14485037975936,128.52406718846618,0.0,
ID6370 → ID6426,5,6370,6426,0.10543865700816979,2.3593344056766488,0.8007805372291029,0.8007805372291029,98.5,136.92035713287413,127.83661430489641,0.0,
ID6728 → ID6674,5,6728,6674,0.1743196783404295,3.0329255072978243,1.551129353023581,1.551129353023581,134.5,137.33419244375017,128.51943837103317,0.0,
ID6634 → ID6618,5,6634,6618,0.10242772582998183,1.540923198171751,0.7508544502458938,0.7508544502458938,127.5,137.7112242371977,129.93890242409373,0.0,
ID6190 → ID6180,5,6190,6180,0.3420904273311359,0.33223685875149817,1.251532054655972,1.251532054655972,67.5,142.14509956838765,122.07868777399653,0.0,
ID6198 → ID6193,5,6198,6193,0.14229801509647821,0.5732372354150096,0.9014185296628079,0.9014185296628079,72.5,138.6145096480081,124.02842766241955,0.0,
ID6221 → ID6204,5,6221,6204,0.3522316043425874,1.2636406423348374,2.613207332666142,2.613207332666142,75.5,138.36481897169602,124.72513338055758,0.0,
ID6706 → ID6720,5,6706,6720,0.4669850740221,1.7343424755675638,3.9657271714982247,3.9657271714982247,139.5,135.05731920028722,123.7976286556503,0.0,
ID6689 → ID6684,5,6689,6684,0.1009844880127716,2.1683973541208372,1.078076237082949,1.078076237082949,136.5,136.09342840376826,128.90854391647375,0.0,
ID6765 → ID6734,5,6765,6734,0.12719793886453734,3.0832592589632775,0.8387932776224849,0.8387932776224849,141.5,137.1181741318038,124.83275675368232,0.0,
ID6175 → ID6185,5,6175,6185,0.1282043314793503,0.5222933570223681,0.7870037379441654,0.7870037379441654,70.5,140.75771971160862,124.09923148545842,0.0,
ID6354 → ID6261,5,6354,6261,0.34095413561119425,2.982685836651784,3.351175737675483,3.351175737675483,83.5,139.03528645835328,130.18040961069664,0.0,
ID6627 → ID6756,5,6627,6756,0.12657033751485236,0.14770416107259876,1.0438079589436124,1.0438079589436124,130.5,137.62095333269437,129.3532476812066,0.0,
ID6062 → ID6117,5,6062,6117,0.40352129431359196,2.1915935967206837,0.2580936704623015,0.2580936704623015,64.5,143.19582712467104,120.25298558329118,0.0,
ID6684 → ID6702,5,6684,6702,0.43353362300614484,0.15568502565820436,5.04953102274941,5.04953102274941,137.5,134.07141847418688,126.61388735091637,0.0,
ID6450 → ID6466,5,6450,6466,0.11220787794112319,0.7379852982219754,0.8311014391507773,0.8311014391507773,104.5,137.35220111321325,126.24917312670945,0.0,
ID6547 → ID6531,5,6547,6531,0.13835707925201646,3.053882428820626,0.8891314375090459,0.8891314375090459,120.5,136.17542499316846,129.73960332706156,0.0,
ID6522 → ID6666,5,6522,6666,0.10953638187772485,2.995244855235251,0.48147546373562583,0.48147546373562583,118.5,136.31202252085743,129.6149971509584,0.0,
ID6720 → ID6765,5,6720,6765,0.1424185656214072,0.9162585419590404,0.8748282604897631,0.8748282604897631,140.5,137.09305845870574,124.81492708966668,0.0,
ID6151 → ID6190,5,6151,6190,0.3266274864375911,1.340009597895695,1.0684951045035507,1.0684951045035507,66.5,142.16793603017783,120.93477074249759,0.0,
ID6546 → ID6498,5,6546,6498,0.15012719433904254,2.646403381516572,0.36682352820809966,0.36682352820809966,111.5,136.39194040438602,129.7072240821442,0.0,
ID6306 → ID6282,5,6306,6282,0.0785107030565807,2.753886687442948,0.3123494854769512,0.3123494854769512,87.5,139.19317522435233,128.51389027705648,0.0,
ID6702 → ID6706,5,6702,6706,0.3411705177938611,1.147944772177558,2.2504919308975087,2.2504919308975087,138.5,132.94705302933465,123.66294056715452,0.0,
ID6185 → ID6198,5,6185,6198,0.18278989948519464,1.254351941614507,1.5521571482230963,1.5521571482230963,71.5,139.79331163351185,123.96836506959164,0.0,
ID6756 → ID6650,5,6756,6650,0.1458556564211584,1.7230834324473028,1.1880300018673193,1.1880300018673193,131.5,137.21349386324027,128.74896696602895,0.0,
ID6193 → ID6234,5,6193,6234,0.10254096673003454,2.155513524923788,0.8884746858013923,0.8884746858013923,73.5,138.53335014126975,123.61265318930285,0.0,
ID6442 → ID6450,5,6442,6450,0.20798767300709842,2.0020069399495326,1.8021860744746516,1.8021860744746516,103.5,138.2741004933385,127.07911754720458,0.0,
ID6338 → ID6330,5,6338,6330,0.1098056917043232,2.5746647773797653,0.6838545738853762,0.6838545738853762,89.5,139.29546671006665,128.7139104321757,0.0,
ID6298 → ID6317,5,6298,6317,0.08221251721250677,0.6582824704293078,0.4918495140620257,0.4918495140620257,92.5,138.80437121648146,128.93978274656027,0.0,
ID6603 → ID6610,5,6603,6610,0.2243294348343643,2.600272794481207,2.4031996974093484,2.4031996974093484,125.5,136.91412305780463,129.6674108806152,0.0,
ID6565 → ID6506,5,6565,6506,0.10918216037412509,0.16874515696101813,0.7942251767189173,0.7942251767189173,114.5,135.7459249737442,130.07735891050217,0.0,
ID6506 → ID6530,5,6506,6530,0.12775562810181362,1.585695593672578,1.337614128120278,1.337614128120278,115.5,135.5975317986907,129.31902731297401,0.0,
ID6594 → ID6603,5,6594,6603,0.11910312207480422,0.5340912555737815,1.2640730783668923,1.2640730783668923,124.5,136.4102800043176,130.20379143371673,0.0,
ID6216 → ID6062,5,6216,6062,0.24534142105473433,NaN,0.9783825575029649,0.9783825575029649,63.5,142.8070630149919,120.43013495748727,0.0,
ID6674 → ID6689,5,6674,6689,0.1180507892930801,1.8820797587199654,1.0786648723510464,1.0786648723510464,135.5,136.56455139447735,128.7287375946131,0.0,
ID6373 → ID6306,5,6373,6306,0.12438588655650873,0.43071064721458496,1.1856980772113597,1.1856980772113597,86.5,139.20833501516233,128.96577368563578,0.0,
ID6266 → ID6354,5,6266,6354,0.19360269360267635,0.07303381910971013,1.8533383761915945,1.8533383761915945,82.5,139.27898083734854,130.91567691702278,0.0,
ID6578 → ID6586,5,6578,6586,0.07879213273395635,1.7659312495616828,0.5934932351965119,0.5934932351965119,122.5,136.291830776557,128.69086273650458,0.0,
ID6204 → ID6276,5,6204,6276,0.11985969446627098,2.1516196165436923,0.5808289889903073,0.5808289889903073,76.5,138.50336393304812,125.88957912026669,0.0,
ID6618 → ID6636,5,6618,6636,0.11092436974790099,0.033338686049455626,0.23158294633510773,0.23158294633510773,128.5,137.30505341827433,130.21507766366773,0.0,
ID6276 → ID6227,5,6276,6227,0.13698029835486492,2.180154484123306,1.015939660469002,1.015939660469002,77.5,138.69937529891453,126.25712210401358,0.0,
ID6180 → ID6211,5,6180,6211,0.25736675085809657,0.5747271562016889,2.113367953070589,2.113367953070589,68.5,141.77623826004816,123.65415962800827,0.0,
ID6290 → ID6373,5,6290,6373,0.0800416079044064,3.1259113011646695,0.5429928852820525,0.5429928852820525,85.5,139.2394855825661,129.8123681705247,0.0,
ID6469 → ID6467,5,6469,6467,0.10229792380569624,1.5057346296535448,0.6311421022773628,0.6311421022773628,109.5,136.65564415629763,128.82148167476726,0.0,
ID6254 → ID6266,5,6254,6266,0.191898215577736,0.1027529505746949,1.1572499056846566,1.1572499056846566,81.5,139.28085809678404,129.411333813809,0.0,
ID6554 → ID6502,6,6554,6502,0.23038543095918695,2.8691731810452574,0.18736630061881696,0.18736630061881696,111.5,111.62256852929718,159.00347000892117,0.0,
ID6230 → ID6243,6,6230,6243,0.09684072582145464,0.7291698608704063,0.44035493222303546,0.44035493222303546,78.5,112.31994647758827,159.10529563367754,0.0,
ID6477 → ID6422,6,6477,6422,0.22521786492373552,0.0409775200802055,0.334670898825863,0.334670898825863,105.5,112.9989907566698,158.66545851442888,0.0,
ID6539 → ID6582,6,6539,6582,0.03168162274521347,0.2691939138371924,0.059202978853783804,0.059202978853783804,121.5,111.47510815878891,159.62011043701818,0.0,
ID6774 → ID6742,6,6774,6742,0.16803041745877023,1.8460770540044884,1.33518859617362,1.33518859617362,141.5,107.52890145294933,163.857645775082,0.0,
ID7035 → ID7019,6,7035,7019,0.3037547226587254,2.0041385737050543,0.875873006826066,0.875873006826066,162.5,103.06634538249963,166.48021224572216,0.0,
ID6760 → ID6654,6,6760,6654,0.233226300656884,2.0731783255543244,2.305757585570785,2.305757585570785,131.5,108.8950802132396,160.94372545040358,0.0,
ID6446 → ID6454,6,6446,6454,0.08271478486625394,2.6346121698106533,0.31173991711303645,0.31173991711303645,103.5,111.97280331935804,159.17579333125016,0.0,
ID6224 → ID6208,6,6224,6208,0.34067227387327503,0.8134335711861683,1.9790318385478096,1.9790318385478096,75.5,110.92094392091258,157.5594124503983,0.0,
ID6641 → ID6622,6,6641,6622,0.16831181828473563,2.91768995644885,1.0677075937625229,1.0677075937625229,127.5,110.44554135355956,159.83937779492618,0.0,
ID6866 → ID6777,6,6866,6777,0.11903002826210618,2.367545736067135,0.9386665723113281,0.9386665723113281,145.5,107.98997992429179,164.55553044553085,0.0,
ID6801 → ID6812,6,6801,6812,0.30747772878610236,2.499615578309002,0.8802721869138259,0.8802721869138259,149.5,105.49418970418706,164.3904771134811,0.0,
ID6598 → ID6606,6,6598,6606,0.1017580098950357,0.3190408314187001,0.7028479815465772,0.7028479815465772,124.5,110.3223232419951,159.78869182875212,0.0,
ID6376 → ID6430,6,6376,6430,0.08933051375246637,2.884136736796276,0.4920041760296798,0.4920041760296798,98.5,112.31146551944101,159.13555037486657,0.0,
ID6462 → ID6567,6,6462,6567,0.22354155911203,1.5621038462718193,0.17735672033767244,0.17735672033767244,107.5,113.09950162068347,159.43839029555625,0.0,
ID6714 → ID6724,6,6714,6724,0.16223945553941588,0.4325524215652379,1.149183155472375,1.149183155472375,139.5,108.40594648587897,163.0449921540732,0.0,
ID6857 → ID6790,6,6857,6790,0.08925994640280588,2.605237799838341,0.04798954779854835,0.04798954779854835,147.5,107.15824479432564,164.7778543814137,0.0,
ID6630 → ID6760,6,6630,6760,0.10937458750231577,2.538022023005951,0.5100587397273846,0.5100587397273846,130.5,109.79468997518714,160.39443144272119,0.0,
ID6724 → ID6774,6,6724,6774,0.13860878101017537,2.2644931339351655,1.0528372881348333,1.0528372881348333,140.5,108.0914551812337,163.3936625350285,0.0,
ID6900 → ID6924,6,6900,6924,0.23043257935228323,3.0741191789114493,0.9930521184563654,0.9930521184563654,156.5,105.73919567095555,164.82517917501292,0.0,
ID6272 → ID6357,6,6272,6357,0.09358256738612458,2.5969248120261605,0.5374034215755129,0.5374034215755129,82.5,112.3183290906515,158.71471943888062,0.0,
ID6366 → ID6438,6,6366,6438,0.057482069397035374,2.6202453102436944,0.24438777479356702,0.24438777479356702,96.5,112.43780836740119,159.46921159781397,0.0,
ID6696 → ID6690,6,6696,6690,0.058084271143279076,0.5765106949798432,0.4398185146881868,0.4398185146881868,136.5,107.72656133246116,162.9227108405939,0.0,
ID6391 → ID6398,6,6391,6398,0.09512352561470339,2.9548095658808307,0.6244299130403083,0.6244299130403083,100.5,111.38588282516545,159.72350361434053,0.0,
ID6582 → ID6590,6,6582,6590,0.0905114573409681,1.241839341925029,0.4711091456549703,0.4711091456549703,122.5,111.50278297124126,159.37495436582998,0.0,
ID6538 → ID6518,6,6538,6518,0.21652542372880346,3.1248103545019315,1.837972148502255,1.837972148502255,116.5,110.9115463226558,159.14275116684826,0.0,
ID6243 → ID6250,6,6243,6250,0.19981484338835753,2.2058416367513063,0.4129526757764975,0.4129526757764975,79.5,112.15136216114126,159.19885418254728,0.0,
ID6502 → ID6494,6,6502,6494,0.18730242360377924,2.693280782562328,0.32400281234079015,0.32400281234079015,112.5,111.53570996743677,159.014538637498,0.0,
ID6812 → ID6822,6,6812,6822,0.21300746497598544,1.8843803298275197,0.8318346714266759,0.8318346714266759,150.5,105.32014204136529,164.86321097390385,0.0,
ID6398 → ID6414,6,6398,6414,0.08658937059161065,0.7417741375935536,0.3559799074020931,0.3559799074020931,101.5,111.67327070198996,159.36502239755401,0.0,
ID6250 → ID6257,6,6250,6257,0.25359815774324257,1.9757545838150221,0.25503948808273846,0.25503948808273846,80.5,112.09974884792196,159.01048494014253,0.0,
ID6735 → ID6679,6,6735,6679,0.10660576786166942,1.3448528771641164,0.6804002146949409,0.6804002146949409,134.5,107.98767825779959,161.50313210641536,0.0,
ID6526 → ID6670,6,6526,6670,0.1154200230149518,1.2380118240709441,0.5272092394224317,0.5272092394224317,118.5,110.91946831635252,159.02236175247708,0.0,
ID6341 → ID6333,6,6341,6333,0.12527594180122414,2.7742666549470623,0.6753933711743738,0.6753933711743738,89.5,112.06730780284094,159.04451675494343,0.0,
ID6836 → ID6876,6,6836,6876,0.1799613579906001,0.3861855391979938,0.15688334102438473,0.15688334102438473,152.5,105.30424731326173,165.10716037402878,0.0,
ID6742 → ID6752,6,6742,6752,0.05114908271092189,1.9638060123769363,0.3274921384699984,0.3274921384699984,142.5,107.61093471451565,164.4757363278482,0.0,
ID6310 → ID6285,6,6310,6285,0.15567124690618972,2.7545665648322046,0.7300647926386675,0.7300647926386675,87.5,113.1754438361807,159.23246422756228,0.0,
ID6567 → ID6481,6,6567,6481,0.1218898104265389,2.0999968271789218,0.5572255006288711,0.5572255006288711,108.5,113.00510804345069,159.66561819357372,0.0,
ID6302 → ID6325,6,6302,6325,0.08429538342315146,1.927530549408086,0.5376692070466087,0.5376692070466087,92.5,112.61295973849299,158.97064225518784,0.0,
ID6208 → ID6279,6,6208,6279,0.18462043447125487,0.9595543952383905,1.3148326184490808,1.3148326184490808,76.5,112.14139373036694,158.37702604844685,0.0,
ID6325 → ID6350,6,6325,6350,0.11608704898719258,0.8710071705638943,0.6824515669365157,0.6824515669365157,93.5,112.06105309709994,159.01827602595569,0.0,
ID6494 → ID6574,6,6494,6574,0.07533158822819719,0.3278691656258455,0.4265386847842081,0.4265386847842081,113.5,111.19793224058945,159.1663722269094,0.0,
ID6822 → ID6836,6,6822,6836,0.10637212474848201,2.615615416890229,0.3413325045398011,0.3413325045398011,151.5,105.07943164848113,165.00948342663685,0.0,
ID6357 → ID6264,6,6357,6264,0.09680545909019056,2.440269013244377,0.5109020342486565,0.5109020342486565,83.5,112.49238780594251,158.66698244568937,0.0,
ID6924 → ID6889,6,6924,6889,0.11522427391811829,0.8048102830822276,0.7383592060750614,0.7383592060750614,157.5,104.97761577329075,165.06388943183453,0.0,
ID6264 → ID6293,6,6264,6293,0.23499022619375043,1.3465106642677764,0.914178078822321,0.914178078822321,84.5,112.94297762450671,158.31613586740602,0.0,
ID6350 → ID6406,6,6350,6406,0.13712132744712324,3.0701234330459912,1.0249062389419437,1.0249062389419437,94.5,112.21305602195415,159.1025772786133,0.0,
ID6606 → ID6614,6,6606,6614,0.09930811129104422,1.9544607919947827,0.5809478802810949,0.5809478802810949,125.5,109.96147451236838,159.75346244047793,0.0,
ID6406 → ID6366,6,6406,6366,0.1528079429103244,1.9546191987532546,0.41310886849077066,0.41310886849077066,95.5,112.55089208111335,159.4370399439411,0.0,
ID6574 → ID6511,6,6574,6511,0.1324742859955348,0.552939028734038,0.34223637473530444,0.34223637473530444,114.5,110.82819908480741,159.17959174572908,0.0,
ID6846 → ID6866,6,6846,6866,0.1097805743956729,2.569112609821138,0.7590882034470845,0.7590882034470845,144.5,107.66365588088632,164.6110204138687,0.0,
ID6555 → ID6539,6,6555,6539,0.1598616500759542,0.8952752176941363,0.3139273860991613,0.3139273860991613,120.5,111.29043683844202,159.63930416012624,0.0,
ID6279 → ID6230,6,6279,6230,0.10619334196692898,2.3187216534950106,0.6916606728210088,0.6916606728210088,77.5,112.56209084152125,158.63305808580083,0.0,
ID6422 → ID6462,6,6422,6462,0.13121452894437557,2.119408534451529,0.8307768120083779,0.8307768120083779,106.5,113.08343991630096,159.0131917716066,0.0,
ID6479 → ID6554,6,6479,6554,0.08271230857422962,1.4910691336406885,0.20741264750162522,0.20741264750162522,110.5,111.64991823729427,159.01177797890645,0.0,
ID6614 → ID6641,6,6614,6641,0.17157592829331025,2.6498376101207306,1.196493214518128,1.196493214518128,126.5,110.30885361171289,159.87689072016622,0.0,
ID6690 → ID6708,6,6690,6708,0.12749741799922198,2.655891827898687,0.9902313704712866,0.9902313704712866,137.5,107.73612756876753,162.60517097656322,0.0,
ID6708 → ID6714,6,6708,6714,0.10232675939133185,2.0445432555005736,0.4802348489965179,0.4802348489965179,138.5,108.07169247930281,162.31931267760186,0.0,
ID6911 → ID7046,6,6911,7046,0.07555480903698542,2.124892766828623,0.5609278416359494,0.5609278416359494,154.5,105.1561063474315,165.4503278727036,0.0,
ID6381 → ID6310,6,6381,6310,0.08043444815067946,2.645539879206885,0.5287576277278371,0.5287576277278371,86.5,113.32901519500777,159.2611542676505,0.0,
ID6662 → ID6735,6,6662,6735,0.061049592620857074,2.865833563243301,0.4100531710392888,0.4100531710392888,133.5,107.61923984125949,161.27231444186071,0.0,
ID6889 → ID6939,6,6889,6939,0.10600854760616596,2.398866574958488,0.7453298365560417,0.7453298365560417,158.5,104.84372850892203,165.29746176158966,0.0,
ID6777 → ID6857,6,6777,6857,0.14934129271306817,2.5828332595410872,1.2463813484936814,1.2463813484936814,146.5,107.66891609750488,164.4577760712569,0.0,
ID6622 → ID6644,6,6622,6644,0.15226541223075818,2.476395168916224,0.8826431887032411,0.8826431887032411,128.5,110.1154440856054,159.8471724092884,0.0,
ID6644 → ID6630,6,6644,6630,0.0621929161311886,1.6602386217065157,0.49628859759436855,0.49628859759436855,129.5,109.85135614377808,160.25587046683353,0.0,
ID6454 → ID6477,6,6454,6477,0.1503658754238979,2.065018567508363,1.043731003758951,1.043731003758951,104.5,112.35059395099631,158.8987671492673,0.0,
ID6939 → ID6951,6,6939,6951,0.13734120974272768,2.3696061914803037,0.9747202598934916,0.9747202598934916,159.5,104.59111026019062,165.52617360333102,0.0,
ID6876 → ID6911,6,6876,6911,0.0729839011090182,0.7925824559859777,0.41862559301352603,0.41862559301352603,153.5,105.3869951615209,165.36439581993355,0.0,
ID6414 → ID6446,6,6414,6446,0.060165194243532394,1.6061420581552572,0.3900103977307188,0.3900103977307188,102.5,111.89810609075656,159.2357808313866,0.0,
ID6518 → ID6526,6,6518,6526,0.28485549132948673,2.7352790923095656,0.7973671636060391,0.7973671636060391,117.5,111.4629182920248,158.9803850523605,0.0,
ID6590 → ID6598,6,6590,6598,0.1405818086086631,1.9904718041949483,1.0087500580748,1.0087500580748,123.5,111.04213583762376,159.3455523440711,0.0,
ID6670 → ID6555,6,6670,6555,0.09012635125366142,1.4670794398733167,0.5807601298303199,0.5807601298303199,119.5,110.93868213404329,159.43380856830464,0.0,
ID6257 → ID6272,6,6257,6272,0.2164651698330462,1.2073726211970968,0.4461704870675998,0.4461704870675998,81.5,112.17956251818171,158.72784893238207,0.0,
ID7046 → ID6900,6,7046,6900,0.13627862696866844,2.114341386959016,1.4699832759280715,1.4699832759280715,155.5,105.52004021689913,164.92763673527122,0.0,
ID6481 → ID6479,6,6481,6479,0.23771555720378534,1.5669231014002785,1.4460417581280418,1.4460417581280418,109.5,112.2733857181189,159.40768960283032,0.0,
ID6654 → ID6662,6,6654,6662,0.16099268215079943,0.3025927262592621,0.3824518011536742,0.3824518011536742,132.5,107.61496888012938,161.3283032588808,0.0,
ID6293 → ID6381,6,6293,6381,0.19570225778076944,1.9606740972927414,1.267113061184444,1.267113061184444,85.5,113.27683605937695,158.84408419633195,0.0,
ID6237 → ID6224,6,6237,6224,0.239453323098611,NaN,1.4660947542288003,1.4660947542288003,74.5,109.63331003590531,156.63466518786325,0.0,
ID7001 → ID7035,6,7001,7035,0.2576120661589143,1.7591904199704866,1.0219365380663643,1.0219365380663643,161.5,103.50217205790767,166.2063404968335,0.0,
ID6951 → ID7001,6,6951,7001,0.1096207287349159,1.5699261896011214,0.9136376353724109,0.9136376353724109,160.5,104.04749703972554,165.91485784717594,0.0,
ID6511 → ID6538,6,6511,6538,0.07022150278198325,0.2973041742480637,0.6709870582402818,0.6709870582402818,115.5,110.32797964323495,159.14219072799972,0.0,
ID6679 → ID6696,6,6679,6696,0.14343852898739318,0.8019668939950079,1.017098053235772,1.017098053235772,135.5,108.0258729777725,162.28638364868073,0.0,
ID6318 → ID6302,6,6318,6302,0.07150969868384138,1.5142471365854278,0.31892093637672836,0.31892093637672836,91.5,112.87310897172574,158.97966118176726,0.0,
ID6430 → ID6391,6,6430,6391,0.17389387035133752,2.246538341467572,1.5489756397380945,1.5489756397380945,99.5,111.83322537931909,159.57520501713464,0.0,
ID6752 → ID6846,6,6752,6846,0.08924362285428367,2.1649018782682368,0.2834384907821969,0.2834384907821969,143.5,107.6596207562493,164.33954939574778,0.0,
ID6285 → ID6341,6,6285,6341,0.17697617221591566,1.0817936689766048,1.1764480932528922,1.1764480932528922,88.5,112.36246909375669,159.09084286803642,0.0,
ID6438 → ID6376,6,6438,6376,0.07977314646293676,1.0899254097321414,0.49451906207127505,0.49451906207127505,97.5,112.27778879772538,159.18918828783325,0.0,
ID6333 → ID6318,6,6333,6318,0.09678965021563746,1.217546536502788,0.6670498095801686,0.6670498095801686,90.5,112.5870611040848,159.22634912967328,0.0,
ID6790 → ID6801,6,6790,6801,0.26138797124783,2.760118546220536,2.064252213399269,2.064252213399269,148.5,106.22308985314262,164.39657432226204,0.0,
ID8108 → ID8064,7,8108,8064,0.04049402037893046,0.1872589009247554,0.2510675723739375,0.2510675723739375,217.5,90.18676047674141,132.381534623259,0.0,
ID6428 → ID6388,7,6428,6388,0.08613962831360888,2.6896787755095297,0.5261215658885331,0.5261215658885331,99.5,108.408552513797,135.16707942255482,0.0,
ID6768 → ID6736,7,6768,6736,0.06946860396451127,1.3563573326358787,0.1534403590315055,0.1534403590315055,141.5,101.64694273243833,127.51786714472448,0.0,
ID7347 → ID7171,7,7347,7171,0.08495006211622469,1.90066235188284,0.49511290772370925,0.49511290772370925,175.5,96.72805506334711,132.50878283030121,0.0,
ID6340 → ID6332,7,6340,6332,0.08542485636528208,2.3519285185966443,0.34802918134815775,0.34802918134815775,89.5,109.15493086102492,137.84215321987887,0.0,
ID6977 → ID6962,7,6977,6962,0.08863601890476569,0.4379510217014166,0.2878163472251278,0.2878163472251278,164.5,99.21433251451168,134.50075191168943,0.0,
ID6604 → ID6612,7,6604,6612,0.07278652756996884,1.9630460121773727,0.6071264655795587,0.6071264655795587,125.5,102.5456622485617,130.9750046835776,0.0,
ID6785 → ID6796,7,6785,6796,0.23984058074158243,3.0736107963521326,0.22531712818152425,0.22531712818152425,148.5,100.3927959853603,127.33238681462845,0.0,
ID8709 → ID8442,7,8709,8442,0.13039939292709024,1.418797003133894,0.49228580498210894,0.49228580498210894,229.5,87.37010384502754,134.2052347063381,0.0,
ID7211 → ID7246,7,7211,7246,0.1532000402417335,2.355031151792314,0.9944786660300726,0.9944786660300726,172.5,97.60266242871008,132.71594467980833,0.0,
ID6852 → ID6785,7,6852,6785,0.116530308586555,0.8433334710558954,1.1273942862621809,1.1273942862621809,147.5,100.79549685682265,127.12852120503375,0.0,
ID7385 → ID7525,7,7385,7525,0.13721515053932998,0.36911332608768227,1.2871527616206273,1.2871527616206273,187.5,92.19214185697344,136.06827933866322,0.0,
ID7662 → ID7785,7,7662,7785,0.0727666118430923,1.3121788209019962,0.5104419647653535,0.5104419647653535,197.5,91.37327156117425,135.9138085709116,0.0,
ID6885 → ID6934,7,6885,6934,0.16168359941944344,2.666040360703689,1.006802248326539,1.006802248326539,158.5,96.64345139316275,136.2948066666624,0.0,
ID6524 → ID6668,7,6524,6668,0.09905896679022985,2.1463564138175792,0.6406922701802976,0.6406922701802976,118.5,104.79812075923743,131.48682023759508,0.0,
ID6842 → ID6860,7,6842,6860,0.04882948158815181,3.052898442864037,0.4290591301461992,0.4290591301461992,144.5,101.23384014924173,127.49895701473338,0.0,
ID7246 → ID7151,7,7246,7151,0.07958487096800293,2.5405290106618628,0.5041067129835186,0.5041067129835186,173.5,97.41352601398049,132.45464809009587,0.0,
ID6452 → ID6471,7,6452,6471,0.13674700803415096,1.8539536261245695,0.8664462079526819,0.8664462079526819,104.5,106.93036559428471,134.52619644524904,0.0,
ID6807 → ID6818,7,6807,6818,0.27484522507018316,1.1092939539587434,2.841858216347301,2.841858216347301,150.5,102.55980525500883,128.23793652481146,0.0,
ID7230 → ID7269,7,7230,7269,0.1771789831159516,1.8588474266152082,1.0956723021213535,1.0956723021213535,178.5,95.87767118232956,132.958257216206,0.0,
ID6748 → ID6842,7,6748,6842,0.07509978845407395,1.2486063067202156,0.27634021017672317,0.27634021017672317,143.5,101.18702560074315,127.4367300702632,0.0,
ID6356 → ID6263,7,6356,6263,0.17929656053077303,1.4926251449596182,1.2924368937608957,1.2924368937608957,83.5,108.36547135156188,139.06932280948774,0.0,
ID6377 → ID6308,7,6377,6308,0.08595879556258879,2.1149489763151994,0.7426968744207174,0.7426968744207174,86.5,108.7065476268239,138.48072961352167,0.0,
ID6703 → ID6709,7,6703,6709,0.07197709999011381,0.3775187780729163,0.35230631934542334,0.35230631934542334,138.5,101.3124990999904,128.72691340542605,0.0,
ID7743 → ID7765,7,7743,7765,0.1609710356324089,0.22667352346593841,1.4437935411314267,1.4437935411314267,202.5,87.60265092137581,136.41928032108194,0.0,
ID6668 → ID6551,7,6668,6551,0.12242909394365775,1.6250613706171972,1.045514017512352,1.045514017512352,119.5,104.48257554336195,131.9949165644533,0.0,
ID7191 → ID7317,7,7191,7317,0.1855095640875234,2.6800222706191006,1.545255614958132,1.545255614958132,180.5,95.0981102992829,134.30527482517667,0.0,
ID6236 → ID6223,7,6236,6223,0.47844210788277464,NaN,4.713717859261327,4.713717859261327,74.5,110.56442540025341,139.08808932518468,0.0,
ID6412 → ID6444,7,6412,6444,0.10298800731758784,0.35988103432529434,0.7414304172143332,0.7414304172143332,102.5,107.20605596083956,134.41997215057347,0.0,
ID6300 → ID6321,7,6300,6321,0.06922381367675767,0.41338190827931115,0.3882466343993908,0.3882466343993908,92.5,109.24553802974339,136.5423479261441,0.0,
ID6372 → ID6428,7,6372,6428,0.07031114201286326,2.6342589638925658,0.25419096322665136,0.25419096322665136,98.5,108.37646296301071,135.3225447570245,0.0,
ID6564 → ID6475,7,6564,6475,0.07547628839704434,0.3864954744718037,0.7173239307684453,0.7173239307684453,108.5,105.26101973429259,134.49112309752456,0.0,
ID6535 → ID6580,7,6535,6580,0.09192560304352526,2.898390650152181,0.8070857002514014,0.8070857002514014,121.5,103.54639072065592,132.17530217146998,0.0,
ID6818 → ID6829,7,6818,6829,0.2670224158604194,1.792570243820193,2.1014202942215494,2.1014202942215494,151.5,102.42596972069387,129.80264872852533,0.0,
ID7131 → ID7211,7,7131,7211,0.144348443658446,0.07105584645865143,0.7622245925609019,0.7622245925609019,171.5,97.90694893180802,132.89543299370553,0.0,
ID7847 → ID8014,7,7847,8014,0.1525140785505089,0.1613681385034865,1.1509377368526665,1.1509377368526665,207.5,87.97732422982492,134.98222785616855,0.0,
ID8261 → ID8041,7,8261,8041,0.14050477411115514,2.308637401530074,0.5798640664092578,0.5798640664092578,215.5,90.70140323039595,131.65185466949708,0.0,
ID6640 → ID6628,7,6640,6628,0.02719558461641991,1.2436555488737935,0.2551568301943825,0.2551568301943825,129.5,101.0927486920155,129.86946688727727,0.0,
ID6580 → ID6588,7,6580,6588,0.13285860918653425,2.4761158676268966,1.1354157825722428,1.1354157825722428,122.5,103.69410933540304,131.85452719986893,0.0,
ID8677 → ID8628,7,8677,8628,0.1008664928072659,0.05437492289642017,1.0302020484266954,1.0302020484266954,237.5,84.49100958469107,134.8080851203771,0.0,
ID7950 → ID7826,7,7950,7826,0.19879441062806225,3.0082527255354132,1.7535508318269055,1.7535508318269055,204.5,86.89861842355403,136.15598264891827,0.0,
ID6444 → ID6452,7,6444,6452,0.05958404626179359,1.2722860632993636,0.3009543229789006,0.3009543229789006,103.5,106.89417165073937,134.11075831058469,0.0,
ID6550 → ID6500,7,6550,6500,0.22978471601410433,1.5940550892566479,1.3941453314304242,1.3941453314304242,111.5,104.36584248701465,132.40125782702097,0.0,
ID6652 → ID6659,7,6652,6659,0.10195758983807035,1.9037532396901609,0.7037237728144867,0.7037237728144867,132.5,101.67389725916874,130.14709484653784,0.0,
ID6676 → ID6691,7,6676,6691,0.09990208774202558,2.90503171263674,0.8893964717986275,0.8893964717986275,135.5,101.9169628418316,129.80695949937785,0.0,
ID7314 → ID7087,7,7314,7087,0.1741835147744898,2.6284031262409626,1.486117132295188,1.486117132295188,168.5,98.92641921497659,133.92144351406867,0.0,
ID6473 → ID6550,7,6473,6550,0.1561074505828689,0.264062092804844,1.3196836480332101,1.3196836480332101,110.5,104.03749103581629,133.29125372241774,0.0,
ID8539 → ID8568,7,8539,8568,0.06714898741314346,3.047809663024404,0.3801535192298851,0.3801535192298851,234.5,85.59335777622549,133.89137501529004,0.0,
ID8207 → ID8298,7,8207,8298,0.07926860411665282,0.9323046930728924,0.6395915793341699,0.6395915793341699,223.5,87.0487877689705,132.99522760875817,0.0,
ID6534 → ID6514,7,6534,6514,0.10430408049189244,1.9971809542550305,0.13914269695710663,0.13914269695710663,116.5,105.09445942901016,131.20681341426285,0.0,
ID6962 → ID7055,7,6962,7055,0.2658093440302002,2.41634570606299,0.5023000155686406,0.5023000155686406,165.5,99.07694399704542,134.39674814177857,0.0,
ID6316 → ID6300,7,6316,6300,0.14562583150551012,1.0041496475273175,0.9389192215136742,0.9389192215136742,91.5,109.48950745338664,137.14688783045557,0.0,
ID6263 → ID6292,7,6263,6292,0.20922746781116108,2.8966748407030924,0.6031457300627469,0.6031457300627469,84.5,108.577034810036,138.77665729383898,0.0,
ID6860 → ID6769,7,6860,6769,0.11043635340358726,2.621851892244777,1.0377079034057166,1.0377079034057166,145.5,101.35116688044548,127.16995083450695,0.0,
ID6934 → ID6947,7,6934,6947,0.19885292737396687,0.20476967338972457,1.1576466270989734,1.1576466270989734,159.5,97.11661917795979,135.3277767518045,0.0,
ID6620 → ID6640,7,6620,6640,0.05017563382004053,1.0530712172741064,0.1769309538265624,0.1769309538265624,128.5,101.26948486781197,129.88042651988448,0.0,
ID6947 → ID6996,7,6947,6996,0.09278132514483284,2.7493964364073737,0.15400260252748538,0.15400260252748538,160.5,97.32292181472266,134.86298345196516,0.0,
ID6691 → ID6685,7,6691,6685,0.0476176430053773,0.6843020074585662,0.40091998779656846,0.40091998779656846,136.5,101.30495062446423,129.76783896434185,0.0,
ID7765 → ID7950,7,7765,7950,0.14271526467373863,0.9849976479549029,0.6919664820477126,0.6919664820477126,203.5,86.6710940422798,136.64112017355333,0.0,
ID6709 → ID6721,7,6709,6721,0.04983092641424269,0.3145449154983628,0.43953640203251104,0.43953640203251104,139.5,101.32158839175845,128.33592441405048,0.0,
ID7954 → ID7949,7,7954,7949,0.2969975925856604,1.0792519524121151,1.1930543209330786,1.1930543209330786,211.5,90.32335071018284,133.0713519562362,0.0,
ID6596 → ID6604,7,6596,6604,0.08606884280279847,1.0925395555920505,0.7172632123081867,0.7172632123081867,124.5,102.86665781801233,131.16073578342136,0.0,
ID8298 → ID8302,7,8298,8302,0.2320549804853268,0.9199486349143149,2.5899219835657683,2.5899219835657683,224.5,85.78975200784795,133.82938846013099,0.0,
ID6207 → ID6278,7,6207,6278,0.1568695052577187,2.971308464510374,0.7334474625252281,0.7334474625252281,76.5,107.7631170065872,139.61144202433047,0.0,
ID6551 → ID6535,7,6551,6535,0.12636642544602783,0.7612672568359432,0.8495144684504414,0.8495144684504414,120.5,103.6075894349922,132.09288138796296,0.0,
ID7055 → ID7076,7,7055,7076,0.20625245772710454,2.6228737605642145,0.6431907010808647,0.6431907010808647,166.5,99.11472779576718,134.239317656644,0.0,
ID7442 → ID7559,7,7442,7559,0.16275148926605265,0.10982271235152279,1.5941454801438406,1.5941454801438406,185.5,94.42474114248483,134.43002548122246,0.0,
ID8442 → ID8430,7,8442,8430,0.13816010597283124,0.7210950309968441,1.1664891248675293,1.1664891248675293,230.5,87.17970972129083,133.4435497907063,0.0,
ID6278 → ID6229,7,6278,6229,0.13937167771605297,3.0209887809521465,1.025918942962008,1.025918942962008,77.5,107.62760853833291,139.68730513294412,0.0,
ID6332 → ID6316,7,6332,6316,0.09809087831371577,1.555669261439685,0.48428467003390424,0.48428467003390424,90.5,109.44849954938144,137.77885897147542,0.0,
ID6348 → ID6404,7,6348,6404,0.08646916939454052,0.960511653196495,0.5203063180769385,0.5203063180769385,94.5,108.58409353869095,135.74016871600898,0.0,
ID7171 → ID7288,7,7171,7288,0.08124241014870248,1.8885016741143121,0.5803895241098244,0.5803895241098244,176.5,96.41478777397575,132.55855446699752,0.0,
ID7683 → ID7723,7,7683,7723,0.1044334052511453,0.6553453128701123,1.004431797699585,1.004431797699585,200.5,89.49199081936769,136.14980913601744,0.0,
ID8302 → ID8340,7,8302,8340,0.16543358568479827,2.9353198101502365,0.6690185797865316,0.6690185797865316,225.5,85.13164365902394,134.54193783946644,0.0,
ID7528 → ID7600,7,7528,7600,0.06528974750764482,2.5245369890101665,0.5233302316087964,0.5233302316087964,193.5,91.50337112291538,135.82089375924693,0.0,
ID6436 → ID6372,7,6436,6372,0.05056735261014178,1.0399164907564005,0.2475693342911029,0.2475693342911029,97.5,108.36064473729009,135.2615203846642,0.0,
ID7641 → ID7621,7,7641,7621,0.11158745712885298,1.7691034919358937,0.6700875722700168,0.6700875722700168,195.5,92.16857667406663,134.45491572769703,0.0,
ID6249 → ID6256,7,6249,6256,0.2761442441054136,2.0982041930897797,0.6137660480634292,0.6137660480634292,80.5,107.60025174120632,139.31589899353105,0.0,
ID6256 → ID6271,7,6256,6271,0.22815533980582958,2.813420147855648,0.3054040969157063,0.3054040969157063,81.5,107.43711861096145,139.269411438055,0.0,
ID7029 → ID7010,7,7029,7010,0.17004534818711659,3.0887429407549423,1.3488952735738697,1.3488952735738697,162.5,98.28973247391008,134.7093245007677,0.0,
ID6223 → ID6207,7,6223,6207,0.2601744810692185,1.3558735401898654,1.6198577441016546,1.6198577441016546,75.5,107.91573248293628,139.1851426844183,0.0,
ID7580 → ID7478,7,7580,7478,0.09084634664482938,1.7000033857790862,0.6379380501217083,0.6379380501217083,191.5,91.28872235374502,135.6377834383104,0.0,
ID6229 → ID6242,7,6229,6242,0.060654792608538566,2.345484949068846,0.2209662750060312,0.2209662750060312,78.5,107.3801352239103,140.0544639289165,0.0,
ID6730 → ID6676,7,6730,6676,0.06209552950094732,1.9882369173727652,0.48974992229278486,0.48974992229278486,134.5,102.13142689646847,129.80718859972896,0.0,
ID6829 → ID6870,7,6829,6870,0.30780681722068226,1.0321902575297355,1.8567361406765048,1.8567361406765048,152.5,100.708709191095,129.6701139584402,0.0,
ID7785 → ID7700,7,7785,7700,0.07057833744946485,0.05241249823997553,0.6811325019722898,0.6811325019722898,198.5,90.78360970660859,135.99760955540577,0.0,
ID7949 → ID8086,7,7949,8086,0.2368736388206234,1.0906908990537099,1.6997733695192572,1.6997733695192572,212.5,91.33060256654446,132.34202582145804,0.0,
ID6500 → ID6492,7,6500,6492,0.163993296624368,1.6132997968263514,0.25143832875805194,0.25143832875805194,112.5,105.04364290216314,132.21456333591675,0.0,
ID7872 → ID7881,7,7872,7881,0.12582469732161627,0.7619880827881449,0.851078891166001,0.851078891166001,209.5,88.64613446152933,134.3939058319255,0.0,
ID8237 → ID8207,7,8237,8207,0.07018759898939864,1.6835014685727108,0.04754016811891116,0.04754016811891116,222.5,87.37503910359584,133.06908744885172,0.0,
ID8041 → ID8108,7,8041,8108,0.13031878113690076,1.1923900428654468,0.6130905287172526,0.6130905287172526,216.5,90.5223993925442,132.1119175535013,0.0,
ID6364 → ID6436,7,6364,6436,0.1404359679657191,2.763199683754168,1.054940926742843,1.054940926742843,96.5,107.99341803472656,135.73565825285783,0.0,
ID7445 → ID7580,7,7445,7580,0.07719153659849476,2.8823163388766138,0.4505519330115389,0.4505519330115389,190.5,90.9227603484106,135.64451499991515,0.0,
ID7269 → ID7191,7,7269,7191,0.19143677496029776,1.581394809474368,1.9729985358414999,1.9729985358414999,179.5,95.21998624931749,133.8689164885016,0.0,
ID6308 → ID6284,7,6308,6284,0.18681391204875342,3.1252750740575563,0.909536894528462,0.909536894528462,87.5,108.76213614974307,138.5432898174125,0.0,
ID7399 → ID7442,7,7399,7442,0.15648419680676817,3.0777831360378074,1.2636545708878393,1.2636545708878393,184.5,95.83853960822441,134.62201819336633,0.0,
ID6637 → ID6620,7,6637,6620,0.13049928899416474,1.207267186476108,1.3120691494898977,1.3120691494898977,127.5,101.95079075305037,130.05783783762624,0.0,
ID6420 → ID6460,7,6420,6460,0.04288088613240115,1.6410800360934432,0.10540945090440676,0.10540945090440676,106.5,106.75121956588745,134.83852724996999,0.0,
ID6628 → ID6758,7,6628,6758,0.06908453705530537,2.9216673557952233,0.323357952922383,0.323357952922383,130.5,101.09984730291143,129.91535915300753,0.0,
ID6242 → ID6249,7,6242,6249,0.20454199055021716,1.0578349158341502,0.8521602012814973,0.8521602012814973,79.5,107.69885481643459,139.68247832240417,0.0,
ID6404 → ID6364,7,6404,6364,0.16213519580940494,2.296381942711111,1.1068810589978406,1.1068810589978406,95.5,108.16867701141621,135.84177309193893,0.0,
ID6460 → ID6564,7,6460,6564,0.1589815792561451,1.6365021160339381,1.1898468667356612,1.1898468667356612,107.5,106.1779007412382,134.68393189813298,0.0,
ID6769 → ID6852,7,6769,6852,0.1354086270474183,2.8983861694039166,0.24018613113019893,0.24018613113019893,146.5,101.3353665128551,126.7669271313583,0.0,
ID7496 → ID7445,7,7496,7445,0.09199533402691884,0.15847708456288293,0.5846414436922016,0.5846414436922016,189.5,91.01654704328189,135.65457559154098,0.0,
ID8628 → ID8719,7,8628,8719,0.09956049885270524,2.6291139933932457,1.0629630964141739,1.0629630964141739,238.5,84.28233969606082,134.64356817428705,0.0,
ID7087 → ID7112,7,7087,7112,0.2787647997425562,1.051493720419163,1.5452532608819383,1.5452532608819383,169.5,98.42437357743637,132.7103004021519,0.0,
ID7559 → ID7385,7,7559,7385,0.19059134211416484,1.061187682953641,1.6199932083204656,1.6199932083204656,186.5,93.17594378955476,135.0315598497403,0.0,
ID6475 → ID6473,7,6475,6473,0.13626001341002492,0.8695005491596035,0.8422747475919833,0.8422747475919833,109.5,104.61993542501904,134.19125948436175,0.0,
ID7420 → ID7366,7,7420,7366,0.16105920031696785,2.8051959898082925,1.0069067637008686,1.0069067637008686,182.5,96.021148980579,134.78944748444084,0.0,
ID8340 → ID8367,7,8340,8367,0.09465123259019326,1.391248314589785,0.6581901007524444,0.6581901007524444,226.5,85.63604104931264,134.61336924885745,0.0,
ID6721 → ID6768,7,6721,6768,0.07334293967733119,0.17339549045319075,0.6468038705160406,0.6468038705160406,140.5,101.46402765558801,127.8138005712049,0.0,
ID8135 → ID8151,7,8135,8151,0.11614312843140528,1.7317891248909856,1.1642669882669407,1.1642669882669407,219.5,88.72471909453544,132.05915269564505,0.0,
ID6659 → ID6730,7,6659,6730,0.0425411863988816,0.6075704836331121,0.19049859617392298,0.19049859617392298,133.5,101.90887374480062,129.78281646036544,0.0,
ID6321 → ID6348,7,6321,6348,0.08673432067221709,0.2702223908396526,0.6691971962348775,0.6691971962348775,93.5,108.85228489496774,136.19567124599803,0.0,
ID6588 → ID6596,7,6588,6596,0.09645271256088939,0.45985689551665376,0.40399381766550985,0.40399381766550985,123.5,103.35207179519989,131.18249300449054,0.0,
ID7010 → ID6977,7,7010,6977,0.17902581545732033,3.044510164431955,1.488768547049066,1.488768547049066,163.5,98.37565625030177,134.75661437092106,0.0,
ID6271 → ID6356,7,6271,6356,0.07330286101233419,1.0965994186831534,0.42140003411817023,0.42140003411817023,82.5,107.73475515363238,139.36165050767397,0.0,
ID7478 → ID7528,7,7478,7528,0.12059789516146724,2.7407415445836874,0.5662424892358715,0.5662424892358715,192.5,91.4032597442288,135.68761963979432,0.0,
ID8151 → ID8185,7,8151,8185,0.055949843876534344,0.7023305559529062,0.5067392464976533,0.5067392464976533,220.5,88.1841471355099,132.63883772526475,0.0,
ID6292 → ID6377,7,6292,6377,0.07970435640708984,2.916623092485353,0.6902448383624219,0.6902448383624219,85.5,108.64433041544203,138.82777762197702,0.0,
ID6492 → ID6570,7,6492,6570,0.0863266527352724,2.3152931931169998,0.8743507831016287,0.8743507831016287,113.5,104.68092934825098,132.18485281233052,0.0,
ID8185 → ID8237,7,8185,8237,0.07558159602101666,0.25968843642282075,0.669888335192584,0.669888335192584,221.5,87.66499298116156,132.90511025487513,0.0,
ID7076 → ID7314,7,7076,7314,0.18937477412359371,1.6118329998189123,0.29363700637650925,0.29363700637650925,167.5,99.46263948479822,134.23140568474662,0.0,
ID7826 → ID7805,7,7826,7805,0.1584845250800454,1.7934355463595242,1.0261595841575797,1.0261595841575797,205.5,87.71409539020658,135.74571078557346,0.0,
ID6570 → ID6508,7,6570,6508,0.11759447885917973,2.938537736359286,0.6632025612716244,0.6632025612716244,114.5,104.59713617677977,132.0844471160098,0.0,
ID6514 → ID6524,7,6514,6524,0.1914421233222393,2.6723820934777613,0.5122886291673524,0.5122886291673524,117.5,104.89863322071037,131.22451673872092,0.0,
ID6395 → ID6412,7,6395,6412,0.16177196811670214,1.8977816274840398,1.2167602145525458,1.2167602145525458,101.5,107.81245677071527,135.16964506535444,0.0,
ID6471 → ID6420,7,6471,6420,0.15588564789843407,2.368158763726144,0.37250679425665234,0.37250679425665234,105.5,106.94063981258498,134.8529962210871,0.0,
ID6508 → ID6534,7,6508,6534,0.12345015044262364,1.5929873198277669,0.9643852983158816,0.9643852983158816,115.5,104.9802370479237,131.6501580688993,0.0,
ID6908 → ID7043,7,6908,7043,0.10218747032191422,2.5465521661212636,0.5290829939455174,0.5290829939455174,154.5,102.06822210147934,131.43549388251586,0.0,
ID8367 → ID8395,7,8367,8395,0.18928079044119417,0.13793914597859794,1.092993414826322,1.092993414826322,227.5,86.15886620684435,135.31329651099796,0.0,
ID7997 → ID8261,7,7997,8261,0.14931980543413403,1.309750560749713,0.9983480591194106,0.9983480591194106,214.5,91.0708903798982,131.60711367592273,0.0,
ID8395 → ID8709,7,8395,8709,0.17667049070326524,1.890607164081094,1.7528765871893661,1.7528765871893661,228.5,87.00101861343582,135.07577224644734,0.0,
ID6612 → ID6637,7,6612,6637,0.047720013696742725,0.05841178540274462,0.38048311487236175,0.38048311487236175,126.5,102.56368947870862,130.48172869051623,0.0,
ID7043 → ID6897,7,7043,6897,0.3110269698858592,0.607905761893383,1.8322059896204272,1.8322059896204272,155.5,102.48981307677394,130.3727862672893,0.0,
ID6685 → ID6703,7,6685,6703,0.11107000551893631,2.2091574934757903,0.9718433191753739,0.9718433191753739,137.5,101.2301879777329,129.3746115425544,0.0,
ID7525 → ID7496,7,7525,7496,0.11290993071592803,1.5299810095493078,0.7234531262877377,0.7234531262877377,188.5,91.44514464005829,136.1459327340982,0.0,
ID8497 → ID8539,7,8497,8539,0.1478664976763956,1.1422032576274312,1.5861486727677934,1.5861486727677934,233.5,86.16457901312661,133.6948114263725,0.0,
ID7317 → ID7420,7,7317,7420,0.17466720451794437,0.8840224598229856,0.9342561578457055,0.9342561578457055,181.5,96.15729728975472,134.69381050020326,0.0,
ID6736 → ID6748,7,6736,6748,0.06669380737360431,2.943312586870056,0.48386320968236063,0.48386320968236063,142.5,101.48186447057185,127.54563982440717,0.0,
ID6920 → ID6885,7,6920,6885,0.4640396058868419,0.6004302954609261,5.126614359027033,5.126614359027033,157.5,98.58489378390377,135.42281257937117,0.0,
ID7881 → ID7954,7,7881,7954,0.17426922527159316,0.7189432973090996,1.376183940198283,1.376183940198283,210.5,89.38745547453686,133.65520547382448,0.0,
ID7151 → ID7347,7,7151,7347,0.08316184738104737,1.8283079378619445,0.6387100342269401,0.6387100342269401,174.5,97.06158784088687,132.48030286545696,0.0,
ID8064 → ID8135,7,8064,8135,0.2004179728317511,1.5131902575847238,1.4095644567107295,1.4095644567107295,218.5,89.5627203298964,132.01651646495822,0.0,
ID6388 → ID6395,7,6388,6395,0.1243296388988071,3.0087276198258,0.705817634207046,0.705817634207046,100.5,108.40201760312183,135.26539731399842,0.0,
ID7621 → ID7662,7,7621,7662,0.22125223613595213,1.8078523841180256,1.5732919730510841,1.5732919730510841,196.5,91.74245350038859,135.10736875580136,0.0,
ID7700 → ID7683,7,7700,7683,0.1299064452652835,0.38706383888957546,0.5122377134240396,0.5122377134240396,199.5,90.19784025419747,135.99633334419718,0.0,
ID6284 → ID6340,7,6284,6340,0.18009197448449532,2.398445654103239,1.135535065575934,1.135535065575934,88.5,109.0563739986109,138.29359630161028,0.0,
ID6897 → ID6920,7,6897,6920,0.5193396103387893,3.071095266992904,5.030751006119624,5.030751006119624,156.5,101.86644973352706,131.8494508424426,0.0,
ID7600 → ID7641,7,7600,7641,0.17404027190721605,0.5293519593757867,1.3467548232381514,1.3467548232381514,194.5,92.10857643246416,135.14280834594032,0.0,
ID8592 → ID8677,7,8592,8677,0.11130815894762502,0.5181714096466133,0.7829501622060286,0.7829501622060286,236.5,85.16627870809276,134.2036880737087,0.0,
ID6870 → ID6908,7,6870,6908,0.4045259629075003,2.8917077242259888,3.345316489336326,3.345316489336326,153.5,101.02579629054708,130.41165523535352,0.0,
ID6758 → ID6652,7,6758,6652,0.09021520695153429,0.2569515027364451,0.4522289102458436,0.4522289102458436,131.5,101.33148856549826,130.2224839110597,0.0,
ID8014 → ID7872,7,8014,7872,0.2233648323142441,2.0198637403835686,0.3077223516867116,0.3077223516867116,208.5,88.10426366477012,134.47051789244125,0.0,
ID8430 → ID8494,7,8430,8494,0.09529146778843545,2.9328967923664084,0.733061547481355,0.733061547481355,231.5,87.09563203129551,133.22180015130664,0.0,
ID7288 → ID7230,7,7288,7230,0.08910883687550997,0.8360364673716226,0.5545400344018597,0.5545400344018597,177.5,95.91490326873065,132.42037902889763,0.0,
ID7112 → ID7131,7,7112,7131,0.1657760656145254,2.716385158797713,0.7508095432037576,0.7508095432037576,170.5,98.32283725765389,132.2640591579554,0.0,
ID7366 → ID7399,7,7366,7399,0.13667944417824307,2.8283541256762725,0.8899765564706308,0.8899765564706308,183.5,96.02821344827979,134.63079484799488,0.0,
ID8086 → ID7997,7,8086,7997,0.09275241759384856,2.891363015723714,0.3372480228977335,0.3372480228977335,213.5,91.62596808403347,131.72089400366627,0.0,
ID6796 → ID6807,7,6796,6807,0.3469503949896916,0.21941305775887418,1.2470480844784113,1.2470480844784113,149.5,101.11239195961744,127.1882401797628,0.0,
ID8568 → ID8592,7,8568,8592,0.03948214787544624,3.1069632874917312,0.3395162532549511,0.3395162532549511,235.5,85.61455200823096,133.89290536145865,0.0,
ID8494 → ID8497,7,8494,8497,0.04254036160482699,2.2388107817014125,0.16640718008140856,0.16640718008140856,232.5,86.97729311187888,133.5209364543875,0.0,
ID6996 → ID7029,7,6996,7029,0.1791328565682887,1.809111335164232,1.664377566592133,1.664377566592133,161.5,98.12730104665853,134.7174244055185,0.0,
ID7805 → ID7847,7,7805,7847,0.09494499357736208,2.5021490836552776,0.546057313380944,0.546057313380944,206.5,88.04049923043428,135.82595441088654,0.0,
ID7723 → ID7743,7,7723,7743,0.12130673920438184,0.27725125820143437,0.7218321065974248,0.7218321065974248,201.5,88.67928481175072,136.41563194109085,0.0,
ID7355 → ID7179,8,7355,7179,0.3078247359912697,2.604010327116531,2.5255188125579098,2.5255188125579098,175.5,122.78630533673825,182.36988458283435,0.0,
ID7179 → ID7296,8,7179,7296,0.18391345249295754,3.0310751321305256,0.9146290318547095,0.9146290318547095,176.5,122.53522975595854,183.1397863540949,0.0,
ID6615 → ID6643,8,6615,6643,0.04563589019595071,2.2701654615237534,0.2600675438670509,0.2600675438670509,126.5,136.57327804460658,171.03231309678506,0.0,
ID6351 → ID6407,8,6351,6407,0.07843019891043657,0.8969121447957371,0.38549127416252976,0.38549127416252976,94.5,130.51371233360436,174.73859813220793,0.0,
ID6415 → ID6447,8,6415,6447,0.11349020898471851,2.712345522602452,0.7589292522429796,0.7589292522429796,102.5,132.47926858784314,172.51171066805156,0.0,
ID6823 → ID6837,8,6823,6837,0.17537797270653488,0.46835839236217297,0.9471882277019263,0.9471882277019263,151.5,134.56082294686036,171.2763527421676,0.0,
ID7629 → ID7673,8,7629,7673,0.15938801200732744,3.136931206013423,0.9002242388453777,0.9002242388453777,196.5,119.23371322635751,183.1089431357286,0.0,
ID8404 → ID8738,8,8404,8738,0.11288256856422352,2.2392469386130833,0.7195749578401501,0.7195749578401501,228.5,121.67664850747539,187.62585843498277,0.0,
ID8556 → ID8591,8,8556,8591,0.22093235377037468,0.1637758655858424,2.415970408376748,2.415970408376748,234.5,121.4719737519865,187.12356964279087,0.0,
ID6252 → ID6259,8,6252,6259,0.23971291866028122,1.283178812441945,0.38622853127010953,0.38622853127010953,80.5,126.24252647869514,177.30399815007777,0.0,
ID7089 → ID7327,8,7089,7327,0.20488521089163603,3.01554375711019,0.3173633710981232,0.3173633710981232,167.5,126.06875792689377,182.61524767801617,0.0,
ID6541 → ID6583,8,6541,6583,0.11440686521955612,2.6538593524709486,1.0843084689538969,1.0843084689538969,121.5,136.8434222838502,171.6813368841145,0.0,
ID6591 → ID6599,8,6591,6599,0.0914345162408825,3.036262477413348,0.22125185530929284,0.22125185530929284,123.5,135.73297979438144,171.31281239129538,0.0,
ID6710 → ID6716,8,6710,6716,0.061708512471519095,0.8898550066917801,0.41568196287215026,0.41568196287215026,138.5,134.62865700733593,171.86662339391887,0.0,
ID6607 → ID6615,8,6607,6615,0.0733201078855148,0.28739871409941703,0.8135418626409504,0.8135418626409504,125.5,136.24926584924373,171.12868778205245,0.0,
ID8028 → ID7890,8,8028,7890,0.1391479646361531,2.5832638041170792,0.8557868256137005,0.8557868256137005,208.5,119.73418539408601,185.56983813883502,0.0,
ID7568 → ID7503,8,7568,7503,0.1598072952512153,0.24170614328031595,0.35100967553246704,0.35100967553246704,186.5,119.08048414298418,184.33444448437604,0.0,
ID8724 → ID8650,8,8724,8650,0.09112287898333704,2.5239274326828416,0.3705180926584862,0.3705180926584862,237.5,121.76369948133842,184.01506401634282,0.0,
ID6392 → ID6399,8,6392,6399,0.0929356876596582,0.2331803156759096,0.9106328334181645,0.9106328334181645,100.5,132.03973494128638,172.95579509019237,0.0,
ID8650 → ID8751,8,8650,8751,0.23080685428477687,0.02057470919397555,2.070444254934422,2.070444254934422,238.5,122.10518860006462,185.1867629087165,0.0,
ID6259 → ID6274,8,6259,6274,0.1817250463459832,0.5416393194638841,0.5140359434307549,0.5140359434307549,81.5,125.98854391396014,177.65599698426325,0.0,
ID7463 → ID7588,8,7463,7588,0.13177439823580084,2.3587984621551246,1.0221478191868707,1.0221478191868707,190.5,118.51814714459823,184.31583706441387,0.0,
ID6267 → ID6295,8,6267,6295,0.18634411862174183,0.8106781564891787,0.4397871894175963,0.4397871894175963,84.5,121.71006986647625,177.08919169402668,0.0,
ID8253 → ID8221,8,8253,8221,0.12003033689923992,2.489081227232943,0.7371791255614791,0.7371791255614791,222.5,121.99289140658121,185.73770706587845,0.0,
ID7543 → ID7507,8,7543,7507,0.10173973556013549,2.2814069257286196,0.5362063789033945,0.5362063789033945,188.5,118.67266272664278,184.33326255827785,0.0,
ID8015 → ID8270,8,8015,8270,0.11857384062397403,1.3786324461168165,0.37575969035318446,0.37575969035318446,214.5,121.80768170897426,184.13074788264066,0.0,
ID6987 → ID6974,8,6987,6974,0.23797242738894753,0.6079366292963728,2.295632178619523,2.295632178619523,164.5,126.3830581016411,182.4983798250115,0.0,
ID6503 → ID6495,8,6503,6495,0.11705366203068546,0.08294437597967266,0.36880101828418854,0.36880101828418854,112.5,132.82728027871673,172.70843548218244,0.0,
ID7327 → ID7101,8,7327,7101,0.12412400522625544,2.752996243542641,0.6157933533611692,0.6157933533611692,168.5,126.04793302345433,182.44461091996308,0.0,
ID6926 → ID6892,8,6926,6892,0.3195313753811063,0.11832915744427201,2.064709621092866,2.064709621092866,157.5,131.0117395928409,182.2068663892095,0.0,
ID6813 → ID6823,8,6813,6823,0.20469695746915728,1.755975428726607,1.3738189290212353,1.3738189290212353,150.5,134.0855893496102,170.251240397176,0.0,
ID6463 → ID6569,8,6463,6569,0.1783519377900613,2.8922383063018064,0.43177309414679055,0.43177309414679055,107.5,133.8062332492926,172.31403367686016,0.0,
ID6527 → ID6671,8,6527,6671,0.19696641386779357,1.1924259696035437,1.9182075733285433,1.9182075733285433,118.5,136.72589137235693,171.70514732371402,0.0,
ID7409 → ID7460,8,7409,7460,0.13636583081486264,2.1482281123349325,1.3764819331111204,1.3764819331111204,184.5,119.09905595179657,185.08974457365673,0.0,
ID6725 → ID6776,8,6725,6776,0.10046552438520073,0.48135341581654445,0.8059529623387403,0.8059529623387403,140.5,134.75147107447475,170.9286663651412,0.0,
ID7814 → ID7856,8,7814,7856,0.08403660444161476,2.8524461191762374,0.38345711167246604,0.38345711167246604,206.5,119.74719565169255,185.44859053635736,0.0,
ID6557 → ID6541,8,6557,6541,0.09509200374249926,1.4568072166563537,0.2771419103681432,0.2771419103681432,120.5,137.1926262794567,171.43956011412928,0.0,
ID6941 → ID6953,8,6941,6953,0.2443147815679082,2.5015450762550357,2.601122816893319,2.601122816893319,159.5,131.1181143340261,182.07827340308927,0.0,
ID6671 → ID6557,8,6671,6557,0.08817752192767903,2.822590854601711,0.584911485354446,0.584911485354446,119.5,137.41336377006274,171.69495442197604,0.0,
ID8455 → ID8514,8,8455,8514,0.13441903453491444,0.23385216770131206,0.8485048956773705,0.8485048956773705,231.5,120.55877190027314,188.0436724812913,0.0,
ID7101 → ID7120,8,7101,7120,0.3327729074096202,0.6186148855654958,1.7450424722246267,1.7450424722246267,169.5,125.79401695625198,181.33585336651493,0.0,
ID7277 → ID7200,8,7277,7200,0.10040136584198844,0.06768110980589927,0.9668890556586787,0.9668890556586787,179.5,121.86754993976857,183.75810202773653,0.0,
ID6383 → ID6311,8,6383,6311,0.2074067224559798,1.8038539388688233,1.3766004983240934,1.3766004983240934,86.5,123.03939551353253,176.9067124494223,0.0,
ID6303 → ID6327,8,6303,6327,0.15075017052837125,0.5344511136059232,0.9483753334524938,0.9483753334524938,92.5,129.83326312436253,175.6060783729234,0.0,
ID6569 → ID6485,8,6569,6485,0.11337064811010777,0.5197582139283871,1.1021466818942858,1.1021466818942858,108.5,133.10253644054265,172.56225923148148,0.0,
ID7699 → ID7735,8,7699,7735,0.057038327495332886,1.8959428632215145,0.30153242142128656,0.30153242142128656,200.5,117.76343658134186,186.05516056125163,0.0,
ID6378 → ID6431,8,6378,6431,0.0766716516859357,2.6122500979656103,0.4658728677953572,0.4658728677953572,98.5,131.56481562532824,173.64000720123443,0.0,
ID7429 → ID7375,8,7429,7375,0.16424819734524065,0.5466186075858209,0.917354681872689,0.917354681872689,182.5,119.62552130354419,184.2168277145705,0.0,
ID6631 → ID6761,8,6631,6761,0.09927081827991235,3.032963433236236,0.8190250833094884,0.8190250833094884,130.5,135.41659640014237,171.83525363403191,0.0,
ID6779 → ID6859,8,6779,6859,0.11347639762560602,3.1171917975361687,1.142072008904247,1.142072008904247,146.5,134.43575629645085,169.20209561551005,0.0,
ID6407 → ID6367,8,6407,6367,0.14502383359817195,1.3066942854614072,0.4762616981593246,0.4762616981593246,95.5,130.78611918019936,174.5297567812421,0.0,
ID7753 → ID7774,8,7753,7774,0.08480874803569483,0.7806523031697046,0.5893334456564197,0.5893334456564197,202.5,118.93569959253364,185.64461416652696,0.0,
ID7296 → ID7243,8,7296,7243,0.12337955479443208,2.864106472843857,0.5638278538881575,0.5638278538881575,177.5,122.69074738569012,183.0115560391087,0.0,
ID6327 → ID6351,8,6327,6351,0.0832760987335025,0.6676298304090064,0.5164174188611433,0.5164174188611433,93.5,130.25094354086025,175.049868052865,0.0,
ID7140 → ID7219,8,7140,7219,0.2519463087248457,1.3528104104365937,0.3645553064908664,0.3645553064908664,171.5,124.58954289147314,181.58774865346544,0.0,
ID8376 → ID8404,8,8376,8404,0.11971727578311153,1.900571894861453,0.7008351680460603,0.7008351680460603,227.5,121.66658781010338,187.9354743646117,0.0,
ID8514 → ID8518,8,8514,8518,0.06472846955562717,0.34599115233633837,0.356435383539151,0.356435383539151,232.5,120.0983358425431,188.4205115188301,0.0,
ID6295 → ID6383,8,6295,6383,0.15859148347608287,2.589857332383692,1.4344650276172808,1.4344650276172808,85.5,122.23214852003994,177.23610844082003,0.0,
ID8738 → ID8461,8,8738,8461,0.061807275313358945,2.7604643952686754,0.39726678387273057,0.39726678387273057,229.5,121.5597642272119,187.47564297603947,0.0,
ID7793 → ID7712,8,7793,7712,0.14341162030647625,0.8290420797900512,1.2212683762374335,1.2212683762374335,198.5,119.20475241806221,185.15389019156257,0.0,
ID6646 → ID6631,8,6646,6631,0.08432911918735841,0.9721173691988784,0.9648278643801858,0.9648278643801858,129.5,135.50069615583692,171.8591441516196,0.0,
ID7336 → ID7429,8,7336,7429,0.17355508613677995,0.013123977536930531,0.9264805691767461,0.9264805691767461,181.5,120.48402850816508,183.99104917324598,0.0,
ID6599 → ID6607,8,6599,6607,0.042830315636691596,0.9861154794790625,0.09650595360231967,0.09650595360231967,124.5,135.86469833422265,171.3685720988965,0.0,
ID7200 → ID7336,8,7200,7336,0.0669644646055686,0.5225509240163868,0.5010108458561051,0.5010108458561051,180.5,121.19772345395327,183.9982929518623,0.0,
ID6485 → ID6483,8,6485,6483,0.15869341563784167,2.322319841932316,0.41025307602886857,0.41025307602886857,109.5,132.8082415811445,172.8859764630007,0.0,
ID7486 → ID7544,8,7486,7544,0.13844714686621495,0.9329515892677126,0.37504689804406205,0.37504689804406205,192.5,119.07254743985237,183.14752318552212,0.0,
ID6901 → ID6926,8,6901,6926,0.6766413064068706,0.15582069132178908,7.059787463842705,7.059787463842705,156.5,131.8004068028825,177.71897698071672,0.0,
ID6869 → ID6779,8,6869,6779,0.14660596576878393,2.906269654819927,1.403318215508697,1.403318215508697,145.5,134.39042427320854,169.3255701154455,0.0,
ID7835 → ID7814,8,7835,7814,0.1444010416666004,2.5750452462319604,0.9164315969083657,0.9164315969083657,205.5,119.52255462163998,185.28171979494886,0.0,
ID8128 → ID8073,8,8128,8073,0.10832379597264341,0.9446076312798986,0.6774443664487168,0.6774443664487168,217.5,122.66880427592284,185.1324743649367,0.0,
ID8461 → ID8455,8,8461,8455,0.17543618389143922,2.6615656497628817,0.8986130673415782,0.8986130673415782,230.5,121.3347041720958,187.65552630807946,0.0,
ID6837 → ID6877,8,6837,6877,0.21161794989554839,2.0558212975081513,1.879716666169002,1.879716666169002,152.5,133.95454979071812,171.846448328951,0.0,
ID7258 → ID7159,8,7258,7159,0.14208134766706193,1.2662600593309339,0.6699755571896265,0.6699755571896265,173.5,122.62584714342835,181.50535072190064,0.0,
ID6540 → ID6519,8,6540,6519,0.12400558098548031,0.4724796874940978,0.6531046897257006,0.6531046897257006,116.5,134.93859628717343,172.4449694859757,0.0,
ID6753 → ID6847,8,6753,6847,0.09453901781969465,0.921811631505771,0.6538617033934604,0.6538617033934604,143.5,134.54115076619064,169.2542252667077,0.0,
ID6513 → ID6540,8,6513,6540,0.13055872291904658,0.10122703581661112,1.3535064455203212,1.3535064455203212,115.5,133.97358967975882,172.28077165641838,0.0,
ID6583 → ID6591,8,6583,6591,0.16359344371088969,1.5500195434955542,1.1416117101620993,1.1416117101620993,122.5,136.04872815938472,171.64862254185942,0.0,
ID7712 → ID7699,8,7712,7699,0.14385535400330518,0.6538879700686685,1.2479555208577413,1.2479555208577413,199.5,118.34704578028881,185.94850656221985,0.0,
ID6480 → ID6423,8,6480,6423,0.12466472340032675,2.9388743690538353,0.5078371222757747,0.5078371222757747,105.5,133.46303297955853,172.58011381565512,0.0,
ID6716 → ID6725,8,6716,6725,0.051559133173203375,1.3061241269708952,0.45154544769545,0.45154544769545,139.5,134.60470812085956,171.52289668741548,0.0,
ID7219 → ID7258,8,7219,7258,0.2315983117104572,0.1530471527041233,1.6630505313250428,1.6630505313250428,172.5,123.60153151099566,181.3684622168908,0.0,
ID8591 → ID8607,8,8591,8607,0.22721994435902837,1.6478852710638465,1.6072030908207886,1.6072030908207886,235.5,121.82789761111326,185.77123697583573,0.0,
ID6698 → ID6693,8,6698,6693,0.10115606936414889,1.2165882868317057,0.9564627901061978,0.9564627901061978,136.5,134.18596725411172,172.77149693114256,0.0,
ID7003 → ID7036,8,7003,7036,0.12338124377400361,1.6805808974565317,0.9120552871521503,0.9120552871521503,161.5,130.3289816211402,182.84822244300705,0.0,
ID8073 → ID8159,8,8073,8159,0.16113253859342758,3.08095936233655,1.10100368228428,1.10100368228428,218.5,122.5197600823131,184.97975969937147,0.0,
ID6483 → ID6556,8,6483,6556,0.1166013478688046,2.330821426518979,0.6975387615329351,0.6975387615329351,110.5,132.8583926981844,172.63572498398247,0.0,
ID8208 → ID8253,8,8208,8253,0.05796157603387653,1.7334746650780282,0.34481254412565354,0.34481254412565354,221.5,121.73878049396299,185.74276696974823,0.0,
ID7375 → ID7409,8,7375,7409,0.11435284903078657,1.9175888769572917,0.6833573492819578,0.6833573492819578,183.5,119.49325609757588,184.66749611663994,0.0,
ID6343 → ID6335,8,6343,6335,0.13328543201003995,2.703708777325354,0.25724905737887793,0.25724905737887793,89.5,127.78566664860253,176.43167669052838,0.0,
ID7976 → ID8095,8,7976,8095,0.12132064913264662,0.9189472865844144,0.27374193634003524,0.27374193634003524,212.5,121.58473331828728,183.50049831322104,0.0,
ID8095 → ID8015,8,8095,8015,0.11322271105419068,2.111807036932222,0.6997524124403658,0.6997524124403658,213.5,121.80999506459015,183.70317881062792,0.0,
ID6737 → ID6680,8,6737,6680,0.07130694193274367,0.5179540975435493,0.6082809242488854,0.6082809242488854,134.5,133.99298058124873,172.6270467308068,0.0,
ID6912 → ID7047,8,6912,7047,0.1753036791051189,1.7313654302034425,0.7500819133017796,0.7500819133017796,154.5,132.43611162634224,171.98979861771178,0.0,
ID6575 → ID6513,8,6575,6513,0.11179244716977399,1.6179651125322547,0.3670568169905966,0.3670568169905966,114.5,133.11465844012696,172.24836802661235,0.0,
ID8050 → ID8128,8,8050,8128,0.1113012503817824,1.5295403502510698,0.6464405107008178,0.6464405107008178,216.5,122.40189226058428,184.60684321798504,0.0,
ID8221 → ID8314,8,8221,8314,0.07482131248665813,2.281570551800167,0.16385808232590302,0.16385808232590302,223.5,122.25814264700387,185.91883841079132,0.0,
ID6693 → ID6710,8,6693,6710,0.10953252739825325,1.5276161170684055,0.8049285505533424,0.8049285505533424,137.5,134.71656612292486,172.41686428118163,0.0,
ID6680 → ID6698,8,6680,6698,0.038068828533354915,1.7453967941517217,0.07643479922683831,0.07643479922683831,135.5,133.69988612018966,172.6904446526471,0.0,
ID6274 → ID6359,8,6274,6359,0.15950995480945673,1.1590120530672812,1.3348735161317247,1.3348735161317247,82.5,125.22264344000178,177.90548687852896,0.0,
ID7020 → ID6987,8,7020,6987,0.17182130584194266,0.012638490026140755,0.7337840437150701,0.7337840437150701,163.5,127.80350865832047,182.14376217474646,0.0,
ID6892 → ID6941,8,6892,6941,0.2509044585987349,2.369663917393367,1.9398674202092463,1.9398674202092463,158.5,131.57604973302782,182.70992002056116,0.0,
ID7507 → ID7463,8,7507,7463,0.06361003073408067,1.6600703642023826,0.5105407239216806,0.5105407239216806,189.5,118.60875426228971,184.6807601775044,0.0,
ID8518 → ID8556,8,8518,8556,0.08160583800931176,3.0785806450181434,0.8637016789036127,0.8637016789036127,233.5,120.27123082787699,188.2341179004112,0.0,
ID8321 → ID8349,8,8321,8349,0.11036359768353465,1.310437960731504,0.6151486699583636,0.6151486699583636,225.5,121.60751342660849,187.36787306642822,0.0,
ID6859 → ID6791,8,6859,6791,0.09199500522254533,0.3106390931153568,0.785759321992401,0.785759321992401,147.5,133.8909404587843,169.9836541672749,0.0,
ID7036 → ID7020,8,7036,7020,0.2506848934069462,2.769743279520403,2.674344512710533,2.674344512710533,162.5,129.47020670906224,182.4985498705367,0.0,
ID6791 → ID6802,8,6791,6802,0.1430112626755542,1.6319522056775548,0.50595600744089,0.50595600744089,148.5,133.44485706148316,170.06858309293415,0.0,
ID7774 → ID7978,8,7774,7978,0.10757384507056078,0.773595209719143,0.18281606714582688,0.18281606714582688,203.5,119.22688696498008,185.4234073397795,0.0,
ID7243 → ID7277,8,7243,7277,0.13490851695328632,0.7716006461262419,0.41473675400617066,0.41473675400617066,178.5,122.45934344533299,183.40237197838815,0.0,
ID6643 → ID6623,8,6643,6623,0.06515351797316948,2.0947079081118902,0.3796874781526634,0.3796874781526634,127.5,136.40601836646596,171.04887075670217,0.0,
ID7649 → ID7629,8,7649,7629,0.09803127910771525,2.7698152788147183,0.5302270245104297,0.5302270245104297,195.5,119.27952650581298,182.92969966715873,0.0,
ID6431 → ID6392,8,6431,6392,0.04827359628840644,0.9639385523293299,0.2525825357749052,0.2525825357749052,99.5,131.58873543242987,173.31877511277673,0.0,
ID7159 → ID7355,8,7159,7355,0.1239158089511384,2.7219289395861557,0.9906687058739968,0.9906687058739968,174.5,122.85920276885119,181.49805983469884,0.0,
ID6655 → ID6663,8,6655,6663,0.11374133949192566,1.2427671403173948,0.3375412562930885,0.3375412562930885,132.5,135.16669792295215,171.87059164703896,0.0,
ID6847 → ID6869,8,6847,6869,0.10116359337845893,2.0175228649309993,0.9264274765842105,0.9264274765842105,144.5,134.1824821751745,169.50314228163822,0.0,
ID6776 → ID6743,8,6776,6743,0.03701971266290793,0.19291271809800115,0.02920614962362675,0.02920614962362675,141.5,134.77808236587595,170.51219763610067,0.0,
ID7856 → ID8028,8,7856,8028,0.07987042508561937,2.336833679780697,0.4119578049844464,0.4119578049844464,207.5,119.7214838369959,185.29442316247372,0.0,
ID6495 → ID6575,8,6495,6575,0.10257406991072249,2.745869050757187,0.657891688285008,0.657891688285008,113.5,132.90932354993126,172.55501520961724,0.0,
ID6802 → ID6813,8,6802,6813,0.2287650734970441,1.8584949887278603,0.7049835245985661,0.7049835245985661,149.5,133.5992525385186,169.7312323309859,0.0,
ID6519 → ID6527,8,6519,6527,0.1873976540328267,1.5620602429751564,1.1457496666268203,1.1457496666268203,117.5,135.50025264605,172.0947799898612,0.0,
ID8314 → ID8321,8,8314,8321,0.17161143451575434,0.9236363910668172,1.4178927360737184,1.4178927360737184,224.5,122.04946404481166,186.65082890007312,0.0,
ID7588 → ID7486,8,7588,7486,0.0784372274509052,0.4970057458935056,0.6706877076840028,0.6706877076840028,191.5,118.87682205333616,183.57671265009492,0.0,
ID8607 → ID8724,8,8607,8724,0.14576521463978687,1.0970413906129093,1.4332915818460643,1.4332915818460643,236.5,121.48563399593539,184.5191599682105,0.0,
ID6245 → ID6252,8,6245,6252,0.34222657809721946,0.4617891853640469,2.481452837623806,2.481452837623806,79.5,127.38742931007457,177.937896954846,0.0,
ID6335 → ID6322,8,6335,6322,0.18193170731708797,3.0537741460841135,1.5593242729696288,1.5593242729696288,90.5,128.43583570192706,176.3880525148836,0.0,
ID7047 → ID6901,8,7047,6901,0.4344041070460184,2.7670046405810997,2.585397761191745,2.585397761191745,155.5,132.30702176311883,172.93460946146732,0.0,
ID7544 → ID7608,8,7544,7608,0.056943555837079884,0.5458275855305544,0.319603533961339,0.319603533961339,193.5,119.0961328710303,182.8138015600747,0.0,
ID8169 → ID8208,8,8169,8208,0.06228516859598332,1.0953149611146111,0.5884551523487137,0.5884551523487137,220.5,122.05295383187405,185.70874729438611,0.0,
ID6367 → ID6439,8,6367,6439,0.13957539758314697,1.1516244457255693,0.9773294635203585,0.9773294635203585,96.5,131.1855016525161,174.0494275441255,0.0,
ID7890 → ID7898,8,7890,7898,0.11211928567300533,3.0090128153905606,0.938682053152271,0.938682053152271,209.5,119.80541216680061,185.55681817515062,0.0,
ID8159 → ID8169,8,8159,8169,0.12946163904073638,2.4729049732248454,0.918440592041335,0.918440592041335,219.5,122.19077833265428,185.07458640136355,0.0,
ID6455 → ID6480,8,6455,6480,0.06906077348069817,2.5001916053044404,0.3357468080817889,0.3357468080817889,104.5,133.37526850379342,172.6181517592732,0.0,
ID6423 → ID6463,8,6423,6463,0.05652411455105277,0.557206520536729,0.3853745544424228,0.3853745544424228,106.5,133.8336399487473,172.36261561778136,0.0,
ID7978 → ID7835,8,7978,7835,0.14533539915164373,2.081146307399909,0.39362351449231964,0.39362351449231964,204.5,119.2133008937535,185.25214748673517,0.0,
ID6974 → ID7063,8,6974,7063,0.19956576804775084,2.0708977048527233,0.31120139924339496,0.31120139924339496,165.5,125.44143844047035,183.03107320721344,0.0,
ID6743 → ID6753,8,6743,6753,0.12834275855459687,0.14279329402988883,1.0408333245660895,1.0408333245660895,142.5,134.78691530733255,169.97739542558736,0.0,
ID6322 → ID6303,8,6322,6303,0.07356206190877723,0.5744618935672695,0.5283733594185003,0.5283733594185003,91.5,129.42891347636734,176.19494056907797,0.0,
ID6359 → ID6267,8,6359,6267,0.2862690276483295,0.2476914403247377,2.8075987613555147,2.8075987613555147,83.5,123.18833169186706,177.59823219902873,0.0,
ID6232 → ID6245,8,6232,6245,0.6070168895087059,NaN,5.666117213490471,5.666117213490471,78.5,131.16119692462024,179.20992164961424,0.0,
ID8349 → ID8376,8,8349,8376,0.09163093565184821,1.5638661900158597,0.6815080570839236,0.6815080570839236,226.5,121.32167104611054,187.7290683844555,0.0,
ID6287 → ID6343,8,6287,6343,0.3339947493741948,1.1103627831271787,3.257162690426611,3.257162690426611,88.5,126.41401554835598,177.07040302432523,0.0,
ID6877 → ID6912,8,6877,6912,0.47624166845839333,0.31669601550191007,0.5404318833916348,0.5404318833916348,153.5,132.80757746357267,172.19783796640678,0.0,
ID6439 → ID6378,8,6439,6378,0.059207178870407495,2.0206874277376805,0.3908891997274045,0.3908891997274045,97.5,131.4853945636823,173.72695215020704,0.0,
ID6953 → ID7003,8,6953,7003,0.18666555638826432,1.7325601723417257,0.9847964116496766,0.9847964116496766,160.5,129.85204326596596,182.43139831227387,0.0,
ID6311 → ID6287,8,6311,6287,0.2863926726324567,2.02600341328933,2.243578900277991,2.243578900277991,87.5,124.06356031217001,176.97248285509312,0.0,
ID7898 → ID7980,8,7898,7980,0.17908602833600973,0.0017705191727743154,1.6859118769269987,1.6859118769269987,210.5,120.42565273836664,184.40034780474434,0.0,
ID7608 → ID7649,8,7608,7649,0.08126359162184726,2.66558511472041,0.5244029578629303,0.5244029578629303,194.5,119.18213077508899,182.92518396832574,0.0,
ID7980 → ID7976,8,7980,7976,0.16049244543925723,1.0165404172693047,0.6864199481090126,0.6864199481090126,211.5,121.1661324202189,183.63576131474167,0.0,
ID7673 → ID7793,8,7673,7793,0.17041999398578445,0.5930038506495373,1.1351885357890377,1.1351885357890377,197.5,119.30653160232661,184.08012026641074,0.0,
ID7735 → ID7753,8,7735,7753,0.13634654646157274,1.6250397793609344,0.988215818913822,0.988215818913822,201.5,118.24218115593534,185.883117067991,0.0,
ID6447 → ID6455,8,6447,6455,0.07912883171875951,0.8770881989077068,0.7044844543896159,0.7044844543896159,103.5,133.13670229038604,172.59402590153297,0.0,
ID7503 → ID7543,8,7503,7543,0.1315215859681611,1.8635787825391852,0.6318398221868297,0.6318398221868297,187.5,118.8312528904575,184.14343122237344,0.0,
ID6399 → ID6415,8,6399,6415,0.07689896125792361,1.5394371637124944,0.4516211086666557,0.4516211086666557,101.5,132.28164292092876,172.501668104803,0.0,
ID7120 → ID7140,8,7120,7140,0.2515010230436435,2.196860220597123,1.3268151224202427,1.3268151224202427,170.5,125.11464660523525,181.08784474679777,0.0,
ID6761 → ID6655,8,6761,6655,0.16061976710614934,2.8110043485817253,0.5839169238813755,0.5839169238813755,131.5,135.50741380749213,171.69916833121988,0.0,
ID6663 → ID6737,8,6663,6737,0.08693557759651371,0.6715438797460808,0.9992499942248891,0.9992499942248891,133.5,134.70686924548806,172.3163396346268,0.0,
ID6623 → ID6646,8,6623,6646,0.11794132609804431,1.8633712377164313,0.8503235254067689,0.8503235254067689,128.5,136.1103136163643,171.33662559956088,0.0,
ID7063 → ID7089,8,7063,7089,0.19288236892150268,1.5027031264946868,0.8787846951281025,0.8787846951281025,166.5,125.86186258977828,182.8078589942788,0.0,
ID7460 → ID7568,8,7460,7568,0.08923062718326169,2.495768205416644,0.9814546745049972,0.9814546745049972,185.5,118.72842840852334,184.8956173057794,0.0,
ID6556 → ID6503,8,6556,6503,0.1697549312612221,2.960119840259082,0.22238328634234722,0.22238328634234722,111.5,132.74159545248727,172.42578401742537,0.0,
ID8270 → ID8050,8,8270,8050,0.1265998612581566,2.453224070300442,0.7515417719403632,0.7515417719403632,215.5,122.03135891268823,184.26275177333866,0.0,
ID6360 → ID6268,9,6360,6268,0.38503050211167233,NaN,3.166619493515259,3.166619493515259,83.5,162.27240643729505,177.1882294986449,0.0,
ID6814 → ID6824,9,6814,6824,0.13368149539852137,1.326973639775044,0.5364153037509076,0.5364153037509076,150.5,172.33627159215885,189.81365207164959,0.0,
ID6328 → ID6352,9,6328,6352,0.0755295795499078,1.894035300709132,0.3557807343812447,0.3557807343812447,93.5,165.2642921483345,177.50554943715386,0.0,
ID7048 → ID6902,9,7048,6902,0.07855286604969258,3.1280447085654703,0.5763762358084589,0.5763762358084589,155.5,172.14738072591018,189.37400298752783,0.0,
ID7711 → ID7697,9,7711,7697,0.19724295805150016,2.536995468656729,1.334981812191605,1.334981812191605,199.5,176.71550435454515,184.77799033560257,0.0,
ID8125 → ID8072,9,8125,8072,0.021735163861992812,0.29696564437604983,0.08722692338679232,0.08722692338679232,217.5,183.8309173944454,181.78678202124277,0.0,
ID6380 → ID6432,9,6380,6432,0.0722030652267398,0.7109966012987321,0.1950948320303316,0.1950948320303316,98.5,165.77399681141782,177.69919550716472,0.0,
ID6487 → ID6486,9,6487,6486,0.12924965939586452,2.5995326282444724,0.5360741066616761,0.5360741066616761,109.5,165.2428862263655,180.67878128490673,0.0,
ID6324 → ID6304,9,6324,6304,0.11220099810705952,2.2215250824394617,0.5348140752905787,0.5348140752905787,91.5,165.23586543926254,177.50029573819577,0.0,
ID7297 → ID7245,9,7297,7245,0.07143724137920404,2.838966771150851,0.4525410702245266,0.4525410702245266,177.5,172.74990506622436,185.01613180016653,0.0,
ID7461 → ID7589,9,7461,7589,0.12442778667884657,2.068747276824989,1.1992296336542732,1.1992296336542732,190.5,176.97683483698086,184.89950076659778,0.0,
ID7021 → ID6988,9,7021,6988,0.6062654886326937,1.4829310652392336,3.8021951689784794,3.8021951689784794,163.5,169.21917299561227,189.84625566993537,0.0,
ID6681 → ID6699,9,6681,6699,0.07835981107769474,1.5412775358489148,0.4524764066435416,0.4524764066435416,135.5,168.76596042749512,189.2809515211685,0.0,
ID7794 → ID7711,9,7794,7711,0.09252252502521174,1.7712040592365543,0.5231118503201271,0.5231118503201271,198.5,177.1012470293304,185.05706593919354,0.0,
ID7697 → ID7738,9,7697,7738,0.16825632731565154,1.6456293090010858,1.1920070426484566,1.1920070426484566,200.5,175.94143888127172,185.1549536693031,0.0,
ID8072 → ID8157,9,8072,8157,0.051301619721771385,1.1494243707073428,0.24410325928393078,0.24410325928393078,218.5,183.8824035094355,181.92280533316398,0.0,
ID8735 → ID8459,9,8735,8459,0.12688240167645992,0.5431449008019298,0.8898201133202661,0.8898201133202661,229.5,184.56556068006967,181.27639551244522,0.0,
ID6717 → ID6726,9,6717,6726,0.034709239304871464,2.3499269465755086,0.3284874645029852,0.3284874645029852,139.5,169.86395378971037,188.87958515767326,0.0,
ID6515 → ID6542,9,6515,6542,0.1222333214712863,2.6329874155766504,1.0051868801111754,1.0051868801111754,115.5,165.12932230533494,180.01162205669215,0.0,
ID6878 → ID6913,9,6878,6913,0.058180815594491064,1.0491050397122559,0.30642377234614154,0.30642377234614154,153.5,172.6395427868242,189.62428032365438,0.0,
ID7160 → ID7356,9,7160,7356,0.06259648137103924,2.8244438706254753,0.4734861645824377,0.4734861645824377,174.5,172.9079530217786,185.3901513989868,0.0,
ID6416 → ID6448,9,6416,6448,0.2173895059047396,0.40785987752522346,1.6323925387405112,1.6323925387405112,102.5,167.32490202849843,178.37375272630658,0.0,
ID6848 → ID6871,9,6848,6871,0.1014271836225179,1.411424510234815,1.0305657359375988,1.0305657359375988,144.5,171.41865395850854,189.089205332194,0.0,
ID8648 → ID8749,9,8648,8749,0.13729063884611203,2.4393251078651197,1.1293884749490928,1.1293884749490928,238.5,186.42333290138956,179.3413661775752,0.0,
ID6304 → ID6328,9,6304,6328,0.05451524540840613,2.4610617054657347,0.2932491225371186,0.2932491225371186,92.5,165.2036638662294,177.32417161405738,0.0,
ID7773 → ID7975,9,7773,7975,0.22871883061049636,0.5977810750582507,2.4419901135535453,2.4419901135535453,203.5,178.59169321232855,184.5968852354933,0.0,
ID6336 → ID6324,9,6336,6324,0.15581395940441822,1.05275419259584,1.1831433716656081,1.1831433716656081,90.5,164.82256208031683,177.7431764106759,0.0,
ID6558 → ID6504,9,6558,6504,0.1556138786453145,0.3327325955364481,0.7405381538094863,0.7405381538094863,111.5,164.18113538320404,179.8577515929196,0.0,
ID6648 → ID6632,9,6648,6632,0.06446884282436771,0.3282719300888183,0.6066765870087935,0.6066765870087935,129.5,167.38403567670537,189.3586785433186,0.0,
ID8168 → ID8206,9,8168,8206,0.08476434051885795,2.5299742051172127,0.5183078037963014,0.5183078037963014,220.5,183.86160325227416,182.2136500060874,0.0,
ID6400 → ID6416,9,6400,6416,0.14842623738588145,1.7065433703953734,1.2697407765164022,1.2697407765164022,101.5,166.1574279427024,177.562834639863,0.0,
ID7855 → ID8027,9,7855,8027,0.09751760659556363,1.4373169308598737,0.8895122604375042,0.8895122604375042,207.5,181.27532794914345,184.15417747068764,0.0,
ID7334 → ID7428,9,7334,7428,0.09159703211558512,0.528089271243924,0.7431220906580364,0.7431220906580364,181.5,175.24207786035657,184.0112101004687,0.0,
ID8348 → ID8375,9,8348,8375,0.055995322056795915,3.0529560525102535,0.2941631459950661,0.2941631459950661,226.5,185.69684475961327,180.85910074525663,0.0,
ID6861 → ID6792,9,6861,6792,0.12328923357662769,2.92506708346463,0.9765380216466487,0.9765380216466487,147.5,171.90131133207146,189.17315689077031,0.0,
ID7973 → ID8094,9,7973,8094,0.10155931743084246,1.6524728375803506,0.2531159272512315,0.2531159272512315,212.5,184.71599186870634,181.54314487546839,0.0,
ID6988 → ID6976,9,6988,6976,0.20995340939964746,2.2397050782160806,1.8161593318359217,1.8161593318359217,164.5,168.60769432588782,188.45926138209583,0.0,
ID6927 → ID6891,9,6927,6891,0.1429774455273194,2.801685182897121,1.6339929070578618,1.6339929070578618,157.5,172.01982273635537,189.23519885937802,0.0,
ID6592 → ID6600,9,6592,6600,0.2767811213991478,0.780922993476033,2.349052692623284,2.349052692623284,123.5,166.10870773293408,186.74064036922283,0.0,
ID6288 → ID6344,9,6288,6344,0.21813526185572207,0.7863500982655911,0.9931061091646932,0.9931061091646932,88.5,163.74625865749653,177.74452992162713,0.0,
ID7897 → ID7977,9,7897,7977,0.19846632452892288,0.6554904260137044,1.5181342392864976,1.5181342392864976,210.5,182.62414971983952,183.30254139192783,0.0,
ID8606 → ID8721,9,8606,8721,0.056290314822144305,1.1446589644637113,0.35141776461521657,0.35141776461521657,236.5,185.95724639850044,179.1781174498363,0.0,
ID6504 → ID6496,9,6504,6496,0.1189257121578835,2.4655399026244296,0.4328120539833204,0.4328120539833204,112.5,164.01668973838832,179.67920134037826,0.0,
ID8049 → ID8125,9,8049,8125,0.07940694888566247,2.588830327056481,0.8763972035312634,0.8763972035312634,216.5,184.16881004389816,181.44575655603705,0.0,
ID7014 → ID6954,9,7014,6954,0.1431407482819973,2.854988249783099,1.3722811384113855,1.3722811384113855,159.5,171.82682769660858,190.03197627647089,0.0,
ID6902 → ID6927,9,6902,6927,0.16348823239319898,2.2994683356814067,1.1417200143943478,1.1417200143943478,156.5,172.18313844021043,188.93976743983853,0.0,
ID6645 → ID6624,9,6645,6624,0.07412622743466979,2.4605693174334164,0.5060107675862201,0.5060107675862201,127.5,167.68981708211024,190.210723511182,0.0,
ID6543 → ID6584,9,6543,6584,0.16842105263157658,0.16255646401919951,1.2028094485356575,1.2028094485356575,121.5,165.3572257330885,185.00030877511102,0.0,
ID7567 → ID7393,9,7567,7393,0.1242332838462128,1.2017125833066151,0.41179618387922384,0.41179618387922384,186.5,176.14853978163956,184.31709938050295,0.0,
ID6584 → ID6592,9,6584,6592,0.049686323645310226,0.5543217554276364,0.1664555844829682,0.1664555844829682,122.5,165.7183449697966,185.56892489785093,0.0,
ID7609 → ID7650,9,7609,7650,0.05781620532623577,3.0701663049326777,0.40129352852503036,0.40129352852503036,194.5,176.82154950429685,185.3729167618728,0.0,
ID7834 → ID7813,9,7834,7813,0.09719217560407334,1.4026556713253393,0.5952834036017726,0.5952834036017726,205.5,180.15101471978,184.1402104077432,0.0,
ID6448 → ID6456,9,6448,6456,0.20954712362299643,2.2814661975411594,2.0205676140374194,2.0205676140374194,103.5,166.89471778302857,179.0264108541323,0.0,
ID7675 → ID7794,9,7675,7794,0.0804413609042951,0.7810215540603598,0.365756377536678,0.365756377536678,197.5,176.83362415918612,184.95128382214457,0.0,
ID8589 → ID8606,9,8589,8606,0.11407166537955715,1.3051504770198583,0.9622834336568507,0.9622834336568507,235.5,185.7178256467551,179.70246441392368,0.0,
ID6424 → ID6464,9,6424,6464,0.0823598306603186,2.021340343438353,0.7235023081275064,0.7235023081275064,106.5,165.89021855760993,179.72516745126566,0.0,
ID6664 → ID6739,9,6664,6739,0.0365113105337006,0.09676699856474905,0.06357747594317953,0.06357747594317953,133.5,168.02543693064882,189.4164908293632,0.0,
ID6528 → ID6672,9,6528,6672,0.10355114815740041,2.239528536589389,0.5087806838885529,0.5087806838885529,118.5,164.71171114252465,182.00164686155253,0.0,
ID6456 → ID6482,9,6456,6482,0.22436475372125597,1.5416068411798614,1.508941715454483,1.508941715454483,104.5,165.92177990056575,179.85573792426476,0.0,
ID8312 → ID8319,9,8312,8319,0.10120862569338474,0.8121673574218329,1.0976715558622478,1.0976715558622478,224.5,185.4696317011556,181.21899962595535,0.0,
ID6268 → ID6296,9,6268,6296,0.44025860004787576,2.8910731099429077,2.7238610485766226,2.7238610485766226,84.5,162.45401958930918,177.57636893200873,0.0,
ID6464 → ID6571,9,6464,6571,0.15575125679928392,1.4988239790789697,0.6921030305927696,0.6921030305927696,107.5,165.55913194350413,180.12391712140982,0.0,
ID7037 → ID7021,9,7037,7021,0.1568371679941899,1.1969256506108064,0.7934556480212052,0.7934556480212052,162.5,170.98528122500278,190.7321424670622,0.0,
ID6608 → ID6616,9,6608,6616,0.12521066923794544,0.23177288582737596,0.9749174054153672,0.9749174054153672,125.5,167.15757836769393,189.04171974911404,0.0,
ID6726 → ID6778,9,6726,6778,0.06748850814875729,1.7953108109873643,0.44576067118665097,0.44576067118665097,140.5,170.00776075939223,188.68040814909767,0.0,
ID6482 → ID6424,9,6482,6424,0.15015425479366196,2.794360229252941,0.9822792248577396,0.9822792248577396,105.5,166.1021238385908,180.14043024991378,0.0,
ID6344 → ID6336,9,6344,6336,0.1305723324705219,2.265556228535758,0.6221830384684717,0.6221830384684717,89.5,164.05955432246319,177.5268131677313,0.0,
ID6520 → ID6528,9,6520,6528,0.188411520033699,1.1233432773863745,1.0849661715571266,1.0849661715571266,117.5,165.08960602405898,181.78933334855094,0.0,
ID8206 → ID8251,9,8206,8251,0.04821564031828807,0.7472774829733202,0.19121359914925454,0.19121359914925454,221.5,183.63723320485752,181.9640318169181,0.0,
ID6576 → ID6515,9,6576,6515,0.1231064500650807,1.5716708435772013,1.0944757976160557,1.0944757976160557,114.5,164.92858321328782,179.83463870390227,0.0,
ID6672 → ID6559,9,6672,6559,0.2104834924111867,2.8597018967541343,1.6581002516994776,1.6581002516994776,119.5,164.66426525442057,182.58869956798753,0.0,
ID7752 → ID7773,9,7752,7773,0.10207894869843093,0.15917584881664473,1.008937309057314,1.008937309057314,202.5,176.976864583047,184.9917575041576,0.0,
ID6739 → ID6681,9,6739,6681,0.09549841633524403,0.1466163207329297,0.6784535726227864,0.6784535726227864,134.5,168.35423652439425,189.24528348851857,0.0,
ID6913 → ID7048,9,6913,7048,0.11615051240806895,2.5517180299830793,0.9603843454705073,0.9603843454705073,154.5,172.3291717286806,189.43599482767806,0.0,
ID8452 → ID8512,9,8452,8512,0.18874005438611696,1.5096434532017782,1.6759069604447432,1.6759069604447432,231.5,184.9950839003339,181.04602419537343,0.0,
ID6871 → ID6781,9,6871,6781,0.09341297766142886,1.9185703805559675,0.23781331094341962,0.23781331094341962,145.5,171.7454245839537,189.45130122912178,0.0,
ID7121 → ID7141,9,7121,7141,0.2378180778341097,2.4947653650174435,1.0998546033147016,1.0998546033147016,170.5,170.31075582996843,187.15319061691673,0.0,
ID8157 → ID8168,9,8157,8168,0.0638458308510228,0.32362772901575904,0.3665054940447228,0.3665054940447228,219.5,184.01203907871076,182.194987668696,0.0,
ID6408 → ID6368,9,6408,6368,0.12042041331611164,1.814902546602489,0.4370456682743408,0.4370456682743408,95.5,165.55914653745882,177.36793946785212,0.0,
ID6781 → ID6861,9,6781,6861,0.09449648378555175,0.20932596997263753,0.6518759363726513,0.6518759363726513,146.5,172.08500814167382,189.16691110239034,0.0,
ID8094 → ID8013,9,8094,8013,0.05998980664078801,2.6846548015752023,0.3437723450190517,0.3437723450190517,213.5,184.66512832042474,181.60584289002134,0.0,
ID6542 → ID6520,9,6542,6520,0.16825512336375126,1.173418239450994,1.0722994040400515,1.0722994040400515,116.5,165.1100546595025,180.87663806800185,0.0,
ID6954 → ID7005,9,6954,7005,0.06631157005981703,1.2135082624070368,0.3374423077859125,0.3374423077859125,160.5,171.11573243282157,189.7588932430531,0.0,
ID6368 → ID6440,9,6368,6440,0.09300192402346508,0.47645602884699145,0.24158034153821878,0.24158034153821878,96.5,165.84468140419,177.5344435939926,0.0,
ID6891 → ID7014,9,6891,7014,0.0685996295946455,0.6144971581634691,0.4700587250326521,0.4700587250326521,158.5,172.24944033705972,190.22705560408102,0.0,
ID7091 → ID7329,9,7091,7329,0.4128129221395834,1.3562493280887642,2.32910828899703,2.32910828899703,167.5,168.3823686458747,187.70584624510747,0.0,
ID6600 → ID6608,9,6600,6608,0.12062632247142924,0.20286421017587317,0.9009125393946118,0.9009125393946118,124.5,166.63347946895573,188.27148467739767,0.0,
ID7102 → ID7121,9,7102,7121,0.3468282252316368,0.5218076955572652,2.177105016760253,2.177105016760253,169.5,169.5836985259045,187.2110641124708,0.0,
ID7487 → ID7546,9,7487,7546,0.09599647488354746,1.9848197062793607,0.5769799428937383,0.5769799428937383,192.5,176.42998560260924,185.58168210198562,0.0,
ID7650 → ID7630,9,7650,7630,0.14462858348378238,2.4194299248651774,1.064429130184578,1.064429130184578,195.5,176.847219358342,184.96969086956844,0.0,
ID7977 → ID7973,9,7977,7973,0.18343379834072016,0.7702369701874473,2.119312173484185,2.119312173484185,211.5,183.83024649652006,182.11973874599636,0.0,
ID7259 → ID7160,9,7259,7160,0.16380009265694528,0.6392687565188382,1.4219412114809047,1.4219412114809047,173.5,172.6663385974863,185.81829005464596,0.0,
ID6496 → ID6576,9,6496,6576,0.10415802847150135,1.5812663598506476,0.5248332569222925,0.5248332569222925,113.5,164.32196018408894,179.82519749216812,0.0,
ID8403 → ID8735,9,8403,8735,0.08694698120113054,1.2124737001056938,0.824193125376783,0.824193125376783,228.5,185.39046525081477,181.31134222581912,0.0,
ID6778 → ID6744,9,6778,6744,0.11094269964524117,1.3187596737139193,1.0587061691318795,1.0587061691318795,141.5,170.47247248662802,189.0960732571636,0.0,
ID8459 → ID8452,9,8459,8452,0.055173310972134626,1.3871922936636125,0.14755238392017167,0.14755238392017167,230.5,184.1497575228563,181.07028591291544,0.0,
ID8721 → ID8648,9,8721,8648,0.049710812867471366,0.652542534411076,0.43849046929975133,0.43849046929975133,237.5,186.25694795481695,178.95375631925884,0.0,
ID8220 → ID8312,9,8220,8312,0.038729776053224585,1.1371319078258504,0.20138335072263105,0.20138335072263105,223.5,184.95504998312066,181.56914141066716,0.0,
ID6296 → ID6384,9,6296,6384,0.21312702770151049,1.0732290116372485,1.1329063417616447,1.1329063417616447,85.5,160.83454250953355,178.1143712242773,0.0,
ID7393 → ID7542,9,7393,7542,0.08491157037388886,1.8867089157783445,0.48118009555645186,0.48118009555645186,187.5,176.23350293521054,184.0675435175889,0.0,
ID7738 → ID7752,9,7738,7752,0.09156253932438985,2.311485021175274,0.8885778008662643,0.8885778008662643,201.5,176.19174997111804,185.51908013594954,0.0,
ID6394 → ID6400,9,6394,6400,0.11919972149117708,2.605419409312037,0.6899113201168641,0.6899113201168641,100.5,165.48469340894763,177.66386789742631,0.0,
ID6744 → ID6754,9,6744,6754,0.09598383001133493,2.7986426376279625,0.8151527003112485,0.8151527003112485,142.5,170.41955468660296,189.28883509615497,0.0,
ID8375 → ID8403,9,8375,8403,0.06496242103217575,1.1647519165001685,0.2826551137482326,0.2826551137482326,227.5,185.80745873039334,181.07309046078225,0.0,
ID7546 → ID7609,9,7546,7609,0.08412389163024292,2.9203136607230955,0.922617645747943,0.922617645747943,193.5,176.57362657394464,185.45628908829033,0.0,
ID6695 → ID6713,9,6695,6713,0.09583405961303026,1.5667376231124321,0.5609503817190721,0.5609503817190721,137.5,169.3907958565004,189.10861109228205,0.0,
ID8251 → ID8220,9,8251,8220,0.14004197192113854,1.5957022973530743,1.3230193959818801,1.3230193959818801,222.5,184.27373883449314,181.76795453040606,0.0,
ID6616 → ID6645,9,6616,6645,0.11940467432518198,0.2522127369048287,1.0084426542955363,1.0084426542955363,126.5,167.6971580917169,189.8643562910604,0.0,
ID6352 → ID6408,9,6352,6408,0.08752440064294886,3.1024692019037654,0.48318539721690584,0.48318539721690584,94.5,165.28592832905736,177.4450875743798,0.0,
ID6792 → ID6803,9,6792,6803,0.10781795530401617,3.14075188336994,0.7813400470212951,0.7813400470212951,148.5,171.81252347410987,189.2136835911621,0.0,
ID7428 → ID7374,9,7428,7374,0.11519865463980461,1.3980936589328217,0.315505014904412,0.315505014904412,182.5,175.66486152117017,184.07710981918726,0.0,
ID7975 → ID7834,9,7975,7834,0.09564222370552966,1.3812508511188928,0.3622188729868134,0.3622188729868134,204.5,179.83177456556467,184.3339089549218,0.0,
ID6312 → ID6288,9,6312,6288,0.2467183770882918,0.6043750217280116,1.262750179279289,1.262750179279289,87.5,163.05118692930927,178.52236300338484,0.0,
ID6803 → ID6814,9,6803,6814,0.14821076359536745,2.118527413017916,0.6694323139429859,0.6694323139429859,149.5,172.12728963032214,189.3851174545789,0.0,
ID8013 → ID8269,9,8013,8269,0.12321537926963666,2.555841758566051,0.7365373558080643,0.7365373558080643,214.5,184.45114804439035,181.48801589257624,0.0,
ID6432 → ID6394,9,6432,6394,0.09295802397445829,0.5952399009201991,0.3936037577068788,0.3936037577068788,99.5,165.5402605178785,177.85858636403262,0.0,
ID7245 → ID7278,9,7245,7278,0.1000529010750083,1.7701139005977449,0.4879955080378197,0.4879955080378197,178.5,172.90082471807716,185.2732183688883,0.0,
ID7630 → ID7675,9,7630,7675,0.07818418639276148,2.85406936365011,0.37484645046697856,0.37484645046697856,196.5,176.93485026083957,184.62416014078224,0.0,
ID7458 → ID7567,9,7458,7567,0.06206935928435953,3.1123533591760535,0.24006127014247405,0.24006127014247405,185.5,176.39724141904844,184.4301508118749,0.0,
ID8269 → ID8049,9,8269,8049,0.06665898758016564,2.028047404424058,0.26826599129578266,0.26826599129578266,215.5,184.35422853446428,181.17083422782554,0.0,
ID6559 → ID6543,9,6559,6543,0.1944337527757376,0.29838353264277034,1.1190267916142504,1.1190267916142504,120.5,164.8828789607368,183.94491602206978,0.0,
ID7180 → ID7297,9,7180,7297,0.1458739468426562,2.5502121089857877,1.1697789646055452,1.1697789646055452,176.5,172.45998709063718,185.2540040647657,0.0,
ID7141 → ID7220,9,7141,7220,0.19815190244511927,3.007365487372882,0.9552854745962317,0.9552854745962317,171.5,170.3423889392726,187.24779394200525,0.0,
ID7888 → ID7897,9,7888,7897,0.07978273028813065,2.456306087050581,0.424310573404128,0.424310573404128,209.5,182.43396434534208,184.21924803466266,0.0,
ID6632 → ID6762,9,6632,6762,0.05983907601171223,2.4834345612372575,0.22814853223217307,0.22814853223217307,130.5,167.47385407182782,189.15322951640493,0.0,
ID6656 → ID6664,9,6656,6664,0.10824266147634165,1.5072577297987653,0.31757774184374105,0.31757774184374105,132.5,167.85205412756602,189.49530072456974,0.0,
ID7542 → ID7505,9,7542,7505,0.1413828211773649,0.9387642747027115,0.8376232404506735,0.8376232404506735,188.5,176.81530519124044,184.185230501368,0.0,
ID6571 → ID6487,9,6571,6487,0.10433945295819957,0.7475788852061936,0.6070928652700923,0.6070928652700923,108.5,165.39717162443188,180.70677589896434,0.0,
ID7199 → ID7334,9,7199,7334,0.12529749405021584,1.2727888573689612,0.755868363519688,0.755868363519688,180.5,174.51943483859546,183.97557028586417,0.0,
ID7505 → ID7461,9,7505,7461,0.04673067571990086,0.3735602358833663,0.16916683369726865,0.16916683369726865,189.5,177.25959225063056,184.4113486073417,0.0,
ID7407 → ID7458,9,7407,7458,0.13542926239415565,2.506090708023459,1.2430412449018473,1.2430412449018473,184.5,175.92061860639433,184.58631315337237,0.0,
ID8515 → ID8554,9,8515,8554,0.039054730759474854,0.5550425040184886,0.20623484839944267,0.20623484839944267,233.5,186.59284294869428,180.6419887454931,0.0,
ID7374 → ID7407,9,7374,7407,0.0750818187286324,1.001444333330182,0.6851528397398203,0.6851528397398203,183.5,175.52808179672857,184.50349308336757,0.0,
ID7329 → ID7102,9,7329,7102,0.3182404355924383,2.9017611433331676,1.1959451886053767,1.1959451886053767,168.5,168.37076287436534,188.3064651184995,0.0,
ID7356 → ID7180,9,7356,7180,0.08843022154896751,0.3125846894394519,0.6540645868431204,0.6540645868431204,175.5,172.39650868248572,185.61097679580558,0.0,
ID8027 → ID7888,9,8027,7888,0.16421242061908636,1.4149622223469969,1.1039977194092667,1.1039977194092667,208.5,182.03537335567955,184.1217971053103,0.0,
ID7005 → ID7037,9,7005,7037,0.12086799616444865,1.375738995603899,0.6459175278491163,0.6459175278491163,161.5,171.11854800054175,190.15117383199322,0.0,
ID7220 → ID7259,9,7220,7259,0.2070635384486632,0.7967352300327205,1.7142870746914565,1.7142870746914565,172.5,171.40111406944945,186.60411040781918,0.0,
ID6486 → ID6558,9,6486,6558,0.11925708084983777,1.1317680715288252,0.8727443287523251,0.8727443287523251,110.5,164.90923271886732,180.1784081830967,0.0,
ID7278 → ID7199,9,7278,7199,0.17403869785728387,1.1627088119365248,1.782498962961698,1.782498962961698,179.5,173.6497733043339,184.59091429585834,0.0,
ID6976 → ID7064,9,6976,7064,0.4351768681295093,1.9899923652455986,2.5998914209145445,2.5998914209145445,165.5,168.69904365398023,187.21621225855932,0.0,
ID7064 → ID7091,9,7064,7091,0.2717353779898214,2.6981530925486923,0.8671829492455817,0.8671829492455817,166.5,168.29346537908276,186.38248205299948,0.0,
ID6824 → ID6838,9,6824,6838,0.0891384134264186,2.614997084490759,0.8678303171208643,0.8678303171208643,151.5,172.31485695063503,189.57171444015523,0.0,
ID6838 → ID6878,9,6838,6878,0.09096008226602414,3.0149790298344747,0.6242394404739289,0.6242394404739289,152.5,172.2677565541245,189.4501253043851,0.0,
ID8554 → ID8589,9,8554,8589,0.14545454545452285,2.685713757511465,1.1446622146304777,1.1446622146304777,234.5,186.1715903528243,180.40797574900722,0.0,
ID6624 → ID6648,9,6624,6648,0.06922113621294523,0.9050158094798235,0.45616651693821,0.45616651693821,128.5,167.40761642556507,189.882571502436,0.0,
ID6754 → ID6848,9,6754,6848,0.1394229831394609,2.057760622505651,1.116908891555399,1.116908891555399,143.5,170.64447549681992,188.82582342169218,0.0,
ID8319 → ID8348,9,8319,8348,0.06943008588347888,2.225965432375861,0.42687155781891956,0.42687155781891956,225.5,185.7630159423204,180.87555453117213,0.0,
ID7589 → ID7487,9,7589,7487,0.06535166129541892,1.2290463937054752,0.192746686695063,0.192746686695063,191.5,176.66272507022256,185.45528289487805,0.0,
ID6384 → ID6312,9,6384,6312,0.2072426420724628,1.9371348040225016,1.930823256713194,1.930823256713194,86.5,161.53652246235833,178.7212838178548,0.0,
ID6440 → ID6380,9,6440,6380,0.03610815370753506,2.012922763350923,0.15116914382352845,0.15116914382352845,97.5,165.91610290484687,177.62040639471036,0.0,
ID6762 → ID6656,9,6762,6656,0.1557446049934611,0.05616173523021125,0.3585843620046617,0.3585843620046617,131.5,167.62163096037034,189.4065304639207,0.0,
ID6713 → ID6717,9,6713,6717,0.08867750843814504,2.048820042888333,0.6218578234728968,0.6218578234728968,138.5,169.64164143132803,188.9292121406732,0.0,
ID6699 → ID6695,9,6699,6695,0.08031793271149112,1.211660141551601,0.5638660134572624,0.5638660134572624,136.5,169.15698641105615,189.431299146218,0.0,
ID7813 → ID7855,9,7813,7855,0.10728303532492323,0.6422967568577118,0.6410942950471814,0.6410942950471814,206.5,180.71369991550984,184.306093860363,0.0,
ID8512 → ID8515,9,8512,8515,0.0714361386854151,0.6566937732853284,0.7965351500178111,0.7965351500178111,232.5,186.1607128986824,180.87072444923712,0.0,
ID7801 → ID7842,10,7801,7842,0.07622876435631964,3.0196232445704125,0.6447615967276931,0.6447615967276931,206.5,188.99938699162925,101.75025086157135,0.0,
ID8390 → ID8691,10,8390,8691,0.3574681953824329,2.2372014159893467,2.409082596780706,2.409082596780706,228.5,182.93068735428415,107.15681315049918,0.0,
ID7616 → ID7658,10,7616,7658,0.0711466993601736,2.2658136038513197,0.0765460656758145,0.0765460656758145,196.5,188.28443430420361,104.48628139163034,0.0,
ID7395 → ID7435,10,7395,7435,0.11003633417122982,1.4537470710528053,1.184364804483403,1.184364804483403,184.5,190.7951800845634,109.02466598638873,0.0,
ID7227 → ID7265,10,7227,7265,0.11298521166653097,2.143463619089524,0.9407576873507255,0.9407576873507255,178.5,188.94944820667774,111.4934218672583,0.0,
ID6732 → ID6745,10,6732,6745,0.2239202139079114,1.8890396300025383,1.7037880806180155,1.7037880806180155,142.5,173.58645957620644,118.10327253997932,0.0,
ID6858 → ID6767,10,6858,6767,0.21412235563179072,2.1198281845497022,2.2444771326430017,2.2444771326430017,145.5,175.52144375287838,116.9719063735059,0.0,
ID6881 → ID6930,10,6881,6930,0.08953392372971058,0.4140335035900479,0.7147799396240476,0.7147799396240476,158.5,177.2051989412431,113.79613790717289,0.0,
ID6707 → ID6719,10,6707,6719,0.1557868736767707,3.124523774730125,0.8450293309642489,0.8450293309642489,139.5,173.33805014765193,119.60735079620146,0.0,
ID8421 → ID8485,10,8421,8485,0.09778490449820065,2.3106602839246997,0.5334059995429659,0.5334059995429659,231.5,182.34299939546884,103.7649642680808,0.0,
ID6958 → ID7053,10,6958,7053,0.17941725276302278,2.0178348911796364,1.0261476029706442,1.0261476029706442,165.5,182.38467480371833,116.22094833335566,0.0,
ID7071 → ID7309,10,7071,7309,0.09796524580425081,0.7598981424721035,0.2217356753559973,0.2217356753559973,167.5,183.4727321647955,117.22638660597147,0.0,
ID6686 → ID6683,10,6686,6683,0.264300364630795,2.9608626668005296,1.7167342017775173,1.7167342017775173,136.5,172.29440212223938,120.90537160033281,0.0,
ID7343 → ID7167,10,7343,7167,0.13140641370445583,0.6667043111163229,1.0821886945494075,1.0821886945494075,175.5,190.28635656027794,112.62212466386399,0.0,
ID8199 → ID8289,10,8199,8289,0.39537173806004655,2.5417481401643225,2.5444834297592425,2.5444834297592425,223.5,181.2640734630681,107.30783741295905,0.0,
ID7285 → ID7227,10,7285,7227,0.05787379060697795,0.18105741625779917,0.6425914865073548,0.6425914865073548,177.5,188.97158647887557,111.89368299669256,0.0,
ID7080 → ID7109,10,7080,7109,0.20477884374265343,2.620453865703019,1.329555194134499,1.329555194134499,169.5,183.94098403250905,117.14171727401421,0.0,
ID7781 → ID7692,10,7781,7692,0.06108299856159227,1.3125204863529827,0.501895074875647,0.501895074875647,198.5,188.45633613676767,103.4184372923611,0.0,
ID8336 → ID8363,10,8336,8363,0.31603332293846764,2.410953281877387,1.8859885919895731,1.8859885919895731,226.5,183.26345729843456,108.97915789282004,0.0,
ID7576 → ID7474,10,7576,7474,0.08507657280743774,0.04116207921657322,0.6605795873375072,0.6605795873375072,191.5,189.43950954726705,106.81697619630135,0.0,
ID6970 → ID6958,10,6970,6958,0.24216434133036857,1.7818032814013178,2.018913041381255,2.018913041381255,164.5,181.49791441962327,116.44028312574568,0.0,
ID6851 → ID6784,10,6851,6784,0.1587384947068664,2.959607732610335,1.1147909867639547,1.1147909867639547,147.5,176.6811697917435,116.79282096272394,0.0,
ID6784 → ID6795,10,6784,6795,0.14735432016073735,2.480860575016358,1.1471181192468576,1.1471181192468576,148.5,176.43455074535862,116.5207803740958,0.0,
ID6683 → ID6701,10,6683,6701,0.2559308719560466,1.1534744023029824,1.7375564767158735,1.7375564767158735,137.5,172.84978538017702,119.56834923421695,0.0,
ID7041 → ID6895,10,7041,6895,0.1711213808528914,2.3249528676164,1.1918349830725186,1.1918349830725186,155.5,177.08517196358684,115.11013399352859,0.0,
ID7516 → ID7492,10,7516,7492,0.06712802768164916,3.045651959904047,0.39913434160570677,0.39913434160570677,188.5,189.75037523308995,107.6225856886181,0.0,
ID7006 → ID6970,10,7006,6970,0.1725518747724829,1.1759798628394185,0.9189219784134726,0.9189219784134726,163.5,180.53067083118148,116.75692709729918,0.0,
ID6767 → ID6851,10,6767,6851,0.11131332199948307,2.2852654348045123,0.378421871766522,0.378421871766522,146.5,176.51773854721156,117.12798259834055,0.0,
ID6930 → ID6944,10,6930,6944,0.22100131857591387,0.6950971097927857,1.5248578943183406,1.5248578943183406,159.5,178.09623283709766,114.37373256436328,0.0,
ID7208 → ID7240,10,7208,7240,0.15544803687599196,0.23301130138675838,1.396448442817125,1.396448442817125,172.5,187.42403479192893,115.40605468213164,0.0,
ID7410 → ID7362,10,7410,7362,0.06939154134613235,0.529587022999825,0.634818660223709,0.634818660223709,182.5,190.88790735164736,110.22656293000122,0.0,
ID6916 → ID6881,10,6916,6881,0.18304509841390537,2.944571797908415,1.5112373824296899,1.5112373824296899,157.5,176.19052834004327,113.39166748800506,0.0,
ID8038 → ID8105,10,8038,8105,0.24543459174711224,1.4874791191033514,1.0830384609264554,1.0830384609264554,216.5,186.50079317870217,105.74098803969234,0.0,
ID8008 → ID7865,10,8008,7865,0.16713647105717988,0.7271695313563753,1.0859722295211567,1.0859722295211567,208.5,189.8073249807127,102.3852661701791,0.0,
ID6795 → ID6806,10,6795,6806,0.16456657463507396,1.6105396227796327,0.5239688279928507,0.5239688279928507,149.5,176.00167594458946,116.96607178737355,0.0,
ID7492 → ID7440,10,7492,7440,0.05100532496286869,2.094424871897883,0.036244182816200135,0.036244182816200135,189.5,189.73887086386353,107.81339018112112,0.0,
ID8145 → ID8182,10,8145,8182,0.2698553291998914,1.338426401425752,1.525787923937906,1.525787923937906,220.5,181.95072713569283,107.65889105825471,0.0,
ID7926 → ID7821,10,7926,7821,0.18208330958282626,2.253166267677152,1.3938549832585305,1.3938549832585305,204.5,189.28262726090162,102.06202981846351,0.0,
ID8691 → ID8432,10,8691,8432,0.3037940742726848,1.281958263345814,1.7372799650671724,1.7372799650671724,229.5,183.38623293799594,105.54622508509803,0.0,
ID6675 → ID6686,10,6675,6686,0.26341337130283726,1.6294380006228801,0.9720333643564879,0.9720333643564879,135.5,172.27924413632266,121.29524918448328,0.0,
ID8484 → ID8532,10,8484,8532,0.23052486842731545,1.1094706947218307,1.3307716548020725,1.3307716548020725,233.5,184.26642154038709,101.67971577462086,0.0,
ID6895 → ID6916,10,6895,6916,0.3353373812116732,1.3057908205046767,2.3823491674510944,2.3823491674510944,156.5,176.43617816108133,113.79687186768756,0.0,
ID8651 → ID8619,10,8651,8619,0.12330898135201596,1.255064130357306,0.7287802190802637,0.7287802190802637,237.5,186.5200183290038,102.28596600757636,0.0,
ID6701 → ID6707,10,6701,6707,0.16578968671582162,2.5649674434278484,1.0012469704198301,1.0012469704198301,138.5,173.37443208531852,119.53778811442717,0.0,
ID7719 → ID7733,10,7719,7733,0.07773909983399196,0.9510851524711138,0.25097065233142524,0.25097065233142524,201.5,188.95256790595727,102.68990192938153,0.0,
ID7637 → ID7616,10,7637,7616,0.17194588778165232,0.6305616050096897,1.5179563014771822,1.5179563014771822,195.5,188.65686180529877,105.12000475759424,0.0,
ID8182 → ID8234,10,8182,8234,0.3277777777778186,2.5471950233480625,1.9503794308218374,1.9503794308218374,221.5,181.46486869674533,107.40548944323805,0.0,
ID7842 → ID8008,10,7842,8008,0.0958437656484441,2.4028964730212454,0.6823555263575545,0.6823555263575545,207.5,189.237388118075,101.78260485463099,0.0,
ID8082 → ID7995,10,8082,7995,0.4100448865704305,1.3879736727402485,2.8637906828291655,2.8637906828291655,213.5,190.26036874040474,101.91701720000185,0.0,
ID8234 → ID8199,10,8234,8199,0.27375708656622155,1.94271572759368,1.5212879083504183,1.5212879083504183,222.5,180.63374775453323,106.85805375098137,0.0,
ID6729 → ID6675,10,6729,6675,0.5280348050883716,NaN,4.088763264900384,4.088763264900384,134.5,170.24315241531116,121.68713258888255,0.0,
ID8256 → ID8038,10,8256,8038,0.37780130886873386,0.6824353543724112,2.4273653686560377,2.4273653686560377,215.5,187.00654175517877,104.46824375869974,0.0,
ID7435 → ID7556,10,7435,7556,0.07986106396023018,0.7108635208000289,0.709656712457676,0.709656712457676,185.5,190.04402944864438,108.54423084222174,0.0,
ID7109 → ID7128,10,7109,7128,0.12965319441673673,1.6359644852500927,1.3520939944612302,1.3520939944612302,170.5,184.5544026634726,116.46043028115045,0.0,
ID8485 → ID8484,10,8485,8484,0.373690441842187,0.6874958542329093,2.302306471408512,2.302306471408512,232.5,183.5085355797521,103.04917330619338,0.0,
ID7305 → ID7410,10,7305,7410,0.07771817441284878,0.8749696920526799,0.8725169396228749,0.8725169396228749,181.5,190.16080683272108,110.26401807955786,0.0,
ID6906 → ID7041,10,6906,7041,0.05873007043737655,2.4323351871979946,0.40439761650065187,0.40439761650065187,154.5,177.02205562167111,115.58660052024689,0.0,
ID7521 → ID7597,10,7521,7597,0.05289222733388532,1.6178541062638847,0.3666887839419584,0.3666887839419584,193.5,189.06480874194682,106.3615197562654,0.0,
ID7733 → ID7761,10,7733,7761,0.05950772328643272,1.902489461239913,0.41606454048234914,0.41606454048234914,202.5,188.91725253251687,102.48797390329639,0.0,
ID6817 → ID6827,10,6817,6827,0.1307988232631947,2.9795524535593314,0.5361084959842733,0.5361084959842733,151.5,176.19319653563252,116.20012282361483,0.0,
ID7556 → ID7381,10,7556,7381,0.06744503756600517,0.38892012806671733,0.3068628488591209,0.3068628488591209,186.5,189.83233879693807,108.09103823231251,0.0,
ID7186 → ID7305,10,7186,7305,0.056392250521299925,0.6031725803779846,0.3935997729776232,0.3935997729776232,180.5,189.58091652488312,110.31739630573902,0.0,
ID7362 → ID7395,10,7362,7395,0.11568276684557788,1.022485431110183,0.9283681583907375,0.9283681583907375,183.5,191.27243508586756,109.65915559858288,0.0,
ID8558 → ID8582,10,8558,8582,0.1512337969088049,2.32976473035708,0.96177684930107,0.96177684930107,235.5,185.4588625529467,102.1120785946296,0.0,
ID7944 → ID7919,10,7944,7919,0.21517967593949938,1.0310407792564065,1.460245387235247,1.460245387235247,211.5,189.31038852404336,100.667089840778,0.0,
ID7167 → ID7285,10,7167,7285,0.07431522227211929,0.76991339812656,0.7643512766982828,0.7643512766982828,176.5,189.65687131943253,112.03943049970721,0.0,
ID8619 → ID8692,10,8619,8692,0.2853309481216816,1.0948445731945795,1.7855391523289645,1.7855391523289645,238.5,186.25521266931383,101.20995226180779,0.0,
ID7240 → ID7148,10,7240,7148,0.2063512705141749,0.49163326066575547,2.3053668554604183,2.3053668554604183,173.5,189.14240100888824,114.87461036706136,0.0,
ID7440 → ID7576,10,7440,7576,0.09348536192810253,0.7764240401523962,0.6974732898324288,0.6974732898324288,190.5,189.6223519053774,107.47077314145133,0.0,
ID7474 → ID7521,10,7474,7521,0.097082284655572,1.489428413996342,0.27392746959159914,0.27392746959159914,192.5,189.2223118898899,106.52027893028273,0.0,
ID6993 → ID7026,10,6993,7026,0.12331599711393793,0.20026923793855742,1.1297358585912334,1.1297358585912334,161.5,180.41071737493348,115.33868187515098,0.0,
ID7026 → ID7006,10,7026,7006,0.1432768609791496,2.0900658620962576,1.194210124414781,1.194210124414781,162.5,180.6293496880951,115.88002919483013,0.0,
ID8289 → ID8294,10,8289,8294,0.20627802690582897,1.5550952749000977,0.32611850230108486,0.32611850230108486,224.5,182.53300875237935,107.51156432654082,0.0,
ID8532 → ID8558,10,8532,8558,0.30948707885645677,2.261689768855719,2.0127087715777465,2.0127087715777465,234.5,185.01928210147761,101.49183921006713,0.0,
ID6841 → ID6858,10,6841,6858,0.179889469975133,2.5017851853577273,1.19723974947374,1.19723974947374,144.5,174.7049451421659,117.47183420854175,0.0,
ID8124 → ID8145,10,8124,8145,0.22141066450635627,2.9577310662399308,1.0547293416928512,1.0547293416928512,219.5,182.7668372329466,107.04295066272688,0.0,
ID8432 → ID8421,10,8432,8421,0.2368932038835575,0.2415409862793938,1.3605876292950332,1.3605876292950332,230.5,182.52854953351795,104.26979792813722,0.0,
ID7381 → ID7516,10,7381,7516,0.07820983181129382,0.04673374935281363,0.5202274816448113,0.5202274816448113,187.5,189.77659048183546,107.68137424733652,0.0,
ID8848 → ID8124,10,8848,8124,0.21712427745664364,2.9301500619802914,0.671979469524748,0.671979469524748,218.5,182.95100798239594,107.13610933900117,0.0,
ID6827 → ID6868,10,6827,6868,0.1727416798731809,1.2147615116921617,0.4506384549976299,0.4506384549976299,152.5,176.2954709772702,116.59289034663277,0.0,
ID7821 → ID7801,10,7821,7801,0.11887290871734735,2.5893526050557276,0.7969321223635876,0.7969321223635876,205.5,189.07400292690505,101.70409819337345,0.0,
ID6868 → ID6906,10,6868,6906,0.18720583705049887,1.6686176789793554,1.4131745196927379,1.4131745196927379,153.5,176.84480393806297,116.12687593049833,0.0,
ID6806 → ID6817,10,6806,6817,0.214091032979022,2.606969571593666,1.2743263514065464,1.2743263514065464,150.5,176.18759529414018,116.57520251242175,0.0,
ID8363 → ID8390,10,8363,8390,0.29595319356412797,2.0935724119525636,1.7814929474391779,1.7814929474391779,227.5,182.95292922214566,108.11459546976073,0.0,
ID7692 → ID7674,10,7692,7674,0.08508181006961268,1.9755447133205692,0.45723220793416497,0.45723220793416497,199.5,188.681033749554,103.55832040509043,0.0,
ID8582 → ID8651,10,8582,8651,0.21401604530434204,2.5659907260141925,1.3622271719796204,1.3622271719796204,236.5,185.66601216525353,102.43260235837954,0.0,
ID7875 → ID7944,10,7875,7944,0.22264532401638004,1.6303963425735088,1.8075350135206079,1.8075350135206079,210.5,190.23296073854294,101.75197480621738,0.0,
ID7128 → ID7208,10,7128,7208,0.18059772469546476,0.3455129488122402,1.741004607072456,1.741004607072456,171.5,186.04041109651752,116.12273944599102,0.0,
ID7674 → ID7719,10,7674,7719,0.10638151914797755,3.0248529612863786,1.0548986978270645,1.0548986978270645,200.5,188.75548162419418,103.26608713121047,0.0,
ID6745 → ID6841,10,6745,6841,0.13002432287587895,0.8787718018651692,0.7258708245222474,0.7258708245222474,143.5,174.67561789163364,117.84684169395359,0.0,
ID7658 → ID7781,10,7658,7781,0.11726294490943545,1.7966770303402857,0.9892171071858022,0.9892171071858022,197.5,188.27196504066836,103.99897493637246,0.0,
ID8294 → ID8336,10,8294,8336,0.3109192901717023,0.09422749114431804,2.059969351248691,2.059969351248691,225.5,182.6105496686838,108.70145975712948,0.0,
ID6764 → ID6732,10,6764,6732,0.08577141284196699,0.11323911120212111,0.4895122640972881,0.4895122640972881,141.5,173.00816933207196,118.66959998840261,0.0,
ID7309 → ID7080,10,7309,7080,0.10432542663950362,1.1310875646952248,0.7303710760042782,0.7303710760042782,168.5,183.79261630781735,117.50530461487708,0.0,
ID7995 → ID8256,10,7995,8256,0.39802863177656633,1.6180156951272389,2.6292677210125697,2.6292677210125697,214.5,189.1702743236828,103.47026331265964,0.0,
ID7919 → ID8082,10,7919,8082,0.2939929196596147,2.8816712800531366,1.4329126479484446,1.4329126479484446,212.5,189.32696198328415,100.4798631879834,0.0,
ID6719 → ID6764,10,6719,6764,0.08620166045134925,1.0614679639925235,0.48447837249560477,0.48447837249560477,140.5,173.3380085137906,119.02682693449873,0.0,
ID7265 → ID7186,10,7265,7186,0.09756579834329338,0.42059637409571027,0.7083741797702736,0.7083741797702736,179.5,189.33878716806908,110.78682160016257,0.0,
ID7597 → ID7637,10,7597,7637,0.05268193505948415,0.18237741842872007,0.42185307625316715,0.42185307625316715,194.5,189.0547802476263,105.96900700382447,0.0,
ID6944 → ID6993,10,6944,6993,0.1416577654918778,0.49797371673097135,1.271495712335288,1.271495712335288,160.5,179.2399591204018,115.10109356364367,0.0,
ID7148 → ID7343,10,7148,7343,0.20620043258832832,1.297093052090475,1.6676685201525498,1.6676685201525498,174.5,190.41862684520447,113.91815868465054,0.0,
ID7865 → ID7875,10,7865,7875,0.11629387161300919,0.7260902071826544,0.1852415605189816,0.1852415605189816,209.5,190.36502461003914,102.64526165852641,0.0,
ID7761 → ID7926,10,7761,7926,0.09676888732228184,3.044679204438183,0.6608660175353486,0.6608660175353486,203.5,189.02562614230885,102.5502813999982,0.0,
ID8105 → ID8848,10,8105,8848,0.6532569832015674,2.045815124823353,4.350103544914482,4.350103544914482,217.5,184.73323532492083,106.64788224357949,0.0,
ID7053 → ID7071,10,7053,7071,0.13649635036496288,0.6597270320333438,0.9764409034214356,0.9764409034214356,166.5,182.95640559243537,116.97632037019304,0.0,
ID7380 → ID7514,11,7380,7514,0.0966318011706998,1.714924079411235,0.9409268849012031,0.9409268849012031,187.5,121.78285955262481,106.30865062074034,0.0,
ID7145 → ID7341,11,8828,7341,0.1794807178913772,0.35053965556150685,1.6519745937984305,1.6519745937984305,174.5,122.38839210027317,108.96995488144363,0.0,
ID7408 → ID7361,11,7408,7361,0.1215759849906155,0.9730295989516551,0.5722217345117027,0.5722217345117027,182.5,123.19928517399953,108.24501892569415,0.0,
ID7720 → ID7736,11,7720,7736,0.12397297790762551,1.5138131917887692,0.727325425520577,0.727325425520577,201.5,116.72875442670778,105.15555610450276,0.0,
ID7125 → ID7204,11,7125,7204,0.2538800673859182,1.5698803327337765,2.3335200761166193,2.3335200761166193,171.5,121.90702176296523,113.0232035803085,0.0,
ID6915 → ID6880,11,6915,6880,0.11360799287335532,2.391100407353432,0.9534019750174406,0.9534019750174406,157.5,124.81405867664486,115.6358053804079,0.0,
ID7307 → ID7075,11,7307,7075,0.20797194441986033,1.3984793081315967,1.6797029437757391,1.6797029437757391,168.5,122.7758762544335,117.47305199968778,0.0,
ID8230 → ID8192,11,8230,8192,0.5965269205039934,0.573939396508731,4.732452573664891,4.732452573664891,222.5,123.64282688933054,98.13868090822737,0.0,
ID8250 → ID8036,11,8250,8036,0.13859345370599785,1.257374620221315,0.8677258813867303,0.8677258813867303,215.5,120.88298233252712,98.89915218089851,0.0,
ID7473 → ID7519,11,7473,7519,0.07934453144733256,2.361905662374757,0.5704659567290221,0.5704659567290221,192.5,118.52418048166693,106.19611600648116,0.0,
ID7040 → ID6894,11,7040,6894,0.37650789022922637,1.074768783804241,3.4209132682299175,3.4209132682299175,155.5,126.67553422909188,117.49235484784134,0.0,
ID8192 → ID8288,11,8192,8288,0.5517585596210561,2.360085081948486,3.823841361022378,3.823841361022378,223.5,125.25920155079537,98.60665814640728,0.0,
ID6826 → ID6867,11,6826,6867,0.2252025098341659,1.4167738100832774,0.4397061662045141,0.4397061662045141,152.5,129.5823587857241,118.57066112841397,0.0,
ID6850 → ID6783,11,6850,6783,0.280879943833371,0.4099741324142704,1.8268064505202541,1.8268064505202541,147.5,130.130485611896,118.7456338136696,0.0,
ID7107 → ID7125,11,7107,7125,0.24978034748090971,1.72381923534602,2.208793849685586,2.208793849685586,170.5,122.58549771372131,114.48027343995736,0.0,
ID7554 → ID7380,11,7554,7380,0.08853480089328769,0.5935029741698709,0.36094284611913424,0.36094284611913424,186.5,122.26176311279184,106.32158961762913,0.0,
ID7823 → ID7802,11,7823,7802,0.07873211100415278,2.1416774930341567,0.1486310914591203,0.1486310914591203,205.5,117.2080359676338,102.1135439362269,0.0,
ID6747 → ID6840,11,6747,6840,0.5525635501938562,NaN,3.4596141546309656,3.4596141546309656,143.5,131.60925305853604,119.619866374011,0.0,
ID8103 → ID8059,11,8103,8059,0.1243402836206784,2.350799186450275,1.159465452959832,1.159465452959832,217.5,121.51936871183887,99.25730929356054,0.0,
ID8136 → ID8178,11,8136,8178,0.24190105088647684,1.991526514321273,2.2379149238203087,2.2379149238203087,220.5,122.2213009618354,100.04210811325494,0.0,
ID7659 → ID7782,11,7659,7782,0.12546244641494775,2.6319146546550147,1.337433331293333,1.337433331293333,197.5,116.84879493697099,106.63756605162433,0.0,
ID8118 → ID8136,11,8118,8136,0.14901063877336074,2.729736164932236,1.5355289979373918,1.5355289979373918,219.5,122.43885730713613,98.99690890255157,0.0,
ID7224 → ID7263,11,7224,7263,0.17215306718068213,1.9555745983207566,1.3203161744072673,1.3203161744072673,178.5,123.73608159824553,107.69989393549628,0.0,
ID7341 → ID7163,11,7341,7163,0.11305736396020705,1.1700713349990486,1.0231492622321232,1.0231492622321232,175.5,123.17595679528665,108.1616415856908,0.0,
ID7782 → ID7694,11,7782,7694,0.13748701757422788,2.5332399058654054,1.271560578708583,1.271560578708583,198.5,116.82512241545328,106.24631328401395,0.0,
ID7025 → ID7002,11,7025,7002,0.16010425230456415,1.6109679432116617,1.1811996167988472,1.1811996167988472,162.5,122.89769618616214,116.75141843458893,0.0,
ID7864 → ID7873,11,7864,7873,0.07565472203161594,0.8991038353619722,0.715614282671648,0.715614282671648,209.5,118.8025701581499,101.8303321057681,0.0,
ID7051 → ID7070,11,7051,7070,0.33287024173380997,3.1113617153065425,2.958535932208384,2.958535932208384,166.5,123.68487209073488,117.91033643288165,0.0,
ID6880 → ID6929,11,6880,6929,0.09850916252364639,1.968464131640248,0.6590389199609683,0.6590389199609683,158.5,124.582392389824,116.03641916473487,0.0,
ID8036 → ID8103,11,8036,8103,0.16999836146158587,2.523254798742168,1.0659498181983198,1.0659498181983198,216.5,121.11890432134234,99.09863813077862,0.0,
ID7283 → ID7224,11,7283,7224,0.06295237267741127,1.9385217095736624,0.5894653058024169,0.5894653058024169,177.5,123.76824744736803,107.08705123544367,0.0,
ID7263 → ID7185,11,7263,7185,0.12183379013587325,3.063915128165475,0.9801148642552613,0.9801148642552613,179.5,123.83919476160186,107.8422068073906,0.0,
ID8178 → ID8230,11,8178,8230,0.18538993089833034,2.571220531882848,1.2308411068548957,1.2308411068548957,221.5,121.54173892924459,100.14092505378903,0.0,
ID7844 → ID8006,11,7844,8006,0.11077539787003865,2.440583695005596,1.0721121786307901,1.0721121786307901,207.5,117.42802473702693,101.8193800180684,0.0,
ID7204 → ID7233,11,7204,7233,0.19430038705761732,0.8996663962842163,1.5815047721096047,1.5815047721096047,172.5,121.84396906504318,111.25398277467315,0.0,
ID6929 → ID6942,11,6929,6942,0.1050178500594886,1.6195074923553947,0.49538194838509264,0.49538194838509264,159.5,124.22107515747184,116.21371942447401,0.0,
ID6957 → ID7051,11,6957,7051,0.22604515815172777,2.820849767174632,0.7979920835443585,0.7979920835443585,165.5,122.68812653026528,117.49317329125539,0.0,
ID7233 → ID7145,11,7233,8828,0.112578096259222,1.270305230012335,1.095830237730078,1.095830237730078,173.5,121.76174809430807,110.16990539096227,0.0,
ID7514 → ID7491,11,7514,7491,0.061889931123727426,0.710189636692794,0.6607859144566043,0.6607859144566043,188.5,121.18171504285351,106.76124140560825,0.0,
ID7436 → ID7574,11,7436,7574,0.19178959988425337,0.04929358430117034,1.8465949358558102,1.8465949358558102,190.5,119.86751090463704,106.43442077372319,0.0,
ID7929 → ID7915,11,7929,7915,0.2420419539386819,0.6380772207490653,1.1172418606604404,1.1172418606604404,211.5,120.28638594595787,99.93922990455755,0.0,
ID7915 → ID8081,11,7915,8081,0.19964793897608868,2.0520014767524355,0.6702190678017722,0.6702190678017722,212.5,120.48239980126439,99.47809561178508,0.0,
ID6856 → ID6766,11,6856,6766,0.06770880776890409,0.6341906978438329,0.18474621246624942,0.18474621246624942,145.5,131.33609210857747,119.18377278800868,0.0,
ID7802 → ID7844,11,7802,7844,0.05270569301952244,0.3819423383239541,0.5244578156521753,0.5244578156521753,206.5,117.53364900113277,102.18010106445189,0.0,
ID7075 → ID7107,11,7075,7107,0.3075796784283913,0.5629790514216598,2.031468025096429,2.031468025096429,169.5,123.16777376336532,115.7334242423805,0.0,
ID8006 → ID7864,11,8006,7864,0.20583761199739847,2.3922756074695286,1.5417636526083192,1.5417636526083192,208.5,117.83100132465998,101.48156353835179,0.0,
ID8081 → ID7993,11,8081,7993,0.11135687624475166,3.0460469008362105,1.074652569594275,1.074652569594275,213.5,120.62512307584271,99.62697215813367,0.0,
ID7361 → ID7394,11,7361,8840,0.12546854569227328,2.0101142615999716,1.1358640969240095,1.1358640969240095,183.5,122.8990857028426,107.8254191340673,0.0,
ID7519 → ID7596,11,7519,7596,0.10798165137614013,2.934081294489534,0.9254457923293983,0.9254457923293983,193.5,118.33962907631528,106.14038059847869,0.0,
ID7677 → ID7720,11,7677,7720,0.1266221595979412,2.4176654678206404,1.3513225962021282,1.3513225962021282,200.5,116.97419110556734,105.90155705393315,0.0,
ID7736 → ID7762,11,7736,7762,0.14117821289919863,0.34206521260739475,1.1026739786102666,1.1026739786102666,202.5,117.16834336801612,104.36767694295435,0.0,
ID7762 → ID7921,11,7762,7921,0.1465566538681412,0.7851317461336601,0.30026417961415114,0.30026417961415114,203.5,117.30931263225963,103.71673132478163,0.0,
ID7921 → ID7823,11,7921,7823,0.19338495372933506,0.3410825072241128,1.5050106777408336,1.5050106777408336,204.5,117.19601932467441,102.82852940257867,0.0,
ID6840 → ID6856,11,6840,6856,0.3350411780333181,3.113637467383939,1.1401776088269013,1.1401776088269013,144.5,130.9411957355318,118.67149065769516,0.0,
ID6783 → ID6794,11,6783,6794,0.3078020057043097,1.5810545618918124,1.07070606965573,1.07070606965573,148.5,129.35242760838236,118.03464729568469,0.0,
ID7163 → ID7283,11,7163,7283,0.12586348856358165,1.168296515526862,1.1168694070895522,1.1168694070895522,176.5,123.87476932655048,107.60573450341468,0.0,
ID7185 → ID7302,11,7185,7302,0.06497296161275756,2.3913230960603933,0.5406916038681925,0.5406916038681925,180.5,123.56982665902379,107.62574179256987,0.0,
ID7993 → ID8250,11,7993,8250,0.12476400119712261,2.778502193625383,0.8501096338211045,0.8501096338211045,214.5,120.82795364086573,99.59168146393795,0.0,
ID7694 → ID7677,11,7694,7677,0.13436482959366947,1.7806230893675932,0.3059389576005793,0.3059389576005793,199.5,117.44676166622956,106.22050030599131,0.0,
ID6766 → ID6850,11,6766,6850,0.20848857929695197,2.8885966933251885,0.4883332771563292,0.4883332771563292,146.5,131.2233317916992,119.0753184473048,0.0,
ID6894 → ID6915,11,6894,6915,0.29976990697948624,0.44262519640061676,1.4002859037468347,1.4002859037468347,156.5,125.28953487681338,115.57945690619022,0.0,
ID7394 → ID7433,11,8840,7433,0.051119279076815016,0.17375583400876599,0.3343549219937077,0.3343549219937077,184.5,122.80065710745583,107.09889418548033,0.0,
ID8059 → ID8118,11,8059,8118,0.058387656031182344,1.531352094602603,0.3241059051335229,0.3241059051335229,218.5,121.86443863790976,98.75662238125558,0.0,
ID7002 → ID6967,11,7002,6967,0.17006772211507282,1.5942551306807666,1.0915591101001714,1.0915591101001714,163.5,122.15200311566028,117.02619724202323,0.0,
ID7433 → ID7554,11,7433,7554,0.07742136806786404,0.5354049643890649,0.6339325480321907,0.6339325480321907,185.5,122.52788493414143,106.71789551715182,0.0,
ID6794 → ID6805,11,6794,6805,0.37264969125095315,2.72387681695305,0.8074848746847844,0.8074848746847844,149.5,129.54829714995776,117.90766065067123,0.0,
ID7491 → ID7436,11,7491,7436,0.04615937925628444,1.59015244613311,0.3852566658876732,0.3852566658876732,189.5,120.85500606636323,106.95375845584175,0.0,
ID6991 → ID7025,11,6991,7025,0.08812360874688185,1.240379123248191,0.5807637849640338,0.5807637849640338,161.5,123.54407316359709,116.71202982716865,0.0,
ID6942 → ID6991,11,6942,6991,0.07055068753085092,1.446831880128464,0.5352853040977813,0.5352853040977813,160.5,123.9148274126313,116.44949374796875,0.0,
ID7596 → ID7638,11,7596,7638,0.18318754419244065,1.3969393885253225,1.9547792765377057,1.9547792765377057,194.5,117.2733010129418,106.57490758196752,0.0,
ID7574 → ID7473,11,7574,7473,0.08618653372943141,0.4447831143018457,0.7194207748295914,0.7194207748295914,191.5,118.68716751861537,106.0005189229278,0.0,
ID6867 → ID6905,11,6867,6905,0.19319754225759478,2.884040199665079,1.237440556705045,1.237440556705045,153.5,129.94305795049837,118.76550603249117,0.0,
ID7070 → ID7307,11,7070,7307,0.23846213448039,2.819060489623025,2.2018248444682236,2.2018248444682236,167.5,123.94605122458242,118.40317254001675,0.0,
ID7638 → ID7617,11,7638,7617,0.0828601543640175,2.9530069733515454,0.6111754868029974,0.6111754868029974,195.5,116.83936984482767,107.09798735092792,0.0,
ID7873 → ID7929,11,7873,7929,0.2243169072902994,2.1413406849094745,2.0631985213020974,2.0631985213020974,210.5,119.4053778500253,101.17448413031426,0.0,
ID6816 → ID6826,11,6816,6826,0.18748003832641025,2.6431913635771154,0.6775556647090196,0.6775556647090196,151.5,129.88646208487705,118.26491616263223,0.0,
ID7302 → ID7408,11,7302,7408,0.05610953266955554,0.3558223169783494,0.22701647952797097,0.22701647952797097,181.5,123.45265505629422,107.98597832615255,0.0,
ID6905 → ID7040,11,6905,7040,0.3724155140453601,2.7796431099092165,3.0273587106046365,3.0273587106046365,154.5,129.00882743874726,118.9880497897048,0.0,
ID6805 → ID6816,11,6805,6816,0.2932829992189512,2.1886433159586605,0.502085240224279,0.502085240224279,150.5,129.80013283282466,118.12021929419562,0.0,
ID6967 → ID6957,11,6967,6957,0.14370804339057164,1.8340368799934195,1.1076447102556584,1.1076447102556584,164.5,122.49946304834458,117.59765231934657,0.0,
ID7617 → ID7659,11,7617,7659,0.12428560750170259,0.4196294220104597,0.39891060840693476,0.39891060840693476,196.5,117.28669042185857,106.88728247391879,0.0,
ID7346 → ID7170,12,7346,7170,0.10354923761569634,1.4642320993815316,1.0358122369422158,1.0358122369422158,175.5,147.8372370812217,127.76293463504888,0.0,
ID7526 → ID7599,12,7526,7599,0.08601331647778088,1.9346365009246393,0.46491037975971145,0.46491037975971145,193.5,150.50427158980838,125.45769422174305,0.0,
ID7640 → ID7620,12,7640,7620,0.07053702566295195,0.2759981740295351,0.4082352947153813,0.4082352947153813,195.5,150.19159970298594,124.69938607501794,0.0,
ID6862 → ID6771,12,6862,6771,0.18730648922704818,1.5439428774939508,1.2103227867997814,1.2103227867997814,145.5,142.68053778631304,130.99356320075546,0.0,
ID7365 → ID7398,12,7365,7398,0.08728784850963245,1.7676545829656853,0.7488374130094418,0.7488374130094418,183.5,147.1665416719915,126.36008279258681,0.0,
ID6975 → ID6961,12,6975,6961,0.14428600657894597,2.6579806488540614,0.2955900660545666,0.2955900660545666,164.5,145.81735296715968,130.53585176587302,0.0,
ID7522 → ID7495,12,7522,7495,0.07970521541948605,1.5637745095175548,0.3558031864868179,0.3558031864868179,188.5,148.7981842649185,127.31922715223509,0.0,
ID7054 → ID7074,12,7054,7074,0.20864104558537155,2.5420323968953564,1.2192880106575739,1.2192880106575739,166.5,146.17489011630636,130.26116248166656,0.0,
ID7477 → ID7526,12,7477,7526,0.2001591660122215,0.6531047261427714,1.274010207334621,1.274010207334621,192.5,150.12789807572693,125.91895790616832,0.0,
ID7682 → ID7722,12,7682,7722,0.17131997005352417,0.888242837369636,1.3848921223981439,1.3848921223981439,200.5,152.1108967973442,123.88771780312358,0.0,
ID6808 → ID6819,12,8820,6819,0.23067307568395912,0.9377540097151208,1.1257460247532758,1.1257460247532758,150.5,146.01258649143347,130.71399483270451,0.0,
ID7784 → ID7698,12,7784,7698,0.10584709123220304,1.229910987190348,0.7248519915798464,0.7248519915798464,198.5,150.96363869536935,124.63551328340256,0.0,
ID8260 → ID8040,12,8260,8040,0.20831928996739268,2.1540342510181185,1.4577673137992373,1.4577673137992373,215.5,155.48155309879897,121.0306282467326,0.0,
ID8107 → ID8063,12,8107,8063,0.1655231560892222,2.0072315136372954,1.2128505865877377,1.2128505865877377,217.5,155.05298749340696,121.24694951556458,0.0,
ID7074 → ID7313,12,7074,7313,0.14853053323165522,2.7743731381694126,0.26242720474762177,0.26242720474762177,167.5,146.62355879804898,130.06556458746087,0.0,
ID8012 → ID7870,12,8012,7870,0.21905011349746484,0.26978320910539794,0.653503419746302,0.653503419746302,208.5,152.07228326708662,123.05498104371895,0.0,
ID8293 → ID8297,12,8293,8297,0.20710035806021065,0.5656267207438326,0.6217818907602356,0.6217818907602356,224.5,152.89334542949098,120.76564763527341,0.0,
ID7190 → ID7312,12,7190,7312,0.07856868096084879,2.6590518227360436,0.34109101625944777,0.34109101625944777,180.5,147.85475688852256,127.08077850250938,0.0,
ID7661 → ID7784,12,7661,7784,0.12648722697177606,2.4139619011181557,0.7972323930157305,0.7972323930157305,197.5,151.42175748129284,125.0561946200117,0.0,
ID7495 → ID7443,12,7495,7443,0.04777467580740735,2.0099054390063764,0.11910215580657503,0.11910215580657503,189.5,148.93741433474295,127.23675064125115,0.0,
ID7419 → ID7365,12,7419,7365,0.10347696585111554,2.9919314147857246,0.4884227625371689,0.4884227625371689,182.5,146.7915802201794,126.51326297713668,0.0,
ID7996 → ID8260,12,7996,8260,0.13308363551281566,1.014982733472471,1.4089682328834756,1.4089682328834756,214.5,154.84138385817187,120.80222551985318,0.0,
ID7312 → ID7419,12,7312,7419,0.23310821573059637,2.5680915303981733,1.5829859111642903,1.5829859111642903,181.5,147.2667800194332,126.79259009063242,0.0,
ID7398 → ID7439,12,7398,7439,0.0595835079101209,0.7214618692246824,0.4573015149895402,0.4573015149895402,184.5,147.58085178846446,125.97358784837584,0.0,
ID7229 → ID7268,12,7229,7268,0.1274985550732154,2.499758100719565,0.5133130704845188,0.5133130704845188,178.5,147.9486705701425,127.25130973219721,0.0,
ID7042 → ID6896,12,7042,6896,0.3198846533275571,2.3294685691169685,1.8770602062858477,1.8770602062858477,155.5,146.59674519826058,132.5372029200907,0.0,
ID7558 → ID7384,12,7558,7384,0.12480582633556547,2.3352670285259487,0.7671131446023921,0.7671131446023921,186.5,148.32987434535102,125.71523395357617,0.0,
ID8338 → ID8365,12,8338,8365,0.19391485685866927,1.7994933066790846,1.4386697540168334,1.4386697540168334,226.5,153.95894676908387,122.64285746412591,0.0,
ID6853 → ID8818,12,6853,8818,0.22024318867143533,0.9508837576272238,0.776013546018127,0.776013546018127,147.5,143.79958820101012,131.90393110177823,0.0,
ID7009 → ID6975,12,8825,6975,0.15229670199165335,1.800645873230267,0.6797583716454633,0.6797583716454633,163.5,145.60363266902345,130.58820777971903,0.0,
ID8040 → ID8107,12,8040,8107,0.12190620945207165,1.6620161670970532,0.7692723834372743,0.7692723834372743,216.5,155.23094346165658,121.78251535047633,0.0,
ID7129 → ID7210,12,7129,7210,0.19212438471756332,0.8088280103535975,1.2508451077255396,1.2508451077255396,171.5,147.11038104834222,128.71057116839006,0.0,
ID8130 → ID8149,12,8130,8149,0.07254633880352013,0.13824612149491405,0.12094424547991531,0.12094424547991531,219.5,154.82469363690308,120.93325921593275,0.0,
ID8818 → ID8819,12,8818,8819,0.364123528877908,2.068238713808422,3.7223013531368987,3.7223013531368987,148.5,144.8828523000402,130.58037901267744,0.0,
ID6819 → ID6830,12,6819,8821,0.2635684143119241,2.3850781853535734,1.4411188126143584,1.4411188126143584,151.5,145.70699646813335,131.10481372683,0.0,
ID6749 → ID6843,12,6749,6843,0.3508390972624831,NaN,3.095603485043527,3.095603485043527,143.5,144.24400002413216,128.7137165838528,0.0,
ID7384 → ID7522,12,7384,7522,0.18564562177010036,0.10794233800565659,1.2827960621668575,1.2827960621668575,187.5,148.49482617557658,126.72541175430885,0.0,
ID8236 → ID8203,12,8236,8203,0.17594926839409009,0.8126271061709458,1.0949594303026173,1.0949594303026173,222.5,153.6254862793407,120.19575853346346,0.0,
ID7846 → ID8012,12,7846,8012,0.13441751368257027,2.80380836541744,0.9332397315207833,0.9332397315207833,207.5,152.62657003069828,123.6128113477262,0.0,
ID6896 → ID8822,12,6896,8822,0.24612253217762092,2.8680547755019905,1.0327710970090194,1.0327710970090194,156.5,146.43663965970583,132.10291136259343,0.0,
ID7947 → ID7825,12,7947,7825,0.14108927536902938,2.2811564752339373,0.7892433066338607,0.7892433066338607,204.5,152.0539032574435,123.82060503522989,0.0,
ID7620 → ID7661,12,7620,7661,0.23509974601140204,2.4459202799004705,1.6724794211329121,1.6724794211329121,196.5,150.82726756641603,124.97294437509362,0.0,
ID7945 → ID8085,12,7945,8085,0.24180632378434308,1.2974867447026395,0.5344982627089621,0.5344982627089621,212.5,153.84773954469216,121.43789673454788,0.0,
ID8184 → ID8236,12,8184,8236,0.0890728452411077,1.355284372313422,0.5079334050920222,0.5079334050920222,221.5,154.15654362221852,120.71865372985795,0.0,
ID6830 → ID6872,12,8821,6872,0.3508568483443064,2.0703544449185833,2.1064727280422693,2.1064727280422693,152.5,145.50439303251088,132.03237103512367,0.0,
ID6995 → ID7028,12,6995,7028,0.06689187221526316,1.50297151526291,0.2216030096031569,0.2216030096031569,161.5,145.3414145951565,131.61535233766023,0.0,
ID7804 → ID7846,12,7804,7846,0.2240321702539072,2.935086906819269,1.730765529630374,1.730765529630374,206.5,152.18440330617278,123.51722141385846,0.0,
ID7599 → ID7640,12,7599,7640,0.1295302013422801,2.800056930300782,0.8319433611687456,0.8319433611687456,194.5,150.46675872832037,125.24926918628822,0.0,
ID7111 → ID7129,12,7111,7129,0.1654485753628091,2.371464862893341,0.33042150224113803,0.33042150224113803,170.5,146.41005015871025,128.97636599544973,0.0,
ID6872 → ID6907,12,6872,6907,0.18010005487132752,1.9157557715577251,0.806571804806931,0.806571804806931,153.5,145.62473874748565,133.01735528580969,0.0,
ID8203 → ID8293,12,8203,8293,0.14144713229488848,1.6115154817255875,0.6060404423222517,0.6060404423222517,223.5,153.01067972372732,120.1879151007733,0.0,
ID7083 → ID7111,12,7083,7111,0.28372045639772603,2.306128322483781,1.5420088676807122,1.5420088676807122,169.5,146.63117235633894,129.60084793975085,0.0,
ID7170 → ID7287,12,7170,7287,0.0805341626808106,2.8176064500527263,0.5813772068456895,0.5813772068456895,176.5,148.0823771857318,127.6780870709535,0.0,
ID6771 → ID6853,12,6771,6853,0.24629475323398797,1.1759055847726536,0.6891484660913838,0.6891484660913838,146.5,143.23990501116816,131.57019193542982,0.0,
ID8819 → ID6808,12,8819,8820,0.20219343708553494,2.765396785860827,1.4079453240688289,1.4079453240688289,149.5,145.6742633098939,129.6338185023401,0.0,
ID8085 → ID7996,12,8085,7996,0.0728038167192342,1.7587558937212828,0.4845255501052443,0.4845255501052443,213.5,154.09884546213078,121.23086165841346,0.0,
ID7870 → ID7879,12,7870,7879,0.18408739502592153,2.8243546718886066,0.8696938553329497,0.8696938553329497,209.5,152.22199682149125,122.9962398515967,0.0,
ID7210 → ID7244,12,7210,7244,0.1237974683544455,1.604294603696659,0.31737529757866006,0.31737529757866006,172.5,147.72681535876865,128.5382460997717,0.0,
ID7739 → ID7764,12,7739,7764,0.14536269353065578,3.0854788166128073,1.024250560266904,1.024250560266904,202.5,153.02279457352302,123.58547484288485,0.0,
ID7244 → ID7150,12,7244,7150,0.13543352360540017,0.1329937196280228,0.8086291457199172,0.8086291457199172,173.5,148.0371624273066,129.00677897592345,0.0,
ID7579 → ID7477,12,7579,7477,0.13378404811972988,0.1854509191310834,0.996104634050848,0.996104634050848,191.5,149.5239132549749,126.80944841774549,0.0,
ID6946 → ID6995,12,6946,6995,0.15411784975884535,0.8945713170097254,0.796605576808627,0.796605576808627,160.5,145.55253336203492,131.97912826551374,0.0,
ID7764 → ID7947,12,7764,7947,0.13948087687428412,1.7576691970567722,0.9442746677790324,0.9442746677790324,203.5,152.4128956348436,123.73833106785312,0.0,
ID7268 → ID7190,12,7268,7190,0.084958037443439,2.326295272031536,0.4892335339444315,0.4892335339444315,179.5,147.76815633582493,127.16746061236154,0.0,
ID8297 → ID8338,12,8297,8338,0.41475957829774135,0.12611018279104652,1.9093683595323396,1.9093683595323396,225.5,153.11197514226706,122.01030317591028,0.0,
ID7698 → ID7682,12,7698,7682,0.14371605522203423,2.9331877347233153,1.1427495437603254,1.1427495437603254,199.5,151.17048136090847,124.53633027952422,0.0,
ID7028 → ID7009,12,7028,8825,0.18128483426221087,0.863631241882613,0.9808548873987651,0.9808548873987651,162.5,145.33925373858617,131.04667064313222,0.0,
ID6907 → ID7042,12,6907,7042,0.31195070841016903,2.8731700058170415,1.9541103743616448,1.9541103743616448,154.5,146.19944257295882,133.1821186994772,0.0,
ID7443 → ID7579,12,7443,7579,0.07196245320243444,1.7837568645869106,0.23304288299821657,0.23304288299821657,190.5,149.00845134854796,127.14112558205,0.0,
ID7825 → ID7804,12,7825,7804,0.13949104618285213,0.33948893709008343,0.5918740243668701,0.5918740243668701,205.5,151.66482940802047,123.26189043232158,0.0,
ID7879 → ID7951,12,7879,7951,0.1680118110236205,1.659786082201404,1.2591590153682226,1.2591590153682226,210.5,152.77534797168073,122.51602800321048,0.0,
ID6961 → ID7054,12,6961,7054,0.22342638204705523,1.6680651760228218,0.1120643753824171,0.1120643753824171,165.5,145.66714883318775,130.50733485525024,0.0,
ID7951 → ID7945,12,7951,7945,0.26302319821679154,1.1350406813745664,0.9375356504636024,0.9375356504636024,211.5,153.37316931388267,121.80338044776309,0.0,
ID8063 → ID8130,12,8063,8130,0.06614813715617673,2.467598500276405,0.4438806872569087,0.4438806872569087,218.5,155.0690634240765,120.79260321487784,0.0,
ID7313 → ID7083,12,7313,7083,0.13890347450787588,2.0463594203315125,0.4830747913767204,0.4830747913767204,168.5,146.77511276095527,130.2190837580306,0.0,
ID7722 → ID7739,12,7722,7739,0.18055231063971333,1.5305191415418247,1.118759196700302,1.118759196700302,201.5,152.96680866998554,123.58606326662269,0.0,
ID7439 → ID7558,12,7439,7558,0.07558944046344485,0.5597548526852023,0.7566971037110167,0.7566971037110167,185.5,148.0465574198489,125.61980666093928,0.0,
ID8822 → ID6884,12,8822,8823,0.15316128256029216,2.1598506555086003,0.8043022602931087,0.8043022602931087,157.5,146.47285505803256,132.54599264207275,0.0,
ID6884 → ID6935,12,8823,8824,0.15214057080992582,0.6020196935341745,0.6019798525248159,0.6019798525248159,158.5,145.91814213107375,132.92565100670143,0.0,
ID6843 → ID6862,12,6843,6862,0.2189643851743921,0.6279282169899396,1.044037313145738,1.044037313145738,144.5,142.94839007894205,130.22940143328418,0.0,
ID6935 → ID6946,12,8824,6946,0.18942584792728034,2.6194023804846926,0.9156200083251589,0.9156200083251589,159.5,145.78900922545256,132.7143555728028,0.0,
ID8149 → ID8184,12,8149,8184,0.10037367626126836,0.3985589782704525,0.5548066408321823,0.5548066408321823,220.5,154.49194826869035,120.96173200869703,0.0,
ID7150 → ID7346,12,7150,7346,0.22514086699713343,3.1105316053171723,1.4930776573518587,1.4930776573518587,174.5,147.85667376043563,128.7155188388211,0.0,
ID7287 → ID7229,12,7287,7229,0.10467044139270143,2.848989461413332,0.862874436041659,0.862874436041659,177.5,148.04006759399698,127.50873184122258,0.0,
ID7342 → ID7166,13,7342,7166,0.07786875706014262,2.8468953800424943,0.4403511084683463,0.4403511084683463,175.5,8.931288755350236,111.99656988114003,0.0,
ID8060 → ID8121,13,8060,8121,0.03950842736904581,3.1330362034001116,0.04299935700659745,0.04299935700659745,218.5,9.55025861035227,100.5282479187784,0.0,
ID7106 → ID7126,13,7106,7126,0.21807900970428695,2.197894857738747,1.0881320994429258,1.0881320994429258,170.5,6.952240117332595,111.50609157621568,0.0,
ID7721 → ID7737,13,7721,7737,0.31623810200312463,2.9400421104181285,2.196218411251074,2.196218411251074,201.5,6.537926094841616,106.93965542097803,0.0,
ID8183 → ID8235,13,8183,8235,0.15898498187467258,2.634896650616388,0.9820646043828545,0.9820646043828545,221.5,13.59472724961228,113.95356040463,0.0,
ID7696 → ID7679,13,7696,7679,0.3503168567807339,0.29769203184991755,4.1972544990726215,4.1972544990726215,199.5,6.847105756041893,107.85350628101124,0.0,
ID7948 → ID7923,13,7948,7923,0.6031693305717308,2.982177371732095,7.4169892338511305,7.4169892338511305,211.5,8.71898258833739,109.53346591656373,0.0,
ID8649 → ID8617,13,8649,8617,0.37699862655160754,0.0829185058967869,3.133315830003879,3.133315830003879,237.5,19.258000853190723,108.84808407391178,0.0,
ID6943 → ID6992,13,6943,6992,0.1541789774149933,3.134531249299905,1.186350380990618,1.186350380990618,160.5,4.232596716974466,115.51759150577475,0.0,
ID7763 → ID7943,13,7763,7943,0.1464609355865787,1.6789519172096778,0.29660465483141907,0.29660465483141907,203.5,6.276508912441699,109.79517309416585,0.0,
ID7866 → ID7877,13,7866,7877,0.07445264123861361,2.3413773194429304,0.3304389467224798,0.3304389467224798,209.5,8.21137950934018,108.14104294657827,0.0,
ID8296 → ID8337,13,8296,8337,0.20140741739894552,2.5463793958633585,1.0430387306405273,1.0430387306405273,225.5,15.80272054280502,113.91887557563655,0.0,
ID8200 → ID8291,13,8200,8291,0.09733976707172454,0.7906994992670573,0.7074640628302851,0.7074640628302851,223.5,14.902702940283962,112.36992053633475,0.0,
ID7639 → ID7618,13,7639,7618,0.43620414673046215,2.9432297935932485,4.559483230211829,4.559483230211829,195.5,7.052846468529985,108.86349543233494,0.0,
ID7803 → ID7845,13,7803,7845,0.035984554387915035,1.0533533817326255,0.25455028115091294,0.25455028115091294,206.5,7.410116732462819,108.33937663412449,0.0,
ID6992 → ID7024,13,6992,7024,0.18271862374560233,2.1223819526779315,0.9682604969365709,0.9682604969365709,161.5,4.706545836725466,115.7638245240353,0.0,
ID8337 → ID8364,13,8337,8364,0.10766082214127437,2.840840380420883,0.8685431333258549,0.8685431333258549,226.5,15.764951326811854,113.75603405129075,0.0,
ID8535 → ID8562,13,8535,8562,0.13159839586436117,0.23998787192816332,0.9594236336570806,0.9594236336570806,234.5,21.785259679863778,112.34383189354153,0.0,
ID7303 → ID7073,13,7303,7073,0.04081135511940637,2.616588177290132,0.1736729580947781,0.1736729580947781,168.5,6.814458873220536,112.22764889310928,0.0,
ID7306 → ID7412,13,7306,7412,0.13746741665523332,1.142560470801967,0.5587583128148575,0.5587583128148575,181.5,9.011896593802106,110.0269546272481,0.0,
ID6956 → ID7050,13,6956,7050,0.47153700189753367,3.035980679530932,3.4706109710118933,3.4706109710118933,165.5,6.354678633586456,112.9373710108368,0.0,
ID8333 → ID8360,13,8333,8360,0.1252705450252487,2.140670299365195,0.9940907317403436,0.9940907317403436,226.5,12.227466303457666,100.75390192690517,0.0,
ID7994 → ID8258,13,7994,8258,0.5523033355671334,2.8173365879530983,6.372702271252987,6.372702271252987,214.5,10.609176822758705,109.37233795141657,0.0,
ID8693 → ID8434,13,8693,8434,0.18341458499868346,0.34462372766060784,1.3259101320457995,1.3259101320457995,229.5,19.24329355759934,113.70017102471081,0.0,
ID7557 → ID7383,13,7557,7383,0.07315989933111788,0.8943627760892277,0.46009543742844605,0.46009543742844605,186.5,6.188335016903738,112.55863673750557,0.0,
ID7618 → ID7660,13,7618,7660,0.45006994379954424,2.9457999700206705,5.004229902676742,5.004229902676742,196.5,7.429294019189106,109.21804834997374,0.0,
ID7397 → ID7437,13,7397,7437,0.07233681457830399,1.0754012599651523,0.6248292292176012,0.6248292292176012,184.5,6.5251444938687175,113.17092298325163,0.0,
ID7264 → ID7187,13,7264,7187,0.1307373893755952,1.0141040260598957,0.9037073193056077,0.9037073193056077,179.5,9.882245374042206,110.05787814624883,0.0,
ID8180 → ID8232,13,8180,8232,0.21327586206896476,2.2847783476919625,1.2256339956851403,1.2256339956851403,221.5,10.211665986209326,101.3797464341497,0.0,
ID8482 → ID8531,13,8482,8531,0.15885684105512643,1.5642739167293316,1.0526941036649218,1.0526941036649218,233.5,14.061357256224532,102.23336695638099,0.0,
ID7679 → ID7721,13,7679,7721,0.2729227464001638,2.9774930948700895,2.3626573136663325,2.3626573136663325,200.5,6.778971100169784,106.90302987664553,0.0,
ID7494 → ID7441,13,7494,7441,0.07310431171175313,2.9421875052223974,0.5075764327296278,0.5075764327296278,189.5,6.644145261660187,112.3467263721823,0.0,
ID7598 → ID7639,13,7598,7639,0.27970984762716067,1.1728508165778904,3.1949798383623373,3.1949798383623373,194.5,6.479098192684161,109.39180449525985,0.0,
ID8010 → ID7866,13,8010,7866,0.21433507750024683,2.539029480122226,1.2954485013753354,1.2954485013753354,208.5,7.691334829824088,107.97577853243466,0.0,
ID7284 → ID7225,13,7284,7225,0.3970644059218036,2.9991400626120335,4.102494403429505,4.102494403429505,177.5,8.301897737377404,112.06877792953966,0.0,
ID8364 → ID8391,13,8364,8391,0.3300253780073511,0.28495415159120707,2.6903761600130975,2.6903761600130975,227.5,17.405320492451924,114.41067229486332,0.0,
ID7923 → ID8084,13,7923,8084,0.541630678873726,3.0032274208131975,5.133159589855122,5.133159589855122,212.5,9.28265612151942,108.45264428053959,0.0,
ID7364 → ID7397,13,7364,7397,0.06812270861404657,0.8997354709022023,0.3833602654949861,0.3833602654949861,183.5,6.914983313967371,113.36917729759912,0.0,
ID8258 → ID8039,13,8258,8039,0.1794649298987958,0.9461613819408561,0.8537975600514461,0.8537975600514461,215.5,10.550740016114645,112.82525153440136,0.0,
ID7067 → ID7303,13,7067,7303,0.16661682253958687,2.857330478920895,0.9238689511011634,0.9238689511011634,167.5,7.075574407262572,111.93899369639814,0.0,
ID8487 → ID8488,13,8487,8488,0.08482112594131708,1.5197828455393294,0.5424651164176765,0.5424651164176765,232.5,20.124220791036336,113.40152196344394,0.0,
ID8084 → ID7994,13,8084,7994,0.5180954121732777,2.948563258901326,4.962307635295075,4.962307635295075,213.5,9.751810375402862,108.60669911109476,0.0,
ID7523 → ID7598,13,7523,7598,0.16114565893326693,2.450915788996263,0.614990622555037,0.614990622555037,193.5,7.118654684530739,107.77371436110279,0.0,
ID7943 → ID7824,13,7943,7824,0.0869320127403248,1.6722395459235926,0.590534762737138,0.590534762737138,204.5,6.401147892511757,109.50401574961928,0.0,
ID7994 → ID8252,13,7994,8252,0.5484355497260378,0.33561977341590016,5.7837338295332374,5.7837338295332374,214.5,10.069373670337928,103.3182354305452,0.0,
ID7146 → ID7342,13,7146,7342,0.10941603210989082,0.012610915330324369,0.9278524712120566,0.9278524712120566,174.5,8.727032194827839,111.83377986433625,0.0,
ID7437 → ID7557,13,7437,7557,0.02473911839390963,0.8275384610481845,0.2108955333077525,0.2108955333077525,185.5,6.33575348979501,112.82823048056716,0.0,
ID8126 → ID8147,13,8126,8147,0.16654103221267313,0.562518408434054,1.0950820645406687,1.0950820645406687,219.5,13.684283612136822,113.28509222012337,0.0,
ID7228 → ID7267,13,7228,7267,0.09179931891026871,1.584007091942955,0.3965788960699987,0.3965788960699987,178.5,3.793696325336681,119.18598472601033,0.0,
ID6882 → ID6931,13,6882,6931,0.3115745568300329,1.3471543988154537,1.1330208031163225,1.1330208031163225,158.5,4.056404540243374,117.23296418969696,0.0,
ID7024 → ID7004,13,7024,7004,0.06681654364931688,0.1314684163845158,0.36615677817372727,0.36615677817372727,162.5,5.205012641375973,115.3220457621199,0.0,
ID6965 → ID6956,13,6965,6956,0.25304399310113923,0.18531725851256606,1.84884432261338,1.84884432261338,164.5,6.30661810296329,112.11694557773541,0.0,
ID8416 → ID8479,13,8416,8479,0.0743057011132976,0.683930568142163,0.39338420980214667,0.39338420980214667,231.5,12.819511245193572,102.14120466200578,0.0,
ID8147 → ID8183,13,8147,8183,0.14659359265695238,1.3429977952266183,0.9121348882346378,0.9121348882346378,220.5,13.808041692685595,114.06308382367305,0.0,
ID7267 → ID7189,13,7267,7189,0.08839779005524628,1.3909550132943298,0.36221260224979185,0.36221260224979185,179.5,4.084884771085207,119.1727672002818,0.0,
ID8292 → ID8333,13,8292,8333,0.14140381414651337,2.955487411189988,0.4684930696609872,0.4684930696609872,225.5,11.814555352545103,100.83002567308051,0.0,
ID7073 → ID7106,13,7073,7106,0.184535671582303,0.6448584124913183,0.7946806883449827,0.7946806883449827,169.5,6.6164587074372605,111.80177869366626,0.0,
ID8562 → ID8584,13,8562,8584,0.4236520721358935,0.5618286701369667,4.344292919274624,4.344292919274624,235.5,24.152749169456584,111.29169270001361,0.0,
ID7166 → ID7284,13,7166,7284,0.3515824834506156,2.17172642958479,2.5766072241982325,2.5766072241982325,176.5,8.112314907882853,112.84316596951678,0.0,
ID7923 → ID8083,13,7923,8083,0.5777890341018642,0.15108664107044165,6.662437873772753,6.662437873772753,212.5,9.521563819792371,102.55980376388595,0.0,
ID7310 → ID7417,13,7310,7417,0.14727358593380968,2.086604276647451,0.535610195549189,0.535610195549189,181.5,3.7509986090669396,119.64173482100276,0.0,
ID7126 → ID7206,13,7126,7206,0.13832632785632482,2.0528378699467034,0.3682656197021102,0.3682656197021102,171.5,7.4225818633285074,111.38036839865198,0.0,
ID7577 → ID7475,13,7577,7475,0.10372153676396678,0.08612720251949951,0.5782951957536459,0.5782951957536459,191.5,6.9285119250999525,108.58707398214122,0.0,
ID6931 → ID6943,13,6931,6943,0.22504173622704526,1.1348205351909033,1.9987744116617665,1.9987744116617665,159.5,4.310222873765898,115.91635451896278,0.0,
ID8286 → ID8292,13,8286,8292,0.21012529630883947,0.7595129239516263,0.8609407643037331,0.8609407643037331,224.5,11.842347062697463,100.62701378079373,0.0,
ID7845 → ID8010,13,7845,8010,0.08727695551692571,0.3406622519181252,0.6222416442995141,0.6222416442995141,207.5,7.264345818363067,107.9314664008777,0.0,
ID7639 → ID7619,13,7639,7619,0.6334586466165419,0.018381214661726434,7.387726627866881,7.387726627866881,195.5,5.4282943582886265,114.577577018296,0.0,
ID8291 → ID8296,13,8291,8296,0.3295969254701018,1.1313587135394039,2.072580376747059,2.072580376747059,224.5,15.76223558081891,113.24862793675264,0.0,
ID8104 → ID8060,13,8104,8060,0.10342733543945215,1.5377621384972922,0.572519449176937,0.572519449176937,217.5,9.405826339157649,100.75014350599383,0.0,
ID8584 → ID8649,13,8584,8649,0.6010267505179592,2.5561227457235525,5.614150063846804,5.614150063846804,236.5,23.50674780710063,109.87154392149193,0.0,
ID8391 → ID8693,13,8391,8693,0.2336312157140299,1.7255726145524461,0.7962015522289335,0.7962015522289335,228.5,18.73264624460336,114.61343050550653,0.0,
ID8434 → ID8423,13,8434,8423,0.10690235690235395,2.7996576218820945,0.6542968401019776,0.6542968401019776,230.5,19.542856295170687,113.48076221737088,0.0,
ID7383 → ID7520,13,7383,7520,0.09062515056360565,2.3778251166933,0.47678481345930657,0.47678481345930657,187.5,6.266214332215818,112.40220598736252,0.0,
ID7441 → ID7577,13,7441,7577,0.34486591635403807,2.647134200802031,3.7029052931551854,3.7029052931551854,190.5,6.709755966741954,110.71553506297154,0.0,
ID8423 → ID8487,13,8423,8487,0.10746663460382311,2.746062356550971,0.720160113337781,0.720160113337781,231.5,19.67702875486254,113.5164315668653,0.0,
ID8235 → ID8200,13,8235,8200,0.20799225259465437,0.6292815763510355,1.4078357179931538,1.4078357179931538,222.5,14.0917634251178,112.9296247751323,0.0,
ID7783 → ID7696,13,7783,7696,0.07195410899114607,0.033473830769331206,0.6937217247024016,0.6937217247024016,198.5,6.627202422419693,110.27590590337223,0.0,
ID8121 → ID8140,13,8121,8140,0.22008534502482258,1.5568780202107688,1.6587255808156431,1.6587255808156431,219.5,10.231665542724965,101.00204725009463,0.0,
ID7520 → ID7494,13,7520,7494,0.07114438983815208,0.7986065700017262,0.3939528701857224,0.3939528701857224,188.5,6.646837419516483,112.27460503024493,0.0,
ID8684 → ID8428,13,8684,8428,0.13090879170609226,1.6173238324770116,0.738114664870377,0.738114664870377,229.5,12.075976590546391,101.65203375536599,0.0,
ID8039 → ID8106,13,8039,8106,0.15798811826787584,2.3971550019067136,1.421049175921163,1.421049175921163,216.5,10.936540794058997,113.12869431169513,0.0,
ID6918 → ID6882,13,6918,6882,0.36300388786576765,NaN,2.8397131134682754,2.8397131134682754,157.5,4.173870120884023,118.87000900213101,0.0,
ID7737 → ID7763,13,7737,7763,0.3419088121211288,3.107026982287463,3.9788295782924816,3.9788295782924816,202.5,6.385121038314344,107.81924971404746,0.0,
ID8531 → ID8555,13,8531,8555,0.1326346694105066,0.1543169469633819,0.9791557367775932,0.9791557367775932,234.5,14.684585221461086,101.43488965037491,0.0,
ID7050 → ID7067,13,7050,7067,0.3909774436090214,2.862902963564091,3.2930460784874063,3.2930460784874063,166.5,6.797621315552766,113.11671969455213,0.0,
ID8197 → ID8286,13,8197,8286,0.12737422517400743,1.5936679907028948,0.7798825448521481,0.7798825448521481,223.5,11.519715664070272,99.93656476736157,0.0,
ID8232 → ID8197,13,8232,8197,0.20311367029217087,0.5904132971468673,1.4469953123241384,1.4469953123241384,222.5,10.757908605768613,100.22335564024831,0.0,
ID7877 → ID7948,13,7877,7948,0.519956909269311,2.871046029395814,5.199081222051469,5.199081222051469,210.5,8.102199230938547,110.57933022502668,0.0,
ID7004 → ID6965,13,7004,6965,0.2963317384370009,0.5897735660503414,2.3276930360539003,2.3276930360539003,163.5,5.753441029583282,114.12144507643052,0.0,
ID7824 → ID7803,13,7824,7803,0.18260911440358396,1.0325855226444665,1.2829541254785841,1.2829541254785841,205.5,6.900226467991127,108.83785004071743,0.0,
ID7284 → ID7228,13,7284,7228,0.6996682149966821,0.011524151029247446,6.3848901055702525,6.3848901055702525,177.5,5.50074033935374,116.48407803479051,0.0,
ID8488 → ID8535,13,8488,8535,0.16717657375870398,1.2825523096125802,1.4207145066131255,1.4207145066131255,233.5,20.910812154187596,113.13886255325014,0.0,
ID8037 → ID8104,13,8037,8104,0.0736737549263583,1.8319786331498775,0.3363145812262192,0.3363145812262192,216.5,9.387725297997491,101.08640767177155,0.0,
ID7660 → ID7783,13,7660,7783,0.10786745151940769,2.727470199722526,1.0653246468720248,1.0653246468720248,197.5,6.789479762193968,111.14020914639235,0.0,
ID8617 → ID8688,13,8617,8688,0.11534996999857161,0.3946420888570813,0.7693727218004794,0.7693727218004794,238.5,17.395309086824067,108.35263055920073,0.0,
ID7475 → ID7523,13,7475,7523,0.1417525773195878,0.6670163984550892,0.756341521249593,0.756341521249593,192.5,7.178737307386124,108.00756686345372,0.0,
ID8252 → ID8037,13,8252,8037,0.14273510193715144,2.6985413874905326,0.7907158791132234,0.7907158791132234,215.5,9.660503879646665,100.81101322775018,0.0,
ID7877 → ID7946,13,7877,7946,0.5647911773715915,0.33487775268365866,6.830399488011632,6.830399488011632,210.5,8.48178996277547,104.57963992145712,0.0,
ID8428 → ID8416,13,8428,8416,0.17438677327551144,2.8309382927830793,1.0567939971899982,1.0567939971899982,230.5,12.27746069591382,101.71087221314028,0.0,
ID8360 → ID8387,13,8360,8387,0.1801232209637048,1.2867347360772938,0.8622464744590859,0.8622464744590859,227.5,12.691568688965507,101.33497123044576,0.0,
ID7225 → ID7264,13,7225,7264,0.05972291085154946,0.21788335960955638,0.3153808035473826,0.3153808035473826,178.5,9.334058642036744,110.11973865510573,0.0,
ID8479 → ID8482,13,8479,8482,0.14630526381988118,0.4142424671363459,0.9046470925478988,0.9046470925478988,232.5,13.391334748585752,102.42261104904654,0.0,
ID7412 → ID7364,13,7412,7364,0.3962286070943032,2.126564308307909,3.9547066734037934,3.9547066734037934,182.5,7.983814388590853,111.55930738610877,0.0,
ID8106 → ID8062,13,8106,8062,0.15205575227226498,0.44067137161675496,1.1025420107578958,1.1025420107578958,217.5,12.15340467021371,112.93756529816345,0.0,
ID8555 → ID8577,13,8555,8577,0.45547424099702793,0.05362623012695573,4.565513456871145,4.565513456871145,235.5,16.647384878514472,99.47783996612225,0.0,
ID7189 → ID7310,13,7189,7310,0.16801405975395256,2.695754398311315,0.8499556365897332,0.8499556365897332,180.5,4.069550008619401,119.44532016957194,0.0,
ID8140 → ID8180,13,8140,8180,0.13675057208237973,1.9668458379917648,0.9489351042214804,0.9489351042214804,220.5,10.53119184479453,101.72290467454164,0.0,
ID8062 → ID8126,13,8062,8126,0.08741066520066221,0.6557232223816685,0.669095399557468,0.669095399557468,218.5,12.984248345030208,112.8038636959484,0.0,
ID7206 → ID7235,13,7206,7235,0.1461209649683085,1.3206904247308064,0.7071266217624808,0.7071266217624808,172.5,7.6317400530329,110.9964525182703,0.0,
ID7235 → ID7146,13,7235,7146,0.12379705472210834,1.5592629016124955,0.8661596405614319,0.8661596405614319,173.5,8.179464979953618,111.123316595033,0.0,
ID7187 → ID7306,13,7187,7306,0.17773232947522088,2.884006297219363,1.1806560519497806,1.1806560519497806,180.5,9.744387883245427,110.19118732842423,0.0,
ID7696 → ID7680,13,7696,7680,0.6908788111708937,2.776869872528284,8.369622384715232,8.369622384715232,199.5,5.741181535181486,114.03566487164763,0.0,
ID8387 → ID8684,13,8387,8684,0.15378879168265125,1.0930621042334345,0.5112493908006497,0.5112493908006497,228.5,12.452212660386552,101.87834783120138,0.0,
ID7780 → ID7690,14,7780,7690,0.11853490338949835,1.9202290494888323,0.9877604166930769,0.9877604166930769,198.5,85.19233831766256,102.57791496075126,0.0,
ID7008 → ID6972,14,7008,6972,0.2213230119633952,1.5070211967769176,1.7328614390969768,1.7328614390969768,163.5,87.81014079990568,118.45799916884046,0.0,
ID7718 → ID7732,14,7718,7732,0.11238990017615358,1.788813198617521,0.1887814248942288,0.1887814248942288,201.5,84.3057968681521,101.90806124344215,0.0,
ID7027 → ID7008,14,7027,7008,0.21285999087262508,1.6514798596260338,1.4950219679648398,1.4950219679648398,162.5,88.8710691140902,118.97419681983857,0.0,
ID8475 → ID8476,14,8475,8476,0.13529603122967737,1.1420704684628977,1.1372028055778793,1.1372028055778793,232.5,84.02809370641081,94.36531940496164,0.0,
ID8574 → ID8638,14,8574,8638,0.16392795738323174,3.0372767986587625,1.1093824626333988,1.1093824626333988,236.5,84.41125231775472,93.67401347217748,0.0,
ID7188 → ID7308,14,7188,7308,0.20382756294964555,2.574799705626584,1.7597946029583753,1.7597946029583753,180.5,86.89518298035793,109.76620319986253,0.0,
ID7266 → ID7188,14,7266,7188,0.14548664213071383,1.9369115582779117,1.028952189681964,1.028952189681964,179.5,86.39412536284277,109.921282059605,0.0,
ID8529 → ID8552,14,8529,8552,0.03812132209074415,0.005465903695568068,0.14996327484298164,0.14996327484298164,234.5,84.21322609370387,93.6875565805154,0.0,
ID8035 → ID8102,14,8035,8102,0.16560304029828954,1.5074340005378646,1.1625168808309538,1.1625168808309538,216.5,84.59224378534986,95.60138732553817,0.0,
ID8357 → ID8385,14,8357,8385,0.1831585982206282,2.4356028755758627,0.7934572207162749,0.7934572207162749,227.5,83.58725117674493,94.95785826393796,0.0,
ID8058 → ID8116,14,8058,8116,0.10124462155996306,0.07088576119703943,0.8652854133585433,0.8652854133585433,218.5,83.77323576902396,96.19417257471275,0.0,
ID6932 → ID6945,14,6932,6945,0.2672547199009526,0.058816950929427916,1.8437556249413973,1.8437556249413973,159.5,91.32783911208446,119.76085738154468,0.0,
ID7472 → ID7517,14,7472,7517,0.22347043816854006,1.3502015885819252,1.77433914843455,1.77433914843455,192.5,84.14627087251401,104.28280732692068,0.0,
ID7863 → ID7871,14,7863,7871,0.12737487126523273,0.3349773883068596,0.4185579992425991,0.4185579992425991,209.5,85.16318746043794,99.94219256452855,0.0,
ID8080 → ID7992,14,8080,7992,0.07758951161544314,0.22616558725402605,0.24768472809030523,0.24768472809030523,213.5,85.7618631447948,96.67475787697077,0.0,
ID8385 → ID8679,14,8385,8679,0.12898673440587027,1.0973917502628676,0.24032994784552236,0.24032994784552236,228.5,84.0070230694077,95.15558211726349,0.0,
ID8229 → ID8190,14,8229,8190,0.16608718441512205,0.23625152153045367,1.4068144430133807,1.4068144430133807,222.5,83.72859935016572,95.76823894971683,0.0,
ID7822 → ID7800,14,7822,7800,0.18555691554467224,0.7439275877597552,1.0296043905335046,1.0296043905335046,205.5,84.67570487846591,102.1627060607614,0.0,
ID7226 → ID7266,14,7226,7266,0.13381499161400356,2.3021434641382403,0.911323964277998,0.911323964277998,178.5,86.94494470736409,109.88863290921451,0.0,
ID7396 → ID7434,14,7396,7434,0.20765957446808403,0.5684365191105034,1.407929418220083,1.407929418220083,184.5,85.76858281620198,108.47204548890939,0.0,
ID7922 → ID7912,14,7922,7912,0.2800441014332933,1.0955792317873203,1.1731232066782178,1.1731232066782178,211.5,84.9957769633142,98.01171111739997,0.0,
ID7238 → ID7147,14,7238,7147,0.045788053844664556,2.3402840501925857,0.2533847499379401,0.2533847499379401,173.5,87.19156726355396,111.12452830932817,0.0,
ID7615 → ID7657,14,7615,7657,0.149781803908281,0.46124325951773454,0.5875711216761058,0.5875711216761058,196.5,84.51335285286095,102.73709189122164,0.0,
ID7069 → ID7304,14,7069,7304,0.13984092552423466,1.5031308924723747,0.4835799525309459,0.4835799525309459,167.5,85.45325749597859,114.70422440528023,0.0,
ID7912 → ID8080,14,7912,8080,0.19595068657914083,0.200937682845502,0.8386157709897354,0.8386157709897354,212.5,85.51333531359442,97.15496746340463,0.0,
ID6994 → ID7027,14,6994,7027,0.17385952765597812,1.8992511990038148,1.081703415961149,1.081703415961149,161.5,89.72222207656014,119.22251743191256,0.0,
ID6959 → ID7052,14,6959,7052,0.2571712370073532,1.1478609648983018,1.7054249894638558,1.7054249894638558,165.5,86.6837769674225,116.088368847065,0.0,
ID6917 → ID6883,14,6917,6883,0.3312403717683702,NaN,2.3455915174799604,2.3455915174799604,157.5,92.31468402673329,119.83410920407692,0.0,
ID8281 → ID8330,14,8281,8330,0.18944974988631924,1.489640509992743,0.23212945035752858,0.23212945035752858,225.5,83.63914620883583,96.03620420420282,0.0,
ID7636 → ID7615,14,7636,7615,0.09140566512024595,1.505308029782412,0.7587434760172288,0.7587434760172288,195.5,84.44552736931955,102.08498258374436,0.0,
ID8004 → ID7863,14,8004,7863,0.26320132013202235,1.5258249689673342,0.7543703768744227,0.7543703768744227,208.5,84.66677973644343,100.24009293218437,0.0,
ID7493 → ID7438,14,7493,7438,0.2486523748714572,1.8590195946605224,1.989627691445019,1.989627691445019,189.5,85.27204636740512,107.25822843492526,0.0,
ID7871 → ID7922,14,7871,7922,0.20912380673758524,1.2828800707585395,1.4703046992373523,1.4703046992373523,210.5,84.98348509828773,99.14261282610961,0.0,
ID8133 → ID8177,14,8133,8177,0.09450083146969412,1.5675669146793976,0.9229490727632689,0.9229490727632689,220.5,82.77966233485292,96.42897792634542,0.0,
ID8190 → ID8282,14,8190,8282,0.08046535663446419,1.4706749960604524,0.7744629552137238,0.7744629552137238,223.5,84.32637725303427,95.18356569365349,0.0,
ID7672 → ID7718,14,7672,7718,0.1221703908379217,2.949138719145566,0.8734835900328253,0.8734835900328253,200.5,83.90227931176,101.77024459907062,0.0,
ID7916 → ID7822,14,7916,7822,0.16555501949527596,2.3062316750824436,0.7968706128774576,0.7968706128774576,204.5,84.27216360717287,101.41251929609601,0.0,
ID7555 → ID7382,14,7555,7382,0.18927710493450078,2.6590974790444815,1.2960358988623701,1.2960358988623701,186.5,85.15280042340245,107.6711408702866,0.0,
ID7382 → ID7518,14,7382,7518,0.17014519056261557,2.7080657705121585,1.1540777601200884,1.1540777601200884,187.5,85.34521018172453,107.86401763123163,0.0,
ID7657 → ID7780,14,7657,7780,0.0955242126495629,1.1527630655074468,0.7192387626107477,0.7192387626107477,197.5,84.97706949641179,103.0310032552649,0.0,
ID7760 → ID7916,14,7760,7916,0.09950694224137391,1.202680339262939,0.2762845884533619,0.2762845884533619,203.5,84.14802893698388,101.11491257078328,0.0,
ID7595 → ID7636,14,7595,7636,0.08136938171741259,1.5856130232326329,0.3657135779909553,0.3657135779909553,194.5,84.66508720314826,101.71318634267996,0.0,
ID7127 → ID7207,14,7127,7207,0.17747001713307675,0.8209564543056287,0.07943904121219744,0.07943904121219744,171.5,86.25784334554263,111.53717137667428,0.0,
ID6972 → ID6959,14,6972,6959,0.18212228589117718,0.4430529163706121,1.2259685034054322,1.2259685034054322,164.5,87.45209287947188,117.0587457161445,0.0,
ID7732 → ID7760,14,7732,7760,0.08461040362616934,0.7681516276597591,0.6673593105177205,0.6673593105177205,202.5,84.1944009046957,101.51672170124789,0.0,
ID7690 → ID7672,14,7690,7672,0.22271064826928166,0.9207883014700644,1.6199909184315764,1.6199909184315764,199.5,84.28888232933346,101.82426974495615,0.0,
ID7147 → ID7344,14,7147,7344,0.10904838473907075,0.5095659785885858,0.8880780376661404,0.8880780376661404,174.5,86.86275927736122,111.57544471058566,0.0,
ID7800 → ID7843,14,7800,7843,0.10596408567514792,2.588574621596517,0.905200633688784,0.905200633688784,206.5,84.93304949060779,102.07842554275865,0.0,
ID8424 → ID8414,14,8424,8414,0.06260761419383709,1.7934853119709095,0.6155868299376627,0.6155868299376627,230.5,84.9512551715981,95.0337618398296,0.0,
ID7286 → ID7226,14,7286,7226,0.1900157209385135,1.3316681970802278,1.237420688199954,1.237420688199954,177.5,87.3772058022065,110.05296037592825,0.0,
ID8116 → ID8133,14,8116,8133,0.0894455308274178,0.8339615852007719,0.7189468180916936,0.7189468180916936,219.5,83.28327591565903,96.72835173817154,0.0,
ID6945 → ID6994,14,6945,6994,0.11834655824429552,1.192224206595212,0.8311996566798436,0.8311996566798436,160.5,90.21522621102648,119.50031703123159,0.0,
ID7108 → ID7127,14,7108,7127,0.20002855511137152,1.2784662596089322,0.7381049672871152,0.7381049672871152,170.5,85.87825520272136,111.65409231490571,0.0,
ID8476 → ID8529,14,8476,8529,0.11039899721094915,2.5460114362805317,1.0215214667197474,1.0215214667197474,233.5,83.8191958978737,94.12095384114373,0.0,
ID6883 → ID6932,14,6883,6932,0.22047894639972465,2.7224171345880515,1.0455028028274345,1.0455028028274345,158.5,92.55629834766374,120.51991917539911,0.0,
ID7304 → ID7078,14,7304,7078,0.23983397615365099,1.979520241122569,1.5986394427919335,1.5986394427919335,168.5,85.43034676425701,113.96718604059055,0.0,
ID7052 → ID7069,14,7052,7069,0.21565495207667518,0.9364391779025942,1.0810137998683673,1.0810137998683673,166.5,85.80123099777941,115.20141383242392,0.0,
ID7843 → ID8004,14,7843,8004,0.1671031163881166,0.11361176626299216,1.3408686161616565,1.3408686161616565,207.5,84.5690300708672,101.0178671212683,0.0,
ID7308 → ID7415,14,7308,7415,0.22926899739960693,3.035076014072135,1.8811420337569131,1.8811420337569131,181.5,86.86679968210507,109.65549339904291,0.0,
ID7438 → ID7575,14,7438,7575,0.05757165036635281,2.1246150474942755,0.3657807821990151,0.3657807821990151,190.5,84.78346706000622,106.48815500869138,0.0,
ID8282 → ID8281,14,8282,8281,0.20381991814462475,2.5695042295918906,1.3618423086148828,1.3618423086148828,224.5,84.00070006387949,95.43685705010864,0.0,
ID7992 → ID8248,14,7992,8248,0.17725181777711618,1.19023530300758,1.1690579401544388,1.1690579401544388,214.5,85.53758453469098,96.07435215414351,0.0,
ID7344 → ID7168,14,7344,7168,0.07329071148648836,1.8172567836437503,0.4260213462835208,0.4260213462835208,175.5,86.44568931768634,111.725259483077,0.0,
ID7363 → ID7396,14,7363,7396,0.08204741831497808,2.260435642673783,0.11918185108753722,0.11918185108753722,183.5,86.34364128230327,108.96105590678083,0.0,
ID8248 → ID8035,14,8248,8035,0.1527180505017115,2.1913060852815516,0.24867488019814424,0.24867488019814424,215.5,85.18828791590968,95.68627023663751,0.0,
ID8177 → ID8229,14,8177,8229,0.06188126012042261,1.8855109427389052,0.44533973089098877,0.44533973089098877,221.5,82.83338793027998,95.98621540722176,0.0,
ID7415 → ID7363,14,7415,7363,0.09745787321940746,2.078183168535676,0.544233738358151,0.544233738358151,182.5,86.19457343884238,109.14744979867189,0.0,
ID8552 → ID8574,14,8552,8574,0.04721606639820897,1.6408881414303713,0.40918835518591656,0.40918835518591656,235.5,84.10215051741915,93.50591277982552,0.0,
ID8638 → ID8615,14,8638,8615,0.15634906330510578,0.7564852429791288,1.5291778709380135,1.5291778709380135,237.5,85.63128510474777,93.81778483441757,0.0,
ID7575 → ID7472,14,7575,7472,0.25582344617394803,1.9299769234628064,2.0581588449410275,2.0581588449410275,191.5,84.10540536441232,105.78078507543623,0.0,
ID7518 → ID7493,14,7518,7493,0.10903181575806786,2.5036533082036643,0.7375102619810732,0.7375102619810732,188.5,85.28721740314352,108.21575402560669,0.0,
ID7517 → ID7595,14,7517,7595,0.21635107471852977,0.7151242673930263,1.9238332560782083,1.9238332560782083,193.5,84.80316874283794,102.67985152656394,0.0,
ID7078 → ID7108,14,7078,7108,0.3056140785723036,0.35426468544086287,1.41404235028298,1.41404235028298,169.5,85.59075200002451,112.49302688000856,0.0,
ID7168 → ID7286,14,7168,7286,0.18592873374350039,1.5307246910139123,1.5774923529003637,1.5774923529003637,176.5,86.96875326870976,111.08701222910699,0.0,
ID7207 → ID7238,14,7207,7238,0.15140097706419364,0.9869420358547927,1.0795174283875284,1.0795174283875284,172.5,86.75712870008905,111.27781172197379,0.0,
ID8414 → ID8475,14,8414,8475,0.06497965216230406,0.7227065580497537,0.6285492596982152,0.6285492596982152,231.5,84.77486752312223,94.47924063887756,0.0,
ID8330 → ID8357,14,8330,8357,0.12606987082569387,1.0831592832871477,1.3159475603224742,1.3159475603224742,226.5,83.40254479682659,95.35651108520798,0.0,
ID7434 → ID7555,14,7434,7555,0.1105445359281465,0.5748791755359515,0.7272355524246591,0.7272355524246591,185.5,84.8939340466855,107.93127721725065,0.0,
ID8615 → ID8681,14,8615,8681,0.33261323003574883,3.1042929545750497,3.7431700351669304,3.7431700351669304,238.5,84.53343556289269,93.96663836258244,0.0,
ID8102 → ID8058,14,8102,8058,0.044242039017378,1.624574492732624,0.40515244619268626,0.40515244619268626,217.5,83.98708671723716,95.59640116634053,0.0,
ID8679 → ID8424,14,8679,8424,0.10191017036654992,0.7046189744752847,0.8502180639289328,0.8502180639289328,229.5,84.52506951053279,95.22356410234029,0.0,
ID7217 → ID7256,15,7217,7256,0.18264170286475045,0.9233481842189578,1.171060760624379,1.171060760624379,172.5,139.90965199429252,164.8244822762274,0.0,
ID7000 → ID7034,15,7000,7034,0.22714605005376431,0.9645499587898667,1.5077228481188218,1.5077228481188218,161.5,136.89421147639706,161.92849076035608,0.0,
ID7538 → ID7502,15,7538,7502,0.1270548881787399,2.585713158319615,1.0957863250477762,1.0957863250477762,188.5,139.69001236171664,163.77877115892255,0.0,
ID8548 → ID8585,15,8548,8585,0.5752424834956118,2.16257484344942,3.8192013119565016,3.8192013119565016,234.5,140.52061238318683,160.698542921084,0.0,
ID7294 → ID7239,15,7294,7239,0.03725492362599947,2.5410559542348046,0.21460654261029236,0.21460654261029236,177.5,138.49599028569202,164.70885647522312,0.0,
ID7118 → ID7138,15,7118,7138,0.23815492604663313,0.8211183654027907,0.25491285997724783,0.25491285997724783,170.5,140.4556169826589,164.19082453518087,0.0,
ID8025 → ID7884,15,8025,7884,0.19283536585368977,2.0324306898811955,0.6820439670920347,0.6820439670920347,208.5,142.9314509950254,162.99433667592234,0.0,
ID7969 → ID7832,15,7969,7832,0.17945715806280416,0.30112757494069264,0.6152172331016577,0.6152172331016577,204.5,141.32899536037218,163.32854962275238,0.0,
ID8307 → ID8313,15,8307,8313,0.16628492899681047,1.7444877768389908,0.4519080076188796,0.4519080076188796,224.5,146.50419752327292,160.28244485156387,0.0,
ID7372 → ID7405,15,7372,7405,0.15342638651720208,1.1530387580977566,1.6835015521503136,1.6835015521503136,183.5,139.02568812401398,164.54126172756975,0.0,
ID7454 → ID7565,15,7454,7565,0.06620346973842173,2.843032050577049,0.44413286657806966,0.44413286657806966,185.5,138.74492512660942,163.61246731101102,0.0,
ID8217 → ID8307,15,8217,8307,0.10496215829796862,1.585384891714169,0.7695285991920217,0.7695285991920217,223.5,146.39417289367486,159.886283456145,0.0,
ID7157 → ID7353,15,7157,7353,0.06801712959428763,0.7756461933825278,0.21643107697236824,0.21643107697236824,174.5,140.29331046492916,164.78099224724684,0.0,
ID8047 → ID8119,15,8047,8119,0.12390029325508567,2.020783758074134,0.19834210989138382,0.19834210989138382,216.5,145.3732857206562,157.86509812786022,0.0,
ID8070 → ID8152,15,8070,8152,0.06408054358274118,1.5245398043530323,0.5407976881925551,0.5407976881925551,218.5,146.42373734527763,157.9883531248288,0.0,
ID8604 → ID8714,15,8604,8714,0.5886699507388902,0.09985751754726785,3.7965506945496554,3.7965506945496554,236.5,142.98564790249708,167.7742463817059,0.0,
ID7771 → ID7969,15,7771,7969,0.1194395175594235,1.8866231088611605,0.31560034648188906,0.31560034648188906,203.5,140.86865379454798,163.31058910144174,0.0,
ID7647 → ID7627,15,7647,7627,0.0894233116278802,1.1780199732860603,0.6795850789672851,0.6795850789672851,195.5,140.24626805051446,163.0027435812456,0.0,
ID7484 → ID7539,15,7484,7539,0.16312464101092872,2.2514288896867107,0.22177467600318396,0.22177467600318396,192.5,140.6305099688632,163.6259723602831,0.0,
ID7893 → ID7971,15,7893,7971,0.12273440147985248,0.3770112507352476,0.6262333453569026,0.6262333453569026,210.5,144.3399195064264,161.5576888234852,0.0,
ID8445 → ID8506,15,8445,8506,0.13357456405467716,2.0062737241068995,0.869106916064913,0.869106916064913,231.5,142.69328686356369,159.84682333201596,0.0,
ID7197 → ID7330,15,7197,7330,0.07873548298893485,2.238331657989625,0.38128122320943447,0.38128122320943447,180.5,139.50625637965817,165.65863124440116,0.0,
ID7330 → ID7426,15,7330,7426,0.14327044025153812,3.01661925505656,0.6984402358060625,0.6984402358060625,181.5,139.61018390852718,165.5345950561573,0.0,
ID7791 → ID7709,15,7791,7709,0.04434225724767915,0.8536014970849837,0.09089156792603793,0.09089156792603793,198.5,141.01900879753478,164.28990004035992,0.0,
ID7018 → ID6984,15,7018,6984,0.24163960624967296,2.8976517149839927,1.757596709967775,1.757596709967775,163.5,136.8086834447775,161.45476064924821,0.0,
ID7426 → ID7372,15,7426,7372,0.1677451638216525,2.221753050283846,0.3515437189350936,0.3515437189350936,182.5,139.617849736011,165.25459183222222,0.0,
ID7086 → ID7323,15,7086,7323,0.2000228133990487,0.1072739550090211,0.990801467545213,0.990801467545213,167.5,139.88134525880213,164.78866203225277,0.0,
ID7457 → ID7586,15,7457,7586,0.09697197197194674,1.3032876058854261,0.21006759660555535,0.21006759660555535,190.5,139.95066014866939,164.25975371082362,0.0,
ID8372 → ID8400,15,8372,8400,0.15215381627500624,0.09519740585657101,1.073707727578687,1.073707727578687,227.5,143.830947554862,159.51495999737256,0.0,
ID8714 → ID8645,15,8714,8645,0.31658095946951537,0.11488778356171635,2.0424123622012513,2.0424123622012513,237.5,143.81292098175237,170.56949819882075,0.0,
ID7353 → ID7177,15,7353,7177,0.1134088514225765,2.1392585779377997,0.7189798542901963,0.7189798542901963,175.5,139.9895926898477,164.86353885484343,0.0,
ID8645 → ID8746,15,8645,8746,0.23169724012559256,1.2973539624640404,1.850443933271594,1.850443933271594,238.5,144.952355280671,171.62348675768496,0.0,
ID7832 → ID7811,15,7832,7811,0.15895982086522875,0.1779271765283738,0.8905630142373727,0.8905630142373727,205.5,142.07833055478972,163.36041572409178,0.0,
ID8400 → ID8726,15,8400,8726,0.11029036333622211,2.1860838517108094,1.05459684881098,1.05459684881098,228.5,143.43818877485228,159.8068673842635,0.0,
ID8243 → ID8217,15,8243,8217,0.1332756999135647,1.7249540524934412,1.1010301184127014,1.1010301184127014,222.5,145.7466889380326,160.04657970058707,0.0,
ID7061 → ID7086,15,7061,7086,0.25413098540586354,0.07814971817346204,1.3494695741099354,1.3494695741099354,166.5,139.24454057790462,163.80894063750776,0.0,
ID7177 → ID7294,15,7177,7294,0.1520767853870879,0.8911132266757421,1.3251092781104008,1.3251092781104008,176.5,139.058463777805,164.83849457034557,0.0,
ID7256 → ID7157,15,7256,7157,0.11594467822187138,2.5705226145448257,0.7172436982634804,0.7172436982634804,173.5,140.03890222724044,165.142949055583,0.0,
ID7853 → ID8025,15,7853,8025,0.06604337048426012,1.7103749488697793,0.30569677347241786,0.30569677347241786,207.5,142.67889664143388,163.16592054499313,0.0,
ID7539 → ID7606,15,7539,7606,0.09831679857316156,1.591902737420223,0.8728861387690217,0.8728861387690217,193.5,140.40021994499182,164.01029290227902,0.0,
ID7709 → ID7693,15,7709,7693,0.1108515245095889,2.9111587863242114,0.5319918858440367,0.5319918858440367,199.5,140.89361639962823,164.1067111358181,0.0,
ID7502 → ID7457,15,7502,7457,0.10983164954686175,1.4426479632706373,0.2244385306622773,0.2244385306622773,189.5,140.10229715857065,164.1769123695849,0.0,
ID7967 → ID8092,15,7967,8092,0.23328993224754013,0.1390369564063823,2.0245737170828493,2.0245737170828493,212.5,145.2370441754661,159.32431072297305,0.0,
ID7627 → ID7668,15,7627,7668,0.1972148044623011,2.0165718629347444,1.6714601614068991,1.6714601614068991,196.5,139.8411177633751,163.63904623430096,0.0,
ID8009 → ID8267,15,8009,8267,0.10451434746065291,1.0564962768476762,0.31369638983553333,0.31369638983553333,214.5,145.68950647573598,157.95584869901916,0.0,
ID8119 → ID8070,15,8119,8070,0.1347780126849557,1.5189914352254044,0.9735075260892553,0.9735075260892553,217.5,145.8746234134361,157.8445106455581,0.0,
ID8092 → ID8009,15,8092,8009,0.07543872585162437,0.752703075401568,0.36338688411214004,0.36338688411214004,213.5,145.6335666933537,158.24311630466923,0.0,
ID7606 → ID7647,15,7606,7647,0.1367080083057497,3.0532323288121233,1.2610559632604859,1.2610559632604859,194.5,140.4016582289209,163.8107583377695,0.0,
ID6984 → ID6971,15,6984,6971,0.11915855222233507,0.24526019737072893,0.5940371506103495,0.5940371506103495,164.5,137.92718762240986,161.79515955743244,0.0,
ID7811 → ID7853,15,7811,7853,0.07544655386323662,0.5692162103579672,0.27121584629676787,0.27121584629676787,206.5,142.64253015704517,163.35209833165834,0.0,
ID8201 → ID8243,15,8201,8243,0.06006207100706018,1.5001891627817938,0.49769969962103444,0.49769969962103444,221.5,145.59740009089182,160.5948817677267,0.0,
ID8509 → ID8548,15,8509,8548,0.5901898898941944,2.9269249375828106,4.130036282858351,4.130036282858351,233.5,142.09070871779696,159.6757232365756,0.0,
ID8585 → ID8604,15,8585,8604,0.6093608454957754,0.2666286860638444,3.7297929278359936,3.7297929278359936,235.5,141.60063658088097,164.280260837787,0.0,
ID7275 → ID7197,15,7275,7197,0.07065656517646868,2.7795522326503312,0.4801309924804168,0.4801309924804168,179.5,139.69534581720393,165.69809124379753,0.0,
ID7693 → ID7731,15,7693,7731,0.12706163896253797,0.6692140413315615,1.319970674494561,1.319970674494561,200.5,140.7479175213409,163.23465451215532,0.0,
ID6952 → ID7000,15,6952,7000,0.1238525899650933,1.6328789413736615,1.0475853979355012,1.0475853979355012,160.5,135.95761482086448,162.57303141610834,0.0,
ID7391 → ID7538,15,7391,7538,0.12161129184218278,2.444360262293214,0.7538315521082418,0.7538315521082418,187.5,139.3908474711144,163.82257954849945,0.0,
ID7731 → ID7750,15,7731,7750,0.08967305359294364,1.7258227171960927,0.3521305764775944,0.3521305764775944,201.5,140.93587170552416,162.60587100091016,0.0,
ID8163 → ID8201,15,8163,8201,0.14250356521155916,0.6451415985321053,1.2134294880962053,1.2134294880962053,220.5,146.16568664115727,160.23657690189677,0.0,
ID8152 → ID8163,15,8152,8163,0.1380492365222652,0.27063120309068983,1.4986661554231346,1.4986661554231346,219.5,146.51152156101531,158.99701432893255,0.0,
ID6890 → ID6940,15,6890,6940,0.17083596624914366,0.1594609111335497,1.4168133410031887,1.4168133410031887,158.5,136.00052183142134,163.25269418868368,0.0,
ID7099 → ID7118,15,7099,7118,0.31883895550824914,2.283322730206076,1.1795993846356891,1.1795993846356891,169.5,140.49391473872447,164.87279914609263,0.0,
ID6925 → ID6890,15,6925,6890,0.2479788439743218,NaN,1.9235237487346242,1.9235237487346242,157.5,137.18455379903236,164.42326820508237,0.0,
ID7750 → ID7771,15,7750,7771,0.12132020116081543,1.9477575059273784,0.7484393810767627,0.7484393810767627,202.5,140.9122471827881,162.9551210487469,0.0,
ID8267 → ID8047,15,8267,8047,0.10542625326952859,2.17571465958563,0.4589126292267731,0.4589126292267731,215.5,145.57136366966975,157.80631812574717,0.0,
ID7138 → ID7217,15,7138,7217,0.18112308849332892,1.2643397860688723,0.3701051311239397,0.3701051311239397,171.5,140.20173910209346,164.17449508677805,0.0,
ID7565 → ID7391,15,7565,7391,0.18817746677302816,2.3177035398082775,1.1144372695761509,1.1144372695761509,186.5,139.04598688340462,163.93033113978709,0.0,
ID8726 → ID8451,15,8726,8451,0.24183315973868058,2.9527908316121434,2.5770819418315836,2.5770819418315836,229.5,143.5449046896117,159.03728978931352,0.0,
ID6971 → ID7061,15,6971,7061,0.3086945932781392,1.006098244008624,1.5555397385579675,1.5555397385579675,165.5,138.5626160145594,162.5277126265043,0.0,
ID7884 → ID7893,15,7884,7893,0.17704624342179742,0.717472626440423,1.4608719473394822,1.4608719473394822,209.5,143.75186746793145,162.400939473986,0.0,
ID6940 → ID6952,15,6940,6952,0.15404077987796783,0.794402553397794,0.21690320792788706,0.21690320792788706,159.5,135.4435978034256,162.6949257475284,0.0,
ID7239 → ID7275,15,7239,7275,0.1488550128676891,0.20174480394058766,1.6727610765096623,1.6727610765096623,178.5,139.18288059056857,165.35312384991312,0.0,
ID7405 → ID7454,15,7405,7454,0.06654138164324075,1.398189133702879,0.4434965537455514,0.4434965537455514,184.5,138.77924473780453,163.66885159145542,0.0,
ID8451 → ID8445,15,8451,8445,0.2718404111136149,2.5862512008108087,2.418021757212715,2.418021757212715,230.5,142.91013522621142,158.76966741770633,0.0,
ID8345 → ID8372,15,8345,8372,0.18074330868645916,0.8669620069204372,1.7102680181593046,1.7102680181593046,226.5,145.0545113743253,160.17553891562375,0.0,
ID7668 → ID7791,15,7668,7791,0.17245303676388035,1.879497907410837,1.2829809519977546,1.2829809519977546,197.5,140.35078540181365,164.36322029977686,0.0,
ID7034 → ID7018,15,7034,7018,0.16866347605434917,2.037353000971407,1.3303749822993118,1.3303749822993118,162.5,136.64626976297177,161.22267210182267,0.0,
ID7971 → ID7967,15,7971,7967,0.22238290588202636,0.023763489333253174,1.0867410916717266,1.0867410916717266,211.5,144.61681630124087,160.74725533004073,0.0,
ID7586 → ID7484,15,7586,7484,0.1500060879094165,2.385478286235414,1.0620713306208616,1.0620713306208616,191.5,140.29167284277833,163.95058482135533,0.0,
ID8313 → ID8345,15,8313,8345,0.1347655260430788,0.3339638490104009,0.5669614987710418,0.5669614987710418,225.5,146.05927226084344,160.5158702427121,0.0,
ID7323 → ID7099,15,7323,7099,0.12283916373887227,0.13913640427196106,0.3845958841475932,0.3845958841475932,168.5,140.31137124652105,165.32360676907905,0.0,
ID8506 → ID8509,15,8506,8509,0.20300610261430652,0.5153754723582328,1.0551955832138395,1.0551955832138395,232.5,143.54568400175685,160.22044545086365,0.0,
ID7402 → ID7448,16,7402,7448,0.09635450212544483,2.028741789010108,0.5884568985155011,0.5884568985155011,184.5,211.97832262507438,152.7492690322012,0.0,
ID7135 → ID7215,16,8827,7215,0.13192713411545798,2.510448843535443,0.15478759979750054,0.15478759979750054,171.5,202.47787670261775,154.89826500969195,0.0,
ID7423 → ID7369,16,7423,7369,0.2932762049320954,0.9988446376645965,2.3063780808984413,2.3063780808984413,182.5,210.86072775546205,153.13154211498323,0.0,
ID7604 → ID7645,16,7604,7645,0.053134989396685706,0.8065810529459915,0.37546516252978296,0.37546516252978296,194.5,215.78946564425485,154.78168010418224,0.0,
ID7625 → ID7666,16,7625,7666,0.1422817752304173,1.067722263843265,0.8961784603077897,0.8961784603077897,196.5,216.1497856689657,155.13594568464185,0.0,
ID6998 → ID7031,16,6998,7031,0.3146196904840257,0.7639621193697359,2.4823324109444047,2.4823324109444047,161.5,203.05893690133433,152.55512779920264,0.0,
ID8344 → ID8371,16,8344,8371,0.0449744279360188,1.5982238524946812,0.14783720619521615,0.14783720619521615,226.5,223.48529952980903,154.68533544492252,0.0,
ID7645 → ID7625,16,7645,7625,0.03550208523556275,0.9861981327642546,0.12716451844420382,0.12716451844420382,195.5,215.99453399083433,154.67966140874967,0.0,
ID7666 → ID7789,16,7666,7789,0.08362983407045388,2.028692042582758,0.6225841921389538,0.6225841921389538,197.5,216.48811989767322,155.38067678779012,0.0,
ID7707 → ID7689,16,7707,7689,0.09662878003131914,0.9193071767995848,0.7033898824484615,0.7033898824484615,199.5,217.0329156707119,155.99130047435779,0.0,
ID8441 → ID8504,16,8441,8504,0.036087140184611566,0.43712199891919007,0.04688683130769696,0.04688683130769696,231.5,224.48746732108597,154.6613696464195,0.0,
ID7174 → ID7291,16,7174,7291,0.18604960436197304,1.1043423478507965,0.9837271933036816,0.9837271933036816,176.5,207.46843911100302,152.43509153605953,0.0,
ID8640 → ID8737,16,8640,8737,0.40547614254079767,1.708858464345114,2.544349670019032,2.544349670019032,238.5,225.55575439480927,154.7254745950322,0.0,
ID7215 → ID7254,16,7215,7254,0.25636648171862064,1.5183512845304095,1.7659001085928396,1.7659001085928396,172.5,203.28602819809132,154.52457245834168,0.0,
ID7193 → ID7322,16,7193,7322,0.1734561494551028,0.19110659574495495,1.1335570694521335,1.1335570694521335,180.5,210.36538769381428,151.36104887304484,0.0,
ID8504 → ID8507,16,8504,8507,0.1174047220672787,0.23409178201475903,1.0462444964076314,1.0462444964076314,232.5,224.80784768118866,155.10343465420073,0.0,
ID8215 → ID8305,16,8215,8305,0.06034149559646629,0.942325331115421,0.342252520345956,0.342252520345956,223.5,223.60425503210018,153.45127765239823,0.0,
ID8546 → ID8581,16,8546,8581,0.10100644755456545,2.9401023960142636,1.1469442257258178,1.1469442257258178,234.5,224.87424075196844,154.72351382931797,0.0,
ID8599 → ID8698,16,8599,8698,0.3262899262899298,1.2718084857996208,2.639359823284049,2.639359823284049,236.5,225.9734027353772,153.10964096268884,0.0,
ID7562 → ID7388,16,7562,7388,0.15100064680591374,0.17386914499973882,0.9577479124052896,0.9577479124052896,186.5,212.61024639318467,153.3882271759406,0.0,
ID8160 → ID8198,16,8160,8198,0.05557824955365931,0.8468642761154394,0.4233402614734499,0.4233402614734499,220.5,223.89584347970856,153.31139995161453,0.0,
ID7115 → ID7135,16,7115,8827,0.22504562359956193,1.5691795021940285,2.35023309594773,2.35023309594773,170.5,202.88926990680085,153.8634741736024,0.0,
ID7831 → ID7809,16,7831,7809,0.15235397741007117,0.39065926004386836,1.2612529688504583,1.2612529688504583,205.5,218.14483467964527,155.11415017692684,0.0,
ID8265 → ID8046,16,8265,8046,0.1340894511922116,2.043125032185216,0.9994516589656981,0.9994516589656981,215.5,223.18099534380227,152.93415060153507,0.0,
ID8242 → ID8215,16,8242,8215,0.05374027507157264,2.9198698219922705,0.3788445802828549,0.3788445802828549,222.5,223.53981934786918,153.13643275696245,0.0,
ID7482 → ID7535,16,7482,7535,0.10886295928501522,0.6127196471599535,0.5828759396019604,0.5828759396019604,192.5,214.86689622462092,154.68734766125812,0.0,
ID7809 → ID7852,16,7809,7852,0.10019099590724889,2.0509015047259305,1.0649551545627438,1.0649551545627438,206.5,218.73897198001137,155.24844302464282,0.0,
ID8581 → ID8599,16,8581,8599,0.13867714319220847,3.0271093562384634,1.7247732889408145,1.7247732889408145,235.5,224.79098883470306,154.4353897369454,0.0,
ID7727 → ID7748,16,7727,7748,0.11428571428569778,0.2877452723636293,0.858511461391963,0.858511461391963,201.5,217.58647736026762,156.16317502259068,0.0,
ID8310 → ID8344,16,8310,8344,0.06950016539585857,1.0829354902549395,0.11928190962925686,0.11928190962925686,225.5,223.50157725291334,154.59306282299013,0.0,
ID8507 → ID8546,16,8507,8546,0.13132123936427775,2.672502883082691,1.394451975891751,1.394451975891751,233.5,225.00772434742683,154.8404545274362,0.0,
ID7961 → ID8090,16,7961,8090,0.18480608507839458,0.05881326035975531,0.7283427452391162,0.7283427452391162,212.5,221.83706558471215,153.42939446663394,0.0,
ID7535 → ID7604,16,7535,7604,0.08600345467750548,0.45006269519624786,0.5350163870907609,0.5350163870907609,193.5,215.3794552275967,154.87221825027714,0.0,
ID7013 → ID6981,16,7013,6981,0.1948474977791369,1.519941339466585,1.7651929688328765,1.7651929688328765,163.5,202.77749270761998,152.30414271125943,0.0,
ID7769 → ID7965,16,7769,7965,0.07059860687221087,1.1011118146336412,0.15316086589681185,0.15316086589681185,203.5,217.41610456847127,156.05799683929723,0.0,
ID8046 → ID8115,16,8046,8115,0.08590474142565496,2.849066531436738,0.5726361522145758,0.5726361522145758,216.5,223.33208177976064,153.12089191675022,0.0,
ID8305 → ID8310,16,8305,8310,0.10355455794167334,0.2949131166625309,0.9501138967405712,0.9501138967405712,224.5,223.55437298929976,154.09006174104346,0.0,
ID6966 → ID7057,16,6966,7057,0.11956150029990298,0.31111771599455684,0.4491242171419686,0.4491242171419686,165.5,203.68517737692457,152.6343009465716,0.0,
ID7291 → ID7232,16,7291,7232,0.0869198026279403,2.1008745327281257,0.6836480821235875,0.6836480821235875,177.5,207.90221925028652,152.4594661497172,0.0,
ID7271 → ID7193,16,7271,7193,0.14221729756429635,0.426701151741443,0.9319093587819729,0.9319093587819729,179.5,209.34002362511978,151.43555121996118,0.0,
ID7316 → ID7095,16,7316,7095,0.10988285232466799,0.7630517303550026,0.09685812121752065,0.09685812121752065,168.5,204.05699818449767,152.99579442050458,0.0,
ID7232 → ID7271,16,7232,7271,0.14252925822015694,0.6944710956513119,1.078109265051095,1.078109265051095,178.5,208.43774912006242,151.82401192127477,0.0,
ID7448 → ID7562,16,7448,7562,0.105053909586315,2.583457310117055,0.6736182193423919,0.6736182193423919,185.5,211.94296825428938,152.9243142821455,0.0,
ID8198 → ID8242,16,8198,8242,0.10567433275166327,2.880672599407751,0.7741294281532383,0.7741294281532383,221.5,223.7211808128348,153.23522661005103,0.0,
ID7880 → ID7889,16,7880,7889,0.05096831735754026,1.2168432178186273,0.41214761987176185,0.41214761987176185,209.5,219.61591766670637,155.1128908988258,0.0,
ID7889 → ID7966,16,7889,7966,0.18020408163263213,1.8134384160566535,1.2952433382513147,1.2952433382513147,210.5,220.22619596568452,154.9538019637034,0.0,
ID7031 → ID7013,16,7031,7013,0.18530687499261045,2.011524920551512,0.7745665237270137,0.7745665237270137,162.5,203.23985246911948,151.43815233839047,0.0,
ID7154 → ID7350,16,7154,7350,0.17287794968229075,1.7790537531394717,0.9469346858954835,0.9469346858954835,174.5,205.2921516354305,152.28090644178778,0.0,
ID8023 → ID7880,16,8023,7880,0.11302918207975943,2.9963808029241856,0.32069015334691564,0.32069015334691564,208.5,219.67190362672176,154.8163298603369,0.0,
ID6981 → ID6966,16,6981,6966,0.15287126482099567,2.2268286700698625,0.9101363305772727,0.9101363305772727,164.5,203.08515893729765,152.93772013688587,0.0,
ID7388 → ID7529,16,7388,7529,0.12205788568423126,1.5016206599591924,0.4815439851830102,0.4815439851830102,187.5,213.15895009826505,153.4346467185904,0.0,
ID6950 → ID6998,16,6950,6998,0.4741517870189068,NaN,3.142875074673871,3.142875074673871,160.5,202.93830614143997,155.1651374102246,0.0,
ID7852 → ID8023,16,7852,8023,0.15014369998603205,2.220228394930625,1.4274386199369196,1.4274386199369196,207.5,219.31625304962972,155.24311392474672,0.0,
ID7965 → ID7831,16,7965,7831,0.10499631474327142,1.1874263646895629,0.5686194226547266,0.5686194226547266,204.5,217.50849111844005,155.75067085230097,0.0,
ID7689 → ID7727,16,7689,7727,0.044754777008618074,1.876502884920975,0.2330913133614668,0.2330913133614668,200.5,217.0691464904824,156.3248977809663,0.0,
ID7529 → ID7499,16,7529,7499,0.12637913741223228,2.390088094829239,1.417353595601265,1.417353595601265,188.5,213.39937670576518,153.93768133043807,0.0,
ID7322 → ID7423,16,7322,7423,0.10560381927311291,2.1795283622376997,0.8496298419031515,0.8496298419031515,181.5,210.6844530454311,151.71394853390206,0.0,
ID7079 → ID7316,16,7079,7316,0.195819317635752,2.771271352791651,1.0899273962505551,1.0899273962505551,167.5,203.4969577071529,152.84141120152665,0.0,
ID8722 → ID8449,16,8722,8449,0.09594130071060136,2.763205556126268,1.0255091289065392,1.0255091289065392,229.5,224.05717654478008,154.49183933414912,0.0,
ID7966 → ID7961,16,7966,7961,0.2213403229806693,0.23980564516841077,1.221231054814118,1.221231054814118,211.5,221.18635965781607,154.15466844633363,0.0,
ID8399 → ID8722,16,8399,8722,0.06923593237696613,1.6948754964497807,0.33647838103959027,0.33647838103959027,228.5,223.90901109335306,154.82190354246916,0.0,
ID7369 → ID7402,16,7369,7402,0.18368257925417664,2.155703024248702,1.7199544259061004,1.7199544259061004,183.5,211.77692191941503,153.4988268293197,0.0,
ID7254 → ID7154,16,7254,7154,0.2036280669815267,0.886065880612755,2.322008595898182,2.322008595898182,173.5,204.5021519305913,153.1298451826318,0.0,
ID7789 → ID7707,16,7789,7707,0.08789551711965815,1.5509220334321872,0.5982766815094901,0.5982766815094901,198.5,216.92250199583873,155.4180910859694,0.0,
ID7584 → ID7482,16,7584,7482,0.20584781587599266,2.580873577834746,1.4296921168219032,1.4296921168219032,191.5,213.90628483210259,154.56887306932794,0.0,
ID8115 → ID8069,16,8115,8069,0.047243674645593536,1.5763422020530815,0.5045966830404099,0.5045966830404099,217.5,222.99410069989807,153.29582060631736,0.0,
ID7748 → ID7769,16,7748,7769,0.08005455682049578,2.980111638023483,0.5347401138701704,0.5347401138701704,202.5,217.72569818557295,156.06412556524828,0.0,
ID7451 → ID7584,16,7451,7584,0.14649137429923842,2.846171712758216,0.9105562210548416,0.9105562210548416,190.5,213.5650130520085,154.34397163616416,0.0,
ID8005 → ID8265,16,8005,8265,0.0715915263443474,1.6628218180126308,0.5768998894081745,0.5768998894081745,214.5,222.73288161984215,152.96516313811458,0.0,
ID7499 → ID7451,16,7499,7451,0.08651579329543058,2.331698903606018,0.7060949826573564,0.7060949826573564,189.5,213.720259738684,154.36057685906496,0.0,
ID8069 → ID8148,16,8069,8148,0.07492895503483588,2.6176120380408263,0.6250541195765669,0.6250541195765669,218.5,223.15030423254524,153.31546449968954,0.0,
ID7095 → ID7115,16,7095,7115,0.2069243156199534,2.5029690852355766,0.8536130568946557,0.8536130568946557,169.5,203.6812264215502,152.89523380030516,0.0,
ID7057 → ID7079,16,7057,7079,0.1510286282484088,3.0410926852086866,0.9500850867059184,0.9500850867059184,166.5,203.43317012190334,152.65188913140662,0.0,
ID8449 → ID8441,16,8449,8441,0.08932688395638944,2.4781529760932797,0.7110995112952655,0.7110995112952655,230.5,224.32675957918627,154.3204277572893,0.0,
ID8698 → ID8640,16,8698,8640,0.526645383104077,2.1080453222975306,2.5146102240540666,2.5146102240540666,237.5,226.98684664358416,153.88229156121838,0.0,
ID8090 → ID8005,16,8090,8005,0.09177734532639559,1.0357434838301232,0.6516177988023317,0.6516177988023317,213.5,222.3917924990883,153.20125717573126,0.0,
ID7350 → ID7174,16,7350,7174,0.23518076711330038,0.8488622092593494,1.4977849275407593,1.4977849275407593,175.5,206.41157085943792,152.30427867044102,0.0,
ID8148 → ID8160,16,8148,8160,0.06317478787997233,0.9211630733105762,0.4108212241438211,0.4108212241438211,219.5,223.57090177407594,153.11389950700843,0.0,
ID8371 → ID8399,16,8371,8399,0.068935533541015,1.3089027115177274,0.3776812425807512,0.3776812425807512,227.5,223.7045321265311,154.70236407575484,0.0,
ID7153 → ID7348,17,7153,7348,0.15431393521861536,1.5209518116577252,1.3338938713229858,1.3338938713229858,174.5,191.91509579618798,150.69678830391956,0.0,
ID7348 → ID7172,17,7348,7172,0.10185452526375494,0.07508259944868714,0.8346191850016422,0.8346191850016422,175.5,192.73819434888037,149.99212334153657,0.0,
ID7766 → ID7953,17,7766,7953,0.07721567135795904,2.2755638614632234,0.33375792032950125,0.33375792032950125,203.5,195.3672317309767,141.8043829290953,0.0,
ID7560 → ID7386,17,7560,7386,0.11934357774741111,0.8542329837646598,0.5209983589878352,0.5209983589878352,186.5,194.63457566961404,144.13584257841268,0.0,
ID8493 → ID8537,17,8493,8537,0.08115645297939889,0.6401142731973517,0.5587626193357107,0.5587626193357107,233.5,198.19607832575326,132.31180569140824,0.0,
ID7581 → ID7479,17,7581,7479,0.11598882773737762,0.051600739985271205,0.5738092114570974,0.5738092114570974,191.5,193.6242454719464,144.86470983921566,0.0,
ID8238 → ID8205,17,8238,8205,0.13605813889951401,2.222108368431064,1.2359729087813935,1.2359729087813935,222.5,197.90459275687334,136.88466853653483,0.0,
ID7663 → ID7786,17,7663,7786,0.06958284186525243,0.05217269113264021,0.26461923771883783,0.26461923771883783,197.5,194.97136820738757,143.40296440015885,0.0,
ID7289 → ID7231,17,7289,7231,0.06938617449443918,2.8924879785161224,0.23378418234847526,0.23378418234847526,177.5,193.3871497180022,149.50680913862834,0.0,
ID8427 → ID8491,17,8427,8491,0.0722585969819195,2.851368155774773,0.31619191663411084,0.31619191663411084,231.5,197.5765878745458,133.09274696840822,0.0,
ID7421 → ID7367,17,7421,7367,0.1395776767722603,0.7209388676824978,0.8967349859138981,0.8967349859138981,182.5,194.42877940736543,146.6654170533047,0.0,
ID7957 → ID7952,17,7957,7952,0.2699867669367143,0.3500374599671736,1.173081668713414,1.173081668713414,211.5,197.1191136154482,137.22853355246383,0.0,
ID7827 → ID7806,17,7827,7806,0.12599756871814904,1.8862021369455841,0.6462597312502476,0.6462597312502476,205.5,195.7066977024956,141.19018758580935,0.0,
ID7479 → ID7530,17,7479,7530,0.12789581905412017,2.4875557838386597,0.7244125690476785,0.7244125690476785,192.5,193.51254051507075,145.05466468699552,0.0,
ID7114 → ID8826,17,7114,8826,0.19455276261327237,1.8627047812976716,0.6599933032484916,0.6599933032484916,170.5,188.72658885072946,150.63659169524936,0.0,
ID8491 → ID8493,17,8491,8493,0.06742918737647441,0.24504380071201876,0.6110497481553928,0.6110497481553928,232.5,197.78017723922522,132.6796976351143,0.0,
ID7318 → ID7093,17,7318,7093,0.2501779550478668,1.3889045803055609,2.5389610858251888,2.5389610858251888,168.5,187.66283170874382,153.59944483135826,0.0,
ID8087 → ID7998,17,8087,7998,0.11702375777305296,0.9846141825844934,0.793342012828321,0.793342012828321,213.5,198.1835175076764,136.3965344777231,0.0,
ID7953 → ID7827,17,7953,7827,0.14049817058175262,1.079993890036598,0.7048586202411172,0.7048586202411172,204.5,195.34258708856152,141.3495326391203,0.0,
ID8565 → ID8588,17,8565,8588,0.09710130082970003,2.0241197409370537,1.1866173215270264,1.1866173215270264,235.5,198.89602793570552,131.8503700300153,0.0,
ID7998 → ID8262,17,7998,8262,0.08888389049777001,1.7358084492166093,0.45819433888742256,0.45819433888742256,214.5,198.60389265621814,136.33941438859304,0.0,
ID7444 → ID7560,17,7444,7560,0.06488952439314799,0.9085729988735071,0.406421272599782,0.406421272599782,185.5,194.3919852768404,144.48202313176293,0.0,
ID8626 → ID8713,17,8626,8713,0.028916709409300023,0.4190308485127682,0.18336532756232418,0.18336532756232418,238.5,198.67304157939543,130.222723110593,0.0,
ID8339 → ID8366,17,8339,8366,0.060212190555439804,2.627340105779197,0.1554169652128234,0.1554169652128234,226.5,197.60730614126572,135.34972368485018,0.0,
ID7093 → ID7114,17,7093,7114,0.30016424633698324,0.013926884879172229,1.9594663515781436,1.9594663515781436,169.5,188.63602539540858,151.57173302523577,0.0,
ID8109 → ID8065,17,8109,8065,0.05509562696425385,1.558601194854139,0.32486643370255636,0.32486643370255636,217.5,198.35062809213335,136.55463064781165,0.0,
ID8065 → ID8138,17,8065,8138,0.11165048543688405,2.5933872355746828,1.0479026214049099,1.0479026214049099,218.5,198.299433325451,136.16345623710095,0.0,
ID8138 → ID8153,17,8138,8153,0.10506708808932108,1.872154236553375,0.8323503816208314,0.8323503816208314,219.5,197.78967175769822,135.92174433389,0.0,
ID6999 → ID7033,17,6999,7033,0.16829911471087367,2.11111540364023,0.6215767750517868,0.6215767750517868,161.5,188.76168475208988,154.77192466958422,0.0,
ID8017 → ID7874,17,8017,7874,0.16381082933516367,2.9575222957714096,0.6491913251381498,0.6491913251381498,208.5,196.10191200124797,140.54551643506056,0.0,
ID8205 → ID8295,17,8205,8295,0.10378393880402248,0.7182157529604981,1.039461341174428,1.039461341174428,223.5,198.27227348879677,135.88440216380855,0.0,
ID7231 → ID7270,17,7231,7270,0.13099087934004772,2.29723172755161,1.266859961227699,1.266859961227699,178.5,193.53817604483683,148.96484204313532,0.0,
ID8703 → ID8437,17,8703,8437,0.08047358022868412,0.4877670281553191,0.7211668643197219,0.7211668643197219,229.5,197.84674200944613,133.3506134400164,0.0,
ID7684 → ID7724,17,7684,7724,0.09224201921911501,0.15875937057024492,0.814270214989121,0.814270214989121,200.5,194.79296697173294,142.1104785580302,0.0,
ID8588 → ID8664,17,8588,8664,0.05191343659978265,0.6364827538867495,0.25971240607681634,0.25971240607681634,236.5,198.88527805943642,131.14845851957784,0.0,
ID8826 → ID7212,17,8826,7212,0.22951522951523073,3.0176995371988427,1.3219077094925156,1.3219077094925156,171.5,189.03691056881587,150.76534238854003,0.0,
ID8042 → ID8109,17,8042,8109,0.0497674899245959,0.5312340217344595,0.296904334552354,0.296904334552354,216.5,198.31542395346293,136.33606398494925,0.0,
ID7530 → ID7601,17,7530,7601,0.12218913868965064,1.6670781215133623,0.8667403708863773,0.8667403708863773,193.5,194.03239157154218,145.19096610531443,0.0,
ID6982 → ID6964,17,6982,6964,0.20425223037531237,1.526878413183493,1.0587547523424599,1.0587547523424599,164.5,187.53959914276493,152.62662582794758,0.0,
ID8366 → ID8393,17,8366,8393,0.10626651117402597,1.5420868657875897,0.9279987637285111,0.9279987637285111,227.5,197.86680883146812,134.95467629506942,0.0,
ID6949 → ID6999,17,6949,6999,0.3896894662066134,NaN,0.881671914411296,0.881671914411296,160.5,188.38251709429838,154.85068074554107,0.0,
ID7642 → ID7622,17,7642,7622,0.06660333905104587,0.9191877801274102,0.43691599164977957,0.43691599164977957,195.5,194.38531382027537,144.0448581446296,0.0,
ID7058 → ID7081,17,7058,7081,0.23393020018242894,0.7383318606637036,2.0488364520256814,2.0488364520256814,166.5,187.23087339275475,153.8451376833559,0.0,
ID7248 → ID7153,17,7248,7153,0.2222552104981792,1.5001075142059161,1.303044666078636,1.303044666078636,173.5,190.95986869879562,150.68492325326824,0.0,
ID7848 → ID8017,17,7848,8017,0.1809242469990291,2.412249341277593,1.1363246617302276,1.1363246617302276,207.5,196.34422084871446,140.6282335636526,0.0,
ID7212 → ID7248,17,7212,7248,0.1353068748644094,0.987682569176362,1.0934826863466427,1.0934826863466427,172.5,190.08608832350995,150.5837595803199,0.0,
ID7874 → ID7883,17,7874,7883,0.11334788736428436,1.519594211647344,1.171728935786531,1.171728935786531,209.5,196.4029118134237,139.93113524984224,0.0,
ID7319 → ID7421,17,7319,7421,0.0760384568020499,1.299519226944736,0.6051174934681731,0.6051174934681731,181.5,193.88844206981264,147.11754412941337,0.0,
ID8393 → ID8703,17,8393,8703,0.08742936347158392,0.4487738549868041,0.8672759079840153,0.8672759079840153,228.5,198.04020199323875,134.09686494127214,0.0,
ID7527 → ID7497,17,7527,7497,0.11770856229684468,2.199310171758986,0.8062763791487598,0.8062763791487598,188.5,194.44398787154512,144.30267485989225,0.0,
ID7172 → ID7289,17,7172,7289,0.09478603768071436,0.11401753614829115,0.5054379604663369,0.5054379604663369,176.5,193.28312927633584,149.60403225535325,0.0,
ID8537 → ID8565,17,8537,8565,0.06408720841270177,0.9375313086329982,0.4514295493640533,0.4514295493640533,234.5,198.6471912597248,132.32338363597515,0.0,
ID7033 → ID7017,17,7033,7017,0.15525110821761356,1.2766456473494767,0.5720890235418146,0.5720890235418146,162.5,188.49342456125694,154.3744375669676,0.0,
ID7270 → ID7192,17,7270,7192,0.1012557243644141,0.41522229245041176,0.7343201378540473,0.7343201378540473,179.5,194.07503940866744,148.1442120115476,0.0,
ID7724 → ID7745,17,7724,7745,0.11598359702641103,2.1658446621927308,0.4144666987132034,0.4144666987132034,201.5,194.98008008917202,141.82922400116541,0.0,
ID7701 → ID7684,17,7701,7684,0.17039629953748547,2.7961854706465443,1.4044418980039515,1.4044418980039515,199.5,194.84424880466395,143.21539946427905,0.0,
ID8153 → ID8189,17,8153,8189,0.0451112358251099,0.35356936347927237,0.3135613134535748,0.3135613134535748,220.5,197.3732616437004,136.3049007985738,0.0,
ID8437 → ID8427,17,8437,8427,0.043690317349062924,2.034654769932333,0.24755842396572245,0.24755842396572245,230.5,197.59893514516182,133.1408614426923,0.0,
ID7601 → ID7642,17,7601,7642,0.12278669071132231,1.3098153311270808,0.798373854909566,0.798373854909566,194.5,194.33068754237473,144.60151291247055,0.0,
ID8295 → ID8300,17,8295,8300,0.08817306289218607,2.3808112956261356,0.5430597101894015,0.5430597101894015,224.5,198.0725200318417,135.56893775050256,0.0,
ID6964 → ID7058,17,6964,7058,0.14169337091230017,2.3107328535800633,0.24171651731201838,0.24171651731201838,165.5,187.0963173247399,152.73650291196822,0.0,
ID7883 → ID7957,17,7883,7957,0.15814576233940836,0.46352598167512743,1.6822545561068878,1.6822545561068878,210.5,196.72776641610272,138.5795514366084,0.0,
ID7497 → ID7447,17,7497,7447,0.11769572861722377,0.9842958679920786,0.70395927044392,0.70395927044392,189.5,194.53442094614763,144.9624452760711,0.0,
ID7745 → ID7766,17,7745,7766,0.06492850885664103,0.7495524088776785,0.3441127210216972,0.3441127210216972,202.5,195.31634565215865,141.93727122332004,0.0,
ID7806 → ID7848,17,7806,7848,0.14937272359366727,1.2248378195489291,1.1606129263916813,1.1606129263916813,206.5,196.4424903870281,141.0260251221696,0.0,
ID8664 → ID8626,17,8664,8626,0.06452781791748341,0.4101985964763968,0.7427310258250142,0.7427310258250142,237.5,198.76966602178862,130.66902564788876,0.0,
ID7017 → ID6982,17,7017,6982,0.21287189954844898,1.1725572014660564,1.6924484215691338,1.6924484215691338,163.5,188.14462747119887,153.44492399022369,0.0,
ID7447 → ID7581,17,7447,7581,0.10096490001401226,1.661070052977616,0.5968215635716292,0.5968215635716292,190.5,194.13553240752935,145.1492302430346,0.0,
ID7622 → ID7663,17,7622,7663,0.09733819255433973,0.04110735130959055,0.5187822221923093,0.5187822221923093,196.5,194.70160849853767,143.68680548949723,0.0,
ID8300 → ID8339,17,8300,8339,0.1129333946164307,1.7509359903105661,0.5768259622278163,0.5768259622278163,225.5,197.71426209489505,135.5465849374005,0.0,
ID7367 → ID7400,17,7367,7400,0.11907111374250834,0.7497318544107696,1.003279357393943,1.003279357393943,183.5,195.04085430052177,146.0272449309357,0.0,
ID8262 → ID8042,17,8262,8042,0.07099230952133595,2.2080631648253872,0.27545427153047214,0.27545427153047214,215.5,198.53503884796407,136.16863551882884,0.0,
ID7192 → ID7319,17,7192,7319,0.11516549743395177,1.7019405566661587,0.778839997915897,0.778839997915897,180.5,194.05429521844752,147.64558422456088,0.0,
ID7952 → ID8087,17,7952,8087,0.25266318032154056,0.9374894716760925,0.7769164645182657,0.7769164645182657,212.5,197.49285977368544,136.43800892155562,0.0,
ID7386 → ID7527,17,7386,7527,0.10812384036083589,2.5165253233560265,0.6326479891690397,0.6326479891690397,187.5,194.53512211761966,143.97968246481878,0.0,
ID8189 → ID8238,17,8189,8238,0.10222940972620631,0.8100066376884761,0.9561932671482141,0.9561932671482141,221.5,197.4026189894163,136.9012719074051,0.0,
ID7081 → ID7318,17,7081,7318,0.13941522337504242,2.2541079581351244,0.21532402539369758,0.21532402539369758,167.5,187.19325266749928,154.8044816859026,0.0,
ID7400 → ID7444,17,7400,7444,0.1740180500825852,1.1923441641242816,1.244170401299091,1.244170401299091,184.5,194.80382986451264,145.1255491952286,0.0,
ID7786 → ID7701,17,7786,7701,0.06449164742855518,2.587878252713156,0.6214486339820443,0.6214486339820443,198.5,194.9916718345161,143.61202337400925,0.0,
ID7956 → ID7828,18,7956,7828,0.1591943716374704,2.727860292416074,0.5534480811499712,0.5534480811499712,204.5,5.577384082348913,148.6255022067935,0.0,
ID7196 → ID7328,18,7196,8837,0.07694619777577627,2.806131015816644,0.2176539627872493,0.2176539627872493,180.5,2.5380754076344267,149.27808318788243,0.0,
ID7563 → ID7390,18,7563,7390,0.28782148260211915,2.930337871800311,1.8595249260684241,1.8595249260684241,186.5,3.3286857138914785,149.58457074425738,0.0,
ID7703 → ID7685,18,7703,7685,0.174464162249367,0.9203391199752708,0.9185593732546576,0.9185593732546576,199.5,4.910583747078368,148.12689129929748,0.0,
ID8193 → ID8240,18,8193,8240,0.10044591999479213,2.925248461813049,0.7527409623941519,0.7527409623941519,221.5,10.163247861535611,146.5472415375876,0.0,
ID7807 → ID7849,18,7807,7849,0.030656302239852162,2.304845156364835,0.09931757966532326,0.09931757966532326,206.5,6.0705432457485555,147.52709326009835,0.0,
ID7328 → ID7425,18,8837,7425,0.05731745864503024,1.1228095007133954,0.1984451105720959,0.1984451105720959,181.5,2.4863996357235933,149.44652448126303,0.0,
ID7603 → ID7643,18,7603,7643,0.16118555917431088,0.24815111396888398,1.1037016380258464,1.1037016380258464,194.5,4.056630625373311,148.15820187274284,0.0,
ID8143 → ID8156,18,8143,8156,0.05318778590521922,1.4974228856872172,0.3264258640803701,0.3264258640803701,219.5,10.388201247159191,145.84630237512079,0.0,
ID7403 → ID7452,18,7403,7452,0.15200314218381739,1.8892887677425825,0.34812058981787697,0.34812058981787697,184.5,3.2895366423017496,149.6221567232211,0.0,
ID8306 → ID8342,18,8306,8342,0.23822258794486983,1.8888929240258128,0.12276835822433195,0.12276835822433195,225.5,12.507791360231415,146.30295679685378,0.0,
ID6983 → ID6968,18,6983,6968,0.20264753907160993,2.803364386464569,0.7961020146445212,0.7961020146445212,164.5,1.7616718045358837,150.28789445603996,0.0,
ID8044 → ID8111,18,8044,8111,0.12684400696392184,1.6221281237829854,0.6334488604541948,0.6334488604541948,216.5,9.816226634194214,146.1218190280963,0.0,
ID7643 → ID7623,18,7643,7623,0.1189057007488944,0.7626463101538736,0.6558617511626201,0.6558617511626201,195.5,4.16498221384159,147.3445540769441,0.0,
ID7292 → ID7237,18,7292,7237,0.2069732937685479,0.06957708743731511,0.9901638844051738,0.9901638844051738,177.5,2.0837076025262475,148.732977903875,0.0,
ID7999 → ID8263,18,7999,8263,0.08146367521367293,0.07640622178372179,0.2717043527308757,0.2717043527308757,214.5,9.265631795525847,145.5776926522878,0.0,
ID7015 → ID6983,18,7015,6983,0.5159635119726342,1.2119872237602873,1.6543519140402267,1.6543519140402267,163.5,2.117153633490894,149.97952815429247,0.0,
ID7134 → ID7214,18,7134,7214,0.25005925574780885,1.0428910553480597,1.0092712097726944,1.0092712097726944,171.5,1.9991912053175056,147.10730138260863,0.0,
ID8021 → ID7876,18,8021,7876,0.17792393962391484,1.86652044301836,0.5380772161116709,0.5380772161116709,208.5,6.353067532321938,146.8350873097571,0.0,
ID8111 → ID8067,18,8111,8067,0.09630075466456745,3.1305143477800077,0.6954325866905912,0.6954325866905912,217.5,9.830377495502395,146.09400240132555,0.0,
ID7116 → ID7134,18,7116,7134,0.17534870481070208,2.163040579643117,0.41607052435711034,0.41607052435711034,170.5,2.061883667296408,147.73957467141938,0.0,
ID7664 → ID7787,18,7664,7787,0.11318469895880257,0.660499782161223,0.8023729769792055,0.8023729769792055,197.5,4.8432665804639035,148.42731456162122,0.0,
ID7498 → ID7449,18,7498,7449,0.08541539711557866,2.981828416912251,0.2574755465884575,0.2574755465884575,189.5,3.484459571365077,148.86849114604354,0.0,
ID7082 → ID7320,18,7082,7320,0.26799663501983007,1.7562595191656802,1.0510560472774937,1.0510560472774937,167.5,1.99215790545397,149.39574364430428,0.0,
ID7214 → ID7253,18,7214,7253,0.04910955207771217,0.37470567292220736,0.19267910907934854,0.19267910907934854,172.5,1.8083444831659388,146.54338453164706,0.0,
ID6968 → ID7059,18,6968,7059,0.3534540576794112,1.5046564261831357,0.48158125236296145,0.48158125236296145,165.5,2.0912129673878885,149.94076807268272,0.0,
ID8156 → ID8193,18,8156,8193,0.12865955155194497,0.8655716218445676,0.9688125649007749,0.9688125649007749,220.5,10.161508560306064,146.40522479897658,0.0,
ID8263 → ID8044,18,8263,8044,0.11985596707818913,0.3288512809839669,0.5728773425942183,0.5728773425942183,215.5,9.649873781182906,145.74053378613723,0.0,
ID8067 → ID8143,18,8067,8143,0.07954062101233594,1.0135195619120774,0.39996389593872106,0.39996389593872106,218.5,10.148218602204194,145.72872244635522,0.0,
ID7582 → ID7480,18,7582,7480,0.09380291755348114,1.8057655836849527,0.5572244486714298,0.5572244486714298,191.5,4.028808327475401,149.1196177580744,0.0,
ID7787 → ID7703,18,7787,7703,0.07700591889307096,2.6340971981984738,0.32883917324178036,0.32883917324178036,198.5,4.727989741939023,148.67102989515064,0.0,
ID7370 → ID7403,18,7370,7403,0.13036937688041828,1.6930673307712831,0.5306010553065712,0.5306010553065712,183.5,3.361283668501824,149.3640605632237,0.0,
ID7097 → ID7116,18,7097,7116,0.38718082334549175,2.0243737523813126,0.7873046222201305,0.7873046222201305,169.5,2.3275979124642467,147.92985544684302,0.0,
ID7351 → ID7176,18,7351,7176,0.29394012554321347,0.7573782009982094,1.6908841680999647,1.6908841680999647,175.5,2.1770692869297186,147.297452653444,0.0,
ID7425 → ID7370,18,7425,7370,0.30880361173814896,1.7942035187834269,0.8559438153182163,0.8559438153182163,182.5,2.887249760933008,149.33030077073238,0.0,
ID8211 → ID8303,18,8211,8303,0.11244760009977839,2.055263388230243,0.9109437820560633,0.9109437820560633,223.5,11.403652900205529,146.01503861322004,0.0,
ID7176 → ID7292,18,7176,7292,0.05187023397002544,0.2721415821793495,0.10634770717064998,0.10634770717064998,176.5,2.1845506477721335,148.1941943585881,0.0,
ID7449 → ID7582,18,7449,7582,0.12231429199970811,0.9581479486965159,0.5669832880187053,0.5669832880187053,190.5,3.6862553392629955,149.1818480213873,0.0,
ID7623 → ID7664,18,7623,7664,0.2225214198286405,2.0065932928945145,1.098264755000534,1.098264755000534,196.5,4.626952172619108,147.55344520169018,0.0,
ID8088 → ID7999,18,8088,7999,0.1039721824225559,0.734164037540266,0.708743780008671,0.708743780008671,213.5,8.852925115426165,145.31366250565821,0.0,
ID8342 → ID8369,18,8342,8369,0.4778946754037664,0.9143538227827137,3.72310510797658,3.72310510797658,226.5,13.372405093983822,144.61148778425917,0.0,
ID7390 → ID7533,18,7390,7533,0.08040127944169939,1.7710873642541525,0.2696941726027033,0.2696941726027033,187.5,3.174183089046824,150.4839498387903,0.0,
ID7685 → ID7726,18,7685,7726,0.07053941908713612,2.6979630017190077,0.1600143419410175,0.1600143419410175,200.5,5.084900553044175,147.7796517910055,0.0,
ID7955 → ID8088,18,7955,8088,0.1451652577709247,2.0154008053812955,0.4453052084904368,0.4453052084904368,212.5,8.487056607068613,144.91560990348,0.0,
ID7480 → ID7534,18,7480,7534,0.09112426035503052,2.1584176302543616,0.4261092814014428,0.4261092814014428,192.5,4.260032592028448,149.05849111220874,0.0,
ID7059 → ID7082,18,7059,7082,0.3038229376257554,3.1314368525335383,0.5314464695991525,0.5314464695991525,166.5,2.067092000844853,149.93395535055362,0.0,
ID7320 → ID7097,18,7320,7097,0.2892131318394998,0.1556167505006291,1.0927111192370202,1.0927111192370202,168.5,2.4495936002601093,148.42995493326552,0.0,
ID7253 → ID7155,18,7253,7155,0.2629455279085423,1.2304918705542143,0.5625452894930668,0.5625452894930668,173.5,2.0714003246948227,146.35028807053678,0.0,
ID7960 → ID7955,18,7960,7955,0.2959536365060331,0.7160697112925286,1.995257638307473,1.995257638307473,211.5,7.68244374415848,145.36988248749725,0.0,
ID7746 → ID7767,18,7746,7767,0.07772862874189734,0.7001113455759439,0.3926552492266554,0.3926552492266554,202.5,5.071209795430329,148.3585361565422,0.0,
ID7726 → ID7746,18,7726,7746,0.05880562488585872,0.8597226643422945,0.37292473061000647,0.37292473061000647,201.5,4.992102973558032,148.00775437906515,0.0,
ID7534 → ID7603,18,7534,7603,0.09944162210998808,3.0310106284559186,0.585979454240876,0.585979454240876,193.5,4.250440964058488,148.97446628601705,0.0,
ID8240 → ID8211,18,8240,8211,0.13611991225932207,0.07482144139512495,1.1334532542400153,1.1334532542400153,222.5,10.873887925029084,145.92818636140953,0.0,
ID7849 → ID8021,18,7849,8021,0.11106862932517625,2.814461186225609,0.8211259160347337,0.8211259160347337,207.5,6.091322599424824,147.16379933346508,0.0,
ID7767 → ID7956,18,7767,7956,0.2040562913907299,1.034257294988315,0.6521074316934273,0.6521074316934273,203.5,5.501848141545379,148.51617140496134,0.0,
ID7274 → ID7196,18,7274,7196,0.1744115872057932,0.7260572041323973,0.3178723878001852,0.3178723878001852,179.5,2.4723251482978865,149.26730777023766,0.0,
ID7452 → ID7563,18,7452,7563,0.1665296052631563,1.882253442203892,1.0081320336448816,1.0081320336448816,185.5,3.2338569424267183,149.1451813915299,0.0,
ID7828 → ID7807,18,7828,7807,0.22936137071651086,2.533327798860187,1.458272895025534,1.458272895025534,205.5,5.69109383624493,148.1115707488607,0.0,
ID7885 → ID7960,18,7885,7960,0.1874329501915699,2.843266695426819,1.6377954811630908,1.6377954811630908,210.5,6.84199422765054,146.85046030180618,0.0,
ID8303 → ID8306,18,8303,8306,0.20902906617192507,1.466609283472372,1.0424525311618416,1.0424525311618416,224.5,12.013889924053823,146.41016088971958,0.0,
ID7155 → ID7351,18,7155,7351,0.09527360587033806,2.6550849746005483,0.2674375129621726,0.2674375129621726,174.5,2.2460239062114624,146.35289262104212,0.0,
ID7237 → ID7274,18,7237,7274,0.19078947368421162,1.4283043455955058,0.3481111726865528,0.3481111726865528,178.5,2.161086944677,149.27509271675524,0.0,
ID7032 → ID7015,18,7032,7015,0.5877993158494856,NaN,1.8075841144795588,1.8075841144795588,162.5,2.024849144349362,148.55910915495522,0.0,
ID7876 → ID7885,18,7876,7885,0.10876160526127054,1.0849364713344896,0.7582516783306453,0.7582516783306453,209.5,6.676069783039374,147.29011356601495,0.0,
ID7533 → ID7498,18,7533,7498,0.27910547054910007,1.604992494902413,1.7727194607824734,1.7727194607824734,188.5,3.2699943695743445,149.5971214219623,0.0,
ID8171 → ID8212,19,8171,8212,0.053258108064040965,0.811033456257908,0.4092424259374036,0.4092424259374036,220.5,141.30782823326945,203.68005585188882,0.0,
ID7569 → ID7506,19,7569,7506,0.15035709810801445,0.37515004338725627,0.6222838592689854,0.6222838592689854,186.5,138.60761351924464,201.90339099459396,0.0,
ID8324 → ID8351,19,8324,8351,0.17356964665466512,2.1282364347066123,1.2572998681815863,1.2572998681815863,225.5,139.92817273803348,206.77089563795047,0.0,
ID7222 → ID7261,19,7222,7261,0.15619053480106182,1.4118382662854634,1.4924924110971,1.4924924110971,172.5,131.9897415349606,203.25170072194567,0.0,
ID8464 → ID8457,19,8464,8457,0.04495351665162317,0.6630274010387658,0.2704115507088969,0.2704115507088969,230.5,139.91590975166804,204.94813757767605,0.0,
ID7337 → ID7430,19,7337,7430,0.09268184325697382,3.0929443647289188,0.356203370136076,0.356203370136076,181.5,135.60846304560107,202.55927003845628,0.0,
ID8223 → ID8318,19,8223,8318,0.052812617913256976,1.787798079778188,0.3632541471915598,0.3632541471915598,223.5,140.84747677425025,204.5798471568955,0.0,
ID8096 → ID8016,19,8096,8016,0.14311188738050717,2.5143761451786784,1.3377591903129458,1.3377591903129458,213.5,140.71750402283564,202.36241528526875,0.0,
ID7836 → ID7815,19,7836,7815,0.17891204521368376,2.2003903160500924,1.2243833523491123,1.2243833523491123,205.5,138.81820592642737,204.6741384127737,0.0,
ID8457 → ID8516,19,8457,8516,0.13177221926557947,2.706424590652941,1.0657560531713735,1.0657560531713735,231.5,140.32732406984232,204.9962143352694,0.0,
ID8318 → ID8324,19,8318,8324,0.2867363268379993,0.25458815163486564,2.461204985550869,2.461204985550869,224.5,140.5906812218484,205.96333535511982,0.0,
ID8652 → ID8752,19,8652,8752,0.13994258765637835,0.0872682236055075,1.0675936239547048,1.0675936239547048,238.5,139.88687826847152,206.3161861000711,0.0,
ID7509 → ID7465,19,7509,7465,0.1378764087100499,2.344522726216073,1.1125738615766574,1.1125738615766574,189.5,140.20856256796685,201.6095183005067,0.0,
ID7038 → ID7022,19,7038,7022,0.2664078249831814,NaN,0.5811269949693803,0.5811269949693803,162.5,127.50947306783641,204.34542661698785,0.0,
ID7754 → ID7775,19,7754,7775,0.10029228035992366,1.6695874739430394,0.909801071554618,0.909801071554618,202.5,138.62089339271483,204.40504541969335,0.0,
ID7610 → ID7651,19,7610,7651,0.06010303624703073,0.25624092858905895,0.6553140701005492,0.6553140701005492,194.5,137.55967060546476,203.34366849822305,0.0,
ID7358 → ID7182,19,7358,7182,0.12531030798610043,3.000043141426477,1.1848970154504705,1.1848970154504705,175.5,133.70832315437798,202.6756828726103,0.0,
ID8378 → ID8406,19,8378,8406,0.20793311103371648,1.7596501752615363,1.7730775454564336,1.7730775454564336,227.5,140.52107422230486,205.93074574536845,0.0,
ID7702 → ID7740,19,7702,7740,0.039531899676810034,1.8173521263022918,0.07099094966368698,0.07099094966368698,200.5,138.5056633485312,203.43874364344575,0.0,
ID7201 → ID7337,19,7201,7337,0.1207593334225956,1.9432885993641271,0.8502052089753819,0.8502052089753819,180.5,135.3823880467246,202.458877325601,0.0,
ID7676 → ID7795,19,7676,7795,0.12101898455349414,1.0705306151856022,0.6439831841507678,0.6439831841507678,197.5,138.37448602156243,203.22656566772315,0.0,
ID6978 → ID7066,19,6978,7066,0.24109701187065824,0.1363327703936513,0.9457565021605547,0.9457565021605547,165.5,132.49053840578858,203.28130955226703,0.0,
ID8212 → ID8255,19,8212,8255,0.09740767149512042,0.5887665130202545,0.704844050909736,0.704844050909736,221.5,141.1316570335241,204.18500833148192,0.0,
ID7462 → ID7569,19,7462,7569,0.12003365900601326,1.0169761718367842,1.3074166739012911,1.3074166739012911,185.5,137.7106511007566,202.21660520697998,0.0,
ID7548 → ID7610,19,7548,7610,0.14442020802553135,2.5729824772047953,1.7428244301826425,1.7428244301826425,193.5,138.5216585240487,202.64102968318022,0.0,
ID8255 → ID8223,19,8255,8223,0.06846606115258624,2.0718257860322193,0.20899017398215594,0.20899017398215594,222.5,141.00402951009553,204.4738927304647,0.0,
ID8051 → ID8134,19,8051,8134,0.11599321114755867,1.4930180013462484,0.4877944589717015,0.4877944589717015,216.5,141.40776367957767,202.18748495655774,0.0,
ID7299 → ID7249,19,7299,7249,0.17753306922714907,1.6491880140038957,1.8317117942757692,1.8317117942757692,177.5,134.1337151033064,202.62539515118095,0.0,
ID8744 → ID8464,19,8744,8464,0.14744027303753837,2.4221253742349127,1.0295351308653165,1.0295351308653165,229.5,140.1316736925172,205.53671169883324,0.0,
ID8516 → ID8522,19,8516,8522,0.11091195905386975,0.4054369017738857,0.7462752934293686,0.7462752934293686,232.5,141.13787434938882,205.35902737483815,0.0,
ID7261 → ID7162,19,7261,7162,0.10118968441542475,1.1538068138589899,0.5483912790601754,0.5483912790601754,173.5,132.86955893309263,203.4057530831439,0.0,
ID7465 → ID7590,19,7465,7590,0.08879409896194201,1.4568627868845443,0.665972170992858,0.665972170992858,190.5,139.69883926394044,202.05966818574583,0.0,
ID7104 → ID7123,19,7104,7123,0.32552021047596935,2.4658290456494263,0.3887214341776871,0.3887214341776871,169.5,130.55532598309406,203.96844065237616,0.0,
ID7983 → ID7979,19,7983,7979,0.17600448863811347,0.20629115826682143,1.1681311730983872,1.1681311730983872,211.5,140.26905940837395,202.5654681106385,0.0,
ID7631 → ID7676,19,7631,7676,0.15891602542658567,0.7826836834091939,0.3723680072033011,0.3723680072033011,196.5,138.04223048919852,202.9342300640437,0.0,
ID8608 → ID8728,19,8608,8728,0.08471177945594999,2.3873753811822835,0.42645598078715474,0.42645598078715474,236.5,140.7771376776641,205.21421869522914,0.0,
ID7892 → ID7900,19,7892,7900,0.12141289469667083,1.6976495113396393,0.8718039877192457,0.8718039877192457,209.5,139.69247561154305,204.85946541161354,0.0,
ID7775 → ID7981,19,7775,7981,0.1128352915096299,1.5577811613505381,0.19795275140639032,0.19795275140639032,203.5,138.2572402945101,204.6977213696291,0.0,
ID8351 → ID8378,19,8351,8378,0.11950957557122455,2.905376011207279,0.9234695310146708,0.9234695310146708,226.5,139.86199455597097,206.57189187683622,0.0,
ID7795 → ID7713,19,7795,7713,0.08982890952674438,0.09354718814034398,0.5317757944832582,0.5317757944832582,198.5,138.66292515561992,203.7380893664579,0.0,
ID8271 → ID8051,19,8271,8051,0.11787936944633981,2.461596586657235,0.7246970778338065,0.7246970778338065,215.5,140.9741815430971,202.05894530997685,0.0,
ID7279 → ID7201,19,7279,7201,0.12673251489986892,2.994350065958942,0.8075355751107111,0.8075355751107111,179.5,134.96770585425486,202.67531375405724,0.0,
ID7143 → ID7222,19,7143,7222,0.19987246467609399,1.4427736801222522,0.4508683010516475,0.4508683010516475,171.5,131.23732977063057,203.5596591241736,0.0,
ID7488 → ID7548,19,7488,7548,0.1192616245014626,3.0393897245809995,0.4720159189768755,0.4720159189768755,192.5,138.95385544360076,202.11030791258412,0.0,
ID7740 → ID7754,19,7740,7754,0.14993972658956645,1.3378309796056684,0.9154051274594802,0.9154051274594802,201.5,138.7834670922986,203.81434721384176,0.0,
ID7162 → ID7358,19,7162,7358,0.2016892565277798,1.9163630228266069,1.777632198696346,1.777632198696346,174.5,133.57833977898116,202.9611143326848,0.0,
ID8406 → ID8744,19,8406,8744,0.12038413113782664,2.9237360803828913,1.0943181636396933,1.0943181636396933,228.5,140.5060377891724,205.55941829152485,0.0,
ID7182 → ID7299,19,7182,7299,0.06925752306068778,2.183470392683674,0.411632724769186,0.411632724769186,176.5,133.2431676342801,202.86737550478904,0.0,
ID7094 → ID7333,19,7094,7333,0.16347610521964906,0.5569347490099601,0.4110749199094633,0.4110749199094633,167.5,132.0771902582544,203.8531636332416,0.0,
ID8134 → ID8075,19,8134,8075,0.07850708286240315,1.3896664937911494,0.7866584399336187,0.7866584399336187,217.5,141.8803010754244,202.347061552505,0.0,
ID7590 → ID7488,19,7590,7488,0.090904983208274,0.4595892990786563,0.6727404298859493,0.6727404298859493,191.5,139.0470879253797,202.06331017634096,0.0,
ID7066 → ID7094,19,7066,7094,0.18731363513146382,2.784016579566358,0.9717977987876947,0.9717977987876947,166.5,132.58855354076826,203.42141502061475,0.0,
ID7022 → ID6989,19,7022,6989,0.2298931803973897,0.9337151674488192,1.8893973377200874,1.8893973377200874,163.5,128.636909991407,204.5252495435119,0.0,
ID7411 → ID7462,19,7411,7462,0.08023751150496095,1.140719887564216,0.5399962662217144,0.5399962662217144,184.5,137.09750442572613,202.77332924390544,0.0,
ID7713 → ID7702,19,7713,7702,0.12843230790713933,3.129851120548338,0.6112217161965345,0.6112217161965345,199.5,138.6386476651367,203.70647102529165,0.0,
ID7651 → ID7631,19,7651,7631,0.0869379719534914,2.832408629097106,0.812176016179454,0.812176016179454,195.5,137.55998001723998,203.20666512027947,0.0,
ID7979 → ID8096,19,7979,8096,0.13771517996870541,2.4384952855764053,0.4950709693082462,0.4950709693082462,212.5,140.28076435492602,202.1392166146777,0.0,
ID7430 → ID7376,19,7430,7376,0.1985170609972875,2.750174424111904,1.132544548263437,1.132544548263437,182.5,135.80739740564275,202.91473723014872,0.0,
ID7981 → ID7836,19,7981,7836,0.11718501578340601,2.538674682807909,0.5501852773871556,0.5501852773871556,204.5,138.34200722523937,204.51487491152864,0.0,
ID8029 → ID7892,19,8029,7892,0.10976531952726276,2.141823585821388,0.8851392818763983,0.8851392818763983,208.5,140.06972834147263,205.30076542867187,0.0,
ID7857 → ID8029,19,7857,8029,0.05986868373188248,1.1234127366413103,0.36701272201362906,0.36701272201362906,207.5,140.41661403629723,205.15440754506773,0.0,
ID7506 → ID7545,19,7506,7545,0.131363598346661,0.43813692976215574,1.160962389798236,1.160962389798236,187.5,139.4217074461488,201.59014513973142,0.0,
ID7249 → ID7279,19,7249,7279,0.0758753865831685,1.839577434636077,0.5029934325249839,0.5029934325249839,178.5,134.99203008358626,202.83276977355487,0.0,
ID8075 → ID8162,19,8075,8162,0.09034806411497809,3.0502406083690325,0.9607640178895366,0.9607640178895366,218.5,141.8042459448236,202.40510911391908,0.0,
ID8728 → ID8652,19,8728,8652,0.107881715379055,2.624326663017462,1.0620412124282106,1.0620412124282106,237.5,140.50134179006778,205.44778910101968,0.0,
ID8162 → ID8171,19,8162,8171,0.1412103746397415,1.404005808408011,0.9979018564175405,0.9979018564175405,219.5,141.39110340619976,203.02850064667913,0.0,
ID8559 → ID8593,19,8559,8593,0.06999008172215626,1.9324934011636101,0.6643682027781745,0.6643682027781745,234.5,141.3448576890117,204.5686985350781,0.0,
ID7815 → ID7857,19,7815,7857,0.1028879112949006,0.8818531873749927,1.0736728610370896,1.0736728610370896,206.5,139.78691513156724,205.05153779384557,0.0,
ID8522 → ID8559,19,8522,8559,0.1566920179117025,2.6252205110437044,1.092046332220283,1.092046332220283,233.5,141.22277369617558,205.0836897373917,0.0,
ID7333 → ID7104,19,7333,7104,0.1548831206080804,0.1755353868464989,1.4730842422853987,1.4730842422853987,168.5,131.15112469665863,204.01210966202996,0.0,
ID6989 → ID6978,19,6989,6978,0.2690589636688556,0.3224617420960489,2.678095975030573,2.678095975030573,164.5,130.82879751545764,203.9954124516084,0.0,
ID8016 → ID8271,19,8016,8271,0.11234837434311584,2.912822159373268,0.8151612688837196,0.8151612688837196,214.5,141.00121818242877,202.317814259612,0.0,
ID7376 → ID7411,19,7376,7411,0.08524432486762579,1.2254966787797186,0.9613593452888403,0.9613593452888403,183.5,136.61684823092963,203.19894028875882,0.0,
ID7545 → ID7509,19,7545,7509,0.0895684732361487,0.08482707336285103,0.5159618947840414,0.5159618947840414,188.5,140.15970194775372,201.19352698901537,0.0,
ID8593 → ID8608,19,8593,8608,0.12029671963110045,2.4127151594165017,1.25953886571056,1.25953886571056,235.5,141.22116197535206,204.99244624123963,0.0,
ID7123 → ID7143,19,7123,7143,0.24060859027872894,0.7273085121246139,0.5386064516976107,0.5386064516976107,170.5,130.9581213923734,203.8064172741734,0.0,
ID7900 → ID7983,19,7900,7983,0.19068471337582793,0.055801488404073285,1.3565213850667481,1.3565213850667481,210.5,139.89636364544683,203.7645372005834,0.0,
ID7902 → ID7989,20,7902,7989,0.24908099687033702,0.7865217052788911,2.4863473160602134,2.4863473160602134,210.5,140.3652799282688,227.79302593641938,0.0,
ID7756 → ID7777,20,7756,7777,0.12947255710430572,1.1188034549466908,0.8940791290487339,0.8940791290487339,202.5,137.18248312125218,228.2676469303406,0.0,
ID8466 → ID8462,20,8466,8462,0.14624624440862777,2.7894741131050136,1.0287042097265617,1.0287042097265617,230.5,141.72300251393276,230.80142202856234,0.0,
ID8665 → ID8754,20,8665,8754,0.08566802952555852,0.8968035427380581,0.5889879508456534,0.5889879508456534,238.5,141.72784715453318,233.6576923318429,0.0,
ID7340 → ID7432,20,7340,7432,0.35211115510601454,0.18111867332867398,2.637589005750625,2.637589005750625,181.5,138.14626211483454,223.03521861187164,0.0,
ID8380 → ID8408,20,8380,8408,0.0735455746693191,2.4674803120413227,0.5620268006588576,0.5620268006588576,227.5,141.51876787686348,231.6051054552583,0.0,
ID8142 → ID8077,20,8142,8077,0.052511475109683126,0.15723353181510188,0.36419906681831415,0.36419906681831415,217.5,142.94741509034407,227.43779016990305,0.0,
ID7379 → ID7418,20,7379,7418,0.11968897528463285,0.7660086175470301,0.814343032485142,0.814343032485142,183.5,138.39466135381676,225.30274777831744,0.0,
ID7262 → ID7165,20,7262,7165,0.10367635162784694,1.7743052576810585,0.24497091474105834,0.24497091474105834,173.5,141.33326283719035,221.53618656325105,0.0,
ID7634 → ID7681,20,7634,7681,0.18005469462169466,2.5808925179034965,1.145609764610711,1.145609764610711,196.5,136.71166635573576,226.6736530069823,0.0,
ID7654 → ID7634,20,7654,7634,0.07694240408761188,3.003011081150083,0.5034573018014001,0.5034573018014001,195.5,136.9509231696298,226.37364895307206,0.0,
ID7039 → ID7023,20,7039,7023,0.28455170478461544,NaN,1.3383819655238927,1.3383819655238927,162.5,143.70336909309464,216.47868537553495,0.0,
ID8748 → ID8466,20,8748,8466,0.12717739838807607,1.468673495280648,0.9501335988443594,0.9501335988443594,229.5,141.57947835619981,230.69688042665385,0.0,
ID8524 → ID8563,20,8524,8563,0.18277483244971704,2.453208662434818,1.337717770317179,1.337717770317179,233.5,143.1925023653974,231.3890157543673,0.0,
ID7513 → ID7470,20,7513,7470,0.10737437851605469,2.4475543394065613,0.6077574537127518,0.6077574537127518,189.5,139.03437482163787,225.35052893883602,0.0,
ID7510 → ID7551,20,7510,7551,0.10157751444228191,2.7748538730459167,0.49351306420371477,0.49351306420371477,187.5,139.43880977328456,225.0490217661746,0.0,
ID6980 → ID7068,20,6980,7068,0.35429831006615053,1.2274111617343992,2.304447693652975,2.304447693652975,165.5,143.88876810046412,218.22296748548982,0.0,
ID8173 → ID8216,20,8173,8216,0.05551384408748128,1.206352966642426,0.21693478339752675,0.21693478339752675,220.5,142.85525656714094,228.52313085408616,0.0,
ID7023 → ID6990,20,7023,6990,0.20753126317265613,1.3734361297080173,0.48666081509293574,0.48666081509293574,163.5,144.38702537580343,216.80039643243617,0.0,
ID7681 → ID7797,20,7681,7797,0.1629053537948909,1.8993334332172225,0.9862949283800319,0.9862949283800319,197.5,136.59758074413097,227.28683879786848,0.0,
ID7205 → ID7340,20,7205,7340,0.23039963655931128,2.6983807167122094,1.459532370428759,1.459532370428759,180.5,138.65454309782876,221.05866438314908,0.0,
ID8216 → ID8259,20,8216,8259,0.056805611703234615,2.7379613612517377,0.4226708226216669,0.4226708226216669,221.5,142.74153529205475,228.559647255546,0.0,
ID6990 → ID6980,20,6990,6980,0.1832562427604898,1.4931627489013477,0.30704095059590547,0.30704095059590547,164.5,144.25454110065377,217.06689316186845,0.0,
ID7282 → ID7205,20,7282,7205,0.2616005379959476,2.109908666575228,1.5606003624232234,1.5606003624232234,179.5,138.98946999207698,221.0790812703079,0.0,
ID7335 → ID7105,20,7335,7105,0.15571257165711871,1.0911881620763533,0.2878417408381296,0.2878417408381296,168.5,145.1065444650697,219.14781904121918,0.0,
ID7797 → ID7715,20,7797,7715,0.04635098667068793,1.3949978799313738,0.1907466425794852,0.1907466425794852,198.5,136.92661130617898,227.68743963475282,0.0,
ID8462 → ID8521,20,8462,8521,0.12261191901910473,1.119947611253622,0.8756123538127272,0.8756123538127272,231.5,141.94292137604015,231.5786664578423,0.0,
ID8734 → ID8665,20,8734,8665,0.09144357110084855,0.6967227068750168,0.8185844276640822,0.8185844276640822,237.5,141.8272380789943,233.02934411291682,0.0,
ID8020 → ID8274,20,8020,8274,0.10270270270273907,1.0561649830580953,0.21687708070915543,0.21687708070915543,214.5,142.02485843546174,227.01228716448338,0.0,
ID7896 → ID7902,20,7896,7902,0.14458062658004345,0.8265025318370167,1.229193144073976,1.229193144073976,209.5,138.81534806621946,228.56777522679386,0.0,
ID8077 → ID8167,20,8077,8167,0.042469443567533904,2.3750189936685104,0.2982803864168637,0.2982803864168637,218.5,142.97697210769178,227.561909229278,0.0,
ID8054 → ID8142,20,8054,8142,0.11452434055905436,1.3478310507200983,0.6978268379436475,0.6978268379436475,216.5,142.48139022747046,227.18633832384884,0.0,
ID7859 → ID8031,20,7859,8031,0.13520536215195134,1.8519990557211217,0.9664101559344351,0.9664101559344351,207.5,138.4633772183197,228.3597190909133,0.0,
ID8563 → ID8596,20,8563,8596,0.12498869785186195,3.1212045677607994,0.9099157553391505,0.9099157553391505,234.5,143.0157009985706,231.26809675663912,0.0,
ID7613 → ID7654,20,7613,7654,0.09227026953955142,2.629906714502511,0.6300817016076535,0.6300817016076535,194.5,137.01205098610674,226.3313119017027,0.0,
ID7986 → ID8098,20,7986,8098,0.1684755174154584,1.7588191633365091,0.6431967553911542,0.6431967553911542,212.5,141.72458821242043,226.44711281191616,0.0,
ID7165 → ID7360,20,7165,7360,0.04736620594287444,1.9010174307798724,0.2075813660113881,0.2075813660113881,174.5,141.33819380524014,221.6684988459526,0.0,
ID7068 → ID7096,20,7068,7096,0.24304766361383778,2.608817293522499,1.1273916506543546,1.1273916506543546,166.5,144.0462058715066,218.93121892438467,0.0,
ID7593 → ID7490,20,7593,7490,0.11078208248634958,0.4445441637183769,0.46496444166832096,0.46496444166832096,191.5,137.8075388612437,225.51925783193644,0.0,
ID7184 → ID7301,20,7184,7301,0.13586739068303555,0.7641015131947184,0.8716059119292596,0.8716059119292596,176.5,140.62027189646096,220.97241057670504,0.0,
ID8167 → ID8173,20,8167,8173,0.13835054463143692,1.102468421450525,0.8623951231194283,0.8623951231194283,219.5,142.79807696761185,228.04588037167287,0.0,
ID7252 → ID7282,20,7252,7282,0.11645014869309434,0.09748409926568169,0.7567471113925934,0.7567471113925934,178.5,139.4766406806826,221.5390347651877,0.0,
ID8031 → ID7896,20,8031,7896,0.15398254228041763,2.452216203500874,0.3388938471010589,0.3388938471010589,208.5,138.09632064069314,228.39301079014447,0.0,
ID8322 → ID8326,20,8322,8326,0.1682859761686104,0.7322287676208175,1.2059076852009938,1.2059076852009938,224.5,140.90744260083142,229.95834132409288,0.0,
ID7124 → ID7144,20,7124,7144,0.3305459135373714,0.11152102115045277,0.10170010601394,0.10170010601394,170.5,143.32633140773765,220.30703426262946,0.0,
ID7432 → ID7379,20,7432,7379,0.17540411663445254,0.656390666526075,0.8822485294216548,0.8822485294216548,182.5,137.88343457762642,224.7044877767891,0.0,
ID8408 → ID8748,20,8408,8748,0.08894226869957766,1.8819970285017853,0.5675215932206112,0.5675215932206112,228.5,141.5359406552523,231.27290012586698,0.0,
ID8596 → ID8610,20,8596,8610,0.11605640341204737,1.4875758616952308,1.0066024740851334,1.0066024740851334,235.5,143.09815514925018,231.96921581232522,0.0,
ID7553 → ID7613,20,7553,7613,0.10915362818773078,2.1248649707391527,0.6466944767133159,0.6466944767133159,193.5,137.02611068597668,226.17017321748415,0.0,
ID7223 → ID7262,20,7223,7262,0.19020781965486455,0.33137413307334124,1.1941125531979646,1.1941125531979646,172.5,141.70775521181656,221.0871054167779,0.0,
ID7777 → ID7987,20,7777,7987,0.1359809149593364,0.9186699825140543,0.09196924257973953,0.09196924257973953,203.5,137.5871367143765,228.51897447317566,0.0,
ID8259 → ID8225,20,8259,8225,0.07981065278648047,0.569708943818013,0.6660452200455744,0.6660452200455744,222.5,142.24079637112516,228.71246885172118,0.0,
ID7715 → ID7706,20,7715,7706,0.15546416773410032,0.9344020764379076,0.8010515857344545,0.8010515857344545,199.5,136.48073601499547,227.81438866727677,0.0,
ID8274 → ID8054,20,8274,8054,0.13065049614115054,1.5239069118932904,0.11135416794597694,0.11135416794597694,215.5,142.14486691355663,227.04426850350188,0.0,
ID7360 → ID7184,20,7360,7184,0.1325556733827472,1.728283076537232,0.6163439137704853,0.6163439137704853,175.5,141.1335898139819,221.43644989728892,0.0,
ID7838 → ID7817,20,7838,7817,0.219473009759936,1.9997254918346588,1.0355213394513048,1.0355213394513048,205.5,138.64797251486402,228.17589872242507,0.0,
ID8098 → ID8020,20,8098,8020,0.09559227082522626,1.4043538242530649,0.3834598467598106,0.3834598467598106,213.5,141.98366403047143,226.7528850489977,0.0,
ID7817 → ID7859,20,7817,7859,0.07265323316717776,2.2966704816279244,0.2289034623535024,0.2289034623535024,206.5,138.88272220079656,228.5598224336611,0.0,
ID7144 → ID7223,20,7144,7223,0.2546546479000381,0.1073332422805884,1.1704836539865697,1.1704836539865697,171.5,142.72825391059422,220.52284360729618,0.0,
ID7551 → ID7513,20,7551,7513,0.11045057894379973,1.2116588546596907,0.4179990083957831,0.4179990083957831,188.5,139.08035789744747,225.16007817046466,0.0,
ID7096 → ID7335,20,7096,7335,0.20648994359123618,1.7363681254649854,0.865441751159865,0.865441751159865,167.5,144.69171772234833,218.8422817805769,0.0,
ID7706 → ID7744,20,7706,7744,0.12294251709295467,1.2561183417219453,0.8759012671966264,0.8759012671966264,200.5,135.9941660607103,228.28773216904682,0.0,
ID7468 → ID7573,20,7468,7573,0.0989296226920311,2.6503525985145258,0.5792289380126465,0.5792289380126465,185.5,138.3162747792771,225.21730848603391,0.0,
ID7470 → ID7593,20,7470,7593,0.15910781044884104,2.081862280481535,1.166076107558667,1.166076107558667,190.5,138.60075786496606,225.61687254557094,0.0,
ID8353 → ID8380,20,8353,8380,0.08129336653020358,1.1701913131975086,0.5926486613310609,0.5926486613310609,226.5,141.37708388719835,231.47630602628016,0.0,
ID7301 → ID7252,20,7301,7252,0.09885337039616682,1.1715919459209723,0.6771199991998194,0.6771199991998194,177.5,139.97489749892785,221.0247221602038,0.0,
ID7989 → ID7986,20,7989,7986,0.20087994971712186,0.6649240674530283,0.6586062397850084,0.6586062397850084,211.5,141.3638040366829,226.65232143513543,0.0,
ID7490 → ID7553,20,7490,7553,0.16507485802789934,1.0657151256660884,1.0721343871678524,1.0721343871678524,192.5,137.1623584815817,225.73318789133648,0.0,
ID7987 → ID7838,20,7987,7838,0.25339493210136543,2.183990361162218,1.2340371822532938,1.2340371822532938,204.5,138.0309472610062,228.12756423643475,0.0,
ID8326 → ID8353,20,8326,8353,0.14823442864148528,1.1517812815213944,0.9979350341307139,0.9979350341307139,225.5,141.0985535668384,230.86432713502649,0.0,
ID7418 → ID7468,20,7418,7468,0.12037922536508405,2.7943872396610074,0.75417522069357,0.75417522069357,184.5,138.49916100942846,225.21159364332374,0.0,
ID7744 → ID7756,20,7744,7756,0.132143386764085,2.414132709981486,1.0971056539801598,1.0971056539801598,201.5,136.3457007671305,228.38913038902308,0.0,
ID7573 → ID7510,20,7573,7510,0.17507634142793094,1.7852071394112807,1.3645459524667793,1.3645459524667793,186.5,138.99738455838394,225.18020499470333,0.0,
ID8521 → ID8524,20,8521,8524,0.1407078554691601,0.7299396400143439,1.447158214335619,1.447158214335619,232.5,143.00488206764865,231.82285837231728,0.0,
ID8225 → ID8322,20,8225,8322,0.10042301089515493,0.016065536566819482,0.9995755958132766,0.9995755958132766,223.5,141.52031205495138,229.13012010343107,0.0,
ID8610 → ID8734,20,8610,8734,0.08410328930374367,0.6433518636114178,0.8391603468982141,0.8391603468982141,236.5,142.4276343212732,232.5328465828158,0.0,
ID7105 → ID7124,20,7105,7124,0.4343420877216281,2.790924064424757,2.208544723790492,2.208544723790492,169.5,144.3098263561696,219.70176751108443,0.0,
ID8158 → ID8195,21,8158,8195,0.08524309273934028,2.3645130607035654,0.5431444992343123,0.5431444992343123,220.5,112.38960748940751,149.7538399745356,0.0,
ID7255 → ID7156,21,7255,7156,0.0955973868325698,0.14575732185955692,0.8855906301936969,0.8855906301936969,173.5,111.26201919720047,153.78851944947056,0.0,
ID7216 → ID7255,21,7216,7255,0.22525999469701175,0.6345410402807738,1.5683623984590076,1.5683623984590076,172.5,110.49547848636733,154.7427326067197,0.0,
ID7851 → ID8024,21,7851,8024,0.10323661374605775,0.6086129291725332,0.39917009503096035,0.39917009503096035,207.5,110.06080074870867,152.3660340112147,0.0,
ID8091 → ID8007,21,8091,8007,0.1344115042125863,2.8624976936986357,1.0129883974821516,1.0129883974821516,213.5,110.97031903082815,150.81207777509738,0.0,
ID8024 → ID7882,21,8024,7882,0.2242931672837578,1.770784023547304,0.7343997859624664,0.7343997859624664,208.5,109.6845657709448,152.42927135304416,0.0,
ID7136 → ID7216,21,7136,7216,0.18977139507621865,0.13187290606390017,1.0377359677852085,1.0377359677852085,171.5,109.5433598440081,155.53834642227093,0.0,
ID7455 → ID7585,21,7455,7585,0.08426467930087034,0.06297878787132889,0.3078091389051327,0.3078091389051327,190.5,111.31449878100901,154.06087783162627,0.0,
ID7964 → ID8091,21,7964,8091,0.27765640516384993,1.5780462241537112,1.0005499156516817,1.0005499156516817,212.5,111.01556081136576,150.9447478586702,0.0,
ID7371 → ID7404,21,7371,7404,0.17045528676098576,2.896074164950147,1.6487259121730837,1.6487259121730837,183.5,110.69314166602453,152.9553632074067,0.0,
ID7585 → ID7483,21,7585,7483,0.10394082177473962,1.1983794217494754,0.44751443129819646,0.44751443129819646,191.5,111.0334910275406,153.9199886424782,0.0,
ID7626 → ID7667,21,7626,7667,0.17248114139851234,0.5188833765522887,0.6569794249075647,0.6569794249075647,196.5,110.03978841563722,154.3206679322267,0.0,
ID6985 → ID6969,21,6985,6969,0.4790739233391079,NaN,3.976950866523612,3.976950866523612,164.5,102.61762260206459,159.385000272157,0.0,
ID8397 → ID8718,21,8397,8718,0.15071219366260735,2.5508324938118165,0.8359404133191048,0.8359404133191048,228.5,111.48012401865736,149.73779508242043,0.0,
ID8503 → ID8542,21,8503,8542,0.060676244969538384,2.2185060662476386,0.3487751268136843,0.3487751268136843,233.5,113.21790287053403,148.7947137982556,0.0,
ID8301 → ID8308,21,8301,8308,0.23254422546279263,0.06764529330087536,1.9666024758500251,1.9666024758500251,224.5,111.43299378742998,149.98420595694233,0.0,
ID8635 → ID8730,21,8635,8730,0.14935504885993267,0.4920232392508955,1.148224108589756,1.148224108589756,238.5,114.8374550284324,148.13218542891985,0.0,
ID8045 → ID8117,21,8045,8117,0.15027807360076595,2.133378525795157,0.6479276263576312,0.6479276263576312,216.5,111.14598984306201,150.30578331787936,0.0,
ID8718 → ID8446,21,8718,8446,0.14713263314438318,1.4243789054929161,1.137984491304857,1.137984491304857,229.5,111.14398805503834,149.0633635976201,0.0,
ID7424 → ID7371,21,7424,7371,0.1509873834339035,2.266469289358489,0.4992199746664104,0.4992199746664104,182.5,111.04287459265386,152.4859281170202,0.0,
ID7708 → ID7691,21,7708,7691,0.1470311381660928,2.8039857724907526,1.3069029165046486,1.3069029165046486,199.5,109.88892309684975,154.10672798932163,0.0,
ID7536 → ID7501,21,7536,7501,0.050282442142981165,1.0111597204351657,0.2598519989494803,0.2598519989494803,188.5,112.2256627423087,153.72176451486297,0.0,
ID7968 → ID7964,21,7968,7964,0.2949354518371329,1.2055985553781365,0.8759549652058786,0.8759549652058786,211.5,110.74280681435835,151.54850903306425,0.0,
ID8195 → ID8241,21,8195,8241,0.10127379442956463,0.30786358380479284,0.6164889431912415,0.6164889431912415,221.5,111.9465049128931,149.3905550841222,0.0,
ID8266 → ID8045,21,8266,8045,0.16069104248017874,1.427291690165858,0.1358289392337408,0.1358289392337408,215.5,110.86434382606139,150.38806404925478,0.0,
ID8343 → ID8370,21,8343,8370,0.09467444790526658,1.3358686253050935,0.599174329031218,0.599174329031218,226.5,111.32841829961751,150.34276170705328,0.0,
ID6969 → ID7060,21,6969,7060,0.38479333744602684,2.7362633072200193,0.9100925444482295,0.9100925444482295,165.5,103.63483801180791,158.17532558184428,0.0,
ID7564 → ID7389,21,7564,7389,0.1511956536651603,0.4634946700059994,0.4767296477938251,0.4767296477938251,186.5,112.13569548840142,152.9512277526559,0.0,
ID7830 → ID7810,21,7830,7810,0.16511145671333594,2.7696460729483765,0.25728572509389486,0.25728572509389486,205.5,110.40909892896869,152.74939214380709,0.0,
ID7084 → ID7321,21,7084,7321,0.23178704856789767,1.0670980491819932,0.7589647359795222,0.7589647359795222,167.5,106.03068564935784,157.67981984818599,0.0,
ID8576 → ID8598,21,8576,8598,0.0956203976401181,0.9829653256090917,1.1652147330903229,1.1652147330903229,235.5,114.35782698331153,148.45514607246182,0.0,
ID7273 → ID7195,21,7273,7195,0.058908275655924824,1.85947806165556,0.18922301498016222,0.18922301498016222,179.5,111.85167589393498,152.3792026760269,0.0,
ID7389 → ID7536,21,7389,7536,0.09860926884879007,0.5698499662119801,0.5058770031964877,0.5058770031964877,187.5,112.30559887465745,153.39106574465816,0.0,
ID7667 → ID7790,21,7667,7790,0.07084932579539116,3.1187743803439485,0.37804378285540746,0.37804378285540746,197.5,110.07663594014772,154.45530025067,0.0,
ID8308 → ID8343,21,8308,8343,0.1617221805719109,2.490009976614396,0.49647971842301014,0.49647971842301014,225.5,111.12264764629269,150.7217818890764,0.0,
ID8068 → ID8146,21,8068,8146,0.12392957767778057,0.20481561370514367,1.0884931178273596,1.0884931178273596,218.5,112.08657015631854,149.30032260224172,0.0,
ID7098 → ID7117,21,7098,7117,0.3802610633556077,0.8466179145209127,2.2750998215949547,2.2750998215949547,169.5,107.27755750410408,156.5403731060833,0.0,
ID7691 → ID7728,21,7691,7728,0.04415415445073034,0.04564639965354957,0.22900512830716804,0.22900512830716804,200.5,109.13777738365518,154.26603155728748,0.0,
ID8117 → ID8068,21,8117,8068,0.06928097821030954,0.8239584963624693,0.61800270954611,0.61800270954611,217.5,111.6580957013104,150.0334061662631,0.0,
ID7790 → ID7708,21,7790,7708,0.07323877087181019,1.2444370052866964,0.5740905879630581,0.5740905879630581,198.5,110.28283180921656,154.12303934959843,0.0,
ID7962 → ID7830,21,7962,7830,0.19414560920692692,2.175821704390711,0.30950589650295884,0.30950589650295884,204.5,110.43420501246221,152.80206048394152,0.0,
ID8542 → ID8576,21,8542,8576,0.10176223495350412,1.5252525449738508,0.659135267301222,0.659135267301222,234.5,113.59166468388638,148.72717733107152,0.0,
ID7293 → ID7236,21,7293,7236,0.10640907063935234,2.8579821276186728,1.120485681656276,1.120485681656276,177.5,111.7753941394048,152.3902272028393,0.0,
ID7236 → ID7273,21,7236,7273,0.09147244602592941,2.897295341710015,0.5078343829691341,0.5078343829691341,178.5,112.07831979093575,152.28766368224007,0.0,
ID8241 → ID8213,21,8241,8213,0.08066528502480319,1.7808227764703795,0.5092048048009499,0.5092048048009499,222.5,111.958356930191,149.0342227511178,0.0,
ID7501 → ID7455,21,7501,7455,0.08074510574944604,0.3289505374574763,0.6951277161863139,0.6951277161863139,189.5,111.79280857510875,153.9109504180783,0.0,
ID7450 → ID7564,21,7450,7564,0.047893329190693446,1.0156744850112165,0.1996111796827631,0.1996111796827631,185.5,111.89904525476801,152.72028194674255,0.0,
ID7195 → ID7326,21,7195,7326,0.054123702311231425,2.00141941330752,0.1365497884801731,0.1365497884801731,180.5,111.76625795056464,152.3488114260332,0.0,
ID7728 → ID7749,21,7728,7749,0.12487562849069711,2.788077080453741,0.7100485199745262,0.7100485199745262,201.5,109.37981635665346,154.33157119840803,0.0,
ID7770 → ID7962,21,7770,7962,0.1779133618059613,1.466350164627677,1.6283425160228455,1.6283425160228455,203.5,110.00105598611188,153.39861489053794,0.0,
ID7326 → ID7424,21,7326,7424,0.09274489942947484,0.501216353439395,0.8190330832324951,0.8190330832324951,181.5,111.34770291841721,152.5637955793141,0.0,
ID8213 → ID8301,21,8213,8301,0.07406873882402143,2.755892119443781,0.3282281835053744,0.3282281835053744,223.5,112.07804547607265,149.03566385867066,0.0,
ID7404 → ID7450,21,7404,7450,0.14055390885623897,2.677882682745267,1.8265377848890276,1.8265377848890276,184.5,111.04038321498243,153.17061590350897,0.0,
ID7749 → ID7770,21,7749,7770,0.1062336637287209,2.341296104888664,0.5134089886158313,0.5134089886158313,202.5,109.5744960661739,154.16698857985008,0.0,
ID8370 → ID8397,21,8370,8397,0.1617868675995866,1.3416804862895002,0.6164793539921877,0.6164793539921877,227.5,111.59149706326646,149.9458993502457,0.0,
ID8007 → ID8266,21,8007,8266,0.14000041631682214,2.4934773890437123,0.6219025384389552,0.6219025384389552,214.5,110.68729104111006,150.6637371968914,0.0,
ID7810 → ID7851,21,7810,7851,0.08082393141589816,2.5088563576669354,0.4217648983704171,0.4217648983704171,206.5,110.34655383281054,152.63382852122345,0.0,
ID8438 → ID8500,21,8438,8500,0.09764322907085676,0.8727826409424272,1.1648725683702148,1.1648725683702148,231.5,112.09150177454583,148.38567019850274,0.0,
ID8446 → ID8438,21,8446,8438,0.06563301364903629,1.8518401927579298,0.3927713738414936,0.3927713738414936,230.5,111.3921632089421,148.57474983436632,0.0,
ID8500 → ID8503,21,8500,8503,0.15577626764244423,1.464239073182017,1.0025871772604704,1.0025871772604704,232.5,112.88456521095412,148.53956420787273,0.0,
ID7352 → ID7175,21,7352,7175,0.1305006702803252,0.33129928864268,1.2101910787931678,1.2101910787931678,175.5,113.19291517717053,152.30584994216838,0.0,
ID7060 → ID7084,21,7060,7084,0.3502059403345581,3.1312403936598736,2.6950790901045667,2.6950790901045667,166.5,104.47720083327128,157.88030891466724,0.0,
ID7175 → ID7293,21,7175,7293,0.24543446410870862,2.98770155231188,2.533742379112023,2.533742379112023,176.5,112.520849511628,152.37213278962815,0.0,
ID7321 → ID7098,21,7321,7098,0.18202891144046218,2.218138474206565,0.7078848451335582,0.7078848451335582,168.5,106.34218117670792,157.57857514870528,0.0,
ID7891 → ID7968,21,7891,7968,0.15377588831756273,0.953406993105395,1.1643817037011932,1.1643817037011932,210.5,110.51898175755983,152.36263525697976,0.0,
ID7483 → ID7537,21,7483,7537,0.1477907888965796,3.118551752421844,0.6949592713080122,0.6949592713080122,192.5,111.11303500033597,154.0149690010369,0.0,
ID7646 → ID7626,21,7646,7626,0.059258011004260425,1.6571224665263957,0.182172132781093,0.182172132781093,195.5,109.98830700626223,153.91383043775915,0.0,
ID7882 → ID7891,21,7882,7891,0.1142607937200204,2.2800056297510194,0.7158871491063361,0.7158871491063361,209.5,109.7584272365938,152.72305968576498,0.0,
ID7117 → ID7136,21,7117,7136,0.2728617934299925,0.4663887067879235,0.8782761567180296,0.8782761567180296,170.5,108.61752305510485,155.7763487250852,0.0,
ID8690 → ID8635,21,8690,8635,0.06899723996913965,2.7953379234090763,0.1755774690611363,0.1755774690611363,237.5,114.31307794300746,147.74336132900035,0.0,
ID7156 → ID7352,21,7156,7352,0.13635339621083453,0.07956669739230919,1.41551860778694,1.41551860778694,174.5,112.10175062981384,153.00325258081608,0.0,
ID8146 → ID8158,21,8146,8158,0.17291073449132865,2.416019162057527,1.1188226859425745,1.1188226859425745,219.5,112.475275317752,149.35044734120936,0.0,
ID7605 → ID7646,21,7605,7646,0.1504244143525002,0.09579806106649076,0.9736452676181139,0.9736452676181139,194.5,110.46777017842473,154.00193061801522,0.0,
ID7537 → ID7605,21,7537,7605,0.07010696872073063,2.4995188959736163,0.41854748515213314,0.41854748515213314,193.5,111.12334459319104,154.23396099106918,0.0,
ID8598 → ID8690,21,8598,8690,0.10658391375067722,1.900511408299045,0.6848022943141336,0.6848022943141336,236.5,114.51806539235713,147.9057670037942,0.0,
ID8646 → ID8750,22,8646,8750,0.12674543501610758,0.16998817309917114,1.0559571336991804,1.0559571336991804,238.5,92.63460839399528,180.23687970392461,0.0,
ID8317 → ID8347,22,8317,8347,0.14007011913582712,1.6853883711647328,0.861354494583801,0.861354494583801,225.5,93.9976664404002,179.41915618540975,0.0,
ID7671 → ID7792,22,7671,7792,0.07876207941470093,0.4460998177903637,0.5202802106203549,0.5202802106203549,197.5,93.82113733775265,181.73571392390153,0.0,
ID7062 → ID7088,22,7062,7088,0.2554172429691105,2.168989470219362,0.4490751207279222,0.4490751207279222,166.5,100.89425531957352,174.7634306073894,0.0,
ID7198 → ID7332,22,7198,7332,0.06831157545952438,0.6437776330533569,0.5452137249091509,0.5452137249091509,180.5,96.89256903750827,180.88007863863112,0.0,
ID7257 → ID7158,22,7257,7158,0.22045377299185998,0.4812903874213143,1.681012630419518,1.681012630419518,173.5,96.27441488699903,179.4445265578007,0.0,
ID8268 → ID8048,22,8268,8048,0.11835839962834815,1.8521018991949394,0.4182394264816385,0.4182394264816385,215.5,95.31479204882703,178.18514387570428,0.0,
ID7648 → ID7628,22,7648,7628,0.13632043448743847,0.6875702841372356,0.735578614879384,0.735578614879384,195.5,94.93402105772421,180.9693206240703,0.0,
ID6973 → ID7062,22,6973,7062,0.380666974027975,0.5866367596975681,1.622000017127909,1.622000017127909,165.5,101.58859583157877,174.61875825642585,0.0,
ID7974 → ID7970,22,7974,7970,0.19553888054447632,0.5185341152853772,1.142061139578496,1.142061139578496,211.5,92.2296249889223,180.12285829337247,0.0,
ID7895 → ID7974,22,7895,7974,0.20383934649423374,0.09893230822903028,1.5484234795775502,1.5484234795775502,210.5,91.84189389433249,181.36507838795012,0.0,
ID7119 → ID7139,22,7119,7139,0.32772831538430236,1.8611307015779432,2.085217455790591,2.085217455790591,170.5,98.93407408591978,176.2859319756917,0.0,
ID7751 → ID7772,22,7751,7772,0.10828524011591112,0.4303804182512248,1.1506110575921635,1.1506110575921635,202.5,91.61026403422645,181.66935702343355,0.0,
ID8093 → ID8011,22,8093,8011,0.17899700931298668,0.33636534754621494,1.9437313124734332,1.9437313124734332,213.5,94.79065806320953,178.43663948307338,0.0,
ID7886 → ID7895,22,7886,7895,0.1316835604582458,2.8878028238239586,0.9320639878668511,0.9320639878668511,209.5,91.69299817201019,182.59491822420634,0.0,
ID7566 → ID7392,22,7566,7392,0.14543809786551176,2.660240966955374,0.6357927368155605,0.6357927368155605,186.5,96.51091946825366,180.29576056006465,0.0,
ID7100 → ID7119,22,7100,7119,0.4066111594383123,1.506490212344922,1.2198096431013465,1.2198096431013465,169.5,99.81190696623885,175.71641525641,0.0,
ID8347 → ID8374,22,8347,8374,0.17188773705246096,1.9538521855809117,1.1726065259671405,1.1726065259671405,226.5,94.4683984780041,179.07434741987436,0.0,
ID7276 → ID7198,22,7276,7198,0.15709200544489632,2.951989496818371,1.0662086442133645,1.0662086442133645,179.5,97.6466046109476,181.02981666103886,0.0,
ID7970 → ID8093,22,7970,8093,0.16963405138853982,0.3450424740328631,1.6088698777372559,1.6088698777372559,212.5,93.20580863813447,179.18220806557133,0.0,
ID7178 → ID7295,22,7178,7295,0.16748768472907538,3.119396029716637,1.1219694939619722,1.1219694939619722,176.5,96.9116504280104,180.0050796291589,0.0,
ID7587 → ID7485,22,7587,7485,0.11063817514545693,1.2281003838268292,0.4219455817947508,0.4219455817947508,191.5,95.2425480879006,181.30278600070136,0.0,
ID7295 → ID7241,22,7295,7241,0.2462451623252747,2.749641477283774,1.5000545779527452,1.5000545779527452,177.5,96.94445548222487,180.31888887407013,0.0,
ID7854 → ID8026,22,7854,8026,0.07104880299637895,2.880909332964361,0.460324427127853,0.460324427127853,207.5,91.73579953407359,181.68977170556187,0.0,
ID7695 → ID7734,22,7695,7734,0.07954205327747466,0.3150540234491538,0.5500595033208096,0.5500595033208096,200.5,92.72926904330261,181.41796799152422,0.0,
ID8026 → ID7886,22,8026,7886,0.20633751744413276,1.795042960319629,1.402057456982146,1.402057456982146,208.5,91.55842450944687,182.3539964116445,0.0,
ID7710 → ID7695,22,7710,7695,0.16221953390700838,2.9101570497427636,1.0619369756306682,1.0619369756306682,199.5,93.42359785679542,181.8093311894483,0.0,
ID7139 → ID7218,22,7139,7218,0.18889402378805809,0.7611906444216605,0.6138757984197163,0.6138757984197163,171.5,98.24354967383381,177.36658593593836,0.0,
ID7607 → ID7648,22,7607,7648,0.05183517944176119,1.0255876205193555,0.08558596111691362,0.08558596111691362,194.5,95.17219290819929,181.2928943711516,0.0,
ID8011 → ID8268,22,8011,8268,0.10112161814759901,2.399027589470686,0.4137892937761757,0.4137892937761757,214.5,95.53678125972809,178.07009945729266,0.0,
ID8071 → ID8154,22,8071,8154,0.06383112137333635,0.9998701552071648,0.34887124503387723,0.34887124503387723,218.5,94.0949047124174,178.6919025684317,0.0,
ID8166 → ID8204,22,8166,8204,0.07905212914556192,1.9786704631838503,0.7749649752101573,0.7749649752101573,220.5,94.5508867990507,178.90329984742257,0.0,
ID8204 → ID8249,22,8204,8249,0.08754756441167055,2.0260431427127212,0.7394265205192694,0.7394265205192694,221.5,94.33413720560159,178.5658473326606,0.0,
ID7392 → ID7540,22,7392,7540,0.10143371439397786,1.6534848745854565,0.3995250225355184,0.3995250225355184,187.5,96.75395704998856,180.5629791772161,0.0,
ID7241 → ID7276,22,7241,7276,0.1314275587545538,0.11988450856993221,0.7598578151849031,0.7598578151849031,178.5,97.82187267357298,181.02800768949797,0.0,
ID7325 → ID7100,22,7325,7100,0.1672985399693302,0.7824780451729995,0.9657848580312898,0.9657848580312898,168.5,100.61285469705292,175.7552004512025,0.0,
ID8122 → ID8071,22,8122,8071,0.07599234861174498,1.6769726092211759,0.358221322062717,0.358221322062717,217.5,94.25142157657385,178.42398589173717,0.0,
ID8402 → ID8732,22,8402,8732,0.07171261171118437,0.23083082965365023,0.6644625890552655,0.6644625890552655,228.5,94.92652221967171,179.75972593588676,0.0,
ID8374 → ID8402,22,8374,8402,0.10299917273830328,1.76955972995838,0.29843311049084864,0.29843311049084864,227.5,95.00333133572126,179.2872191816763,0.0,
ID8456 → ID8450,22,8456,8450,0.09531531706211838,2.4940672665310064,0.8099275813368556,0.8099275813368556,230.5,94.44132848996716,179.9419598504527,0.0,
ID7459 → ID7587,22,7459,7587,0.06854537561492846,1.4894062357143278,0.5410853279122174,0.5410853279122174,190.5,95.63153514584585,181.23385924948388,0.0,
ID7833 → ID7812,22,7833,7812,0.12654028898405267,0.4268776872199288,0.904765772230801,0.904765772230801,205.5,91.33283425448155,181.84749507249444,0.0,
ID8311 → ID8317,22,8311,8317,0.11254304883507849,2.324593156458519,0.8998868701537789,0.8998868701537789,224.5,94.52743371130724,179.67008321342232,0.0,
ID8732 → ID8456,22,8732,8456,0.09824242557488339,2.3316385012417764,0.7350875437539751,0.7350875437539751,229.5,94.65433411741904,179.81434193591946,0.0,
ID7734 → ID7751,22,7734,7751,0.0821443413215116,0.4130646309832581,0.364806296038925,0.364806296038925,201.5,92.2856152926786,181.35489876030798,0.0,
ID7218 → ID7257,22,7218,7257,0.19151251833886895,0.30110803910154443,1.8090381739553592,1.8090381739553592,172.5,97.27452072703946,178.0762540395846,0.0,
ID7406 → ID7456,22,7406,7456,0.11320829773840169,3.049332813863158,1.3946546363811374,1.3946546363811374,184.5,96.02921389861224,180.96914695218283,0.0,
ID7485 → ID7541,22,7485,7541,0.1400621254846578,2.9165310210539808,0.28678314108154346,0.28678314108154346,192.5,95.16490563423517,181.29473950911148,0.0,
ID7972 → ID7833,22,7972,7833,0.1411684473743836,3.0066377227279304,0.38303724841565073,0.38303724841565073,204.5,90.83133183710709,182.2316238061436,0.0,
ID7540 → ID7504,22,7540,7504,0.1574123026853559,0.28851874197348837,1.1135841849104087,1.1135841849104087,188.5,96.66486612202769,181.30812541522948,0.0,
ID6986 → ID6973,22,6986,6973,0.41501020058132354,NaN,2.9487389411106384,2.9487389411106384,164.5,103.7759881666968,174.42280191987896,0.0,
ID7354 → ID7178,22,7354,7178,0.1307162402014297,0.6942338637563849,0.8206627388008634,0.8206627388008634,175.5,97.05143111970753,180.0622740861267,0.0,
ID8605 → ID8717,22,8605,8717,0.14805497321220118,2.3017601697112777,1.2732940740827763,1.2732940740827763,236.5,90.6772385041937,178.81907683982303,0.0,
ID7332 → ID7427,22,7332,7427,0.11854843720130692,0.4069176673174104,0.4668662785602519,0.4668662785602519,181.5,96.39742281943509,180.90275926128714,0.0,
ID7427 → ID7373,22,7427,7373,0.18298824846110096,0.2827660657389274,0.07577134277835526,0.07577134277835526,182.5,96.13349301461108,180.84572825326705,0.0,
ID8510 → ID8513,22,8510,8513,0.1782839427308538,1.4791659006405415,1.703955426847912,1.703955426847912,232.5,93.36255134393474,180.39009377136384,0.0,
ID7812 → ID7854,22,7812,7854,0.04557789384613142,0.9411695463597355,0.26166460028449057,0.26166460028449057,206.5,91.84347179871756,181.67222513408922,0.0,
ID7541 → ID7607,22,7541,7607,0.03655837079785129,2.9214688623205416,0.11238776822489456,0.11238776822489456,193.5,95.22128501338588,181.36412006302066,0.0,
ID7504 → ID7459,22,7504,7459,0.19420945416959035,2.314585920221467,1.137118054434131,1.137118054434131,189.5,96.2394309007179,181.46173329044592,0.0,
ID8450 → ID8510,22,8450,8510,0.08044347484982217,2.474559822895965,0.6363383582588538,0.6363383582588538,231.5,94.25626121604031,180.11083062195559,0.0,
ID8048 → ID8122,22,8048,8122,0.15819715297672932,1.5392581883427956,1.0311818876893177,1.0311818876893177,216.5,94.76825765682449,178.31805364033903,0.0,
ID7088 → ID7325,22,7088,7325,0.2918328164229701,2.988414717760363,0.8638528350728141,0.8638528350728141,167.5,100.93377428548868,174.97252273704538,0.0,
ID8513 → ID8551,22,8513,8551,0.1792311708782347,1.312132488334134,1.5429463983004337,1.5429463983004337,233.5,92.07578016005911,180.42889948694005,0.0,
ID8154 → ID8166,22,8154,8166,0.09074958967017865,1.7943289479099498,0.6594436426510262,0.6594436426510262,219.5,94.17161776505338,179.02017061696964,0.0,
ID7373 → ID7406,22,7373,7406,0.09780957107468313,1.140062786977675,0.8373420179587379,0.8373420179587379,183.5,95.77489925570245,181.09347188082427,0.0,
ID8551 → ID8587,22,8551,8587,0.07016601234561837,1.0539341733290113,0.6757293969248848,0.6757293969248848,234.5,91.51781237768921,179.6192071236792,0.0,
ID7772 → ID7972,22,7772,7972,0.12839450062489366,0.2816013288890461,0.5796904032703899,0.5796904032703899,203.5,90.91845704427043,182.17606493007406,0.0,
ID8717 → ID8646,22,8717,8646,0.18612873980055855,1.7019299155427299,1.9182648401587021,1.9182648401587021,237.5,91.7287744819904,179.06369333746068,0.0,
ID8249 → ID8219,22,8249,8219,0.0797019445774314,1.7864245493400641,0.5438252037085332,0.5438252037085332,222.5,94.03648506083485,178.84693212684948,0.0,
ID7158 → ID7354,22,7158,7354,0.08723826434023807,2.340710125227292,0.7549093689136023,0.7549093689136023,174.5,96.31079985924355,180.08165782907383,0.0,
ID7456 → ID7566,22,7456,7566,0.10524818537612135,1.8198439293157527,0.5440597598239276,0.5440597598239276,185.5,96.40547158559698,180.39889796483408,0.0,
ID7628 → ID7671,22,7628,7671,0.17048356709231804,1.6608410914293485,1.1255387100319563,1.1255387100319563,196.5,94.30125891902495,181.08917769865667,0.0,
ID8587 → ID8605,22,8587,8605,0.15853249676708492,1.7271111337943053,1.310871425861096,1.310871425861096,235.5,90.91196195315437,179.29096331642359,0.0,
ID7792 → ID7710,22,7792,7710,0.06390272301616051,1.051441678095608,0.18127408639236323,0.18127408639236323,198.5,93.79592485795817,182.04981115670438,0.0,
ID8219 → ID8311,22,8219,8311,0.1272340040787585,0.8632015547335651,0.9266380586759361,0.9266380586759361,223.5,94.52702294510186,179.3070978759448,0.0,
ID8325 → ID8352,23,8325,8352,0.09837033538022466,2.6012247684168055,0.6885749800978934,0.6885749800978934,225.5,181.10281544051003,211.38581285514184,0.0,
ID8561 → ID8594,23,8561,8594,0.03756232420511496,0.5197361572304504,0.27852125635399577,0.27852125635399577,234.5,180.58961902192732,210.9249549004233,0.0,
ID7547 → ID7511,23,7547,7511,0.5320620842572261,2.326273565870941,3.312683002391368,3.312683002391368,188.5,184.70333709400813,203.5981430987341,0.0,
ID7512 → ID7469,23,7512,7469,0.2206205717078561,0.9407313626848254,1.2502701059029435,1.2502701059029435,189.5,172.56134290702624,208.57130092249142,0.0,
ID7092 → ID7331,23,7092,7331,0.3778834675983257,0.4068665317824899,2.2844091327210654,2.2844091327210654,167.5,176.25171814879502,200.34278691524247,0.0,
ID7511 → ID7467,23,7511,7467,0.1273417914742767,1.6963832676846522,0.7042829676980075,0.7042829676980075,189.5,183.95709941152091,205.06936150247364,0.0,
ID7755 → ID7776,23,7755,7776,0.07152417349075091,0.5229608820159722,0.5003384140407762,0.5003384140407762,202.5,178.54734570662146,209.00719266151032,0.0,
ID8137 → ID8076,23,8137,8076,0.12509903343369,2.545258339444293,1.086727370392063,1.086727370392063,217.5,181.98416906685458,209.68496409220242,0.0,
ID8257 → ID8224,23,8257,8224,0.08605741302955705,2.2042888390875675,0.639796284769167,0.639796284769167,222.5,182.2089000828484,210.13335721321778,0.0,
ID7065 → ID7092,23,7065,7092,0.4159017342686697,NaN,2.704121159132713,2.704121159132713,166.5,174.4572779844899,198.68471530383195,0.0,
ID7858 → ID8030,23,7858,8030,0.09593126582839306,0.35605999025049595,0.5657809356243966,0.5657809356243966,207.5,179.40179346048754,209.7982256108619,0.0,
ID8030 → ID7894,23,8030,7894,0.13991719061490993,2.3291028281091934,0.6109024907031162,0.6109024907031162,208.5,179.58694034593498,209.65609168493722,0.0,
ID7550 → ID7611,23,8843,8844,0.13843953426958555,0.6405389960543938,1.0899843303065042,1.0899843303065042,193.5,176.40728695224624,207.69908043847983,0.0,
ID8407 → ID8747,23,8407,8747,0.08451232845420353,2.5048726228131755,0.5312838186109398,0.5312838186109398,228.5,181.05596417863916,211.55108914889348,0.0,
ID7796 → ID7714,23,7796,7714,0.22328542094448656,0.8328964274734325,1.670936802755666,1.670936802755666,198.5,177.5689021100934,207.55079192480355,0.0,
ID8609 → ID8731,23,8609,8731,0.06339914126805468,1.2708827524731041,0.4334091756035915,0.4334091756035915,236.5,180.3785498575217,210.9608812489236,0.0,
ID7331 → ID7103,23,7331,7103,0.2792616417283542,0.5153795135993456,0.34970949005306734,0.34970949005306734,168.5,176.91599498988307,201.45701156598156,0.0,
ID7894 → ID7901,23,7894,7901,0.07396879576563209,2.051108477682013,0.6507794292554265,0.6507794292554265,209.5,179.61059327248532,209.9828505108477,0.0,
ID8224 → ID8320,23,8224,8320,0.04152667068871463,0.46974925630292785,0.2434693089583192,0.2434693089583192,223.5,182.47296967792107,209.7914941214149,0.0,
ID7489 → ID7550,23,7489,8843,0.08099081547455356,2.9714334215047,0.3282577473223191,0.3282577473223191,192.5,177.02082080543073,207.3974737414141,0.0,
ID8519 → ID8523,23,8519,8523,0.06980779359881839,1.9226099328135455,0.4226845725081658,0.4226845725081658,232.5,180.69139931733403,211.4569961467993,0.0,
ID7632 → ID7678,23,8846,7678,0.11663175786102198,1.5030900541642922,0.48012957913811505,0.48012957913811505,196.5,176.3454818271639,207.3683045547574,0.0,
ID7982 → ID8097,23,7982,8097,0.13336757954212164,1.8137227126140154,0.7553294198221181,0.7553294198221181,212.5,181.15728748559548,208.80186100001026,0.0,
ID7508 → ID7549,23,7508,7549,0.3977843457413306,2.960674917654738,4.26008319317191,4.26008319317191,187.5,176.6891297145591,206.3772593232727,0.0,
ID7103 → ID7122,23,7103,7122,0.37057754160253364,1.0995530118263201,0.8417779597288247,0.8417779597288247,169.5,176.57487481761228,201.8547321606771,0.0,
ID7298 → ID7247,23,8832,8833,0.10207701099590194,0.9733644956737865,0.40560760141541213,0.40560760141541213,177.5,178.27096350955003,203.23051213225267,0.0,
ID7901 → ID7988,23,7901,7988,0.2871817141863713,2.95046140632915,2.575335219847012,2.575335219847012,210.5,180.19490379939919,209.20837020580944,0.0,
ID7221 → ID7260,23,7221,7260,0.13333446402905103,1.266689021341278,1.0193998034927674,1.0193998034927674,172.5,177.47812954025534,202.62929337443583,0.0,
ID7247 → ID7280,23,8833,8834,0.13682557112633364,0.7757223756102161,0.8498322987954771,0.8498322987954771,178.5,177.97652553664875,203.7384807891782,0.0,
ID7328_1 → ID7431,23,8839,7431,0.13912415327780603,0.19281312517380952,0.45075137760722217,0.45075137760722217,181.5,178.33733928447128,203.90348214522174,0.0,
ID8273 → ID8053,23,8273,8053,0.10025357413035307,1.7850755690647195,0.5870859439730868,0.5870859439730868,215.5,181.64053611220473,209.19992488449213,0.0,
ID7431 → ID7377,23,7431,7377,0.2027283035078954,1.6976910319203478,0.9986314771606836,0.9986314771606836,182.5,178.84075467273277,204.03838987749265,0.0,
ID7678 → ID7796,23,7678,7796,0.06382310929483515,1.033299896042128,0.4813889907631098,0.4813889907631098,197.5,176.66320740632642,207.09667438158698,0.0,
ID7467 → ID7591,23,7467,7591,0.13518916117574453,1.71525891922102,0.7321056290049739,0.7321056290049739,190.5,183.5442942894517,205.29403121561745,0.0,
ID7142 → ID7221,23,7142,7221,0.14986262815787676,1.798177641263019,0.6058471477017531,0.6058471477017531,171.5,178.0324064750223,202.25942666244345,0.0,
ID8172 → ID8214,23,8172,8214,0.10783113631753372,1.392668140836638,0.6238680467212441,0.6238680467212441,220.5,182.54546086013048,210.2314257992427,0.0,
ID7988 → ID7982,23,7988,7982,0.12437166147848178,2.8989703295744063,0.5442172122372352,0.5442172122372352,211.5,180.91172759215596,208.47485237605645,0.0,
ID8379 → ID8407,23,8379,8407,0.06901394909434566,2.587797739193368,0.2840408875456582,0.2840408875456582,227.5,181.12572208680018,211.39234050598117,0.0,
ID7742 → ID7755,23,7742,7755,0.1488329599096183,1.5948486873459868,0.7199038437437311,0.7199038437437311,201.5,178.6916902044888,208.43505514201593,0.0,
ID7122 → ID7142,23,7122,7142,0.29587119400604456,2.6447122067046838,1.8674053260001227,1.8674053260001227,170.5,177.1501099225339,202.01943427683244,0.0,
ID7359 → ID7181,23,8830,8831,0.12127586565338855,1.4265006063417922,0.7458415771694883,0.7458415771694883,175.5,178.16270693448482,202.57643173103935,0.0,
ID8731 → ID8659,23,8731,8659,0.1527138603140621,0.45350967540394665,1.2189779831862053,1.2189779831862053,237.5,179.6160572538446,210.6879372457961,0.0,
ID8460 → ID8519,23,8460,8519,0.0826206985677812,2.3443856969740424,0.15234134872996197,0.15234134872996197,231.5,180.75713739042362,211.6442158325221,0.0,
ID8659 → ID8753,23,8659,8753,0.045142192620788,0.9307864928009828,0.24163653336106927,0.24163653336106927,238.5,179.04878055161774,210.2977782620265,0.0,
ID7181 → ID7298,23,8831,8832,0.10497564242772917,1.0864568585027934,0.3550700584903219,0.3550700584903219,176.5,178.4623421843331,202.95387308918197,0.0,
ID7394_1 → ID7464,23,8841,7464,0.17206711276660946,2.6094438286912074,0.9449312186489461,0.9449312186489461,184.5,179.23893868404403,204.96172107679303,0.0,
ID7572 → ID7508,23,7572,7508,0.4382368120136194,3.10329371005502,3.2619068429251517,3.2619068429251517,186.5,177.28816365393408,206.43763954956324,0.0,
ID7464 → ID7570,23,7464,7570,0.6175428496183883,0.03082866336586253,6.9842799223386,6.9842799223386,185.5,182.44139450940906,202.62488431538526,0.0,
ID7377 → ID7394_1,23,7377,8841,0.170977322742341,1.2467343064316996,0.9571203400613639,0.9571203400613639,183.5,179.04298318624632,204.80625324446603,0.0,
ID7464 → ID7572,23,7464,7572,0.44203564578001875,3.1119484531148407,4.547728363003831,4.547728363003831,185.5,177.7727327960439,206.00872687069202,0.0,
ID7203 → ID7328_1,23,8836,8839,0.1999993588456367,1.868139431238539,0.3533054982622442,0.3533054982622442,180.5,178.0910407404005,204.21889986709897,0.0,
ID7549 → ID7512,23,7549,7512,0.32736480751059727,0.345229003370852,2.138352340702075,2.138352340702075,188.5,173.95505139208063,207.9555713515031,0.0,
ID8465 → ID8460,23,8465,8460,0.11153003698517538,2.696330050780162,0.9088101486088984,0.9088101486088984,230.5,180.87060479683117,211.2555729632825,0.0,
ID8076 → ID8165,23,8076,8165,0.04340656012102884,1.0552467069243832,0.2514376834813929,0.2514376834813929,218.5,182.5010239570202,209.35139725800366,0.0,
ID7592 → ID7489,23,7592,7489,0.48826222835965594,2.351124637102571,5.687090041377577,5.687090041377577,191.5,174.36545003546075,207.77398074635502,0.0,
ID7776 → ID7984,23,7776,7984,0.08331877732015802,2.677730347186055,0.38646833304397726,0.38646833304397726,203.5,178.57986955015528,209.1185485058715,0.0,
ID7704 → ID7742,23,8842,7742,0.11713233855618488,3.116525914759904,1.266574476990279,1.266574476990279,200.5,178.07058512516937,208.06915619870952,0.0,
ID7816 → ID7858,23,7816,7858,0.06431192382337525,3.0337023659496736,0.2779434599531069,0.2779434599531069,206.5,179.5842648799432,210.17204398883712,0.0,
ID8097 → ID8019,23,8097,8019,0.09624454036566787,2.2141166061779303,0.5446096411197113,0.5446096411197113,213.5,181.31771332598194,209.0619877945948,0.0,
ID8594 → ID8609,23,8594,8609,0.06367710053771869,3.021006264838173,0.17238353548766663,0.17238353548766663,235.5,180.6213491355013,210.88041468561966,0.0,
ID7469 → ID7592,23,7469,7592,0.09533407235719482,0.4731545258461189,0.5075999528214808,0.5075999528214808,190.5,171.74658270952983,208.29958328513112,0.0,
ID8053 → ID8137,23,8053,8137,0.10683373392700835,1.006993482444697,0.5100503802285304,0.5100503802285304,216.5,181.62229420341106,209.68042928999802,0.0,
ID8214 → ID8257,23,8214,8257,0.06361865900031827,0.41387586999785825,0.22837272539851428,0.22837272539851428,221.5,182.16080984471927,210.39758099284447,0.0,
ID8747 → ID8465,23,8747,8465,0.12888837067532732,3.0731973055788915,0.9753901628742451,0.9753901628742451,229.5,181.06828003061912,211.32801577447327,0.0,
ID7714 → ID7704,23,7714,8842,0.09358057005811216,2.484782412100732,0.8010660384476475,0.8010660384476475,199.5,177.8378135923901,208.05685530015964,0.0,
ID8019 → ID8273,23,8019,8273,0.0987606001305158,3.079843069049347,0.5104096198894209,0.5104096198894209,214.5,181.31447643139313,209.0853721522467,0.0,
ID7653 → ID7632,23,8845,8846,0.07260686409051209,2.329972538952977,0.3613475973318295,0.3613475973318295,195.5,176.42948105289054,207.66677913212408,0.0,
ID7508 → ID7547,23,7508,7547,0.6593611564467172,0.09012928162847497,7.380634945298676,7.380634945298676,187.5,181.88325960002993,203.7632876016973,0.0,
ID7611 → ID7653,23,8844,8845,0.10328792540322895,2.9385799271717206,0.6911376121272367,0.6911376121272367,194.5,176.27633064828103,207.87330861986192,0.0,
ID7837 → ID7816,23,7837,7816,0.20648482764982778,1.6880994740238355,1.575200366516173,1.575200366516173,205.5,179.10737293341458,209.7309478687686,0.0,
ID8165 → ID8172,23,8165,8172,0.12881970681582655,2.680960782507962,0.9019547172313798,0.9019547172313798,219.5,182.6663806523443,209.65184522902672,0.0,
ID7260 → ID7145_1,23,7260,8829,0.2697060674557118,2.4384483890482818,2.2162638332831905,2.2162638332831905,173.5,177.71060815907475,201.87298114066778,0.0,
ID8523 → ID8561,23,8523,8561,0.04998260998180992,0.6148437091662624,0.24560599076516354,0.24560599076516354,233.5,180.5430075814201,211.1739291690443,0.0,
ID8320 → ID8325,23,8320,8325,0.2746202700650896,2.7877380862622485,2.507273896591656,2.507273896591656,224.5,181.82099833879116,210.7269333299604,0.0,
ID8352 → ID8379,23,8352,8379,0.0720429011415823,2.8587523703714997,0.4618711712750566,0.4618711712750566,226.5,181.179790051449,211.27073973545936,0.0,
ID7145_1 → ID7359,23,8829,8830,0.23744481777949178,2.837160856660367,1.4591205827583316,1.4591205827583316,174.5,178.1480501656481,201.7107772498964,0.0,
ID7984 → ID7837,23,7984,7837,0.08685880486518538,3.007767898774257,0.261839339476359,0.261839339476359,204.5,178.64311868766362,209.10024458218038,0.0,
ID7280 → ID7203,23,8834,8836,0.09975228700907557,0.7833842875989353,0.22689106100015777,0.22689106100015777,179.5,177.9133045713211,204.2461576737034,0.0,
ID7242 → ID7149,24,7242,7149,0.08889403768921911,2.1101879891661746,0.43934374566813084,0.43934374566813084,173.5,4.046225306360891,121.7964154005804,0.0,
ID7311 → ID7085,24,7311,7085,0.13129264244883143,2.8328915721586143,0.38409038968948,0.38409038968948,168.5,3.1440772235977716,123.07085178507617,0.0,
ID7130 → ID7209,24,7130,7209,0.14693429512310086,2.6386317505612302,0.5461238354204301,0.5461238354204301,171.5,3.4532416620841815,122.11221194462479,0.0,
ID7085 → ID7110,24,7085,7110,0.27503162629433464,0.10386193287991353,1.3452645109450228,1.3452645109450228,169.5,2.9184072609689924,122.23697652157912,0.0,
ID7149 → ID7345,24,7149,7345,0.10373360242179452,2.500824458158661,0.48951825384766406,0.48951825384766406,174.5,3.8980559264472676,121.79399108458527,0.0,
ID7345 → ID7169,24,7345,7169,0.10801646887866345,0.08942369053455648,0.5264732643337732,0.5264732643337732,175.5,3.649541149925437,121.35151484444405,0.0,
ID7209 → ID7242,24,7209,7242,0.20704671417260712,1.5044696393480432,0.7612904052892769,0.7612904052892769,172.5,3.7288493021953255,121.7156367866468,0.0,
ID7072 → ID7311,24,7072,7311,0.25052163345791334,NaN,1.4191308126453257,1.4191308126453257,167.5,3.267734283470812,122.55566327018852,0.0,
ID7110 → ID7130,24,7110,7130,0.27830609789232696,2.628281002174737,1.122237821222593,1.122237821222593,170.5,3.130556729855993,121.98259290234489,0.0,
ID7413 → ID7466,25,7413,7466,0.28804347826086885,2.1662457392955954,0.4636597285094763,0.4636597285094763,184.5,1.9033980174484464,203.44765134602386,0.0,
ID7378 → ID7413,25,7378,7413,0.42261103633916863,NaN,2.453091149679696,2.453091149679696,183.5,1.831128781177798,202.33681226948403,0.0,
ID7466 → ID7571,25,7466,7571,0.19603356216628742,0.5375835436623495,0.47017587325716304,0.47017587325716304,185.5,1.539110009555895,203.18320520901895,0.0,
ID7578 → ID7476,26,7578,7476,0.18427726120033738,NaN,0.9905744073306273,0.9905744073306273,191.5,3.9919991413626867,119.88151327370329,0.0,
ID7476 → ID7524,26,7476,7524,0.18616533473077534,1.135742051688153,0.8224063221020231,0.8224063221020231,192.5,3.929589678849573,119.11850964727583,0.0,
ID7670 → ID7717,27,7670,7717,0.22479240806642908,0.8552102069465121,1.2286454143336158,1.2286454143336158,200.5,71.5696782278003,3.034163891795991,0.0,
ID7799 → ID7841,27,7799,7841,0.1647377632247502,0.8408598024116993,0.5717029582827686,0.5717029582827686,206.5,74.6047564314239,2.1391479010299745,0.0,
ID8003 → ID7862,27,8003,7862,0.392672998643148,2.3808401534224766,1.7369303773512366,1.7369303773512366,208.5,74.57770129424688,2.5204421995851436,0.0,
ID7820 → ID7799,27,7820,7799,0.17317745461458112,0.7528770644967179,1.5642128336993157,1.5642128336993157,205.5,73.61825549386977,2.2747037468843176,0.0,
ID7614 → ID7656,27,7614,7656,0.1929513048157112,2.4938549164877784,0.6582059253343675,0.6582059253343675,196.5,71.23593937970972,2.5176615684122705,0.0,
ID7515 → ID7594,27,7515,7594,0.2647619047619034,NaN,1.222977926537712,1.222977926537712,193.5,75.84666630097006,1.4610709421359984,0.0,
ID7656 → ID7779,27,7656,7779,0.16144078198576095,2.9035309961564657,0.790310319093498,0.790310319093498,197.5,71.13246712746587,2.549154870480219,0.0,
ID7841 → ID8003,27,7841,8003,0.06339740318192533,0.8602119106599754,0.4531204415762359,0.4531204415762359,207.5,75.03705702531062,1.964096322233969,0.0,
ID7914 → ID7820,27,7914,7820,0.34981905910735933,2.5773853414248804,1.5909474499351042,1.5909474499351042,204.5,72.21698274248888,2.7093218563640056,0.0,
ID7862 → ID7869,27,7862,7869,0.1796472184531881,2.697488569620587,0.3981649626023762,0.3981649626023762,209.5,73.98203467479068,2.876528915248029,0.0,
ID7759 → ID7914,27,7759,7914,0.25587388206760686,1.4701626811170119,0.6436556594202757,0.6436556594202757,203.5,71.70049738099186,2.9015157858661498,0.0,
ID7594 → ID7635,27,7594,7635,0.5319148936170208,0.20959269840546882,2.8857658069128767,2.8857658069128767,194.5,73.86967609696697,1.983886616297239,0.0,
ID7717 → ID7730,27,7717,7730,0.24117690764544053,3.0703708867553967,1.2525631773337684,1.2525631773337684,201.5,71.5586175746297,2.9897628110512064,0.0,
ID7688 → ID7670,27,7688,7670,0.13321492007104718,1.739822402781419,0.30156196519726836,0.30156196519726836,199.5,72.15286629429463,2.6080673776393244,0.0,
ID7779 → ID7688,27,7779,7688,0.1824725673347234,2.7105600658116202,1.406342693802358,1.406342693802358,198.5,71.4878603259231,2.409874546971217,0.0,
ID7635 → ID7614,27,7635,7614,0.19703597893045144,0.4159267293020066,1.5136972458916644,1.5136972458916644,195.5,71.7469725190288,2.3669505209353567,0.0,
ID7730 → ID7759,27,7730,7759,0.06504124048047277,2.36547847636308,0.2968332790504363,0.2968332790504363,202.5,71.95005632262516,2.6314820467092233,0.0,
ID7869 → ID7920,27,7869,7920,0.42190537913156145,0.6346331475404323,2.212277567553173,2.212277567553173,210.5,75.05646583918573,2.195761257105012,0.0,
ID8100 → ID8056,28,8100,8056,0.1310761789600966,1.3686288824820496,0.4832137917466667,0.4832137917466667,217.5,49.028562280725204,2.1813357946996668,0.0,
ID7729 → ID7758,28,7729,7758,0.34113377549743307,1.5874221261693675,1.7557814881648397,1.7557814881648397,202.5,41.438069716793194,3.1484745452210054,0.0,
ID8227 → ID8187,28,8227,8187,0.13133208255159468,0.83154584192157,0.600110141292408,0.600110141292408,222.5,49.57109547573017,2.877920055392411,0.0,
ID8545 → ID8569,28,8545,8569,0.21922110552763807,1.8697721156030371,1.3239826201614036,1.3239826201614036,235.5,50.9315714041098,3.7057287391928417,0.0,
ID8569 → ID8631,28,8569,8631,0.3132904370978483,0.5721931504719803,1.2598267565834258,1.2598267565834258,236.5,49.8469241177187,4.305491672975034,0.0,
ID8078 → ID7990,28,8078,7990,0.158644067796611,2.0685945295414436,0.6152585741822119,0.6152585741822119,213.5,47.280496835966545,2.532470678430654,0.0,
ID7819 → ID7798,28,7819,7798,0.10944924826672853,1.4714769187699268,0.4038195642731257,0.4038195642731257,205.5,41.79651634308446,3.462067659855781,0.0,
ID8411 → ID8470,28,8411,8470,0.2808552869000367,1.640014038808355,1.304742656937674,1.304742656937674,231.5,50.44556998237171,3.341633676760387,0.0,
ID8113 → ID8129,28,8113,8129,0.0515574650913011,1.4563916782709891,0.13314739357720712,0.13314739357720712,219.5,49.87590348105445,1.8599234729745637,0.0,
ID8382 → ID8663,28,8382,8663,0.3418541240627133,3.067509393098436,0.6862708765511621,0.6862708765511621,228.5,49.17201381635782,3.8106992950285337,0.0,
ID7669 → ID7716,28,7669,7716,0.16368767638758264,0.8111649855189144,0.5125287811648883,0.5125287811648883,200.5,42.381460694955706,3.2392580849716905,0.0,
ID8631 → ID8612,28,8631,8612,0.10011977656633142,1.9143605833419646,0.6486158887483983,0.6486158887483983,237.5,49.70234433755175,4.891527287414551,0.0,
ID8001 → ID7861,28,8001,7861,0.28694652098907425,0.8883273252614072,1.0612659585153763,1.0612659585153763,208.5,42.36050855084624,2.6677032439225226,0.0,
ID8187 → ID8279,28,8187,8279,0.17384013415316057,1.8636102113820192,0.5928907757256888,0.5928907757256888,223.5,49.82103792177222,3.131082719480843,0.0,
ID7913 → ID7819,28,7913,7819,0.221923937360179,2.826775999233431,0.11806335464720896,0.11806335464720896,204.5,41.71953706468592,3.6637857546867276,0.0,
ID7990 → ID8245,28,7990,8245,0.36986301369862995,1.3992683040813063,0.6706971347300013,0.6706971347300013,214.5,47.19205698884554,2.0482287452600163,0.0,
ID7778 → ID7687,28,7778,7687,0.3547623945690197,0.8478507718043258,1.4055520990405594,1.4055520990405594,198.5,42.5172879269779,2.2201823467301134,0.0,
ID8418 → ID8411,28,8418,8411,0.11502100840336027,1.5066812547856607,0.3380593883115752,0.3380593883115752,230.5,49.78375757691704,3.371810202104615,0.0,
ID8056 → ID8113,28,8056,8113,0.25079182263173105,1.0819481930650225,0.7410312730017051,0.7410312730017051,218.5,49.539563885574324,2.044913238217294,0.0,
ID8470 → ID8469,28,8470,8469,0.11863255603350764,0.6832304700599416,0.5197445392267583,0.5197445392267583,232.5,51.31488887385537,3.3607465671218346,0.0,
ID7758 → ID7913,28,7758,7913,0.3040969939751651,2.704170641388882,1.3201249966632829,1.3201249966632829,203.5,41.16170220280672,3.4316472448616415,0.0,
ID7840 → ID8001,28,7840,8001,0.16266729025759175,1.9096926534932142,0.6282161350096465,0.6282161350096465,207.5,41.59207898522133,2.6680443215217062,0.0,
ID8033 → ID8100,28,8033,8100,0.39518796992481187,1.8728706489395825,0.9914349987010531,0.9914349987010531,216.5,48.523381367355896,2.492783158323234,0.0,
ID8129 → ID8175,28,8129,8175,0.34072900158478725,1.892809717026385,1.2950704012904966,1.2950704012904966,220.5,49.34542527420325,2.1991002134661692,0.0,
ID8355 → ID8382,28,8355,8382,0.37900477164280855,2.767624459194661,0.7176516645142208,0.7176516645142208,227.5,49.155064556870734,3.7855128434681014,0.0,
ID7798 → ID7840,28,7798,7840,0.2088260744159227,1.544979678855706,0.7505024907784119,0.7505024907784119,206.5,41.62203227507814,3.0683062760609268,0.0,
ID8469 → ID8526,28,8469,8526,0.043865018739291606,2.5093139503476736,0.1699697448367162,0.1699697448367162,233.5,51.46252557063916,3.229111068565847,0.0,
ID8175 → ID8227,28,8175,8227,0.21461905580306972,1.9735028568709447,0.6614097608353793,0.6614097608353793,221.5,49.02064091266796,2.704405225491649,0.0,
ID8526 → ID8545,28,8526,8545,0.18601941747572803,2.256932714574443,0.39492887961179934,0.39492887961179934,234.5,51.477659533509254,3.386342368631934,0.0,
ID7716 → ID7729,28,7716,7729,0.16729857819905214,2.8812714422057573,0.34941872630547327,0.34941872630547327,201.5,42.31522359736746,3.311927402454274,0.0,
ID8328 → ID8355,28,8328,8355,0.12235067437379554,0.2146431199631304,0.25153967953134293,0.25153967953134293,226.5,49.29125273099746,3.580558900440968,0.0,
ID7687 → ID7669,28,7687,7669,0.24303232998885282,1.975111667249637,0.7040246283646151,0.7040246283646151,199.5,42.75803776372136,2.8245071285292496,0.0,
ID7655 → ID7778,28,7655,7778,0.27378640776698937,NaN,0.9257224426937334,0.9257224426937334,197.5,41.511223023957115,1.864673589047688,0.0,
ID7861 → ID7868,28,7861,7868,0.22356654392425002,0.35716015216580144,1.1914097528958953,1.1914097528958953,209.5,43.45915567259269,2.8150647925890966,0.0,
ID7903 → ID8078,28,7903,8078,0.3529321225180857,1.2017775427410278,1.4853355518899691,1.4853355518899691,212.5,46.84610245174849,3.0216648641446247,0.0,
ID8279 → ID8276,28,8279,8276,0.5146383467278988,0.3042215775546091,1.806765424042508,1.806765424042508,224.5,49.368292398445085,4.231089127815366,0.0,
ID8663 → ID8418,28,8663,8418,0.09346259010688385,1.1765003173852757,0.43281274524149826,0.43281274524149826,229.5,49.54399883414206,3.5221625601863007,0.0,
ID7868 → ID7918,28,7868,7918,0.3968253968253964,0.6656911398523919,1.1197326417560367,1.1197326417560367,210.5,44.4825251739933,2.4334339227163424,0.0,
ID7918 → ID7903,28,7918,7903,0.5436489607390298,1.4835372242059657,1.7735410491747012,1.7735410491747012,211.5,45.53907670500212,2.698093666871199,0.0,
ID8276 → ID8328,28,8276,8328,0.4275486827033219,2.9157683252768063,1.3712832974293858,1.3712832974293858,225.5,49.12560020417203,4.372386011420491,0.0,
ID8245 → ID8033,28,8245,8033,0.5314769975786923,1.9982513183130637,1.4544327612166454,1.4544327612166454,215.5,47.79394779207051,2.3254170836325874,0.0,
ID8612 → ID8661,28,8612,8661,0.17367494201529143,2.47736151502599,0.9995773444432385,0.9995773444432385,238.5,49.76746608856711,4.582538139683317,0.0,
ID7911 → ID7818,29,7911,7818,0.5585539714867616,1.3579323652233755,1.2538356428597974,1.2538356428597974,204.5,6.658386274376355,1.9369707333568826,0.0,
ID7757 → ID7911,29,7757,7911,0.5590631364562119,NaN,2.4284718600854345,2.4284718600854345,203.5,8.137825492443548,1.9539367873512097,0.0,
ID8000 → ID7860,30,8000,7860,0.35461801596351183,0.3963138277614678,0.8738061483263155,0.8738061483263155,208.5,6.7763194982519,2.0655381557361117,0.0,
ID7867 → ID7917,30,7867,7917,0.32084690553745887,0.6640245433211056,0.5906158586060335,0.5906158586060335,210.5,6.601004847741068,1.4200655844035617,0.0,
ID7860 → ID7867,30,7860,7867,0.29988597491448143,2.1468197437416094,0.6483518912988325,0.6483518912988325,209.5,6.41117014693584,1.9741780118107264,0.0,
ID7839 → ID8000,30,7839,8000,0.2187725631768953,NaN,0.9753248612559031,0.9753248612559031,207.5,7.627035222675258,1.752368133358322,0.0,
ID7899 → ID7985,31,7899,7985,0.3675856867510271,NaN,0.7483499859758586,0.7483499859758586,210.5,1.4475434473850317,201.20820761356856,0.0,
ID8420 → ID8412,32,8420,8412,0.11289758825585328,1.5993495927179464,0.7597353474322271,0.7597353474322271,230.5,80.71027603718582,4.900372552608606,0.0,
ID8613 → ID8666,32,8613,8666,0.11400955886572395,0.8921173627960023,0.7779537612931655,0.7779537612931655,238.5,80.78839087301704,9.003095504074583,0.0,
ID8356 → ID8383,32,8356,8383,0.22473052674394955,1.4984471051508481,0.6733223764563043,0.6733223764563043,227.5,79.88191182051965,3.7007442748079145,0.0,
ID8527 → ID8547,32,8527,8547,0.10183502583288528,2.6468326577237358,1.023583207906653,1.023583207906653,234.5,82.15232484389105,6.266042679285222,0.0,
ID7991 → ID8246,32,7991,8246,0.2603430877901114,2.9357661620146933,0.6191657178721054,0.6191657178721054,214.5,77.10447918491523,1.452129052082056,0.0,
ID8079 → ID7991,32,8079,7991,0.20585267406660035,NaN,0.5757456623564274,0.5757456623564274,213.5,77.07940659887069,1.5121701178116242,0.0,
ID8472 → ID8471,32,8472,8471,0.14766366512533502,1.1332789515838273,0.9152824552050868,0.9152824552050868,232.5,81.96839890162236,5.529193185156947,0.0,
ID8057 → ID8114,32,8057,8114,0.11377024129346958,0.4625914412329182,0.7084395271978955,0.7084395271978955,218.5,78.85956263290096,2.1702658653733975,0.0,
ID8034 → ID8101,32,8034,8101,0.1825478415875189,2.6499943052172554,0.5531155952917207,0.5531155952917207,216.5,76.95669101972346,1.9064367895111558,0.0,
ID8131 → ID8176,32,8131,8176,0.09541916167664599,2.421360847931599,0.5448053472777203,0.5448053472777203,220.5,78.74311218046728,2.543604587822304,0.0,
ID8114 → ID8131,32,8114,8131,0.14969851576994275,2.849243569242942,0.8151580286563599,0.8151580286563599,219.5,78.84409038725485,2.292165068471629,0.0,
ID8188 → ID8280,32,8188,8280,0.18603874415497668,1.7669352277368977,0.5197072128873756,0.5197072128873756,223.5,80.87209734134743,2.3976219715074287,0.0,
ID8383 → ID8667,32,8383,8667,0.115556572387299,1.2349742075287455,0.8714185125032666,0.8714185125032666,228.5,80.27956590239486,4.192409017620042,0.0,
ID8471 → ID8527,32,8471,8527,0.09852890362517441,1.3703609925663296,0.6733422600859155,0.6733422600859155,233.5,81.91215257260927,6.146421305554831,0.0,
ID8633 → ID8613,32,8633,8613,0.15301430902067914,0.008038096522223504,1.1221243564994927,1.1221243564994927,237.5,80.99716802989005,8.168521877441913,0.0,
ID8176 → ID8228,32,8176,8228,0.10776545166402551,0.2675595518025458,0.9476424682730238,0.9476424682730238,221.5,79.48041175322702,2.6072800248622405,0.0,
ID8329 → ID8356,32,8329,8356,0.05945606739063414,1.5723125524614399,0.5477413935946543,0.5477413935946543,226.5,79.61892556355542,3.3367196331046625,0.0,
ID8412 → ID8472,32,8412,8472,0.135364205871513,2.40421969868724,1.32401212792647,1.32401212792647,231.5,81.09929903066842,5.143087675403097,0.0,
ID8101 → ID8057,32,8101,8057,0.2678638234193784,2.6314609476174597,1.8229360848928893,1.8229360848928893,217.5,77.63738684143199,1.969302793000731,0.0,
ID8228 → ID8188,32,8228,8188,0.1209170854271353,0.06679167457529844,0.9557973471073209,0.9557973471073209,222.5,80.43136621974338,2.6284126898977656,0.0,
ID8278 → ID8329,32,8278,8329,0.25603486432195066,2.6176116881391707,1.0540303869986833,1.0540303869986833,225.5,79.29431979813916,3.8336538179657236,0.0,
ID8667 → ID8420,32,8667,8420,0.07522776650245255,0.40786655095515917,0.41332418767392637,0.41332418767392637,229.5,80.83481005173576,4.4916948635381555,0.0,
ID8547 → ID8570,32,8547,8570,0.19487179487179462,2.5063802913690987,1.477141569583933,1.477141569583933,235.5,82.14768291995676,6.7119867111164275,0.0,
ID8280 → ID8278,32,8280,8278,0.5359690238434893,2.3778878482448276,2.730850605624805,2.730850605624805,224.5,80.0389328416691,3.2492102806048093,0.0,
ID8570 → ID8633,32,8570,8633,0.2035126234906688,0.14661079711363476,0.5615465436700253,0.5615465436700253,236.5,81.47767427102745,7.477297963611935,0.0,
ID8246 → ID8034,32,8246,8034,0.42043478260869516,2.685719668597247,0.9180507352339313,0.9180507352339313,215.5,77.02313252602752,1.663648397317104,0.0,
ID8316 → ID8323,33,8316,8323,0.22439526505404295,0.17016614872596778,1.7305010553218836,1.7305010553218836,224.5,3.123443520991418,200.96351424693364,0.0,
ID8350 → ID8377,33,8350,8377,0.08699971615101021,2.3287288748671444,0.24980251872589967,0.24980251872589967,226.5,2.7622331466886063,201.45305776772864,0.0,
ID8272 → ID8052,33,8272,8052,0.3656734207389738,2.9924892628930384,0.8874925493096784,0.8874925493096784,215.5,1.211819492080691,200.23615916948626,0.0,
ID8161 → ID8170,33,8161,8170,0.10507691551580145,0.10079399727787142,0.3231694625961523,0.3231694625961523,219.5,1.9921418025591509,199.24455572111395,0.0,
ID8458 → ID8517,33,8458,8517,0.30016977928692834,2.1327026447900916,1.3329111668770544,1.3329111668770544,231.5,1.9104074704002203,201.56659836585635,0.0,
ID8052 → ID8132,33,8052,8132,0.24815361890694299,0.16957418981519426,0.4250568391047926,0.4250568391047926,216.5,1.5740639928939588,199.69139316162278,0.0,
ID8074 → ID8161,33,8074,8161,0.07805705019532583,1.7660332507968808,0.25027214328577685,0.25027214328577685,218.5,1.8320730750691878,199.48200375902184,0.0,
ID8018 → ID8272,33,8018,8272,0.3714151386929956,NaN,0.7607709536336686,0.7607709536336686,214.5,1.2166374054219808,200.3241196349449,0.0,
ID8405 → ID8740,33,8405,8740,0.24880779597760716,2.33902720128281,0.5853157375156722,0.5853157375156722,228.5,2.8117467236682128,201.818909003564,0.0,
ID8170 → ID8210,33,8170,8210,0.15277777777777468,2.716551772967996,0.7887446621982714,0.7887446621982714,220.5,2.005250499892127,199.50020863026725,0.0,
ID8210 → ID8254,33,8210,8254,0.2823061630218674,1.8326873012566234,0.759842706161163,0.759842706161163,221.5,2.30168412991394,199.86683160477315,0.0,
ID8132 → ID8074,33,8132,8074,0.06578947368420851,1.8302757645988337,0.1309162490974077,0.1309162490974077,217.5,1.7194207654404763,199.5458402819587,0.0,
ID8740 → ID8463,33,8740,8463,0.08438605356240536,1.8009577484546169,0.2480567707509749,0.2480567707509749,229.5,2.614821728420901,201.60515540212134,0.0,
ID8222 → ID8316,33,8222,8316,0.07758610912637554,2.011323613982455,0.47608102369705096,0.47608102369705096,223.5,2.9889143968836507,199.8711757507579,0.0,
ID8323 → ID8350,33,8323,8350,0.20404878350770905,2.2054031529238722,0.6516823456892527,0.6516823456892527,225.5,2.9196729279037363,201.65562181694662,0.0,
ID8254 → ID8222,33,8254,8222,0.14564755838641008,0.6467971116929409,0.3226587191951001,0.3226587191951001,222.5,2.804878777458713,199.744408009057,0.0,
ID8517 → ID8520,33,8517,8520,0.26310802274163547,0.14703701657834012,1.2485082581778792,1.2485082581778792,232.5,1.585845723758395,200.3209608814878,0.0,
ID8377 → ID8405,33,8377,8405,0.10215482841181134,1.4645955987123767,0.5490844897988639,0.5490844897988639,227.5,2.982173294446792,201.67637325213923,0.0,
ID8463 → ID8458,33,8463,8458,0.2584553255931351,3.086734151763528,0.8935297532655602,0.8935297532655602,230.5,2.4057699812060074,201.8513726364203,0.0,
ID8567 → ID8629,34,8567,8629,0.19013806706114433,1.2556145024403116,0.7216421614332619,0.7216421614332619,236.5,5.658769136817137,3.89246857976567,0.0,
ID8468 → ID8467,34,8468,8467,0.1100852272727274,1.4151300827056548,0.437349638714357,0.437349638714357,232.5,6.280445858518743,3.5601157948596724,0.0,
ID8099 → ID8055,34,8099,8055,0.09060454009463015,1.0383302518486013,0.19858337098921983,0.19858337098921983,217.5,8.221135293656223,1.7864911426995733,0.0,
ID8544 → ID8567,34,8544,8567,0.07799309286262501,3.0642922659382497,0.32655519424557694,0.32655519424557694,235.5,5.550221077993072,3.4663299065868562,0.0,
ID8127 → ID8174,34,8127,8174,0.1787057450395544,1.8731192071324367,0.8240378067275821,0.8240378067275821,220.5,8.026196733268119,2.6257004316509684,0.0,
ID8629 → ID8611,34,8629,8611,0.1508295625942685,0.5927970822403154,0.6622812578576486,0.6622812578576486,237.5,6.174527683803483,4.307236238694877,0.0,
ID8186 → ID8277,34,8186,8277,0.1390987236259439,1.1168088588993685,0.443259162685315,0.443259162685315,223.5,6.289255718908342,2.964291776316899,0.0,
ID8244 → ID8032,34,8244,8032,0.4678979771328057,NaN,0.6388523793863234,0.6388523793863234,215.5,8.055594892561631,1.2016961772844479,0.0,
ID8174 → ID8226,34,8174,8226,0.1540443070582176,0.33031164273614866,0.8708026919811788,0.8708026919811788,221.5,7.204865865274712,2.7810745626418876,0.0,
ID8226 → ID8186,34,8226,8186,0.07804573480059307,0.08419956472919689,0.37244381455875186,0.37244381455875186,222.5,6.583705314789232,2.781814825794531,0.0,
ID8381 → ID8662,34,8381,8662,0.24571651090342705,2.942400689722022,0.668960998573315,0.668960998573315,228.5,6.215322302916036,3.584103320349451,0.0,
ID8611 → ID8654,34,8611,8654,0.05397605814450668,0.12874471614395228,0.09068695675795876,0.09068695675795876,238.5,6.523390316226589,4.447901133205249,0.0,
ID8327 → ID8354,34,8327,8354,0.11647360037362275,0.985428395096055,0.5628666963333069,0.5628666963333069,226.5,6.091317827413515,3.5274181825492303,0.0,
ID8525 → ID8544,34,8525,8544,0.08767303889255162,2.0839292006583916,0.3267081719892922,0.3267081719892922,234.5,5.540391140376344,3.4584132317546072,0.0,
ID8112 → ID8127,34,8112,8127,0.1610988232210384,1.2262872603722543,0.5279000882218002,0.5279000882218002,219.5,8.25064570398317,2.273149306382755,0.0,
ID8354 → ID8381,34,8354,8381,0.2593457943925236,2.9179914335170944,0.738587763429285,0.738587763429285,227.5,6.148962231296162,3.6252512203290075,0.0,
ID8032 → ID8099,34,8032,8099,0.10058554584102053,0.9049907062438338,0.25824013169945487,0.25824013169945487,216.5,8.140331699204111,1.6047810506686848,0.0,
ID8467 → ID8525,34,8467,8525,0.16094986807387945,1.1197286214162792,0.7298862756820993,0.7298862756820993,233.5,5.789303574312282,3.656856202060635,0.0,
ID8277 → ID8275,34,8277,8275,0.3669048167780593,0.8820586255779637,1.2909516607926408,1.2909516607926408,224.5,6.41429900085596,3.75925455499343,0.0,
ID8409 → ID8410,34,8409,8410,0.1039693279206132,2.244008711449952,0.4358020250132164,0.4358020250132164,230.5,5.9385986751021544,3.173022505870609,0.0,
ID8662 → ID8409,34,8662,8409,0.1000858369098715,0.10421316357813033,0.25427779989528587,0.25427779989528587,229.5,5.841910975925812,3.313557528648973,0.0,
ID8410 → ID8468,34,8410,8468,0.14582371942778083,1.162424961800956,0.39574656947817255,0.39574656947817255,231.5,6.279103959385026,3.2432756149724957,0.0,
ID8055 → ID8112,34,8055,8112,0.11756146128513456,0.392016437355068,0.2136790201539697,0.2136790201539697,218.5,8.146419382533438,1.9743690995674341,0.0,
ID8275 → ID8327,34,8275,8327,0.2630805154371705,3.1237927581849387,0.8189642903269552,0.8189642903269552,225.5,6.506517197300882,3.9766771038737923,0.0,
ID8847 → ID8120,35,8847,8120,0.4893856003593927,NaN,2.7714930217443254,2.7714930217443254,218.5,190.6851317182593,93.17536803829826,0.0,
ID8486 → ID8534,36,8486,8534,0.212699597549996,0.7404367215380245,1.3763002113532656,1.3763002113532656,233.5,199.27809248078148,103.77661743845725,0.0,
ID8429 → ID8417,36,8429,8417,0.12309820193641186,0.5168905403246346,0.6326445531756609,0.6326445531756609,230.5,198.8679502695245,102.36446336408798,0.0,
ID8334 → ID8362,36,8334,8362,0.23457833190833088,2.27328298367343,0.49399618206451495,0.49399618206451495,226.5,201.50653193478203,104.66502611118855,0.0,
ID8123 → ID8144,36,8123,8144,0.29401205282729037,3.0883895059376023,2.126298365488532,2.126298365488532,219.5,200.33525422116497,104.72639156835885,0.0,
ID8283 → ID8290,36,8283,8290,0.20987126299129255,3.016638170168968,1.1623727436341522,1.1623727436341522,224.5,203.334860036698,101.19325403200483,0.0,
ID8144 → ID8181,36,8144,8181,0.24301428292098914,2.3861059654288557,1.3420548209101262,1.3420548209101262,220.5,200.40432059820233,105.45930950005526,0.0,
ID8196 → ID8283,36,8196,8283,0.24602982793967776,0.06591776539140964,1.751615550516618,1.751615550516618,223.5,203.08156495477772,101.3681268125042,0.0,
ID8560 → ID8580,36,8560,8580,0.10449061243210378,1.9109016853543468,0.41796020696024666,0.41796020696024666,235.5,200.2002548369574,104.44497065601408,0.0,
ID8618 → ID8695,36,8618,8695,0.13181848441136534,3.0044246098178973,0.8596940592403723,0.8596940592403723,238.5,201.58279639721778,103.79810959699435,0.0,
ID8362 → ID8389,36,8362,8389,0.422870628620438,2.55086791466384,0.9840732402471708,0.9840732402471708,227.5,201.29792296537795,104.42478350519663,0.0,
ID8389 → ID8689,36,8389,8689,0.2048916541515119,0.4500084634288156,0.16834526060458782,0.16834526060458782,228.5,200.76229866487165,104.23274904176904,0.0,
ID8233 → ID8196,36,8233,8196,0.23470712267888805,0.552595122129821,2.0393782050545712,2.0393782050545712,222.5,201.87051027859434,102.82496446472376,0.0,
ID8290 → ID8334,36,8290,8334,0.5007241532976537,0.08363813597275249,3.501709673340985,3.501709673340985,225.5,202.13419017429356,103.19067586064699,0.0,
ID8689 → ID8429,36,8689,8429,0.36023391812861105,0.9035429925750852,2.324246672320149,2.324246672320149,229.5,199.921900623758,103.35387840519618,0.0,
ID8483 → ID8486,36,8483,8486,0.1340004974287844,0.26488449828586114,0.6014610009785765,0.6014610009785765,232.5,198.75307251234324,103.00598763069374,0.0,
ID8580 → ID8647,36,8580,8647,0.18026950766068006,0.7234699638008559,1.3320949864495737,1.3320949864495737,236.5,200.94157192790766,104.06235936068167,0.0,
ID8647 → ID8618,36,8647,8618,0.07551957524050101,0.12124622236355295,0.44405046894915534,0.44405046894915534,237.5,201.79398710738388,103.81763447168072,0.0,
ID8534 → ID8560,36,8534,8560,0.12781244091507782,0.12415067905384429,0.4902308866266715,0.4902308866266715,234.5,199.93663124282543,104.43594645267092,0.0,
ID8061 → ID8123,36,8061,8123,0.6933557868952884,NaN,6.099917089049016,6.099917089049016,218.5,199.38247009219353,106.4724700289405,0.0,
ID8181 → ID8233,36,8181,8233,0.28008938421065,1.2261499333362795,1.6852995774112216,1.6852995774112216,221.5,201.1499409847332,104.4660970608872,0.0,
ID8417 → ID8483,36,8417,8483,0.23544915440372904,2.257902796405822,0.47630325360136727,0.47630325360136727,231.5,198.65012727929306,102.48177350843994,0.0,
ID8401 → ID8729,37,8401,8729,0.14749000938349777,1.3545685225924418,0.9547959893187112,0.9547959893187112,228.5,172.02888626569035,158.91775627858576,0.0,
ID8454 → ID8447,37,8454,8447,0.1932359218519235,1.292660671423105,1.3209260412299932,1.3209260412299932,230.5,172.48601125353886,160.35168849312768,0.0,
ID8218 → ID8309,37,8218,8309,0.22339140915183298,2.4469976092513335,1.6112384208455237,1.6112384208455237,223.5,174.1382320954521,158.07042676073866,0.0,
ID8309 → ID8315,37,8309,8315,0.11422402217235983,1.4169146142689908,0.49484016428496114,0.49484016428496114,224.5,174.29909401061906,158.93383049090164,0.0,
ID8729 → ID8454,37,8729,8454,0.09560099919557685,0.978355164699558,0.6484066871393946,0.6484066871393946,229.5,172.35277476340752,159.55097090066516,0.0,
ID8508 → ID8511,37,8508,8511,0.20421972401299748,0.7823891731300143,1.4787145916318931,1.4787145916318931,232.5,171.19654311003868,162.02742537092126,0.0,
ID8642 → ID8739,37,8642,8739,0.16262005880022123,0.212983771464137,1.4425385134408544,1.4425385134408544,238.5,168.5825380765237,159.74196369181237,0.0,
ID8550 → ID8583,37,8550,8583,0.34281322059955166,1.5591559268222137,2.4667418317660177,2.4667418317660177,234.5,168.81579709960528,162.84979859062096,0.0,
ID8511 → ID8550,37,8511,8550,0.19984494788527596,0.47762912410308944,1.6840336401018143,1.6840336401018143,233.5,170.26339418133773,163.24834073236678,0.0,
ID8447 → ID8508,37,8447,8508,0.147735958028824,0.9510699139604227,0.9222149031775054,0.9222149031775054,231.5,171.90948858556635,161.17035783545325,0.0,
ID8602 → ID8710,37,8602,8710,0.1498401448326312,0.05831171067842335,1.0350356312218498,1.0350356312218498,236.5,166.23077939935996,161.84760957243603,0.0,
ID8164 → ID8202,37,8164,8202,0.447126436781656,NaN,3.073252153104626,3.073252153104626,220.5,172.36926429419987,156.53036543622534,0.0,
ID8247 → ID8218,37,8247,8218,0.1942604187195689,2.0460311830146134,0.8383921839862534,0.8383921839862534,222.5,173.68116274599643,157.7591429418266,0.0,
ID8373 → ID8401,37,8373,8401,0.17827734936607909,1.4652308165163297,1.3595101309714126,1.3595101309714126,227.5,172.63749565634518,158.24039584289835,0.0,
ID8202 → ID8247,37,8202,8247,0.1992960844699151,0.30477162290850796,0.5213078659124174,0.5213078659124174,221.5,173.38752962507087,157.99884591740053,0.0,
ID8346 → ID8373,37,8346,8373,0.16144507947105102,0.8801536531667818,0.9991820992706585,0.9991820992706585,226.5,173.48431787162323,158.49752849927359,0.0,
ID8710 → ID8642,37,8710,8642,0.27803197004904245,2.4830813436981014,2.8259391602614152,2.8259391602614152,237.5,166.89588374596653,161.03197033619963,0.0,
ID8583 → ID8602,37,8583,8602,0.17928605730750546,0.8448281221728143,1.2682961530798604,1.2682961530798604,235.5,167.3807779623803,161.89978276975785,0.0,
ID8315 → ID8346,37,8315,8346,0.08946808847603105,0.9040325171711525,0.43308601108899636,0.43308601108899636,225.5,173.88987355537938,159.01698863239238,0.0,
ID8179 → ID8231,38,8179,8231,0.3187098012863344,3.0747510989615696,1.8570691478028971,1.8570691478028971,221.5,186.47787752959374,97.63266588127397,0.0,
ID8194 → ID8285,38,8194,8285,0.2883473705343492,2.162189258302523,1.400349830370858,1.400349830370858,223.5,187.72003936189873,97.51082111021991,0.0,
ID8139 → ID8179,38,8139,8179,0.34164998888149534,NaN,1.7721160465881651,1.7721160465881651,220.5,186.47192034378986,97.70644401642693,0.0,
ID8616 → ID8685,38,8616,8685,0.1423959110892924,1.887623892489159,0.9072738517175755,0.9072738517175755,238.5,188.29464590807504,87.83591832335208,0.0,
ID8231 → ID8194,38,8231,8194,0.11495262814094664,3.0013857943517444,0.2839854504415264,0.2839854504415264,222.5,187.15451779360166,97.22844614270721,0.0,
ID8477 → ID8478,38,8477,8478,0.4529115924397804,0.7665447298583646,2.8422434578985833,2.8422434578985833,232.5,186.42903765649754,89.65390374250569,0.0,
ID8641 → ID8616,38,8641,8616,0.1897542420890892,0.12733536391684844,1.1436230492891775,1.1436230492891775,237.5,188.1954084606818,88.43698074117279,0.0,
ID8386 → ID8682,38,8386,8682,0.268605645851116,1.622277166264371,1.5336287977465064,1.5336287977465064,228.5,186.48265107499378,95.296147383511,0.0,
ID8530 → ID8553,38,8530,8553,0.19035332306801356,2.835076249596626,1.1087054422068123,1.1087054422068123,234.5,187.0668675622497,88.63390188107942,0.0,
ID8682 → ID8426,38,8682,8426,0.3587194854553204,1.139415172329816,1.9896636263644332,1.9896636263644332,229.5,186.69140523949983,93.82235904474837,0.0,
ID8426 → ID8415,38,8426,8415,0.304003003425828,0.20324858334673074,1.6722219966723177,1.6722219966723177,230.5,185.9170726883844,92.1735662807272,0.0,
ID8285 → ID8287,38,8285,8287,0.290041960447454,2.5284386266654404,1.2828890330928815,1.2828890330928815,224.5,187.98941234646776,97.20338871403482,0.0,
ID8359 → ID8386,38,8359,8386,0.3936234890207556,0.8218539262008322,2.4057010739737748,2.4057010739737748,227.5,186.82317454288741,96.64669223391894,0.0,
ID8415 → ID8477,38,8415,8477,0.14919093851129217,0.5288728736167673,0.7630226821889771,0.7630226821889771,231.5,185.4725062569196,91.07912449812402,0.0,
ID8332 → ID8359,38,8332,8359,0.30794487836427753,3.091312826925924,1.6217230923692185,1.6217230923692185,226.5,187.71600565768028,98.27006971834865,0.0,
ID8478 → ID8530,38,8478,8530,0.14709556527178003,1.8532483504167072,0.8100134670902974,0.8100134670902974,233.5,187.03116136866333,88.42906412182641,0.0,
ID8575 → ID8641,38,8575,8641,0.2069410791076154,3.0175691531038074,1.109094641246906,1.109094641246906,236.5,187.24207876715008,89.03255793195459,0.0,
ID8287 → ID8332,38,8287,8332,0.4179175225154096,2.517034693115392,2.3793742859270743,2.3793742859270743,225.5,187.65346589836454,97.89319328494236,0.0,
ID8553 → ID8575,38,8553,8575,0.13888872255186224,2.0018981207932667,0.7626289393173185,0.7626289393173185,235.5,187.10931479762303,89.15758503311652,0.0,
ID8549 → ID8572,39,8549,8572,0.1927463670777907,2.5366139064119957,1.3149984251660771,1.3149984251660771,235.5,129.9324671966565,89.5147842663458,0.0,
ID8331 → ID8358,39,8331,8358,0.41002181596794995,NaN,1.1772023067547774,1.1772023067547774,226.5,130.11052439259106,93.0718419660405,0.0,
ID8413 → ID8474,39,8413,8474,0.20208012021988775,0.024475768920722615,1.15123217847709,1.15123217847709,231.5,129.94689037456106,89.6785914314953,0.0,
ID8636 → ID8614,39,8636,8614,0.14197149910232731,2.49908456085777,0.7955079946930399,0.7955079946930399,237.5,127.68131412470646,88.88605658282209,0.0,
ID8474 → ID8473,39,8474,8473,0.1132517339355219,1.9871371755162552,0.5442930033041586,0.5442930033041586,232.5,129.80001188423978,89.17152235533098,0.0,
ID8358 → ID8384,39,8358,8384,0.3809824241137709,1.5045382929550397,3.540610905364749,3.540610905364749,227.5,128.5242602508328,92.02199434594225,0.0,
ID8473 → ID8528,39,8473,8528,0.1394550074954658,2.304158726401383,0.8880141808033389,0.8880141808033389,233.5,129.89243405805627,89.48916554115817,0.0,
ID8572 → ID8636,39,8572,8636,0.22141442081261176,0.5005916422096626,2.0123400046703552,2.0123400046703552,236.5,128.39767047922234,89.01493747629178,0.0,
ID8614 → ID8678,39,8614,8678,0.18477813693800416,2.716579599218772,0.956133456310317,0.956133456310317,238.5,127.84627971582908,88.77172797467074,0.0,
ID8676 → ID8422,39,8676,8422,0.2792927873051372,0.8915045295687225,1.932516616163872,1.932516616163872,229.5,128.7983325427669,90.79058771283411,0.0,
ID8528 → ID8549,39,8528,8549,0.11707799707690092,1.2240718124508791,0.4087595876168151,0.4087595876168151,234.5,130.42055068193466,89.63640929726776,0.0,
ID8422 → ID8413,39,8422,8413,0.08601075869364794,1.1307044702488633,0.36048070872544397,0.36048070872544397,230.5,129.78574654675447,90.4170286196386,0.0,
ID8384 → ID8676,39,8384,8676,0.1569542133349272,2.9279688544230815,0.5562947177151814,0.5562947177151814,228.5,127.63720319941461,90.81284123749722,0.0,
ID8431 → ID8419,40,8431,8419,0.13689736931241137,0.9060552134265348,0.6275071808871491,0.6275071808871491,230.5,115.7544783606902,105.51721755184934,0.0,
ID8481 → ID8480,40,8481,8480,0.13653368892838824,0.5219320660329618,0.2897950184006178,0.2897950184006178,232.5,114.88305631805618,104.68044361669075,0.0,
ID8620 → ID8707,40,8620,8707,0.6866561245590552,1.4329768210439673,9.050266879081587,9.050266879081587,238.5,119.80082110254861,108.25422062374624,0.0,
ID8620 → ID8697,40,8620,8697,0.38829840997011345,1.8193481350050202,4.82311061912112,4.82311061912112,238.5,113.76705972854188,104.85161799768441,0.0,
ID8686 → ID8431,40,8686,8431,0.12030434509210852,2.7078766417592055,0.7537922754243822,0.7537922754243822,229.5,115.68562525673474,104.89944682702136,0.0,
ID8644 → ID8620,40,8644,8620,0.14547700051264667,1.8337720908930157,0.9346604324459195,0.9346604324459195,237.5,115.93123941514457,105.74371734323122,0.0,
ID8335 → ID8361,40,8335,8361,0.411309489304973,NaN,3.651129157359776,3.651129157359776,226.5,117.69206998196762,106.02569597987909,0.0,
ID8533 → ID8557,40,8533,8557,0.12693212981254476,2.203169930820753,0.6105670592293909,0.6105670592293909,234.5,115.15672726330027,104.95709737331813,0.0,
ID8388 → ID8686,40,8388,8686,0.20527014432173207,2.347403486634881,0.8563830624453375,0.8563830624453375,228.5,115.85424795090532,104.9633414393895,0.0,
ID8480 → ID8533,40,8480,8533,0.08506198360580752,2.3150374264035363,0.6418148048611796,0.6418148048611796,233.5,114.87480773454956,104.92724538836872,0.0,
ID8557 → ID8578,40,8557,8578,0.1098000863081704,3.120429861967794,0.6056726829076319,0.6056726829076319,235.5,115.16353259097109,104.9581366652492,0.0,
ID8578 → ID8644,40,8578,8644,0.15209052110278776,2.0009678658181658,1.0716046690144434,1.0716046690144434,236.5,115.55151364431515,105.26298225468554,0.0,
ID8419 → ID8481,40,8419,8481,0.18043772214282683,3.032577609505049,1.3897186626006242,1.3897186626006242,231.5,115.47695174022937,105.25111805478309,0.0,
ID8361 → ID8388,40,8361,8388,0.30734699985037617,1.7436875010030042,0.8975593983310614,0.8975593983310614,227.5,116.18682568051901,105.03249571277262,0.0,
ID8538 → ID8566,41,8538,8566,0.24559096072221265,2.0241973293352897,0.9234503626575706,0.9234503626575706,234.5,152.8239858690136,130.3954163380244,0.0,
ID8590 → ID8680,41,8590,8680,0.27262210353047167,0.16832745028388232,1.6761281116181328,1.6761281116181328,236.5,154.04173832204117,131.2722677051522,0.0,
ID8627 → ID8716,41,8627,8716,0.1789055854833932,0.08905479029112669,0.880278530741837,0.880278530741837,238.5,159.7599934482193,126.53647160597768,0.0,
ID8566 → ID8590,41,8566,8590,0.1941727323919885,2.8196415404223676,1.1123680501018332,1.1123680501018332,235.5,153.00544915771366,130.34660222026793,0.0,
ID8394 → ID8712,41,8394,8712,0.20439645198616352,NaN,1.1286925311717282,1.1286925311717282,228.5,155.7654873725475,129.31689042960232,0.0,
ID8492 → ID8495,41,8492,8495,0.15521378016997955,2.518537641572479,0.43665393776704836,0.43665393776704836,232.5,153.98320575507188,129.56978824360226,0.0,
ID8433 → ID8492,41,8433,8492,0.1918609304080232,2.342015068894976,1.1344609818447344,1.1344609818447344,231.5,153.57982784214596,129.64435193535206,0.0,
ID8634 → ID8727,41,8634,8727,0.11333797009487356,1.9464568448588493,0.1920181653929697,0.1920181653929697,238.5,152.03053537028458,135.36151413984038,0.0,
ID8495 → ID8538,41,8495,8538,0.22376766474070908,1.8304496891387634,1.5363760671871012,1.5363760671871012,233.5,153.4584996134643,130.0954708736058,0.0,
ID8712 → ID8440,41,8712,8440,0.2811988625880911,1.8148321194998898,1.5968190881853979,1.5968190881853979,229.5,154.94365341424503,129.06630167887437,0.0,
ID8680 → ID8634,41,8680,8634,0.5425913340988413,1.3938446764820274,4.384996528824825,4.384996528824825,237.5,153.35536754971042,133.6566309149838,0.0,
ID8440 → ID8433,41,8440,8433,0.2329575410537501,1.6536188502413993,1.8907139546291079,1.8907139546291079,230.5,153.7606054168121,128.98461916270134,0.0,
ID8680 → ID8627,41,8680,8627,0.5965495553007286,1.595653922579915,6.964057320397802,6.964057320397802,237.5,157.0551872101448,129.37465376778272,0.0,
ID8398 → ID8720,42,8398,8720,0.5040533789511925,NaN,1.9792373504645557,1.9792373504645557,228.5,9.926333727289258,147.85085961663765,0.0,
ID8653 → ID8621,43,8653,8621,0.3465134910314055,2.7798475464837393,2.882709155273155,2.882709155273155,237.5,153.06818003754364,115.90180188787366,0.0,
ID8621 → ID8708,43,8621,8708,0.19427310791951558,1.5398806877237228,1.129380151698908,1.129380151698908,238.5,151.508063768907,116.01464133670677,0.0,
ID8425 → ID8489,43,8425,8489,0.19159770846596036,3.0943885709396084,1.2208700729327673,1.2208700729327673,231.5,152.86934364637722,114.89672240594018,0.0,
ID8490 → ID8536,43,8490,8536,0.16534214677382397,1.2178383406371185,1.192030816590422,1.192030816590422,233.5,153.17511526044194,115.86132982761185,0.0,
ID8564 → ID8586,43,8564,8586,0.09166652198487979,0.31955137161677327,0.10914291624975962,0.10914291624975962,235.5,153.85204272420376,115.37022779909617,0.0,
ID8436 → ID8425,43,8436,8425,0.2022076608470207,1.5952097664811615,0.5250888679687741,0.5250888679687741,230.5,152.528976803921,114.8223226274653,0.0,
ID8586 → ID8653,43,8586,8653,0.22885217886640308,0.8945943291802657,0.4902580949569913,0.4902580949569913,236.5,154.12705422492178,115.30558549603322,0.0,
ID8489 → ID8490,43,8489,8490,0.14860853432279453,0.9515722165782284,0.44967256359994345,0.44967256359994345,232.5,153.5416661943529,115.257946788293,0.0,
ID8392 → ID8696,43,8392,8696,0.3104910714285559,NaN,1.851565995915675,1.851565995915675,228.5,151.54420231468367,115.77776183664258,0.0,
ID8696 → ID8436,43,8696,8436,0.27903241046961447,1.8344338480457287,1.465885808688445,1.465885808688445,229.5,152.54773371138293,115.5945843915548,0.0,
ID8536 → ID8564,43,8536,8564,0.17482962289867632,3.0748446348238843,1.3788821854390971,1.3788821854390971,234.5,153.2744836888481,115.83516966102616,0.0,
ID8632 → ID8723,44,8632,8723,0.1276693820782847,0.42371315047721214,0.9604046219408691,0.9604046219408691,238.5,7.799659421947665,136.97254210044252,0.0,
ID8448 → ID8439,44,8448,8439,0.5842065662219458,NaN,2.613202679580005,2.613202679580005,230.5,5.2646314223802015,144.6239878598309,0.0,
ID8687 → ID8632,44,8687,8632,0.19080471605828064,0.4816004095282847,1.5197152654668908,1.5197152654668908,237.5,7.215138291273971,138.03628503945467,0.0,
ID8439 → ID8498,44,8439,8498,0.20672664153197162,1.9312171622760492,0.9613289903050032,0.9613289903050032,231.5,4.0929087117198115,144.27422477563508,0.0,
ID8501 → ID8541,44,8501,8541,0.11384221783262227,0.5037990785696203,0.5756297532951644,0.5756297532951644,233.5,4.897350168431226,142.78815478945822,0.0,
ID8597 → ID8687,44,8597,8687,0.2692529314488352,1.2421272907651193,1.7738821361755233,1.7738821361755233,236.5,6.313518556158748,139.35753854832464,0.0,
ID8498 → ID8501,44,8498,8501,0.13498387723059968,0.19529125359888647,0.965631188581241,0.965631188581241,232.5,4.44117670082953,143.380815320377,0.0,
ID8541 → ID8573,44,8541,8573,0.2536616429632761,0.5475954118100751,2.099520996916678,2.099520996916678,234.5,5.568392656752884,141.6699185231191,0.0,
ID8573 → ID8597,44,8573,8597,0.1328529610448117,0.8467905495347346,0.8235603378208194,0.8235603378208194,235.5,5.833089074616569,140.33794254100798,0.0,
ID8543 → ID8579,45,8543,8579,0.0976000777302769,2.380122390935762,0.6988608327280736,0.6988608327280736,234.5,20.508311582554754,149.69871112556808,0.0,
ID8443 → ID8502,45,8443,8502,0.16871308220300008,NaN,0.9190931413290838,0.9190931413290838,231.5,21.103748478803027,150.2494231611329,0.0,
ID8579 → ID8600,45,8579,8600,0.10139893103973285,0.022396195151956854,0.26867178989487694,0.26867178989487694,235.5,20.415032773034582,150.173374546846,0.0,
ID8694 → ID8637,45,8694,8637,0.21976609690271776,2.8188245846682447,1.4044849740006118,1.4044849740006118,237.5,20.54197640294652,150.4696118581121,0.0,
ID8637 → ID8733,45,8637,8733,0.22190207576648646,0.9677159944978768,2.041498718548146,2.041498718548146,238.5,20.664432441163854,151.99709538731184,0.0,
ID8502 → ID8505,45,8502,8505,0.13968483628471007,1.5201923083631383,0.7314910262153868,0.7314910262153868,232.5,20.98082527317975,149.66048665328293,0.0,
ID8505 → ID8543,45,8505,8543,0.05505055093166089,0.5122841469543539,0.15324677240250417,0.15324677240250417,233.5,20.61860210990169,149.4211345842794,0.0,
ID8600 → ID8694,45,8600,8694,0.23268261964735015,2.495986890704766,0.6650464096318471,0.6650464096318471,236.5,20.635173825401665,150.07958209848692,0.0,
ID8639 → ID8736,46,8639,8736,0.11409210979674189,1.1826249072396713,0.7390571138522601,0.7390571138522601,238.5,139.5613684066692,150.50495479383233,0.0,
ID8601 → ID8706,46,8601,8706,0.46470759383185734,NaN,2.0544159387219927,2.0544159387219927,236.5,141.0766005682702,153.27329661706702,0.0,
ID8706 → ID8639,46,8706,8639,0.31391815235003495,0.5112307603476463,2.005034937116089,2.005034937116089,237.5,140.1128989057361,151.56223502571842,0.0,
ID8711 → ID8643,47,8711,8643,0.21626533393911795,0.041415884291095904,0.40293832620075903,0.40293832620075903,237.5,2.6408604393858695,164.63560070478485,0.0,
ID8643 → ID8745,47,8643,8745,0.2865478119935164,0.8360347779153992,1.0392678577520695,1.0392678577520695,238.5,3.302740382821889,164.52204469731944,0.0,
ID8603 → ID8711,47,8603,8711,0.40811594202898693,NaN,0.9532258824567852,0.9532258824567852,236.5,2.0366434109848957,164.3281068987148,0.0,
