LABEL,TRACK_ID,SPOT_SOURCE_ID,SPOT_TARGET_ID,LINK_COST,DIRECTIONAL_CHANGE_RATE,SPEED,DISPLACEMENT,EDGE_TIME,EDGE_X_LOCATION,EDGE_Y_LOCATION,EDGE_Z_LOCATION,MANUAL_EDGE_COLOR
Label,Track ID,Source spot ID,Target spot ID,Edge cost,Directional change rate,Speed,Displacement,Edge time,Edge X,Edge Y,Edge Z,Manual edge color
Label,Track ID,Source ID,Target ID,Cost,γ rate,Speed,Disp.,Edge T,Edge X,Edge Y,Edge Z,Edge color
,,,,(cost),(rad/frames),(pixels/frames),(pixels),(frames),(pixels),(pixels),(pixels),
ID11753 → ID11732,0,11753,11732,0.13077237433592148,0.1994980468310441,1.2627834121423203,1.2627834121423203,5.5,46.18148331423811,15.721778833921487,0.0,
ID12318 → ID12368,0,12318,12368,0.041348132720695485,0.4439036521106936,0.3315341795949595,0.3315341795949595,19.5,40.437128134384196,18.899605348601867,0.0,
ID12858 → ID12885,0,12858,12885,0.04225757684831877,1.560912542520465,0.09909376707937154,0.09909376707937154,28.5,39.676565071834716,20.883602034003548,0.0,
ID11735 → ID11762,0,11735,11762,0.15449915110356538,0.02246720617751049,1.8654328874031914,1.8654328874031914,2.5,48.337934454696125,14.351274065493367,0.0,
ID12299 → ID12315,0,12299,12315,0.04336183179317732,0.9205637494020708,0.20724015954377148,0.20724015954377148,14.5,41.63497786323873,18.248914263407016,0.0,
ID12885 → ID12895,0,12885,12895,0.05480498242206122,1.7668452203434089,0.4249205966187188,0.4249205966187188,29.5,39.88135974781605,20.923001127315004,0.0,
ID12351 → ID12318,0,12351,12318,0.05820130175008997,2.2276774746207675,0.3902994799509432,0.3902994799509432,18.5,40.73983644909235,18.71972161232597,0.0,
ID12495 → ID12661,0,12495,12661,0.05858207064308518,0.8493892915099848,0.656737215643559,0.656737215643559,21.5,40.17720040252331,19.48957511223618,0.0,
ID12782 → ID12857,0,12782,12857,0.06303197607545419,1.1669090475734114,0.6573596968826186,0.6573596968826186,25.5,39.85322377197998,20.738373682204365,0.0,
ID11795 → ID11847,0,11795,11847,0.08593880621969585,0.106630023222861,0.9534161313727827,0.9534161313727827,8.5,43.46632402027184,16.413491279818043,0.0,
ID12907 → ID12905,0,12907,12905,0.06796506374861944,0.6163327182191758,0.6903277277862924,0.6903277277862924,31.5,40.789930547117635,20.354605607425157,0.0,
ID13567 → ID13360,0,13567,13360,0.1233444469061219,0.533509923391407,1.3551853002034728,1.3551853002034728,37.5,45.11968478916057,19.26782823751405,0.0,
ID11715 → ID11735,0,11715,11735,0.05925311070849926,0.427776994950348,0.4938806142207442,0.4938806142207442,1.5,48.197595045551175,13.180044522517104,0.0,
ID11796 → ID11795,0,11796,11795,0.06227131515360673,0.6751363713609291,0.5416384270000694,0.5416384270000694,7.5,44.08989414855762,16.003014925955174,0.0,
ID12368 → ID12495,0,12368,12495,0.03995292674967066,0.018222038202198965,0.21181119253048572,0.21181119253048572,20.5,40.241985221658595,19.088601282149767,0.0,
ID12270 → ID12299,0,12270,12299,0.03316776157667045,3.1230058165569776,0.2768420974395524,0.2768420974395524,13.5,41.41758068662445,18.25029468100781,0.0,
ID12327 → ID12337,0,12327,12337,0.06081915627289369,1.2187081333868997,0.6161452195065784,0.6161452195065784,16.5,40.99236323008168,18.543031944169254,0.0,
ID12210 → ID11715,0,12210,11715,0.10450124406242933,NaN,1.070018786179325,1.070018786179325,0.5,47.877505689775916,12.483497066361267,0.0,
ID11762 → ID11765,0,11762,11765,0.09184255561893873,1.7446643649010953,0.9052897938622324,0.9052897938622324,3.5,47.99269555732873,15.251043798235116,0.0,
ID12905 → ID13033,0,12905,13033,0.05472239369621257,0.47294733420535967,0.4956241598089864,0.4956241598089864,32.5,41.36460327158392,20.30368273446358,0.0,
ID12895 → ID12907,0,12895,12907,0.05310201998979547,0.8565171509400037,0.5885932915197214,0.5885932915197214,30.5,40.27616203719356,20.682585461313188,0.0,
ID13300 → ID13317,0,13300,13317,0.12014134275618371,1.7564180230416786,1.3666250305950145,1.3666250305950145,39.5,46.24838206596817,18.0985953495859,0.0,
ID11847 → ID11979,0,11847,11979,0.05793827065941626,0.4355925053920292,0.606070125481204,0.606070125481204,9.5,42.88930588304686,16.91155780238592,0.0,
ID13163 → ID13324,0,13163,13324,0.07676521739130437,0.14667717265515312,0.7710157352934559,0.7710157352934559,34.5,42.75696602707674,19.921865066537364,0.0,
ID11979 → ID12148,0,11979,12148,0.0777260317970131,0.458948680703547,0.7553716132652333,0.7553716132652333,10.5,42.392565254263914,17.350809854362325,0.0,
ID12243 → ID12270,0,12243,12270,0.04488712070383061,0.5399152043008616,0.2910671275320334,0.2910671275320334,12.5,41.42516305262829,18.2500604427752,0.0,
ID13295 → ID13567,0,13295,13567,0.09442379182156135,0.9917150012194674,0.9646463975018056,0.9646463975018056,36.5,44.01377430682418,19.445392562822228,0.0,
ID13317 → ID13355,0,13317,13355,0.08580066722268576,0.024911962320618115,0.820831222794004,0.820831222794004,40.5,47.34201857026193,18.09345953685196,0.0,
ID12771 → ID12782,0,12771,12782,0.06192845124003188,2.4545921976983354,0.6493328169665152,0.6493328169665152,24.5,39.971325171586464,20.206053316542302,0.0,
ID13324 → ID13295,0,13324,13295,0.05938345051379135,0.5822584438891654,0.6088528184542645,0.6088528184542645,35.5,43.333520683635776,19.597954674623473,0.0,
ID12148 → ID12243,0,12148,12243,0.07547169811320775,0.39660184257818604,0.8290301605509691,0.8290301605509691,11.5,41.81266051665162,17.86751924597657,0.0,
ID13360 → ID13300,0,13360,13300,0.07797952413227249,1.3904780285636036,0.926725175589047,0.926725175589047,38.5,45.65704104164129,18.562348399712743,0.0,
ID11732 → ID11796,0,11732,11796,0.1331181928196854,0.2628926252992642,1.262813365728682,1.262813365728682,6.5,44.93666980417937,15.854837745771828,0.0,
ID12857 → ID12871,0,12857,12871,0.06318681318681296,2.3952175938470193,0.5465109639817061,0.5465109639817061,26.5,39.72489575699224,20.92372946474618,0.0,
ID12747 → ID12771,0,12747,12771,0.03752053573401826,3.0514877257617044,0.23256647460197244,0.23256647460197244,23.5,40.19175648958129,20.09668195893502,0.0,
ID12337 → ID12351,0,12337,12351,0.04775918939738155,3.0488613763933663,0.17797410580839454,0.17797410580839454,17.5,40.895937550498104,18.740354371115743,0.0,
ID11765 → ID11753,0,11765,11753,0.0884077545837616,0.4967494694237369,0.8232778326223904,0.8232778326223904,4.5,47.167966770190745,15.39858626734897,0.0,
ID12315 → ID12327,0,12315,12327,0.0676420398914589,2.681421039005965,0.608777525681064,0.608777525681064,15.5,41.420890269151144,18.281109687031012,0.0,
ID12871 → ID12858,0,12871,12858,0.05163297045101112,2.8390506970327696,0.2062230429054007,0.2062230429054007,27.5,39.58223314176504,20.818108870373425,0.0,
ID12661 → ID12747,0,12661,12747,0.04726345472652782,0.06560122065672623,0.3945874095613623,0.3945874095613623,22.5,40.18363789379846,20.01493282062269,0.0,
ID13033 → ID13163,0,13033,13163,0.09217911937133594,0.5902429849841857,0.8433841065095727,0.8433841065095727,33.5,41.996040324529204,20.184681705398823,0.0,
ID13146 → ID13251,1,13146,13251,0.02751088835874771,2.7339353704358267,0.36656611997853455,0.36656611997853455,32.5,503.0935968590072,372.00183945143226,0.0,
ID13251 → ID13279,1,13251,13279,0.06149215222530968,2.9668179664330725,1.043262426763189,1.043262426763189,33.5,503.1272039173609,372.34281308144557,0.0,
ID12195 → ID12304,1,12195,12304,0.05241208618265125,1.0423292098804724,0.4071276248947272,0.4071276248947272,11.5,502.94154891573913,368.9535500863044,0.0,
ID12798 → ID12847,1,12798,12847,0.022241231822070162,2.5263554065854477,0.16700895373339825,0.16700895373339825,23.5,503.8091046056833,370.08347800925924,0.0,
ID13137 → ID13147,1,13137,13147,0.05032489237102755,1.0596730727824066,0.4563743507715439,0.4563743507715439,30.5,502.9544663975188,371.35630470937986,0.0,
ID13092 → ID13078,1,13092,13078,0.04239560720213076,0.5936224935685852,0.19950049648336185,0.19950049648336185,27.5,503.0731880061685,371.1741255348918,0.0,
ID13116 → ID13137,1,13116,13137,0.036050406763424525,2.6079274431432045,0.11760090469580321,0.11760090469580321,29.5,503.0671677044917,371.5928461210151,0.0,
ID12582 → ID12550,1,12582,12550,0.036958745311982844,2.5152763458053324,0.511274585948654,0.511274585948654,18.5,503.53553180181234,370.76031675313095,0.0,
ID13078 → ID13116,1,13078,13116,0.03701812611691169,1.0049159890945687,0.4123719880381044,0.4123719880381044,28.5,503.0195083311513,371.441774091733,0.0,
ID13529 → ID13440,1,13529,13440,0.04565217391304344,1.1969653041521435,0.27962570062740794,0.27962570062740794,38.5,502.72773951313434,373.5763704213084,0.0,
ID12399 → ID12520,1,12399,12520,0.015893037335984128,1.853286886839979,0.1670184373782651,0.1670184373782651,13.5,503.49719178125855,369.1443980885716,0.0,
ID11929 → ID11996,1,11929,11996,0.056677018633540355,1.46857725042076,0.32598889741497,0.32598889741497,2.5,503.2049873846252,366.7090727433383,0.0,
ID12091 → ID12147,1,12091,12147,0.035854616895846236,0.5285702286896655,0.30409685236389944,0.30409685236389944,9.5,502.7647432632575,368.7706587651986,0.0,
ID13485 → ID13517,1,13485,13517,0.030891824036683446,2.4032371148253695,0.2932092368912517,0.2932092368912517,40.5,503.1455138862118,373.679984760505,0.0,
ID11911 → ID12049,1,11911,12049,0.025684707115727234,2.708106999617509,0.16648251516024992,0.16648251516024992,6.5,503.2299458398628,368.0700242356569,0.0,
ID12572 → ID12571,1,12572,12571,0.045922046972432295,0.6117015367208238,0.5991005130545272,0.5991005130545272,16.5,503.6814479735425,370.6661302163143,0.0,
ID12304 → ID12399,1,12304,12399,0.044953413822982236,0.6916738917103058,0.41517404839868877,0.41517404839868877,12.5,503.3043559713308,369.08768770752073,0.0,
ID12034 → ID12091,1,12034,12091,0.03743645654090144,1.1566093588909225,0.31996644423613324,0.31996644423613324,8.5,502.78108525258654,368.46989753056243,0.0,
ID12544 → ID12572,1,12544,12572,0.037468414403077355,0.16947626714146827,0.5067138584174322,0.5067138584174322,15.5,503.70366390799086,370.1391674853213,0.0,
ID13075 → ID13092,1,13075,13092,0.06605982382172204,0.1650240271417413,0.735118322628461,0.735118322628461,26.5,503.2577530771082,370.75967552466346,0.0,
ID13597 → ID13529,1,13597,13529,0.01683181057775951,0.5305179610840293,0.08581863828504269,0.08581863828504269,37.5,502.5672415659867,373.5730634449066,0.0,
ID12571 → ID12582,1,12571,12582,0.021063386646737903,0.28057066605028375,0.07955047060737082,0.07955047060737082,17.5,503.56423150615717,370.9831007248277,0.0,
ID12550 → ID12599,1,12550,12599,0.02787844995816635,1.423042816553714,0.14980344102798798,0.14980344102798798,19.5,503.6031603389857,370.491942423475,0.0,
ID13147 → ID13146,1,13147,13146,0.06853890882092672,2.7379279199062805,1.0382504530986318,1.0382504530986318,31.5,502.9402700591979,371.67799532601214,0.0,
ID13279 → ID13500,1,13279,13500,0.05083369762071155,0.38867360907475335,0.5877822007612954,0.5877822007612954,34.5,503.01987298133156,373.1369716179112,0.0,
ID11983 → ID11911,1,11983,11911,0.02648104031854881,0.36553991978469386,0.25727420120749817,0.25727420120749817,5.5,503.23802968757514,368.0069667646094,0.0,
ID11843 → ID11929,1,11843,11929,0.03995717508502172,0.6725217703307834,0.31985329862727985,0.31985329862727985,1.5,503.40112289652706,366.57125246151094,0.0,
ID13500 → ID13415,1,13500,13415,0.06252983293554737,1.8511198382522258,0.5076502601830931,0.5076502601830931,35.5,502.70997531660623,373.2530993650108,0.0,
ID12731 → ID12798,1,12731,12798,0.05129913391071539,2.7105652073246533,0.48269905685349357,0.48269905685349357,22.5,503.9512156127354,369.9734305174219,0.0,
ID12847 → ID12863,1,12847,12863,0.039466322588961544,0.6090980195982868,0.25258005511209175,0.25258005511209175,24.5,503.7415834196636,369.894635193133,0.0,
ID12863 → ID13075,1,12863,13075,0.06157775255396403,2.0969869851602514,0.6908134697560631,0.6908134697560631,25.5,503.5184049645063,370.0986676731771,0.0,
ID13440 → ID13485,1,13440,13485,0.03474320241691842,1.0007004929305912,0.40505845965750886,0.40505845965750886,39.5,503.0092650813162,373.68533964479326,0.0,
ID12696 → ID12731,1,12696,12731,0.017628859961446364,0.47484268655184236,0.25741471099381746,0.25741471099381746,21.5,504.0686756005223,369.9058011789193,0.0,
ID11996 → ID12033,1,11996,12033,0.032043943267621944,1.8934035085266763,0.2573995308417092,0.2573995308417092,3.5,503.06979115228614,366.8165505036733,0.0,
ID12049 → ID12034,1,12049,12034,0.0633619083115915,1.2997776677560502,0.5108129106080733,0.5108129106080733,7.5,502.9570806733304,368.1653631787393,0.0,
ID13415 → ID13597,1,13415,13597,0.03987489567610658,2.3088889994731576,0.44228679486228306,0.44228679486228306,36.5,502.52645573499524,373.31722814002455,0.0,
ID12033 → ID11983,1,12033,11983,0.056696031681922276,0.12011383051359932,0.9527661274937359,0.9527661274937359,4.5,503.13903157493337,367.4169233142128,0.0,
ID12147 → ID12195,1,12147,12195,0.012347988774555674,0.8491434368573596,0.043711125158964165,0.043711125158964165,10.5,502.7270578228881,368.93365219322493,0.0,
ID12599 → ID12696,1,12599,12696,0.059597476719701725,0.71467618380209,0.5774041565298582,0.5774041565298582,20.5,503.8594402761263,370.2554141367373,0.0,
ID12240 → ID11843,1,12240,11843,0.05117024350513677,NaN,0.5708159129223465,0.5708159129223465,0.5,503.3093400640623,366.1589164276543,0.0,
ID12520 → ID12544,1,12520,12544,0.055419722901385526,2.60702166545222,0.8345170229741767,0.8345170229741767,14.5,503.5809878618219,369.4821693573773,0.0,
ID11748 → ID11730,2,11748,11730,0.0668721543347992,0.10334742337056436,0.574242520884741,0.574242520884741,5.5,450.3018906329302,4.759816809228096,0.0,
ID13318 → ID13294,2,13318,13294,0.02959775162480227,2.0876196397484357,0.11744465140259788,0.11744465140259788,35.5,444.3413836698428,5.966428203619244,0.0,
ID11971 → ID12146,2,11971,12146,0.05818500785789793,0.21349357580252026,0.3455568917493383,0.3455568917493383,10.5,448.26793730734164,4.556613554465333,0.0,
ID11839 → ID11971,2,11839,11971,0.03864856559229124,0.041409599896944586,0.32563457619123204,0.32563457619123204,9.5,448.5634408602151,4.711612903225806,0.0,
ID12360 → ID12486,2,12360,12486,0.04953949204577268,3.0439034891276,0.4021418275454734,0.4021418275454734,20.5,447.72000643507045,4.777013198528558,0.0,
ID12896 → ID13025,2,12896,13025,0.04270604380682419,2.5185214586585163,0.4091253901356414,0.4091253901356414,32.5,446.21790194823905,6.187931918268998,0.0,
ID12655 → ID12746,2,12655,12746,0.09248554913294793,0.555156094759205,1.1361836563951488,1.1361836563951488,22.5,446.75186969619915,5.125691597745734,0.0,
ID12746 → ID12769,2,12746,12769,0.08326253186066268,0.18976749735606854,1.1184459207820292,1.1184459207820292,23.5,445.6443537318014,5.306911781760564,0.0,
ID11789 → ID11790,2,11789,11790,0.0543692141093175,0.3619922185188189,0.351469058419463,0.351469058419463,7.5,449.49323359212906,4.963986980805138,0.0,
ID12781 → ID12853,2,12781,12853,0.08114488049572222,0.9286478842879436,1.0690807904262856,1.0690807904262856,25.5,445.84352603862453,5.861232411450752,0.0,
ID13294 → ID13566,2,13294,13566,0.09374700297305294,2.1587767485397142,1.1383748989415083,1.1383748989415083,36.5,443.81084401363324,5.872242427356461,0.0,
ID12879 → ID12888,2,12879,12888,0.02322385598460852,0.32047391316605506,0.0400099563198078,0.0400099563198078,29.5,445.9909628084811,6.131386861313869,0.0,
ID12296 → ID12310,2,12296,12310,0.05329523783670376,0.8257184559193234,0.6287402602416999,0.6287402602416999,14.5,447.45725386525675,4.524809125025419,0.0,
ID12321 → ID12331,2,12321,12331,0.2186927306047648,2.1772782412372447,1.2751932708288802,1.2751932708288802,16.5,446.77488861933176,4.9129774174753384,0.0,
ID12853 → ID12867,2,12853,12867,0.04177038733446159,0.9797723263535779,0.08363096188177055,0.08363096188177055,26.5,446.3999711517191,5.913772526554482,0.0,
ID12313 → ID12360,2,12313,12360,0.10178645616950488,2.8329800790730704,1.1735992415491563,1.1735992415491563,19.5,447.347887363636,4.670059376739777,0.0,
ID12211 → ID11716,2,12211,11716,0.13592446201141772,NaN,0.9743260425824909,0.9743260425824909,0.5,454.7417819930055,3.8201795787440163,0.0,
ID11730 → ID11789,2,11730,11789,0.05653638126339566,0.16618236698939237,0.3792721437079856,0.3792721437079856,6.5,449.83769872027005,4.8614199432878245,0.0,
ID12310 → ID12321,2,12310,12321,0.061321240853345116,0.8318698135513203,0.36230424102947534,0.36230424102947534,15.5,447.0147441313387,4.412830261533109,0.0,
ID12867 → ID12854,2,12867,12854,0.07694915254237322,1.2278099934566966,0.6651775054845499,0.6651775054845499,27.5,446.7341614825755,6.0139461376655925,0.0,
ID13566 → ID13354,2,13566,13354,0.004338394793926281,0.011964386958893231,0.05960342120833524,0.05960342120833524,37.5,443.23290831557176,5.7148387594774395,0.0,
ID12769 → ID12781,2,12769,12781,0.07749561088993773,1.9900810063038081,0.49069807797270754,0.49069807797270754,24.5,445.20093558053975,5.561062676498409,0.0,
ID11738 → ID11756,2,11738,11756,0.07210133160117149,0.2225417009540243,0.7638187308578215,0.7638187308578215,2.5,453.67391704628113,4.476745545321459,0.0,
ID12331 → ID12336,2,12331,12336,0.19268292682926824,2.8086692285084647,1.1920106302758273,1.1920106302758273,17.5,446.9536997231128,5.020161760419702,0.0,
ID12486 → ID12655,2,12486,12655,0.0592562321209652,0.942994046856593,0.3185111283397259,0.3185111283397259,21.5,447.4110363705471,4.866155300671068,0.0,
ID12336 → ID12313,2,12336,12313,0.05332997924658467,2.1586307164355505,0.46887954226837064,0.46887954226837064,18.5,447.0101346540973,4.518140865124957,0.0,
ID12241 → ID12266,2,12241,12266,0.05222929936305731,2.857969762988247,0.36088019937797144,0.36088019937797144,12.5,447.76172449782706,4.709481401635697,0.0,
ID12888 → ID12898,2,12888,12898,0.056536230095050044,2.4889053291944117,0.25867457483757916,0.25867457483757916,30.5,446.0440705186171,6.232365953550475,0.0,
ID13025 → ID13155,2,13025,13155,0.0466504768109941,0.3678836229436501,0.6185834626477671,0.6185834626477671,33.5,445.7167836559622,6.121147415508885,0.0,
ID13155 → ID13318,2,13155,13318,0.08749647191645571,0.20889546988294164,1.1057208723227914,1.1057208723227914,34.5,444.865174728428,6.01802651955091,0.0,
ID13354 → ID13298,2,13354,13298,0.14963393842142025,1.646580274280355,1.071880174916857,1.071880174916857,38.5,443.1087755850273,6.234735354048128,0.0,
ID12854 → ID12879,2,12854,12879,0.08855475975904548,2.7440201464984826,1.0300480158789187,1.0300480158789187,28.5,446.5249183538987,6.1413044186652765,0.0,
ID12266 → ID12296,2,12266,12296,0.04450261780104714,2.1633732442611175,0.23429467897673387,0.23429467897673387,13.5,447.8548572760525,4.591171794687895,0.0,
ID11716 → ID11738,2,11716,11738,0.10590903027877885,2.176161353523595,1.1177345234329765,1.1177345234329765,1.5,454.5893245019792,4.285531015929916,0.0,
ID13298 → ID13314,2,13298,13314,0.1490724019044497,2.16774670234626,1.1964362217476516,1.1964362217476516,39.5,442.5863990418174,6.343252835114629,0.0,
ID11759 → ID11748,2,11759,11748,0.13611691022964434,0.6004066325951357,1.3306972154384908,1.3306972154384908,4.5,451.19437744818237,4.430229861104819,0.0,
ID12146 → ID12241,2,12146,12241,0.07272030161671739,1.0726532994375624,0.6096783212238569,0.6096783212238569,11.5,447.85450698897773,4.603360339200732,0.0,
ID13314 → ID13349,2,13314,13349,0.12338308457711444,2.8720228998409993,0.9686514533381652,0.9686514533381652,40.5,442.40228355796285,6.343341190866068,0.0,
ID11756 → ID11759,2,11756,11759,0.12740487387772403,0.2891516002097768,1.5170896997211243,1.5170896997211243,3.5,452.55204530122836,4.342630470281168,0.0,
ID11790 → ID11839,2,11790,11839,0.08434864104967255,0.891914540825721,0.6796612605112433,0.6796612605112433,8.5,449.02609888332495,4.907846486290646,0.0,
ID12898 → ID12896,2,12898,12896,0.027370372389727726,1.248671721960243,0.30456736430166864,0.30456736430166864,31.5,446.2629392411355,6.299341557022429,0.0,
ID12324 → ID12378,3,12324,12378,0.05267129101681234,0.8123178406528171,0.23700977775922,0.23700977775922,19.5,289.04635230936316,24.604984307789664,0.0,
ID12353 → ID12359,3,12353,12359,0.10115504559756194,0.5480799028214622,0.7067037656317352,0.7067037656317352,17.5,288.43440063364454,24.562541494732994,0.0,
ID12668 → ID12748,3,12668,12748,0.12821899767173983,2.005131281308988,1.2105786374426133,1.2105786374426133,22.5,288.6826302441291,25.581306281016268,0.0,
ID12305 → ID12326,3,12305,12326,0.09636034231341528,0.37932906995436394,0.9257546732832157,0.9257546732832157,14.5,287.6228012520777,21.387953022073518,0.0,
ID12275 → ID12305,3,12275,12305,0.06227002547409688,0.5738639690729029,0.29062743785999007,0.29062743785999007,13.5,287.40553316501826,20.828374601409834,0.0,
ID11856 → ID11997,3,11856,11997,0.06862915868315567,1.1574131744220761,0.17842915390958575,0.17842915390958575,9.5,285.452711172848,19.829777181945197,0.0,
ID12911 → ID12924,3,12911,12924,0.06627196925079992,0.9480902553087335,0.5933883576923618,0.5933883576923618,30.5,286.62261384346164,25.35158078799673,0.0,
ID12359 → ID12324,3,12359,12324,0.08093876936963995,2.235701068067712,0.7190829998746231,0.7190829998746231,18.5,288.64014091881904,24.79712513219436,0.0,
ID13047 → ID13179,3,13047,13179,0.15133886039770705,0.11393672163638412,1.5710407483399986,1.5710407483399986,33.5,287.0416782467146,22.5314464472413,0.0,
ID12924 → ID12921,3,12924,12921,0.14404432132963962,1.7506628865184333,1.2334256026509478,1.2334256026509478,31.5,286.82335093386826,24.74941895576744,0.0,
ID11768 → ID11771,3,11768,11771,0.06006984866123399,1.4472603833305093,0.4618567166590954,0.4618567166590954,3.5,284.6312408612421,16.486612776037354,0.0,
ID11997 → ID12155,3,11997,12155,0.100165784266538,2.0488047792966735,0.8233431575100651,0.8233431575100651,10.5,285.3159368975696,20.1832396628315,0.0,
ID12155 → ID12247,3,12155,12247,0.08706298765624321,2.993159070289419,0.5631072233345688,0.5631072233345688,11.5,285.2081234554919,20.271873740294794,0.0,
ID12378 → ID12516,3,12378,12516,0.09958467785514757,2.2322639993367566,0.8254886769179967,0.8254886769179967,20.5,288.6961552685323,24.564092289010322,0.0,
ID12326 → ID12344,3,12326,12344,0.1318309188985931,0.17385578034701002,1.5835299241425604,1.5835299241425604,15.5,288.09854298757773,22.54413099532988,0.0,
ID12864 → ID12881,3,12864,12881,0.047461203786984374,1.7212014587488318,0.14213326388211014,0.14213326388211014,26.5,287.78188229911143,25.559439459763066,0.0,
ID12775 → ID12785,3,12775,12785,0.07106419575641432,2.0432846796014994,0.5365402839530449,0.5365402839530449,24.5,287.83435510081927,26.196654597990246,0.0,
ID13325 → ID13366,3,13325,13366,0.18801494294048415,2.3806204814780996,1.683754473160753,1.683754473160753,40.5,287.0990303117446,21.53161331311606,0.0,
ID11758 → ID11734,3,11758,11734,0.14884266041605676,0.19744400294441894,1.8227361352651341,1.8227361352651341,5.5,284.8397714080567,18.47703992887208,0.0,
ID11802 → ID11806,3,11802,11806,0.13568054959209963,3.035982498025527,1.7231461204835867,1.7231461204835867,7.5,284.8460956704195,19.603108066356118,0.0,
ID12881 → ID12865,3,12881,12865,0.09347968772511606,1.805511370412354,0.7957745272001594,0.7957745272001594,27.5,287.68423056785184,25.934508226633028,0.0,
ID12785 → ID12864,3,12785,12864,0.06627465554929712,1.3208443350075816,0.4917987764287752,0.4917987764287752,25.5,287.7402759661765,25.801408369695338,0.0,
ID13372 → ID13303,3,13372,13303,0.09932210668384234,2.384423062739212,1.0325072892697253,1.0325072892697253,38.5,287.1387760363916,21.637389407275272,0.0,
ID11806 → ID11856,3,11806,11856,0.08953900709219853,2.437305109269059,0.7223477590255892,0.7223477590255892,8.5,285.18602135904047,20.135014993132216,0.0,
ID12908 → ID12911,3,12908,12911,0.07843024260934572,1.1712135383354958,0.47698828251951697,0.47698828251951697,29.5,286.86482451312105,25.7624094100252,0.0,
ID13303 → ID13325,3,13303,13325,0.09305502468635762,1.9854419684102225,0.8506280122156468,0.8506280122156468,39.5,286.95170764702596,22.122673769317316,0.0,
ID12516 → ID12668,3,12516,12668,0.10703012912482113,2.3709036918548505,1.1295977700385604,1.1295977700385604,21.5,288.7483523588938,24.954143160448893,0.0,
ID12212 → ID11717,3,12212,11717,0.13536168891648448,NaN,1.3283491726186345,1.3283491726186345,0.5,285.1202651817765,15.13526054815241,0.0,
ID13569 → ID13372,3,13569,13372,0.13855784278319572,2.1406043427403314,1.3322749618316179,1.3322749618316179,37.5,286.7177055529687,21.819271793139784,0.0,
ID11717 → ID11741,3,11717,11741,0.0976131694096013,1.8083212771555695,0.9095344838509962,0.9095344838509962,1.5,284.91450420992044,15.816041407391335,0.0,
ID12344 → ID12353,3,12344,12353,0.09667609949813227,0.3220706604195182,0.9924322934001347,0.9924322934001347,16.5,288.5115986753344,23.74740879838567,0.0,
ID12247 → ID12275,3,12247,12275,0.19189982869728595,1.4764679945923966,2.1092614773577933,2.1092614773577933,12.5,286.32114255021827,20.36483971740711,0.0,
ID13179 → ID13331,3,13179,13331,0.054227015975510384,0.969780850905129,0.16274256474257337,0.16274256474257337,34.5,286.9246457563267,21.705458200707135,0.0,
ID13297 → ID13569,3,13297,13569,0.08759378816960361,1.8625800110974131,0.7368638356247105,0.7368638356247105,36.5,286.88703132522767,22.354070392616364,0.0,
ID12865 → ID12908,3,12865,12908,0.07285178133496195,1.892040941098998,0.8551240563600184,0.8551240563600184,28.5,287.25988939242643,26.16608365124476,0.0,
ID11771 → ID11758,3,11771,11758,0.09988760734589686,1.2594779847776443,1.03650200608483,1.03650200608483,4.5,284.89963800559605,17.055113935000485,0.0,
ID11741 → ID11768,3,11741,11768,0.059139757341122645,1.3272859002247999,0.5582305056443505,0.5582305056443505,2.5,284.4352105232446,16.156931056929153,0.0,
ID12748 → ID12775,3,12748,12775,0.07262821173209022,0.8148401150385199,0.5048569459890015,0.5048569459890015,23.5,288.0972273198031,26.126306303032507,0.0,
ID13331 → ID13297,3,13331,13297,0.06552623948970615,2.693838649352379,0.7003901123283403,0.7003901123283403,35.5,287.04745838574297,21.956060305789123,0.0,
ID12921 → ID13047,3,12921,13047,0.12258023297910492,0.9737956135587025,1.0194705398486326,1.0194705398486326,32.5,287.1772755261064,23.817567849838525,0.0,
ID11734 → ID11802,3,11734,11802,0.06611633046345067,2.944490593108463,0.6278255174185738,0.6278255174185738,6.5,284.7102976805189,19.0697184597966,0.0,
ID12334 → ID12345,4,12334,12345,0.22444444444444445,3.135254172813195,3.176762751326847,3.176762751326847,16.5,161.24059552477934,21.585895981393197,0.0,
ID11739 → ID11809,4,11739,11809,0.06696228210330024,2.502872129006602,0.6815801279164796,0.6815801279164796,6.5,160.5958091994049,22.437039025944664,0.0,
ID11865 → ID11989,4,11865,11989,0.07267564726409603,1.6732453119207835,0.5374031210561984,0.5374031210561984,9.5,160.48499267802242,22.326522254926246,0.0,
ID11766 → ID11739,4,11766,11739,0.07000821692686932,2.3408805641712758,0.7888758193942205,0.7888758193942205,5.5,160.43375183658895,22.609129237536916,0.0,
ID11801 → ID11865,4,11801,11865,0.09310341181819126,2.6895098887029336,0.9792134999883337,0.9792134999883337,8.5,159.9927254134646,22.53311214009987,0.0,
ID11744 → ID11773,4,11744,11773,0.08668506040253765,0.1093740392171185,1.015957548964177,1.015957548964177,2.5,162.7587509034903,20.844078252953196,0.0,
ID11777 → ID11766,4,11777,11766,0.15967491191529426,0.41137991359744464,2.3016451981515034,2.3016451981515034,4.5,161.01016070111268,21.891019773413575,0.0,
ID11718 → ID11744,4,11718,11744,0.06347670424306906,0.39522667399480094,0.4946398519590129,0.4946398519590129,1.5,163.33249339077645,20.354390319527397,0.0,
ID12245 → ID12273,4,12245,12273,0.062228226453329816,0.5696771195614533,0.6101761232263404,0.6101761232263404,12.5,160.2437357695859,22.006934701162017,0.0,
ID12213 → ID11718,4,12213,11718,0.10452591531202138,NaN,1.1284657847352142,1.1284657847352142,0.5,163.82326652963343,19.724910928400135,0.0,
ID12302 → ID12320,4,12302,12320,0.0527522935779815,2.812177090304256,0.6062132151484978,0.6062132151484978,14.5,160.6149685472287,21.37277505352199,0.0,
ID11809 → ID11801,4,11809,11801,0.08870543727223734,1.1826097276995402,0.913612851129009,0.913612851129009,7.5,159.93995011801778,22.32519907231859,0.0,
ID12273 → ID12302,4,12273,12302,0.07995003123048094,1.4749112535993196,0.8728876265787795,0.8728876265787795,13.5,160.52484334247873,21.527313732795896,0.0,
ID12345 → ID12343,4,12345,12343,0.6913190265352146,0.9349496857447103,11.130495959467883,11.130495959467883,17.5,166.8570658934102,18.057537538771232,0.0,
ID11773 → ID11777,4,11773,11777,0.045329578220344335,0.5718288887772274,0.41889308542704706,0.41889308542704706,3.5,162.1780098484071,21.223006880828247,0.0,
ID11989 → ID12151,4,11989,12151,0.07429225985927013,2.7656983183593624,0.45061678336778943,0.45061678336778943,10.5,160.4037594723928,22.265382432647268,0.0,
ID12151 → ID12245,4,12151,12245,0.06905370843989822,2.943918584311474,0.1849325777894869,0.1849325777894869,11.5,160.33454493380447,22.382291763574226,0.0,
ID12320 → ID12334,4,12320,12334,0.06151843178484495,0.3071562215054861,0.6463714052364634,0.6463714052364634,15.5,159.99623658251602,21.3571788240994,0.0,
ID11910 → ID12000,5,11910,12000,0.06549446490282318,0.3372032467452393,0.3377885079250196,0.3377885079250196,1.5,266.8747676433483,428.9021621337114,0.0,
ID12602 → ID12642,5,12602,12642,0.06482041359294433,3.1000977439233743,0.5838269466508188,0.5838269466508188,15.5,267.6013153603041,428.6338501422771,0.0,
ID12711 → ID12738,5,12711,12738,0.1201653774340079,0.6113913575692591,1.2583613762169896,1.2583613762169896,21.5,267.1898813041542,432.83887967686434,0.0,
ID13133 → ID13150,5,13133,13150,0.0643814325371026,0.6295375815332955,0.26264127604956833,0.26264127604956833,26.5,262.89728324636053,434.2738300492703,0.0,
ID12166 → ID12202,5,12166,12202,0.08539570301876909,0.3967906945856693,1.0280044128179302,1.0280044128179302,10.5,268.80587121212125,427.90743371212125,0.0,
ID12090 → ID12050,5,12090,12050,0.05668626893730122,2.022915433785907,0.4569504373181658,0.4569504373181658,4.5,267.5100848001197,427.82390727488894,0.0,
ID13135 → ID13176,5,13135,13176,0.10700959488273287,0.6842966830190689,1.269097569196095,1.269097569196095,28.5,263.509854003864,433.01221734874423,0.0,
ID12255 → ID11910,5,12255,11910,0.057485999595195736,NaN,0.3610766923301464,0.3610766923301464,0.5,266.55310432204044,429.02545636086893,0.0,
ID12642 → ID12624,5,12642,12624,0.07594342390986042,2.9241258168717557,0.6294126651814581,0.6294126651814581,16.5,267.64517660517663,428.6879164879165,0.0,
ID13604 → ID13556,5,13604,13556,0.13574383330779838,0.9029894149238317,1.6652429686864851,1.6652429686864851,37.5,263.9673252577521,431.9600401991915,0.0,
ID12050 → ID11980,5,12050,11980,0.1261954596683339,0.33584822776483586,1.5791975029772576,1.5791975029772576,5.5,268.36552311952863,428.35733203255694,0.0,
ID12468 → ID12581,5,12468,12581,0.09477126685919401,0.09872521450196645,1.119194314330499,1.119194314330499,13.5,268.088587696899,428.93951843496075,0.0,
ID12878 → ID12919,5,12878,12919,0.07343390851740828,0.24827046207148107,0.6403912576708676,0.6403912576708676,24.5,264.5461806480892,434.7135180139267,0.0,
ID12656 → ID12711,5,12656,12711,0.12936094805625709,1.2346643680950935,1.369386391667627,1.369386391667627,20.5,268.0782059850866,431.9550999034468,0.0,
ID12624 → ID12641,5,12624,12641,0.09549340534008555,1.236822918435312,1.1569879989700766,1.1569879989700766,17.5,267.91861593235427,429.37949573790695,0.0,
ID12581 → ID12602,5,12581,12602,0.0662926207492911,1.6701535180028177,0.43182910885908,0.43182910885908,14.5,267.5612565790559,428.6992690854494,0.0,
ID13490 → ID13524,5,13490,13524,0.0837744770519665,1.5785439725105754,0.7957690809801847,0.7957690809801847,39.5,262.0925589355345,431.0703818119284,0.0,
ID13534 → ID13457,5,13534,13457,0.08368901570619602,1.5999331524143319,0.8836705263335242,0.8836705263335242,35.5,265.8664255971948,430.01840894148586,0.0,
ID12349 → ID12468,5,12349,12468,0.027484143763193303,2.1555450822242133,0.20666547491181045,0.20666547491181045,12.5,268.5539689015011,429.41104069211553,0.0,
ID12823 → ID12878,5,12823,12878,0.09715892985632446,0.47200263649067364,0.9443851251388773,0.9443851251388773,23.5,265.320649214234,434.5763833080897,0.0,
ID13200 → ID13209,5,13200,13209,0.07720414757167338,0.8199251043228055,0.8879507370731483,0.8879507370731483,30.5,264.8409994432099,430.9291327169657,0.0,
ID12137 → ID12166,5,12137,12166,0.04192456314332804,3.109878566147721,0.14465172364889411,0.14465172364889411,9.5,268.825086236072,427.3263702586431,0.0,
ID13266 → ID13286,5,13266,13286,0.06714505599189557,2.159503757399853,0.2584912796118976,0.2584912796118976,33.5,266.39818923683396,429.95788714064133,0.0,
ID13457 → ID13604,5,13457,13604,0.15097037793665913,0.7790231402487673,1.7090428960924966,1.7090428960924966,36.5,265.1144482298328,430.96566583868616,0.0,
ID13209 → ID13208,5,13209,13208,0.07344969784992772,0.9456435428366443,0.637555659771968,0.637555659771968,31.5,265.1326475994412,430.3132375070461,0.0,
ID12202 → ID12349,5,12202,12349,0.09053778080324859,0.04270052416707311,1.066713464770426,1.066713464770426,11.5,268.69831558697206,428.9490155616201,0.0,
ID12641 → ID12605,5,12641,12605,0.0785780195230682,0.5624662469994584,0.9258579032378522,0.9258579032378522,18.5,268.43210025291177,430.2387872593936,0.0,
ID11980 → ID12101,5,11980,12101,0.0808498082030229,2.1534477212993277,1.0279368537462472,1.0279368537462472,6.5,269.0279777881384,428.31067158456136,0.0,
ID12919 → ID13133,5,12919,13133,0.10058066014368883,0.2974669248535065,1.2941536457256553,1.2941536457256553,25.5,263.6025178116449,434.5494521656004,0.0,
ID12605 → ID12656,5,12605,12656,0.0775698100725245,0.07100990320298771,0.9539082437886264,0.9539082437886264,19.5,268.60886077297204,431.16129635727145,0.0,
ID13286 → ID13534,5,13286,13534,0.04526482436937396,2.4890954444946365,0.24169519632004008,0.24169519632004008,34.5,266.3182601411919,429.96784194679697,0.0,
ID13524 → ID13543,5,13524,13543,0.09719650041511307,0.6769109979511507,1.1009944501281386,1.1009944501281386,40.5,262.8163680272494,430.5422348611404,0.0,
ID12000 → ID12064,5,12000,12064,0.05539825308455404,0.3094251956863961,0.44688939315344767,0.44688939315344767,2.5,267.2365308033501,428.7626172679265,0.0,
ID13150 → ID13135,5,13150,13135,0.08879168944777349,1.5122340708926487,0.7981844077814578,0.7981844077814578,27.5,263.11314951911686,433.9049719126019,0.0,
ID13556 → ID13490,5,13556,13490,0.10343426132900935,0.7940449690210146,1.4853194431631918,1.4853194431631918,38.5,262.5240393636675,431.7908688056849,0.0,
ID13208 → ID13266,5,13208,13266,0.09711684370256768,0.2845162439177419,1.0801673075264193,1.0801673075264193,32.5,265.91861492695386,429.98757608323206,0.0,
ID12738 → ID12823,5,12738,12823,0.13264341076842823,0.35440179762461815,1.541402498690063,1.541402498690063,22.5,266.34028629777015,433.92404672876216,0.0,
ID12089 → ID12137,5,12089,12137,0.08109536392026329,2.91385429246441,0.8179368594357648,0.8179368594357648,8.5,268.94185139300623,427.64216111381506,0.0,
ID12064 → ID12090,5,12064,12090,0.0718830415971432,1.2252519740704166,0.9090924610807721,0.9090924610807721,3.5,267.36203664788604,428.2062085416576,0.0,
ID13176 → ID13200,5,13176,13200,0.14335153518223764,0.7161618449929169,1.5767867259602306,1.5767867259602306,29.5,264.2132182652466,431.87897446842925,0.0,
ID12101 → ID12089,5,12101,12089,0.0347784659361533,2.972298972629974,0.23101822113633513,0.23101822113633513,7.5,269.06728458942473,427.91202104725545,0.0,
ID11772 → ID11742,6,11772,11742,0.054736005762330064,0.5169069155012157,0.5025666429574085,0.5025666429574085,5.5,496.87726723852074,27.09522741585455,0.0,
ID12887 → ID12870,6,12887,12870,0.08108826993958596,1.2659382308668432,0.5177686700800852,0.5177686700800852,27.5,497.10973938019504,26.638102880027994,0.0,
ID12386 → ID12526,6,12386,12526,0.043169255067121104,3.0261282541831283,0.24969716754909177,0.24969716754909177,20.5,497.5563585707148,26.788923580417645,0.0,
ID13336 → ID13299,6,13336,13299,0.05686148278322445,0.46992976386459845,0.47107581420494243,0.47107581420494243,35.5,493.72788992853737,24.350405391233757,0.0,
ID12749 → ID12777,6,12749,12777,0.08336434685522887,0.6018700257220353,0.7626534886808767,0.7626534886808767,23.5,496.61744688766225,25.897210911028665,0.0,
ID12932 → ID13056,6,12932,13056,0.09724047306176087,0.06907500645111293,1.1414188340926108,1.1414188340926108,32.5,495.3162981795824,25.55301581960335,0.0,
ID13570 → ID13378,6,13570,13378,0.050448145649533815,1.8502743763805498,0.49280050888023763,0.49280050888023763,37.5,493.66444695903,24.401186479003844,0.0,
ID11747 → ID11779,6,11747,11779,0.09922909665941881,0.6471333579751304,0.9829347835051346,0.9829347835051346,2.5,497.3879271341277,26.820899275886454,0.0,
ID12214 → ID11719,6,12214,11719,0.07855227882037341,NaN,0.8112919254974396,0.8112919254974396,0.5,497.8191330741911,25.795788540640153,0.0,
ID12330 → ID12386,6,12330,12386,0.06548536209553157,0.2228910677851627,0.6213841057563944,0.6213841057563944,19.5,497.4647075794437,26.95218551322027,0.0,
ID11815 → ID11875,6,11815,11875,0.09195402298850308,1.1773252579118991,1.0554952324595694,1.0554952324595694,8.5,495.7319955943527,26.76005772249713,0.0,
ID13329 → ID13373,6,13329,13373,0.05799926072785011,0.2587897379099167,0.37378704114076483,0.37378704114076483,40.5,493.41033255777313,24.65213173432352,0.0,
ID12787 → ID12868,6,12787,12868,0.06385950137404006,2.8439505288511,0.4509579927186878,0.4509579927186878,25.5,496.42750292874814,25.22322672308193,0.0,
ID12363 → ID12367,6,12363,12367,0.04296200345423562,1.2300013672352161,0.2664383756607683,0.2664383756607683,17.5,496.69619711840147,27.598739084485135,0.0,
ID12333 → ID12352,6,12333,12352,0.05450627455952495,0.053230040433888355,0.4223269638664896,0.4223269638664896,15.5,496.98101368226116,27.280651207488482,0.0,
ID13305 → ID13329,6,13305,13329,0.064985853392305,2.8169342791910426,0.2738026090540605,0.2738026090540605,39.5,493.731357786722,24.66118084938877,0.0,
ID12352 → ID12363,6,12352,12363,0.060857081886437125,0.651471493140323,0.2145169532147355,0.2145169532147355,16.5,496.7027639138562,27.401862616858853,0.0,
ID12526 → ID12674,6,12526,12674,0.08702386312472077,0.2651480673769358,0.785350028206761,0.785350028206761,21.5,497.1518573480613,27.106386896628813,0.0,
ID11779 → ID11782,6,11779,11782,0.11018080330056823,2.200336901824395,1.13892432081931,1.13892432081931,3.5,497.05277035079735,26.4688555760654,0.0,
ID11742 → ID11819,6,11742,11819,0.05267358339984041,1.7699160655182895,0.38130312398626226,0.38130312398626226,6.5,496.59913123712613,27.1516085657828,0.0,
ID11819 → ID11815,6,11819,11815,0.07425482180546583,1.2011183972770436,0.4090406800609456,0.4090406800609456,7.5,496.28133956337507,27.078383380442236,0.0,
ID12870 → ID12900,6,12870,12900,0.08566810344827347,2.694020712656714,0.8903703972324462,0.8903703972324462,28.5,497.03382130020526,26.410839011070316,0.0,
ID13056 → ID13190,6,13056,13190,0.1072948774401884,0.0567275770436235,1.2599227794213144,1.2599227794213144,33.5,494.2421910300435,25.017527659002933,0.0,
ID12936 → ID12932,6,12936,12932,0.07148226929689472,0.022384022536412185,0.6777137128251646,0.6777137128251646,31.5,496.15110333772077,25.91286133323829,0.0,
ID12158 → ID12249,6,12158,12249,0.1380184749139649,1.5866850934094523,1.7618116357962372,1.7618116357962372,11.5,496.65229025355296,26.718121164405687,0.0,
ID11875 → ID12006,6,11875,12006,0.0653244170034355,3.121928971312373,0.4686549587333196,0.4686549587333196,9.5,495.53674314168757,26.540923810105703,0.0,
ID12006 → ID12158,6,12006,12158,0.06752471553814854,1.9768467270365835,0.37945839303159673,0.37945839303159673,10.5,495.7728731862453,26.535619161200557,0.0,
ID12249 → ID12278,6,12249,12278,0.016707920792072506,2.571827840932038,0.05441145099316254,0.05441145099316254,12.5,497.4425610883956,27.052557518821395,0.0,
ID13190 → ID13336,6,13190,13336,0.04941254895425495,0.9035331226837837,0.14772410865416727,0.14772410865416727,34.5,493.6731259106133,24.648662837360533,0.0,
ID12367 → ID12330,6,12367,12330,0.0742819721208745,1.8247210409990198,0.7329596279428345,0.7329596279428345,18.5,497.0264843664712,27.462958263189208,0.0,
ID12278 → ID12308,6,12278,12308,0.04781690268301353,2.3702206461344106,0.3233604494622637,0.3233604494622637,13.5,497.5854990320076,27.064480412485956,0.0,
ID12777 → ID12787,6,12777,12787,0.061490245753501815,0.9296868125252743,0.6455124435324606,0.6455124435324606,24.5,496.5437849697844,25.27161127494287,0.0,
ID12920 → ID12936,6,12920,12936,0.1002268308489973,2.6735551852238713,1.119293801399721,1.119293801399721,30.5,496.9951760375352,26.220684764401494,0.0,
ID12674 → ID12749,6,12674,12749,0.10063976377952666,1.8766203087337803,1.1163709564559903,1.1163709564559903,22.5,496.66537569180946,26.794752519515672,0.0,
ID13299 → ID13570,6,13299,13570,0.039283083722079226,2.407589923666937,0.2616290784395642,0.2616290784395642,36.5,493.8516617221013,24.24309440403168,0.0,
ID12308 → ID12333,6,12308,12333,0.052391207796667616,2.6776576632339117,0.5727859825151973,0.5727859825151973,14.5,497.4658041874559,27.16943386923481,0.0,
ID11719 → ID11747,6,11719,11747,0.07924387248358056,1.7622768581690382,0.792529532955324,0.792529532955324,1.5,498.0203676072488,26.264719419489396,0.0,
ID11782 → ID11772,6,11782,11772,0.10335392072550798,3.080794028619065,0.9942530145963414,0.9942530145963414,4.5,497.0966529611097,26.40287911889157,0.0,
ID12900 → ID12920,6,12900,12920,0.05784448162638711,2.2159239045669525,0.6028504677694301,0.6028504677694301,29.5,497.3145645754511,26.18981144136665,0.0,
ID13378 → ID13305,6,13378,13305,0.06002693878126475,2.476857834379492,0.5075087731002834,0.5075087731002834,38.5,493.64369676863697,24.563202441332525,0.0,
ID12868 → ID12887,6,12868,12887,0.11849449760897002,0.32809687887691846,1.2467544623523414,1.2467544623523414,26.5,496.8790752130438,25.931494918549554,0.0,
ID12972 → ID13181,7,12972,13181,0.16862326574160802,0.6361141618114402,0.8042936096620141,0.8042936096620141,25.5,233.42167898098978,508.1238647733395,0.0,
ID12209 → ID12415,7,12209,12415,0.112540192926045,0.3116413098439512,0.9620346046575425,0.9620346046575425,11.5,234.5477771586019,507.9361552273923,0.0,
ID12690 → ID12724,7,12690,12724,0.2036199095022625,2.58327957131603,1.3915549258194448,1.3915549258194448,20.5,234.1552769709015,508.8089911498412,0.0,
ID13183 → ID13219,7,13183,13219,0.18694885361552027,2.747547553871607,1.0788911721579575,1.0788911721579575,28.5,235.4702945227678,508.2592063684978,0.0,
ID12415 → ID12531,7,12415,12531,0.14473684210526316,0.004100940760685443,1.2060872240475207,1.2060872240475207,12.5,235.61949448031922,508.09926614050323,0.0,
ID12680 → ID12652,7,12680,12652,0.11214953271028039,0.12013623672754384,0.611477218142426,0.611477218142426,18.5,235.0221062176801,508.7406032236192,0.0,
ID12156 → ID12179,7,12156,12179,0.10126582278484197,0.9160565244908936,0.14475560441667862,0.14475560441667862,9.5,233.1586999818939,508.0820360973843,0.0,
ID12845 → ID12926,7,12845,12926,0.2675585284280937,1.7221962174770447,0.7717598256521322,0.7717598256521322,23.5,232.7466949700422,508.2196184134838,0.0,
ID13181 → ID13199,7,13181,13199,0.16908271409437114,0.35873461973834153,1.326474236007672,1.326474236007672,26.5,234.470947353873,508.1348711488167,0.0,
ID12724 → ID12744,7,12724,12744,0.11428571428571432,2.96337744143245,0.7198500680669322,0.7198500680669322,21.5,233.8275621165178,508.9244578093676,0.0,
ID11975 → ID12059,7,11975,12059,0.14745175655621368,0.457050364705008,1.0848101283834142,1.0848101283834142,1.5,236.48956916099772,507.79330035044325,0.0,
ID12926 → ID12972,7,12926,12972,0.10538532961933855,2.0694763830127547,0.22290561956363078,0.22290561956363078,24.5,232.95868073547194,507.9453028090505,0.0,
ID13219 → ID13235,7,13219,13235,0.49173553719008267,0.5532343757477134,1.1546223806324436,1.1546223806324436,29.5,234.63595489260678,508.93604560012545,0.0,
ID12744 → ID12845,7,12744,12845,0.22648752399228944,2.9454350957680018,1.619987966351266,1.619987966351266,22.5,233.3969635993086,508.7561463251038,0.0,
ID12179 → ID12209,7,12179,12209,0.1314102564102564,1.9877056141847613,0.9658084642338834,0.9658084642338834,10.5,233.59555984555985,507.9431757541513,0.0,
ID12138 → ID12126,7,12138,12126,0.09489002295377547,2.2570021466179866,0.39919333913052435,0.39919333913052435,7.5,233.7091232517288,508.0276321348365,0.0,
ID12686 → ID12669,7,12686,12669,0.10931174089068829,0.5316622034686335,0.26778108284276514,0.26778108284276514,16.5,235.7986412710097,508.4654551588762,0.0,
ID12126 → ID12156,7,12126,12156,0.07542921474796616,0.8724663880949268,0.3724014926695399,0.3724014926695399,8.5,233.38403041825094,508.15652724968317,0.0,
ID12271 → ID11975,7,12271,11975,0.15553992476837442,NaN,0.6687648103952955,0.6687648103952955,0.5,237.2890320733104,507.48935488909717,0.0,
ID12134 → ID12105,7,12134,12105,0.01716738197424894,2.1335158358342183,0.09184287102169436,0.09184287102169436,4.5,234.46270405007778,508.3993196768934,0.0,
ID12042 → ID12138,7,12042,12138,0.12432578209275025,1.2655504394563115,0.4392566665050458,0.4392566665050458,6.5,233.87293567251461,508.10306432748536,0.0,
ID12652 → ID12690,7,12652,12690,0.03791469194312791,2.642820219190933,0.15789480085722815,0.15789480085722815,19.5,234.78306445964563,508.7538152047876,0.0,
ID13199 → ID13183,7,13199,13183,0.1296405421332404,0.12321118877011518,0.8390847449757863,0.8390847449757863,27.5,235.54859521629663,508.05199988555734,0.0,
ID12105 → ID12042,7,12105,12042,0.0916334661354582,2.3574076250256324,0.6023125222621255,0.6023125222621255,5.5,234.19284425036392,508.3793711790393,0.0,
ID12633 → ID12651,7,12633,12651,0.10366624525909585,2.6549257120669476,0.3183255294905653,0.3183255294905653,14.5,236.43358842309607,508.2529559930051,0.0,
ID12669 → ID12680,7,12669,12680,0.10786516853932582,0.32081208045660914,0.3932272560964019,0.3932272560964019,17.5,235.50665988240615,508.6113787124981,0.0,
ID12112 → ID12134,7,12112,12134,0.1143430290872618,0.5581663743170201,0.8608017670909363,0.8608017670909363,3.5,234.86726064359573,508.34833668350814,0.0,
ID12531 → ID12633,7,12531,12633,0.03663003663003661,0.21099985357671258,0.35480133825947674,0.35480133825947674,13.5,236.39260760363425,508.18077781956106,0.0,
ID12651 → ID12686,7,12651,12686,0.04576043068644475,0.4219068728939147,0.395594073130468,0.395594073130468,15.5,236.10116332701276,508.3596918293787,0.0,
ID12059 → ID12112,7,12059,12112,0.1979638009050071,0.39821594086843565,0.7926239002600611,0.7926239002600611,2.5,235.6271922271018,508.11556732397605,0.0,
ID12215 → ID11720,8,12215,11720,0.09048338742846429,NaN,0.36873067769565193,0.36873067769565193,0.5,286.1983983945903,39.06019374923716,0.0,
ID13204 → ID13344,8,13204,13344,0.0914927988635551,2.0994716187384674,0.9869789888270143,0.9869789888270143,34.5,279.53745026017754,41.83872436486073,0.0,
ID12015 → ID12160,8,12015,12160,0.15967089183124172,3.0780547345091134,1.8254285182464383,1.8254285182464383,10.5,283.84949539852454,41.9151265850295,0.0,
ID12395 → ID12535,8,12395,12535,0.10150103909185237,0.13768988399642382,0.6829172477211446,0.6829172477211446,20.5,278.37906125801544,40.19438931765282,0.0,
ID11720 → ID11751,8,11720,11751,0.2342514316880292,0.15955222011831785,1.520786605866293,1.520786605866293,1.5,285.86343934018,39.94156204848791,0.0,
ID13344 → ID13304,8,13344,13304,0.06747784357889741,1.6986789584040396,0.18846770317122305,0.18846770317122305,35.5,279.9989348769253,42.00480350988724,0.0,
ID11776 → ID11745,8,11776,11745,0.16543577671066034,2.1195654084988,1.4695798962689688,1.4695798962689688,5.5,284.3950401882645,41.451684175983246,0.0,
ID11745 → ID11826,8,11745,11826,0.13062644073280438,0.6620282261651884,1.4625581174393512,1.4625581174393512,6.5,285.47871235721703,42.3165455174801,0.0,
ID12339 → ID12395,8,12339,12395,0.14732524179242312,0.6878446793150436,1.4651696079868184,1.4651696079868184,19.5,278.94332582996446,41.10567403987504,0.0,
ID12951 → ID12947,8,12951,12947,0.101503660468517,2.3040276179103016,0.19275019714111613,0.19275019714111613,31.5,279.1035879347162,43.184544248018284,0.0,
ID12361 → ID12371,8,12361,12371,0.1433191569646315,0.9183144055129319,0.8184598122762634,0.8184598122762634,16.5,280.8074995569603,41.71123727097281,0.0,
ID12251 → ID12280,8,12251,12280,0.07454754380924822,1.2789319298705915,0.3912636138742124,0.3912636138742124,12.5,283.14863557858376,41.82136623943278,0.0,
ID11785 → ID11788,8,11785,11788,0.10738547080865446,2.3207834240783987,0.5710038299134244,0.5710038299134244,3.5,285.89899516974987,41.024952196650304,0.0,
ID12679 → ID12750,8,12679,12750,0.27712376710149733,0.7320890906464008,2.3354837847970074,2.3354837847970074,22.5,278.5497374866303,41.081045312571774,0.0,
ID12894 → ID12880,8,12894,12880,0.1479289528835943,2.0797911505284956,1.566317497405108,1.566317497405108,27.5,278.4257842811218,42.30669733584599,0.0,
ID12880 → ID12925,8,12880,12925,0.11228601549964212,1.2477126974276072,0.6324734956846576,0.6324734956846576,28.5,279.21369676480253,42.80649700270774,0.0,
ID12314 → ID12341,8,12314,12341,0.06741825528203027,2.3517781182383244,0.4103794733093839,0.4103794733093839,14.5,282.3072268714543,41.932246729564355,0.0,
ID12789 → ID12877,8,12789,12877,0.10190248479434172,0.48157889280701527,0.08238423540929696,0.08238423540929696,25.5,278.58351139601143,41.62763856513857,0.0,
ID11751 → ID11785,8,11751,11785,0.09321188750748344,0.5236354232116363,0.6064499636423574,0.6064499636423574,2.5,285.6732379068319,40.95808440890569,0.0,
ID11788 → ID11776,8,11788,11776,0.2033699059561116,2.2183495196959075,2.0670169809574137,2.0670169809574137,4.5,285.0336968586969,40.81301476301476,0.0,
ID11826 → ID11824,8,11826,11824,0.11522564318852346,2.340346859850769,0.8074506301021531,0.8074506301021531,7.5,285.80585847665054,42.74066931797225,0.0,
ID12160 → ID12251,8,12160,12251,0.12658716240770962,2.9232317872419493,1.4278009403126537,1.4278009403126537,11.5,283.85524631427546,42.180530479380764,0.0,
ID13071 → ID13204,8,13071,13204,0.18305023491145522,0.5060705529724401,1.4212019362597248,1.4212019362597248,33.5,279.1074196090846,42.2967705128332,0.0,
ID12371 → ID12377,8,12371,12377,0.10552300686790062,0.4889337117140654,0.7590199289677733,0.7590199289677733,17.5,280.0652608502237,41.89778212391369,0.0,
ID12535 → ID12679,8,12535,12679,0.10019611338919898,2.7803151062388167,0.06722067339471449,0.06722067339471449,21.5,278.2013156642105,39.94010840108402,0.0,
ID12937 → ID12951,8,12937,12951,0.08527426283644024,1.3799864666798025,0.29082719373088944,0.29082719373088944,30.5,279.01098417374806,43.12887495137553,0.0,
ID13390 → ID13309,8,13390,13309,0.08799072578908285,1.328384921210016,0.843698071763644,0.843698071763644,38.5,279.93482436320437,40.95613807034295,0.0,
ID12779 → ID12789,8,12779,12789,0.08954105729454687,0.6065131825507816,0.3830266447191705,0.3830266447191705,24.5,278.71818062247326,41.812629220431596,0.0,
ID11885 → ID12015,8,11885,12015,0.09885876029739116,0.44783996093413586,0.8740811209960013,0.8740811209960013,9.5,283.5413444279298,41.55054701396165,0.0,
ID12750 → ID12779,8,12750,12779,0.0682946985316869,2.970262663374006,0.2479703203034444,0.2479703203034444,23.5,278.8565579584142,42.080809721662945,0.0,
ID13572 → ID13390,8,13572,13390,0.17320765206843525,2.714092649685123,1.1616820464163526,1.1616820464163526,37.5,279.84660458420495,41.746824426511274,0.0,
ID12341 → ID12361,8,12341,12361,0.11411837265424762,2.5795902912678814,1.3774802775182042,1.3774802775182042,15.5,281.7942497943384,41.813296448876365,0.0,
ID13304 → ID13572,8,13304,13572,0.09864096907207154,2.471590866321901,0.6149790786070842,0.6149790786070842,36.5,279.76534506026337,42.063470229638696,0.0,
ID13309 → ID13338,8,13309,13338,0.0756633597569698,0.8978191927632948,0.3182079362016072,0.3182079362016072,39.5,279.5115894953509,40.6277871928731,0.0,
ID12925 → ID12937,8,12925,12937,0.10608721100380347,3.000961963555544,0.6172190207256645,0.6172190207256645,29.5,279.2387494910066,42.843340806370335,0.0,
ID12377 → ID12339,8,12377,12339,0.09890430971511921,0.3646374527499317,0.41263800782017623,0.41263800782017623,18.5,279.49357542330984,41.81983743511309,0.0,
ID11824 → ID11885,8,11824,11885,0.15697463348789076,1.0024561480533265,1.942504192916905,1.942504192916905,8.5,284.61243460953165,42.41791898200103,0.0,
ID12280 → ID12314,8,12280,12314,0.09714672448969264,0.7792531636601256,0.8053032283804811,0.8053032283804811,13.5,282.59006567463496,41.843318532117536,0.0,
ID13338 → ID13383,8,13338,13383,0.08110790348797758,2.892008328898428,0.2843527743539746,0.2843527743539746,40.5,279.49038322126086,40.66298153285892,0.0,
ID12877 → ID12894,8,12877,12894,0.12411800282238916,1.5089617139469333,0.6489910447446291,0.6489910447446291,26.5,278.2542191676212,41.64222465201847,0.0,
ID12947 → ID13071,8,12947,13071,0.06347191367820182,1.0300682271646928,0.10716117308578495,0.10716117308578495,32.5,279.1269442400604,43.05442969763947,0.0,
ID11893 → ID12024,9,11893,12024,0.07214911878237529,2.543118816375702,0.7417439695435704,0.7417439695435704,9.5,502.62396126040323,87.42456472052555,0.0,
ID12689 → ID12751,9,12689,12751,0.042990272770528803,0.1855860527560943,0.3980146667426471,0.3980146667426471,22.5,504.012782369146,94.52981586196898,0.0,
ID11792 → ID11794,9,11792,11794,0.05418976019314581,2.17966345213374,0.4116340737292242,0.4116340737292242,3.5,502.89075210645933,87.18836946303765,0.0,
ID12796 → ID12906,9,12796,12906,0.11861137897782059,0.14483920914225284,1.7379853956868114,1.7379853956868114,25.5,504.0471874382611,97.70983608452397,0.0,
ID12984 → ID12982,9,12984,12982,0.033943756395344526,2.636067756877571,0.2602925121355697,0.2602925121355697,31.5,503.8755269360269,98.67444107744109,0.0,
ID12347 → ID12404,9,12347,12404,0.11627906976744184,0.2180431316000635,1.4380853615621372,1.4380853615621372,19.5,503.63670133125015,91.35562851935032,0.0,
ID11833 → ID11831,9,11833,11831,0.07211961301671066,2.5220755932204084,0.9211739977976009,0.9211739977976009,7.5,502.7758957553474,86.94949567275455,0.0,
ID12162 → ID12252,9,12162,12252,0.07195421095666399,0.37142573361706915,0.9706496779012884,0.9706496779012884,11.5,502.43562313284633,88.55677154385904,0.0,
ID12319 → ID12348,9,12319,12348,0.04896891899924094,0.382086504910157,0.4920400694082761,0.4920400694082761,14.5,502.5604541280866,88.68038123884071,0.0,
ID11721 → ID11755,9,11721,11755,0.07910750507099396,1.1015815417736732,0.4934660039909935,0.4934660039909935,1.5,503.7829490394048,87.44935473242757,0.0,
ID11755 → ID11792,9,11755,11792,0.09537037037037033,0.8053242118932864,0.8092557036353037,0.8092557036353037,2.5,503.22062640477816,87.23315797282623,0.0,
ID12982 → ID13105,9,12982,13105,0.04607308836806501,1.1901451962139098,0.2494194450621279,0.2494194450621279,32.5,504.0624361218307,98.77250022845013,0.0,
ID11781 → ID11749,9,11781,11749,0.04107808723323758,2.408416306434997,0.2842681305355081,0.2842681305355081,5.5,502.40205439814815,86.95471643518519,0.0,
ID12404 → ID12543,9,12404,12543,0.08432539682539686,0.020689760451601754,1.020752668779943,1.020752668779943,20.5,503.9901172771948,92.53308815639821,0.0,
ID12751 → ID12783,9,12751,12783,0.04581173716768816,0.4368327573115511,0.4533400850589032,0.4533400850589032,23.5,504.0099932534997,94.94541378534885,0.0,
ID13105 → ID13226,9,13105,13226,0.0699663125161959,1.283350167610573,0.3957587498040803,0.3957587498040803,33.5,504.2178914866887,98.56146770558132,0.0,
ID12380 → ID12385,9,12380,12385,0.06705202312138725,0.03294005290804284,0.6595495931065971,0.6595495931065971,17.5,503.25239699087336,89.93828617252835,0.0,
ID13576 → ID13414,9,13576,13414,0.05894213155531891,1.1754993558989855,0.2084619244908781,0.2084619244908781,37.5,504.71090825526244,96.96310988608693,0.0,
ID11794 → ID11781,9,11794,11781,0.07955198161975474,2.404432549150587,0.7467818328791453,0.7467818328791453,4.5,502.64427615289384,87.10331513398845,0.0,
ID13319 → ID13357,9,13319,13357,0.09640287769784917,1.6843204982350024,0.5613118055198576,0.5613118055198576,39.5,505.3001473063973,96.51357323232324,0.0,
ID12934 → ID12912,9,12934,12912,0.0827294262766245,1.9015616296653746,0.514397717989552,0.514397717989552,27.5,503.9950553553286,99.75293704129223,0.0,
ID12958 → ID12971,9,12958,12971,0.02157072258579329,0.5197795144794596,0.13519649751575982,0.13519649751575982,29.5,503.77961323319084,99.30553077289098,0.0,
ID13312 → ID13576,9,13312,13576,0.08181865800638166,1.310716896197458,0.6208584052339133,0.6208584052339133,36.5,504.37668400526366,97.1060932272001,0.0,
ID12370 → ID12380,9,12370,12380,0.05427261661182847,0.12499316001184597,0.5106982813465498,0.5106982813465498,16.5,503.0030051633196,89.40905807690702,0.0,
ID12385 → ID12347,9,12385,12347,0.04970414201184781,0.3438572310897396,0.4316074373042735,0.4316074373042735,18.5,503.40637644267406,90.45366394041531,0.0,
ID13357 → ID13406,9,13357,13406,0.043025676613462904,0.6864427684529795,0.2950934067679996,0.2950934067679996,40.5,505.60427737520126,96.78209541062802,0.0,
ID13414 → ID13319,9,13414,13319,0.06611570247933884,1.697061428932025,0.6798756300750493,0.6798756300750493,38.5,504.92740794469523,96.69735475320581,0.0,
ID12348 → ID12370,9,12348,12370,0.07704682812296337,2.499024114217926,0.7770750512393997,0.7770750512393997,15.5,502.76253413568395,88.81305831873524,0.0,
ID12543 → ID12689,9,12543,12689,0.09337545759992538,0.33345900803039213,1.3147458188716081,1.3147458188716081,21.5,504.0954574132492,93.68007526703194,0.0,
ID11749 → ID11833,9,11749,11833,0.06400597447667555,2.7057919069364362,0.6843122867534589,0.6843122867534589,6.5,502.5553461149552,86.794711650956,0.0,
ID12971 → ID12984,9,12971,12984,0.057907580005752024,0.5239575846303692,0.6862853012838421,0.6862853012838421,30.5,503.812840108401,98.90380894308944,0.0,
ID13363 → ID13312,9,13363,13312,0.0485730430679604,0.5039095454006285,0.441808401009568,0.441808401009568,35.5,504.22221086337265,97.50178526460729,0.0,
ID12906 → ID12934,9,12906,12934,0.09344861988693509,0.0020299258681164825,1.2435641395079318,1.2435641395079318,26.5,504.1863454686494,99.19410096109598,0.0,
ID12216 → ID11721,9,12216,11721,0.06441048034934493,NaN,0.6821979340776683,0.6821979340776683,0.5,504.1380809955996,87.09267662877397,0.0,
ID12024 → ID12162,9,12024,12162,0.052177724706579776,0.021431157846228736,0.31235569360959503,0.31235569360959503,10.5,502.4546834841454,87.92366386618326,0.0,
ID12912 → ID12958,9,12912,12958,0.03360873827194666,1.337397757063437,0.3286659138376763,0.3286659138376763,28.5,503.74543568636614,99.52844268366033,0.0,
ID12783 → ID12796,9,12783,12796,0.11634615384615388,0.24948607324734387,1.6791697446371587,1.6791697446371587,24.5,504.0106123143844,96.00612818160971,0.0,
ID12252 → ID12282,9,12252,12282,0.042477726639364,0.08070944213517538,0.4566010354411148,0.4566010354411148,12.5,502.49639880012944,89.26729677738271,0.0,
ID11831 → ID11893,9,11831,11893,0.04080064871323641,3.0062028444261295,0.3441284511973434,0.3441284511973434,8.5,502.79039870480375,87.24015962255811,0.0,
ID12282 → ID12319,9,12282,12319,0.06336487649010136,3.074831552167733,0.5801437237263724,0.5801437237263724,13.5,502.50701680861806,89.20406696963215,0.0,
ID13226 → ID13363,9,13226,13363,0.061875398681689564,0.06915343382778368,0.6647506765270361,0.6647506765270361,34.5,504.28014751669923,98.0351789571838,0.0,
ID12030 → ID12163,10,12030,12163,0.1432946635730984,2.4327171495373454,0.8173214863611786,0.8173214863611786,10.5,360.70866516767956,90.90487983207152,0.0,
ID12884 → ID12904,10,12884,12904,0.09051681458356786,0.5596074098940222,0.19324821088137664,0.19324821088137664,26.5,367.53663048747376,89.21272348251956,0.0,
ID12558 → ID12685,10,12558,12685,0.1355102040816326,2.9014987465106166,1.183059164144327,1.183059164144327,21.5,366.96857759463677,88.68160797209222,0.0,
ID12790 → ID12884,10,12790,12884,0.0749033992248489,1.5692644617327554,0.7131889023968999,0.7131889023968999,25.5,367.24189018261217,89.54139313316693,0.0,
ID11902 → ID12030,10,11902,12030,0.1893227230991189,2.4623036075939404,1.1314561891221957,1.1314561891221957,9.5,360.8218561383974,91.25594722346148,0.0,
ID12414 → ID12558,10,12414,12558,0.07387661843106319,0.23899180815337565,0.41309179196119067,0.41309179196119067,20.5,366.5799154562174,88.61708375558308,0.0,
ID12886 → ID12935,10,12886,12935,0.060309424428305,2.4320227613558396,0.2980859537577213,0.2980859537577213,28.5,367.26375946428675,89.72811491894763,0.0,
ID12254 → ID12284,10,12254,12284,0.22175984333512389,0.8110004371433569,2.384050800238911,2.384050800238911,12.5,363.42322133741885,90.4898443577456,0.0,
ID11752 → ID11842,10,11752,11842,0.2066685037200331,0.033589017819970195,2.039690372173322,2.039690372173322,6.5,361.01689129961676,92.41751502254894,0.0,
ID12904 → ID12886,10,12904,12886,0.08590160224782428,2.8270355508442053,0.7842374868467851,0.7842374868467851,27.5,367.34187149040434,89.4431667273798,0.0,
ID12217 → ID11722,10,12217,11722,0.2457627118644068,NaN,1.43136861383927,1.43136861383927,0.5,366.58120101915307,91.75319451765947,0.0,
ID13216 → ID13351,10,13216,13351,0.17432505608417503,0.31061314038421195,1.6882647250934675,1.6882647250934675,34.5,370.0021223987601,87.17536309897034,0.0,
ID12752 → ID12784,10,12752,12784,0.08876816108856844,0.9608232305333101,0.43911801352885,0.43911801352885,23.5,367.0237780858696,89.6992275698158,0.0,
ID12965 → ID12963,10,12965,12963,0.09928352098261395,1.6400206037030876,0.8679386048447529,0.8679386048447529,31.5,367.79947802484605,89.19584623771908,0.0,
ID13351 → ID13308,10,13351,13308,0.2708108108108074,1.5206501150900216,2.471079072795193,2.471079072795193,35.5,371.4872135116017,86.8036389795081,0.0,
ID11798 → ID11813,10,11798,11813,0.168548387096785,1.3506705625504438,1.433947387503152,1.433947387503152,3.5,362.3700893480385,93.75281539392246,0.0,
ID12394 → ID12354,10,12394,12354,0.19212313263919845,2.3045539476723853,2.2339790104690493,2.2339790104690493,18.5,367.01094674342505,88.39913442114565,0.0,
ID11813 → ID11786,10,11813,11786,0.15650104135673903,2.0153051994414573,1.2403226887318721,1.2403226887318721,4.5,361.69932959775866,93.49526938385253,0.0,
ID13316 → ID13346,10,13316,13346,0.23342603391047145,1.1754015447116097,1.7729809256930513,1.7729809256930513,39.5,376.51814042448666,84.0188181708327,0.0,
ID12685 → ID12752,10,12685,12752,0.10257716206582035,2.1856235550643315,0.989255120524117,0.989255120524117,22.5,367.2585917477701,89.09744100117825,0.0,
ID11837 → ID11902,10,11837,11902,0.12169312169311841,2.817289809359045,1.0068223621750483,1.0068223621750483,8.5,360.8398223640159,91.6164994901554,0.0,
ID12953 → ID12965,10,12953,12965,0.07806882383153568,2.71189668883142,0.5505745306028039,0.5505745306028039,30.5,367.37838308832943,89.4609212635377,0.0,
ID13574 → ID13401,10,13574,13401,0.05914005281250778,0.15888443937885596,0.36699866857251195,0.36699866857251195,37.5,373.76985754429364,86.79472490750686,0.0,
ID12163 → ID12254,10,12163,12254,0.16806722689075626,0.5001758172368755,1.3535642945420965,1.3535642945420965,11.5,361.7606862273529,90.96551226551227,0.0,
ID12284 → ID12323,10,12284,12323,0.2566904638455705,0.3897531476877819,2.6151110007041085,2.6151110007041085,13.5,365.1831988598964,88.7820396624409,0.0,
ID12376 → ID12388,10,12376,12388,0.11141674146568925,1.259120565381681,0.5203814710670379,0.5203814710670379,16.5,366.15107572207137,87.66132677920646,0.0,
ID13346 → ID13394,10,13346,13394,0.27441136958211565,1.516375474720797,3.219173717421117,3.219173717421117,40.5,377.8979080297106,82.74284625689067,0.0,
ID12355 → ID12376,10,12355,12376,0.10061511423550396,1.7496452118894035,0.17345853609024936,0.17345853609024936,15.5,365.8959661096819,87.50647111687923,0.0,
ID12388 → ID12394,10,12388,12394,0.13427388604422552,1.0953277492823237,1.0267470142260275,1.0267470142260275,17.5,366.1512602934834,88.33478119138607,0.0,
ID11761 → ID11798,10,11761,11798,0.2722236340533678,0.8052109798950082,2.0651160991282653,2.0651160991282653,2.5,363.61762496885854,94.34203706688942,0.0,
ID11786 → ID11752,10,11786,11752,0.083184789067142,2.1510569590468793,0.5008256366037178,0.5008256366037178,5.5,361.20419035401824,93.67377389756399,0.0,
ID12354 → ID12414,10,12354,12414,0.11661698956781175,3.0854266683251117,1.3973563177321238,1.3973563177321238,19.5,367.4145822294623,88.27861867693314,0.0,
ID13308 → ID13574,10,13308,13574,0.09789689186674932,0.7207990812201385,1.0112880020374129,1.0112880020374129,36.5,373.1219063158055,87.0243776187032,0.0,
ID12935 → ID12953,10,12935,12953,0.07443922148054705,1.9595714772716721,0.4507099548894389,0.4507099548894389,29.5,367.2718926553672,89.51024011299435,0.0,
ID13089 → ID13216,10,13089,13216,0.07701387877299115,0.6016519364827133,0.6317628794916132,0.6317628794916132,33.5,369.4795070555335,88.1985860847306,0.0,
ID12784 → ID12790,10,12784,12790,0.0593229848512794,2.726274484381135,0.17470952845817117,0.17470952845817117,24.5,367.0323001254374,89.84298540965207,0.0,
ID12963 → ID13089,10,12963,13089,0.12322274881517514,0.8760490399408685,1.3471558722563008,1.3471558722563008,32.5,368.6272307728348,88.6204043385574,0.0,
ID12323 → ID12355,10,12323,12355,0.13371516686859486,1.2268245727702058,0.2088687672457579,0.2088687672457579,14.5,365.87726126212965,87.62835641454063,0.0,
ID13401 → ID13316,10,13401,13316,0.25608323544218403,0.3728989361566157,3.320981370391964,3.320981370391964,38.5,375.32215900161447,85.820672245796,0.0,
ID11722 → ID11761,10,11722,11761,0.26164801627669887,0.06779605164379317,2.4434895765325306,2.4434895765325306,1.5,365.40940278873984,93.29478558274138,0.0,
ID11842 → ID11837,10,11842,11837,0.11396080329059288,1.9796615870170433,0.6147117687409875,0.6147117687409875,7.5,360.6111951214691,91.568561237511,0.0,
ID12913 → ID12893,11,12913,12893,0.01890455280794867,1.6990765238760503,0.12444892794778366,0.12444892794778366,27.5,68.91419904233322,90.73140247610635,0.0,
ID12956 → ID13080,11,12956,13080,0.21937842778793415,0.296443587893196,1.850703026356982,1.850703026356982,32.5,66.40110456742636,86.81893576284759,0.0,
ID11855 → ID11922,11,11855,11922,0.1343696459166196,0.1792953837015537,1.0093958279815025,1.0093958279815025,8.5,66.81878378378379,95.671509735542,0.0,
ID12957 → ID12956,11,12957,12956,0.1777163904235728,0.20433789838188612,1.5091326280161026,1.5091326280161026,31.5,66.88747836977018,88.40785113498694,0.0,
ID12218 → ID11723,11,12218,11723,0.20969162995594715,NaN,1.2157611032594315,1.2157611032594315,0.5,72.38975233836524,97.5626451572,0.0,
ID12403 → ID12362,11,12403,12362,0.11809705952665384,2.177453730717178,1.2102906341423396,1.2102906341423396,18.5,68.22578028194633,92.51962456073993,0.0,
ID12037 → ID12168,11,12037,12168,0.12462370999825967,3.061154921010511,0.917414881472505,0.917414881472505,10.5,67.26283117033508,94.56839654830145,0.0,
ID12362 → ID12421,11,12362,12421,0.14690141937485512,2.13600201674712,1.2329530277932688,1.2329530277932688,19.5,68.43034885622069,91.9675520451712,0.0,
ID12792 → ID12889,11,12792,12889,0.06458751633820903,0.8969036555695173,0.12467032137089006,0.12467032137089006,25.5,69.12130978240921,91.03635110830822,0.0,
ID11723 → ID11764,11,11723,11764,0.21078037007240547,1.3906103273786201,1.0844629839763247,1.0844629839763247,1.5,71.64887253964187,98.04510976296473,0.0,
ID13080 → ID13210,11,13080,13210,0.2903009134873714,0.5443635776201216,2.8619407057521777,2.8619407057521777,33.5,66.17844195621,84.55622039482722,0.0,
ID13342 → ID13389,11,13342,13389,0.07043861427336873,2.871245642509299,0.703859271019919,0.703859271019919,40.5,67.16607139364359,82.22884860764503,0.0,
ID12288 → ID12338,11,12288,12338,0.08499335989375689,1.4345635215901593,0.630727981318218,0.630727981318218,13.5,66.43614005679765,92.46303996288918,0.0,
ID12946 → ID12957,11,12946,12957,0.11457848160223572,0.7570410975058788,0.9371204489252501,0.9371204489252501,30.5,67.14339227611313,89.59773994086191,0.0,
ID11764 → ID11803,11,11764,11803,0.2618025751072961,0.21518146289129633,1.6519545841065217,1.6519545841065217,2.5,70.28910010059998,97.99656811125344,0.0,
ID12338 → ID12375,11,12338,12375,0.05465981816683374,0.0989230200327043,0.2837995642306843,0.2837995642306843,14.5,66.70988341719597,92.097366373754,0.0,
ID12551 → ID12693,11,12551,12693,0.12522522522522528,1.4745809979919542,1.2330858550746997,1.2330858550746997,21.5,68.9591505501685,90.39490485277628,0.0,
ID12786 → ID12792,11,12786,12792,0.06576201501292767,2.1032337753498545,0.2933193096967662,0.2933193096967662,24.5,68.94412444818164,90.96279868264313,0.0,
ID13573 → ID13396,11,13573,13396,0.038576425909119694,2.0607171217481612,0.2213540075380526,0.2213540075380526,37.5,67.0595945876989,82.15405382633595,0.0,
ID13311 → ID13342,11,13311,13342,0.0816809242485319,2.8631084541344514,0.7467321340279667,0.7467321340279667,39.5,67.21956761658546,82.31336440487678,0.0,
ID11922 → ID12037,11,11922,12037,0.12474615280472656,0.3709562570954566,1.1669790298218166,1.1669790298218166,9.5,67.16940594059406,94.66098770360907,0.0,
ID12168 → ID12258,11,12168,12258,0.1202487906012436,3.129090483698402,1.1683479571857514,1.1683479571857514,11.5,67.3079416166315,94.45114134256505,0.0,
ID12258 → ID12288,11,12258,12288,0.21115509684716516,1.2355711084585002,1.756448606759765,1.756448606759765,12.5,66.89867426106008,93.31862364738924,0.0,
ID13210 → ID13348,11,13210,13348,0.17130620985010725,0.25643806302959865,1.6862638316712837,1.6862638316712837,34.5,66.64705594140055,82.34872496163423,0.0,
ID11820 → ID11800,11,11820,11800,0.14431567328918138,0.3242160444179572,0.8601894951124072,0.8601894951124072,4.5,68.0665340289249,97.66013626922583,0.0,
ID13348 → ID13306,11,13348,13306,0.08265723597531183,1.4329177942348594,0.3154124801589514,0.3154124801589514,35.5,67.10595512919167,81.59925528822313,0.0,
ID12396 → ID12406,11,12396,12406,0.13477318879072386,0.5385242848343941,1.100206252818809,1.100206252818809,16.5,67.47625626683794,92.66430749582211,0.0,
ID12942 → ID12946,11,12942,12946,0.13562420032900868,0.1159249341950158,1.152040061906362,1.152040061906362,29.5,67.8108079359526,90.30362189012646,0.0,
ID11860 → ID11855,11,11860,11855,0.10652244500365171,2.00895496023314,1.126205202571568,1.126205202571568,7.5,66.57686745449904,96.70715584005058,0.0,
ID11803 → ID11820,11,11803,11820,0.16367552045944,0.2184082026851685,1.0334511018525094,1.0334511018525094,3.5,68.95476199792617,97.95058864672393,0.0,
ID12893 → ID12942,11,12893,12942,0.07886182691854449,1.0766379499063237,0.5816880818369609,0.5816880818369609,28.5,68.59507112266503,90.66986729883963,0.0,
ID12753 → ID12786,11,12753,12786,0.10033343437405173,2.938262694936081,1.176487990549729,1.176487990549729,23.5,69.37186384365219,90.6513664233666,0.0,
ID13396 → ID13311,11,13396,13311,0.0751215997117618,1.8949783070358905,0.4830857175931287,0.4830857175931287,38.5,67.08077366865027,82.38451626220638,0.0,
ID12406 → ID12403,11,12406,12403,0.0937431300933731,2.8563383189181035,0.47581125921680545,0.47581125921680545,17.5,67.78584269264914,92.77476390466302,0.0,
ID12421 → ID12551,11,12421,12551,0.12375434530706997,0.9537609936253029,1.239526633490928,1.239526633490928,20.5,68.19278523336891,90.89523710864663,0.0,
ID12375 → ID12396,11,12375,12396,0.08012906695348321,1.946292714785462,0.4384178344637571,0.4384178344637571,15.5,66.90456089843345,92.18381704533667,0.0,
ID12693 → ID12753,11,12693,12753,0.06116615107491308,0.34612482454769633,0.35469072575915483,0.35469072575915483,22.5,69.74201722033405,90.46130766637592,0.0,
ID11800 → ID11757,11,11800,11757,0.10075791350869445,1.0869173077853478,0.3743793283471468,0.3743793283471468,5.5,67.68940740858329,97.26936081721419,0.0,
ID11757 → ID11860,11,11757,11860,0.190849134377579,1.7039818387031123,1.2982623366084547,1.2982623366084547,6.5,67.04698487108459,97.16243459526007,0.0,
ID12889 → ID12913,11,12889,12913,0.07138704271594465,1.9125792857118191,0.3974715455623606,0.3974715455623606,26.5,69.07143416051866,90.85582481819019,0.0,
ID13306 → ID13573,11,13306,13573,0.08061641333347846,1.8825413713954955,0.5990136141281202,0.5990136141281202,36.5,67.10424439977204,81.89182557724463,0.0,
ID12897 → ID12923,12,12897,12923,0.057261981326659384,0.08209938870812006,0.5958973054033414,0.5958973054033414,26.5,195.98994978960678,96.92533104018145,0.0,
ID11812 → ID11830,12,11812,11830,0.08248304243066995,1.339049260855665,0.9644368481204344,0.9644368481204344,3.5,179.9530707417299,104.11367197863422,0.0,
ID12256 → ID12286,12,12256,12286,0.14208242950108607,0.08846743712554511,1.3394346100793988,1.3394346100793988,12.5,183.92924323827395,95.66416610722445,0.0,
ID12047 → ID12165,12,12047,12165,0.10639851693724767,0.8784023348022826,0.921395668300323,0.921395668300323,10.5,182.59468822873365,97.80942453276556,0.0,
ID13222 → ID13358,12,13222,13358,0.06945895545971636,1.0313830523378684,0.6041893746067999,0.6041893746067999,34.5,199.82393772195957,94.68658035199644,0.0,
ID12568 → ID12695,12,12568,12695,0.09391228070175439,0.18068937539007754,0.8906377924069317,0.8906377924069317,21.5,190.7253611540857,95.52272759237306,0.0,
ID11769 → ID11812,12,11769,11812,0.09298444298742459,0.18963102969835094,0.7072685446317433,0.7072685446317433,2.5,179.72833094016408,104.73449192849277,0.0,
ID12754 → ID12788,12,12754,12788,0.12154528182393887,0.06018031384697252,1.3177889051750582,1.3177889051750582,23.5,192.88605596733078,95.50410922796084,0.0,
ID12952 → ID12964,12,12952,12964,0.16034887621603489,1.0297668576525636,1.2913688060725261,1.2913688060725261,29.5,197.808394748457,96.6696795911619,0.0,
ID12976 → ID12973,12,12976,12973,0.03206052151850136,1.1043062639591656,0.2722105106700513,0.2722105106700513,31.5,198.70870046459953,95.65426229628503,0.0,
ID12788 → ID12799,12,12788,12799,0.09891808346213449,0.3984695724090624,1.2997995087498346,1.2997995087498346,24.5,194.1487381360311,95.73100065268827,0.0,
ID13352 → ID13400,12,13352,13400,0.07636111723399586,0.22267140295349483,0.6990198160718373,0.6990198160718373,40.5,199.16843427706726,88.71323288434438,0.0,
ID13097 → ID13222,12,13097,13222,0.08095028596568488,0.8773942744530348,0.6670148989023161,0.6670148989023161,33.5,199.80010801034692,95.23922707165028,0.0,
ID12219 → ID11724,12,12219,11724,0.06070337046792895,NaN,0.40010380521381667,0.40010380521381667,0.5,179.0066143959603,104.9451967408477,0.0,
ID11846 → ID11914,12,11846,11914,0.047810574116116444,0.9086872006652306,0.46088760731305006,0.46088760731305006,8.5,182.41108310993263,98.74234492419797,0.0,
ID12923 → ID12903,12,12923,12903,0.06621726228873448,2.1892772929779314,0.3110916487796723,0.3110916487796723,27.5,196.22956954712382,96.96786532657197,0.0,
ID12973 → ID13097,12,12973,13097,0.08572829389702985,0.17459839262586568,0.7970056409943922,0.7970056409943922,32.5,199.23804075845845,95.59137024222537,0.0,
ID13313 → ID13352,12,13313,13352,0.11167836630504147,0.24599062316658227,1.2871992154947136,1.2871992154947136,39.5,199.17693238370634,89.70069781072775,0.0,
ID12903 → ID12952,12,12903,12952,0.10556246495447053,1.734776419888723,1.1357175593447053,1.1357175593447053,28.5,196.79331154250605,96.96404165824238,0.0,
ID11850 → ID11846,12,11850,11846,0.12032378035440972,0.3059810186283381,1.2342077721391078,1.2342077721391078,7.5,182.33547228514374,99.5189130252794,0.0,
ID11724 → ID11769,12,11724,11769,0.06887822046587089,1.9878230891861526,0.4429514433601322,0.4429514433601322,1.5,179.2273572327669,105.0119245282498,0.0,
ID12329 → ID12366,12,12329,12366,0.07614519164203493,0.4749946359406922,0.7317116033072437,0.7317116033072437,14.5,186.37234461974518,94.38498761675388,0.0,
ID11914 → ID12047,12,11914,12047,0.05047600735139468,0.514324303171105,0.4249716431402983,0.4249716431402983,9.5,182.27225616452031,98.33707488935477,0.0,
ID12430 → ID12568,12,12430,12568,0.10554442217768867,0.5117606009873841,0.972793745310574,0.972793745310574,20.5,189.81633809448024,95.70905745205698,0.0,
ID12366 → ID12387,12,12366,12387,0.07704034962903017,0.473768867216425,0.580541931916675,0.580541931916675,15.5,187.00427620606112,94.29683650808235,0.0,
ID12387 → ID12397,12,12387,12397,0.10661382830979249,1.953826358451943,1.0174038269089631,1.0174038269089631,16.5,187.2815651124709,94.69151861382319,0.0,
ID13310 → ID13575,12,13310,13575,0.0665953627312843,0.5459274014146216,0.6174276548741308,0.6174276548741308,36.5,199.87187664129988,92.76141529868397,0.0,
ID12799 → ID12897,12,12799,12897,0.0927052624976501,0.2628918803338933,1.2653738786051614,1.2653738786051614,25.5,195.25963958051537,96.3496056600282,0.0,
ID12695 → ID12754,12,12695,12754,0.09858961093242491,0.14796479916922722,1.0600540820587312,1.0600540820587312,22.5,191.69769360384043,95.49606000256455,0.0,
ID12413 → ID12373,12,12413,12373,0.07727585416189109,0.23116284545313545,0.7684374792049208,0.7684374792049208,18.5,188.03345910655102,95.5229039020249,0.0,
ID11807 → ID11763,12,11807,11763,0.17365790045642182,0.34676166615829274,1.5569622688365707,1.5569622688365707,5.5,180.8816139657041,101.69604831165194,0.0,
ID12165 → ID12256,12,12165,12256,0.15673330119052042,0.3448607148227702,1.4166648175260237,1.4166648175260237,11.5,183.251968518907,96.86275262500874,0.0,
ID13358 → ID13310,12,13358,13310,0.13613231552162852,0.7123547097615535,1.3997680020838894,1.3997680020838894,35.5,199.82603897201162,93.73730312710447,0.0,
ID12286 → ID12329,12,12286,12329,0.1895135818066962,0.6064751335125587,1.8737416413016317,1.8737416413016317,13.5,185.14613770538216,94.7279496654667,0.0,
ID12397 → ID12413,12,12397,12413,0.055061457024732974,1.0309499982484729,0.42998972795827284,0.42998972795827284,17.5,187.47849059466904,95.30686592077694,0.0,
ID11830 → ID11807,12,11830,11807,0.14449605461973325,0.5653205349564082,1.4504608184600447,1.4504608184600447,4.5,180.11516759442839,102.96352570766282,0.0,
ID13408 → ID13313,12,13408,13313,0.11408465721292393,0.22993866161231613,1.388420547700406,1.388420547700406,38.5,199.45957327943114,90.99798319546989,0.0,
ID13575 → ID13408,12,13575,13408,0.07577092511012595,0.23128071848978096,0.8200224491975204,0.8200224491975204,37.5,199.72850508181136,92.06193708727727,0.0,
ID11763 → ID11850,12,11763,11850,0.13865271419228253,0.07290675438544306,1.249899433303473,1.249899433303473,6.5,181.7619580392643,100.6042481421652,0.0,
ID12373 → ID12430,12,12373,12430,0.08500648668685395,0.0651927288035443,0.9723675255036576,0.9723675255036576,19.5,188.87592701172122,95.73982486681658,0.0,
ID12964 → ID12976,12,12964,12976,0.0849635858849973,0.3314723290544769,0.644154080973209,0.644154080973209,30.5,198.42431585356044,95.9385418058289,0.0,
ID11992 → ID11921,13,11992,11921,0.10796576695194338,0.16682545377386793,1.2897582730137607,1.2897582730137607,5.5,80.88898305687793,369.7303519795439,0.0,
ID13156 → ID13154,13,13156,13154,0.053237550595198746,2.3439663596335487,0.48578453768980134,0.48578453768980134,31.5,75.04277862299386,371.3277138893861,0.0,
ID12580 → ID12579,13,12580,12579,0.13784206075027639,0.5521770218578828,1.6688941097083627,1.6688941097083627,16.5,74.74923085933742,372.75333231534285,0.0,
ID13506 → ID13421,13,13506,13421,0.03397624685680334,2.1726492989119546,0.2462464032220009,0.2462464032220009,35.5,76.18331416355291,370.3274462320637,0.0,
ID12801 → ID12850,13,12801,12850,0.05139641719937338,2.0366574733413323,0.19563145005741214,0.19563145005741214,23.5,76.66230280042271,374.8273770311814,0.0,
ID12869 → ID13084,13,12869,13084,0.07738013860699244,0.07709430600439265,0.8880592590743109,0.8880592590743109,25.5,77.2903695343912,374.0838864872443,0.0,
ID12698 → ID12732,13,12698,12732,0.040094264850406014,0.863220703524387,0.35393891796698923,0.35393891796698923,21.5,76.88274432554036,374.4588655407065,0.0,
ID13491 → ID13523,13,13491,13523,0.029583146571044328,1.129759868684635,0.283557597455278,0.283557597455278,40.5,76.32769799845151,369.5214570693021,0.0,
ID13145 → ID13156,13,13145,13156,0.04770254017474407,1.5711314937526675,0.505765191288443,0.505765191288443,30.5,75.11425776833637,371.5067113844359,0.0,
ID12410 → ID12529,13,12410,12529,0.0949482653682373,2.6625276513003033,1.2102355330304726,1.2102355330304726,13.5,74.38163909014725,371.6479577811931,0.0,
ID12043 → ID11992,13,12043,11992,0.07089688699423435,0.21615641604793032,0.8119449708263409,0.8119449708263409,4.5,81.6471921988258,369.0077602990782,0.0,
ID12102 → ID12150,13,12102,12150,0.0962082625919638,0.4863574655635103,1.206151931004971,1.206151931004971,9.5,77.02694756140336,371.1009511514326,0.0,
ID12058 → ID12045,13,12058,12045,0.09268154846001697,1.0740266243546106,1.1742867138326072,1.1742867138326072,7.5,79.3149365692197,370.4405848129011,0.0,
ID12529 → ID12553,13,12529,12553,0.08190568538967569,1.7258927871202685,0.6314824540832619,0.6314824540832619,14.5,75.01169975732614,371.5486841429668,0.0,
ID13254 → ID13280,13,13254,13280,0.07220735882167406,2.494716301497528,0.7235056904504175,0.7235056904504175,33.5,75.21628394614606,370.58548550749634,0.0,
ID13124 → ID13145,13,13124,13145,0.07630070794471133,1.4239827695681373,0.7294613185605706,0.7294613185605706,29.5,75.34215901895661,371.8874701707604,0.0,
ID13598 → ID13533,13,13598,13533,0.06209575743909279,0.916575729599354,0.5899678211530771,0.5899678211530771,37.5,75.75128383436382,369.7044732686602,0.0,
ID12242 → ID11852,13,12242,11852,0.20919350399119185,NaN,2.2764508514433066,2.2764508514433066,0.5,83.05972657236245,366.67827108431146,0.0,
ID12150 → ID12196,13,12150,12196,0.0625108363914193,0.19170428091822198,0.891874836526207,0.891874836526207,10.5,76.05309115423611,371.47801817008303,0.0,
ID12045 → ID12102,13,12045,12102,0.0884323717048554,0.8981704438324906,1.3641559030860202,1.3641559030860202,8.5,78.25140683928993,370.86236778313264,0.0,
ID13088 → ID13124,13,13088,13124,0.09493472116290858,0.6507749954829951,1.2900558458846552,1.2900558458846552,28.5,75.94807898077502,372.3882512886564,0.0,
ID12850 → ID12869,13,12850,12869,0.05580443754629438,1.710769596001484,0.5353375550585062,0.5353375550585062,24.5,76.88033935320767,374.6649921722292,0.0,
ID13280 → ID13506,13,13280,13506,0.06635245703608894,0.9886073565436961,0.8513401717103182,0.8513401717103182,34.5,75.91006444653863,370.57713216489026,0.0,
ID11921 → ID12058,13,11921,12058,0.06250222771800495,0.9082912055106243,0.7135436356987435,0.7135436356987435,6.5,80.04565116321791,370.0694414415433,0.0,
ID13533 → ID13447,13,13533,13447,0.13269103839601504,1.9599739962375622,1.794356724873888,1.794356724873888,38.5,74.92030199660886,369.7285607690642,0.0,
ID13447 → ID13491,13,13447,13491,0.1583302623203453,3.063806474128668,2.242658829711667,2.242658829711667,39.5,75.15761840625893,369.73151673780467,0.0,
ID12196 → ID12307,13,12196,12307,0.04395402417872041,0.1124426881930436,0.5565675717909423,0.5565675717909423,11.5,75.36275574547204,371.69334588227673,0.0,
ID12590 → ID12559,13,12590,12559,0.05191186335723941,0.785216782593313,0.5800235769581025,0.5800235769581025,18.5,74.70883966046837,373.99081710984103,0.0,
ID12559 → ID12606,13,12559,12606,0.09070932624420447,0.2202899834865023,0.9331890066598972,0.9331890066598972,19.5,75.41829449626694,374.24099058091406,0.0,
ID13101 → ID13088,13,13101,13088,0.08818195948396168,0.06739267464625559,1.007266145175611,1.007266145175611,27.5,76.9052518698206,372.90829925647154,0.0,
ID12732 → ID12801,13,12732,12801,0.05726109719746386,1.9135712522162693,0.4496048770643063,0.4496048770643063,22.5,76.79507071442926,374.6766389782065,0.0,
ID11852 → ID11941,13,11852,11941,0.13205146331118334,2.6541843814576094,0.647806555001221,0.647806555001221,1.5,82.7194424553447,367.4740046765945,0.0,
ID12579 → ID12590,13,12579,12590,0.047344849648112586,0.840639015597963,0.4042486993589188,0.4042486993589188,17.5,74.3891512985916,373.66574100319815,0.0,
ID12606 → ID12698,13,12606,12698,0.058252427184469546,0.2884622521883122,0.8939088580099916,0.8939088580099916,20.5,76.31653852378494,374.34344088960415,0.0,
ID12307 → ID12410,13,12307,12410,0.10418342719227536,0.18335719417444726,1.218668895959058,1.218668895959058,12.5,74.50489594261776,371.9084221306347,0.0,
ID12553 → ID12580,13,12553,12580,0.051035825572353866,0.49006134269218393,0.2095233509559259,0.2095233509559259,15.5,75.1687680093316,371.9286394781173,0.0,
ID13154 → ID13254,13,13154,13254,0.08207965099282777,1.2377749500021435,0.8262624169138857,0.8262624169138857,32.5,75.06352456424761,370.78471288056477,0.0,
ID13421 → ID13598,13,13421,13598,0.04654398279896199,0.17359859269000746,0.4268559867335121,0.4268559867335121,36.5,75.90967157951579,370.1335480486259,0.0,
ID11941 → ID12007,13,11941,12007,0.07890410958904115,2.491715469704999,0.9142768982851641,0.9142768982851641,2.5,82.81771794698233,367.7356508491903,0.0,
ID12007 → ID12043,13,12007,12043,0.0718220200758597,0.5053602580665554,0.9044469377721304,0.9044469377721304,3.5,82.27156309713045,368.4262823316908,0.0,
ID13084 → ID13101,13,13084,13101,0.05630642014495302,1.2822800125869425,0.5445604027089275,0.5445604027089275,26.5,77.3944302772405,373.51006608832404,0.0,
ID12260 → ID12290,14,12260,12290,0.05338128258201125,2.284184986200917,0.6200133922615159,0.6200133922615159,12.5,153.450041220582,111.2600857111415,0.0,
ID12990 → ID13120,14,12990,13120,0.0781441475090382,0.1494731908478071,1.0626244688898157,1.0626244688898157,32.5,145.58398326710682,107.60028003005944,0.0,
ID12423 → ID12384,14,12423,12384,0.04730727135437929,2.3645817041911417,0.29795270178236555,0.29795270178236555,18.5,151.31701588662727,112.08095883717382,0.0,
ID12992 → ID12990,14,12992,12990,0.08565288432401441,0.9806832399754251,1.091929187321574,1.091929187321574,31.5,146.57424695362016,108.01673443312598,0.0,
ID11818 → ID11770,14,11818,11770,0.05517907044622383,0.297861769267194,0.5312683685095398,0.5312683685095398,5.5,151.06330123957542,107.6944187470182,0.0,
ID11770 → ID11869,14,11770,11869,0.07464162135442365,0.4885866575192772,0.9665743682094475,0.9665743682094475,6.5,151.6993962850912,108.04970062832551,0.0,
ID11869 → ID11864,14,11869,11864,0.08286782627123923,0.542754101189945,1.1850244200456388,1.1850244200456388,7.5,152.53288618209007,108.66641358603351,0.0,
ID11934 → ID12056,14,11934,12056,0.07813980881749694,0.4857947425889506,0.8664040578529305,0.8664040578529305,9.5,153.02733812200708,109.80851824380596,0.0,
ID11725 → ID11774,14,11725,11774,0.05321292201212546,0.4706747565473303,0.5532736953790736,0.5532736953790736,1.5,148.80412517548973,105.1905688460746,0.0,
ID12056 → ID12169,14,12056,12169,0.06574453723945461,0.8020234895301025,0.790777759460092,0.790777759460092,10.5,153.2962155453967,110.5225714280878,0.0,
ID12583 → ID12697,14,12583,12697,0.044927024726473475,1.3659531507213962,0.20845441014187163,0.20845441014187163,21.5,151.48661044371048,111.54900570565304,0.0,
ID11864 → ID11934,14,11864,11934,0.035556161024459576,0.22638582922944017,0.2821369474874474,0.2821369474874474,8.5,152.97350177861478,109.24927979179745,0.0,
ID12383 → ID12407,14,12383,12407,0.05238623700489986,1.1477232506871184,0.6632586910748979,0.6632586910748979,15.5,152.05127685574575,111.23861088516999,0.0,
ID13120 → ID13238,14,13120,13238,0.05549808760429398,2.2756864459107655,0.5485798212715224,0.5485798212715224,33.5,145.17402173090755,107.62483589803092,0.0,
ID13419 → ID13322,14,13419,13322,0.08292340126493714,0.69831290217975,1.0954643307998086,1.0954643307998086,38.5,143.58959394716732,107.25061228805589,0.0,
ID12802 → ID12917,14,12802,12917,0.08050032071841251,0.03796110540337438,0.975631637573781,0.975631637573781,25.5,149.72396727138002,109.80180126240309,0.0,
ID13370 → ID13315,14,13370,13315,0.04956346819850799,1.7178628959294553,0.3862790986767803,0.3862790986767803,35.5,145.16313720234106,108.15808642329887,0.0,
ID13322 → ID13364,14,13322,13364,0.046932706538782454,0.5424643272715368,0.2647228593192691,0.2647228593192691,39.5,143.00138146366456,106.9412299402712,0.0,
ID12697 → ID12755,14,12697,12755,0.07692924229287001,1.3086340362980242,1.1979436366274454,1.1979436366274454,22.5,151.1237541950025,111.02907747221519,0.0,
ID12407 → ID12416,14,12407,12416,0.08898782850038711,1.5078053642801128,0.7941594188489245,0.7941594188489245,16.5,151.56583746851754,111.45901429859143,0.0,
ID12917 → ID12944,14,12917,12944,0.06126177562089685,0.0780169684159511,0.7042132842916909,0.7042132842916909,26.5,149.1369157463626,109.2019718570222,0.0,
ID12967 → ID12983,14,12967,12983,0.043232448802807744,2.1813365981059523,0.17112268390781107,0.17112268390781107,29.5,147.31923224923224,107.92801309801311,0.0,
ID12983 → ID12992,14,12983,12992,0.059457999527953054,0.9447172253567304,0.29041152426380534,0.29041152426380534,30.5,147.20677874636777,108.1021392002214,0.0,
ID12416 → ID12423,14,12416,12423,0.05124494083014253,0.1569812032730055,0.36286527243468814,0.36286527243468814,17.5,151.27714441742756,111.95857523690994,0.0,
ID12791 → ID12802,14,12791,12802,0.051117549668873385,0.5107308797662021,0.3719658794146106,0.3719658794146106,24.5,150.17396735126488,110.30317335106673,0.0,
ID13238 → ID13370,14,13238,13370,0.03207455967578232,0.2626020234287543,0.22784515747631123,0.22784515747631123,34.5,145.2908122235625,107.99215922798552,0.0,
ID13577 → ID13419,14,13577,13419,0.0515847151676998,1.0162591970690258,0.3794305006377614,0.3794305006377614,37.5,144.23412284193913,107.53303904038657,0.0,
ID13315 → ID13577,14,13315,13577,0.0576993240135234,1.2517253139987763,0.9048608635914311,0.9048608635914311,36.5,144.70207486116578,107.86784754714049,0.0,
ID12290 → ID12346,14,12290,12346,0.06064419092745543,0.9973633325695792,0.44818981506385686,0.44818981506385686,13.5,153.14728951385354,110.89947139090614,0.0,
ID12346 → ID12383,14,12346,12383,0.10563819827317189,2.194350098950691,1.0347476685931818,1.0347476685931818,14.5,152.73867338241217,111.0240740794797,0.0,
ID12922 → ID12967,14,12922,12967,0.058084416852137055,0.056916331906846945,0.5317233038350253,0.5317233038350253,28.5,147.53898411303553,107.98825888513771,0.0,
ID12220 → ID11725,14,12220,11725,0.0720754295716528,NaN,0.9554943639518104,0.9554943639518104,0.5,148.49597024674696,104.52319056559153,0.0,
ID11840 → ID11818,14,11840,11818,0.07117960007338009,1.3253349564864152,0.9748045642711188,0.9748045642711188,4.5,150.67258147265488,107.05959608855599,0.0,
ID11774 → ID11821,14,11774,11821,0.11125535897591177,0.6345384578980764,1.7259294587758076,1.7259294587758076,2.5,149.44038105283084,106.08551647668114,0.0,
ID11821 → ID11840,14,11821,11840,0.051039520509462366,1.0043469372461602,0.43078973048351615,0.43078973048351615,3.5,150.2508802179501,106.66317837876977,0.0,
ID12384 → ID12440,14,12384,12440,0.04253527300271287,1.0298660791824807,0.3070263675612817,0.3070263675612817,19.5,151.5208338641234,111.91431137419427,0.0,
ID13364 → ID13411,14,13364,13411,0.03108716222279162,2.3588478392292007,0.11626296570144096,0.11626296570144096,40.5,142.90849183003948,106.9781084204896,0.0,
ID12169 → ID12260,14,12169,12260,0.05317811568995734,0.5281974357261192,0.6139295785469085,0.6139295785469085,11.5,153.65104684909983,111.10077030567976,0.0,
ID12944 → ID12922,14,12944,12922,0.08582048850888269,0.1136204869797029,1.391189578619094,1.391189578619094,27.5,148.32040454445595,108.54788525876408,0.0,
ID12755 → ID12791,14,12755,12791,0.049610551296938254,0.4459396221915326,0.44062019736941854,0.44062019736941854,23.5,150.50083336890063,110.52174843859609,0.0,
ID12440 → ID12583,14,12440,12583,0.043055388785019355,1.2050310060770424,0.19664735360764257,0.19664735360764257,20.5,151.50533016649285,111.70504927007833,0.0,
ID11944 → ID12063,15,11944,12063,0.06406610505982424,0.38832422143404816,0.5923127927168855,0.5923127927168855,9.5,93.44021871840128,115.15363427189192,0.0,
ID12425 → ID12432,15,12425,12432,0.056510523191469875,0.5377966272770535,0.4471003476963794,0.4471003476963794,16.5,95.40706254353884,118.66450278648554,0.0,
ID12401 → ID12456,15,12401,12456,0.10703052571109994,0.5683794844172557,0.5789721053398202,0.5789721053398202,19.5,96.72625095453266,122.13036888055842,0.0,
ID11880 → ID11873,15,11880,11873,0.09812609243526738,0.3789631294501115,0.8524786793245908,0.8524786793245908,7.5,94.06848395420047,113.71277402233382,0.0,
ID12591 → ID12701,15,12591,12701,0.10366879838438003,0.0925005146868633,1.013943338935433,1.013943338935433,21.5,96.10249151650426,124.06008991598164,0.0,
ID12941 → ID12961,15,12941,12961,0.07118606943379491,0.18177776506521232,0.5285539342108553,0.5285539342108553,26.5,95.85760153504634,127.15274688362227,0.0,
ID12797 → ID12810,15,12797,12810,0.06450486115153908,0.2063864302481507,0.3137322264191684,0.3137322264191684,24.5,97.3324546385547,125.79912931822979,0.0,
ID12364 → ID12393,15,12364,12393,0.13108242303872886,1.3413326438208877,1.195366605613287,1.195366605613287,14.5,95.77302805936527,117.42271326864349,0.0,
ID12456 → ID12591,15,12456,12591,0.11783206747594266,1.6581666102116124,1.5205893221246944,1.5205893221246944,20.5,96.64365061707795,122.91561837575938,0.0,
ID13013 → ID13012,15,13013,13012,0.09726179552807623,0.3089569436278642,0.6645771649244416,0.6645771649244416,31.5,96.2007097500408,129.76691241547013,0.0,
ID13246 → ID13391,15,13246,13391,0.07975540798211422,0.44632287854184616,0.9299241405040733,0.9299241405040733,34.5,95.40710024143374,131.72941816015106,0.0,
ID12988 → ID13004,15,12988,13004,0.09657160012008426,1.0371435222271161,0.5414670961157996,0.5414670961157996,29.5,95.19893111194028,128.90964951320862,0.0,
ID13012 → ID13144,15,13012,13144,0.0947728382999512,1.8629804244327506,0.981018092778299,0.981018092778299,32.5,96.24875463559611,130.27169897337436,0.0,
ID12945 → ID12988,15,12945,12988,0.0648513822490141,1.2298553114817539,0.0801102331518361,0.0801102331518361,28.5,95.20542473321126,128.61657707364856,0.0,
ID11825 → ID11775,15,11825,11775,0.18546078992558668,2.078955364496095,1.285041741245602,1.285041741245602,5.5,95.4120000404083,112.94695986074026,0.0,
ID12063 → ID12171,15,12063,12171,0.10526315789473084,1.0792121422370269,0.8489116116831331,0.8489116116831331,10.5,93.41961000735836,115.77501839587933,0.0,
ID13381 → ID13427,15,13381,13427,0.09485159745415606,1.509691561893997,0.6221814093311127,0.6221814093311127,40.5,95.05167160948339,130.9234140375995,0.0,
ID13334 → ID13381,15,13334,13381,0.16764797025100608,2.652030390362241,1.7409330089248352,1.7409330089248352,39.5,94.99566416256869,131.8638530572236,0.0,
ID13327 → ID13580,15,13327,13580,0.054666739720833024,1.1989030428916976,0.19938458967661687,0.19938458967661687,36.5,95.08263295721196,131.89560186982027,0.0,
ID11726 → ID11778,15,11726,11778,0.14547781569966012,2.0869051528643006,0.9229935413141155,0.9229935413141155,1.5,95.8638468013468,113.06867283950618,0.0,
ID13004 → ID13013,15,13004,13013,0.12654614652711704,1.110593930631021,0.8740929256625377,0.8740929256625377,30.5,95.5217776952031,129.4246038135739,0.0,
ID12758 → ID12797,15,12758,12797,0.2044287548138629,0.5843257019910717,1.5914123937941098,1.5914123937941098,23.5,96.64810776994236,125.14052056451798,0.0,
ID11873 → ID11944,15,11873,11944,0.06646525679758308,0.18127514086619392,0.8671136416541814,0.8671136416541814,8.5,93.75045818067821,114.5077916552552,0.0,
ID12262 → ID12295,15,12262,12295,0.07150130105215557,0.8640438540825006,0.5037516266425822,0.5037516266425822,12.5,94.13738834174859,116.81578432859342,0.0,
ID13580 → ID13436,15,13580,13436,0.062105612753237005,1.2022546602722708,0.4207754439851452,0.4207754439851452,37.5,94.9126891623761,132.0966806418723,0.0,
ID13436 → ID13334,15,13436,13334,0.08338123925730279,1.1065979427576769,0.5637440020681024,0.5637440020681024,38.5,95.03779856403821,132.49813121485872,0.0,
ID12393 → ID12425,15,12393,12425,0.06751725035802292,1.050251055425942,0.6400131934146694,0.6400131934146694,15.5,95.69347646472747,118.22492973034272,0.0,
ID12295 → ID12364,15,12295,12364,0.15264187866927592,0.2520189871487881,1.2412084957164597,1.2412084957164597,13.5,95.003139289904,116.85845812684047,0.0,
ID12432 → ID12437,15,12432,12437,0.15641361256544717,0.30872729545358124,1.6755593271191456,1.6755593271191456,17.5,95.39069421750182,119.71732933914306,0.0,
ID13144 → ID13246,15,13144,13246,0.07800363189034365,0.08443278713566686,0.7575760131404999,0.7575760131404999,33.5,95.74390425948457,130.97843775782746,0.0,
ID12222 → ID11726,15,12222,11726,0.12831858407079455,NaN,0.5890211536893531,0.5890211536893531,0.5,95.68475642820212,113.4340407823554,0.0,
ID12437 → ID12401,15,12437,12401,0.21393998063891573,0.5620909172044718,1.789769830078702,1.789769830078702,18.5,95.94519181279128,121.28702998639227,0.0,
ID12701 → ID12758,15,12701,12758,0.062244400809059464,1.741222922664553,0.18657370382322783,0.18657370382322783,22.5,96.00265961683313,124.54969586499273,0.0,
ID12961 → ID12945,15,12961,12945,0.12561983471074156,0.7285703797413048,1.3859913162572028,1.3859913162572028,27.5,95.40050269376218,127.93661008142317,0.0,
ID11849 → ID11825,15,11849,11825,0.10123160108140605,2.3499377892523783,0.566470144949912,0.566470144949912,4.5,95.89085958077101,113.24132777830762,0.0,
ID11775 → ID11880,15,11775,11880,0.06859347928807158,0.8152349494893304,0.6784896251962833,0.6784896251962833,6.5,94.51732751301691,113.10946115682032,0.0,
ID11778 → ID11827,15,11778,11827,0.11320754716980463,2.6587917534344747,0.44114291938703337,0.44114291938703337,2.5,95.70460535441809,112.83211957275627,0.0,
ID12810 → ID12941,15,12810,12941,0.15496089556816495,1.8566672645358158,1.7835422900643356,1.7835422900643356,25.5,96.77539815982439,126.45537282238101,0.0,
ID11827 → ID11849,15,11827,11849,0.11243519163548532,0.44577612304406655,0.4368285370462077,0.4368285370462077,3.5,95.68926220742838,113.25997140805896,0.0,
ID13391 → ID13327,15,13391,13327,0.07160926250243105,2.520200191029852,0.31503027644499176,0.31503027644499176,35.5,95.24359471805896,132.03791570470747,0.0,
ID12171 → ID12262,15,12171,12262,0.09811320754717223,0.07777959104129256,0.6675628076836627,0.6675628076836627,11.5,93.73853128236854,116.46230016450838,0.0,
ID11835 → ID11859,16,11835,11859,0.0801255946064704,2.7132061219204866,0.913751395240431,0.913751395240431,3.5,293.81308142444163,114.50566679907158,0.0,
ID12392 → ID12450,16,12392,12450,0.30671449622673297,2.1980796595609453,1.9321023194637177,1.9321023194637177,19.5,291.0070364848423,109.19102788202835,0.0,
ID12173 → ID12264,16,12173,12264,0.10251208868969741,0.9913060889260501,0.9618620864811679,0.9618620864811679,11.5,290.12887111354064,114.33498519367117,0.0,
ID12221 → ID11727,16,12221,11727,0.08508459534184087,NaN,0.7935271229875608,0.7935271229875608,0.5,295.4690878664633,113.52549228944247,0.0,
ID12356 → ID12402,16,12356,12402,0.3124177270732804,1.4502317987091127,2.0524066911447556,2.0524066911447556,14.5,289.3471401249943,115.01319173368692,0.0,
ID12402 → ID12417,16,12402,12417,0.3991909852643726,2.8780027157646613,2.5431693909912343,2.5431693909912343,15.5,289.5440121650313,114.67913486735142,0.0,
ID11783 → ID11835,16,11783,11835,0.0897810725060515,0.10734603223147378,1.27335740187276,1.27335740187276,2.5,294.0880405705619,114.60208574113781,0.0,
ID11859 → ID11832,16,11859,11832,0.11026036821606888,2.1363687452041713,0.9747282135163009,0.9747282135163009,4.5,294.24466867098954,114.65174840818881,0.0,
ID12424 → ID12431,16,12424,12431,0.26240296996288826,1.251066748148217,0.7940399811134098,0.7940399811134098,17.5,290.8347204860787,110.18037059149113,0.0,
ID12070 → ID12173,16,12070,12173,0.10952035761749546,1.428030823456831,0.8379049981367165,0.8379049981367165,10.5,290.56027655481773,114.99934431328514,0.0,
ID11780 → ID11889,16,11780,11889,0.09862003330954494,0.8038000838981373,1.457652202187144,1.457652202187144,6.5,293.1401462472511,115.79897350294883,0.0,
ID11883 → ID11953,16,11883,11953,0.05585609954016202,2.1343284052677802,0.30312930736382865,0.30312930736382865,8.5,292.6070037262873,115.74649349916118,0.0,
ID12431 → ID12392,16,12431,12392,0.3615180213940211,2.686734163929018,1.229413617814081,1.229413617814081,18.5,290.6868673627042,109.90622532265868,0.0,
ID12574 → ID12699,16,12574,12699,0.338089642437468,1.908260506767231,1.67759979065484,1.67759979065484,21.5,293.9932942259029,107.05415228893489,0.0,
ID12264 → ID12293,16,12264,12293,0.07627898723507487,1.2649106996371773,0.7132915319265998,0.7132915319265998,12.5,289.79699567371404,113.7419817414713,0.0,
ID11889 → ID11883,16,11889,11883,0.04443325083427352,2.9917171964733322,0.26624652578890445,0.26624652578890445,7.5,292.5469942674669,115.87113951728738,0.0,
ID11953 → ID12070,16,11953,12070,0.13536413153117288,0.9696242598585166,1.9656046579960258,1.9656046579960258,9.5,291.55622623437023,115.5157487662274,0.0,
ID11727 → ID11783,16,11727,11783,0.08400145772594336,1.8002529626412975,1.179183207222253,1.179183207222253,1.5,295.2042650250984,114.09863722697057,0.0,
ID11832 → ID11780,16,11832,11780,0.08017507211777208,0.9141106730927834,0.783135156888463,0.783135156888463,5.5,294.1121358035416,115.43039651635334,0.0,
ID12293 → ID12356,16,12293,12356,0.090282229692762,2.413833159980541,1.2417711940343064,1.2417711940343064,13.5,289.37047226043103,113.75171939477303,0.0,
ID12417 → ID12424,16,12417,12424,0.32020905923345155,0.575000506335377,3.477778530269092,3.477778530269092,16.5,289.84701855487975,111.80511310122439,0.0,
ID12450 → ID12574,16,12450,12574,0.27122940430925224,0.5107099369659376,2.882702840855526,2.882702840855526,20.5,292.6838509003359,107.56975404754695,0.0,
ID12074 → ID12177,17,12074,12177,0.03488498381738725,0.7771319745756253,0.2891659578337925,0.2891659578337925,10.5,500.14079487897925,130.80276526499557,0.0,
ID13250 → ID13405,17,13250,13405,0.09146341463414631,2.605213441182451,1.0188327103279655,1.0188327103279655,34.5,498.55020296830514,137.00385286754403,0.0,
ID12473 → ID12604,17,12473,12604,0.025947067981336724,1.814653620376723,0.16079084634440063,0.16079084634440063,20.5,498.2442500407901,132.79001181514798,0.0,
ID13018 → ID13028,17,13018,13028,0.06833664632001601,0.4257572174195253,0.6287818268162771,0.6287818268162771,30.5,498.5579942058088,137.1878039597126,0.0,
ID11892 → ID11962,17,11892,11962,0.030966825625895478,1.2892655847075276,0.22043269388378522,0.22043269388378522,8.5,499.91536773049194,129.5502654290523,0.0,
ID13582 → ID13446,17,13582,13446,0.12122084653039689,0.7933110023816847,1.1880112750581948,1.1880112750581948,37.5,499.984711170056,136.59186806169566,0.0,
ID11728 → ID11787,17,11728,11787,0.05875732985843918,0.035059141957350104,0.5987015337444603,0.5987015337444603,1.5,499.3716082336174,130.13959141389148,0.0,
ID11868 → ID11848,17,11868,11848,0.03133766129678728,0.297294100594862,0.26946842680812344,0.26946842680812344,4.5,500.19854653339326,131.0619946091644,0.0,
ID12817 → ID12959,17,12817,12959,0.049284578696343395,0.23989894084866845,0.38706519694321423,0.38706519694321423,25.5,498.42402636922225,135.81547789896672,0.0,
ID12381 → ID12418,17,12381,12418,0.05061898211830218,2.6029530469632056,0.4416912583251604,0.4416912583251604,14.5,499.2443310478704,131.1763189224855,0.0,
ID12978 → ID12962,17,12978,12962,0.06310679611653369,0.06071199587691795,0.7137972528276918,0.7137972528276918,27.5,498.3557462948347,137.14074877956094,0.0,
ID12705 → ID12760,17,12705,12760,0.05652183307046055,0.09973627239861052,0.567003852916516,0.567003852916516,22.5,497.97020954457366,134.13567708333335,0.0,
ID13027 → ID13161,17,13027,13161,0.05075337034099925,1.5728540395782964,0.31828400735087137,0.31828400735087137,32.5,498.6955883002208,137.28660816777042,0.0,
ID11784 → ID11898,17,11784,11898,0.11360174102285092,1.0686317506744436,1.378238243752553,1.378238243752553,6.5,500.4530489553782,130.17843708556615,0.0,
ID12300 → ID12381,17,12300,12381,0.03363045862272751,1.419812234969522,0.2628356769619373,0.2628356769619373,13.5,499.3712512392395,131.16595072980164,0.0,
ID13446 → ID13341,17,13446,13341,0.1406220947220198,0.021603844439511116,1.3255019099047098,1.3255019099047098,38.5,501.23980426104936,136.52866416048136,0.0,
ID13161 → ID13250,17,13161,13250,0.048495788403366324,0.3459987268323797,0.24015255921836023,0.24015255921836023,33.5,498.44539566825154,137.4010702588484,0.0,
ID13405 → ID13335,17,13405,13335,0.054335491622718335,0.5883459136286989,0.3715412261315675,0.3715412261315675,35.5,498.9082243177453,136.4352740436858,0.0,
ID13341 → ID13392,17,13341,13392,0.0923550538737814,0.4456735401532655,0.7864086690058456,0.7864086690058456,39.5,502.2497376249322,136.31850634256492,0.0,
ID12962 → ID13003,17,12962,13003,0.05852369265622048,1.1990874598100105,0.501892166766352,0.501892166766352,28.5,498.097623546758,137.57524012892958,0.0,
ID11962 → ID12074,17,11962,12074,0.11415168100078965,2.7978178825501856,1.2657520950436796,1.2657520950436796,9.5,500.0295946609892,130.06823070204172,0.0,
ID11854 → ID11868,17,11854,11868,0.06367278094034501,1.48412298930515,0.5953477535382519,0.5953477535382519,3.5,499.78172477324256,131.16057256235825,0.0,
ID12418 → ID12442,17,12418,12442,0.05589094022347352,0.7822211080707506,0.47978667268475433,0.47978667268475433,15.5,498.8296601142593,131.27394811861876,0.0,
ID12419 → ID12473,17,12419,12473,0.034407393299715205,0.7956447738279786,0.0787321801586115,0.0787321801586115,19.5,498.2393371414822,132.70963343444828,0.0,
ID12604 → ID12705,17,12604,12705,0.09131624782283809,0.7766899569062405,1.0335634895853543,1.0335634895853543,21.5,498.173162509254,133.36249671139174,0.0,
ID12223 → ID11728,17,12223,11728,0.1236720239716661,NaN,1.4555370763226227,1.4555370763226227,0.5,499.55972164349345,129.1299777945261,0.0,
ID12177 → ID12269,17,12177,12269,0.0834142551951903,0.3090714026806285,0.7177429991266191,0.7177429991266191,11.5,499.81555042154537,131.1806082221442,0.0,
ID12760 → ID12803,17,12760,12803,0.08251554231105107,1.2868434397458932,0.7613341396924097,0.7613341396924097,23.5,498.19381381070644,134.62121792218542,0.0,
ID13335 → ID13582,17,13335,13582,0.08070214175314094,1.3061494277931203,0.4403530841924788,0.4403530841924788,36.5,499.228001750966,136.48140802797573,0.0,
ID13003 → ID13018,17,13003,13018,0.05655722148415254,3.0257870758389838,0.543300473933375,0.543300473933375,29.5,498.1057964714157,137.5395321271801,0.0,
ID13028 → ID13027,17,13028,13027,0.04200695632124307,2.1464086298873664,0.30471640528077104,0.30471640528077104,31.5,498.8060283659022,137.09623378353396,0.0,
ID12959 → ID12978,17,12959,12978,0.06928406466512704,0.2832008008022354,0.7828013544254339,0.7828013544254339,26.5,498.37319520757023,136.39299704924707,0.0,
ID12442 → ID12445,17,12442,12445,0.050880626223091974,2.0118679393248877,0.4734719728006357,0.4734719728006357,16.5,498.66177051287343,131.46608437601085,0.0,
ID12455 → ID12419,17,12455,12419,0.06613097835854698,0.10648373971700151,0.6995109429091082,0.6995109429091082,18.5,498.4332405174007,132.38474710037445,0.0,
ID12445 → ID12455,17,12445,12455,0.03718354430382009,0.6554479933140371,0.40512799365998325,0.40512799365998325,17.5,498.66050145311056,131.88214716795082,0.0,
ID11787 → ID11854,17,11787,11854,0.07357025112497739,0.43567965857934043,0.7898700209917396,0.7898700209917396,2.5,499.3982223497008,130.8172611321644,0.0,
ID12803 → ID12817,17,12803,12817,0.06879999999999997,1.0034047414527498,0.7921670816199216,0.7921670816199216,24.5,498.4919788017236,135.23355078910083,0.0,
ID13392 → ID13438,17,13392,13438,0.08398079441292494,1.5834422670316393,0.6171852090801861,0.6171852090801861,40.5,502.7380713197429,136.4096129452501,0.0,
ID12269 → ID12300,17,12269,12300,0.06829653485273324,1.3154996331290052,0.27740790726524905,0.27740790726524905,12.5,499.43964952438773,131.35912047123253,0.0,
ID11848 → ID11784,17,11848,11784,0.04841188415546349,0.1684940543206652,0.24777908561948941,0.24777908561948941,5.5,500.4224520184845,130.93440226381506,0.0,
ID11898 → ID11892,17,11898,11892,0.05338926697440971,1.8166111520518606,0.42722833659747256,0.42722833659747256,7.5,500.18109109682183,129.56613724762707,0.0,
ID11879 → ID11841,18,11879,11841,0.058370891030406935,0.8758607271618543,0.2871826844437579,0.2871826844437579,4.5,130.58975173980403,133.77986209077199,0.0,
ID11841 → ID11791,18,11841,11791,0.10071558563460214,0.13809050235961062,1.2925026855237993,1.2925026855237993,5.5,130.29085585527878,134.50975660356679,0.0,
ID12409 → ID12464,18,12409,12464,0.09381586078159732,0.6710340574134185,0.9645915218643389,0.9645915218643389,19.5,129.64952267908996,127.87220052363995,0.0,
ID13152 → ID13248,18,13152,13248,0.06917721045145231,0.08995133330740977,0.4960573718896381,0.4960573718896381,33.5,133.04818995542564,129.98949554556992,0.0,
ID13442 → ID13337,18,13442,13337,0.09006391632771782,2.2255557246631956,0.7378799579187667,0.7378799579187667,38.5,135.13179182745694,132.65294272895224,0.0,
ID13387 → ID13432,18,13387,13432,0.060160072829335554,0.051921912331046594,0.5582703692003371,0.5582703692003371,40.5,134.01612753885655,131.95866183725622,0.0,
ID13248 → ID13399,18,13248,13399,0.07759998960134795,0.29428309122552687,0.8859748549526779,0.8859748549526779,34.5,133.0693644220898,130.67331427326064,0.0,
ID11729 → ID11793,18,11729,11793,0.06264995403278117,1.9067166470784738,0.45797027173700466,0.45797027173700466,1.5,130.73994487754942,132.85969918891251,0.0,
ID11907 → ID11901,18,11907,11901,0.05878823213989759,1.3489468352412906,0.49696966681405164,0.49696966681405164,7.5,129.2695515550937,134.9849884386029,0.0,
ID13337 → ID13387,18,13337,13387,0.08055376517349055,0.19456790073748734,0.670509138315068,0.670509138315068,39.5,134.52358208642738,132.30465666929757,0.0,
ID13581 → ID13442,18,13581,13442,0.09161804049603883,1.1368718230455859,1.0904686160794557,1.0904686160794557,37.5,135.34466222136177,132.27467731620408,0.0,
ID12703 → ID12759,18,12703,12759,0.058761878144216295,0.1518572654783974,0.5305895366613429,0.5305895366613429,22.5,130.95399860862983,127.4547259071187,0.0,
ID12374 → ID12411,18,12374,12411,0.06029097389915483,1.2502386459606312,0.538667563356942,0.538667563356942,14.5,127.04682262225734,130.5446518532574,0.0,
ID12813 → ID12948,18,12813,12948,0.08175000432997515,2.1971683194699168,0.9187741237252611,0.9187741237252611,25.5,131.71767166219905,128.6724226931678,0.0,
ID12948 → ID12969,18,12948,12969,0.0855059035731015,1.8023224985382906,0.9380347824016432,0.9380347824016432,26.5,132.28310908008817,128.78383980971122,0.0,
ID13020 → ID13019,18,13020,13019,0.053039126871144426,1.951434871409867,0.06408448086734067,0.06408448086734067,31.5,132.83479080499595,129.15261566939432,0.0,
ID12800 → ID12813,18,12800,12813,0.12129760225669961,0.06649169213151747,1.4021783482644687,1.4021783482644687,24.5,131.30687076716566,128.27719780446907,0.0,
ID13399 → ID13332,18,13399,13332,0.07666675412589286,1.1814429548700622,0.6555669401279705,0.6555669401279705,35.5,133.32960244530491,131.26169514599266,0.0,
ID12411 → ID12433,18,12411,12433,0.04048526863085322,1.1359674220839227,0.30466672796023464,0.30466672796023464,15.5,126.84270728454595,130.24691030917518,0.0,
ID12438 → ID12447,18,12438,12447,0.0868591762573443,0.8227876382415775,0.5864429070398297,0.5864429070398297,17.5,127.9752625700979,129.53568695941448,0.0,
ID12298 → ID12374,18,12298,12374,0.07496778727890197,0.07731949852358917,0.8050814234708058,0.8050814234708058,13.5,127.17039801127669,131.08096598331855,0.0,
ID12081 → ID12175,18,12081,12175,0.07977848922730812,0.054356442924161,0.8765039356543722,0.8765039356543722,10.5,127.84486662840602,134.23133962138604,0.0,
ID11901 → ID11972,18,11901,11972,0.07595889283446278,1.2590119736931302,0.6714224717906236,0.6714224717906236,8.5,128.79914663321821,135.05090389569483,0.0,
ID12175 → ID12267,18,12175,12267,0.11965942693994047,0.21297553552741688,1.4466274746041754,1.4466274746041754,11.5,127.20698778711619,133.26800097098197,0.0,
ID12267 → ID12298,18,12267,12298,0.10086840347361392,0.6838331320358841,1.1834622330775573,1.1834622330775573,12.5,126.9627740450953,132.05258600110346,0.0,
ID12433 → ID12438,18,12433,12438,0.0969151670951175,1.1349322154618084,1.0261593813193886,1.0261593813193886,16.5,127.35543183544416,129.94763386206938,0.0,
ID12954 → ID12995,18,12954,12995,0.03713752307213147,1.7699840111239007,0.19402734764573792,0.19402734764573792,28.5,132.4188947855113,129.29929902667783,0.0,
ID12995 → ID13011,18,12995,13011,0.05878390205866024,1.4283427661686094,0.46121459213928323,0.46121459213928323,29.5,132.3092103311585,129.06073431442803,0.0,
ID12596 → ID12703,18,12596,12703,0.07143918015743145,0.046294026031593424,0.610889057679063,0.610889057679063,21.5,130.41702181471157,127.64323104832346,0.0,
ID13019 → ID13152,18,13019,13152,0.06243682895665703,1.1820493401393117,0.6029255267237098,0.6029255267237098,32.5,132.90217211369094,129.46033105606736,0.0,
ID12224 → ID11729,18,12224,11729,0.09790209790209792,NaN,0.9709645592375855,0.9709645592375855,0.5,130.5371280633757,132.44292348112316,0.0,
ID12759 → ID12800,18,12759,12800,0.05104693288576834,1.6672955346025704,0.1941696879376384,0.1941696879376384,23.5,131.22607651900398,127.48331290244747,0.0,
ID12447 → ID12409,18,12447,12409,0.13589610532429475,0.23604394109868532,1.6859779097914784,1.6859779097914784,18.5,128.64086041824135,128.62231670445956,0.0,
ID12969 → ID12954,18,12969,12954,0.04467069504959864,0.3749221262642171,0.11026175576642532,0.11026175576642532,27.5,132.5093196711707,129.25284713930313,0.0,
ID13332 → ID13581,18,13332,13581,0.13870733478576613,0.25713898995865303,1.6337675131267764,1.6337675131267764,36.5,134.42227647831095,131.5758915414088,0.0,
ID11791 → ID11907,18,11791,11907,0.06909263782113106,1.6289563049390556,0.6765439137171066,0.6765439137171066,6.5,129.7297396490806,134.94770990709387,0.0,
ID13011 → ID13020,18,13011,13020,0.05897723030981705,2.118895135940468,0.6387823726335579,0.6387823726335579,30.5,132.57775442383615,128.98125175549052,0.0,
ID12464 → ID12596,18,12464,12596,0.05747003424657571,0.245176778439308,0.01711662656167956,0.01711662656167956,20.5,130.12898232940807,127.768232801966,0.0,
ID11972 → ID12081,18,11972,12081,0.05956253019365154,0.4168914705161109,0.5083391396262766,0.5083391396262766,9.5,128.31033779749382,134.74364338009883,0.0,
ID11793 → ID11845,18,11793,11845,0.06874656572440496,0.9572577245210021,0.5271780788050014,0.5271780788050014,2.5,130.3040926270092,132.89777960265664,0.0,
ID11845 → ID11879,18,11845,11879,0.09458013748155825,2.526055860355391,1.0125172600679553,1.0125172600679553,3.5,130.34288813136322,133.22391941763306,0.0,
ID13340 → ID13583,19,13340,13583,0.049297034307588805,2.707394041361823,0.3569881731530687,0.3569881731530687,36.5,57.15949288911861,150.68881786488356,0.0,
ID13026 → ID13036,19,13026,13036,0.12529002320185612,2.3791997762119976,1.2257310058332829,1.2257310058332829,30.5,57.4088711681632,150.54852372308125,0.0,
ID12453 → ID12463,19,12453,12463,0.04648161236934445,2.1861689197459193,0.23596822175615853,0.23596822175615853,17.5,58.85532229853928,150.36356751090563,0.0,
ID12225 → ID11731,19,12225,11731,0.1018943726198056,NaN,0.8820177294840597,0.8820177294840597,0.5,67.57022824465838,140.95032090087852,0.0,
ID12986 → ID12970,19,12986,12970,0.0552681253821834,1.433645450600286,0.387552490659864,0.387552490659864,27.5,57.37602427135574,151.43697260188418,0.0,
ID12272 → ID12303,19,12272,12303,0.06935282934119458,1.586549244671476,0.556975308999812,0.556975308999812,12.5,61.24023088525351,147.6078518389604,0.0,
ID12088 → ID12180,19,12088,12180,0.09577677224736081,2.181877988708109,0.8261034155413166,0.8261034155413166,10.5,62.447995489291316,146.71033580990976,0.0,
ID12389 → ID12426,19,12389,12426,0.07441433164905831,0.1964872374800781,0.46454273674912416,0.46454273674912416,14.5,60.57994113511604,148.68124446775727,0.0,
ID13010 → ID13026,19,13010,13026,0.06438428151579112,2.296421655690345,0.29714769886041936,0.29714769886041936,29.5,57.3613666695062,151.062061646364,0.0,
ID12707 → ID12761,19,12707,12761,0.08903206911700001,2.8681313315881085,0.778581832779725,0.778581832779725,22.5,57.866040398642326,149.7562391448097,0.0,
ID12970 → ID13010,19,12970,13010,0.07809285799753896,2.4977367200291836,0.6287355249056753,0.6287355249056753,28.5,57.25571127517678,151.28057617358016,0.0,
ID12303 → ID12389,19,12303,12389,0.09217146307104063,0.99862534225286,0.8502479313425323,0.8502479313425323,13.5,61.004462016915085,148.1830972427656,0.0,
ID11917 → ID11909,19,11917,11909,0.1480562081652541,0.3275853399522345,1.550898849368801,1.550898849368801,7.5,63.8345786796998,146.10697678806068,0.0,
ID11731 → ID11804,19,11731,11804,0.177876246241496,0.8368674230469472,1.8150294085597647,1.8150294085597647,1.5,67.20968683311645,142.14372478650677,0.0,
ID11857 → ID11799,19,11857,11799,0.09731074148919772,1.4744076762986658,0.8757410207657197,0.8757410207657197,5.5,65.85067663817664,144.23405270655272,0.0,
ID12427 → ID12483,19,12427,12483,0.11886751674951224,1.5264147299512139,1.0361022824160586,1.0361022824160586,19.5,58.66279557028972,149.7331407641712,0.0,
ID12463 → ID12427,19,12463,12427,0.05479149679297879,1.8849725097098677,0.20820568960775276,0.20820568960775276,18.5,58.788073064983706,150.2511228268213,0.0,
ID11799 → ID11917,19,11799,11917,0.16500956022944713,0.7686327377506482,1.7022884942335157,1.7022884942335157,6.5,65.18350494891443,145.23748962324396,0.0,
ID12819 → ID12966,19,12819,12966,0.09150628097268498,0.1550200983572833,0.5764176737598833,0.5764176737598833,25.5,57.28713768115942,150.7036533816425,0.0,
ID13171 → ID13252,19,13171,13252,0.10739829467589623,1.8202148739333925,1.037325138437478,1.037325138437478,33.5,57.012097062246276,150.16603666335084,0.0,
ID11863 → ID11890,19,11863,11890,0.06375131717597504,0.9200351292291361,0.399945147918609,0.399945147918609,3.5,66.07746153915076,143.59301649239444,0.0,
ID13583 → ID13452,19,13583,13452,0.1658642435749662,2.4141236278162754,1.9008112970696958,1.9008112970696958,37.5,56.38344501806823,150.97074597424495,0.0,
ID13402 → ID13444,19,13402,13444,0.07386013977492412,0.9285143721619337,0.6166196649838539,0.6166196649838539,40.5,56.70223506831417,152.3902023965598,0.0,
ID11909 → ID11982,19,11909,11982,0.05935311770590257,0.7397090137698693,0.30499820568535274,0.30499820568535274,8.5,62.97682765808728,146.35905430161296,0.0,
ID13252 → ID13412,19,13252,13412,0.03579504547897239,1.0958462538084945,0.22749701870776318,0.22749701870776318,34.5,57.55717845931879,150.36299832076224,0.0,
ID12966 → ID12986,19,12966,12986,0.06368276238684412,1.3431849810622287,0.476083107210047,0.476083107210047,26.5,57.31514903448062,151.11584917993952,0.0,
ID12761 → ID12806,19,12761,12806,0.05322378996249366,1.9902143205107394,0.29650651789920845,0.29650651789920845,23.5,58.05549775941768,149.4551959289074,0.0,
ID12611 → ID12707,19,12611,12707,0.10686857441242947,0.7711653649498977,0.8236642188028617,0.8236642188028617,21.5,57.97686946223686,149.76805391966698,0.0,
ID12451 → ID12453,19,12451,12453,0.10270235846052678,0.9641338707450594,1.3030953021177507,1.3030953021177507,16.5,59.44135756663451,150.28453427986202,0.0,
ID12806 → ID12819,19,12806,12819,0.11165155869997512,1.6633199685417863,1.1822558885276817,1.1822558885276817,24.5,57.805502175247554,149.99623168388183,0.0,
ID12426 → ID12451,19,12426,12451,0.12384716732542822,0.26965905861262746,1.2782387500326458,1.2782387500326458,15.5,60.258582415385746,149.4845632252838,0.0,
ID11804 → ID11863,19,11804,11863,0.11609130478120444,0.37411551920189645,0.8065546119398173,0.8065546119398173,2.5,66.40418387735536,143.15303736922118,0.0,
ID12180 → ID12272,19,12180,12272,0.15307517084282463,2.1277277417169658,1.5896437529151606,1.5896437529151606,11.5,61.956229762593196,147.17234141564006,0.0,
ID12483 → ID12611,19,12483,12611,0.06933523760734672,1.8848890655666275,0.5200254611648972,0.5200254611648972,20.5,58.39781836488261,149.30589537867934,0.0,
ID11890 → ID11857,19,11890,11857,0.036627505183138176,1.5346491764006487,0.19202413256081427,0.19202413256081427,4.5,65.97882169346157,143.79516807035077,0.0,
ID13412 → ID13340,19,13412,13340,0.07108810568285218,2.92926855516102,0.7846905945272454,0.7846905945272454,35.5,57.375451701549096,150.5788592438508,0.0,
ID13035 → ID13171,19,13035,13171,0.0863282349629384,2.1799075742178218,0.9268216948051803,0.9268216948051803,32.5,56.885683663307844,149.57517121931522,0.0,
ID13452 → ID13345,19,13452,13345,0.05510618689275448,2.6967360552283752,0.37804682273091433,0.37804682273091433,38.5,55.73489675223841,151.41126573495887,0.0,
ID11982 → ID12088,19,11982,12088,0.08866677414154223,0.4922535471202677,0.6789519134797747,0.6789519134797747,9.5,62.49751088783742,146.36033711730306,0.0,
ID13036 → ID13035,19,13036,13035,0.0799932065217368,0.08202337868287653,0.7090031564569227,0.7090031564569227,31.5,57.27579256094667,149.59111666653627,0.0,
ID13345 → ID13402,19,13345,13402,0.11881889814510582,0.7537286024071288,1.0487124949136235,1.0487124949136235,39.5,56.32276472726071,151.7423689166419,0.0,
ID13196 → ID13212,20,13196,13212,0.06437716884049305,2.6912497094269074,0.8525430380982884,0.8525430380982884,29.5,137.68796780838306,462.5417318607242,0.0,
ID12620 → ID12670,20,12620,12670,0.04692152212077905,0.46491111145173786,0.5787074805751161,0.5787074805751161,19.5,139.40214862142042,462.31323843527827,0.0,
ID11923 → ID12010,20,11923,12010,0.03463419859321293,0.8741691190238086,0.33714728111051234,0.33714728111051234,1.5,138.25676773449288,457.8180890344393,0.0,
ID11999 → ID12114,20,11999,12114,0.039119427164803544,2.14553339809376,0.2176188105257468,0.2176188105257468,6.5,138.62210832370465,459.67210797982295,0.0,
ID12065 → ID11999,20,12065,11999,0.046449569908550425,0.18614192955775233,0.5358189052822562,0.5358189052822562,5.5,138.49025870570904,459.486267255274,0.0,
ID12891 → ID12939,20,12891,12939,0.07137752938236941,0.23921181043839715,0.7973134382141436,0.7973134382141436,24.5,139.29307812903352,464.66804107882683,0.0,
ID13270 → ID13288,20,13270,13288,0.08120901550353687,1.250473527131219,0.7101332307577473,0.7101332307577473,33.5,138.67688038778266,464.3452470461869,0.0,
ID12142 → ID12170,20,12142,12170,0.08336546287966051,1.3089337009209574,1.0386294583375109,1.0386294583375109,9.5,139.38833754685243,461.3649152045942,0.0,
ID12830 → ID12891,20,12830,12891,0.0748027335493755,1.3770226690735219,0.6489981089910762,0.6489981089910762,23.5,138.78355374519225,464.16210440488794,0.0,
ID12658 → ID12620,20,12658,12620,0.041216691162380026,0.2997949080447326,0.4735495968121038,0.4735495968121038,18.5,138.9075206694898,462.4459447469248,0.0,
ID12488 → ID12597,20,12488,12597,0.0468563138392839,1.9496686699094556,0.681415373112476,0.681415373112476,13.5,137.87668038774487,462.2330539944571,0.0,
ID12103 → ID12142,20,12103,12142,0.06843394323584906,0.09408874126469656,0.901429649530532,0.901429649530532,8.5,139.41140287511814,460.5945334346701,0.0,
ID12659 → ID12640,20,12659,12640,0.0934026922463892,3.0770457601870933,0.8389358002965746,0.8389358002965746,16.5,137.7828092113602,462.28802556061083,0.0,
ID13468 → ID13606,20,13468,13606,0.12912568959916615,0.18891822331217162,1.4206029186362275,1.4206029186362275,36.5,135.88533435929497,466.9791745818004,0.0,
ID13560 → ID13502,20,13560,13502,0.10641058915130541,0.746528507654308,0.9372371965985326,0.9372371965985326,38.5,134.2023582506992,468.4922360248447,0.0,
ID13166 → ID13151,20,13166,13151,0.10990826097632178,1.4192595594065338,1.5850772968164428,1.5850772968164428,27.5,139.10827312898422,463.076728003448,0.0,
ID13212 → ID13221,20,13212,13221,0.07731037843105637,0.07608159931472538,0.6962339699521319,0.6962339699521319,30.5,138.0328050582139,463.2344845473209,0.0,
ID12010 → ID12072,20,12010,12072,0.03778166625004664,1.3765364149028314,0.3840932353463017,0.3840932353463017,2.5,138.50990381435696,457.93522178342494,0.0,
ID12640 → ID12658,20,12640,12658,0.06745455009052259,1.6009964028380679,0.8114378248335287,0.8114378248335287,17.5,138.28385493771066,462.56951558491903,0.0,
ID13532 → ID13551,20,13532,13551,0.498467608412303,0.4236502003196698,7.570331550513259,7.570331550513259,40.5,133.07873360412339,472.6426061649977,0.0,
ID12369 → ID12488,20,12369,12488,0.0344633159565888,2.0445292525269947,0.32323832641918343,0.32323832641918343,12.5,138.1637978527338,462.09509745121005,0.0,
ID12170 → ID12204,20,12170,12204,0.06244495980967868,0.6955973297435942,0.7764535535286696,0.7764535535286696,10.5,138.70567391293397,461.8786480057023,0.0,
ID12740 → ID12830,20,12740,12830,0.05416517697533574,0.31016638358599236,0.49024897436100984,0.49024897436100984,22.5,138.63319145628662,463.7456781487191,0.0,
ID13606 → ID13560,20,13606,13560,0.11010305646083762,0.15827323110919672,1.2082972395811529,1.2082972395811529,37.5,134.77197864559602,467.6701815725213,0.0,
ID13151 → ID13196,20,13151,13196,0.08531624957925055,0.4017620706399653,1.0889156060524148,1.0889156060524148,28.5,137.93011563397334,462.5015879828586,0.0,
ID13541 → ID13468,20,13541,13468,0.11278586278586278,0.33918040088266466,1.3100150061194091,1.3100150061194091,35.5,137.02720498257497,466.24185209232144,0.0,
ID12670 → ID12715,20,12670,12715,0.05754607411302726,2.9033464458184715,0.767996142181625,0.767996142181625,20.5,139.2863557928721,462.2704995730203,0.0,
ID12204 → ID12369,20,12204,12369,0.03694744314732856,0.3828207429827611,0.22061125289962277,0.22061125289962277,11.5,138.21978166882445,461.95766498962394,0.0,
ID13148 → ID13166,20,13148,13166,0.09230970527624127,0.1840682508503295,1.2326326406142198,1.2326326406142198,26.5,139.7817975771124,463.9144629510455,0.0,
ID13223 → ID13270,20,13223,13270,0.059961429362425656,1.2439126329730166,0.5443332419683752,0.5443332419683752,32.5,138.9381624984969,463.90623046064513,0.0,
ID12597 → ID12618,20,12597,12618,0.04813806582730318,1.9576124815764935,0.33354677809892586,0.33354677809892586,14.5,137.60577457879674,462.06681727203886,0.0,
ID12072 → ID12100,20,12072,12100,0.02427535972125061,1.7242906236837474,0.1980590875973739,0.1980590875973739,3.5,138.5093623718818,458.1373924091439,0.0,
ID13221 → ID13223,20,13221,13223,0.06153846153846154,0.923667495859963,0.694781642981283,0.694781642981283,31.5,138.54467206790014,463.5889956706295,0.0,
ID13288 → ID13541,20,13288,13541,0.12810929243459213,0.5070049442480472,1.5550883570640104,1.5550883570640104,34.5,137.95293758330754,465.17546015092955,0.0,
ID12939 → ID13148,20,12939,13148,0.053193682241976736,2.1363900044360453,0.4776005264752463,0.4776005264752463,25.5,139.62018513339544,464.75120266436414,0.0,
ID12100 → ID12065,20,12100,12065,0.07670466149204591,1.2401914903512274,1.052861629516935,1.052861629516935,4.5,138.42605801360332,458.6976088363552,0.0,
ID12114 → ID12103,20,12114,12103,0.05768311467573162,1.7655438460308033,0.7771692562749244,0.7771692562749244,7.5,138.91397254820572,459.9196724733597,0.0,
ID12618 → ID12659,20,12618,12659,0.032240614519095545,0.6408279177201289,0.03152089027685777,0.03152089027685777,15.5,137.6719604681507,461.899799081323,0.0,
ID13502 → ID13532,20,13502,13532,0.11852247903781687,0.327002761389899,0.052287004985045585,0.052287004985045585,39.5,134.12070407403337,468.97888139799744,0.0,
ID12715 → ID12740,20,12715,12740,0.09197630586967631,1.192122924060721,1.1791183526439861,1.1791183526439861,21.5,138.82693787976734,462.94233052664924,0.0,
ID12257 → ID11923,20,12257,11923,0.10176806348322043,NaN,1.6530558684785497,1.6530558684785497,0.5,137.39842638066392,457.4261521653338,0.0,
ID11866 → ID11805,21,11866,11805,0.13693586698337046,0.11989059059218041,1.3554707319116674,1.3554707319116674,5.5,97.9135579202808,162.29267045801504,0.0,
ID12762 → ID12808,21,12762,12808,0.072428620921558,0.772022630450376,0.755453109585524,0.755453109585524,23.5,96.93134799040388,170.28380781491342,0.0,
ID11811 → ID11872,21,11811,11872,0.06651395605328025,0.35671288139012475,0.5720033995281825,0.5720033995281825,2.5,97.74276654333426,160.28271441202475,0.0,
ID12821 → ID12974,21,12821,12974,0.0860378959088528,0.44383668676652915,0.965541879276181,0.965541879276181,25.5,97.805496149253,170.3601849820867,0.0,
ID12181 → ID12274,21,12181,12274,0.13313114537073778,1.8050235887269317,1.2388904188591292,1.2388904188591292,11.5,98.8378175907794,166.56834073514125,0.0,
ID11927 → ID11926,21,11927,11926,0.20096463022508038,1.1885191941522981,2.0182744612786907,2.0182744612786907,7.5,97.5725998673907,164.196137860385,0.0,
ID12097 → ID12181,21,12097,12181,0.08479308848956302,0.333068948012205,0.9166815121192687,0.9166815121192687,10.5,98.84530498371608,165.8886767269978,0.0,
ID13356 → ID13413,21,13356,13413,0.08249090173877882,1.4328416811163807,0.934834947592869,0.934834947592869,39.5,103.65663571680042,178.9782995081614,0.0,
ID12808 → ID12821,21,12808,12821,0.0429157919773272,0.20212869199502867,0.06154069812820621,0.06154069812820621,24.5,97.32656067769898,170.18279590228525,0.0,
ID13464 → ID13356,21,13464,13356,0.09472332950475948,0.75013129359161,0.8344896752322426,0.8344896752322426,38.5,103.14695644258626,178.5465139413132,0.0,
ID13584 → ID13464,21,13584,13464,0.11259338313766609,0.7502431677449423,1.1299558981146371,1.1299558981146371,37.5,102.67907723482192,177.7595525260337,0.0,
ID11733 → ID11811,21,11733,11811,0.08655462184873952,0.3986474843490572,0.8164604967367228,0.8164604967367228,1.5,97.98475018234302,159.64341600236196,0.0,
ID13255 → ID13429,21,13255,13429,0.14208074534161486,1.2566614529392712,2.007350591538488,2.007350591538488,34.5,101.80141804834525,176.9934445940836,0.0,
ID12490 → ID12619,21,12490,12619,0.09396438364542381,2.281476300594306,0.7982164332767737,0.7982164332767737,20.5,96.39597838707638,170.1520771359647,0.0,
ID12435 → ID12490,21,12435,12490,0.060551574633372796,2.541955152936537,0.6031242114722415,0.6031242114722415,19.5,96.37363731924795,169.84761078421008,0.0,
ID12461 → ID12471,21,12461,12471,0.08098213380711627,0.5478688833812686,0.6552462209218184,0.6552462209218184,17.5,97.15605401023424,168.9952067509692,0.0,
ID12709 → ID12762,21,12709,12762,0.05516113764467845,1.8237467648159844,0.3686957705274017,0.3686957705274017,22.5,96.4731102080496,170.54161396704967,0.0,
ID12991 → ID12979,21,12991,12979,0.1435483870967742,0.5605116289505082,1.3339491955675586,1.3339491955675586,27.5,98.37532580364899,172.30842745438747,0.0,
ID13343 → ID13584,21,13343,13584,0.043140211577877285,2.8341921613051095,0.23440017124642967,0.23440017124642967,36.5,102.1366178856013,177.39138126191406,0.0,
ID12471 → ID12435,21,12471,12435,0.10872070838106807,0.5152322659849761,1.0723731857432086,1.0723731857432086,18.5,96.53323644242556,169.55436207158374,0.0,
ID13044 → ID13050,21,13044,13050,0.06929858391198274,1.380195798127449,0.5682370226559699,0.5682370226559699,31.5,100.82163129038129,175.29160268222768,0.0,
ID11899 → ID11866,21,11899,11866,0.11021619330224675,2.14684208813948,1.209403907052154,1.209403907052154,4.5,97.57707690945247,161.0575420051364,0.0,
ID11805 → ID11927,21,11805,11927,0.08619229929553063,1.3603006985407649,0.56933560514161,0.56933560514161,6.5,97.79453608838793,163.07165564480937,0.0,
ID13429 → ID13343,21,13429,13343,0.06649202557978628,2.675194394532871,0.8244695355477542,0.8244695355477542,35.5,102.40822838586308,177.25795415924378,0.0,
ID11998 → ID12097,21,11998,12097,0.07245547593748336,1.079902944315849,0.7179513374737067,0.7179513374737067,9.5,98.08692465552623,165.61521547933157,0.0,
ID12226 → ID11733,21,12226,11733,0.07897002978669065,NaN,0.6688248655044624,0.6688248655044624,0.5,98.22014996657416,158.9544344395876,0.0,
ID13016 → ID13034,21,13016,13034,0.16378622706726575,0.3250974621932916,1.7659785445800922,1.7659785445800922,29.5,100.27820213815215,173.7995607574411,0.0,
ID13413 → ID13454,21,13413,13454,0.10722795869737889,1.2247585666188991,0.9869389333335344,0.9869389333335344,40.5,104.27441595116457,179.46492419481945,0.0,
ID12979 → ID13016,21,12979,13016,0.11343612334801667,0.797887497221496,0.99268573848066,0.99268573848066,28.5,99.1191217634665,173.08319715846307,0.0,
ID12274 → ID12306,21,12274,12306,0.06643466411952703,2.9592928592931083,0.35889351527685553,0.35889351527685553,12.5,98.56792228990537,166.9210999501389,0.0,
ID13034 → ID13044,21,13034,13044,0.09321348314606215,1.353149643761373,0.8597379777021315,0.8597379777021315,30.5,100.78223927325723,174.734615185214,0.0,
ID13180 → ID13255,21,13180,13255,0.11604095563140115,1.0618819723018798,1.055611509781746,1.055611509781746,33.5,100.70778397887943,176.34746956135302,0.0,
ID11926 → ID11998,21,11926,11998,0.06993128642254931,0.29412387834523684,0.3741887385872199,0.3741887385872199,8.5,97.67154040071509,165.38145006017825,0.0,
ID13050 → ID13180,21,13050,13180,0.058356367033906675,1.8026340747487761,0.5723199156417811,0.5723199156417811,32.5,100.82934910666333,175.6454242734548,0.0,
ID12434 → ID12459,21,12434,12459,0.06462163867019555,2.077715318522494,0.4281570012762644,0.4281570012762644,15.5,97.49235918161152,167.5049254862339,0.0,
ID11872 → ID11899,21,11872,11899,0.04446980457514571,1.6657441724110087,0.3279504098558816,0.3279504098558816,3.5,97.54051825995118,160.5253834724676,0.0,
ID12398 → ID12434,21,12398,12434,0.06518318723308925,2.015307236707636,0.3665985413461307,0.3665985413461307,14.5,97.57813210795746,167.3206163156955,0.0,
ID12459 → ID12461,21,12459,12461,0.1271841289841471,1.3733717990258034,1.15793546224785,1.15793546224785,16.5,97.30103804807543,168.13186372334047,0.0,
ID12974 → ID12991,21,12974,12991,0.1315577078288943,1.322905031466001,1.172351692665688,1.172351692665688,26.5,98.17616634969542,171.12054137892943,0.0,
ID12619 → ID12709,21,12619,12709,0.04953828991674636,1.557264107375424,0.37092885561123556,0.37092885561123556,21.5,96.24835779977492,170.56908534163966,0.0,
ID12306 → ID12398,21,12306,12398,0.12521688837478506,2.7691379862144188,1.308631872861037,1.308631872861037,13.5,98.08239141694034,166.99765819998322,0.0,
ID12066 → ID12139,22,12066,12139,0.15227562739259892,1.2785512529069392,1.5826412653229265,1.5826412653229265,9.5,134.99217311233886,299.08348680171883,0.0,
ID13107 → ID13236,22,13107,13236,0.0580583179705495,1.7204758152506212,0.5816191583310605,0.5816191583310605,32.5,133.9242301333457,295.64314092461257,0.0,
ID13403 → ID13448,22,13403,13448,0.05832227732910178,1.4952132334563215,0.34301321633917836,0.34301321633917836,39.5,133.9663960645448,294.3767139700943,0.0,
ID12675 → ID12726,22,12675,12726,0.09089081422621592,3.0963075912525113,0.7992999672069244,0.7992999672069244,21.5,133.41238866574918,298.7393900206752,0.0,
ID11876 → ID12014,22,11876,12014,0.08970073843761284,0.5558695112956283,1.21051162499832,1.21051162499832,6.5,134.0362052084128,299.262582335139,0.0,
ID12726 → ID12774,22,12726,12774,0.04980201335672041,1.7874332598827138,0.14549111952758856,0.14549111952758856,22.5,133.40090917906957,299.12975149041426,0.0,
ID12474 → ID12509,22,12474,12509,0.07491971308596901,0.3875193973101711,0.8331731271007243,0.8331731271007243,14.5,133.46620130222345,298.6716778579952,0.0,
ID12236 → ID11797,22,12236,11797,0.13255699648379493,NaN,1.0327915981243478,1.0327915981243478,0.5,135.7159351058525,297.67141246203363,0.0,
ID12509 → ID12533,22,12509,12533,0.031704742918645556,1.0041672940633466,0.12063194481659552,0.12063194481659552,15.5,133.0344252350622,298.80482256596906,0.0,
ID11956 → ID11993,22,11956,11993,0.06573064554084884,0.5472786917226592,0.3656254094566698,0.3656254094566698,3.5,135.3410456493583,297.85348288772656,0.0,
ID12774 → ID12833,22,12774,12833,0.06883365200765057,3.089521675872557,0.6779074598009628,0.6779074598009628,23.5,133.13508702746668,299.1132525768254,0.0,
ID13108 → ID13107,22,13108,13107,0.08120373891157906,0.07557749197408034,0.5358049777400564,0.5358049777400564,31.5,134.15807609523438,295.9231808650404,0.0,
ID12139 → ID12191,22,12139,12191,0.06762420693579474,2.0244257617580845,0.5625105369147838,0.5625105369147838,10.5,134.95812695948774,298.36999837737676,0.0,
ID12545 → ID12508,22,12545,12508,0.060054077131098005,0.9895815814505162,0.20044830136328964,0.20044830136328964,18.5,133.0234870769338,299.1097029897388,0.0,
ID12848 → ID13038,22,12848,13038,0.07411099396146792,1.6208921721095633,0.4450385264414632,0.4450385264414632,25.5,132.09543856458748,298.9862732618052,0.0,
ID13038 → ID13055,22,13038,13055,0.04438502673797551,0.8041489368432343,0.37494785449437995,0.37494785449437995,26.5,131.9219748237718,298.65093578617166,0.0,
ID13499 → ID13403,22,13499,13403,0.05562506702893033,2.24787715006192,0.44693527730677457,0.44693527730677457,38.5,134.23169860085986,294.2552439175924,0.0,
ID13388 → ID13592,22,13388,13592,0.05354653762197836,2.416733135547099,0.5863674869373613,0.5863674869373613,36.5,133.9181156543689,294.8330232271809,0.0,
ID12365 → ID12474,22,12365,12474,0.10640293637847553,2.9848302935665725,0.9812106945564695,0.9812106945564695,13.5,134.33839045093995,298.4928665728345,0.0,
ID13471 → ID13388,22,13471,13388,0.05502056540272049,2.3903063897982966,0.24875754930700703,0.24875754930700703,35.5,133.73236299385934,294.94404858455954,0.0,
ID13081 → ID13098,22,13081,13098,0.05431413008400621,0.2701711976678276,0.4282767542262043,0.4282767542262043,29.5,133.78454211942523,297.27478654975675,0.0,
ID12001 → ID12066,22,12001,12066,0.10053380782918153,1.2494939531392202,1.1596364099119492,1.1596364099119492,8.5,134.16801803699744,299.8234339641191,0.0,
ID13098 → ID13108,22,13098,13108,0.11221108692358683,0.8861238311540319,0.9873040485509764,0.9873040485509764,30.5,134.03449301547926,296.6741385526509,0.0,
ID12508 → ID12562,22,12508,12562,0.04704386522568338,1.0074233150896497,0.22435257654029947,0.22435257654029947,19.5,133.1437881236837,299.2517039096673,0.0,
ID13236 → ID13269,22,13236,13269,0.06989292877927666,1.20210108871338,0.5189413156509761,0.5189413156509761,33.5,133.55575442896458,295.37760416666663,0.0,
ID12562 → ID12675,22,12562,12675,0.10363537710254644,1.7084042270164077,0.9784693145353932,0.9784693145353932,20.5,133.3719647734522,298.82180494420527,0.0,
ID13592 → ID13499,22,13592,13499,0.06476731038931993,0.23284704569450593,0.4660327905313718,0.4660327905313718,37.5,134.2721563330897,294.4485046768573,0.0,
ID11895 → ID11956,22,11895,11956,0.05803773357322917,1.4058950949021587,0.38462186040425195,0.38462186040425195,2.5,135.6883811424963,297.75445747345157,0.0,
ID12292 → ID12365,22,12292,12365,0.052685371477494636,2.169111735075397,0.20031116223482476,0.20031116223482476,12.5,134.73033360510937,298.49891833129504,0.0,
ID11993 → ID11946,22,11993,11946,0.038478624884643264,0.11720736106246582,0.20475035726348298,0.20475035726348298,4.5,135.10612787279734,298.01438334170996,0.0,
ID11946 → ID11876,22,11946,11876,0.09978308026029936,0.4071883570369983,0.995981624712665,0.995981624712665,5.5,134.79279262028044,298.51829163985826,0.0,
ID12191 → ID12292,22,12191,12292,0.06281038607795142,1.0141594053485077,0.1179637017449565,0.1179637017449565,11.5,134.65571192516666,298.4630443062791,0.0,
ID12532 → ID12545,22,12532,12545,0.02339354456619147,1.8873932687839126,0.209436040093725,0.209436040093725,17.5,133.08338127419262,298.93956165894764,0.0,
ID12533 → ID12532,22,12533,12532,0.02318869426751735,3.0542479317879376,0.20070632375225714,0.20070632375225714,16.5,133.0722139369671,298.8196933214639,0.0,
ID13055 → ID13037,22,13055,13037,0.09074784860969454,1.6250934241874033,1.097078387277521,1.097078387277521,27.5,132.130569511725,298.1204944757208,0.0,
ID12833 → ID12848,22,12833,12848,0.06909511904563803,0.2095021747264359,0.6852343332353593,0.6852343332353593,24.5,132.45837395436186,299.1522369219953,0.0,
ID13448 → ID13489,22,13448,13489,0.052658227848108474,0.9895379002388337,0.3559869840578151,0.3559869840578151,40.5,134.03722024780507,294.6760523988205,0.0,
ID11797 → ID11895,22,11797,11895,0.07306435832379254,2.850863029667141,0.38622301843565726,0.38622301843565726,1.5,135.91451154631628,297.94242869380844,0.0,
ID12014 → ID12001,22,12014,12001,0.05909943714821764,1.3432552869168484,0.2551334083360097,0.2551334083360097,7.5,133.5507049976012,299.68888281400893,0.0,
ID13037 → ID13081,22,13037,13081,0.08399596819351418,0.583508751035945,1.158407102286651,1.158407102286651,28.5,133.04480782231366,297.5453161851843,0.0,
ID13269 → ID13471,22,13269,13471,0.058549983280074436,0.973803973338626,0.3948574435694088,0.3948574435694088,34.5,133.5997398008911,294.9751570767196,0.0,
ID11952 → ID12016,23,11952,12016,0.033198835486960454,1.4034821711377667,0.3180857703678723,0.3180857703678723,2.5,211.90510213092358,389.37396500477,0.0,
ID12197 → ID12312,23,12197,12312,0.08704364706617918,0.2868399104591509,1.1185700394432625,1.1185700394432625,11.5,210.17677592445017,387.6330386415448,0.0,
ID12054 → ID12109,23,12054,12109,0.060592691077440364,0.19214601182832275,0.5228413781531032,0.5228413781531032,8.5,209.34662846267122,389.2771566502737,0.0,
ID13511 → ID13426,23,13511,13426,0.0447464843510309,1.4901446895961192,0.5056075910337282,0.5056075910337282,35.5,210.71765638602204,377.79507154574776,0.0,
ID13110 → ID13096,23,13110,13096,0.07062249726974545,0.30140044313584746,0.8340158591216851,0.8340158591216851,27.5,210.45816658494957,381.52515560874093,0.0,
ID13132 → ID13153,23,13132,13153,0.030121648504499055,0.8918663832677619,0.2958246954711137,0.2958246954711137,29.5,210.63780518066415,379.6796344394424,0.0,
ID13426 → ID13599,23,13426,13599,0.06713327079873543,0.261454572461364,0.936561528004416,0.936561528004416,36.5,210.454106870193,377.12989630951233,0.0,
ID12876 → ID13093,23,12876,13093,0.052513583020260324,1.5864936202160858,0.45790551749754527,0.45790551749754527,25.5,210.5034984040734,382.12480860242607,0.0,
ID12051 → ID12003,23,12051,12003,0.0419226599204825,0.4336977896318623,0.3848403338170655,0.3848403338170655,4.5,211.58846733413228,388.64962516595614,0.0,
ID12700 → ID12733,23,12700,12733,0.05060240963853713,1.70744238074575,0.6051152501802524,0.6051152501802524,21.5,209.41056142549002,385.4753965707359,0.0,
ID12852 → ID12876,23,12852,12876,0.04545140690880434,1.7167473154521442,0.45136735095321,0.45136735095321,24.5,210.37621138227934,381.832356245185,0.0,
ID13096 → ID13132,23,13096,13132,0.09373313049026955,0.04773064030620694,1.3423809429344373,1.3423809429344373,28.5,210.6386756820519,380.45233004342015,0.0,
ID12067 → ID12054,23,12067,12054,0.11006384919428402,0.14751111623834856,1.228665000224658,1.228665000224658,7.5,210.20116113430066,389.10163900483667,0.0,
ID12600 → ID12566,23,12600,12566,0.045414618157977316,0.8218136669292236,0.31922733084880445,0.31922733084880445,18.5,210.1410891805516,386.27837853242465,0.0,
ID12805 → ID12852,23,12805,12852,0.18023176920779593,0.06579526987961724,2.6371607339539205,2.6371607339539205,23.5,209.8852267807274,383.04147356786416,0.0,
ID12109 → ID12153,23,12109,12153,0.06481386524459609,2.435173187898628,0.7280219589097396,0.7280219589097396,9.5,209.34609026864868,389.04036606330266,0.0,
ID12539 → ID12561,23,12539,12561,0.05868620987255302,1.9799425533114379,0.653247255564351,0.653247255564351,14.5,211.47479992624423,386.18864517255776,0.0,
ID13498 → ID13527,23,13498,13527,0.04402591170824999,2.3300935512502776,0.4975738389582888,0.4975738389582888,40.5,210.66357103035145,376.04432865432926,0.0,
ID12016 → ID12051,23,12016,12051,0.048949467776743694,0.6062798784553145,0.4663957163241507,0.4663957163241507,3.5,211.76367527724517,389.0266453375202,0.0,
ID12244 → ID11862,23,12244,11862,0.055447570332504026,NaN,0.6670770357303923,0.6670770357303923,0.5,212.0779646121747,389.2952736521652,0.0,
ID11862 → ID11952,23,11862,11952,0.04420682353146921,2.2509550186440066,0.3431832231333089,0.3431832231333089,1.5,212.07884113868096,389.5573844107538,0.0,
ID12153 → ID12197,23,12153,12197,0.06483726866623407,0.4605619081218831,0.7400431290488183,0.7400431290488183,10.5,209.72841880422877,388.43657830862514,0.0,
ID11933 → ID12067,23,11933,12067,0.06847369970384343,0.3942117200114811,0.5394778811237325,0.5394778811237325,6.5,211.04253935984116,388.83693961147094,0.0,
ID12615 → ID12700,23,12615,12700,0.042214090388549064,0.7266325043933379,0.11450181790369911,0.11450181790369911,20.5,209.399459980936,385.7753571941045,0.0,
ID13093 → ID13110,23,13093,13110,0.042319689592234866,2.6608969435976473,0.40589322237419273,0.40589322237419273,26.5,210.39822380498518,382.1359915198554,0.0,
ID12003 → ID11933,23,12003,11933,0.04609892254419323,2.1752832152833745,0.374625375088992,0.374625375088992,5.5,211.4204993085907,388.59550263577273,0.0,
ID13599 → ID13537,23,13599,13537,0.05197920831666769,0.033521083959834067,0.6495233587429096,0.6495233587429096,37.5,210.24104058869307,376.3661239570424,0.0,
ID13281 → ID13511,23,13281,13511,0.026476827676237824,1.2717659566025807,0.02491474103518762,0.02491474103518762,34.5,210.83911499448445,378.0182759109653,0.0,
ID13256 → ID13281,23,13256,13281,0.0726636111493586,0.9667080351245396,0.9981842499312773,0.9981842499312773,33.5,210.99021886521888,378.49794137294134,0.0,
ID12561 → ID12588,23,12561,12588,0.05650786144936393,0.5733018733101259,0.6153950971437265,0.6153950971437265,15.5,211.0830945929796,385.7230349199161,0.0,
ID12312 → ID12422,23,12312,12422,0.08901409403920879,0.2472764142903809,1.0681229334620084,1.0681229334620084,12.5,210.9113700337104,386.83453556543,0.0,
ID12422 → ID12539,23,12422,12539,0.0407463823305817,0.688151779406304,0.28881655885460067,0.28881655885460067,13.5,211.4640489128772,386.4884659574208,0.0,
ID12588 → ID12587,23,12588,12587,0.05916602952420491,1.636250437445656,0.6734849443112199,0.6734849443112199,16.5,210.66050117337392,385.8492637808537,0.0,
ID12587 → ID12600,23,12587,12600,0.03555471650620301,1.0089171617789305,0.2526793410435852,0.2526793410435852,17.5,210.36979403799458,386.1495627279022,0.0,
ID13153 → ID13165,23,13153,13165,0.039776258545680565,1.844754367363321,0.31676196972487547,0.31676196972487547,30.5,210.67893518807068,379.4990932460705,0.0,
ID12733 → ID12805,23,12733,12805,0.06154765461607414,0.07910158624599002,0.8599692740772286,0.8599692740772286,22.5,209.54207990163957,384.75532194444315,0.0,
ID13165 → ID13164,23,13165,13164,0.0370869159846976,2.7117573947288567,0.007855067361674052,0.007855067361674052,31.5,210.8162537865008,379.4275905133624,0.0,
ID12566 → ID12615,23,12566,12615,0.07257727028157734,1.6902769944194322,0.8505508237811353,0.8505508237811353,19.5,209.74751705581008,386.0906164310461,0.0,
ID13164 → ID13256,23,13164,13256,0.053450472805298244,2.248320605082306,0.5694198000425866,0.5694198000425866,32.5,210.98186674698962,379.1990176210403,0.0,
ID13537 → ID13456,23,13537,13456,0.04529533513771811,1.5051268984210497,0.3047132447788025,0.3047132447788025,38.5,210.30470524926784,376.0040142733035,0.0,
ID13456 → ID13498,23,13456,13498,0.04970337189306018,0.18626299459760987,0.31628190081598534,0.31628190081598534,39.5,210.58788972311277,375.87999088138497,0.0,
ID11908 → ID11874,24,11908,11874,0.06041436027203262,1.2461550512054305,0.32183262364776993,0.32183262364776993,4.5,155.72921568480263,163.5040252907865,0.0,
ID12309 → ID12405,24,12309,12405,0.1340650725205802,0.7142087339158928,1.2453240466661468,1.2453240466661468,13.5,161.75311150807693,169.35877870144145,0.0,
ID13041 → ID13052,24,13041,13052,0.07751724137931415,1.676106534519279,0.8948726050137514,0.8948726050137514,30.5,166.75639498452742,176.47907110573448,0.0,
ID13420 → ID13347,24,13420,13347,0.05285979703297394,0.71010577699268,0.2347714519982612,0.2347714519982612,35.5,167.52605877045056,178.7966364715541,0.0,
ID11817 → ID11882,24,11817,11882,0.1445310009817241,1.4846222264654265,1.2506642846765834,1.2506642846765834,2.5,155.29938705829116,162.4522275700358,0.0,
ID12182 → ID12276,24,12182,12276,0.08928025167801312,1.1330968883920554,0.3541593443889381,0.3541593443889381,11.5,160.23907998907998,167.9681837681838,0.0,
ID12980 → ID12997,24,12980,12997,0.06476462196861421,1.2560889028150204,0.6983184562935494,0.6983184562935494,26.5,166.43402979912742,174.4900810417749,0.0,
ID12405 → ID12441,24,12405,12441,0.14671814671814676,0.9138787610527962,1.7950821907301293,1.7950821907301293,14.5,162.8654031928185,170.15794638448415,0.0,
ID12443 → ID12500,24,12443,12500,0.10034901724092726,3.0302998244120336,1.1427144669558207,1.1427144669558207,19.5,164.77947008265144,171.3515520333079,0.0,
ID13347 → ID13585,24,13347,13585,0.0925864510248291,1.5224586635053292,0.844079291154198,0.844079291154198,36.5,167.94463801176374,178.94318291095504,0.0,
ID12500 → ID12626,24,12500,12626,0.12002548152589887,3.0917627403255317,1.481609662210498,1.481609662210498,20.5,164.68005263416103,171.49254641407876,0.0,
ID13253 → ID13420,24,13253,13420,0.11138810198300908,2.2381313262160725,0.752099485812735,0.752099485812735,34.5,167.28936168210225,178.38906591182894,0.0,
ID12811 → ID12825,24,12811,12825,0.17107309486780198,0.9593405510864307,1.7385059140453865,1.7385059140453865,24.5,166.3040734648132,174.1641954241159,0.0,
ID13052 → ID13043,24,13052,13043,0.06547896131101971,2.229718001352599,0.19271900108020615,0.19271900108020615,31.5,166.3998477189104,176.65101059158798,0.0,
ID12997 → ID12985,24,12997,12985,0.06601449785348301,2.093298522852594,0.38821439368904614,0.38821439368904614,27.5,166.30577095616508,174.7648425515639,0.0,
ID12092 → ID12182,24,12092,12182,0.28782651552489524,0.03426260785639628,2.9931081585027286,2.9931081585027286,10.5,159.35023381590545,166.6621838256167,0.0,
ID13585 → ID13458,24,13585,13458,0.1476505112398967,0.2844178153875239,1.469059107537982,1.469059107537982,37.5,169.0547458620935,179.22673966849595,0.0,
ID12626 → ID12710,24,12626,12710,0.08566994863013999,0.7187906361188565,0.7889532015712192,0.7889532015712192,21.5,164.13505007545422,172.41300400688021,0.0,
ID13407 → ID13450,24,13407,13450,0.07511737089201875,1.5356277943679233,0.6815440903263968,0.6815440903263968,40.5,170.57620248703063,179.21515846703915,0.0,
ID13458 → ID13350,24,13458,13350,0.07907532696615582,2.0374262642358234,0.4661433366949744,0.4661433366949744,38.5,169.7175430218525,179.24952497860764,0.0,
ID12467 → ID12469,24,12467,12469,0.06536980349560584,0.8018903523468917,0.5182467231417383,0.5182467231417383,16.5,164.00796474224302,170.83972262350505,0.0,
ID13023 → ID13041,24,13023,13041,0.10103242693034675,0.6826424967166125,0.8693517897405753,0.8693517897405753,29.5,166.81871719275946,175.89224022942508,0.0,
ID12227 → ID11736,24,12227,11736,0.13914855478611665,NaN,1.2185769149693755,1.2185769149693755,0.5,156.905944317459,160.98894513529194,0.0,
ID11810 → ID11935,24,11810,11935,0.11169114969041627,1.4111424953461553,0.9564995893201018,0.9564995893201018,6.5,157.52403481474278,163.63778404486368,0.0,
ID11918 → ID11990,24,11918,11990,0.04985658652613656,2.674512197804657,0.22695073647345604,0.22695073647345604,8.5,157.39016329723725,164.53292470723818,0.0,
ID12479 → ID12443,24,12479,12443,0.04794696922404973,2.008611334364872,0.4458044970316833,0.4458044970316833,18.5,164.53810064763877,171.6059876799358,0.0,
ID12710 → ID12763,24,12710,12763,0.1264790954509616,1.4061032860626135,1.411621293362203,1.411621293362203,22.5,164.79886959535102,172.96474638996682,0.0,
ID13191 → ID13253,24,13191,13253,0.06225737401589637,2.1469627354774166,0.397389578336647,0.397389578336647,33.5,167.24886174453593,178.09450485950953,0.0,
ID13350 → ID13407,24,13350,13407,0.07890744101194302,1.518003478083097,0.8282760715945248,0.8282760715945248,39.5,170.09972076658715,178.94959216858183,0.0,
ID11935 → ID11918,24,11935,11918,0.06941283110082708,0.9681449486171013,0.6678599215713709,0.6678599215713709,7.5,157.55306380080302,164.35919703580794,0.0,
ID12276 → ID12309,24,12276,12309,0.13808284970982587,1.550194113083763,1.4966327007240914,1.4966327007240914,12.5,160.83702007263065,168.4573278225712,0.0,
ID12763 → ID12811,24,12763,12811,0.07278041878671182,1.247267479917869,0.6172425955689973,0.6172425955689973,23.5,165.5168900979357,173.42989553912452,0.0,
ID12441 → ID12467,24,12441,12467,0.05463211670129442,0.41672602650207197,0.31776789241918163,0.31776789241918163,15.5,163.8583678353938,170.48297955796,0.0,
ID12825 → ID12980,24,12825,12980,0.0682690027480567,2.945217944432642,0.4334790898535887,0.4334790898535887,25.5,166.89677802607775,174.45005740111299,0.0,
ID11882 → ID11908,24,11882,11908,0.059732234809485196,0.8722711862622391,0.4911894058825029,0.4911894058825029,3.5,155.5684128383777,163.2115108787298,0.0,
ID11874 → ID11810,24,11874,11810,0.14946921443736727,2.1112938047033647,1.6999896840666509,1.6999896840666509,5.5,156.50531084983706,163.43122516857568,0.0,
ID11736 → ID11817,24,11736,11817,0.12009843472647752,0.9876820157919848,1.4658617676684784,1.4658617676684784,1.5,155.9535314394647,161.69116456402298,0.0,
ID11990 → ID12092,24,11990,12092,0.15115374643505486,2.338116648741715,1.4770065807222599,1.4770065807222599,9.5,157.8925234582378,164.96829343650853,0.0,
ID12469 → ID12479,24,12469,12479,0.08675764847031486,0.9701911923967907,0.7819901210880597,0.7819901210880597,17.5,164.37570414193434,171.28615912664833,0.0,
ID12985 → ID13023,24,12985,13023,0.07880732508999377,1.0028382798353481,0.7169517027000182,0.7169517027000182,28.5,166.49943139906566,175.21599322459906,0.0,
ID13043 → ID13191,24,13043,13191,0.20046801872074882,2.527619014454844,1.8579872573796883,1.8579872573796883,32.5,166.9244447837043,177.3224087482916,0.0,
ID12987 → ID13002,25,12987,13002,0.33333333333333337,0.14670425086063532,0.5207021757329008,0.5207021757329008,26.5,-0.23868312757201646,178.50205761316874,0.0,
ID12472 → ID12475,25,12472,12475,0.11347517730496459,0.08321009599123218,0.5901128954247734,0.5901128954247734,16.5,0.3212390717347382,179.61077437262787,0.0,
ID12826 → ID12987,25,12826,12987,0.09876543209876543,0.15152752360533978,0.36956217970023914,0.36956217970023914,25.5,-0.13492868820113874,178.93373358137438,0.0,
ID12814 → ID12826,25,12814,12826,0.1469898358092262,1.5321551245369107,0.36395419715658933,0.36395419715658933,24.5,-0.10757453666398065,179.29841525651358,0.0,
ID12764 → ID12814,25,12764,12814,0.2608695652173916,0.8104719947397453,0.3443520827255523,0.3443520827255523,23.5,0.06419437340153453,179.48729752770674,0.0,
ID12277 → ID12311,25,12277,12311,0.22734642406773664,2.7319860666489886,0.39260343032474193,0.39260343032474193,12.5,-0.033512464546947306,180.5917301089715,0.0,
ID12629 → ID12712,25,12629,12712,0.1366459627329193,2.0711779016794596,0.6066656036010101,0.6066656036010101,21.5,0.5981277090129139,178.93577312063394,0.0,
ID11888 → ID11916,25,11888,11916,0.16901408450704225,3.1198615476523197,0.23608587601129688,0.23608587601129688,3.5,-0.14995644254375545,175.23901164172014,0.0,
ID11942 → ID11930,25,11942,11930,0.15374999999999983,0.2940602867308653,0.7457297673979579,0.7457297673979579,7.5,0.2302300503235083,178.0065600287563,0.0,
ID11878 → ID11814,25,11878,11814,0.16624685138539042,1.0167097601450512,0.2556876222689986,0.2556876222689986,5.5,-0.011581680256379047,176.88085676037485,0.0,
ID12504 → ID12629,25,12504,12629,0.15706806282722463,1.033501477656079,0.22875886474272059,0.22875886474272059,20.5,0.7649073742859311,178.726041429547,0.0,
ID12005 → ID12104,25,12005,12104,0.134453781512605,1.0672607686255113,0.040366108970418674,0.040366108970418674,9.5,0.24944929428081913,179.0624133148405,0.0,
ID11916 → ID11878,25,11916,11878,0.25688073394495414,0.21701785728132578,1.463017662570712,1.463017662570712,4.5,-0.14699377219021012,176.0861707700367,0.0,
ID11814 → ID11942,25,11814,11942,0.1400523560209419,0.8264248458870682,0.7078214478095454,0.7078214478095454,6.5,0.17786842786842788,177.2895299145299,0.0,
ID12475 → ID12485,25,12475,12485,0.19186046511627908,2.5276237250957396,0.6309792811634731,0.6309792811634731,17.5,0.5049355864145892,179.63674641682002,0.0,
ID12311 → ID12412,25,12311,12412,0.23958333333333337,0.17570809229753656,1.2420191457524647,1.2420191457524647,13.5,0.00771692076039902,179.77776209297951,0.0,
ID12104 → ID12183,25,12104,12183,0.134453781512605,1.1445132925544925,0.9826333987816239,0.9826333987816239,10.5,0.24944929428081913,179.5624133148405,0.0,
ID11822 → ID11888,25,11822,11888,0.13880126182965236,0.17141808095096453,0.6368270643355677,0.6368270643355677,2.5,-0.17970472629661585,175.4372064039881,0.0,
ID12412 → ID12446,25,12412,12446,0.22689075630252098,1.067779151312697,0.2205983441260725,0.2205983441260725,14.5,0.16636219705273414,179.11542443064184,0.0,
ID12712 → ID12764,25,12712,12764,0.1985815602836879,0.5125099065962025,0.38424479692736846,0.38424479692736846,22.5,0.374111145865916,179.36041080179336,0.0,
ID11737 → ID11822,25,11737,11822,0.1404278661546896,3.0734761776938533,0.49856115412999547,0.49856115412999547,1.5,-0.2285923141186299,176.00073099415204,0.0,
ID12228 → ID11737,25,12228,11737,0.23333333333333328,NaN,1.0184076762335235,1.0184076762335235,0.5,-0.19642857142857145,175.74166666666667,0.0,
ID12183 → ID12277,25,12183,12277,0.22843822843822892,0.2898612494777406,0.7749277927697708,0.7749277927697708,11.5,0.10707510322508648,180.42037719004577,0.0,
ID11930 → ID12005,25,11930,12005,0.09667673716012104,0.11076201473459339,0.6754470019370868,0.6754470019370868,8.5,0.21772071499863896,178.71595136557482,0.0,
ID12446 → ID12472,25,12446,12472,0.078125,1.8365317050833256,0.2474250849813932,0.2474250849813932,15.5,0.28532830455016656,179.19385076865393,0.0,
ID12449 → ID12504,25,12449,12504,0.12041884816753923,1.7483994680741075,0.5923616904867047,0.5923616904867047,19.5,0.7719812183162968,179.09405385190723,0.0,
ID12485 → ID12449,25,12485,12449,0.027842227378189977,1.4467958694076581,0.03064194745394965,0.03064194745394965,18.5,0.6844776670358066,179.37458471760797,0.0,
ID11988 → ID12107,26,11988,12107,0.1736662883087401,1.2034540858781453,1.7879872433115214,1.7879872433115214,6.5,6.691895240867353,449.3444069766482,0.0,
ID12608 → ID12649,26,12608,12649,0.11992263056092844,1.7557858635387056,1.0783584884833854,1.0783584884833854,15.5,5.888990747814277,452.56841312282484,0.0,
ID12649 → ID12630,26,12649,12630,0.08856088560885611,1.5138339703701464,0.8180059917456329,0.8180059917456329,16.5,5.198635681903398,452.64914328890706,0.0,
ID12096 → ID12140,26,12096,12140,0.07726597325408613,2.094923846668185,0.5047710597652794,0.5047710597652794,8.5,7.56220918610388,448.4801927559162,0.0,
ID12589 → ID12608,26,12589,12608,0.09354464630846437,1.1158282157180213,0.9983141350708385,0.9983141350708385,14.5,6.519269205266648,452.3595742161599,0.0,
ID12739 → ID12827,26,12739,12827,0.28869047619047616,0.18517497168107025,2.8221743993960335,2.8221743993960335,22.5,5.432952598694984,454.4796282449946,0.0,
ID13142 → ID13187,26,13142,13187,0.026683677624257385,0.7526125801433826,0.15959160808400719,0.15959160808400719,28.5,6.564134996055856,453.59849974159056,0.0,
ID12477 → ID12589,26,12477,12589,0.07497446373850791,1.6505935193655246,0.42975332070529304,0.42975332070529304,13.5,6.892495426822315,451.8592775063522,0.0,
ID13287 → ID13538,26,13287,13538,0.02956194571351789,0.15857041798566954,0.26338875186127525,0.26338875186127525,34.5,5.2091699703560845,451.77529495101015,0.0,
ID13157 → ID13142,26,13157,13142,0.031098153547133522,1.2457175878032256,0.10279630537443672,0.10279630537443672,27.5,6.573237366781264,453.4763789262182,0.0,
ID13215 → ID13268,26,13215,13268,0.04675597583399005,0.22763536659612288,0.26384674133888303,0.26384674133888303,32.5,5.291148939455349,451.4697232354814,0.0,
ID12078 → ID12110,26,12078,12110,0.4077177617173994,0.1500273181145972,4.114963092387258,4.114963092387258,3.5,16.643792553962044,455.81184267709693,0.0,
ID11931 → ID12018,26,11931,12018,0.5198568663107888,0.2351902060403638,6.952499179809936,6.952499179809936,1.5,25.112584854975132,458.8679332897714,0.0,
ID12612 → ID12662,26,12612,12662,0.11165640107461972,0.889093360829055,1.670165292293231,1.670165292293231,19.5,6.410630732882424,454.96396712890044,0.0,
ID12259 → ID11931,26,12259,11931,0.20596676233064226,NaN,1.4430782201075003,1.4430782201075003,0.5,28.393293559047507,461.4602828611361,0.0,
ID12630 → ID12648,26,12630,12648,0.06637649619151254,0.5796973439806605,0.5846768119896473,0.5846768119896473,17.5,4.981712589980306,453.28613336339714,0.0,
ID12167 → ID12203,26,12167,12203,0.1055505004549594,0.4184696100563325,1.1853869944249429,1.1853869944249429,10.5,7.391701553220761,449.46976067946946,0.0,
ID12203 → ID12358,26,12203,12358,0.09530990800784056,0.06059346247359663,1.039629301293282,1.039629301293282,11.5,7.071305993930061,450.53460350101795,0.0,
ID12358 → ID12477,26,12358,12477,0.06422018348623815,0.4682007182884287,0.8123561152611376,0.8123561152611376,12.5,7.021640585715539,451.43435422954053,0.0,
ID12018 → ID12078,26,12018,12078,0.4065612185120093,0.5049641505195236,3.704077761309159,3.704077761309159,2.5,20.46268904601805,456.5959166637782,0.0,
ID13268 → ID13287,26,13268,13287,0.03448275862068961,1.8855725434349062,0.20937148297734673,0.20937148297734673,33.5,5.170844078943414,451.5427852621328,0.0,
ID12827 → ID12883,26,12827,12883,0.1259204071017893,2.966322232118773,0.8416791299645121,0.8416791299645121,23.5,4.796992338812045,453.7086931552957,0.0,
ID13528 → ID13548,26,13528,13548,0.11491712707182322,0.8140367692531367,0.2968917016564688,0.2968917016564688,40.5,4.771146793947713,453.8253364233934,0.0,
ID12107 → ID12096,26,12107,12096,0.11693940734188712,1.7586886871797172,0.8423128821655383,0.8423128821655383,7.5,7.213047465992398,448.59318025505115,0.0,
ID13140 → ID13157,26,13140,13157,0.08400884303610912,1.0413891831086117,0.5946755195109835,0.5946755195109835,26.5,6.257064477798559,453.4472543197974,0.0,
ID13605 → ID13558,26,13605,13558,0.2590403337969407,1.0582753404159575,1.7137465035986728,1.7137465035986728,37.5,4.4312977507079125,452.83482249972076,0.0,
ID13206 → ID13214,26,13206,13214,0.06692531522793399,0.46674403162998407,1.0291301241815736,1.0291301241815736,30.5,6.110505086311537,452.3604936729937,0.0,
ID12883 → ID12929,26,12883,12929,0.13892159346637067,0.3473514183859428,0.5227093572538124,0.5227093572538124,24.5,5.3872938311673275,454.03086639305616,0.0,
ID12140 → ID12167,26,12140,12167,0.054002389486260904,3.040159260888127,0.6777034586579498,0.6777034586579498,9.5,7.545352484919606,448.57003376361354,0.0,
ID13214 → ID13215,26,13214,13215,0.0987493909371453,1.0882789036415046,0.7655453898743757,0.7655453898743757,31.5,5.761014424172318,451.67351998878314,0.0,
ID13463 → ID13605,26,13463,13605,0.0678568406802621,2.6784003991821104,0.5575692067334806,0.5575692067334806,36.5,5.448345081834386,452.7259540593097,0.0,
ID13558 → ID13497,26,13558,13497,0.12991880074953155,2.3564045286823854,1.0625701913343069,1.0625701913343069,38.5,3.851224253419089,452.6449200833747,0.0,
ID13187 → ID13206,26,13187,13206,0.07555815102645969,2.294356416781332,0.9005690163106642,0.9005690163106642,29.5,6.326951489780842,453.27401399491094,0.0,
ID12929 → ID13140,26,12929,13140,0.07975034674064285,1.3884675374957152,0.7152802977466791,0.7152802977466791,25.5,5.799206020006369,453.7850261271942,0.0,
ID13497 → ID13528,26,13497,13528,0.12784294948527575,2.3666996046000164,1.6952819691049315,1.6952819691049315,39.5,4.35638583051221,452.9643572991166,0.0,
ID12110 → ID12057,26,12110,12057,0.30640083945435626,0.3834802139975415,3.221151969314682,3.221151969314682,4.5,13.387565332349505,454.2722760253336,0.0,
ID12057 → ID11988,26,12057,11988,0.558055805580558,0.15279011746621374,6.330338200842258,6.330338200842258,5.5,9.341094312050359,451.75930193345323,0.0,
ID12662 → ID12713,26,12662,12713,0.026816539542351303,2.6041833345054797,0.09777896168719363,0.09777896168719363,20.5,6.577042513581151,455.73980014852793,0.0,
ID13538 → ID13463,26,13538,13463,0.08705942016735846,0.16221912263625812,1.0888201494475045,1.0888201494475045,35.5,5.449543338914997,452.40573553418915,0.0,
ID12648 → ID12612,26,12648,12612,0.16666666666666663,1.1207382586764263,1.353065701358907,1.353065701358907,18.5,5.59740617111135,453.8659199538183,0.0,
ID12713 → ID12739,26,12713,12739,0.13991958118062442,0.20217609370559766,0.24570171423346715,0.24570171423346715,21.5,6.475523932600028,455.60216274253884,0.0,
ID13032 → ID13051,27,13032,13051,0.08365896620841973,0.9782471225597302,1.1737729068460891,1.1737729068460891,29.5,27.566830398668607,252.77334965964963,0.0,
ID11828 → ID11896,27,11828,11896,0.05880171670596612,2.198452912237144,0.6361993347234113,0.6361993347234113,2.5,21.6771797142693,256.37663729168275,0.0,
ID13009 → ID12994,27,13009,12994,0.07411257211163702,1.1636141254079304,0.9091229582373895,0.9091229582373895,27.5,28.03296304872231,254.32749493973262,0.0,
ID12420 → ID12454,27,12420,12454,0.04227397407626754,0.08586987424925697,0.3173952183531425,0.3173952183531425,14.5,25.247626880846774,258.81175132419605,0.0,
ID12184 → ID12279,27,12184,12279,0.045841115924175724,2.6096885028454033,0.5115273045110845,0.5115273045110845,11.5,24.722489641419468,258.86042887544875,0.0,
ID12108 → ID12184,27,12108,12184,0.03157580305558161,0.6019334966263483,0.1670410416533741,0.1670410416533741,10.5,24.717959832297957,258.6718826825521,0.0,
ID12765 → ID12816,27,12765,12816,0.048974732214656314,0.4684147642796791,0.3476541055536225,0.3476541055536225,23.5,29.765193368285942,255.20354315378916,0.0,
ID12829 → ID12993,27,12829,12993,0.05323478844172236,0.7591577540359725,0.41589319312457484,0.41589319312457484,25.5,29.32459203273683,254.85534542548118,0.0,
ID12714 → ID12765,27,12714,12765,0.07377953802348569,0.11651000544260869,0.8266814668789391,0.8266814668789391,22.5,29.307183025136474,255.54925104530236,0.0,
ID12481 → ID12494,27,12481,12494,0.05519620526088964,1.1259211869624923,0.7614460273345217,0.7614460273345217,17.5,27.2888619955151,257.43350372493296,0.0,
ID12457 → ID12512,27,12457,12512,0.057074946148704564,1.297371457557408,0.6350453879903466,0.6350453879903466,19.5,28.126890064667844,256.8020402858999,0.0,
ID12637 → ID12714,27,12637,12714,0.06716157531728495,0.5019242747777464,0.6706577043788808,0.6706577043788808,21.5,28.67455167010563,255.94725147074374,0.0,
ID13257 → ID13435,27,13257,13435,0.08386991789160292,0.5766591531377209,1.1397455452910852,1.1397455452910852,34.5,28.19365031171147,252.90915209660818,0.0,
ID13586 → ID13470,27,13586,13470,0.04830604636083646,0.6300466389790685,0.48674685997684797,0.48674685997684797,37.5,28.366531261038503,254.43025359119275,0.0,
ID12512 → ID12637,27,12512,12637,0.047973185293811116,0.10388434447428102,0.3972502223660798,0.3972502223660798,20.5,28.317648464603014,256.3231459608154,0.0,
ID13198 → ID13257,27,13198,13257,0.06576777362844421,0.2585313941099136,0.6743348756111286,0.6743348756111286,33.5,28.308235792920744,252.0446008112852,0.0,
ID13353 → ID13586,27,13353,13586,0.08880756417079139,2.660559409400608,0.8174862783998501,0.8174862783998501,36.5,28.867256758385658,254.7994835327701,0.0,
ID12316 → ID12420,27,12316,12420,0.034142012724293846,1.7311777175060539,0.24466436453207507,0.24466436453207507,13.5,25.240574121679522,259.0924378748929,0.0,
ID12816 → ID12829,27,12816,12829,0.05273440098125681,2.0526312246705487,0.40621530295070185,0.40621530295070185,24.5,29.66048349552922,255.03686156779753,0.0,
ID13368 → ID13418,27,13368,13418,0.08977858659387106,1.9518367236136693,0.39138967604872327,0.39138967604872327,39.5,27.552130654371382,253.89825244139163,0.0,
ID11939 → ID12011,27,11939,12011,0.060514072656482454,1.1391503565697905,0.5446653135548835,0.5446653135548835,8.5,24.75994558101612,259.8895914701708,0.0,
ID13435 → ID13353,27,13435,13353,0.16536373088920542,1.0311063951255448,1.9582776834192326,1.9582776834192326,35.5,28.62233055398577,254.20266057259187,0.0,
ID11887 → ID11823,27,11887,11823,0.12875719462800816,0.37987521831832144,1.7769455428496523,1.7769455428496523,5.5,22.592654899991043,259.1530630346498,0.0,
ID12454 → ID12480,27,12454,12480,0.08980842911877396,1.0590457354413958,1.0098316351512142,1.0098316351512142,15.5,25.682849587118266,258.40043018585175,0.0,
ID13051 → ID13062,27,13051,13062,0.05994806672416775,0.5646399224966173,0.3675869430494842,0.3675869430494842,30.5,27.707547046596417,252.0380532768663,0.0,
ID13470 → ID13368,27,13470,13368,0.08460922912776814,0.8357220197455826,0.8123845814926545,0.8123845814926545,38.5,27.843509325373773,254.14169608307492,0.0,
ID11925 → ID11887,27,11925,11887,0.09293559027148557,1.262463761492692,1.033800034903434,1.033800034903434,4.5,21.6510129508385,258.1416759368851,0.0,
ID11896 → ID11925,27,11896,11925,0.09297297297297225,0.13709438937970306,1.2351825683151822,1.2351825683151822,3.5,21.384692892824702,257.2633629753584,0.0,
ID12279 → ID12316,27,12279,12316,0.062131423757371906,1.086247259912875,0.4581593562201093,0.4581593562201093,12.5,25.008740033810895,259.161322608781,0.0,
ID12480 → ID12481,27,12480,12481,0.11144219308700831,0.22904990561281172,1.1621684924252695,1.1621684924252695,16.5,26.676007229416054,257.97887545456047,0.0,
ID12494 → ID12457,27,12494,12457,0.07517165866786679,1.4865511037181642,0.677002846618311,0.677002846618311,18.5,27.68349816849817,257.0792663817664,0.0,
ID12993 → ID13009,27,12993,13009,0.0908949254661604,0.9125459806524769,0.9609741279369453,0.9609741279369453,26.5,28.710495561064256,254.71664189458264,0.0,
ID11740 → ID11828,27,11740,11828,0.04800826196682295,3.1305763871930683,0.3626814749520693,0.3626814749520693,1.5,21.896023909356682,256.24088470412494,0.0,
ID11823 → ID11948,27,11823,11948,0.07861498257839983,1.0938683720250837,0.6890104499594671,0.6890104499594671,6.5,23.443468063295335,259.83511966147944,0.0,
ID11948 → ID11939,27,11948,11939,0.08866444241464644,0.4913104293412136,0.8345374015896568,0.8345374015896568,7.5,24.17576170986812,259.93531150522966,0.0,
ID13062 → ID13059,27,13062,13059,0.0776628361838313,1.0231730328715993,0.8236516087764143,0.8236516087764143,31.5,27.952625910687736,251.56674100432022,0.0,
ID13059 → ID13198,27,13059,13198,0.051347932781138694,2.388244347698294,0.4428688448714742,0.4428688448714742,32.5,28.236308808641486,251.4951464572481,0.0,
ID12229 → ID11740,27,12229,11740,0.09106463466578085,NaN,1.2095877323569617,1.2095877323569617,0.5,21.686244858942224,255.87302792237003,0.0,
ID13418 → ID13461,27,13418,13461,0.0673473394855677,1.3062517153425661,0.7353836544277595,0.7353836544277595,40.5,27.414401876041822,253.45990001478896,0.0,
ID12011 → ID12108,27,12011,12108,0.06641262928688274,0.9698551200992411,0.9826360592318644,0.9826360592318644,9.5,24.865056863793363,259.2144482018331,0.0,
ID12994 → ID13032,27,12994,13032,0.0711202213498291,0.20800530007378618,0.7425412362495959,0.7425412362495959,28.5,27.60861848356621,253.62417794374463,0.0,
ID13486 → ID13385,28,13486,13385,0.15405968077724563,0.4136565219782203,1.5286902061921215,1.5286902061921215,38.5,62.84959983369713,262.52646815732703,0.0,
ID12118 → ID12186,28,12118,12186,0.06158753061340971,1.5872169039293331,0.27523544569609676,0.27523544569609676,10.5,70.8193884360551,263.60032731143843,0.0,
ID11957 → ID12029,28,11957,12029,0.20618946969935548,0.2591805456299901,2.4676085338035887,2.4676085338035887,8.5,70.21450023836007,262.45593251761215,0.0,
ID11836 → ID11968,28,11836,11968,0.05494911359159238,2.2338043165542896,0.5159018957523945,0.5159018957523945,6.5,68.7829431768153,261.0792073221485,0.0,
ID13263 → ID13449,28,13263,13449,0.09386281588447654,1.535187928931276,0.8354181765562151,0.8354181765562151,34.5,65.78167612807682,259.9704913201846,0.0,
ID12511 → ID12476,28,12511,12476,0.07961650512044571,3.0208368717571665,0.715355728181673,0.715355728181673,18.5,70.73606160275554,262.89875706627845,0.0,
ID12029 → ID12118,28,12029,12118,0.061162079510700296,1.9728061556760306,0.25070586933462025,0.25070586933462025,9.5,70.89561074130967,263.43217367393,0.0,
ID13049 → ID13066,28,13049,13066,0.11836379460400348,0.8717568879087825,1.123789887745955,1.123789887745955,29.5,68.02306825556434,261.1634830234698,0.0,
ID12530 → ID12660,28,12530,12660,0.07588383838383395,2.435203859614063,0.6211261798470646,0.6211261798470646,20.5,71.62734717511788,263.5302035695575,0.0,
ID12328 → ID12436,28,12328,12436,0.11687875805653725,0.3647840135344201,1.0980175396733423,1.0980175396733423,13.5,70.1274168407787,263.5845755101364,0.0,
ID12436 → ID12470,28,12436,12470,0.06522737712448323,1.2653407520183086,0.6503021424980366,0.6503021424980366,14.5,69.46320263159161,263.85535144807284,0.0,
ID12719 → ID12768,28,12719,12768,0.07556884329275204,0.8250066858466248,0.6230327118036727,0.6230327118036727,22.5,71.80744015690439,264.6186216362392,0.0,
ID13385 → ID13437,28,13385,13437,0.07132274815557282,1.3094053305849735,0.5681156546864842,0.5681156546864842,39.5,62.038560805790624,262.18100422124564,0.0,
ID13218 → ID13263,28,13218,13263,0.11670927959091493,0.11687268419122672,1.203499912351619,1.203499912351619,33.5,65.682282853337,260.7084627868877,0.0,
ID13449 → ID13371,28,13449,13371,0.10630974292816353,1.8365418963170097,1.1996762875484963,1.1996762875484963,35.5,66.28627125596242,260.355280946913,0.0,
ID13031 → ID13008,28,13031,13008,0.11694915254237293,0.5051406368614593,1.2117947931630324,1.2117947931630324,27.5,69.47439383538236,261.5734767504406,0.0,
ID11838 → ID11906,28,11838,11906,0.06368682933181613,0.1385810204991431,0.4306271472757233,0.4306271472757233,2.5,68.04607328814062,260.1574955466026,0.0,
ID13589 → ID13486,28,13589,13486,0.18445227863410818,0.46163658516136546,1.8673607693770682,1.8673607693770682,37.5,64.49516012769026,262.291864924651,0.0,
ID12838 → ID13015,28,12838,13015,0.09476059162697248,0.05181107426242156,1.08618533556987,1.08618533556987,25.5,70.89174554315763,262.8840464281134,0.0,
ID12497 → ID12499,28,12497,12499,0.08896410008459521,0.5142043659720567,0.8898563474893769,0.8898563474893769,16.5,70.32582554604068,263.174232665491,0.0,
ID12186 → ID12283,28,12186,12283,0.052797430326511297,2.113861013655793,0.31011328312281755,0.31011328312281755,11.5,70.96349077999123,263.613047816629,0.0,
ID12283 → ID12328,28,12283,12328,0.06516417532868257,2.5826933769340257,0.4075676272929216,0.4075676272929216,12.5,70.86982869685546,263.5563229526673,0.0,
ID13371 → ID13589,28,13371,13589,0.14555420219244575,1.0127380319241774,1.4826609258963706,1.4826609258963706,36.5,65.90143547237801,261.465338614424,0.0,
ID13066 → ID13086,28,13066,13086,0.08274308458811541,0.04982498529270263,0.7033875461763269,0.7033875461763269,30.5,67.22956054009066,261.6156990844872,0.0,
ID12470 → ID12497,28,12470,12497,0.1029127087741406,2.5664048368515506,0.9837472662681138,0.9837472662681138,15.5,69.74440530939218,263.8691765960974,0.0,
ID11743 → ID11838,28,11743,11838,0.0916680369069851,2.5952429991286166,0.8603165200968831,0.8603165200968831,1.5,68.66361920706996,260.3405120829247,0.0,
ID11936 → ID11897,28,11936,11897,0.12153744466921157,2.2541261345869654,1.425093454363288,1.425093454363288,4.5,68.59705353126407,259.70654753594863,0.0,
ID13015 → ID13031,28,13015,13031,0.08895144264602006,0.6144657354524439,0.8587430974948582,0.8587430974948582,26.5,70.22654554827422,262.2376048916001,0.0,
ID13083 → ID13218,28,13083,13218,0.08234060402683674,0.9497068679116026,0.6036820559601564,0.6036820559601564,32.5,66.11503213329618,261.5001234380234,0.0,
ID11968 → ID11957,28,11968,11957,0.10359922178988668,3.136986151305421,1.025961266419419,1.025961266419419,7.5,68.99197648067619,261.22531695963744,0.0,
ID11897 → ID11836,28,11897,11836,0.09649368863955221,0.43993723097728854,0.8956330735275307,0.8956330735275307,5.5,68.96787503684055,260.7780725022104,0.0,
ID12499 → ID12511,28,12499,12511,0.03760789149199617,1.6429289640407032,0.09794647915542513,0.09794647915542513,17.5,70.46391880194187,262.7521557091755,0.0,
ID12824 → ID12838,28,12824,12838,0.06896551724137334,0.012565726892945252,0.49436404692014124,0.49436404692014124,24.5,71.30183028627029,263.55932734162957,0.0,
ID12230 → ID11743,28,12230,11743,0.06062106374458054,NaN,0.24958131530845493,0.24958131530845493,0.5,68.99051557233028,260.38542084443424,0.0,
ID12660 → ID12719,28,12660,12719,0.09273879110893457,1.5106415116446468,0.8701755763277401,0.8701755763277401,21.5,71.43286959087652,264.0441841001297,0.0,
ID13437 → ID13478,28,13437,13478,0.06030554925710119,1.6468004036025008,0.4019631515942073,0.4019631515942073,40.5,61.794362206661404,261.95126603279215,0.0,
ID11906 → ID11936,28,11906,11936,0.11063094209161628,1.7603632667154603,1.1154234429245369,1.1154234429245369,3.5,68.044477166641,259.5987966640102,0.0,
ID12768 → ID12824,28,12768,12824,0.11313357602911578,2.647757752826021,1.1919732698990195,1.1919732698990195,23.5,71.75858333703395,264.26804927330284,0.0,
ID12476 → ID12530,28,12476,12530,0.09857923072438202,0.06642607012754595,0.948164205349451,0.948164205349451,19.5,71.48918933864189,263.25071632833624,0.0,
ID13008 → ID13049,28,13008,13049,0.07694573734753885,0.5973312061756976,0.6429274140541656,0.6429274140541656,28.5,68.80946356880955,260.98152062286044,0.0,
ID13086 → ID13083,28,13086,13083,0.07312641194383096,0.5303257590455731,0.639431468277491,0.639431468277491,31.5,66.59939055364786,261.7666526076213,0.0,
ID12013 → ID11943,29,12013,11943,0.04695562435498557,1.0117182208254019,0.2311403591962593,0.2311403591962593,5.5,464.6616407477113,393.61162321498483,0.0,
ID12157 → ID12198,29,12157,12198,0.05313806625200079,2.4572070155001016,0.36212667932234527,0.36212667932234527,10.5,463.64665776050276,394.2390623111186,0.0,
ID13173 → ID13258,29,13173,13258,0.05191616553398726,0.5511253735291123,0.3874802979886886,0.3874802979886886,32.5,464.5317683590016,396.0504687154231,0.0,
ID13282 → ID13516,29,13282,13516,0.05807823949316793,1.0833776453392856,0.30799898371495743,0.30799898371495743,34.5,464.44225266660226,396.5432859775504,0.0,
ID11943 → ID12073,29,11943,12073,0.07622756989844037,1.1147180952337759,0.5157588052011504,0.5157588052011504,6.5,464.862367815192,393.35507039065317,0.0,
ID12025 → ID12061,29,12025,12061,0.06187803197957553,1.6696798750543025,0.43433394649107654,0.43433394649107654,3.5,464.52071506538977,393.3195329008341,0.0,
ID13104 → ID13141,29,13104,13141,0.04891400267843227,1.4906539336451932,0.10668852213424738,0.10668852213424738,28.5,464.8666141958713,395.9957969417651,0.0,
ID12702 → ID12734,29,12702,12734,0.09158198974807852,1.0558322967924452,0.6774395651721671,0.6774395651721671,21.5,465.6439700459308,395.3157634546523,0.0,
ID12623 → ID12702,29,12623,12702,0.06458635703915994,0.8269466236370777,0.6327319909256999,0.6327319909256999,20.5,465.4363701499118,394.78919569370953,0.0,
ID13462 → ID13503,29,13462,13503,0.07833822858904627,1.7609516346065326,0.7675127748351395,0.7675127748351395,39.5,463.77713053618334,397.27090154037,0.0,
ID12429 → ID12549,29,12429,12549,0.04848654708521771,0.17414594903664266,0.5663079667937087,0.5663079667937087,13.5,464.38815105230196,394.001489286395,0.0,
ID12882 → ID13103,29,12882,13103,0.09195023272915337,2.5397773324466355,0.7136152818720153,0.7136152818720153,25.5,466.121757929115,395.2959576290843,0.0,
ID13162 → ID13174,29,13162,13174,0.038926019840896275,2.8443238428037096,0.21206711505634093,0.21206711505634093,30.5,464.7502442912279,396.087656727001,0.0,
ID13258 → ID13282,29,13258,13282,0.04975827471964467,1.723471736206556,0.3362742782494239,0.3362742782494239,33.5,464.4373305544821,396.26721433829357,0.0,
ID13600 → ID13542,29,13600,13542,0.06339284640339826,1.7419198445001718,0.3688111639173363,0.3688111639173363,37.5,464.06404278315733,396.858429700217,0.0,
ID13503 → ID13531,29,13503,13531,0.046483322224464274,0.46166339613058016,0.09751354783109832,0.09751354783109832,40.5,463.8538548419225,397.69192822482216,0.0,
ID12115 → ID12157,29,12115,12157,0.10353535353530707,1.984577110269015,0.9081302986918056,0.9081302986918056,9.5,463.71080250853856,393.9112763663702,0.0,
ID12549 → ID12570,29,12549,12570,0.13582208101667992,1.6175466774151481,1.2820744887439537,1.2820744887439537,14.5,464.4122174083751,394.6896465332313,0.0,
ID13174 → ID13173,29,13174,13173,0.045702548554232614,1.880503093666731,0.088880519302067,0.088880519302067,31.5,464.75545091146523,395.9860761898376,0.0,
ID12073 → ID12062,29,12073,12062,0.09330406147089587,2.7716750855805654,0.747310783519348,0.747310783519348,7.5,464.70483960579156,393.3953792745998,0.0,
ID11961 → ID12025,29,11961,12025,0.06704104050893267,1.334241742534189,0.41733685909382434,0.41733685909382434,2.5,464.71555349420146,393.1102613068893,0.0,
ID12575 → ID12623,29,12575,12623,0.09471667122906602,0.13937180598456908,0.9898869906236212,0.9898869906236212,19.5,464.6970367199391,394.6867468924404,0.0,
ID13542 → ID13462,29,13542,13462,0.06782933264687396,2.8541986724277315,0.5107510531599293,0.5107510531599293,38.5,463.9824847036915,396.90584222633765,0.0,
ID12061 → ID12013,29,12061,12013,0.05056828406403446,2.2379147569330833,0.38913893134086935,0.38913893134086935,4.5,464.4252036208097,393.4731853178156,0.0,
ID13118 → ID13104,29,13118,13104,0.05979014056626919,1.5105400404484328,0.6194821469435281,0.6194821469435281,27.5,465.1716565456229,396.0873384320646,0.0,
ID11871 → ID11961,29,11871,11961,0.07878408379347324,1.6955999242735176,0.7695590437128499,0.7695590437128499,1.5,465.05550410957676,392.77311941463256,0.0,
ID12198 → ID12317,29,12198,12317,0.06972966218182619,1.5134851223405694,0.49084301290813015,0.49084301290813015,11.5,463.6646085842211,393.9263578400171,0.0,
ID12570 → ID12603,29,12570,12603,0.07610296283199436,2.755831811155673,0.7016467572100472,0.7016467572100472,15.5,464.17039271489944,394.9321300853404,0.0,
ID12062 → ID12115,29,12062,12115,0.08331834801896154,1.1183563683567488,0.8493099984322325,0.8493099984322325,8.5,464.0506896741291,393.57079563425856,0.0,
ID12809 → ID12856,29,12809,12856,0.04197445324815141,1.1865148329604018,0.18963263135261071,0.18963263135261071,23.5,465.5188681273261,395.21129661295083,0.0,
ID12595 → ID12609,29,12595,12609,0.06503180471299497,2.208232991701076,0.6728003468472914,0.6728003468472914,17.5,463.52416134810437,395.3496367676049,0.0,
ID12609 → ID12575,29,12609,12575,0.09127954360228197,1.7577713941570308,0.8939523340636121,0.8939523340636121,18.5,463.7856020474046,394.9152402122082,0.0,
ID13103 → ID13118,29,13103,13118,0.08952365276844287,0.3508856472656209,0.804945318882142,0.804945318882142,26.5,465.6491198637674,395.8752845695649,0.0,
ID13516 → ID13433,29,13516,13433,0.08573506493507421,0.355385787234196,0.664328282778565,0.664328282778565,35.5,464.100369092504,396.8795564373919,0.0,
ID12734 → ID12809,29,12734,12809,0.10598031794097351,2.630840227447729,0.40322888298447757,0.40322888298447757,22.5,465.5247682302477,395.4641540302298,0.0,
ID12603 → ID12595,29,12603,12595,0.13669064748201443,2.7166579844401153,1.1676905843872896,1.1676905843872896,16.5,463.9292302798982,395.1126075682075,0.0,
ID12856 → ID12882,29,12856,12882,0.10743068676978684,0.6640015361748768,0.8110832391087038,0.8110832391087038,24.5,465.9910011540221,395.10589792134215,0.0,
ID13141 → ID13162,29,13141,13162,0.044970982315035046,0.2382331061024235,0.19664744912216653,0.19664744912216653,29.5,464.7702286575583,396.111627553889,0.0,
ID12317 → ID12429,29,12317,12429,0.046698468491125134,1.4139847944326678,0.34928677023207483,0.34928677023207483,12.5,463.96942856408504,393.82050861211167,0.0,
ID12246 → ID11871,29,12246,11871,0.13378922406662186,NaN,1.4367555865635813,1.4367555865635813,0.5,465.093372697791,392.00248903042564,0.0,
ID13433 → ID13600,29,13433,13600,0.05324586162177791,2.412885340067318,0.2936114109366345,0.2936114109366345,36.5,463.86485444995986,396.940046209417,0.0,
ID12237 → ID11808,30,12237,11808,0.07791733272443013,NaN,0.6182749181678362,0.6182749181678362,0.5,462.727358811053,342.6410151039223,0.0,
ID13245 → ID13273,30,13245,13273,0.09026570577203996,2.2409976245052157,0.7962153816178423,0.7962153816178423,33.5,456.88932668951435,348.96584150796923,0.0,
ID13398 → ID13594,30,13398,13594,0.12218202059563299,2.0634218721262774,1.0519070946384952,1.0519070946384952,36.5,455.8026889144065,348.93219917204965,0.0,
ID11808 → ID11904,30,11808,11904,0.07897098975150707,1.6206060280776113,0.6767213143705126,0.6767213143705126,1.5,462.9367420517863,343.0357259914782,0.0,
ID12560 → ID12525,30,12560,12525,0.06193895870736088,0.7424907315478275,0.5465420008954793,0.5465420008954793,18.5,459.8010021567752,344.9204773509995,0.0,
ID12851 → ID13054,30,12851,13054,0.04617582913445961,0.31374235055639077,0.3324716906647443,0.3324716906647443,25.5,459.094347812977,348.5470505925611,0.0,
ID13482 → ID13398,30,13482,13398,0.043719254258899554,3.115377471986694,0.19517633544806332,0.19517633544806332,35.5,456.15708793322545,349.26686736070087,0.0,
ID13123 → ID13122,30,13123,13122,0.06620022352525812,0.40821870287575623,0.6911327218347206,0.6911327218347206,31.5,457.52933474414533,348.94408449411276,0.0,
ID13067 → ID13053,30,13067,13053,0.05057607538449449,2.7191372958584616,0.37529177275758996,0.37529177275758996,27.5,459.07380179145457,348.66901737328135,0.0,
ID13513 → ID13422,30,13513,13422,0.07722998005132853,0.40707294311010866,0.6724655699661297,0.6724655699661297,38.5,455.5165807288372,348.08825604200933,0.0,
ID13122 → ID13245,30,13122,13245,0.05126303208821792,2.277700609393152,0.18934039397537625,0.18934039397537625,32.5,457.2364669112237,348.954645316123,0.0,
ID11954 → ID11884,30,11954,11884,0.09774544062039459,0.39223847796805356,1.1108880282929627,1.1108880282929627,5.5,460.66140782847475,343.3754332546365,0.0,
ID12839 → ID12851,30,12839,12851,0.08081184016283705,1.327637361305408,0.7833112519334252,0.7833112519334252,24.5,459.3081140782108,348.0379430439209,0.0,
ID11904 → ID11965,30,11904,11965,0.13564001104262602,1.038093207992641,1.314825437770245,1.314825437770245,2.5,462.20907246125415,343.52879541354946,0.0,
ID12141 → ID12192,30,12141,12192,0.1265004616805171,1.8515632447659902,1.088023522199268,1.088023522199268,10.5,459.7804829662681,343.73705959781853,0.0,
ID12192 → ID12294,30,12192,12294,0.05810294296402729,1.4742624397996549,0.38828806417870965,0.38828806417870965,11.5,459.8526401720293,344.3276470617981,0.0,
ID13466 → ID13505,30,13466,13505,0.06678196088860167,0.011611614125714386,0.4310467212214862,0.4310467212214862,40.5,455.4371184704336,348.304321400665,0.0,
ID13113 → ID13123,30,13113,13123,0.15145236987867938,0.7099507131932973,1.3338806135639425,1.3338806135639425,30.5,458.52285678767123,348.9296748393333,0.0,
ID12071 → ID12141,30,12071,12141,0.04544450772319952,1.9527068299858668,0.4014511628435168,0.4014511628435168,9.5,459.3935448510344,343.38209052545085,0.0,
ID12518 → ID12548,30,12518,12548,0.0754393773303903,1.7010184885735915,0.33781469675581804,0.33781469675581804,15.5,460.0272734556781,343.9874376503421,0.0,
ID12002 → ID11954,30,12002,11954,0.05009999856130409,2.41196959879487,0.2476639488627769,0.2476639488627769,4.5,461.0283467189281,342.8130058737214,0.0,
ID11965 → ID12002,30,11965,12002,0.13077289319159147,1.3550863425288124,1.1268584913541573,1.1268584913541573,3.5,461.31654418410403,343.1947277091778,0.0,
ID12372 → ID12482,30,12372,12482,0.07819368589323339,1.1458643024636335,0.6939948154724938,0.6939948154724938,13.5,460.3020940653082,343.67665434863545,0.0,
ID12778 → ID12839,30,12778,12839,0.0631517109707409,0.005676593797696307,0.1351582716619756,0.1351582716619756,23.5,459.49298402598265,347.6684441351274,0.0,
ID12577 → ID12687,30,12577,12687,0.11125374411638855,0.13561450416132076,1.009469331577142,1.009469331577142,20.5,459.88268484695186,345.825702004507,0.0,
ID12687 → ID12728,30,12687,12728,0.12886405959031655,0.287512148215031,1.3992731612832576,1.3992731612832576,21.5,460.06958860559473,347.0032361561823,0.0,
ID12482 → ID12518,30,12482,12518,0.08295829339231464,2.477699258794385,0.7074968067074425,0.7074968067074425,14.5,460.3857514187631,343.8892368958917,0.0,
ID12728 → ID12778,30,12728,12778,0.05969254189210382,1.663519033168665,0.5359162223937521,0.5359162223937521,22.5,459.8279794914123,347.68748878705287,0.0,
ID13094 → ID13113,30,13094,13113,0.053999413301048405,2.1085459286518007,0.5166471308839454,0.5166471308839454,29.5,459.3999080472245,348.869313700662,0.0,
ID11884 → ID12021,30,11884,12021,0.09562678554614767,1.6306962709379986,0.755268665379941,0.755268665379941,6.5,460.0391234584208,343.57234525504236,0.0,
ID12021 → ID12008,30,12021,12008,0.06346432408482172,2.1722608587985315,0.4192467656025895,0.4192467656025895,7.5,459.72997753812285,343.53503749471594,0.0,
ID13053 → ID13094,30,13053,13094,0.08339999979354362,1.8112299943506946,0.5576474816606418,0.5576474816606418,28.5,459.3637229016754,348.60591375049023,0.0,
ID12008 → ID12071,30,12008,12071,0.07513467928125817,1.9194983621699693,0.5158437272633248,0.5158437272633248,8.5,459.47598370794276,343.6299380874864,0.0,
ID13273 → ID13482,30,13273,13482,0.06749794792054031,0.27742571650332004,0.4991772601181101,0.4991772601181101,34.5,456.28736915249465,349.1884602026887,0.0,
ID12525 → ID12577,30,12525,12577,0.048192925468183434,1.2652439604459012,0.2650190510089798,0.2650190510089798,19.5,459.6628638370731,345.2286000720916,0.0,
ID13422 → ID13466,30,13422,13466,0.06288767426158282,3.041961270467762,0.3464468258087911,0.3464468258087911,39.5,455.51513733030725,347.9234906274955,0.0,
ID12547 → ID12560,30,12547,12560,0.060690721036612216,0.36452906209869146,0.5575943859809882,0.5575943859809882,17.5,460.01541934159997,344.45282618401734,0.0,
ID12294 → ID12372,30,12294,12372,0.07992715868283662,2.4737122365298223,0.7758123526314955,0.7758123526314955,12.5,459.82149209636066,344.0650899841725,0.0,
ID12548 → ID12547,30,12548,12547,0.0663896496364692,2.8389903275653428,0.34155903717848624,0.34155903717848624,16.5,459.9820551154646,344.011522507774,0.0,
ID13054 → ID13067,30,13054,13067,0.04609263568792599,0.8340160232396955,0.17419268503149885,0.17419268503149885,26.5,459.0166485565469,348.7675940238305,0.0,
ID13594 → ID13513,30,13594,13513,0.06636776422880963,1.4944238010677542,0.2525580155080399,0.2525580155080399,37.5,455.4234702931735,348.5335743466362,0.0,
ID13476 → ID13374,31,13476,13374,0.06703470031545744,0.8224137855996196,0.49466114310919407,0.49466114310919407,38.5,291.51398658906885,252.9904352226721,0.0,
ID11905 → ID11829,31,11905,11829,0.12425671519376669,1.1817564130209306,1.2298533310332405,1.2298533310332405,5.5,292.1902126248117,259.038147692634,0.0,
ID11915 → ID11945,31,11915,11945,0.10096487425885259,1.8761197735231028,0.7922140216359023,0.7922140216359023,3.5,293.2660970395225,259.7395635992913,0.0,
ID13207 → ID13259,31,13207,13259,0.109697933227345,0.713625691067022,0.9443389543238578,0.9443389543238578,33.5,291.4298136892028,252.75177779098328,0.0,
ID11959 → ID11949,31,11959,11949,0.05736802331863733,2.3411841268199893,0.575243177580527,0.575243177580527,7.5,291.1422683297233,257.3000204675418,0.0,
ID12231 → ID11746,31,12231,11746,0.09467370980761003,NaN,1.0688323653304121,1.0688323653304121,0.5,292.6686715890819,259.5221481632389,0.0,
ID12322 → ID12428,31,12322,12428,0.06623334492851363,2.213902246816599,0.7381496399933782,0.7381496399933782,13.5,290.8967558893197,256.6089472495688,0.0,
ID12428 → ID12462,31,12428,12462,0.08170070862859524,1.3906690454473027,0.6492169550917806,0.6492169550917806,14.5,290.65899444112813,256.1314709727144,0.0,
ID12832 → ID13001,31,12832,13001,0.10643615060018397,1.8050379088704225,1.2088265933284355,1.2088265933284355,25.5,287.8718212399517,253.3007092400436,0.0,
ID13259 → ID13441,31,13259,13441,0.05336677262254408,1.6783849628511873,0.32381718401120124,0.32381718401120124,34.5,291.5994040295691,252.3001371093299,0.0,
ID12281 → ID12322,31,12281,12322,0.0513647790649433,1.9738098241430884,0.4219879455781563,0.4219879455781563,12.5,291.0373444536412,256.8688928325921,0.0,
ID12466 → ID12521,31,12466,12521,0.1653614249081784,0.1743608463405186,1.6308262838036607,1.6308262838036607,19.5,289.5560303729714,253.32203909010406,0.0,
ID13374 → ID13425,31,13374,13425,0.15037027739424458,1.872597211875638,1.8288383745876216,1.8288383745876216,39.5,292.31868935553143,253.33005025636606,0.0,
ID12644 → ID12716,31,12644,12716,0.051234810740544035,0.5676919313072135,0.08252327573243481,0.08252327573243481,21.5,289.09474651620076,252.97310394759342,0.0,
ID11949 → ID12020,31,11949,12020,0.02430731955135179,1.3453274298002293,0.12491362601815947,0.12491362601815947,8.5,291.4472789991637,257.25967598259626,0.0,
ID13072 → ID13069,31,13072,13069,0.07841119614620906,1.3741693602325333,0.42564776652638486,0.42564776652638486,31.5,290.92025024536645,253.56618652385302,0.0,
ID12502 → ID12466,31,12502,12466,0.12754524886878593,1.0014815701453974,1.1743061476096766,1.1743061476096766,18.5,289.79649991130907,254.6985737733279,0.0,
ID12820 → ID12832,31,12820,12832,0.08385889528034596,0.8708020550378308,0.8037057404654759,0.8037057404654759,24.5,287.8538406817161,252.65749236626266,0.0,
ID12489 → ID12491,31,12489,12491,0.05616743569829474,1.255424904369942,0.1201135820785758,0.1201135820785758,16.5,290.64698489655484,255.69041594585912,0.0,
ID12716 → ID12766,31,12716,12766,0.04261249037367609,2.810367738345975,0.12239902466529914,0.12239902466529914,22.5,289.11484518629936,252.95673087809533,0.0,
ID11945 → ID11905,31,11945,11905,0.06565422466218429,0.7092679081833194,0.44885828074564715,0.44885828074564715,4.5,292.7136296511525,259.54729441929396,0.0,
ID11853 → ID11915,31,11853,11915,0.04703804789179389,1.2840755967516575,0.16739545420615598,0.16739545420615598,2.5,293.53061307496205,260.0116031027796,0.0,
ID12462 → ID12489,31,12462,12489,0.043365434519320956,0.6109748240853027,0.13739087522051682,0.13739087522051682,15.5,290.72892348665187,255.75500106190725,0.0,
ID13069 → ID13207,31,13069,13207,0.05975477716326416,1.4840919113213091,0.43169116855044226,0.43169116855044226,32.5,291.1289206957951,253.32891898370087,0.0,
ID12521 → ID12644,31,12521,12644,0.07367473982900341,2.3160827873545458,0.4789052653050403,0.4789052653050403,20.5,289.2263849278369,252.73150035649468,0.0,
ID11829 → ID11959,31,11829,11959,0.13455416310004598,0.19186631204440802,1.6002852940422936,1.6002852940422936,6.5,291.3724333542406,257.89115126179036,0.0,
ID13359 → ID13587,31,13359,13587,0.048676224105100974,3.0581304283885826,0.2180827673982948,0.2180827673982948,36.5,291.3314297916392,252.3528001679031,0.0,
ID13587 → ID13476,31,13587,13476,0.060083287032187016,1.8651481704417878,0.5221196172180603,0.5221196172180603,37.5,291.5160361842105,252.52439692982458,0.0,
ID13058 → ID13072,31,13058,13072,0.06018653453803424,1.2630462438163632,0.5434740252759035,0.5434740252759035,30.5,290.628840197055,253.32783459887958,0.0,
ID12020 → ID12113,31,12020,12113,0.050162985717595476,2.1620872738011956,0.1380852596891359,0.1380852596891359,9.5,291.3993298368298,257.22016512294294,0.0,
ID12766 → ID12820,31,12766,12820,0.09079733796785028,1.4896923783389147,1.008556048388382,1.008556048388382,23.5,288.6758613254235,252.6915226960761,0.0,
ID13425 → ID13467,31,13425,13467,0.06575970698223998,0.05983099748913337,0.48097178689382286,0.48097178689382286,40.5,293.4622718510186,253.48891451321117,0.0,
ID12491 → ID12502,31,12491,12502,0.09232271399022518,0.5066183373553588,0.8518303304807614,0.8518303304807614,17.5,290.2127006463732,255.48758604177402,0.0,
ID13000 → ID13042,31,13000,13042,0.10887554762289753,2.091460321404127,0.988604579582155,0.988604579582155,28.5,289.05452865019333,253.54675703891968,0.0,
ID13441 → ID13359,31,13441,13359,0.05835545842922485,1.3646593016886297,0.3041400383572923,0.3041400383572923,35.5,291.3561602143542,252.31598561406926,0.0,
ID13042 → ID13058,31,13042,13058,0.13285024154589375,1.531908298047253,1.4704673553413696,1.4704673553413696,29.5,289.8139754745246,253.06054444690733,0.0,
ID12185 → ID12281,31,12185,12281,0.04585829374096262,1.555028316202554,0.5475000282670958,0.5475000282670958,11.5,291.0564985248669,257.1405266274983,0.0,
ID12113 → ID12185,31,12113,12185,0.04400919373878742,0.5498982594346871,0.10385536218038013,0.10385536218038013,10.5,291.29898600399883,257.2793922069129,0.0,
ID13017 → ID13000,31,13017,13000,0.09189087540797147,2.4497363250176636,1.032888824726793,1.032888824726793,27.5,288.59541132976767,253.76188478628313,0.0,
ID11746 → ID11853,31,11746,11853,0.061158390673195395,0.015765614393288375,0.4292186515051954,0.4292186515051954,1.5,293.28904038500866,259.9418543259188,0.0,
ID13001 → ID13017,31,13001,13017,0.07806554823215173,2.7699864007180848,0.3013655966865221,0.3013655966865221,26.5,288.2063968426247,253.6268427748985,0.0,
ID12664 → ID12631,32,12664,12631,0.07881107858589775,0.6564392689380076,0.6113295003169413,0.6113295003169413,18.5,210.1298241352739,478.9624354653413,0.0,
ID13474 → ID13607,32,13474,13607,0.052350854108431544,2.103778496866905,0.48590250057548245,0.48590250057548245,36.5,211.91610549943883,481.00533501840687,0.0,
ID11940 → ID12028,32,11940,12028,0.09530583214793742,1.2106728449772888,0.9363760856725222,0.9363760856725222,1.5,209.75641025641022,471.1008215085885,0.0,
ID13159 → ID13177,32,13159,13177,0.059248183538551547,3.037470225477103,0.5011349792368843,0.5011349792368843,26.5,212.20046887955834,481.18998699894826,0.0,
ID13220 → ID13228,32,13220,13228,0.066663284460445,0.05631561817244619,0.67586856867826,0.67586856867826,30.5,211.11865225728712,482.889245440293,0.0,
ID12261 → ID11940,32,12261,11940,0.06179228365018008,NaN,0.693462370854265,0.693462370854265,0.5,210.38565096870946,470.8602194342423,0.0,
ID12627 → ID12667,32,12627,12667,0.043364272312733876,0.7390976629179182,0.2868819644272275,0.2868819644272275,15.5,209.67971258410745,477.93631391073836,0.0,
ID13545 → ID13474,32,13545,13474,0.04347476163816766,2.5205766782032377,0.2081238291094158,0.2081238291094158,35.5,212.05698457442642,481.1612693938275,0.0,
ID12834 → ID12901,32,12834,12901,0.08399612284731572,1.2137187291123102,0.8495259641173535,0.8495259641173535,23.5,212.36819899368638,480.54353506357774,0.0,
ID12077 → ID12009,32,12077,12009,0.106855902879603,0.41949085115920504,1.0958499461333127,1.0958499461333127,5.5,210.5384077326989,473.8701976514153,0.0,
ID12111 → ID12145,32,12111,12145,0.046336881653092465,0.011833027928863881,0.3944097737526289,0.3944097737526289,8.5,211.90775052315618,475.00697462653125,0.0,
ID12650 → ID12664,32,12650,12664,0.04383714223202495,0.2313740097391998,0.37378039490230885,0.37378039490230885,17.5,209.89064432715068,478.5603676229335,0.0,
ID12901 → ID12950,32,12901,12950,0.07294699009833094,2.1977867805678075,0.9427205634599495,0.9427205634599495,24.5,212.51026593152625,480.927570277336,0.0,
ID13536 → ID13555,32,13536,13555,0.0631059404195311,0.1635542705301259,0.5604976692090952,0.5604976692090952,40.5,212.0958931825462,480.3990743038894,0.0,
ID12145 → ID12172,32,12145,12172,0.06318698366340614,1.4552002545700702,0.58219675839251,0.58219675839251,9.5,211.77247745158567,475.3513167729925,0.0,
ID12677 → ID12718,32,12677,12718,0.04862724349174807,2.25925192056905,0.4446337353908025,0.4446337353908025,20.5,210.8272559945964,478.8706340763256,0.0,
ID12498 → ID12607,32,12498,12607,0.044993731825008876,2.6595375758807904,0.18650958282819452,0.18650958282819452,13.5,209.72981230845352,477.2785871219634,0.0,
ID12172 → ID12205,32,12172,12205,0.12939243132365819,0.05626069070608149,1.537786173704155,1.537786173704155,10.5,210.89650995311118,475.9476007453604,0.0,
ID12718 → ID12741,32,12718,12741,0.11897708312049826,0.6141500765201864,1.1944315695381464,1.1944315695381464,21.5,211.29671006616587,479.5052381901604,0.0,
ID13272 → ID13289,32,13272,13289,0.11319764313743375,1.8980561335013855,1.6099225762645237,1.6099225762645237,33.5,211.33116939175932,481.7289771092217,0.0,
ID13289 → ID13545,32,13289,13545,0.056235144066329235,0.6200391630956862,0.2561287325559907,0.2561287325559907,34.5,212.00208221752405,481.1108874794456,0.0,
ID12950 → ID13159,32,12950,13159,0.05895744556653004,2.488870062043096,0.364270620660836,0.364270620660836,25.5,212.2258606252633,481.12266278173644,0.0,
ID12009 → ID12121,32,12009,12121,0.06872991397081041,0.7807728419021703,0.6221714953037951,0.6221714953037951,6.5,211.20438727909482,474.3125038483579,0.0,
ID13228 → ID13229,32,13228,13229,0.05716717014846662,2.0159187281023048,0.6029938416861627,0.6029938416861627,31.5,210.85269542761682,482.67330786302057,0.0,
ID12741 → ID12834,32,12741,12834,0.07645792383166217,0.4589026707754873,0.6529723755361149,0.6529723755361149,22.5,211.8342946601654,480.22903510368434,0.0,
ID13507 → ID13536,32,13507,13536,0.05643999924478871,3.0263784870061996,0.4064251811997003,0.4064251811997003,39.5,212.36758840241214,480.7970650514736,0.0,
ID12379 → ID12498,32,12379,12498,0.059067404172198246,0.2925277572734862,0.18680104939832579,0.18680104939832579,12.5,209.7688300203198,477.3000990370174,0.0,
ID12631 → ID12677,32,12631,12677,0.06648053124057807,1.6621064030183565,0.6869952840702029,0.6869952840702029,19.5,210.56580889854212,478.91562452693586,0.0,
ID12028 → ID12084,32,12028,12084,0.062079313147288984,1.5475285972106267,0.6642944867933429,0.6642944867933429,2.5,209.23951242122345,471.36459113638057,0.0,
ID13562 → ID13507,32,13562,13507,0.05852949972233523,1.6526037849201212,0.4629766090038159,0.4629766090038159,38.5,212.37797124441119,480.7607957369918,0.0,
ID12117 → ID12077,32,12117,12077,0.11212976022567,0.5671865089944403,1.2563329072580938,1.2563329072580938,4.5,210.00424174760894,472.8512898663987,0.0,
ID13160 → ID13205,32,13160,13205,0.05603433933386148,1.4946054396111497,0.3818945914257287,0.3818945914257287,28.5,211.95567487407897,482.5224057308725,0.0,
ID13607 → ID13562,32,13607,13562,0.04867335733806688,1.3941414438787483,0.4987605821777576,0.4987605821777576,37.5,212.06793319453573,480.6597064660476,0.0,
ID13229 → ID13272,32,13229,13272,0.04485384727108144,1.3625762673033863,0.1418842312993644,0.1418842312993644,32.5,210.85046208232822,482.3496241706782,0.0,
ID12084 → ID12117,32,12084,12117,0.09524073509437991,1.01544108602332,0.8478211972248682,0.8478211972248682,3.5,209.50621563069643,471.9706970729426,0.0,
ID13205 → ID13220,32,13205,13220,0.06811674285426395,2.398607095974735,0.7104430244256696,0.7104430244256696,29.5,211.787388054611,482.7079258696123,0.0,
ID12121 → ID12111,32,12121,12111,0.0685695337655543,0.9531877975751637,0.5786264705148819,0.5786264705148819,7.5,211.66183768443904,474.5871904316386,0.0,
ID12667 → ID12650,32,12667,12650,0.050234086242262554,0.15282270810900297,0.3347229090714888,0.3347229090714888,16.5,209.8084453880632,478.2182118424157,0.0,
ID13177 → ID13160,32,13177,13160,0.08841755069971946,0.2801298176428941,1.074264971520019,1.074264971520019,27.5,211.98032051870646,481.93932894678267,0.0,
ID12205 → ID12379,32,12205,12379,0.07451269835945795,0.5330335751324774,0.9590404881972234,0.9590404881972234,11.5,210.04332958450482,476.8010170036149,0.0,
ID12607 → ID12627,32,12607,12627,0.05925960418108245,3.103986268615535,0.6391629179582067,0.6391629179582067,14.5,209.6819651546834,477.4998935910435,0.0,
ID11966 → ID12038,33,11966,12038,0.1022839171279577,2.2712491568671656,0.9930685935571261,0.9930685935571261,8.5,98.0787211600706,264.25023136065283,0.0,
ID11861 → ID11924,33,11861,11924,0.13773772781350158,0.24573985891900843,1.5244593500228971,1.5244593500228971,2.5,97.96318667909122,262.8675380502308,0.0,
ID12484 → ID12538,33,12484,12538,0.1560142734540858,0.28649033951699787,1.8177772675548023,1.8177772675548023,19.5,97.3602873514551,264.11435275354955,0.0,
ID12822 → ID12835,33,12822,12835,0.055805580558058065,0.8560043485556927,0.2946481009614766,0.2946481009614766,24.5,100.11133739279961,260.61392829545946,0.0,
ID12478 → ID12506,33,12478,12506,0.06060606060606055,0.9408361697864295,0.4390007725609407,0.4390007725609407,15.5,96.32524043921103,264.9713041661571,0.0,
ID12519 → ID12484,33,12519,12484,0.04691329098338515,1.6623034655404683,0.39611788487372884,0.39611788487372884,18.5,96.87571816291283,265.1022047160833,0.0,
ID12232 → ID11750,33,12232,11750,0.14849235852953602,NaN,1.2615947883178409,1.2615947883178409,0.5,99.00089764445141,261.28872866641257,0.0,
ID13367 → ID13588,33,13367,13588,0.06648497578418411,0.9763127198398291,0.3913934132755432,0.3913934132755432,36.5,100.71994176111949,259.361498808597,0.0,
ID11844 → ID11978,33,11844,11978,0.1474064346684154,1.9821383827935037,1.2170588835273055,1.2170588835273055,6.5,97.68091565251605,262.66382150496787,0.0,
ID11750 → ID11861,33,11750,11861,0.08997805413314741,1.4570754270069635,0.8949290725794278,0.8949290725794278,1.5,98.88193442927121,262.09373607938846,0.0,
ID12335 → ID12444,33,12335,12444,0.10405775454319144,0.2631048261790388,0.9328874749996428,0.9328874749996428,13.5,97.61191144536836,263.4872343743564,0.0,
ID13074 → ID13079,33,13074,13079,0.09734247373213578,2.8633602649929926,0.9709884855956973,0.9709884855956973,30.5,99.63541879295093,260.73602970479885,0.0,
ID13431 → ID13473,33,13431,13473,0.08925715184728411,0.9563654106281629,0.9412426535766782,0.9412426535766782,40.5,99.81538092425808,260.58767009941437,0.0,
ID13079 → ID13076,33,13079,13076,0.11052395636640622,0.14600597329849466,1.2935494760244513,1.2935494760244513,31.5,100.1847569134174,259.7493288026244,0.0,
ID11978 → ID11966,33,11978,11966,0.23300370828182548,2.6190698063200206,2.4811397825020993,2.4811397825020993,7.5,97.52440252666953,263.4230634784777,0.0,
ID11913 → ID11844,33,11913,11844,0.09236208293437331,1.2916567312841674,0.7084947954473596,0.7084947954473596,5.5,97.74566676334197,263.22881680341544,0.0,
ID11955 → ID11913,33,11955,11913,0.07726261520532529,3.116755794596596,0.7354378340676505,0.7354378340676505,4.5,97.41985681083536,263.70456771654244,0.0,
ID13007 → ID13024,33,13007,13024,0.09628044320428819,0.06495842578224754,1.0762277901627897,1.0762277901627897,26.5,100.39528555350769,259.5116608819087,0.0,
ID12653 → ID12717,33,12653,12717,0.06724830027699291,0.72065359202028,0.5663866553456327,0.5663866553456327,21.5,98.68542568542568,262.470758240971,0.0,
ID13380 → ID13431,33,13380,13431,0.05491264912202287,0.4380472909406635,0.3913160078707828,0.3913160078707828,39.5,100.1955016683701,260.1170930830747,0.0,
ID12444 → ID12478,33,12444,12478,0.12229650019661953,0.8495175303710061,1.454651206060528,1.454651206060528,14.5,96.85219457529584,264.2730177840937,0.0,
ID13057 → ID13074,33,13057,13074,0.09643118354180602,0.9030639929478598,1.0446350054216111,1.0446350054216111,29.5,99.76384111865636,260.80212029839424,0.0,
ID11924 → ID11955,33,11924,11955,0.08626477886440043,0.7865349095327827,0.6627454186528402,0.6627454186528402,3.5,97.4292225721066,263.7407408041256,0.0,
ID12285 → ID12335,33,12285,12335,0.0684555107025373,2.822670607584601,0.47526051613869347,0.47526051613869347,12.5,98.2638829665953,263.236187360641,0.0,
ID12122 → ID12187,33,12122,12187,0.05975658929699357,0.4228578257887913,0.5764127051637493,0.5764127051637493,10.5,98.37378153351283,263.41256845774944,0.0,
ID13261 → ID13453,33,13261,13453,0.0925950457014193,1.6433363697273624,1.1055444338130105,1.1055444338130105,34.5,101.0199348116831,259.72201686085134,0.0,
ID13453 → ID13367,33,13453,13367,0.08872857291191583,2.417710957746146,0.7268829884090314,0.7268829884090314,35.5,100.67694266303769,259.8597043329609,0.0,
ID13014 → ID13057,33,13014,13057,0.09324915007285095,1.9823960567708112,0.7741385991468839,0.7741385991468839,28.5,100.54215291806202,260.5428079430692,0.0,
ID12187 → ID12285,33,12187,12285,0.051284698878873436,1.2218475208249333,0.05896959157582199,0.05896959157582199,11.5,98.43869152017864,263.1201135859125,0.0,
ID13024 → ID13014,33,13024,13014,0.17374881964117095,2.5861287377168694,1.6512015373398135,1.6512015373398135,27.5,100.74951559144903,259.8129177633819,0.0,
ID12767 → ID12822,33,12767,12822,0.14501462797501596,0.7634110749041266,1.7722652473669342,1.7722652473669342,23.5,99.59663549634567,261.45841410263387,0.0,
ID12538 → ID12653,33,12538,12653,0.0988519167153129,0.6181865788367682,1.0335250628182124,1.0335250628182124,20.5,98.1597719937969,263.0100615421155,0.0,
ID12835 → ID13007,33,12835,13007,0.06899902818270165,0.4767273678767216,0.4699074238915508,0.4699074238915508,25.5,100.14777955638407,260.2436724955422,0.0,
ID12038 → ID12122,33,12038,12122,0.05919639942968158,0.968165490221021,0.1703373806401821,0.1703373806401821,9.5,98.36255601738401,263.779935923183,0.0,
ID12717 → ID12767,33,12717,12767,0.04983532386307021,1.120832981312946,0.2865180139642885,0.2865180139642885,22.5,98.91154938362797,262.17941634911205,0.0,
ID13588 → ID13481,33,13588,13481,0.11898790437791107,2.164087504626847,1.0672532351820978,1.0672532351820978,37.5,100.98034657144362,259.7336183256522,0.0,
ID13481 → ID13380,33,13481,13380,0.10019694067500551,2.0516867992555463,0.7432944114739322,0.7432944114739322,38.5,100.74854320680053,260.1645152168604,0.0,
ID12506 → ID12505,33,12506,12505,0.05487551448238526,2.55916996964662,0.27957826399861657,0.27957826399861657,16.5,96.20994161330127,264.9149341676649,0.0,
ID12505 → ID12519,33,12505,12519,0.08870283256369194,1.5532355808960787,0.6195984065456323,0.6195984065456323,17.5,96.52984244928334,265.03618150079507,0.0,
ID13213 → ID13261,33,13213,13261,0.07053716766143114,0.7161354606845058,0.47163756295080395,0.47163756295080395,33.5,101.05856566549338,259.1382531412652,0.0,
ID13076 → ID13213,33,13076,13213,0.05005793054275931,0.8165044349671272,0.39743207245884316,0.39743207245884316,32.5,100.65272267317002,259.1052528340957,0.0,
ID12729 → ID12780,34,12729,12780,0.10173888871727765,0.19358955281456292,1.2714117348521679,1.2714117348521679,22.5,326.93497451088524,354.56803654418223,0.0,
ID11912 → ID11976,34,11912,11976,0.05698551418652653,0.4692277808044985,0.453461976996485,0.453461976996485,2.5,325.61878924860287,355.55989497621533,0.0,
ID12841 → ID12855,34,12841,12855,0.12206706142413315,2.474186122015176,1.3735703311313947,1.3735703311313947,24.5,327.5286334616609,355.2544490132282,0.0,
ID13520 → ID13428,34,13520,13428,0.1918066705905379,0.7659758570014638,2.149336644564928,2.149336644564928,38.5,330.28115507476434,360.27683146074367,0.0,
ID13102 → ID13121,34,13102,13121,0.18401815738934313,1.5355947267402257,2.009065354832858,2.009065354832858,29.5,327.830085660843,356.10263354544657,0.0,
ID12567 → ID12534,34,12567,12534,0.12571814802298076,2.9615732198830194,1.342191134941355,1.342191134941355,18.5,326.1789143411281,353.4999011850157,0.0,
ID13131 → ID13130,34,13131,13130,0.06102037055789511,2.2142922669504035,0.12304496445409732,0.12304496445409732,31.5,328.61496695703636,356.7338347979432,0.0,
ID11894 → ID12031,34,11894,12031,0.07751549055514295,2.130488094472833,0.5206908386990414,0.5206908386990414,6.5,326.77336927400415,354.6153775516166,0.0,
ID13247 → ID13275,34,13247,13275,0.2064381173736224,2.3105180603357787,2.9266256650808966,2.9266256650808966,33.5,329.33342656063473,357.4701224155688,0.0,
ID11976 → ID12012,34,11976,12012,0.10844504344057782,2.049453790811267,1.0671837373696118,1.0671837373696118,3.5,325.87642190929046,355.16201671678994,0.0,
ID12297 → ID12382,34,12297,12382,0.05142083897156402,0.9526062610301009,0.46834979245240277,0.46834979245240277,12.5,325.159771140982,351.1657795582639,0.0,
ID13121 → ID13131,34,13121,13131,0.11180942726813359,2.030327622358164,1.021037190702601,1.021037190702601,30.5,328.18272628872137,356.93356579444753,0.0,
ID12017 → ID12079,34,12017,12079,0.0948399603415232,0.590329190014936,1.3106033529558883,1.3106033529558883,8.5,325.8741783209322,353.2496742930473,0.0,
ID12193 → ID12297,34,12193,12297,0.07238770363302516,1.9618640908220757,0.6131625177754093,0.6131625177754093,11.5,324.7102457708959,351.33891099307755,0.0,
ID12528 → ID12556,34,12528,12556,0.06142519182305062,0.26837078937883047,0.6445311500998524,0.6445311500998524,15.5,325.7519860778614,352.27101097111677,0.0,
ID12555 → ID12567,34,12555,12567,0.05560662971817132,2.687765148780894,0.1912211288839833,0.1912211288839833,17.5,326.1673815973618,352.92273246444597,0.0,
ID11964 → ID11894,34,11964,11894,0.06888934140454639,0.8767841047729504,0.505330668300458,0.505330668300458,5.5,326.7672240410367,354.86383875616815,0.0,
ID11816 → ID11912,34,11816,11912,0.05800573523539465,2.168409672913845,0.5865987998360537,0.5865987998360537,1.5,325.9714607698784,355.9227716082716,0.0,
ID12079 → ID12143,34,12079,12143,0.1195195801372706,0.8985524915625598,1.2554569926826773,1.2554569926826773,9.5,325.20617856337293,352.30650282885193,0.0,
ID12238 → ID11816,34,12238,11816,0.11040593940844745,NaN,1.035792322667851,1.035792322667851,0.5,325.6113649567325,356.1543618544748,0.0,
ID12534 → ID12585,34,12534,12585,0.10503751339762235,2.400927527873976,1.0066626731406738,1.0066626731406738,19.5,326.5330000455001,353.7823073073073,0.0,
ID12031 → ID12017,34,12031,12017,0.08291413703382478,0.24582197996015503,0.8102070764095075,0.8102070764095075,7.5,326.2710962825837,354.18618879559403,0.0,
ID13130 → ID13247,34,13130,13247,0.10554538320693807,1.636293022353852,0.852816709900199,0.852816709900199,32.5,328.8267333091078,356.36325399951613,0.0,
ID13595 → ID13520,34,13595,13520,0.08419489347117026,1.6705602454982258,1.1757896912891097,1.1757896912891097,37.5,330.4770457139892,358.736431518456,0.0,
ID13428 → ID13472,34,13428,13472,0.24293627258994588,2.762953717715525,3.0608664625967856,3.0608664625967856,39.5,329.89107274461355,359.73966173636484,0.0,
ID13472 → ID13510,34,13472,13510,0.13210597684368075,2.9575610488636515,1.639189807137323,1.639189807137323,40.5,329.7508323836988,359.01303571541837,0.0,
ID13488 → ID13404,34,13488,13404,0.08180063410122151,2.611399395260726,0.6674450482301578,0.6674450482301578,35.5,329.79690145096373,358.05271433573876,0.0,
ID12143 → ID12193,34,12143,12193,0.06118527843110333,0.7245091213244383,0.7259688586953189,0.7259688586953189,10.5,324.5288393733216,351.66755028059356,0.0,
ID12382 → ID12492,34,12382,12492,0.054672112277330265,0.3610707507094582,0.4355606921496282,0.4355606921496282,13.5,325.48841047525264,350.86630861630863,0.0,
ID12691 → ID12729,34,12691,12729,0.08766014834794333,2.544604653543763,0.8918596062402123,0.8918596062402123,21.5,327.1115363415148,353.50588268586944,0.0,
ID12780 → ID12841,34,12780,12841,0.10510585305109288,0.86096512395408,1.030851683757721,1.030851683757721,23.5,327.2420480590118,355.56931892039813,0.0,
ID13077 → ID13061,34,13077,13061,0.06593118800541298,0.9417875004585068,0.6475606754051112,0.6475606754051112,27.5,327.61607452922476,355.28024868549767,0.0,
ID12492 → ID12528,34,12492,12528,0.09172726139528486,2.1274600180296837,1.2077496376832515,1.2077496376832515,14.5,325.67094940163554,351.3560045365791,0.0,
ID12556 → ID12555,34,12556,12555,0.05611956822589592,0.41994046981506467,0.5593190452738126,0.5593190452738126,16.5,326.0125421123398,352.7989911751214,0.0,
ID13404 → ID13595,34,13404,13595,0.054929193396927034,1.5727357309461312,0.35257339626914946,0.35257339626914946,36.5,330.10543361539146,358.26957243021445,0.0,
ID12012 → ID11964,34,12012,11964,0.03426061493410304,0.9806790137144918,0.2313543402201598,0.2313543402201598,4.5,326.4346482834609,354.92711474522537,0.0,
ID12585 → ID12691,34,12585,12691,0.10823934837094173,0.18451350204621467,0.49533572021492234,0.49533572021492234,20.5,327.0439696040156,353.23579300159054,0.0,
ID13061 → ID13102,34,13061,13102,0.06489522627145483,2.360347089294358,0.5410566996355075,0.5410566996355075,28.5,327.6936968313298,355.0620577359274,0.0,
ID13275 → ID13488,34,13275,13488,0.12830188679243415,2.915553811914659,1.1594747399442695,1.1594747399442695,34.5,329.61137673902147,358.33418816570077,0.0,
ID12855 → ID13060,34,12855,13060,0.12677773262902003,3.0935785914719536,1.7246619245658112,1.7246619245658112,25.5,327.50640741274185,355.4324585040961,0.0,
ID13060 → ID13077,34,13060,13077,0.10159055926119742,2.763347837134145,0.789731089920485,0.789731089920485,26.5,327.68195185426157,355.91809802645844,0.0,
ID12022 → ID11951,35,12022,11951,0.07110351681688432,0.5333611648098497,0.353004781979014,0.353004781979014,5.5,136.02824575626522,407.6244108875803,0.0,
ID12069 → ID12022,35,12069,12022,0.11682406435816717,0.2646683059159243,1.215354729094082,1.215354729094082,4.5,136.28831837907012,406.9050327466625,0.0,
ID13439 → ID13601,35,13439,13601,0.032801794700778375,0.12594030903864745,0.08207361461927179,0.08207361461927179,36.5,134.657614994102,408.5714260099644,0.0,
ID13283 → ID13521,35,13283,13521,0.05179466076258943,2.517370771523364,0.19041174713138154,0.19041174713138154,34.5,134.70368796230017,408.80428391941064,0.0,
ID12439 → ID12557,35,12439,12557,0.07948103953542751,1.7004761615602861,0.6872139244717743,0.6872139244717743,13.5,135.03849619218448,409.0104960276119,0.0,
ID12812 → ID12861,35,12812,12861,0.06646605383569493,1.5126068544900642,0.5284830954518995,0.5284830954518995,23.5,133.843187699151,409.7409804751823,0.0,
ID13184 → ID13260,35,13184,13260,0.06351754184820646,0.5608729758967783,0.38454253521132953,0.38454253521132953,32.5,134.22260060033375,408.6766078012423,0.0,
ID12632 → ID12704,35,12632,12704,0.0833582491179845,0.8477125363899374,0.6213716134028258,0.6213716134028258,20.5,133.99581895333026,409.7395574811171,0.0,
ID12601 → ID12617,35,12601,12617,0.0472184003214442,1.143802674712686,0.5141962251339189,0.5141962251339189,17.5,135.339851007528,410.58435737665764,0.0,
ID12613 → ID12601,35,12613,12601,0.07526992287920187,0.7769879018055723,0.6518101852692816,0.6518101852692816,16.5,135.54643330855083,410.1382207035726,0.0,
ID11881 → ID11970,35,11881,11970,0.12049861495844871,0.13438489472515072,1.1333528367547858,1.1333528367547858,1.5,136.79236859592788,402.9142604076326,0.0,
ID12557 → ID12578,35,12557,12578,0.08988831332156244,2.732446867393519,0.706432914091408,0.706432914091408,14.5,134.9329572700288,409.10530640685346,0.0,
ID13149 → ID13172,35,13149,13172,0.053485143195583285,1.2758300690072908,0.5167792556736742,0.5167792556736742,29.5,133.61649152444286,408.4192845340996,0.0,
ID13126 → ID13112,35,13126,13112,0.06493863902816999,1.8439463863224734,0.8788253522727593,0.8788253522727593,27.5,133.70437106633835,408.19188286817973,0.0,
ID12584 → ID12632,35,12584,12632,0.0989072690364119,1.0423555630959354,0.8233862137262934,0.8233862137262934,19.5,134.4338051106097,410.2329714975665,0.0,
ID12578 → ID12613,35,12578,12613,0.07474708730881785,0.37846197388193886,0.5858609843985554,0.5858609843985554,15.5,135.3080848928541,409.61730361052685,0.0,
ID13521 → ID13439,35,13521,13439,0.025971406238187722,0.7933089349353579,0.11836868063688052,0.11836868063688052,35.5,134.65104416369945,408.67123899216284,0.0,
ID13546 → ID13469,35,13546,13469,0.0485019651102464,1.383981027623048,0.2539588872266839,0.2539588872266839,38.5,134.44522601237404,408.7782230947504,0.0,
ID13186 → ID13184,35,13186,13184,0.06114180478821918,2.408495219202226,0.4302024814379037,0.4302024814379037,31.5,133.84208835749476,408.58446644743054,0.0,
ID12159 → ID12199,35,12159,12199,0.06898591132795462,0.6873007775276414,0.6263044492670898,0.6263044492670898,10.5,135.11947184909104,407.30022760172164,0.0,
ID13469 → ID13509,35,13469,13509,0.08014100290491855,1.0961551431989134,0.8990341763765818,0.8990341763765818,39.5,134.06436752419825,409.132213219703,0.0,
ID12617 → ID12584,35,12617,12584,0.061852804225452473,0.6527569538643267,0.5393126762074029,0.5393126762074029,18.5,134.8468678643258,410.66137587140287,0.0,
ID13260 → ID13283,35,13260,13283,0.0524888678822969,0.26359904750289365,0.3893320775386889,0.3893320775386889,33.5,134.5756729761593,408.8265234067985,0.0,
ID12068 → ID12120,35,12068,12120,0.09813542688911381,2.0928136726549362,0.8368651349111483,0.8368651349111483,8.5,135.4649634482559,407.3681549981677,0.0,
ID11970 → ID12036,35,11970,12036,0.1596682752163242,0.04369367553356915,1.6049962637083397,1.6049962637083397,2.5,136.9949583170158,404.2680433662081,0.0,
ID11951 → ID12080,35,11951,12080,0.05315821244992203,1.9360946751821981,0.24158992340106827,0.24158992340106827,6.5,135.85454792765347,407.6428757734244,0.0,
ID12080 → ID12068,35,12080,12068,0.0466729680373672,1.974192091480693,0.3085815594036565,0.3085815594036565,7.5,135.7005213443853,407.6492609701927,0.0,
ID13112 → ID13149,35,13112,13149,0.03351955307262566,1.6794069527477558,0.12577566232822163,0.12577566232822163,28.5,133.3333765498241,408.4229902313915,0.0,
ID12036 → ID12069,35,12036,12069,0.11459479710584997,0.6244487853929134,1.4192091617075726,1.4192091617075726,3.5,136.76290442559872,405.6884926881662,0.0,
ID12248 → ID11881,35,12248,11881,0.16287689071421063,NaN,1.6085432037560035,1.6085432037560035,0.5,136.44994571922035,401.58986368122373,0.0,
ID13601 → ID13546,35,13601,13546,0.05223167326102329,2.8177811440003193,0.27776586302223266,0.27776586302223266,37.5,134.6142105291685,408.6624331967457,0.0,
ID13509 → ID13535,35,13509,13535,0.08461846852867694,2.5553941645587197,0.7846606987260564,0.7846606987260564,40.5,133.8160303639205,409.11018084393834,0.0,
ID12199 → ID12325,35,12199,12325,0.13413131490934693,1.102880570873248,1.2090930099011674,1.2090930099011674,11.5,135.37433589223627,408.05478545993117,0.0,
ID12735 → ID12812,35,12735,12812,0.04614266827066171,2.267926818573268,0.06130577886038411,0.06130577886038411,22.5,133.76363190402927,409.996668138337,0.0,
ID12861 → ID12890,35,12861,12890,0.07014413102621797,0.6190679558119798,0.585033244375617,0.585033244375617,24.5,133.89106912016783,409.212777723553,0.0,
ID12890 → ID13111,35,12890,13111,0.05916809574168236,0.9413674652106467,0.5186989988446662,0.5186989988446662,25.5,134.00671072121304,408.73447350736353,0.0,
ID13111 → ID13126,35,13111,13126,0.06855856546899686,0.8789201506411136,0.5326485582130531,0.5326485582130531,26.5,134.14401424419202,408.27898380436056,0.0,
ID12325 → ID12439,35,12325,12439,0.06725281505474412,1.2553093502755208,0.8424625834516306,0.8424625834516306,12.5,135.52881699536437,408.87763150496636,0.0,
ID12120 → ID12159,35,12120,12159,0.02508546962457825,1.7115107975026247,0.0949977578063707,0.0949977578063707,9.5,135.2892156261051,406.9928155805138,0.0,
ID12704 → ID12735,35,12704,12735,0.05581970330925046,2.1515356516835773,0.38959650584730743,0.38959650584730743,21.5,133.74786413120222,409.82068471965863,0.0,
ID13172 → ID13186,35,13172,13186,0.05894723114290712,2.6090147080982207,0.33267181424423176,0.33267181424423176,30.5,133.747651224221,408.4756427769917,0.0,
ID13225 → ID13265,36,13225,13265,0.04608450813780718,2.5081118621168748,0.3704223077194731,0.3704223077194731,33.5,189.3478558501849,284.7631350486532,0.0,
ID11932 → ID11963,36,11932,11963,0.06311279558373362,0.02054203698814695,0.4552210518071094,0.4552210518071094,3.5,180.8511443525562,284.16625268316204,0.0,
ID13039 → ID13021,36,13039,13021,0.12268314210061781,0.8480525578611104,1.4093556825515308,1.4093556825515308,27.5,184.63123659403055,286.3340744008832,0.0,
ID11754 → ID11870,36,11754,11870,0.09162047603523171,0.6398815404190061,0.8068289799279817,0.8068289799279817,1.5,180.72007700030196,284.2680456102962,0.0,
ID12233 → ID11754,36,12233,11754,0.11931540342298286,NaN,0.9220867510078047,0.9220867510078047,0.5,180.46848821014805,283.48676477058234,0.0,
ID11919 → ID11851,36,11919,11851,0.09736731569179169,1.7491827839378986,0.9762259883241223,0.9762259883241223,5.5,181.20832434553057,284.61156323486676,0.0,
ID12487 → ID12514,36,12487,12514,0.07386894382247522,0.13518202425170328,0.542758753211576,0.542758753211576,15.5,182.18124037696901,284.7386037933777,0.0,
ID12044 → ID12128,36,12044,12128,0.10235265583313125,0.20969189162808788,0.9488378996760429,0.9488378996760429,9.5,182.48302848302848,284.4012267230658,0.0,
ID12493 → ID12546,36,12493,12546,0.09773473762121587,1.8024420502880527,0.9449683070057054,0.9449683070057054,19.5,182.47171599018168,285.48708055453824,0.0,
ID12546 → ID12665,36,12546,12665,0.051365611736773675,2.323933180828739,0.22794157973531562,0.22794157973531562,20.5,182.48339339838242,285.8901137538908,0.0,
ID13265 → ID13459,36,13265,13459,0.044701898606133716,2.7512594258239207,0.30674296870820933,0.30674296870820933,34.5,189.41484549790334,284.79140933063604,0.0,
ID13091 → ID13225,36,13091,13225,0.06573746085527787,0.5287678732590592,0.5305769128868206,0.5305769128868206,32.5,189.2928140534383,284.61330289745,0.0,
ID12128 → ID12188,36,12128,12188,0.08528787342668365,1.1576835463542907,0.6855340483884209,0.6855340483884209,10.5,183.05664191031306,284.0216244389478,0.0,
ID13021 → ID13065,36,13021,13065,0.1975791661572336,0.5032835377135222,2.680709676294013,2.680709676294013,28.5,186.375176137585,285.38191904660977,0.0,
ID13494 → ID13397,36,13494,13397,0.0631689587111064,1.3117346277899502,0.42134140274723364,0.42134140274723364,38.5,189.30441605920436,283.55830830830837,0.0,
ID13022 → ID13039,36,13022,13039,0.07696836974031485,0.6656096360478683,0.49188336801004046,0.49188336801004046,26.5,183.80705533551063,286.66126398443475,0.0,
ID11870 → ID11932,36,11870,11932,0.0613411542476765,2.8865728840236007,0.2973916937086628,0.2973916937086628,2.5,180.74965855652954,284.5285962193836,0.0,
ID12514 → ID12513,36,12514,12513,0.1134918766187768,0.30730633068326635,0.831092187588448,0.831092187588448,16.5,182.10224140051386,285.41318482621546,0.0,
ID12513 → ID12527,36,12513,12527,0.0969038052469865,3.032544086094045,0.7913740653433634,0.7913740653433634,17.5,182.14540638367885,285.4351966107272,0.0,
ID11977 → ID12044,36,11977,12044,0.07016699552433558,0.13488154127580534,0.5871069883561234,0.5871069883561234,8.5,181.73289293269414,284.54606130318524,0.0,
ID12527 → ID12493,36,12527,12493,0.0671260381491412,1.4134269246133586,0.3695698400959339,0.3695698400959339,18.5,182.37119305145853,285.031895280236,0.0,
ID12188 → ID12287,36,12188,12287,0.10555885442835544,1.7098432431292276,0.9511703922357257,0.9511703922357257,11.5,182.68948823065938,283.6170491292001,0.0,
ID12721 → ID12770,36,12721,12770,0.043274048096178075,2.093257726763114,0.06650797400009886,0.06650797400009886,22.5,182.9192698537384,285.99481590683905,0.0,
ID13459 → ID13377,36,13459,13377,0.11443125249223329,2.767687014451108,1.1010705917379353,1.1010705917379353,35.5,189.47138560567237,284.3837206159328,0.0,
ID12665 → ID12721,36,12665,12721,0.052238805970149294,1.1059925518551603,0.39430666208920034,0.39430666208920034,21.5,182.74902015835892,285.92812939934754,0.0,
ID13082 → ID13095,36,13082,13095,0.0869388170619988,0.6838214281221284,0.7484230345943341,0.7484230345943341,30.5,189.5425158022091,283.8933954901162,0.0,
ID12840 → ID13022,36,12840,13022,0.0658711798368552,0.8199746671845214,0.7583607550647735,0.7583607550647735,25.5,183.3215012773698,287.00067814293163,0.0,
ID13590 → ID13494,36,13590,13494,0.0796372795969762,2.625029168814725,0.5882433613183521,0.5882433613183521,37.5,189.67441647808283,283.71873238502604,0.0,
ID12452 → ID12487,36,12452,12487,0.04869545815844312,3.1377739189476994,0.32138192116371794,0.32138192116371794,14.5,182.2889405526971,284.3211235460169,0.0,
ID13095 → ID13091,36,13095,13091,0.06708799222168937,2.2273516125303483,0.6282527372739818,0.6282527372739818,31.5,189.64989820904373,284.1826633124459,0.0,
ID12342 → ID12452,36,12342,12452,0.0797405420014653,2.9807655339782633,0.607626129988683,0.607626129988683,13.5,182.26621810354425,284.46243291939453,0.0,
ID12287 → ID12342,36,12287,12342,0.1260118193663775,1.73130429767346,1.2225058185008786,1.2225058185008786,12.5,182.2184686252669,284.15093288777496,0.0,
ID11987 → ID11977,36,11987,11977,0.07990685205997272,2.7111364323802842,0.8638165929870933,0.8638165929870933,7.5,181.0663528632129,284.8284014865058,0.0,
ID13065 → ID13082,36,13065,13082,0.1624313438301067,0.2651318094072731,1.914198340669331,1.914198340669331,29.5,188.3035011481424,284.1693982697052,0.0,
ID12828 → ID12840,36,12828,12840,0.06376411729522191,1.467809122312303,0.4639732997822379,0.4639732997822379,24.5,182.75849532085863,287.0260946769442,0.0,
ID13377 → ID13590,36,13377,13590,0.05490424524867932,1.7183469734013448,0.24961150139835628,0.24961150139835628,36.5,189.73439162878583,283.904877727844,0.0,
ID13443 → ID13483,36,13443,13483,0.05928913233212929,0.35990732238054446,0.5099083819577775,0.5099083819577775,40.5,189.5839585470601,283.1057073853921,0.0,
ID11963 → ID11919,36,11963,11919,0.0776266517453601,1.7358742458703302,0.6343276881950788,0.6343276881950788,4.5,181.19903558054335,284.0788149542375,0.0,
ID12770 → ID12828,36,12770,12828,0.10234228021156555,2.7845484508939973,1.0277798874302875,1.0277798874302875,23.5,182.73557478732147,286.4413833729445,0.0,
ID11851 → ID11987,36,11851,11987,0.05626535333857263,0.9375842315342805,0.2509737173046057,0.2509737173046057,6.5,180.80387970481144,285.01519137280866,0.0,
ID13397 → ID13443,36,13397,13443,0.06979929724257372,2.802576388085187,0.4674449997309162,0.4674449997309162,39.5,189.28514839685022,283.4823792114032,0.0,
ID12039 → ID12094,37,12039,12094,0.08448433008482703,0.6877638119362426,0.8089664629048303,0.8089664629048303,2.5,312.29953333806105,488.12895707261725,0.0,
ID12123 → ID12086,37,12123,12086,0.07985728527207336,1.1668651045778267,0.6377811101414333,0.6377811101414333,4.5,310.1746982767453,487.52556127014054,0.0,
ID12909 → ID12960,37,12909,12960,0.07114016535281675,3.081688782887749,0.6776043861518198,0.6776043861518198,24.5,311.81140350877195,487.8084795321638,0.0,
ID12127 → ID12116,37,12127,12116,0.06155599714141291,1.4524893480173975,0.49749874528288174,0.49749874528288174,7.5,310.1865829406628,488.6414223463033,0.0,
ID13234 → ID13274,37,13234,13274,0.05046258955260152,1.2566382428062253,0.15087460287569443,0.15087460287569443,32.5,314.47568634641175,487.3822905357448,0.0,
ID12636 → ID12673,37,12636,12673,0.06727805252803765,1.0546414710845085,0.3615844573271101,0.3615844573271101,15.5,310.7015403705467,485.5379878070455,0.0,
ID13274 → ID13290,37,13274,13290,0.052989971524066704,2.1280947261460073,0.6940706577662686,0.6940706577662686,33.5,314.4981450724015,487.6952243597583,0.0,
ID12742 → ID12837,37,12742,12837,0.07738095238095233,0.2428884988058369,0.7908406232952052,0.7908406232952052,22.5,312.071664005799,487.18300808843867,0.0,
ID13189 → ID13169,37,13189,13169,0.0841300191204456,0.1702741692248317,0.8214332085064384,0.8214332085064384,27.5,313.11245572234316,485.78846617937893,0.0,
ID13563 → ID13512,37,13563,13512,0.08905668366172492,0.7624711083806577,0.6619072507810918,0.6619072507810918,38.5,315.850127535932,489.97694548936624,0.0,
ID12019 → ID12127,37,12019,12127,0.04330453974658299,0.8846840612217921,0.09916452258762075,0.09916452258762075,6.5,310.0460439066528,488.42348905460534,0.0,
ID12263 → ID11950,37,12263,11950,0.09987299251016102,NaN,1.3799997373443915,1.3799997373443915,0.5,313.9136215898625,487.5491626366659,0.0,
ID12614 → ID12636,37,12614,12636,0.05874088445843484,0.1565435798890873,0.1794014839614423,0.1794014839614423,14.5,310.5518726618684,485.72329643441276,0.0,
ID13211 → ID13227,37,13211,13227,0.08626011798599864,1.3987236938519894,1.2196461469801547,1.2196461469801547,29.5,314.4317386344535,486.26658979778006,0.0,
ID11950 → ID12039,37,11950,12039,0.15881465708455322,1.6573437578379746,1.407228322084999,1.407228322084999,1.5,313.3348147751776,488.2922802511415,0.0,
ID12657 → ID12672,37,12657,12672,0.11669685990336509,2.1295867255373304,1.1786264287550055,1.1786264287550055,17.5,312.29535128578175,486.2827741095062,0.0,
ID12673 → ID12657,37,12673,12657,0.14432201770586484,1.3902132924412762,1.903503635999292,1.903503635999292,16.5,311.4954993007733,486.14622703708153,0.0,
ID13169 → ID13211,37,13169,13211,0.12198581560283683,1.2062668422382279,1.1355145124322432,1.1355145124322432,28.5,313.8868249911577,485.54835001007825,0.0,
ID12086 → ID12019,37,12086,12019,0.063482526806102,0.9679713458866293,0.6434719504784282,0.6434719504784282,5.5,310.01490373270036,488.0696310331904,0.0,
ID12720 → ID12742,37,12720,12742,0.12253579580824192,0.13938263098362005,1.1839857604463762,1.1839857604463762,21.5,312.54061686270984,486.3220052278192,0.0,
ID13480 → ID13608,37,13480,13608,0.06800066429078877,0.26325141356082166,0.6231284563602445,0.6231284563602445,36.5,316.07745819094316,489.7252456840206,0.0,
ID12116 → ID12149,37,12116,12149,0.08218154650728426,2.436438679550979,1.2238759438062095,1.2238759438062095,8.5,310.32277410114796,488.21018819002575,0.0,
ID12960 → ID13167,37,12960,13167,0.09727206128863053,0.12839717544798493,0.941746414006353,0.941746414006353,25.5,312.20522348996036,487.1028920786816,0.0,
ID12672 → ID12639,37,12672,12639,0.05569641724435492,0.9666780912608564,0.12324122591015849,0.12324122591015849,18.5,312.5129270512489,485.6954044361956,0.0,
ID12837 → ID12909,37,12837,12909,0.06493341788208307,0.17085813061530566,0.620313763389378,0.620313763389378,23.5,311.7798151165817,487.8226109859363,0.0,
ID13227 → ID13233,37,13227,13233,0.06308283049917962,1.5141292391757355,0.48472231545382316,0.48472231545382316,30.5,314.17716618701445,486.8851021394652,0.0,
ID12174 → ID12206,37,12174,12206,0.06746711146442319,1.6638396390290793,0.750986374329254,0.750986374329254,10.5,310.5926673773423,486.9873667955711,0.0,
ID12507 → ID12614,37,12507,12614,0.07221680863838442,0.28474176245388727,0.23901150201041388,0.23901150201041388,13.5,310.57912129937176,485.93008789299216,0.0,
ID12094 → ID12123,37,12094,12123,0.16171693735497594,0.2286636711492144,1.6803443641518772,1.6803443641518772,3.5,311.1810481970135,487.5993663157308,0.0,
ID12639 → ID12684,37,12639,12684,0.05040325055543626,0.4753198596856751,0.35700011472770815,0.35700011472770815,19.5,312.74784380467804,485.70118672575364,0.0,
ID12390 → ID12507,37,12390,12507,0.09393063583815031,2.829767748687241,1.1892296529735031,1.1892296529735031,12.5,310.5511954469092,486.63964112067595,0.0,
ID12206 → ID12390,37,12206,12390,0.07491712658569938,2.7445391545611133,0.5640148422288009,0.5640148422288009,11.5,310.43677727501256,486.9571392659628,0.0,
ID13512 → ID13540,37,13512,13540,0.07053152353162184,1.4084988561497516,0.4878946204875983,0.4878946204875983,39.5,315.63274346841155,490.36149212648905,0.0,
ID13167 → ID13189,37,13167,13189,0.08745709427356374,0.27180276976453094,0.7266805389503168,0.7266805389503168,26.5,312.6538397151839,486.40856228458887,0.0,
ID13290 → ID13549,37,13290,13549,0.12241009764224375,0.8428182956323417,1.5305412985968412,1.5305412985968412,34.5,314.95005240810815,488.62002731246434,0.0,
ID13608 → ID13563,37,13608,13563,0.04093359818391429,2.8934906727143765,0.2108384628143629,0.2108384628143629,37.5,316.24493448781595,489.85353774275984,0.0,
ID13549 → ID13480,37,13549,13480,0.059789997022012265,0.06792331578942291,0.514176226275453,0.514176226275453,35.5,315.6285095157339,489.3842302023355,0.0,
ID13540 → ID13557,37,13540,13557,0.03988341079688129,1.9413619415594436,0.2533947597781511,0.2533947597781511,40.5,315.80678939544714,490.5127689938861,0.0,
ID12684 → ID12720,37,12684,12720,0.04338095861780589,1.8823984780329128,0.11706802068101084,0.11706802068101084,20.5,312.89867071680334,485.7795012506617,0.0,
ID12149 → ID12174,37,12149,12174,0.07237487733070258,1.1002237781587247,0.6077488084471475,0.6077488084471475,9.5,310.54922187159127,487.4458914936682,0.0,
ID13233 → ID13234,37,13233,13234,0.06541293891143518,2.27201270193044,0.7017683883998866,0.7017683883998866,31.5,314.1709384414894,487.15360217031173,0.0,
ID12465 → ID12503,38,12465,12503,0.1985335589396503,0.2519016961359742,1.8680638716747588,1.8680638716747588,14.5,44.503676389860445,299.8702708043828,0.0,
ID11858 → ID11995,38,11858,11995,0.12377393741242726,2.821301399536159,0.6996346013418764,0.6996346013418764,6.5,47.77512336719884,293.7156216739236,0.0,
ID12291 → ID12357,38,12291,12357,0.09948979591836737,0.40478379622692845,0.5801050368515208,0.5801050368515208,12.5,45.07615761792714,298.68678874405134,0.0,
ID12727 → ID12776,38,12727,12776,0.04104270660011089,3.093376069934444,0.30823260114124534,0.30823260114124534,22.5,44.18472108215337,306.2290999726384,0.0,
ID13045 → ID13087,38,13045,13087,0.07859652500360959,3.081296294928864,0.4899642104865664,0.4899642104865664,28.5,41.66557618088302,309.02637385343104,0.0,
ID13460 → ID13501,38,13460,13501,0.08305307793537475,2.8549089447253704,0.31387498342113723,0.31387498342113723,40.5,42.88433279471484,310.0644450888497,0.0,
ID13241 → ID13271,38,13241,13271,0.06417862205882341,1.0806933939531027,0.4382615209857345,0.4382615209857345,33.5,42.53730219010677,310.35057552648357,0.0,
ID11928 → ID11858,38,11928,11858,0.12276683463123983,1.7396765065655604,0.7575651598451691,0.7575651598451691,5.5,47.75714737962167,293.83391467093145,0.0,
ID12190 → ID12291,38,12190,12291,0.19272575250835844,1.1935864189052494,1.5870399382853149,1.5870399382853149,11.5,45.685275797855255,297.8116291016503,0.0,
ID12849 → ID13046,38,12849,13046,0.17911714770798703,0.4876537349750353,1.4552126733808843,1.4552126733808843,25.5,43.11210739767936,308.133941168775,0.0,
ID12776 → ID12836,38,12776,12836,0.09619581169204461,2.22627607017817,1.0977134611234671,1.0977134611234671,23.5,44.42676204004329,306.63319466991345,0.0,
ID12541 → ID12540,38,12541,12540,0.15120108665315024,0.3435759914152803,1.435738573639889,1.435738573639889,16.5,44.711908165349044,302.37825685307814,0.0,
ID13063 → ID13045,38,13063,13045,0.10808103931780233,0.044408602140254376,0.8444291538354691,0.8444291538354691,27.5,41.78665740603712,308.8955051191325,0.0,
ID12060 → ID12136,38,12060,12136,0.08584551688446695,0.8705325892748575,0.8572206448384939,0.8572206448384939,9.5,46.47745036804213,296.93003405061256,0.0,
ID13393 → ID13593,38,13393,13593,0.04422689409403968,2.942871504968026,0.25008755701348,0.25008755701348,36.5,42.91809167223748,310.29723818565515,0.0,
ID12136 → ID12190,38,12136,12190,0.07255981129956512,2.1583009066586745,0.40012960215776355,0.40012960215776355,10.5,46.39448112823021,297.27901687454147,0.0,
ID12357 → ID12465,38,12357,12465,0.06074766355139494,0.04907753746430403,0.09699754313697558,0.09699754313697558,13.5,44.97497165560243,299.0098127392648,0.0,
ID12552 → ID12515,38,12552,12515,0.11186440677966492,3.0779932043348683,1.212737359530137,1.212737359530137,18.5,45.111182429044234,303.1295996485045,0.0,
ID12234 → ID11760,38,12234,11760,0.19375510204081536,NaN,1.502483675080556,1.502483675080556,0.5,48.781916212932686,288.29627641088246,0.0,
ID13271 → ID13477,38,13271,13477,0.07035973304130849,3.0864701315116307,0.4324591810836005,0.4324591810836005,34.5,42.52707212143234,310.343669184109,0.0,
ID12569 → ID12681,38,12569,12681,0.16281512605042014,1.2294186679636874,1.3295022451665206,1.3295022451665206,20.5,45.03623147658976,305.5102291768013,0.0,
ID11877 → ID11938,38,11877,11938,0.19020172910662825,0.4823698857831943,1.4608600278920663,1.4608600278920663,2.5,47.145441461297,290.55547919588594,0.0,
ID11938 → ID11973,38,11938,11973,0.13151485630784354,0.898643881493507,0.8871101655388246,0.8871101655388246,3.5,47.03510189472456,291.61452029177633,0.0,
ID13087 → ID13106,38,13087,13106,0.05585228139783094,2.03441125492159,0.38644625135544286,0.38644625135544286,29.5,41.89758837512461,309.0608082202285,0.0,
ID11760 → ID11877,38,11760,11877,0.19275549805950842,0.6630481986706577,1.4329349831079412,1.4329349831079412,1.5,48.02305492928879,289.4582639885223,0.0,
ID12540 → ID12552,38,12540,12552,0.06005703740982815,2.8279416827517356,0.45704686827103175,0.45704686827103175,17.5,45.04721549636804,302.7564568200161,0.0,
ID11995 → ID11994,38,11995,11994,0.12148481439820213,1.6708022114909054,1.2957100611861525,1.2957100611861525,7.5,47.44582716603125,294.3388383045526,0.0,
ID13114 → ID13241,38,13114,13241,0.07195662888122223,1.0891251663159547,0.7418292901636768,0.7418292901636768,32.5,42.621442725461804,309.84556570446625,0.0,
ID13477 → ID13393,38,13477,13393,0.06420791990383168,1.0861534051777808,0.37860940524859593,0.37860940524859593,35.5,42.862468434881606,310.2528846682087,0.0,
ID13106 → ID13115,38,13106,13115,0.059913514261305756,1.1445553740261336,0.0921214032747864,0.0921214032747864,30.5,41.902424276069866,309.27712465683936,0.0,
ID11994 → ID12060,38,11994,12060,0.21106821106821105,0.6515665620225375,1.879383240223315,1.879383240223315,8.5,46.91859304598463,295.75053629406307,0.0,
ID12503 → ID12541,38,12503,12541,0.10777745412175943,0.7552426069162353,1.128888443625897,1.128888443625897,15.5,44.18009063963663,301.2318993859569,0.0,
ID12515 → ID12569,38,12515,12569,0.12171052631578949,0.03600722751218847,1.4633795582133886,1.4633795582133886,19.5,45.413367463801706,304.43286841363766,0.0,
ID11973 → ID11928,38,11973,11928,0.1952649379932342,0.3810257396994111,1.9228784964352632,1.9228784964352632,4.5,47.31166613083208,292.969641785206,0.0,
ID13115 → ID13114,38,13115,13114,0.09407417933778506,2.2384022142753204,0.6975026230328809,0.6975026230328809,31.5,42.202651876308735,309.39426601214245,0.0,
ID13416 → ID13460,38,13416,13460,0.04689134189561028,2.2495109181286725,0.23439236665390448,0.23439236665390448,39.5,42.924938193404245,310.02660488747324,0.0,
ID13593 → ID13508,38,13593,13508,0.04960945417128182,1.035010783594206,0.3539116627991708,0.3539116627991708,37.5,42.72248491908385,310.1203768112741,0.0,
ID12681 → ID12727,38,12681,12727,0.0926508950256314,0.2990122063408831,0.6143719058986639,0.6143719058986639,21.5,44.28757209512072,306.11524906285956,0.0,
ID12836 → ID12849,38,12836,12849,0.12870264064294545,1.0667459274689763,1.0823608202481079,1.0823608202481079,24.5,44.19278497430393,307.5422007139604,0.0,
ID13046 → ID13063,38,13046,13063,0.0644481887110333,0.4032397023949791,0.414154836372255,0.414154836372255,26.5,42.25686225743606,308.47748189467825,0.0,
ID13508 → ID13416,38,13508,13416,0.05841621059651936,2.559331363748939,0.3406850314386471,0.3406850314386471,38.5,42.79417380832951,310.0508187565147,0.0,
ID12586 → ID12621,39,12586,12621,0.05815172413793723,0.5427882270095706,0.5016908549380662,0.5016908549380662,15.5,59.05219627641908,415.61649144644366,0.0,
ID12899 → ID13117,39,12899,13117,0.0893187708256169,1.0303549390346274,1.047589325076825,1.047589325076825,25.5,55.593627647687924,413.5700873006085,0.0,
ID12621 → ID12610,39,12621,12610,0.06328489169179996,0.8182916518797364,0.424220136640727,0.424220136640727,16.5,58.629461947167556,415.6605400206762,0.0,
ID13284 → ID13526,39,13284,13526,0.05808303886926103,2.9931803719320147,0.6207180271974527,0.6207180271974527,34.5,51.72189336300904,412.66630782650265,0.0,
ID11891 → ID11981,39,11891,11981,0.11045058486053794,0.5795085246610506,1.2123239633214673,1.2123239633214673,1.5,59.35578618934154,406.66467705866876,0.0,
ID13262 → ID13284,39,13262,13284,0.07052897118769386,0.045263927844576106,0.4045843020194633,0.4045843020194633,33.5,51.62312883983756,412.6088243087522,0.0,
ID13193 → ID13262,39,13193,13262,0.05474596911229579,0.45163784779810456,0.6203079333959921,0.6203079333959921,32.5,52.133536501444205,412.6530568510467,0.0,
ID12706 → ID12736,39,12706,12736,0.08508610281502638,3.022384723972789,0.863206822239986,0.863206822239986,21.5,57.26040971739367,413.3594502095573,0.0,
ID13134 → ID13119,39,13134,13119,0.06707417809350735,0.1117152552283305,0.7280269178917789,0.7280269178917789,27.5,54.33103213803027,413.3410802986325,0.0,
ID13445 → ID13602,39,13445,13602,0.08568857077833769,2.759268515342117,1.1826232810299637,1.1826232810299637,36.5,51.97204754086738,413.19395101539305,0.0,
ID12075 → ID12125,39,12075,12125,0.06046322762485978,0.3858076147577903,0.6606245428446272,0.6606245428446272,8.5,61.25550655484865,411.15249567491605,0.0,
ID12866 → ID12899,39,12866,12899,0.04184831212741058,1.1947193705329708,0.1100990874567647,0.1100990874567647,24.5,56.07566839220191,413.84339979795425,0.0,
ID12125 → ID12161,39,12125,12161,0.12271329124170305,0.3610322956074319,1.5189288313071563,1.5189288313071563,9.5,60.743701392656895,412.09765391730366,0.0,
ID13194 → ID13193,39,13194,13193,0.06632493592548794,0.06030050920336938,0.6956402612505662,0.6956402612505662,31.5,52.74476916092249,412.847199810102,0.0,
ID12046 → ID12076,39,12046,12076,0.07601951296017562,0.721316404190155,0.7257134411438702,0.7257134411438702,3.5,60.609605325725155,408.00558725630054,0.0,
ID11981 → ID12046,39,11981,12046,0.1072255963934623,0.7257428055604016,0.9939979391436146,0.9939979391436146,2.5,60.09256596067584,407.3873717818083,0.0,
ID13550 → ID13475,39,13550,13475,0.06938973395552639,1.6227409711098721,0.8449207909316645,0.8449207909316645,38.5,52.89462812311686,413.9779439287535,0.0,
ID12087 → ID12075,39,12087,12075,0.056573056573057556,0.731184685430846,0.5248381523784686,0.5248381523784686,7.5,61.57342986738835,410.66514331274357,0.0,
ID12076 → ID12032,39,12076,12032,0.04816603878244419,1.6380152878559848,0.3535511152224642,0.3535511152224642,4.5,60.8474137475564,408.31822895476046,0.0,
ID12332 → ID12448,39,12332,12448,0.032117816064623494,0.5780408676529372,0.09140963554903636,0.09140963554903636,12.5,59.655277262420114,415.0103712865618,0.0,
ID13158 → ID13182,39,13158,13182,0.03470166149987852,0.6385459516337869,0.16119736704315044,0.16119736704315044,29.5,53.43382132446754,413.15271212248206,0.0,
ID13119 → ID13158,39,13119,13158,0.053774413251387654,0.30677123150538654,0.49132303045241743,0.49132303045241743,28.5,53.73987034892143,413.2232603976074,0.0,
ID12032 → ID11960,39,12032,11960,0.12253397632616969,1.0109020088234284,1.2047790751523975,1.2047790751523975,5.5,61.04213540864026,409.00329595830794,0.0,
ID12161 → ID12200,39,12161,12200,0.11873236379422769,0.02498569747346229,1.4551518354799784,1.4551518354799784,10.5,60.16500788412965,413.46734652307487,0.0,
ID12625 → ID12592,39,12625,12592,0.09402901915624595,1.1054735410097964,0.8660287048422786,0.8660287048422786,18.5,57.776805499218135,414.8396021088986,0.0,
ID13475 → ID13515,39,13475,13515,0.11949060413108792,1.9579521992067095,1.156391887308981,1.156391887308981,39.5,53.12700223463399,414.5017168784297,0.0,
ID12736 → ID12815,39,12736,12815,0.07053294347677419,1.9817285521542447,0.9076098492174884,0.9076098492174884,22.5,57.29974192226303,413.8433844083239,0.0,
ID13182 → ID13194,39,13182,13194,0.05393138012009757,0.7183483854758588,0.3451910488350382,0.3451910488350382,30.5,53.20123803903873,413.0967001052912,0.0,
ID12200 → ID12332,39,12200,12332,0.08170865279299622,0.1963476337850274,0.8645683679048836,0.8645683679048836,11.5,59.78059676260513,414.5561150791974,0.0,
ID12565 → ID12586,39,12565,12586,0.07371167645140253,1.9787463524963806,0.5971233456799387,0.5971233456799387,14.5,59.43146102365108,415.24706216613436,0.0,
ID12592 → ID12638,39,12592,12638,0.09616075413369574,0.2115820946760505,1.0252793348588896,1.0252793348588896,19.5,57.65924078969998,413.9065749434144,0.0,
ID12638 → ID12706,39,12638,12706,0.06836544437538528,1.0072361901938494,0.713670363410425,0.713670363410425,20.5,57.210025675556665,413.2870780605277,0.0,
ID12815 → ID12866,39,12815,12866,0.07448186528497414,0.9654300794018635,0.9025115829089964,0.9025115829089964,23.5,56.51707658990449,414.01680188974404,0.0,
ID13526 → ID13445,39,13526,13445,0.08545191630309878,1.9314488227180646,0.9407450340563667,0.9407450340563667,35.5,51.74722613919208,413.12880101352346,0.0,
ID13602 → ID13550,39,13602,13550,0.09461396070938166,2.13504153389151,1.1233658014712906,1.1233658014712906,37.5,52.472025147589406,413.43875331886676,0.0,
ID12250 → ID11891,39,12250,11891,0.14978825262382245,NaN,1.6868824949610717,1.6868824949610717,0.5,58.37581913615956,405.6777279571729,0.0,
ID11960 → ID12087,39,11960,12087,0.09668984700973726,0.1203917004960192,0.9483034182396355,0.9483034182396355,6.5,61.49577996874331,409.97746883107635,0.0,
ID12448 → ID12565,39,12448,12565,0.04010859094491104,1.735844527444651,0.06066367811797598,0.06066367811797598,13.5,59.60526125025087,415.0175690531607,0.0,
ID12610 → ID12625,39,12610,12625,0.07436312766897157,0.11312582267366732,0.7215220303927943,0.7215220303927943,17.5,58.105503381263574,415.43103954336084,0.0,
ID13117 → ID13134,39,13117,13134,0.03773887521151387,0.46887922833858214,0.4238716677873776,0.4238716677873776,26.5,54.905846838573254,413.3596228213097,0.0,
ID12265 → ID11958,40,12265,11958,0.2700867861142261,NaN,1.7381035880000408,1.7381035880000408,0.5,47.216272743941445,493.3679090983568,0.0,
ID12400 → ID12517,40,12400,12517,0.1866797497853535,1.3453270161242386,1.587512041341401,1.587512041341401,12.5,46.51376019675695,494.73980555044636,0.0,
ID12119 → ID12152,40,12119,12152,0.14263026828925363,1.001761306557446,1.0459493249630896,1.0459493249630896,8.5,45.05875598415921,493.0476461262752,0.0,
ID12663 → ID12676,40,12663,12676,0.07970123706527832,1.5310120001469762,0.763076630228059,0.763076630228059,17.5,47.18925878408637,496.63390733994186,0.0,
ID12722 → ID12743,40,12722,12743,0.09240706080957206,1.6053118086831892,1.0650359958361115,1.0650359958361115,21.5,45.26064908742129,496.33350911394336,0.0,
ID12093 → ID12027,40,12093,12027,0.10159651669086034,0.004026014321753383,0.905221603810355,0.905221603810355,5.5,44.309949322063716,492.18117313123884,0.0,
ID12622 → ID12643,40,12622,12643,0.10466591654497903,0.26760998774521055,0.8379548970241426,0.8379548970241426,14.5,47.005842863008624,494.4205086042856,0.0,
ID12676 → ID12645,40,12676,12645,0.06012777151446824,0.7712488045060978,0.6309304507482268,0.6309304507482268,18.5,46.579792174619755,496.84896377568793,0.0,
ID12099 → ID12129,40,12099,12129,0.25735294117647056,2.4699373875037156,2.3552075971136524,2.3552075971136524,3.5,47.45113773488947,492.5284582918119,0.0,
ID12743 → ID12842,40,12743,12842,0.08148400888511886,1.0236998698230146,1.0274680562513376,1.0274680562513376,22.5,45.83448710709143,495.62439822894373,0.0,
ID13276 → ID13291,40,13276,13291,0.09740326262000887,0.835320024252731,0.7214424462293998,0.7214424462293998,33.5,48.74408208055614,490.125071915473,0.0,
ID12517 → ID12622,40,12517,12622,0.07564028405105117,2.29408771605679,0.452364684794849,0.452364684794849,13.5,47.10139296906611,495.0532448143674,0.0,
ID12842 → ID12918,40,12842,12918,0.09515222437508208,0.43483527660310606,0.6383437763022142,0.6383437763022142,23.5,45.828421184006956,494.81004124796726,0.0,
ID13609 → ID13564,40,13609,13564,0.09663728370877767,1.5820803646014348,0.7467771522988579,0.7467771522988579,37.5,49.17844509180752,488.8578744797844,0.0,
ID13175 → ID13195,40,13175,13195,0.08843173924659553,0.3713473595749242,0.853513268834697,0.853513268834697,26.5,48.284753590853484,492.07446891568907,0.0,
ID13240 → ID13276,40,13240,13276,0.06323093142423208,2.933892560010435,0.29595386141714214,0.29595386141714214,32.5,48.96243701790066,490.54455442046,0.0,
ID12152 → ID12176,40,12152,12176,0.09264943908020784,1.458510520170678,1.0478110197312689,1.0478110197312689,9.5,45.82527071942395,493.1954150240441,0.0,
ID13552 → ID13487,40,13552,13487,0.06599262784556092,2.916973641572588,0.2297275737578165,0.2297275737578165,35.5,48.29246254405214,489.91123434431836,0.0,
ID12048 → ID12099,40,12048,12099,0.28234311370993137,2.980088320696013,2.2569257578228945,2.2569257578228945,2.5,48.087008136094674,492.10968688362914,0.0,
ID12643 → ID12678,40,12643,12678,0.10465116279069764,2.4485468072894485,0.948936336831155,0.948936336831155,15.5,47.28702135400984,494.29505420054204,0.0,
ID12688 → ID12722,40,12688,12722,0.07279359127756813,1.1726073488585964,0.6196581432257807,0.6196581432257807,20.5,44.895093323620465,496.8178141091807,0.0,
ID13232 → ID13239,40,13232,13239,0.10365135453474428,0.9399754727992531,0.8195259845852815,0.8195259845852815,30.5,49.46647996385942,490.2988288596255,0.0,
ID13291 → ID13552,40,13291,13552,0.055591151792529936,1.0081665636916053,0.3337481403566945,0.3337481403566945,34.5,48.34286942157951,489.8776599071914,0.0,
ID13518 → ID13544,40,13518,13544,0.06277576581053568,2.3493833962593342,0.26739967060221925,0.26739967060221925,39.5,48.61397892960295,488.5920203048335,0.0,
ID11958 → ID12048,40,11958,12048,0.21950473861204522,1.4535761786350065,2.130273623851389,2.130273623851389,1.5,47.90040142276423,492.0879674796748,0.0,
ID12678 → ID12663,40,12678,12663,0.17660430145130268,0.9842502114738692,2.0630664660158686,2.0630664660158686,16.5,47.619996193929126,495.6065782245661,0.0,
ID13178 → ID13217,40,13178,13217,0.07773359315069794,0.04559529316609138,0.7198045985697842,0.7198045985697842,28.5,49.34034830555962,491.47723214511944,0.0,
ID12129 → ID12093,40,12129,12093,0.16952054794520544,0.7345051395954048,1.7331368993860818,1.7331368993860818,4.5,45.6159394347347,491.99511570441086,0.0,
ID12131 → ID12119,40,12131,12119,0.07217581704647114,2.175909266893247,0.7248248394029421,0.7248248394029421,7.5,44.86689976689976,492.2911515567765,0.0,
ID13544 → ID13559,40,13544,13559,0.08377029038176131,2.462051047435792,0.5038765410771592,0.5038765410771592,40.5,48.73469082813743,488.71191225899963,0.0,
ID13487 → ID13609,40,13487,13609,0.10580906003656387,0.7271471799040036,1.262394467690342,1.262394467690342,36.5,48.90797464671353,489.53563250630486,0.0,
ID13564 → ID13518,40,13564,13518,0.057183553397285536,1.276846787486741,0.41523895261332666,0.41523895261332666,38.5,48.75449076934096,488.63944909260204,0.0,
ID12968 → ID13175,40,12968,13175,0.15461925009664224,0.20296685174046683,2.083873799200808,2.083873799200808,25.5,47.122196341638684,492.93754801406124,0.0,
ID13239 → ID13240,40,13239,13240,0.07534787919431074,2.0309995942903893,0.7221549348339872,0.7221549348339872,31.5,49.061179333829195,490.3497250008855,0.0,
ID12176 → ID12207,40,12176,12207,0.09623484365028545,2.279368904892401,0.979070556538076,0.979070556538076,10.5,46.19207346016556,493.4093804587226,0.0,
ID12027 → ID12131,40,12027,12131,0.11067937786631776,3.0268061402156916,1.1673231665945218,1.1673231665945218,6.5,44.426681152790486,492.09735859691546,0.0,
ID13217 → ID13232,40,13217,13232,0.07587478937438974,0.847055363069169,0.7035463608527354,0.7035463608527354,29.5,49.69968884874034,490.93702771683803,0.0,
ID12918 → ID12968,40,12918,12968,0.08305956572386153,0.8984782215801328,1.056304467770106,1.056304467770106,24.5,46.04907129424002,494.07376554481715,0.0,
ID12645 → ID12688,40,12645,12688,0.1133720930232558,0.7382968472638364,1.3299337054660751,1.3299337054660751,19.5,45.68709297988926,497.08367982288223,0.0,
ID12207 → ID12400,40,12207,12400,0.06692913385826216,0.3513967894353551,0.35581459190193054,0.35581459190193054,11.5,46.0202846865606,494.0460313286686,0.0,
ID13195 → ID13178,40,13195,13178,0.07800272585317769,0.23660356071394706,0.43283887330494347,0.43283887330494347,27.5,48.859203122055305,491.7942245048769,0.0,
ID13410 → ID13455,41,13410,13455,0.12489319282252664,0.13288978119282516,1.125371604300427,1.125371604300427,39.5,319.01751605020274,292.90417117586543,0.0,
ID12671 → ID12723,41,12671,12723,0.06378308157365575,0.6998039336409602,0.2888478570200882,0.2888478570200882,21.5,314.0720147404074,285.64775535420097,0.0,
ID13100 → ID13099,41,13100,13099,0.13060824525791914,1.1509380033047296,1.0236765990715038,1.0236765990715038,31.5,316.5639361240799,290.77555679584714,0.0,
ID12004 → ID11985,41,12004,11985,0.07086626400766616,0.4171937686625443,0.7772825639728574,0.7772825639728574,7.5,317.5462361378612,291.6173617477392,0.0,
ID12554 → ID12671,41,12554,12671,0.10637054354178843,0.7362163538106367,0.8177592723624224,0.8177592723624224,20.5,313.8480904377776,286.12550484652667,0.0,
ID13099 → ID13230,41,13099,13230,0.0618984246850548,0.3889652561284933,0.4621427764655872,0.4621427764655872,32.5,316.79949397393693,290.08363335177273,0.0,
ID11867 → ID12004,41,11867,12004,0.07357690972061504,1.1798150603420579,0.8733773908772867,0.8733773908772867,6.5,316.7677671040891,291.40278670437624,0.0,
ID13455 → ID13495,41,13455,13495,0.09710011322365142,0.992497643068824,0.8237649937017661,0.8237649937017661,40.5,318.7370525578244,293.71716764845456,0.0,
ID12189 → ID12289,41,12189,12289,0.04292059225436384,1.047632043750547,0.08828154486766515,0.08828154486766515,11.5,317.7944898716472,290.55460374546345,0.0,
ID13230 → ID13267,41,13230,13267,0.06302135265538011,1.393494975404582,0.5955671490003595,0.5955671490003595,33.5,317.2013278028081,290.01384129708526,0.0,
ID12235 → ID11767,41,12235,11767,0.057380160820925785,NaN,0.30138087491464755,0.30138087491464755,0.5,319.3814112192924,291.874081530818,0.0,
ID12522 → ID12537,41,12522,12537,0.0753362465765024,1.14874204342733,0.5418507232473931,0.5418507232473931,17.5,314.57330513416434,289.1934102685893,0.0,
ID12843 → ID13030,41,12843,13030,0.10708782742681044,0.0882844313905573,0.8403624018442385,0.8403624018442385,25.5,315.36249823291894,288.51235178607715,0.0,
ID11886 → ID11947,41,11886,11947,0.16666666666666663,0.4764376841436967,1.5966261243136253,1.5966261243136253,2.5,317.46582696056385,292.32520992652576,0.0,
ID12132 → ID12189,41,12132,12189,0.07432161046223862,2.0165238254128703,0.6050948704025635,0.6050948704025635,10.5,317.9276574262167,290.8530905738777,0.0,
ID13030 → ID13048,41,13030,13048,0.14802913453299638,0.45741056029503235,1.5572614915305893,1.5572614915305893,26.5,315.64901980068186,289.64715993530905,0.0,
ID11984 → ID11937,41,11984,11937,0.09607683180064852,2.437560121093476,0.7840580915320932,0.7840580915320932,4.5,315.6090641145601,292.59064973502194,0.0,
ID12501 → ID12554,41,12501,12554,0.1308980213089802,0.4272779387988539,1.156348395005891,1.156348395005891,19.5,313.6816200715705,287.03331135993665,0.0,
ID12772 → ID12831,41,12772,12831,0.13740939174282585,0.47446960385884795,1.4727321878421347,1.4727321878421347,23.5,315.1127078622005,286.4593574768112,0.0,
ID13048 → ID13029,41,13048,13029,0.1096730895630591,0.12519049230408152,1.0639076023413594,1.0639076023413594,27.5,316.2266209030015,290.820840364064,0.0,
ID12523 → ID12522,41,12523,12522,0.04650307232105266,0.8301538057238693,0.19804352883503867,0.19804352883503867,16.5,314.68523524609446,289.4978055729846,0.0,
ID13382 → ID13591,41,13382,13591,0.08329477714519684,0.4945758840927376,0.7778957750755637,0.7778957750755637,36.5,319.93807531380753,290.53974895397494,0.0,
ID12052 → ID12132,41,12052,12132,0.07101027746112776,2.1241850668581996,0.6668678983537916,0.6668678983537916,9.5,317.75035263934296,291.1434263694192,0.0,
ID13073 → ID13090,41,13073,13090,0.058377229821072074,1.32472840201266,0.33191825242748685,0.33191825242748685,29.5,317.0722927511895,291.888339322698,0.0,
ID13090 → ID13100,41,13090,13100,0.09000288933835476,2.1955436047539467,0.9534686886813717,0.9534686886813717,30.5,316.8440908335358,291.55638985851306,0.0,
ID11985 → ID12052,41,11985,12052,0.08833063209073921,2.7052317243619965,0.7836731547191832,0.7836731547191832,8.5,317.6537364584261,291.48700377913303,0.0,
ID11947 → ID11984,41,11947,11984,0.1163153786104606,0.3246874007094864,1.4178579770061177,1.4178579770061177,3.5,316.05086386900547,292.7840313734119,0.0,
ID13504 → ID13410,41,13504,13410,0.09450689353408603,0.3153384039113241,0.7949359256035635,0.7949359256035635,38.5,319.6272762312161,292.16515561457726,0.0,
ID11767 → ID11886,41,11767,11886,0.1162978838156482,2.3743547913869074,1.309927287924589,1.309927287924589,1.5,318.83387666928513,291.97308141310987,0.0,
ID12289 → ID12350,41,12289,12350,0.07538038422236015,1.8658273988195904,0.8009265455878485,0.8009265455878485,12.5,317.42488385279484,290.43038255414103,0.0,
ID12831 → ID12843,41,12831,12843,0.12603170444124911,0.7374028044610119,1.0348814051644983,1.0348814051644983,24.5,315.45564408525604,287.58027604274116,0.0,
ID13029 → ID13073,41,13029,13073,0.08656807506259168,0.032582715362324155,0.7821861885262438,0.7821861885262438,28.5,316.705498951782,291.60980838574426,0.0,
ID13591 → ID13504,41,13591,13504,0.13275726630007856,0.8855228575731579,1.0212387543351686,1.0212387543351686,37.5,320.0048631612731,291.35149971563226,0.0,
ID12496 → ID12523,41,12496,12523,0.06218179228819498,0.9893522420209994,0.32538641953324576,0.32538641953324576,15.5,314.83984489118046,289.6824980618803,0.0,
ID13267 → ID13465,41,13267,13465,0.12695924764890287,0.964591841260698,1.1430675256808374,1.1430675256808374,34.5,317.96201889688416,289.8388810103238,0.0,
ID13465 → ID13382,41,13465,13382,0.1035822421548589,1.032296760057326,1.4387623381532635,1.4387623381532635,35.5,319.08639849071454,289.87945913412847,0.0,
ID11937 → ID11867,41,11937,11867,0.13264516129032955,0.2615889459200131,1.0355410653892787,1.0355410653892787,5.5,316.1006692243873,291.8341783437155,0.0,
ID12460 → ID12496,41,12460,12496,0.10218523298767679,0.11640161142992214,1.3893851004462092,1.3893851004462092,14.5,315.58333024440105,289.96612902612617,0.0,
ID12537 → ID12501,41,12537,12501,0.1330611724181784,0.4778629701691678,1.5415830185392043,1.5415830185392043,18.5,314.1527792907103,288.2652150583185,0.0,
ID12723 → ID12772,41,12723,12772,0.07538283463937334,2.1531628661166993,0.726396459701177,0.726396459701177,22.5,314.3789261043878,285.6773606173589,0.0,
ID12350 → ID12460,41,12350,12460,0.09527824620573355,0.09344639204745323,0.8067911567902553,0.8067911567902553,13.5,316.6494294825103,290.22193603903986,0.0,
ID13409 → ID13596,42,13409,13596,0.08479419260175824,0.7240990232810511,0.6774706949504872,0.6774706949504872,36.5,282.2501762538333,362.1754776218409,0.0,
ID12023 → ID11974,42,12023,11974,0.08350327358591825,0.8816471623732494,0.7672638076786151,0.7672638076786151,4.5,289.8015415233084,356.9464683262497,0.0,
ID12694 → ID12730,42,12694,12730,0.07370456861976882,0.9290078691841165,0.6043764701433527,0.6043764701433527,21.5,281.19945714715897,359.725218692767,0.0,
ID12844 → ID12859,42,12844,12859,0.10685320187148883,2.8374341267541903,0.9775713157155983,0.9775713157155983,24.5,281.1442297808012,361.170500377929,0.0,
ID13138 → ID13249,42,13138,13249,0.08624127617146571,1.0362052807974254,0.6954921147837596,0.6954921147837596,32.5,280.80084488167364,362.1467163332466,0.0,
ID13085 → ID13070,42,13085,13070,0.06713978151658961,1.0433235275770674,0.43616335323148103,0.43616335323148103,27.5,280.53460158137807,362.2313325421677,0.0,
ID12576 → ID12542,42,12576,12542,0.09501433577572915,0.3339539287263218,0.6102280957191558,0.6102280957191558,18.5,282.410054317105,359.18953432203824,0.0,
ID11986 → ID12023,42,11986,12023,0.08194701170673313,1.3357983076635311,0.734009218179495,0.734009218179495,3.5,290.4445985788392,356.72875132394154,0.0,
ID12301 → ID12391,42,12301,12391,0.06990875036826671,0.3543550884544898,0.5247965010069925,0.5247965010069925,12.5,288.7758335726938,359.18565079108623,0.0,
ID12564 → ID12563,42,12564,12563,0.14848993288590606,0.11194226481875806,1.4579572117106028,1.4579572117106028,16.5,284.21808980186836,359.7914260594521,0.0,
ID13249 → ID13277,42,13249,13277,0.09665363314545283,0.4900549097389014,0.2964715508213932,0.2964715508213932,33.5,281.27428810511685,362.24528469035533,0.0,
ID12085 → ID12144,42,12085,12144,0.07658618753509261,2.022185425376817,0.7388997765124665,0.7388997765124665,9.5,288.30558668107165,358.98861838779135,0.0,
ID13525 → ID13434,42,13525,13434,0.04068067866262248,1.9463455866709294,0.11458781570636692,0.11458781570636692,38.5,282.16259351698073,362.4051260758899,0.0,
ID12730 → ID12794,42,12730,12794,0.046263345195713956,0.6868049739516668,0.4546013413330175,0.4546013413330175,22.5,281.1689219307558,360.22349555214095,0.0,
ID12239 → ID11834,42,12239,11834,0.06110458284372744,NaN,0.2460130796295694,0.2460130796295694,0.5,292.1912911746116,358.5519350667274,0.0,
ID12563 → ID12576,42,12563,12576,0.11724867724867727,0.4584634050816137,0.9505831118150821,0.9505831118150821,17.5,283.05892268969393,359.60423820882704,0.0,
ID12144 → ID12194,42,12144,12194,0.08363956316959664,2.7429245895016408,0.8412639003308443,0.8412639003308443,10.5,288.45165866798897,358.9134103432699,0.0,
ID12040 → ID12026,42,12040,12026,0.1108081032947722,2.242544637627476,1.0952797399287122,1.0952797399287122,7.5,288.2203228394869,358.284699513344,0.0,
ID12593 → ID12694,42,12593,12694,0.09309590752889718,1.2651451109637761,0.86539100644208,0.86539100644208,20.5,281.40794307089106,359.09941936035705,0.0,
ID11903 → ID12040,42,11903,12040,0.11291877560859365,0.6405184561124304,1.0343622636960719,1.0343622636960719,6.5,288.35681759916173,357.8417359422195,0.0,
ID12794 → ID12844,42,12794,12844,0.1107491565565143,0.3587221978360805,1.1985015881076637,1.1985015881076637,23.5,281.01131676250543,361.02412489952394,0.0,
ID13139 → ID13138,42,13139,13138,0.17349141993911166,2.1837441890920517,2.0252838256993604,2.0252838256993604,31.5,279.88607873384,362.96427316812617,0.0,
ID12510 → ID12536,42,12510,12536,0.180708073442858,0.7221948635304006,2.0622209254626815,2.0622209254626815,14.5,286.89962512692193,359.4845782262354,0.0,
ID13596 → ID13525,42,13596,13525,0.07205102974535549,3.074794244996948,0.6028534013227208,0.6028534013227208,37.5,282.2474099881823,362.1325858531309,0.0,
ID12536 → ID12564,42,12536,12564,0.10000000000001585,0.4735941172661813,1.000008267396164,1.000008267396164,15.5,285.44481536202795,359.8227352087257,0.0,
ID11920 → ID11986,42,11920,11986,0.09488752556237223,0.87642063654988,1.0838055889676677,1.0838055889676677,2.5,290.86833208215774,357.31305961839394,0.0,
ID13479 → ID13514,42,13479,13514,0.06461884896988057,0.6475271280897219,0.7591589905868388,0.7591589905868388,40.5,281.85176737588654,362.96123251500273,0.0,
ID12859 → ID13068,42,12859,13068,0.06368330464711158,2.953100946422714,0.6194623597219193,0.6194623597219193,25.5,281.16274829931973,360.97793741496594,0.0,
ID13496 → ID13409,42,13496,13409,0.08350558081849702,1.2934869584965194,0.4560974384159004,0.4560974384159004,35.5,281.90334413384284,362.57820333971233,0.0,
ID13109 → ID13128,42,13109,13128,0.1454144396368835,0.6145985608245823,1.0570667730088745,1.0570667730088745,29.5,280.4181329713098,363.2546525154495,0.0,
ID12026 → ID12085,42,12026,12085,0.08530805687203791,2.4208352830942834,0.426574216017334,0.426574216017334,8.5,288.3863681624348,358.6619499101673,0.0,
ID13070 → ID13109,42,13070,13109,0.057930906711891716,1.0550880310730546,0.36409340371922294,0.36409340371922294,28.5,280.52278061178845,362.5773356070488,0.0,
ID13434 → ID13479,42,13434,13479,0.052338618197142805,2.4000803077530968,0.31762706234545207,0.31762706234545207,39.5,282.09095777594274,362.5048883016791,0.0,
ID13068 → ID13085,42,13068,13085,0.08753419304415788,0.013287678886138118,0.9692252627532875,0.9692252627532875,26.5,280.71609356725145,361.6347898635477,0.0,
ID13128 → ID13139,42,13128,13139,0.15194518868571205,1.5534029515305199,1.100140364576811,1.100140364576811,30.5,279.8684051052583,363.79301770497955,0.0,
ID12542 → ID12593,42,12542,12593,0.07694175346592869,0.3807132190429215,0.5471463734147964,0.5471463734147964,19.5,281.93866614071544,358.8721717100707,0.0,
ID11974 → ID11903,42,11974,11903,0.0953012745416314,0.024909603692176808,0.8748457654002152,0.8748457654002152,5.5,289.19723691945916,357.5022045855379,0.0,
ID12194 → ID12301,42,12194,12301,0.06242732057315081,2.566537204362007,0.5071776475774167,0.5071776475774167,11.5,288.59660095994207,358.71041403430087,0.0,
ID11834 → ID11920,42,11834,11920,0.15385825532919484,1.9837245997225463,1.4894255063388,1.4894255063388,1.5,291.5491214424872,358.2624092950431,0.0,
ID12391 → ID12510,42,12391,12510,0.12573521785210606,2.097852149403634,1.0269202062792908,1.0269202062792908,13.5,288.34051843500276,359.2720098339795,0.0,
ID13277 → ID13496,42,13277,13496,0.067893128459383,0.3190005234678607,0.4570246006405503,0.4570246006405503,34.5,281.5480526861601,362.49742387073405,0.0,
ID13285 → ID13530,43,13285,13530,0.056028368794326266,0.3013483004696651,0.5875804109555405,0.5875804109555405,34.5,176.5136547970198,426.8314637042243,0.0,
ID12083 → ID12041,43,12083,12041,0.0628614533568087,0.8211044160959047,0.404696204083113,0.404696204083113,4.5,178.99528552940225,425.01077448839277,0.0,
ID13168 → ID13192,43,13168,13192,0.05899076048331786,0.3935644244780653,0.47833756316156945,0.47833756316156945,29.5,178.46142863732075,427.26479658549823,0.0,
ID12708 → ID12737,43,12708,12737,0.0603325415676893,1.0250186905670011,0.6622625055635477,0.6622625055635477,21.5,177.73078649412503,426.97456076319156,0.0,
ID11900 → ID11991,43,11900,11991,0.12218607021064798,1.1702837600431248,1.1725792198661673,1.1725792198661673,1.5,179.75607980450704,424.0121257196942,0.0,
ID13451 → ID13603,43,13451,13603,0.053926501717743935,1.2234782607608843,0.4729160700836886,0.4729160700836886,36.5,176.67745488944504,427.0741845808978,0.0,
ID12737 → ID12818,43,12737,12818,0.06328667215621031,0.7386627787967476,0.5630904068790474,0.5630904068790474,22.5,178.20448439387016,427.29453953682753,0.0,
ID12253 → ID11900,43,12253,11900,0.10499281964001572,NaN,1.3281887277852276,1.3281887277852276,0.5,180.06177132083877,423.01466973221704,0.0,
ID12616 → ID12635,43,12616,12635,0.053567727699398104,0.047916072973482125,0.4069685361324677,0.4069685361324677,17.5,176.79378406124744,427.6956782535635,0.0,
ID12458 → ID12573,43,12458,12573,0.07562651893275307,0.37536560359492094,0.6935233345351708,0.6935233345351708,13.5,175.6514411209826,427.3786423674784,0.0,
ID12818 → ID12872,43,12818,12872,0.046376811594244116,0.3762871095893796,0.20872408408031054,0.20872408408031054,23.5,178.5834008580037,427.3296853497154,0.0,
ID13192 → ID13202,43,13192,13202,0.05576963497517151,0.8313864432674288,0.6417574789033291,0.6417574789033291,30.5,178.52938585144528,426.7559005991769,0.0,
ID11991 → ID12055,43,11991,12055,0.06769483435552492,0.22030107988679354,0.5353676993498566,0.5353676993498566,2.5,179.115158639883,424.5697140732866,0.0,
ID13553 → ID13484,43,13553,13484,0.05507318283302143,0.8590264419200278,0.4468432377291931,0.4468432377291931,38.5,176.59012308641047,427.75904278559346,0.0,
ID13143 → ID13127,43,13143,13127,0.04006600954370221,3.077111081332269,0.4227257882255336,0.4227257882255336,27.5,178.23380750644395,427.91491603960526,0.0,
ID12594 → ID12634,43,12594,12634,0.10460275434020161,1.748279627732967,0.9814465746710697,0.9814465746710697,15.5,175.81549674706878,428.0999988357586,0.0,
ID12634 → ID12616,43,12634,12616,0.06345736608486452,0.3514403350846343,0.3793777705878873,0.3793777705878873,16.5,176.45599228735247,427.89665895480164,0.0,
ID12646 → ID12708,43,12646,12708,0.04397584746199856,0.6211678088067469,0.18826902862560158,0.18826902862560158,20.5,177.43965435762172,426.7174385463604,0.0,
ID12201 → ID12340,43,12201,12340,0.05557259830209604,2.5648840010363636,0.4921530155587334,0.4921530155587334,11.5,176.66517849460885,426.9953180942679,0.0,
ID12130 → ID12164,43,12130,12164,0.09549216681450379,2.218324338829971,1.148835304042681,1.148835304042681,9.5,176.82749576345304,426.40201050964413,0.0,
ID12095 → ID12082,43,12095,12082,0.0793256566568995,1.012251931281465,0.6918711326493259,0.6918711326493259,7.5,177.26040102744804,425.75990118675816,0.0,
ID12340 → ID12458,43,12340,12458,0.08471531810019284,1.502002266918351,0.7377737332869556,0.7377737332869556,12.5,176.35279944088686,427.3292793551396,0.0,
ID13201 → ID13264,43,13201,13264,0.050380116468392466,0.09516462848536264,0.5108161401663939,0.5108161401663939,32.5,177.70586248524955,426.2523722285224,0.0,
ID13264 → ID13285,43,13264,13285,0.08754365541329712,0.841295264427836,0.8706032594659403,0.8706032594659403,33.5,177.08716500088664,426.39427379337,0.0,
ID12573 → ID12594,43,12573,12594,0.07666542612579086,1.72668276367826,0.8667956442759048,0.8667956442759048,14.5,175.32143702477737,427.7691665523146,0.0,
ID13202 → ID13201,43,13202,13201,0.05371468433901061,1.136154279847637,0.5229400233905755,0.5229400233905755,31.5,178.20439735270855,426.3866167794371,0.0,
ID13125 → ID13143,43,13125,13143,0.06731892523363259,2.107700746504525,0.8058550181531895,0.8058550181531895,26.5,178.2912179411784,427.7311906417683,0.0,
ID12635 → ID12598,43,12635,12598,0.05533760422145484,1.0979870614017968,0.5264387245733544,0.5264387245733544,18.5,176.9602790203714,427.33270180231864,0.0,
ID12910 → ID13125,43,12910,13125,0.04233831812002231,1.9968697547407301,0.30202407080416105,0.30202407080416105,25.5,178.49240372332252,427.44407439910606,0.0,
ID13603 → ID13553,43,13603,13553,0.059547776373480965,2.218508782186653,0.686868379546034,0.686868379546034,37.5,176.83278496317308,427.30164086254297,0.0,
ID12164 → ID12201,43,12164,12201,0.05144640532939804,2.3899967861342564,0.3077151198331412,0.3077151198331412,10.5,176.72632373450912,426.8648855717318,0.0,
ID13519 → ID13539,43,13519,13539,0.12311062431544961,0.39255186265034536,1.3768523989948835,1.3768523989948835,40.5,175.3957970671144,428.85077545330626,0.0,
ID12055 → ID12083,43,12055,12083,0.03996865203761757,0.26870538802657173,0.05456090489824267,0.05456090489824267,3.5,178.93052197584308,424.79860082399284,0.0,
ID12598 → ID12646,43,12598,12646,0.05834781045948756,0.8975062147876839,0.5245292171947434,0.5245292171947434,19.5,177.14773473695755,426.897937147609,0.0,
ID12872 → ID12910,43,12872,12910,0.031487312465271367,2.096528454529603,0.2531106676040009,0.2531106676040009,24.5,178.6434748743937,427.4298973996349,0.0,
ID13530 → ID13451,43,13530,13451,0.039104762578219154,1.5794394867268309,0.20602644007261656,0.20602644007261656,35.5,176.3924159271166,427.1173000093636,0.0,
ID13127 → ID13168,43,13127,13168,0.04762381591332843,0.05162556297448833,0.25209361066062846,0.25209361066062846,28.5,178.2964680765415,427.5834828354807,0.0,
ID12041 → ID11969,43,12041,11969,0.11129273467116096,1.0842587720815011,1.0931285274693772,1.0931285274693772,5.5,178.72032081189934,425.616987478566,0.0,
ID11969 → ID12095,43,11969,12095,0.08601880877741552,1.3764689852583756,0.9208726808441576,0.9208726808441576,6.5,177.96581814180843,425.8135923866415,0.0,
ID12082 → ID12130,43,12082,12130,0.03380231724380933,1.1478351432376805,0.16894302868671457,0.16894302868671457,8.5,176.89047092022784,425.8780002668422,0.0,
ID13484 → ID13519,43,13484,13519,0.06836864055616942,0.40224916786192183,0.7379755994421785,0.7379755994421785,39.5,176.18855947589165,428.179203884859,0.0,
ID13278 → ID13292,44,13278,13292,0.19560272934048906,0.5996827277382789,0.7695984655218648,0.7695984655218648,33.5,278.3115550006936,510.02457576177926,0.0,
ID13522 → ID13547,44,13522,13547,0.19604354197191043,1.2720127622200825,0.7292717427656493,0.7292717427656493,39.5,278.2624820699548,508.8144746037,0.0,
ID12208 → ID12408,44,12208,12408,0.10589812332439674,0.9020471218143165,0.6887385237612249,0.6887385237612249,11.5,284.589668432175,505.26720601610356,0.0,
ID13554 → ID13492,44,13554,13492,0.1415929203539823,1.8292192944163161,0.2650055630643776,0.2650055630643776,35.5,277.7720098531156,509.7237326278016,0.0,
ID12035 → ID12135,44,12035,12135,0.11049723756904117,0.7233511455690125,0.9081399826002138,0.9081399826002138,6.5,283.64461478371254,503.7132319434951,0.0,
ID12928 → ID12977,44,12928,12977,0.3666666666666667,0.417711598661386,0.568737596264309,0.568737596264309,24.5,281.24649122807017,509.6691812865497,0.0,
ID12135 → ID12124,44,12135,12124,0.08708649426121606,0.5884916946358881,0.8811282186646271,0.8811282186646271,7.5,284.24495273660875,504.32369101801066,0.0,
ID13292 → ID13554,44,13292,13554,0.1649484536082474,0.9966251522616214,0.411031400042451,0.411031400042451,34.5,277.7933689703449,509.9368503669764,0.0,
ID12124 → ID12154,44,12124,12154,0.05886614743706875,0.10486223194594425,0.6098894705139001,0.6098894705139001,8.5,284.88436512759586,504.70508226813797,0.0,
ID12628 → ID12647,44,12628,12647,0.1912568306010929,0.06740608561762024,0.8260209174155002,0.8260209174155002,14.5,283.4627188664074,506.7125137432514,0.0,
ID12745 → ID12846,44,12745,12846,0.18487394957983194,0.3561273575062398,0.25932292223700676,0.25932292223700676,22.5,281.59093940793184,510.04312246677955,0.0,
ID12846 → ID12928,44,12846,12928,0.2362204724409449,1.9930470133697578,0.24476268204229637,0.24476268204229637,23.5,281.45859168469116,510.0075222302331,0.0,
ID13242 → ID13278,44,13242,13278,0.20728291316526615,3.141592653589793,0.37916843783529175,0.37916843783529175,32.5,278.8631112517803,510.04019623358124,0.0,
ID13565 → ID13522,44,13565,13522,0.11132437619951063,0.29782062068603493,0.09764315721960307,0.09764315721960307,38.5,278.50108019518007,509.1126258675705,0.0,
ID13188 → ID13224,44,13188,13224,0.15551537070524413,1.0928742926608674,0.49716735019105246,0.49716735019105246,28.5,279.3028205128205,509.64246153846153,0.0,
ID12683 → ID12666,44,12683,12666,0.2309782608695652,0.4763675919348932,0.6070247447941698,0.6070247447941698,16.5,283.03331925026885,507.9977083013264,0.0,
ID12682 → ID12654,44,12682,12654,0.06618819776705542,2.1257350682647607,0.125225413268081,0.125225413268081,18.5,283.0327522675737,508.5217120181406,0.0,
ID13492 → ID13610,44,13492,13610,0.17199017199043343,0.13799625975530966,0.38939976517499336,0.38939976517499336,36.5,278.0477766852398,509.54902217852066,0.0,
ID12647 → ID12683,44,12647,12683,0.173913043478221,0.15422915975232687,0.6750837416971802,0.6750837416971802,15.5,283.1283130957044,507.38198524611573,0.0,
ID13185 → ID13203,44,13185,13203,0.11764705882352944,1.978056539641358,0.05633304479236465,0.05633304479236465,26.5,280.05686274509804,509.4224836601307,0.0,
ID12524 → ID12628,44,12524,12628,0.15527950310559002,0.6659980274586329,0.8161682724778546,0.8161682724778546,13.5,283.9028579491521,506.0199038798669,0.0,
ID12106 → ID12133,44,12106,12133,0.16470899938180816,0.2422816742549737,1.5251988465221618,1.5251988465221618,3.5,284.252233004114,500.6358279089811,0.0,
ID12178 → ID12208,44,12178,12208,0.07969151670951158,3.0472473718255184,0.7536427616372935,0.7536427616372935,10.5,285.0917870325718,504.85565742163294,0.0,
ID12692 → ID12725,44,12692,12725,0.23923444976076558,2.0469357460199626,0.6360958659933036,0.6360958659933036,20.5,281.8513486403258,509.0810538352743,0.0,
ID12725 → ID12745,44,12725,12745,0.44025157232704404,1.257624390565167,0.7433762587222249,0.7433762587222249,21.5,281.8774762678727,509.6391421100982,0.0,
ID13244 → ID13242,44,13244,13242,0.20728291316526615,1.5289519988047866,0.37916843783529175,0.37916843783529175,31.5,278.8631112517803,510.04019623358124,0.0,
ID12268 → ID11967,44,12268,11967,0.10478816746047603,NaN,1.26031373908174,1.26031373908174,0.5,284.6665347698672,497.2766221996719,0.0,
ID12133 → ID12098,44,12133,12098,0.1041297187737592,0.08587502435065401,0.9087253847289535,0.9087253847289535,4.5,283.8646330227675,501.7883075696583,0.0,
ID12654 → ID12692,44,12654,12692,0.2111553784860558,0.7065450260824135,1.3826782032391427,1.3826782032391427,19.5,282.30757243487506,508.66947102605,0.0,
ID12666 → ID12682,44,12666,12682,0.13427561837455826,0.0063515775168250825,0.25057818133067483,0.25057818133067483,17.5,283.0760654791952,508.4243720102882,0.0,
ID12053 → ID12106,44,12053,12106,0.11840770892072106,0.41450046598367585,1.095298653510255,1.095298653510255,2.5,284.4994617914183,499.35863022067747,0.0,
ID12408 → ID12524,44,12408,12524,0.06371109806227615,0.8546127938844088,0.3340776162148273,0.3340776162148273,12.5,284.2926209764031,505.63297086440207,0.0,
ID13203 → ID13188,44,13203,13188,0.18979703784992952,1.3941978104111088,0.642112870351972,0.642112870351972,27.5,279.78999999999996,509.6117777777778,0.0,
ID13547 → ID13561,44,13547,13561,0.037735849056603765,2.783329784704764,0.22863239947225342,0.22863239947225342,40.5,278.10617832038474,508.60585460599333,0.0,
ID12977 → ID13185,44,12977,13185,0.11764705882352944,0.8344467889037843,1.0209745825484846,1.0209745825484846,25.5,280.55686274509804,509.4224836601307,0.0,
ID13224 → ID13237,44,13224,13237,0.14869888475836435,1.2406353284671536,0.41586648673619825,0.41586648673619825,29.5,278.93060762766646,509.6409825468649,0.0,
ID13610 → ID13565,44,13610,13565,0.15189873417721522,0.1777704858434142,0.39060126190159455,0.39060126190159455,37.5,278.3424707085004,509.2959267122749,0.0,
ID12098 → ID12035,44,12098,12035,0.1419110690633869,0.14227091678671605,1.1328759094684016,1.1328759094684016,5.5,283.56440523934646,502.76129093304417,0.0,
ID11967 → ID12053,44,11967,12053,0.11845930232558144,1.1047467197036203,1.1517376942417008,1.1517376942417008,1.5,284.78491146121814,498.29684008346544,0.0,
ID12154 → ID12178,44,12154,12178,0.05429734943190789,0.9515030988093862,0.3409894599540858,0.3409894599540858,9.5,285.2961397726955,504.8184811301852,0.0,
ID13237 → ID13244,44,13237,13244,0.25210084033613445,0.4999244895144384,0.20439126221730797,0.20439126221730797,30.5,278.7299593994901,509.8661914203884,0.0,
ID12949 → ID12931,45,12949,12931,0.2593491986401387,2.687828610745271,2.9214372699979685,2.9214372699979685,27.5,308.23594453765236,109.24478544687273,0.0,
ID13578 → ID13424,45,13578,13424,0.10287031217263487,2.418213371255092,0.7901142524478791,0.7901142524478791,37.5,310.7456701588347,100.43794348298024,0.0,
ID13369 → ID13417,45,13369,13417,0.08030971053996172,2.2676083422901376,0.3049057905639119,0.3049057905639119,40.5,312.76238140275024,100.23675743655252,0.0,
ID12927 → ID12949,45,12927,12949,0.2987182840700955,0.1414845231502158,0.42330769903009785,0.42330769903009785,26.5,309.3068216891746,109.93468264644736,0.0,
ID13320 → ID13578,45,13320,13578,0.23428571428571432,1.6888814861566275,1.9383222817792674,1.9383222817792674,36.5,310.1981684704458,100.9086888010448,0.0,
ID13231 → ID13379,45,13231,13379,0.12673488270833055,3.093860186888629,1.0001327248157341,1.0001327248157341,34.5,310.72878775416484,101.83084887538598,0.0,
ID12931 → ID12975,45,12931,12975,0.1551496378627153,1.4585494499731573,0.8757571068045005,0.8757571068045005,28.5,307.29134884375094,107.98921215077937,0.0,
ID13379 → ID13320,45,13379,13320,0.12015802659471597,2.5077309289965575,1.3465965919096095,1.3465965919096095,35.5,310.36926272535925,102.00849754803369,0.0,
ID13129 → ID13231,45,13129,13231,0.2567946134565252,1.8147721257570555,2.5558971089034306,2.5558971089034306,33.5,311.0929745730068,102.51927055869078,0.0,
ID13424 → ID13326,45,13424,13326,0.14112404060411665,1.1202545519474576,1.7237480519305133,1.7237480519305133,38.5,311.6786332714201,101.00804114008226,0.0,
ID12804 → ID12927,45,12804,12927,0.6537653134758321,1.2991227363595672,6.466278313858209,6.466278313858209,25.5,308.161911188227,106.68782211940106,0.0,
ID12756 → ID12793,45,12756,12793,0.2697170379289623,NaN,2.1975270343201885,2.1975270343201885,23.5,306.8891160641161,104.64185386685386,0.0,
ID12999 → ID12998,45,12999,12998,0.0995601532856335,0.3642604923942969,0.9069017140459895,0.9069017140459895,31.5,308.3004929810323,104.90786999462264,0.0,
ID12793 → ID12804,45,12793,12804,0.2399232245681382,2.003527675350419,0.7438228881877303,0.7438228881877303,24.5,306.7419280182438,103.65129603287497,0.0,
ID12998 → ID13129,45,12998,13129,0.3873744619799139,2.4000570960941423,3.976574349903224,3.976574349903224,32.5,309.81037385645936,104.16662819875899,0.0,
ID12989 → ID12999,45,12989,12999,0.24719568791494817,2.4375290198541686,2.1475989028701914,2.1475989028701914,30.5,309.7731237132697,105.22402936344542,0.0,
ID13326 → ID13369,45,13326,13369,0.13551843681058506,1.4215030718405468,1.0780758763818346,1.0780758763818346,39.5,312.7134237201178,100.69054958086883,0.0,
ID12975 → ID12989,45,12975,12989,0.4819012797075035,0.4377888642521617,4.031563052910329,4.031563052910329,29.5,309.17747425066744,106.47379398445467,0.0,
ID13243 → ID13386,46,13243,13386,0.08749150751113832,2.481595026205281,0.36293518600290436,0.36293518600290436,34.5,264.41884646917333,124.13501010089678,0.0,
ID13005 → ID13136,46,13005,13136,0.1338726911921777,0.3536331075716123,0.8912883908281816,0.8912883908281816,32.5,265.2793586269196,123.7571037840008,0.0,
ID12938 → ID12981,46,12938,12981,0.09913258983890949,0.7905356147633475,0.47414479711540525,0.47414479711540525,28.5,266.1001023334404,120.29586291852024,0.0,
ID13579 → ID13430,46,13579,13430,0.13008130081300817,1.0297606627341414,1.1005600544837508,1.1005600544837508,37.5,262.2766883038088,122.84630931500243,0.0,
ID12795 → ID12807,46,12795,12807,0.5226293103448276,0.934383588118185,6.366159957509743,6.366159957509743,24.5,280.476593576832,115.46841623841715,0.0,
ID12955 → ID12938,46,12955,12938,0.30561797752808983,0.15972662914987795,3.003869082106462,3.003869082106462,27.5,267.5004104837551,119.3727652824568,0.0,
ID13006 → ID13005,46,13006,13005,0.16710235953149322,0.9731164064946479,1.7463648033833001,1.7463648033833001,31.5,266.29029683436465,122.9390881734573,0.0,
ID13386 → ID13323,46,13386,13323,0.1757744517925537,2.9591435340835144,1.339863628696678,1.339863628696678,35.5,263.94187554207934,124.01199940721,0.0,
ID12757 → ID12795,46,12757,12795,0.48677248677248675,NaN,5.12466914693343,5.12466914693343,23.5,281.3015269049489,110.39775219298247,0.0,
ID12807 → ID12933,46,12807,12933,0.4188260179799048,1.3911107075634286,4.011379658140377,4.011379658140377,25.5,276.8963849439109,117.37075512011592,0.0,
ID13136 → ID13243,46,13136,13243,0.08323699421965314,0.2873708238054204,0.6253043933141023,0.6253043933141023,33.5,264.5684905989871,123.99845984438363,0.0,
ID13430 → ID13330,46,13430,13330,0.16025641025641213,0.5967446536930948,1.7479785970252473,1.7479785970252473,38.5,260.9758674488313,123.25882144959157,0.0,
ID13330 → ID13375,46,13330,13375,0.12482314101555925,1.6668012056689203,1.180378127496674,1.180378127496674,39.5,259.9730945977997,123.17086213277653,0.0,
ID12933 → ID12955,46,12933,12955,0.5628800778399417,0.7167982037073062,6.55119597172815,6.55119597172815,26.5,271.93786139533745,117.63823425141501,0.0,
ID13375 → ID13423,46,13375,13423,0.17540687160940327,0.9766220860798722,1.5925117581195154,1.5925117581195154,40.5,258.93511830443464,122.51426369123459,0.0,
ID12996 → ID13006,46,12996,13006,0.1006905506698883,0.427516632484745,0.847341754168301,0.847341754168301,30.5,266.8142857658248,121.89806362400363,0.0,
ID13323 → ID13579,46,13323,13579,0.12513034410844626,0.771542832256396,1.0392349523548488,1.0392349523548488,36.5,263.0658729608806,123.3408039178809,0.0,
ID12981 → ID12996,46,12981,12996,0.1813926272674078,0.9271667658411147,1.1879027839173184,1.1879027839173184,29.5,266.37996962032025,121.00272655140941,0.0,
ID12862 → ID12892,47,12862,12892,0.40380047505938155,0.6518338504806221,2.1974924570381127,2.1974924570381127,28.5,194.67496094108998,15.372781065088757,0.0,
ID13301 → ID13321,47,13301,13321,0.08513701588520284,2.8622089717098316,0.7396935785394116,0.7396935785394116,39.5,199.49970273089295,15.115538400530582,0.0,
ID13328 → ID13296,47,13328,13296,0.14233841684821957,1.438121470065579,1.2238878708530745,1.2238878708530745,35.5,199.2514917313589,14.55616505816974,0.0,
ID13296 → ID13568,47,13296,13568,0.11758856432566644,2.9041654748940124,0.519902196045183,0.519902196045183,36.5,199.53649494896024,14.78331573052495,0.0,
ID13568 → ID13365,47,13568,13365,0.0777865420787569,1.1830535793314758,0.337499437127571,0.337499437127571,37.5,199.1829983945081,14.848608758235066,0.0,
ID12874 → ID12862,47,12874,12862,0.42727272727272725,0.594464606112905,3.5919741116889563,3.5919741116889563,27.5,192.11096624655946,14.374664304260131,0.0,
ID12902 → ID12915,47,12902,12915,0.1206801974766849,0.15323080150148338,0.8699593375223025,0.8699593375223025,30.5,197.6668942129608,15.260633570697355,0.0,
ID13365 → ID13301,47,13365,13301,0.12179697530608447,1.6843758660838561,0.7835816761788977,0.7835816761788977,38.5,199.41606916217506,15.184269725889664,0.0,
ID13321 → ID13361,47,13321,13361,0.07326646914462331,0.015005457547050658,0.4739742172770031,0.4739742172770031,40.5,199.08853812650497,14.669252267249565,0.0,
ID13170 → ID13328,47,13170,13328,0.16620829845749097,1.6091382027560852,0.5690733205123548,0.5690733205123548,34.5,198.54649784624274,14.489176220681323,0.0,
ID13040 → ID13170,47,13040,13170,0.3140726933830362,1.0319761711466193,0.7934330799040092,0.7934330799040092,33.5,198.70496995179198,14.941478933534018,0.0,
ID12914 → ID13040,47,12914,13040,0.22244240772851132,2.1341707106997765,0.672930017722777,0.672930017722777,32.5,199.01255594687797,15.500914660583383,0.0,
ID12892 → ID12902,47,12892,12902,0.18630573248407645,0.03257971731832943,1.464243968478333,1.464243968478333,29.5,196.5051167290771,15.330895008605854,0.0,
ID12915 → ID12914,47,12915,12914,0.16773816481589765,0.7798044200155293,1.103302598941839,1.103302598941839,31.5,198.54448900772428,15.514793658510236,0.0,
ID12860 → ID12874,47,12860,12874,0.44129032258064516,NaN,2.5989411197904597,2.5989411197904597,26.5,189.34583804143125,13.309216572504708,0.0,
ID12916 → ID12930,48,12916,12930,0.3017853542707336,1.1072262068638796,1.4760193040734102,1.4760193040734102,29.5,162.372175016954,30.92672702057712,0.0,
ID13339 → ID13302,48,13339,13302,0.1716321243523311,0.07407763043867754,1.805793604115886,1.805793604115886,35.5,157.7863381374055,26.645683488449144,0.0,
ID12875 → ID12916,48,12875,12916,0.39652369339644555,NaN,2.6294210419561477,2.6294210419561477,28.5,163.66289378926336,32.14116828214651,0.0,
ID12940 → ID13064,48,12940,13064,0.16429353778751365,1.7647945352770829,0.48504146072549004,0.48504146072549004,32.5,161.16326332375849,28.127198415968174,0.0,
ID13333 → ID13376,48,13333,13376,0.08092819406458496,0.2807944193828708,0.4922944886582506,0.4922944886582506,40.5,152.28295511468235,26.569383804625218,0.0,
ID13197 → ID13339,48,13197,13339,0.15125781124819715,0.09753347789088644,1.6060035874706353,1.6060035874706353,34.5,159.3153530464709,27.399491593753876,0.0,
ID13571 → ID13384,48,13571,13384,0.1225045372050817,0.5093349996251944,1.09468014874501,1.09468014874501,37.5,155.1216243924997,26.31764193911473,0.0,
ID12943 → ID12940,48,12943,12940,0.11838257537561725,0.18482013008044207,0.9219748854896023,0.9219748854896023,31.5,161.38332539020612,28.551217725529654,0.0,
ID13384 → ID13307,48,13384,13307,0.12010443864229703,0.7042166927292647,1.0818062520770202,1.0818062520770202,38.5,154.1008516869444,26.355631123843047,0.0,
ID12930 → ID12943,48,12930,12943,0.22924411400247835,1.3992873858420831,1.912514782930384,1.912514782930384,30.5,161.49906046334618,29.9584040298326,0.0,
ID13064 → ID13197,48,13064,13197,0.10376063683777181,0.5509838505090865,0.9796192428000408,0.9796192428000408,33.5,160.47231224307396,27.973136248768128,0.0,
ID13307 → ID13333,48,13307,13333,0.13059391627964156,0.5521297963853322,1.1206541263200231,1.1206541263200231,39.5,153.0419931288224,26.317473583327242,0.0,
ID13302 → ID13571,48,13302,13571,0.14747265975447676,0.30096403856864495,1.3446513468790622,1.3446513468790622,36.5,156.29577046764985,26.192955855894144,0.0,
