LABEL,TRACK_ID,SPOT_SOURCE_ID,SPOT_TARGET_ID,LINK_COST,DIRECTIONAL_CHANGE_RATE,SPEED,DISPLACEMENT,EDGE_TIME,EDGE_X_LOCATION,EDGE_Y_LOCATION,EDGE_Z_LOCATION,MANUAL_EDGE_COLOR
Label,Track ID,Source spot ID,Target spot ID,Edge cost,Directional change rate,Speed,Displacement,Edge time,Edge X,Edge Y,Edge Z,Manual edge color
Label,Track ID,Source ID,Target ID,Cost,γ rate,Speed,Disp.,Edge T,Edge X,Edge Y,Edge Z,Edge color
,,,,(cost),(rad/frames),(pixels/frames),(pixels),(frames),(pixels),(pixels),(pixels),
ID45187 → ID44033,0,45187,44033,0.18988982501620222,NaN,1.9793542673910938,1.9793542673910938,0.5,11.005198121240195,123.03463411327405,0.0,
ID44033 → ID44006,0,44033,44006,0.1466828971393792,2.4996519416797387,2.139189137468028,2.139189137468028,1.5,10.613055548589776,122.51113410298959,0.0,
ID44006 → ID44205,0,44006,44205,0.11983116026056595,2.3133008685679495,1.0277792208096745,1.0277792208096745,2.5,10.6194205472825,121.69578496275597,0.0,
ID44475 → ID44455,1,44475,44455,0.1169219447127472,2.237164590089646,1.376408423755993,1.376408423755993,16.5,134.44807501336794,319.4359981730451,0.0,
ID44544 → ID44586,1,44544,44586,0.04668104896852732,2.9205112097307375,0.06423184862134748,0.06423184862134748,21.5,134.3579007998609,319.82489132324815,0.0,
ID44856 → ID44855,1,44856,44855,0.067117743007309,0.7437535058486288,0.7288704179088404,0.7288704179088404,31.5,136.09144398819416,319.41088025041984,0.0,
ID44634 → ID44639,1,44634,44639,0.08558899138062237,2.6234000766071515,0.8706611935315796,0.8706611935315796,23.5,134.39578270736874,320.14720412868223,0.0,
ID44455 → ID44454,1,44455,44454,0.11510840777291187,2.6302114353565713,1.313448513418208,1.313448513418208,17.5,134.21084315304108,319.68166291566035,0.0,
ID45053 → ID45130,1,45053,45130,0.10461674642471774,1.230879756879843,1.1753919246893383,1.1753919246893383,38.5,138.01863027922275,318.29686967730055,0.0,
ID44097 → ID44048,1,44097,44048,0.0838958534233365,0.5848804085994371,0.6450718698657253,0.6450718698657253,1.5,131.5834713049477,318.9841077328356,0.0,
ID44165 → ID44166,1,44165,44166,0.061905575065519414,1.93161719667165,0.21893247859170453,0.21893247859170453,4.5,131.03791547725,319.4703179153185,0.0,
ID44281 → ID44248,1,44281,44248,0.05955624756714395,2.98075659128171,0.36986392978556976,0.36986392978556976,9.5,134.55138888888888,318.61957759800373,0.0,
ID45198 → ID44097,1,45198,44097,0.08457711442786064,NaN,0.6700989218392567,0.6700989218392567,0.5,131.32726560273582,318.4089108166303,0.0,
ID44714 → ID44834,1,44714,44834,0.11942959001782527,2.6746768158291965,1.3006517316841326,1.3006517316841326,26.5,134.91259589904303,320.4975387309939,0.0,
ID44245 → ID44165,1,44245,44165,0.05448905563672324,2.1766699879145492,0.372439372089656,0.372439372089656,3.5,130.8675554640109,319.4133554624925,0.0,
ID44389 → ID44396,1,44389,44396,0.05907248857420322,1.8702182509667562,0.5077369962318058,0.5077369962318058,14.5,134.60126747527005,318.82260170102177,0.0,
ID44834 → ID44740,1,44834,44740,0.07867240319608781,1.8274896111276235,0.5888279564789811,0.5888279564789811,27.5,135.50368232838628,320.2465397169367,0.0,
ID45130 → ID45169,1,45130,45169,0.072154189094912,0.21653127815260167,0.6662146616267659,0.6662146616267659,39.5,138.92704292707637,318.41315525507684,0.0,
ID44776 → ID44856,1,44776,44856,0.08051739697182114,2.8867190365914053,0.7682805160960076,0.7682805160960076,30.5,135.5297210629318,318.9974837011624,0.0,
ID44027 → ID44119,1,44027,44119,0.1001693684974595,1.312973675106971,1.0839420449029407,1.0839420449029407,6.5,132.37035054750336,318.1800846519097,0.0,
ID44048 → ID44245,1,44048,44245,0.1056593805718905,2.252457109352867,1.0399928748592189,1.0399928748592189,2.5,131.275801359922,319.24566616169795,0.0,
ID44517 → ID44544,1,44517,44544,0.1347287087072454,3.1337673425183157,1.5304696495442331,1.5304696495442331,20.5,135.09182828363816,319.8217135407851,0.0,
ID44328 → ID44389,1,44328,44389,0.03271997272052929,1.1087998626199818,0.1574812982715362,0.1574812982715362,13.5,134.37296186275393,318.7405458037027,0.0,
ID44740 → ID44846,1,44740,44846,0.08683184851474923,0.2880904884991063,0.7165856674395445,0.7165856674395445,28.5,135.47747391658467,319.60105949094805,0.0,
ID45169 → ID45077,1,45169,45077,0.05954428598602102,0.3770713824353029,0.7028121678405177,0.7028121678405177,40.5,139.5882511708017,318.535283040855,0.0,
ID44969 → ID44962,1,44969,44962,0.06502076489832143,2.6589470715229115,0.754324574565172,0.754324574565172,34.5,136.238714063428,319.04045519636315,0.0,
ID44396 → ID44475,1,44396,44475,0.09445476253647267,1.2976621083054063,0.9153116253711946,0.9153116253711946,15.5,134.96533056483403,319.2743071228672,0.0,
ID44454 → ID44545,1,44454,44545,0.05520860180948339,2.132386874456387,0.40933128946574837,0.40933128946574837,18.5,134.6757056771329,320.01918807484935,0.0,
ID44639 → ID44672,1,44639,44672,0.125008021561969,2.7429517453722667,1.5226663667465985,1.5226663667465985,24.5,134.57066215308583,320.5045140400406,0.0,
ID45029 → ID45123,1,45029,45123,0.0662054933875953,0.5928267667730107,0.7376904704636256,0.7376904704636256,36.5,136.9025069322398,318.46970995248324,0.0,
ID44119 → ID44145,1,44119,44145,0.08757083490744033,0.2895995764057211,0.9800647221676921,0.9800647221676921,7.5,133.31444230352554,318.56944702386477,0.0,
ID45123 → ID45053,1,45123,45053,0.05357440841327632,1.000250156615692,0.3316611367742488,0.3316611367742488,37.5,137.35727046500332,318.3186900094633,0.0,
ID44145 → ID44281,1,44145,44281,0.1061481387896741,0.7517732324395677,1.0243775113966889,1.0243775113966889,8.5,134.2350116331858,318.71677535148694,0.0,
ID44962 → ID45029,1,44962,45029,0.09337860780984719,2.2779509131606943,0.8108286393008107,0.8108286393008107,35.5,136.203329566855,318.7138347375029,0.0,
ID44912 → ID44969,1,44912,44969,0.09434661723818094,2.74019239049186,0.7746656113270717,0.7746656113270717,33.5,136.31549601768825,318.87437377306003,0.0,
ID44855 → ID44912,1,44855,44912,0.0964958619475309,2.264122086107026,0.9789861213264772,0.9789861213264772,32.5,136.23539331868272,319.05919947650307,0.0,
ID44166 → ID44027,1,44166,44027,0.17422867513611617,0.057023509394137244,1.5298434945672772,1.5298434945672772,5.5,131.47129106693745,318.71106318218426,0.0,
ID44325 → ID44328,1,44325,44328,0.05279018033226213,0.5454103918973028,0.06031611489412719,0.06031611489412719,12.5,134.37721032140098,318.6445848898977,0.0,
ID44545 → ID44517,1,44545,44517,0.09674502712477395,1.1955002033939743,1.1068182547691416,1.1068182547691416,19.5,135.3036451835576,319.82715957995487,0.0,
ID44846 → ID44776,1,44846,44776,0.0738188902344602,0.4091378555534343,0.5995417566806608,0.5995417566806608,29.5,135.41515585912248,318.9596277674715,0.0,
ID44207 → ID44325,1,44207,44325,0.07675244010646765,3.1281755963859337,0.6743650826716543,0.6743650826716543,11.5,134.277741505003,318.29516481740677,0.0,
ID44586 → ID44634,1,44586,44634,0.06355271004209784,0.5701267070904443,0.6080504301894247,0.6080504301894247,22.5,134.60178160125298,320.0494449051041,0.0,
ID44248 → ID44207,1,44248,44207,0.08271032459544658,1.3707551691306854,0.6820021141144982,0.6820021141144982,10.5,134.2830708661417,318.2977872196669,0.0,
ID44672 → ID44714,1,44672,44714,0.09168032586061592,2.989458708143241,1.0408303904648544,1.0408303904648544,25.5,134.71374167085094,320.7206672658075,0.0,
ID44939 → ID44987,2,44939,44987,0.11647870728834453,0.3169680905746182,1.3204192295145252,1.3204192295145252,35.5,451.38845526940634,132.5085681855296,0.0,
ID44153 → ID44304,2,44153,44304,0.2554537885095922,2.6587870263119604,2.5897569164124286,2.5897569164124286,11.5,450.98621345719835,123.36871752479925,0.0,
ID44779 → ID44709,2,44779,44709,0.06595911998391912,0.5547768562815054,0.6990248183465552,0.6990248183465552,27.5,449.71584110648956,126.39143605922666,0.0,
ID44110 → ID44001,2,44110,44001,0.20797011207970117,0.546235359889231,1.953522704142601,1.953522704142601,5.5,451.40607205188144,124.0943207944512,0.0,
ID44464 → ID44512,2,44464,44512,0.0653401285615165,2.496754866612073,0.35072578452993003,0.35072578452993003,20.5,447.4533565793669,124.25556618495463,0.0,
ID44057 → ID44089,2,44057,44089,0.06362565839321133,0.7962261517486885,0.32461277851807907,0.32461277851807907,7.5,450.19912963915345,123.07818144359281,0.0,
ID44799 → ID44900,2,44799,44900,0.12595274390243638,1.4590643876648675,1.0154456325054184,1.0154456325054184,32.5,450.71790890269153,128.46042846042846,0.0,
ID44403 → ID44514,2,44403,44514,0.0908855738553026,0.47302814629353185,0.8408299317459625,0.8408299317459625,18.5,448.5793047111182,123.7152431940374,0.0,
ID44800 → ID44799,2,44800,44799,0.18280774771890085,0.28519068149761767,1.9098362221037826,1.9098362221037826,31.5,450.48660169298256,127.35396311152252,0.0,
ID44782 → ID44725,2,44782,44725,0.19241943111951365,2.96025705923253,1.7450381567421156,1.7450381567421156,29.5,449.76687665709846,126.14298029376748,0.0,
ID44649 → ID44691,2,44649,44691,0.05320797993673876,2.8949988363805788,0.22682960010740977,0.22682960010740977,25.5,448.86625612481294,126.35331122329092,0.0,
ID44089 → ID44271,2,44089,44271,0.08145595079942336,1.636404342250004,0.9137729345713784,0.9137729345713784,8.5,450.66276524876344,123.1801971582369,0.0,
ID44900 → ID44942,2,44900,44942,0.24977618621307074,0.2660254851731639,1.9461453774747985,1.9461453774747985,33.5,449.87004592193273,129.66006407987538,0.0,
ID45188 → ID44037,2,45188,44037,0.19997969749265765,NaN,1.5918751337101882,1.5918751337101882,0.5,457.39036124794745,117.94401888341544,0.0,
ID44514 → ID44464,2,44514,44464,0.1429743688758155,1.086134480245844,1.1643714850286249,1.1643714850286249,19.5,447.7370338014438,123.90055423990948,0.0,
ID44576 → ID44610,2,44576,44610,0.1441247201260425,1.1850198808546495,1.0339304476278282,1.0339304476278282,22.5,447.8768940265317,125.39741680085884,0.0,
ID44610 → ID44615,2,44610,44615,0.04058072415603087,1.6854968675185855,0.051394109335736654,0.051394109335736654,23.5,447.6298184197236,125.84888798341062,0.0,
ID44271 → ID44224,2,44271,44224,0.1227341389728045,0.6769988783571648,1.3415187174484497,1.3415187174484497,9.5,451.71524851935374,123.34957260848199,0.0,
ID45156 → ID45027,2,45156,45027,0.09656034791882206,1.3006853630744417,0.7908054908624714,0.7908054908624714,40.5,452.45775092237034,135.31000489420978,0.0,
ID44425 → ID44406,2,44425,44406,0.2095313917535372,0.350383720149195,2.4030524585550994,2.4030524585550994,16.5,452.1593048703412,124.62092290906119,0.0,
ID44309 → ID44358,2,44309,44358,0.21712177877964522,2.7195475520847494,2.914892983192865,2.914892983192865,13.5,452.4334113759952,124.99835678797191,0.0,
ID45014 → ID45094,2,45014,45094,0.07223598900166428,2.822905826956366,0.7201076338151042,0.7201076338151042,38.5,452.7105865635556,134.51700373495026,0.0,
ID44224 → ID44153,2,44224,44153,0.18203589153050626,2.6525295402087004,2.4098445346095367,2.4098445346095367,10.5,451.26139072602825,122.83108324205409,0.0,
ID44037 → ID44008,2,44037,44008,0.14018691588785048,0.03523210509374259,0.9347735132246705,0.9347735132246705,1.5,456.50625868384486,118.84617700307356,0.0,
ID44725 → ID44800,2,44725,44800,0.1542417643515661,3.0791568189640044,1.3468062838003778,1.3468062838003778,30.5,449.64250967028715,125.98028518171688,0.0,
ID44512 → ID44576,2,44512,44576,0.0993975903614458,0.9538484565160084,0.8746418678650174,0.8746418678650174,21.5,447.8879791485277,124.60462572276919,0.0,
ID44615 → ID44649,2,44615,44649,0.11708860759493278,0.0703986655355722,1.4193978087625592,1.4193978087625592,24.5,448.3159941698767,126.11323569173413,0.0,
ID44406 → ID44403,2,44406,44403,0.18536585365853664,0.8340910760583052,2.3493724125209567,2.3493724125209567,17.5,450.1358139742825,123.82999878211028,0.0,
ID44008 → ID44210,2,44008,44210,0.20779649818302381,1.3827441233524835,1.7876357230130189,1.7876357230130189,2.5,456.6655511155511,119.91771006771006,0.0,
ID44709 → ID44782,2,44709,44782,0.08632360433801989,0.890055826870996,0.4117886560811313,0.4117886560811313,28.5,450.08939950702415,126.73141775922818,0.0,
ID45094 → ID45156,2,45094,45156,0.11898859692612795,1.7773009103266921,0.8001552501766152,0.8001552501766152,39.5,452.2689705255748,134.70569480723987,0.0,
ID45072 → ID45014,2,45072,45014,0.14764316322556037,0.4758040755078065,1.3509708568644774,1.3509708568644774,37.5,452.5811590901719,134.18953141908526,0.0,
ID44109 → ID44110,2,44109,44110,0.36899563318777295,0.3353518522171565,3.103071382688339,3.103071382688339,4.5,453.4966968477532,122.83713052122258,0.0,
ID44363 → ID44425,2,44363,44425,0.11293984108967037,3.02163907894632,1.4246246751336182,1.4246246751336182,15.5,453.65573857711377,125.76960115051477,0.0,
ID44691 → ID44779,2,44691,44779,0.06382533369832455,2.8841992632989193,0.648738574085572,0.648738574085572,26.5,449.0748923102338,126.29503099782127,0.0,
ID44210 → ID44109,2,44210,44109,0.2841369157158723,1.7404722241887742,2.7635847578594515,2.7635847578594515,3.5,455.8951298701299,121.2206284786642,0.0,
ID44001 → ID44057,2,44001,44057,0.18076984253221673,1.4783910907191777,1.1213056818108127,1.1213056818108127,6.5,450.2855716626112,123.75677685409214,0.0,
ID44304 → ID44309,2,44304,44309,0.06347438752783963,2.3642430451229934,0.676320611023657,0.676320611023657,12.5,451.4944137120342,124.32191229666785,0.0,
ID44942 → ID44939,2,44942,44939,0.220522986878132,1.23690203781134,2.201854960356819,2.201854960356819,34.5,450.1027705907476,131.33545134924765,0.0,
ID44987 → ID45072,2,44987,45072,0.13326309749457033,0.802892514911422,0.8469833023911925,0.8469833023911925,36.5,452.049509241755,133.26133417851565,0.0,
ID44358 → ID44363,2,44358,44363,0.07550712442889673,0.0499252621917753,0.696812492219095,0.696812492219095,14.5,454.00567922044297,125.88594482982467,0.0,
ID44728 → ID44806,3,44728,44806,0.18325434439179034,0.6564521821774191,1.7708814758174543,1.7708814758174543,30.5,371.4366892093063,159.7234277257139,0.0,
ID44431 → ID44410,3,44431,44410,0.11406917994558352,2.763653342670937,1.01336874529455,1.01336874529455,16.5,369.30188676906425,146.21768501124842,0.0,
ID45157 → ID45031,3,45157,45031,0.14459490475097547,0.8939534877880907,1.5764255618904763,1.5764255618904763,40.5,377.56259659312855,164.9993866377165,0.0,
ID44408 → ID44518,3,44408,44518,0.12593562874252007,0.46684314284009754,1.4067982862452129,1.4067982862452129,18.5,369.43297391159854,146.97989248919907,0.0,
ID44946 → ID44943,3,44946,44943,0.15306071374944497,0.02387934223389218,1.2198772388276786,1.2198772388276786,34.5,373.70113990246193,165.52285093131206,0.0,
ID44365 → ID44431,3,44365,44431,0.1962856354244623,0.6881624068813512,2.4621872970120973,2.4621872970120973,15.5,369.62604427276034,145.50513033404982,0.0,
ID44783 → ID44712,3,44783,44712,0.13806706114398426,1.9468420987050366,1.551403804740471,1.551403804740471,27.5,371.96157071831,153.7537821783956,0.0,
ID44806 → ID44805,3,44806,44805,0.219704433497537,0.12149275394756467,2.36120948421964,2.36120948421964,31.5,371.7865027900924,161.7558556814385,0.0,
ID45098 → ID45157,3,45098,45157,0.14703110273327047,0.7856831706067416,1.108328916219119,1.108328916219119,39.5,376.91034334302014,163.97463840109947,0.0,
ID44516 → ID44577,3,44516,44577,0.13481914504932901,0.13679303053740466,1.4756272335371519,1.4756272335371519,21.5,368.5709128985941,150.12925147869174,0.0,
ID44157 → ID44306,3,44157,44306,0.15293731539218458,0.06388108492492224,1.3849775632078059,1.3849775632078059,11.5,369.2107209754855,143.9246381028588,0.0,
ID44003 → ID44062,3,44003,44062,0.14307704771935947,2.4795365593174448,1.1430649861895805,1.1430649861895805,6.5,364.6892555522402,141.56391548484106,0.0,
ID44692 → ID44783,3,44692,44783,0.1065553645961208,1.5967678006504764,0.7830573632703464,0.7830573632703464,26.5,371.6039476239554,153.11813920445877,0.0,
ID44410 → ID44408,3,44410,44408,0.07754840089848436,2.904877018817785,0.6121114935339277,0.6121114935339277,17.5,369.3323910063524,145.99866382480775,0.0,
ID44518 → ID44468,3,44518,44468,0.10552120502273077,0.4325757306841375,0.9964139108791137,0.9964139108791137,19.5,369.1804133055379,148.12685015867737,0.0,
ID44011 → ID44214,3,44011,44214,0.06286197199235588,2.9914597379570367,0.3748419046051939,0.3748419046051939,2.5,365.81472452801876,141.27672881153083,0.0,
ID44311 → ID44360,3,44311,44360,0.10459433040076849,2.6131363131711747,0.7415897188256276,0.7415897188256276,13.5,369.1396089351763,143.32943741613954,0.0,
ID44652 → ID44692,3,44652,44692,0.13115023994696207,0.17792462801551023,1.060604490120226,1.060604490120226,25.5,371.06159048882955,152.7581665781595,0.0,
ID44360 → ID44365,3,44360,44365,0.10041976105910733,0.44786357621274586,0.8559394042893221,0.8559394042893221,14.5,369.64735248068575,143.92013167013167,0.0,
ID45078 → ID45017,3,45078,45017,0.049595649033589484,1.4314443418782514,0.2033619900564819,0.2033619900564819,37.5,375.5131209952567,163.92608440126486,0.0,
ID44943 → ID44990,3,44943,44990,0.126397689153943,2.1530607620044826,1.3943352323880849,1.3943352323880849,35.5,374.3084129323363,165.37586194348927,0.0,
ID44577 → ID44612,3,44577,44612,0.09331297846019415,2.382879062329597,0.7215781224931573,0.7215781224931573,22.5,368.6592185011666,150.6587538246207,0.0,
ID44306 → ID44311,3,44306,44311,0.16110019646365425,3.1298131762117407,1.5848009864884134,1.5848009864884134,12.5,369.1623550360698,143.83677898517638,0.0,
ID45017 → ID45098,3,45017,45098,0.11025145067698261,0.9588992823799065,0.8646795978722555,0.8646795978722555,38.5,376.0057201045962,163.85462238928557,0.0,
ID44468 → ID44516,3,44468,44516,0.09262482328465627,0.29188599925324316,0.870784831884371,0.870784831884371,20.5,368.8771769418321,148.99937848684738,0.0,
ID44789 → ID44728,3,44789,44728,0.1292874668269045,0.37589639646091794,1.4993107335848974,1.4993107335848974,29.5,371.5296502837995,158.1777943130034,0.0,
ID45189 → ID44039,3,45189,44039,0.05619166746847959,NaN,0.38463786821973417,0.38463786821973417,0.5,366.086942552186,141.1071152760008,0.0,
ID44062 → ID44095,3,44062,44095,0.21749922432516688,0.2699697644254298,1.840343945761332,1.840343945761332,7.5,365.80206805722867,142.53794457101787,0.0,
ID44226 → ID44157,3,44226,44157,0.13759026985936063,1.0878979112778318,1.192930130645558,1.192930130645558,10.5,368.7323129053642,142.72845970545026,0.0,
ID44114 → ID44115,3,44114,44115,0.17798519472159213,1.4217691817181999,2.068719722049536,2.068719722049536,4.5,364.72086173586695,142.24409972961388,0.0,
ID44214 → ID44114,3,44214,44114,0.08793348334691653,0.8003010747195104,0.6062838014264859,0.6062838014264859,3.5,365.36340426926756,141.32646901460873,0.0,
ID44039 → ID44011,3,44039,44011,0.0500441821948262,2.95115029085682,0.0599584057786743,0.0599584057786743,1.5,365.94667149842064,141.19010139471823,0.0,
ID44612 → ID44616,3,44612,44616,0.20865800865800865,1.0965198571378707,1.7854778011890327,1.7854778011890327,23.5,369.71329072328075,150.99083416653428,0.0,
ID44712 → ID44789,3,44712,44789,0.23534883720930233,0.03034409082003247,2.9652578974507775,2.9652578974507775,28.5,371.8932693155604,156.01084537695937,0.0,
ID44272 → ID44226,3,44272,44226,0.1422885572139303,1.0112973551960034,1.1068797498874485,1.1068797498874485,9.5,367.98167819395377,142.09191949798725,0.0,
ID44115 → ID44003,3,44115,44003,0.18206026629291483,2.7785970493814607,2.098474761760635,2.098474761760635,5.5,364.351787624105,142.17030098196608,0.0,
ID44805 → ID44901,3,44805,44901,0.09343160632991909,0.36936880629053426,0.6052153410689836,0.6052153410689836,32.5,372.06776265035836,163.19551586224134,0.0,
ID44901 → ID44946,3,44901,44946,0.22916666666666663,0.14465621101347018,1.933502423589464,1.933502423589464,33.5,372.7810187802273,164.24261981031344,0.0,
ID44990 → ID45078,3,44990,45078,0.12176518659768709,0.4061837131682091,1.2223020459393,1.2223020459393,36.5,374.9994923857868,164.29661590524535,0.0,
ID44095 → ID44272,3,44095,44272,0.1289989593574602,1.4902767667097554,1.3723498612464131,1.3723498612464131,8.5,366.9933269273686,142.54293383933518,0.0,
ID44616 → ID44652,3,44616,44652,0.11014134548544918,0.45325042939545734,0.878453601152142,0.878453601152142,24.5,370.66751566003063,151.87649920938094,0.0,
ID44462 → ID44551,4,44462,44551,0.11488977711837078,2.1394030859745032,1.0792091198556684,1.0792091198556684,18.5,20.46752833581222,338.1674057624338,0.0,
ID44674 → ID44720,4,44674,44720,0.057207118782794164,2.232107522824848,0.5721917055152252,0.5721917055152252,25.5,19.757510578694806,336.15452598843143,0.0,
ID44750 → ID44850,4,44750,44850,0.09860945896058115,0.5727357042280549,1.106194606412129,1.106194606412129,28.5,18.826702049891686,336.07140587806714,0.0,
ID44463 → ID44462,4,44463,44462,0.08319870759289105,0.05777892234018125,1.0159018968388043,1.0159018968388043,17.5,20.586418687471728,338.65717843345044,0.0,
ID44785 → ID44860,4,44785,44860,0.06444665341285705,2.3435809030089887,0.7534912089222983,0.7534912089222983,30.5,19.84671082351322,335.1869238294397,0.0,
ID44217 → ID44329,4,44217,44329,0.10346321596718677,1.0665398124196646,1.3248341532618257,1.3248341532618257,11.5,22.741827652977204,338.85601888140684,0.0,
ID44551 → ID44524,4,44551,44524,0.10324107109325298,2.0921016136550996,1.4339863649902618,1.4339863649902618,19.5,21.039002033545863,338.4728812134,0.0,
ID44487 → ID44463,4,44487,44463,0.06521584578359929,1.2450560702564957,0.6820117042230913,0.6820117042230913,16.5,21.412484185323667,338.8515115087921,0.0,
ID44334 → ID44399,4,44334,44399,0.045345017950516375,0.8373703121426804,0.22474247825686322,0.22474247825686322,13.5,22.255057572156375,340.2104621280561,0.0,
ID44844 → ID44750,4,44844,44750,0.029433625687525722,2.4374590447936177,0.17595762500739226,0.17595762500739226,27.5,18.27465199578591,336.3725518228781,0.0,
ID44177 → ID44179,4,44177,44179,0.07379182338672463,0.9338988994949955,0.7182244847067314,0.7182244847067314,4.5,25.396200973416065,337.0953732027456,0.0,
ID44179 → ID44035,4,44179,44035,0.06738740485771211,0.5775000685987455,0.7973058436217475,0.7973058436217475,5.5,24.921540404040407,337.6453482190324,0.0,
ID44329 → ID44334,4,44329,44334,0.06714905933429605,0.5473543730279984,0.7332131593543295,0.7332131593543295,12.5,22.454830142677665,339.8076304106946,0.0,
ID44247 → ID44177,4,44247,44177,0.04932696533062075,2.9276432215088133,0.37714898772069866,0.37714898772069866,3.5,25.443915119830706,336.6026346196768,0.0,
ID44035 → ID44131,4,44035,44131,0.0972607297327277,1.5290818714341357,1.109370995187264,1.109370995187264,6.5,24.263744116067976,337.4165530459103,0.0,
ID44407 → ID44487,4,44407,44487,0.09907699497604983,1.2994789153468578,1.2839814751928407,1.2839814751928407,15.5,21.780102719535606,339.58185981063525,0.0,
ID44859 → ID44913,4,44859,44913,0.1283139534883726,0.5141224680915146,1.2515695735161287,1.2515695735161287,32.5,18.52587108399672,337.55873153342804,0.0,
ID44720 → ID44844,4,44720,44844,0.10808753568030383,0.5987957507776783,1.3135667033479963,1.3135667033479963,26.5,18.85580170125006,336.2572765842025,0.0,
ID44550 → ID44588,4,44550,44588,0.0917161934111087,0.30874088555995227,1.2319360263240056,1.2319360263240056,21.5,21.57715109978442,337.81378501040547,0.0,
ID44131 → ID44159,4,44131,44159,0.07407407407407407,2.5711231246637754,0.8063407174936422,0.8063407174936422,7.5,23.961068527144626,337.36997052410334,0.0,
ID44645 → ID44674,4,44645,44674,0.0653125725267868,1.8776563487452247,0.6486036761333792,0.6486036761333792,24.5,19.76310890681829,336.4247617561409,0.0,
ID44850 → ID44785,4,44850,44785,0.09300266325189144,0.8106587983454929,1.053687797771959,1.053687797771959,29.5,19.50496595504121,335.34684041418063,0.0,
ID44054 → ID44247,4,44054,44247,0.08750443345871262,1.009290086414372,1.0640935758991585,1.0640935758991585,2.5,25.512621858134814,336.94589497482673,0.0,
ID44283 → ID44253,4,44283,44253,0.05009173355439189,0.16315594290015567,0.14115322289741725,0.14115322289741725,9.5,23.73399119261334,337.81071997939597,0.0,
ID44159 → ID44283,4,44159,44283,0.04864177059348007,1.521145522810271,0.18295773520675954,0.18295773520675954,8.5,23.89298035244335,337.78220785414044,0.0,
ID44399 → ID44407,4,44399,44407,0.0737348559503781,1.9722494209633321,0.46803277792711884,0.46803277792711884,14.5,22.047491288062652,340.2717482678761,0.0,
ID44106 → ID44054,4,44106,44054,0.037935000789373285,3.079392553931104,0.11588830255894132,0.11588830255894132,1.5,25.638826780456313,337.4966527744514,0.0,
ID44588 → ID44640,4,44588,44640,0.09277343750000133,1.945339417782624,1.0260476990675338,1.0260476990675338,22.5,21.133676543008463,337.35040582429235,0.0,
ID44640 → ID44645,4,44640,44645,0.11563116872545087,0.9595052361473149,1.4536625906706642,1.4536625906706642,23.5,20.069639636739943,337.05491438361173,0.0,
ID44524 → ID44550,4,44524,44550,0.07363642913754898,2.4836215252637324,0.793405198604074,0.793405198604074,20.5,21.381306741932555,338.79563985558116,0.0,
ID44860 → ID44859,4,44860,44859,0.15899886602948188,0.9706535931140825,1.9571318498613968,1.9571318498613968,31.5,19.53732419328295,336.37865753927565,0.0,
ID44253 → ID44217,4,44253,44217,0.07816801534996154,0.13492367255543952,0.9334925593350393,0.9334925593350393,10.5,23.23688285968396,338.0132055986952,0.0,
ID45200 → ID44106,4,45200,44106,0.11262729124236392,NaN,1.4412630078604851,1.4412630078604851,0.5,26.029040745992045,336.96088315450174,0.0,
ID44913 → ID44971,4,44913,44971,0.48269525267993874,1.0565274244175922,7.029036393603438,7.029036393603438,33.5,14.922769976708008,336.17135877067665,0.0,
ID44014 → ID44218,5,44014,44218,0.13221827695758692,2.789596130091873,0.928633695372733,0.928633695372733,2.5,326.2840240881668,140.49590731082532,0.0,
ID44229 → ID44163,5,44229,44163,0.13442022957910615,1.552844175936815,0.943035562333125,0.943035562333125,10.5,319.33568433063954,149.1526277704782,0.0,
ID44718 → ID44803,5,44718,44803,0.0760195451982657,1.8725082276308076,0.5237231331204452,0.5237231331204452,28.5,312.6937588088789,160.1856526922661,0.0,
ID44100 → ID44273,5,44100,44273,0.2823330515638208,0.21369091009371827,2.393081220293038,2.393081220293038,8.5,319.7413695685731,146.0276817465611,0.0,
ID44614 → ID44618,5,44614,44618,0.22610981899080307,0.406068667215536,2.6486994849089243,2.6486994849089243,23.5,315.65561203257835,154.02696331965996,0.0,
ID44308 → ID44312,5,44308,44312,0.0675675675675802,1.597271579554849,0.435002369296952,0.435002369296952,12.5,319.58115274060856,151.21490097778891,0.0,
ID44044 → ID44014,5,44044,44014,0.11682650392329641,1.1084007872832178,1.0539168704349682,1.0539168704349682,1.5,326.3178075190217,140.31483654767712,0.0,
ID44218 → ID44120,5,44218,44120,0.07144969539243773,0.0575554002188037,0.9670851388067737,0.9670851388067737,3.5,325.3848094597558,140.19739936853676,0.0,
ID44121 → ID44005,5,44121,44005,0.09874326750448836,0.11106755872894722,1.4017836331100029,1.4017836331100029,5.5,322.74323029669074,139.8730389879384,0.0,
ID44069 → ID44100,5,44069,44100,0.2574284540599615,0.678478382319349,2.511688225139671,2.511688225139671,7.5,321.1293062873856,144.0228212410217,0.0,
ID45159 → ID45037,5,45159,45037,0.11472471190780698,0.4155386417619445,1.1049041855122068,1.1049041855122068,40.5,304.79580563393756,163.4636699507389,0.0,
ID44945 → ID44999,5,44945,44999,0.06019641897330219,2.062977066586254,0.41974484699616466,0.41974484699616466,35.5,309.1398980961151,164.10967732560806,0.0,
ID44362 → ID44366,5,44362,44366,0.06603843585369329,2.157645359742903,0.14628358971556216,0.14628358971556216,14.5,319.8741701287064,151.32146566471164,0.0,
ID44948 → ID44945,5,44948,44945,0.11117459799198715,0.9042241061945759,0.8322936658694684,0.8322936658694684,34.5,309.46996466871065,163.9492467572311,0.0,
ID44816 → ID44903,5,44816,44903,0.13177513600644775,1.6862574995728674,1.2546806593791433,1.2546806593791433,32.5,312.1096627318174,163.14566922098027,0.0,
ID45023 → ID45105,5,45023,45105,0.06992451330949545,0.15131619395518198,0.7236960061535092,0.7236960061535092,38.5,306.5830573861633,162.7386566729043,0.0,
ID44618 → ID44655,5,44618,44655,0.19002548234437566,0.26924912217567254,1.8885744875141088,1.8885744875141088,24.5,313.85935765642125,155.37976427837765,0.0,
ID44163 → ID44308,5,44163,44308,0.21297297297297646,1.4855033393520023,2.027028248640774,2.027028248640774,11.5,319.1301417385271,150.28784345639596,0.0,
ID44413 → ID44522,5,44413,44522,0.04109795641355585,1.064955882994932,0.09482801349656675,0.09482801349656675,18.5,319.04148005678735,151.8826571591207,0.0,
ID45105 → ID45159,5,45105,45159,0.10579804560260231,0.6779728239546061,1.141441922210503,1.141441922210503,39.5,305.70795274660634,162.85061093736869,0.0,
ID44796 → ID44718,5,44796,44718,0.14336235038084144,2.3432297173383,1.530283363874161,1.530283363874161,27.5,313.4229899667898,160.1294526786603,0.0,
ID44438 → ID44415,5,44438,44415,0.05565455791638496,1.7777343952422553,0.2547051333520102,0.2547051333520102,16.5,318.65283613595807,151.47959898263434,0.0,
ID44655 → ID44695,5,44655,44695,0.17200185703125415,0.34654024101532144,1.5216931979094444,1.5216931979094444,25.5,312.8921228572193,156.75327021991637,0.0,
ID45089 → ID45023,5,45089,45023,0.11271667595368018,0.08131085485654065,1.4501578764412641,1.4501578764412641,37.5,307.58517595917704,163.15238684324405,0.0,
ID44803 → ID44735,5,44803,44735,0.11308376255286368,2.0642427935476544,1.5484535736229585,1.5484535736229585,29.5,312.0090768583019,160.10110855377027,0.0,
ID44005 → ID44069,5,44005,44069,0.36227204783258526,1.6997429584795853,3.3106791466681744,3.3106791466681744,6.5,321.99950938962485,141.4157297465165,0.0,
ID44366 → ID44438,5,44366,44438,0.1208830126313385,2.679482358063661,1.3130853194895933,1.3130853194895933,15.5,319.2941969840474,151.4400454064293,0.0,
ID44817 → ID44816,5,44817,44816,0.14764554213598235,0.4336307754614919,1.5999229521985046,1.5999229521985046,31.5,312.1735455145476,162.18974944366903,0.0,
ID44735 → ID44817,5,44735,44817,0.1953125,2.2423236527535755,1.8334238432435386,1.8334238432435386,30.5,311.50574766943816,160.65180671033846,0.0,
ID44474 → ID44520,5,44474,44520,0.13272111074668846,0.05859638880564991,1.3606302681179103,1.3606302681179103,20.5,319.6091346456416,152.72239105550176,0.0,
ID44522 → ID44474,5,44522,44474,0.05695769846694565,1.1296871768142873,0.3108285456870868,0.3108285456870868,19.5,319.16501277328035,152.0146930424142,0.0,
ID44520 → ID44578,5,44520,44578,0.10613207547169812,2.257276631625529,1.440927046266806,1.440927046266806,21.5,319.261323924129,153.21188206144106,0.0,
ID44578 → ID44614,5,44578,44614,0.13873199213047482,0.24264042484829995,1.7640685161973466,1.7640685161973466,22.5,317.67075587902434,153.24125080055845,0.0,
ID44120 → ID44121,5,44120,44121,0.11728221031857133,0.24314238322626994,1.4884384316574846,1.4884384316574846,4.5,324.17846117193403,140.02146463319355,0.0,
ID44312 → ID44362,5,44312,44362,0.08787240445381517,1.7055114650506122,0.21393205835856366,0.21393205835856366,13.5,319.80504461992814,151.26359909119444,0.0,
ID44903 → ID44948,5,44903,44948,0.14616520730032967,0.44955985730779685,1.8710374385668673,1.8710374385668673,33.5,310.6343317676857,163.53206104422821,0.0,
ID44415 → ID44413,5,44415,44413,0.07148666355409383,2.6139808867609933,0.6369234340888598,0.6369234340888598,17.5,318.82033869581534,151.61922746365497,0.0,
ID45190 → ID44044,5,45190,44044,0.10044929396661939,NaN,0.7086789455695962,0.7086789455695962,0.5,325.9994541847435,139.63037774457558,0.0,
ID44695 → ID44796,5,44695,44796,0.2993405456661308,0.9219027028660428,3.2910587773381836,3.2910587773381836,26.5,313.3704401860207,158.89126973491562,0.0,
ID44273 → ID44229,5,44273,44229,0.22500559159024824,0.8037246099946691,2.0164957963803096,2.0164957963803096,9.5,319.47712841942587,148.0408927999512,0.0,
ID44999 → ID45089,5,44999,45089,0.0893887205876227,0.5591469655192506,0.9244585410771113,0.9244585410771113,36.5,308.6410119751755,163.69340113453268,0.0,
ID44552 → ID44589,6,44552,44589,0.05173305742371759,2.8749612336000214,0.15196264866717682,0.15196264866717682,21.5,118.65368454813786,340.29420904979565,0.0,
ID44249 → ID44182,6,44249,44182,0.1375503644874967,0.8436989944297533,0.9077493600793074,0.9077493600793074,3.5,114.09677797922338,341.41135376989735,0.0,
ID44184 → ID44041,6,44184,44041,0.09792808170732414,0.7249991117551924,1.0094763196149728,1.0094763196149728,5.5,113.66920428968622,339.7578114656428,0.0,
ID45201 → ID44112,6,45201,44112,0.14005045485818923,NaN,0.9841890454599086,0.9841890454599086,0.5,115.8055981813015,340.03742236024846,0.0,
ID44965 → ID45034,6,44965,45034,0.08324521838034848,0.5786882893931663,0.3763390747844342,0.3763390747844342,35.5,113.37265181848515,334.2192448400782,0.0,
ID44137 → ID44164,6,44137,44164,0.06467343347657217,0.41278242211135646,0.5487966327780233,0.5487966327780233,7.5,114.76761915086936,339.71584156754636,0.0,
ID44724 → ID44849,6,44724,44849,0.11196927794574052,0.6169625523883986,1.0861925966342936,1.0861925966342936,26.5,117.2847873636678,339.1931424910743,0.0,
ID44849 → ID44757,6,44849,44757,0.14290500921426696,0.006210930534958234,1.52239373671781,1.52239373671781,27.5,116.4160749757328,338.2202583744207,0.0,
ID44404 → ID44412,6,44404,44412,0.06569478677682139,2.3997324574577985,0.5820411624611675,0.5820411624611675,14.5,117.29343512767426,342.4611185053732,0.0,
ID44757 → ID44853,6,44757,44853,0.09319119669874532,0.9795360785301055,0.8626123698923358,0.8626123698923358,28.5,116.018610614192,337.23361169837915,0.0,
ID44853 → ID44790,6,44853,44790,0.1292278574182435,0.5507836698323693,1.2795341535433002,1.2795341535433002,29.5,115.93909822866344,336.2044071146245,0.0,
ID44973 → ID44965,6,44973,44965,0.07927917211843694,0.4041676437817635,0.8306448376506519,0.8306448376506519,34.5,113.86849680139909,334.52402560606583,0.0,
ID44164 → ID44284,6,44164,44284,0.08267752148347485,0.5231832915418402,0.7558784692824626,0.7558784692824626,8.5,115.33683080964792,339.98749857784117,0.0,
ID44256 → ID44220,6,44256,44220,0.04181972308562887,1.3203700655854824,0.07561250791627065,0.07561250791627065,10.5,115.92731504420479,340.8804918391139,0.0,
ID44112 → ID44060,6,44112,44060,0.09801602734242731,0.13756782974143794,0.5333747485370834,0.5333747485370834,1.5,115.52337807606264,340.7400047938639,0.0,
ID44337 → ID44404,6,44337,44404,0.09977578475336712,0.34645064736317044,0.895906339159106,0.895906339159106,13.5,117.00241859318322,342.3691786603814,0.0,
ID45125 → ID45058,6,45125,45058,0.07933943636690755,0.7177369074330895,0.5745364686576201,0.5745364686576201,37.5,112.46106931527916,332.8153909693634,0.0,
ID44914 → ID44973,6,44914,44973,0.08697675621168799,0.0609023735628668,0.7685691684754232,0.7685691684754232,33.5,114.52905867210745,334.9451088771371,0.0,
ID44863 → ID44914,6,44863,44914,0.0697869659791942,0.1046539733382485,0.39614263473392525,0.39614263473392525,32.5,114.9522623847292,335.3448022347685,0.0,
ID44284 → ID44256,6,44284,44256,0.08699443763550696,0.4378933604734806,0.7117534599560355,0.7117534599560355,9.5,115.7950703725964,340.53806323863705,0.0,
ID44467 → ID44466,6,44467,44466,0.03781885695835141,1.7377061690734854,0.03815935536755407,0.03815935536755407,17.5,117.36716896081414,341.4853219096184,0.0,
ID44643 → ID44648,6,44643,44648,0.051420150337673665,2.5817079354631467,0.28383340485771663,0.28383340485771663,23.5,118.50151461092631,340.2794745430891,0.0,
ID44553 → ID44527,6,44553,44527,0.06508296863416163,0.054336444545684544,0.47305427253655086,0.47305427253655086,19.5,118.22440327893024,340.71943701795584,0.0,
ID44220 → ID44332,6,44220,44332,0.10043397396156228,1.8392533479033986,0.8746334843335598,0.8746334843335598,11.5,116.26384342850648,341.1462984786192,0.0,
ID44493 → ID44467,6,44493,44467,0.09851889483762499,3.106179100635565,0.9060300699030105,0.9060300699030105,16.5,117.36398146699352,341.9355491228985,0.0,
ID44466 → ID44553,6,44466,44553,0.09886887306242143,2.5508659734516663,0.9289634776564426,0.9289634776564426,18.5,117.70084339228298,341.1852419173503,0.0,
ID44790 → ID44864,6,44790,44864,0.08802651149636376,2.869398455723239,0.5969531866960176,0.5969531866960176,30.5,115.75909822866345,335.891134245084,0.0,
ID44648 → ID44675,6,44648,44675,0.04595156934789513,1.0733006715066415,0.3986131630389091,0.3986131630389091,24.5,118.47613244357287,339.98584921155026,0.0,
ID44864 → ID44863,6,44864,44863,0.10811086376534729,2.4174546989746366,0.9761984838675296,0.9761984838675296,31.5,115.43413878562578,335.83221096508834,0.0,
ID44182 → ID44184,6,44182,44184,0.1873557914167051,2.2448103335291023,1.6132919268121606,1.6132919268121606,4.5,113.62732895947107,340.9879256268882,0.0,
ID44527 → ID44552,6,44527,44552,0.06343539285441835,0.025607091750057917,0.44052000659256907,0.44052000659256907,20.5,118.55836972637596,340.4078495612071,0.0,
ID44332 → ID44337,6,44332,44337,0.0775464706413952,0.7691212802198734,0.6182328405919703,0.6182328405919703,12.5,116.69575451834916,341.68898983300824,0.0,
ID44412 → ID44493,6,44412,44493,0.05155123307836085,2.9779077673095404,0.21338996582436723,0.21338996582436723,15.5,117.34328376937073,342.2813377788533,0.0,
ID44041 → ID44137,6,44041,44137,0.06874113623091216,1.6411812120598084,0.6961836158815059,0.6961836158815059,6.5,114.19992695350851,339.4940884837827,0.0,
ID44589 → ID44643,6,44589,44643,0.04197071434349231,1.2626580062430623,0.058013025048121815,0.058013025048121815,22.5,118.59067048242963,340.3573012014342,0.0,
ID44675 → ID44724,6,44675,44724,0.08788181720589616,1.7001792215918488,0.9190419447277539,0.9190419447277539,25.5,118.09629226071652,339.6978024619723,0.0,
ID45058 → ID45132,6,45058,45132,0.03930559458832128,1.8493014927512885,0.24766947657298022,0.24766947657298022,38.5,112.2763054100227,332.60524678012086,0.0,
ID45170 → ID45080,6,45170,45080,0.08432322502299217,1.870171415559783,0.4935520706624938,0.4935520706624938,40.5,111.97057592613356,332.12005120111087,0.0,
ID44060 → ID44249,6,44060,44249,0.1487949864061464,1.0278941656389475,1.031556345229044,1.031556345229044,2.5,114.88785850349694,341.0145748672318,0.0,
ID45034 → ID45125,6,45034,45125,0.1260522064450339,0.1757319794587964,1.2574207199881002,1.2574207199881002,36.5,112.99401765358962,333.4979370749596,0.0,
ID45132 → ID45170,6,45132,45170,0.06359545050628301,1.9127205251912167,0.5666878744292314,0.5666878744292314,39.5,112.08850384293179,332.4133627777079,0.0,
ID44579 → ID44617,7,44579,44617,0.1325362299500935,0.8220548870608468,1.8291358705322993,1.8291358705322993,22.5,94.96557907863135,162.00579315727552,0.0,
ID44715 → ID44797,7,44715,44797,0.09624132152262166,2.259962372971602,1.134080699638853,1.134080699638853,28.5,98.52982926098835,163.11241160356508,0.0,
ID44170 → ID44310,7,44170,44310,0.07520699804692987,1.8988844366671649,0.6597412433681404,0.6597412433681404,11.5,94.81187776888177,159.7114207632773,0.0,
ID44420 → ID44418,7,44420,44418,0.08065314200890739,2.034765504595964,0.7574383524466926,0.7574383524466926,17.5,93.12329681679023,160.32994625697958,0.0,
ID45084 → ID45020,7,45084,45020,0.05429845310112347,0.8502724088696795,0.3132611201076246,0.3132611201076246,37.5,99.5433381238555,163.8396532222012,0.0,
ID45191 → ID44050,7,45191,44050,0.01657414750198072,NaN,0.03886294642610687,0.03886294642610687,0.5,93.11034780555036,157.2914771719194,0.0,
ID45020 → ID45101,7,45020,45101,0.05775884333402037,2.765887741526879,0.5289194227189634,0.5289194227189634,38.5,99.62323301381116,163.94464100044155,0.0,
ID44525 → ID44480,7,44525,44480,0.08375101849336986,2.132164452848434,0.5449083556509586,0.5449083556509586,19.5,93.10945328670616,160.4029388361064,0.0,
ID44902 → ID44944,7,44902,44944,0.04283437881643182,2.8330468325980247,0.35183612990627766,0.35183612990627766,33.5,97.79183912995165,164.1192453400189,0.0,
ID44941 → ID44995,7,44941,44995,0.11880466472303208,1.4659866997550839,1.0702538223625646,1.0702538223625646,35.5,98.87586952649161,164.4575189497429,0.0,
ID44697 → ID44791,7,44697,44791,0.17226277372262777,0.4198748858263987,1.855361948553831,1.855361948553831,26.5,97.20760607744452,163.21778909531378,0.0,
ID44105 → ID44274,7,44105,44274,0.0674330615369978,0.5111718009208002,0.4510964797989203,0.4510964797989203,8.5,95.85190733517464,159.18172062334781,0.0,
ID44314 → ID44364,7,44314,44364,0.06572931201030585,1.428376471414133,0.19417367294918556,0.19417367294918556,13.5,94.56121358514531,160.47079468741234,0.0,
ID44274 → ID44232,7,44274,44232,0.07531055900620842,1.1018352198302401,0.5274198647436493,0.5274198647436493,9.5,95.63138202754376,159.53604821243331,0.0,
ID44127 → ID44007,7,44127,44007,0.06406475066877493,0.4626731044437996,0.6361159922582782,0.6361159922582782,5.5,95.00122061273603,157.00505406948045,0.0,
ID44523 → ID44579,7,44523,44579,0.04379229073215396,1.2080755998198287,0.18945584123609668,0.18945584123609668,21.5,94.43935738288422,161.17727238487015,0.0,
ID44995 → ID45084,7,44995,45084,0.03914568058654588,0.12175551581130864,0.25650091685080295,0.25650091685080295,36.5,99.40622471667452,164.06030772128656,0.0,
ID44050 → ID44017,7,44050,44017,0.07223065014578922,1.6992123192240525,0.48730792927062255,0.48730792927062255,1.5,93.15282928297128,157.05330178540723,0.0,
ID44812 → ID44811,7,44812,44811,0.05137210296730055,0.5050852720398468,0.18604050350181062,0.18604050350181062,31.5,97.62239955811384,163.4734112448398,0.0,
ID44617 → ID44620,7,44617,44620,0.06531033661164587,0.6849719953316052,0.4671034269124143,0.4671034269124143,23.5,95.7356034618156,162.79881336848445,0.0,
ID44732 → ID44812,7,44732,44812,0.1043196813145808,1.651184871309261,0.9021424581110357,0.9021424581110357,30.5,97.9034754237625,163.01892979684573,0.0,
ID44791 → ID44715,7,44791,44715,0.07244986985270052,1.877718165107948,0.5321894853608731,0.5321894853608731,27.5,98.08270184599056,163.0895483520212,0.0,
ID44368 → ID44444,7,44368,44444,0.08304784646798857,1.3204081539342645,0.7011460773815287,0.7011460773815287,15.5,94.16850902572489,160.46854057907206,0.0,
ID44480 → ID44523,7,44480,44523,0.10538494913947882,0.45905091053144925,1.2607125584050132,1.2607125584050132,20.5,93.9188249216703,160.75567714164106,0.0,
ID44418 → ID44525,7,44418,44525,0.04676013848124949,2.3244007613033904,0.3454806222210656,0.3454806222210656,18.5,92.91665913200723,160.5325248847401,0.0,
ID44364 → ID44368,7,44364,44368,0.04610934823509427,2.956012678564231,0.23375215550326814,0.23375215550326814,14.5,94.56374552456677,160.4429580686084,0.0,
ID44620 → ID44658,7,44620,44658,0.041334975146295805,2.9992149775895154,0.09325118276884166,0.09325118276884166,24.5,95.91884389119683,162.83862156706374,0.0,
ID44658 → ID44697,7,44658,44697,0.03870458135860977,2.967929626015015,0.4902144552099916,0.4902144552099916,25.5,96.08272932048176,162.95211308245334,0.0,
ID44126 → ID44127,7,44126,44127,0.07616983442251213,0.30560878280237613,0.5585997568707722,0.5585997568707722,4.5,94.44322725365183,156.84134585768518,0.0,
ID44310 → ID44314,7,44310,44314,0.06725141877513041,0.4880921140794299,0.4541993318852191,0.4541993318852191,12.5,94.62743862476498,160.22004899274776,0.0,
ID44944 → ID44941,7,44944,44941,0.09134088417975883,3.088051614935229,1.1177879833636155,1.1177879833636155,34.5,98.0656851449562,164.38750025652075,0.0,
ID44797 → ID44732,7,44797,44732,0.092054642465219,2.950617019939216,1.1259702486006369,1.1259702486006369,29.5,98.59598033711637,163.02727531729488,0.0,
ID44222 → ID44126,7,44222,44126,0.1046728971962626,2.2549135884126974,1.1932331240761256,1.1932331240761256,3.5,93.60254880384143,156.62910319070892,0.0,
ID44232 → ID44170,7,44232,44170,0.06425238006347167,0.9888815745217869,0.6084238633369115,0.6084238633369115,10.5,95.13122749565773,159.52513442447946,0.0,
ID44076 → ID44105,7,44076,44105,0.08528779800139064,0.5366781740356577,1.0412838071206083,1.0412838071206083,7.5,95.56883737750306,158.5134022506383,0.0,
ID45101 → ID45158,7,45101,45158,0.0682117187608211,0.3448791740213433,0.4754443338428386,0.4754443338428386,39.5,99.64133694880165,164.4390650028712,0.0,
ID44017 → ID44222,7,44017,44222,0.05441237398148935,0.43651372606553707,0.4063304392629206,0.4063304392629206,2.5,93.10866515749555,156.61923564352605,0.0,
ID44444 → ID44420,7,44444,44420,0.07609214504181461,1.1634792721661098,0.8523767552488816,0.8523767552488816,16.5,93.54554956404297,160.2818955689289,0.0,
ID44811 → ID44902,7,44811,44902,0.08189473252882584,0.542187354333754,0.7478743997546147,0.7478743997546147,32.5,97.75878661762809,163.9086934604465,0.0,
ID45158 → ID45033,7,45158,45033,0.10852529090477236,0.5317225483328386,1.0655712017872747,1.0655712017872747,40.5,99.2732622745764,165.0896263144035,0.0,
ID44007 → ID44076,7,44007,44076,0.09120085584380666,1.0527787547272132,0.9126186628295988,0.9126186628295988,6.5,95.28769094669984,157.61418577311622,0.0,
ID44473 → ID44555,8,44473,44555,0.07095756702721101,1.8980148725096293,0.6502434900057802,0.6502434900057802,18.5,65.56486205847074,359.75548155707133,0.0,
ID44915 → ID44979,8,44915,44979,0.03377047596729266,0.28016935908370166,0.1949491642851398,0.1949491642851398,33.5,65.32873486955509,354.6372347463194,0.0,
ID45202 → ID44117,8,45202,44117,0.07051635790303867,NaN,0.6078811229461766,0.6078811229461766,0.5,69.17286392968123,359.44368753837705,0.0,
ID44335 → ID44340,8,44335,44340,0.11026429869948062,0.7680536476534974,1.1504446093494474,1.1504446093494474,12.5,69.20389577444372,362.6361491628615,0.0,
ID44117 → ID44067,8,44117,44067,0.12139037433155264,1.5684490579261634,1.5094062341241052,1.5094062341241052,1.5,69.92295657111964,359.7605385192835,0.0,
ID44192 → ID44189,8,44192,44189,0.08359146486752567,2.001739835797716,0.4982987197825093,0.4982987197825093,4.5,70.63496216840926,361.3211256478321,0.0,
ID44555 → ID44530,8,44555,44530,0.06319955475850614,2.722048147535472,0.503735525706685,0.503735525706685,19.5,65.43740446943579,359.6978257052747,0.0,
ID44651 → ID44677,8,44651,44677,0.11310244611286357,0.7703706867950938,1.0921134076620245,1.0921134076620245,24.5,66.7652557002285,358.34984439454627,0.0,
ID44259 → ID44223,8,44259,44223,0.049112693974655786,2.7385667608932915,0.3279684738478774,0.3279684738478774,10.5,70.77046736192504,363.241723504099,0.0,
ID44472 → ID44473,8,44472,44473,0.06467528729725369,1.7615094184578957,0.8561212230850966,0.8561212230850966,17.5,66.00875920237922,359.8048052264638,0.0,
ID44530 → ID44554,8,44530,44554,0.07056559392708972,2.529753573630456,0.6247296098061045,0.6247296098061045,20.5,65.61634810061426,359.7113649485231,0.0,
ID44868 → ID44867,8,44868,44867,0.08023937679489512,1.9491261945280587,0.9022438580251044,0.9022438580251044,31.5,65.60659065620602,354.98974094721456,0.0,
ID44867 → ID44915,8,44867,44915,0.057977081262098884,2.3517695180755185,0.50817407728268,0.50817407728268,32.5,65.67594326822538,354.67055891121146,0.0,
ID44285 → ID44259,8,44285,44259,0.053326875992145806,0.6846601674065899,0.32789570736246537,0.32789570736246537,9.5,70.78649210260257,363.1780734971062,0.0,
ID44189 → ID44051,8,44189,44051,0.07881396948314279,0.23968838088515168,0.9148383445261267,0.9148383445261267,5.5,69.9332776385408,361.3021043771044,0.0,
ID44340 → ID44409,8,44340,44409,0.09059807073955195,0.19944617219152055,0.978501922175448,0.978501922175448,13.5,68.47694904461741,361.865763556612,0.0,
ID45129 → ID45065,8,45129,45065,0.10763645627667207,0.7621344457098376,1.003109812259781,1.003109812259781,37.5,63.93986042411703,354.10833409998287,0.0,
ID44979 → ID44968,8,44979,44968,0.07230349939152592,0.8480535285452027,0.7878623158878104,0.7878623158878104,34.5,64.89964243739988,354.81432052141434,0.0,
ID44168 → ID44285,8,44168,44285,0.0814649441450741,0.025728252139127387,0.675271003573609,0.675271003573609,8.5,70.49533286056567,362.80142769249017,0.0,
ID44968 → ID45039,8,44968,45039,0.03699421965317917,2.118388501673758,0.24837987493092537,0.24837987493092537,35.5,64.5634707884708,354.8958828208828,0.0,
ID44499 → ID44472,8,44499,44472,0.12928100849915714,1.563388724941562,1.2947876452839986,1.2947876452839986,16.5,66.63649158592555,360.12612130998923,0.0,
ID44590 → ID44646,8,44590,44646,0.08650032632159343,1.2920683935613408,0.9748794087461944,0.9748794087461944,22.5,67.08167245191017,359.93548089836565,0.0,
ID44143 → ID44168,8,44143,44168,0.0857427716849416,0.38746367975508983,0.798802240087436,0.798802240087436,7.5,70.17313492765538,362.1386138313335,0.0,
ID45039 → ID45129,8,45039,45129,0.06593560489495998,0.36210211394432157,0.4790383492859096,0.4790383492859096,36.5,64.47794144022959,354.5478723881266,0.0,
ID44762 → ID44857,8,44762,44857,0.07722782737309764,2.495790386835517,0.6707330817089976,0.6707330817089976,28.5,64.8906822347709,356.1938602559088,0.0,
ID45134 → ID45171,8,45134,45171,0.06542422069654752,0.5420199068553109,0.66934009752111,0.66934009752111,39.5,63.11520939544195,354.00502828409805,0.0,
ID45171 → ID45088,8,45171,45088,0.05054551560888454,1.793406016340738,0.37403212124995117,0.37403212124995117,40.5,62.909041148806125,354.2822242257421,0.0,
ID45065 → ID45134,8,45065,45134,0.05312299367146711,0.2776416490193901,0.061302932293413034,0.061302932293413034,38.5,63.456840234041266,353.887522742987,0.0,
ID44727 → ID44854,8,44727,44854,0.14449213161659513,0.8333145946323971,1.4946099793081538,1.4946099793081538,26.5,64.99602466845815,357.41211841969675,0.0,
ID44051 → ID44143,8,44051,44143,0.0781540367540734,2.3652548922311327,0.688039942603491,0.688039942603491,6.5,69.7354539307008,361.55488517092755,0.0,
ID44554 → ID44590,8,44554,44590,0.11025995227928831,1.5687513254558625,1.1251931196907579,1.1251931196907579,21.5,66.24752445441963,359.8395126309057,0.0,
ID44251 → ID44192,8,44251,44192,0.10113649408793635,0.2772654606679703,0.9064889128500763,0.9064889128500763,3.5,70.76849408103438,360.9270053940771,0.0,
ID44677 → ID44727,8,44677,44727,0.0809082467543849,0.48116932461660095,0.8464987202618955,0.8464987202618955,25.5,65.8788594314212,358.03145630192466,0.0,
ID44854 → ID44762,8,44854,44762,0.08740060081286694,0.8951404825182986,0.9622985167970797,0.9622985167970797,27.5,64.6453922752034,356.3553416672088,0.0,
ID44223 → ID44335,8,44223,44335,0.08660473479172803,0.0934080510457109,1.0579724264926236,1.0579724264926236,11.5,70.08268810873139,363.16165206938,0.0,
ID44417 → ID44499,8,44417,44499,0.04250424179679735,1.3501047646835884,0.40986788100868393,0.40986788100868393,15.5,67.10779757029758,360.61699085449084,0.0,
ID44409 → ID44417,8,44409,44417,0.1308476960956736,0.19173810218035445,1.304619970897981,1.304619970897981,14.5,67.69850420812463,361.0378214644576,0.0,
ID44646 → ID44651,8,44646,44651,0.10153396639883128,1.2314672261152673,1.0608243424762984,1.0608243424762984,23.5,67.35874212905391,359.1517194686248,0.0,
ID44857 → ID44795,8,44857,44795,0.16441461075756258,2.7105835760632924,1.7494180911409467,1.7494180911409467,29.5,65.03992425882885,355.6261687189925,0.0,
ID44067 → ID44251,8,44067,44251,0.08447594701371863,1.5823930091490157,0.7144984063126222,0.7144984063126222,2.5,70.66727979895032,360.13058383177383,0.0,
ID44795 → ID44868,8,44795,44868,0.060433076061662594,2.7323830223735066,0.5983446248202295,0.5983446248202295,30.5,65.16857798406835,355.0279186844664,0.0,
ID44235 → ID44176,9,44235,44176,0.0629941133655666,0.8849434204304775,0.6139713144156943,0.6139713144156943,10.5,74.22752358017259,169.97988863410643,0.0,
ID44821 → ID44824,9,44821,44824,0.07112061861786945,1.4745095867535813,0.7737544081947908,0.7737544081947908,31.5,68.21849113415956,173.52484734540002,0.0,
ID44526 → ID44580,9,44526,44580,0.04586445285666507,1.3663328095216498,0.4292238161884479,0.4292238161884479,21.5,70.66314754296485,172.3641104774826,0.0,
ID44367 → ID44371,9,44367,44371,0.057168697638994015,1.3206561679647446,0.26044755183082835,0.26044755183082835,14.5,71.47605796424587,171.56358974857943,0.0,
ID45192 → ID44055,9,45192,44055,0.09161500030096581,NaN,1.0338608811307286,1.0338608811307286,0.5,75.68319611489858,171.26041336516153,0.0,
ID44951 → ID44947,9,44951,44947,0.06830845857368373,1.5585936747290758,0.8745318265356576,0.8745318265356576,34.5,66.44158635787221,173.4496244493326,0.0,
ID44009 → ID44084,9,44009,44084,0.0663358206290795,1.605806233284524,0.5994094593597936,0.5994094593597936,6.5,75.75443131462333,169.29148202855737,0.0,
ID45002 → ID45096,9,45002,45096,0.057857011578753226,2.4106963474377845,0.714679393052977,0.714679393052977,36.5,66.05547422922831,173.8806035744591,0.0,
ID44084 → ID44111,9,44084,44111,0.05453880788328247,0.5440842158084591,0.41488187674182925,0.41488187674182925,7.5,75.29083609349638,169.44743527890407,0.0,
ID45109 → ID45160,9,45109,45160,0.09902252443689052,1.1087649448993138,1.0492813327981596,1.0492813327981596,39.5,64.69846854304635,174.5736314065649,0.0,
ID44486 → ID44526,9,44486,44526,0.07520328437534785,1.272398862987604,0.8182508013616521,0.8182508013616521,20.5,70.21619302892174,172.58621174680763,0.0,
ID44371 → ID44449,9,44371,44449,0.07447081412613621,0.4555074008020369,0.5748953972520782,0.5748953972520782,15.5,71.0754458450841,171.64312587337417,0.0,
ID44662 → ID44699,9,44662,44699,0.06042325311310226,2.7945042043525903,0.6498059295006879,0.6498059295006879,25.5,70.78288556164905,173.24602956900551,0.0,
ID44809 → ID44738,9,44809,44738,0.07984341155025387,0.10387120406443151,1.0793737924893958,1.0793737924893958,29.5,69.4300257916301,173.24982683067657,0.0,
ID44111 → ID44275,9,44111,44275,0.05383618828271142,1.5731250138314135,0.5083058337235646,0.5083058337235646,8.5,75.08443434842465,169.70195094275414,0.0,
ID44426 → ID44423,9,44426,44423,0.0699685084454591,0.7019958151042526,0.6996368980865857,0.6996368980865857,17.5,69.89545990069848,172.14523092791939,0.0,
ID44133 → ID44009,9,44133,44009,0.1020815322205233,0.27130067534024527,1.3634347301419725,1.3634347301419725,5.5,76.34388044691447,169.73058123282667,0.0,
ID44423 → ID44528,9,44423,44528,0.051643903995119755,2.276358785485234,0.49151594333543625,0.49151594333543625,18.5,69.6303442820865,172.17663460135032,0.0,
ID44904 → ID44951,9,44904,44951,0.058833898568118714,1.2950338666047359,0.537553306258139,0.537553306258139,33.5,66.95686235440212,173.42131856011082,0.0,
ID44020 → ID44225,9,44020,44225,0.05877153588050765,1.6537030701220663,0.5534407471510994,0.5534407471510994,2.5,76.77733617143016,170.89790693116345,0.0,
ID44275 → ID44235,9,44275,44235,0.07290838427336799,1.2667056781041093,0.6303205685172238,0.6303205685172238,9.5,74.78516085284244,170.05169716723907,0.0,
ID44313 → ID44316,9,44313,44316,0.11425089524408949,0.38183284373688353,1.2447971655964511,1.2447971655964511,12.5,72.57837954260651,170.49398452729042,0.0,
ID44802 → ID44721,9,44802,44721,0.05949095369518953,1.6425420017687453,0.43933153074130915,0.43933153074130915,27.5,70.78006587622002,173.45321910688523,0.0,
ID44449 → ID44426,9,44449,44426,0.0725613515846607,0.1443385455357227,0.7026526102711039,0.7026526102711039,16.5,70.45929447975624,171.80526602629607,0.0,
ID44699 → ID44802,9,44699,44802,0.03399048266485383,3.08740407133279,0.2918828377827023,0.2918828377827023,26.5,70.96020707599456,173.27292782518714,0.0,
ID44580 → ID44619,9,44580,44619,0.09134296008988019,2.186682888615814,1.2035543392936618,1.2035543392936618,22.5,71.12306713172217,172.58195059341395,0.0,
ID44055 → ID44020,9,44055,44020,0.07941944291428127,0.695620657376319,0.7773823083755123,0.7773823083755123,1.5,76.5353021518668,171.2868288292525,0.0,
ID45160 → ID45042,9,45160,45042,0.07090024197096056,2.1201521721233108,0.7887660583759597,0.7887660583759597,40.5,64.38133996851101,174.91148461489567,0.0,
ID44622 → ID44662,9,44622,44662,0.05259515570934259,0.011967297161885576,0.5910023638874502,0.5910023638874502,24.5,70.75619073790443,173.13831481803277,0.0,
ID45026 → ID45109,9,45026,45109,0.0798640009916648,0.5918540996459898,0.7214005193989755,0.7214005193989755,38.5,64.98068947069838,173.87048409332073,0.0,
ID44824 → ID44904,9,44824,44904,0.08081014780187701,0.1888438761268856,0.7989486094112478,0.7989486094112478,32.5,67.47593751673881,173.27692052981598,0.0,
ID44176 → ID44313,9,44176,44313,0.09714889123548043,1.1823136806273058,0.9546829994050867,0.9546829994050867,11.5,73.57773326631977,170.08419372393917,0.0,
ID44316 → ID44367,9,44316,44367,0.09856243971891732,0.9781480807803296,1.015271477091398,1.015271477091398,13.5,71.78842760637225,171.10554463265441,0.0,
ID44721 → ID44809,9,44721,44809,0.07226675358925783,1.6627669322776126,0.8389327314241869,0.8389327314241869,28.5,70.33699549925375,173.55795124385315,0.0,
ID45096 → ID45026,9,45096,45026,0.06703433078874266,0.3867651086966231,0.4424840443103811,0.4424840443103811,37.5,65.51428878795264,173.70683459484025,0.0,
ID44132 → ID44133,9,44132,44133,0.05005652748117828,2.5106987755929437,0.5472153141528587,0.5472153141528587,4.5,76.87001223857122,170.51936915209836,0.0,
ID44528 → ID44486,9,44528,44486,0.06542339406058761,3.0054192105415662,0.6984002223495012,0.6984002223495012,19.5,69.6957150906041,172.2661657699998,0.0,
ID44619 → ID44622,9,44619,44622,0.058071206360179706,2.1834041558606283,0.5035400055134589,0.5035400055134589,23.5,71.29663870715035,173.05222714631446,0.0,
ID44738 → ID44821,9,44738,44821,0.07793810298688575,1.4292406802036723,0.7222515501080643,0.7222515501080643,30.5,68.74973117937493,173.36758020231915,0.0,
ID44947 → ID45002,9,44947,45002,0.06683123514936506,2.445555741145648,0.8576742100719753,0.8576742100719753,35.5,66.21617515923234,173.6406669441444,0.0,
ID44225 → ID44132,9,44225,44132,0.05672465771431123,2.1795848884386584,0.4112386971737078,0.4112386971737078,3.5,76.85978387631216,170.6811636307475,0.0,
ID44276 → ID44238,10,44276,44238,0.04614128215597291,1.2947686072705729,0.14566805860653365,0.14566805860653365,9.5,119.09297440423654,237.23704177699324,0.0,
ID44832 → ID44833,10,44832,44833,0.1363449691991786,0.7294114355449359,1.5506346969876625,1.5506346969876625,31.5,118.73705732197698,239.4780978332093,0.0,
ID44059 → ID44023,10,44059,44023,0.028254727233210764,0.09469734738292147,0.08711789711545116,0.08711789711545116,1.5,120.68436823491587,235.46778909012966,0.0,
ID44315 → ID44318,10,44315,44318,0.07098879905052125,2.2833091377816714,0.5921517514386841,0.5921517514386841,12.5,118.95721634349312,237.71481270642875,0.0,
ID44180 → ID44315,10,44180,44315,0.04987898295779858,9.88643817424504E-4,0.28589273913205543,0.28589273913205543,11.5,119.1837577078162,237.7527255811516,0.0,
ID45162 → ID45052,10,45162,45052,0.04631005448240555,0.0872327058941015,0.35439542413254344,0.35439542413254344,40.5,115.49598647528794,239.30209149523878,0.0,
ID44375 → ID44453,10,44375,44453,0.08549751969653163,1.7723695542120346,0.7590896130457361,0.7590896130457361,15.5,119.05916341758369,238.12335601419056,0.0,
ID44228 → ID44138,10,44228,44138,0.040575549345535644,1.296431538625637,0.18128610359573927,0.18128610359573927,3.5,120.45033327808625,236.3040505787133,0.0,
ID44012 → ID44090,10,44012,44090,0.09400185436131714,0.6380752725824693,0.9100018306614602,0.9100018306614602,6.5,119.12011751516324,236.7614993332473,0.0,
ID44140 → ID44012,10,44140,44012,0.08333333333333337,0.5516914644189538,0.8574023303803675,0.8574023303803675,5.5,119.84862776456217,236.34503343191463,0.0,
ID44819 → ID44747,10,44819,44747,0.09515717926932876,2.6454825312417793,1.0288289186125994,1.0288289186125994,29.5,117.87440405849,238.81634205378163,0.0,
ID44531 → ID44492,10,44531,44492,0.08505661219794114,1.7460091365275903,0.6809232332300128,0.6809232332300128,19.5,117.71575377928708,237.9816158624378,0.0,
ID44665 → ID44701,10,44665,44701,0.047039976698459385,1.8574680230028016,0.3593234531374302,0.3593234531374302,25.5,118.21434234234235,238.58357957957958,0.0,
ID44747 → ID44832,10,44747,44832,0.08180016982734417,2.8068424518783948,0.751557293825613,0.751557293825613,30.5,118.01327504506327,238.67007300013955,0.0,
ID44318 → ID44369,10,44318,44369,0.07309465690263184,2.7923306469455795,0.8222546414404112,0.8222546414404112,13.5,119.11454154695812,237.6583878021176,0.0,
ID44369 → ID44375,10,44369,44375,0.06498393953207982,2.9062200180621303,0.4977827830637861,0.4977827830637861,14.5,119.25820276453453,237.76480546830263,0.0,
ID44453 → ID44432,10,44453,44432,0.07746942959654801,2.537991821945262,0.717237337414926,0.717237337414926,16.5,118.86825671362445,238.23333444739671,0.0,
ID44621 → ID44626,10,44621,44626,0.05517241379310134,0.6932791764878671,0.1667311145290209,0.1667311145290209,23.5,118.10543100427634,238.1931940119178,0.0,
ID44090 → ID44118,10,44090,44118,0.05076854391224106,0.4610110464225082,0.48320604304155856,0.48320604304155856,7.5,118.74549756030397,237.32891834546183,0.0,
ID44492 → ID44529,10,44492,44529,0.06462622198513768,2.9672832399593414,0.44814932065574775,0.44814932065574775,20.5,117.59306136093062,238.0099808610998,0.0,
ID44701 → ID44807,10,44701,44807,0.05999933904634236,2.937529292484181,0.24954061859496487,0.24954061859496487,26.5,118.17283236049116,238.63069875683306,0.0,
ID44950 → ID45009,10,44950,45009,0.06420404573438876,0.5631606614024575,0.6735546844438648,0.6735546844438648,35.5,117.10952409656461,239.49083834553767,0.0,
ID45116 → ID45162,10,45116,45162,0.05403997018660878,0.03115258699972833,0.09150222295016877,0.09150222295016877,39.5,115.7162623330396,239.26857921394233,0.0,
ID44023 → ID44228,10,44023,44228,0.07930060049452115,0.1544866740463914,0.7956962587185554,0.7956962587185554,2.5,120.52652924594786,235.8795102184637,0.0,
ID45104 → ID45032,10,45104,45032,0.06521207588418199,2.9585000637761127,0.5763952670475072,0.5763952670475072,37.5,116.26390745940485,238.89552625658723,0.0,
ID44118 → ID44276,10,44118,44276,0.06618226385362747,2.6490380819145445,0.5015870704847293,0.5015870704847293,8.5,118.85370888660671,237.38164693639393,0.0,
ID44238 → ID44180,10,44238,44180,0.04911122247442068,1.017665836022999,0.33870658805197845,0.33870658805197845,10.5,119.1663389774782,237.44091210477288,0.0,
ID44138 → ID44140,10,44138,44140,0.04586947176775957,2.8471765318797893,0.27003214601631836,0.27003214601631836,4.5,120.3958793326917,236.31159483313874,0.0,
ID44432 → ID44428,10,44432,44428,0.06680136380856083,1.597287575442378,0.5654543742614659,0.5654543742614659,17.5,118.42322862742147,238.16177551230908,0.0,
ID44529 → ID44581,10,44529,44581,0.06328344382364781,0.2866522801720222,0.5599700391309714,0.5599700391309714,21.5,117.91306127931827,237.62715413632515,0.0,
ID44626 → ID44665,10,44626,44665,0.0459658308929245,0.042231449876425076,0.33266706280343084,0.33266706280343084,24.5,118.26754764024933,238.3830442267735,0.0,
ID44833 → ID44906,10,44833,44906,0.12123745819397991,1.5873577469466864,1.2687715998046412,1.2687715998046412,32.5,119.00307324016563,240.43544162230108,0.0,
ID45032 → ID45116,10,45032,45116,0.0677239605657951,2.00054690684549,0.6823726619357718,0.6823726619357718,38.5,116.09600730212134,239.19442265568722,0.0,
ID44726 → ID44819,10,44726,44819,0.044695997199205584,1.285022280598836,0.2782259056352768,0.2782259056352768,28.5,117.76908806732791,239.19976689042517,0.0,
ID45009 → ID45104,10,45009,45104,0.08588747545462183,0.3250976854381553,0.985934122209025,0.985934122209025,36.5,116.4510314064566,239.0035286633261,0.0,
ID44955 → ID44950,10,44955,44950,0.09096788100884412,0.3893450852324184,0.9653039062154598,0.9653039062154598,34.5,117.67168454188645,240.04332057678425,0.0,
ID45193 → ID44059,10,45193,44059,0.0949423247559894,NaN,0.9350617697834362,0.9350617697834362,0.5,120.75574431339876,234.96188812807185,0.0,
ID44581 → ID44621,10,44581,44621,0.08729344070320966,2.5873164769974637,0.7371066710982449,0.7371066710982449,22.5,118.05849819870082,237.75978576965423,0.0,
ID44428 → ID44531,10,44428,44531,0.06627372601937709,1.9652259506732574,0.58923589017424,0.58923589017424,18.5,118.1129668788016,238.08144242693012,0.0,
ID44906 → ID44955,10,44906,44955,0.08287440517564026,1.5643557664225416,0.8619411521666325,0.8619411521666325,33.5,118.28105818040865,240.70076581814703,0.0,
ID44807 → ID44726,10,44807,44726,0.0827263267429712,2.6905823449608968,0.7450591420777991,0.7450591420777991,27.5,118.00491141881008,238.83681199360456,0.0,
ID44769 → ID44861,11,44769,44861,0.10442600276625169,0.958812162895326,1.008763955658772,1.008763955658772,28.5,241.70486455227405,369.01482692770844,0.0,
ID44679 → ID44730,11,44679,44730,0.08062824748283826,1.9846619971185036,1.0220155273119724,1.0220155273119724,25.5,243.1701307390021,367.73693943596857,0.0,
ID44970 → ID45045,11,44970,45045,0.04698517524850454,2.6374808225682833,0.29624300252751223,0.29624300252751223,35.5,243.43822214744316,367.22439826009617,0.0,
ID44194 → ID44046,11,44194,44046,0.026698856777679247,2.779177774190928,0.21635594711387288,0.21635594711387288,5.5,242.8486847921048,362.040037742625,0.0,
ID44654 → ID44679,11,44654,44679,0.05887851349691664,1.1586071145776997,0.6173053143783106,0.6173053143783106,24.5,243.48138099380924,367.37271309604193,0.0,
ID44414 → ID44422,11,44414,44422,0.07740282381736541,0.7638052912454721,0.828070910461614,0.828070910461614,14.5,241.54659169148005,367.26097969545026,0.0,
ID44858 → ID44769,11,44858,44769,0.08848377056468926,0.9965485358474697,0.951657260025991,0.951657260025991,27.5,241.87639263492088,368.1620972247728,0.0,
ID44591 → ID44650,11,44591,44650,0.054852793014658396,0.7567685874405935,0.5472845589647644,0.5472845589647644,22.5,241.60767496528,367.5419974704294,0.0,
ID45203 → ID44125,11,45203,44125,0.12527064645838093,NaN,1.3862304664334382,1.3862304664334382,0.5,242.3395051251805,365.3471539796005,0.0,
ID44344 → ID44414,11,44344,44414,0.09577093960834115,0.06113674005140967,1.0206313082034921,1.0206313082034921,13.5,241.59358994222697,368.118200782464,0.0,
ID44148 → ID44173,11,44148,44173,0.19277498785031588,0.009459924792154278,2.1938522576298793,2.1938522576298793,7.5,242.37482570122467,364.3768318089692,0.0,
ID44556 → ID44591,11,44556,44591,0.03620979848067274,1.5384131555841098,0.14641298036313877,0.14641298036313877,21.5,241.30726153652984,367.68027435100606,0.0,
ID44983 → ID44970,11,44983,44970,0.05371068595614148,0.8761155426795346,0.42154229690485623,0.42154229690485623,34.5,243.5462645365306,367.22003337350515,0.0,
ID44227 → ID44339,11,44227,44339,0.06472557467906626,0.09524905743551346,0.4573128391223624,0.4573128391223624,11.5,241.22818413455357,369.22563011923177,0.0,
ID44074 → ID44254,11,44074,44254,0.12519571424185505,0.843643112646527,1.5280028194369606,1.5280028194369606,2.5,243.32842892335452,362.24947307991965,0.0,
ID44874 → ID44916,11,44874,44916,0.09280259199258789,0.4135901314217457,0.9629561196780352,0.9629561196780352,32.5,243.48635450860604,368.3809931643059,0.0,
ID44187 → ID44194,11,44187,44194,0.09121545720061663,2.5184650932252812,1.0485471597415523,1.0485471597415523,4.5,243.2374313324192,361.8686326972993,0.0,
ID44534 → ID44556,11,44534,44556,0.05809629108454906,0.9524762503379867,0.5568135359967612,0.5568135359967612,20.5,241.02597898467317,367.6090744308599,0.0,
ID44046 → ID44148,11,44046,44148,0.12738419618528607,2.655783268828871,1.3828016824033904,1.3828016824033904,6.5,242.76980596930656,362.6326884463782,0.0,
ID44262 → ID44227,11,44262,44227,0.04686976899899564,1.1041472149372105,0.4637427836244757,0.4637427836244757,10.5,241.14763652798698,368.77273134017736,0.0,
ID44558 → ID44534,11,44558,44534,0.05400888283631666,0.40680928103602043,0.4306673427173579,0.4306673427173579,19.5,240.5881035029263,367.56849768532675,0.0,
ID44505 → ID44478,11,44505,44478,0.05360893914380083,0.0742276550043197,0.501211658057137,0.501211658057137,16.5,240.67316283094772,366.9408523560046,0.0,
ID45136 → ID45172,11,45136,45172,0.06241619560934575,2.675175598900375,0.5865178165458642,0.5865178165458642,39.5,243.55384678174516,368.8309384317784,0.0,
ID44650 → ID44654,11,44650,44654,0.11439802879891947,0.04432577301386274,1.4647394276246906,1.4647394276246906,23.5,242.58307956759458,367.2965340275631,0.0,
ID44916 → ID44983,11,44916,44983,0.06707496214602826,0.5117340511649179,0.6054343640348655,0.6054343640348655,33.5,243.7134353565694,367.65569742131174,0.0,
ID45070 → ID45136,11,45070,45136,0.04169612657888533,2.3965353327829857,0.35470393117304577,0.35470393117304577,38.5,243.4165907798646,368.9064771051369,0.0,
ID44861 → ID44801,11,44861,44801,0.09398600926529421,2.229672146282537,0.9141053937296404,0.9141053937296404,29.5,242.11253995336529,369.1365896109817,0.0,
ID45131 → ID45070,11,45131,45070,0.11060013796273738,0.8901522233967758,1.2026011324168275,1.2026011324168275,37.5,243.37854618250287,368.421920876114,0.0,
ID44286 → ID44262,11,44286,44262,0.12776601885703986,0.9570797229200037,1.5479982813874529,1.5479982813874529,9.5,241.6932573318347,368.05396773081907,0.0,
ID44801 → ID44872,11,44801,44872,0.053139394768107584,1.7238147297332587,0.5592948094773997,0.5592948094773997,30.5,242.5827396733805,368.9721242230845,0.0,
ID44173 → ID44286,11,44173,44286,0.17343643779741558,0.30259489045068433,2.1217060636829705,2.1217060636829705,8.5,242.2094322041052,366.5035466139391,0.0,
ID44339 → ID44344,11,44339,44344,0.07929515418502198,2.7893550918072028,0.8662061346680566,0.8662061346680566,12.5,241.35366837594577,369.03014961836726,0.0,
ID45045 → ID45131,11,45045,45131,0.0608885508917677,0.9458184802866032,0.5801901244806318,0.5801901244806318,36.5,243.33917721599482,367.60723783647734,0.0,
ID44422 → ID44505,11,44422,44505,0.04437248287589435,1.188794329834243,0.434269294684457,0.434269294684457,15.5,241.13983144921468,366.91435938176573,0.0,
ID44478 → ID44479,11,44478,44479,0.10218372322213587,1.2243979897972868,1.1760846791510915,1.1760846791510915,17.5,240.23532817486137,367.5038475539858,0.0,
ID44479 → ID44558,11,44479,44558,0.06034482758618642,2.7513867862932075,0.52834826822107,0.52834826822107,18.5,240.22110505426684,367.8616781443599,0.0,
ID44730 → ID44858,11,44730,44858,0.051070600230819996,0.35160492786204545,0.49601077942750754,0.49601077942750754,26.5,242.42665075039082,367.8254366742599,0.0,
ID44254 → ID44187,11,44254,44187,0.058050469704214125,2.062453043401699,0.6514149548850225,0.6514149548850225,3.5,243.37262882673096,361.57650896564354,0.0,
ID45172 → ID45095,11,45172,45095,0.10547579539714558,1.4421918598696224,1.0876748903429767,1.0876748903429767,40.5,243.9333822596615,368.30309299483275,0.0,
ID44872 → ID44874,11,44872,44874,0.0626623281319807,1.4566597354096256,0.6037664190605214,0.6037664190605214,31.5,243.01668747170743,368.98808214104446,0.0,
ID44125 → ID44074,11,44125,44074,0.1771825076649992,0.07414421915572718,2.0108759365043847,2.0108759365043847,1.5,243.15284184968544,363.8572757706187,0.0,
ID44532 → ID44582,12,44532,44582,0.5123652504755873,2.9783654296604833,3.7729793876123856,3.7729793876123856,21.5,8.379539303502437,243.69238578455167,0.0,
ID44445 → ID44434,12,44445,44434,0.6541479820627809,2.5651945887500527,7.570011644776898,7.570011644776898,17.5,6.770646828899256,249.58120560669107,0.0,
ID44240 → ID44185,12,44240,44185,0.04275092936802927,2.5746856956950115,0.25772905205299945,0.25772905205299945,10.5,8.776906749606578,246.76665659084614,0.0,
ID44378 → ID44457,12,44378,44457,0.2392458255003861,0.04298759459658085,2.6499578501469654,2.6499578501469654,15.5,10.701006160469086,251.77498715950418,0.0,
ID44497 → ID44532,12,44497,44532,0.29570372162656744,2.9503914746097246,1.910407963313247,1.910407963313247,20.5,8.352803942089658,244.64867143438573,0.0,
ID44277 → ID44240,12,44277,44240,0.14920874152223063,0.07439584389165381,2.131979137291345,2.131979137291345,9.5,8.331800136402116,245.9163263248122,0.0,
ID44185 → ID44317,12,44185,44317,0.08713190802743043,2.8400452484760756,0.7999228869810022,0.7999228869810022,11.5,8.854710517276065,247.0351549304061,0.0,
ID44376 → ID44378,12,44376,44378,0.13581244947453586,2.9087958117967623,0.2557908721346662,0.2557908721346662,14.5,11.112420861165994,253.1682813685828,0.0,
ID44434 → ID44533,12,44434,44533,0.45645796664152205,1.1494164835514722,2.072593639635602,2.072593639635602,18.5,8.572781128707973,245.66187358212647,0.0,
ID45194 → ID44066,12,45194,44066,0.0747690531177827,NaN,0.979442781909535,0.979442781909535,0.5,7.205268143398426,240.47329698176753,0.0,
ID44066 → ID44026,12,44066,44026,0.03494528311167777,0.8801749105234469,0.13895708751875332,0.13895708751875332,1.5,7.3846741727336,240.97908044409326,0.0,
ID44146 → ID44015,12,44146,44015,0.021769082391843275,1.9346995421300426,0.19981292153050773,0.19981292153050773,5.5,8.057944319099942,241.4333800173697,0.0,
ID44582 → ID44623,12,44582,44623,0.3485737243873044,1.026867454806171,2.4314741555135497,2.4314741555135497,22.5,9.878310313178574,241.41987593243442,0.0,
ID44096 → ID44122,12,44096,44122,0.04349920387492012,0.11470529461429521,0.4795241526501189,0.4795241526501189,7.5,7.642238340778759,243.7491293454757,0.0,
ID44627 → ID44667,12,44627,44667,0.33150864900372334,2.3244911764512173,1.416285009105183,1.416285009105183,24.5,12.566276441776402,241.13590021459993,0.0,
ID44320 → ID44376,12,44320,44376,0.22444158075601306,0.22111006307622952,2.9731475127279823,2.9731475127279823,13.5,10.456392887383574,251.97417442845045,0.0,
ID44015 → ID44096,12,44015,44096,0.15489977728285176,2.7116691393024044,2.2053510879548917,2.2053510879548917,6.5,7.914093825228151,242.43582867653674,0.0,
ID44122 → ID44277,12,44122,44277,0.07948717948718032,0.6340316740068268,1.0171840075493679,1.0171840075493679,8.5,7.739290611326801,244.45850593339804,0.0,
ID44457 → ID44445,12,44457,44445,0.6913827655310621,1.6223001764590468,6.207293494279976,6.207293494279976,16.5,7.397500628963555,251.5477524312695,0.0,
ID44667 → ID44703,12,44667,44703,0.39054098590086805,2.4179712440088776,1.9345785741058878,1.9345785741058878,25.5,13.178183141259023,240.9461085562034,0.0,
ID44231 → ID44144,12,44231,44144,0.03919452949030788,0.14091542115605768,0.31754931099724104,0.31754931099724104,3.5,8.204562375872413,241.52895182259726,0.0,
ID44623 → ID44627,12,44623,44627,0.38036809815951034,0.7797832071652337,1.9494527121736105,1.9494527121736105,23.5,11.906380141217284,241.40305698054647,0.0,
ID44026 → ID44231,12,44026,44231,0.07953842983721404,0.1759605572246264,0.7609974773270184,0.7609974773270184,2.5,7.755662752657376,241.23212314417628,0.0,
ID44317 → ID44320,12,44317,44320,0.21736773633998208,0.11489851002785671,3.336963342152566,3.336963342152566,12.5,9.340683467110528,249.04350924454548,0.0,
ID44533 → ID44497,12,44533,44497,0.23887281100150226,1.0427834322563965,1.1678152797120724,1.1678152797120724,19.5,8.381180253854673,244.25195502172244,0.0,
ID44144 → ID44146,12,44144,44146,0.045989391206009866,2.906501818044531,0.3556530876430937,0.3556530876430937,4.5,8.172730991513294,241.5590019689884,0.0,
ID45204 → ID44130,13,45204,44130,0.24976076555023918,NaN,2.6087202933024223,2.6087202933024223,0.5,211.26322321687923,394.2516596288481,0.0,
ID44130 → ID44081,13,44130,44081,0.18243736317197767,3.00738350043891,1.817129452944974,1.817129452944974,1.5,211.10844804036492,394.64410414085785,0.0,
ID44257 → ID44198,13,44257,44198,0.20572057205720573,2.0127153506570346,1.8344296335994408,1.8344296335994408,3.5,209.96709436795643,393.5045085820948,0.0,
ID44081 → ID44257,13,44081,44257,0.1225382932166601,2.1449479212506635,1.1445105703051524,1.1445105703051524,2.5,210.59817557643646,394.07155244111766,0.0,
ID45092 → ID45146,14,45092,45146,0.0969474071349965,0.1587594556904959,1.0383063967651303,1.0383063967651303,38.5,100.84755005090312,429.67677813702636,0.0,
ID44260 → ID44201,14,44260,44201,0.09642644157990388,1.4076613873608717,0.8633798925523682,0.8633798925523682,3.5,103.87714649141404,419.89940169128215,0.0,
ID44820 → ID44886,14,44820,44886,0.12676056338028174,1.66574775027257,1.1873726767995174,1.1873726767995174,30.5,97.57630125631434,424.92402721400924,0.0,
ID44201 → ID44204,14,44201,44204,0.12357780500611204,0.31073748628303555,1.0476967095041987,1.0476967095041987,4.5,103.56619397685978,420.790862026556,0.0,
ID45139 → ID45092,14,45139,45092,0.0803030303030321,1.2345697973345735,0.9016376682349865,0.9016376682349865,37.5,99.89355530064178,429.51912928088296,0.0,
ID45146 → ID45178,14,45146,45178,0.06010728194576287,1.4788741851311797,0.28193030542627656,0.28193030542627656,39.5,101.39010514635311,429.5847975255015,0.0,
ID44433 → ID44511,14,44433,44511,0.08282424481292683,2.292123168571681,0.739681333145088,0.739681333145088,15.5,103.57297016442377,422.83714661723394,0.0,
ID44564 → ID44543,14,44564,44543,0.12568522554654815,1.665658134709287,1.3372639364251544,1.3372639364251544,19.5,100.6232740075964,421.59567185416734,0.0,
ID44561 → ID44594,14,44561,44594,0.12794599618450186,2.3715539185456107,1.1907024115683618,1.1907024115683618,21.5,99.84591273777824,421.25536759544485,0.0,
ID44663 → ID44686,14,44663,44686,0.08446897173105083,0.012458028539044716,0.6987536948681905,0.6987536948681905,24.5,99.28439503345183,422.7558132502842,0.0,
ID44511 → ID44495,14,44511,44495,0.12671717592206921,1.3819321646578966,1.350896542822824,1.350896542822824,16.5,102.82868573331142,422.47265676035624,0.0,
ID44498 → ID44564,14,44498,44564,0.08920606601248882,1.7418633093992097,0.8410769867727045,0.8410769867727045,18.5,101.33290735985094,421.854658894213,0.0,
ID44998 → ID44985,14,44998,44985,0.07005435251486769,0.5261456601634783,0.5076977449362619,0.5076977449362619,34.5,99.54477078872219,427.70732683416736,0.0,
ID44233 → ID44346,14,44233,44346,0.06406523005242526,2.5951059841495177,0.5267176349107943,0.5267176349107943,11.5,104.10765938959489,422.9843168241555,0.0,
ID44204 → ID44068,14,44204,44068,0.054851228977987665,1.223987813654424,0.3621810544475582,0.3621810544475582,5.5,103.14662398971684,421.2331968179548,0.0,
ID44068 → ID44162,14,44068,44162,0.1241439286879008,1.8311704839397434,1.1680619682551563,1.1680619682551563,6.5,103.0435045395144,421.7888918025082,0.0,
ID44346 → ID44348,14,44346,44348,0.06342620035564428,3.0706707667210176,0.7101301478434349,0.7101301478434349,12.5,104.03289734075449,422.926951144094,0.0,
ID44659 → ID44663,14,44659,44663,0.12435233160619408,0.5134066293222277,1.127974542853083,1.127974542853083,23.5,99.2866987474419,421.84246877792543,0.0,
ID44543 → ID44561,14,44543,44561,0.0713104336175846,2.5230107399089787,0.12396410361583787,0.12396410361583787,20.5,100.03093888778419,421.77601025165154,0.0,
ID44871 → ID44820,14,44871,44820,0.13703308431163286,0.7564037911849321,1.6505292266924396,1.6505292266924396,29.5,98.36219207920959,424.35569814707594,0.0,
ID45069 → ID45139,14,45069,45139,0.0991972477064299,0.5888877559071927,0.9516189163522005,0.9516189163522005,36.5,99.41504606271869,428.9341484949351,0.0,
ID44886 → ID44885,14,44886,44885,0.176420695504665,0.69187279615375,1.8919838269272669,1.8919838269272669,31.5,98.26542448440779,426.2036486398753,0.0,
ID44985 → ID45069,14,44985,45069,0.07185112151837192,0.9859319216026433,0.6023476478533031,0.6023476478533031,35.5,99.51824390285583,428.19605800431077,0.0,
ID44136 → ID44085,14,44136,44085,0.09620637329287218,1.2606118673387612,0.9815695915350404,0.9815695915350404,1.5,105.2290203605641,419.13825827578677,0.0,
ID44787 → ID44871,14,44787,44871,0.08745677393429874,0.6014334118092828,0.7135504563900872,0.7135504563900872,28.5,99.43933819083846,424.63209523381784,0.0,
ID44885 → ID44920,14,44885,44920,0.06403179509825574,0.3679938951999684,0.5819349421503276,0.5819349421503276,32.5,99.17813630365922,427.0161569743967,0.0,
ID44085 → ID44260,14,44085,44260,0.14818062253397635,2.3821964357619674,1.636173992927896,1.636173992927896,2.5,104.76619855561135,419.4752271803334,0.0,
ID44495 → ID44498,14,44495,44498,0.09864801131897716,1.2227929793325183,1.073367578903138,1.073367578903138,17.5,101.90317001228823,422.1053386821362,0.0,
ID44162 → ID44183,14,44162,44183,0.06641287403056673,0.22119429689374984,0.5040844354692172,0.5040844354692172,7.5,103.2069849451081,422.6044405795139,0.0,
ID44183 → ID44288,14,44183,44288,0.1032457366214562,0.5654231878959907,1.1500700020277088,1.1500700020277088,8.5,103.75077389099687,423.19030412761117,0.0,
ID45178 → ID45108,14,45178,45108,0.06908315565033185,0.6915932196013166,0.23507157324434946,0.23507157324434946,40.5,101.35826297151272,429.34356117755965,0.0,
ID44594 → ID44659,14,44594,44659,0.07930595039702126,2.21079681770125,0.6498839831379918,0.6498839831379918,22.5,99.44439281053366,420.99507634784203,0.0,
ID44686 → ID44741,14,44686,44741,0.1227296509455198,0.4125033182659015,1.2500962707287306,1.2500962707287306,25.5,99.52554825402507,423.68032081277113,0.0,
ID44873 → ID44787,14,44873,44787,0.06642982865843028,2.2153292226189696,0.43776969886817624,0.43776969886817624,27.5,99.90675507822321,424.924498056772,0.0,
ID44424 → ID44433,14,44424,44433,0.08083472324579466,2.8622261171416126,0.6938307044710474,0.6938307044710474,14.5,103.81690529592453,423.0049846678329,0.0,
ID44920 → ID44998,14,44920,44998,0.06467865352519642,1.167273360690542,0.3415453567109401,0.3415453567109401,33.5,99.43364029181535,427.3120710897248,0.0,
ID45206 → ID44136,14,45206,44136,0.2592205284961707,NaN,2.412966074430274,2.412966074430274,0.5,105.39985949157042,417.71391356785307,0.0,
ID44266 → ID44233,14,44266,44233,0.06768859082765832,0.8011047431806129,0.6188917217261259,0.6188917217261259,10.5,104.04832547404413,423.1337897787703,0.0,
ID44288 → ID44266,14,44288,44266,0.04285436010648469,2.062669249807951,0.15971198930457606,0.15971198930457606,9.5,104.220348760264,423.4607994268846,0.0,
ID44348 → ID44424,14,44348,44424,0.07947502734234635,2.0567669491756178,0.5706407957458198,0.5706407957458198,13.5,103.72277458228348,423.05605670281466,0.0,
ID44741 → ID44873,14,44741,44873,0.09471511366341312,0.058099437599756776,0.7915203558876219,0.7915203558876219,26.5,99.94610477274531,424.61002348367674,0.0,
ID44756 → ID44845,15,44756,44845,0.26590299231063197,2.86895030919372,0.4556798080314962,0.4556798080314962,30.5,144.2546510349837,260.81166772996517,0.0,
ID44073 → ID44031,15,44073,44031,0.039245188790834495,2.994844643300198,0.22256272934611565,0.22256272934611565,1.5,143.13717205499813,252.44707915273133,0.0,
ID44018 → ID44102,15,44018,44102,0.12302839116719244,2.4756973515652647,1.4902408011681008,1.4902408011681008,6.5,141.81966856510047,254.28194708115805,0.0,
ID44440 → ID44441,15,44440,44441,0.06828232796745559,1.8084733934833364,0.43911157769446013,0.43911157769446013,17.5,143.54108138709177,254.87506581278757,0.0,
ID44152 → ID44018,15,44152,44018,0.06515139082629151,2.877781479531586,0.5201113919595742,0.5201113919595742,5.5,141.7800150087039,253.7193557101209,0.0,
ID44128 → ID44278,15,44128,44278,0.04265260052035702,2.24637559204638,0.22620219460655935,0.22620219460655935,8.5,141.87854186381088,255.4880161571691,0.0,
ID44535 → ID44583,15,44535,44583,0.06837794427207411,0.1867341205296077,0.5192361126179252,0.5192361126179252,21.5,143.32625528215584,253.7880189738501,0.0,
ID44234 → ID44150,15,44234,44150,0.04324108990000064,2.4158667672076914,0.14364400203664485,0.14364400203664485,3.5,142.5447953985233,252.40949275588423,0.0,
ID44322 → ID44372,15,44322,44372,0.0968981608564522,1.8775053232719034,0.6792701981101676,0.6792701981101676,13.5,143.07750623346755,253.53857009523608,0.0,
ID44822 → ID44733,15,44822,44733,0.21919791515851983,0.8567858401003411,2.731264810773079,2.731264810773079,27.5,142.0391057809208,260.1995424147768,0.0,
ID44625 → ID44630,15,44625,44630,0.09910022494376058,0.3050616030813372,1.1145341732829555,1.1145341732829555,23.5,143.02322205091713,254.73578205475738,0.0,
ID44461 → ID44440,15,44461,44440,0.063710026597395,2.748740151075676,0.3930772446767865,0.3930772446767865,16.5,143.48815759322792,255.1274776328471,0.0,
ID44278 → ID44242,15,44278,44242,0.06198022259919844,1.9882107900059827,0.5779922717730643,0.5779922717730643,9.5,141.9026007873158,255.224899689197,0.0,
ID44733 → ID44828,15,44733,44828,0.24598439651216153,1.209501538401465,2.2797541117712092,2.2797541117712092,28.5,141.3680694884253,262.1526146426434,0.0,
ID44828 → ID44756,15,44828,44756,0.3209361393323569,1.9835843213179951,3.704016723364123,3.704016723364123,29.5,143.10052515699024,261.9679933052803,0.0,
ID44150 → ID44152,15,44150,44152,0.13882789429847675,1.5089624830663841,1.7569748246598877,1.7569748246598877,4.5,142.08969485525117,253.16947949016327,0.0,
ID44502 → ID44535,15,44502,44535,0.059756076449013595,2.7648960579927886,0.5266784456995369,0.5266784456995369,20.5,143.7992911982652,253.5704315120986,0.0,
ID44031 → ID44234,15,44031,44234,0.08303815109459223,1.6564419138391713,0.6534362240913155,0.6534362240913155,2.5,142.8154687904688,252.35004748338082,0.0,
ID44102 → ID44128,15,44102,44128,0.08186337941839017,0.8182364625659714,0.590241890929827,0.590241890929827,7.5,141.82474061358104,255.25296892881832,0.0,
ID44630 → ID44669,15,44630,44669,0.1065037101702313,0.061828217536168684,1.1912410472935249,1.1912410472935249,24.5,142.85631765136674,255.8759681485915,0.0,
ID44319 → ID44322,15,44319,44322,0.11912328917464554,1.799344619637779,1.2110935552525983,1.2110935552525983,12.5,142.5877696277787,253.8820916594001,0.0,
ID44669 → ID44705,15,44669,44705,0.12562380854085953,0.41388120076149754,1.1162032006421692,1.1162032006421692,25.5,142.95178181010172,257.0010580716727,0.0,
ID44372 → ID44381,15,44372,44381,0.1316208543931322,0.7018560237960166,1.4502501832054502,1.4502501832054502,14.5,143.4649044817458,254.4698159874058,0.0,
ID44536 → ID44502,15,44536,44502,0.0682499323776169,0.7973474493371107,0.6462302765925914,0.6462302765925914,19.5,143.82660015819113,253.69191985899207,0.0,
ID45195 → ID44073,15,45195,44073,0.08762104870755771,NaN,1.0059816008267888,1.0059816008267888,0.5,143.2269988457099,252.06423367962037,0.0,
ID44381 → ID44461,15,44381,44461,0.06344586010829834,0.19984424940253415,0.09136940383055886,0.09136940383055886,15.5,143.6079296234551,255.22636930479285,0.0,
ID44190 → ID44319,15,44190,44319,0.07751666082077935,2.3265405265137344,0.5361633903739472,0.5361633903739472,11.5,142.140283991888,254.2879886586949,0.0,
ID44705 → ID44822,15,44705,44822,0.16431583539333627,0.315130934114478,1.7883627326076648,1.7883627326076648,26.5,143.10092103348777,258.4285500198961,0.0,
ID44441 → ID44536,15,44441,44536,0.09320440228951365,1.1677839024630543,0.8255845040990786,0.8255845040990786,18.5,143.67819332506377,254.35459313429504,0.0,
ID44242 → ID44190,15,44242,44190,0.09606041020445222,0.6332707276271345,0.8454665976325342,0.8454665976325342,10.5,141.9804342533642,254.5517556016519,0.0,
ID44583 → ID44625,15,44583,44625,0.08192442520110776,1.3614743557282867,0.31594013608384586,0.31594013608384586,22.5,143.10137678940873,254.03056795876523,0.0,
ID44690 → ID44742,16,44690,44742,0.1266678526952475,0.4470783920125731,1.431932960646123,1.431932960646123,28.5,483.279177101933,25.37453327449645,0.0,
ID45174 → ID44010,16,45174,44010,0.041552332418661186,NaN,0.5048095545140859,0.5048095545140859,0.5,485.1215196363611,22.13583572506986,0.0,
ID44598 → ID44624,16,44598,44624,0.10063424947145883,0.014987702014235185,1.2030883337986769,1.2030883337986769,24.5,485.1374083482294,23.515519546969486,0.0,
ID44676 → ID44739,16,44676,44739,0.05658779570215111,1.348299482189272,0.5508023497711042,0.5508023497711042,26.5,484.4953923904385,23.845097690962632,0.0,
ID44341 → ID44385,16,44341,44385,0.09919466420690759,0.966677365874714,1.164066461749817,1.164066461749817,15.5,482.6960154822107,20.575627463652168,0.0,
ID44759 → ID44754,16,44759,44754,0.1133726931175435,1.6624264784182399,1.228643975204779,1.228643975204779,31.5,482.4686721535887,26.03340224847382,0.0,
ID44195 → ID44108,16,44195,44108,0.03782164847911218,1.8190747516772054,0.3103225324706999,0.3103225324706999,10.5,485.07574810681695,19.85911467273494,0.0,
ID44291 → ID44293,16,44291,44293,0.03978086114575885,1.8256850456895324,0.164059388780218,0.164059388780218,12.5,484.5973021812034,19.948956606893745,0.0,
ID43989 → ID44028,16,43989,44028,0.11053598263483277,2.4661706312710807,1.6655310926079088,1.6655310926079088,6.5,484.25315763350306,17.882243850430964,0.0,
ID44063 → ID44064,16,44063,44064,0.12208822071699932,0.8994199323247546,1.6016660280274853,1.6016660280274853,4.5,483.0737154428822,20.216443887690495,0.0,
ID45030 → ID44989,16,45030,44989,0.07404291123264761,0.4161920339330926,0.7528122643251892,0.7528122643251892,37.5,481.43655066537076,25.648368665119712,0.0,
ID44597 → ID44598,16,44597,44598,0.06346623270952023,0.10046720161625945,0.46476696996458516,0.46476696996458516,23.5,484.48598145410824,22.99489787068289,0.0,
ID44739 → ID44690,16,44739,44690,0.12289592760181123,2.3118162469682146,1.425905239630255,1.425905239630255,27.5,484.1004468920854,24.248928738413227,0.0,
ID44330 → ID44341,16,44330,44341,0.07696500599585543,1.1699503640771924,1.0946981163499245,1.0946981163499245,14.5,483.6568446884472,20.29798345002969,0.0,
ID44471 → ID44568,16,44471,44568,0.06634375289953365,1.3844885688240058,0.8832092918709702,0.8832092918709702,21.5,483.0264557497258,22.034840477280383,0.0,
ID44568 → ID44597,16,44568,44597,0.08710106969690357,0.0218052752038748,1.0739542543385092,1.0739542543385092,22.5,483.8487861062243,22.56520104042196,0.0,
ID44754 → ID44892,16,44754,44892,0.04690234511725422,0.860841197317487,0.19758530472507732,0.19758530472507732,32.5,483.1506303559245,25.998752493512367,0.0,
ID43992 → ID44169,16,43992,44169,0.039196919931265284,1.0415580681173418,0.3495267769214534,0.3495267769214534,2.5,484.2448526801562,21.679002484913028,0.0,
ID45142 → ID45005,16,45142,45005,0.11390380490962415,2.8871756050345923,1.5479212075893032,1.5479212075893032,40.5,480.97027635082156,27.15079152139586,0.0,
ID45056 → ID45142,16,45056,45142,0.147573377030217,2.1795697898088173,2.111497051531062,2.111497051531062,39.5,481.0350414139285,26.79327924671668,0.0,
ID44429 → ID44471,16,44429,44471,0.03824037376832623,1.4488818933959617,0.16676186229844642,0.16676186229844642,20.5,482.6905839915808,21.714218897722624,0.0,
ID44624 → ID44676,16,44624,44676,0.10567863334543859,2.2621971994851533,1.0176669214474077,1.0176669214474077,25.5,485.1071528203537,23.994602498664243,0.0,
ID44042 → ID44252,16,44042,44252,0.12105581144553734,3.0170265567237466,1.9571933332892306,1.9571933332892306,8.5,484.5864668873247,18.617360761968605,0.0,
ID44010 → ID43992,16,44010,43992,0.08928874554404964,2.9668020026600006,1.1295075679812667,1.1295075679812667,1.5,484.8478389515705,21.971504480534215,0.0,
ID44989 → ID45056,16,44989,45056,0.061383978602271516,1.122147480987533,0.5798721061174875,0.5798721061174875,38.5,480.919762495242,25.87933974940487,0.0,
ID44252 → ID44195,16,44252,44195,0.0530931535807615,0.13278391076705046,0.4026554653710225,0.4026554653710225,9.5,485.15261112017436,19.65091465472324,0.0,
ID44742 → ID44704,16,44742,44704,0.10405944149303392,1.3435464325693576,1.1656309039028174,1.1656309039028174,29.5,482.2674335943537,25.503687400546497,0.0,
ID44169 → ID44063,16,44169,44063,0.07928560038271582,0.999389095944453,1.21845232599658,1.21845232599658,3.5,483.5915478324112,21.378913474507712,0.0,
ID44374 → ID44370,16,44374,44370,0.0970711297071124,2.9585026861156374,1.4857397443780196,1.4857397443780196,17.5,481.9022538614232,20.632168111428207,0.0,
ID44370 → ID44470,16,44370,44470,0.054916330329605856,0.6938195842689305,0.40973853139142064,0.40973853139142064,18.5,482.34819532908705,21.42524769992923,0.0,
ID44293 → ID44330,16,44293,44330,0.0663780015883112,2.330253706702099,0.6728477466831139,0.6728477466831139,13.5,484.3864212693318,20.142442693599648,0.0,
ID44926 → ID44925,16,44926,44925,0.11127746376166092,0.01829473919879097,1.298578700738498,1.298578700738498,34.5,481.9490584171084,25.123970407476584,0.0,
ID44964 → ID45030,16,44964,45030,0.07204639677112756,2.0324684077029866,0.7220975370278518,0.7220975370278518,36.5,481.76146043083577,25.004108611318415,0.0,
ID44892 → ID44926,16,44892,44926,0.07204940392304093,3.082661246822034,0.9356119328886073,0.9356119328886073,33.5,482.85129294572675,25.782584971207495,0.0,
ID44470 → ID44429,16,44470,44429,0.046087522873182074,0.011150165157084838,0.2257500210981953,0.2257500210981953,19.5,482.62500341341195,21.58124716971257,0.0,
ID44704 → ID44759,16,44704,44759,0.07640513042053454,2.266019966976767,0.9718803227328925,0.9718803227328925,30.5,481.8287241665644,25.646924703192205,0.0,
ID44925 → ID44964,16,44925,44964,0.05785302905642342,2.3116162351631067,0.4400812540527332,0.4400812540527332,35.5,481.6370536950068,24.699937895535637,0.0,
ID44108 → ID44291,16,44108,44291,0.039914357208371665,0.30454282104330715,0.3429058505343624,0.3429058505343624,11.5,484.7675730222654,19.955326112114058,0.0,
ID44385 → ID44374,16,44385,44374,0.0763720588417427,1.7684888204517546,1.2120412541852763,1.2120412541852763,16.5,481.9523746741454,20.45534927891493,0.0,
ID44064 → ID43989,16,44064,43989,0.19902682976278996,0.43170698742037866,2.5312323588427703,2.5312323588427703,5.5,483.5349822666849,18.248840011569527,0.0,
ID44028 → ID44042,16,44028,44042,0.07673126820511633,3.020987209532021,0.9908635248267432,0.9908635248267432,7.5,484.2895998813424,18.226424043875866,0.0,
ID44333 → ID44345,17,44333,44345,0.08779878144039954,0.7050970143694572,0.8374370042056667,0.8374370042056667,14.5,349.44701394896583,56.211649082501395,0.0,
ID44116 → ID44292,17,44116,44292,0.10718990501283432,0.6529928057762089,0.8517851739719303,0.8517851739719303,11.5,349.5016829029431,54.355347662491624,0.0,
ID45036 → ID44993,17,45036,44993,0.04974536866189172,2.9097279234170683,0.1833013567101665,0.1833013567101665,37.5,352.42920828134936,59.48432559459763,0.0,
ID44047 → ID44255,17,44047,44255,0.09179910998092644,1.358875179001392,0.7362322112782927,0.7362322112782927,8.5,348.9401405172196,53.206461605041724,0.0,
ID44569 → ID44599,17,44569,44599,0.09881467532805577,0.6511482442110283,0.7640179154637093,0.7640179154637093,22.5,350.18414810672107,57.38044351964558,0.0,
ID44477 → ID44437,17,44477,44437,0.02689804772234272,2.7680570089437175,0.13114415638250246,0.13114415638250246,19.5,350.25940236393456,56.103197035799376,0.0,
ID44202 → ID44116,17,44202,44116,0.05126651314991604,0.7785178309187367,0.3771467887548997,0.3771467887548997,10.5,349.0993059978366,53.9280118076406,0.0,
ID44927 → ID44967,17,44927,44967,0.051385443779553786,1.0530491301994782,0.11520704087242274,0.11520704087242274,35.5,351.4442012878674,58.80616556176385,0.0,
ID44993 → ID45068,17,44993,45068,0.05426928181685575,0.2611137726460062,0.32900167396507773,0.32900167396507773,38.5,352.18124507029825,59.4285964070403,0.0,
ID43990 → ID44032,17,43990,44032,0.14146888432068516,0.8575668802553007,1.4245999342043165,1.4245999342043165,6.5,350.44814414012933,52.84062258762246,0.0,
ID45176 → ID44013,17,45176,44013,0.06893453145057493,NaN,0.5076216309888747,0.5076216309888747,0.5,352.9900240131891,51.370128765455206,0.0,
ID44928 → ID44927,17,44928,44927,0.0933259484907305,2.0705248473939495,0.8085430899089637,0.8085430899089637,34.5,351.2642588511202,59.2029342728353,0.0,
ID44345 → ID44390,17,44345,44390,0.06624943174244413,2.5959885531603355,0.18115978481117545,0.18115978481117545,15.5,349.7046404811681,56.440377300186626,0.0,
ID44744 → ID44694,17,44744,44694,0.06802260712102248,0.30243611870837217,0.33378824025796966,0.33378824025796966,27.5,350.5617708376242,59.24923365005698,0.0,
ID44765 → ID44768,17,44765,44768,0.061832984926834644,0.541532234604002,0.2761199903030587,0.2761199903030587,31.5,351.94505944636626,59.9288607137524,0.0,
ID44072 → ID43990,17,44072,43990,0.09945300845350524,0.4400165417533327,1.1025409597190117,1.1025409597190117,5.5,351.59735284851746,52.90711684203552,0.0,
ID44292 → ID44295,17,44292,44295,0.07310700182088514,1.8421288891438041,0.5793548311192606,0.5793548311192606,12.5,349.4497190911703,54.79859289676649,0.0,
ID44379 → ID44373,17,44379,44373,0.08564158908228481,2.808895103831885,0.6767514072194704,0.6767514072194704,17.5,349.4450573878155,56.24933531643373,0.0,
ID44390 → ID44379,17,44390,44379,0.0670576906241781,0.5853392487755356,0.5609020981534252,0.5609020981534252,16.5,349.49932962232384,56.14532918251668,0.0,
ID44629 → ID44678,17,44629,44678,0.11797253634894878,2.813659478231669,1.2248539205428377,1.2248539205428377,25.5,350.37226145931663,57.118131139088874,0.0,
ID44894 → ID44928,17,44894,44928,0.058747671586177,1.0961456752757726,0.3545803294130176,0.3545803294130176,33.5,351.31481873800817,59.55453212519904,0.0,
ID43994 → ID44175,17,43994,44175,0.10034068786501849,0.4426228807419411,0.695898814967858,0.695898814967858,2.5,352.5201173069374,51.938864845998964,0.0,
ID44071 → ID44072,17,44071,44072,0.041087791900675685,1.7515764489766068,0.2804350936474955,0.2804350936474955,4.5,352.20827294408775,53.207460421817515,0.0,
ID44295 → ID44333,17,44295,44333,0.1149553571428591,1.286040487334681,1.012791576933622,1.012791576933622,13.5,349.17334368272793,55.38713716970877,0.0,
ID45147 → ID45012,17,45147,45012,0.0851063829787253,2.93414636857061,0.797888994118951,0.797888994118951,40.5,351.9347454149032,59.30665512376555,0.0,
ID44694 → ID44748,17,44694,44748,0.10752380270599582,2.788204682595448,0.8710275019525883,0.8710275019525883,28.5,350.77379539227036,59.05900981403994,0.0,
ID44600 → ID44629,17,44600,44629,0.1222030981067126,0.15848642205347738,1.0911750894048782,1.0911750894048782,24.5,350.1744366091456,57.08739616735123,0.0,
ID44748 → ID44707,17,44748,44707,0.07768366851983521,0.41722247207806407,0.5879364828796187,0.5879364828796187,29.5,351.2876296253779,58.56287123135074,0.0,
ID44013 → ID43994,17,44013,43994,0.050379373424818574,1.2881478690542951,0.2392976490651509,0.2392976490651509,1.5,352.88559024315924,51.661279450242915,0.0,
ID44707 → ID44765,17,44707,44765,0.13430868591009926,1.7835370131410015,1.444231335306336,1.444231335306336,30.5,351.7601744605065,59.10594462471158,0.0,
ID44476 → ID44569,17,44476,44569,0.05425131264261429,0.789869027404085,0.3194129868490549,0.3194129868490549,21.5,350.2504039211647,56.866537528092266,0.0,
ID44967 → ID45036,17,44967,45036,0.1050531914893571,0.8279365248493954,1.2459288585294852,1.2459288585294852,36.5,352.0072934210648,59.156700915596964,0.0,
ID44599 → ID44600,17,44599,44600,0.06264923885505114,3.025246277899345,0.13089543750740218,0.13089543750740218,23.5,350.1954770755886,57.697335811648074,0.0,
ID44373 → ID44477,17,44373,44477,0.09535918626827133,1.7770892115415127,0.8776208852205609,0.8776208852205609,18.5,349.9382910163833,56.30360331880248,0.0,
ID44768 → ID44894,17,44768,44894,0.07264939493494127,2.2417883013116118,0.687942721985201,0.687942721985201,32.5,351.7008598920022,59.792149327560026,0.0,
ID44032 → ID44047,17,44032,44047,0.07843449208496689,0.5789659708973371,0.6850238526207403,0.6850238526207403,7.5,349.4399563533196,52.96971551648065,0.0,
ID44255 → ID44202,17,44255,44202,0.07470244212336818,0.91143976432279,0.3619225910620259,0.3619225910620259,9.5,348.84676245168254,53.69753647574539,0.0,
ID44437 → ID44476,17,44437,44476,0.0761471799971487,0.7744678991313699,0.5872957816434713,0.5872957816434713,20.5,350.28156756035116,56.446073573219834,0.0,
ID44678 → ID44744,17,44678,44744,0.15724909913363383,0.325024429720695,1.3948528744467568,1.3948528744467568,26.5,350.59393676272725,58.39164995999339,0.0,
ID44175 → ID44071,17,44175,44071,0.112996198029512,0.8853536976284707,1.0461999949052507,1.0461999949052507,3.5,352.30799228020896,52.70053321983298,0.0,
ID45068 → ID45147,17,45068,45147,0.05747836835599596,1.4313803256913236,0.4923170524125615,0.4923170524125615,39.5,352.0152380385465,59.161481275712,0.0,
ID45196 → ID44078,18,45196,44078,0.07585870096044045,NaN,0.48474617504415374,0.48474617504415374,0.5,100.34537910458428,253.5123903680555,0.0,
ID44539 → ID44508,18,44539,44508,0.052524949459181514,2.631629322530546,0.2823845819451231,0.2823845819451231,19.5,101.65654425119965,258.59083492435116,0.0,
ID44633 → ID44670,18,44633,44670,0.04949797036057324,1.3203827622968767,0.29477624212247155,0.29477624212247155,24.5,101.52088747802419,259.1217977063949,0.0,
ID44155 → ID44156,18,44155,44156,0.10293246148693602,2.8994361197193617,1.1541013473564872,1.1541013473564872,4.5,100.19230026455025,255.23534126984129,0.0,
ID44021 → ID44107,18,44021,44107,0.11524428420302524,2.1136715649453475,1.2361472285695274,1.2361472285695274,6.5,100.05159630098628,256.065043200406,0.0,
ID44321 → ID44324,18,44321,44324,0.1032724575878321,0.4619151713409445,1.032454724790541,1.032454724790541,12.5,100.31246273106738,256.5080711129459,0.0,
ID44952 → ID45013,18,44952,45013,0.08298212345660028,1.6955345907369366,0.828551807105378,0.828551807105378,35.5,99.65673749058502,260.6261444613631,0.0,
ID44034 → ID44237,18,44034,44237,0.08247494030659752,0.6502460592754159,0.6533046819572832,0.6533046819572832,2.5,100.10587904791092,254.6177239758913,0.0,
ID44446 → ID44539,18,44446,44539,0.04643498578876415,1.5443234539545714,0.26574550188443463,0.26574550188443463,18.5,101.6851456585561,258.6542800458743,0.0,
ID45120 → ID45164,18,45120,45164,0.07455368760734593,0.9088189885082368,0.6085688706405827,0.6085688706405827,39.5,98.88007518300691,261.2862647445164,0.0,
ID44837 → ID44838,18,44837,44838,0.05609149983792305,1.6134080697223134,0.3929837730072877,0.3929837730072877,31.5,101.23999037448694,259.6585368917463,0.0,
ID44465 → ID44447,18,44465,44447,0.08963997060985085,2.2289356632452577,0.8721338660825779,0.8721338660825779,16.5,101.36100282088839,258.03972114137486,0.0,
ID44823 → ID44752,18,44823,44752,0.049022460911658516,1.8577051842847776,0.3833322683899463,0.3833322683899463,29.5,100.58016890755292,258.913349343955,0.0,
ID44838 → ID44907,18,44838,44907,0.12542977206162986,3.110540143904298,1.1103841892712885,1.1103841892712885,32.5,100.92259811105683,259.8259679929074,0.0,
ID44729 → ID44823,18,44729,44823,0.10050656430211224,0.7776615506403618,0.8749782883733999,0.8749782883733999,28.5,101.00042550839964,258.8496408045977,0.0,
ID44237 → ID44155,18,44237,44155,0.056553758468105064,2.2582604818472545,0.15438979772475547,0.15438979772475547,3.5,99.90776905605092,254.8212190918864,0.0,
ID44197 → ID44321,18,44197,44321,0.06671932036001049,2.098016063496272,0.54223686836148,0.54223686836148,11.5,99.6890173142088,256.0587449132742,0.0,
ID44279 → ID44244,18,44279,44244,0.04795024957042093,2.7725248319189135,0.22651107280942578,0.22651107280942578,9.5,99.47224035585783,256.1246457193655,0.0,
ID44708 → ID44818,18,44708,44818,0.048528171202769865,0.5560366068215123,0.13711218808509723,0.13711218808509723,26.5,101.84428241839854,258.75888895990846,0.0,
ID44957 → ID44952,18,44957,44952,0.03775232898272052,1.6569202271818304,0.3088227159465404,0.3088227159465404,34.5,100.01059132922724,260.3930404813098,0.0,
ID44508 → ID44538,18,44508,44538,0.055384885455980526,2.365233078001841,0.48495272644831244,0.48495272644831244,20.5,101.69724055541177,258.7588274906776,0.0,
ID44670 → ID44708,18,44670,44708,0.03796876461235521,0.5937165444897574,0.29099940244608846,0.29099940244608846,25.5,101.69604214282577,258.90324734827664,0.0,
ID44078 → ID44034,18,44078,44034,0.07972609439960876,0.6159253917164836,0.6215384599268592,0.6215384599268592,1.5,100.25158569500675,254.03151147098515,0.0,
ID44386 → ID44465,18,44386,44465,0.0983401190103329,0.8021967876772984,0.8846463661972047,0.8846463661972047,15.5,101.67243422457665,257.80980146265995,0.0,
ID44447 → ID44446,18,44447,44446,0.101347706048171,2.6528622517323397,1.0725711214613978,1.0725711214613978,17.5,101.2748097667004,258.27924114142365,0.0,
ID44818 → ID44729,18,44818,44729,0.06748607939236795,1.8092425930222322,0.5184413006304743,0.5184413006304743,27.5,101.6171031850487,258.6498475476003,0.0,
ID44324 → ID44380,18,44324,44380,0.06623450208125803,0.24673413021482946,0.4783719291448303,0.4783719291448303,13.5,100.95437118437118,256.89681788297173,0.0,
ID45110 → ID45038,18,45110,45038,0.05213925613073789,2.4774500514685682,0.2976608606657029,0.2976608606657029,37.5,99.43378796323341,261.18846562338774,0.0,
ID44107 → ID44134,18,44107,44134,0.06784612887518715,2.271532773844476,0.7483177674122345,0.7483177674122345,7.5,99.75874790196347,256.43656519876095,0.0,
ID44156 → ID44021,18,44156,44021,0.08070285186736659,2.697133152239811,0.5178429160119324,0.5178429160119324,5.5,100.28212478093235,255.5848699614441,0.0,
ID44134 → ID44279,18,44134,44279,0.04436790592000839,1.4474387619574383,0.15703032935011557,0.15703032935011557,8.5,99.52127303182579,256.1251256281407,0.0,
ID44907 → ID44957,18,44907,44957,0.07239815825619933,0.41142742205648297,0.5104267338948334,0.5104267338948334,33.5,100.28015827178643,260.2954143185504,0.0,
ID44244 → ID44197,18,44244,44197,0.0693192501244313,2.5781368552577963,0.37749921554971677,0.37749921554971677,10.5,99.45288375916847,256.0154037343239,0.0,
ID44380 → ID44386,18,44380,44386,0.07898060694126041,0.10985904270506112,0.5641433048105042,0.5641433048105042,14.5,101.36748517881048,257.2134136546185,0.0,
ID44584 → ID44628,18,44584,44628,0.04692355500310974,0.29198203982775484,0.27319933108930305,0.27319933108930305,22.5,101.19491730874742,259.13695110221585,0.0,
ID44538 → ID44584,18,44538,44584,0.07010883471285156,2.164706915131442,0.5858844995982275,0.5858844995982275,21.5,101.59532667381112,258.99275929658563,0.0,
ID44628 → ID44633,18,44628,44633,0.04907688712316627,2.4661630598231796,0.39132114136127866,0.39132114136127866,23.5,101.27211660981415,259.23320585143153,0.0,
ID44752 → ID44837,18,44752,44837,0.09694383806310702,2.961516813448431,1.1651692612257016,1.1651692612257016,30.5,100.79617888441817,259.2446620005966,0.0,
ID45038 → ID45120,18,45038,45120,0.05942653394741171,2.484217066513968,0.4729396361781538,0.4729396361781538,38.5,99.32414154764777,261.08684256872596,0.0,
ID45164 → ID45055,18,45164,45055,0.05055580610604116,0.3999474031560703,0.25927379908049625,0.25927379908049625,40.5,98.55283196413656,261.5600776054388,0.0,
ID45013 → ID45110,18,45013,45110,0.05426928181683077,0.2755487511470098,0.3230904987684432,0.3230904987684432,36.5,99.36229447306684,261.1158627581392,0.0,
ID44664 → ID44689,19,44664,44689,0.17711456566148964,1.870833189121815,0.7232370384768823,0.7232370384768823,24.5,234.73935351683048,431.20630311446615,0.0,
ID44439 → ID44515,19,44439,44515,0.07026424311074642,1.3855122698100422,0.5325180175669854,0.5325180175669854,15.5,232.41263494807907,431.62897481813627,0.0,
ID44188 → ID44289,19,44188,44289,0.06237180682449639,1.0872374692562339,0.648648176809603,0.648648176809603,8.5,236.26231024252473,428.2995269997801,0.0,
ID44515 → ID44501,19,44515,44501,0.0691364323851359,2.1299858961224696,0.5875890642660059,0.5875890642660059,16.5,232.141858966247,431.6588471867695,0.0,
ID44595 → ID44661,19,44595,44661,0.10077727150898619,0.08352748380987657,1.0455924244769945,1.0455924244769945,22.5,234.4116809351865,431.7197725119888,0.0,
ID44501 → ID44504,19,44501,44504,0.040861951189205215,2.930818648315195,0.1215452068362843,0.1215452068362843,17.5,231.98043095255457,431.4884638283768,0.0,
ID44206 → ID44209,19,44206,44209,0.06710897964776574,2.1282225303934297,0.4647063077802395,0.4647063077802395,4.5,237.5138122643757,427.0236982445792,0.0,
ID44289 → ID44268,19,44289,44268,0.06266063681106271,0.7854699796526918,0.5492418972718425,0.5492418972718425,9.5,235.86308385487052,428.6831552536039,0.0,
ID44351 → ID44352,19,44351,44352,0.12097009837343475,0.9849692270859144,1.4590526271130992,1.4590526271130992,12.5,234.29701824655095,429.97834719797333,0.0,
ID44546 → ID44563,19,44546,44563,0.1281559438021812,0.7451324641829132,0.9589360909556373,0.9589360909556373,20.5,232.43446010615156,431.08492065496887,0.0,
ID44167 → ID44188,19,44167,44188,0.08098929967322,0.8067485730340798,0.8864479725808092,0.8864479725808092,7.5,236.13769415987778,427.6516296259299,0.0,
ID44236 → ID44351,19,44236,44351,0.11361607142858365,2.15695799814684,1.188150291585818,1.188150291585818,11.5,234.77955964157482,428.914615814817,0.0,
ID44352 → ID44430,19,44352,44430,0.11143493913937941,1.071492423460938,1.1290693982356563,1.1290693982356563,13.5,233.85906639556748,431.0047481915733,0.0,
ID44075 → ID44167,19,44075,44167,0.11275439261787035,2.1122627093508086,1.2734300904727236,1.2734300904727236,6.5,235.97839862336969,426.66828396200566,0.0,
ID44209 → ID44075,19,44209,44075,0.13075289119660138,0.9052856195008743,1.5822735308966078,1.5822735308966078,5.5,236.68493338702518,426.55481406775095,0.0,
ID44430 → ID44439,19,44430,44439,0.12070906494162059,1.9008964522805532,1.4935651286685487,1.4935651286685487,14.5,233.23441961377785,431.4661558315523,0.0,
ID45207 → ID44142,19,45207,44142,0.14863717298998957,NaN,1.7045687896384187,1.7045687896384187,0.5,238.35520189893526,425.5791803795079,0.0,
ID44268 → ID44236,19,44268,44236,0.08923591745680115,0.8030677948252042,1.0027979498949435,1.0027979498949435,10.5,235.15580454428422,428.54961794537843,0.0,
ID44142 → ID44092,19,44142,44092,0.07519289949556784,0.5146689531699011,0.8208252138514872,0.8208252138514872,1.5,237.6519061807664,426.5837463151447,0.0,
ID44092 → ID44263,19,44092,44263,0.027158774373259087,3.027820245075249,0.2014231860181331,0.2014231860181331,2.5,237.39111737878218,426.7523831049991,0.0,
ID44504 → ID44565,19,44504,44565,0.07250652343504005,2.7343025692293375,0.6633810786330594,0.6633810786330594,18.5,231.98067565106982,431.2115263586893,0.0,
ID44661 → ID44664,19,44661,44664,0.07155594554053535,2.6364763403126856,0.6778704033162456,0.6778704033162456,23.5,234.67144473232386,431.6168926606264,0.0,
ID44565 → ID44546,19,44565,44546,0.046027447560469725,2.7266865455811553,0.058074976686646754,0.058074976686646754,19.5,231.96608301784607,430.90653405922916,0.0,
ID44563 → ID44595,19,44563,44595,0.11147294589172851,0.009213658558024281,1.075664447668363,1.075664447668363,21.5,233.3970318377833,431.41406136697947,0.0,
ID44263 → ID44206,19,44263,44206,0.05241392398057931,1.5406170428726502,0.40156993830806426,0.40156993830806426,3.5,237.60409056512574,426.83188278183655,0.0,
ID44377 → ID44483,20,44377,44483,0.12291851772290063,1.2216611812040177,1.4890329908868138,1.4890329908868138,18.5,319.9260152424572,65.70097128256856,0.0,
ID44483 → ID44443,20,44483,44443,0.08118807205875866,2.921885612421944,0.9034976449426497,0.9034976449426497,19.5,320.13172471473825,65.94503394359488,0.0,
ID44258 → ID44208,20,44258,44208,0.09238329238329412,0.3677772986746815,0.7509097172071145,0.7509097172071145,9.5,317.6386435162593,65.52898639020609,0.0,
ID44696 → ID44753,20,44696,44753,0.058028038148693395,2.404354737096099,0.39669339456807695,0.39669339456807695,28.5,320.9153643950177,64.9459219365022,0.0,
ID44336 → ID44349,20,44336,44349,0.08699762443065207,2.817373450920228,1.0405020318138638,1.0405020318138638,14.5,319.22191202930026,66.50045912693098,0.0,
ID44710 → ID44772,20,44710,44772,0.09974717839011871,2.9314208472058803,0.8223627530049473,0.8223627530049473,30.5,321.7143842877191,64.05921684813255,0.0,
ID44443 → ID44482,20,44443,44482,0.04840498361935608,2.503644048930234,0.1759509860166625,0.1759509860166625,20.5,319.7547737221055,65.8684030785787,0.0,
ID44570 → ID44601,20,44570,44601,0.06162606862028297,1.3074890580236547,0.6546229784196881,0.6546229784196881,22.5,320.2027615981091,66.2226370649076,0.0,
ID44603 → ID44632,20,44603,44632,0.0876581698147808,2.223297696219832,0.6632867685551243,0.6632867685551243,24.5,320.64300941782835,66.6658264902139,0.0,
ID44036 → ID44052,20,44036,44052,0.10437648782274311,0.8893271361742111,0.8593287174446355,0.8593287174446355,7.5,319.3734649954934,63.82294845555904,0.0,
ID44297 → ID44336,20,44297,44336,0.05430879712747283,3.0500767114105036,0.7079337386137604,0.7079337386137604,13.5,319.4379701841417,66.4878900668334,0.0,
ID45179 → ID44016,20,45179,44016,0.06601506168883309,NaN,0.42712076197763477,0.42712076197763477,0.5,323.13844813522013,61.471902511352056,0.0,
ID44080 → ID43991,20,44080,43991,0.09087668070080712,2.4608221912604513,0.8853535639583839,0.8853535639583839,5.5,320.4981191328988,63.31288270665519,0.0,
ID44208 → ID44123,20,44208,44123,0.06778407690413024,1.478680516703895,0.8437229508588938,0.8437229508588938,10.5,317.7848702782842,66.10055473667437,0.0,
ID43991 → ID44036,20,43991,44036,0.062264178644303225,0.08734486725132892,0.46580343377191263,0.46580343377191263,6.5,319.8336415586454,63.431583157860096,0.0,
ID44930 → ID44929,20,44930,44929,0.04248570807382068,0.6986751324860085,0.27993994552955026,0.27993994552955026,34.5,320.20481083433526,64.20260121742024,0.0,
ID44997 → ID45063,20,44997,45063,0.05907819623768018,0.8083007104114438,0.605887603982571,0.605887603982571,38.5,320.6549215265419,64.21313214961111,0.0,
ID44294 → ID44297,20,44294,44297,0.06189812161187214,2.4815471952294925,0.6142197595509032,0.6142197595509032,12.5,319.3845133447105,66.47215013128584,0.0,
ID44482 → ID44570,20,44482,44570,0.052772400072292114,1.0649550113330781,0.2865899627887209,0.2865899627887209,21.5,319.9468500352305,65.92837452372721,0.0,
ID44632 → ID44680,20,44632,44680,0.13031161473087394,0.1865436876082964,1.1376531704919288,1.1376531704919288,25.5,321.04336609715654,65.86332100833188,0.0,
ID43996 → ID44181,20,43996,44181,0.1841339155749636,0.8548084822932325,1.8772096430142753,1.8772096430142753,2.5,321.47051694190515,61.43685731986962,0.0,
ID44601 → ID44603,20,44601,44603,0.07505055273336059,0.015488421810726093,0.43809583202171126,0.43809583202171126,23.5,320.38851680525204,66.73643313688578,0.0,
ID44763 → ID44893,20,44763,44893,0.05189730835938522,1.5983931562515246,0.05806836453812522,0.05806836453812522,32.5,320.9909340294944,64.2233372723509,0.0,
ID44395 → ID44383,20,44395,44383,0.11191860465116277,0.6910067567300535,1.1632307431056006,1.1632307431056006,16.5,319.24113362934827,65.44586880148327,0.0,
ID44753 → ID44710,20,44753,44710,0.16598899784740173,1.2786811164977983,1.506328884083893,1.506328884083893,29.5,321.47072378632663,64.32607122323435,0.0,
ID44772 → ID44763,20,44772,44763,0.07472306553378483,1.5985076793893054,0.6481119221055722,0.6481119221055722,31.5,321.28892548720864,64.35193395234795,0.0,
ID44123 → ID44294,20,44123,44294,0.13176638176638178,0.38838255537557553,1.4941518780886254,1.4941518780886254,11.5,318.8493951853592,66.53212922738456,0.0,
ID44972 → ID45041,20,44972,45041,0.0687107499076598,0.12011467695246257,0.5877942330137692,0.5877942330137692,36.5,320.80351062683826,64.4545022387081,0.0,
ID44181 → ID44079,20,44181,44079,0.1415025528811087,0.5018108176437964,1.254402005002947,1.254402005002947,3.5,320.12293589061085,62.13729757351105,0.0,
ID44052 → ID44258,20,44052,44258,0.17926350136512526,0.34774274034470154,1.6625174095808184,1.6625174095808184,8.5,318.48840957705755,64.696932155133,0.0,
ID44680 → ID44749,20,44680,44749,0.04802176421725446,1.7022792878508088,0.29260788616101757,0.29260788616101757,26.5,321.1205040756056,65.30011871461636,0.0,
ID44079 → ID44080,20,44079,44080,0.11630502169869472,1.8865207557610233,1.4090689559031386,1.4090689559031386,4.5,320.30446346553236,62.900437584871,0.0,
ID44893 → ID44930,20,44893,44930,0.07963551762129384,1.8111733600119568,0.6837000257921082,0.6837000257921082,33.5,320.6608011593628,64.16016388449401,0.0,
ID44749 → ID44696,20,44749,44696,0.07955762572546976,0.6828069214221035,0.44059097723164514,0.44059097723164514,27.5,320.8502590644257,65.0835290033128,0.0,
ID44383 → ID44377,20,44383,44377,0.06773987359558498,3.1017372545478916,0.43481080974396175,0.43481080974396175,17.5,319.3388402403014,65.09472332530066,0.0,
ID45150 → ID45010,20,45150,45010,0.0862628743752738,1.9596302833040102,0.744937181021387,0.744937181021387,40.5,320.47349605795034,64.3500608332626,0.0,
ID45063 → ID45150,20,45063,45150,0.05452352231602331,2.6658198228133023,0.3142429941382715,0.3142429941382715,39.5,320.6207135468393,64.03801293547268,0.0,
ID44016 → ID43996,20,44016,43996,0.0769065828032266,0.9220167473692057,0.6732845441690354,0.6732845441690354,1.5,322.6551589649643,61.361241989349224,0.0,
ID44349 → ID44395,20,44349,44395,0.06090713424934169,2.019474131043281,0.41613871635335187,0.41613871635335187,15.5,318.9307235113024,66.1326922096057,0.0,
ID44929 → ID44972,20,44929,44972,0.07323484764337396,2.261807297979182,0.4428854014116137,0.4428854014116137,35.5,320.3012210514373,64.3434055501192,0.0,
ID45041 → ID44997,20,45041,44997,0.06646342376605174,3.129951596897558,0.2685732798289963,0.2685732798289963,37.5,320.9606756833685,64.48243067312166,0.0,
ID44343 → ID44353,21,44343,44353,0.1595985939448913,2.854586461172806,2.0038524417744266,2.0038524417744266,14.5,108.8387054994999,72.34107506637268,0.0,
ID44755 → ID44698,21,44755,44698,0.07385497238866379,0.26150623512729854,0.6475290162916959,0.6475290162916959,27.5,107.83058723232247,77.35126688398093,0.0,
ID43998 → ID44186,21,43998,44186,0.16575019638648858,2.0807523656288307,1.8167731171736292,1.8167731171736292,2.5,111.37478622378352,70.70558188968633,0.0,
ID44382 → ID44490,21,44382,44490,0.05738689443480394,1.1003301889947994,0.45763984290502485,0.45763984290502485,18.5,108.24670078085654,72.60956753728308,0.0,
ID44353 → ID44405,21,44353,44405,0.07609198950455343,1.9924648423773743,0.7892557873175273,0.7892557873175273,15.5,109.16158681031197,71.48569007855174,0.0,
ID44488 → ID44572,21,44488,44572,0.15132605304212166,1.7820075595158034,1.6215828641689276,1.6215828641689276,21.5,109.78114606396437,73.20000761994831,0.0,
ID45152 → ID45015,21,45152,45015,0.06955171590094822,0.5431731165078365,0.7220320019000379,0.7220320019000379,40.5,110.08855865697129,73.93765399124294,0.0,
ID44774 → ID44896,21,44774,44896,0.06871983313931518,1.4042465037516099,0.34676251859753454,0.34676251859753454,32.5,109.6709671857721,75.36083042691004,0.0,
ID44186 → ID44087,21,44186,44087,0.03467301193382999,0.4038266543773876,0.18816399430379865,0.18816399430379865,3.5,110.40136909751328,70.49664710813076,0.0,
ID44405 → ID44388,21,44405,44388,0.08733491878763411,0.0015388624303345855,0.8614492581869493,0.8614492581869493,16.5,108.38482457201215,71.20667966755354,0.0,
ID44261 → ID44212,21,44261,44212,0.10247987043567064,2.10315180908891,1.0208338323789115,1.0208338323789115,9.5,108.60302430494707,70.71001476625365,0.0,
ID44448 → ID44488,21,44448,44488,0.09456639781338338,0.8610049926569036,1.015570928550939,1.015570928550939,20.5,109.15205345707693,72.61107065879787,0.0,
ID44602 → ID44607,21,44602,44607,0.1301284707832574,0.3890208657644954,1.4467225587262798,1.4467225587262798,23.5,108.39470343232688,76.05243000247779,0.0,
ID45046 → ID45001,21,45046,45001,0.0888952002272072,0.23453710187701038,0.5239370928916487,0.5239370928916487,37.5,108.08097066844772,74.79700045321184,0.0,
ID44299 → ID44343,21,44299,44343,0.06344620362879705,1.0258073542231538,0.6020178168647786,0.6020178168647786,13.5,108.28297513264462,72.79618099870765,0.0,
ID44638 → ID44681,21,44638,44681,0.09343503132661302,1.3800343859122528,0.9993795959632042,0.9993795959632042,25.5,106.91858857512457,77.80764769870787,0.0,
ID44388 → ID44382,21,44388,44382,0.1216797369086774,1.9570353314072384,1.4546465697337905,1.4546465697337905,17.5,108.00912883676537,71.78749712618153,0.0,
ID44040 → ID44065,21,44040,44065,0.09539065315766182,1.2875742192377664,0.9210530565727048,0.9210530565727048,7.5,109.28449272819543,71.54684932488902,0.0,
ID44212 → ID44129,21,44212,44129,0.10144481103890524,1.646003069976676,1.0239949359963143,1.0239949359963143,10.5,109.24869994378864,70.96788870151771,0.0,
ID45181 → ID44019,21,45181,44019,0.156046125328005,NaN,1.966254622264869,1.966254622264869,0.5,112.54955787004158,69.44082595823218,0.0,
ID44778 → ID44774,21,44778,44774,0.07653776798236889,0.2854909422455127,0.7412113547927508,0.7412113547927508,31.5,109.440777264941,75.7292420060906,0.0,
ID43993 → ID44040,21,43993,44040,0.15206560895224797,1.6534087788602017,1.9131115896052717,1.9131115896052717,6.5,110.26001150542103,70.89750059866725,0.0,
ID44975 → ID45046,21,44975,45046,0.11007213465134824,0.4733595517261085,0.7155661527895264,0.7155661527895264,36.5,108.68751483923114,74.6918145177295,0.0,
ID44681 → ID44755,21,44681,44755,0.10649915835283408,2.822342268045169,1.1527277876333508,1.1527277876333508,26.5,106.98279849667534,77.63197455912113,0.0,
ID44019 → ID43998,21,44019,43998,0.0859069932552361,0.8414153674905467,0.5954608785166973,0.5954608785166973,1.5,112.17133899452253,70.58199106738984,0.0,
ID44296 → ID44299,21,44296,44299,0.07991952032283267,1.3304494004888836,0.8329479736751225,0.8329479736751225,12.5,108.8371878757375,72.50142166085459,0.0,
ID45076 → ID45152,21,45076,45152,0.10745522698875465,0.9688481610771705,1.221120271613272,1.221120271613272,39.5,109.15421901419222,74.02437337996552,0.0,
ID44931 → ID44975,21,44931,44975,0.08256395177888864,1.8651765040658002,0.4877268193676455,0.4877268193676455,35.5,109.21166763696884,74.43094178515865,0.0,
ID44698 → ID44758,21,44698,44758,0.045913928117260805,1.3561199921706875,0.38587349548980476,0.38587349548980476,28.5,108.24124996058185,77.34695252704086,0.0,
ID44758 → ID44713,21,44758,44713,0.11328125000000122,2.685005499780237,1.2329189572738501,1.2329189572738501,29.5,108.21603789245111,76.89628276220984,0.0,
ID44713 → ID44778,21,44713,44778,0.10218593626547179,1.493969506998766,1.1284168502254175,1.1284168502254175,30.5,108.60138579157976,76.11959080385805,0.0,
ID44896 → ID44932,21,44896,44932,0.031066330814441656,1.6409200678056306,0.223220190413987,0.223220190413987,33.5,109.70093461683402,75.16357904339817,0.0,
ID44607 → ID44638,21,44607,44638,0.1468911213684515,0.6439377076701883,1.4253919769495003,1.4253919769495003,24.5,107.61588950803602,77.17011712199778,0.0,
ID44088 → ID43993,21,44088,43993,0.05150805674149761,2.349604386130258,0.3982493104110855,0.3982493104110855,5.5,110.95236482522672,70.23127146381123,0.0,
ID44490 → ID44448,21,44490,44448,0.053131070664075075,0.015653041154728427,0.2579459633228525,0.2579459633228525,19.5,108.57109547182641,72.76048677156314,0.0,
ID44087 → ID44088,21,44087,44088,0.07687154484250025,2.4506928549026865,0.7897391556374366,0.7897391556374366,4.5,110.71493707016191,70.40079644533259,0.0,
ID44572 → ID44602,21,44572,44602,0.15770152831884954,0.7433849928114493,1.893426871743948,1.893426871743948,22.5,109.45969852845185,74.80639737269908,0.0,
ID45001 → ID45076,21,45001,45076,0.09939052032438334,2.3166121451447346,1.1174166849942335,1.1174166849942335,38.5,108.18318319747095,74.3826355187617,0.0,
ID44065 → ID44261,21,44065,44261,0.08805168014765608,0.28037751084638046,0.8495463574614939,0.8495463574614939,8.5,108.49432140829074,71.16723452583759,0.0,
ID44932 → ID44931,21,44932,44931,0.11513463324048256,1.6494261257235576,0.952007537293488,0.952007537293488,34.5,109.59800974514297,74.69443431627244,0.0,
ID44129 → ID44296,21,44129,44296,0.1008276899924756,0.5435458664519681,1.0442819590481671,1.0442819590481671,11.5,109.34317362637363,71.95958451072738,0.0,
ID44174 → ID44193,22,44174,44193,0.021410309278371398,3.1111418927645986,0.12052666717893251,0.12052666717893251,7.5,423.85040837593635,472.25898194122624,0.0,
ID44290 → ID44270,22,44290,44270,0.05047267980290415,2.443037715832141,0.5138076629661192,0.5138076629661192,9.5,423.73847625470205,472.54663376115286,0.0,
ID44804 → ID44883,22,44804,44883,0.04484933426769444,3.0374761208589125,0.2994724111008768,0.2994724111008768,28.5,420.5373890014555,473.89700047635955,0.0,
ID44239 → ID44355,22,44239,44355,0.0746493506494118,2.540557910301889,0.8374637851763665,0.8374637851763665,11.5,423.35589691854693,472.6091016461209,0.0,
ID44596 → ID44666,22,44596,44666,0.05815556494098417,1.171550304582903,0.5061116898482659,0.5061116898482659,22.5,421.44076284318203,474.7160121492129,0.0,
ID44881 → ID44804,22,44881,44804,0.05020632737276476,1.8427415608731796,0.5339148063594547,0.5339148063594547,27.5,420.6211578622101,473.81240428675835,0.0,
ID45208 → ID44149,22,45208,44149,0.06526070745129631,NaN,0.5962130482102826,0.5962130482102826,0.5,426.80804703814056,471.25873236001803,0.0,
ID44265 → ID44213,22,44265,44213,0.10707519793245468,1.4690322490398913,1.2874435581608934,1.2874435581608934,3.5,424.680298824429,471.2643705442197,0.0,
ID44270 → ID44239,22,44270,44239,0.03473268339820612,0.6272977999635729,0.14430843281734626,0.14430843281734626,10.5,423.54001821836005,472.2979664197388,0.0,
ID44519 → ID44507,22,44519,44507,0.07311125578463051,1.3516542954424493,0.7744529874627549,0.7744529874627549,16.5,421.59864427507136,473.24930785038316,0.0,
ID44549 → ID44566,22,44549,44566,0.0463333913952273,0.777587382114841,0.322631395082178,0.322631395082178,20.5,421.87526753876546,473.8592949169627,0.0,
ID44436 → ID44442,22,44436,44442,0.02821761678461243,0.6891047799697885,0.20889618444134175,0.20889618444134175,14.5,422.36314076082215,473.3111468525483,0.0,
ID44883 → ID44835,22,44883,44835,0.07509551481683274,1.9601497165591486,0.861335317539072,0.861335317539072,29.5,420.3157227199177,473.56563557957406,0.0,
ID44751 → ID44881,22,44751,44881,0.07111609646664185,0.7035126243139677,0.835386219085596,0.835386219085596,26.5,420.98992922846753,474.03565085914136,0.0,
ID44891 → ID44924,22,44891,44924,0.06034727255545691,1.5152596010133634,0.58690099531652,0.58690099531652,32.5,421.0586626989117,475.19628279102693,0.0,
ID45145 → ID45102,22,45145,45102,0.053004199007492314,0.6366284763999993,0.31905066652109426,0.31905066652109426,37.5,421.9438693659282,475.4986344537815,0.0,
ID45102 → ID45151,22,45102,45151,0.061036993237037374,1.8866122815514033,0.2928844939504586,0.2928844939504586,38.5,422.10465990105916,475.5794331274117,0.0,
ID44510 → ID44567,22,44510,44567,0.04350844711869617,0.3334405203849068,0.401940394488706,0.401940394488706,18.5,421.9222054542988,472.8700703648333,0.0,
ID45007 → ID44996,22,45007,44996,0.018896501983419745,0.5914449834930047,0.1355901276110862,0.1355901276110862,34.5,420.7053070346467,475.06384093783834,0.0,
ID44082 → ID44174,22,44082,44174,0.07585128797660412,2.9494849624337522,0.8848659732115608,0.8848659732115608,6.5,423.9427329373399,471.8880984825796,0.0,
ID44666 → ID44668,22,44666,44668,0.04484802671556409,2.73244980246722,0.4165944768882751,0.4165944768882751,23.5,421.39705713902106,474.80979072717355,0.0,
ID44213 → ID44215,22,44213,44215,0.06956875508545812,1.1533975363698254,0.6656994717145621,0.6656994717145621,4.5,424.152184060668,471.9124282002807,0.0,
ID44996 → ID45085,22,44996,45085,0.05392205797655991,2.9854457708993714,0.6024757276519813,0.6024757276519813,35.5,420.8797021398272,475.2206172566067,0.0,
ID44355 → ID44357,22,44355,44357,0.03987209530510882,0.1531370226692243,0.25427377881110824,0.25427377881110824,12.5,423.15099873051554,473.11382281326087,0.0,
ID45151 → ID45184,22,45151,45184,0.07633508340495854,0.015768462059067453,0.8564698697552179,0.8564698697552179,39.5,422.1569960223273,476.1517085865803,0.0,
ID44357 → ID44436,22,44357,44436,0.06684446462007321,1.1161793194249574,0.6743414646985109,0.6743414646985109,13.5,422.7859956719626,473.29893867124616,0.0,
ID44442 → ID44519,22,44442,44519,0.04364217982403429,1.0817411444941079,0.4727370674704882,0.4727370674704882,15.5,422.073785071352,473.3902003277492,0.0,
ID44566 → ID44596,22,44566,44596,0.0761571478288191,0.208552997473123,0.6834155704934751,0.6834155704934751,21.5,421.5356215022043,474.22710511206145,0.0,
ID44924 → ID45007,22,44924,45007,0.055397029085711424,2.736306484426482,0.5581279870002491,0.5581279870002491,33.5,421.0423189414737,475.0813568425185,0.0,
ID44149 → ID44101,22,44149,44101,0.06451612903223236,1.819672483876277,0.7217060085010932,0.7217060085010932,1.5,426.40321087750704,471.2118645851816,0.0,
ID45085 → ID45145,22,45085,45145,0.06224423863887185,0.4694098126516933,0.7021739875052202,0.7021739875052202,36.5,421.45534050733943,475.4876173825848,0.0,
ID44215 → ID44082,22,44215,44082,0.05373223189697274,2.117826972221731,0.5400497381186515,0.5400497381186515,5.5,423.936437232525,471.70348974254466,0.0,
ID44507 → ID44510,22,44507,44510,0.05819181934164397,2.2975873099292414,0.417226406528212,0.417226406528212,17.5,421.5294079400138,472.964146767284,0.0,
ID44693 → ID44751,22,44693,44751,0.0472604346691361,1.4293922608684446,0.16854145034588394,0.16854145034588394,25.5,421.2224268271982,474.46132460756263,0.0,
ID44890 → ID44891,22,44890,44891,0.10789737496752938,0.3493448332650671,1.3818681783729228,1.3818681783729228,31.5,420.4524541835626,474.7288178582369,0.0,
ID44101 → ID44265,22,44101,44265,0.11762969846909954,0.6937669562163724,1.3314930729737635,1.3314930729737635,2.5,425.5286293982122,470.79002460636684,0.0,
ID44835 → ID44890,22,44835,44890,0.0690566661159755,2.36892898129729,0.828615458386277,0.828615458386277,30.5,420.03763120974065,473.72139558940376,0.0,
ID44193 → ID44290,22,44193,44290,0.04865829429988566,2.753836956109715,0.5263542254556971,0.5263542254556971,8.5,423.8955245455322,472.4626812682367,0.0,
ID45184 → ID45117,22,45184,45117,0.06247867774704896,2.761466429790533,0.7741425851087161,0.7741425851087161,40.5,422.30605851352556,476.207736070744,0.0,
ID44567 → ID44549,22,44567,44549,0.08090246125796352,2.0855438616159763,0.972395971349271,0.972395971349271,19.5,422.05363980006155,473.2741656623376,0.0,
ID44668 → ID44693,22,44668,44693,0.05562274562549585,1.2404483845356875,0.19123131597368714,0.19123131597368714,24.5,421.2654138679974,474.5904260875393,0.0,
ID44411 → ID44393,23,44411,44393,0.0953794689525449,2.4423497414586306,0.8566403097276336,0.8566403097276336,16.5,284.8931150702216,88.34385509360895,0.0,
ID44387 → ID44496,23,44387,44496,0.08318584070796464,2.533985683142607,0.6873679787371006,0.6873679787371006,18.5,284.4030893906905,89.2818974863975,0.0,
ID44573 → ID44604,23,44573,44604,0.06924643584520973,2.5086228504102412,0.8501159855238463,0.8501159855238463,22.5,285.9404752463915,92.08628737431751,0.0,
ID44683 → ID44761,23,44683,44761,0.10116519043757477,0.21280646970763162,0.9963848514961711,0.9963848514961711,26.5,286.03001689178086,91.15003095731046,0.0,
ID45183 → ID44022,23,45183,44022,0.18457943925233644,NaN,1.8448592776434438,1.8448592776434438,0.5,296.9665666083545,84.30710060609275,0.0,
ID44347 → ID44356,23,44347,44356,0.06210072797504507,2.547378725043699,0.5435549237858629,0.5435549237858629,14.5,284.36972665779973,87.83036043106449,0.0,
ID44934 → ID44933,23,44934,44933,0.18423169750603374,0.4577628878023038,1.6865404138013749,1.6865404138013749,34.5,283.156227289482,92.01672449667733,0.0,
ID44022 → ID44000,23,44022,44000,0.4788672964673345,0.07481987677310832,5.757055460822325,5.757055460822325,1.5,293.5928832323607,86.05372027489285,0.0,
ID44303 → ID44347,23,44303,44347,0.05621767483696871,0.23252213481431674,0.1506016313566682,0.1506016313566682,13.5,284.22259832918803,87.6755308207731,0.0,
ID44298 → ID44303,23,44298,44303,0.09590077144152842,0.0494207665048839,1.1334449964965283,1.1334449964965283,12.5,284.33243879061945,88.30627015977569,0.0,
ID44604 → ID44608,23,44604,44608,0.10020727610606428,0.04522379762142994,1.1800428637991243,1.1800428637991243,23.5,285.7902282918875,91.08264438103004,0.0,
ID44784 → ID44780,23,44784,44780,0.14935984334990127,2.3676113722025995,1.781384349015678,1.781384349015678,31.5,285.83299290898015,92.89802005429061,0.0,
ID45153 → ID45019,23,45153,45019,0.05200094313334136,2.1815106251069976,0.32624582969503696,0.32624582969503696,40.5,281.4859705949208,94.74804362201145,0.0,
ID44608 → ID44641,23,44608,44641,0.10355103054382742,1.4579410451526889,0.8506960449882895,0.8506960449882895,24.5,286.1268403069512,90.39542989973674,0.0,
ID44000 → ID44191,23,44000,44191,0.1621600015988265,1.179044240862532,1.2574988466861698,1.2574988466861698,2.5,290.54010762673306,86.91619219784106,0.0,
ID44070 → ID44264,23,44070,44264,0.14288580308833743,0.8077438648424331,1.4365921472884544,1.4365921472884544,8.5,287.33911644734314,89.59395940730494,0.0,
ID44716 → ID44784,23,44716,44784,0.10829764351761506,2.0553021789246166,1.0619411043998617,1.0619411043998617,30.5,285.2922232957494,93.22422929697655,0.0,
ID45050 → ID45004,23,45050,45004,0.0532111879933741,0.028847432813690965,0.5394338457227997,0.5394338457227997,37.5,282.6874680436614,94.82263688698168,0.0,
ID45082 → ID45153,23,45082,45153,0.07935837906289578,0.22986518993737712,0.6668027094950159,0.6668027094950159,39.5,281.75155215498364,94.67835098024062,0.0,
ID44264 → ID44216,23,44264,44216,0.14287452841670034,1.147267094702288,1.4714682113211055,1.4714682113211055,9.5,287.3098131108575,90.81493480258972,0.0,
ID44978 → ID45050,23,44978,45050,0.08749091861891611,0.07744388834303595,1.086502770269526,1.086502770269526,36.5,282.6144806383535,94.01302686769289,0.0,
ID45004 → ID45082,23,45004,45082,0.07766579744872393,2.122978726811658,0.7131550418415664,0.7131550418415664,38.5,282.3904759877055,94.92653081764902,0.0,
ID44496 → ID44452,23,44496,44452,0.1103448275862069,1.7813107363171823,1.5307219259490799,1.5307219259490799,19.5,284.8902577786659,89.87908325319812,0.0,
ID44494 → ID44573,23,44494,44573,0.0824388149420352,0.5014304545511141,0.6987257923890224,0.6987257923890224,21.5,285.76191148715446,92.26343439320212,0.0,
ID44045 → ID44070,23,44045,44070,0.07338246042175112,0.1959601178927061,0.4693556835566595,0.4693556835566595,7.5,286.7294270940657,88.93645873687045,0.0,
ID44641 → ID44683,23,44641,44683,0.060294497185471196,2.244270476332561,0.5043897629143156,0.5043897629143156,25.5,286.4343891285,90.52241979872665,0.0,
ID44216 → ID44135,23,44216,44135,0.22402834805107108,0.5978372923795824,2.1014459229864944,2.1014459229864944,10.5,285.92598772493886,91.81907206899481,0.0,
ID44780 → ID44897,23,44780,44897,0.08680923142070718,2.4666485350445906,0.7159405350670386,0.7159405350670386,32.5,285.8648700551677,92.24794807435877,0.0,
ID44356 → ID44411,23,44356,44411,0.08637577916295636,0.9893460583218894,0.712207846321068,0.712207846321068,15.5,284.8704015207817,88.06765561362815,0.0,
ID44452 → ID44494,23,44452,44494,0.12031605411229418,0.07339756750009695,1.4665643996116395,1.4665643996116395,20.5,285.2881937817814,91.32288247324962,0.0,
ID43995 → ID44045,23,43995,44045,0.1997428204029147,2.2453364650463845,1.9287425382379646,1.9287425382379646,6.5,285.6120620129966,88.51154559135153,0.0,
ID44135 → ID44298,23,44135,44298,0.2529959711565605,1.8037736660002963,3.3881559549271283,3.3881559549271283,11.5,284.69809334646817,90.53677932187543,0.0,
ID44700 → ID44766,23,44700,44766,0.0708997146968875,1.1835392261247084,0.4922266413393817,0.4922266413393817,28.5,285.09759797858896,92.98489607021743,0.0,
ID44094 → ID43995,23,44094,43995,0.09272151898734615,1.6703876110791132,1.0137393849322218,1.0137393849322218,5.5,284.86105016051977,88.62266826823017,0.0,
ID44191 → ID44093,23,44191,44093,0.3241347294578848,1.2603890361908185,3.4898167541801,3.4898167541801,3.5,288.5713910770106,87.40034414069838,0.0,
ID44897 → ID44934,23,44897,44934,0.17955733917061734,0.8163957207479624,1.6420381893524174,1.6420381893524174,33.5,284.7707966285943,92.15977208368278,0.0,
ID44093 → ID44094,23,44093,44094,0.23190859077443926,0.16841030180414118,2.230919077770748,2.230919077770748,4.5,286.0366308168698,88.70480657819596,0.0,
ID44393 → ID44387,23,44393,44387,0.09601873536299965,0.37214193216505864,0.9407178507063486,0.9407178507063486,17.5,284.326229362173,89.02111759501251,0.0,
ID44761 → ID44700,23,44761,44700,0.11579827138373833,0.3741289950757173,1.4602701354739949,1.4602701354739949,27.5,285.5365037592587,92.25226036086123,0.0,
ID44766 → ID44716,23,44766,44716,0.0489244117431642,2.400547642423331,0.374892849809686,0.374892849809686,29.5,284.97567146421034,92.87188601036269,0.0,
ID44933 → ID44978,23,44933,44978,0.10574521232306411,1.6103193019589717,1.3614889068280929,1.3614889068280929,35.5,282.440716144001,92.80234324539849,0.0,
ID44842 → ID44771,24,44842,44771,0.10586589957307435,2.193002392227098,0.7224608346200698,0.7224608346200698,29.5,180.52506285902243,316.57442663829795,0.0,
ID44327 → ID44331,24,44327,44331,0.0683206275930347,2.370177419021424,0.6220503781082516,0.6220503781082516,12.5,182.27488963030365,321.8804898392478,0.0,
ID44966 → ID44960,24,44966,44960,0.049134156883537505,1.6933229778092815,0.25712535782858015,0.25712535782858015,34.5,182.59778493698306,315.2826237261457,0.0,
ID44171 → ID44172,24,44171,44172,0.10301109350237714,0.11408179311150893,0.9581391417591626,0.9581391417591626,4.5,179.45725765469948,318.27406071825453,0.0,
ID44400 → ID44481,24,44400,44481,0.0553797868840018,1.7329894776759873,0.5650108161959675,0.5650108161959675,15.5,182.19230615185813,322.18586270931576,0.0,
ID44673 → ID44717,24,44673,44717,0.04867273600215072,1.2427037136720571,0.30959634468577546,0.30959634468577546,25.5,181.80872857361067,323.1388236313729,0.0,
ID44911 → ID44966,24,44911,44966,0.06747230869378684,1.0545949856337902,0.5347943034465322,0.5347943034465322,33.5,182.3219335960156,315.34205797719676,0.0,
ID44839 → ID44745,24,44839,44745,0.07216296891093199,1.159502972729229,0.8286113561995659,0.8286113561995659,27.5,181.59892217089703,321.9968347699097,0.0,
ID44243 → ID44171,24,44243,44171,0.10262626262626262,0.7527025516966848,1.0143172537725154,1.0143172537725154,3.5,179.15121572975227,317.33820510439125,0.0,
ID44250 → ID44211,24,44250,44211,0.05861518701589896,0.5225203766735234,0.35280809923701195,0.35280809923701195,10.5,182.38826402608004,321.55885071545185,0.0,
ID44521 → ID44547,24,44521,44547,0.058540591271705966,0.027842007235511983,0.6692923942651675,0.6692923942651675,20.5,182.1056495675858,322.1285251425609,0.0,
ID44038 → ID44243,24,44038,44243,0.0903814262023217,0.13038863979264873,0.8120962450131799,0.8120962450131799,2.5,179.11819997153793,316.48874077057724,0.0,
ID45128 → ID45168,24,45128,45168,0.09635259157966558,1.8928410390024886,1.2916519128867785,1.2916519128867785,39.5,184.992668426281,312.52605426866774,0.0,
ID44637 → ID44642,24,44637,44642,0.056162690369857104,3.0340325676225293,0.4544522762725832,0.4544522762725832,23.5,182.28060662928675,323.07866009755503,0.0,
ID44086 → ID44038,24,44086,44038,0.05488227146813918,0.8102027308066057,0.2459684109305222,0.2459684109305222,1.5,179.29980310125427,315.9927088037906,0.0,
ID44851 → ID44911,24,44851,44911,0.07825614899569655,0.13004795253495485,0.7334728109275431,0.7334728109275431,32.5,181.80717841978816,315.5365549276479,0.0,
ID44151 → ID44282,24,44151,44282,0.11761658031088795,0.219555905243213,1.482472223727922,1.482472223727922,8.5,181.16526604914026,321.6857747992494,0.0,
ID44394 → ID44400,24,44394,44400,0.042181110802350985,3.139179833318309,0.2855679404914498,0.2855679404914498,14.5,181.8970852564824,322.1821700626665,0.0,
ID44030 → ID44124,24,44030,44124,0.10960298608754082,1.427337099152639,1.1804217341268484,1.1804217341268484,6.5,179.1938399118729,319.4790606808971,0.0,
ID44458 → ID44548,24,44458,44548,0.06943203573708079,1.3993020267100909,0.8409409083683589,0.8409409083683589,18.5,182.19904972048752,322.05563400231665,0.0,
ID45168 → ID45071,24,45168,45071,0.07491902814893203,1.8946274334404098,0.7146336563672717,0.7146336563672717,40.5,185.53626246505257,312.20603382118236,0.0,
ID44548 → ID44521,24,44548,44521,0.05247103140930276,2.9980934168806543,0.1776213333856761,0.1776213333856761,19.5,182.5283579355601,322.1038206032109,0.0,
ID44642 → ID44673,24,44642,44673,0.060026717473684044,2.1092715492621372,0.39768867259008733,0.39768867259008733,24.5,182.07512715440168,323.027599593006,0.0,
ID44745 → ID44842,24,44745,44842,0.44429967426710093,0.66014224342335,5.410852175902199,5.410852175902199,28.5,180.73967574619553,319.0773413018254,0.0,
ID44331 → ID44394,24,44331,44394,0.08066607818136518,2.1877978820233293,0.734528512857452,0.734528512857452,13.5,181.97277322818724,321.9708337545917,0.0,
ID44960 → ID45025,24,44960,45025,0.127166719193199,0.7813079876562468,1.295921212521288,1.295921212521288,35.5,183.12888036657745,314.76050416200417,0.0,
ID45049 → ID45128,24,45049,45128,0.08275485272680694,0.6220894063018964,0.7568999956616853,0.7568999956616853,38.5,184.45444946848642,312.8665234544853,0.0,
ID45197 → ID44086,24,45197,44086,0.09059534081104403,NaN,0.789090165552172,0.789090165552172,0.5,179.12096752237278,315.5391591047076,0.0,
ID44852 → ID44851,24,44852,44851,0.12126111560226349,0.03560328838342422,1.0511104100574211,1.0511104100574211,31.5,181.2358500813702,316.2195725893097,0.0,
ID44282 → ID44250,24,44282,44250,0.07466955822690213,1.3921756730600965,0.6338927301422597,0.6338927301422597,9.5,182.00643718273267,321.8463953640039,0.0,
ID44459 → ID44458,24,44459,44458,0.09169651794799516,2.6515699940846247,0.8382119032837708,0.8382119032837708,17.5,181.75403077503898,321.59243908726296,0.0,
ID44717 → ID44839,24,44717,44839,0.09696969696969693,1.5527264402363665,0.8623117947473753,0.8623117947473753,26.5,181.7875955281267,322.6785810962873,0.0,
ID45121 → ID45049,24,45121,45049,0.07315621449054499,0.5248532299265513,0.5212416240419997,0.5212416240419997,37.5,184.47601719131944,313.47561412188713,0.0,
ID44481 → ID44459,24,44481,44459,0.12142738617702342,2.635236616272228,1.352103199805041,1.352103199805041,16.5,182.08296322795434,321.7489942504466,0.0,
ID44124 → ID44151,24,44124,44151,0.14957927825287287,0.6154238964723903,1.7482690525145514,1.7482690525145514,7.5,179.91702513495278,320.67572115384615,0.0,
ID44771 → ID44852,24,44771,44852,0.05026149295829718,1.3115915718538615,0.10464359261345788,0.10464359261345788,30.5,180.88781302471529,316.6808503616499,0.0,
ID45025 → ID45121,24,45025,45121,0.09587689879660688,0.056077055087049354,0.9867730759984349,0.9867730759984349,36.5,184.0165542053789,314.0437731116991,0.0,
ID44211 → ID44327,24,44211,44327,0.0684166613182795,2.042045967784565,0.6388469382054099,0.6388469382054099,11.5,182.50450117012616,321.8205280830281,0.0,
ID44172 → ID44030,24,44172,44030,0.06448952794164187,1.510378396736251,0.5134620673055222,0.5134620673055222,5.5,179.33533321100037,318.81757310501393,0.0,
ID44547 → ID44587,24,44547,44587,0.03713542196657049,1.6288722277726686,0.0541962247006018,0.0541962247006018,21.5,181.77499874620727,322.1768957345971,0.0,
ID44587 → ID44637,24,44587,44637,0.11067341962109456,0.37471769917460446,1.2344305412433898,1.2344305412433898,22.5,182.0725920149667,322.7463313043522,0.0,
ID44936 → ID44935,25,44936,44935,0.1291320860880555,0.35574610905918796,1.3042250444002637,1.3042250444002637,34.5,486.66063141176585,106.71854991366335,0.0,
ID44305 → ID44350,25,44305,44350,0.128576474743902,0.7582530021087708,1.005908158695582,1.005908158695582,13.5,476.23968617390835,97.53024744802522,0.0,
ID44099 → ID43997,25,44099,43997,0.05986615078950863,2.1447273854369695,0.27747096556729617,0.27747096556729617,5.5,473.75916466808104,86.89304812491673,0.0,
ID44503 → ID44456,25,44503,44456,0.08619851232822029,0.5901067699354623,0.6301278223514288,0.6301278223514288,19.5,480.1053767761027,100.71405151229135,0.0,
ID45086 → ID45154,25,45086,45154,0.1587920116901833,1.2401633340771934,1.3565044014247858,1.3565044014247858,39.5,488.6280516916939,109.6557298321726,0.0,
ID44770 → ID44719,25,44770,44719,0.05738926856853921,0.16803846850530596,0.3748231890210702,0.3748231890210702,29.5,485.45400567241654,103.85562035252572,0.0,
ID44196 → ID44098,25,44196,44098,0.22911963882618513,0.30028656063970477,1.835096160206261,1.835096160206261,3.5,473.0673842415564,85.81374890845089,0.0,
ID44611 → ID44644,25,44611,44644,0.12819176654507558,1.6302439145875147,1.1664105673446163,1.1664105673446163,24.5,482.6778985484781,104.2034962187679,0.0,
ID44574 → ID44606,25,44574,44606,0.21662468513853905,1.217681071325753,2.1707073372616144,2.1707073372616144,22.5,482.06903764176275,101.91825836442226,0.0,
ID44786 → ID44898,25,44786,44898,0.08072264699914111,3.02052915735737,0.735157384391865,0.735157384391865,32.5,486.5627409348103,105.1412775725629,0.0,
ID44350 → ID44359,25,44350,44359,0.17701732150401916,0.00282080611531044,1.5006563426115058,1.5006563426115058,14.5,477.37347367243024,98.06432544345589,0.0,
ID44500 → ID44574,25,44500,44574,0.1271186440677966,0.09479701868330302,1.0034305686729317,1.0034305686729317,21.5,481.4172722280606,100.74286905324205,0.0,
ID44644 → ID44685,25,44644,44685,0.24701195219123506,0.06387099508267124,2.395467355748266,2.395467355748266,25.5,484.45793683300195,104.22243361728464,0.0,
ID44981 → ID45054,25,44981,45054,0.10505450941526262,1.3406599443138612,1.0313888913162421,1.0313888913162421,36.5,488.3341933535537,108.00248669120532,0.0,
ID44685 → ID44767,25,44685,44767,0.15011451176347834,1.6827863016795646,1.4723902696474886,1.4723902696474886,26.5,485.5658210768462,103.47942858857853,0.0,
ID44606 → ID44611,25,44606,44611,0.12609031730393394,0.26148736146738133,1.1881610337206578,1.1881610337206578,23.5,482.16254523734233,103.58196458724737,0.0,
ID44898 → ID44936,25,44898,44936,0.06786562606039082,0.42966536269245853,0.5884293757266817,0.5884293757266817,33.5,486.6002333668301,105.78695921724953,0.0,
ID44267 → ID44219,25,44267,44219,0.23250119262354596,0.5259299938825505,2.741862782222127,2.741862782222127,9.5,475.01555022192997,91.8151072387528,0.0,
ID43997 → ID44049,25,43997,44049,0.22618254497000279,1.543969192004211,1.899876566624467,1.899876566624467,6.5,474.2565834577531,87.7184420186816,0.0,
ID44300 → ID44305,25,44300,44305,0.16355767795850573,0.15585420284978937,1.3812177189439017,1.3812177189439017,12.5,475.53201242205466,96.6738175034984,0.0,
ID44935 → ID44981,25,44935,44981,0.16981583353264773,0.703629633762167,1.492942096539649,1.492942096539649,35.5,487.348550098919,107.83729063967618,0.0,
ID44359 → ID44416,25,44359,44416,0.08628485305197597,0.8957160804284909,0.46306154451023585,0.46306154451023585,15.5,478.10552230946223,98.6100770552645,0.0,
ID44416 → ID44397,25,44416,44397,0.23141361256544501,0.45728965573056907,1.9631140721466336,1.9631140721466336,16.5,478.78470821987344,99.59170202503175,0.0,
ID45008 → ID45086,25,45008,45086,0.11360634081901344,0.4978974428725582,1.3883895991698618,1.3883895991698618,38.5,488.4518249783277,108.55274082361711,0.0,
ID44788 → ID44786,25,44788,44786,0.12114629459437787,2.7364303029558443,1.1750459179362336,1.1750459179362336,31.5,486.5470381608441,105.36775106457942,0.0,
ID44098 → ID44099,25,44098,44099,0.09775280898876404,0.9136068542332338,0.48066659805499085,0.48066659805499085,4.5,473.6332944797109,86.73506627943488,0.0,
ID44077 → ID44267,25,44077,44267,0.13270809895806068,0.6534733041794145,1.079254615041905,1.079254615041905,8.5,475.7014047922035,90.08887339615293,0.0,
ID44219 → ID44141,25,44219,44141,0.15774202057504616,0.94143867490597,1.3808011005994174,1.3808011005994174,10.5,474.6085060412224,93.63298496528347,0.0,
ID44392 → ID44503,25,44392,44503,0.06365556337765255,2.750253710655859,0.3788262568678704,0.3788262568678704,18.5,479.9999723180107,101.18649400135686,0.0,
ID44719 → ID44788,25,44719,44788,0.23281773241906778,0.31489647377438235,2.219485352647424,2.219485352647424,30.5,486.05815319879537,104.99455042203397,0.0,
ID44456 → ID44500,25,44456,44500,0.10270270270271564,1.4312566383926304,0.7187246966566897,0.7187246966566897,20.5,480.58266064300705,100.53488067643957,0.0,
ID44141 → ID44300,25,44141,44300,0.21009268795056646,0.19873404577492912,1.809582788302004,1.809582788302004,11.5,475.0838799084164,95.14760263980426,0.0,
ID44702 → ID44770,25,44702,44770,0.147887323943662,2.480256980466674,1.3537069771601944,1.3537069771601944,28.5,485.1587426631418,103.04555834867583,0.0,
ID45154 → ID45022,25,45154,45022,0.10399194901039455,1.1086545797702143,1.0063777503622027,1.0063777503622027,40.5,489.5852252258344,109.97413577749504,0.0,
ID44049 → ID44077,25,44049,44077,0.16000000000000003,0.031923000021555625,1.382130485880714,1.382130485880714,7.5,475.2797745788632,89.00113588950941,0.0,
ID44397 → ID44392,25,44397,44392,0.15409482758620685,0.1485752399515588,1.197564088274828,1.197564088274828,17.5,479.719377497721,100.86092017017904,0.0,
ID45185 → ID44025,25,45185,44025,0.21874408330702877,NaN,1.9225296277289448,1.9225296277289448,0.5,473.3671535586009,82.08906114675037,0.0,
ID44002 → ID44196,25,44002,44196,0.11466900902341781,1.4830913107753954,0.8446586863045323,0.8446586863045323,2.5,472.46857714274927,84.62967922438122,0.0,
ID44767 → ID44702,25,44767,44702,0.08707718993929359,0.9249621838811399,0.6605347007855825,0.6605347007855825,27.5,485.1900101828171,102.58360369107385,0.0,
ID44025 → ID44002,25,44025,44002,0.18222976796830792,0.9778441075316983,1.8297864470613672,1.8297864470613672,1.5,472.8668630301413,83.66819640898422,0.0,
ID45054 → ID45008,25,45054,45008,0.04025786983061419,2.1744773582138124,0.23778233499263488,0.23778233499263488,37.5,488.75057701591834,107.80989833056674,0.0,
ID44326 → ID44384,26,44326,44384,0.06381477128265123,1.5495685507302435,0.5588964290656305,0.5588964290656305,13.5,72.74628533372798,313.10724248927033,0.0,
ID44391 → ID44469,26,44391,44469,0.11196806097450196,0.08710407108894236,0.8134764281083188,0.8134764281083188,15.5,71.5556112023169,312.55073163014316,0.0,
ID45118 → ID45047,26,45118,45047,0.31227436823104693,2.0124926831948127,1.992519166776368,1.992519166776368,37.5,59.98417422524565,295.4344422112279,0.0,
ID44836 → ID44764,26,44836,44764,0.17091622303166343,0.3909156389061508,1.4098519705087742,1.4098519705087742,29.5,69.35475982562312,298.67496299455297,0.0,
ID44963 → ID44958,26,44963,44958,0.15438871473354232,0.5203373541126463,1.4764148781215098,1.4764148781215098,34.5,64.61501224217386,296.13552834164227,0.0,
ID44323 → ID44326,26,44323,44326,0.07712431979908208,2.8151220870760625,0.5588501749048385,0.5588501749048385,12.5,73.0639046772094,313.34932206885,0.0,
ID44451 → ID44450,26,44451,44450,0.055612109298602275,1.1410309818571178,0.3045973737721012,0.3045973737721012,17.5,70.89508784577893,310.80956209157694,0.0,
ID44280 → ID44246,26,44280,44246,0.11895358022396474,0.5666707903722659,1.2559127055178618,1.2559127055178618,9.5,73.51294062925678,314.3512916634366,0.0,
ID44848 → ID44847,26,44848,44847,0.12633305988515175,1.1521561732559549,1.1400785985482855,1.1400785985482855,31.5,67.86734937309907,297.9889168875235,0.0,
ID44160 → ID44161,26,44160,44161,0.10080938302718179,0.2706211598936819,0.7696970993421557,0.7696970993421557,4.5,76.654049690108,318.32475492452136,0.0,
ID44139 → ID44280,26,44139,44280,0.1083888975034969,0.22964044882014573,0.8891391244346518,0.8891391244346518,8.5,73.78471336854567,315.3458663448988,0.0,
ID44764 → ID44848,26,44764,44848,0.08322376247542163,1.6380670993781616,0.9040107970990745,0.9040107970990745,30.5,68.7024057636014,298.19244148348844,0.0,
ID45199 → ID44091,26,45199,44091,0.19305695631403397,NaN,1.621233459927429,1.621233459927429,0.5,79.83076653957644,319.1976553591063,0.0,
ID44636 → ID44671,26,44636,44671,0.09306930693068527,0.22939074188232514,0.7505724506437399,0.7505724506437399,24.5,68.93199606052156,305.6118064711401,0.0,
ID44711 → ID44830,26,44711,44830,0.15927126756214627,0.7916588099610861,1.772589583248208,1.772589583248208,26.5,69.10752970012754,304.52161584461794,0.0,
ID44542 → ID44513,26,44542,44513,0.10497831995858031,0.24456085848949818,0.9324494538891753,0.9324494538891753,19.5,70.7652560978552,309.1317802868854,0.0,
ID44246 → ID44203,26,44246,44203,0.09654017857142472,0.8021114324505353,0.8459599742903909,0.8459599742903909,10.5,73.17849741593972,313.4398684801889,0.0,
ID44161 → ID44024,26,44161,44024,0.11102434386989068,1.1391388971005478,0.8973550316857023,0.8973550316857023,5.5,75.96655938394375,318.17894116176205,0.0,
ID44113 → ID44139,26,44113,44139,0.1518771331058021,0.5484643693228547,1.4451517570211445,1.4451517570211445,7.5,74.29708936835351,316.38645914388036,0.0,
ID44024 → ID44113,26,44024,44113,0.1470325082016306,0.07742138379135784,1.3507871009309191,1.3507871009309191,6.5,75.09529755696487,317.4699820011108,0.0,
ID44091 → ID44043,26,44091,44043,0.1576458223857068,1.3811883444530157,1.226569719546304,1.226569719546304,1.5,78.73238867626512,319.07857837138863,0.0,
ID44043 → ID44241,26,44043,44241,0.13862930907059012,0.4205293018007192,1.0252034057809727,1.0252034057809727,2.5,77.90546695677617,318.35122657798547,0.0,
ID44736 → ID44836,26,44736,44836,0.17567567567567566,0.03541691680618582,1.5084001918536154,1.5084001918536154,28.5,69.55800877593823,300.0918339250354,0.0,
ID44450 → ID44542,26,44450,44542,0.11938409618224,1.0802074956473335,1.1404321822598853,1.1404321822598853,18.5,70.88302325468985,310.1537974765125,0.0,
ID45167 → ID45067,26,45167,45067,0.07003308158042398,2.166821437857624,0.7062258196077651,0.7062258196077651,40.5,59.519641810494875,293.7223613561554,0.0,
ID44910 → ID44963,26,44910,44963,0.12958192985932238,0.037506758682108544,1.389171774751944,1.389171774751944,33.5,65.74346946832347,296.9378736721494,0.0,
ID44671 → ID44711,26,44671,44711,0.06544881061900754,1.9852515275701328,0.048355130388901615,0.048355130388901615,25.5,68.70039109032304,305.3281239051223,0.0,
ID44585 → ID44631,26,44585,44631,0.13490725126475545,1.0302083781669404,1.2324555320745598,1.2324555320745598,22.5,70.14915217378864,306.5728506761435,0.0,
ID44384 → ID44391,26,44384,44391,0.0841946957580414,0.7302913336972395,0.6820794332373141,0.6820794332373141,14.5,72.18880756003287,312.9471940276552,0.0,
ID44513 → ID44541,26,44513,44541,0.061109123434696766,0.5163955079030024,0.5348075711203598,0.5348075711203598,20.5,70.64714666290014,308.4305327667855,0.0,
ID44958 → ID45021,26,44958,45021,0.12043512043512039,0.5053747594752213,1.137101981786687,1.137101981786687,35.5,63.60793235036657,295.3684072610059,0.0,
ID44469 → ID44451,26,44469,44451,0.14410134600158353,0.7656108791356327,1.5000183356298629,1.5000183356298629,16.5,70.99134362551129,311.62909196586423,0.0,
ID44541 → ID44585,26,44541,44585,0.11047835990887989,0.5949935928314467,1.261128424733061,1.261128424733061,21.5,70.58176672904469,307.5679090768623,0.0,
ID44847 → ID44910,26,44847,44910,0.11261539871257464,0.35295326258533166,1.1345418455131646,1.1345418455131646,32.5,66.92124301086136,297.3901765227509,0.0,
ID44631 → ID44636,26,44631,44636,0.07894964153062833,0.04280841728773156,0.5656832509045681,0.5656832509045681,23.5,69.42050296673872,306.0464698760981,0.0,
ID44203 → ID44323,26,44203,44323,0.0739937383617475,2.777526799732254,0.527223435147917,0.527223435147917,11.5,72.98453652591584,313.3909412064585,0.0,
ID44241 → ID44160,26,44241,44160,0.06993379837384173,0.6310235182234905,0.4509612086746386,0.4509612086746386,3.5,77.23037594756174,318.1402737346306,0.0,
ID45126 → ID45167,26,45126,45167,0.05301873698820658,2.810181809913615,0.4086448937066398,0.4086448937066398,39.5,59.733944738174074,293.5235951287633,0.0,
ID44830 → ID44736,26,44830,44736,0.2784513785602889,0.4375730347388389,2.877902365741743,2.877902365741743,27.5,69.50745318413463,302.28409200865,0.0,
ID45021 → ID45118,26,45021,45118,0.38486055776892425,0.7458471483298359,3.396628805153278,3.396628805153278,36.5,61.50030483648904,295.7972295492032,0.0,
ID45047 → ID45126,26,45047,45126,0.14517014270033113,0.45613777272193917,1.158534075053003,1.158534075053003,38.5,59.82134146501927,293.9054671771997,0.0,
ID44269 → ID44221,27,44269,44221,0.1491744163977985,1.529350475259165,1.575902514429298,1.575902514429298,9.5,345.5490258097592,103.43240200104063,0.0,
ID44361 → ID44421,27,44361,44421,0.16378993756885785,0.2090733443099379,2.0060087961615167,2.0060087961615167,15.5,345.51649181042086,109.53695258345809,0.0,
ID44509 → ID44460,27,44509,44460,0.09659303631598648,1.0042751008480963,1.0428742672052633,1.0428742672052633,19.5,344.69299660268877,112.75645201264328,0.0,
ID44773 → ID44706,27,44773,44706,0.14273740980978555,1.3940534912201838,1.6345923248419436,1.6345923248419436,27.5,347.09153390287076,113.71056824715572,0.0,
ID44221 → ID44147,27,44221,44147,0.10545040226945979,0.5079328867538819,1.3296972351310445,1.3296972351310445,10.5,345.01095320305376,104.7319520936858,0.0,
ID45066 → ID45011,27,45066,45011,0.08996815286624205,1.301848029920055,1.0208997149915486,1.0208997149915486,37.5,347.80642631159003,121.86536631294302,0.0,
ID44647 → ID44688,27,44647,44688,0.1942437522207715,0.26244677910478165,2.5574147789759216,2.5574147789759216,25.5,345.21945404424594,112.77258899728506,0.0,
ID44613 → ID44647,27,44613,44647,0.23879420746724211,0.27036724255770206,2.820299326404475,2.820299326404475,24.5,343.71299083095397,110.57326344940589,0.0,
ID44722 → ID44794,27,44722,44794,0.25182028058959327,4.601624352883761E-4,3.3809475707156516,3.3809475707156516,30.5,348.37217295442116,116.03491995762073,0.0,
ID44984 → ID45066,27,44984,45066,0.06116061980177556,2.4431225423666914,0.3254117822302338,0.3254117822302338,36.5,347.83807547293804,122.43996878656549,0.0,
ID44004 → ID44200,27,44004,44200,0.33333333333333337,0.4032684289182114,4.241266602121389,4.241266602121389,2.5,342.71271251479254,107.28726698067888,0.0,
ID44706 → ID44777,27,44706,44777,0.04528671827255537,0.8040979380780728,0.07397838633864537,0.07397838633864537,28.5,347.6401255773121,113.06999447666391,0.0,
ID44307 → ID44354,27,44307,44354,0.1815714814358027,1.9945378142448664,2.157401894321141,2.157401894321141,13.5,345.48251182251704,105.6750465012376,0.0,
ID44302 → ID44307,27,44302,44307,0.1021209740769835,1.7744241267560719,0.9647290290671604,0.9647290290671604,12.5,345.0974793482539,104.7694354157658,0.0,
ID44421 → ID44402,27,44421,44402,0.061915384916435,2.1401084140848408,0.5803548113174082,0.5803548113174082,16.5,345.1900675948971,110.35541835099086,0.0,
ID45011 → ID45090,27,45011,45090,0.11074329186800624,2.206782019176379,1.0916730130549834,1.0916730130549834,38.5,348.27569244224037,121.77993214930997,0.0,
ID44103 → ID44104,27,44103,44104,0.05909883454161824,0.4087423176347317,0.143832527837474,0.143832527837474,4.5,345.0768030969293,103.90806169876527,0.0,
ID44609 → ID44613,27,44609,44613,0.1444695259593679,2.46811850554678,1.6924836676635235,1.6924836676635235,23.5,342.4056478672187,108.75792418591911,0.0,
ID44777 → ID44722,27,44777,44722,0.11432926829268297,1.4310728803072301,1.3581066228944025,1.3581066228944025,29.5,347.8316495873962,113.72786709539122,0.0,
ID44506 → ID44575,27,44506,44575,0.23991493749193493,0.5681443216677601,3.3019802790357344,3.3019802790357344,21.5,344.3760023054431,110.46071609311741,0.0,
ID44354 → ID44361,27,44354,44361,0.14089413889361313,0.17184077446653462,1.798069446508806,1.798069446508806,14.5,345.51579854194415,107.64526568067605,0.0,
ID44104 → ID43999,27,44104,43999,0.14796547472256472,1.2457707656783543,1.5089819799166206,1.5089819799166206,5.5,344.5603442426078,103.32295232143619,0.0,
ID43999 → ID44053,27,43999,44053,0.09312090250333027,0.520650478681602,0.8653043947077991,0.8653043947077991,6.5,343.88987340509186,102.38846287622127,0.0,
ID44053 → ID44083,27,44053,44083,0.07380569436934536,0.7754566847766454,0.7541484799658331,0.7541484799658331,7.5,343.9421458210628,101.64037172994603,0.0,
ID44794 → ID44793,27,44794,44793,0.11501724069597363,0.9407731918222789,1.285251777299871,1.285251777299871,31.5,348.3388822950587,118.16790557540781,0.0,
ID44940 → ID44937,27,44940,44937,0.1422276082406141,1.7716644826100476,1.5426769193926302,1.5426769193926302,34.5,347.29435111303565,120.97823551692974,0.0,
ID45090 → ID45155,27,45090,45155,0.09213909183392133,0.6684587008450383,0.39855964225386503,0.39855964225386503,39.5,348.8287933889875,122.22988375956558,0.0,
ID45186 → ID44029,27,45186,44029,0.2808689732004689,NaN,2.9174912554291583,2.9174912554291583,0.5,340.47250737511115,110.44127296587928,0.0,
ID44937 → ID44984,27,44937,44984,0.0880855886138151,0.08271831880249529,0.9149505374429839,0.9149505374429839,35.5,347.81095691595766,122.09209752014598,0.0,
ID44029 → ID44004,27,44029,44004,0.13818630475016258,1.4214016534834288,0.9615841110889384,0.9615841110889384,1.5,341.90725700051723,109.72757024265645,0.0,
ID44200 → ID44103,27,44200,44103,0.1953672113485413,0.45162813194676205,2.038182980311961,2.038182980311961,3.5,344.2849653622917,104.65050091683682,0.0,
ID44688 → ID44773,27,44688,44773,0.0810925376435272,0.6080401744034739,0.8993817963929941,0.8993817963929941,26.5,346.1851117853097,114.13227353220745,0.0,
ID44398 → ID44509,27,44398,44509,0.07611291577068569,1.049944530901917,0.8262787200346576,0.8262787200346576,18.5,344.6184780406369,111.93897645420284,0.0,
ID44793 → ID44899,27,44793,44899,0.10860820595333864,0.9117860135283072,1.3260759021021993,1.3260759021021993,32.5,348.0523135179998,119.30469024819229,0.0,
ID44147 → ID44302,27,44147,44302,0.06765468199642988,2.458828092107519,0.5353086355627763,0.5353086355627763,11.5,344.79003881276986,105.16639606739659,0.0,
ID44899 → ID44940,27,44899,44940,0.11351667641895846,1.507892176455752,1.2808894686367562,1.2808894686367562,33.5,347.5666497869506,120.12157912024745,0.0,
ID45155 → ID45024,27,45155,45024,0.10666666666666669,0.3395743825094106,1.0603444177792944,1.0603444177792944,40.5,349.54867955641885,122.18748205269368,0.0,
ID44083 → ID44269,27,44083,44269,0.2227979274611399,1.7512590328986135,2.4057083117630813,2.4057083117630813,8.5,345.06393320645395,102.05003014658692,0.0,
ID44575 → ID44609,27,44575,44609,0.18188622754491013,0.834441448685904,2.0622930122868506,2.0622930122868506,22.5,342.96567543068466,108.43916670622568,0.0,
ID44402 → ID44398,27,44402,44398,0.13989790473993324,1.8451835842689774,1.55474249341073,1.55474249341073,17.5,344.664253213446,110.8937357132317,0.0,
ID44460 → ID44506,27,44460,44506,0.1152127659574701,3.0680447003621234,1.2525969535145645,1.2525969535145645,20.5,344.68488120873883,112.64377641795072,0.0,
ID44061 → ID44158,28,44061,44158,0.2158819163850333,3.0949614905365475,1.2229806288333733,1.2229806288333733,6.5,243.49055300730498,399.7477398125374,0.0,
ID44199 → ID44061,28,44199,44061,0.26947705442908254,NaN,1.345908197185328,1.345908197185328,5.5,243.5085850432127,399.81367374536023,0.0,
ID44178 → ID44287,29,44178,44287,0.3201780415430303,2.5857842869066507,2.351390696922119,2.351390696922119,8.5,207.48282839857598,393.7319696231806,0.0,
ID44056 → ID44154,29,44056,44154,0.2197524971874345,NaN,2.26989805316929,2.26989805316929,6.5,207.94624997228948,393.40302574951727,0.0,
ID44154 → ID44178,29,44154,44178,0.1103316560766916,1.141503606655256,0.9181454452406976,0.9181454452406976,7.5,206.8343326157258,394.2374275219463,0.0,
ID44230 → ID44342,30,44230,44342,0.26988990136587554,NaN,2.3353819358657306,2.3353819358657306,11.5,207.3903863665608,393.23136957963396,0.0,
ID44301 → ID44338,31,44301,44338,0.31779141104294484,NaN,0.9584943718156993,0.9584943718156993,13.5,428.11684284474256,68.82144774977564,0.0,
ID44419 → ID44427,32,44419,44427,0.4520407950445321,NaN,5.041409097643336,5.041409097643336,14.5,202.49699834208093,390.1908576296337,0.0,
ID44877 → ID44878,33,44877,44878,0.1385364230145283,0.4766267248713918,1.6438118051153652,1.6438118051153652,31.5,194.80965074971294,394.880602077085,0.0,
ID44986 → ID44974,33,44986,44974,0.04941848612802424,0.7404725402393761,0.3751272891665964,0.3751272891665964,34.5,194.36114482200645,393.53716648103784,0.0,
ID44657 → ID44682,33,44657,44682,0.0928101971718781,2.925460052561376,1.0195052701712108,1.0195052701712108,24.5,196.17406071624052,391.9120386660411,0.0,
ID44560 → ID44537,33,44560,44537,0.04897980232743537,2.9327726572927983,0.28895547592467424,0.28895547592467424,19.5,198.3193476134357,390.51651920803096,0.0,
ID44734 → ID44862,33,44734,44862,0.05018025485379973,0.6177277843920936,0.2198123617401148,0.2198123617401148,26.5,195.95630324201753,392.8129835830729,0.0,
ID44485 → ID44560,33,44485,44560,0.08534433185936674,2.250274763997892,0.8118571466296429,0.8118571466296429,18.5,198.08802608815893,390.6484092702946,0.0,
ID44537 → ID44557,33,44537,44557,0.08301014109232385,0.06921109808436131,0.7743099004082649,0.7743099004082649,20.5,197.9849455647447,390.9294850081858,0.0,
ID44775 → ID44865,33,44775,44865,0.08596539412250148,2.274379201590664,0.7000392987986295,0.7000392987986295,28.5,195.51472826543676,393.95709762572113,0.0,
ID44484 → ID44485,33,44484,44485,0.08285532186105804,NaN,0.8463369720033732,0.8463369720033732,17.5,197.78078750368405,390.4651879359466,0.0,
ID44878 → ID44918,33,44878,44918,0.11412535079512232,3.0523840800794324,1.2264938156987868,1.2264938156987868,32.5,194.94036739297104,395.055130705156,0.0,
ID45075 → ID45138,33,45075,45138,0.042710512234266584,0.6737542458337036,0.39945278413998064,0.39945278413998064,38.5,195.18928579730357,392.15210541608553,0.0,
ID44682 → ID44734,33,44682,44734,0.12308898471189911,2.9208985128411773,1.3179638414279375,1.3179638414279375,25.5,196.0550130971929,392.06821780436314,0.0,
ID44862 → ID44775,33,44862,44775,0.11514572384135857,0.5651860584751517,1.315944957576621,1.315944957576621,27.5,195.82316630874323,393.5542126683954,0.0,
ID45173 → ID45099,33,45173,45099,0.06525672866039545,2.501125027240837,0.4497789397186129,0.4497789397186129,40.5,195.5530567059733,391.8776621412627,0.0,
ID45051 → ID45133,33,45051,45133,0.07286187414765011,1.7023381338190613,0.5268970259839535,0.5268970259839535,36.5,194.54047776338797,393.41231135181334,0.0,
ID44808 → ID44877,33,44808,44877,0.14373058639478165,2.5972963852477733,1.6952896741701908,1.6952896741701908,30.5,194.57117064908812,393.2758489450924,0.0,
ID45138 → ID45173,33,45138,45173,0.06219043113940981,0.4189344524555301,0.39930110040708305,0.39930110040708305,39.5,195.55448856790366,392.01342503997296,0.0,
ID44557 → ID44592,33,44557,44592,0.11880402886826003,0.505374407360639,1.2501274385298047,1.2501274385298047,21.5,197.17215568472005,391.4803541951806,0.0,
ID44592 → ID44653,33,44592,44653,0.06678847723827142,0.5880427446953528,0.6933577506354841,0.6933577506354841,22.5,196.40755161610576,392.0159533448663,0.0,
ID45133 → ID45075,33,45133,45075,0.08462350670944896,0.3416061212513591,0.9970322550491241,0.9970322550491241,37.5,194.8623502533478,392.7327447520811,0.0,
ID44653 → ID44657,33,44653,44657,0.049112377307247046,0.9690783694484908,0.11678943566325467,0.11678943566325467,23.5,196.23999323814468,392.36010336657716,0.0,
ID44865 → ID44808,33,44865,44808,0.12816691505218258,0.31047649891494,1.419700493852232,1.419700493852232,29.5,194.9582466969894,393.0683380261353,0.0,
ID44918 → ID44986,33,44918,44986,0.08127995720499714,0.02223497837587458,0.8671164128691655,0.8671164128691655,33.5,194.63987597547379,394.0524471000015,0.0,
ID44974 → ID45051,33,44974,45051,0.04267374309689653,2.8959251150073713,0.2523276707049542,0.2523276707049542,35.5,194.2895501098244,393.52909599563304,0.0,
ID44991 → ID44977,34,44991,44977,0.09721908207096752,2.9250822572125763,0.7505546365066632,0.7505546365066632,34.5,250.16837302631518,406.18087668484554,0.0,
ID44684 → ID44737,34,44684,44737,0.08338067039655717,2.83319533133346,0.21383541704197945,0.21383541704197945,25.5,244.02281848746304,404.72302993478354,0.0,
ID44815 → ID44880,34,44815,44880,0.07887031006264789,1.1959607390993865,0.5674694216034352,0.5674694216034352,30.5,249.13032623916442,405.52769511069204,0.0,
ID44866 → ID44781,34,44866,44781,0.10367892976586779,0.38121051081169577,0.903787215001564,0.903787215001564,27.5,245.62295044310656,404.23317803034126,0.0,
ID44559 → ID44593,34,44559,44593,0.09115770282588875,2.1210118358553682,0.8575450805391084,0.8575450805391084,21.5,245.33224859441745,404.64774031484194,0.0,
ID45175 → ID45103,34,45175,45103,0.08354891815616505,0.30639681604937485,0.6440264034435289,0.6440264034435289,40.5,250.34117645397765,406.9518063885783,0.0,
ID44593 → ID44656,34,44593,44656,0.13000890471950133,1.7642542286793215,1.0175641739130878,1.0175641739130878,22.5,244.86929952613428,405.0278750317922,0.0,
ID44869 → ID44815,34,44869,44815,0.13032227711126798,1.3253147674186638,1.2567958114045996,1.2567958114045996,29.5,248.3648502292709,405.669090913389,0.0,
ID45135 → ID45081,34,45135,45081,0.10769415500383395,3.0980336095324628,1.1688814914247587,1.1688814914247587,37.5,251.08361629881153,406.37265947125877,0.0,
ID45081 → ID45141,34,45081,45141,0.06993529118963726,1.7567051436489716,0.32824482861318205,0.32824482861318205,38.5,250.50652857166705,406.36849885179174,0.0,
ID44491 → ID44562,34,44491,44562,0.06749791426185281,0.8077109055356058,0.6152033995340196,0.6152033995340196,18.5,244.65431048268482,405.25024431366126,0.0,
ID44656 → ID44660,34,44656,44660,0.06902585344951195,2.994467685368556,0.38314268065035156,0.38314268065035156,23.5,244.80806683564413,405.3424846033507,0.0,
ID44977 → ID45057,34,44977,45057,0.045244760535656514,0.1213976020359456,0.5544572930641983,0.5544572930641983,35.5,250.80661418853924,406.31080317653175,0.0,
ID44882 → ID44919,34,44882,44919,0.09938507561907006,0.24948655605471134,0.2774172469530543,0.2774172469530543,32.5,249.76512159408867,406.01248753010685,0.0,
ID44489 → ID44491,34,44489,44491,0.15043044857272314,NaN,1.5190943140239286,1.5190943140239286,17.5,243.69611734621031,404.9739174264994,0.0,
ID44562 → ID44540,34,44562,44540,0.06806869089097833,1.5895912029412884,0.26116005910950935,0.26116005910950935,19.5,244.98448438442028,405.2840877666333,0.0,
ID44737 → ID44866,34,44737,44866,0.12493819020933816,1.308445818487487,1.2040970631623729,1.2040970631623729,26.5,244.63298087363233,404.53598875247087,0.0,
ID44540 → ID44559,34,44540,44559,0.10186415950721706,2.0100833507852456,0.9614287842630518,0.9614287842630518,20.5,245.3815595768877,405.09153680818406,0.0,
ID44781 → ID44869,34,44781,44869,0.2647405660377433,0.875355304953236,2.501374050080958,2.501374050080958,28.5,246.9478496014932,405.0918477848552,0.0,
ID45057 → ID45135,34,45057,45135,0.06054248463960088,0.36348899748215485,0.5800685655684124,0.5800685655684124,36.5,251.36369850058463,406.28018949033634,0.0,
ID44660 → ID44684,34,44660,44684,0.10440434265940934,0.9880822819468446,0.9884622571295866,0.9884622571295866,24.5,244.37601766521917,404.8969496578172,0.0,
ID45141 → ID45175,34,45141,45175,0.07246231155780025,2.9803224289822325,0.44856044883234525,0.44856044883234525,39.5,250.47581521419932,406.42875597608395,0.0,
ID44880 → ID44882,34,44880,44882,0.06355101619726156,0.08986247428756125,0.3795030529149839,0.3795030529149839,31.5,249.5121992725147,405.8068504990482,0.0,
ID44919 → ID44991,34,44919,44991,0.05755743651756062,2.783624033595001,0.060608966581432555,0.060608966581432555,33.5,249.83201889535604,406.10085677472284,0.0,
ID44605 → ID44635,35,44605,44635,0.26473384030418856,NaN,1.2309853587639232,1.2309853587639232,24.5,426.341652195485,64.31993991014085,0.0,
ID44876 → ID44798,36,44876,44798,0.14243037974687922,1.664825215285802,0.8097231122991438,0.8097231122991438,27.5,247.99046190531135,427.8853022698428,0.0,
ID44829 → ID44888,36,44829,44888,0.21850302185030224,0.20735455469194045,1.816658326176899,1.816658326176899,30.5,249.54646496696068,430.85434705099226,0.0,
ID44798 → ID44879,36,44798,44879,0.3250117757889779,1.3181431121673315,3.03352010499223,3.03352010499223,28.5,247.83804677627535,429.54308703482207,0.0,
ID44879 → ID44829,36,44879,44829,0.17120000000000857,1.8714882329372189,1.3056984514800731,1.3056984514800731,29.5,248.00001360805422,430.9970380414994,0.0,
ID44746 → ID44876,36,44746,44876,0.2684210526315789,NaN,2.3571020207929583,2.3571020207929583,26.5,247.099677393614,428.7037145850627,0.0,
ID44888 → ID44889,36,44888,44889,0.14766194377801956,0.18648105798248876,1.1520008815480955,1.1520008815480955,31.5,251.01631866278035,430.6974303743823,0.0,
ID45137 → ID45087,37,45137,45087,0.09294512877939531,0.020398290752325826,0.8244713572193798,0.8244713572193798,37.5,183.20087114122123,426.35584207097224,0.0,
ID44884 → ID44887,37,44884,44887,0.1476978379235152,0.3286067339514996,1.0771367101250238,1.0771367101250238,31.5,183.0702690220746,425.60753582647635,0.0,
ID44887 → ID44921,37,44887,44921,0.09430604982201474,1.1654182957153685,0.3622683173075617,0.3622683173075617,32.5,183.27163241236255,426.20692013478003,0.0,
ID44875 → ID44825,37,44875,44825,0.05949452024153146,2.295964048522615,0.28384525183088427,0.28384525183088427,29.5,183.1927288102194,424.1813454551716,0.0,
ID45064 → ID45137,37,45064,45137,0.1277320465512347,2.9768832756467627,1.1827543090208499,1.1827543090208499,36.5,182.20187242998122,426.45143945567827,0.0,
ID44921 → ID44994,37,44921,44994,0.09205548549810849,2.415653944733691,0.35247803094722724,0.35247803094722724,33.5,183.27815016610208,426.3337211770854,0.0,
ID44870 → ID44792,37,44870,44792,0.19269037044394755,NaN,1.177035888332744,1.177035888332744,27.5,183.09209483205834,424.05450980177255,0.0,
ID44792 → ID44875,37,44792,44875,0.2482853223593965,3.0766084973110908,0.6082346142905548,0.6082346142905548,28.5,183.00848035338214,424.3277274638791,0.0,
ID45087 → ID45144,37,45087,45144,0.08911936120418729,0.084571300574228,0.5537523555241328,0.5537523555241328,38.5,183.88753448578308,426.30531745525485,0.0,
ID44825 → ID44884,37,44825,44884,0.10427756044381009,0.6853773860605384,0.7873252920042669,0.7873252920042669,30.5,183.14454328915866,424.6905573974395,0.0,
ID45177 → ID45106,37,45177,45106,0.09740549215403693,0.48639657658123153,0.6487067940175948,0.6487067940175948,40.5,183.58885875299652,426.86356563020456,0.0,
ID45144 → ID45177,37,45144,45177,0.0955638554130438,2.1994150559640473,0.5050554978575291,0.5050554978575291,39.5,184.0205507776951,426.5065853666968,0.0,
ID44994 → ID44982,37,44994,44982,0.08105853913684746,0.2970440922072443,0.32208545309419745,0.32208545309419745,34.5,182.98867575876505,426.4994848901099,0.0,
ID44982 → ID45064,37,44982,45064,0.14573991031390132,0.75300501711719,1.25402972867118,1.25402972867118,35.5,182.23785697017905,426.55149943071933,0.0,
ID44813 → ID44743,38,44813,44743,0.5298013245033106,2.909882036689478,3.937917299281003,3.937917299281003,29.5,5.215333001508645,228.39884555875807,0.0,
ID44949 → ID45006,38,44949,45006,0.13306177868295932,0.9680976704938702,1.0369352442116857,1.0369352442116857,35.5,4.899447895100069,226.0725327812284,0.0,
ID45161 → ID45044,38,45161,45044,0.11590889950311067,0.17486908144298097,0.9314207797907925,0.9314207797907925,40.5,6.379432249150559,226.22812601333732,0.0,
ID45112 → ID45161,38,45112,45161,0.14531835205992505,0.5188008219475219,1.2574465615915706,1.2574465615915706,39.5,6.126574633605131,225.16750487466942,0.0,
ID44827 → ID44905,38,44827,44905,0.31631739208310916,2.967653344667523,3.626777703114769,3.626777703114769,32.5,4.1898934387572355,229.298720264227,0.0,
ID45006 → ID45100,38,45006,45100,0.1850533807829181,2.4750637095989965,1.4535938027924336,1.4535938027924336,36.5,4.493112073112073,225.87355459355456,0.0,
ID44743 → ID44826,38,44743,44826,0.306563706563706,1.7987608007048306,1.3219749142667365,1.3219749142667365,30.5,4.52574647532729,226.59609013091642,0.0,
ID44723 → ID44813,38,44723,44813,0.3586626139817629,NaN,1.9478484276153172,1.9478484276153172,28.5,5.017509166563672,229.4252255592634,0.0,
ID44826 → ID44827,38,44826,44827,0.3985969387755096,1.313748547854983,4.321889430912474,4.321889430912474,31.5,3.8775085812356975,228.92259534706332,0.0,
ID44905 → ID44953,38,44905,44953,0.20511515768303457,0.045694680113416944,2.110813730037319,2.110813730037319,33.5,4.744513531692895,226.4847568746371,0.0,
ID45100 → ID45028,38,45100,45028,0.18877551020408168,0.9693245168079853,1.5976294266795714,1.5976294266795714,37.5,4.736771220981748,224.5453925217083,0.0,
ID44953 → ID44949,38,44953,44949,0.07805724197745012,2.2884624546769787,0.1582221137900548,0.1582221137900548,34.5,5.025009108953966,225.51953775457486,0.0,
ID45028 → ID45112,38,45028,45112,0.13581395348837322,1.6731270501343678,0.979697754743068,0.979697754743068,38.5,5.57517304669576,224.2368552851243,0.0,
ID44731 → ID44831,39,44731,44831,0.6954413191076627,NaN,4.606198631672302,4.606198631672302,28.5,19.145485535286532,256.3412014004054,0.0,
ID45124 → ID45166,39,45124,45166,0.14468993282080023,0.5277065327171777,1.0499373031433,1.0499373031433,39.5,10.887120958586793,273.55724419421097,0.0,
ID45018 → ID45113,39,45018,45113,0.15211729633282634,0.12744131735785388,1.1701614064693981,1.1701614064693981,36.5,10.653753272546718,268.93307830038214,0.0,
ID44909 → ID44959,39,44909,44959,0.16517412935323383,0.5479714479910104,0.6045572575042784,0.6045572575042784,33.5,10.18075472649993,264.06511313330054,0.0,
ID44841 → ID44843,39,44841,44843,0.37179949513162747,0.08908590727269551,3.0773992248638034,3.0773992248638034,31.5,13.960553537313285,263.61343786398476,0.0,
ID44843 → ID44909,39,44843,44909,0.43434343434343536,1.1105583436960142,2.5415633256612384,2.5415633256612384,32.5,11.688879114015645,264.36107461401946,0.0,
ID45043 → ID45124,39,45043,45124,0.2465564738292011,0.27680915471801254,2.369549387099068,2.369549387099068,38.5,10.621224501551096,271.91916569980333,0.0,
ID44959 → ID44954,39,44959,44954,0.30987292277614953,0.7132546209316595,1.8875712664338047,1.8875712664338047,34.5,9.350427350427351,264.916081871345,0.0,
ID45166 → ID45062,39,45166,45062,0.18130311614730876,1.133475880259643,1.2479855388721663,1.2479855388721663,40.5,11.77329088038104,273.95363826978337,0.0,
ID44760 → ID44841,39,44760,44841,0.6111174134997158,0.016867299718019698,3.4109986375166845,3.4109986375166845,30.5,16.293380784467374,261.36356438552957,0.0,
ID44831 → ID44760,39,44831,44760,0.5692382971782757,0.9942433647760713,2.4723538190809693,2.4723538190809693,29.5,18.508826833574066,259.4284524955866,0.0,
ID45113 → ID45043,39,45113,45043,0.1383458646616541,0.8998781842609239,1.378622563803395,1.378622563803395,37.5,10.80785992759677,270.0711431356168,0.0,
ID44954 → ID45018,39,44954,45018,0.34592578423871556,1.1025672601496617,3.1464777206235826,3.1464777206235826,35.5,9.562379003540869,267.07503736470966,0.0,
ID45140 → ID45093,40,45140,45093,0.2776470588235176,0.1749718834579418,2.479110615751485,2.479110615751485,37.5,262.99279136473433,427.2943373303427,0.0,
ID44988 → ID45074,40,44988,45074,0.17491053483012053,2.5230990911661024,1.3378853144394398,1.3378853144394398,35.5,265.0022801616818,426.3465945592122,0.0,
ID45093 → ID45148,40,45093,45148,0.27527723418134376,1.0987495591040852,2.2505874885541206,2.2505874885541206,38.5,261.8067739728956,428.9267170828829,0.0,
ID45000 → ID44988,40,45000,44988,0.42764857881136953,0.08884265833476881,4.489202092640842,4.489202092640842,34.5,263.32463120383284,425.87278650198823,0.0,
ID44922 → ID45000,40,44922,45000,0.28960714556051403,NaN,0.8490208478071246,0.8490208478071246,33.5,260.65873117491753,425.7747196466107,0.0,
ID45074 → ID45140,40,45074,45140,0.1293081578660643,0.31991063289488186,0.32488532663332603,0.32488532663332603,36.5,264.28074884082014,426.7460536484034,0.0,
ID45148 → ID45180,40,45148,45180,0.12720018774936737,3.0751034745696186,0.36082959243133733,0.36082959243133733,39.5,261.7720869452437,429.8714340867823,0.0,
ID45180 → ID45111,40,45180,45111,0.16004799040194528,0.7929442392388512,0.9996826686666489,0.9996826686666489,40.5,262.1872072169192,429.38498565893747,0.0,
ID44908 → ID44961,41,44908,44961,0.29723255913425384,NaN,2.2657285296845697,2.2657285296845697,33.5,154.00196933868136,258.10257523148147,0.0,
ID44961 → ID44956,41,44961,44956,0.17764840786803804,2.223785908345736,1.2780427238990297,1.2780427238990297,34.5,153.9030511380535,258.9982786112923,0.0,
ID44956 → ID45016,41,44956,45016,0.23253012048193544,0.5959852545456577,0.9813290315472083,0.9813290315472083,35.5,154.93132596090857,259.33103695850457,0.0,
ID44992 → ID45079,42,44992,45079,0.4417231677505985,2.8456363670449067,3.759521023965985,3.759521023965985,35.5,243.71406756233094,449.383281998426,0.0,
ID45097 → ID45149,42,45097,45149,0.40737539613944107,0.3131509164816751,4.189563134421531,4.189563134421531,38.5,232.9353789403085,444.21564036999774,0.0,
ID45149 → ID45182,42,45149,45182,0.13631573905546768,0.14387808135424465,0.4087116004794305,0.4087116004794305,39.5,230.66017142857143,443.89843849206346,0.0,
ID45079 → ID45143,42,45079,45143,0.2850667338201901,1.8851271288267284,2.3543698726942592,2.3543698726942592,36.5,241.9024212787547,448.8647473471723,0.0,
ID45182 → ID45114,42,45182,45114,0.20255329714664505,1.421569645784161,1.3370686808494168,1.3370686808494168,40.5,230.19128614718616,444.4547380952381,0.0,
ID45143 → ID45097,42,45143,45097,0.6167231491136417,1.088838826727421,7.554210883755437,7.554210883755437,37.5,238.43269403655978,446.083528119069,0.0,
ID45003 → ID44992,42,45003,44992,0.37220543806647954,NaN,2.2964888954607265,2.2964888954607265,34.5,244.32898579985192,448.7961942257218,0.0,
ID45127 → ID45061,43,45127,45061,0.2231668437832094,NaN,1.716457635459586,1.716457635459586,37.5,13.176065909229735,342.44021440351844,0.0,
ID45119 → ID45163,44,45119,45163,0.5538890974914127,0.3675964595285686,0.5204616776836024,0.5204616776836024,39.5,157.4945360429448,235.12508946830263,0.0,
ID45035 → ID45119,44,45035,45119,0.48056537102473496,NaN,1.5427293175375594,1.5427293175375594,38.5,158.32411265432097,234.53418209876543,0.0,
ID45163 → ID45048,44,45163,45048,0.5016008537886874,1.6800347765473884,3.013820783102669,3.013820783102669,40.5,156.90001033372494,233.74685365269983,0.0,
ID45165 → ID45059,45,45165,45059,0.210638124029775,2.3001018239830717,1.6296866992912726,1.6296866992912726,40.5,158.2718843843844,265.68632382382384,0.0,
ID45122 → ID45165,45,45122,45165,0.24283425316005214,NaN,1.3924484570489697,1.3924484570489697,39.5,158.60233967188665,265.15393673875224,0.0,
