LABEL,ID,TRACK_ID,QUALITY,POSITION_X,POSITION_Y,POSITION_Z,POSITION_T,FRAME,RADIUS,VISIBILITY,MANUAL_SPOT_COLOR,MEAN_INTENSITY_CH1,MEDIAN_INTENSITY_CH1,MIN_INTENSITY_CH1,MAX_INTENSITY_CH1,TOTAL_INTENSITY_CH1,STD_INTENSITY_CH1,CONTRAST_CH1,SNR_CH1,ELLIPSE_X0,ELLIPSE_Y0,ELLIPSE_MAJOR,ELLIPSE_MINOR,ELLIPSE_THETA,ELLIPSE_ASPECTRATIO,AREA,PERIMETER,CIRCULARITY,SOLIDITY,SHAPE_INDEX
Label,Spot ID,Track ID,Quality,X,Y,Z,T,Frame,Radius,Visibility,Manual spot color,Mean intensity ch1,Median intensity ch1,Min intensity ch1,Max intensity ch1,Sum intensity ch1,Std intensity ch1,Contrast ch1,Signal/Noise ratio ch1,Ellipse center x0,Ellipse center y0,Ellipse long axis,Ellipse short axis,Ellipse angle,Ellipse aspect ratio,Area,Perimeter,Circularity,Solidity,Shape index
Label,Spot ID,Track ID,Quality,X,Y,Z,T,Frame,R,Visibility,Spot color,Mean ch1,Median ch1,Min ch1,Max ch1,Sum ch1,Std ch1,Ctrst ch1,SNR ch1,El. x0,El. y0,El. long axis,El. sh. axis,El. angle,El. a.r.,Area,Perim.,Circ.,Solidity,Shape index
,,,(quality),(pixels),(pixels),(pixels),(frames),,(pixels),,,(counts),(counts),(counts),(counts),(counts),(counts),,,(pixels),(pixels),(pixels),(pixels),(radians),,(pixels^2),(pixels),,,
ID45312,45312,0,925.0,180.01466380543633,164.64324034334763,0.0,7.0,7,17.223960459873705,1,,2729.935553168636,2994.0,266.0,5179.0,2541570.0,1089.156284950164,0.8569071445079585,2.313320278863911,-0.12148091033945484,0.2117218124347162,22.16268544946629,13.548406038409013,-0.9373440629783704,1.6358149723765476,931.9999999999998,116.84243776115046,0.8578760780145251,0.9748953974895395,3.827301302435264
ID46145,46145,0,846.0,178.2841627172196,163.78771721958927,0.0,1.0,1,16.39065416446578,1,,2982.8483412322275,3137.0,363.0,5496.0,2517524.0,957.8653229824814,0.8616813607321686,2.882690823161914,-0.14247452929351168,0.2306513176516449,21.369938136710733,12.658400974677004,2.1781280179899962,1.688202023261948,844.0,114.67598307362027,0.806505562209553,0.9580022701475598,3.9473101246623803
ID45443,45443,0,902.0,180.50798069784705,165.15033407572383,0.0,11.0,11,16.906870727400857,1,,2825.9265033407573,3015.0,289.0,5044.0,2537682.0,1009.9129012795187,0.8597594470182589,2.587182834303341,-0.1311046666002864,0.5730071972144963,21.924840116464708,13.49206168890512,2.1798724882249005,1.6250177787501585,898.0000000000001,118.40862612760418,0.8048584657742188,0.9614561027837261,3.9513470316611974
ID46027,46027,0,818.0,183.9795751633987,168.18627450980392,0.0,39.0,39,16.11647812414279,1,,3210.1584766584765,3473.0,355.0,5199.0,2613069.0,1095.6675907040433,0.8723647368584987,2.730142411808997,-0.27893122555092603,0.30207099264870724,20.793208454248415,13.00541839884141,2.270626888817788,1.5988111890426209,816.0,110.78565711363896,0.8354740145809926,0.9685459940652821,3.878273731304616
ID45644,45644,0,936.0,180.42261270855522,166.80812921547746,0.0,14.0,14,17.288521716057147,1,,2749.0587606837607,2971.0,257.0,5068.0,2573119.0,1075.9821489126957,0.8592898568034791,2.3615738852246895,0.002953049479341728,0.39883699093089375,22.461386216895253,13.881857914203719,2.1425057386952853,1.6180389077396538,939.0000000000003,119.64936804240808,0.8242418053171822,0.9620901639344266,3.904609557502048
ID45964,45964,0,866.0,182.48356535189484,168.0102474864656,0.0,34.0,34,16.56451393462626,1,,3055.7106481481483,3333.0,265.0,5152.0,2640134.0,1176.958570151915,0.8718540427358089,2.4185376445283584,-0.27935150130862557,0.34891152445251766,20.862666994804112,13.629353203054034,2.369374531683787,1.5307158515878254,861.9999999999998,111.8647872554895,0.8656260704210762,0.9734613212874084,3.81012977407097
ID45710,45710,0,844.0,177.294750345372,164.10903887902114,0.0,23.0,23,16.39550849721384,1,,3040.4443127962086,3191.0,295.0,4887.0,2566135.0,900.9924976829843,0.8638951388563807,3.128134578507868,0.053103566351971936,0.11027829980611364,21.406907101516378,13.10474590890548,2.241594059624954,1.6335232480142228,844.4999999999999,112.8713291130611,0.8329947029837825,0.9734870317002879,3.8840410578056326
ID45774,45774,0,838.0,181.304420761792,164.93576080521018,0.0,29.0,29,16.395508497213843,1,,3044.7254437869824,3141.0,483.0,4863.0,2572793.0,840.0688715157592,0.8661910131352029,3.3645022234661517,-0.11746605527036127,0.21190630109574898,20.703441904337648,13.331202308579245,2.3284965770238757,1.5530063549492477,844.5000000000001,114.11136596199847,0.8149889299823858,0.9542372881355933,3.926712248729948
ID45328,45328,0,899.0,180.14483906770255,165.0899001109878,0.0,10.0,10,16.93508805561977,1,,2825.8534961154273,3013.0,286.0,5083.0,2546094.0,993.5184965350211,0.8593739868653406,2.629172820348176,0.03468841337461678,0.16952610287993847,21.859205800068356,13.528601937314685,2.1821766177586643,1.6157771439616493,900.9999999999998,116.52955721677195,0.8338010976392437,0.9688172043010751,3.88216241576129
ID45334,45334,0,868.0,179.8564735131,164.63214763817172,0.0,4.0,4,16.65554159459168,1,,2901.3841743119265,3080.0,328.0,5277.0,2530007.0,961.959549491729,0.8560673814156239,2.7822274698848175,0.17890014606091226,0.2815266357495325,21.608714302981056,13.371999294805665,2.2355780194006343,1.6159673528680885,871.5,114.6639713748573,0.832958370024562,0.9608599779492831,3.884125766220606
ID45911,45911,0,779.0,182.23324797268458,167.81199317114812,0.0,33.0,33,15.767054928221077,1,,3308.248724489796,3471.0,428.0,5177.0,2593667.0,1019.6590585993988,0.8742441186929171,3.026772156377466,-0.09456704585918878,0.15982361894664662,19.911882939659478,12.655164711507512,-0.7603158073317712,1.5734195005422043,781.0,108.59034293844057,0.8322973053371983,0.9553516819571867,3.8856679727860333
ID45273,45273,0,937.0,179.5810283687943,164.7881205673759,0.0,6.0,6,17.297725082008995,1,,2702.8492569002124,2981.0,250.0,5087.0,2546084.0,1076.358709153182,0.8556331428922468,2.3157425166534797,0.046284987338263625,0.10457050914087962,22.125363475472685,13.653173120374085,2.2033477990975276,1.6205290360272286,939.9999999999997,118.20879959659649,0.8453530100322088,0.9695719443011858,3.855545922940416
ID45466,45466,0,855.0,180.766862170088,166.69589442815249,0.0,12.0,12,16.472983274795176,1,,2956.277192982456,3086.0,294.0,5287.0,2527617.0,894.9154195150452,0.8608418079813532,3.0563779196875713,0.1907820008211715,0.24796930503760609,21.53958179376514,13.16610354861488,2.1954002102031716,1.6359875732582387,852.5000000000001,114.10614799653374,0.8227846149685903,0.9638213680045223,3.908065651769654
ID45787,45787,0,921.0,180.01541373715523,163.10050477735712,0.0,27.0,27,17.154518057261605,1,,2844.2535211267605,3145.0,271.0,4881.0,2625246.0,1115.6227984847635,0.865325370563087,2.365406354327859,0.06697011746139864,0.29536017973608775,21.778934439516508,13.839087578276336,-0.8686382338993893,1.5737261807421181,924.4999999999999,116.35047935523586,0.8581840246336798,0.9752109704641347,3.8266145556461715
ID46107,46107,0,739.0,182.71273712737127,168.7730352303523,0.0,41.0,41,15.326861909850873,1,,3514.372628726287,3617.0,838.0,5969.0,2593607.0,996.7709062373194,0.8747897860760464,3.290285435117258,0.009540429799797719,-0.060160283811821466,19.50635815446663,12.349778604633096,-1.1455205151193883,1.57949051387437,738.0000000000001,105.00753042208352,0.8410568188667722,0.9685039370078738,3.865380611287186
ID45792,45792,0,859.0,179.01251956181534,164.9567683881064,0.0,26.0,26,16.46815177937675,1,,3029.0955188679245,3178.0,374.0,5013.0,2568673.0,919.171348788277,0.8649036774122534,3.056735240229637,0.05223067960939332,-0.05816858123107318,21.932156911074166,12.921112860117617,-0.85402428178906,1.6973891605552096,852.0,114.60111879106276,0.8152142149756944,0.9621682665160926,3.9261696364619993
ID45217,45217,0,935.0,180.36812990720915,165.057994289793,0.0,9.0,9,17.242431200258864,1,,2720.113247863248,2965.0,263.0,5004.0,2546026.0,1051.0800088585863,0.8568520973812123,2.388414817315902,-0.1430124332673413,0.06694503791274613,21.874493885188393,13.784667542704517,2.2254989409159975,1.5868713421939136,933.9999999999995,118.79698684286619,0.8316601447622827,0.9633831872099015,3.88715615304869
ID45538,45538,0,858.0,180.34099282528604,168.40420787279425,0.0,19.0,19,16.54047602625052,1,,2997.295692665891,3257.0,290.0,5279.0,2574677.0,1212.0550806479673,0.8687262404851042,2.299188003639843,0.19058773079092853,0.11312545854558653,21.470375393839532,13.056296284288107,-0.9570714336405887,1.644446091475183,859.5000000000002,115.57607095135971,0.8085742233157152,0.9641054402692093,3.942257480053613
ID45666,45666,0,806.0,177.1641651031895,166.5833854492391,0.0,21.0,21,15.952703658124555,1,,3181.596996245307,3339.0,344.0,5100.0,2542096.0,1006.018200302229,0.8698155134231333,2.942372929463392,-0.11088253680531397,0.25479942237748404,21.020052267442274,12.31313142455215,2.2166767481657024,1.7071248200541975,799.4999999999998,112.7987819572581,0.7896224949169034,0.9580587177950866,3.9892860283120997
ID45795,45795,0,886.0,180.18128161888703,164.02932359003185,0.0,28.0,28,16.826664665360205,1,,2938.622747747748,3140.0,296.0,4832.0,2609497.0,1025.9959489605876,0.8664123102656062,2.659164533593236,0.06862257540929186,-0.024065591994005747,21.17628333347183,13.500595837568833,-0.807805700183723,1.5685443508014254,889.4999999999998,114.87876506417196,0.8469861326061686,0.9657980456026056,3.8518270797576544
ID45733,45733,0,914.0,177.49455930359085,164.77548059484945,0.0,24.0,24,17.10341443697438,1,,2831.1561822125814,3076.0,275.0,4708.0,2610326.0,1061.5459756019927,0.862896558524057,2.4707284270837704,0.12535819976157198,0.09870764816155993,21.943785262022494,13.767620268902055,2.306574405255932,1.593869153377839,919.0000000000001,116.54742870902801,0.8501978109952768,0.9643231899265481,3.844544930441413
ID45286,45286,0,932.0,180.3435046395432,164.82173447537474,0.0,8.0,8,17.24243120025887,1,,2714.327272727273,2943.0,277.0,4989.0,2537896.0,1037.9148931035072,0.8567771946434414,2.413451451393631,0.012081346650511757,0.220596262429185,22.469665353007823,13.740332010782687,2.2076032242522503,1.6353073081039684,934.0000000000003,117.1501824258951,0.8552061233956292,0.9821240799158782,3.833271066461736
ID45990,45990,0,873.0,183.10114613180517,168.249188156638,0.0,36.0,36,16.665094530045646,1,,3008.6116838487974,3206.0,288.0,4947.0,2626518.0,1038.3729782344835,0.868266768060302,2.693128314357083,-0.19710943589941948,0.16390094798998203,21.279959070027697,13.32214717472945,-0.7947087873669648,1.5973370351585128,872.4999999999999,113.93369775252954,0.8446385792119543,0.965154867256637,3.857176169697941
ID45800,45800,0,831.0,178.87369477911645,163.62048192771084,0.0,25.0,25,16.25414425715935,1,,3102.303506650544,3176.0,603.0,5051.0,2565605.0,847.1735751118742,0.8662835816356753,3.399572649396137,-0.1563462504854759,0.1419512563882602,21.156492103492784,12.761977715629587,2.405739370835665,1.6577753522937466,830.0000000000001,111.14914519831852,0.8442590063061306,0.9684947491248544,3.8580431518877
ID45545,45545,0,895.0,180.27062336692794,167.98842851810375,0.0,17.0,17,16.859736900738547,1,,2886.4787472035796,3117.0,262.0,4960.0,2580512.0,1117.0885004836787,0.863473275864421,2.3946194776633285,-0.07696457305916078,0.027280094530349793,21.678307459008852,13.102494054824353,2.1332260559556557,1.6545176336887462,892.9999999999997,118.56678593364303,0.7982432012127845,0.965927528393726,3.9676862084109814
ID45419,45419,0,936.0,177.21107544141253,164.38246834314248,0.0,0.0,0,17.247045794533985,1,,2762.4040728831724,3094.0,219.0,5527.0,2577323.0,1266.0521675040745,0.8569025102112264,2.013760936217196,0.08810119304400127,0.08826261355504122,22.200226360501606,13.641190133104494,-0.9585161753204334,1.6274405784159558,934.5000000000001,120.24007930463517,0.8122517612061222,0.9614197530864198,3.933322905081571
ID45547,45547,0,889.0,179.89428355101268,167.47614991482112,0.0,16.0,16,16.74132177532072,1,,2899.5827664399094,3062.0,317.0,4922.0,2557432.0,955.1852721009938,0.8620812712612129,2.810783957652879,0.02527034638387204,0.27328559223228743,21.68277365694833,13.199890867678782,-1.0542096933220375,1.6426479487069634,880.5,115.97781365775624,0.8226012960948647,0.9638752052545156,3.908501088892979
ID45292,45292,0,944.0,179.50688924218335,164.96316905140435,0.0,5.0,5,17.32989837288166,1,,2692.8250265111346,2965.0,256.0,5049.0,2539334.0,1100.649151309111,0.8553557597121497,2.255842709632201,-0.3235843860832727,-0.15894233253867945,22.379405724252265,13.922328281751343,2.185744288540596,1.6074470642662562,943.4999999999998,117.97823216937668,0.8518203281564283,0.9746900826446279,3.840881708775596
ID45868,45868,0,814.0,182.10115368768027,167.36753193242689,0.0,31.0,31,16.047202183642064,1,,3194.146551724138,3370.0,406.0,5017.0,2593647.0,935.2104424091161,0.8694335948714396,3.1768876826714223,-0.12764272832211798,0.2256316979454521,20.3104008152878,12.930115696256886,2.189744446075579,1.5707826049203426,809.0,108.78663443389968,0.8590279676290961,0.9776435045317223,3.824734385124693
ID45934,45934,0,779.0,182.29278702518138,167.13849765258217,0.0,32.0,32,15.767054928221077,1,,3270.85312899106,3387.0,580.0,5020.0,2561078.0,899.521198377065,0.8700809477287624,3.3835990152159154,-0.22371461319194696,0.41324041087973196,20.267860437898797,12.6907345651941,2.342949140575212,1.5970596763946112,781.0000000000001,108.19039816184511,0.8384621448634516,0.9618226600985224,3.8713568234955202
ID45551,45551,0,847.0,180.73707664884137,168.45424836601308,0.0,18.0,18,16.366360903501423,1,,3043.918149466192,3259.0,288.0,5068.0,2566023.0,1099.0268127292247,0.8685395074939375,2.5747909333137473,0.1503503889350059,0.008224458397427198,21.34515565646256,13.025516399806074,-0.9621039800452718,1.6387185737050969,841.5,112.51298462458149,0.8353311823992066,0.9694700460829494,3.878605287597997
ID45488,45488,0,846.0,180.14737152982872,166.06408741878323,0.0,13.0,13,16.414911472639105,1,,2972.0661157024792,3078.0,408.0,5002.0,2517340.0,854.5208494521186,0.8612398418391446,3.218752402413144,0.025610320760256416,0.17949467697637803,21.476979981926405,12.747716296384631,2.1360608028595838,1.6847707842397994,846.5000000000003,113.39349302047476,0.8272953039090037,0.9668760708166767,3.8973970533367384
ID45552,45552,0,912.0,180.16776556776557,166.34065934065933,0.0,15.0,15,17.019459345914886,1,,2816.52573932092,3019.0,313.0,5063.0,2571488.0,1031.3781093446987,0.8605080619327155,2.526092200746696,-0.2175889058617329,0.23160912798025682,22.457828410230693,13.206612902952466,2.161336807897622,1.7004987255445358,910.0,115.93951663576601,0.8507232174967204,0.9779688339602362,3.843357551963691
ID45297,45297,0,914.0,178.47857661583154,164.35856935366738,0.0,2.0,2,17.094106455639025,1,,2763.466230936819,3052.0,267.0,5231.0,2536862.0,1102.092727492809,0.8567702689651214,2.3140473171533134,0.07577380455526672,0.16505312653352616,21.60091249531975,14.114661327604347,2.184669509711613,1.5303882958264383,918.0,116.72102532320172,0.8467483467937768,0.9652996845425869,3.8523678812495454
ID46067,46067,0,849.0,186.07873090481786,166.54954954954954,0.0,37.0,37,16.458484533589534,1,,3103.607981220657,3383.0,325.0,5159.0,2644274.0,1167.8620603849745,0.8735484035041657,2.4781486995637,-0.12048546977387484,0.03345980315104997,21.18295128459297,12.954346980985338,2.361802889562269,1.635200239401164,851.0000000000002,114.55433357362183,0.8149226294858835,0.9632144878324844,3.926871980259826
ID46131,46131,0,840.0,184.9165673420739,168.3057210965435,0.0,38.0,38,16.342031529409077,1,,3142.6634844868736,3414.0,356.0,5244.0,2633552.0,1129.0005312862847,0.8726335669427505,2.594256058005108,0.02953193162139062,0.11195952235285801,20.995240335331633,12.866505462813345,-0.8049292662241752,1.6317748743830935,839.0,115.20527440898597,0.794377801326328,0.9512471655328798,3.9773277682362345
ID45688,45688,0,907.0,176.19355432780847,165.10349907918967,0.0,22.0,22,16.97263818610208,1,,2856.1655629139073,3123.0,284.0,4866.0,2587686.0,1136.2781948513066,0.8642460678226965,2.330573897577928,-0.13072557193201978,0.2920517715530968,22.124320435606588,13.237555636418017,-0.8644458143300386,1.6713297411751813,905.0,118.54212182046034,0.8093065403997941,0.961232076473712,3.9404734614278936
ID46008,46008,0,867.0,182.44469957902794,167.83543819364715,0.0,35.0,35,16.65076307158569,1,,2994.1784897025173,3172.0,334.0,5111.0,2616912.0,983.4377579567681,0.8669785560109876,2.827677194349817,0.0519484240851895,0.06443632210986407,20.980591369522415,13.440947476701341,-0.853485737946857,1.5609458638158031,870.9999999999999,113.26155416045304,0.8532238480452738,0.9786516853932584,3.8377213584165317
ID46072,46072,0,831.0,182.64211576846307,168.98323353293412,0.0,40.0,40,16.303029011918774,1,,3147.8301435406697,3405.0,332.0,5306.0,2631586.0,1183.1013318957057,0.8728891986611574,2.4800839209690797,0.06062798011844381,0.24371697195097453,20.90572872992853,13.156928649376702,2.090325165356786,1.588952048540517,834.9999999999999,112.32923862540187,0.8315927780764144,0.967555040556199,3.8873135976124447
ID45241,45241,0,902.0,179.21767955801104,164.10202578268877,0.0,3.0,3,16.972638186102078,1,,2795.248344370861,3055.0,271.0,5497.0,2532495.0,1105.6734400068053,0.8582929802845891,2.3353118954917225,-0.007000088113877829,0.2054032218778039,21.649245811527255,13.870908506873578,-0.975378057478296,1.5607662469115997,904.9999999999998,116.75660680880151,0.8342486513413558,0.9602122015915115,3.8811209341542647
ID45566,45566,0,827.0,178.8776841260285,167.84577563716635,0.0,20.0,20,16.25903934664155,1,,3089.6045673076924,3340.0,285.0,5138.0,2570551.0,1179.5572355101465,0.870325020451354,2.437688791345793,-0.013265557273262844,0.2104407470942384,21.474985546393288,12.445817132475204,-0.9411538287561696,1.725478152041784,830.5,113.19700667634389,0.8144784825794555,0.9623406720741597,3.9279425244007937
ID45886,45886,0,826.0,181.79186795491142,165.18377616747182,0.0,30.0,30,16.23454913941803,1,,3121.8863361547765,3228.0,516.0,5090.0,2581800.0,834.5290137054678,0.8664744156337517,3.473276395993442,-0.024748832177592082,0.257503422206987,20.443329409740286,13.277272612828211,2.19123427363969,1.539723556627766,828.0000000000001,111.80709019944608,0.8323414270697318,0.9672897196261683,3.885564983394001
ID46148,46148,1,453.0,10.804138950480414,166.38728750923875,0.0,1.0,1,11.981559108433661,1,,346.23555555555555,348.0,188.0,497.0,155806.0,52.93011384126898,0.23114624672593623,2.456269595258276,-0.3267173998522895,0.6265860943711014,14.718680198582815,10.445661938616121,1.2224642979867344,1.409071084731352,451.00000000000006,81.8893281499807,0.8451460963950421,0.9772481040086675,3.85601786276903
ID45420,45420,1,184.0,10.256052141527002,164.59590316573556,0.0,0.0,0,7.54834217738561,1,,383.5777777777778,385.0,290.0,470.0,69044.0,36.71815582380438,0.1882102408686873,3.309424923410504,-0.028515339668611847,-0.37014582112604244,9.468570821240473,6.26514288938434,1.3540528696965046,1.5113096362549083,179.0,62.73664602228119,0.5715053507606199,0.8287037037037037,4.689157083860911
ID45571,45571,2,246.0,504.9087791495199,169.4252400548697,0.0,20.0,20,8.79484521425256,1,,2402.848360655738,2455.0,614.0,3542.0,586295.0,628.2217289276851,0.23520580367114616,1.4566396127681345,3.1753717674803896,-1.0165278811256788,13.208894664858892,8.954701525302449,-0.6002105210308012,1.475079278470173,243.0,64.81033968437838,0.7269885021777779,0.9473684210526315,4.157585229227438
ID45444,45444,2,357.0,504.5042194092827,169.40389123300517,0.0,11.0,11,10.637629648485493,1,,2326.259776536313,2357.0,952.0,3477.0,832801.0,505.2909493861954,0.3109641793475367,2.1840683579054727,3.67413257218629,-1.013803850912669,14.793621233030528,11.763883025918464,-0.9289654000748055,1.2575457610753926,355.5,77.77103106324367,0.7386075720418683,0.9686648501362396,4.124754017348031
ID46150,46150,2,182.0,507.3727106227106,167.6996336996337,0.0,1.0,1,7.611333607551958,1,,2072.912568306011,2093.0,748.0,3152.0,379343.0,507.5109623733086,0.35687364010234607,2.148526021660091,3.5019240300784107,-0.3977803910562079,12.376454057956765,8.964872880604743,1.7899794652306724,1.380549866438473,182.0,59.641352728006495,0.6429634441742146,0.9837837837837838,4.420911195437852
ID45645,45645,2,386.0,504.49570446735396,171.32431271477662,0.0,14.0,14,11.11324596323283,1,,2218.066496163683,2238.0,929.0,3309.0,867264.0,497.68253260409915,0.3267245715275573,2.1950943085411434,3.1101357436960697,-0.7932774072822378,15.356540773024413,11.675858673995796,1.9647962075418786,1.3152386648209564,388.0,80.63218277967285,0.7499369571011639,0.9847715736040609,4.093478878584693
ID45965,45965,2,340.0,504.9372549019607,165.38235294117646,0.0,34.0,34,10.403141895720198,1,,2343.592375366569,2338.0,1026.0,3499.0,799165.0,528.6327768548061,0.3666497738093938,2.378768464779413,3.2421601245626497,-0.7743887912143482,14.367899053935652,11.533829213886122,1.8916482118423918,1.2457180340972502,340.0,74.33735411928681,0.773169266674345,0.9985315712187959,4.031509065531114
ID45326,45326,2,331.0,505.3168662674651,169.16267465069862,0.0,7.0,7,10.31094088749354,1,,2114.802985074627,2124.0,733.0,3334.0,708459.0,491.33323142490565,0.34400120417004243,2.203352976998889,3.511405927717112,-0.5862785000187677,14.834510280227917,11.488346528454304,1.8564586801922494,1.2912659139838656,334.0,75.14871199100725,0.7432129151995798,0.9955290611028316,4.111954571845392
ID45711,45711,2,227.0,505.5540935672514,166.953216374269,0.0,23.0,23,8.51907589177983,1,,2514.6593886462883,2547.0,854.0,3581.0,575857.0,561.7924455669689,0.2780580773615867,1.9476826467915227,2.615912088591408,-0.9307012575968021,11.957072090676416,9.110012605354926,-0.7539804210929517,1.312519818430105,228.0,61.33119773310534,0.761696252441924,0.9640591966173362,4.061757794752614
ID46031,46031,2,341.0,504.83479532163744,166.75584795321637,0.0,39.0,39,10.433694507453072,1,,2392.892441860465,2401.0,824.0,3645.0,823155.0,582.7667922678103,0.42123633168042235,2.433985004241595,4.0602258590979705,-0.943831053775395,14.863376858543445,11.800920918740635,-0.9296099330361354,1.2595099112086607,341.99999999999994,75.52043264291888,0.7535412504327375,0.9927431059506527,4.083677302581443
ID45778,45778,2,398.0,504.0114726741761,166.76825198164374,0.0,29.0,29,11.276737095916726,1,,2434.3940149625937,2526.0,835.0,3510.0,976192.0,521.4667049429809,0.37902028156373024,2.566173874685124,3.3688040996697532,-0.8207191346381026,15.473926490736021,12.041677405921252,-0.9618369832837226,1.2850308116647462,399.5,79.57021244752599,0.7929131354627268,0.9876390605686032,3.9809995251048016
ID45909,45909,2,353.0,504.8017641597029,165.10909935004642,0.0,33.0,33,10.689866656791416,1,,2335.176308539945,2391.0,851.0,3423.0,847669.0,500.87315118781396,0.35858259645700785,2.4610763089317698,2.457907937233775,-0.5200807987747097,14.508077863180088,11.079776263394157,-1.376647459137227,1.309419749847522,359.0000000000001,76.70515093741169,0.7667525957029612,0.9917127071823207,4.048343029223111
ID45336,45336,2,369.0,504.6678004535147,169.49002267573698,0.0,10.0,10,10.815677656649308,1,,2276.878048780488,2293.0,735.0,3335.0,840168.0,514.2990151024137,0.327377911752372,2.1837798822316565,2.304282990606927,-0.6781579118821454,14.959493050545607,10.541911688374121,-1.2395398788522063,1.419049361516024,367.5,77.92455045111421,0.7605339339782009,0.9865771812080537,4.064860387192821
ID45467,45467,2,371.0,504.39566395663957,171.2479674796748,0.0,12.0,12,10.837727990765352,1,,2250.978436657682,2252.0,797.0,3414.0,835113.0,509.30808344074984,0.3144957330185948,2.114834263465187,3.6029828439503726,-1.0080024117997408,14.954257581556543,12.071695702460714,-0.9471457660846514,1.2387868241665705,369.0,78.85101068943466,0.7457988364363145,0.968503937007874,4.104819656029234
ID46110,46110,2,296.0,505.5993265993266,166.9034792368126,0.0,41.0,41,9.723067221642863,1,,2393.5317725752507,2413.0,1020.0,3984.0,715666.0,623.5182554879314,0.46959916248473127,2.453287449202495,3.779650771210948,-1.2248389033944078,14.628254245637466,10.840951452150486,-1.0771228758375526,1.349351513121637,297.00000000000006,72.95148358532589,0.7012906627120284,0.9769736842105265,4.2330744203413655
ID45791,45791,2,330.0,504.2710843373494,166.19477911646587,0.0,27.0,27,10.280023453913834,1,,2649.64156626506,2762.0,913.0,3476.0,879681.0,576.0571009230104,0.3484684087689168,2.377246546294709,3.6346206067566755,-1.207478620783523,14.995421179995702,10.625233644716413,2.3983305705601157,1.4113027234419868,332.0,72.22639922147083,0.7997532610094592,0.9895678092399406,3.963938631132346
ID45345,45345,2,253.0,506.07557755775576,167.07227722772276,0.0,4.0,4,8.965112729988794,1,,2338.177865612648,2337.0,907.0,3685.0,591559.0,549.3776095918209,0.3837711558660452,2.3607208825546384,1.6843631926132616,-0.3910896158728506,12.794871550104506,8.859675339808087,1.7619810420617736,1.4441693469979524,252.5,65.60272287903047,0.7372716181012196,0.97678916827853,4.128489402805905
ID45218,45218,2,342.0,505.0365497076023,170.07066276803118,0.0,9.0,9,10.433694507453072,1,,2156.2260869565216,2158.0,747.0,3539.0,743898.0,490.5196768604291,0.3327448410595837,2.1949881446723567,3.3583511499963192,-0.6518521634067563,14.425812148701448,11.561541482032936,-1.194226818567961,1.2477412437709707,342.0,75.9396603563438,0.7452443107246244,0.9799426934097422,4.106346541064506
ID45667,45667,2,254.0,505.19954867827204,167.59284332688588,0.0,21.0,21,9.0710035596129,1,,2487.209125475285,2514.0,820.0,3462.0,654136.0,576.3711481106797,0.29201484313166515,1.9506416340900303,2.556044607786308,-0.88142382693456,12.73258831110104,9.310393818388427,-0.8384258874812416,1.3675671039772381,258.5,65.32500028132901,0.7612224199928574,0.9791666666666666,4.063021744151192
ID45797,45797,2,298.0,504.60961968680084,166.85011185682328,0.0,26.0,26,9.739422266375435,1,,2653.14,2740.0,1004.0,3844.0,795942.0,545.8367088937127,0.33582803037719755,2.4439584228879405,4.750358784672625,-1.7536473977829306,15.924535489905491,10.091659971906257,-0.6606512862082906,1.577989699835025,298.0,70.96119902086134,0.7436768078955763,0.9738562091503267,4.110671888808925
ID45542,45542,2,304.0,503.90098199672667,169.49509001636662,0.0,19.0,19,9.861220524313817,1,,2415.7662337662337,2494.0,683.0,3520.0,744056.0,614.464967259874,0.24777444617379235,1.5613785249416163,3.8527463489026506,-1.0199158267280808,15.154341476080576,9.809149384407686,2.657980660395839,1.5449190222517601,305.5,70.7458332623002,0.767042355872739,0.9791666666666666,4.047578300027271
ID45734,45734,2,238.0,505.4621212121212,166.7603305785124,0.0,24.0,24,8.77673016883152,1,,2556.3036437246965,2552.0,1020.0,3584.0,631407.0,570.9677572187567,0.2909092059040123,2.0178673694690685,3.8361565102198902,-1.3883160576511024,13.655354613794318,9.50924154799917,-0.6982118865553132,1.4360088073130843,242.0,64.68164911434734,0.7268805730046578,0.9641434262948207,4.157893882462168
ID45799,45799,2,401.0,503.82,165.19125,0.0,28.0,28,11.283791670955125,1,,2475.334987593052,2568.0,862.0,3561.0,997560.0,526.4346514340925,0.36447072662529806,2.5119901833775544,2.4279204783432973,-0.8475556578200224,14.982205584577125,11.462857351389937,2.1024713677282603,1.3070218991044538,399.99999999999994,79.54883509349357,0.7943322710561392,0.9791921664626682,3.977441754674678
ID45288,45288,2,314.0,505.4893503727369,168.53407880724174,0.0,6.0,6,9.981532666656282,1,,2126.7619047619046,2134.0,995.0,3413.0,669930.0,450.6699370655916,0.37070148406964176,2.5525350917341663,4.698413822307084,-1.0157537236922811,14.987592197077594,11.882602043866395,2.099884313876151,1.2613055744649755,312.99999999999994,73.84917405008075,0.7212119544540271,0.9889415481832542,4.174202113453402
ID45992,45992,2,341.0,504.96220930232556,166.56298449612402,0.0,36.0,36,10.46415791390898,1,,2305.602305475504,2306.0,858.0,3562.0,800044.0,529.0842266015877,0.4219020112945467,2.5860177791325283,3.5297666341202207,-0.9711959445994875,15.02046175802618,11.227215451786083,2.0572471958427254,1.337861718475942,343.9999999999999,76.21544444720065,0.744187435802545,0.9899280575539565,4.109261367837124
ID45804,45804,2,303.0,504.63925438596493,166.37993421052633,0.0,25.0,25,9.83698151873187,1,,2598.4064516129033,2633.0,1039.0,3710.0,805506.0,522.3532970591199,0.3303625871546691,2.4705495961575488,5.235146042943737,-1.3987546721601767,15.81975142324067,11.142939291532167,2.5857325381740965,1.419710815014719,304.0,71.82201104173127,0.740573768257273,0.9918433931484504,4.119274842799592
ID45421,45421,2,175.0,507.4980897803248,166.5515759312321,0.0,0.0,0,7.452856844128396,1,,2042.909090909091,2085.0,862.0,3117.0,359552.0,465.1653748657846,0.3552921097923447,2.302630800710022,2.3272686767159225,-0.6270860691512419,11.796035950555108,7.733119654626667,-1.3822969985329003,1.5253916242583456,174.5,59.917406137553996,0.6108003635627438,0.9509536784741145,4.535814537030974
ID45869,45869,2,402.0,504.18381430363866,167.31346716854873,0.0,31.0,31,11.262614689504414,1,,2346.75,2387.0,893.0,3558.0,938700.0,488.46019890548604,0.3705881361928669,2.598077991106184,1.7504344978960564,-0.5775848849455374,14.990159744084547,11.222340610614232,-1.298837539427252,1.335742717513552,398.5,80.08387724160599,0.7808147472705557,0.9876084262701363,4.011722907642104
ID45550,45550,2,314.0,504.5315676832531,170.74933119315142,0.0,17.0,17,9.957586532199999,1,,2353.555910543131,2377.0,855.0,3377.0,736663.0,521.7572541715722,0.2874602182717876,2.0143268978514084,1.8522346240545875,-0.827003716686682,12.917498009770659,10.236960667804533,2.079593623367799,1.2618489441301142,311.5,71.46484691399391,0.7664485016472573,0.9658914728682171,4.049146054450833
ID45936,45936,2,359.0,504.6554934823091,166.37150837988827,0.0,32.0,32,10.674967880691588,1,,2348.1878453038676,2342.0,894.0,3514.0,850044.0,529.461188579451,0.3674195487583434,2.3833574205825188,3.2312727589767096,-0.5703758836317112,14.367881805312248,11.69363084352125,-1.1632187914017689,1.2286929523923396,358.0,77.24853416751024,0.7538976616278847,0.9768076398362893,4.082711892789196
ID45298,45298,2,330.0,505.29718875502004,169.94277108433735,0.0,8.0,8,10.280023453913833,1,,2145.517964071856,2134.0,1031.0,3358.0,716603.0,467.0861351338539,0.36726029589523457,2.4676749483564286,2.923313989717595,-0.5478244272463599,14.486135985202928,10.805068726708624,1.8451447624740103,1.3406796709580586,331.99999999999994,74.77695358900095,0.7461264083611845,0.9866270430906388,4.103918487490056
ID45490,45490,2,409.0,504.1776960784314,171.25040849673204,0.0,13.0,13,11.39607097042602,1,,2194.950980392157,2202.0,744.0,3223.0,895540.0,498.77889962544236,0.32977294211944025,2.1826508838081367,4.585139306487309,-1.1241565967000502,16.360500793918156,12.74353609841321,2.2387472030629327,1.283827398264703,408.00000000000017,83.39797209672462,0.7371553913104243,0.981949458483755,4.128814858040456
ID45554,45554,2,365.0,504.6310657596372,170.66054421768706,0.0,16.0,16,10.815677656649308,1,,2288.495956873315,2298.0,819.0,3378.0,849032.0,513.2347198761129,0.3369665270003475,2.24765859042919,3.1556367387740494,-0.8840822356900101,14.75811830868652,11.905523704795272,-1.1791798256088941,1.239602614267383,367.5,77.54084766461817,0.7680794023706633,0.9945872801082544,4.044844894665062
ID45557,45557,2,330.0,504.1242424242424,170.28535353535352,0.0,18.0,18,10.249012754438885,1,,2430.7069486404835,2487.0,758.0,3592.0,804564.0,566.4103838663008,0.3005097614290676,1.9832449587457273,3.3299171642419516,-1.0560952069578018,14.654278140890131,10.914825782437036,-0.6650324998562174,1.342603027569182,330.0,72.84355298057679,0.7815226383950397,0.9734513274336285,4.0099056177338674
ID46133,46133,2,340.0,504.9146942800789,166.37031558185404,0.0,38.0,38,10.37249929043725,1,,2458.9794117647057,2484.0,1246.0,3559.0,836053.0,516.0825459799428,0.4200893365409744,2.8189781402137983,2.5989052675438433,-0.7159117167896097,14.335270058950616,10.490029980114704,-1.1794780468802575,1.366561400312973,338.0,76.08202912673623,0.7337741206715338,0.9698708751793402,4.138316824765201
ID45559,45559,2,382.0,504.6023622047244,171.31014873140856,0.0,15.0,15,11.012541334134653,1,,2227.798955613577,2240.0,813.0,3407.0,853247.0,516.5306322284475,0.33112525976688095,2.145770631586113,4.0390580229205035,-1.1165770985600394,16.07668515489196,12.250160607481972,-1.0012684968744079,1.3123652554459473,380.99999999999994,80.88913877183778,0.73173599105123,0.9781771501925546,4.144076115815632
ID45305,45305,2,193.0,507.09541984732823,167.88592027141647,0.0,2.0,2,7.908722566578933,1,,2094.4371859296484,2160.0,783.0,3199.0,416793.0,517.603544341877,0.37596219021398664,2.2112495876169045,2.449786708957361,-0.6230393263276437,12.394297513011988,8.065175931199827,1.847773622431486,1.5367671602878643,196.5,60.115316560264404,0.6832854013319951,0.9899244332493703,4.288484661012493
ID45689,45689,2,264.0,505.1945500633713,166.16223067173635,0.0,22.0,22,9.149617481968136,1,,2488.7386363636365,2547.0,725.0,3560.0,657027.0,571.5818187589387,0.2951396698236293,1.9844577675611184,1.049693478017361,-1.710771867531392,12.381553358471136,10.228217135036003,1.6801543689029836,1.2105289900484257,263.0,66.17270898019885,0.7547581028604456,0.9924528301886795,4.0803840374028955
ID46073,46073,2,346.0,504.91678657074345,166.53932853717026,0.0,37.0,37,10.51725655524611,1,,2374.847701149425,2369.0,1009.0,3629.0,826447.0,515.9851184329523,0.4393327892349569,2.809706664013037,3.4662060863221056,-1.0025934253956312,15.145874904021174,11.389651736815942,-1.0730268611199523,1.3297926270268303,347.50000000000006,77.36952800436012,0.7294991296389992,0.9761235955056183,4.150424738121732
ID45307,45307,2,292.0,505.60317460317464,167.70861678004536,0.0,5.0,5,9.673836185197395,1,,2184.824324324324,2150.0,844.0,3583.0,646708.0,534.9149619248533,0.35987648811679424,2.161801337017625,3.5014943202021067,-0.3291389276358216,13.443828207498548,11.154375551311567,-1.3380002477214092,1.2052515307248894,294.00000000000006,70.9744467825258,0.733420698362249,0.9767441860465118,4.1393137950835115
ID46076,46076,2,322.0,505.2657798643714,166.85054773082942,0.0,40.0,40,10.084642216544975,1,,2378.44099378882,2390.0,951.0,3804.0,765858.0,618.795884742869,0.4543472189258873,2.4015671241298433,4.3389975112301435,-1.4260566706413536,15.484959494717968,11.213768274980701,2.188249465185775,1.3808881292176174,319.5,73.87931703346946,0.7355885872534456,0.9891640866873065,4.133209707878574
ID46013,46013,2,330.0,505.02250885179564,165.34066767830046,0.0,35.0,35,10.241245407544875,1,,2315.323262839879,2320.0,593.0,3526.0,766372.0,564.9406898633353,0.398472033686321,2.335515938764598,2.6321815660166634,-0.5190398770055796,13.723951538660362,10.773348927723722,-1.264058364431073,1.2738797964060806,329.49999999999994,74.17071418279176,0.7526626432616281,0.9719764011799409,4.086060110950972
ID45247,45247,2,224.0,506.4812734082397,167.28726591760298,0.0,3.0,3,8.415696624516205,1,,2295.2735426008967,2308.0,989.0,3425.0,511846.0,543.2834456477308,0.3833621930185068,2.341592685718916,5.002728370453105,-0.9164367148304257,13.084785566297803,11.051443462268482,-0.8409884175043318,1.1839888256200648,222.5,62.498430451134354,0.7158164220257699,0.9910913140311802,4.189904296917423
ID45887,45887,2,408.0,504.0299251870324,166.60349127182045,0.0,30.0,30,11.297887606083718,1,,2363.9607843137255,2401.0,841.0,3624.0,964496.0,502.7121903931703,0.3845632257711985,2.6121962780832226,2.0490228129662835,-0.6666995011451717,14.813671009680853,11.319459218185907,1.883630135391252,1.3086907001600505,401.0,80.08100923177683,0.7857694885203436,0.981640146878825,3.9990547634967686
ID45760,45760,3,228.0,3.887308533916849,10.164478482859227,0.0,25.0,25,8.528411868161397,1,,637.2675438596491,629.0,481.0,800.0,145297.0,58.03874901212414,0.21953048310015913,3.9530829352673638,-1.0395156019281298,0.2921416955428874,11.55898712378528,7.955804393000308,1.6809411604211697,1.4528998644002775,228.49999999999997,61.482490356242266,0.7596143627336978,0.9723404255319148,4.067320055104873
ID45249,45249,3,401.0,7.208542713567839,10.495812395309882,0.0,2.0,2,11.255546841497692,1,,663.7078085642318,662.0,388.0,934.0,263492.0,84.46695764511617,0.2277207122613013,2.9148957147720864,-1.2988066669738836,0.0904669939324391,14.248755670714539,11.059544481710443,-1.0342347442742543,1.2883673187696119,398.0,77.46163726473331,0.8335268453891501,0.9900497512437809,3.8828010299943814
ID45889,45889,3,267.0,5.017890772128061,9.476773383553045,0.0,33.0,33,9.193001402251411,1,,709.4182509505704,716.0,500.0,883.0,186577.0,73.50141485877758,0.2285898293853879,3.5915890722479786,-1.5889101621996518,0.14038055581271144,11.52607431603504,9.503066705423972,-1.143423438032669,1.2128794496892688,265.5,63.356459837598834,0.8311752160706471,0.9943820224719099,3.8882899204258674
ID45956,45956,3,288.0,4.919147694103912,10.179509632224168,0.0,34.0,34,9.532967665185497,1,,715.1443661971831,743.0,288.0,890.0,203101.0,105.24054695948634,0.22679833821882586,2.512507170462818,-1.7004955006361067,0.3372572273071689,12.156157322277503,9.661819091214104,-1.244648948334846,1.2581644520058965,285.5,67.39135267812652,0.7899645987602666,0.9810996563573885,3.9884221301879688
ID45510,45510,3,350.0,5.8638531235097755,11.55865522174535,0.0,20.0,20,10.54747861914092,1,,624.9255014326648,631.0,341.0,849.0,218099.0,78.1823697502334,0.23286880236286375,3.01956136307088,-1.3441734847310902,0.2283531750710789,12.744177489869669,10.523216098433789,-1.379087891409942,1.2110534812419593,349.5,73.95462631124184,0.8030199783256252,0.9845070422535209,3.9558676842682123
ID45702,45702,3,258.0,4.426423544465771,10.008637236084454,0.0,23.0,23,9.106026869654924,1,,656.1003861003861,658.0,354.0,833.0,169930.0,80.04256110968485,0.21322144864105286,2.8811782177520957,-1.323314104558276,0.30389631455795146,11.80062831028508,8.827081800740718,1.714820878349216,1.3368663139946024,260.5,63.57021244752599,0.8100470896659847,0.9904942965779467,3.9386718488972807
ID45260,45260,3,263.0,5.1226053639846745,7.849936143039592,0.0,7.0,7,9.114761669619748,1,,611.992337164751,609.0,458.0,779.0,159730.0,62.591839744439326,0.2049284096925626,3.3258234312714716,-0.8506026419540625,-0.5254717822974474,12.539675129819138,8.41819702268431,1.94121348707737,1.4895915474571075,261.0,64.55859019770828,0.7869412224106952,0.9793621013133208,3.9960764129990487
ID45392,45392,3,385.0,7.466057441253263,9.575282854656223,0.0,0.0,0,11.041407809169618,1,,668.9553805774278,662.0,473.0,874.0,254872.0,75.17600823663258,0.22909283761985522,3.3172233150602506,-1.2268455216702518,-0.39358333703979353,14.297821918210815,11.112724671322681,-0.9141334621898504,1.2866171295602729,383.0,75.90673877943553,0.8353105603501363,0.9948051948051948,3.8786531645785502
ID45264,45264,3,255.0,4.749670619235837,9.359025032938076,0.0,10.0,10,8.97398468933946,1,,620.3333333333334,612.0,494.0,841.0,156324.0,63.21896432400011,0.21505369852238504,3.473435043460033,-0.998851463130363,-0.21981311515171856,11.702892577639526,8.40504810443524,1.8517374038546135,1.3923647351243658,253.00000000000003,64.91488136745488,0.7544697812668486,0.9674952198852773,4.081163624923918
ID45458,45458,3,266.0,4.922932330827067,8.473684210526315,0.0,12.0,12,9.20165364078046,1,,589.3712121212121,588.0,454.0,793.0,155594.0,56.9980194843746,0.1998270957924411,3.4442515318010005,-0.7297473447615832,-0.24262446044039268,12.309644144790738,8.44081698871938,-1.3356007475895222,1.4583474752789691,265.99999999999994,65.25299508836197,0.7850378561069608,0.9761467889908255,4.0009178307893976
ID46099,46099,3,339.0,5.328402366863905,11.336291913214989,0.0,38.0,38,10.372499290437249,1,,709.9437869822485,725.0,292.0,895.0,239961.0,98.74581359796287,0.21601358830991785,2.5543353242466176,-1.0737235981578959,0.1949479193800916,13.440342453799218,9.493626932414836,-1.4446724576582157,1.4157226262924658,337.99999999999994,72.54172187472629,0.8071436686472635,0.9839883551673941,3.9457494966590363
ID45655,45655,3,339.0,5.829388560157791,10.944773175542407,0.0,21.0,21,10.372499290437249,1,,624.4836795252226,630.0,245.0,823.0,210451.0,91.1573430458715,0.22123411083031339,2.482061813972933,-1.2969985430387625,0.20905151986573653,12.619337248162248,10.23845508574271,-1.2704353895368423,1.2325431075763542,337.99999999999994,72.3721951696182,0.8109294503677157,0.9698708751793397,3.9365284595225636
ID45209,45209,3,246.0,4.535546613011402,8.368544600938968,0.0,9.0,9,8.893818455347061,1,,632.3861788617886,627.0,461.0,841.0,155567.0,64.8604251217332,0.19974487500438684,3.246529220519958,-1.157362512044429,-0.20923089531343406,11.731205981893744,8.504303038556117,1.8155067638073332,1.3794435509538827,248.49999999999997,63.72354365436401,0.7690178480662698,0.9822134387351779,4.04237614440264
ID45913,45913,3,265.0,5.221383647798742,8.015723270440251,0.0,32.0,32,9.18434101276213,1,,692.788679245283,693.0,526.0,870.0,183589.0,59.39289334967584,0.2069131396634452,3.999524399104362,-1.2333614119606802,-0.08216407821642263,11.645051211434994,9.023518933511742,2.004573590728288,1.2905221673761162,264.99999999999994,63.26712459768112,0.831954440874064,0.9888059701492535,3.886468569648067
ID45980,45980,3,319.0,5.235958005249344,14.244356955380576,0.0,36.0,36,10.053028840272644,1,,721.8738170347003,725.0,380.0,994.0,228834.0,96.10320389885369,0.3125014222118242,3.5768904124225918,-0.8540005633317141,0.17362370166740512,13.398617052649186,9.013408397026394,-1.3563370323549893,1.4865205771736154,317.5,70.21573186335233,0.8092537859982015,0.9906396255850233,3.940601896991205
ID45725,45725,3,220.0,3.640909090909091,9.283333333333333,0.0,24.0,24,8.368283871884003,1,,642.6529680365297,641.0,317.0,808.0,140741.0,67.14463457462199,0.20262346554280355,3.225189700024814,-0.9550863212119296,0.1965778413019049,11.946452064331151,7.401838162639828,-1.4623824529056701,1.613984499773298,219.99999999999994,60.74847377124844,0.7491379569251237,0.9799554565701558,4.095661266142757
ID46049,46049,3,304.0,4.938825448613377,12.931756389342034,0.0,37.0,37,9.877346815584227,1,,711.9607843137255,713.0,286.0,887.0,217860.0,88.96275753133754,0.272664971422159,3.4292021742225316,-1.057725360234998,-0.05651073797431748,13.12480666777955,8.92299494702823,1.7856956969894768,1.4708970189600656,306.50000000000006,70.53963767098499,0.77405869554111,0.9855305466237944,4.029192205584074
ID45282,45282,3,335.0,6.48905472636816,8.449253731343283,0.0,4.0,4,10.32636489145962,1,,646.443113772455,643.0,463.0,818.0,215912.0,63.67556702001445,0.19997102063919336,3.38363721938492,-0.8835159097010633,-0.638393196186933,13.166742896112327,9.823541387312996,-1.0630806057115834,1.3403254872135053,335.0,72.50319257518092,0.8008301402398103,0.9824046920821115,3.961272573149615
ID45860,45860,3,272.0,5.197303921568627,8.363970588235293,0.0,31.0,31,9.304852983362556,1,,693.5315985130112,693.0,502.0,859.0,186560.0,66.32521023512652,0.2123339949810636,3.662813962463202,-1.1064933428479744,0.06607291075499444,11.757192238837616,9.036585616781226,-1.2249869969029639,1.3010657716786458,272.0,64.3184275717095,0.8262432626629118,0.9927007299270073,3.899877508114669
ID45989,45989,3,299.0,5.241917502787068,13.599777034559644,0.0,35.0,35,9.755749892701916,1,,721.7979797979798,727.0,504.0,918.0,214374.0,80.8817095631079,0.31271894743305584,4.251848461058178,-1.609046679738962,0.34622354041629283,12.463434160869715,9.602127677454536,-1.1095908233919962,1.297986714979163,299.00000000000006,68.10248209531854,0.8101308507500684,0.9771241830065361,3.9384682299686222
ID45480,45480,3,264.0,4.748576850094877,9.756799493991144,0.0,13.0,13,9.158310707189882,1,,596.8178294573644,589.0,451.0,829.0,153979.0,62.464260224444686,0.22432916845584988,3.501287181961938,-1.2232208181389046,0.06255207570641774,12.081407821564646,8.730314766916248,-1.2883415996308196,1.3838456165804527,263.5,64.5006210961032,0.795907670775049,0.9887429643527205,3.9735033805102367
ID46122,46122,3,407.0,7.339066339066339,9.41031941031941,0.0,1.0,1,11.382096629215674,1,,664.7111111111111,665.0,388.0,889.0,269208.0,78.04782742867754,0.2159462590668518,3.0250560066796894,-1.8816300829600958,0.08437588981212406,14.831795986124698,11.511868696644065,2.2719140612396256,1.2883916918239744,407.0,79.08740913440793,0.8176916751458411,0.9926829268292684,3.920217326997632
ID45226,45226,3,381.0,6.806753812636166,9.351416122004357,0.0,3.0,3,11.034198270164442,1,,661.5811518324607,666.0,458.0,863.0,252724.0,80.448626999293,0.2214493851724953,2.9819028263840908,-1.7547713312333408,-0.05034579345766754,14.640129098179443,10.981791130106709,2.18649835424765,1.3331276223277784,382.5,76.66316071121467,0.8178390857026744,0.9870967741935484,3.9198640133253955
ID45739,45739,3,279.0,5.009177027827116,9.857015985790408,0.0,29.0,29,9.465951244367206,1,,706.0465949820789,715.0,376.0,885.0,196987.0,87.525338453831,0.2288477984690929,3.0045414708556404,-1.7554257463645289,0.23749770180371446,11.72558115082464,9.816234473789178,1.9600884137319619,1.1945090739360091,281.49999999999994,66.03729886232735,0.8111658551548682,0.9859894921190892,3.935954790167085
ID45612,45612,3,264.0,4.670454545454546,9.159090909090908,0.0,14.0,14,9.166995688475081,1,,625.1098484848485,622.0,400.0,824.0,165029.0,64.51650581370953,0.21069490037203406,3.372366835606647,-1.6957849516006838,0.2518474932437725,11.674337420958835,9.250208422677884,1.900379454058612,1.2620620949834964,264.0,64.5031925751809,0.7973543536791986,0.9832402234636871,3.969897073503021
ID45677,45677,3,317.0,5.301816239316239,10.313034188034187,0.0,22.0,22,9.965574970333758,1,,647.6270096463022,646.0,356.0,843.0,201412.0,84.05498839793698,0.20901871214646947,2.664057541813094,-1.644982788421188,0.194248631593939,12.326133247450334,10.040566742309823,-1.24702814033146,1.2276332167097093,311.99999999999994,69.72573795698963,0.8064514353521244,0.9826771653543306,3.947442588874175
ID45870,45870,3,270.0,5.073902288188003,8.461657390228819,0.0,30.0,30,9.261992999702148,1,,698.9739776951673,698.0,443.0,895.0,188024.0,72.18738100962904,0.2046101980241006,3.289352810686309,-1.5312647280611718,0.0976140712172521,11.434247356245725,9.527643870254686,-1.251872400377132,1.2001127993399772,269.5,64.30515686357045,0.8189870404766011,0.9963031423290203,3.917115859620891
ID45999,45999,3,256.0,4.138996138996139,16.83075933075933,0.0,39.0,39,9.079772052293041,1,,763.9066147859922,773.0,515.0,968.0,196324.0,91.28021243750581,0.34344558645975903,4.278893557205575,-0.5740053310917866,-0.11358411035393887,12.860269856734929,8.121408660616066,1.694392990019609,1.5835023693733679,259.0,65.21484686411395,0.7652734924074852,0.9961538461538462,4.052253413575858
ID45489,45489,3,309.0,5.57502679528403,10.344051446945338,0.0,19.0,19,9.949591680222808,1,,620.4147909967845,616.0,426.0,845.0,192949.0,74.30771878373923,0.2221884892004548,3.0357190549505533,-1.5079638049105342,0.20923080160221094,12.394339584584491,9.935282810026397,-1.2284272318849823,1.247507476292118,311.0,68.38477996850703,0.8357018147639506,0.9936102236421723,3.8777451147194153
ID45745,45745,3,284.0,4.869400814426992,10.896160558464224,0.0,27.0,27,9.549648286280286,1,,649.2720848056537,650.0,475.0,844.0,183744.0,70.1873897432545,0.23640078506253975,3.5374252995324853,-1.3238528248183699,0.14320881536512814,12.136128135075126,9.310542582581103,-1.3795717870013768,1.3034823725290028,286.4999999999999,67.13255662800238,0.7988552921746402,0.9879310344827582,3.966165876586627
ID45492,45492,3,231.0,4.735125448028674,7.390322580645162,0.0,17.0,17,8.602734945221277,1,,634.5258620689655,631.0,482.0,867.0,147210.0,63.489912783273255,0.19986937248634185,3.3295602199021883,-0.6245612274106634,-0.5653197896096338,11.616635848595868,7.729508871078391,1.8849686321636114,1.5028944325378801,232.50000000000003,61.79534630595327,0.765105423407484,0.9707724425887265,4.0526984638660615
ID45237,45237,3,260.0,5.49744081893794,7.22552783109405,0.0,6.0,6,9.106026869654924,1,,620.5961538461538,625.0,444.0,793.0,161355.0,60.867556584846106,0.19968181792458367,3.3941079599076023,-0.816097025811498,-0.8156446997571906,11.893208458334785,8.817033053841964,-1.096224941875524,1.3488900841936162,260.5,65.18979503048928,0.7702972733706019,0.9738317757009348,4.039017656798228
ID45494,45494,3,235.0,4.277540867093106,9.41684434968017,0.0,16.0,16,8.639656724089154,1,,623.3461538461538,629.0,431.0,861.0,145863.0,71.16097213431459,0.21126391919060677,3.055652469857174,-0.9723633399702035,0.002115666254831213,11.4955960884435,7.917194522912489,1.7810248286413743,1.4519784824251898,234.50000000000003,61.2777919557996,0.784777413879926,0.9770833333333335,4.001581663293857
ID45495,45495,3,232.0,4.168794326241135,8.764539007092198,0.0,15.0,15,8.648862541004501,1,,641.1545064377682,631.0,384.0,866.0,149389.0,67.35407079345177,0.2029336452137973,3.211746283493604,-2.29341837843605,0.2248674277325292,11.249339025702284,9.3862975063494,-1.2122646535499055,1.1984852406492146,235.00000000000003,62.44274541245532,0.7573798516465517,0.9853249475890986,4.073315579107364
ID45751,45751,3,245.0,3.9138162307176394,10.22166331321261,0.0,26.0,26,8.893818455347063,1,,633.609756097561,640.0,351.0,811.0,155868.0,72.16643282634281,0.21605280626825252,3.1197808651133547,-2.1617861892172097,0.05890301309766393,12.307532765096765,9.13839490172427,-1.4264508886884475,1.346793709120026,248.50000000000003,66.04237416216202,0.7159635328894353,0.9783464566929135,4.189473819611633
ID45753,45753,3,266.0,4.498737373737374,10.789772727272727,0.0,28.0,28,9.166995688475081,1,,685.1717557251908,685.0,478.0,857.0,179515.0,74.57992886321884,0.24151697309232764,3.5743944637976885,-2.292558201639426,0.2482455107505821,11.681054972287187,10.00667551024512,-1.3174249104162705,1.1673262473963295,264.0,65.60989317173667,0.7706818471966294,0.9723756906077348,4.038009786751904
ID45242,45242,3,266.0,5.114953271028037,9.073831775700935,0.0,8.0,8,9.227561679781067,1,,622.1910112359551,618.0,473.0,824.0,166125.0,65.89177896702837,0.21564926624410583,3.3501340721381494,-0.7714495071660474,-0.7659993034109958,12.81421288342342,8.335104849939697,1.9172825002810545,1.537378726977397,267.49999999999994,65.90830865783539,0.7738438163723369,0.9834558823529408,4.029751575161877
ID45435,45435,3,257.0,4.663731245923026,8.51630789302022,0.0,11.0,11,9.018213565887566,1,,604.0355731225296,597.0,452.0,801.0,152821.0,60.11268122299197,0.20055568855874817,3.3572144773426236,-1.269415156913377,-0.05802201602801508,11.551768610411813,8.778087759206102,1.8220540201301563,1.3159777991848836,255.49999999999997,63.610581302481876,0.7934910630600305,0.9826923076923075,3.9795495096756266
ID45500,45500,3,283.0,5.35952380952381,8.326190476190476,0.0,18.0,18,9.440697438826296,1,,633.1906474820144,633.0,428.0,868.0,176027.0,68.64503199525655,0.20632199916105753,3.1552782568263056,-0.7891902212293426,-0.603074872367237,12.494642193178649,8.796736200154399,-1.2712027410652096,1.4203725005371135,280.0,65.05062374479986,0.8315051912925194,0.9929078014184397,3.8875183277416014
ID45245,45245,3,307.0,6.0810147299509,8.071194762684124,0.0,5.0,5,9.861220524313817,1,,614.2483443708609,614.0,474.0,807.0,185503.0,61.037115612548575,0.19987120163270214,3.3527068483496185,-0.7346397886773278,-0.8978935278052755,13.11145461197906,9.329365785736432,-1.1667493445053596,1.405396134432313,305.5,68.03136757447446,0.8294738061155229,0.988673139158576,3.8922756919785946
ID45313,45313,4,568.0,383.8817488262911,175.72975352112675,0.0,5.0,5,13.446189622059965,1,,1491.721340388007,1430.0,600.0,2314.0,845806.0,351.3761737765479,0.7301891590326637,3.583333116883882,-0.20660795261685902,-0.11066029179755317,19.3343261750169,9.66647380723285,3.0859299244842076,2.000142612557453,568.0,95.3673296531213,0.7847999291707236,0.9618966977138018,4.001524261771722
ID45890,45890,4,606.0,382.3764918123786,173.9002220371912,0.0,30.0,30,13.825523015545063,1,,1474.0616666666667,1438.0,586.0,2650.0,884437.0,361.4143121667345,0.7353440160840975,3.4565694031916054,-4.188382780709703E-4,0.32868190583237994,18.580327468229648,10.723044278893479,2.7456479380905803,1.7327474348680922,600.4999999999998,96.84327170137578,0.8046073023757426,0.9486571879936805,3.9519637028680865
ID45315,45315,4,573.0,384.6771561771562,174.89656177156175,0.0,2.0,2,13.493452297211723,1,,1492.5157894736842,1464.0,673.0,2339.0,850734.0,350.7345401816603,0.7305288207936581,3.592765821954087,-0.3768717237522092,0.1080273332713363,18.850307830491047,10.01977813174239,3.063991816783475,1.8813099035370628,572.0000000000002,96.0665350706052,0.7788640151018597,0.9493775933609963,4.016743619092978
ID45252,45252,4,561.0,384.5649389335717,175.19794459338695,0.0,3.0,3,13.345200684884093,1,,1507.9838998211092,1452.0,605.0,2502.0,842963.0,370.218415759616,0.7317325292340424,3.4422327285512844,-0.09919411793034409,0.1788890166059122,18.57325184067226,9.908821881969413,3.0881504448918156,1.8744157541542932,559.4999999999999,95.37871549255044,0.7728710079485437,0.9411269974768713,4.0322868905233955
ID45445,45445,4,602.0,382.80094130675525,174.202934662237,0.0,11.0,11,13.842779759955802,1,,1432.2296173044924,1403.0,568.0,2460.0,860770.0,342.4079494618761,0.728991938029968,3.5271876431282516,0.022191446205874668,0.21470079057009558,18.781940213137233,10.575518984152692,-0.1735258531209254,1.7759828374646935,602.0,98.14084626484313,0.7854286847402993,0.9525316455696202,3.999922280303838
ID45578,45578,4,623.0,383.61996779388085,174.89452495974234,0.0,20.0,20,14.05953197372281,1,,1408.3285024154588,1364.0,552.0,2448.0,874572.0,337.80691417871725,0.7245894053966079,3.5032545602225214,0.018475577700284476,0.14742259615155967,19.053343628542944,10.677512779671982,2.8328271196148695,1.7844365089234078,621.0,98.72659475558703,0.8006323770912844,0.9524539877300612,3.9617617773014575
ID46155,46155,4,562.0,384.6036315323295,175.12769412459403,0.0,1.0,1,13.404698085027873,1,,1505.9132743362832,1474.0,499.0,2479.0,850841.0,384.75510482938853,0.7295888671894805,3.3020290051922987,-0.11760182155210269,0.1831195636215747,19.356768511191902,9.776457423031006,-0.07034746892522331,1.979936870137844,564.5000000000001,95.68651745591903,0.7747691386237101,0.9511373209772536,4.027344449845386
ID45646,45646,4,612.0,381.5931693989071,175.24426229508197,0.0,14.0,14,13.934454799959425,1,,1423.6928104575163,1390.0,620.0,2457.0,871300.0,337.55349275627026,0.7284106130719856,3.554946113357592,-0.22992815190752355,0.08379439051634707,19.15706417250609,10.481836259780016,-0.24914304287789485,1.8276439068232633,609.9999999999999,97.96606048874503,0.7987086922254737,0.9598741148701808,3.9665298472330828
ID45966,45966,4,601.0,382.62330285397616,175.5296481019673,0.0,34.0,34,13.837029903109627,1,,1486.1229235880398,1458.0,606.0,2450.0,894646.0,363.7941833322524,0.7401270649760113,3.4749959436407445,-0.02047534171341423,0.06542945607088121,18.772120961484372,10.423218880942306,2.6731892698775876,1.8009907664711045,601.4999999999999,97.0082948134847,0.8032074984306242,0.9562798092209857,3.9554058807951304
ID45712,45712,4,620.0,382.62352625937837,176.33708467309754,0.0,23.0,23,14.070847494245607,1,,1434.5217391304348,1412.0,589.0,2428.0,890838.0,355.7517550486523,0.7335648356099538,3.412624419681983,-0.06968852393556466,-0.04118476427840475,19.312611228785688,10.331334635127872,2.8241586755334755,1.8693239461163436,622.0000000000002,99.25311082121894,0.7934361686651289,0.9547198772064468,3.9796871711489663
ID46033,46033,4,625.0,380.641975308642,172.10493827160494,0.0,39.0,39,14.05953197372281,1,,1445.4814814814815,1410.0,501.0,2314.0,897644.0,332.41824858936536,0.7331738955396735,3.678938477475311,0.057336237927543963,0.009818422663396994,18.603055797245926,10.927113883777322,2.684859498299698,1.70246745802334,621.0000000000001,97.38480895849501,0.8228468879142574,0.9687987519500781,3.9079177680210266
ID45332,45332,4,584.0,383.9839168801594,176.209365214916,0.0,7.0,7,13.651755870971671,1,,1449.5833333333333,1419.0,576.0,2214.0,852355.0,335.5917424121776,0.7272431335274195,3.6373749473363817,0.15999530031300108,0.022132872474328404,19.046807699492003,10.216431119871904,3.0682967304402182,1.8643308486115273,585.5000000000001,96.84170353470891,0.784534275966357,0.953583061889251,4.002201687731608
ID45783,45783,4,609.0,383.28624689312346,175.59030654515328,0.0,29.0,29,13.86001501845931,1,,1448.7102649006622,1412.0,624.0,2519.0,875021.0,339.2546172869429,0.7308758621502781,3.6063133823310802,0.1481909845365902,0.23291900141447366,18.676805209230338,10.834709820209639,2.827426479394459,1.7237937627450888,603.4999999999998,97.722955927453,0.7941342890432554,0.9556611243072048,3.977937522746943
ID45915,45915,4,620.0,382.76746987951805,174.67429718875502,0.0,33.0,33,14.07650184347694,1,,1448.144694533762,1420.0,615.0,2404.0,900746.0,353.28320895373787,0.7377253393664952,3.4804269549030113,0.026816157213346993,-0.023061739499835233,19.027693200009345,10.48016847180789,-0.4090767075793843,1.8155903935318092,622.5,99.72616298736556,0.7865584489191562,0.9606481481481485,3.9970486268739007
ID45468,45468,4,602.0,382.5292011019284,175.05151515151516,0.0,12.0,12,13.877228871110878,1,,1422.5346534653465,1386.0,593.0,2288.0,862056.0,344.56007350199167,0.7241210554331644,3.4679379571910767,-0.0544955524384937,0.015449442947135551,18.85361473983582,10.5043977579299,2.9066148150598456,1.7948306199280195,604.9999999999999,97.73972044103027,0.7958350340958353,0.9497645211930926,3.973684709235808
ID45344,45344,4,593.0,382.9487943262411,174.23078014184395,0.0,10.0,10,13.675052399642826,1,,1460.1496598639455,1428.0,540.0,2493.0,858568.0,348.4526194329189,0.7297188530567569,3.535604528676125,0.13425855696279437,0.21715056548702144,18.665187839050745,10.471459584891324,3.0063879119153474,1.7824819632576998,587.5,95.97256295124447,0.8015369531000774,0.9483454398708636,3.959525619432923
ID45219,45219,4,586.0,382.7091836734694,174.63350340136054,0.0,9.0,9,13.680870333281762,1,,1453.1494057724958,1424.0,464.0,2355.0,855905.0,341.78634087689994,0.7302305322389127,3.5887365500647532,0.02714966142280878,0.2897494426759652,18.784606197699695,10.496753202590684,-0.0819547779516471,1.7895634807402638,588.0000000000003,96.69082541303887,0.7903448992703518,0.9522267206477738,3.9874624343132203
ID45668,45668,4,608.0,383.388246628131,175.5745939994495,0.0,21.0,21,13.882962078903953,1,,1441.1622516556292,1417.0,508.0,2344.0,870462.0,336.31055521815034,0.7305488855562714,3.6179935339846767,0.08716803925767179,0.3056414120477194,18.46423088096129,11.100211969134532,2.828717437356266,1.663412458456045,605.4999999999998,96.3096440876316,0.8203221826706687,0.9626391096979326,3.9139268464906265
ID45796,45796,4,594.0,382.99294980259447,174.77749576988157,0.0,27.0,27,13.715726110367628,1,,1480.5414551607446,1437.0,508.0,2580.0,875000.0,366.7410362712859,0.7356628463349909,3.4221931377049972,0.13491608444387718,0.0813161564577745,18.77393234476241,10.417111962539975,2.798082452544859,1.8022204630490326,591.0,97.64694721126195,0.7788969520756878,0.9448441247002398,4.0166586907993445
ID45735,45735,4,606.0,382.331544178365,176.08739333883844,0.0,24.0,24,13.882962078903953,1,,1451.01647446458,1417.0,590.0,2497.0,880767.0,352.2447952315947,0.7348888846533652,3.489858098383046,0.024312176954473592,0.0020380832360463457,18.902723694989447,10.37148454729427,-0.32920650927601675,1.8225668281905527,605.4999999999998,97.2384185397402,0.8047263785869687,0.9657097288676233,3.9516713039318234
ID46119,46119,4,630.0,380.30354778925073,170.60722795869737,0.0,41.0,41,14.155425580062799,1,,1451.799682034976,1418.0,518.0,2451.0,913182.0,343.6874986837477,0.737529424835075,3.586081380969957,0.1563953394059268,0.042387704897186164,18.72956700534659,10.997857311731721,-0.41354285676348396,1.7030196405046314,629.5,98.63469947258781,0.8131040928038583,0.9574144486692016,3.93126082321225
ID45352,45352,4,565.0,384.4730848861284,175.0113871635611,0.0,4.0,4,13.392819750320172,1,,1517.049645390071,1456.0,620.0,2540.0,855616.0,386.8931829442786,0.7292094567296599,3.3070701067268753,-0.08887371990959061,0.16946855488018492,18.60745938078859,9.987098530304864,3.0823128435077862,1.863149674985792,563.5,95.58931966599121,0.7749702718764898,0.937603993344426,4.026821794019863
ID45801,45801,4,608.0,382.168039538715,175.40911587040088,0.0,26.0,26,13.900147514093545,1,,1447.1054365733114,1397.0,534.0,2608.0,878393.0,350.83417625399693,0.7313894031054482,3.4848347285207235,0.30787803298273314,0.2199045120850815,18.680791400689884,10.849661837103552,2.79942830127328,1.7217855893725207,607.0,97.93518398507862,0.7952818444215192,0.9581689029202841,3.975066495603131
ID45994,45994,4,623.0,381.28280786849905,174.13055780113177,0.0,36.0,36,14.031203248641027,1,,1442.3478964401295,1404.0,573.0,2564.0,891371.0,344.5841977972596,0.7324769096013802,3.539412231521007,0.10669687229668447,0.17124739098751332,18.573907029494226,10.95222053509571,2.652121686018895,1.6959033074594594,618.5,97.475154000012,0.8180158298123474,0.9530046224961479,3.9194405188911077
ID45803,45803,4,611.0,382.86842105263156,175.31441885964912,0.0,28.0,28,13.911592676604098,1,,1459.8245901639343,1425.0,580.0,2511.0,890493.0,369.15307639434377,0.7371896020977331,3.3562643371063756,-0.06643498108616581,0.08198031736016811,18.492954512461765,10.666328297094545,2.8011344703009757,1.7337694844344098,608.0000000000001,98.12749363268888,0.7934727760829866,0.9552238805970149,3.97959536727366
ID45548,45548,4,599.0,383.5061060227588,174.9152095475992,0.0,19.0,19,13.825523015545063,1,,1445.2541806020067,1400.0,643.0,2435.0,864262.0,338.4964819349321,0.7284987442350428,3.59898312031566,0.02708888415107114,0.18104750106021622,18.705681249820014,10.653410734574175,2.832833208225688,1.755839675749411,600.4999999999999,97.0587123946901,0.8010393018500626,0.9524187153053129,3.9607553699105247
ID45422,45422,4,586.0,385.21777203560146,174.68403674992823,0.0,0.0,0,13.593339873985732,1,,1492.4776632302405,1444.0,559.0,2317.0,868622.0,364.32934923686344,0.7303514921931956,3.4581296123621277,-0.042482949995882306,0.2886410597328289,18.899479424316414,10.314537275040081,3.0601117133310094,1.8323148116446137,580.4999999999998,96.31673976735375,0.7863366911686948,0.9532019704433492,3.9976121984572672
ID45871,45871,4,611.0,382.2266502328129,174.26198301835115,0.0,31.0,31,13.917311728305743,1,,1460.4091653027824,1416.0,502.0,2498.0,892310.0,353.513159048963,0.7347998532739983,3.4996019127314386,0.20857634942085815,0.3276973954012014,18.779374046400687,11.040251696111996,2.7866396520742196,1.7009914776684074,608.4999999999999,96.89270930588118,0.814494670684881,0.9605367008681925,3.9279034902205066
ID45296,45296,4,575.0,384.2655613728912,175.5285049447353,0.0,6.0,6,13.505242122350568,1,,1481.7447552447552,1448.0,649.0,2325.0,847558.0,337.77686894584883,0.7282716286132326,3.6970462149972296,0.014675190573745394,0.1320928216344799,18.704650012873152,9.890674100450948,-0.0597553069086892,1.8911400601118125,573.0,95.84865714492437,0.7837768296799247,0.954204829308909,4.0041350957130835
ID45809,45809,4,604.0,381.42782369146005,175.85895316804408,0.0,25.0,25,13.877228871110882,1,,1457.5107794361525,1421.0,486.0,2440.0,878879.0,368.30982975962536,0.7345525774348836,3.351690277195249,0.09394815173707888,0.24418773651313816,18.70871299706964,10.779075267950494,2.7720034636911492,1.735651021261202,605.0,96.70863196815279,0.8128955740942073,0.9649122807017544,3.931765001669071
ID45938,45938,4,590.0,381.71815602836875,174.32297872340425,0.0,32.0,32,13.675052399642826,1,,1491.710391822828,1455.0,620.0,2489.0,875634.0,356.3184495443399,0.7366667945416018,3.551655179750192,0.3577153420698361,0.0865285501044459,18.44223964299454,10.482888615292586,-0.37902395786105414,1.7592707811557533,587.5,97.19414858462227,0.7815153193420852,0.951417004048583,4.009924394488538
ID45493,45493,4,598.0,382.07474154791845,174.79477507683708,0.0,13.0,13,13.779399374015949,1,,1440.0083612040135,1403.0,526.0,2465.0,861125.0,348.31562863214106,0.728447257204322,3.484689034487101,0.23600549986749722,0.18179070407214176,18.621522720417712,10.678448830533624,-0.205057032785938,1.7438415462713939,596.5,96.27258981020292,0.80875131968705,0.9544,3.9418258283816745
ID45558,45558,4,612.0,382.67006802721085,174.74843537414966,0.0,17.0,17,13.962979814050142,1,,1429.9410801963993,1394.0,656.0,2454.0,873694.0,346.59589990973797,0.727434051578707,3.474696431872886,-0.22873937245581136,0.2993324210101918,18.697337883658115,10.743069535248305,2.837874389320568,1.7404092770982855,612.4999999999998,98.88211413532666,0.7871916352838264,0.9488768396591786,3.995440768180095
ID46136,46136,4,618.0,381.26010709504686,173.4156626506024,0.0,38.0,38,14.076501843476938,1,,1458.6,1436.0,586.0,2370.0,904332.0,343.30921361811494,0.7391504341470511,3.611406976479604,0.1594487122366292,0.09725263429716997,18.517411791535164,11.006555584601836,2.680988578046146,1.6823984260290303,622.4999999999999,98.41706297134132,0.8076225173649563,0.9547546012269938,3.9445795829966874
ID45561,45561,4,603.0,382.40137741046834,174.90440771349864,0.0,16.0,16,13.877228871110882,1,,1428.702479338843,1395.0,568.0,2349.0,864365.0,324.3121667985612,0.7257674008989586,3.705303173180757,-0.0097450357625583,0.2818179296498685,18.76491910703067,10.787220203864539,2.8621512694714153,1.7395509456929514,605.0000000000001,96.293637610745,0.819917304980295,0.9610802223987291,3.914893081788295
ID45306,45306,4,582.0,382.95669515669516,175.66324786324788,0.0,8.0,8,13.645925524401692,1,,1451.165811965812,1411.0,535.0,2410.0,848932.0,347.8256799370876,0.7276462765099444,3.5143974409571896,-0.05419877225781373,0.2894156746637001,18.932930786095863,10.428212123241183,-0.07493325567973931,1.8155490665461584,585.0000000000001,95.24570776036754,0.8103542299268764,0.9613804437140513,3.9379253609394995
ID45562,45562,4,607.0,382.7398676592225,175.2976288944031,0.0,18.0,18,13.871493293733788,1,,1430.69320066335,1385.0,617.0,2429.0,862708.0,333.12931912297967,0.7249023121366773,3.6097625279048704,-0.0703749970349126,0.30018291781723716,18.86658283160397,10.74047552162516,2.845601076144787,1.7565872938881977,604.5,98.66281784290837,0.7803674378376436,0.9386645962732919,4.012872509954218
ID45690,45690,4,620.0,382.8696822832526,175.70570813139472,0.0,22.0,22,14.036873567421146,1,,1422.7212317666126,1386.0,528.0,2357.0,877819.0,332.7314740904868,0.731875000873239,3.613901354927298,0.1800590726821683,0.2759917018386414,19.10332811141138,10.914539032541757,-0.3180205035548713,1.750264308410525,619.0000000000001,97.82115116827887,0.8128959772435495,0.9619269619269623,3.931764026705044
ID46075,46075,4,620.0,381.32018250134195,173.43263553408482,0.0,37.0,37,14.05953197372281,1,,1446.171749598716,1410.0,613.0,2388.0,900965.0,340.26357436058964,0.737260146765396,3.6073668566086,0.07658090849852854,0.051640539225098786,18.55977543467967,10.875538034956033,2.671312781009342,1.7065615857371879,621.0000000000001,98.99712459642949,0.7962625733119449,0.9524539877300615,3.9726177658597828
ID45565,45565,4,612.0,381.9165988608625,174.56563601844317,0.0,15.0,15,13.985757936556007,1,,1413.2727272727273,1391.0,545.0,2324.0,870576.0,315.57519604791486,0.7250056624623361,3.7644712673178162,-0.10628397705979083,0.11498927620991897,18.89835112533705,10.613182813507445,-0.2972180423228484,1.7806487890969933,614.4999999999999,98.45342332685912,0.7966546731492555,0.96015625,3.971640018196247
ID46078,46078,4,619.0,380.51673414305,171.07165991902835,0.0,40.0,40,14.019855731015593,1,,1452.1197411003236,1413.0,692.0,2422.0,897410.0,315.7734584300577,0.7326399598132964,3.889010159162224,-0.03899859274157063,0.0817405002186089,18.788932180811152,10.809938827142483,2.6786367269331075,1.7381164205697774,617.5000000000001,97.4742433826918,0.8167085090357357,0.9663536776212834,3.922576225877453
ID46015,46015,4,615.0,382.3784946236559,174.66048387096774,0.0,35.0,35,14.048207338801282,1,,1440.6302250803858,1405.0,553.0,2432.0,896072.0,356.4156933416019,0.7345765540428429,3.4234917879350615,0.3326754478112843,0.5481903202854613,18.466732181480726,11.49761547223808,2.676153839360447,1.6061358310399354,619.9999999999999,96.8498041242395,0.8306232056456585,0.9725490196078431,3.8895817336505063
ID45505,45505,5,525.0,43.984414758269715,56.15235368956743,0.0,18.0,18,12.914889870235298,1,,760.3384321223709,761.0,378.0,1104.0,397657.0,137.94724613251518,0.592539440672938,4.101577952587821,-0.10965733500697504,0.15988638353342197,14.98562337497545,11.661796416966341,0.08981411553643448,1.2850184344817912,524.0,85.68250354035237,0.8969265005630515,0.9785247432306255,3.7430575464039806
ID45250,45250,5,493.0,42.27281947261663,55.27687626774848,0.0,5.0,5,12.527041705391134,1,,776.4381338742394,777.0,339.0,1144.0,382784.0,134.16024094406302,0.5895706900527902,4.2930807940769355,0.15337143964964192,0.2223164895420401,14.452789885985021,11.288485756702537,0.20602472950575157,1.2803125412461702,493.00000000000006,83.33994661114932,0.8919702047146274,0.9752720079129575,3.7534424229785444
ID45892,45892,5,513.0,44.21025893149787,54.6183218616847,0.0,33.0,33,12.722443834596307,1,,786.8762278978389,788.0,339.0,1209.0,400520.0,151.9279849239964,0.6026231048785236,3.895049867653279,0.03309347233283493,-0.02944726332687415,14.069856137228161,11.659537232366413,0.1962012593164005,1.206725091813318,508.50000000000006,83.89008460873531,0.9079868449805587,0.9807135969141756,3.720190280619166
ID45253,45253,5,476.0,41.46385123392423,56.15971498088286,0.0,2.0,2,12.354334883963913,1,,794.9832285115303,799.0,401.0,1192.0,379207.0,139.30875166174886,0.593643070098592,4.251516858950747,0.07922725277850774,0.32010349750672423,14.504113050878779,11.05983407230375,0.26560294443757515,1.3114223012802932,479.5,81.46399320420873,0.9079607741363586,0.9876416065911432,3.7202436903080813
ID45765,45765,5,486.0,42.50788751714678,55.84636488340192,0.0,25.0,25,12.437789380968077,1,,798.2736625514403,798.0,458.0,1166.0,387961.0,147.75617002052863,0.5996530673094047,4.05051670520481,0.24517861686975792,0.4984495177775512,14.842580520693815,11.22840734176548,0.3104163863678364,1.3218776331247764,485.99999999999994,83.6481789007931,0.8728370091339684,0.9778672032193156,3.7943584485182402
ID45957,45957,5,487.0,43.94660525417947,55.41436369839646,0.0,34.0,34,12.469738545806875,1,,805.483606557377,813.0,447.0,1185.0,393076.0,144.41947706935707,0.6044929682503588,4.2025643167915225,0.04000932052284188,0.06457868928439199,14.196054655965883,11.242134579548914,0.2783506543838159,1.2627543777843206,488.50000000000006,81.5836724787149,0.9222909132130537,0.987866531850354,3.6912288121341956
ID46086,46086,5,514.0,44.15082444228904,54.96556741028128,0.0,41.0,41,12.809712968202845,1,,784.8565891472869,781.0,438.0,1095.0,404986.0,132.9713845236256,0.5945550022219599,4.401641286549105,0.2436806828805169,0.38892595489381115,14.286111587351899,12.206450274373779,0.20139652304848754,1.170373963456367,515.5000000000001,84.75366714276745,0.9018234764413888,0.982840800762631,3.7328811572997873
ID45703,45703,5,507.0,44.21064814814815,55.110780423280424,0.0,23.0,23,12.666024736934256,1,,783.0298804780876,780.0,331.0,1171.0,393081.0,153.16058492326795,0.5937923834044581,3.809466774071528,-0.20738997247544352,-0.055811928845736845,14.623763301872165,11.386376705106615,0.15566815183067215,1.2843210514292602,503.99999999999994,83.02706153443181,0.9187578544421966,0.988235294117647,3.6983192630052546
ID45516,45516,5,497.0,44.471144278606964,54.55339966832504,0.0,20.0,20,12.647162440933332,1,,781.2345924453281,788.0,321.0,1107.0,392961.0,144.5306755380909,0.5968460989248249,4.040645279907463,0.3388853271718088,0.525437897780678,14.935169982968803,11.47235263333425,0.3566580914371271,1.301840211882342,502.4999999999999,82.98624313607266,0.9169248056046059,0.993083003952569,3.702014121649763
ID45267,45267,5,509.0,41.204031465093415,54.91691248770895,0.0,7.0,7,12.722443834596305,1,,763.2662721893491,762.0,351.0,1101.0,386976.0,131.6287077579828,0.585116646542391,4.280915711149096,0.08583948312058491,-0.025579141266481562,14.958665905726338,11.179383594420202,0.1557088722519133,1.3380582014550815,508.49999999999994,84.85404239165246,0.8874742236069328,0.9760076775431861,3.7629379592233927
ID45459,45459,5,518.0,43.592664092664094,53.32496782496782,0.0,12.0,12,12.84073677960901,1,,761.119922630561,755.0,376.0,1070.0,393499.0,130.74831260710945,0.5860151954936973,4.301783272102511,0.04653694526316737,0.1438340284156477,14.650505856726944,11.553865696110941,0.22894604046282524,1.2680176697621073,518.0,84.15264706618346,0.9191873963392194,0.9857278782112276,3.6974550384138496
ID45270,45270,5,481.0,43.19765840220386,55.40977961432507,0.0,10.0,10,12.412170838050638,1,,787.5403726708074,790.0,413.0,1078.0,380382.0,134.09527766162063,0.592147560296253,4.368536484996663,0.12895596869729517,0.205354279511805,14.545767536647297,11.06403376152236,0.16972045136325042,1.3146893664798314,483.99999999999994,82.60919574728484,0.8912477317356247,0.9767911200807265,3.754963443058402
ID45399,45399,5,491.0,44.357336037863426,55.898918187964846,0.0,0.0,0,12.527041705391133,1,,788.5853658536586,797.0,363.0,1123.0,387984.0,138.79963591453847,0.5878606308465074,4.206804961923265,-0.004848714303147642,0.07580968318241832,14.179714388697636,11.144299600189534,3.0143271717000566,1.2723737603443896,492.99999999999994,83.66733404835317,0.8850033636926029,0.9685658153241651,3.768187211588558
ID45656,45656,5,484.0,45.01863354037267,54.5855762594893,0.0,21.0,21,12.39934171747722,1,,798.5613305613306,800.0,334.0,1163.0,384108.0,139.0011573748912,0.598955337615561,4.304056481115159,-0.26814719392937447,0.27939365398247135,14.371442306832803,11.167596714348347,0.14897103652345267,1.2868876513393515,483.0000000000001,82.46391989352247,0.8925427873276519,0.9797160243407709,3.75223827865501
ID46104,46104,5,499.0,42.8728813559322,54.09621136590229,0.0,38.0,38,12.634571932644613,1,,796.9800399201597,804.0,426.0,1165.0,399287.0,137.71086958115694,0.6058937574364102,4.367057275163118,-0.03896326783734366,0.02866993156747614,14.623614401970425,11.198363512432248,0.22428854408609264,1.305870664560542,501.5000000000001,83.33583120286092,0.9074386195526365,0.9842983316977432,3.721313880011032
ID45210,45210,5,478.0,41.77568134171908,56.293501048218026,0.0,9.0,9,12.322086499845234,1,,792.5669456066946,790.0,434.0,1100.0,378847.0,138.96070782100398,0.5957866658016403,4.258825847949831,0.2041971222638593,0.2810082976550844,14.411459235792416,11.064869918390489,0.20221916361421233,1.302451754253314,477.0,81.69060603871819,0.8982226600829593,0.9804727646454267,3.740355904929504
ID45916,45916,5,508.0,43.84086444007858,54.152259332023576,0.0,32.0,32,12.728697186576067,1,,777.4970530451866,788.0,437.0,1104.0,395746.0,143.9969190231123,0.5958265054869637,4.031899443631289,-0.1428482745683734,0.09743517349750073,14.27348628956253,11.639841096346132,0.19211601596819938,1.2262612669208284,509.00000000000006,84.89932803255162,0.887399420179288,0.9676806083650187,3.7630965545071815
ID45981,45981,5,510.0,43.232943469785575,55.119233268356076,0.0,36.0,36,12.778613837669743,1,,781.1095890410959,789.0,393.0,1085.0,399147.0,137.45132374068305,0.5996315705313554,4.260470492198495,-0.06239031934480707,0.023199100345113265,14.528528471226934,11.29592660576609,0.3566991100645739,1.286174120838457,513.0000000000001,84.81321775526061,0.8961901131370915,0.981818181818182,3.7445950407882047
ID45726,45726,5,502.0,43.583664021164026,55.38955026455026,0.0,24.0,24,12.666024736934256,1,,780.8554455445544,774.0,338.0,1113.0,394332.0,153.02853017223975,0.597886417176594,3.818572268311575,0.028047403611833957,0.06629848465858441,14.78454296642958,11.295599064721774,0.16519888857756038,1.3088763935154548,504.00000000000006,83.70809829822184,0.9038689116759472,0.9805447470817121,3.728655051551678
ID46051,46051,5,506.0,43.23477406679764,53.92403405370006,0.0,37.0,37,12.728697186576067,1,,783.9468503937007,795.0,413.0,1054.0,398245.0,131.91529142729587,0.5992008409688522,4.453391529709745,-0.06982302977701114,-0.07790311703704492,14.5482106466826,11.622588505816156,0.19537602530082326,1.2517186373244145,509.00000000000006,84.05726135601572,0.9052680101555435,0.9835748792270532,3.7257726052773052
ID45861,45861,5,482.0,43.88169257340242,53.93350604490501,0.0,31.0,31,12.392922176939505,1,,810.5258799171843,823.0,431.0,1192.0,391484.0,157.8756958011301,0.6067367395941194,3.877369354828658,0.1057221085035823,0.2851441710458178,14.02290685392915,11.491637626041483,0.39635326781352465,1.2202705402188716,482.49999999999994,83.31080091638376,0.8735837813138014,0.976720647773279,3.792736321826257
ID45991,45991,5,488.0,43.98626653102747,55.57019328585962,0.0,35.0,35,12.50796982165104,1,,799.7322515212982,799.0,429.0,1134.0,394268.0,140.08271842893637,0.6042453077992223,4.300634693786694,-0.0030206964667926356,0.030716262947891378,14.433273895269958,11.38581738377292,0.3010694066766857,1.2676537317241954,491.5,82.17144805343739,0.914727015142976,0.9849699398797594,3.706458819283066
ID45289,45289,5,486.0,41.81833674164963,54.604976141785954,0.0,4.0,4,12.476118560829473,1,,790.2397540983607,793.0,465.0,1134.0,385637.0,127.03058653466032,0.5804618344139125,4.569516219375648,0.1326462493981358,0.2963065392925618,14.700706713987584,11.081578946851408,0.19490848061601374,1.3265895396760652,489.00000000000006,81.75677829026212,0.9193294752025779,0.9949135300101731,3.6971693135883865
ID45481,45481,5,511.0,42.671746968207145,52.9782038675844,0.0,13.0,13,12.722443834596305,1,,765.0452755905512,768.0,319.0,1123.0,388643.0,130.01022535010324,0.5878022095762993,4.356868322687255,-0.0448608762001236,0.06177026425982483,14.243071978397628,11.456749222392396,0.14160904841214395,1.243203608800245,508.4999999999999,85.33227878530596,0.8775545739477987,0.9741379310344825,3.7841458336915856
ID45228,45228,5,468.0,41.699928850942726,55.66435432230523,0.0,3.0,3,12.211805013064446,1,,800.0107066381156,802.0,473.0,1152.0,373605.0,123.11334101106718,0.588714390582891,4.8159226188662485,-0.09423149030043333,0.012553080714432605,14.21771238900529,10.657312505536172,0.12722131557776037,1.3340804618068196,468.49999999999994,81.67738345065482,0.8825022595869432,0.9811518324607329,3.7735231528014372
ID46060,46060,5,515.0,44.32491909385113,55.871521035598704,0.0,40.0,40,12.80349918517013,1,,782.6743737957611,780.0,355.0,1113.0,406208.0,140.7990158873578,0.6001593765149454,4.169796358292662,0.2695698759155298,0.47503276772096875,14.562045013799937,12.067501625713295,0.20697721420381646,1.2067158112306609,515.0,83.4852569992051,0.9285333700116949,0.9942084942084944,3.6787999669117846
ID46125,46125,5,464.0,43.9183710082526,56.54628632938644,0.0,1.0,1,12.159561757414236,1,,809.2678185745141,815.0,461.0,1164.0,374691.0,131.53736972096516,0.592725020785598,4.579157389662409,0.016847677473550104,-0.026894446240753687,13.852222833005513,10.754250413787453,0.04854383042100552,1.288069581794963,464.50000000000006,80.1835575492543,0.9078726656297803,0.9789251844046366,3.7204242096560125
ID45741,45741,5,496.0,43.1353019686353,54.48031364698031,0.0,29.0,29,12.609353201048954,1,,791.25,798.0,407.0,1166.0,392460.0,157.3357280249191,0.6030938981080037,3.7839234164325233,-0.02053600471195816,0.06647795354172374,14.162070019946126,11.549136250068404,0.1999979554077247,1.2262449514232934,499.5000000000001,82.6003571699626,0.9199866092938281,0.9823008849557524,3.6958486584974364
ID45679,45679,5,490.0,44.87723741979061,54.543566362715296,0.0,22.0,22,12.533392550770152,1,,792.760649087221,800.0,323.0,1206.0,390831.0,156.70213936280092,0.6008118795662192,3.797478880387288,0.06406081985221639,0.26470138969535434,14.348966101938972,11.402396375237341,0.29640416721063034,1.2584167073073091,493.50000000000006,83.2939574226337,0.893861080027077,0.9762611275964392,3.749470301832411
ID45872,45872,5,491.0,43.744107744107744,53.17407407407408,0.0,30.0,30,12.552425807826006,1,,796.7418699186992,806.0,393.0,1207.0,391997.0,146.6277427499669,0.6017899005530252,4.082919630662276,-0.0730450043626436,0.14284152643119447,13.888478325036049,11.609298094723565,0.2343872546382606,1.196323689142617,494.99999999999994,81.77091554330683,0.9302878358382668,0.9850746268656714,3.6753293341860567
ID45617,45617,5,520.0,41.72426589222329,53.00758309131978,0.0,14.0,14,12.822131500414736,1,,763.0253411306043,765.0,308.0,1139.0,391432.0,131.83249219065024,0.5875706458262396,4.284237378507639,0.005573360890374089,0.1427407783436585,14.819894660583056,11.592489230491068,0.09405928052429258,1.2784048676623418,516.4999999999999,84.9417742340345,0.899575323338697,0.9763705103969752,3.737542718958807
ID45491,45491,5,500.0,44.50768973587429,55.084754262788366,0.0,19.0,19,12.59672490223628,1,,780.672,787.0,406.0,1087.0,390336.0,133.67276923318727,0.595660928178879,4.360277767112817,-0.010022070973483557,-0.046042418370203196,14.408350847766522,11.203725628925225,0.2066288435115363,1.2860321044071048,498.5,83.41433695740854,0.9003132103154066,0.9812992125984252,3.736010780195554
ID46003,46003,5,508.0,42.3929512516469,54.188405797101446,0.0,39.0,39,12.69113085619237,1,,789.9665354330708,795.0,443.0,1181.0,401303.0,144.08704929096658,0.6054830960797889,4.1353286261918045,-0.10029582018803787,0.008819415596581275,14.53239000612408,11.544633689085048,0.1784116709827694,1.258800443349175,506.0,83.35706710956033,0.9151146951584656,0.9815712900096993,3.705673632335003
ID45748,45748,5,522.0,41.53887826641172,56.09305289993627,0.0,27.0,27,12.902560616952066,1,,767.299424184261,767.0,384.0,1140.0,399763.0,149.42010529059476,0.5965000216113542,3.837314235930443,0.07547275782702917,0.22792289703697743,14.749362338574102,11.52236665066647,0.21775669205683124,1.2800636176354427,522.9999999999999,85.62312707931177,0.8964568357631502,0.9748369058713884,3.7440379350331705
ID45239,45239,5,500.0,42.13989290495315,54.34571619812584,0.0,6.0,6,12.590406002966219,1,,773.6325301204819,775.0,336.0,1119.0,385269.0,138.74958809018233,0.5896589400433458,4.136470645507308,0.23266345687243525,0.2244237460100507,14.972265167486256,11.151073794116316,0.2981210160122759,1.3426747454030956,498.0000000000001,83.1105572720347,0.9059971219862191,0.9861386138613865,3.7242731238916518
ID45497,45497,5,505.0,43.08994708994709,55.333664021164026,0.0,17.0,17,12.666024736934256,1,,777.2579365079365,780.0,399.0,1080.0,391738.0,136.57461398589274,0.5912453514955133,4.22917611239285,0.037905171759955836,0.13702355240054326,14.283157465462676,11.56949746956394,0.18573032557794,1.2345529702597373,503.99999999999994,83.52301211180232,0.9078792797458997,0.9748549323017407,3.720410657544459
ID45498,45498,5,497.0,43.302305866395386,54.80247541539505,0.0,16.0,16,12.50796982165104,1,,789.2795918367347,788.0,460.0,1115.0,386747.0,138.47882827791284,0.5952783519357775,4.253643673635023,-0.10290505653705137,0.04912305424662961,14.374165734015234,11.147180736138026,0.15209932275083582,1.2894888917890828,491.5,82.83733704520711,0.9000800331006862,0.9800598205383848,3.7364946794835987
ID45755,45755,5,504.0,41.31569403231124,57.08489943949885,0.0,26.0,26,12.684858984864835,1,,782.218253968254,784.0,332.0,1141.0,394238.0,157.10864149603805,0.5991487446462175,3.7308145434409266,-0.03437697104566923,0.09734162723313522,14.627243670944212,11.334265572154173,0.10899686866461611,1.2905329928813536,505.4999999999999,84.27175391010546,0.8944724286799879,0.9730510105871025,3.748188750076832
ID45436,45436,5,494.0,44.26118904475618,54.42585170340681,0.0,11.0,11,12.603040633343667,1,,780.0321285140562,781.0,314.0,1128.0,388456.0,143.08563859352856,0.5935290869714478,4.060957577664055,0.20583213851174723,0.15107055298743452,14.456326410884575,11.439009484674871,0.21332516857968922,1.2637743180694168,499.0,83.08033010160659,0.9084770963409357,0.9890981169474727,3.719186361823212
ID45501,45501,5,509.0,42.385939036381515,53.401999344477225,0.0,15.0,15,12.722443834596305,1,,770.2946954813359,772.0,363.0,1124.0,392080.0,141.42267715447545,0.5940553169443641,4.059675751630211,0.09291025748533611,0.02875985872184418,14.382167180048976,11.503019579609509,0.10736544312572358,1.2502949404296506,508.49999999999994,83.70008010581302,0.912113899731515,0.9826086956521736,3.7117643395995317
ID45246,45246,5,504.0,41.06982872200263,56.05961791831357,0.0,8.0,8,12.691130856192371,1,,767.4181459566075,774.0,339.0,1088.0,389081.0,138.13782251792762,0.590825482856039,4.126540703236874,0.005012596568599953,-0.07614348217313911,14.729082815116582,11.245344531404552,0.15466431488685983,1.3097938239226992,506.00000000000006,85.04099389031293,0.8792324866569412,0.9758919961427193,3.7805333087439155
ID45758,45758,5,489.0,42.25695858791582,55.6500339443313,0.0,28.0,28,12.501606061472314,1,,795.120654396728,798.0,400.0,1163.0,388814.0,158.9433338127313,0.599383313074687,3.749495183411609,0.1260691370207728,0.14778926447189422,14.05907652761596,11.589858126415798,0.17055439709259476,1.2130499247072126,491.0000000000002,83.42738406293029,0.8864905367811231,0.9713155291790312,3.7650251367303174
ID45314,45314,6,831.0,267.1730615507594,200.80795363709035,0.0,6.0,6,16.293263794503588,1,,3661.249101796407,3861.0,461.0,6350.0,3057143.0,1168.8538033703226,0.7858907594448356,2.7568070558750124,-0.07252195303787255,-0.021380583031460485,17.475859343380748,15.361058525698434,0.8733079968570294,1.1376728572542274,834.0000000000002,105.56151601003127,0.9405127281678515,0.9840707964601773,3.655296354832257
ID45570,45570,6,779.0,265.4133673903789,204.12239250745,0.0,19.0,19,15.78723031066273,1,,4107.628826530612,4270.0,747.0,7033.0,3220381.0,1256.3471930408853,0.7573879568040067,2.818138052325894,0.0977930811144697,-0.13998292831888842,17.349768150834738,14.745197321787415,0.5015344375771533,1.1766385876165133,782.9999999999999,102.37106160904649,0.9388954015549732,0.9886363636363635,3.6584432785236967
ID46082,46082,6,701.0,252.80525814894125,210.1671425172496,0.0,37.0,37,14.932383442429591,1,,4823.598571428572,5009.0,934.0,7386.0,3376519.0,1254.1486429430738,0.6440595838842976,3.013426720589862,-0.29937380458201396,0.012536793907443321,18.027468957231758,12.917621961285448,0.6630530278944655,1.3955718019354255,700.5000000000001,100.22612531402741,0.8763066782906671,0.9742698191933242,3.7868392624349787
ID46146,46146,6,715.0,252.63692946058092,210.83679114799446,0.0,38.0,38,15.17030150362479,1,,4763.452908587257,4955.0,756.0,7405.0,3439213.0,1284.8283677879035,0.6420348248625514,2.8992320490336763,-0.21487571634087774,0.2550903176051407,18.134149300339697,13.214434499091805,0.66337615930984,1.3722985498612152,722.9999999999998,101.86709624409187,0.8755487010785886,0.9730820995962312,3.7884780729928775
ID46084,46084,6,726.0,252.66735442457588,210.70541036221917,0.0,40.0,40,15.212208493694,1,,4725.10635359116,4860.0,1032.0,7463.0,3420977.0,1229.8636571706984,0.6445539032764692,3.011589300486772,-0.33125101184894035,0.23221307489019333,18.371840188704468,13.299245694818746,0.6379777327409908,1.381419714342292,727.0000000000002,101.72720452940813,0.8828157129855908,0.9758389261744971,3.772853177940324
ID45448,45448,6,770.0,268.37771975630983,203.96496953872932,0.0,11.0,11,15.614908671419874,1,,4055.118798955614,4260.0,534.0,6693.0,3106221.0,1310.8516187046175,0.8083434244171654,2.7656361376736367,-0.02971955997674889,-0.05952642077961873,17.238021254680657,14.311779127292414,0.7593761442478306,1.2044638965820769,765.9999999999998,102.67889229750693,0.9130115760236598,0.9814221652786672,3.7099391807847
ID46026,46026,6,715.0,253.11033193080877,210.34385226741466,0.0,35.0,35,15.065024024177417,1,,4722.408707865168,4914.0,1077.0,7540.0,3362355.0,1258.4596047332802,0.6435901260427762,2.938800709202773,-0.1393207953199375,0.11810699210665013,17.544395582772356,13.47029362119331,0.5682175497328474,1.3024508653003013,712.9999999999999,99.65835808483409,0.9021358434927909,0.9800687285223366,3.7322348410928465
ID45515,45515,6,798.0,267.54257983719475,205.83333333333331,0.0,13.0,13,15.9427238613029,1,,3912.5306633291616,4026.0,727.0,6790.0,3126112.0,1079.127882233598,0.7299591105020142,3.059690732657445,-0.024746867011137163,-0.05625051537590878,17.359360759087004,14.911273504194977,0.7147329683042837,1.164176939964471,798.4999999999999,103.34498049599692,0.9395199560183533,0.9870210135970331,3.657227084595725
ID45580,45580,6,779.0,266.0567741935484,204.43032258064517,0.0,17.0,17,15.706373285785544,1,,4136.6442432082795,4315.0,688.0,6768.0,3197626.0,1263.9203430738262,0.7555382819777405,2.8171153775263273,-0.015335647951081045,0.11690066044678474,17.095731814193055,14.68987979647634,0.4208608114853163,1.163776154131214,775.0,103.40469537673529,0.9108168311588457,0.9785353535353535,3.714406308825039
ID46157,46157,6,830.0,269.96762878332333,196.065644417719,0.0,1.0,1,16.26882510698981,1,,3626.2726176115802,3789.0,723.0,6515.0,3006180.0,982.3830610968284,0.8400519612502672,3.370432575577924,0.19499344859353546,0.04714904177114794,17.46968110552433,15.640633451605412,0.711929165793882,1.1169420445519858,831.5000000000001,106.21551909139845,0.9261816361052632,0.9828605200945626,3.6834675576380813
ID45325,45325,6,791.0,267.2793307920373,202.97649301143582,0.0,8.0,8,15.827503922812443,1,,3864.3941698352346,4013.0,536.0,6650.0,3049007.0,1177.4601949436026,0.7999579997559366,2.9172254516009968,-0.04864081329859884,-0.020316333614013374,17.155708072830524,14.79074667483706,0.7154878057436406,1.1598946591396149,787.0000000000001,103.85679717520715,0.916884742215237,0.9776397515527953,3.702095000742984
ID45582,45582,6,790.0,265.9225173940544,204.68701243938438,0.0,18.0,18,15.862659456354935,1,,4087.208121827411,4239.0,697.0,6785.0,3220720.0,1320.423645903375,0.7457594386267954,2.644586735100811,-0.02815308843960913,0.031013838635903766,17.442654995733474,14.635474852368255,0.5168460915261012,1.1918065639606474,790.5000000000002,103.50875536621544,0.9271661453004485,0.9795539033457252,3.681511397523945
ID45902,45902,6,736.0,253.14287332880127,209.67901654203487,0.0,30.0,30,15.300879755366294,1,,4533.047489823609,4694.0,872.0,7571.0,3340856.0,1290.3670101329628,0.6568235197093739,2.7853479653179427,-0.059149412076314786,0.13715240503000847,17.45384343008113,13.915807075414088,0.6022699023567758,1.2542458612348764,735.5000000000001,100.9850077963294,0.906314095436242,0.9793608521970706,3.7236218050269927
ID45583,45583,6,795.0,267.1269941225861,205.3832913518052,0.0,16.0,16,15.897737248738569,1,,4003.6372795969774,4156.0,725.0,6705.0,3178888.0,1197.2515590963094,0.7350193956059679,2.833307910517523,-0.05742162710274311,-0.11702444618288312,17.34148849229377,14.988936072519943,0.5591017014631978,1.1569525954605206,793.9999999999999,102.9601934204684,0.9412211269551848,0.9875621890547264,3.6539205384401274
ID45329,45329,6,804.0,268.0103135313531,200.52289603960395,0.0,5.0,5,16.03728119216293,1,,3737.085396039604,3897.0,410.0,6332.0,3019565.0,1112.6725048204821,0.8086146684245257,3.003248216195354,0.019968179274147773,0.010721485920861803,17.151307106982838,15.216337928194376,0.8852565453689745,1.1271639199865005,808.0,104.38551698634286,0.9318386759148944,0.9823708206686929,3.6722696728496507
ID45649,45649,6,846.0,267.7513757861635,206.56112421383648,0.0,14.0,14,16.429448666460313,1,,3748.3167848699763,3873.0,469.0,6452.0,3171076.0,1156.7989904310566,0.7072200022319033,2.6845619309962867,-0.05585497900916672,-0.0532529503065068,17.905490101868605,15.397622865321026,0.6584588884428196,1.1628736629337681,848.0000000000003,106.96914182110304,0.9312980488072051,0.9849012775842048,3.6733354114135013
ID45969,45969,6,723.0,253.1689655172414,209.9829885057471,0.0,34.0,34,15.19126944936625,1,,4676.544827586207,4876.0,732.0,7267.0,3390495.0,1300.7365305140304,0.6440294551001086,2.8168381648090985,-0.07374300258332077,0.2752454479303927,17.44329242773619,13.769924108578694,0.5206275017423636,1.2667675065012869,725.0000000000002,100.6344384522792,0.8996107066297363,0.977088948787062,3.737469216130739
ID45266,45266,6,834.0,268.3547162270184,198.39128697042366,0.0,3.0,3,16.293263794503588,1,,3621.308153477218,3778.0,544.0,6392.0,3020171.0,1064.7371755821691,0.7918668682699408,3.0060727956488704,-0.03614303637987688,-0.0579324487710896,17.2187648631633,15.767688992361153,1.0580955237092518,1.0920284431983114,834.0,104.7228048149251,0.9556379404417947,0.9922665080309342,3.626254161331197
ID45587,45587,6,819.0,267.3168699186992,205.76869918699188,0.0,15.0,15,16.155931006002355,1,,3866.21071863581,3977.0,712.0,6287.0,3174159.0,1122.5717829976538,0.7097656824002277,2.859432149963537,-0.01572776071690511,-0.14714514445066051,17.655965627154533,15.227885065280033,0.6375378892699101,1.1594496249128243,819.9999999999999,105.67986206003378,0.9226547903950855,0.9820359281437122,3.6905008657738816
ID45716,45716,6,748.0,261.056597454789,206.33701719133737,0.0,23.0,23,15.414873662673976,1,,4385.923898531375,4596.0,887.0,7323.0,3285057.0,1356.6145878335333,0.6962360813236413,2.654023926877622,-0.05886264523139472,-0.13663404042915606,17.451073911898952,14.060072472609404,0.5324527477332368,1.2411795135406023,746.5000000000001,101.32450147363367,0.9137149373508803,0.9828834759710338,3.708510983649342
ID45333,45333,6,825.0,269.430110775428,196.8764350453172,0.0,2.0,2,16.229646663346887,1,,3630.9504830917876,3801.0,580.0,6321.0,3006427.0,1028.9314510887843,0.817172472255397,3.1738139059532617,-5.447201443344004E-4,0.005456202124645202,17.065902561935445,15.61337144670007,0.8649335635617195,1.0930312277648637,827.5000000000001,104.8542576569978,0.9458139749574873,0.986881335718545,3.6450380706261902
ID46039,46039,6,719.0,252.79773462783172,210.75913083680075,0.0,39.0,39,15.149304536463482,1,,4750.559888579387,4913.0,881.0,7521.0,3410902.0,1283.888829181507,0.6406738738192816,2.88976232488708,-0.2341490701853748,0.09557442841541952,18.300750735077493,13.086746156051051,0.653976678380947,1.398418714388801,720.9999999999999,100.0945738389917,0.9043240045926896,0.9836289222373806,3.7277167274369156
ID45597,45597,6,793.0,264.44043887147336,204.35015673981192,0.0,20.0,20,15.932737813432226,1,,4077.1614518147685,4165.0,666.0,6792.0,3257652.0,1308.887750371887,0.7324506659110557,2.6339225700146383,-0.13893856928581122,-0.1042228802857343,17.77057495358217,14.656692857614233,0.545466050101771,1.2124546189388323,797.5000000000002,105.39557608325421,0.9021853939266617,0.9785276073619633,3.7321323475276302
ID45471,45471,6,767.0,267.60675381263616,204.47429193899782,0.0,12.0,12,15.604712843580296,1,,4068.563968668407,4229.0,711.0,7106.0,3116520.0,1208.7615951633622,0.7882720175813581,2.9673790102638273,-0.029000453734589864,-0.0406708839974065,17.348441218789276,14.387125871642665,0.6089641440361937,1.2058309195016794,765.0,102.09102671693786,0.9223508582402622,0.9832904884318765,3.691108860813665
ID45347,45347,6,809.0,267.29506172839507,201.79876543209878,0.0,7.0,7,16.05711704537494,1,,3777.716934487021,3945.0,461.0,6445.0,3056173.0,1166.60610413305,0.8016772491777875,2.8817594671335565,-0.060412946026125285,0.14519326297384108,17.21209157187299,15.23404699625706,0.9208340673452445,1.1298436703065131,810.0,104.8601494464358,0.9257078322500275,0.9842041312272175,3.6844100892931286
ID45221,45221,6,780.0,267.7502676086491,203.2538000428174,0.0,9.0,9,15.741799337880057,1,,3934.0590500641847,4103.0,655.0,6667.0,3064632.0,1182.9509272372786,0.7996554032365399,2.955409482728751,0.10570298142189156,-0.044612050389931886,17.136654438882573,14.837048351553744,0.7139964436032361,1.1549908063141152,778.4999999999999,102.17120896200481,0.9371549778347447,0.9835754895767531,3.6618388150923518
ID45925,45925,6,701.0,253.46466431095408,210.13698468786808,0.0,33.0,33,15.006806604838749,1,,4781.514767932489,5020.0,1059.0,7458.0,3399657.0,1328.3403727615762,0.6693249943257539,2.886571182250128,-0.004064404516545027,0.03303195076714222,17.254225202396857,13.471715331685301,0.6201618723179882,1.2807741833599424,707.5,99.14064763991368,0.9045504728090699,0.9805959805959806,3.727250052425046
ID45798,45798,6,728.0,253.50161141804787,210.13420810313073,0.0,29.0,29,15.180789096653191,1,,4566.879668049793,4746.0,1070.0,7496.0,3301854.0,1293.306827172917,0.6688282109998497,2.8304203927797427,-0.01604167950653435,-0.06958074264805163,17.446025516511188,13.608754625475578,0.5555062986068131,1.281970760487682,723.9999999999999,101.20278611546186,0.8883078348781236,0.9659773182121414,3.76117192517634
ID45671,45671,6,776.0,263.54402920962195,204.73732817869416,0.0,21.0,21,15.716503163191916,1,,4203.521345407503,4378.0,722.0,6889.0,3249322.0,1289.6806945554656,0.7238397794145297,2.7372004465246538,0.008802806068828094,-0.09901233243741206,17.53636775985985,14.54554457023495,0.5171477140075361,1.2056178216761388,775.9999999999999,103.89197377422973,0.9034572156911717,0.9797979797979793,3.7295045093054155
ID45738,45738,6,754.0,259.4377630121816,206.83820598006645,0.0,24.0,24,15.476698270409694,1,,4379.206117021276,4638.0,916.0,7127.0,3293163.0,1340.3429450909973,0.6814180705610169,2.6481792939127864,-0.025033387413487915,-0.045255008040510074,17.429978806562033,13.97527701041783,0.5278042053165886,1.2472009530522297,752.4999999999998,101.7736429993936,0.9129473397314768,0.984947643979057,3.710069696825969
ID45424,45424,6,834.0,270.6639833035182,195.4461339693898,0.0,0.0,0,16.33716130682159,1,,3621.866666666667,3798.0,576.0,6272.0,3042368.0,1000.1733682057414,0.8393308541502161,3.304916565428346,0.12104406277758825,-0.1292833533854833,17.139442073519298,15.932540978056325,0.7734858229321261,1.0757506977151492,838.5,105.51648090263569,0.9463947748892219,0.987051206592113,3.6439194239347747
ID46001,46001,6,717.0,253.01593393812513,210.23993952081878,0.0,36.0,36,15.101954623514336,1,,4724.041958041958,4932.0,653.0,7809.0,3377690.0,1329.9670762869903,0.6453641441995444,2.786414078603783,-0.23048046444844927,-0.12920102002285772,18.042871774733968,13.145342408481003,0.6411923073111724,1.372567652790331,716.5,99.98299665440892,0.9006867222308899,0.9781569965870308,3.735236043980432
ID46129,46129,6,710.0,252.87397804251344,210.76862882504088,0.0,41.0,41,15.070305364926572,1,,4793.865277777778,4920.0,944.0,7695.0,3451583.0,1220.9778588308382,0.6469135133398786,3.0844906785624358,-0.4062334540665045,0.1290303795755355,18.4648887514513,13.13756701686212,0.6668828064118093,1.4055029160080814,713.5,101.25078971407545,0.8745950258898945,0.9902845246356696,3.7905430248024707
ID45364,45364,6,762.0,268.1044124071647,203.543250327654,0.0,10.0,10,15.5843011764478,1,,4050.7065789473686,4184.0,662.0,6512.0,3078537.0,1172.8628193891816,0.8090750009328802,3.089198192539964,-0.057252763125717476,-0.04418067591745087,17.096140225077047,14.556461408670339,0.6868108881562847,1.1744708926919551,763.0000000000001,102.12480381324906,0.9193310564092183,0.9826142949130716,3.697166134107424
ID45813,45813,6,692.0,255.82389937106916,208.02249637155296,0.0,27.0,27,14.80930489863153,1,,4789.7136627906975,5077.0,889.0,8901.0,3295323.0,1413.761189010028,0.6784636481084534,2.7389123564958107,0.03355191638749117,0.1462460594172068,17.00977222539023,13.296485414784538,0.4530298620560444,1.2792682949493435,689.0000000000001,96.76424943125139,0.9246965160744085,0.9920806335493161,3.6864243097576916
ID45877,45877,6,755.0,253.28939192188196,210.28584110075454,0.0,31.0,31,15.461265295053533,1,,4510.56,4735.0,713.0,7203.0,3382920.0,1392.5307132878372,0.6618319108119105,2.579979685368276,-0.1181621620228475,0.08714209990245347,17.402168443558867,14.172257346425589,0.6279448008515087,1.2279037854155181,751.0,103.4815511275527,0.8813003471675831,0.9690322580645163,3.7760954308317927
ID45366,45366,6,803.0,268.2381396312409,199.46001657344107,0.0,4.0,4,16.002509285573296,1,,3764.521144278607,3906.0,565.0,6483.0,3026675.0,1052.6408411817017,0.8008437038098237,3.1807626574669947,0.09958246903380573,0.07892058143502124,17.02840448955994,15.261137610044136,1.027698731784176,1.1158017786532948,804.5,105.57804207866954,0.9069611927395896,0.9816961561928005,3.7222932059694207
ID45816,45816,6,717.0,257.33402971216344,207.18987929433612,0.0,26.0,26,15.117754405994354,1,,4584.093184979138,4888.0,649.0,8375.0,3295963.0,1475.3422806470746,0.6766268485133969,2.507860958056789,-0.06368098982705772,-0.12171378356685969,17.017318665733573,13.673538157075201,0.4975471874090285,1.2445439117693304,718.0,99.63327114206275,0.9089197279200819,0.9795361527967259,3.7182806548869705
ID45945,45945,6,720.0,253.4284722222222,210.19722222222222,0.0,32.0,32,15.138795132120961,1,,4643.097087378641,4840.0,912.0,7496.0,3347673.0,1365.506068787056,0.6761998600130796,2.743426961206119,0.05155563779553663,-0.017052372753629502,17.171354788619716,13.564389211457444,0.7427035913811159,1.265914337972223,720.0,99.77292627156547,0.908901751902894,0.9782608695652173,3.71831742428825
ID45820,45820,6,700.0,254.68542413381124,208.99964157706094,0.0,28.0,28,14.90037400917152,1,,4729.5314285714285,5003.0,907.0,7630.0,3310672.0,1343.726610966463,0.6777573541743723,2.8436901981712257,-0.03342704573951773,-0.04383185372047757,17.317241036589994,13.00306039752058,0.5268200173946389,1.3317819426488275,697.5000000000005,98.01951327791542,0.9122817618769997,0.9796348314606746,3.711422836888623
ID45693,45693,6,785.0,262.61788359788363,205.76920634920634,0.0,22.0,22,15.83253092116782,1,,4150.124523506988,4306.0,678.0,7315.0,3266148.0,1342.3645167854186,0.691471342360444,2.5277271970455386,-0.015960164350848197,-0.039762285491313394,17.548068889765464,14.490141891774433,0.5156566818286923,1.2110349933651727,787.4999999999998,104.29837564535107,0.9097149608604093,0.9794776119402984,3.716655120590012
ID45823,45823,6,735.0,258.0814058956916,206.96326530612245,0.0,25.0,25,15.295678028289107,1,,4495.305291723203,4772.0,787.0,7821.0,3313040.0,1489.2940087310062,0.6737704599959532,2.4301037316134946,-0.03832196102846242,-0.029300884214499542,17.087001896625377,13.873615170448401,0.46301965606377427,1.2316185570017593,734.9999999999999,100.19803202133065,0.9199809186773084,0.9780439121756486,3.695860088965439
ID45316,45316,7,738.0,122.49164408310749,195.9205058717254,0.0,8.0,8,15.326861909850873,1,,569.2321187584346,588.0,197.0,801.0,421801.0,115.4881769751577,0.49005387675114803,3.242079978953972,-0.0536858732528449,-0.005709892775888025,17.258927188835035,13.87878749445597,-0.2613521688157893,1.24354718996377,738.0000000000001,99.43367502687114,0.9379922362395049,0.9892761394101877,3.6602041588159127
ID45572,45572,7,734.0,123.64488766620815,197.0818431911967,0.0,17.0,17,15.212208493693998,1,,584.6515775034294,602.0,230.0,840.0,426211.0,112.6499702514183,0.4974233144914142,3.448082008477004,-0.09167477176406655,-0.03121718614679051,16.965030508004897,14.065724732644536,-0.3549863687152769,1.206125587587498,727.0,99.01639358481624,0.9318157920184166,0.9871011541072643,3.672314765089883
ID45446,45446,7,694.0,124.0471197879007,195.89093757531936,0.0,11.0,11,14.836147960171173,1,,595.8797101449276,609.0,228.0,894.0,411157.0,115.35802170906857,0.5037273967574382,3.460726300444916,0.04177542829963205,0.03185408742460723,16.56645067486278,13.548318790484648,-0.3783142631554041,1.2227680002996273,691.5,95.85035022324492,0.945833387462238,0.9935344827586206,3.645000664629069
ID46022,46022,7,627.0,121.02749003984064,193.77835325365206,0.0,35.0,35,14.132920914670422,1,,650.5095846645368,665.0,264.0,893.0,407219.0,108.24922682396956,0.5366744611429648,4.197473353605318,-0.015580468363190608,-0.015472960192815974,15.785418214184409,12.876571970566962,-0.17244886970099377,1.2259022238423731,627.5,91.73533457203393,0.9370230961680738,0.9850863422291993,3.6620964994635616
ID45576,45576,7,708.0,123.21230298753235,197.82274758880263,0.0,18.0,18,15.017408376987545,1,,594.6558533145275,605.0,264.0,865.0,421611.0,106.0333868924692,0.5071336727361252,3.774189784401008,-0.01982076270611469,0.0031216374387172483,16.823648397347938,13.75497181293158,-0.42996314394745483,1.2230958104567962,708.4999999999999,97.18676027661768,0.9426175216892887,0.9888346127006278,3.6512130742108555
ID45321,45321,7,729.0,123.92231348391513,194.68343600273786,0.0,5.0,5,15.248782635255152,1,,576.4054794520548,595.0,201.0,876.0,420776.0,124.53692539211413,0.4912074696933542,3.0492065834269733,-0.027805828282577383,0.009833789719895755,17.130529102718405,13.700482871169308,-0.26103078393656853,1.2503595138801373,730.4999999999999,99.87823888606262,0.9202129321260184,0.9811954331766285,3.695394140665977
ID45577,45577,7,698.0,124.19893238434163,197.4879003558719,0.0,16.0,16,14.953684998825972,1,,594.3675213675214,607.0,266.0,913.0,417246.0,105.86237923529252,0.504832580901493,3.767060587102863,-0.04100249805507542,0.05317729671107373,16.81468678986952,13.555441411388287,-0.3183852765433727,1.2404381590807552,702.4999999999999,97.27573400267323,0.9329259202560936,0.9915314043754411,3.6701291929433686
ID45897,45897,7,669.0,124.46563832455482,195.96450965638326,0.0,30.0,30,14.543621260508983,1,,624.9550224887556,637.0,307.0,898.0,416845.0,110.04001900124238,0.5203338003063264,3.88750704241747,0.0944833593030104,0.29730504510923234,16.171486188397637,13.607091329263271,-0.07519043545851056,1.1884601783791517,664.5,94.43879367217211,0.936276207848542,0.9903129657228016,3.6635568761222386
ID45258,45258,7,701.0,124.76985259153591,193.28435568235855,0.0,3.0,3,14.937711679331517,1,,590.3929078014185,604.0,201.0,867.0,416227.0,118.97220934889184,0.49559788562093154,3.2888207450318907,0.0296383989154784,0.027280197389125307,16.835384251863253,13.411030675003778,-0.25206703309532497,1.255338583576725,700.9999999999999,97.81878383392593,0.9206262714651928,0.9824807288016817,3.694564475412369
ID45323,45323,7,676.0,124.8994571922033,193.5293609671848,0.0,2.0,2,14.663503268903739,1,,603.1698670605613,612.0,256.0,888.0,408346.0,110.13172227122433,0.5009091832578814,3.6556261958837584,0.0255392522750723,0.02684304445187574,16.274556077132825,13.520684004236164,-0.23134231170148756,1.2036784582816848,675.5000000000001,96.48302050739571,0.9118710652044127,0.9839766933721777,3.71225853476192
ID45581,45581,7,738.0,124.44882246376811,196.72486413043478,0.0,15.0,15,15.306079714651624,1,,581.5557065217391,597.0,207.0,857.0,428025.0,117.63655383138048,0.49728764792222135,3.283835957907141,0.033465343683720096,0.08553891487815303,17.088950560701715,13.946214169462294,-0.3472733142073631,1.2253469187445147,736.0,99.18095433868699,0.9402235236108698,0.9885829415715245,3.655858480251385
ID46159,46159,7,660.0,124.49674674674674,193.71396396396398,0.0,1.0,1,14.560026929865362,1,,610.0432835820895,617.0,246.0,860.0,408729.0,106.59481238815493,0.5032185360387976,3.8316786906097726,-0.06908048756186998,0.03718851291252147,16.338076789329115,13.263718309430104,-0.18605652541535034,1.2317870757035934,666.0,93.89081573343503,0.9493751692847568,0.9918093819806404,3.638195209580953
ID45648,45648,7,722.0,124.9653165735568,196.7062383612663,0.0,14.0,14,15.09668435477122,1,,586.2150837988827,601.0,234.0,871.0,419730.0,111.974690428848,0.4982602762378946,3.48205890411606,0.011451280391800291,-0.033547049329298834,16.536402796112547,14.119757569234757,-0.3305477085435372,1.1711534504064975,716.0,98.73283096748389,0.9229957618887709,0.9835164835164837,3.689819133592126
ID45968,45968,7,651.0,122.05011476664116,194.22022443254272,0.0,34.0,34,14.422742825867317,1,,641.7856049004594,662.0,236.0,916.0,419086.0,122.60972289460372,0.5327728761875482,3.63880980651782,0.08537708011177503,-0.08159126920509636,16.116035645557993,13.274553033610722,-0.19781430067076636,1.214054861565036,653.4999999999999,94.47757025260395,0.9200216018228964,0.9797601199400298,3.695778373016583
ID45715,45715,7,703.0,123.83952380952381,197.66190476190476,0.0,23.0,23,14.927053303604618,1,,603.8871428571429,618.0,248.0,876.0,422721.0,105.76606629095834,0.5084433818999579,3.849045204533795,0.014353460735913965,-0.06128792290920578,16.67274133841408,13.608286326908615,-0.2628378810325549,1.225190368418829,700.0000000000001,97.12807018857481,0.9324346076663513,0.9880028228652084,3.6710959863227908
ID46035,46035,7,586.0,128.6409929078014,182.7141843971631,0.0,39.0,39,13.67505239964283,1,,699.3180272108843,703.0,266.0,1325.0,411199.0,219.49983227675963,0.543429123124127,2.243503467461816,-0.028946594222365764,-0.05763449495558515,16.951073581925336,11.093912841527303,3.108278480169047,1.527961669076145,587.5000000000002,93.8894591875636,0.8374985426602916,0.9591836734693882,3.873583320232038
ID45591,45591,7,702.0,123.6826809015421,196.8914590747331,0.0,20.0,20,14.953684998825974,1,,600.074074074074,614.0,252.0,883.0,421252.0,110.0575530164117,0.5084191724406105,3.675486926603765,0.02366605333375073,-0.025271179753521274,16.44459038822686,13.956329060184423,-0.33390518436684796,1.1782890986098287,702.5,97.63762117657758,0.926023084049992,0.9811452513966479,3.6837828825825714
ID45339,45339,7,735.0,122.75271002710028,195.7186088527552,0.0,7.0,7,15.326861909850871,1,,572.9891598915989,591.0,206.0,816.0,422866.0,114.10259798710658,0.4894719496065582,3.3004742464739336,-0.029645758224235277,0.08299697716310069,17.38627207216448,13.734179834978736,-0.3394448665472967,1.2659126559479332,737.9999999999999,100.25705362756392,0.9226486511392782,0.9866310160427806,3.6905131439532046
ID45469,45469,7,671.0,124.14287484510533,196.17707558859976,0.0,12.0,12,14.63090559256669,1,,602.839762611276,610.0,268.0,873.0,406314.0,102.34610956544847,0.5026453048698901,3.9406303570648555,0.05505859123019868,-0.016703596893789512,16.23474692261093,13.482694078874742,2.8412369068903507,1.2041174284335519,672.5,94.9171284102771,0.938021885365313,0.9896983075791023,3.660146312238536
ID45789,45789,7,689.0,124.66160886319845,197.1197013487476,0.0,29.0,29,14.841510746523863,1,,613.3236994219653,620.0,289.0,861.0,424420.0,106.94586246464164,0.5200781253730774,3.92426596069469,0.04521265742698595,-0.023651444432216395,16.42373843009343,13.584600730629392,-0.22096462957497306,1.2089967718420016,692.0000000000005,95.34276043373484,0.956622331571144,0.9928263988522245,3.624387922637945
ID45921,45921,7,677.0,122.60254527655408,195.4229074889868,0.0,33.0,33,14.723078227434694,1,,622.25,639.0,273.0,901.0,425619.0,120.70057970629158,0.5265540602701375,3.5564468465933614,0.034327478345661334,-0.04161362229306763,16.476453941620395,13.33502801791151,2.8948623141155876,1.2355770021247308,681.0000000000002,97.54609098329522,0.8993675943838261,0.979856115107914,3.7379743283593165
ID45220,45220,7,716.0,122.47400185701021,195.91318477251625,0.0,9.0,9,15.117754405994356,1,,580.5,596.0,243.0,847.0,417960.0,110.51988663019449,0.49560440806804673,3.4810496124894215,0.010751748270680709,-0.01738413087055712,16.884525813988354,13.805264206319952,-0.3192632948518107,1.22304981358189,718.0000000000001,98.85151096677765,0.9233528293400969,0.9855868222374743,3.6891056242651312
ID45669,45669,7,723.0,124.23231268847135,197.3728833217351,0.0,21.0,21,15.123017331969622,1,,591.8523676880222,603.0,260.0,865.0,424950.0,106.6624150410621,0.5057478867027613,3.727466823535141,0.031604784002637165,0.014533363070171383,16.58279389787936,13.927145932278608,-0.3227243360234545,1.190681420192907,718.5,98.99015134688871,0.9214094455831713,0.9748982360922659,3.692993999660827
ID45351,45351,7,671.0,123.74377004687886,195.79632371083147,0.0,10.0,10,14.663503268903737,1,,602.1451851851851,616.0,246.0,859.0,406448.0,106.44343290816838,0.5032408686432078,3.787561296685738,-0.06480614167984139,0.14573339979882285,16.005692108136653,13.89938667255889,-0.362767047821163,1.1515394517181232,675.4999999999999,94.90688427898439,0.9424097817619104,0.9890190336749634,3.6516154792781954
ID45737,45737,7,706.0,123.82580037664785,197.57297551789077,0.0,24.0,24,15.012108426804138,1,,597.318309859155,619.0,229.0,875.0,424096.0,122.48568070347355,0.5080220384518462,3.285680781433345,-0.06847219586563859,0.14847393160608116,16.69649483004141,13.83440174197978,-0.2680090775172559,1.2068823170991743,708.0,98.35783339464543,0.9196555888773051,0.9812889812889815,3.6965137397024614
ID45998,45998,7,639.0,120.50518806744486,191.6714656290532,0.0,36.0,36,14.30084269800509,1,,648.5981308411215,664.0,274.0,888.0,416400.0,112.19794129493727,0.5387700482404035,4.048093360615221,0.1215618302807742,0.04484319606813795,15.91141107123109,13.17431883071394,3.008503412419768,1.2077596781805546,642.5,92.8328858754537,0.9368699151386467,0.9861857252494244,3.6623958690850267
ID45423,45423,7,741.0,125.38582323912068,192.37640197397934,0.0,0.0,0,15.378694529593743,1,,579.7456258411844,608.0,181.0,867.0,430751.0,139.15409114572586,0.4875227393802421,2.7308809056164876,-0.05606139056193966,0.03212030056136304,17.513948202779268,13.889612524782558,-0.12875727457130728,1.260938573450482,743.0000000000001,101.47691294663308,0.9067011860609404,0.9854111405835544,3.722826872261521
ID45359,45359,7,693.0,124.16978866474543,193.8436599423631,0.0,4.0,4,14.862942542160038,1,,600.364418938307,613.0,250.0,855.0,418454.0,110.82794108559686,0.4896002720135555,3.5609640029986873,0.023053272377053985,-0.01328381197183649,16.48515849610123,13.568835358604353,-0.29270184836944446,1.2149280362258623,693.9999999999999,96.32907715999731,0.9398413204495096,0.9843971631205672,3.656601764574955
ID45807,45807,7,760.0,124.96455306032585,197.17745486569794,0.0,27.0,27,15.522905135351742,1,,581.3509234828496,602.0,195.0,851.0,440664.0,124.92447734041626,0.5049534642127952,3.122835489351767,-0.007801397496161309,-0.029753076581230595,17.182368859230422,14.162687461154578,-0.1818980280963949,1.2132138696386705,756.9999999999999,102.40632540697209,0.9070937566951133,0.9730077120822619,3.722021205453073
ID45811,45811,7,726.0,124.89931034482758,197.28321839080462,0.0,26.0,26,15.19126944936625,1,,592.8443526170798,605.0,214.0,853.0,430405.0,109.06363477407136,0.5081818031933468,3.6631620292884106,-0.04375719448958021,0.09717313625827224,17.015951821200645,13.916856138967175,-0.19004413260921835,1.2226864782740698,725.0000000000002,99.36513198510477,0.9227410533970432,0.9870660313138192,3.690328357396284
ID45875,45875,7,665.0,123.96329813976874,196.95173453996983,0.0,31.0,31,14.52719706412263,1,,630.1533834586467,644.0,255.0,883.0,419052.0,114.76526826322048,0.5242667522644169,3.7770882480379897,0.02451417826591627,-0.11210169665113433,16.009587172812342,13.489988389914487,-0.03237994144365415,1.1867754597017728,662.9999999999999,94.39927276543943,0.9349450686029954,0.9851411589895989,3.666163964986518
ID45815,45815,7,750.0,124.65643079661771,197.35313751668892,0.0,28.0,28,15.440663999700897,1,,585.9986648865154,609.0,208.0,858.0,438913.0,120.21994659669588,0.5077772552659003,3.2831153943987323,0.026754597437475484,-0.10982497116004851,16.890421896952244,14.312997472424364,-0.2761154058716442,1.1800757968059161,749.0000000000002,103.13335386068597,0.8848983790236172,0.9816513761467893,3.7684107345170483
ID45943,45943,7,601.0,123.50276854928019,195.9354928017719,0.0,32.0,32,13.842779759955802,1,,656.7537437603993,664.0,349.0,874.0,394709.0,95.00659235088672,0.5297063951832434,4.787468675362609,0.10357304902949876,0.05055108327435047,15.4963702448939,12.579256180299137,-0.1668010985683295,1.2318987722949286,602.0,90.5911201676391,0.921796586831887,0.9820554649265906,3.6922184161563405
ID45304,45304,7,739.0,123.35775376997525,193.8835246455098,0.0,6.0,6,15.352800093764555,1,,574.1567567567567,594.0,194.0,833.0,424876.0,122.66164015334986,0.4894151691978661,3.076191455366917,-0.005951223352044768,0.12517983105489178,17.032914203909193,14.215129578556132,-0.28573626872241875,1.1982243362454998,740.4999999999999,98.55273157095112,0.9580707796826959,0.9959650302622729,3.62164714208005
ID45818,45818,7,687.0,123.66169696969698,198.07769696969694,0.0,25.0,25,14.793175681757996,1,,610.6188405797102,623.0,269.0,891.0,421327.0,102.92311695853036,0.515202224629777,4.034543443115471,0.08449847129464506,-0.028630728663568573,16.218328991497852,13.76545862193311,-0.07985357615654945,1.178190239565028,687.5000000000001,96.39220947672396,0.929819599133123,0.9814418272662387,3.67625462523123
ID45499,45499,7,682.0,124.6786588350465,196.49143416544297,0.0,13.0,13,14.723078227434693,1,,602.1485294117647,613.0,228.0,869.0,409461.0,107.31299793852037,0.5048229538682413,3.7647399673012143,-0.011528776182892182,-0.05645962563132782,16.30754825205967,13.545073141357529,-0.4331054686488567,1.203946858158145,681.0000000000001,95.63457830398391,0.9356794288777646,0.9848156182212582,3.664725003331801
ID45563,45563,7,705.0,123.905131826742,197.32085687382298,0.0,19.0,19,15.012108426804136,1,,596.2454160789845,609.0,246.0,869.0,422738.0,108.82760752885801,0.5077616601951805,3.6901428341378755,0.02287905173398322,-0.08092129716715174,16.647191288444855,13.663616925488864,-0.4591934515554444,1.2183590464535248,707.9999999999999,97.1667830977062,0.9423396656970037,0.9888268156424579,3.651751328460164
ID45692,45692,7,719.0,124.16502693839307,197.35382993675333,0.0,22.0,22,15.049168881362423,1,,592.1360448807854,613.0,195.0,886.0,422193.0,113.5981595759991,0.5075621019573133,3.5098954056775833,0.1085767881619864,-0.06907522228818583,16.756284712574633,13.810726005229359,-0.2875395982181458,1.2132805115552907,711.5000000000002,97.99703723229636,0.931019713597594,0.981379310344828,3.6738844557373236
ID46140,46140,7,690.0,122.61086851043184,189.51115963124698,0.0,38.0,38,14.787795366729421,1,,628.640988372093,653.0,231.0,1033.0,432505.0,135.3628275637991,0.5315327627282642,3.2235693616341132,0.040274504232108384,0.015369172146447112,16.46644605401742,13.513711095467274,3.1180293390502087,1.2184991922419108,686.9999999999999,98.4428529315247,0.890836942004844,0.9723991507430996,3.755829102399438
ID46077,46077,7,718.0,122.53574744661097,188.9449860724234,0.0,37.0,37,15.117754405994354,1,,609.2990264255911,635.0,199.0,874.0,438086.0,130.22779864314998,0.5232720644995793,3.2144513186079675,0.014626472351921136,0.26190071630035006,17.10977930219325,13.823363904172576,4.352417831170458E-5,1.2377435348445591,718.0,98.57203193461561,0.9285961743873166,0.9862637362637361,3.678675559420097
ID46079,46079,7,238.0,119.20153417015342,182.1931659693166,0.0,40.0,40,8.722159296752494,1,,1065.7833333333333,1046.0,636.0,1643.0,255788.0,245.51774968713883,0.4935619680994874,2.8690258835016667,-0.2680675599456707,-0.04883338207099059,10.578188192539,7.5350205358495135,2.96719841414851,1.4038698557238098,239.0,58.197231193481855,0.886753923884609,0.9815195071868582,3.764465943990285
ID45504,45504,8,428.0,53.26413255360624,100.19668615984406,0.0,16.0,16,11.665225087565629,1,,863.8419811320755,861.0,402.0,1334.0,366269.0,163.6023288829472,0.6114775400828197,4.007108233863787,0.1714606571630714,-0.03588028472658711,14.055098048779481,9.94628180567017,0.7827262080233109,1.4131007268230587,427.50000000000006,79.38027405111814,0.8525518384204145,0.9542410714285714,3.83923357008735
ID45761,45761,8,406.0,54.00795593635251,98.39922480620156,0.0,26.0,26,11.403051718995163,1,,897.6283618581907,920.0,371.0,1395.0,367130.0,178.56299700530283,0.627254231974314,3.8754602419271715,0.03171483768165587,0.04842205011090616,14.324761403501466,9.176065562706995,0.9928100057577138,1.5611005943243907,408.5000000000001,78.50515373114504,0.8329244066525809,0.9577960140679955,3.8842049550776134
ID45762,45762,8,413.0,52.28030303030303,98.97727272727273,0.0,28.0,28,11.534883286137944,1,,878.5779376498801,887.0,346.0,1327.0,366367.0,179.46131812842106,0.6156904564565948,3.7311584958903308,0.21638556963371222,-0.05869667036600127,14.383361042882779,9.634380770736453,1.0451534631979058,1.4929201352069164,417.9999999999999,79.33576472770659,0.8345418517671679,0.9521640091116168,3.8804390952059675
ID45251,45251,8,424.0,54.026274509803926,100.36196078431374,0.0,8.0,8,11.631066229203196,1,,864.7021276595744,868.0,414.0,1315.0,365769.0,171.11107827725945,0.616103626083146,3.8530350113653054,0.019346401128529787,-0.008386309866176556,13.800764732203215,9.98672127448683,0.5437556561051802,1.381911475537037,425.0,80.59024518833442,0.8223067210165004,0.9454949944382645,3.9092010977168026
ID45508,45508,8,440.0,53.899250936329594,99.07303370786516,0.0,15.0,15,11.901592303208293,1,,842.2237136465325,845.0,298.0,1363.0,376474.0,191.43902557377186,0.6135603667899806,3.345792985491497,0.06549787886165648,0.021510894315070757,14.770049779169495,9.760762284878613,0.7806616623035993,1.5132065865440938,445.0,82.16848336944493,0.8282459729351418,0.9518716577540107,3.8951596754378035
ID45254,45254,8,419.0,56.85891286970424,98.73421262989608,0.0,5.0,5,11.521077316754743,1,,881.0120192307693,892.0,419.0,1336.0,366501.0,178.4294328461322,0.6210163351400526,3.7832145093062324,0.11392919735895136,0.02453356302029415,13.878337104963425,10.272487938291391,0.34750338118238944,1.3510200438621094,416.9999999999999,78.46922675714958,0.8510345129892548,0.9553264604810993,3.842654566778055
ID45958,45958,8,455.0,53.266666666666666,96.88681318681319,0.0,34.0,34,12.034575115625179,1,,841.762114537445,851.0,423.0,1316.0,382160.0,161.54151393644503,0.6124781119682703,3.958512012871463,-0.06742429364047116,-0.1392579456109207,15.467407868146235,9.895504333914113,1.0730596957873892,1.5630742351489817,455.00000000000006,81.15354648200501,0.8681729563652755,0.9711846318036287,3.8045369407067247
ID45895,45895,8,460.0,53.41948998178507,98.26284153005464,0.0,33.0,33,12.067591844650872,1,,841.0065789473684,852.0,441.0,1281.0,383499.0,162.66467213570968,0.614575461964359,3.9359811972462504,-0.04723075164042282,0.02197920735079226,15.705415028383838,9.697658203369595,1.0116934121348238,1.6195059362812723,457.5,82.33564209872335,0.8480573236607758,0.9672304439746302,3.849393667337758
ID45512,45512,8,478.0,52.17916666666667,99.78576388888888,0.0,18.0,18,12.360774464742066,1,,810.375,824.0,307.0,1307.0,388980.0,174.58546489083284,0.6087872869254192,3.5129736765054607,-0.008206914708499016,0.03324670537375318,15.105594692009355,10.221386921597182,0.8931619388689062,1.4778419805332028,479.99999999999994,83.51340015901569,0.8648459771670187,0.9561752988047808,3.8118477600873684
ID45704,45704,8,434.0,53.38643410852713,98.70193798449613,0.0,23.0,23,11.699284211396439,1,,868.2720930232558,876.0,411.0,1286.0,373357.0,169.0305772611041,0.6169803939118773,3.920009983543192,0.3163513987122286,-0.07255132221680616,15.147845725879119,9.538108074259535,1.0678277639264544,1.5881394515499951,429.9999999999999,81.16631856251148,0.8202129522950939,0.944017563117453,3.914187452876825
ID46088,46088,8,465.0,52.840884573894286,98.16630708378281,0.0,41.0,41,12.146465833574265,1,,840.3935483870968,848.0,431.0,1220.0,390783.0,161.1129060403596,0.6125281037564532,3.962790391958175,0.10697626471174557,0.042122866976151765,14.976915968073353,10.312040919502982,1.171966051290544,1.4523716580437316,463.5,83.80758972841303,0.8292641697260363,0.9507692307692308,3.8927676407994953
ID45257,45257,8,402.0,60.77935723114957,98.63185002060158,0.0,2.0,2,11.347085483124879,1,,891.7266009852217,902.0,305.0,1390.0,362041.0,179.8765876839263,0.6145139230669483,3.7737837510471595,-0.17226378219150013,-0.1575183504621223,13.662460391883911,9.84180927839006,0.12578077794878473,1.3882061728104163,404.5000000000001,78.39161110627913,0.8271594002203808,0.9450934579439255,3.8977172146507346
ID45770,45770,8,423.0,52.05725490196078,98.8172549019608,0.0,25.0,25,11.631066229203194,1,,876.5364705882353,895.0,410.0,1338.0,372528.0,177.2141977886965,0.6229956558545151,3.7972495058249325,0.12038142253476851,-0.23620568545847181,14.861286049578277,9.708104511229338,0.9715815247596095,1.530812326174308,424.99999999999994,80.0418769645891,0.8336125910655705,0.9626274065685163,3.8826013317375763
ID45520,45520,8,419.0,51.990543735224584,98.91449960598898,0.0,20.0,20,11.603666741842575,1,,872.1529411764706,881.0,463.0,1294.0,370665.0,170.22312673248538,0.6202902554326567,3.922890811414025,0.08016307524326677,0.19386090838905917,14.651699282228176,9.657963704496234,0.9723930590812389,1.5170588470328505,423.00000000000006,80.66226623602165,0.8169761764007882,0.9505617977528089,3.9219335929060684
ID45460,45460,8,454.0,53.11510128913444,97.78581952117864,0.0,12.0,12,12.001467556018525,1,,830.4867841409691,836.0,353.0,1288.0,377041.0,161.9912475540475,0.6051192932050998,3.8654926899698347,0.11619217490080194,0.035635101381448986,14.757899028480264,10.007765028194463,0.6683653300136342,1.4746448369744338,452.49999999999994,81.9753133180864,0.8461790662216628,0.9597030752916225,3.8536635345845385
ID45271,45271,8,417.0,54.71545201115094,99.44862604540023,0.0,7.0,7,11.541780077956624,1,,872.8329355608591,887.0,355.0,1307.0,365717.0,167.52433448520586,0.6154584976083438,3.9699605136223313,0.1629404858683059,0.13683769038604288,14.069169393233048,9.880817669080756,0.5304400225326837,1.423887158373397,418.5,79.54516858048599,0.8311467541746543,0.9554794520547947,3.888356495405156
ID45658,45658,8,433.0,51.57671653241273,98.92692750287686,0.0,21.0,21,11.760342067595527,1,,861.2304147465438,868.0,350.0,1352.0,373774.0,182.58478342258408,0.6198832687611289,3.610031308778791,0.018605804271458328,0.04302139746453565,14.815743692188835,9.606948163176076,0.9921042305880583,1.542190448052831,434.5,80.35943039103378,0.8455240116153261,0.9602209944751382,3.8551560240221714
ID46106,46106,8,469.0,52.45667740780522,97.91783029001074,0.0,38.0,38,12.172643592028583,1,,829.3462365591398,842.0,408.0,1178.0,385646.0,153.3465849652487,0.6124239297469157,4.108323959450447,0.14975694613791438,-0.03129572007757056,15.056460991167961,10.379678261499365,1.203228230488747,1.4505710689526736,465.49999999999994,82.27864875439701,0.8640825760980728,0.96277145811789,3.8135312370448937
ID45211,45211,8,420.0,53.497212266029464,101.57128634010355,0.0,9.0,9,11.541780077956622,1,,872.0690476190476,876.0,417.0,1418.0,366269.0,195.0646120091477,0.6171834990141903,3.4123799748199017,0.037710220980870415,0.04099064181727293,13.802687229873673,9.700811147193283,0.48382020262920267,1.4228384637574536,418.49999999999994,78.37443274247796,0.8561630983931977,0.95766590389016,3.831128151039828
ID45404,45404,8,367.0,62.18204432383536,98.8817277250113,0.0,0.0,0,10.830382867596457,1,,969.9701086956521,978.0,461.0,1455.0,356949.0,195.94267826081395,0.6274629555069355,3.817124151557082,0.11655249650161961,-0.047505144981839206,12.951150099083527,9.24664483324799,0.08954710469873617,1.400632373432936,368.49999999999994,75.65892469937975,0.808959961041985,0.9424552429667518,3.941317471381992
ID45276,45276,8,405.0,52.77570480928689,99.53192371475954,0.0,10.0,10,11.311965976163641,1,,891.8982630272952,897.0,496.0,1341.0,359435.0,177.0476847029267,0.6163107144483239,3.8417573259624,0.11784213774455282,-0.11855037320322184,14.183970622472618,9.368773756163513,0.5322197201930514,1.5139623382559848,402.0,77.71607922405212,0.8364002471110439,0.9537366548042705,3.8761257295836216
ID45982,45982,8,446.0,53.083806280741584,96.17082860385925,0.0,36.0,36,11.841262806979659,1,,854.1402714932127,864.0,415.0,1254.0,377530.0,160.49499185585347,0.6143830973121963,4.0507026726031885,0.11004330087538192,0.03572233130743483,14.747874483767678,9.640746611157514,1.1127849433960972,1.5297440207275583,440.49999999999994,80.72281771615685,0.8494995453228245,0.9596949891067535,3.8461246619098213
ID45727,45727,8,436.0,52.448131197559114,99.00648360030512,0.0,24.0,24,11.794126515444734,1,,858.8413793103448,874.0,418.0,1250.0,373596.0,165.23092383582886,0.617482254886541,3.9685931820998377,0.31393569610844885,-0.17533899670445036,14.501976641440638,10.016773190670735,1.0571126035978622,1.447769293104017,437.00000000000006,80.57551730857045,0.8458339174487673,0.9520697167755993,3.8544497123154007
ID45919,45919,8,439.0,53.316782140107776,98.03156274056967,0.0,32.0,32,11.740024732409271,1,,855.7557603686636,860.0,444.0,1272.0,371398.0,149.67759123456247,0.6128243433240429,4.344821912192203,0.15114028639764016,0.10202650263754524,15.097940191401419,9.555863527607114,1.0695620850228529,1.5799660750473377,433.00000000000006,80.47112082450953,0.8402676809563164,0.960088691796009,3.867195272618824
ID46052,46052,8,420.0,53.18058870326174,96.77446300715991,0.0,37.0,37,11.548672751057078,1,,884.436754176611,899.0,469.0,1315.0,370579.0,168.66639218184636,0.622281174111064,4.022802917628577,0.13470687328148034,0.01881269374753855,14.622046064864461,9.377400710247544,1.1406910214474673,1.5592856183361785,418.9999999999999,79.71237748855017,0.8286523416492367,0.9566210045662098,3.8942044707908265
ID45862,45862,8,438.0,52.27382319173364,97.50880214313051,0.0,31.0,31,11.773867479848786,1,,860.9771689497717,866.0,458.0,1217.0,377108.0,156.71497376312766,0.616915300534787,4.1922715651267515,-0.014457632862810892,-0.13266113323728096,14.921087753664992,9.601024719734664,1.0371954660049367,1.5541140856553648,435.4999999999999,82.14928137345298,0.8109432925735972,0.953997809419496,3.936494862555659
ID45993,45993,8,455.0,52.818888888888885,97.13222222222223,0.0,35.0,35,11.968268412042978,1,,835.8248337028825,846.0,420.0,1235.0,376957.0,154.51020219363096,0.6094581663247353,4.096871225611436,0.0027243917238381024,0.10340823389244373,14.828507379780154,9.778713308798636,1.141732434720447,1.5164068023589405,449.99999999999983,82.69225276594638,0.8269756666633676,0.9615384615384613,3.898150178826182
ID45482,45482,8,452.0,53.97482543182653,98.2104005880191,0.0,13.0,13,12.014721527540665,1,,827.4714912280701,832.0,360.0,1277.0,377327.0,166.2873299699668,0.6069795394071333,3.759132036124047,0.11706184763133257,-0.02091946124643337,14.688134019998957,10.097058633782456,0.6627208320166996,1.4546943375029842,453.50000000000006,81.63011665131425,0.85523668443788,0.9618239660657479,3.8332025767630826
ID45230,45230,8,396.0,58.94584913611462,98.59355246523388,0.0,3.0,3,11.22014081844293,1,,904.3888888888889,918.0,447.0,1351.0,358138.0,169.19994995892907,0.6174325589184685,4.080828368069062,-0.05878795145139474,-0.12112538970531897,13.38154201460954,9.824958927824879,0.09557094745805661,1.3619947027678867,395.49999999999994,76.90320840894348,0.8403639889929576,0.953012048192771,3.8669736706343123
ID46062,46062,8,458.0,52.48650619985412,98.48614150255288,0.0,40.0,40,12.060995729457511,1,,842.0786026200873,852.0,372.0,1217.0,385672.0,160.1060587374274,0.6159084444639223,4.009352758887558,0.04484752332266581,0.00415147306380427,14.849370333510068,10.064159022152719,1.1800064764588092,1.4754705585259915,457.00000000000006,81.91978610557271,0.8557530284119105,0.9610935856992641,3.832045964027812
ID45295,45295,8,396.0,58.36089577950043,99.31524547803618,0.0,4.0,4,11.098915530497878,1,,923.8441558441558,922.0,468.0,1347.0,355680.0,175.5946047937806,0.6076413907734152,3.977184274165108,0.25693348428869905,-0.20917986311987907,13.504469446792443,9.955404792664241,0.2725196354350097,1.3564962679110117,387.0,76.80556624049963,0.8243951696324987,0.934782608695652,3.9042463484207865
ID45743,45743,8,437.0,52.07884688812524,98.81958762886597,0.0,29.0,29,11.787377372393939,1,,862.7002288329519,878.0,361.0,1380.0,377000.0,187.88281855753027,0.624434545384049,3.5301043790610427,0.07165943591514459,-0.07931315584992747,14.820623717983485,9.670188899333251,1.0606174364945626,1.5326095355805667,436.5,81.09234772309966,0.8341311965699139,0.9572368421052632,3.881394176617731
ID46128,46128,8,379.0,60.463796909492274,98.51015452538633,0.0,1.0,1,10.961842091290176,1,,938.1190476190476,949.0,432.0,1472.0,354609.0,193.42601271505984,0.6243731587070979,3.728477190425726,0.17315461066669205,0.07864407535988525,13.52030202131601,9.367114094315772,0.280439151154331,1.4433796669051473,377.5,76.33850702149653,0.8140282856165234,0.9508816120906801,3.929028545242112
ID45680,45680,8,439.0,52.42260536398467,98.4544061302682,0.0,22.0,22,11.767106717028996,1,,853.4285714285714,869.0,382.0,1357.0,370388.0,171.5692299331327,0.6155833866417126,3.7906639401166577,0.05650809443135451,-0.011148139499368496,14.971216481162887,9.572754151244098,1.0087677617784667,1.5639403503554088,434.99999999999994,81.47509729592227,0.8234729646208989,0.9592061742006616,3.9064319138345787
ID45874,45874,8,414.0,51.98094665062174,97.15824308062575,0.0,30.0,30,11.500337286765333,1,,883.6906474820144,899.0,407.0,1319.0,368499.0,176.81427058501944,0.6216808965506885,3.83190789863497,0.09312952753914672,0.007966894388937983,14.953949197791353,9.383988284831736,0.9878665575204185,1.593560088087801,415.49999999999994,80.28907169031835,0.8099682941739582,0.9453924914675766,3.9388634255558927
ID46006,46006,8,466.0,52.68879371877231,98.2790863668808,0.0,39.0,39,12.192240025845548,1,,827.7803837953091,836.0,410.0,1140.0,388229.0,154.79266791981044,0.6173978582557096,4.0826579483726455,0.11049380573414101,-0.11496734973710374,15.06537532287253,10.213929970270607,1.172693528543686,1.4749832206332807,467.00000000000006,82.32047082579862,0.86598636331156,0.9668737060041409,3.8093370909864097
ID45623,45623,8,430.0,53.58595877090626,98.81894204589653,0.0,14.0,14,11.678860656320646,1,,856.0140515222482,859.0,458.0,1324.0,365518.0,155.98483069749136,0.6073903620503625,4.147391754043014,0.2063202723238938,-0.14740664340255086,14.338273887559286,9.756814324968632,0.6786075209404865,1.4695651070110307,428.50000000000006,79.60126906770734,0.8498077882306828,0.9511653718091011,3.845427064058437
ID45240,45240,8,421.0,55.99703440094899,98.04329774614472,0.0,6.0,6,11.583074592976935,1,,876.1895734597157,900.0,362.0,1418.0,369752.0,184.10904309270424,0.6193212640400578,3.6402895453256434,-0.02836698882374492,-0.3088215107599952,13.919385137448614,10.292534152685867,0.32598415266146197,1.3523768715225792,421.50000000000006,78.97812120325092,0.8491684434077948,0.9525423728813562,3.846874416060759
ID45496,45496,8,438.0,52.21777269260107,99.68649885583524,0.0,19.0,19,11.794126515444733,1,,844.486301369863,860.0,346.0,1241.0,369885.0,160.99052246795134,0.6108384053273391,3.97829198011874,0.12763622728338017,0.03383908188147146,15.075370860907718,9.770552590121532,0.9232262770205018,1.5429394317113236,436.99999999999994,80.0319309139088,0.8573629473637981,0.9820224719101123,3.828446448637945
ID45752,45752,8,417.0,53.04622871046229,98.76439578264396,0.0,27.0,27,11.437891554894984,1,,889.0823244552058,913.0,417.0,1385.0,367191.0,186.31547002673412,0.6218461655633967,3.659286031324637,0.0845935786133349,-0.19124265053724665,14.619525055079253,9.43398180856418,1.0059730867491767,1.5496664453823337,411.00000000000006,79.45577028697967,0.8180894673812208,0.9372862029646525,3.919264117300755
ID45437,45437,8,428.0,52.624708624708624,99.07187257187258,0.0,11.0,11,11.68567247413884,1,,855.4441860465116,871.0,342.0,1320.0,367841.0,172.05260322396305,0.6117664151985043,3.774365518423753,-0.02546597871917191,0.08483082059519943,14.45848119371224,9.709540781401065,0.6565091741352712,1.4891004136269679,428.99999999999994,80.69625591509707,0.8278666466867952,0.9565217391304348,3.896051949030593
ID45503,45503,8,458.0,52.103848946986204,99.51597676107481,0.0,17.0,17,12.087358593107096,1,,826.1277056277056,838.0,382.0,1383.0,381671.0,166.5811083273173,0.6056739594869555,3.7413899331920466,0.02173150589306724,-0.028287580722932224,14.797024566571881,10.046136741510388,0.7900809219817513,1.4729069439629408,459.00000000000006,82.10338135357088,0.8556584873908643,0.9642857142857144,3.8322576580253984
ID45568,45568,9,643.0,54.980680061823804,193.60458526532716,0.0,16.0,16,14.350836085779553,1,,313.79783950617286,312.0,211.0,478.0,203341.0,38.26468698997774,0.26546498396034,3.4406372822049396,0.006208763258234734,-0.1621125640022062,21.880646418049484,9.797344255217565,2.7246615710982525,2.233324240535589,647.0000000000001,105.36265943929963,0.7323871175756697,0.95007342143906,4.14223356710533
ID46080,46080,9,615.0,56.93352288112646,192.67573788248038,0.0,37.0,37,13.997133097392592,1,,345.2672131147541,347.0,195.0,486.0,210613.0,49.85060512472221,0.3159093710289411,3.32545771312029,0.24232835577812933,-0.11022904653133751,21.4745807949768,9.388327967683379,-0.5132166653001532,2.287370112004701,615.4999999999999,103.66496022512673,0.719737200824097,0.9572317262830481,4.178476430205837
ID45569,45569,9,633.0,53.70569620253165,193.80432489451476,0.0,18.0,18,14.183506197980659,1,,318.15213946117274,317.0,208.0,455.0,200754.0,40.756952754056506,0.2706177890294127,3.32509875227185,-0.03719167012812317,-0.11582231202733541,21.526179052785363,9.69050322328727,2.7533838457164412,2.221368545758878,632.0000000000001,103.78599204458307,0.737308873204149,0.9619482496194827,4.128385098323621
ID46081,46081,9,615.0,57.07493857493858,191.467512967513,0.0,40.0,40,13.940164472315393,1,,347.77977161500814,347.0,180.0,493.0,213189.0,49.74729061443615,0.31590159788937977,3.3565513007066405,0.039751076515859796,-0.15917374813388518,21.157632446630902,9.63775579145264,2.6329818753972205,2.1952862164649165,610.5000000000002,105.80674741021755,0.6852811790705914,0.9264036418816392,4.282235326309476
ID45506,45506,9,672.0,56.96805349182764,196.9053987122338,0.0,13.0,13,14.636343580337654,1,,309.0059523809524,309.0,198.0,419.0,207652.0,39.07602693543488,0.25475168671148596,3.211040037457351,-0.05951739512941856,-0.11169750911861141,21.391003040537733,10.317413768787349,2.790686876822713,2.073291187104529,673.0000000000003,105.48383402235477,0.7600691661850054,0.9607423269093509,4.0661029895500755
ID46019,46019,9,579.0,57.64392630972942,194.1180195739781,0.0,35.0,35,13.575766059431592,1,,346.5189655172414,346.0,228.0,464.0,200981.0,45.94264636919256,0.31056225331067056,3.574637533024664,0.029105836831929396,-0.1725451811612126,21.010763103945653,9.105851786996949,2.5643781503070753,2.3073912902853064,578.9999999999999,101.59990583088432,0.7048582980662794,0.9530864197530863,4.222347991875893
ID45893,45893,9,617.0,55.41010928961748,193.09398907103824,0.0,30.0,30,13.934454799959427,1,,339.5674342105263,344.0,210.0,487.0,206457.0,49.092744747224025,0.3064570376092226,3.244988643838118,0.04835538111597938,0.1718391667623272,21.930972708759047,9.130807807217527,2.5735331286239633,2.401865549225942,610.0,104.01880463139365,0.7084610554404895,0.956862745098039,4.211598294200379
ID45574,45574,9,682.0,55.78934506353862,194.39736070381232,0.0,15.0,15,14.733884157863645,1,,307.2163742690058,307.0,190.0,436.0,210136.0,38.57350186693526,0.25589894426859117,3.245630576111257,-0.2126426528447216,0.11917364507637361,21.80538425044636,10.252693035985153,-0.398171572941898,2.126795776866945,682.0000000000001,106.84365189538924,0.7507525072583339,0.9571929824561405,4.0912548803642474
ID45447,45447,9,675.0,57.5998760842627,199.19021065675338,0.0,11.0,11,14.630905592566691,1,,307.5266272189349,307.0,189.0,430.0,207888.0,35.61952275160265,0.2558671910605512,3.5179973755294323,-0.1149550213936972,-0.05310099327137768,21.28375496109418,10.244815007294292,-0.26682752285240735,2.0775148156350483,672.5000000000001,105.3977076635739,0.7607462531281333,0.9627773801002147,4.064293110045838
ID45322,45322,9,618.0,57.28387096774193,199.27311827956987,0.0,6.0,6,14.048207338801282,1,,316.7455716586151,315.0,183.0,438.0,196699.0,42.44016281630282,0.26144128309149395,3.0936461117717857,0.1911110914916805,0.015318397877609925,21.44780269277275,9.710296546005846,2.9639435583414873,2.208769072206648,619.9999999999999,101.97120676335857,0.7492839599215562,0.971025841816758,4.095262213192141
ID45647,45647,9,635.0,56.4283660130719,195.97633986928105,0.0,14.0,14,14.245088713032521,1,,312.1815336463224,313.0,192.0,451.0,199484.0,38.14945329865077,0.2605461249485869,3.38278786137221,0.05515735011711995,-0.13063815645925606,21.130451218287313,9.942140954576136,2.743962194988829,2.12534214862056,637.4999999999999,103.10302398273483,0.753611030808429,0.9536275243081525,4.083488234798801
ID45967,45967,9,601.0,57.45649764477695,194.75796619562206,0.0,34.0,34,13.837029903109633,1,,343.21322314049587,346.0,179.0,513.0,207644.0,50.11727131899457,0.30957256795963906,3.2377215103246124,-0.3254636325154466,0.21972714065424034,21.327667436243654,9.326500926649754,2.5603250225569383,2.2867812488284325,601.5000000000002,103.21065933141776,0.7095718711288748,0.9354587869362367,4.208300431062569
ID46161,46161,9,608.0,60.05646704949412,200.18088597210829,0.0,1.0,1,13.928742787093903,1,,321.14967105263156,321.0,196.0,460.0,195259.0,44.06781840903271,0.26080977723400556,3.0150202003231197,-0.015852830072012103,-0.09804277792971021,21.145478602239585,9.360889328560537,3.1071239555629377,2.2589177010910366,609.5,102.26696535579647,0.7323401353770862,0.9666931007137193,4.142366434409387
ID45585,45585,9,633.0,52.54090789126419,193.88427025600424,0.0,20.0,20,14.177894523696523,1,,320.44637223974763,321.0,172.0,460.0,203163.0,43.347537044925836,0.27708810961553393,3.2078788407241228,-0.2555866311206289,0.04580216797829895,21.700724334411007,9.396272661741783,2.7308150934854467,2.3095034718147858,631.5000000000001,105.35874267116517,0.7148946722501106,0.9560938682816051,4.192604554322911
ID45330,45330,9,587.0,56.061163387510696,201.4683490162532,0.0,8.0,8,13.640092685697766,1,,315.76279863481227,313.0,219.0,442.0,185037.0,36.365194898659674,0.25993451184888083,3.5827871816098313,0.25666463221861313,-0.023990821665173575,20.29128063381174,9.56771267432223,-0.21548070040959777,2.120807900959375,584.5000000000001,99.15020094960124,0.7471489355378927,0.956628477905074,4.101109271866378
ID45714,45714,9,434.0,50.6002331002331,195.2777777777778,0.0,23.0,23,11.68567247413884,1,,333.36915887850466,334.0,223.0,468.0,142682.0,38.514320244914884,0.24679149763874697,3.426648355740749,0.591181313028834,-0.5922401452442797,19.00419423277578,7.505940088781826,2.731383253382999,2.531887279673193,428.99999999999994,112.94109090484197,0.42263280052395097,0.8387096774193548,5.4528472523981
ID46037,46037,9,647.0,56.560092449922955,192.04057524396507,0.0,39.0,39,14.372999552399637,1,,339.05546995377506,342.0,195.0,481.0,220047.0,53.884535950792056,0.31167609315282435,2.990291263910189,-0.017292296477272075,-3.17298877291887E-4,21.81767222285964,9.737927431959635,2.6402076693302603,2.240484166194809,649.0,104.1406882968393,0.7519927842912303,0.9643387815750372,4.0878795930082
ID45272,45272,9,560.0,59.56087735004476,201.4621008654133,0.0,3.0,3,13.333269345274887,1,,324.7597864768683,325.0,219.0,453.0,182515.0,41.693144624610994,0.26410657229562856,3.254791027777954,0.09975780791106625,-0.04414225102989377,20.484446119882445,8.8725295729751,-0.08210362136365047,2.3087492638261993,558.4999999999999,98.0179312631112,0.7305029550672051,0.961273666092943,4.147572091097451
ID45338,45338,9,571.0,57.32257126236184,200.4845840605003,0.0,5.0,5,13.50524212235057,1,,322.3076923076923,322.0,201.0,461.0,184360.0,43.028558230398225,0.2635131461191545,3.1243983033022493,-0.1454800171094962,0.09773329360355516,20.560641415619674,9.04605746271996,2.999193717120053,2.2728842371776756,573.0000000000001,99.30591593290427,0.730153620749418,0.956594323873122,4.148564153566043
ID45470,45470,9,660.0,56.82927756653992,198.63231939163498,0.0,12.0,12,14.466815481156948,1,,309.5853658536585,309.0,190.0,431.0,203088.0,36.55516002490071,0.25060028647821664,3.394101056067387,0.03792375867074859,-0.30625384296951985,21.025614392248606,10.376627953603656,-0.3467110171702619,2.0262473017495735,657.4999999999999,104.41575162994067,0.7578331225861663,0.9535895576504714,4.07209724245484
ID45918,45918,9,599.0,57.44546466332777,194.88258208124654,0.0,33.0,33,13.808244704671576,1,,343.8779264214047,346.0,205.0,470.0,205639.0,48.21597990263317,0.3121769409053654,3.3935301846933617,-0.4147630196178374,-0.24103870393714164,21.423029233357497,9.61912895408082,2.4958949985504324,2.2271277717166886,599.0,104.03106305911811,0.6955215866332163,0.9315707620528769,4.250594003703979
ID45343,45343,9,559.0,59.72989536621823,200.69342301943198,0.0,2.0,2,13.321327319282538,1,,327.39856373429086,327.0,202.0,446.0,182361.0,43.842497673490016,0.2660124003985987,3.1381622982053097,-0.20206091385395994,-0.03233388955185207,20.905863957915205,8.664781822201917,-0.07518611239183566,2.4127397996736346,557.5,98.97882999472725,0.715105476664211,0.9505541346973571,4.19198654430908
ID45793,45793,9,397.0,49.774186734262784,196.5080270384453,0.0,29.0,29,11.205947086235302,1,,343.4086294416244,340.0,194.0,503.0,135303.0,51.30850686774267,0.2470104930292796,2.651533498150021,0.17799271331889122,-0.0764384538287386,14.801802799970945,8.866512849435821,-0.4631297866212561,1.6694052161569684,394.5,78.64426527477893,0.8015354827822503,0.9540507859733975,3.959529251061566
ID45222,45222,9,661.0,57.106358819076455,201.0803684077719,0.0,9.0,9,14.499782061272292,1,,307.29242424242426,307.0,188.0,415.0,202813.0,36.12725279786867,0.24967511912453977,3.3987956507579855,-0.12227501055934224,0.03992881689612743,21.198635434104954,10.27079050137387,2.8700133668299905,2.063973112027679,660.5,104.21292323309454,0.7642571833604209,0.9642335766423356,4.054946861319571
ID45670,45670,9,484.0,48.99465701482248,196.17080317132022,0.0,21.0,21,12.405757936130415,1,,321.2582644628099,324.0,188.0,452.0,155489.0,43.23953976457277,0.24327644391775347,2.907606261388524,0.17071924748720999,-0.10700599921018689,17.371089368102773,9.040340761227474,2.791055038637655,1.9215082513929675,483.49999999999994,95.34681969308741,0.6683345596292615,0.9333976833976833,4.336186694291187
ID45736,45736,9,636.0,53.268229166666664,193.6546875,0.0,24.0,24,14.27299292922217,1,,319.5819032761311,322.0,183.0,439.0,204852.0,42.24918545956693,0.2761653361712286,3.273829486181835,-0.1338191650622197,0.013446937662835277,21.674435081707465,9.621488626887752,2.6744777797319417,2.2527111886966353,640.0,106.11650526249709,0.7142067660563315,0.9418690213392201,4.194623174584184
ID45354,45354,9,594.0,55.65646828723107,200.779128248114,0.0,7.0,7,13.77939937401595,1,,322.0869565217391,320.0,210.0,454.0,192608.0,43.888382071329275,0.26906484099740263,3.111907660530998,0.0699187863760181,0.026610068843745678,20.824058443907834,9.437905150486285,2.976748049327977,2.2064280273928034,596.5000000000001,100.20916569433345,0.746458072948599,0.9707078925956065,4.103006664235803
ID45802,45802,9,631.0,53.72248427672956,192.51415094339623,0.0,27.0,27,14.228319915326995,1,,327.63937007874017,329.0,206.0,484.0,208051.0,47.95039523703698,0.291142592500906,3.0815230712736437,-0.07669460879767474,-0.009686638061787024,22.500917947554857,9.320380985137906,2.6312265478455736,2.4141628956406795,635.9999999999998,105.68067712344347,0.7156090185276864,0.9478390461997016,4.190511428625703
ID46123,46123,9,596.0,58.20417371686407,190.9263959390863,0.0,41.0,41,13.715726110367628,1,,354.228813559322,355.0,207.0,494.0,208995.0,49.930955897361535,0.3171815966823281,3.4166959000377224,-0.05967056011000297,0.03132262459902753,21.721252657140244,9.021708496900834,2.649908080775254,2.4076650963176207,591.0000000000001,101.2290201908071,0.7247484218641052,0.9656862745098043,4.164005484276039
ID45996,45996,9,599.0,57.58068118369626,192.88721384701284,0.0,36.0,36,13.785173268832096,1,,346.80602006688963,345.0,219.0,488.0,207390.0,49.530686871095824,0.31431744513182286,3.348964053279592,-0.20323167776462642,-0.09298449817459555,21.616794154927078,9.097986866281115,2.576737096022115,2.375997511608097,596.9999999999999,105.16826321580568,0.6782890270468043,0.9121466768525589,4.304250477599776
ID45357,45357,9,619.0,56.96726190476191,200.44155844155844,0.0,10.0,10,14.002817212590294,1,,310.9951219512195,311.0,220.0,440.0,191262.0,33.9239661751376,0.2512585028089119,3.6817193248713593,-0.018458682661542512,0.04272288021135066,20.854520178479163,9.511180708081236,2.872407242804436,2.1926321051559863,615.9999999999999,101.51646616868692,0.751134298727034,0.9476923076923075,4.090214983271677
ID45806,45806,9,639.0,53.32641607935265,192.43709214304357,0.0,26.0,26,14.25625695364496,1,,325.40188383045523,326.0,205.0,470.0,207281.0,44.009059918795906,0.2889521118304707,3.315103235795138,-0.1305563497321316,-0.011879196166719468,22.586691469241188,9.264818881311395,2.6478243660829586,2.437898868676442,638.4999999999998,108.24805107794232,0.6847477181686569,0.9334795321637424,4.283903064885897
ID45425,45425,9,616.0,60.97258414766558,199.50352877307276,0.0,0.0,0,13.980066885278035,1,,316.8955954323002,317.0,214.0,438.0,194257.0,39.185150375873896,0.24919420076536616,3.2265073046674937,0.0554534545439451,-0.1570645610274489,20.966240775917967,9.49941459134107,3.093093583464702,2.207108719628804,614.0,101.69013983345245,0.746140383625604,0.9616288175411118,4.103880053962104
ID45873,45873,9,593.0,56.31144781144781,194.577721661055,0.0,31.0,31,13.750493532712623,1,,341.54117647058825,343.0,203.0,499.0,203217.0,45.35022229177329,0.30583985876660336,3.5277500717187658,0.013515891085288358,-0.02431148859879988,21.076939607685752,9.410425294483218,2.541847487292002,2.2397435767373794,594.0,102.787054109047,0.7065118824341134,0.9324960753532183,4.217403914551982
ID45810,45810,9,608.0,54.188435374149655,192.65972789115645,0.0,28.0,28,13.962979814050145,1,,335.83660130718954,336.0,205.0,498.0,205532.0,52.26461784464084,0.3029763580932291,2.9882879790188785,-0.0875352894500367,-0.006538377527080364,22.24447821294729,9.035555493484773,2.6006367234185883,2.4618827507602616,612.5,106.28934398374325,0.681297042777433,0.9459459459459458,4.2947380513585385
ID45555,45555,9,619.0,53.08992999461497,193.84921917070545,0.0,19.0,19,14.036873567421145,1,,321.4684975767367,320.0,210.0,451.0,198989.0,41.15791940339178,0.2770941425391758,3.3893735514320813,-0.27668262344637695,0.07553780453913732,21.563383647300846,9.381719677860266,2.7176406702436133,2.298446808018347,618.9999999999999,105.55785250028667,0.6981028653980885,0.9371688115064345,4.242728308143735
ID45940,45940,9,591.0,57.67450980392157,194.32296918767508,0.0,32.0,32,13.76206315489634,1,,343.44237288135594,346.0,192.0,503.0,202631.0,49.12047385678452,0.3099365646522857,3.308597018948193,-0.02071224801294378,-0.0939293638744035,21.12554140257802,9.351230086306638,2.5143945114474358,2.259118983021598,594.9999999999999,102.47825934718233,0.7119727136799728,0.9542902967121089,4.201199036295315
ID45814,45814,9,638.0,53.527885360185905,192.51420087787247,0.0,25.0,25,14.334190996761448,1,,323.35869565217394,325.0,209.0,466.0,208243.0,42.60276463010432,0.2828260089611249,3.3467890992510907,-0.2705805005166016,-0.14222083625743914,21.815996007568096,9.868435518123322,2.681368569495423,2.210684354931757,645.5000000000002,105.87676127461907,0.723610424414596,0.9478707782672545,4.167278492689856
ID45691,45691,9,637.0,53.330575256107174,194.02587339112162,0.0,22.0,22,14.211531331408843,1,,317.4740157480315,319.0,194.0,457.0,201596.0,41.23986007213733,0.27366476730303907,3.308146630019686,-0.04600692648472396,-0.22373261257797925,22.041813626389075,9.543206942969288,2.7051989945298014,2.309686225826614,634.5000000000001,107.39389015266083,0.6913251269023021,0.9283101682516463,4.263475395286387
ID45564,45564,9,646.0,53.93248128066098,193.55370513813583,0.0,17.0,17,14.334190996761446,1,,315.8191653786708,316.0,197.0,443.0,204335.0,39.570015588418116,0.2633198542989898,3.327151221739321,0.04557410410237322,-0.03407429939854609,21.474677982138942,9.705020583283835,2.7436918524323897,2.2127390455129436,645.5000000000001,104.19427454098621,0.747168235224114,0.9570051890289105,4.1010563047904895
ID45373,45373,9,563.0,58.21065230400957,201.03261520047877,0.0,4.0,4,13.315352289908494,1,,332.55635062611805,333.0,209.0,477.0,185899.0,41.44564983928779,0.26333399289912485,3.3450686126175686,0.08005033728498533,-0.23739272066653389,20.01429062202333,9.254729173729993,3.065662080868255,2.1626014382824823,556.9999999999999,97.62929195613334,0.7343528418617993,0.9464740866610022,4.13668586241902
ID46143,46143,9,621.0,56.76952073236403,192.36510500807753,0.0,38.0,38,14.036873567421146,1,,341.8642972536349,345.0,189.0,479.0,211614.0,49.08724484778555,0.3097095579268971,3.293780830355549,-0.12321871844947466,0.09283183912910375,21.777240743994223,9.399867142744059,2.657672673543037,2.316760483237734,619.0000000000001,104.44609559010549,0.7130436119310568,0.957463263727765,4.1980430251176575
ID45507,45507,10,552.0,498.99714457469196,116.22708145476405,0.0,17.0,17,13.285436834704079,1,,2259.78018018018,2269.0,772.0,3831.0,1254178.0,582.2585757762179,0.4945620966189302,2.568544900863428,1.892982702960985,-0.2809810138410733,17.73989371500308,11.709052814788077,2.760513295213595,1.5150579637490649,554.5,89.15146913547801,0.8767068620178939,0.9910634495084897,3.7859748888969325
ID45511,45511,10,517.0,499.9490920881972,116.90791180285343,0.0,16.0,16,12.791062563308351,1,,2306.0,2325.0,810.0,4028.0,1187590.0,587.988594743672,0.4707786322582336,2.5106711236700407,1.7591497921860657,-0.2348577787396017,16.438502581328997,11.882440496407789,2.834098223645424,1.3834281422489398,514.0,86.18218269507787,0.8696369914278066,0.9894128970163619,3.8013331201623397
ID45767,45767,10,609.0,497.91027732463294,116.86514410005437,0.0,26.0,26,13.968677826861914,1,,2174.8745928338762,2162.0,595.0,3647.0,1335373.0,568.5192514092353,0.46932257179792086,2.443843165842178,0.5758005229994716,-0.15749220821756477,16.994336848813752,12.110933279722031,2.6734147192738718,1.4032227291077772,613.0,93.06583071240956,0.8893850440505414,0.9855305466237942,3.7588934989386944
ID45959,45959,10,651.0,496.48288633461044,116.66577266922096,0.0,34.0,34,14.411703602798784,1,,2151.4777265745006,2113.0,647.0,3939.0,1400612.0,565.4959245272928,0.4897108253726445,2.5013536692051654,0.0029605676144420557,3.454448955924185E-5,17.4721045485791,12.206714802761956,-0.5429505327485349,1.4313519100672172,652.5000000000001,95.68795557606963,0.8955211113654955,0.9834212509419745,3.7459934852195196
ID45256,45256,10,488.0,500.6097435897436,115.93863247863248,0.0,8.0,8,12.456968712917197,1,,2290.3558282208587,2328.0,726.0,3977.0,1119984.0,603.7910120576298,0.4660722572897002,2.4118160892103413,3.1274415228777257,-0.37221060781968207,17.20967958756072,11.651500715403106,-0.23811973457556201,1.4770354487306332,487.4999999999999,84.83496310176155,0.851206112229337,0.9769539078156313,3.8422672165051512
ID45705,45705,10,579.0,498.45196759259255,117.40162037037037,0.0,23.0,23,13.540550005146152,1,,2274.956597222222,2268.0,769.0,3711.0,1310375.0,604.2437255380095,0.4820301546412156,2.449109082562094,0.8510463633574303,-0.13816896079370772,17.198408089600566,11.70357240893403,2.663702467517215,1.4695007206920858,576.0,90.96735391616623,0.8747042232952058,0.9829351535836177,3.790306413173593
ID45769,45769,10,607.0,497.32367346938776,115.74380952380952,0.0,28.0,28,13.962979814050145,1,,2207.7931596091207,2160.0,554.0,3930.0,1355585.0,598.1550955411242,0.49333574806705954,2.4387074064927776,0.3280105801789847,0.1435673801970526,17.083495802820543,12.052864153370685,2.716526606847146,1.4173805981247205,612.5,92.28715733848954,0.9037190128395497,0.9935117599351176,3.7289642725986174
ID45514,45514,10,528.0,499.61949685534586,116.37327044025157,0.0,15.0,15,12.988619621707652,1,,2280.4943396226413,2272.0,976.0,4059.0,1208662.0,578.1531617294894,0.48654216551386986,2.5820184466375506,1.9319209782298987,-0.47092108717918013,17.168662065387323,11.490362231612185,-0.3974790537518083,1.494179358258441,530.0,87.03074366330553,0.8793066235875644,0.9851301115241635,3.780373931436781
ID45898,45898,10,639.0,496.420125293657,115.84142521534848,0.0,33.0,33,14.256256953644963,1,,2179.4,2118.0,535.0,4011.0,1394816.0,579.62652915652,0.5035184640974071,2.518403548063856,0.10172245270786812,0.020629947116091073,17.679283045331644,11.862030429937569,2.644674275607857,1.4904095171356504,638.5000000000001,95.67800140647165,0.8764892136075618,0.9785440613026823,3.7864449233567883
ID45259,45259,10,480.0,501.011619840444,114.07127991675338,0.0,5.0,5,12.367210692444413,1,,2294.96887966805,2317.0,767.0,3857.0,1106175.0,579.8532550277786,0.4896431186706125,2.6018731394077728,3.480961179762741,-0.22813592717985426,17.0441284011162,11.939364452105188,-0.1745266643594482,1.4275574273227687,480.5,84.38954209255357,0.847863608840609,0.9886831275720165,3.8498333854756273
ID46091,46091,10,634.0,496.4514666666667,116.62026666666668,0.0,41.0,41,14.104739588693908,1,,2211.3577106518283,2153.0,825.0,3913.0,1390944.0,570.054065648955,0.4858692753414656,2.536949266976626,0.261179967335033,-0.08426080093447073,17.81441155098715,11.634440350002588,2.6749417813528984,1.531179069647573,625.0,93.89167938362866,0.8909137612248915,0.9889240506329112,3.7556671753451463
ID45518,45518,10,553.0,499.1016333938294,116.97338173018754,0.0,18.0,18,13.243441670776848,1,,2274.273056057866,2277.0,787.0,3815.0,1257673.0,538.6678276695085,0.4895943242542115,2.775363866295061,1.2974133987753464,-0.1411644385135792,16.894025992664616,11.804493195746435,2.728464450361022,1.4311521649020997,551.0,89.95191510345983,0.8557376395020831,0.9743589743589741,3.832080420116894
ID45263,45263,10,455.0,501.5139500734215,115.29441997063142,0.0,2.0,2,12.021343033431869,1,,2323.9013157894738,2372.0,735.0,3946.0,1059699.0,609.6946390426813,0.43882157048698134,2.32496451332127,3.129539894036927,-0.3898211947251155,16.19337295511639,11.956807608882329,2.911313454217734,1.3543224483336884,453.9999999999999,82.3788747344351,0.8406863697775274,0.9912663755458513,3.8662321589441677
ID45775,45775,10,590.0,498.3209718670077,116.06635407786304,0.0,25.0,25,13.66340910046952,1,,2227.6118644067797,2217.0,728.0,3940.0,1314291.0,576.935911552542,0.5089752643762327,2.604692750380445,0.7364416558312037,-0.11827689255367557,16.911176506380716,11.86666137061708,2.7009537473581964,1.4250997798129057,586.5000000000002,91.1570051494178,0.8869472334301972,0.9857142857142863,3.764055690240835
ID45461,45461,10,523.0,499.8960522126711,116.33635784781917,0.0,12.0,12,12.908726715567822,1,,2265.8438095238093,2266.0,630.0,3982.0,1189568.0,590.7242953487107,0.48231386718861713,2.4961156858160147,1.8616769432119282,-0.02812159491598833,16.668200349678674,11.977686060499712,2.752539996560504,1.3916043771298572,523.4999999999999,86.7691686642533,0.8737670776274903,0.9877358490566036,3.792338486369198
ID45527,45527,10,583.0,498.56152512998267,117.17215482380126,0.0,20.0,20,13.552298857686367,1,,2237.1761658031087,2243.0,940.0,3784.0,1295325.0,553.4549959840793,0.485499535662006,2.6421907381202447,0.6989601082051382,-0.14053882563649317,16.773290007942528,11.948475986339435,2.679967681237814,1.4038016251712144,577.0,90.78258891269485,0.8797930964385152,0.9771380186282811,3.77932862681752
ID45212,45212,10,486.0,500.69712525667353,115.47091033538673,0.0,9.0,9,12.450578884995911,1,,2317.565573770492,2339.0,775.0,4079.0,1130972.0,614.7013262855768,0.48604192771063265,2.4662695917884765,2.2632128683583814,-0.15953709034158947,16.386818038663723,11.82927191488689,2.8179972079795323,1.3852769770252096,487.0,84.10007392665887,0.8652588900532675,0.9908443540183113,3.8109381196883008
ID45661,45661,10,587.0,498.3084258468545,116.93723313407344,0.0,21.0,21,13.65175587097167,1,,2218.74358974359,2221.0,736.0,3989.0,1297965.0,553.0738350509032,0.4897709433625505,2.63771284802384,0.7564460400343409,0.08615510378666902,17.106868354122227,11.815634814688503,2.6714672767089738,1.4478162724575725,585.5,92.70329730051692,0.8561431778010754,0.9856902356902357,3.8311727217958116
ID46109,46109,10,627.0,496.0409054805401,115.976039184538,0.0,38.0,38,14.155425580062799,1,,2220.9109697933227,2220.0,705.0,3994.0,1396953.0,592.0493731217581,0.5062875643499676,2.521695182909546,0.14225545392354258,0.0015853075325040027,17.535076540257737,11.688796841949047,-0.4906968087620415,1.5001609470469548,629.5,94.74787651638933,0.881184050387245,0.9812938425565082,3.7763446030973222
ID45278,45278,10,486.0,500.7618556701031,115.54776632302405,0.0,7.0,7,12.424986712231869,1,,2303.2633744855966,2310.0,776.0,4045.0,1119386.0,593.7080407972862,0.47567653837591184,2.5010433852571197,2.458647047312981,-0.1891272277235693,16.134893799201002,11.737881202565138,-0.20877715804979374,1.3746001957895913,485.0,83.7178277433419,0.8695923301392948,0.984771573604061,3.801430735015617
ID45983,45983,10,625.0,496.41592801504163,116.03881278538812,0.0,36.0,36,14.053870796938545,1,,2222.4967637540453,2189.0,783.0,3871.0,1373503.0,553.7330692518073,0.5035126749276913,2.6882768131690833,0.11507708613330624,0.12293857035364307,17.200476878000966,11.870633303766397,2.660048890422127,1.4489940374574186,620.4999999999999,92.96884672580663,0.9021458646069084,0.9825811559778306,3.732214112041931
ID45408,45408,10,459.0,501.3750907770515,114.68736383442265,0.0,0.0,0,12.087358593107094,1,,2326.5411255411254,2336.0,586.0,3760.0,1074862.0,577.8318415712778,0.43741114315990154,2.450462691493107,2.8943374202962713,-0.5966632916672812,16.314992208079328,11.626722352452372,2.787458600826654,1.4032322879575843,458.99999999999994,81.00191810464234,0.8790871738155692,0.9945828819068254,3.780845756333285
ID45728,45728,10,591.0,498.06545094713033,116.77424370935822,0.0,24.0,24,13.698309308281246,1,,2226.910472972973,2193.0,591.0,3871.0,1318331.0,589.338994566106,0.5122374471882364,2.5598759006400114,0.7963548020695302,-0.033668387236906926,17.17224833853989,11.874479693587087,2.728739881033289,1.4461474339641094,589.5,90.94366524454239,0.8956715237358679,0.9924242424242424,3.745678934962145
ID45922,45922,10,626.0,496.7659771943782,116.91076637496685,0.0,32.0,32,14.144177723236952,1,,2190.7360890302066,2146.0,801.0,3937.0,1377973.0,587.5775083589103,0.4898729094690082,2.4518228873696413,0.2402838435329732,0.1220453854413708,17.395779723566793,12.120160881842205,-0.4959721212263689,1.4352763047583177,628.5,94.29601593567088,0.8882361782620911,0.9858823529411767,3.7613236344985292
ID45283,45283,10,505.0,500.42654808959156,115.78392621870883,0.0,10.0,10,12.69113085619237,1,,2269.603550295858,2272.0,726.0,3936.0,1150689.0,590.3325406285171,0.47497725947558317,2.4761147503005536,2.563194650963893,-0.446281603731057,17.040888451997503,11.831214469787371,2.7857007731059094,1.440332984877736,506.0,85.03561774670604,0.879343664294251,0.9921568627450981,3.7802943100087325
ID46054,46054,10,638.0,496.1963254593176,115.6524934383202,0.0,37.0,37,14.217129728841439,1,,2187.845425867508,2146.0,689.0,3808.0,1387094.0,551.1120781407056,0.49509342426284175,2.629211532855833,0.002947169074111237,-0.030612440461543884,17.494543261789563,11.870720168350866,-0.4954991589200287,1.473755847470203,634.9999999999999,95.90602244804936,0.8675446380906273,0.9746738296239446,3.805914407246259
ID45863,45863,10,627.0,497.134743282788,116.78518222931632,0.0,31.0,31,14.121655132956082,1,,2193.744,2153.0,742.0,4134.0,1371090.0,574.2377961597977,0.487308435589986,2.5033815988460923,0.37167414957844674,0.05389858846609998,17.379343316687375,12.17731194463526,-0.47349672194988895,1.427190450216222,626.5,94.28467083877754,0.8856227432157592,0.9835164835164837,3.76686929928815
ID45483,45483,10,506.0,500.2992087042532,116.130398944939,0.0,13.0,13,12.684858984864839,1,,2304.0767716535433,2321.0,757.0,4010.0,1170471.0,579.4326954292086,0.4985649923274607,2.6458799878071226,1.511937044409255,-0.1280727717269921,15.96891151166586,11.809484241032422,2.6661747237287186,1.352210747373825,505.50000000000006,84.88722228799529,0.8815488406532984,0.9970414201183432,3.775563185080231
ID45995,45995,10,633.0,496.47989417989413,116.13439153439154,0.0,35.0,35,14.161046158239445,1,,2187.7337559429475,2154.0,593.0,3918.0,1380460.0,561.460399133577,0.5133973074592963,2.643662210794701,0.07847511664424943,0.04823622184251389,17.503549118509536,11.839739400370544,2.6611570610914326,1.4783728363110538,630.0,94.74299553532529,0.8819748266393992,0.9790209790209791,3.7746512932620506
ID45232,45232,10,465.0,501.02303815694745,114.87616990640748,0.0,3.0,3,12.139912573947766,1,,2350.7219827586205,2365.0,869.0,3793.0,1090735.0,566.3880770787529,0.44839732669326277,2.5697593914599963,3.2377449051371356,-0.4469271330210608,16.827813202079593,11.52960418274661,-0.25102072223319666,1.4595308681334827,463.00000000000006,82.04804743273887,0.8642797836923223,0.9861554845580406,3.8130961347549706
ID46065,46065,10,625.0,496.57675791733766,115.96645195920559,0.0,40.0,40,14.05953197372281,1,,2223.8161290322582,2199.0,747.0,4093.0,1378766.0,563.9333835913352,0.4916510915379726,2.599506000616701,0.34782328390666134,0.1058083912847266,17.384617590751834,11.871822577587848,2.6739408658268564,1.4643596193537531,621.0000000000001,94.82157180157706,0.867934924291411,0.977183320220299,3.8050586040887904
ID46130,46130,10,457.0,501.16146993318483,115.46362286562731,0.0,1.0,1,11.954962939989485,1,,2292.592017738359,2344.0,652.0,3894.0,1033959.0,603.1409028876601,0.4437620516174714,2.3366438800657665,4.006046598123285,-0.5421744371107028,17.167072444703624,11.795440286452143,-0.2783648292437694,1.4553990379164703,449.00000000000006,81.01119222681113,0.8597380692012571,0.9889867841409693,3.823154537122472
ID45746,45746,10,623.0,497.1751727804359,115.9144072301967,0.0,29.0,29,14.12728914679801,1,,2161.3259141494436,2122.0,688.0,4013.0,1359474.0,597.675302998751,0.4933379638969339,2.3893038178372663,0.8673889502922798,-0.1933481955472441,18.110768210368082,11.880049310273069,-0.38625422100468065,1.524469110974742,627.0000000000001,94.67173721803755,0.8790968258262523,0.9819890368050117,3.7808250004491057
ID45299,45299,10,473.0,501.0803255484784,115.27671620665252,0.0,4.0,4,12.244343853084386,1,,2355.4535864978902,2373.0,696.0,3885.0,1116485.0,591.0453767487874,0.45970307650201914,2.510132281556152,2.8099528215263483,-0.19637008385278704,16.22307673762362,11.782693962874708,-0.21132585412482183,1.3768563274867203,471.0,84.02663150420886,0.8382949766683447,0.9771784232365145,3.87174280664606
ID45683,45683,10,576.0,498.36204906204904,116.74184704184705,0.0,22.0,22,13.558169466087191,1,,2239.5371329879104,2242.0,638.0,3758.0,1296692.0,582.5266585099868,0.4871006884112499,2.5185514489455936,1.1799988336879677,-0.049126790391075856,17.498251095799123,11.694571469478555,2.7127829625586126,1.4962712521333068,577.4999999999998,91.49170793958746,0.8669586472009647,0.9846547314578001,3.807200428466516
ID45876,45876,10,628.0,497.2418926103137,115.08213716108453,0.0,30.0,30,14.127289146798006,1,,2171.9506369426754,2127.0,625.0,4009.0,1363985.0,562.3682570794397,0.5045077853601605,2.590195713914393,0.7126869589594055,0.07843768195441873,17.923184994863387,11.991596352268992,2.6739666722809123,1.4946454557296742,626.9999999999999,95.30101530591995,0.8675257009202018,0.9812206572769953,3.8059559465668595
ID46009,46009,10,631.0,496.5047281323877,116.63553979511427,0.0,39.0,39,14.211531331408846,1,,2190.38147566719,2155.0,578.0,4052.0,1395273.0,599.8277849042192,0.4749118992817392,2.3516362514793254,0.1546146603295833,-0.07071802123329941,17.373031053149557,11.897574622486738,2.688493000546723,1.4602161872819068,634.5000000000002,94.14420607361834,0.8996100442960474,0.9867807153965787,3.7374705919776035
ID45243,45243,10,485.0,500.82784071404046,114.3273257809818,0.0,6.0,6,12.431389694729642,1,,2290.4815573770493,2316.0,842.0,3867.0,1117755.0,577.8752660114425,0.4714867738779215,2.540012419300693,2.5868266906033015,-0.14649036552361472,16.22388603863879,12.03213777143447,-0.2314346009396783,1.3483793442887562,485.49999999999994,84.30105835724176,0.8584856581745464,0.9887983706720979,3.8259422458111345
ID45628,45628,10,520.0,500.15385846942047,115.68699967979508,0.0,14.0,14,12.87168581649906,1,,2277.47792706334,2301.0,722.0,3899.0,1186566.0,588.9321104863009,0.49589505389895727,2.563938410108522,1.8692667822374742,-0.333697280659465,16.498669706973697,11.79939431523549,2.7032553345807115,1.3982641198515129,520.5,86.56017758670582,0.8729599518427106,0.9895437262357413,3.7940912511913902
ID45756,45756,10,608.0,497.57717569786536,116.48275862068965,0.0,27.0,27,13.923028430838189,1,,2205.972222222222,2176.0,676.0,3875.0,1350055.0,571.4313216517028,0.4863647931646062,2.526403495741087,0.22501449851031283,0.12022634157105477,17.025013860761728,12.074116204933672,2.6825682968624527,1.4100422400941481,609.0,92.6633419505484,0.8912740013630639,0.9894394800974817,3.754908105296163
ID45438,45438,10,509.0,500.1829268292683,116.03170731707317,0.0,11.0,11,12.772384924875725,1,,2261.04873294347,2280.0,590.0,3999.0,1159918.0,589.9021498931721,0.4936290511535092,2.533482440203787,1.80473574153417,-0.10466008220383531,16.202022776961503,11.778809424478073,2.727326091928825,1.3755229576336765,512.4999999999999,86.28178728674978,0.8650983193241366,0.9865255052935511,3.8112917770164287
ID45502,45502,10,564.0,498.8721682847896,116.74624889673433,0.0,19.0,19,13.42842323294576,1,,2231.8491228070175,2241.0,658.0,3830.0,1272154.0,585.9171546982589,0.47382886250327216,2.4492497279733354,1.318089320207653,-0.14037567537755208,16.911430065718765,11.829504872420607,2.788308814727566,1.4295974555237891,566.5,90.51853229704551,0.8688299256623939,0.9818024263431543,3.803098260615459
ID45825,45825,11,758.0,233.580035180299,224.2821020228672,0.0,28.0,28,15.533154661153457,1,,3802.960422163588,3876.0,816.0,6322.0,2882644.0,972.5195177651533,0.6183848351643592,2.988343424350901,-0.019156912609466538,-0.1010739194136344,19.478281083269977,12.636595885750623,0.4181744658877582,1.5414183740127536,758.0000000000001,103.7501168210955,0.88491566032645,0.9831387808041506,3.7683739381487804
ID45380,45380,11,759.0,237.2953600350186,220.455132414095,0.0,4.0,4,15.568974864420476,1,,3485.737187910644,3581.0,503.0,6538.0,2652646.0,1085.4902066502764,0.8282534455452364,2.9095483361700794,0.02026970982029379,0.03457915006014801,18.24775044197359,13.515241014877084,0.5464351059343258,1.3501609347467154,761.4999999999999,103.04627522115412,0.9011875338518613,0.9832149774047768,3.734198019423322
ID45829,45829,11,780.0,236.77355881727294,224.35598808764092,0.0,25.0,25,15.792270128926999,1,,3674.8660714285716,3747.0,795.0,6543.0,2881095.0,1013.3558407320306,0.6424449038682972,2.8369691632919576,0.04384889109612766,0.07139221179934875,19.3251872796511,13.093628621286237,0.41768521493801686,1.4759229728139878,783.5,105.09248476187294,0.8914675597820747,0.9842964824120606,3.754500444061781
ID46085,46085,11,728.0,232.50435280641466,222.27525773195876,0.0,37.0,37,15.21743875291462,1,,4204.824417009602,4363.0,900.0,6902.0,3065317.0,1197.3905175613552,0.6130247872001844,2.669187243583707,0.2560724659468046,-0.167330081852863,19.298290650898878,12.362880571324396,0.5784701664348461,1.5609865791036686,727.4999999999998,103.0834663798503,0.860329537035023,0.9745478901540517,3.8218401211812116
ID46151,46151,11,718.0,232.17082467082466,222.25768075768073,0.0,38.0,38,15.154556505605996,1,,4224.15724137931,4378.0,622.0,6784.0,3062514.0,1258.342482780534,0.6187142548684029,2.5662037991139037,0.3537405310474551,-0.15765312382589927,19.428790202725864,12.35223625796568,0.602267566345203,1.5728965830131911,721.5000000000001,102.48240198464575,0.8632719062202744,0.9890335846470188,3.815321396921273
ID45449,45449,11,746.0,238.92730496453902,222.8269060283688,0.0,11.0,11,15.471555655790098,1,,3611.3604806408543,3746.0,577.0,6372.0,2704909.0,1198.6535542607862,0.8211767808913992,2.717012996228333,0.1142027101335873,-0.04954997559623075,18.651124445951524,13.17344963596877,0.5217523485234881,1.4158117244420563,751.9999999999999,103.18847260327556,0.8874938177815761,0.9842931937172775,3.762896419739379
ID46089,46089,11,723.0,232.76896551724138,223.06850574712644,0.0,40.0,40,15.191269449366246,1,,4233.566298342542,4350.0,831.0,6682.0,3065102.0,1106.9537504146037,0.6299971164877411,2.956368801194351,0.2142409546312823,0.01999781875386029,19.46552272862937,12.45616096905957,0.615638966641021,1.5627224774134403,725.0,105.00923844196488,0.8262145767307266,0.9751176866173502,3.899945208839069
ID45579,45579,11,779.0,238.9088291746641,224.06238003838772,0.0,19.0,19,15.772101193329709,1,,3575.161125319693,3654.0,516.0,6249.0,2795776.0,993.8793879388959,0.7722097667513759,3.1348162957419223,-0.0011576098635261366,-0.11134052812631304,19.124643634313085,13.355153192651098,0.5368100312661752,1.43200481180828,781.5,103.74268966338492,0.9124810195142247,0.9867424242424242,3.7110175847757576
ID46030,46030,11,730.0,232.31050699701768,223.3162422573985,0.0,35.0,35,15.206976435587842,1,,4124.281163434903,4184.0,923.0,6972.0,2977731.0,1133.4588906351248,0.6213210499532791,2.7888138922677816,0.0933710648173977,-0.28631799935874713,19.14397412329005,12.538478943696733,0.5693546330789157,1.526817902654292,726.5,101.89137823055962,0.8793679017135969,0.9891082368958478,3.7802422128093585
ID45903,45903,11,764.0,231.04746281714785,223.3840769903762,0.0,30.0,30,15.574085310927522,1,,3838.0875816993466,3910.0,920.0,6481.0,2936137.0,1011.3777829309464,0.6264238503347908,2.923250398117944,0.09080901641403205,-0.2379973591355241,19.360859252358164,13.025053032638187,0.5058752812707009,1.4864322781522432,761.9999999999998,103.64460350872963,0.891397571103792,0.9902534113060426,3.7546478347292407
ID45650,45650,11,717.0,240.12875087229588,224.24994184694117,0.0,14.0,14,15.101954623514334,1,,3813.934265734266,3939.0,577.0,6543.0,2726963.0,1140.8448021618597,0.7873094752239079,2.945251268130018,-0.010324711923204354,0.05175602561035497,18.91414576572738,12.278807220768808,0.517096514887887,1.5403895040990077,716.4999999999998,101.68030708158788,0.8708680556347111,0.982853223593964,3.798645376542612
ID45586,45586,11,758.0,239.50242184059886,224.2725671510348,0.0,17.0,17,15.522905135351744,1,,3651.928947368421,3728.0,503.0,6117.0,2775466.0,1028.1332202241758,0.787600067326998,3.129956524505739,-0.065906701024614,0.11245688942909847,18.911354995192024,12.901340812924783,0.4988700013115563,1.4658441528996975,757.0,104.40471007489212,0.8727011738155597,0.979301423027167,3.794653731628495
ID45970,45970,11,736.0,231.60261614794769,222.7830401443392,0.0,34.0,34,15.33724244738347,1,,4086.467213114754,4175.0,816.0,6880.0,2991294.0,1096.588534238906,0.6107194013091308,2.825895779684814,0.08223266136894981,-0.04706135222641775,19.316816370870914,12.548055280471234,0.5272002995388734,1.5394271015791607,738.9999999999999,102.59275166624079,0.8823094805807175,0.9866488651535379,3.7739353756821776
ID46163,46163,11,777.0,238.05441302485005,220.63860325621252,0.0,1.0,1,15.736743355948496,1,,3391.3856041131107,3438.0,683.0,6149.0,2638498.0,1002.2772104502119,0.8580491641559356,3.125174584268436,-0.06541255441427243,-0.04221275590919391,18.508365302330255,13.584530014624743,0.5520214415569165,1.3624590090643285,778.0,104.68527114835301,0.8921097718234119,0.9767733835530445,3.7531488057500564
ID45331,45331,11,720.0,237.35750813575083,221.67433751743374,0.0,6.0,6,15.107223053684548,1,,3686.5146443514645,3791.0,653.0,6682.0,2643231.0,1164.9632832204288,0.8468045486297292,2.9019903775099487,0.006342075601868611,-0.010556630345313258,18.32074560333706,12.842136861939165,0.5549715407581486,1.4266119260599923,716.9999999999998,101.18836480872147,0.8799699952249005,0.9768392370572204,3.778948731903928
ID45524,45524,11,720.0,239.99174226564318,223.83565945568736,0.0,13.0,13,15.101954623514338,1,,3787.5652173913045,3886.0,749.0,6660.0,2700534.0,1151.8840473117912,0.807683385071927,2.938327057572568,-0.06835542064197593,-0.1020512272836397,19.072699581803743,12.285138307339883,0.5304396530332853,1.5525018200575373,716.5000000000002,101.42808074709234,0.8752047042342537,0.9869146005509644,3.789222525384176
ID45588,45588,11,783.0,239.5614762816422,224.53403531163582,0.0,18.0,18,15.792270128927,1,,3553.926302414231,3649.0,589.0,6160.0,2796940.0,1039.7232038469351,0.7897528673963797,3.0166076038607565,-0.05042049769397799,-0.09721093987950956,19.184470104744456,13.20787864842934,0.5273337972007794,1.4525019963766734,783.5000000000001,105.89523818853021,0.8780030038705098,0.9738968303293973,3.7831793558192297
ID45589,45589,11,730.0,240.52454691442992,225.26370727231017,0.0,16.0,16,15.206976435587842,1,,3779.214876033058,3867.0,639.0,6298.0,2743710.0,1034.1834056506734,0.7936227255142329,3.233828720306928,0.00389965901378898,0.051571406823648185,18.46368562637432,12.738784616938139,0.4993370523487006,1.4494071594415736,726.5,102.1262422891682,0.8753279130745744,0.973208305425318,3.788955835532322
ID45717,45717,11,798.0,238.12819713038053,224.06934913703475,0.0,23.0,23,15.972644545481762,1,,3582.156054931336,3703.0,667.0,6430.0,2869307.0,1014.2432643929254,0.6805455046479794,2.860482257190351,-0.07725736592588772,0.02198784806814756,19.33483309398341,13.379697815529084,0.4946282331122385,1.44508742727676,801.5000000000001,107.07219280757874,0.8785368786155767,0.9816289038579304,3.7820296881733984
ID45337,45337,11,724.0,237.00857672693556,222.9216504404265,0.0,8.0,8,15.128278427043359,1,,3697.086956521739,3818.0,568.0,6556.0,2636023.0,1182.0359261165413,0.8513215729036285,2.8765422785707764,0.15433342628166918,0.010758825392970262,18.148430630843002,12.907981270853952,0.4924622880113263,1.405985200166188,719.0,100.39702863482668,0.8963900667307846,0.9849315068493151,3.7441773727313143
ID45593,45593,11,721.0,240.88800092656936,224.6716469770674,0.0,15.0,15,15.133537693125078,1,,3814.627260083449,3959.0,650.0,6457.0,2742717.0,1124.971887055549,0.7951014919732773,3.003820622500266,-0.018877764084176255,-0.12252841986261087,18.845691663987232,12.436535910612072,0.5272523755002896,1.5153489524286452,719.5000000000003,102.03838192829362,0.8683874451440093,0.9809134287661901,3.804067057774835
ID46041,46041,11,731.0,232.54374572795626,222.828320802005,0.0,39.0,39,15.259216288638253,1,,4214.541609822647,4367.0,847.0,6901.0,3089259.0,1208.6867302968813,0.6267181570635797,2.6867456249224144,0.22260705410526657,-0.0974986925406626,19.62360288060728,12.243028831696442,0.6007387879178835,1.6028389012531759,731.5000000000002,106.4571946406584,0.8110995483305166,0.9644034278180624,3.9361156676635254
ID45279,45279,11,790.0,237.7795767195767,220.5715343915344,0.0,3.0,3,15.832530921167821,1,,3362.5051020408164,3471.0,476.0,6035.0,2636204.0,1072.1522475208933,0.8453567381003859,2.873400553092608,0.13683420694115073,-0.044668077014888605,18.59794332974661,13.907064203802415,0.5615204622966312,1.3373018961587617,787.5,104.32103986331043,0.9093197244151762,0.9849906191369608,3.717462756195183
ID45472,45472,11,719.0,239.5297951582868,223.55702979515831,0.0,12.0,12,15.09668435477122,1,,3775.239831697055,3841.0,624.0,6814.0,2691746.0,1110.5603682127842,0.7941237447709161,3.009318527597217,0.032618830899335594,-0.12093880696446069,18.244581952478043,12.79455578423635,0.5624383866161207,1.4259644695876388,716.0,100.19725142551623,0.8962130629066487,0.984869325997249,3.744547095635988
ID45603,45603,11,801.0,238.6984621778886,224.03906899418124,0.0,20.0,20,15.977625878690493,1,,3519.605493133583,3597.0,658.0,6245.0,2819204.0,956.7271785466261,0.749781118762194,3.1527290231387877,-0.05323913643240664,0.09388793533530396,19.16527274704746,13.695410551534577,0.5198520222882439,1.3993938096948824,802.0,106.76278920359223,0.884187579012507,0.9792429792429792,3.769925146357748
ID45348,45348,11,740.0,237.19029934728786,221.27402655863153,0.0,5.0,5,15.352800093764557,1,,3549.934051144011,3704.0,429.0,6625.0,2637601.0,1185.853587145663,0.8469466428138595,2.745496603738999,-0.16771891862674387,-0.11365410858528587,18.311502945266867,13.050822394025113,0.5264550520252694,1.4030918812940234,740.5,102.49429970761484,0.885799645080744,0.9749835418038183,3.766493142286396
ID45349,45349,11,794.0,238.79847908745248,220.80207013096748,0.0,2.0,2,15.84760234858923,1,,3344.110969387755,3426.0,578.0,5957.0,2621783.0,965.3855358771417,0.8484752429803061,3.180060811879815,0.13146717789060128,-0.06642030611105115,18.53633373773174,13.96177174440258,0.5205126469450221,1.3276491033570401,789.0000000000001,104.37825674914612,0.910053215756867,0.9862499999999998,3.7159643403081666
ID45223,45223,11,720.0,238.19942329873126,223.37635524798154,0.0,9.0,9,15.165054987298554,1,,3687.707350901526,3789.0,544.0,6339.0,2658837.0,1185.0473052272837,0.8410213126352141,2.8431445666859045,-0.06779987976719609,-0.11437565152591907,18.4000147077509,13.05399259187083,0.5510476659119288,1.4095315726783253,722.4999999999999,100.54502180751962,0.8981038748777287,0.9910836762688613,3.740603250624257
ID45927,45927,11,755.0,231.3730369387304,222.65129396151295,0.0,33.0,33,15.486978376671361,1,,3955.9175531914893,4029.0,877.0,6742.0,2974850.0,1031.982224379769,0.6017992208573002,2.8803718221084886,0.008718824228355147,-0.024289429065171866,19.222726736006233,12.675884806843086,0.5189025451788628,1.5164800744819666,753.5,103.6401133892852,0.8815305380301606,0.9785714285714284,3.7756023796109077
ID45672,45672,11,797.0,238.4829437776374,223.9346178142767,0.0,21.0,21,15.872689592960302,1,,3568.092405063291,3622.0,638.0,6369.0,2818793.0,940.2440924715606,0.7417718451453991,3.2322470984530636,-0.004167495715198194,0.026030512120576013,19.028119871239138,13.443571620909625,0.4964013173178097,1.4154065904363924,791.4999999999999,105.36546899317885,0.8959095665903937,0.9807930607187111,3.745181289120689
ID45740,45740,11,788.0,237.36777210884355,224.4247448979592,0.0,24.0,24,15.797308339337178,1,,3649.516581632653,3737.0,785.0,6464.0,2861221.0,998.7031065333093,0.6513646513673448,2.882770959748834,-0.0025176335934776464,-0.07429270183592997,19.08380764704704,13.348989979058336,0.43053444919329653,1.4296068599186444,784.0000000000001,104.01679193346767,0.9105819060002729,0.9924050632911394,3.7148854261952735
ID45805,45805,11,768.0,231.65448215839862,224.49107919930373,0.0,29.0,29,15.614908671419876,1,,3799.0693717277486,3869.0,819.0,6500.0,2902489.0,964.8150267332862,0.614220595652986,2.9965715466043097,-0.11725625431899216,-0.030797656066086525,19.50085665237656,12.824603316088233,0.4842155506473066,1.520581664144971,765.9999999999999,105.7098090802659,0.8614063258481053,0.9745547073791349,3.819450655582022
ID45361,45361,11,709.0,236.59276177090655,222.55200281096276,0.0,7.0,7,15.049168881362421,1,,3720.340395480226,3854.0,570.0,6449.0,2634001.0,1181.9722920791507,0.8490331822122669,2.8905822829990377,-0.10811325880574418,-0.16556549927454114,18.34862932513055,12.782899833108628,0.5549584763563609,1.4354042951667572,711.5,98.61467788873362,0.9193939624231906,0.991637630662021,3.6970396497207645
ID45426,45426,11,782.0,238.11334183131504,220.46154663267475,0.0,0.0,0,15.802344943431141,1,,3407.0306905370844,3482.0,487.0,5888.0,2664298.0,1030.76754543964,0.8582433563822662,3.0531853290647097,-0.007619931131718873,0.037322316750737654,18.499472101385592,13.825740151980625,0.5357037221299351,1.3380456957839921,784.4999999999999,103.39146388925255,0.9222176783228538,0.9924098671726754,3.691375372635338
ID46132,46132,11,729.0,233.5525711662075,223.41207529843894,0.0,41.0,41,15.201742576738763,1,,4280.535269709543,4424.0,733.0,6526.0,3094827.0,1091.411827948762,0.6202184070829133,3.0026900775572516,0.24536450235145066,-0.12660357015779158,19.256047293909017,12.386088069973237,0.6341541462266586,1.5546512494602844,726.0000000000002,102.22784777541705,0.872987548821673,0.9810810810810814,3.794031281101275
ID46005,46005,11,737.0,232.1958587915818,222.8498529078977,0.0,36.0,36,15.311277907946216,1,,4089.63537414966,4202.0,799.0,6825.0,3005882.0,1169.2674132808927,0.6158943196431449,2.666207724726664,0.02118375117931756,-0.09440784289655234,19.476429103146152,12.250971334780319,0.5974993217347419,1.5897865214860858,736.5000000000001,103.3191688503701,0.8670034138417757,0.9742063492063495,3.807102137172924
ID45879,45879,11,773.0,230.92921492921494,224.03474903474904,0.0,31.0,31,15.726626515715486,1,,3825.6821705426355,3868.0,787.0,6423.0,2961078.0,1056.6533538668077,0.6149906296630329,2.757432173366346,0.0026284722007241723,-0.20640585532591635,19.236324976824072,13.164472604148077,0.5007253099156412,1.4612302030817987,777.0000000000001,104.05065111521388,0.9018644713214673,0.9910714285714288,3.73279631597423
ID45946,45946,11,777.0,230.8140407288317,223.1610932475884,0.0,32.0,32,15.731685749082875,1,,3818.669689119171,3895.0,954.0,6492.0,2948013.0,983.863694894086,0.5997320845629048,2.910162115089656,0.10186058235971034,-0.028627221481325613,19.091563007015434,13.276183043322568,0.511604335502096,1.4380310172521904,777.4999999999999,104.70238161926405,0.8912450704038056,0.9848005066497783,3.7549690493706063
ID45819,45819,11,783.0,235.58349267049076,224.055980454642,0.0,27.0,27,15.802344943431141,1,,3684.335031847134,3797.0,732.0,6103.0,2892203.0,987.2312181914195,0.6098710268561641,2.8275946317601415,-0.02093161162628806,0.1058404107513024,19.167637027163213,13.263398455550547,0.47818633817418765,1.4451527707170575,784.4999999999999,106.29977891239703,0.8724450630639596,0.978789769182782,3.7952106608541065
ID45372,45372,11,726.0,238.20383194829176,223.04616805170824,0.0,10.0,10,15.159806655254439,1,,3715.236768802228,3815.0,664.0,6389.0,2667540.0,1116.4592428447522,0.8528334687258415,3.063384191845575,0.09294182375399422,0.07355350664456574,18.68633222751055,12.604232341731212,0.5873303823580225,1.4825442534601796,721.9999999999997,101.52704376650502,0.8802044911291352,0.9849931787175987,3.778445322164164
ID45821,45821,11,797.0,236.42344900105152,224.33722397476342,0.0,26.0,26,15.88271339540741,1,,3641.468434343434,3728.0,578.0,6465.0,2884043.0,1043.068330146114,0.6291819960125118,2.6965002856087077,0.018883190847948605,0.06011624907445437,19.24888191915613,13.296914230064244,0.41749997684169954,1.4476202212115141,792.4999999999997,104.86984995120194,0.9055404226976065,0.9893882646691631,3.7252121534720057
ID45694,45694,11,792.0,237.9235541535226,223.2608832807571,0.0,22.0,22,15.882713395407414,1,,3568.1561712846346,3656.0,575.0,6481.0,2833116.0,985.0066352153984,0.7029272117750976,2.99053551781064,0.06088027443937942,-0.040819671960360605,19.130060305307776,13.715583030004247,0.536012574474878,1.3947682911808272,792.5,104.37530045048325,0.9141419888446356,0.9912445278298937,3.707644646591543
ID45824,45824,12,512.0,102.8937338501292,415.15439276485785,0.0,27.0,27,12.815923738491737,1,,442.7145631067961,447.0,270.0,579.0,227998.0,63.98533150203634,0.4227665885660039,4.111879502262497,-0.3637001371175201,-0.2578894531380599,18.632763484067663,9.62571054426671,-1.0113352962289108,1.9357286299415846,516.0,91.46594175922002,0.7750696744856473,0.9671977507029054,4.0265635659916
ID45826,45826,12,539.0,102.73560535325241,415.10068471833176,0.0,26.0,26,13.055839461766519,1,,434.7161654135338,437.0,267.0,614.0,231269.0,68.25188946947459,0.41803869615483913,3.755342128949652,0.11421573140691108,-0.07540165571775741,18.671517076380088,9.172850248929345,-0.9787040343209623,2.0355196661538684,535.4999999999999,93.95457971098126,0.7623131840812858,0.9745222929936301,4.060113894229113
ID45379,45379,12,561.0,111.12827380952382,405.71726190476187,0.0,10.0,10,13.351162356249091,1,,403.9210053859964,400.0,259.0,567.0,224984.0,56.829141314861566,0.37990470999735415,3.913640424793923,-0.03427148692712399,-0.03166928023485415,17.965807514789876,10.137085277844657,-1.1036901386675182,1.7722853288070355,560.0,91.29932296822868,0.844233880208244,0.980735551663748,3.8581005630215723
ID45831,45831,12,507.0,103.04174884944115,415.03747534516765,0.0,28.0,28,12.70366530947592,1,,449.62970297029705,451.0,273.0,606.0,227063.0,67.61650372727419,0.4277531768507842,3.9844867484172477,-0.3738692513864574,-0.1987602317559482,18.7505987914092,9.227839775818225,2.1008036789503444,2.0319597269715923,507.0,91.87462373524191,0.7547909362623739,0.9778206364513018,4.080295288095193
ID45833,45833,12,525.0,103.22647151400692,413.8600881334592,0.0,25.0,25,12.982491468678777,1,,432.70188679245285,436.0,270.0,584.0,229332.0,64.61087388968417,0.41416489794324796,3.9227118230298377,0.04803977248957554,0.0753557815381507,18.824896377079433,9.2546443040016,2.1379989537898303,2.034102636331444,529.5000000000002,91.69888029466941,0.791312020773999,0.9706691109074248,3.985025001561599
ID45450,45450,12,574.0,111.35284764382769,405.43206128939,0.0,11.0,11,13.546425705142866,1,,400.3385689354276,400.0,263.0,545.0,229394.0,54.39730681621621,0.37917689324139126,4.046708494843778,-0.16861613174816104,-0.14988306783951896,17.91512862484583,10.633987997856268,2.035897766785296,1.684704612085079,576.5000000000001,92.42654694076138,0.8480387934902899,0.9837883959044367,3.849435722920489
ID46090,46090,12,516.0,104.39680184635675,418.5834157599736,0.0,37.0,37,12.684858984864837,1,,455.27810650887574,461.0,301.0,593.0,230826.0,61.83328642601491,0.4263010674937683,4.401387900026037,-0.4387547908389504,-0.21475942369905068,19.512123890086794,9.018867369266882,2.0523366206851823,2.1634783051114854,505.5,94.32185363895029,0.7140134123868561,0.9749276759884281,4.195191084702374
ID46156,46156,12,511.0,103.97465886939571,418.7998700454841,0.0,38.0,38,12.778613837669743,1,,456.42578125,463.0,307.0,590.0,233690.0,61.15162221547478,0.43080349669744805,4.494603728416456,0.12349160580050239,-0.11981581371721801,19.881015289939043,8.604432891887527,-1.0749179771172812,2.3105549825001668,513.0000000000001,94.85854719227005,0.7164308709407526,0.9725118483412324,4.188107170011437
ID45390,45390,12,505.0,109.94025157232704,404.71185038066864,0.0,4.0,4,12.659740427573492,1,,419.664,417.0,267.0,562.0,209832.0,59.41902342423152,0.3840416382008833,3.919542333376791,-0.054476102105501904,0.17838403147399534,17.8069515067687,9.318939389910144,-1.1553221480776823,1.910834566222069,503.50000000000017,88.27199138891594,0.8120139502730408,0.9757751937984499,3.9338988303561333
ID46095,46095,12,523.0,104.10649474689589,419.72604266157276,0.0,40.0,40,12.908726715567823,1,,459.4397705544933,469.0,272.0,633.0,240287.0,67.7933932061183,0.4349265014638205,4.108255308044142,0.2711343901153936,0.0737756985757077,19.70504393644907,8.862095702974086,-1.0515098851451323,2.223519650079623,523.5,94.65613066680743,0.7342248091451382,0.9658671586715867,4.1370465203778215
ID45584,45584,12,562.0,108.03137079988106,409.0854891465953,0.0,19.0,19,13.357121366747203,1,,412.6666666666667,411.0,262.0,551.0,231506.0,57.63590564090775,0.39597851228339914,4.061899278593764,-0.08068094593360582,-0.05659717518963129,17.997022502914927,10.263165575424267,-0.9568756148187417,1.7535547264296134,560.4999999999999,92.25721592183716,0.8275319907253411,0.9824715162138471,3.89683965587058
ID46034,46034,12,497.0,104.16434262948208,417.58997343957503,0.0,35.0,35,12.640868754332628,1,,462.12375249500997,468.0,279.0,594.0,231524.0,64.30736081266761,0.4353677619667313,4.359339372362621,-0.08655819883216222,-0.13990112671304178,18.972898141680034,9.105827155044114,2.0247421102571965,2.0835996355553617,501.99999999999994,90.50581674437107,0.7701238927078524,0.9901380670611438,4.039472290237547
ID45651,45651,12,587.0,109.63610639501981,408.383701188455,0.0,14.0,14,13.692498784453214,1,,398.3174872665535,398.0,221.0,585.0,234609.0,62.011377465526664,0.380704470424279,3.5422175978250605,-0.16359756190896785,-0.06382088214099317,18.267640915517976,10.72621731242823,2.1434806257320873,1.7030832383333934,589.0,93.85052241783244,0.8403336795596766,0.982485404503753,3.8670434076485987
ID45907,45907,12,496.0,103.98537414965988,415.75612244897957,0.0,30.0,30,12.488868813069399,1,,458.7959183673469,466.0,302.0,595.0,224810.0,64.0852830272959,0.4293329561058685,4.300827796741326,-0.2509917779650097,-0.04880939123743869,19.91789794146373,8.362845026611094,2.119537679221824,2.3817131464332695,489.99999999999994,93.36389819206903,0.7063956095438098,0.9450337512054003,4.217750993128783
ID45972,45972,12,484.0,104.41913013931364,417.17482161060144,0.0,34.0,34,12.495239060264087,1,,468.08811475409834,474.0,279.0,613.0,228427.0,64.98550163792379,0.4380893049588649,4.3885184495377265,-0.03502087264181293,0.18302312034574614,19.214712881299068,8.83744150053695,-1.0910763376802366,2.1742393293501983,490.5,90.26648005893678,0.7564772308883069,0.9879154078549849,4.0757449735177005
ID46165,46165,12,554.0,111.35071942446044,406.3348321342925,0.0,1.0,1,13.303394180365688,1,,399.5017985611511,401.0,237.0,578.0,222123.0,60.55849674728462,0.3697120210235973,3.5612950237704286,0.09235078385723965,0.10521683130981788,17.81495327008876,10.231226723180953,-1.2113908746986073,1.7412333586279847,556.0000000000001,91.3017258485035,0.8381595190739315,0.9780123131046617,3.8720556562688153
ID45718,45718,12,543.0,104.3159433671899,411.5701754385965,0.0,23.0,23,13.128777679910748,1,,426.6604823747681,428.0,250.0,571.0,229970.0,60.32749637067863,0.40360798386129276,4.067345192078592,0.053937606750205556,-0.12274313659596722,18.168679352753916,9.802000053991616,2.2393288612593807,1.853568583215339,541.5,95.3977618187872,0.7477078733722158,0.9558693733451015,4.099576123852491
ID45592,45592,12,554.0,108.49669073405535,408.7397713598075,0.0,17.0,17,13.279445656570909,1,,415.3309090909091,417.0,261.0,584.0,228432.0,54.899042538713665,0.39083687595532485,4.251858612798882,-0.08853472141886383,-0.09896663812715073,17.961209871843664,10.18336840091405,2.1841466650531167,1.7637788563390755,553.9999999999999,92.54965880968771,0.8127743410823498,0.9744942832014069,3.9320582207802817
ID45594,45594,12,564.0,108.14157071154413,409.07720696781814,0.0,18.0,18,13.404698085027869,1,,409.3904593639576,411.0,244.0,556.0,231715.0,59.63292890425653,0.39137955665509894,3.862194059532565,-0.16749887270824632,0.006001932609742592,17.941277017996928,10.625833487395276,-0.9353227483896799,1.6884583255778927,564.4999999999999,91.94170398691443,0.8391676114309929,0.9851657940663174,3.8697292064329623
ID45532,45532,12,571.0,110.48917178811824,407.3004097161253,0.0,13.0,13,13.46393256748075,1,,403.0457746478873,403.0,252.0,542.0,228930.0,56.67259243618263,0.38208089152942604,3.932177779456397,-0.12544984382311397,0.05529790474875719,18.54193679808266,10.240830844452187,2.1273339287988304,1.810589109391204,569.5,92.47224719470923,0.8369138771340877,0.985294117647059,3.8749361208565607
ID45596,45596,12,570.0,109.32532751091703,409.1200873362445,0.0,16.0,16,13.499348496880142,1,,407.9160839160839,410.0,255.0,554.0,233328.0,56.67645557470343,0.38981602785353275,4.037388286977474,-0.09242273267755123,-0.14584357940596435,18.540504060366832,10.201328883985992,2.1546292074006557,1.8174596928711557,572.5,96.44102344232712,0.7735025219365821,0.9638047138047137,4.030640505756331
ID45341,45341,12,509.0,110.57649739583333,403.958984375,0.0,6.0,6,12.766152972845846,1,,419.1095890410959,420.0,273.0,582.0,214165.0,58.00848252734168,0.38998281398051426,4.054171594795067,0.0326683708337666,0.16265567718773238,17.520408848713647,9.483332497755091,1.9543828240864438,1.8474949447212892,512.0000000000001,88.87799331631466,0.8145004786771038,0.983669548511047,3.927889485763671
ID46046,46046,12,545.0,104.12450351359608,419.15352887259394,0.0,39.0,39,13.177178867772032,1,,447.5805860805861,458.0,260.0,610.0,244379.0,64.64237474933809,0.4298480234282134,4.163024707082314,0.2491604695098502,-0.09275267851881819,20.57316006224743,8.888027493823072,2.1238016128813895,2.3147048179751013,545.5,95.5069212929792,0.751510283420773,0.9732381801962533,4.089191676831573
ID45599,45599,12,566.0,109.53638497652582,408.8744131455399,0.0,15.0,15,13.446189622059965,1,,404.1929203539823,405.0,245.0,561.0,228369.0,56.96723538347769,0.38451493704081535,3.9410244030039236,-0.4963767422484027,-0.3231918790528272,18.010184171952943,10.844773679689888,2.1674876278430615,1.6607247605067543,568.0,92.62930479759518,0.8318813550130791,0.9886858137510879,3.8866392909061975
ID45473,45473,12,580.0,110.95690639269407,406.5262557077626,0.0,12.0,12,13.634257351661434,1,,398.663807890223,402.0,246.0,595.0,232421.0,57.185868450374294,0.37479545364282435,3.8010563878009007,-0.10018129052314265,0.02275562676764831,18.269236956688946,10.498135482620603,-1.048304807445778,1.7402363483433039,584.0000000000002,92.6479270092563,0.8549708310923227,0.9873203719357567,3.833798497983144
ID45346,45346,12,527.0,111.31025151225724,403.98774275708377,0.0,8.0,8,12.908726715567823,1,,412.48659003831415,414.0,246.0,582.0,215318.0,57.60402267440242,0.3845516084913791,3.977704355989886,0.04096963327464727,0.029931819547750583,18.150577982111702,9.409477605497779,1.9942647259530322,1.9289676582583781,523.5,89.12925596060329,0.8281061077621934,0.9849482596425212,3.8954886032012643
ID45224,45224,12,539.0,111.31296296296296,404.4756172839506,0.0,9.0,9,13.110581167104948,1,,408.62894248608535,407.0,215.0,569.0,220251.0,55.616112982021924,0.38319349540884934,4.070930398160394,0.07409225254014445,-0.04900407637292791,18.071793053700347,9.712115615039723,-1.1332444241937798,1.860747315004696,539.9999999999999,91.43301916292596,0.8117036569791337,0.9747292418772561,3.934650672349732
ID45609,45609,12,578.0,107.14155251141553,409.79195205479454,0.0,20.0,20,13.634257351661434,1,,407.85714285714283,411.0,212.0,581.0,236965.0,61.40281279159143,0.3934873554795139,3.7512633233384967,-0.12912906031127205,-0.043119251399850705,18.11073051960459,10.456149775302551,-0.9254217683337682,1.7320649482644344,584.0000000000002,93.98569381064452,0.8308052028269068,0.9831649831649834,3.889155682103426
ID45673,45673,12,549.0,106.09785932721714,410.4880733944954,0.0,21.0,21,13.171138446245484,1,,415.8821362799263,416.0,254.0,599.0,225824.0,56.00438927055725,0.39418307700311006,4.19910142476366,0.00883767600611716,0.05254800426296299,18.02556646527396,9.725208460586122,-0.9477803805905066,1.853488954846279,545.0,93.64157421614374,0.7810322271333258,0.9680284191829485,4.011164332937555
ID45291,45291,12,509.0,110.17091087169442,405.57802807704866,0.0,3.0,3,12.747438836755608,1,,414.5499021526419,414.0,277.0,594.0,211835.0,59.30939940543609,0.38250210289147374,3.867686931313438,-0.025285177591090693,0.047414721474286166,17.33334340871019,9.555709709077219,-1.1678711052918536,1.8139252799030503,510.50000000000006,88.8827554403612,0.8120272268849296,0.9668560606060607,3.9338666706823333
ID45355,45355,12,497.0,110.24741408074742,404.4703036369703,0.0,5.0,5,12.609353201048952,1,,420.594,420.0,263.0,578.0,210297.0,59.43489022748094,0.3893253864843435,3.9660698221783997,0.010016357562672279,-0.12116395080387596,17.371076610551892,9.356652432777107,-1.1861036579748419,1.8565482404475784,499.5,90.13895324490358,0.7725388623427357,0.9699029126213592,4.033153618731391
ID45931,45931,12,491.0,104.5,416.7510909701242,0.0,33.0,33,12.571430248394654,1,,463.7737373737374,471.0,262.0,605.0,229568.0,64.76901747492956,0.437068401017861,4.355527975768271,-0.11580248456525465,-0.0678044137226818,19.626065349570787,8.290795724485381,-1.1048362025922682,2.3672113029644084,496.5,94.36077597423505,0.7007225754795741,0.9584942084942085,4.2347899839753795
ID45356,45356,12,536.0,111.20661672908864,406.3845193508115,0.0,2.0,2,13.037541149394091,1,,402.12359550561797,404.0,248.0,557.0,214734.0,54.94113928148148,0.3681621434866373,3.9390677651363593,0.013650638890979415,0.05369067111262422,17.136746845207504,10.137890502719765,1.9412222166842878,1.6903661408268422,534.0,89.60317546979405,0.8358037570714046,0.9753424657534246,3.877508624792264
ID45742,45742,12,542.0,103.62764003673095,412.5526476890113,0.0,24.0,24,13.165095253247278,1,,424.9194139194139,427.0,242.0,584.0,232006.0,62.18543524293392,0.40786868456701725,3.9591878166859757,-0.017684833871414948,-0.04395046499655097,18.745491368473722,9.459416425735544,2.1811311452680386,1.981675245575851,544.5,92.76913987194548,0.795061434935586,0.9697239536954586,3.9756174477755137
ID45427,45427,12,552.0,111.75634057971014,406.94987922705315,0.0,0.0,0,13.255453865237978,1,,405.3454545454546,409.0,254.0,575.0,222940.0,58.80801965737768,0.37214091733601945,3.7387588725325984,0.031759515500213706,-0.018229673467007112,17.6134603388189,10.14194539268781,-1.2204872513531855,1.7366944562251283,552.0,91.23980306886241,0.8332594799266235,0.971830985915493,3.883423911375562
ID45812,45812,12,491.0,103.55970658478334,416.06977140907543,0.0,29.0,29,12.469738545806873,1,,456.30879345603273,462.0,282.0,595.0,223135.0,64.6256618729486,0.42875116903074756,4.237722830746551,-0.48073386546688895,-0.2519539063576742,19.011431774026015,8.970408267089159,2.091638243809773,2.1193496670352894,488.49999999999994,92.25775105996753,0.7212215661227392,0.9587831207065749,4.174174298712822
ID45368,45368,12,531.0,111.04280338664158,403.8392913138915,0.0,7.0,7,13.006986757381004,1,,413.84774436090225,418.0,257.0,570.0,220167.0,58.21834780606418,0.38755757902565185,3.970963838358237,-0.040615670531078604,-0.037078096177081334,17.663489275437808,9.832237610865443,-1.1653449276016619,1.7964872264598426,531.5000000000001,89.59429738876638,0.8320556938062882,0.9770220588235294,3.8862320900986265
ID46010,46010,12,524.0,104.28223495702005,417.9810569882203,0.0,36.0,36,12.908726715567822,1,,456.42256214149137,460.0,263.0,585.0,238709.0,65.98115390057382,0.43686294630022726,4.206366005214176,0.09202899228132767,-0.11189684553911304,19.412700856167625,8.8637388546423,2.03424280137023,2.190125541210006,523.4999999999999,93.34203710384746,0.755043547646374,0.9694444444444442,4.079612668351576
ID46138,46138,12,541.0,104.19677419354839,418.95960061443935,0.0,41.0,41,13.140894690039431,1,,452.3604436229205,462.0,266.0,609.0,244727.0,63.378532314351965,0.43325286652886846,4.315101989445916,0.12031570946622941,0.022445587993176683,19.407698158954336,9.35559572170144,2.0989350167283116,2.0744481416544995,542.5000000000002,95.02189837015031,0.7550265113265379,0.9739676840215444,4.079658694016325
ID45883,45883,12,490.0,103.8686714237173,416.64610941216444,0.0,31.0,31,12.495239060264087,1,,459.7852760736196,465.0,304.0,602.0,224835.0,63.292717933562294,0.42997063276321507,4.368607078120047,-0.23727722128499365,-0.19722675825035432,19.889941861262045,8.41024859578913,2.094323614717017,2.364964796786222,490.50000000000006,93.24852062863843,0.7088673519683075,0.9627085377821397,4.210391155077586
ID45948,45948,12,510.0,104.1259765625,417.2955729166667,0.0,32.0,32,12.766152972845845,1,,451.912109375,460.0,278.0,595.0,231379.0,67.07867047814241,0.43036078336561445,4.054026873419243,0.05918710169874291,0.021496038185148413,19.025691993915565,8.838400492427876,-1.071666173468878,2.152617095165064,511.9999999999999,92.26912264721997,0.7557306615997863,0.9799043062200955,4.077757644873906
ID45695,45695,12,549.0,105.01744009705794,410.7244464664847,0.0,22.0,22,13.225402922330682,1,,418.9143897996357,421.0,273.0,572.0,229984.0,56.64125447599307,0.40153085595126176,4.237782585486464,0.11290952288893767,-0.06303841090452399,18.710192170709853,9.506104066385047,2.217491713341227,1.9682292598575464,549.4999999999999,94.16460665551337,0.7787573660632809,0.9615048118985123,4.017018651598856
ID45248,45248,13,553.0,377.73237753882916,139.05465949820788,0.0,6.0,6,13.327299669871435,1,,1499.6229802513465,1485.0,657.0,2393.0,835290.0,334.21583521271026,0.7258779176609402,3.7743187298238174,-0.06292763354817474,-0.09711416628321905,18.31807959578085,9.803615242681712,-0.5182571974336511,1.868502500590799,558.0000000000001,94.23614466355662,0.7896034597304649,0.9687500000000002,3.989334113426671
ID45635,45635,13,582.0,377.4600574712644,139.10402298850573,0.0,14.0,14,13.58748446131949,1,,1471.844827586207,1486.0,682.0,2334.0,853670.0,313.6336488483864,0.7308418453209599,3.9631032780949527,0.07570964559165123,-0.06507863884404393,18.220040155912294,10.542458602315316,-0.5450303069359423,1.7282534220158894,580.0,94.76291229173835,0.8116355465975391,0.969899665551839,3.9348157618026423
ID45763,45763,13,545.0,380.5003060912152,140.52112029384756,0.0,27.0,27,13.16509525324728,1,,1590.6213235294117,1592.0,617.0,2488.0,865298.0,349.51326848681606,0.741004084906644,3.873949369998396,0.04516704978532213,-0.3325976151488785,18.01275034794795,9.952321058407248,-0.3638557117805355,1.8099044677353564,544.5000000000001,92.19467400897064,0.8050003738232107,0.9775583482944347,3.9509987382440164
ID45509,45509,13,577.0,378.8396990740741,139.58478009259258,0.0,19.0,19,13.54055000514615,1,,1500.1733102253033,1477.0,545.0,2493.0,865600.0,355.0541397218759,0.738844762106569,3.5906182753121825,-0.22231884352056597,0.03704598785735972,18.43338838211751,10.012620166529102,-0.5162744823207267,1.8410154460605577,575.9999999999999,94.80954034428397,0.8052454237409633,0.9795918367346935,3.950397514345166
ID45960,45960,13,538.0,380.22310077519376,137.55116279069767,0.0,34.0,34,13.080197392386228,1,,1637.226345083488,1622.0,611.0,2607.0,882465.0,401.6074540962697,0.7526722019191064,3.50140327127524,-0.371886219304112,0.13090933770985252,18.84101771526719,9.406547836022462,2.8232372193994193,2.00296836243317,537.5,92.58172374583722,0.7880210298425424,0.9772727272727271,3.9933376077873017
ID45513,45513,13,569.0,378.444,139.40785185185186,0.0,17.0,17,13.380930871145784,1,,1521.2309058614564,1476.0,623.0,2342.0,856453.0,359.2052565574476,0.7344357831145486,3.586559630221338,0.025040852660268828,0.03811283793325328,18.36422822550191,9.934597405121298,-0.558065066924514,1.8485125744537092,562.5,93.60777747377675,0.8066934356562148,0.9731833910034602,3.9468504469778276
ID45706,45706,13,545.0,380.87197178779513,140.55397117448635,0.0,23.0,23,13.153000537553789,1,,1584.5274725274726,1584.0,712.0,2640.0,865152.0,378.1496041212875,0.7446319274950898,3.5768765913132854,-0.007860974654976318,0.3696184443871752,17.840880416440953,10.100134608888808,-0.43285158450230576,1.7664002617093597,543.5,93.03312557653962,0.7891038977924127,0.9636524822695037,3.9905966874487673
ID45772,45772,13,538.0,380.4335804757491,141.13515600865,0.0,26.0,26,13.104510047924535,1,,1609.4925925925927,1589.0,631.0,2657.0,869126.0,401.6805350824684,0.7501417504718574,3.434854169716772,0.23253328844959237,0.47558958801717793,17.963642849722195,10.403003224748707,-0.3509049442030159,1.7267747074216755,539.5,91.2103956886677,0.81491560346867,0.9908172635445363,3.926888908522423
ID45261,45261,13,567.0,377.6410825199645,139.69668737060042,0.0,8.0,8,13.392819750320175,1,,1475.0426287744228,1487.0,526.0,2293.0,830449.0,330.4493946885312,0.7239679459458789,3.749037270978322,-0.045737992758229665,0.22805427981947318,18.473506610892187,10.160391978830718,-0.5250237743757755,1.8181883779072627,563.5000000000002,94.07763126170389,0.8000756195159283,0.9575191163976217,3.9631399953270634
ID45773,45773,13,544.0,380.56236559139785,140.64070660522273,0.0,28.0,28,13.14089469003943,1,,1594.735674676525,1568.0,638.0,2559.0,862752.0,359.3369542218071,0.7438462141868257,3.7860975289264096,-0.05340250740667035,-0.13958984984259262,18.014513834122425,9.748982931512808,-0.3463748740891949,1.8478352009307504,542.5,92.77977231585236,0.7919595527645386,0.9757194244604315,3.983395525132188
ID45901,45901,13,549.0,380.43022547227304,138.81200487507618,0.0,33.0,33,13.195283541573993,1,,1601.1700182815357,1573.0,726.0,2555.0,875840.0,370.1263104574663,0.7463745576734331,3.697744656580206,-0.11665380503685303,0.237454399087578,18.206611292113582,10.049700080174416,-0.30304522274003487,1.8116571785093112,546.9999999999999,93.29240291189994,0.7897772725301404,0.972444444444444,3.9888951064370857
ID46093,46093,13,531.0,380.7985074626866,133.62344527363186,0.0,41.0,41,13.061933202803933,1,,1659.8327137546469,1675.0,554.0,2546.0,892990.0,393.33107094062103,0.7571854866237048,3.6368110203836133,-0.27297434845638074,0.09328192155770705,19.813512691060826,8.908580807603704,-0.47191424672030996,2.224093053536595,536.0,93.61827432006912,0.768516844371274,0.9825847846012831,4.0436935621261
ID45519,45519,13,564.0,378.6298091042584,138.89265785609396,0.0,16.0,16,13.440270101798594,1,,1512.8818342151676,1523.0,481.0,2362.0,857804.0,339.1585750290135,0.7379197421969899,3.7880143431677245,-0.06296272754686852,-0.16879063170650752,18.22540498501316,10.123153108732938,-0.5167363157504219,1.8003684019449093,567.5,93.90508677995902,0.8087187144162143,0.9801381692573402,3.9419052892628326
ID45265,45265,13,561.0,377.9150268336315,139.0196779964222,0.0,5.0,5,13.339236349084569,1,,1481.459074733096,1491.0,762.0,2314.0,832580.0,321.0126678236267,0.723061513231682,3.873218049944496,-0.11457519198768451,0.05722679505487906,18.456154273020413,10.051689515080444,-0.491916243843669,1.8361245883421726,559.0,93.55445632381404,0.8025880948138173,0.967128027681661,3.9569318940804057
ID45522,45522,13,563.0,378.28230088495576,138.66961651917404,0.0,15.0,15,13.410633306963613,1,,1505.329203539823,1499.0,684.0,2340.0,850511.0,338.1630727523345,0.7328140662911827,3.765105361716086,0.06355046393580627,0.11573025121418744,18.130422056660287,10.275636436033084,-0.5061152120045339,1.7644086738105291,565.0000000000002,93.04978064258891,0.8200259661190081,0.9682947729220225,3.914633693152457
ID45780,45780,13,557.0,381.702807646356,141.08960573476702,0.0,25.0,25,13.327299669871431,1,,1576.233393177738,1578.0,513.0,2632.0,877962.0,399.8316049740533,0.7478511311322298,3.373526409300396,-0.29357716259830324,-0.12435404504701218,18.226402115682767,10.198551238658341,2.7747287038294863,1.78715600766845,557.9999999999999,92.57461106192422,0.8182014988739648,0.9789473684210527,3.9189957872858723
ID45269,45269,13,564.0,378.27777777777777,136.86745406824147,0.0,2.0,2,13.487553519969305,1,,1479.0052631578947,1494.0,597.0,2350.0,843033.0,332.77661032588134,0.7262200989268807,3.739547179616432,-0.07173816512391516,-0.06529562122962802,18.264141692525765,10.188478345949106,-0.5895271375027085,1.7926270314730077,571.5,94.70980608173403,0.8006380095043731,0.9711129991503825,3.9617478419662198
ID45525,45525,13,581.0,378.6758865248227,139.50198581560284,0.0,18.0,18,13.675052399642825,1,,1471.549319727891,1450.0,588.0,2430.0,865271.0,352.9918405167851,0.7341476368189143,3.5296975053415904,0.1453330378927734,0.2522732796370495,18.37187684304505,10.62712227853723,-0.47800728752037874,1.728772508823889,587.4999999999999,94.78337413169912,0.8217759088545585,0.9791666666666666,3.910463434861224
ID45462,45462,13,575.0,377.39703767615765,139.5327868852459,0.0,12.0,12,13.581626524224067,1,,1478.8411053540588,1491.0,551.0,2235.0,856249.0,326.0590978065847,0.7295863438563923,3.82639354756426,0.13939879183716125,-0.1832297052669206,18.631794003704908,10.548473451729897,-0.5157867116840702,1.7663024028040177,579.5000000000001,94.30291045057642,0.8188665131212517,0.9739495798319333,3.9174041253127228
ID45213,45213,13,576.0,377.06337625178827,139.2359084406295,0.0,9.0,9,13.616736345470528,1,,1452.13698630137,1457.0,567.0,2233.0,848048.0,311.7516467708157,0.7256365078232154,3.9174064222493814,-0.11372244898259114,-0.01688459368062692,18.383741396191557,10.218977213903047,-0.48475342110241787,1.7989805644326367,582.5,95.32617834665201,0.8055294614754,0.9765297569153393,3.9497009781265833
ID45534,45534,13,566.0,379.169900058789,139.13844797178132,0.0,20.0,20,13.434347973244156,1,,1513.8395061728395,1497.0,623.0,2476.0,858347.0,340.7352536287962,0.7354461244098525,3.765585289461441,-0.5736800254260589,0.01232450665764605,18.181095087537635,10.177910352082648,2.6799124772394736,1.7863288689526864,567.0000000000001,94.367530510093,0.8001063966451532,0.9759036144578315,3.9630637709366074
ID45662,45662,13,567.0,379.28890824622533,140.20180023228804,0.0,21.0,21,13.517021664164625,1,,1514.273043478261,1505.0,608.0,2397.0,870707.0,352.4206094208367,0.74111239134485,3.6578859249088187,-0.15161093369533377,0.08871979485171518,18.114060571800433,10.518017041280423,-0.46275775238836414,1.722193499088997,573.9999999999999,92.86616310509703,0.8363859939468264,0.9837189374464437,3.8761587566916686
ID45984,45984,13,516.0,378.09013768812036,133.6367275056036,0.0,36.0,36,12.87168581649906,1,,1671.5306513409962,1680.0,540.0,2599.0,872539.0,392.0323540488362,0.7543212715339213,3.666651681466064,-0.2663818409600955,0.1080270637440212,18.61910464812462,9.308427729495294,-0.4357762628846448,2.0002416293276792,520.5,92.53260308975095,0.7639079651925031,0.972897196261682,4.0558736086362766
ID45729,45729,13,551.0,381.0250683682771,139.95882710422364,0.0,24.0,24,13.213363408754383,1,,1581.1058394160584,1558.0,715.0,2585.0,866446.0,361.89737619689544,0.7465912116002222,3.7350559059505803,-0.05328765661663111,0.01953937714637003,18.029669173804404,10.210559802081194,2.743497084188348,1.7657865507167843,548.5000000000001,91.82778137600721,0.8174069251346381,0.9733806566104707,3.920900086522926
ID46114,46114,13,507.0,379.1564457632707,132.13567424991757,0.0,38.0,38,12.684858984864839,1,,1724.5861386138613,1735.0,697.0,2704.0,870916.0,415.9599351675877,0.7598200585411266,3.58018835621188,-0.12296578263741237,0.08956990432017836,18.84542872149328,8.81631215760532,-0.5126607960807291,2.137563687015826,505.5000000000001,93.66522279388496,0.7240595449009143,0.9484052532833023,4.165985850062869
ID45411,45411,13,576.0,378.2744252873563,135.71637931034482,0.0,0.0,0,13.58748446131949,1,,1487.7847222222222,1506.0,565.0,2221.0,856964.0,320.9780252685752,0.7257291599435367,3.898492701379083,-0.20983998077592636,0.23871993371555067,18.053464954433665,10.62529671644589,-0.5849216548953226,1.699102193211265,580.0,94.06193371976185,0.8237777397005748,0.9682804674457429,3.9057092108641536
ID45284,45284,13,565.0,377.743195785777,139.82279777582673,0.0,7.0,7,13.46393256748075,1,,1487.553602811951,1480.0,634.0,2280.0,846418.0,339.1973817101247,0.7311391679802229,3.704402734440122,-0.29526305747360126,-0.03531193742818349,18.269684417778905,10.035194129708879,-0.489738695040803,1.8205611353040072,569.5,95.28639062782285,0.7882098165571665,0.9751712328767124,3.992859350463845
ID45926,45926,13,550.0,379.66133942161343,139.57275494672754,0.0,32.0,32,13.20131291522269,1,,1593.9981785063753,1572.0,587.0,2512.0,875105.0,363.13395860823374,0.7461873720567487,3.7515263768226443,0.2219418643974084,0.6361062871964517,17.885438383731938,10.777225542817638,2.8706160827975573,1.6595586974285315,547.5,93.23769477372859,0.7914271281690226,0.9724689165186501,3.984735194382398
ID45864,45864,13,568.0,380.52907488986784,139.6741556534508,0.0,31.0,31,13.440270101798594,1,,1557.9613356766256,1537.0,619.0,2601.0,886480.0,352.9442489524875,0.7457758728127253,3.7713809531679168,-0.12690213010090312,-0.08308010688550596,18.381586680802812,10.152298736969723,-0.30045067164758116,1.8105837069063024,567.5,95.15739820183595,0.7875726243041068,0.9717465753424661,3.994474252105796
ID46056,46056,13,535.0,379.68798630563333,131.48070339246811,0.0,37.0,37,13.055839461766519,1,,1643.0764925373135,1628.0,681.0,2724.0,880689.0,389.0052875786178,0.7563608833701915,3.63787336880301,-0.10975421564705252,0.038853225485571345,19.016290594293896,9.099599613883916,-0.4469369223203833,2.089794210866088,535.4999999999999,95.05052222528498,0.7448354262151566,0.9596774193548385,4.107473495467166
ID45290,45290,13,583.0,377.2241773962804,139.23218884120172,0.0,10.0,10,13.616736345470528,1,,1466.3655172413794,1461.0,438.0,2380.0,850492.0,335.55445444878677,0.7288227561631104,3.6845179814257505,0.027846210170322353,0.11445982678891599,18.2488295051544,10.472236900090538,2.6371090132387422,1.7425913564843658,582.5,94.92522947626827,0.8123486860162298,0.9700249791840131,3.933088247258735
ID45484,45484,13,582.0,377.72739018087856,138.8832902670112,0.0,13.0,13,13.593339873985734,1,,1466.9294320137694,1480.0,606.0,2269.0,852286.0,322.8535808485725,0.7286662901608334,3.830461711744414,0.09923089402821,0.1428749128321029,17.863311223298933,10.60327623620915,-0.5061135810713706,1.6846973355553518,580.5,94.27971006044194,0.820683329235328,0.969924812030075,3.9130655783719113
ID45997,45997,13,529.0,379.29052132701423,135.7909952606635,0.0,35.0,35,12.957949874958986,1,,1637.3984819734346,1615.0,647.0,2634.0,862909.0,373.6290537519493,0.7465854794774383,3.746566389788934,-0.10694045626990742,0.15059854308183196,18.457442960342377,9.602927689435175,-0.38400718688485586,1.922064140985738,527.5000000000001,93.95129684579284,0.750977230671615,0.9599636032757054,4.090642698320151
ID45234,45234,13,571.0,378.6799358413532,137.025226013415,0.0,3.0,3,13.487553519969305,1,,1472.8385964912281,1485.0,519.0,2212.0,839518.0,319.66598657296134,0.7230285543946002,3.866799895001827,-0.06782478408154248,0.16044171089517073,18.489746376517957,10.119999050086838,-0.5627226637784043,1.8270502087012843,571.5,93.56742957690464,0.8203075349300815,0.9752559726962458,3.913961790658977
ID46066,46066,13,537.0,382.01150497512435,133.169776119403,0.0,40.0,40,13.061933202803933,1,,1653.1380597014925,1645.0,631.0,2717.0,886082.0,399.36802829644125,0.7553897568320637,3.5625696008754675,0.05268812761163294,0.5293335752761875,19.250740117232333,9.700894693197744,2.671333878196393,1.9844293465767573,536.0,93.07988520581428,0.7774330077892304,0.9944341372912799,4.020438694302026
ID45684,45684,13,561.0,380.6714200831848,140.20707070707073,0.0,22.0,22,13.363077719938119,1,,1542.1625,1531.0,629.0,2585.0,863611.0,357.50816249110085,0.7429807615978459,3.6775547503565917,-0.3461672684223956,0.08384444280120865,17.980742136899984,10.24944584652286,2.6758458519674346,1.7543135898415403,561.0,94.02752546895533,0.7973751768782009,0.9630901287553646,3.9698452368652104
ID45749,45749,13,556.0,381.0520646319569,140.41950927588272,0.0,29.0,29,13.315352289908498,1,,1568.7679856115108,1557.0,751.0,2489.0,872235.0,344.2825915277857,0.7457211001217539,3.892917684339719,0.4197482514259326,0.5335301186475034,18.098532077902973,11.045422692912142,2.8218945096596477,1.638554954489593,557.0000000000001,93.46125875375596,0.8013122968391477,0.9771929824561405,3.9600806276897256
ID46134,46134,13,570.0,378.10453474676086,136.1663722025913,0.0,1.0,1,13.422495877444907,1,,1480.9911504424779,1504.0,630.0,2187.0,836760.0,309.5132845707949,0.7190354071488354,4.002843583111481,-0.0947778910585659,0.14413018914724082,18.09216587069994,10.35785405071435,-0.6326815486250619,1.7467098669392989,566.0,93.23479652261872,0.8182202819077017,0.9666951323654995,3.9189508048684414
ID45878,45878,13,565.0,381.2680901542111,138.83629893238435,0.0,30.0,30,13.374982468597496,1,,1554.587921847247,1526.0,608.0,2471.0,875233.0,354.88099954720565,0.7414708064623965,3.7302710961634102,-0.13249111593743043,-0.030807658747174258,18.18111196433469,10.082903589917363,-0.2410123507705184,1.8031623333694593,562.0,92.92001237294154,0.8179517043533021,0.9689655172413794,3.9195941532654213
ID45308,45308,13,559.0,378.3602830472749,138.07663354411324,0.0,4.0,4,13.273451774226936,1,,1517.2036036036036,1507.0,719.0,2441.0,842048.0,328.53628451009513,0.7234783853090168,3.877128895434666,0.0706972955417538,0.07488588296436771,18.171506517096926,10.255830336044657,-0.5275604706093712,1.7718220681978532,553.5000000000001,92.92370198730717,0.8055165774352497,0.9642857142857145,3.9497325652496333
ID46012,46012,13,515.0,380.1182639561149,132.5748628589868,0.0,39.0,39,12.822131500414738,1,,1694.6124031007753,1697.0,705.0,2611.0,874420.0,394.59511135354535,0.7566634418290173,3.69966894619588,0.22638925293965304,0.09770368586754899,19.030545210083623,9.050566501911982,2.6628522155707017,2.1026910532134444,516.5,92.85918112542474,0.7527148615463813,0.9672284644194756,4.0859183768349645
ID45439,45439,13,584.0,377.9145225843339,138.70726129216695,0.0,11.0,11,13.622579184763433,1,,1458.1134020618556,1460.0,584.0,2353.0,848622.0,338.0043449482515,0.7291306013352158,3.6381160090959153,-0.10366777779764827,0.4654334710956894,18.37321991084924,10.795713282764313,2.6732867805059675,1.7018995808440605,583.0,93.81066852236914,0.8324802845801492,0.9881355932203388,3.885240914229354
ID45696,45696,14,597.0,52.17335562987737,414.6276477146043,0.0,22.0,22,13.796713809378915,1,,385.8857142857143,382.0,249.0,583.0,229602.0,59.28897201826153,0.3572690889013553,3.4264489077849403,-0.19133686153937823,-0.21936168469679254,17.987742716814928,10.841410632047545,0.9352752593681907,1.659169948202368,598.0,93.34000084825955,0.8625324580188282,0.9859851607584499,3.8169564821390924
ID45830,45830,14,599.0,52.15663322185061,416.73801560758085,0.0,27.0,27,13.796713809378915,1,,400.4765100671141,399.0,218.0,595.0,238684.0,66.20699233351654,0.3841326118470114,3.3574276453212706,0.025528317802474186,-0.15168460165859865,18.24209747465143,10.705644726025657,0.8482766146415153,1.7039700028812363,598.0,94.68843456395557,0.8381411714354422,0.9779231398201145,3.872098037368217
ID45832,45832,14,589.0,52.210846785613136,416.32412914188615,0.0,26.0,26,13.686685793834853,1,,398.08191126279866,395.0,237.0,558.0,233276.0,61.62902618749916,0.3653041402519287,3.4565458437423513,-0.07039368688710572,-0.1495571598375591,17.976146169058566,10.816730073819587,0.8675050901825988,1.661883586479371,588.4999999999999,93.54234529331532,0.8451617282611402,0.9800166527893422,3.8559822027103663
ID45451,45451,14,678.0,56.451117661508235,414.4150085973962,0.0,11.0,11,14.696028639591788,1,,351.821270310192,348.0,213.0,519.0,238183.0,52.81377596347395,0.26719291343643736,2.809228522007932,-0.08830387661039979,0.006065498128481905,18.908040204616334,11.904225035808931,0.7863104579910396,1.5883470068601127,678.5000000000001,98.640851344157,0.8762864418908589,0.98404641044235,3.786882987607047
ID45836,45836,14,596.0,51.66680543991119,416.1472384124341,0.0,28.0,28,13.825523015545064,1,,397.0,395.0,213.0,557.0,239788.0,66.14083671925927,0.3780790261212611,3.2935122293768875,0.002776950278124146,-0.0878497656841307,18.254463854682072,10.893002635470705,0.8635512760500188,1.6757972494416151,600.5,94.03609944676714,0.8533627126012252,0.9868529170090387,3.8374090966160326
ID45389,45389,14,665.0,56.555968301139174,414.7565626547796,0.0,10.0,10,14.63634358033765,1,,350.69026548672565,346.0,219.0,530.0,237768.0,55.5251410946236,0.26678467889910956,2.6602479581024716,-0.05526545282031265,-0.07028756843203623,18.761875165070006,11.730069268175477,0.7522050795629459,1.5994684034792808,673.0000000000001,99.27296013103808,0.8581495605598626,0.9889786921381339,3.8266913950506827
ID45838,45838,14,569.0,51.82863436123348,416.0953010279002,0.0,25.0,25,13.440270101798594,1,,401.1654929577465,395.0,262.0,577.0,227862.0,59.63797962004115,0.3675994581625379,3.6161512340480777,-0.05494669537742402,-0.2126521932342675,17.83677151406563,10.415688925204508,0.8755650849663956,1.7124908051836247,567.5,93.963821264787,0.8077080098497108,0.9651360544217689,3.944370818919901
ID46094,46094,14,617.0,47.83279220779221,419.79653679653677,0.0,37.0,37,14.002817212590294,1,,402.6943089430894,403.0,261.0,544.0,247657.0,55.399122308710005,0.26439548921767714,3.0400008645834875,0.23230213619069098,-0.02541552248665874,17.847578122085256,11.372127232571048,0.7632084477784178,1.5694142139887242,615.9999999999999,94.65058019651406,0.8640602277172191,0.9887640449438204,3.8135805540338463
ID46158,46158,14,595.0,48.09597652975692,420.32117910030735,0.0,38.0,38,13.779399374015952,1,,405.93299832495813,408.0,261.0,533.0,242342.0,53.37180149215926,0.2409018840668604,2.9530802073191262,-0.03630654564620259,-7.996782690090466E-5,17.42877633851247,11.11103137232751,0.7963455619836567,1.56860112751725,596.5000000000002,93.94994287583482,0.8492338005279401,0.977868852459017,3.846726385288336
ID46098,46098,14,616.0,49.30659103187467,421.7144786601837,0.0,40.0,40,14.01417852659937,1,,410.2142857142857,417.0,255.0,559.0,252692.0,62.834014327926965,0.27519639756462577,2.8178095512129784,-0.09743046830806504,-0.012520758717963586,17.886614358672976,11.221552895508571,0.8289180860870222,1.5939517930563867,617.0000000000001,94.2016810426727,0.8737309546728625,0.9848363926576219,3.792416879525845
ID45395,45395,14,635.0,56.95056386047732,415.21020194072906,0.0,4.0,4,14.222725922614096,1,,351.9559748427673,347.0,225.0,519.0,223844.0,53.7408299051169,0.27547191834822693,2.8289182741700447,-9.168509380269183E-4,-0.2914910707670289,18.55942492828208,11.349596225015071,0.6943946977496194,1.6352497974664675,635.5,95.80144282519946,0.8701243437116181,0.9837461300309598,3.8002684172436902
ID45652,45652,14,692.0,55.23280613467529,413.9097771387491,0.0,14.0,14,14.878996130143541,1,,348.8839541547278,346.0,214.0,521.0,243521.0,53.11849724281602,0.28415499373048203,2.9067190655926196,-0.12858870582644827,0.056239975242329106,18.797608998787577,12.099519757197623,0.772107070973087,1.5535830657746124,695.5000000000002,99.4696791834967,0.8833352547641526,0.9907407407407416,3.771743495548884
ID46036,46036,14,580.0,47.90046296296296,419.6941550925926,0.0,35.0,35,13.540550005146148,1,,411.46527777777777,411.0,230.0,553.0,237004.0,58.94137552511204,0.332209772983367,3.4816307575544925,0.06943630680248801,0.14805667025071334,17.50497243542281,10.778897327011899,0.7631119427113315,1.6240040056375136,575.9999999999998,92.17517268050389,0.8519310119093031,0.9754445385266719,3.840632195020996
ID45973,45973,14,627.0,48.6411889596603,419.6884288747346,0.0,34.0,34,14.138550439257221,1,,396.7958532695375,398.0,256.0,581.0,248791.0,60.16802709391932,0.31866747968147086,3.1873796749041015,-0.10529684541053899,-0.05073329985654461,18.095544034071054,11.328673217709461,0.7972558259888524,1.597322447767611,628.0,95.82599609782491,0.8594147892988211,0.9759129759129759,3.82387353383598
ID45590,45590,14,597.0,53.15558326406207,413.0350512607371,0.0,19.0,19,13.837029903109627,1,,382.1613976705491,380.0,237.0,543.0,229679.0,58.49486223059761,0.3630691657476244,3.4804112475560083,0.05394092324918907,-0.1738565681771505,18.138131114250513,10.924675625687621,0.8435878020923039,1.6602901299514659,601.4999999999999,94.58911859290104,0.8448179609940891,0.9844517184942715,3.8567666472329485
ID45910,45910,14,559.0,51.94474074074074,416.0620740740741,0.0,30.0,30,13.380930871145784,1,,408.96643109540634,408.0,249.0,562.0,231475.0,58.28320182091072,0.3897927206555038,3.9360258959704253,0.18966486895611337,0.10385120140884778,17.926797346844616,10.421451516442085,0.8363545312622893,1.7201823871234474,562.5,90.58304490988918,0.8614668307698314,0.9964570416297607,3.819316524114288
ID45719,45719,14,583.0,52.03822108553567,414.9714407502131,0.0,23.0,23,13.663409100469519,1,,394.5969387755102,391.0,231.0,583.0,232023.0,62.330184627157415,0.3570785846227614,3.331532862861985,0.02184348993380054,-0.009305810342794698,17.70565839058917,11.037513457296317,0.90518207870866,1.6041347047133063,586.5000000000001,92.76590618801526,0.8564481937111699,0.9873737373737376,3.8304904431096976
ID46168,46168,14,651.0,57.79242886178862,415.7723577235773,0.0,1.0,1,14.450303987687136,1,,347.0106707317073,344.0,203.0,519.0,227639.0,53.365668200165885,0.25598218565898406,2.6505569323548257,-0.15614112965662544,-0.16158782590439805,18.495412138291837,11.787374885501064,0.7267012677954776,1.5690866132578785,656.0000000000001,95.92241070341802,0.8959288749727533,0.9946929492039426,3.7451409322441704
ID45598,45598,14,633.0,53.908432147562586,412.26600790513834,0.0,17.0,17,14.189115652895623,1,,370.48657187993683,369.0,240.0,518.0,234518.0,54.57369503390296,0.3509321820897968,3.527026778517214,-0.06130134564520534,-0.16335111935678057,17.959070232831984,11.588696515686907,0.8298618206938343,1.5497058024189254,632.4999999999999,96.11811538635648,0.8603197641920542,0.9745762711864405,3.8218618283061905
ID45600,45600,14,617.0,53.861088655348965,413.4000269469146,0.0,18.0,18,14.031203248641027,1,,374.12824675324674,371.0,238.0,536.0,230463.0,53.32878337054873,0.3559992149143557,3.683650520876769,0.12124475391219364,0.005188685962600882,18.021547979778205,11.105861809109864,0.8206778078696128,1.6227059448007515,618.5,95.11021199318044,0.8592019789058326,0.982525814138205,3.824347060240074
ID46048,46048,14,620.0,48.435918147549806,420.9534194938072,0.0,39.0,39,14.036873567421143,1,,406.32362459546925,407.0,251.0,552.0,251108.0,61.58833998816189,0.2392223265856498,2.5471589766233875,-0.03147658328675857,-0.0351597052007806,17.653012221354672,11.231072694874698,0.8335972323523699,1.5718010826704583,618.9999999999998,95.68560228698459,0.8495859532637803,0.9717425431711144,3.8459290700677142
ID45474,45474,14,652.0,56.5735632183908,414.8471264367816,0.0,12.0,12,14.411703602798783,1,,354.6815384615385,349.0,242.0,484.0,230543.0,46.30293295348383,0.26697743226576387,3.228239525540036,0.04469485869180496,-0.22325078008481875,18.511886428791794,11.571247386994498,0.7518958926218975,1.5998177041481478,652.4999999999999,98.91672147453741,0.8380133803360504,0.9731543624161072,3.87239325986351
ID45602,45602,14,650.0,54.50334104343356,413.2792341300437,0.0,16.0,16,14.367461891029619,1,,363.1232665639445,359.0,229.0,528.0,235667.0,54.264159253014796,0.34483020636191186,3.4316962519680687,-0.16802184192588018,-0.13911404196589275,18.35053591509962,11.51280022743323,0.7958655030882327,1.5939246362820678,648.5000000000005,97.60261203450771,0.8554545955052385,0.9729932483120789,3.832714327316437
ID45539,45539,14,676.0,56.11343101343101,414.1996336996337,0.0,13.0,13,14.739284152238778,1,,352.45814977973566,349.0,199.0,520.0,240024.0,50.763104035091644,0.28338111193838306,3.0662293701315813,-0.07812310514573753,-0.15315280625352154,18.829264628047635,11.614824258187562,0.7777310989222731,1.621140725807749,682.5000000000001,100.41167801178698,0.8506366101754587,0.9791965566714492,3.8435532021544367
ID45604,45604,14,658.0,54.591724314629765,413.3749679733539,0.0,15.0,15,14.389599749908118,1,,359.5084485407066,356.0,207.0,561.0,234040.0,50.352980257578025,0.33220580930268784,3.560818320518225,0.0051672022134408285,-0.03475075845961395,18.138117590053866,11.594633905943747,0.7865007578661973,1.5643544882219818,650.4999999999999,97.17099959636077,0.8657327049535625,0.9752623688155923,3.8098951150840756
ID45350,45350,14,659.0,56.27195685670262,414.97226502311247,0.0,6.0,6,14.372999552399635,1,,347.92,344.0,196.0,526.0,226148.0,49.51726660301024,0.2820221437935073,3.0912947051968915,0.11439958008944633,-0.14059567181480315,18.5905549493198,11.336765809605204,0.7492155357492188,1.639846430766766,648.9999999999999,97.8626352066722,0.8515707752699002,0.984078847611827,3.8414444529026865
ID45353,45353,14,662.0,56.419591735125714,415.3645755538959,0.0,8.0,8,14.598235126207824,1,,347.4272863568216,340.0,219.0,505.0,231734.0,51.464516237053786,0.2738168768044445,2.902279532121282,-0.0799096086659555,-0.18612938471405868,19.08148766884127,11.351921006677511,0.7118713527080278,1.6809038450511606,669.5000000000003,99.55231067255122,0.8489023892370529,0.9816715542522001,3.8474771925497704
ID45225,45225,14,669.0,56.51243781094528,415.0004975124378,0.0,9.0,9,14.60368527951557,1,,349.748502994012,348.0,214.0,508.0,233632.0,51.139896150318485,0.24290239858752083,2.673134403764102,-0.08491415254425282,-0.03561931925795846,18.9087175642457,11.599814497814679,0.7543877302662817,1.6300879266481343,670.0,98.31101368022564,0.8711246810011358,0.9867452135493371,3.79808581223028
ID45674,45674,14,590.0,52.408298171589315,413.92194092827003,0.0,21.0,21,13.73312082390219,1,,385.4208754208754,382.0,254.0,553.0,228940.0,56.81775814878298,0.36751449241109935,3.646058792628318,0.03133363063176712,-0.1403929524189846,18.361480325359253,10.748838847984151,0.8834650556488222,1.708229194337841,592.5,93.24411616227798,0.8563579724217163,0.9883236030025021,3.8306922177741485
ID45933,45933,14,626.0,49.50347779561263,419.35205992509367,0.0,33.0,33,14.082153922340916,1,,396.2932692307692,393.0,257.0,550.0,247287.0,57.79080738758072,0.2813277707572893,3.011204812671645,-0.2136696891473156,-0.17968592127493485,18.13143080132191,11.462933362725396,0.7918413978685214,1.5817444128464364,623.0000000000001,95.00558074242747,0.8673605725985688,0.9787902592301652,3.8063182187453766
ID45616,45616,14,603.0,52.4478476821192,413.54001103752756,0.0,20.0,20,13.865755343832143,1,,385.0756578947368,383.0,210.0,561.0,234126.0,59.63527973735258,0.37220339700139043,3.50295568605531,-0.2733962109390771,-0.0767349023544739,18.45664717441595,10.790068970963793,0.8719947151482981,1.7105217051052233,604.0000000000001,95.5403194396296,0.8315213883729203,0.9821138211382116,3.8874804653640203
ID45744,45744,14,582.0,52.01690821256039,415.07885763000854,0.0,24.0,24,13.663409100469515,1,,395.9165247018739,392.0,245.0,586.0,232403.0,61.8472591443599,0.3803314233850587,3.5277028849283925,0.0050424034189703315,-0.03827648970792961,17.86647139952636,10.659301447972112,0.910767259722452,1.6761390497053053,586.4999999999998,92.84095821635302,0.8550640590725538,0.9898734177215186,3.8335894919854905
ID45362,45362,14,662.0,56.426786606696645,415.32683658170913,0.0,5.0,5,14.57095378088162,1,,345.1850746268657,343.0,184.0,516.0,231274.0,52.23791512780977,0.2778412588182727,2.8735317548508577,0.02233376091080457,0.02636107819925172,18.896736337308788,11.586753074468465,0.6873691415670341,1.6308914340245975,667.0,97.89832507103544,0.8745510685896597,0.9910846953937593,3.790638285073776
ID45363,45363,14,615.0,57.76628818599621,415.15990808326575,0.0,2.0,2,14.008499021390795,1,,350.2029220779221,344.0,237.0,507.0,215725.0,51.30444179157529,0.27926100858914893,2.9802035911136366,-0.07378406039533424,0.08348170517470839,18.11455405734201,11.277820123120422,0.7048299672824179,1.6062105849875847,616.4999999999998,95.6751025014549,0.8463404004120209,0.98090692124105,3.853296213517213
ID45428,45428,14,653.0,57.657251908396944,414.64452926208656,0.0,0.0,0,14.439285835884782,1,,348.8588770864947,344.0,209.0,499.0,229898.0,49.543230877576185,0.2374792847945868,2.7026091570652055,-0.2841222345956025,-0.5092300572097743,18.84645743118961,11.613002044617884,0.7386448029522542,1.6228755802143437,655.0,98.86760334121053,0.842060219572672,0.9710896960711637,3.8630769270330982
ID45301,45301,14,633.0,57.03972024280813,415.62536289258384,0.0,3.0,3,14.177894523696521,1,,348.9140127388535,342.0,220.0,497.0,219118.0,53.13653918868262,0.22695325070956326,2.4292014632742105,0.13352650395585203,-0.3235413131273606,18.1858612381732,11.459488559007918,0.6787468494130185,1.5869697102562144,631.5,96.0833634401591,0.859581033418963,0.9798293250581847,3.8235037448308944
ID45817,45817,14,573.0,51.744290257299795,415.8775657704539,0.0,29.0,29,13.546425705142862,1,,405.20034542314335,402.0,236.0,582.0,234611.0,60.466622093711585,0.39248369945718353,3.7775967767049243,-0.20345778757018368,-0.22824294548319973,18.149559158915725,10.556151188223955,0.8791937835625697,1.7193349010729109,576.4999999999999,91.99212155482802,0.8560672956314329,0.9821124361158433,3.8313425164240136
ID46139,46139,14,628.0,49.63057324840764,421.8200636942675,0.0,41.0,41,14.138550439257218,1,,405.8176,407.0,238.0,559.0,253636.0,59.51636284379146,0.28189452414064975,2.998878276983669,-0.0454197491120962,0.13175765819925023,18.142011330001047,11.257325905040764,0.8425116460963817,1.6115737860869324,627.9999999999998,95.2443542029987,0.8699434546125376,0.985098039215686,3.8006634954500957
ID45885,45885,14,574.0,51.47053726169844,417.91363373772384,0.0,31.0,31,13.552298857686367,1,,409.5407279029463,408.0,256.0,564.0,236305.0,61.35927458780341,0.3687973406643748,3.5966278671532264,0.09907347316515967,-0.07437451847336432,17.855252456286777,10.7195525921539,0.7754980018567068,1.665671426376116,577.0,91.22245655026582,0.8713289637789248,0.9897084048027445,3.79764055617086
ID45949,45949,14,610.0,50.381596937380365,418.6030899644517,0.0,32.0,32,13.928742787093904,1,,398.25531914893617,397.0,263.0,582.0,243334.0,62.02863128192861,0.291174003361864,2.8957909519132947,-0.001589279638749297,-0.05014760351655033,17.67546470001729,11.241973547701958,0.7752907711913956,1.5722741763282695,609.5000000000001,95.59020987864704,0.8382175386880455,0.9651623119556613,3.8719216462700343
ID46014,46014,14,585.0,47.204705550859394,419.56537052690896,0.0,36.0,36,13.721526798345446,1,,408.0878378378378,403.0,248.0,576.0,241588.0,60.21140748443129,0.28631013724348636,3.0171430460931608,0.14252325192090795,-0.06971345202737116,17.837359544839604,11.044041383841511,0.7637573763596887,1.615111617649076,591.5000000000001,93.27600846436108,0.8543281305540896,0.9858333333333336,3.835240286587531
ID45375,45375,14,676.0,56.09796626984127,415.3958333333333,0.0,7.0,7,14.625465582862905,1,,345.32784431137725,342.0,222.0,508.0,230679.0,48.70341663320796,0.257365553188741,2.9026256249010123,0.06150294724413931,-0.10863339713353692,19.08251758303417,11.54804389654544,0.7100330830858954,1.6524458820894026,672.0000000000001,99.66003624525192,0.850231234766805,0.9831748354059987,3.8444693624964676
ID45440,45440,15,713.0,497.1841982234689,147.17695184665732,0.0,11.0,11,15.065024024177415,1,,1952.1540616246498,1947.0,724.0,3776.0,1393838.0,453.5966831738135,0.26662529481847363,1.8118715512497174,0.14165055328040912,0.040797728933749715,17.19345362717666,13.792973907686811,2.3649922985398364,1.2465370950636514,712.9999999999998,101.31551098853353,0.8728658762915434,0.9720518064076342,3.794295705059122
ID46016,46016,15,805.0,490.4892071398921,146.20444167704443,0.0,39.0,39,15.987583888930306,1,,1795.598757763975,1792.0,590.0,3394.0,1445457.0,431.6465343257951,0.3512633335055532,2.1627377447322913,-0.13192872448093976,-0.017428424984646355,18.38556498208228,14.395977003899034,2.3578426805176127,1.2771321444249806,802.9999999999999,106.17815617096494,0.8950659799211059,0.9762917933130696,3.7469457629206175
ID45317,45317,15,727.0,496.3834369960839,145.22057129693619,0.0,4.0,4,15.175546206116357,1,,1920.7908587257618,1849.0,657.0,3701.0,1386811.0,510.3541364080207,0.2878364753619097,1.6823778557405562,0.11084097696935853,0.12286883974485242,17.17452417261611,13.93392524391041,-0.7719460724069453,1.2325689905737043,723.5,98.62180517503317,0.9347651320499967,0.9924554183813444,3.666516805042852
ID45255,45255,15,740.0,495.9690524420436,145.02667116812964,0.0,6.0,6,15.352800093764557,1,,1889.7577807848443,1809.0,738.0,3788.0,1396531.0,556.6747962538165,0.3068121095281658,1.5940205849586986,0.04191325168856598,-0.1445078014683805,17.37818489565536,13.794706454789978,-0.8209708032842475,1.25977199678802,740.5,100.94324487731525,0.9132304931908195,0.9840531561461793,3.7094944857923355
ID45639,45639,15,736.0,497.2730352303523,147.85546522131887,0.0,14.0,14,15.326861909850873,1,,1857.1275440976933,1817.0,752.0,3554.0,1368703.0,440.70324545914855,0.2635854685755659,1.758094921348703,-0.1450249255992752,0.17610013092630417,17.947545796351452,13.764705092620147,2.259461715456842,1.3038816070221444,738.0,103.19701141077296,0.8708271992803018,0.9723320158102765,3.798734485485004
ID45961,45961,15,767.0,492.08567385151315,147.46298715436535,0.0,34.0,34,15.60981158994854,1,,1846.0929319371728,1812.0,548.0,3501.0,1410415.0,455.07485075831545,0.3592001405252406,2.1441432985825184,-0.049019969853996634,0.053895274994412545,18.278833707543054,13.984659858032714,2.2818043817911304,1.3070631601414167,765.5,104.73664387542117,0.8769155111448712,0.9702154626109002,3.785524453627203
ID45707,45707,15,841.0,495.8231414868105,148.09712230215828,0.0,23.0,23,16.293263794503588,1,,1888.3652694610778,1867.0,615.0,3784.0,1576785.0,504.4990862716585,0.24606053717610168,1.4782859242049635,0.3390890590243389,0.11889575590790621,18.231531597052513,15.414854387901489,-0.9152396098960331,1.182724866435438,833.9999999999999,109.22131182803265,0.8785391869150176,0.9708963911525029,3.782024719662671
ID45771,45771,15,793.0,495.3838669177652,146.8113622096673,0.0,27.0,27,15.92274550275138,1,,1864.749370277078,1815.0,601.0,3700.0,1480611.0,507.36265278741917,0.23650514814830387,1.4059718946913344,0.2019757202353579,0.3251030161185865,18.39270046000284,14.627381793996303,2.3042082009882003,1.2574157644228567,796.5,106.36224996261056,0.8847500843504005,0.966626213592233,3.768726536591219
ID45517,45517,15,804.0,497.10711331679073,147.96277915632754,0.0,19.0,19,16.017420774398584,1,,1994.506188118812,1882.0,619.0,3757.0,1611561.0,613.3930820215899,0.2336973454691723,1.2318892324440707,0.5309702010685659,0.00318035012297243,18.161652624772938,14.922395583084622,-0.8000932785875712,1.217073527079003,806.0,107.11994587268875,0.8826818909406152,0.9781553398058251,3.7731391653372914
ID45904,45904,15,783.0,492.56799230275817,146.82478084242035,0.0,33.0,33,15.751906433199279,1,,1797.4156010230179,1772.0,507.0,3316.0,1405579.0,451.81877426187447,0.340550090185789,2.021213465863102,-0.2837643001494151,-0.0494732729065998,19.05110100515029,13.700333531614808,2.303621650020374,1.3905574606040125,779.5,105.52935576376582,0.8795882310106765,0.970130678282514,3.779768724053392
ID46096,46096,15,787.0,490.2334180970544,146.42116973935157,0.0,41.0,41,15.822475327316878,1,,1835.020330368488,1842.0,739.0,3186.0,1444161.0,444.09755489418654,0.39743547366175047,2.350321959737648,0.11400619777452638,0.13832273520282518,18.29619726873646,14.320876299247818,2.417316854364014,1.2775892261353756,786.4999999999999,103.26186914292147,0.9268909185940332,0.9943109987357776,3.6820579424463027
ID45521,45521,15,791.0,497.3174904942966,148.14596535699198,0.0,17.0,17,15.847602348589227,1,,1907.0997474747476,1864.0,519.0,3612.0,1510423.0,498.4018290607101,0.2363740904333042,1.4630991303710568,0.4037984089161532,-0.3237253569790916,18.058794261172807,14.708975263466534,2.2516891029948747,1.227739794085207,788.9999999999998,107.170804979805,0.8632446225301974,0.974074074074074,3.8153816899258977
ID45777,45777,15,806.0,495.5674504950495,147.55713696369637,0.0,26.0,26,16.03728119216293,1,,1870.986369268897,1816.0,736.0,3697.0,1509886.0,512.7909727167872,0.24055788614033627,1.4150207648532225,0.20724293160721505,0.20112790683778825,18.114943953294173,14.911668143316977,2.3137894205455667,1.2148167313804406,808.0,106.21092049500733,0.9000836634478416,0.977025392986699,3.7364871441915697
ID45779,45779,15,748.0,494.03476414039795,145.91985244802146,0.0,28.0,28,15.40454543795486,1,,1833.9064171122996,1767.0,740.0,3769.0,1371762.0,484.32667547835604,0.28840759005802546,1.6952048541065505,0.029144955332780827,0.37093588626803736,18.47658449499211,13.436139289619947,2.270842588354756,1.3751408865838528,745.4999999999999,105.57120879403745,0.8405557497790848,0.9631782945736435,3.8665325480742525
ID45268,45268,15,728.0,496.33241883859165,146.79949702789207,0.0,8.0,8,15.233118755789418,1,,1900.7345254470426,1829.0,761.0,3757.0,1381834.0,549.0918093553367,0.3164708340105077,1.6642897683537374,0.0477215727653385,-0.1693809613514412,17.365972789733675,13.955942021888905,-0.8077497779394701,1.2443425719665773,728.9999999999998,99.12684988496034,0.9322980634368134,0.9931880108991823,3.671364810554087
ID45526,45526,15,746.0,497.0623324396783,147.9048257372654,0.0,16.0,16,15.409710415614818,1,,1852.1057563587683,1797.0,630.0,3878.0,1383523.0,449.52063035148,0.24800959403392075,1.637558058598983,0.2251752187394928,0.4311380422453491,17.925658017758455,14.038244462088603,2.2398673489994496,1.2769159324848718,745.9999999999999,102.54749847558436,0.8914532035801216,0.9751633986928103,3.754530675682121
ID45463,45463,15,730.0,497.4243353783231,147.5883890024994,0.0,12.0,12,15.280062222249306,1,,1919.0640326975476,1898.0,580.0,3599.0,1408593.0,457.15220566147394,0.2477045615761148,1.6667899899559173,0.10596140051347784,-0.19739511467691886,17.388204763108327,13.922345804649916,2.1775759445271783,1.248942168732862,733.4999999999998,99.93677657951521,0.9229099060788466,0.9905469277515188,3.6899907565430015
ID45529,45529,15,743.0,497.1633199464525,147.75390450691657,0.0,15.0,15,15.42003518087075,1,,1834.6975806451612,1803.0,683.0,3963.0,1365015.0,437.7224071573808,0.25366938399896,1.6962143745665044,0.026990433208555275,0.0041608349000012085,18.233948030170712,13.768980623953277,2.285248837162067,1.324277267007692,747.0,102.65371515176112,0.8908018753532991,0.9816031537450722,3.755903026275174
ID45785,45785,15,811.0,495.4777096114519,147.76584867075664,0.0,25.0,25,16.106599803800595,1,,1840.4858548585487,1820.0,747.0,3504.0,1496315.0,487.24135628055205,0.26699729816178464,1.5920236465772697,-0.16031636856749032,0.01660725779224063,18.49854960711033,14.291692482979434,2.294690927910776,1.2943568180704292,814.9999999999999,108.5316866178012,0.8694695328959242,0.9725536992840097,3.8016991680754457
ID45274,45274,15,732.0,496.0368469085102,145.35466575404973,0.0,5.0,5,15.248782635255152,1,,1892.1152263374486,1818.0,796.0,3561.0,1379352.0,531.4907971676315,0.3223366562601796,1.7355993810543462,0.09758186256183574,0.11332859387976356,17.364898615345695,13.926067796321862,-0.7608092061375871,1.2469348038024124,730.4999999999999,99.37236081269579,0.929605895095875,0.9884979702300403,3.6766771619821244
ID45531,45531,15,777.0,496.7859603789836,148.30964685615848,0.0,18.0,18,15.696236870863478,1,,1914.3397932816538,1840.0,656.0,3572.0,1481699.0,522.9877244648925,0.2195655079579828,1.3180033414234198,0.49496694266146013,0.23522356378524284,18.155355035933443,14.572147700353542,-0.8899586573845214,1.2458942504057222,774.0000000000005,104.8847854976046,0.8841497653311879,0.9809885931558939,3.7700057623514933
ID45277,45277,15,710.0,498.11067800614217,144.77828962910465,0.0,2.0,2,14.985580559413249,1,,1891.2073342736248,1872.0,728.0,3606.0,1340866.0,483.3332454537161,0.27781428423972016,1.7014112644111128,0.5084480997906848,-0.1490062698408602,17.025672606734684,13.957504433456117,-0.941721778919642,1.2198221170486732,705.4999999999999,100.35970458643438,0.8802137197467916,0.9764705882352938,3.778425514520957
ID45214,45214,15,732.0,496.6522184300341,146.90295790671217,0.0,9.0,9,15.269642812771579,1,,1884.2332878581174,1831.0,712.0,3595.0,1381143.0,472.9892169252519,0.30069706184510336,1.8419017185166817,0.22613877904156354,-0.1193874588548136,17.299399415737795,13.920528225265974,-0.8372386383095716,1.242725788547242,732.5000000000001,102.19690094492069,0.8813370761788155,0.9779706275033377,3.776016747147511
ID45663,45663,15,795.0,496.76117054751415,148.05003146633103,0.0,21.0,21,15.902742045729779,1,,1918.9496221662469,1891.0,697.0,3684.0,1523646.0,509.1148984309894,0.2392713614058447,1.455466017762506,0.07147077233699439,-0.06327092207697924,18.23049194042093,14.57235838652306,2.2331818451075467,1.2510323625639772,794.5000000000002,108.02024427919216,0.8556446819200524,0.967722289890378,3.832288573841833
ID45985,45985,15,759.0,491.2214191852825,146.52321506789312,0.0,36.0,36,15.563862739881275,1,,1863.4236842105263,1861.0,651.0,3281.0,1416202.0,486.6595333645518,0.396857936999008,2.1757009532621323,-0.10401038418896676,0.2770790852290573,18.25735826132581,13.803610777494494,-0.742536290989171,1.3226509031312834,760.9999999999999,101.98693771518823,0.9194019431587569,0.9941214892227302,3.6970236038770117
ID45730,45730,15,809.0,495.8475836431227,148.62081784386618,0.0,24.0,24,16.027354059554533,1,,1925.1928306551297,1891.0,841.0,3700.0,1557481.0,514.9379203168282,0.28408895467033773,1.6542783845262308,0.017835568114345595,0.09701326907478577,18.170394699872862,14.729038718828242,-0.8961065027539328,1.233644302709688,807.0000000000001,107.21424800727715,0.8822230309339673,0.9728752260397833,3.774120276425266
ID45541,45541,15,785.0,497.5038314176245,148.88186462324393,0.0,20.0,20,15.787230310662732,1,,2027.1530612244899,1939.0,557.0,3748.0,1589288.0,570.7466370192452,0.2530981361854413,1.4347526614034067,0.3011199568173605,-0.03961101004684792,17.844417569199685,14.550291269721082,2.2154729717432375,1.226395900839018,783.0,104.85989311995282,0.8948552793796033,0.9805886036318097,3.747386860521762
ID45414,45414,15,701.0,498.17880952380955,144.86928571428572,0.0,0.0,0,14.927053303604618,1,,1935.3666191155492,1894.0,742.0,3435.0,1356692.0,503.75251687267394,0.2965656862962177,1.7575285524361255,0.40177460487547945,-0.10431220616269726,16.611395150472426,13.966995149773913,2.2380787299554505,1.1893320626478,700.0000000000001,98.60276740789668,0.9047522999562531,0.9852216748768474,3.726834302057707
ID46118,46118,15,776.0,490.6802089997867,146.66016208146726,0.0,38.0,38,15.772101193329709,1,,1841.441890166028,1852.0,605.0,2992.0,1441849.0,445.91345241080614,0.38036544347175943,2.275854091249774,0.2059007552337981,0.17271169485869634,18.06867379197883,14.286165350072245,2.4638509202151146,1.2647672310391855,781.5,103.10413212330383,0.9238186053307397,0.9949077021005728,3.6881755101407054
ID45928,45928,15,773.0,492.6367355727821,147.41365202411714,0.0,32.0,32,15.696236870863473,1,,1814.6149870801034,1735.0,682.0,3367.0,1404512.0,484.1662433350629,0.3312371961899387,1.8651065125190884,-0.15805012374557664,0.10839509535042724,18.581433021289552,13.691068511135395,2.3098763502811077,1.3571937797387152,773.9999999999999,106.22625774560909,0.8619598974452751,0.963885429638854,3.81822398657742
ID45865,45865,15,770.0,493.3129605548331,147.37906371911575,0.0,31.0,31,15.645456288499068,1,,1838.6666666666667,1765.0,756.0,3633.0,1417612.0,491.0287389866521,0.30942945896504714,1.7697243963303793,-0.20244514283639034,0.47961576371492987,18.36210977971733,13.851524432378055,-0.8315440872339126,1.325638190176075,768.9999999999999,105.24211411720482,0.8724832066079347,0.9666876178504084,3.7951276997346985
ID45293,45293,15,722.0,496.11855193152905,146.69893592412674,0.0,7.0,7,15.144050745933901,1,,1917.4986111111111,1844.0,751.0,3781.0,1380599.0,528.1502583624857,0.32076644229634615,1.7634796746604413,0.0051940843084353665,-0.058340604057041064,17.25857220027784,13.629624308636,-0.8094729275323875,1.2662544329517922,720.4999999999999,101.66827164836707,0.875937194290868,0.9671140939597312,3.787637852224794
ID45485,45485,15,718.0,497.19326856349755,147.49699282905388,0.0,13.0,13,15.144050745933903,1,,1895.3287101248266,1855.0,601.0,3778.0,1366532.0,450.25219953762934,0.2701331497079778,1.7905535966518888,0.10711431065777825,-0.0980542396207529,17.336584990695034,13.539734136852113,2.2385523398025198,1.2804228513991827,720.5,101.99867111136018,0.8702716215781922,0.9743069641649762,3.7999468399954894
ID46061,46061,15,774.0,490.7348583877996,146.15860566448802,0.0,37.0,37,15.604712843580296,1,,1865.2057667103538,1890.0,626.0,3340.0,1423152.0,477.2396222858726,0.401111279406222,2.23775479937804,-0.07279950658073378,0.005896403141496727,17.820059767201634,13.887171345522969,2.351332121920834,1.2832029881266334,765.0,103.42795233822022,0.8986600715103539,0.9770114942528738,3.7394455086627105
ID46000,46000,15,785.0,491.4634146341463,147.5425759520753,0.0,35.0,35,15.746853696442756,1,,1828.3101673101673,1781.0,737.0,3367.0,1420597.0,483.15140346713895,0.3854281376309285,2.1055038378799273,-0.10504049592208464,0.07174216608246621,18.09795359692894,13.95606882826773,-0.7579815138507724,1.2967801907276286,778.9999999999998,105.0399050977149,0.8872350298068115,0.9768025078369904,3.763445158975669
ID45236,45236,15,716.0,497.2665967854647,144.37398089913813,0.0,3.0,3,15.091412245528986,1,,1902.883426966292,1842.0,807.0,3751.0,1354853.0,485.37305577179694,0.2764935634412524,1.6983723542172144,0.07430359561744808,-0.013824627279496182,17.159971924159645,13.80694161119583,-0.8870738961320402,1.242851053287927,715.5,98.4848091754781,0.9270027160678423,0.9903114186851213,3.681835905778452
ID45300,45300,15,722.0,496.8958333333333,146.72916666666666,0.0,10.0,10,15.138795132120958,1,,1892.248956884562,1843.0,607.0,3535.0,1360527.0,461.31836697202374,0.2718419148600671,1.7534396035012014,-0.0035732120797216057,0.05976393064476005,17.223142983818576,13.768387849921762,2.2927012587152724,1.2509193648199304,719.9999999999998,100.42090966702804,0.8972099023938904,0.9742895805142079,3.7424663396306754
ID46068,46068,15,802.0,490.70631970260223,146.62680710450226,0.0,40.0,40,16.02735405955453,1,,1798.0459627329192,1791.0,684.0,3106.0,1447427.0,431.0347657415053,0.3822726421269372,2.3072677213417094,0.09383865808300848,0.04490289184521251,18.268708257555737,14.409919929987668,2.4138646840685434,1.2677869374928146,807.0,106.10086692084478,0.9008355859802732,0.9829476248477466,3.7349274059645454
ID45685,45685,15,789.0,496.1453181145635,147.32117945466075,0.0,22.0,22,15.842580132538986,1,,1891.8689567430026,1852.0,721.0,3713.0,1487009.0,483.1669852877274,0.251162873944431,1.5720465078958306,0.03942583734398865,0.17440718034668554,18.17719484715802,14.355237085912606,2.302769683199367,1.2662413541742241,788.5,105.16104542676278,0.8959871309892329,0.9813316739265713,3.7450191779628654
ID45880,45880,15,760.0,493.4489706526501,146.0941743320193,0.0,30.0,30,15.563862739881278,1,,1845.0972404730617,1772.0,620.0,3757.0,1404119.0,504.7783447949743,0.31835682219184214,1.7653455608492197,0.03971772320309491,0.01985128353882115,18.1927485509858,13.680718062862114,-0.8306698445386521,1.329809478376147,761.0000000000001,105.80765294854048,0.854201557699138,0.9651236525047558,3.8355244228823073
ID46137,46137,15,695.0,498.14182344428366,145.29377713458754,0.0,1.0,1,14.830783234644064,1,,1934.5296671490594,1889.0,656.0,3563.0,1336760.0,511.14352070261634,0.2978220264604709,1.7370175389271127,0.4796606449429603,-0.06576433911895387,16.85946031365231,13.505398684656432,2.2785736199627626,1.2483496938751204,691.0000000000003,97.19989621673616,0.9190863348138667,0.9878484631879919,3.697658316474048
ID45754,45754,15,776.0,494.20795698924735,146.18451612903226,0.0,29.0,29,15.706373285785544,1,,1791.6558861578267,1747.0,687.0,3568.0,1384950.0,459.62140658462204,0.2783758160727559,1.6976857600936888,-0.07614679598986922,0.33844894192042313,18.285011289717605,13.967904826336815,2.281961652890133,1.3090733017625367,775.0000000000001,106.57688471989495,0.857404036012434,0.9591584158415841,3.8283547138379004
ID45888,45888,16,662.0,266.4831827309237,430.7208835341366,0.0,31.0,31,14.538148590038448,1,,1266.0452488687783,1274.0,560.0,1872.0,839388.0,243.76254059469676,0.7055526889365281,4.2971109455919985,-0.22912520936093625,0.020505210540836295,19.18304915157002,11.39210362512879,2.3035695575025885,1.6838899805349297,663.9999999999998,99.39700167864386,0.8445616855143722,0.9750367107195296,3.857351755325635
ID45697,45697,16,671.0,262.85374657704756,430.80520288772715,0.0,22.0,22,14.598235126207824,1,,1209.9910313901346,1224.0,606.0,1720.0,809484.0,197.45161594174527,0.6953927881500555,5.027028015146193,-0.03261468292591228,0.012321569714175667,19.253115558063133,11.238271647670643,-0.7858516551724034,1.7131740681899006,669.5000000000002,99.81542760365018,0.8444328156715483,0.9766593727206422,3.857646081494064
ID46017,46017,16,622.0,264.94301421292573,436.25569857870744,0.0,36.0,36,14.065190871908776,1,,1342.4951768488745,1352.0,636.0,2067.0,835032.0,256.5821288897349,0.7217190062479735,4.386541013462031,0.046746564592583514,0.044208491736251,18.220989663007707,11.08604127660248,-0.7552837182146896,1.643597494216787,621.5000000000001,97.57384279164407,0.8203216588820976,0.9718530101641911,3.9139280960430436
ID45382,45382,16,679.0,263.3043372319688,425.58747563352824,0.0,7.0,7,14.755472278097805,1,,1146.076023391813,1161.0,577.0,1694.0,783916.0,195.91971062503183,0.6854149757856886,4.757864095201701,0.05596656055893354,0.04409341888860967,19.85984882049126,11.223057515763125,-0.7569107677917813,1.7695577869575645,684.0000000000001,101.78145472744411,0.8297144585309767,0.9799426934097425,3.891711188451658
ID45835,45835,16,682.0,265.9093567251462,431.70930799220275,0.0,27.0,27,14.755472278097805,1,,1223.7349926793559,1239.0,619.0,1718.0,835811.0,213.85162530288312,0.7032189830950575,4.725251364374781,0.026768354501631755,-0.016147694868375227,19.712439432307036,11.10793679602095,-0.8759665245683507,1.774626539049841,684.0,103.6793139614426,0.7996164795676415,0.9722814498933902,3.9642776499434556
ID45452,45452,16,701.0,264.0731620271235,426.1840352129432,0.0,11.0,11,14.93238344242959,1,,1141.7574893009985,1156.0,524.0,1665.0,800372.0,197.7838891791498,0.6871302819169852,4.7022251500780525,0.017012330844940266,-0.007223171148998926,20.099850044137046,11.192890645840336,-0.7893019393006835,1.7957693575436515,700.4999999999999,103.71196499521328,0.8183899322779923,0.9742698191933239,3.918544589024323
ID45837,45837,16,662.0,265.4033962264151,431.92691823899366,0.0,26.0,26,14.521718204012958,1,,1241.0663650075414,1244.0,644.0,1747.0,822827.0,209.2115651026934,0.7023349602179619,4.894840915511985,-0.05353216056924343,0.04743638149751093,19.174965314407878,11.14936362269394,-0.8370702160627453,1.7198259885773435,662.5,100.40660770482866,0.8257929250627942,0.9742647058823528,3.900940742038081
ID46160,46160,16,602.0,263.50359016846176,437.3033692350179,0.0,38.0,38,13.860015018459311,1,,1372.8013245033112,1374.0,576.0,1900.0,829172.0,277.6389800598202,0.7213929202572807,4.144280174535493,-0.07605816359174039,-0.01664835703445616,18.39835146027799,10.661423697099128,-0.8574363479256355,1.725693676847681,603.4999999999999,95.29386928528808,0.8351360207502807,0.978913219789132,3.8790584537690806
ID46097,46097,16,627.0,265.6264185801003,436.197281604645,0.0,37.0,37,14.177894523696525,1,,1325.3296529968454,1338.0,538.0,1947.0,840259.0,267.3642754187245,0.7187725070004363,4.145945530924701,-0.030880924015180614,-0.03839381814622831,18.703507523842422,10.986541376495072,-0.8171339012751461,1.7024017734878105,631.5000000000002,95.5232575745517,0.8696909880833955,0.9913657770800633,3.8012151113154213
ID45842,45842,16,667.0,266.58197127290737,430.3707280832095,0.0,28.0,28,14.636343580337652,1,,1245.7251114413075,1274.0,549.0,1798.0,838373.0,229.65066037773443,0.7080498320096339,4.497258002296936,-0.061883867493747885,0.04402965728761663,19.82376069773976,11.030351802678314,-0.8799136481792518,1.7972011276128375,673.0000000000002,101.52567648065555,0.8204897204957476,0.9803350327749457,3.9135272288889436
ID45396,45396,16,692.0,264.35765636232924,426.93661634315845,0.0,10.0,10,14.878996130143541,1,,1144.413199426112,1165.0,457.0,1667.0,797656.0,202.00683170479624,0.6865370630123188,4.612271828245079,-0.04930356698901832,-0.04513746847618082,20.055640426360206,11.219076915152982,2.3321495709127555,1.787637305460681,695.5000000000002,101.76065183640547,0.8440093113347337,0.9802677942212831,3.8586137988716547
ID45653,45653,16,670.0,264.22238732045565,426.17830609212484,0.0,14.0,14,14.636343580337654,1,,1182.6651785714287,1197.0,592.0,1670.0,794751.0,194.71445586338385,0.689198617946257,4.956296631821816,-0.06471465161475068,0.07950345483356874,19.94681964839257,10.943919778086286,-0.7769502895151005,1.8226394247089939,673.0000000000003,100.35008304942998,0.839826270754537,0.9846378931967817,3.8682114323073677
ID45845,45845,16,670.0,265.30292876644324,431.8164556962025,0.0,25.0,25,14.620023548969248,1,,1223.3532041728763,1235.0,592.0,1753.0,820870.0,209.64944191065544,0.6991614738477585,4.802097632409005,0.014876759469217283,0.029417972362831803,19.448617734123857,11.077678058543173,-0.7475385427735863,1.7556583276154125,671.4999999999998,99.82137798232337,0.8468544217049698,0.9817251461988302,3.852126604610071
ID45974,45974,16,606.0,265.26076158940396,435.0295253863134,0.0,34.0,34,13.865755343832143,1,,1359.6169154228855,1380.0,556.0,2007.0,819849.0,244.27647762464167,0.7143032349343515,4.638311141553904,-0.11635106833022335,-0.05617319079035851,18.687723070854542,10.54963265523645,2.238622384251598,1.7714098378182526,604.0000000000001,95.78068456975615,0.8273531584494882,0.9781376518218627,3.8972607838034206
ID46038,46038,16,612.0,265.38004332520984,435.5,0.0,35.0,35,13.997133097392593,1,,1346.8615635179153,1371.0,617.0,2104.0,826973.0,264.17875835669054,0.7185882931821164,4.263471349134762,0.03288060765101601,0.09468606867801577,18.749321855869525,10.789894768094822,2.3071285415211777,1.7376742089561734,615.5,95.90173709316116,0.8409786565106467,0.9793158313444711,3.8655602354868006
ID46102,46102,16,606.0,266.7447361225048,434.92931364506427,0.0,40.0,40,13.928742787093903,1,,1380.8147540983607,1398.0,620.0,2065.0,842297.0,291.71544626261897,0.7236915444963503,3.974659560806725,-0.09703412372212245,-0.02192084695909352,18.83935816804178,10.49368460408552,-0.9311619646269201,1.7953044024886196,609.5,97.19947587538803,0.8106917020678287,0.979903536977492,3.9371056421551573
ID45720,45720,16,666.0,263.73566240921616,431.60393188079144,0.0,23.0,23,14.554560428103375,1,,1227.6831831831832,1243.0,565.0,1811.0,817637.0,218.35564613257077,0.6993493204980088,4.6276805457592385,0.2500559021346728,0.08405299226387553,19.28923882567538,11.363898031409391,-0.7447054295516154,1.6974139307093958,665.5000000000001,100.05904058099723,0.8353053349699533,0.9844674556213021,3.8786652963134007
ID45912,45912,16,665.0,267.4023290758828,428.52178812922614,0.0,30.0,30,14.554560428103374,1,,1256.6437125748503,1276.0,591.0,1866.0,839438.0,238.97124341183883,0.7032465395984426,4.34236778029514,-0.07029297485327957,-0.002005276176008195,19.678796300130305,10.882246806411919,2.3504594148497224,1.8083394587720045,665.4999999999999,101.40397353003375,0.8132947659936305,0.9722425127830532,3.930799963256101
ID46170,46170,16,670.0,264.60317460317464,421.29414682539687,0.0,1.0,1,14.625465582862905,1,,1165.1803278688524,1179.0,604.0,1647.0,781836.0,205.91440469328714,0.6871349290253511,4.609232542176762,-0.11581762563782871,0.0492833123241333,19.98051221895611,10.83885478397677,-0.6839269137421153,1.8434154361486217,672.0,103.32173178387256,0.7910351526704276,0.9774545454545452,3.9857223345340707
ID45595,45595,16,690.0,262.58914728682174,428.1652131782946,0.0,19.0,19,14.798554040663838,1,,1180.0262390670555,1198.0,548.0,1702.0,809498.0,199.67961757643124,0.6909798111445092,4.829641111771013,-0.11091551530049766,0.06921467597913993,19.765526553170513,11.32455266284513,-0.8525228785817346,1.745369299930008,688.0000000000001,101.0438303148148,0.8467958102009379,0.982155603140614,3.8522599159848885
ID45406,45406,16,687.0,264.1676349552166,423.14923747276686,0.0,4.0,4,14.803930445578967,1,,1135.069464544139,1149.0,557.0,1617.0,784333.0,189.83106397226814,0.6803496209696451,4.841920440456981,0.010175385231593899,0.036795535953072674,20.04521002065058,11.097401299852642,-0.7245074591020305,1.806297661860417,688.4999999999999,101.8368840654825,0.834264192106723,0.980071174377224,3.881084785011545
ID46050,46050,16,602.0,264.32698675496687,436.2127483443709,0.0,39.0,39,13.865755343832143,1,,1377.362582781457,1399.0,638.0,1952.0,831927.0,288.29434813764715,0.7209452100464856,4.002924188007521,-0.17132621880909976,0.09793631339551055,18.911270725905815,10.583220558729357,-0.8833137781048171,1.7869107632182184,604.0000000000001,96.02759579261668,0.8231039601420027,0.9853181076672104,3.9073074589786696
ID45475,45475,16,684.0,264.0678110542975,425.6098125152179,0.0,12.0,12,14.760864374853009,1,,1163.0029027576197,1186.0,633.0,1633.0,801309.0,196.44264353969612,0.6885920632464212,4.828500642861612,0.08289367646860557,0.013846256942263846,19.95430833517705,11.155624484919967,2.3238583462025257,1.7887217665089958,684.5,101.7268270046881,0.8312129859192934,0.9764621968616263,3.8882015785732844
ID45605,45605,16,684.0,262.37788298130613,426.989439184268,0.0,17.0,17,14.782413093442232,1,,1173.3531976744187,1191.0,601.0,1752.0,807267.0,195.68907538635847,0.686395005859758,4.8809794953361685,-0.023815404796380148,0.027200608823944098,19.421621258745155,11.386228242225084,-0.871862934403902,1.7057115706429757,686.5000000000001,101.50423417122494,0.8373019214216983,0.978617248752673,3.8740381048343435
ID45607,45607,16,698.0,261.7119268234735,427.8540033262057,0.0,18.0,18,14.943038016344907,1,,1161.4048640915594,1185.0,545.0,1709.0,811822.0,196.12613779078708,0.6888416592097867,4.830684022462492,-0.03467014693468883,-0.032601945304260777,19.941650812619315,11.488217751161036,-0.8686261319793247,1.7358350306864567,701.5,101.39986351569172,0.8573591724551266,0.9845614035087716,3.8284548768558104
ID45608,45608,16,671.0,263.4925205684368,426.93779606083274,0.0,16.0,16,14.58732871069491,1,,1185.5560538116592,1203.0,620.0,1656.0,793137.0,185.0011536943394,0.6841209600616743,5.206396831645798,-0.09968549859387234,0.05221646108281396,19.658844369383853,11.03931973752362,-0.8883122162749925,1.78080215419087,668.4999999999999,101.50599083716214,0.81531968100231,0.973780043699927,3.925915692571839
ID45546,45546,16,682.0,263.77214880078316,425.87444933920705,0.0,13.0,13,14.723078227434693,1,,1167.1073529411765,1183.0,630.0,1628.0,793633.0,181.2452555398958,0.6862434131376212,5.241216224007255,0.08049499200318615,0.11287211491347957,19.840320699454157,11.129631293673107,-0.8457894569292801,1.7826575001395455,681.0000000000001,101.89437255135483,0.8242454857242683,0.9742489270386264,3.904600840093839
ID45227,45227,16,678.0,263.8129657228018,426.72727272727275,0.0,9.0,9,14.614579488624488,1,,1165.2065378900445,1183.0,551.0,1659.0,784184.0,191.77994695074474,0.68432138821172,4.937019750897663,0.09123381339106747,0.07959471579354184,19.986045472785502,10.953904733734928,2.357566081346989,1.8245590005209864,671.0000000000001,100.80738616699549,0.8297507928141163,0.9896755162241891,3.8916259796844836
ID45611,45611,16,659.0,263.5701219512195,426.0503048780488,0.0,15.0,15,14.450303987687136,1,,1200.0304414003044,1219.0,620.0,1693.0,788420.0,200.09725299782198,0.6876716473075499,4.887359622657008,0.0054254067996591365,0.05010741047071579,20.06039642679596,10.562943510995776,-0.8218518683447353,1.899129386227765,656.0000000000001,100.315117659266,0.8191829973128408,0.9820359281437129,3.916647324786427
ID45675,45675,16,671.0,263.1666666666667,431.085201793722,0.0,21.0,21,14.59278293736174,1,,1209.2290419161677,1221.0,557.0,1838.0,807765.0,210.73228487096316,0.6962549676224818,4.7106914934523285,-0.029626178993515977,0.09256175967922255,19.58301435330874,11.045730136190024,-0.8584139166611897,1.7729035665236215,668.9999999999999,101.6525289904139,0.8135787677800584,0.9773557341124903,3.930113827078312
ID45358,45358,16,668.0,263.56796601699153,424.89780109945025,0.0,6.0,6,14.57095378088162,1,,1170.8766917293233,1194.0,559.0,1661.0,778633.0,196.70757564044158,0.6861511886368377,4.844437725714368,0.04291924313570845,0.008010412187384209,19.880688943498207,10.911281190067179,-0.7414652523286026,1.822030666902445,667.0,100.26440719324512,0.8337620374472015,0.9772893772893773,3.8822533507203913
ID45935,45935,16,616.0,264.9912138415788,434.2531765341984,0.0,33.0,33,14.008499021390799,1,,1334.1539708265802,1337.0,708.0,2135.0,823173.0,247.94352353890744,0.7136564334327745,4.4817601381964955,-0.006617620375262651,-0.0636433750546927,18.372341083974337,10.940006082258122,-0.9213653752731221,1.6793721087385456,616.5,95.08943451339215,0.8567979437411041,0.9903614457831326,3.8297085487875493
ID45360,45360,16,684.0,263.7442171901631,426.1973459946433,0.0,8.0,8,14.760864374853009,1,,1146.7383040935672,1153.0,544.0,1722.0,784369.0,195.83208421266374,0.6845064483190435,4.758995945913332,-0.0013143296822410101,-0.033242041877869756,19.86375473976206,11.201895198432002,2.368523952145782,1.7732494714414497,684.4999999999999,101.73139425957069,0.8311383525894984,0.9757662152530291,3.8883761481353867
ID45747,45747,16,669.0,264.0685543964232,431.80899155489317,0.0,24.0,24,14.614579488624488,1,,1215.8611940298508,1215.0,595.0,1761.0,814627.0,201.6044095592383,0.6936400580938565,4.940000753173358,0.07292859274388293,0.050197816108193634,19.34305150030454,11.257328583232882,2.406621915982888,1.7182630281499343,671.0,99.25524568830647,0.8559047700543582,0.9838709677419355,3.831706261093827
ID45429,45429,16,663.0,265.32959641255604,419.48978574987547,0.0,0.0,0,14.592782937361742,1,,1179.990990990991,1192.0,508.0,1682.0,785874.0,207.47389344220903,0.6868556077800637,4.631618387152962,0.03451898925192147,0.08197774088123612,19.806974689774755,10.939232038850731,-0.6605417582615524,1.81063667169964,669.0000000000001,100.8566763612788,0.826469207324525,0.9859985261606485,3.8993443867786466
ID45624,45624,16,680.0,262.5322978303748,430.34122287968444,0.0,20.0,20,14.668929172241665,1,,1204.0931952662722,1227.0,551.0,1722.0,813967.0,212.1613611231485,0.6972853596024942,4.663151081422533,-1.470850247791891E-4,0.061465419827659094,19.32576229039763,11.421461912083824,-0.8769871597280461,1.6920567996598679,676.0,99.53168216129943,0.8574994928987935,0.9868613138686131,3.8281416215884394
ID45369,45369,16,676.0,263.86913580246915,424.6498765432099,0.0,5.0,5,14.658075357087599,1,,1153.9244444444444,1169.0,552.0,1595.0,778899.0,186.64025897704602,0.685271971958977,5.027997023847246,0.03934616422791441,0.004762516873336034,19.83452090154745,10.981265309962357,-0.771155636428404,1.8062145246188794,675.0000000000001,102.69107725750011,0.8043558363123186,0.9705248023005035,3.9525814065326896
ID45370,45370,16,673.0,265.0775626706379,422.2696698932737,0.0,2.0,2,14.620023548969252,1,,1151.9925595238096,1171.0,573.0,1629.0,774139.0,200.9993028985903,0.6822566485483706,4.648797637104928,-0.017435935765897963,-0.010500721455229215,20.197375412396344,10.766849195148742,2.4627708025860136,1.8758854188741445,671.5000000000001,103.08835309905622,0.7940295734358053,0.9689754689754692,3.9781998167630244
ID45822,45822,16,663.0,267.09864457831327,429.83584337349396,0.0,29.0,29,14.538148590038452,1,,1256.019578313253,1270.0,500.0,1823.0,833997.0,226.0382405529657,0.7083822060954665,4.608155129697962,-0.022747924975782322,0.0551775732011077,19.51883100313019,11.033950608180149,2.311264763593213,1.7689793706942714,664.0,98.66628396047663,0.857117573973496,0.9873605947955388,3.8289944082707126
ID45950,45950,16,648.0,265.04313425216947,432.45992853496676,0.0,32.0,32,14.417224270920368,1,,1284.0599078341013,1294.0,531.0,1903.0,835923.0,250.61801968363196,0.7127740657354998,4.264369210765528,-0.07429416121312744,-0.07529225996153685,19.0201441667988,11.181026616403155,-0.8556777166737884,1.701108924908134,653.0,98.00087753737233,0.8544036917294002,0.9856603773584905,3.835070693645739
ID46142,46142,16,551.0,266.35268526852684,434.44749474947497,0.0,41.0,41,13.297411092956994,1,,1478.161231884058,1484.0,708.0,2078.0,815945.0,277.9529091269376,0.7235310177862085,4.4649708712931275,0.03537827524142284,-0.02872360010214644,17.233650670515665,10.459189414703163,2.1688769153199914,1.6477042328241231,555.4999999999999,89.77208958966902,0.8661861971758456,0.9831858407079646,3.808897648252247
ID45311,45311,16,677.0,264.47594501718214,422.85837015218453,0.0,3.0,3,14.701442538703265,1,,1146.9061583577713,1171.0,481.0,1684.0,782190.0,197.33704403583994,0.6833614952578723,4.718700109223634,-0.020960438876839307,-0.011671223578202975,20.17049216607474,10.895134565531436,-0.6721639193756377,1.851330246978999,679.0,103.22097360954422,0.8008362733865185,0.978386167146974,3.96125740456075
ID45376,45376,17,569.0,30.363142437591776,433.3693098384729,0.0,5.0,5,13.440270101798594,1,,1538.0862676056338,1575.0,524.0,2252.0,873633.0,361.0465504507609,0.7695306323791501,3.705231244159385,-0.1072652374812473,-0.11879407172444825,15.393011557866318,11.822338250169135,0.9277851660021665,1.3020276727106923,567.5,90.7394292205329,0.8661311213388209,0.9709153122326774,3.809018747059457
ID45632,45632,17,529.0,29.351956181533644,435.469014084507,0.0,20.0,20,13.019217119046312,1,,1713.2693032015065,1745.0,624.0,2522.0,909746.0,382.51999205280697,0.785761857859952,3.9415668096413943,0.1588746380040248,-0.0824235298570712,16.369975529604933,10.665950888457257,1.1295700294102544,1.5347881966455141,532.5,88.61622616803096,0.8521243464015835,0.9717153284671532,3.840196478801601
ID46144,46144,17,604.0,26.82153635116598,440.4283950617284,0.0,41.0,41,13.905871272834824,1,,1631.796052631579,1652.0,580.0,2447.0,992132.0,385.1479373244121,0.7785473584835073,3.7092653209226256,-0.02294020865657327,-0.0933782475976772,16.923761035549017,11.552266712049425,1.1643585384951591,1.4649731916158872,607.5,95.60908865360808,0.8351371233024971,0.9688995215311007,3.879055893192028
ID45377,45377,17,571.0,33.971374600406854,434.8080499854693,0.0,2.0,2,13.511133176991633,1,,1531.4852173913043,1556.0,422.0,2347.0,880604.0,374.3287176968821,0.7661582602960221,3.549592758421361,0.10801661696903528,0.16865809720480274,15.741376315693227,11.874989557502985,0.9420924045771129,1.3255907501617412,573.5000000000001,90.35151271203121,0.8828205418835295,0.9745114698385726,3.772842859451467
ID45698,45698,17,522.0,28.737639553429027,435.4856459330144,0.0,22.0,22,12.8963915701653,1,,1731.057251908397,1761.0,611.0,2629.0,907074.0,397.312761877049,0.7865552077702173,3.83638056295105,0.1664258422705624,-0.023304602078390902,16.43295546769908,10.479133679891232,1.1336755747401153,1.5681597324436123,522.4999999999999,89.57845485565088,0.8182556726833403,0.9757236227824461,3.9188660537246207
ID45891,45891,17,546.0,25.74627092846271,436.99132420091325,0.0,31.0,31,13.201312915222692,1,,1714.0274223034735,1729.0,602.0,2504.0,937573.0,365.04000630937264,0.7824261097177238,4.122295283668654,0.3566580258906708,-0.05861166490036178,16.70004078412382,11.016566274781825,1.2469650253522022,1.5159025387386011,547.5000000000001,90.48967888100651,0.8402255689604627,0.9829443447037705,3.8672921830657216
ID45828,45828,17,545.0,26.122566909975667,437.03497566909977,0.0,29.0,29,13.207339536360735,1,,1696.301094890511,1726.0,661.0,2631.0,929573.0,396.30011276459,0.7864754575799411,3.7687459487335606,0.00469755331174148,-0.1708919580298951,16.679163102610566,10.939339182895809,1.1581874003836674,1.524695671626057,548.0000000000002,90.35740662263032,0.8434569231684511,0.9742222222222227,3.8598771139735684
ID46020,46020,17,562.0,25.924865831842578,440.2033392963625,0.0,36.0,36,13.339236349084569,1,,1693.4301075268818,1693.0,566.0,2649.0,944934.0,366.83651443104276,0.7775343469017482,4.038557732871072,0.11406612000707667,0.2518461893984213,16.869458566682873,11.037008373306188,1.201283335893555,1.528444846293937,559.0,91.6274346615818,0.8367016332834699,0.9679653679653678,3.875427561999438
ID45319,45319,17,577.0,32.64725337935001,434.1284153005464,0.0,3.0,3,13.581626524224065,1,,1525.1336805555557,1541.0,495.0,2301.0,878477.0,361.1809054286452,0.7616528061825214,3.651319628827303,0.052178718517529796,0.03618519086654471,15.16436342488287,12.31915717820522,0.9616079953087107,1.230957865503277,579.4999999999999,90.88828349798108,0.8815511196362918,0.968253968253968,3.775558304790445
ID45453,45453,17,507.0,32.18888888888889,432.69313725490196,0.0,11.0,11,12.741194683142286,1,,1727.4066797642436,1754.0,635.0,2543.0,879250.0,403.3352506829547,0.7851587817623019,3.7673767392874,-0.003080412237753655,-0.03524000304016731,15.690512276257248,10.625312526212918,0.9150416342720016,1.4767106602792486,510.00000000000006,86.2020582191248,0.8624715323558405,0.9836065573770495,3.817091296152541
ID45391,45391,17,539.0,30.741443108233117,433.1971939562134,0.0,7.0,7,13.116649476232062,1,,1608.025925925926,1632.0,597.0,2304.0,868334.0,357.14072632360984,0.7724932776612109,3.9245853353976807,-0.004349196239099972,0.0450891047933743,15.465292322878812,11.152924515609708,0.9535706454047886,1.3866580286841792,540.5,89.31601032067978,0.8514260465977175,0.9747520288548241,3.841770930776369
ID45840,45840,17,522.0,26.629362792187,437.19804674991997,0.0,27.0,27,12.871685816499058,1,,1760.298076923077,1788.0,524.0,2589.0,915355.0,392.563868367607,0.786832532283274,3.9491564815290894,0.2073795373064376,-0.28711984546989744,16.761808819779127,10.903384245388951,1.1738872717521147,1.5373033218441061,520.4999999999999,89.85477481890135,0.8101179919600252,0.9774647887323942,3.9384994869803176
ID45841,45841,17,525.0,28.087211142766698,437.0403608736942,0.0,26.0,26,12.945661631441084,1,,1753.2243346007604,1792.0,670.0,2671.0,922196.0,403.3972059504179,0.7894140539672687,3.8346754207908607,0.2581208600208546,-0.17136090756019481,16.668453487273187,10.576477158190482,1.1932100618055363,1.5759929547396645,526.5,90.31885529789113,0.8110570247020639,0.9795348837209302,3.9362188513616236
ID46162,46162,17,574.0,27.437862950058072,440.11149825783974,0.0,38.0,38,13.517021664164627,1,,1681.0069808027922,1711.0,629.0,2501.0,963217.0,367.09523157089956,0.7781135269416702,4.0077834619271355,0.1700480638417334,-0.24379039478107473,16.64323122948554,11.767041379095494,1.1490256463559692,1.4143938729622167,574.0,90.5301325209528,0.8801069371949759,0.9913644214162347,3.778654723986206
ID46101,46101,17,575.0,27.24177583697234,440.5835516739447,0.0,37.0,37,13.499348496880144,1,,1680.7364746945898,1704.0,641.0,2463.0,963062.0,378.61798561928305,0.7786034534899481,3.886561771685046,0.13376459226094817,-0.04540302209629861,16.76373247298614,11.17309126465971,1.197895170408375,1.5003665571057785,572.5000000000001,92.09976322536112,0.8481415266914758,0.9752981260647363,3.849202579737267
ID45654,45654,17,517.0,31.623993558776167,434.64685990338165,0.0,14.0,14,12.834538016621856,1,,1724.2050290135396,1758.0,657.0,2555.0,891414.0,402.5254488245482,0.7879489677274176,3.7754483411183224,0.04363207045541171,-0.06642815094236819,16.018628488280523,10.583141430290594,0.9608772744673649,1.513598641177819,517.5,87.49517194603517,0.8494778128921998,0.9764150943396225,3.846173859841497
ID45975,45975,17,543.0,23.965930018416206,439.2912829957029,0.0,34.0,34,13.146949007195484,1,,1725.8379373848986,1748.0,629.0,2735.0,937130.0,377.60476843006796,0.7827321521362846,4.013466234045426,0.3921727851146235,0.707704662986656,17.725300903956818,10.594938820588732,1.2369080739627192,1.6729970039573925,543.0,89.9653954787053,0.843060432165059,0.98014440433213,3.8607846566575805
ID45848,45848,17,534.0,26.10112888052681,437.2256193164001,0.0,28.0,28,13.006986757381002,1,,1727.7853107344633,1759.0,601.0,2563.0,917454.0,386.63149420620164,0.7815721827780813,3.9209221186534524,0.10179647552951908,-0.3101927990285951,16.694052009072355,10.796861472656602,1.1699020954226669,1.5461948874078433,531.5,90.07808668643864,0.8231421238311563,0.9752293577981651,3.907216879848158
ID46040,46040,17,575.0,24.58982210557014,439.42913385826773,0.0,35.0,35,13.487553519969305,1,,1655.2171628721542,1670.0,584.0,2573.0,945129.0,371.2607280552941,0.7795162800067829,3.9059725668882037,0.4972793355658062,0.43262080542795905,17.578693079731977,11.37628358902709,1.2191346420536664,1.545205245822755,571.5000000000001,91.48812879566627,0.8580184144609861,0.9777587681779301,3.8269838342712217
ID45721,45721,17,532.0,29.10050172467858,435.83490122295393,0.0,23.0,23,13.006986757381,1,,1732.9736346516008,1759.0,687.0,2666.0,920209.0,414.8198873320785,0.7858352403838652,3.6766517333009197,0.20495968974145956,-0.09080790712888276,16.528297377511816,10.875423016053183,1.1521473778202247,1.519784320399716,531.4999999999999,88.21505263412382,0.8582775201599403,0.9860853432282002,3.8264061259266686
ID45849,45849,17,526.0,28.705273069679848,437.51255492780916,0.0,25.0,25,13.00086726197883,1,,1735.357142857143,1764.0,511.0,2611.0,923210.0,418.3017638230008,0.7890781506883078,3.6594841775331273,0.0874437531093371,0.13891976751399754,16.914818029233025,10.548451451225832,1.1961923411633377,1.6035356571003947,531.0000000000001,88.32945628183766,0.8552503702582731,0.9869888475836434,3.833171906953579
ID45914,45914,17,529.0,25.94810285355911,435.85183443085606,0.0,30.0,30,13.006986757381002,1,,1748.7861163227017,1759.0,523.0,2622.0,932103.0,408.32488266927976,0.7844063889896353,3.7653746917526676,0.045540882741261994,0.12919688618729205,16.87667237272959,10.428192146744898,1.213954635890879,1.6183699087283838,531.5,89.75871380338809,0.8290102330936495,0.9637352674524026,3.8933637978664697
ID46171,46171,17,544.0,34.64777574649604,435.496648385131,0.0,1.0,1,13.195283541573993,1,,1611.6231617647059,1623.0,570.0,2394.0,876723.0,374.4270312706525,0.7719638552619492,3.750320716956898,-0.023600496406617565,0.09616543658348271,15.440862331737913,11.395581592099417,0.9788688484279385,1.3549867733335434,547.0,89.9005832416343,0.8504957970793786,0.9741763134461264,3.8438713696445377
ID46108,46108,17,566.0,26.480859835100116,440.02326266195524,0.0,40.0,40,13.422495877444907,1,,1689.9435626102293,1714.0,719.0,2556.0,958198.0,371.8443198740851,0.7779339684124915,3.9771150359244847,0.2665780112841081,-0.10405646418221906,16.71368775752936,11.391682943929228,1.1586319296945764,1.4671833687608289,566.0,92.59679113144985,0.8295344402583604,0.9666951323654998,3.8921334380216646
ID45405,45405,17,529.0,32.989731437598735,433.33001579778835,0.0,10.0,10,12.957949874958986,1,,1677.2348484848485,1714.0,599.0,2502.0,885580.0,421.9507216899881,0.780448705496531,3.4847934143273163,0.28425198379599365,-0.0821628708932582,15.787756087265555,11.150501061962006,0.9538327920986128,1.415878622811197,527.5,87.64885484956807,0.8628590039875758,0.9823091247672253,3.816234156884487
ID45601,45601,17,504.0,30.570858283433132,436.00299401197606,0.0,19.0,19,12.628271971179556,1,,1783.118,1832.0,613.0,2599.0,891559.0,390.9679218399069,0.7863932274331702,4.015426260982636,0.3133129897863784,-0.21231206900309235,16.31973050158222,10.462394156600725,1.0321292168636163,1.5598466524305148,501.00000000000017,88.05911865056729,0.811893231732497,0.9785156250000003,3.9341912806780814
ID45410,45410,17,577.0,31.294560185185187,433.3666087962963,0.0,4.0,4,13.540550005146152,1,,1517.6163194444443,1538.0,606.0,2241.0,874147.0,356.0969340590505,0.7613153802279579,3.6842680958759524,0.1467232929912426,0.20181561045488441,15.793472985638957,12.142597911503708,0.8971321883894112,1.3006667189956498,576.0,90.86630713809454,0.8766507134878961,0.9746192893401016,3.7860961307539394
ID45476,45476,17,492.0,31.924703891708965,432.782910321489,0.0,12.0,12,12.520687638684905,1,,1761.6612903225807,1783.0,695.0,2534.0,873784.0,386.3661661389587,0.7803371649845044,3.9969926737665524,0.35388743360246505,-0.15826135949185477,15.751609021900087,10.58730165592921,0.9036607751168669,1.4877831513451503,492.50000000000017,85.66536316121527,0.8433455898567016,0.9820538384845466,3.860131884215729
ID46053,46053,17,572.0,27.170464504820334,440.05652936021033,0.0,39.0,39,13.475748219221543,1,,1694.1265377855887,1716.0,458.0,2491.0,963958.0,376.76584915137886,0.7778620851277216,3.9346748186656133,0.24813658493463514,-0.09286706083693247,16.56083780978161,11.452192898894351,1.204021728311163,1.446084427322253,570.5,90.28882316313121,0.8794224091314267,0.9870242214532872,3.780125059532069
ID45610,45610,17,496.0,30.931017119838874,436.64333669016446,0.0,17.0,17,12.571430248394654,1,,1777.9818913480885,1824.0,677.0,2571.0,883657.0,399.70075711203236,0.7824096737289632,3.905251780133174,-0.1254972616173296,-0.09400884084944085,16.494485156793683,9.828569381227984,1.0051894095734129,1.6782183161159978,496.49999999999994,87.25102652319725,0.8195737243956198,0.9678362573099416,3.9157135938866605
ID45676,45676,17,512.0,28.957846952010378,435.7311932555123,0.0,21.0,21,12.791062563308351,1,,1759.517578125,1798.0,608.0,2580.0,900873.0,402.96760185456174,0.7859114797190893,3.8429716306445965,0.19564221703331525,0.7088371659987354,17.429372327540484,10.098839471677563,1.1416642645272062,1.7258787384849097,514.0,87.30973436257743,0.8473203739898943,0.9799809342230696,3.8510672921724107
ID45229,45229,17,520.0,32.53362151777137,433.43691962856224,0.0,9.0,9,12.87168581649906,1,,1681.5938697318009,1710.0,517.0,2503.0,877792.0,406.5922325509834,0.7798420514905726,3.62424225894404,0.581076176979587,-0.018335958133202667,15.67758971528799,11.350856758173562,0.9279239206950454,1.3811811785924284,520.5000000000001,88.20302157877506,0.8407437969766736,0.9719887955182075,3.8661001147492153
ID45613,45613,17,500.0,30.493006993006993,436.5386280386281,0.0,18.0,18,12.621968865236012,1,,1788.6733466933867,1832.0,659.0,2556.0,892548.0,404.23730494085453,0.7877574711096116,3.89949681982923,-0.07612777914858503,0.01942644492725505,16.4238031163426,9.964390453554017,1.0439780452574765,1.6482496538947542,500.5000000000001,87.18410396686063,0.8274453675863128,0.9746835443037977,3.897043625620418
ID45615,45615,17,489.0,30.544989775051125,437.10327198364007,0.0,16.0,16,12.476118560829473,1,,1793.1860940695296,1846.0,597.0,2532.0,876868.0,401.5313363468958,0.786540447142388,3.9322771665041176,0.574559874439092,-0.25538180240389974,15.685127827312147,10.85802867413476,1.00211864642631,1.4445649664451676,489.0000000000001,84.50904202051797,0.860423703000839,0.9908814589665655,3.8216309817118255
ID45553,45553,17,514.0,31.664097623635197,433.33622350674375,0.0,13.0,13,12.853125337029407,1,,1715.0403071017274,1771.0,491.0,2598.0,893536.0,428.7585974772688,0.7877198703725975,3.52503812799615,0.541914000380318,0.07931382531885288,16.25703718362618,10.888149477998269,0.9298076212583102,1.4930945994520783,518.9999999999999,85.66057527753229,0.888822926725859,0.9933014354066981,3.760081927549447
ID45937,45937,17,566.0,24.771290605794558,438.3033362598771,0.0,33.0,33,13.46393256748075,1,,1666.7666666666667,1716.0,651.0,2565.0,950057.0,353.74573585503214,0.7783544893178513,4.124513103994739,0.3356842887875064,0.7634908692361703,17.857382861346423,11.052625059751369,1.2706193764166809,1.615668926142703,569.5,90.73033174081431,0.8693578796599922,0.9921602787456444,3.801943289855457
ID45619,45619,17,493.0,30.706122448979592,435.44319727891155,0.0,15.0,15,12.488868813069399,1,,1794.579918032787,1831.0,565.0,2652.0,875755.0,415.60395399635706,0.7867032588235933,3.8025212359407217,0.48153059087247124,-0.34315568800735513,15.359628805047393,11.070312113590566,0.9988722605467384,1.3874612248909415,489.99999999999994,83.94647091251367,0.8737779029230276,0.9869083585095668,3.792314994523095
ID45365,45365,17,564.0,30.1315172817809,432.5937316930287,0.0,6.0,6,13.458020851469092,1,,1549.5887521968366,1565.0,479.0,2406.0,881716.0,371.6320158777724,0.7708329429388134,3.630078394056716,0.08949890911902036,0.09410313082104836,15.805846047155812,11.796581814637983,0.9262356218338363,1.3398666067439016,569.0,90.15769072242641,0.8796634995610885,0.976824034334764,3.77960701233128
ID45430,45430,17,550.0,35.24309978768577,435.2791932059448,0.0,0.0,0,13.22540292233068,1,,1613.7472527472528,1635.0,740.0,2295.0,881106.0,344.9445989845116,0.7662686607172637,4.059200122267337,0.272377352699433,0.040272796501324495,15.33835137481116,11.812456119697334,0.8979010030167228,1.2984895960150384,549.4999999999998,88.51813682631189,0.8812782108968014,0.9725663716814156,3.776142855212099
ID45750,45750,17,524.0,28.755238095238095,436.9244444444445,0.0,24.0,24,12.927207364566025,1,,1740.6889312977098,1769.0,742.0,2680.0,912121.0,401.7290504943509,0.7837394192709151,3.807660387454886,-0.15918632603179486,-0.17877388121552873,16.55622146183288,10.39523011262806,1.1640349546375253,1.592674840523298,524.9999999999998,90.02219786519227,0.8140853579180845,0.968634686346863,3.928890818509864
ID45367,45367,17,513.0,31.292355037252996,433.225299643667,0.0,8.0,8,12.797282385005042,1,,1672.1860465116279,1716.0,546.0,2446.0,862848.0,378.5545840251782,0.7757728824103363,3.8595196477077867,0.10202906076639252,0.07495462897400958,15.506217373507713,10.935394370033231,0.9517990052481109,1.4179842855965141,514.5,87.05968555852265,0.853023615680128,0.970754716981132,3.8381717509504
ID45951,45951,17,568.0,25.465699208443272,437.10891234242155,0.0,32.0,32,13.452106537471558,1,,1661.787346221441,1686.0,681.0,2510.0,945557.0,365.916260885527,0.7790982187661313,3.977553414300769,-0.07531297719655185,-0.042992741651715634,17.167853015046692,10.999661149012454,1.2369506964306236,1.5607619891625495,568.5,91.87437724002008,0.8463529581394994,0.9726261762189906,3.8532676268485124
ID45633,45633,18,506.0,9.377490039840637,474.9478751660027,0.0,15.0,15,12.640868754332628,1,,1026.867469879518,1045.0,342.0,1475.0,511380.0,211.4976644752728,0.4852353560365163,3.1724586807920505,-1.5606495772625373,-1.225807162689529,19.12744266102952,9.809706204691706,0.8253854477056486,1.9498486765976135,501.99999999999994,91.08803962912357,0.7603102936673708,0.9747572815533979,4.065458169314718
ID45953,45953,18,447.0,8.813638052768487,478.13730955035305,0.0,32.0,32,11.948304647665717,1,,1104.351111111111,1107.0,389.0,1624.0,496958.0,216.11527962090585,0.4957194082317208,3.387173855790515,-0.9471455637262438,-1.783135717634157,18.491843242501844,10.032984123305146,0.8922071223508734,1.843105003978628,448.5000000000001,88.1963291703304,0.7245548903182516,0.9922566371681418,4.164561558511216
ID45378,45378,18,434.0,8.028033794162827,474.49769585253455,0.0,6.0,6,11.753573524837677,1,,1025.690366972477,1018.0,365.0,1466.0,447201.0,207.83461152096856,0.4810734543296877,3.2059976045005407,-1.720027206103132,-1.4457805069224259,18.053006373439793,9.2399294825436,0.8599163281996862,1.9538034795120642,434.0,86.9346909116879,0.7216279814106483,0.9612403100775194,4.172998701856121
ID45700,45700,18,464.0,9.145313065508505,475.71570756424177,0.0,22.0,22,12.10709306925637,1,,1108.0525164113785,1112.0,341.0,1660.0,506380.0,242.23853122058887,0.49084830587574346,3.0120415308618083,-3.2590022370304466,-2.0220736174622798,21.252491944117896,9.278769868510796,0.7043775858205679,2.2904428329710083,460.5,89.64658512043592,0.7200654894716414,0.9613778705636743,4.1775238066030465
ID45764,45764,18,455.0,8.768781911013859,478.0561633843909,0.0,24.0,24,12.060995729457511,1,,1021.0438596491229,1008.0,366.0,1470.0,465596.0,210.05452522287825,0.48730778261140395,3.1852597113265895,-1.883793815295288,-1.3181547975206607,18.62288629328472,9.696057898460156,0.7747941330792185,1.9206657476996136,456.99999999999994,87.95972095708582,0.742263966758027,0.9764957264957261,4.114582199424029
ID45381,45381,18,413.0,7.501596806387226,476.1510978043912,0.0,8.0,8,11.527982368208784,1,,992.6498800959232,996.0,307.0,1384.0,413935.0,191.68702507712504,0.4787841397343431,3.353268615679686,-2.485936410931289,-1.6390927615396933,17.298098165201843,10.251680030751455,0.7920142818393765,1.6873427685329232,417.5,84.54771827532412,0.7339433851286052,0.9619815668202765,4.137839601074954
ID46149,46149,18,470.0,8.577140835102618,476.4037508846426,0.0,41.0,41,12.244343853084386,1,,1117.1019108280254,1112.0,260.0,1705.0,526155.0,243.61538010124255,0.49800490931341274,3.048866965353047,-3.1561655622498956,-2.0734917751565667,20.798649201814918,9.775188743578259,0.7884469248962453,2.127697965471863,471.0,92.62687688173501,0.6898532726773269,0.9661538461538461,4.268021195767966
ID45640,45640,18,467.0,8.97340425531915,474.6049645390071,0.0,20.0,20,12.231338704589191,1,,1092.447311827957,1083.0,400.0,1657.0,507988.0,237.06597800861388,0.49470074874114583,3.050349342632945,-1.6980656550135769,-1.0918815606507655,19.04192543138995,9.49167585918976,0.8181660444883413,2.006171061241384,469.9999999999999,89.31459740757651,0.7403939000828672,0.9700722394220844,4.119775172051255
ID45896,45896,18,429.0,8.445243804956036,478.5519584332534,0.0,31.0,31,11.521077316754745,1,,1082.4530120481927,1090.0,290.0,1522.0,449218.0,213.73299764983383,0.47060543061216425,3.2413672598252306,-3.3195914229875596,-2.3372127396176845,19.634858169403252,9.290540485485714,0.7406386049628265,2.1134247463942604,416.99999999999994,85.6146744826245,0.7149069176372479,0.9641618497109825,4.192568647350645
ID46025,46025,18,443.0,8.36644469108398,478.55882352941177,0.0,36.0,36,11.974915604120044,1,,1089.5553047404064,1090.0,297.0,1596.0,482673.0,245.6066153242352,0.48816555171791026,2.9104161869649006,-1.671716763555991,-1.6434599096889098,18.246635322376275,9.93642959193936,0.8192376202934384,1.8363372027693254,450.49999999999994,89.78596641285796,0.7022435132596738,0.9719525350593311,4.230201587514701
ID45386,45386,18,507.0,9.737160614982008,471.6622505724566,0.0,2.0,2,12.734947467918404,1,,1029.2003929273085,1016.0,284.0,1553.0,523863.0,232.32101551907388,0.5007247614795997,2.956238452235659,-0.8599244030447668,-0.7815341547367388,17.83504701950181,10.104938014140782,0.8530825330060401,1.7649833175169969,509.5000000000001,91.34430283286895,0.7673458018073845,0.9586077140169335,4.046777916011319
ID45455,45455,18,448.0,8.166295471417966,474.97141796585004,0.0,11.0,11,11.954962939989484,1,,1019.1297539149888,1030.0,226.0,1521.0,455551.0,216.72872876147986,0.4866344582269487,3.078517707890139,-1.0870868185580151,-1.3125097848077807,17.57468459656452,9.757576922955456,0.9009814565838066,1.801132057203537,448.99999999999994,88.23711239881116,0.7246922729722837,0.961456102783726,4.1641667939612725
ID45839,45839,18,418.0,7.8136070853462165,477.72020933977456,0.0,29.0,29,11.479559785988718,1,,1076.1404358353511,1091.0,426.0,1546.0,444446.0,217.53936065408988,0.4881909669728795,3.2455789154877657,-2.0179525521695854,-1.200512270480637,17.8780847548307,9.561944472399853,0.8350783806347071,1.8697122542841607,414.00000000000006,84.44741777620146,0.729520426395424,0.9539170506912443,4.150364156384325
ID45393,45393,18,457.0,8.463248805586183,474.29750091877986,0.0,5.0,5,12.014721527540665,1,,1021.7472283813747,1016.0,334.0,1470.0,460808.0,229.42736049194542,0.4853991590857568,2.9106105633510686,-1.2395300873602184,-0.9493689422112843,18.474249805288746,9.371207392095096,0.8750172831726837,1.9713841591930137,453.5000000000001,88.18771000636191,0.7327756422810647,0.9690170940170942,4.1411352954348555
ID46166,46166,18,481.0,8.91131015103618,478.0265191429575,0.0,38.0,38,12.289753496071787,1,,1076.758547008547,1072.0,397.0,1545.0,503923.0,217.26918992436455,0.491284682100651,3.26529816814151,-2.750232677961621,-1.9879658854934767,20.097881673153868,9.759903715702945,0.7757353515437806,2.0592295025224376,474.5000000000001,90.00287629018256,0.7360940433100064,0.9723360655737707,4.1317903820030955
ID45335,45335,18,463.0,9.276811594202897,472.6978260869565,0.0,3.0,3,12.100518486599809,1,,1080.7489082969432,1079.0,345.0,1621.0,494983.0,253.17488668558443,0.4932653444869491,2.820186276407463,-1.0372789710065142,-0.7347713080740963,17.85362082392448,9.325712874302999,0.801867340873831,1.9144510521142175,460.0,87.65409521115699,0.7523557999204507,0.9573361082206037,4.086893262317908
ID45977,45977,18,437.0,8.672727272727272,478.4848484848485,0.0,34.0,34,11.834540545406394,1,,1117.7289293849658,1125.0,348.0,1540.0,490683.0,220.38785208898105,0.4939781084793231,3.3538397220066334,-1.450182842777902,-1.482052628784844,18.472139437371883,9.289140349217508,0.8171686405015102,1.9885736185402696,440.0,87.82448142086982,0.7168550554421739,0.9702315325248071,4.186867872734697
ID45850,45850,18,418.0,8.312872467222885,477.35816448152565,0.0,27.0,27,11.555561312809525,1,,1106.2119047619049,1112.0,361.0,1568.0,464609.0,231.4188370456504,0.4843868492734431,3.119714579610325,-2.087898896699536,-1.361011802289952,19.201692168231634,8.86950492416974,0.8015327125478249,2.164911382585322,419.5,85.80551191833447,0.71599741745863,0.9654775604142692,4.189374685039598
ID45403,45403,18,414.0,7.467807660961696,476.71026894865525,0.0,7.0,7,11.410028196686037,1,,975.6308068459658,972.0,414.0,1409.0,399033.0,198.97643256244888,0.4687460384403878,3.1297147951006985,-1.9590590701252044,-1.7629475304175433,17.32519895215879,10.202183925882908,0.8189048672079983,1.6981853177734636,409.0,85.89001039241681,0.6967032901096072,0.9578454332552692,4.246987681264843
ID45659,45659,18,490.0,9.098569969356486,475.2865168539326,0.0,14.0,14,12.48249531491863,1,,1022.820987654321,1042.0,299.0,1456.0,497091.0,206.92407804331057,0.4828412436864086,3.2190542856171662,-2.8361652396752275,-1.8947180959572716,20.622361314402756,9.640216163842414,0.7791560016440614,2.139201130338872,489.50000000000006,92.71500387893896,0.7155871257950485,0.9635826771653544,4.190575530564753
ID45723,45723,18,436.0,8.710203298810894,475.4317222861527,0.0,23.0,23,11.760342067595529,1,,1090.972027972028,1067.0,545.0,1533.0,468027.0,201.0513584844624,0.487531791955857,3.5569133403895963,-3.4685532996292667,-2.180492524327061,20.707372562907647,9.095569101615352,0.708924071095045,2.2766439715388525,434.50000000000006,86.23927473515582,0.73415786182165,0.9742152466367713,4.137235143215181
ID45851,45851,18,427.0,8.656359393232206,478.17094515752626,0.0,26.0,26,11.678860656320646,1,,1079.983606557377,1075.0,429.0,1531.0,461153.0,220.8530350955264,0.48479339426151374,3.19326127097566,-4.253051609452853,-2.471516260343843,21.423341889328974,9.100519465831319,0.6674208537685515,2.354079013815063,428.49999999999994,86.36242706975206,0.7219564693335208,0.9661781285231115,4.172049243201378
ID46172,46172,18,492.0,9.140973630831644,471.42258282623396,0.0,1.0,1,12.527041705391134,1,,1052.6871165644172,1053.0,202.0,1572.0,514764.0,244.26832502039048,0.4871256347499679,2.8232898955047654,-1.9014541207285218,-1.207052811862163,19.19168517301831,9.764541345389413,0.7955886177352671,1.9654466599273681,493.00000000000006,90.64276037749096,0.7540333206596478,0.970472440944882,4.082344613492204
ID46044,46044,18,442.0,8.37411545623836,478.7078212290503,0.0,35.0,35,11.934976919426626,1,,1079.3679458239278,1069.0,416.0,1536.0,478160.0,228.94211278487904,0.49578967040842814,3.1253651870063277,-2.859878392548372,-1.7670241112863525,19.58367976661327,9.401311107390892,0.7645503813550079,2.0830796410106514,447.4999999999999,88.48725840616876,0.7181934243345804,0.9792122538293215,4.1829648944019455
ID46111,46111,18,448.0,8.272914328469884,477.66610549943886,0.0,37.0,37,11.908276713902763,1,,1115.8979591836735,1122.0,358.0,1584.0,492111.0,233.46414172865684,0.4842735990190991,3.118969471849647,-2.989729505451788,-2.1676572437540993,19.98164568423665,9.424790180932723,0.7912724466771944,2.1201157055635553,445.5000000000001,88.81222670783683,0.7097608735715497,0.9663774403470718,4.207740078943931
ID45856,45856,18,414.0,7.80068520757759,477.52700523982264,0.0,28.0,28,11.472625590378057,1,,1073.5833333333333,1099.0,290.0,1497.0,438022.0,217.30633257809654,0.4809754470400495,3.2089904344756537,-1.93655004470628,-1.1616883934104714,18.014003537506312,9.274818301841384,0.8297829019547265,1.9422486728316701,413.5,83.52398860805066,0.7448398894424071,0.9729411764705885,4.107461189053829
ID45920,45920,18,423.0,7.861960784313726,478.28549019607846,0.0,30.0,30,11.631066229203196,1,,1061.9479905437352,1078.0,404.0,1483.0,449204.0,217.55120798169278,0.4853520692095871,3.190062735583949,-2.7759853640514494,-1.9782147693936434,18.875690296418803,9.540366542472407,0.7972446206603814,1.9785078709907855,425.0,85.43774939884229,0.7316429544045717,0.9659090909090909,4.1443395904291584
ID45857,45857,18,417.0,8.016746411483254,477.86204146730466,0.0,25.0,25,11.534883286137944,1,,1059.4808612440193,1057.0,291.0,1575.0,442863.0,229.13507659429877,0.47798028361991474,2.990700176831698,-1.6504447169286667,-1.304143412350387,17.55709527187448,9.680291930712253,0.8113082731641514,1.8136948139107074,418.0,83.78559571668481,0.7482512001649367,0.9835294117647059,4.098087443286487
ID45412,45412,18,446.0,9.135719612229678,475.61185682326624,0.0,10.0,10,11.928307471060362,1,,997.1905829596412,1005.0,449.0,1391.0,444747.0,205.56272341899614,0.4879851202704856,3.1817920521691607,-3.223655575579908,-2.5272879657348275,19.70601958247062,10.306936494267976,0.7715716649787161,1.9119182109475286,447.00000000000006,87.19762458201426,0.7387680056407903,0.9867549668874174,4.124306119592921
ID46117,46117,18,482.0,8.94432882414152,477.30090183836285,0.0,40.0,40,12.367210692444413,1,,1083.675732217573,1097.0,366.0,1568.0,517997.0,227.81673065018248,0.49110807139482987,3.133369987322457,-2.0572433356886064,-1.4407896538131566,19.48884320046859,9.68011463256351,0.7861531330672638,2.0132864062279716,480.49999999999994,90.73665520007745,0.7333946273764305,0.9658291457286429,4.1393873673651855
ID45478,45478,18,461.0,8.526494808449696,475.6199427139277,0.0,12.0,12,12.172643592028583,1,,1011.1038961038961,1006.0,257.0,1433.0,467130.0,200.60886179197797,0.4792813738501411,3.2659943435629315,-2.4951997976204723,-1.6771523010659537,19.104788310474408,9.861465361010238,0.7928905783126634,1.9373173875365373,465.49999999999994,88.194691517394,0.7520464374871828,0.9718162839248433,4.087733769754533
ID45416,45416,18,462.0,8.804112554112555,473.0797258297259,0.0,4.0,4,12.126795430653198,1,,1046.069414316703,1040.0,240.0,1553.0,482238.0,238.91602025899263,0.496073073274754,2.903608611019253,-0.7998408141576858,-0.8202563912446293,17.96232544478092,9.622175621484601,0.8948328854762058,1.8667634172748055,462.0,87.98311145234545,0.7499860868873846,0.9635036496350365,4.0933447994068155
ID46057,46057,18,487.0,8.929851775249913,477.0746294381248,0.0,39.0,39,12.405757936130417,1,,1092.6913580246915,1079.0,417.0,1584.0,531048.0,222.2290900427862,0.5027223903731733,3.289849773804885,-2.8845449969196366,-2.208130405963964,20.621885774952844,9.750936316150936,0.7837836998324477,2.114862112348723,483.50000000000006,91.24577496278035,0.7297612761000299,0.970883534136546,4.149679208782052
ID45614,45614,18,466.0,8.862210338680926,474.155614973262,0.0,19.0,19,12.19876517484135,1,,1080.1931330472103,1078.0,400.0,1563.0,503370.0,208.5695604448104,0.5015262221272317,3.4597220205232593,-2.3199722040006265,-1.541161949749794,19.73040193961518,9.278272058951377,0.7995224782891902,2.1265168572611457,467.5,90.73665520007745,0.713552525074883,0.9629248197734295,4.196545713940577
ID45233,45233,18,425.0,7.922640031335684,475.75499412455935,0.0,9.0,9,11.637906021755073,1,,1006.2816901408451,1003.0,419.0,1381.0,428676.0,191.4078503349395,0.4896085940211149,3.4559438957107806,-2.065691153558352,-1.498476713872866,17.67606489908015,9.663379412745714,0.8242290948936994,1.8291804703193106,425.50000000000017,85.06071599228011,0.7390117786031544,0.9615819209039551,4.123625834600203
ID45681,45681,18,466.0,9.045197740112993,475.3132062146893,0.0,21.0,21,12.257335203001883,1,,1081.9724576271187,1075.0,329.0,1524.0,510691.0,223.55559799951249,0.48824685004004287,3.1755951499104587,-2.1277198489272364,-1.8654089974966028,19.399864336707363,10.010289305075348,0.7947423896438063,1.9379923741935587,472.0,88.35481785410616,0.7597861818818816,0.9936842105263157,4.066860134275987
ID45941,45941,18,434.0,9.73843137254902,478.036862745098,0.0,33.0,33,11.631066229203196,1,,1138.164705882353,1145.0,447.0,1646.0,483720.0,217.26919260050218,0.4890552443555001,3.4409952193582933,-3.35556129369921,-3.0912030453280908,20.181069497307842,10.004184139917994,0.7599651810400948,2.0172628987088266,425.00000000000006,86.43521925106316,0.7148539448796069,0.9941520467836259,4.192723985241817
ID45431,45431,18,494.0,8.963709677419354,471.56619623655916,0.0,0.0,0,12.565098628628435,1,,1026.5490981963928,1028.0,360.0,1476.0,512248.0,223.72564392394793,0.4958722534757438,3.0420703705234557,-1.8833073594988043,-0.9982951250298502,18.614088328090116,10.208679274286823,0.806290001786682,1.8233591072818276,496.0,91.60688688562757,0.7427373970833641,0.9603097773475314,4.113270646706437
ID45625,45625,18,469.0,9.430703624733475,473.3020611229566,0.0,17.0,17,12.218319713454786,1,,1098.6311300639659,1105.0,356.0,1524.0,515258.0,207.10265831256362,0.49517575720057533,3.513689255106141,-2.073925147147489,-1.5313041416186102,20.032249798158563,9.145951967167694,0.7664313397788417,2.1902859177558227,469.00000000000006,89.78961545261645,0.7310220612435718,0.9680082559339526,4.146099213080828
ID45627,45627,18,443.0,8.921425905188503,473.741134751773,0.0,18.0,18,11.921634291533294,1,,1107.6501128668172,1100.0,655.0,1542.0,490689.0,188.55718414094895,0.4971464727778937,3.9013020759238977,-3.183040427926345,-2.1153379621463864,20.47502324692849,9.10969266676583,0.729708784742521,2.2476085633081673,446.5,87.81114693157635,0.7276659075537073,0.9706521739130435,4.155649570072919
ID45629,45629,18,492.0,9.382552613713509,474.60794297352345,0.0,16.0,16,12.501606061472312,1,,1056.8909465020577,1065.0,356.0,1514.0,513649.0,214.6687461113994,0.48551369668400585,3.2182233348907054,-2.9829789709448638,-1.8150140055298536,21.30886428897312,9.468834891115444,0.7425163285149571,2.250420937106751,491.0000000000001,91.69882879114098,0.7337764658132068,0.9655850540806296,4.138310211751941
ID45567,45567,18,481.0,8.851041666666667,474.83020833333336,0.0,13.0,13,12.360774464742065,1,,1028.9979253112033,1033.0,415.0,1511.0,495977.0,205.6898387548507,0.4923614968577583,3.3009709681867134,-2.1605134759247058,-1.2775942932232547,20.363977208260565,9.554510632396342,0.8240086501478736,2.131346961843626,479.9999999999999,90.50035036192938,0.7364624024497087,0.9667673716012082,4.13075694627913
ID45441,45441,19,770.0,284.928230184582,154.48957654723128,0.0,11.0,11,15.630189942737719,1,,855.626788036411,870.0,264.0,1391.0,657977.0,194.13023807112097,0.612476384009837,3.3482445187267182,-0.06317913432357007,0.0668168281112876,18.329505671741398,13.571444058843785,0.345635913046652,1.3505936134922236,767.5,102.90119084241854,0.9108512248796815,0.9833440102498399,3.7143361802155748
ID45641,45641,19,770.0,284.7809523809524,154.9352813852814,0.0,14.0,14,15.655625581928014,1,,861.828125,880.0,264.0,1408.0,661884.0,191.11459020010304,0.6141080603954465,3.4313815070958387,0.01902533875455767,-0.009772015418050863,18.54649404472884,13.547485398888224,0.37356069045743023,1.3689990059890271,770.0000000000002,105.12171094608317,0.8756201510241989,0.9771573604060914,3.788323501359205
ID45962,45962,19,310.0,285.68901453957994,149.93887991383954,0.0,34.0,34,9.925568486181696,1,,1503.3896103896104,1440.0,872.0,2346.0,463044.0,314.9133237181658,0.5484846121167426,3.381956821124891,0.26132338057872223,0.21803072438026885,11.83030396436151,8.936187564482744,0.7320756996655489,1.323864777791992,309.5,68.69982167766041,0.8240608802351279,0.9407294832826748,3.9050381684520485
ID45324,45324,19,754.0,283.2926856135713,154.70973782771537,0.0,4.0,4,15.517777833763363,1,,863.0741721854305,874.0,329.0,1300.0,651621.0,177.7583890821147,0.5949487067167126,3.6222699598847865,-0.16543755107683805,-0.014102853510004922,17.97069329200896,13.635512021532644,0.3338873502204787,1.3179331486511379,756.4999999999997,102.33915295117879,0.9076850036341673,0.9837451235370607,3.7208087847815867
ID45708,45708,19,746.0,285.14147548358073,154.56657669815564,0.0,23.0,23,15.357982473690639,1,,912.1842818428185,922.0,280.0,1381.0,673192.0,192.23388251572194,0.62908357415193,3.664777594094381,-0.04890747144339471,-0.022334038200960766,17.690907971760257,13.60255020190719,0.23222022954374721,1.3005581827795678,740.9999999999998,100.8939207717144,0.9147408491835248,0.9866844207723031,3.706430791948597
ID45262,45262,19,765.0,283.7299605781866,154.02803328953132,0.0,6.0,6,15.563862739881277,1,,857.0565789473684,875.0,305.0,1368.0,651363.0,185.75466758900149,0.6075746718977649,3.4876127705743394,-0.13501678712878906,7.756137165275291E-4,18.41382848454895,13.478140371387862,0.32230374823746155,1.3661994887394733,761.0,104.35765362104925,0.8781039061774375,0.9750160153747598,3.782961988325136
ID45776,45776,19,692.0,289.64729241877257,155.48194945848377,0.0,27.0,27,14.846871595803442,1,,964.0850144092219,973.0,338.0,1496.0,669075.0,181.30371218528398,0.6441653757437255,4.166683481843828,0.0319217267836999,0.00858994288312679,16.39403783208305,13.706744631223147,0.11025063481701497,1.19605626814834,692.5000000000001,96.65545447510657,0.931487234045658,0.9864672364672364,3.6729623649027374
ID45906,45906,19,164.0,286.46090534979425,150.85493827160494,0.0,33.0,33,7.1809610472257885,1,,2314.409937888199,2246.0,1277.0,3503.0,372620.0,611.1758694521743,0.5409510502068174,2.658723701993592,-0.07102943035366054,-0.06102406874676863,11.856587554082315,4.587852834179082,1.9112240091649202,2.584343478882284,162.0,53.84940915629885,0.7020418363253875,0.9848024316109424,4.230809153034209
ID45782,45782,19,707.0,287.63967136150234,155.65704225352113,0.0,26.0,26,15.033297016639143,1,,941.2405063291139,939.0,319.0,1508.0,669222.0,191.70990361913678,0.6400929653548638,3.8323101028017152,-0.08804554961735216,0.12005549418380168,16.353505493077567,14.254896536919828,0.012030748315953566,1.1472202166267846,709.9999999999999,97.59450992040492,0.9367364886685688,0.9902370990237097,3.662656691183388
ID45464,45464,19,762.0,284.62071600087313,154.72549661645928,0.0,12.0,12,15.589406598755584,1,,859.4547837483617,863.0,372.0,1376.0,655764.0,169.50113305716616,0.6061373867236934,3.8270911327398727,-0.08626339944238173,0.0614722017157383,18.526937565668057,13.473750835059917,0.33082637883663046,1.3750393481716532,763.4999999999999,103.25764507965732,0.8998590173816021,0.9870717517776342,3.7369535143348056
ID45528,45528,19,719.0,284.1987979657883,154.6629680998613,0.0,19.0,19,15.149304536463482,1,,910.134349030471,918.0,378.0,1395.0,657117.0,178.66581349001063,0.6276167502421808,3.928587359422973,-0.04115678784150596,0.07384747088358645,18.276747845288455,12.846165848048015,0.3615082446525948,1.4227395209961127,720.9999999999999,99.75695670442256,0.9104555455557983,0.9903846153846151,3.715143208296636
ID45784,45784,19,591.0,282.40736004546744,147.7750781472009,0.0,28.0,28,13.66340910046952,1,,1100.2495726495727,1086.0,453.0,1851.0,643646.0,287.18785187464306,0.6576014675640505,3.039749461565567,0.15919935958044643,0.1251525155326157,15.787616785362523,12.185149643917791,0.2055395527067605,1.2956440623807113,586.5000000000002,90.56038902960024,0.8986722295621731,0.9799498746867173,3.739420213274389
ID45530,45530,19,734.0,284.08946412352407,154.67983651226157,0.0,17.0,17,15.285269263539401,1,,897.956462585034,921.0,286.0,1374.0,659998.0,190.0164649642154,0.6224618228659645,3.6260373691871632,-0.06539816731629977,-0.003069165238951807,18.138334525077486,13.181767690750302,0.3495905795711065,1.3760168552966705,734.0,100.63648993470396,0.9107411556260108,0.9865591397849466,3.714560624810431
ID45275,45275,19,747.0,283.90723479804706,154.03506435863292,0.0,8.0,8,15.461265295053535,1,,859.5917553191489,873.0,302.0,1359.0,646413.0,181.6977182321312,0.6099971970803987,3.5848871017659767,-0.137078825753782,0.14025673074072487,18.306007668011553,13.403706306511816,0.3412489557405963,1.365742224530695,751.0000000000001,101.58584067962244,0.9144994383132886,0.9914191419141917,3.706919974118875
ID45533,45533,19,742.0,284.21287572902645,154.67765814266488,0.0,16.0,16,15.378694529593739,1,,888.9716981132076,905.0,360.0,1396.0,659617.0,190.39603021263127,0.6230917879291757,3.584833491874617,0.07812415181263625,-0.019837973863857588,18.536048255232714,13.056232040990196,0.36872214122290914,1.4197088560496298,742.9999999999998,101.47764737341198,0.9066880619249542,0.9821546596166554,3.7228538157668853
ID45790,45790,19,724.0,286.3900438900439,155.2934857934858,0.0,25.0,25,15.154556505605994,1,,926.6518723994452,923.0,356.0,1374.0,668116.0,198.23192652649556,0.6346241250833631,3.6297078856268006,-0.048322210872139,0.023972484246406356,16.79028535049171,14.228079352288914,3.0947452821983434,1.180080946610029,721.5,98.6931637454551,0.9308336123383583,0.9849829351535836,3.674251696640611
ID45215,45215,19,738.0,284.97490434391176,154.66092730137296,0.0,9.0,9,15.352800093764555,1,,874.4626865671642,884.0,383.0,1427.0,644479.0,176.83886834780802,0.6121499515223939,3.75531123293161,-0.12090831582543284,-0.0608185131713441,18.277451958050893,13.15070109132913,0.3292946167400082,1.3898462014395618,740.4999999999999,101.36713452367603,0.9056087021494799,0.9847074468085105,3.725071717410666
ID45536,45536,19,732.0,284.03419677346056,155.19029765962281,0.0,18.0,18,15.28006222224931,1,,901.1296043656207,915.0,364.0,1379.0,660528.0,179.04218710812466,0.6257786671049307,3.8745494865498094,-0.0364052947995532,0.20437865919254605,18.136925233313615,13.313186451300409,0.3284994905016858,1.3623278919482145,733.5000000000001,100.46002542909177,0.9133209394143635,0.9865501008742436,3.709310805521897
ID45664,45664,19,741.0,285.2245495495495,154.6572072072072,0.0,21.0,21,15.347615963921076,1,,900.7889039242219,916.0,291.0,1372.0,665683.0,188.24907486001976,0.6264201279190224,3.6859813754958854,0.042228541647474784,0.070993178575968,18.088514005145598,13.201355288001949,0.3033083712068625,1.3702012869531164,739.9999999999999,103.73669129708689,0.8641254574921559,0.9704918032786886,3.813436614462487
ID45281,45281,19,760.0,282.8042904290429,154.47161716171618,0.0,5.0,5,15.528030743923113,1,,856.4953642384106,871.0,297.0,1316.0,646654.0,187.18782583353251,0.6064855024103816,3.4547850016128505,-0.002065604856011076,-0.03510480185026945,18.13306649511555,13.505583501895204,0.3330955554280419,1.3426348067501848,757.4999999999999,102.56154277653532,0.9049475551141667,0.97678916827853,3.726432221919316
ID45537,45537,19,747.0,284.4182389937107,155.0822102425876,0.0,15.0,15,15.368341990871128,1,,885.252688172043,896.0,349.0,1437.0,658628.0,178.9350675653263,0.6209881060398479,3.790576292944822,0.02109469884992752,0.04247032035014585,18.415097693176264,13.202962515264186,0.37904898909343426,1.3947701261657173,742.0000000000002,100.6183534472828,0.9209994208245607,0.9926421404682279,3.6938159602645366
ID45731,45731,19,720.0,285.40877437325906,155.16364902506965,0.0,24.0,24,15.117754405994352,1,,927.8052851182198,930.0,435.0,1385.0,667092.0,179.9033195167417,0.6346788372591662,4.004693086861792,-0.007062881173118946,0.018301847337308743,17.136810013948722,13.577300175976225,0.18991818512474612,1.262166247474643,717.9999999999999,98.70001895703015,0.926189463552989,0.9869415807560136,3.6834519926744265
ID45287,45287,19,741.0,284.0126296797474,153.74853405502932,0.0,2.0,2,15.337242447383469,1,,863.7750677506775,876.0,342.0,1314.0,637466.0,182.68505667910796,0.6017876569256451,3.552760803517304,0.014343276042333116,-0.007935230603039672,17.766396803858566,13.36641125745701,0.320147236195216,1.329182266028725,738.9999999999998,101.46297543263348,0.9020676625419997,0.9788079470198673,3.7323758851200526
ID45417,45417,19,721.0,283.76966551326416,152.13875432525953,0.0,0.0,0,15.165054987298555,1,,891.8613037447989,916.0,301.0,1357.0,643032.0,194.9866880441048,0.6108937318216026,3.4691344483510966,-0.17973458261377598,0.1830405151250757,18.117513830706912,13.181721881329475,0.25384885938366253,1.3744421247703966,722.5,101.24767264749103,0.8856815900956069,0.9770114942528734,3.766744157143552
ID45866,45866,19,151.0,286.26237623762376,151.84873487348733,0.0,31.0,31,6.944346460023743,1,,2436.7105263157896,2364.0,1492.0,3681.0,370380.0,598.6300102400364,0.5644301783674073,2.9371727561402943,-0.06651139223571417,0.15581216278272664,11.78745774444601,4.220365477011221,-1.2870698077816152,2.792994542452199,151.5,54.922150969915194,0.6311424940380181,0.9181818181818182,4.462119749013431
ID45930,45930,19,122.0,285.584,151.44666666666666,0.0,32.0,32,6.3078313050504,1,,2531.32,2479.0,1510.0,3699.0,316415.0,545.2831552091433,0.5075622808353338,3.125856536389548,-0.032083260811256946,0.09556182902664215,11.097158545080053,4.040333802635423,1.8079804685650829,2.746594486287646,125.0,49.85201559504404,0.6320543616216371,0.9433962264150944,4.458899827435924
ID45549,45549,19,744.0,284.5711081202333,154.6848362494392,0.0,20.0,20,15.378694529593744,1,,900.6199460916442,921.0,375.0,1356.0,668260.0,184.1178289363928,0.6271676299315725,3.7707440159794183,-0.09952375525319598,0.057683583372584155,18.366936420690283,13.218427976616802,0.3467290322160652,1.389494760888444,743.0000000000002,101.33243359821171,0.90928857059817,0.9828042328042332,3.7175264390381253
ID45486,45486,19,772.0,284.8175836030205,155.00183387270766,0.0,13.0,13,15.681019962903509,1,,855.6532988357051,875.0,305.0,1361.0,661420.0,180.2735798180777,0.6112613148494758,3.601278207237765,0.00688936492188102,0.07477187134107129,18.317159589362287,13.67204018897364,0.37312148461897543,1.3397531996822896,772.5000000000001,103.08379690484237,0.9135399387320127,0.9853316326530617,3.708866169665649
ID45238,45238,19,770.0,283.42534722222223,154.56597222222223,0.0,3.0,3,15.635280380893438,1,,845.1471354166666,864.0,294.0,1330.0,649073.0,187.20770654392604,0.5998879862628231,3.3854716701580863,-0.048733268666508574,-0.025415890577590527,18.07491321656712,13.687007806540446,0.3188030870613887,1.320589092374878,768.0,103.37655679798353,0.9030815263324392,0.9820971867007671,3.7302801809507766
ID45686,45686,19,742.0,285.24603174603175,154.580930024592,0.0,22.0,22,15.404545437954864,1,,898.1593038821954,913.0,332.0,1335.0,670925.0,191.8068944952769,0.6277357069471132,3.611703560488642,-0.0021306483308286676,0.0448554292107367,17.946214461094872,13.470829935841085,0.24952684565107797,1.3322278246083696,745.5000000000002,103.99271899363737,0.8662667496462861,0.9738732854343569,3.808720553120616
ID45303,45303,19,755.0,283.59208223972,154.248687664042,0.0,7.0,7,15.574085310927522,1,,858.4281949934124,876.0,271.0,1414.0,651547.0,188.07003353894314,0.6092878114150165,3.4562339789561904,0.03878800764512462,-0.03768607816343896,18.53673290300625,13.327937092381896,0.3186604623093328,1.3908178568461014,761.9999999999998,102.03556115405702,0.9197328974766158,0.991541964866623,3.6963583803009614
ID45882,45882,19,143.0,285.78293241695303,149.44043528064145,0.0,30.0,30,6.805445498991345,1,,2397.2328767123286,2337.0,1399.0,3975.0,349996.0,614.4771597685179,0.5465781473887315,2.7574958718428446,-0.06293228355897128,0.07822307848739087,11.213823868254842,4.240888750242197,1.923035409204593,2.6442155238367007,145.50000000000003,52.76560941996948,0.6567059338704752,0.929712460063898,4.37440975887742
ID46141,46141,19,717.0,283.9440543071161,153.12523408239701,0.0,1.0,1,15.054455784347004,1,,889.2362869198312,901.0,333.0,1326.0,632247.0,177.69696591526096,0.6074118945130723,3.782015236785321,-0.2088784890874677,0.0727699061665208,18.02876641933544,12.918013120441564,0.29674795185533176,1.3956299820447295,712.0,99.01165138336876,0.9126773013777844,0.9854671280276818,3.7106185145822903
ID45310,45310,19,753.0,285.5745382585752,154.98592788038698,0.0,10.0,10,15.533154661153457,1,,868.2824933687002,883.0,362.0,1338.0,654685.0,181.4245489746833,0.61151276126471,3.6321749909896264,0.04711115998276688,-0.018152732015443714,18.32749619015333,13.51970825268064,0.29124549285543433,1.3556132904361615,758.0,102.90898470713556,0.8994405902302098,0.9780645161290322,3.737822644001783
ID45759,45759,19,343.0,282.3746940773372,150.3174253548703,0.0,29.0,29,10.410788454559084,1,,1485.6627218934912,1382.0,698.0,2849.0,502154.0,458.5271788452133,0.6094589351439874,2.4538594665479616,0.00430864116077766,-0.01044481387058462,11.188353933378552,9.884781641431445,1.3298091087313155,1.1318766907792142,340.5,67.58768488963563,0.9366812763015411,0.9855282199710564,3.66276463663438
ID45952,45952,20,707.0,317.72857815442563,469.14759887005647,0.0,32.0,32,15.012108426804136,1,,477.7330508474576,477.0,273.0,670.0,338235.0,75.73194508140894,0.44405900665331066,3.8796443548659547,-0.045044841028748686,0.09901324131332326,19.398547582314038,11.948475412009778,-1.4317909878009567,1.6235165503053188,707.9999999999999,100.707322795976,0.877245239322824,0.9895178197064988,3.784812958519705
ID45699,45699,20,721.0,341.4351276742581,468.94996549344376,0.0,22.0,22,15.186030177112,1,,472.3011049723757,473.0,247.0,648.0,341946.0,79.16422308916583,0.4376643211969514,3.632483517629753,0.025533578299382503,0.06819271062870882,19.61489727110409,11.996610458310561,-1.2337963996787782,1.635036607987552,724.5,102.93024284924084,0.8593345218640227,0.9817073170731707,3.8240521169981285
ID46147,46147,20,629.0,309.0667194092827,467.3146097046413,0.0,41.0,41,14.183506197980657,1,,526.8383518225039,530.0,268.0,725.0,332435.0,82.41826650559413,0.47837701018908396,4.1368426484826095,-0.29587250981635077,-0.11852857686248564,19.621161019276304,10.760512936039072,1.8155406147242266,1.8234410511752819,632.0,98.02369619287867,0.826541746064874,0.9828926905132191,3.8991732764036704
ID45638,45638,20,711.0,346.0909620312136,468.4555089680876,0.0,20.0,20,15.091412245528986,1,,471.8454038997215,470.0,286.0,683.0,338785.0,76.23083786322279,0.43278982881800165,3.7393282225653377,0.05166738954674164,0.009017316753393368,19.141037277786214,12.017204195704753,-1.1665995633592534,1.5928028654641397,715.4999999999999,101.00183474548928,0.8813755041134647,0.9868965517241373,3.775934429165114
ID45894,45894,20,692.0,318.7623345367028,470.5173285198556,0.0,31.0,31,14.846871595803442,1,,481.2608695652174,481.0,261.0,674.0,332070.0,75.54666800818063,0.4395880297940161,3.8904771025422447,-0.025217341871586117,0.020465775327589353,18.683464586818058,12.135608100966138,-1.4832220308457291,1.5395573449121707,692.5000000000001,98.98107001258523,0.8882298275363683,0.983664772727273,3.7613370809576097
ID46023,46023,20,677.0,313.11119293078053,467.939617083947,0.0,36.0,36,14.70144253870326,1,,495.5811209439528,500.0,294.0,711.0,336004.0,81.21326155748004,0.45649186476723524,3.825099847377012,-0.08479503665816653,-0.03281995133098985,19.14794104155054,11.588203801834572,1.8080613744580436,1.6523648849288581,678.9999999999997,99.95341248211662,0.8540521427412475,0.9812138728323695,3.8358599174198176
ID45384,45384,20,565.0,355.63563829787233,472.1498226950355,0.0,5.0,5,13.398760233979036,1,,532.387610619469,537.0,306.0,744.0,300799.0,88.54693944190826,0.467522965103021,3.8309141854963205,0.00449422948004958,-0.19697514502960034,19.440314478297147,9.412751775911397,-1.3357041606270326,2.0653168107596063,564.0,95.36973529747482,0.7792338562056753,0.970740103270224,4.015790289618691
ID45834,45834,20,705.0,322.4584816132859,471.35670225385525,0.0,29.0,29,14.953684998825972,1,,472.5661450924609,474.0,266.0,660.0,332214.0,71.59939870520964,0.43837732852881695,4.023078274478366,-0.14318956961020468,0.1409752418675426,19.150540075488014,12.142603875840615,-1.498951079443839,1.577136195111384,702.4999999999999,100.25594639061966,0.8782859000139105,0.9866573033707864,3.7825700251644143
ID45454,45454,20,622.0,355.3138354700855,466.2598824786325,0.0,11.0,11,14.093451279891859,1,,503.1248,509.0,277.0,725.0,314453.0,81.50971573361272,0.44679304345006854,3.8123813195156164,-0.1582730548615588,0.11047804331969871,19.25688451321996,10.679664370671695,1.7697269077780886,1.8031357395559053,624.0000000000002,97.78295978395654,0.8201024252313223,0.9757623143080535,3.91445120595051
ID45327,45327,20,547.0,356.2136752136752,472.16361416361417,0.0,3.0,3,13.183216521636503,1,,543.1352833638026,544.0,312.0,772.0,297095.0,89.46331628994857,0.47052558702635244,3.8851132143673937,-0.05235105892220064,0.11217810074987199,19.006281640527117,9.321608811078603,1.8177112687760395,2.038948643493644,545.9999999999999,92.87506460325939,0.7954341803928309,0.9802513464991022,3.974685838959375
ID45394,45394,20,547.0,356.2212065813528,472.3634978671542,0.0,2.0,2,13.195283541573994,1,,541.6648451730418,546.0,273.0,746.0,297374.0,88.4418478943267,0.4697226654063414,3.9147944377714423,-0.08223697508353077,0.3326898045770693,19.384248579221868,9.36943318324461,1.8160498301580528,2.0688816708663644,547.0000000000001,92.98669094851536,0.7949789042039446,0.9794091316025069,3.975823806774286
ID46164,46164,20,661.0,311.29348102877515,468.2438248026483,0.0,38.0,38,14.433773605931716,1,,504.6351145038168,506.0,295.0,702.0,330536.0,80.06927230550266,0.46043078733563925,3.97397341262544,-0.1045626080646349,-0.0354024213017777,19.31171278966885,11.058953710898447,1.8379020411520963,1.7462513447938046,654.5000000000001,98.77675256790424,0.8429659392369373,0.9768656716417911,3.861001039435959
ID45397,45397,20,557.0,355.21932974266906,469.64512268102936,0.0,7.0,7,13.315352289908494,1,,530.9444444444445,538.0,314.0,747.0,296267.0,86.27062007595896,0.4623719863838062,3.891793709110015,-0.17580655978737617,0.007265113830507858,19.418338403849535,9.426792567223115,1.7990732341347822,2.059909376956797,556.9999999999999,94.6907786685086,0.7806379915709083,0.9720767888307154,4.012177058453612
ID45846,45846,20,701.0,327.95441696113073,472.07950530035333,0.0,27.0,27,15.006806604838749,1,,472.87464788732393,473.0,286.0,660.0,335741.0,75.23087026981852,0.4369009889863921,3.822399934109564,-0.1126790753118594,0.033649311979620185,19.357215533494895,12.020046782573004,-1.3473776955978984,1.6104109978639618,707.5,100.50766120955878,0.8801120636308813,0.9902029391182645,3.7786437191038393
ID45847,45847,20,706.0,331.4929228591649,469.4230950695919,0.0,26.0,26,14.996197337620233,1,,473.07213578500705,473.0,295.0,647.0,334462.0,70.89100400695901,0.43689322159651117,4.0580467668329625,-0.01540665830643312,-0.06711490362329302,19.395211059358346,11.863279010235734,1.7538255583283133,1.6348946225258632,706.5000000000001,101.12089779527179,0.8682408128408056,0.9839832869080781,3.804388267948945
ID45976,45976,20,669.0,314.7908594138102,468.9175360158967,0.0,34.0,34,14.61457948862449,1,,494.40597014925373,494.0,299.0,699.0,331252.0,73.91252026482023,0.45074264320890006,4.156559112342497,-0.02718747927576147,0.06478627153958587,19.05763912637048,11.405086364365637,-1.3554053635112966,1.6709771866274232,671.0000000000002,98.0487527719232,0.8770982348355406,0.9904059040590409,3.7851301186480297
ID45657,45657,20,642.0,355.14376788966956,466.2145459276607,0.0,14.0,14,14.278567228567363,1,,500.521875,505.0,302.0,716.0,320334.0,79.64349058600456,0.4463511975369479,3.8788744021523516,-0.3470523398428665,-0.069288663467814,19.23426398036488,11.20477579469833,-1.3334592426010043,1.7166130168767675,640.4999999999999,98.7659375877351,0.8251152546503843,0.9734042553191486,3.902542342262647
ID46105,46105,20,670.0,312.016354556804,468.3776529338327,0.0,37.0,37,14.576414134747967,1,,497.9550224887556,499.0,271.0,699.0,332136.0,79.97817505105056,0.45721776393696817,3.907034635533717,0.08700858105899871,0.05951912791900218,19.471947409496014,11.127039244493858,1.8097267666128278,1.7499666336785482,667.5000000000001,99.89989985141963,0.8404870539166449,0.9787390029325517,3.8666905572664385
ID45722,45722,20,710.0,338.5178152836381,470.79864041256445,0.0,23.0,23,15.043880120390323,1,,476.2299012693935,477.0,289.0,674.0,337647.0,75.37727637635096,0.4353668340381798,3.8326454858682144,-0.030752393416982788,0.18434776630768612,19.6426608915375,11.78691211716674,1.9199549594914442,1.6664806436394364,711.0,102.71331865439818,0.8468879272550852,0.9746401644962301,3.852050402734089
ID46042,46042,20,685.0,313.83771609447285,468.87740443145844,0.0,35.0,35,14.760864374853009,1,,488.7281976744186,487.0,264.0,692.0,336245.0,80.59095933351118,0.4542874764256971,3.788711771297382,-0.19341618348082826,0.021329374198883227,19.39844252453886,11.539641855078342,1.8098940133355836,1.6810263930333362,684.5,101.10617712330411,0.8414492678681393,0.9743772241992883,3.8644791061479196
ID45852,45852,20,718.0,325.06353077816493,472.23449477351915,0.0,28.0,28,15.112489647204718,1,,473.49721448467966,471.0,272.0,663.0,339971.0,77.10703219181454,0.4402793232053032,3.7543521034796474,-0.1564223242279395,0.014695683351680498,19.390244488920708,12.054267208691927,1.8100395059204482,1.6085792817782447,717.5,102.04506760011334,0.865860113489519,0.980191256830601,3.809614797854272
ID46173,46173,20,542.0,356.01632778804685,473.41373998767716,0.0,1.0,1,13.122714979204218,1,,542.8653136531366,545.0,324.0,766.0,294233.0,88.82227127312066,0.4681247311816829,3.8976141717683306,-0.028635667205343402,0.14874067653373035,18.620634189622727,9.41355622991076,1.826424475113734,1.9780658589425826,541.0,92.24887647926681,0.7988862716526256,0.9756537421100087,3.9660889751902615
ID45917,45917,20,715.0,320.5876826722338,469.7651356993737,0.0,30.0,30,15.123017331969622,1,,475.1808066759388,477.0,258.0,660.0,341655.0,75.65138206813623,0.4425240399831772,3.853770329156929,-0.283790879168743,0.048846795147524706,19.297515586470702,12.288516695357167,-1.4390232319090095,1.570369806614794,718.5,101.43464753083187,0.8775340716099846,0.9910344827586207,3.7841900390310568
ID45854,45854,20,715.0,333.53659949038683,470.091382904795,0.0,25.0,25,15.133537693125076,1,,473.36578581363005,475.0,266.0,673.0,340350.0,76.85672738047408,0.4379021922110142,3.7513945731176603,-0.08009308832115539,0.09955288284669578,19.176541796515973,12.23205933340937,1.8324326085577531,1.5677279903424903,719.5000000000001,103.0208688842082,0.8519031918739578,0.9749322493224932,3.840694904993293
ID46112,46112,20,639.0,309.3151918559123,467.8354215609502,0.0,40.0,40,14.256256953644963,1,,514.962441314554,515.0,291.0,737.0,329061.0,82.6588439342761,0.46783788738592963,3.9713075381847265,-0.062128741792541756,0.1119579275904165,19.46426207810812,10.796676659013636,1.8702385950314473,1.8028012408668668,638.5,99.75097845260045,0.8063738525538947,0.9711026615969581,3.947632479875083
ID45409,45409,20,629.0,354.54675118858955,467.7414157422081,0.0,10.0,10,14.172280627406865,1,,500.128164556962,503.0,292.0,718.0,316081.0,81.97497413589976,0.4460026670997463,3.7635559915130288,-0.16912368286928917,0.09670574235991322,20.0107844671483,10.449723456363909,1.756649337656449,1.9149582810214638,631.0,98.94906012131248,0.8098710532929879,0.9745173745173749,3.939099887305845
ID45413,45413,20,547.0,355.9592863677951,472.31183287587675,0.0,4.0,4,13.18925141163977,1,,541.6978021978022,548.0,273.0,760.0,295767.0,83.21579262345453,0.4679554105854462,4.150237250414607,-7.723476833845841E-5,0.1582527679904213,19.44714577648075,9.25386697584629,1.8253484697535474,2.101515596370701,546.5000000000001,93.25875447032863,0.789624852084181,0.9750223015165032,3.98928007395195
ID45477,45477,20,610.0,355.8147845062739,466.1734860883797,0.0,12.0,12,13.945871807036522,1,,511.44607843137254,511.0,300.0,719.0,313005.0,77.49611912133287,0.4522724677640226,4.110568984106374,-0.2126036403269135,-0.07786207748377584,19.223433585769694,10.398728009069007,1.7666366802846167,1.8486331760004133,611.0,97.01090687323912,0.8158493001944547,0.9760383386581469,3.9246412060655205
ID45606,45606,20,715.0,348.17434823091247,467.997905027933,0.0,19.0,19,15.09668435477122,1,,470.74058577405856,467.0,259.0,656.0,337521.0,76.57090179260243,0.43084165701644617,3.702320307221308,-0.03607368257200291,0.11514849588055671,19.37861862320707,12.12713939003312,-1.1876413951258933,1.5979546371120046,716.0,101.5587413951339,0.8723449799116505,0.9828414550446125,3.7954283647220883
ID46055,46055,20,645.0,310.2614964925955,467.91023642504547,0.0,39.0,39,14.289709303792772,1,,515.1517996870109,514.0,297.0,700.0,329182.0,80.94901715535215,0.46526267097114554,4.041442095992355,0.029329044562624567,0.1965339356248006,19.35648250968617,10.728112208785081,1.8518896051648186,1.8042766642425172,641.5,97.29084993336737,0.8516527045374319,0.9869230769230769,3.8412596743549408
ID45678,45678,20,695.0,343.174318507891,468.95911047345766,0.0,21.0,21,14.895032415879534,1,,478.8705035971223,483.0,268.0,653.0,332815.0,74.70119483055154,0.43840023887314644,3.9076132189830584,-0.058511615972791815,0.08413997422474001,19.188275726525312,11.785985020474138,-1.2358439359522853,1.628058723406844,697.0000000000001,100.20638542176044,0.872271832582848,0.9830747531734836,3.795587500679543
ID45231,45231,20,623.0,354.6782573940847,468.3521183053557,0.0,9.0,9,14.110380356601345,1,,502.71725239616615,504.0,300.0,720.0,314701.0,78.93068304454611,0.4465866936020516,3.932504580563575,-0.14670139370204438,0.06943400019814318,19.828847711113966,10.414641163725657,1.725374520220354,1.903939598051455,625.5,98.92634968419969,0.8031805993757644,0.9727838258164854,3.9554721148333116
ID45939,45939,20,672.0,315.8647378832839,469.4191394658754,0.0,33.0,33,14.647213499088313,1,,488.28635014836794,487.0,267.0,682.0,329105.0,76.01880324229872,0.44721545862519874,3.9697866381086597,0.032528082064416076,-0.014965126442208787,19.053535150214564,11.431158207883277,1.7788429540554054,1.6668070552181373,673.9999999999999,98.85003084867816,0.8667944904781488,0.986822840409956,3.8075609221965596
ID45620,45620,20,694.0,351.75517075517075,467.50553150553145,0.0,17.0,17,14.85223051010746,1,,480.44797687861274,479.0,264.0,677.0,332470.0,75.04544814166847,0.43432959160467133,3.877238088182099,-0.1999910314861466,-0.04531578167481072,19.242677806177173,11.895067897850478,1.9423032110805944,1.617702225109153,693.0,101.67018768853801,0.8424727221717241,0.973314606741573,3.8621310659151256
ID45621,45621,20,712.0,350.641613737944,467.67784050811576,0.0,18.0,18,15.017408376987545,1,,474.8887323943662,472.0,283.0,704.0,337171.0,75.94113050939754,0.4358805112601414,3.796592220579237,0.03374048848194477,0.11702136776451137,19.37787663261288,11.749342878481867,-1.2506259876191481,1.6492732260033165,708.5,101.68405003170818,0.861081080890808,0.9785911602209941,3.8201719231895024
ID45622,45622,20,673.0,353.7171979243884,467.1973066468989,0.0,16.0,16,14.652645434561187,1,,486.9837037037037,488.0,270.0,679.0,328714.0,78.04391616111859,0.43982044817231597,3.8121716733984803,-0.07572690411652128,0.1202516342428994,19.917417426639613,10.907300912102155,-1.3058859988071283,1.8260628900904639,674.4999999999999,101.44579651367836,0.8236139714689434,0.9754157628344176,3.906097499139866
ID45432,45432,20,541.0,355.34372093023256,472.96077519379844,0.0,0.0,0,13.080197392386227,1,,544.2453531598513,545.0,351.0,768.0,292804.0,79.77792282905011,0.462701229297122,4.316055571689559,0.08717504687067844,-0.02077596439390855,18.698002907443012,9.330481037366019,1.8680230126566537,2.0039698738535168,537.4999999999999,90.86249035866695,0.8181238643497549,0.9871441689623508,3.9191817262182975
ID45560,45560,20,631.0,355.4503039915411,465.60044937879985,0.0,13.0,13,14.16666450647011,1,,503.1910828025478,506.0,304.0,715.0,316004.0,78.57534372339653,0.4480205031268876,3.962778705427193,-0.03266946569212634,-0.0074691051176752074,20.061546276374894,10.410027524295273,1.7582040839607573,1.927136717895758,630.4999999999999,99.6416379226632,0.7980190138366166,0.972243639167309,3.968243490055736
ID45626,45626,20,662.0,353.941400304414,469.0309487569761,0.0,15.0,15,14.461313744703505,1,,490.77659574468083,492.0,262.0,703.0,322931.0,75.95648998431534,0.4417482384509973,3.959445313229264,-0.11847322678532497,0.09806799324821551,19.520087000934186,11.064604762891344,1.9164720790553327,1.7641919814796259,657.0,99.35501731464858,0.836364569696368,0.9726128793486306,3.876208402065962
ID45371,45371,20,536.0,355.6027312228429,470.2259466170081,0.0,6.0,6,13.074112164146964,1,,545.2448598130841,551.0,330.0,778.0,291706.0,83.45351173277699,0.4670933354638739,4.160283110289575,-0.22656960831719727,0.029617517181086312,18.9881653485133,9.57949542988201,1.7649938208881224,1.9821675877919567,537.0,93.3812380727351,0.7738644466143749,0.971945701357466,4.0296978607776675
ID45757,45757,20,722.0,336.01831247102456,470.4061196105702,0.0,24.0,24,15.12827842704336,1,,469.9847222222222,477.0,272.0,661.0,338389.0,77.53207270258116,0.43488489799683633,3.6744268304548777,0.006824395934521625,0.12428276822332543,19.60824859273627,11.799972778421573,1.8553962203684096,1.6617198158790307,719.0000000000001,103.3387525302223,0.8460817457488163,0.9795640326975479,3.853885161853497
ID45374,45374,20,573.0,354.8896141572382,468.267333913548,0.0,8.0,8,13.522907587223532,1,,522.064347826087,524.0,279.0,702.0,300187.0,80.7113907992971,0.45571652626464326,4.0498334802117215,-0.45129573679381674,-0.25993752121607144,19.26847747775837,10.284531621296203,1.731130653226779,1.8735396211781867,574.5,96.94910610600122,0.7680902968480914,0.9679865206402696,4.0448162088270525
ID45634,45634,21,162.0,118.6798780487805,507.07113821138216,0.0,16.0,16,7.225151993843567,1,,966.1951219512196,985.0,543.0,1297.0,158456.0,155.7152063786034,0.4539663385408206,3.8746556313142357,0.2344939270385642,1.1922940004655849,10.259743081238478,6.913577776069983,0.2334190990913667,1.4839990831882446,164.0,53.739260552680705,0.7136254658150153,0.9761904761904762,4.196331240812059
ID45954,45954,21,176.0,118.88243626062322,506.8748819641171,0.0,32.0,32,7.49544494419371,1,,1024.3542857142857,1026.0,586.0,1427.0,179262.0,166.09850342710044,0.4589260569403502,3.8799300939723826,0.17223346200168177,0.9417142787434744,10.720789560225462,6.760607200317522,0.18909898509769385,1.585773177255727,176.5,55.356459837598834,0.7237989640303882,0.9778393351800555,4.166735698145079
ID45573,45573,21,176.0,118.02516619183287,506.79154795821466,0.0,13.0,13,7.474181227750319,1,,935.0919540229885,950.0,562.0,1218.0,162706.0,130.9261480204244,0.43295730809097943,4.31588384768475,-0.04467016342558477,0.7858922454239989,10.863968287604475,6.737102551185505,0.2798271875137781,1.612557951295068,175.5,54.66720865073506,0.7379606194206165,0.9831932773109242,4.126561658401206
ID45637,45637,21,157.0,118.33026584867075,506.9826175869121,0.0,15.0,15,7.203090409536582,1,,983.1863354037267,1008.0,556.0,1294.0,158293.0,156.71651177240958,0.4370385329832424,3.8159474850777455,1.038519259938456,0.39253245980274354,10.834449048042718,6.403918030161137,0.07422511738606283,1.6918469282421622,163.0,52.27400826159375,0.7495935899643901,0.99390243902439,4.094416323365012
ID45701,45701,21,245.0,118.59612724757953,505.60857538035964,0.0,22.0,22,8.758577656805558,1,,994.5144032921811,994.0,583.0,1449.0,241667.0,160.11074033884557,0.47030160484032196,3.9736593786516354,0.5094452013524726,1.902944400050958,11.605453340348927,8.95817971097537,0.47696419467501383,1.2955146820877206,241.0,63.451512424700454,0.7522166634393571,0.9717741935483871,4.087271218352544
ID45383,45383,21,224.0,119.96935724962631,506.03213751868464,0.0,6.0,6,8.42514715711158,1,,952.1255605381166,956.0,624.0,1327.0,212324.0,140.94089369266496,0.46245172800682843,4.272401565739467,0.42777877317365653,2.817601271375011,11.699337703830317,9.555138450001792,0.6320979174735603,1.224402740478148,223.0,60.89670391861536,0.7556612521559776,0.9802197802197802,4.077944916875902
ID45768,45768,21,225.0,118.56563421828908,505.9808259587021,0.0,24.0,24,8.481629223064203,1,,982.8161434977578,989.0,545.0,1403.0,219168.0,154.9178140421008,0.46405657448312565,4.021739971822564,0.5316699063446434,1.2225173103289415,11.640203575041491,8.250837123533872,0.2193109049449102,1.4107906144262776,225.99999999999997,61.97528182120189,0.7394031263566418,0.9658119658119656,4.122534423678384
ID46152,46152,21,120.0,117.38466947960619,508.0077355836849,0.0,41.0,41,6.141638341092643,1,,1062.2542372881355,1082.0,603.0,1411.0,125346.0,181.94134428345222,0.4714676742203532,3.741349361865622,0.47556035337223135,1.0153051702153835,9.268633039138674,5.7102029920099,0.0989508046013301,1.6231704988610682,118.5,46.24642237874248,0.6962607789374944,0.99163179916318,4.248337061441889
ID45385,45385,21,212.0,120.36021505376344,506.18202764976957,0.0,8.0,8,8.311031542587394,1,,932.1830985915493,948.0,510.0,1271.0,198555.0,148.46697522298638,0.4620075375003528,3.9682663005548697,0.9623791941359707,1.8466305647142724,11.360582655800734,8.89558845738183,0.28605973430684273,1.2771029943919423,217.00000000000003,60.45877326506515,0.7460207995517378,0.9863636363636364,4.10420895835105
ID45642,45642,21,193.0,118.24744897959184,506.5493197278912,0.0,20.0,20,7.898654169668587,1,,985.9025641025642,997.0,590.0,1336.0,192251.0,139.63334071328492,0.4632383900263745,4.470584621384879,0.8995816465780844,2.6803148605286595,11.9126458298942,8.375438044024094,0.5328863513465989,1.4223310789569887,195.99999999999997,58.79056352670909,0.7126079928787414,0.967901234567901,4.199325966193507
ID45899,45899,21,190.0,118.78083989501312,506.59448818897636,0.0,31.0,31,7.787042655463763,1,,1040.1204188481674,1062.0,557.0,1466.0,198663.0,176.22214196212232,0.47203982057267035,3.785403857393672,0.49773771378039255,1.6697106695312196,11.283695920707778,7.546166779605196,0.41681738515662436,1.4952884358723548,190.5,56.985114140644285,0.7371943516852028,0.9819587628865979,4.12870575363719
ID46028,46028,21,124.0,119.25806451612904,507.8051075268817,0.0,36.0,36,6.282549314314218,1,,1042.0564516129032,1049.0,510.0,1401.0,129215.0,177.75887122588767,0.4487134058848426,3.6314203625702777,0.19294537677393064,1.361551687340434,9.096568309422151,6.337278200749053,0.24736873601570952,1.4354061824754603,124.0,47.01744252514198,0.7048773321467637,0.9763779527559056,4.222290982627328
ID45456,45456,21,187.0,118.74603174603175,506.5696649029983,0.0,11.0,11,7.756324418739616,1,,920.2192513368984,931.0,518.0,1213.0,172081.0,125.20387697746891,0.4437301819418783,4.5178984743247605,0.15610397715465238,1.1328651257420397,10.56950004829997,7.4380229117708225,0.2893963602138798,1.4210093426269932,189.0,56.54088145416995,0.7429276443598296,0.9767441860465116,4.1127439543374384
ID45843,45843,21,213.0,118.21484992101105,506.11532385466035,0.0,29.0,29,8.19532708223289,1,,1012.6056338028169,1018.0,553.0,1426.0,215685.0,171.41094383446978,0.4787376867205951,3.8250601095029273,0.8829324391268649,1.2158913255337234,11.020530796320745,8.6431547273242,0.11603102618542425,1.2750588348812943,211.0,58.9432838180296,0.763174172676797,0.9929411764705881,4.057823002858192
ID45398,45398,21,215.0,119.858372456964,506.23630672926447,0.0,5.0,5,8.234075889688375,1,,926.8516746411483,931.0,456.0,1279.0,193712.0,142.80214933730926,0.45990034852225287,4.089272170515802,0.8426172450437495,2.3658853217360365,11.34465528547693,9.13970381012227,0.4025319987885341,1.2412497736428465,213.0,60.45877326506515,0.7322692640761297,0.9616252821670429,4.142566885124525
ID46167,46167,21,132.0,118.1210392902408,507.65589353612165,0.0,38.0,38,6.469756566762653,1,,1034.7727272727273,1045.0,532.0,1367.0,136590.0,181.30715328048464,0.4546095286639117,3.5674026994151986,0.003693025393125549,1.763983729115471,9.003674192077467,7.002050457460855,3.089052172150141,1.2858625122422296,131.5,47.67219397135702,0.7271187400025565,1.0000000000000002,4.157212869751932
ID45400,45400,21,247.0,122.21371769383698,505.32703777335985,0.0,2.0,2,8.947342419692195,1,,969.768,981.0,598.0,1468.0,242442.0,155.70529448584495,0.4726068220684292,3.997676461702233,0.33725054670841864,1.7526572962519962,11.481371039005705,9.241018717657003,0.5113312036862827,1.2424356437097153,251.5,62.7549307420188,0.8025131254067345,0.9843444227005871,3.957116714677597
ID45978,45978,21,140.0,119.51186239620404,507.476275207592,0.0,34.0,34,6.687491234298748,1,,1058.0212765957447,1054.0,622.0,1438.0,149181.0,170.39841833962072,0.4570286956031273,3.8952398246107487,0.3841646383527001,1.3005731265855904,9.595956940973966,6.369276801829527,0.19160912301538094,1.5066007082966781,140.5,51.14437663533519,0.6749792295915488,0.9493243243243243,4.314790635792903
ID45340,45340,21,228.0,120.87991266375546,505.75909752547307,0.0,3.0,3,8.537737635702333,1,,968.8646288209607,986.0,588.0,1399.0,221870.0,149.6383770126209,0.4553945355839686,4.051885670243056,0.5690136585529786,1.9319148995338136,11.502490296283286,8.687983588380611,0.5351854436498829,1.3239539623056864,229.0,61.005760726136046,0.773221020869071,0.9765458422174839,4.0313741422743306
ID45660,45660,21,172.0,117.79556185080266,506.8446647780925,0.0,14.0,14,7.49544494419371,1,,956.0924855491329,966.0,594.0,1293.0,165404.0,145.4192519529432,0.45082182496145107,4.086004558855244,0.7751996091053137,0.4717705968961063,11.27787413463245,6.641062836957626,0.0704765184712144,1.6982031960111703,176.49999999999997,55.32500028132901,0.7246223483270579,0.9887955182072827,4.1643677061068995
ID45724,45724,21,219.0,118.8875094055681,505.93641835966895,0.0,23.0,23,8.396763649746825,1,,1006.1936936936937,1032.0,463.0,1408.0,223375.0,168.01697650666046,0.46068895470938376,3.7775348192763185,0.98817395178837,0.8811349532428594,11.84181390450745,8.150910637054489,0.18501262587742737,1.4528209707850204,221.5,60.46491582941796,0.7613365666966067,0.9955056179775281,4.0627171496101395
ID45853,45853,21,215.0,118.2135050741608,506.0940671350507,0.0,27.0,27,8.243734633055539,1,,1023.9252336448598,1044.0,529.0,1447.0,219120.0,172.17169620845718,0.48232020015409244,3.8701688011426705,0.43909746233580943,1.8586042011493877,11.282969601252764,8.678312417404706,0.39748884727650524,1.3001340650774813,213.50000000000003,60.08446239748706,0.7431618103166001,0.9748858447488584,4.112095952458429
ID46045,46045,21,130.0,119.6628205128205,507.57435897435903,0.0,35.0,35,6.432750982580687,1,,1051.6412213740457,1043.0,675.0,1433.0,137765.0,160.47717636437082,0.4463719527132488,4.044838901115285,0.2608220304288803,1.2061772146573806,9.602626204405867,6.042947476194717,0.3103277976401658,1.5890633241864123,130.0,48.66157332221714,0.6898917055572773,0.966542750929368,4.267902311434754
ID46174,46174,21,247.0,121.96236559139786,505.6236559139785,0.0,1.0,1,8.884866446580956,1,,975.0487804878048,989.0,614.0,1414.0,239862.0,148.99471863854836,0.4696677358935417,4.1827030374149015,1.2807571208238089,4.446071064702138,13.83674104424212,10.15326271934542,0.8985169113685412,1.3627876503065777,248.0,64.48906306586176,0.7493581072001846,0.9802371541501976,4.095059599743869
ID45407,45407,21,194.0,120.40551181102362,506.71609798775154,0.0,7.0,7,7.787042655463763,1,,932.8010471204188,946.0,538.0,1307.0,178165.0,136.64064356033307,0.43920411124215464,4.166612645350509,0.28242101742487746,1.6043391581413142,11.079026929141952,7.597206474889589,0.3158544840475437,1.4583027282147105,190.50000000000003,57.460621224251256,0.7250437448008394,0.9744245524296676,4.163157361949106
ID45855,45855,21,219.0,117.8875094055681,505.93641835966895,0.0,26.0,26,8.396763649746825,1,,1010.3558558558559,1027.0,572.0,1433.0,224299.0,169.1010419434732,0.46297721166836564,3.781639526798458,0.9804647281526047,0.8821403546574712,11.836050242274359,8.171799082021773,0.1891073298544893,1.4484020132499416,221.5,60.46491582941796,0.7613365666966067,0.9955056179775281,4.0627171496101395
ID46113,46113,21,130.0,119.27260981912144,507.59043927648577,0.0,37.0,37,6.407961869245868,1,,1041.7286821705427,1048.0,561.0,1422.0,134383.0,179.24563069718326,0.4483153809136892,3.597961696609127,0.22966355417499906,0.9256258578551078,9.025818152438896,5.965541630299011,0.08298263290777376,1.5129922330265415,129.0,47.49404838648371,0.7186562279834718,0.9923076923076923,4.181617794695262
ID45858,45858,21,241.0,117.74435318275154,505.6806981519507,0.0,28.0,28,8.803888759278653,1,,996.599173553719,1014.0,471.0,1517.0,241177.0,186.6484715970683,0.48209171911000465,3.4736069199562496,0.8748655222414857,3.0915548011041225,12.71979418203156,9.54958250650065,0.7043598561308901,1.3319738505188958,243.5,63.44084506658197,0.7602753517173148,0.9878296146044625,4.065551591654287
ID45859,45859,21,213.0,118.43563218390804,506.06168582375483,0.0,25.0,25,8.320600954556976,1,,1010.5700934579439,1021.0,608.0,1375.0,216262.0,164.83638848853815,0.48636118154466246,4.012156795263294,0.7320138190033433,1.4016763103205676,11.13709649738278,8.659652914076293,0.23071985139192783,1.286090401992832,217.5,59.98594917932036,0.7595739375351436,0.9931506849315068,4.067428286854984
ID45923,45923,21,211.0,119.23601260835304,506.1146572104019,0.0,30.0,30,8.205031439785696,1,,1040.6308411214952,1056.0,471.0,1461.0,222695.0,179.75376789522005,0.481355479649442,3.762316418263633,1.0405904647577706,1.0193886005368986,11.236634836060752,8.494472068802331,0.0646457117523441,1.3228173269683903,211.5,58.94109972393791,0.7650393370156563,0.9952941176470587,4.0528735022085245
ID45415,45415,21,200.0,119.24345991561181,506.4679324894515,0.0,10.0,10,7.928821004493585,1,,947.1752577319587,960.0,649.0,1234.0,183752.0,126.93672776683213,0.44818967816932054,4.618590357531876,1.047019485985856,1.0807389941485448,11.254164903381549,7.778464322696996,0.07617096127609099,1.4468363466735599,197.5,58.61646588135616,0.7223334111465771,0.9729064039408868,4.170960531950593
ID45479,45479,21,186.0,117.8157894736842,506.6449676823638,0.0,12.0,12,7.579903327627221,1,,941.6045197740114,959.0,543.0,1217.0,166664.0,122.80209310253902,0.4296536590396035,4.6087211873687135,0.6508334673933175,1.9738413075531531,10.391408608485065,8.120967480865588,0.3891613201035584,1.2795776652189572,180.5,54.749881201820585,0.7566947275559172,0.9944903581267218,4.0751591859963385
ID46120,46120,21,122.0,118.37828492392808,507.9080221300138,0.0,40.0,40,6.193249654676192,1,,1046.025,1055.0,627.0,1433.0,125523.0,181.4554353002411,0.44683372897236495,3.560650950003524,0.3552545330975006,1.4120623164410544,8.992853854474873,6.216021219280699,0.17451399300398449,1.4467218719558204,120.5,46.513859933299386,0.6998938049749422,0.9757085020242915,4.237296528996281
ID45418,45418,21,214.0,120.08800623052959,506.1799065420561,0.0,4.0,4,8.253382073025044,1,,927.3271028037383,938.0,574.0,1314.0,198448.0,142.11159244762118,0.4538351136981251,4.073956461761271,0.403108658807121,1.9555722358811596,11.069312722733155,8.532068967676505,0.42330846977126746,1.297377314303122,213.99999999999994,59.389292842197214,0.7624429081307074,0.986175115207373,4.059768480287259
ID46058,46058,21,132.0,118.1210392902408,507.65589353612165,0.0,39.0,39,6.469756566762653,1,,1044.371212121212,1064.0,494.0,1423.0,137857.0,188.41595227933513,0.4527389201938946,3.4548363228257153,0.003693025393125549,1.763983729115471,9.003674192077467,7.002050457460855,3.089052172150141,1.2858625122422296,131.5,47.67219397135702,0.7271187400025565,1.0000000000000002,4.157212869751932
ID45618,45618,21,187.0,118.21657754010695,506.6800356506239,0.0,19.0,19,7.715176518808164,1,,960.0691489361702,968.0,592.0,1280.0,180493.0,145.84854244006735,0.4526073502368124,4.102076749512018,1.0895102407605057,0.8107413835563583,11.224760657784257,7.719532218707814,0.03967106864966552,1.4540726484153712,187.00000000000003,57.170594991818206,0.7189621814615723,0.986807387862797,4.180727958845729
ID45682,45682,21,222.0,118.09772727272727,505.95681818181816,0.0,21.0,21,8.368283871884005,1,,997.1863636363636,1004.0,638.0,1414.0,219381.0,156.3271852695378,0.45796080612764245,4.0073223660413175,0.5388307592519449,1.9174690894789554,11.088525494692808,8.579259701491361,0.44246533236594754,1.2924804564157504,219.99999999999997,61.79465817520807,0.7239868472486538,0.9565217391304346,4.166195004268834
ID45235,45235,21,202.0,120.01650165016501,506.45544554455444,0.0,9.0,9,8.018640596081465,1,,949.15,962.0,588.0,1229.0,189830.0,126.00242280513429,0.45181736857843363,4.688532016215729,0.5254503981481498,1.7031896373822115,11.152229672056343,7.778429981858789,0.3618370813869387,1.433737874875275,202.0,58.97937646970087,0.7297277799934418,0.9734939759036144,4.149774447380508
ID45942,45942,21,163.0,118.82613168724279,507.0113168724279,0.0,33.0,33,7.1809610472257885,1,,1033.5987654320988,1037.0,640.0,1400.0,167443.0,152.27139304978962,0.46744388257251357,4.324457518294831,0.344165018616273,1.3672467551801952,10.05911158938313,6.988759318990344,0.2918696631440243,1.4393272296628976,162.0,53.68169582332595,0.7064353525863808,0.9585798816568047,4.217632349140817
ID45433,45433,21,264.0,121.90796963946869,505.421568627451,0.0,0.0,0,9.158310707189882,1,,944.0871212121212,954.0,533.0,1404.0,249239.0,159.78401529731565,0.46909082064553015,3.7732625723663205,0.47609183695686036,2.5454243439022783,12.361939411086565,9.94551411996769,0.5925423629250233,1.2429663526662134,263.5,66.23116134551736,0.7548588356904457,0.9723247232472325,4.0801117730234
ID45630,45630,21,166.0,118.74102564102564,507.1041025641026,0.0,17.0,17,7.19203423968949,1,,951.469512195122,969.0,611.0,1261.0,156041.0,130.4172362324438,0.44091861495672713,4.464870453318127,0.17408567395019542,1.151678463261524,10.27663375295783,6.895091133524277,0.2451672439536765,1.490427545328926,162.5,53.56516290732779,0.711702299785913,0.9759759759759759,4.201997090972935
ID45631,45631,21,167.0,118.05750487329433,506.90155945419104,0.0,18.0,18,7.377736139048903,1,,957.5178571428571,965.0,560.0,1262.0,160863.0,127.87779407752996,0.4292454087480342,4.497597579718638,0.7101789689739078,0.4474791745032684,11.001119132223126,6.671643014285925,0.036232873489293604,1.648937017263444,171.0,53.97528182120189,0.7375918973465043,0.9970845481049561,4.127592963293807
ID45434,45434,22,67.0,175.63333333333333,508.8234567901235,0.0,0.0,0,4.635290424278275,1,,1122.6911764705883,1151.0,644.0,1466.0,76343.0,181.87253674613947,0.44030628950263956,3.774185247263245,0.009594269710672457,0.35319417734146685,6.980467947716599,3.6709680086441736,-0.06596772645859865,1.9015333098189402,67.5,34.20010472533603,0.7252016190346061,0.9782608695652174,4.162704183801238
ID45402,45402,22,27.0,174.32716049382714,509.9691358024691,0.0,2.0,2,2.9316150714175193,1,,1116.4074074074074,1109.0,702.0,1454.0,30143.0,163.60159376204584,0.29403347094724636,3.1011047468783612,0.022129241041257724,-0.012292080582993642,5.636926344016145,1.8358585315010585,0.050553586670600614,3.0704579069102937,27.0,23.70820393249937,0.6036376498781642,1.0,4.562645974143685
ID46175,46175,22,57.0,174.89528023598822,509.1814159292035,0.0,1.0,1,4.240814611532103,1,,1182.1607142857142,1212.0,917.0,1482.0,66201.0,145.69367326198974,0.44882580629758173,5.027215150525875,-0.10819682623632276,0.6447419057315845,6.699412658852191,3.578243836045533,-0.07280525309680345,1.8722627539703927,56.5,32.24552312049013,0.6828407929951966,0.9912280701754386,4.289880583592956
ID45442,45442,23,552.0,12.131547078413565,158.8000302755071,0.0,11.0,11,13.23743148591058,1,,313.1457194899818,312.0,179.0,438.0,171917.0,40.96839494068643,0.21600563428063257,2.715545086945582,0.09734458567338403,0.024020005112319512,15.281344467733533,11.712643772566306,1.4734565778517117,1.3046878881031063,550.5,87.44896270554409,0.9046026644358686,0.9830357142857142,3.7271425278414076
ID45318,45318,23,507.0,12.048271363339857,158.95107632093934,0.0,10.0,10,12.753679933255224,1,,316.31650485436893,315.0,219.0,458.0,162903.0,37.67677942187399,0.21297655629963025,2.9482035828603697,0.06700962916195115,-0.03346741289778772,14.629267820968943,11.366701319953075,1.5200991561375687,1.2870284358830446,510.9999999999999,83.80728668929068,0.9142547038689087,0.988394584139265,3.707416088764104
ID45766,45766,23,603.0,26.94683789008561,160.2434410383872,0.0,29.0,29,13.860015018459311,1,,320.5107794361526,325.0,187.0,462.0,193268.0,49.64891155397529,0.2925470106249564,2.922215372790125,0.12336668051565239,0.15386806337906123,15.717846486370101,12.659520218192174,1.9617968314637175,1.2415831102179533,603.5,91.46794386370239,0.9064613794563563,0.9877250409165302,3.7233192812346805
ID45320,45320,23,472.0,8.980464625131996,160.67493840197113,0.0,7.0,7,12.276796451355903,1,,322.0798319327731,321.0,183.0,443.0,153310.0,38.77598188750494,0.2052973540721082,2.829566282054173,-0.051993025508000605,0.06759796917973486,14.79193678735096,10.576596632323652,1.4179109020757337,1.3985535519190173,473.5,81.0107462656703,0.9066602622837413,0.9844074844074844,3.7229108896298087
ID46024,46024,23,610.0,27.985572959604287,163.50357241000276,0.0,39.0,39,13.894421397469888,1,,322.46268656716416,324.0,175.0,441.0,194445.0,44.51711960157423,0.29648698508662796,3.3129881287775134,0.01285347767720137,-0.12883934179695003,16.085024527217445,12.430586161427117,-1.2659544341952902,1.2939876139654845,606.5,91.78060735452843,0.9047712971553422,0.9805982215036378,3.7267951762669833
ID45643,45643,23,534.0,15.714662938800869,159.30863622242933,0.0,14.0,14,13.068024102273599,1,,324.780260707635,326.0,199.0,478.0,174407.0,48.64691686100114,0.27201531532143236,2.8553892324785584,-0.20255323905045292,0.10447210249945621,15.036343624995974,11.677764266437006,-1.4500751297653265,1.287604654617994,536.5,86.22328666046933,0.9068395312382578,0.9799086757990866,3.722542888838522
ID45963,45963,23,570.0,29.581845238095237,163.70029761904763,0.0,34.0,34,13.351162356249091,1,,332.20035778175315,335.0,198.0,471.0,185700.0,44.76192618413619,0.3036243215290319,3.4570481440490823,0.008504819482186851,0.12259656861384335,15.555168363909212,11.820569569018522,-1.046391863182149,1.3159406806148326,560.0,88.22043888825158,0.9041895073921807,0.984182776801406,3.7279939640211452
ID45709,45709,23,603.0,21.509657836644593,156.87969094922735,0.0,23.0,23,13.86575534383214,1,,316.3255813953488,317.0,177.0,483.0,190428.0,43.08166964783021,0.28009757559856313,3.213202225567664,-0.10116908450986004,0.19186892098311337,15.619212691536886,12.745160644201972,1.9261114095623897,1.2255014375705322,604.0,90.32697443031537,0.9302761261707073,0.9901639344262297,3.675352465355414
ID45523,45523,23,594.0,19.159943977591034,156.68851540616248,0.0,19.0,19,13.762063154896342,1,,313.2281879194631,315.0,166.0,454.0,186684.0,46.30256661022193,0.2756601867619107,2.9236461800756866,0.30550934593914447,0.16034753588650727,15.515461963254173,12.781922926773927,-1.3827625279686053,1.2138597652434895,595.0,90.36408469159318,0.9156618535933536,0.9900166389351082,3.7045662947481324
ID45908,45908,23,573.0,29.734005258545135,162.44653812445225,0.0,33.0,33,13.475748219221542,1,,329.09154929577466,331.0,213.0,434.0,186924.0,43.02530405621605,0.30080455921585325,3.5374893562236314,-0.06663403227922292,0.10458502214892357,15.568284098872759,12.018984748804304,-1.0744049989320852,1.2953077505503579,570.4999999999999,88.43662656534472,0.9166450063361273,0.9836206896551722,3.7025790850782596
ID45781,45781,23,599.0,24.213813068651778,159.50882271850014,0.0,27.0,27,13.87149329373379,1,,319.0214876033058,322.0,172.0,459.0,193008.0,46.12430513594148,0.28895269815085584,3.101057857606091,0.07472665992297128,0.13799390679102147,15.760466155652853,12.584052680911503,-1.2218015872947448,1.2524157801373152,604.5000000000001,92.46034932940644,0.8885770851344076,0.9805352798053532,3.760602040329905
ID45465,45465,23,569.0,12.788500727802038,158.88136826783114,0.0,12.0,12,13.499348496880142,1,,313.09773123909247,314.0,188.0,450.0,179405.0,41.57162760966249,0.21733105687541385,2.6892178048773334,0.12956789867337531,0.06411694651637355,15.137172274218404,12.255624787241779,1.3966188725468829,1.2351204069152266,572.5,88.76583923660452,0.9130480391043133,0.9853700516351117,3.7098651008040306
ID45786,45786,23,602.0,23.538695411829742,157.93394140409066,0.0,26.0,26,13.85427231466257,1,,317.1426202321725,319.0,173.0,434.0,191237.0,45.767063964750285,0.28442846957124834,3.0689844953575682,-0.09151933395989177,-0.12976769869288698,15.701613822207014,12.603842704076474,-1.2238347374128304,1.2457798935501332,602.9999999999999,91.75260362777097,0.9000992137834093,0.9828850855745718,3.7364548678163647
ID45788,45788,23,579.0,25.2516452074392,159.41473533619455,0.0,28.0,28,13.616736345470528,1,,323.10843373493975,326.0,200.0,441.0,187726.0,43.27570331854814,0.29312609486916386,3.3849149535293006,-0.04120828808678298,0.04677461410377678,15.442282860448332,12.224843981983463,-1.1422781891752036,1.2631885431999472,582.5,90.4829267081535,0.8940720420647252,0.9806397306397306,3.7490279199417995
ID45342,45342,23,258.0,8.066990291262137,161.6546925566343,0.0,4.0,4,9.053441096750234,1,,359.0428015564202,358.0,270.0,472.0,92274.0,34.00922032509159,0.1545326204579075,2.82613891386258,0.26575988756693425,-0.06210007369302153,10.019160655622928,8.308150264185244,1.3809596444791583,1.2059436020089218,257.49999999999994,73.88687584849663,0.5927239690804845,0.8554817275747506,4.604459814685436
ID45535,45535,23,553.0,18.829121540312876,158.34657039711192,0.0,17.0,17,13.279445656570912,1,,324.1552346570397,323.0,203.0,460.0,179582.0,45.85279240244982,0.2850063982464154,3.1359314857222587,-0.021657929086542283,-0.030410774792257296,15.094429789359419,11.913642577981996,-1.4862687956927054,1.266986959744448,554.0,87.18391521252603,0.9158975395597234,0.9822695035460993,3.704089619996955
ID45280,45280,23,491.0,8.728249744114636,162.0496417604913,0.0,6.0,6,12.469738545806875,1,,324.734693877551,326.0,192.0,452.0,159120.0,42.7744240184552,0.20967451213605626,2.631792388517029,0.15383537511268702,0.23684559470062794,15.506260406461326,10.481484417624621,1.2994631220939923,1.4793954547494763,488.5,84.35017232263604,0.862784796773233,0.9819095477386933,3.8163982685019606
ID45216,45216,23,534.0,11.605919003115265,160.01869158878506,0.0,9.0,9,13.049742875180646,1,,312.25703564727957,313.0,209.0,452.0,166433.0,37.333635636550476,0.21365366618786952,2.9448116388701906,0.24425350835273948,0.14228801396536894,15.095039052303346,11.92886367778947,1.402849868556376,1.2654213729015131,535.0000000000001,84.82355655569168,0.9343953963971274,0.9972041006523767,3.6672421446106664
ID45665,45665,23,588.0,19.901521555367708,156.889123696816,0.0,21.0,21,13.721526798345444,1,,315.2719594594595,317.0,197.0,444.0,186641.0,41.73628460546534,0.27917090272437384,3.297183632685337,-0.16686415695955242,0.04451705988646699,15.419083586393471,12.646982520772934,-1.251973024485355,1.2191907090143679,591.5,90.71289367829148,0.9032886874416668,0.9809286898839138,3.7298524033738296
ID45794,45794,23,604.0,22.964621337755666,157.18546158098397,0.0,25.0,25,13.85427231466257,1,,317.5282392026578,318.0,176.0,451.0,191152.0,46.37996906716815,0.2822711020775056,3.0141749769223534,-0.20994834697893003,0.1967334611790724,15.685409171021623,12.47464170203413,-1.1633466672563433,1.2573835422033757,602.9999999999999,91.54868987788682,0.9041134059207158,0.9828850855745715,3.728150857976379
ID46115,46115,23,539.0,27.13633549984525,166.1403590219746,0.0,41.0,41,13.092359363765235,1,,344.06864564007424,345.0,186.0,486.0,185453.0,46.49176407280072,0.31464459008962575,3.542509134515694,0.09825614546830794,0.038570583685766546,14.936819071562562,11.750886260119469,-1.2663003512680369,1.2711227681826531,538.4999999999999,86.7966660401508,0.8982339879816355,0.9764279238440614,3.740332319479132
ID45540,45540,23,539.0,18.579851439182917,158.94444444444443,0.0,16.0,16,13.092359363765238,1,,324.98513011152414,327.0,207.0,459.0,174842.0,46.102304685154884,0.28969331161974193,3.1668162874855263,0.02378255534131751,0.07556952779159136,14.68679432934241,11.880729876918563,1.6953202215285628,1.2361862008053364,538.5000000000001,85.90624907007741,0.9169508512268086,0.9808743169398909,3.7019615441611307
ID45732,45732,23,593.0,22.234396865379235,156.61279037223622,0.0,24.0,24,13.76784432009773,1,,315.59327731092435,317.0,189.0,430.0,187778.0,41.09841954880387,0.2794624480739486,3.3545056905529687,-0.16528955960865024,0.24395817013453264,15.406339347521097,12.678973076660668,-1.0626482998870266,1.215109398400801,595.4999999999999,89.5946235113545,0.9322399972294472,0.9851116625310172,3.671479147479952
ID45988,45988,23,546.0,29.716819571865443,163.0948012232416,0.0,36.0,36,13.171138446245484,1,,335.6341911764706,336.0,217.0,455.0,182585.0,44.65480871249354,0.30762222881160345,3.5364162555665275,0.07222151821435199,0.06473655528300075,15.025733218874436,11.90504643086667,-1.0885911900124057,1.262131425201051,544.9999999999999,86.84259931462152,0.9081147679510008,0.9793351302785263,3.719928246254789
ID45543,45543,23,563.0,18.583407804587427,158.5291927316056,0.0,18.0,18,13.345200684884094,1,,319.2153024911032,320.0,205.0,457.0,179399.0,44.91026800001835,0.2810109639058754,3.118447730857173,-0.0765344832239989,0.035741164763050635,15.106119230734075,12.070174024176113,-1.4463505038210709,1.2515245596689057,559.5,87.78893493429963,0.9122847068456683,0.9815789473684211,3.7114168464161814
ID45544,45544,23,556.0,17.34320766008378,159.0571514063435,0.0,15.0,15,13.315352289908494,1,,320.415770609319,323.0,186.0,464.0,178792.0,49.21891779929017,0.27545657531772705,2.8118962041090048,0.018404541750505512,-0.11708326402512041,14.715290899818376,12.29545379164376,1.5004671629227995,1.1968074663351738,557.0,88.03375005813265,0.9031640753597577,0.9797713280562886,3.730109703600373
ID45867,45867,23,592.0,28.591192296799775,161.0669781931464,0.0,31.0,31,13.686685793834853,1,,325.7191780821918,327.0,191.0,453.0,190220.0,44.17783229813018,0.2945934423962406,3.3555104533380646,-0.1447809895320559,-0.02300602335501576,15.84715870906487,12.078423170869586,-1.1307068024968265,1.312022147666147,588.4999999999999,90.73181932426864,0.898332460043004,0.9775747508305646,3.7401273127894723
ID45932,45932,23,584.0,29.148354792560802,161.6948497854077,0.0,32.0,32,13.616736345470526,1,,325.19039451114924,325.0,194.0,454.0,189586.0,44.72335479676235,0.29563944829113586,3.318268709296533,0.025149579623723297,0.07102535523782139,15.734959944369429,12.16180436325168,-1.0839121720031897,1.2938014355759955,582.4999999999999,89.28641552431635,0.9181951983141027,0.9847844463229075,3.6994522265162706
ID45294,45294,23,458.0,10.689794419970632,160.34287812041117,0.0,8.0,8,12.021343033431869,1,,320.5594713656388,319.0,227.0,416.0,145534.0,32.61704663649451,0.21062438651072257,3.419740955193122,0.10158119956860262,0.13896742173715063,13.99132046898326,10.81282437378593,1.4186520584594282,1.2939561381301186,453.99999999999994,78.88144288539026,0.9168874425606354,0.9912663755458514,3.7020895491782135
ID45487,45487,23,562.0,13.87092954410894,158.41533451746594,0.0,13.0,13,13.38687663054658,1,,316.2517730496454,317.0,183.0,463.0,178366.0,44.195839163176764,0.23969602558866068,2.7671149735247416,-0.07597542063911136,-0.05921219918666862,15.399237738128427,12.054475207354,-1.516044971109413,1.2774706051686022,563.0,88.30112878996198,0.9073727826260558,0.9808362369337981,3.7214488826413703
ID46127,46127,23,598.0,28.015760111576014,162.35355648535565,0.0,38.0,38,13.790944746275178,1,,325.98489932885906,328.0,176.0,450.0,194287.0,47.9126106466914,0.30054982443147216,3.1446124309167907,0.06981191826068699,-0.059007841234784766,15.789690167525826,12.318801708284438,-1.1366611374986657,1.2817553639902495,597.5,90.0774529622273,0.9253703468401284,0.9884201819685691,3.6850818858895
ID45556,45556,23,562.0,19.429418742586005,156.3591340450771,0.0,20.0,20,13.374982468597493,1,,320.8561278863233,322.0,179.0,441.0,180642.0,40.0140399372207,0.2831381201920946,3.538774339518601,0.1040398148583904,0.08239441557926933,15.09113199536004,12.379669613918397,1.8203821697510343,1.2190254236181846,561.9999999999998,88.56304751225396,0.9004115859919088,0.9842381786339749,3.7358066831842516
ID46004,46004,23,532.0,29.977451907915484,163.29754020813624,0.0,35.0,35,12.970226476362445,1,,339.09108159392787,340.0,212.0,475.0,178701.0,43.84260710629972,0.3142317167602795,3.6985208029970424,-0.020740871174277656,0.10939484150151317,14.797211898739391,11.680589521714,-1.1689339815903046,1.2668206404506936,528.5,86.44760709925131,0.8886871550090656,0.9732965009208105,3.76036914520441
ID45302,45302,23,420.0,8.43389088012744,162.55615292712068,0.0,5.0,5,11.541780077956624,1,,334.07398568019096,331.0,217.0,431.0,139977.0,36.217468704197245,0.20905384628673107,3.189826634331502,0.09719033274986265,0.19322728716076742,14.284587052494365,9.768093146039167,1.4208476927892804,1.4623721169455244,418.5,77.54470564488587,0.8745829828516881,0.9812426729191089,3.7905691226675207
ID45687,45687,23,610.0,20.632296781232952,156.82678668848882,0.0,22.0,22,13.945871807036522,1,,311.8829268292683,314.0,187.0,439.0,191808.0,41.73301153770282,0.2741979239322626,3.2163932387929797,0.2217655408266526,0.21350815331056994,15.56663089590987,13.093789437701922,-1.4185740089812269,1.1888560580551046,610.9999999999999,91.08550128876226,0.9254491665686845,0.9870759289176089,3.6849249548828023
ID46071,46071,23,566.0,28.779598464718042,162.78196043696488,0.0,37.0,37,13.404698085027867,1,,329.9769911504425,333.0,200.0,461.0,186437.0,45.3881350463699,0.3042689082385644,3.3920461327148024,0.09280364877954937,0.20148573141874948,15.348818937913107,12.473763575157893,-1.0456609067418263,1.230488203935581,564.4999999999998,89.26335882014602,0.8902815253353741,0.9757994814174585,3.757000487393478
ID46074,46074,23,556.0,27.557296329453894,164.6035511787526,0.0,40.0,40,13.333269345274891,1,,334.12387791741475,334.0,189.0,458.0,186107.0,45.009120826745566,0.3054219722592756,3.4736522450163636,-0.08343713441348513,-0.15997039817521388,15.275710595152452,12.034910379798527,-1.16471355367764,1.269283286130144,558.5,89.38266646928679,0.8784689761517074,0.974694589877836,3.782175853933837
ID45244,45244,23,436.0,10.654080854309687,164.55873379099924,0.0,3.0,3,11.794126515444734,1,,337.78409090909093,337.0,238.0,457.0,148625.0,43.372741842484054,0.22786454050544272,2.8905374399457444,0.4298181930519992,0.1408305275747122,14.698843885199778,10.170382306909687,1.2053382031673403,1.4452597200022153,437.00000000000006,81.89119310670765,0.8188736639166256,0.970033296337403,3.917387020954818
ID45884,45884,23,543.0,27.681146025878004,160.14109673444239,0.0,30.0,30,13.122714979204218,1,,331.00739371534195,332.0,204.0,472.0,179075.0,44.771724923651824,0.2974153751793301,3.389598348132987,-0.005867373661777662,-0.2412219866823705,15.131102564754313,11.752186293094743,-1.1833905000767573,1.287513845287232,541.0,85.9319053890465,0.9206578189812004,0.989935956084172,3.6945011753849246
ID45401,45401,24,20.0,172.76666666666668,509.8,0.0,5.0,5,2.5231325220201604,1,,1004.8571428571429,1062.0,556.0,1424.0,21102.0,221.4882131659122,0.2958574842494026,2.071614865522927,-0.04961123650098242,0.22761312061626557,4.5161112572898015,1.96335245545064,0.008205420716346667,2.3002040437274607,20.0,21.61939358754378,0.5377158566916591,0.851063829787234,4.834243369407094
ID45387,45387,24,23.0,173.46376811594203,509.9782608695652,0.0,6.0,6,2.7057581899030048,1,,1134.6521739130435,1130.0,793.0,1381.0,26097.0,153.7133130496368,0.2606231382336366,3.0521716758414743,0.20148506120829762,0.02306261038829301,4.836038768528001,1.8835817445787397,0.09005509956165647,2.567469547019619,23.0,21.30056307974577,0.6370236141798404,1.0,4.44147442965895
ID45827,45827,25,60.0,0.7666666666666667,348.4555555555555,0.0,28.0,28,4.370193722368317,1,,1025.2931034482758,1015.0,806.0,1228.0,59467.0,97.88106076696504,0.31979531450629894,5.07627192975567,-0.027918334285813463,-0.19469877987236234,7.942859518718349,2.656205216071163,1.518501468130403,2.990303411295443,60.0,36.097254355082114,0.5786457598295054,0.9677419354838709,4.660135498701539
ID46087,46087,25,202.0,2.193200663349917,349.1393034825871,0.0,37.0,37,7.998767850296815,1,,889.5175879396985,900.0,602.0,1242.0,177014.0,122.36775356826853,0.44602709616684727,4.484379513273424,-1.0989215165318562,-0.39199841308577005,14.511039226776141,5.919513572246094,1.4868690978875212,2.451390481611834,201.0,68.06721429983374,0.5451675119797003,0.9686746987951808,4.801091119009541
ID45929,45929,25,180.0,1.883287920072661,348.61080835603997,0.0,33.0,33,7.642634631769701,1,,887.889502762431,891.0,546.0,1251.0,160708.0,142.0678200730445,0.4678345669503556,3.983899710123471,-0.9163234242964625,-0.21720746663282167,14.539229178626776,5.276060789809206,1.5126006976132282,2.755697812790468,183.5,65.51484058463505,0.5372377918558726,0.9734748010610079,4.83639378389124
ID46154,46154,25,206.0,2.3321226795803067,350.18845843422116,0.0,38.0,38,8.107465170875097,1,,905.1219512195122,928.0,585.0,1261.0,185550.0,134.65336673341915,0.45463883774694513,4.201759888609091,-1.216201896142648,-0.6299449718618951,14.683168875533974,5.904345172008115,1.442975216700798,2.4868412072426507,206.49999999999997,66.98006460044607,0.5784139996643722,0.9809976247030876,4.661069021755488
ID46092,46092,25,230.0,2.5564102564102567,350.85897435897436,0.0,40.0,40,8.509729672957443,1,,916.2355555555556,912.0,641.0,1210.0,206153.0,135.22660405572734,0.4563244008648539,4.246103353407296,-1.0097366996093258,-0.6174419517087724,14.993620581359927,6.191168229791902,1.4701275028185568,2.4217756689618968,227.5,72.17578948262643,0.5487925144478486,0.945945945945946,4.785208246959689
ID45808,45808,25,58.0,0.9115942028985506,348.131884057971,0.0,29.0,29,4.278179338873952,1,,976.8070175438596,979.0,710.0,1182.0,55678.0,98.36565141575649,0.2976756751309859,4.555882111402578,0.04870155699254893,-0.15291054927581552,8.004234297458254,2.4174920173378522,1.517222514366685,3.3109661748842236,57.49999999999999,37.21578623450634,0.5217029731320859,0.9426229508196718,4.907872549021041
ID46032,46032,25,176.0,1.7291666666666665,349.20454545454544,0.0,35.0,35,7.48482063701911,1,,889.4772727272727,894.0,610.0,1174.0,156548.0,137.15375957746753,0.4634095205629281,4.107297970291535,-0.8696628475793408,-0.4496657369664893,14.560667602774013,5.238112136430145,1.498249677999994,2.7797548474587135,176.0,66.09661375047251,0.5062489216178451,0.9591280653950955,4.982219720985517
ID45905,45905,25,126.0,1.4563492063492063,347.1362433862434,0.0,30.0,30,6.333012368467128,1,,925.5967741935484,929.0,695.0,1188.0,114774.0,109.01024933947399,0.40289544935472577,4.876986469226793,-0.3181198618593148,0.24857259347025917,11.9801056057815,4.000599190201658,1.5273352561129303,2.99457782102326,125.99999999999999,55.75006066505409,0.5094361041656522,0.9655172413793103,4.966610150011786
ID45971,45971,25,187.0,1.95822102425876,348.7614555256065,0.0,34.0,34,7.684170995435563,1,,898.3675675675676,916.0,589.0,1264.0,166198.0,138.96502151005578,0.46807527668552046,4.12236022637692,-0.6302024079053506,-0.04110831997918894,14.535101338250263,4.987105323509443,1.5191962539404675,2.9145366691437475,185.5,64.9966608133097,0.5517872829606517,0.9814814814814817,4.772204967593564
ID46007,46007,25,191.0,2.037859007832898,349.1762402088773,0.0,36.0,36,7.807454335709939,1,,882.4761904761905,890.0,592.0,1266.0,166788.0,129.74838872563964,0.4427132482432796,4.1742025377681164,-0.43942032261768577,0.05469255400367237,15.113101776142946,4.897249862060287,1.5122453110032845,3.086038532202811,191.50000000000003,66.81893002451419,0.5389886356648596,0.9795396419437341,4.828532154355452
ID46135,46135,25,249.0,2.806613226452906,351.32164328657313,0.0,41.0,41,8.911695495406907,1,,924.6787148594377,919.0,609.0,1279.0,230245.0,143.37589183552467,0.4711904538828415,4.131162792148632,-1.403987583494821,-0.801220325015241,15.800521757603448,6.721090747362594,1.4421628667551745,2.3508865378441275,249.49999999999994,72.18323640235405,0.6017383816346156,0.986166007905138,4.569840846330878
ID45881,45881,25,173.0,1.7630057803468209,347.1926782273603,0.0,31.0,31,7.420755373261929,1,,930.7485380116959,936.0,592.0,1259.0,159158.0,147.64596341436464,0.46187686343054,3.983420880253039,-0.6196480886416911,-0.2700616612225515,14.12310581278316,4.824257310392967,1.5322103471747763,2.9275191815240764,173.0,65.71092313008712,0.5034783849937057,0.9611111111111109,4.995908972944109
ID45947,45947,25,204.0,2.234146341463415,347.40162601626014,0.0,32.0,32,8.07796550300118,1,,921.1274509803922,931.0,612.0,1201.0,187910.0,146.35910836821017,0.45223354408434485,3.9197310971108457,-0.7573969292803067,-0.06543229570707221,14.492106877747561,5.526324810330877,1.513584268762761,2.6223769639193315,205.0,67.78467894783479,0.560661375593871,0.9579439252336449,4.734287336618215
ID46043,46043,25,231.0,2.5381569474442047,349.8585313174946,0.0,39.0,39,8.5842145040503,1,,896.1991341991342,909.0,567.0,1247.0,207022.0,142.7926566104008,0.4711495243255728,4.020041934640047,-1.3460902580654477,-0.4828551128090325,15.148289750011381,6.636994011526017,1.4907421856444198,2.2824022025188473,231.5,72.99107118813362,0.5460361362293681,0.9468302658486708,4.797270855348192
ID45955,45955,26,54.0,177.58490566037736,509.3522012578617,0.0,32.0,32,4.1073621666150775,1,,1110.6792452830189,1131.0,707.0,1459.0,58866.0,154.50837338336487,0.44003649811039236,4.393208670015534,-0.01450240108624383,0.6078214537317512,6.697336338774551,3.4573939678949848,-0.009467564474201816,1.937105346097479,53.0,32.155374460927135,0.6441375108486007,0.9906542056074766,4.416880369934224
ID45844,45844,26,36.0,178.03424657534248,509.769406392694,0.0,29.0,29,3.4085643379153576,1,,1074.7777777777778,1100.0,743.0,1339.0,38692.0,136.74002676844452,0.4034779783889489,4.519259159808428,-0.11433575786738268,0.6360196900671344,5.635594071345493,2.9139992774342414,-0.04288728174308094,1.933972364024606,36.5,27.122417494872465,0.6235136060957485,0.9864864864864865,4.489334486377667
ID45924,45924,26,84.0,177.67751479289942,508.4684418145957,0.0,30.0,30,5.186249645218625,1,,1110.2142857142858,1120.0,657.0,1498.0,93258.0,171.040196179501,0.46993914657174046,4.150313365236753,-0.04538497368766765,1.215866450427644,7.403529121319807,5.199704839692729,0.0017839169608658712,1.4238364194836317,84.5,38.20010472533603,0.7276750190278072,0.9883040935672515,4.155623552818675
ID46116,46116,26,58.0,177.64242424242425,509.22727272727275,0.0,37.0,37,4.1841419359420025,1,,1131.2592592592594,1170.0,550.0,1408.0,61088.0,187.8867769439466,0.4220169807839403,3.5737245015277668,-0.03160354117774206,0.7022124652716163,6.551734435209597,3.6241239456793504,0.019520781291246393,1.8078119107986135,55.0,31.77269903474535,0.6846432577051634,0.990990990990991,4.28422986386226
ID45944,45944,26,61.0,177.02617079889808,509.0895316804408,0.0,33.0,33,4.38836508441576,1,,1074.6065573770493,1099.0,737.0,1334.0,65551.0,134.0957715824185,0.4496345467630214,4.971249269555593,0.0020858821584018184,0.4992343087788474,6.668158122724052,3.6983170109377017,0.028674120574746054,1.803025025438085,60.5,33.44697281520922,0.6795972366353713,0.983739837398374,4.300105688690282
ID46169,46169,26,46.0,179.15248226950354,509.38652482269504,0.0,38.0,38,3.8678889139475245,1,,1103.8297872340424,1146.0,733.0,1354.0,51880.0,170.49369733970357,0.4139643518758166,3.7909517738274205,-0.09152048609221919,0.3798388766112769,6.112473093255716,3.1789206038204973,3.1317042071873242,1.9228140161505165,47.0,29.39651773826158,0.6834644762786051,1.0,4.287922809959232
ID45979,45979,26,35.0,177.18075117370893,509.73943661971833,0.0,34.0,34,3.361547405514991,1,,1145.4857142857143,1156.0,878.0,1406.0,40092.0,108.7394001402304,0.35805638871472967,5.554773619716526,0.2144824554894159,0.2856006800956791,5.577150628909989,2.50252279062865,0.059580645006954036,2.2286113236591034,35.5,26.358485472372255,0.6420920782779059,0.9861111111111112,4.423909928269779
ID46059,46059,26,42.0,179.16265060240963,509.6044176706827,0.0,39.0,39,3.634537147509613,1,,1121.9512195121952,1165.0,606.0,1367.0,46000.0,162.69433782702956,0.3904187053057212,3.8727240022397678,0.05733789312882865,0.11108306795588083,6.455319385358657,2.3214604713559184,0.0438614949882298,2.780714754788926,41.5,29.594553449872045,0.5954350260021346,0.9651162790697675,4.593965643632471
ID45900,45900,26,38.0,177.60666666666665,509.7133333333333,0.0,31.0,31,3.454941494713355,1,,1090.918918918919,1133.0,782.0,1351.0,40364.0,150.85485636096598,0.401738827415646,4.1451464389505635,0.03661968236352899,0.18124316820189693,5.8769936693459375,2.3814379350754966,-0.012118539107918406,2.467834068982203,37.5,27.594553449872045,0.6188628183658546,0.9615384615384616,4.506171708809583
ID46029,46029,26,74.0,178.12298850574712,508.7896551724138,0.0,36.0,36,4.803901200932928,1,,1143.5492957746478,1174.0,608.0,1466.0,81192.0,192.00526694653786,0.4397568744202602,3.6382724739907237,0.32818879765956493,0.4424863613577255,7.655861015023141,3.832131519222818,0.09200953805135877,1.9978074804112675,72.5,36.015339721864635,0.7023811361221276,1.0,4.229787139473994
ID46047,46047,26,48.0,177.05555555555554,509.3888888888889,0.0,35.0,35,3.9088200952233594,1,,1041.5833333333333,1096.0,675.0,1324.0,49996.0,158.94088735677445,0.4208723907143297,3.8822522094394922,0.005958199474551898,0.30367245123087283,6.35489544313896,3.126010994917668,0.03838549892863763,2.0329088584367994,48.0,29.93498799259765,0.6731206667218511,1.0,4.320743343928617
ID46064,46064,27,159.0,296.65053763440864,153.17096774193547,0.0,37.0,37,7.024103669400641,1,,1494.5064935064936,1490.0,810.0,2216.0,230154.0,356.81620919893925,0.5721108077015096,3.048458069125232,-0.28806136196429927,0.21229492777598793,11.17960555872337,4.765340943776187,2.237843358040622,2.3460242804504023,155.0,54.34443465169262,0.6595252268130807,0.8882521489971347,4.365050033051825
ID45987,45987,27,146.0,292.4705215419501,156.6485260770975,0.0,36.0,36,6.840435166640879,1,,1652.6462585034014,1595.0,675.0,2685.0,242939.0,508.9286868083319,0.6068651757357554,2.4528203851603663,-0.21313488201872322,-0.012193454123128361,9.409903062014125,5.35140809124351,2.0205968773209886,1.7583975846303923,147.0,48.38477996850705,0.7890593273520946,0.9545454545454546,3.990709391356908
ID46021,46021,27,213.0,305.13420427553444,153.24663499604117,0.0,39.0,39,8.185611219798307,1,,1286.345971563981,1246.0,643.0,1981.0,271419.0,306.3000376543036,0.6003679813959777,3.1509274592429093,0.05764871770602108,-0.12857517875308724,11.422429255661857,6.3277745214556935,-0.4744244547655947,1.8051258332501625,210.5,57.5000290807036,0.8000660381629786,0.9722863741339491,3.963163725949029
ID46070,46070,27,220.0,304.86977980258166,153.43166287015944,0.0,40.0,40,8.358769049168787,1,,1243.4794520547946,1240.0,702.0,1738.0,272322.0,271.03642953573274,0.5978507435235878,3.433187367425497,-0.10495837161313462,0.060256216008408824,11.90223186843347,6.168138727694543,2.619912795076315,1.92963102710275,219.5,60.91307100079427,0.7434014393142324,0.9627192982456142,4.111433149833289
ID46103,46103,27,237.0,305.85779175401814,154.13102725366878,0.0,41.0,41,8.713030922407775,1,,1208.8,1223.0,647.0,1846.0,290112.0,246.67268981300222,0.6226119077947624,3.760677928260427,0.2782361384106708,0.3055206096372216,12.169300572997905,7.18785127079632,2.556846442006785,1.6930373368242644,238.49999999999997,62.93884033149576,0.7565903088605953,0.9695121951219512,4.075440387142868
ID46011,46011,27,93.0,295.2699275362319,157.30615942028984,0.0,35.0,35,5.4115163798060095,1,,2285.308510638298,2228.0,1362.0,3544.0,214819.0,630.4237869160602,0.5910397568675276,2.693257664228261,-0.10937724079160778,0.008313902491256204,8.348052949089336,3.7176025258203924,1.8970532572207004,2.245547470744497,92.0,39.525507942753535,0.7400188320727996,0.968421052631579,4.1208190644957545
ID46124,46124,27,187.0,301.84963768115944,153.60688405797103,0.0,38.0,38,7.653039857325812,1,,1362.25,1327.0,773.0,2057.0,250654.0,325.0790614217769,0.5857815334548405,3.0959228921957798,0.07967829632680072,-0.07583613421193218,11.782597733951848,5.35666817855683,2.5282623214199726,2.1996131440656574,184.0,57.457561049937006,0.7003793174577938,0.9177057356608479,4.235827598546068
ID45986,45986,28,165.0,267.07200402819734,143.34592145015105,0.0,36.0,36,7.2581186380092575,1,,1462.3575757575757,1460.0,500.0,2443.0,241289.0,503.79835241545425,0.5929252147262714,2.16088355695897,-0.24561670205201805,0.24219560989530417,10.216674313882038,5.51016578989275,2.007311338939489,1.8541500752341058,165.50000000000003,54.691150966316286,0.6953024118822551,0.8873994638069707,4.25126389169861
ID46018,46018,28,240.0,275.04564315352695,141.60096818810513,0.0,39.0,39,8.758577656805558,1,,1178.004132231405,1200.0,501.0,1795.0,285077.0,288.82124865701945,0.5987062786595643,3.054870469825654,0.0658528102998268,0.008067060576954435,10.585003681698153,7.543724948622833,-0.7429453653348846,1.4031534492294193,241.0,58.11115760821538,0.8968253026224757,0.9816700610997964,3.743268724115499
ID46100,46100,28,200.0,279.45486111111114,142.47916666666666,0.0,41.0,41,7.81764019044672,1,,1341.7407407407406,1342.0,733.0,1992.0,253589.0,272.109043148658,0.5739378239900434,3.5961094560143403,0.03487961562938433,-0.015524934700735996,9.236051911685552,6.852236557450063,-0.7008583672563616,1.3478886542006048,192.00000000000003,51.87229869669304,0.8966854128404323,0.9770992366412216,3.74356070200255
ID46069,46069,28,207.0,277.0996771589992,143.0819209039548,0.0,40.0,40,8.107465170875098,1,,1269.2135922330096,1289.0,709.0,1912.0,261458.0,266.9837357057976,0.5783608184240018,3.4839545179560956,0.02142266020932436,0.05165002940436547,10.36162945868717,6.642508192059899,-0.762827937399955,1.5598971290803842,206.5,54.43702950143325,0.8756712324133143,0.9833333333333333,3.788213005752018
ID46121,46121,28,271.0,275.4179104477612,142.13246268656715,0.0,38.0,38,9.236181543108382,1,,1086.907063197026,1068.0,447.0,1928.0,292378.0,312.24281761382053,0.581483449887608,2.5597800875366485,-0.04222697800655985,0.015726694252188353,11.134860743748396,8.036621295103462,-1.0388982908871136,1.38551517296611,268.00000000000006,62.522856886808434,0.86152330418574,0.9657657657657658,3.8191913427150888
ID46063,46063,28,234.0,271.98318713450294,141.68494152046785,0.0,37.0,37,8.519075891779828,1,,1165.9380530973451,1153.0,666.0,1773.0,263502.0,268.89800737035654,0.5652100648129469,3.1315196656210476,0.06940215427337584,0.019566198489031277,10.274681586338644,7.45542109088298,2.0037203103154853,1.3781490624189232,227.99999999999997,55.769461184843784,0.9211955128545052,0.9956331877729258,3.6934227937704307
