LABEL,TRACK_ID,SPOT_SOURCE_ID,SPOT_TARGET_ID,LINK_COST,DIRECTIONAL_CHANGE_RATE,SPEED,DISPLACEMENT,EDGE_TIME,EDGE_X_LOCATION,EDGE_Y_LOCATION,EDGE_Z_LOCATION,MANUAL_EDGE_COLOR
Label,Track ID,Source spot ID,Target spot ID,Edge cost,Directional change rate,Speed,Displacement,Edge time,Edge X,Edge Y,Edge Z,Manual edge color
Label,Track ID,Source ID,Target ID,Cost,γ rate,Speed,Disp.,Edge T,Edge X,Edge Y,Edge Z,Edge color
,,,,(cost),(rad/frames),(pixels/frames),(pixels),(frames),(pixels),(pixels),(pixels),
ID19379 → ID19359,0,19379,19359,0.08157883039719827,1.3247749168310294,0.5727973591941433,0.5727973591941433,3.5,400.9184692336974,234.6365832099542,0.0,
ID19622 → ID19601,0,19622,19601,0.059384556343437644,0.917654358855625,0.06515770949494391,0.06515770949494391,15.5,398.2404687574638,233.7214652401944,0.0,
ID20023 → ID20045,0,20023,20045,0.07844073461453682,0.9508592284369157,0.8397576347797944,0.8397576347797944,33.5,395.1030548470215,237.62066039081444,0.0,
ID20152 → ID20184,0,20152,20184,0.13790639220648238,0.7714303023547893,0.9450911564393208,0.9450911564393208,40.5,393.55280616240424,235.98330599573956,0.0,
ID19426 → ID19379,0,19426,19379,0.1002075303883947,0.10880332183859426,1.0912333969743309,1.0912333969743309,2.5,401.4267383192621,234.19217397937575,0.0,
ID19800 → ID19833,0,19800,19833,0.049366677492740596,1.1580626426427516,0.22308886175835405,0.22308886175835405,23.5,396.0043616468675,234.71900266498034,0.0,
ID19359 → ID19445,0,19359,19445,0.06038601184786685,0.6924954251422912,0.4646729546155607,0.4646729546155607,4.5,400.7928275801413,235.1084366337019,0.0,
ID20082 → ID20118,0,20082,20118,0.07510219404354834,0.3098072387323924,0.8171136178841659,0.8171136178841659,35.5,392.8218959174828,237.60211778424758,0.0,
ID19482 → ID19447,0,19482,19447,0.11312700106723583,1.6483903310189156,1.1000548657599254,1.1000548657599254,8.5,400.1609415659675,235.4190280079167,0.0,
ID19781 → ID19800,0,19781,19800,0.04805952847362005,0.7613822899827483,0.31968662962630195,0.31968662962630195,22.5,396.2330419004261,234.71808033661364,0.0,
ID19576 → ID19598,0,19576,19598,0.060124896507879666,1.3815059693611165,0.5119256725638839,0.5119256725638839,12.5,399.09360783303885,234.4092854542387,0.0,
ID19833 → ID19824,0,19833,19824,0.0572273599045503,1.6788107207466225,0.3909970057475919,0.3909970057475919,24.5,395.81079442598144,234.81115374107998,0.0,
ID19683 → ID19684,0,19683,19684,0.06011982198843502,1.5106464948643823,0.50166348398846,0.50166348398846,17.5,398.3212952448247,234.17185315567667,0.0,
ID19936 → ID19944,0,19936,19944,0.0899399583384457,0.624793514237654,0.9400828774703381,0.9400828774703381,31.5,395.9014990274843,236.41859584342154,0.0,
ID19913 → ID19957,0,19913,19957,0.06020008578099767,2.361748453746399,0.4410655363716573,0.4410655363716573,28.5,395.2476800654549,235.16217709596904,0.0,
ID19373 → ID19521,0,19373,19521,0.09396677790692487,NaN,0.914341318230931,0.914341318230931,0.5,402.7467566398709,233.5058825889812,0.0,
ID20118 → ID20067,0,20118,20067,0.07014387796261301,1.0965413050242132,0.5898195691468345,0.5898195691468345,36.5,392.4022080321232,237.16875893745595,0.0,
ID19862 → ID19913,0,19862,19913,0.07507266093625775,1.1776391630132785,0.620474882585522,0.620474882585522,27.5,395.4209914301757,235.29466206056452,0.0,
ID19925 → ID19936,0,19925,19936,0.08117676213402991,1.3540571107772807,0.7819039040274041,0.7819039040274041,30.5,396.2548321884357,235.67897871931595,0.0,
ID19684 → ID19688,0,19684,19688,0.08176556172095939,0.8999067165807999,1.0119563989214726,1.0119563989214726,18.5,397.6593636145336,234.36826932631158,0.0,
ID19398 → ID19353,0,19398,19353,0.05141684831388271,2.9488928211807086,0.33488744675621784,0.33488744675621784,6.5,401.15151120353084,235.54795210207664,0.0,
ID19703 → ID19729,0,19703,19729,0.06008467698432973,1.7024533089326865,0.5003755922168144,0.5003755922168144,20.5,396.64671011243206,234.4849628759929,0.0,
ID19824 → ID19866,0,19824,19866,0.046127216259576054,1.440782758476826,0.10514855326583598,0.10514855326583598,25.5,395.7429695140398,235.00876089272884,0.0,
ID20067 → ID20114,0,20067,20114,0.09930538982326731,0.2825390982188464,0.3445599948391925,0.3445599948391925,37.5,392.3935072724546,236.70598290598292,0.0,
ID19555 → ID20217,0,19555,20217,0.0497184733636471,2.520659555314508,0.5227199968141778,0.5227199968141778,10.5,399.98033269653786,234.61076916667767,0.0,
ID19688 → ID19703,0,19688,19703,0.06367965337947235,0.7237733059907955,0.4898246498581321,0.4898246498581321,19.5,396.96985672147457,234.53039964777608,0.0,
ID19598 → ID19619,0,19598,19619,0.05396611467102219,0.7220338321038792,0.43346391925361233,0.43346391925361233,13.5,398.8773605679978,234.02329166172927,0.0,
ID19521 → ID19426,0,19521,19426,0.09268205403471597,2.192619110674343,1.147934194429504,1.147934194429504,1.5,402.5129768837935,233.92788247005114,0.0,
ID19601 → ID19683,0,19601,19683,0.04829662824321279,1.8898101545725947,0.356034141680122,0.356034141680122,16.5,398.3447278147763,233.85653430598865,0.0,
ID19445 → ID19398,0,19445,19398,0.09243423972541776,1.8011951495854603,0.7225035822758559,0.7225035822758559,5.5,400.98410231980716,235.43943917543632,0.0,
ID19957 → ID19925,0,19957,19925,0.0691096901131264,1.2382301235070599,0.9625840926670584,0.9625840926670584,29.5,395.83846140067226,235.1385641255689,0.0,
ID20114 → ID20150,0,20114,20150,0.09340588598030897,0.3489709140645116,0.3372874753077429,0.3372874753077429,38.5,392.50306222547334,236.3886120540575,0.0,
ID19447 → ID19555,0,19447,19555,0.06098161523310763,1.2678539431119935,0.5254752451622282,0.5254752451622282,9.5,400.0591885074419,234.750123989809,0.0,
ID20217 → ID19576,0,20217,19576,0.052364622586157816,0.22098149065109352,0.5852025349334635,0.5852025349334635,11.5,399.43226959138883,234.6635008942796,0.0,
ID19353 → ID19482,0,19353,19482,0.06397405660378186,0.8292178342623469,0.668773530028913,0.668773530028913,7.5,400.71372472580435,235.70233283358155,0.0,
ID20045 → ID20082,0,20045,20082,0.11608058949723943,0.4994820521828837,1.522260601884699,1.522260601884699,34.5,393.9659415413693,237.77450956599117,0.0,
ID19944 → ID20023,0,19944,20023,0.07266872076213748,0.5662600316385529,0.6745784461778652,0.6745784461778652,32.5,395.5341502079647,237.10222271214977,0.0,
ID20150 → ID20152,0,20150,20152,0.08837070766262478,1.136665287912528,0.6068955767959212,0.6068955767959212,39.5,392.887810070324,236.26394976237674,0.0,
ID19619 → ID19622,0,19619,19622,0.07197277469653685,0.2707961163143685,0.4754279942886568,0.4754279942886568,14.5,398.4879572353348,233.7971695767892,0.0,
ID19729 → ID19781,0,19729,19781,0.05433249524746753,2.2073729770976795,0.39142157149426304,0.39142157149426304,21.5,396.44142260531487,234.46171998022487,0.0,
ID19866 → ID19862,0,19866,19862,0.04919160143392143,1.1130893755173052,0.21581696309296183,0.21581696309296183,26.5,395.755510361061,235.14755901045964,0.0,
ID20086 → ID20121,1,20086,20121,0.07841513897100327,0.8724795012849212,0.6719737732565731,0.6719737732565731,35.5,490.234630120837,280.0986874856043,0.0,
ID19364 → ID19453,1,19364,19453,0.08151033862752644,0.09160501933166162,0.7307283429272946,0.7307283429272946,4.5,494.3051517294182,269.61455238028316,0.0,
ID19354 → ID19487,1,19354,19487,0.11591057087041456,0.4877638690583111,1.143974932767931,1.143974932767931,7.5,492.0055934452646,270.8840859819984,0.0,
ID19487 → ID19454,1,19487,19454,0.08966386920035341,0.17321131260674497,0.8898718214921629,0.8898718214921629,8.5,491.2847238788122,271.5960296678137,0.0,
ID19691 → ID19693,1,19691,19693,0.12138052062004834,1.2738105822143708,1.1891968774962849,1.1891968774962849,18.5,491.2629719245689,275.4476403626075,0.0,
ID19917 → ID19964,1,19917,19964,0.07078140071688721,0.9189818791716239,0.49329735153986887,0.49329735153986887,28.5,491.37748410581725,278.0150897281653,0.0,
ID19868 → ID19917,1,19868,19917,0.07492783505157641,0.8768289782262599,0.7033931575394925,0.7033931575394925,27.5,491.89976337331973,277.8847239535273,0.0,
ID19453 → ID19407,1,19453,19407,0.09800309483458192,1.3255718077275085,1.0912321423673312,1.0912321423673312,5.5,493.73074382451864,270.0595656196232,0.0,
ID19454 → ID19556,1,19454,19556,0.06547480845135822,0.014635344238217114,0.5537709740749971,0.5537709740749971,9.5,490.72170457234347,272.04770322636153,0.0,
ID19600 → ID19624,1,19600,19624,0.05238836017578363,2.1433782110450323,0.4362071175738855,0.4362071175738855,13.5,490.4801653133944,273.7263852379747,0.0,
ID19950 → ID20025,1,19950,20025,0.10291955471539593,1.4969640095127845,0.9285223559139587,0.9285223559139587,32.5,490.8429380793649,279.3527222542865,0.0,
ID20219 → ID19577,1,20219,19577,0.08635731445190253,0.6170712094399649,0.7878038024529448,0.7878038024529448,11.5,490.85762569897344,273.27410907800174,0.0,
ID19577 → ID19600,1,19577,19600,0.05270324389270753,1.8648589276134067,0.4142242195970538,0.4142242195970538,12.5,490.63097733594634,273.58937535387713,0.0,
ID19603 → ID19686,1,19603,19686,0.08651162790697675,1.4324081688699335,0.6884692014380482,0.6884692014380482,16.5,490.42604699908816,274.25104851250273,0.0,
ID19871 → ID19868,1,19871,19868,0.05590465872156014,0.23462411409166847,0.4087348572328964,0.4087348572328964,26.5,492.20214512529355,277.477337690909,0.0,
ID19708 → ID19735,1,19708,19735,0.05171444725155727,0.3352745237299292,0.23588976266157316,0.23588976266157316,20.5,491.29278310093713,276.57333674608384,0.0,
ID19964 → ID19932,1,19964,19932,0.07939113565146205,1.26605377543653,0.7622940910917504,0.7622940910917504,29.5,490.92478167830797,278.2550558707626,0.0,
ID19932 → ID19945,1,19932,19945,0.0756483614475072,1.6102714433351515,0.6547516390891488,0.6547516390891488,30.5,490.983781278962,278.7440531356194,0.0,
ID19525 → ID19434,1,19525,19434,0.08525810828791691,0.5241414976543615,0.4587902406630846,0.4587902406630846,1.5,494.88606945303377,269.4052214320071,0.0,
ID19826 → ID19871,1,19826,19871,0.03924906174231102,0.09662578798789542,0.19275790933956324,0.19275790933956324,25.5,492.2472741796439,277.18181705539166,0.0,
ID19407 → ID19354,1,19407,19354,0.08689376443418817,0.2175665610681981,0.8681079976881829,0.8681079976881829,6.5,492.78609759550704,270.29669607028006,0.0,
ID19434 → ID19384,1,19434,19384,0.0849780044846441,1.9117390356642687,0.8370207709019856,0.8370207709019856,2.5,494.70193709876247,269.04513064830525,0.0,
ID20069 → ID20117,1,20069,20117,0.06198986730437084,2.6735148204892836,0.5347526556293698,0.5347526556293698,37.5,489.82720110040634,281.10599612095257,0.0,
ID19624 → ID19627,1,19624,19627,0.07767173175942055,2.400339047079753,0.6355449467162912,0.6355449467162912,14.5,490.6877350156517,273.6696574548853,0.0,
ID19384 → ID19364,1,19384,19364,0.053954910202530626,2.100912242517813,0.4187937777293586,0.4187937777293586,3.5,494.340879741046,269.04146230453273,0.0,
ID19735 → ID19782,1,19735,19782,0.05384542377178225,1.6789154873961312,0.41530309993515896,0.41530309993515896,21.5,491.4756540647475,276.70862420529994,0.0,
ID19693 → ID19708,1,19693,19708,0.0979267754741705,1.8910832802532878,1.0267562102106975,1.0267562102106975,19.5,491.5800270748724,276.0171742416353,0.0,
ID19627 → ID19603,1,19627,19603,0.08700999231358775,2.8609722274058456,0.8431080807839882,0.8431080807839882,15.5,490.5425727342149,273.6830142505951,0.0,
ID20117 → ID20157,1,20117,20157,0.06524342162906094,0.7202651065096423,0.5698032603848431,0.5698032603848431,38.5,489.42579698546086,280.7803488061891,0.0,
ID19945 → ID19950,1,19945,19950,0.04613541042543845,2.649991036613527,0.3490773399774579,0.3490773399774579,31.5,491.0859175373781,278.9067202424027,0.0,
ID19686 → ID19691,1,19686,19691,0.09952868962947103,0.5230303817487268,0.7863186247129235,0.7863186247129235,17.5,490.65167971965116,274.9268092395942,0.0,
ID19377 → ID19525,1,19377,19525,0.05448222565684513,NaN,0.4081599035561545,0.4081599035561545,0.5,494.5089032603322,269.5870918667887,0.0,
ID20047 → ID20086,1,20047,20086,0.06855656067528593,3.0951627578877483,0.7858378295360448,0.7858378295360448,34.5,490.793841028873,279.7461126001236,0.0,
ID20161 → ID20189,1,20161,20189,0.06526900325938545,1.4561967338363964,0.6294767132337784,0.6294767132337784,40.5,488.2779928303503,281.47978136629456,0.0,
ID20157 → ID20161,1,20157,20161,0.10341619034960925,0.8000118628858105,1.1052704096121497,1.1052704096121497,39.5,488.6630275679296,280.9357291401409,0.0,
ID19556 → ID20219,1,19556,20219,0.08327452364149612,1.4332599413740543,0.7678741986430951,0.7678741986430951,10.5,490.69811671015907,272.55036298340724,0.0,
ID20025 → ID20047,1,20025,20047,0.054164537557499615,2.728636533835813,0.4586819998482962,0.4586819998482962,33.5,490.8962129143415,279.6177694861458,0.0,
ID19837 → ID19826,1,19837,19826,0.04698112813228028,2.0816573307658066,0.3404525918428306,0.3404525918428306,24.5,492.3442857750766,276.9337967908101,0.0,
ID19782 → ID19803,1,19782,19803,0.046965203533491096,2.6582139761432835,0.4409332252400417,0.4409332252400417,22.5,491.4782825826519,276.8118105930713,0.0,
ID19803 → ID19837,1,19803,19837,0.09610389610389614,2.856688374060755,1.1436596903532603,1.1436596903532603,23.5,491.84299730524526,276.8363741705053,0.0,
ID20121 → ID20069,1,20121,20069,0.11296738265712014,1.529959702739865,1.211015141258639,1.211015141258639,36.5,489.92969543147206,280.73363050804073,0.0,
ID19460 → ID19557,2,19460,19557,0.10910671593131627,0.11362379512367062,1.151912006715657,1.151912006715657,9.5,141.30238096144186,307.445591615545,0.0,
ID19697 → ID19713,2,19697,19713,0.06916872749686132,0.6652399384146104,0.5756227944057777,0.5756227944057777,19.5,137.4064731222632,302.9173490502957,0.0,
ID19605 → ID19692,2,19605,19692,0.04343925843368268,1.5938330733721708,0.42254155593446635,0.42254155593446635,16.5,137.94549547946707,303.22877054551816,0.0,
ID19783 → ID19804,2,19783,19804,0.07772727379060984,1.1734357642636928,0.7565233917575623,0.7565233917575623,22.5,136.43798420552807,301.4017677146332,0.0,
ID19382 → ID19531,2,19382,19531,0.2387740555951532,NaN,2.196760197762919,2.196760197762919,0.5,143.1452082803766,311.01954430150863,0.0,
ID19971 → ID19937,2,19971,19937,0.05022711846708383,2.031416975013828,0.702553880844424,0.702553880844424,29.5,137.6773194002726,300.9830319551719,0.0,
ID19827 → ID19874,2,19827,19874,0.03428131219103803,2.7184052848951663,0.4125896837155075,0.4125896837155075,25.5,136.7817493500805,300.89217536733963,0.0,
ID19368 → ID19459,2,19368,19459,0.0833576216846531,0.9614086760423592,1.0238509982223358,1.0238509982223358,4.5,143.05405477408354,308.54245524296675,0.0,
ID19493 → ID19460,2,19493,19460,0.09598497818522922,1.199830348159432,0.9017590019736004,0.9017590019736004,8.5,141.7465987597843,308.3695573371999,0.0,
ID19441 → ID19390,2,19441,19390,0.08438514244500539,1.4819114972437022,0.7701017283032127,0.7701017283032127,2.5,143.243128924887,307.753974776737,0.0,
ID20070 → ID20120,2,20070,20120,0.09431498183895792,0.25435318393616596,1.0934832015438127,1.0934832015438127,37.5,133.09994598094664,300.07897734199287,0.0,
ID20120 → ID20162,2,20120,20162,0.07307338041142153,0.48913155500554906,0.6967766330686382,0.6967766330686382,38.5,132.6418729654024,299.33954772258465,0.0,
ID20123 → ID20070,2,20123,20070,0.09576501358012546,0.5412401257780317,1.3287147333080789,1.3287147333080789,36.5,134.028628467157,300.84116924010084,0.0,
ID19390 → ID19368,2,19390,19368,0.07480175168659675,2.065302665769396,0.6965273300544137,0.6965273300544137,3.5,143.55659288326729,307.96375052611717,0.0,
ID19557 → ID20222,2,19557,20222,0.09196640103381137,0.2764482737909538,0.8281995951803459,0.8281995951803459,10.5,140.93623901748333,306.5356250974779,0.0,
ID19713 → ID19740,2,19713,19740,0.10248447204968947,0.3426453388670913,0.9777206351996248,0.9777206351996248,20.5,137.21652215262765,302.1752037685101,0.0,
ID20089 → ID20123,2,20089,20123,0.0711237553342845,0.129209045919713,0.9580670258987132,0.9580670258987132,35.5,135.06585646691374,301.21603757313005,0.0,
ID19602 → ID19630,2,19602,19630,0.07516455037772385,0.2981256533730696,0.6735471197776519,0.6735471197776519,13.5,139.9099170826069,304.9434198744624,0.0,
ID19692 → ID19696,2,19692,19696,0.05322281601047629,1.9578882367948052,0.33911160081232944,0.33911160081232944,17.5,137.75162399976378,303.3223270440252,0.0,
ID20222 → ID19578,2,20222,19578,0.05020881235043473,0.5347056130257481,0.5476300178766699,0.5476300178766699,11.5,140.6573307057236,305.932480344011,0.0,
ID20162 → ID20166,2,20162,20166,0.045271064329872934,1.3131019149453989,0.5115806915525195,0.5115806915525195,39.5,132.29826476445137,299.0016743236224,0.0,
ID19459 → ID19414,2,19459,19414,0.0501167749531195,0.5940680374373205,0.10735106014561564,0.10735106014561564,5.5,142.54526214229995,308.76965348770375,0.0,
ID19874 → ID19872,2,19874,19872,0.10319007077648423,2.392585937499116,1.2587781628492325,1.2587781628492325,26.5,137.1268389826701,301.25192672709096,0.0,
ID19578 → ID19602,2,19578,19602,0.06312110953368699,0.03761486217986917,0.6409935578044978,0.6409935578044978,12.5,140.25842012446407,305.4920797323273,0.0,
ID19937 → ID19952,2,19937,19952,0.06038086391082209,2.065029587649658,0.5656652328908891,0.5656652328908891,30.5,137.92395113782482,301.2028169014085,0.0,
ID19632 → ID19605,2,19632,19605,0.13443444919629177,1.2077916905256376,1.8231651205094421,1.8231651205094421,15.5,138.872025238596,303.31980991686345,0.0,
ID19531 → ID19441,2,19531,19441,0.22645011600927778,0.5588294466366659,2.155522526421965,2.155522526421965,1.5,143.17026423321815,308.927942531818,0.0,
ID19630 → ID19632,2,19630,19632,0.11036508602602335,0.3843520858413605,1.0242149340820916,1.0242149340820916,14.5,139.75389242863727,304.1242191285487,0.0,
ID19839 → ID19827,2,19839,19827,0.05640097903586849,1.6476953355594162,0.6914527299825965,0.6914527299825965,24.5,136.64349181403702,300.7785561734365,0.0,
ID19919 → ID19971,2,19919,19971,0.06914761944057812,2.9301926285478563,0.6899273825812383,0.6899273825812383,28.5,137.51970661539556,301.3144313893043,0.0,
ID20026 → ID20048,2,20026,20048,0.040777917189460444,1.8896763606825406,0.32096358136796166,0.32096358136796166,33.5,136.43138268159862,300.98390103278484,0.0,
ID19696 → ID19697,2,19696,19697,0.05122181177453522,0.25195588127752466,0.09388842865357001,0.09388842865357001,18.5,137.57845321802125,303.19433676845983,0.0,
ID20048 → ID20089,2,20048,20089,0.06698541942813996,1.4441371885296375,0.8863705979628244,0.8863705979628244,34.5,135.98571671836038,301.18766101076443,0.0,
ID19356 → ID19493,2,19356,19493,0.06438550854981828,3.0132842946519642,0.7049424462002093,0.7049424462002093,7.5,142.26812292974876,308.7827937803629,0.0,
ID19952 → ID19955,2,19952,19955,0.07688375421735738,1.7062439143803267,0.8515710765074872,0.8515710765074872,31.5,137.4492192534408,301.2610756123536,0.0,
ID20166 → ID20191,2,20166,20191,0.032937806873962416,0.5824490195002532,0.3711151456490665,0.3711151456490665,40.5,131.88722032448902,299.1025633287331,0.0,
ID19804 → ID19839,2,19804,19839,0.04337244133799123,0.6009701510030189,0.3576235643734321,0.3576235643734321,23.5,136.28327892750835,300.8892297104258,0.0,
ID19414 → ID19356,2,19414,19356,0.06239742663951775,3.1363109418008372,0.12944174269720093,0.12944174269720093,6.5,142.55626793318578,308.7706378864979,0.0,
ID19740 → ID19783,2,19740,19783,0.044260649101157123,1.5325713020076934,0.5443478390771238,0.5443478390771238,21.5,136.8848833942603,301.713415534448,0.0,
ID19872 → ID19919,2,19872,19919,0.041990520319447056,0.2524538810724415,0.05271286259892855,0.05271286259892855,27.5,137.69172963717665,301.5833616346861,0.0,
ID19955 → ID20026,2,19955,20026,0.05219923052926523,0.15632681944822605,0.6810999494595771,0.6810999494595771,32.5,136.75617291930428,300.93948494654325,0.0,
ID19579 → ID19604,3,19579,19604,0.13968439509059027,0.46457099331002305,1.6282213063401108,1.6282213063401108,12.5,121.67001445079097,353.3590019160659,0.0,
ID20122 → ID20167,3,20122,20167,0.06134100095846018,0.6196726387580257,0.8556628197714748,0.8556628197714748,38.5,118.48541874352793,352.8879880503199,0.0,
ID19387 → ID19533,3,19387,19533,0.11615227855008325,NaN,1.1975258197280425,1.1975258197280425,0.5,134.77711272123847,358.16751269035535,0.0,
ID19558 → ID20223,3,19558,20223,0.20595172379184157,0.4319392943470873,2.5793851168165602,2.5793851168165602,10.5,119.4326346456492,356.95545534490014,0.0,
ID19958 → ID19961,3,19958,19961,0.06445755671639397,3.075887123386514,0.5890950193041642,0.5890950193041642,31.5,120.4278944068343,351.8697188986637,0.0,
ID19467 → ID19558,3,19467,19558,0.09703660662405578,1.4339684710913494,1.2340066827833387,1.2340066827833387,9.5,117.99821257206348,358.1520142462066,0.0,
ID19533 → ID19450,3,19533,19450,0.19551006120923775,0.4003116486707821,3.0278479656584993,3.0278479656584993,1.5,132.93716802938232,359.1343197188436,0.0,
ID20168 → ID20193,3,20168,20193,0.058938967750375215,0.22983909954719658,0.39359553039330053,0.39359553039330053,40.5,118.47740442648531,352.47781752340575,0.0,
ID19636 → ID19638,3,19636,19638,0.04375637501511587,0.26978614012143076,0.3591696668347702,0.3591696668347702,14.5,123.38017823602439,352.5384547137472,0.0,
ID19450 → ID19396,3,19450,19396,0.11622372074573306,0.15200804386460984,1.7656436928901915,1.7656436928901915,2.5,130.66472925378372,359.87566286128845,0.0,
ID20167 → ID20168,3,20167,20168,0.04403471779531909,2.5035348631461187,0.43222041233564107,0.43222041233564107,39.5,118.216326815061,352.7941949182456,0.0,
ID19942 → ID19958,3,19942,19958,0.03189872110880132,2.0761495441150113,0.22004766321903982,0.22004766321903982,30.5,120.43306849114595,352.0545487538933,0.0,
ID19975 → ID19942,3,19975,19942,0.030548495142171395,1.2609158802549985,0.24573697244117526,0.24573697244117526,29.5,120.32975267622336,351.99590807560867,0.0,
ID20071 → ID20122,3,20071,20122,0.06355846897938777,0.4262734792013017,0.7185254609840622,0.7185254609840622,37.5,119.17159625097125,352.5854638937451,0.0,
ID19875 → ID19923,3,19875,19923,0.05955472124536476,2.546913632597531,0.5972929685613472,0.5972929685613472,27.5,120.48044387435776,352.50214424305716,0.0,
ID19720 → ID19745,3,19720,19745,0.05596628296322337,1.0356318954448707,0.43053207522740894,0.43053207522740894,20.5,122.49059029723728,354.5133246933184,0.0,
ID20049 → ID20092,3,20049,20092,0.056188605108052236,0.9298777988989267,0.5782879093939791,0.5782879093939791,34.5,119.10453202202405,351.60453306434175,0.0,
ID19497 → ID19467,3,19497,19467,0.12022713922067219,1.5888064614332176,1.2045820365035695,1.2045820365035695,8.5,117.58825623628476,358.9746691543571,0.0,
ID19877 → ID19875,3,19877,19875,0.06352858786453619,1.5660062786413376,0.7754254430657821,0.7754254430657821,26.5,120.29342807274998,352.389391096883,0.0,
ID19358 → ID19497,3,19358,19497,0.11820471041327207,0.015517959448658613,1.8078729896974508,1.8078729896974508,7.5,118.61404123079039,359.3033197977058,0.0,
ID19604 → ID19636,3,19604,19636,0.08298951773693553,0.47489069956349456,0.9717737355263307,0.9717737355263307,13.5,122.73303331836885,352.6716592175103,0.0,
ID19830 → ID19877,3,19830,19877,0.10500938112913993,1.1876132517419677,1.0633746169179308,1.0633746169179308,25.5,120.09671166485677,353.0189068276658,0.0,
ID20223 → ID19579,3,20223,19579,0.2085146641438007,0.3810107429025942,2.2255612164360445,2.2255612164360445,11.5,120.6869017063038,354.9572409308893,0.0,
ID19396 → ID19372,3,19396,19372,0.23204104903078682,0.40904477520386423,3.7154245022291223,3.7154245022291223,3.5,127.97868132566023,359.71731920514526,0.0,
ID19420 → ID19358,3,19420,19358,0.0934131165897022,0.19044608574568792,1.156048983181548,1.156048983181548,6.5,120.03439719231234,358.88062429341323,0.0,
ID19841 → ID19830,3,19841,19830,0.04807106156926888,0.8457944862114876,0.4650222813376417,0.4650222813376417,24.5,120.49887312143541,353.5360703915324,0.0,
ID20027 → ID20049,3,20027,20049,0.06147388858750369,0.5608395610055306,0.8493740579834099,0.8493740579834099,33.5,119.74251294583961,351.54296549213325,0.0,
ID20126 → ID20071,3,20126,20071,0.04487894467972031,1.4374004777601588,0.20563725161152194,0.20563725161152194,36.5,119.47297585786947,352.24476108603767,0.0,
ID19805 → ID19841,3,19805,19841,0.06400065557650514,2.3686545743007685,0.730911591027529,0.730911591027529,23.5,120.98870568948374,353.29034642156466,0.0,
ID19695 → ID19700,3,19695,19700,0.034478476998394236,3.026643857029575,0.19310327391550366,0.19310327391550366,17.5,123.23703922515494,354.4060673229863,0.0,
ID20092 → ID20126,3,20092,20126,0.0646298954275204,1.9605340842608143,0.7358806299607018,0.7358806299607018,35.5,119.19381811005181,351.9653226877607,0.0,
ID19700 → ID19702,3,19700,19702,0.049561583778577,2.6885775325397057,0.3265716053836936,0.3265716053836936,18.5,123.26417696695961,354.4891183775309,0.0,
ID19702 → ID19720,3,19702,19720,0.0690957896306662,1.3153809900008933,0.622452272494248,0.622452272494248,19.5,122.92295766629408,354.67014826289846,0.0,
ID19372 → ID19466,3,19372,19466,0.23947667804323092,0.035933748467917824,3.8262740362594276,3.8262740362594276,4.5,124.2896912694018,358.93881554532726,0.0,
ID19638 → ID19610,3,19638,19610,0.0905373831775701,1.3095972969575405,0.9113610020578566,0.9113610020578566,15.5,123.67995047453894,352.9769717088643,0.0,
ID19466 → ID19420,3,19466,19420,0.11353444761515952,0.3339566382511364,1.8490732847638156,1.8490732847638156,5.5,121.50594665648913,358.6106095900852,0.0,
ID19610 → ID19695,3,19610,19695,0.11035457181368447,0.7939940505637557,1.2344103976706655,1.2344103976706655,16.5,123.48968158698337,353.949954939133,0.0,
ID19784 → ID19805,3,19784,19805,0.04708543230183737,0.879952195665376,0.3553000988586719,0.3553000988586719,22.5,121.24468636433775,353.20886528218966,0.0,
ID19745 → ID19784,3,19745,19784,0.11848341232227488,0.268659570786317,1.4726455208644826,1.4726455208644826,21.5,121.80586116464558,353.8611779961455,0.0,
ID19923 → ID19975,3,19923,19975,0.07660628353182664,2.3771153363241866,0.6985950663443327,0.6985950663443327,28.5,120.25935105176802,352.3938076547321,0.0,
ID19961 → ID20027,3,19961,20027,0.049886106540819486,1.8689562969468063,0.2917153953072664,0.2917153953072664,32.5,120.2912726864683,351.6164877745866,0.0,
ID19363 → ID19503,4,19363,19503,0.5626911314984709,NaN,1.2951108578788426,1.2951108578788426,0.5,123.69423237313146,2.140473186344746,0.0,
ID20028 → ID20050,5,20028,20050,0.04186007859150287,0.9960788682580123,0.14558883447585375,0.14558883447585375,33.5,181.58384574827932,384.84688295023966,0.0,
ID19705 → ID19706,5,19705,19706,0.05231866825207754,0.47556121519263517,0.31658962555701153,0.31658962555701153,18.5,184.5078636607622,382.2434970477724,0.0,
ID19980 → ID19948,5,19980,19948,0.04755410613695654,1.1469766088401665,0.3795759055306614,0.3795759055306614,29.5,182.38888534725055,384.625756493948,0.0,
ID19580 → ID19607,5,19580,19607,0.06539143188903163,0.3694807303349413,0.6197538025100227,0.6197538025100227,12.5,183.53095779631036,378.8364922921405,0.0,
ID20124 → ID20169,5,20124,20169,0.050859598853888466,0.9354683618378734,0.04871461825887696,0.04871461825887696,38.5,181.46433922698537,384.60061259692037,0.0,
ID20169 → ID20171,5,20169,20171,0.06721213610987065,2.7357608178789286,0.624778790729479,0.624778790729479,39.5,181.67446770489192,384.8007240463495,0.0,
ID20224 → ID19580,5,20224,19580,0.061299266433474275,0.5531605089549231,0.7411415404767953,0.7411415404767953,11.5,183.18991987552403,378.26098956778515,0.0,
ID19640 → ID19643,5,19640,19643,0.07057707134806468,1.6802142123571402,0.990626153930839,0.990626153930839,14.5,184.11497114904205,379.43249505362905,0.0,
ID19616 → ID19698,5,19616,19698,0.10373408527727934,0.178192258232399,1.6168091898339072,1.6168091898339072,16.5,184.29507001679917,380.99234229434,0.0,
ID20128 → ID20072,5,20128,20072,0.08960092301666311,2.8541457080282004,1.0404366582350932,1.0404366582350932,36.5,181.88433442176455,385.5011745412962,0.0,
ID19457 → ID19403,5,19457,19403,0.08230334500041936,0.6373182944358655,0.562882499306163,0.562882499306163,2.5,186.7756189520997,378.77014914284655,0.0,
ID19749 → ID19785,5,19749,19785,0.03500244410629694,0.7857032502958627,0.09990009246491206,0.09990009246491206,21.5,184.49433488013432,383.3983642702666,0.0,
ID19785 → ID19806,5,19785,19806,0.060441446016403444,0.22580648476646195,0.4436236804183412,0.4436236804183412,22.5,184.2408518695184,383.49343452924614,0.0,
ID19559 → ID20224,5,19559,20224,0.09808871258560736,0.018016768911798042,0.962392700670562,0.962392700670562,10.5,182.67414159205833,377.62357724559354,0.0,
ID19698 → ID19705,5,19698,19705,0.04198271300052925,0.4412842196512412,0.32670636406954073,0.32670636406954073,17.5,184.42451041504336,381.942214690146,0.0,
ID20171 → ID20196,5,20171,20196,0.05019999001009767,2.5926975849395144,0.4712151780334063,0.4712151780334063,40.5,181.8394128688911,384.78304982090924,0.0,
ID20050 → ID20094,5,20050,20094,0.06171386712551297,2.667979256447627,0.8348181205259881,0.8348181205259881,34.5,181.68640074156184,385.18589759972053,0.0,
ID19360 → ID19506,5,19360,19506,0.07558428642465043,0.6799905028432511,0.9139909429236194,0.9139909429236194,7.5,182.53116586862046,377.8199288008154,0.0,
ID19607 → ID19640,5,19607,19640,0.05046513041893519,1.2784239450174115,0.23615440475415744,0.23615440475415744,13.5,183.8456990810862,379.01536594144636,0.0,
ID19473 → ID19427,5,19473,19427,0.11593849157921099,0.3657175965411409,0.9940204635489465,0.9940204635489465,5.5,184.00508829314697,378.4473505002136,0.0,
ID19881 → ID19878,5,19881,19878,0.028671629852936142,2.442204573850667,0.14526670047895482,0.14526670047895482,26.5,182.92421445404557,384.49597501215726,0.0,
ID19474 → ID19559,5,19474,19559,0.06426106452811342,2.983823204184592,0.3604210039340996,0.3604210039340996,9.5,182.1459652711397,377.22550608299673,0.0,
ID19878 → ID19926,5,19878,19926,0.059784581870998,2.7134953972692686,0.3821648127269315,0.3821648127269315,27.5,182.80169983416252,384.4569199796812,0.0,
ID19378 → ID19473,5,19378,19473,0.08734209700874707,0.13188776542796826,0.7563747863935968,0.7563747863935968,4.5,184.86522831024848,378.48297436952055,0.0,
ID19832 → ID19881,5,19832,19881,0.06357540637400616,1.2812573596848371,0.45415813159101875,0.45415813159101875,25.5,182.9680261871688,384.32370148244513,0.0,
ID19966 → ID20028,5,19966,20028,0.0600214362271837,1.173353711125659,0.1561721657358944,0.1561721657358944,32.5,181.61579347309933,384.9755518107035,0.0,
ID19391 → ID19535,5,19391,19535,0.047706884295984575,NaN,0.33287789147799784,0.33287789147799784,0.5,187.48859575793338,379.16484723314977,0.0,
ID19926 → ID19980,5,19926,19980,0.034119782214156125,0.11422605460928192,0.15170241110734248,0.15170241110734248,28.5,182.53532784237728,384.44640279814695,0.0,
ID19535 → ID19457,5,19535,19457,0.07716630722325124,2.7350629057868403,0.7075149305509171,0.7075149305509171,1.5,187.30102720164973,379.0673602456827,0.0,
ID19726 → ID19749,5,19726,19749,0.042720887870971835,0.3903157444956047,0.31325889844978577,0.31325889844978577,20.5,184.57459556145642,383.2204683797564,0.0,
ID19963 → ID19966,5,19963,19966,0.07725260602600681,0.06498872484523181,0.50129789365991,0.50129789365991,31.5,181.90495526060286,384.9541256601497,0.0,
ID19403 → ID19378,5,19403,19378,0.14578313253010966,0.0411338714954023,1.274775273683914,1.274775273683914,3.5,185.86471458521186,378.6510010099709,0.0,
ID19643 → ID19616,5,19643,19616,0.0389390285911142,0.4501681321648822,0.2870933007330227,0.2870933007330227,15.5,184.26105749223126,380.0429322757414,0.0,
ID19706 → ID19726,5,19706,19726,0.056610779469313255,0.12020955065379223,0.6740883641591375,0.6740883641591375,19.5,184.5622222222222,382.73506172839507,0.0,
ID20094 → ID20128,5,20094,20128,0.06321500176909312,0.598971594302893,0.5158752085661397,0.5158752085661397,35.5,181.95410352638623,385.7749159583243,0.0,
ID19506 → ID19474,5,19506,19474,0.04495228528376982,0.25683667672136434,0.42941224190623206,0.42941224190623206,8.5,182.15168392828292,377.27153157937255,0.0,
ID19806 → ID19843,5,19806,19843,0.07980876653859037,0.6716653521944392,0.8126984296931213,0.8126984296931213,23.5,183.80688268389844,383.90221418197297,0.0,
ID20072 → ID20124,5,20072,20124,0.05301306567641739,0.1980837034674105,0.4616684662141508,0.4616684662141508,37.5,181.55859182668638,384.82791728212703,0.0,
ID19427 → ID19360,5,19427,19360,0.10618643277036488,0.4837188512821665,0.805581505033775,0.805581505033775,6.5,183.13552230617444,378.36039331150414,0.0,
ID19843 → ID19832,5,19843,19832,0.07199670064218322,1.214834859201821,0.516831692235216,0.516831692235216,24.5,183.33177552750425,384.18392292747365,0.0,
ID19948 → ID19963,5,19948,19963,0.05295654238896774,0.7994140488214275,0.18999415044084592,0.18999415044084592,30.5,182.23035848167427,384.838007679455,0.0,
ID20078 → ID20129,6,20078,20129,0.10180517814390355,1.3373146801834281,0.7984418350382871,0.7984418350382871,37.5,115.53954679812412,425.2936894989731,0.0,
ID20129 → ID20179,6,20129,20179,0.098276433543248,0.08020202332742575,0.9616204037601314,0.9616204037601314,38.5,115.20928821395808,426.10864349233157,0.0,
ID20097 → ID20134,6,20097,20134,0.08317018576500856,0.13664816353898715,0.854825224842838,0.854825224842838,35.5,116.32431577954765,425.46684562931387,0.0,
ID19464 → ID19410,6,19464,19410,0.18510858324715618,0.12834330011188405,1.7660033782079625,1.7660033782079625,2.5,116.2270635708126,420.337400992585,0.0,
ID19562 → ID20227,6,19562,20227,0.10737581535375196,0.7243868877315985,0.5002665871159924,0.5002665871159924,10.5,115.11484524442282,425.4068414817617,0.0,
ID19723 → ID19743,6,19723,19743,0.14030543088646918,0.19870419766578515,0.8882120307622969,0.8882120307622969,19.5,115.36529066171923,424.11018862090293,0.0,
ID20134 → ID20078,6,20134,20078,0.08960915157292249,1.2522535268185118,0.5772294819488234,0.5772294819488234,36.5,115.98867505082379,424.9866453526433,0.0,
ID19743 → ID19765,6,19743,19765,0.10663764961915123,1.259004653957384,1.3104423916254586,1.3104423916254586,20.5,114.92145667415885,424.88998711277,0.0,
ID19840 → ID19891,6,19840,19891,0.07269653423497735,2.249216420915159,0.6158643933609288,0.6158643933609288,25.5,117.59062072022863,431.0217080295438,0.0,
ID19394 → ID19537,6,19394,19537,0.18235692516083768,NaN,1.3872419844873571,1.3872419844873571,0.5,116.8275319567355,421.9056702720419,0.0,
ID19946 → ID20000,6,19946,20000,0.10118505013672396,0.3949055338162101,1.413308486778246,1.413308486778246,28.5,117.40153681717075,430.6706055135867,0.0,
ID20000 → ID19965,6,20000,19965,0.08741518327317377,0.004054550320945115,1.0833636626174985,1.0833636626174985,29.5,116.88156190154331,429.5357210481785,0.0,
ID20032 → ID20054,6,20032,20054,0.09430819596806062,0.26388088637377244,0.7519682374367518,0.7519682374367518,33.5,116.32528912455267,426.95475964475867,0.0,
ID19537 → ID19464,6,19537,19464,0.17366228772828374,2.388951664656399,1.2705318771333258,1.2705318771333258,1.5,117.15254991308569,421.5371444967452,0.0,
ID19983 → ID20032,6,19983,20032,0.15158924205378976,1.2475305522662599,1.5093205494719488,1.5093205494719488,32.5,116.00558666168968,428.0301682841856,0.0,
ID19383 → ID19480,6,19383,19480,0.27856152654326427,0.38792680174706073,2.2260817553856027,2.2260817553856027,4.5,111.48109452736318,420.52648451533776,0.0,
ID19648 → ID19626,6,19648,19626,0.13256582202232592,0.3489204992963921,1.1054648702610756,1.1054648702610756,15.5,116.1900189074421,422.4790468346639,0.0,
ID19765 → ID19789,6,19765,19789,0.12382613682524746,0.4197150418095992,1.857908684558257,1.857908684558257,21.5,115.25941738679009,426.4031743735851,0.0,
ID19435 → ID19366,6,19435,19366,0.1978107896794371,0.3748651187337737,2.2624440920059947,2.2624440920059947,6.5,112.06344224794704,423.7234604397044,0.0,
ID19965 → ID19987,6,19965,19987,0.08269686594677317,1.2448515225724957,0.5019998980476362,0.5019998980476362,30.5,116.40735229646728,429.06815645144695,0.0,
ID20227 → ID19583,6,20227,19583,0.10078036155444448,0.11149799324383305,0.5893287972992856,0.5893287972992856,11.5,114.71381875622673,425.77435602485446,0.0,
ID19890 → ID19946,6,19890,19946,0.05517868483346822,2.8781515449605863,0.34249545202441983,0.34249545202441983,27.5,117.82295312872378,431.4285581071755,0.0,
ID19489 → ID19562,6,19489,19562,0.12221304706854741,2.3821020268792363,0.47163790319339405,0.47163790319339405,9.5,115.34781454056926,425.0166457263069,0.0,
ID19626 → ID19707,6,19626,19707,0.12404803331526315,2.1068491021563527,1.0982053977296367,1.0982053977296367,16.5,116.73409226145452,422.5103678153964,0.0,
ID19810 → ID19859,6,19810,19859,0.12111665353984502,0.4419668290044911,1.8264128593036606,1.8264128593036606,23.5,116.90500550169563,430.2376214740841,0.0,
ID19520 → ID19489,6,19520,19489,0.15291175419792546,1.1675344891032733,1.1380075354566717,1.1380075354566717,8.5,114.93231575701512,425.1267491887288,0.0,
ID19707 → ID19721,6,19707,19721,0.14223464605770708,0.9799628370128649,1.0703467522225256,1.0703467522225256,17.5,116.70630273279542,423.46668848389095,0.0,
ID19859 → ID19840,6,19859,19840,0.11891336678687148,1.28951757866603,0.7633815396413739,0.7633815396413739,24.5,117.3595825340276,431.2207310983222,0.0,
ID19891 → ID19890,6,19891,19890,0.08640663470260324,3.0636097403840887,0.9403966302784261,0.9403966302784261,26.5,117.69799416408026,431.1469330358954,0.0,
ID19721 → ID19723,6,19721,19723,0.13600782778864973,0.9587321855261355,0.6485680381956876,0.6485680381956876,18.5,116.11457712814855,423.95746184960467,0.0,
ID20054 → ID20097,6,20054,20097,0.06982974010252341,0.09913779863392246,0.690199657995652,0.690199657995652,34.5,116.37218462179281,426.23608818047273,0.0,
ID19789 → ID19810,6,19789,19810,0.16082599453384672,0.13688939216357532,2.3947219414634375,2.3947219414634375,22.5,116.2199992134305,428.2946523533817,0.0,
ID19480 → ID19435,6,19480,19435,0.13499480789200413,1.4742299223082964,2.0147018152602323,2.0147018152602323,5.5,110.88791337430496,421.9818059473931,0.0,
ID19366 → ID19520,6,19366,19520,0.19975964748298203,0.2795061776256006,1.8760833882091517,1.8760833882091517,7.5,113.66458221930968,425.00246076917745,0.0,
ID19614 → ID19650,6,19614,19650,0.11922024920767282,0.616197548514074,1.060625712163541,1.060625712163541,13.5,114.50230969920196,424.29080809630995,0.0,
ID19987 → ID19983,6,19987,19983,0.05936469362954877,0.8011422978400691,0.5614479977203868,0.5614479977203868,31.5,115.94288689180769,428.9127679843989,0.0,
ID19410 → ID19383,6,19410,19383,0.4066213921901528,0.9639873570873336,3.2061068700840156,3.2061068700840156,3.5,114.05659146925922,419.83451245302535,0.0,
ID20179 → ID20183,6,20179,20183,0.12144146015343527,2.5527783893184504,0.9628174842074889,0.9628174842074889,39.5,115.4330751164099,426.2756096704235,0.0,
ID19650 → ID19648,6,19650,19648,0.18518518518519467,0.49816939351862716,1.4509335326519837,1.4509335326519837,14.5,115.30543247137835,423.3751353925949,0.0,
ID20183 → ID20203,6,20183,20203,0.12260216847372807,0.8836633379102783,1.0257863084599215,1.0257863084599215,40.5,116.3180245275718,426.1177443215171,0.0,
ID19583 → ID19614,6,19583,19614,0.0939536974601034,2.179023066900533,1.2327499033580407,1.2327499033580407,12.5,114.39380341880342,425.3784128679962,0.0,
ID19540 → ID19471,7,19540,19471,0.10226835832372161,2.536010191362677,0.867666855484301,0.867666855484301,1.5,215.01944628932915,422.44431043026657,0.0,
ID20030 → ID20052,7,20030,20052,0.03340324313265719,1.8245185548366278,0.1536914573846757,0.1536914573846757,33.5,225.1451991045896,418.8614730345709,0.0,
ID19935 → ID19990,7,19935,19990,0.04031957610631398,2.5450142884047797,0.5083318579356079,0.5083318579356079,28.5,224.42693345670446,417.45668228082354,0.0,
ID19451 → ID19370,7,19451,19370,0.1011832260309703,0.3009198566554761,1.266565501390216,1.266565501390216,6.5,211.19196543558547,425.70191990263083,0.0,
ID19885 → ID19884,7,19885,19884,0.09962160784177554,0.4635388917231152,0.859214242257197,0.859214242257197,26.5,223.82920930135577,417.8594403293897,0.0,
ID19389 → ID19490,7,19389,19490,0.08384302810499222,0.29342976157318007,0.8825870071980648,0.8825870071980648,4.5,212.395356421545,423.4832853877979,0.0,
ID19399 → ID19540,7,19399,19540,0.1094695524178011,NaN,0.8956967541922406,0.8956967541922406,0.5,214.94198140685387,422.6958995744052,0.0,
ID19973 → ID20030,7,19973,20030,0.03751143641354937,1.6761075280546802,0.11868531839055924,0.11868531839055924,32.5,225.1091463061183,418.7850682066294,0.0,
ID20132 → ID20076,7,20132,20076,0.15831634139234474,0.3174913239070467,1.8223020923039897,1.8223020923039897,36.5,227.84275916502804,417.4269699744325,0.0,
ID19787 → ID19808,7,19787,19808,0.077709409353653,0.13620933516003614,0.5984001381212852,0.5984001381212852,22.5,221.29885349895264,418.9072662148505,0.0,
ID19563 → ID20228,7,19563,20228,0.11309182938317774,0.04890969830120883,1.3132851572118047,1.3132851572118047,10.5,210.9294910638605,427.3186419051741,0.0,
ID20228 → ID19584,7,20228,19584,0.10954270228805951,0.7191548527140389,0.954425577784351,0.954425577784351,11.5,211.83750923054203,426.7655301154578,0.0,
ID19617 → ID19653,7,19617,19653,0.09535066981875495,1.0135618636700878,1.0365497641065051,1.0365497641065051,13.5,213.69286558574254,424.57770762910735,0.0,
ID20177 → ID20201,7,20177,20201,0.06995092253215585,3.045263488252859,0.5199186953687168,0.5199186953687168,40.5,230.0562757577494,416.1663240259213,0.0,
ID20096 → ID20132,7,20096,20132,0.1455158264947285,0.9953142829567297,1.525241044217761,1.525241044217761,35.5,226.78285317553986,418.695297334404,0.0,
ID19584 → ID19617,7,19584,19617,0.17378508111140134,0.6921329149832217,2.223930081314289,2.223930081314289,12.5,213.06921259494789,425.89135827003474,0.0,
ID19976 → ID19973,7,19976,19973,0.06520824568785666,2.528812423773481,0.6395632209035026,0.6395632209035026,31.5,225.3802660021825,418.953253840825,0.0,
ID19808 → ID19850,7,19808,19850,0.07900326503716659,1.3384334096814732,0.7633076878637013,0.7633076878637013,23.5,221.81403065567392,418.75772015905443,0.0,
ID19654 → ID19631,7,19654,19631,0.08603109154732291,0.8069666416168602,0.6914739322024397,0.6914739322024397,15.5,213.89852602866785,423.1137016380171,0.0,
ID19990 → ID19956,7,19990,19956,0.10471905810282578,0.5398905575461028,1.0154105403493239,1.0154105403493239,29.5,224.97500000000002,417.95,0.0,
ID20127 → ID20173,7,20127,20173,0.08114941410997933,0.09197285418358653,0.6828375109825734,0.6828375109825734,38.5,229.74172367206037,416.3017304445207,0.0,
ID19471 → ID19415,7,19471,19415,0.13555866989424026,0.9944878199138609,1.3536437675881732,1.3536437675881732,2.5,214.03849574700246,422.5079510028861,0.0,
ID19490 → ID19451,7,19490,19451,0.11244895085199658,0.2700729669310507,1.4928898575284222,1.4928898575284222,5.5,211.70645477265543,424.43840655847237,0.0,
ID19704 → ID19715,7,19704,19715,0.12147229509499091,0.6442543765280032,0.915668372246399,0.915668372246399,17.5,215.95592624117947,420.9948091832402,0.0,
ID19524 → ID19494,7,19524,19494,0.04972577696525682,0.13998582606700027,0.46623932898456183,0.46623932898456183,8.5,210.47929776607032,427.66962082145847,0.0,
ID19715 → ID19717,7,19715,19717,0.20118635689570596,0.03581617967602953,1.892216979771138,1.892216979771138,18.5,217.29590838138654,420.57654216002896,0.0,
ID20052 → ID20096,7,20052,20096,0.11535635562086699,0.08865889907868826,1.0279014363432195,1.0279014363432195,34.5,225.70845873355,419.0388674804964,0.0,
ID19415 → ID19389,7,19415,19389,0.09247183260521596,0.038733648645164376,0.8093674912778911,0.8093674912778911,3.5,213.06878362428813,422.98638798699164,0.0,
ID19370 → ID19524,7,19370,19524,0.12070124443634744,0.19918061328994646,1.2352217857103989,1.2352217857103989,7.5,210.797905593746,426.8825917527106,0.0,
ID19884 → ID19935,7,19884,19935,0.05465390386284563,1.2117815484562833,0.5309658983802531,0.5309658983802531,27.5,224.27853949430138,417.4943490970495,0.0,
ID20076 → ID20127,7,20076,20127,0.13347752201451069,0.7997473980067747,1.1234479685480214,1.1234479685480214,37.5,228.86848027487667,416.5286481091484,0.0,
ID19717 → ID19736,7,19717,19736,0.13884673748103182,0.4337428519331113,1.41668278815331,1.41668278815331,19.5,218.71494617194134,419.80232004428206,0.0,
ID19850 → ID19836,7,19850,19836,0.12632169926078418,0.3650384082290566,1.2129002464756988,1.2129002464756988,24.5,222.59887259835625,418.18337567395884,0.0,
ID20173 → ID20177,7,20173,20177,0.034856218100350334,0.6776977448230185,0.23798068322529461,0.23798068322529461,39.5,230.17781580063541,416.2397208267024,0.0,
ID19653 → ID19654,7,19653,19654,0.07161097229469371,0.35578289129998825,0.7518011515560815,0.7518011515560815,14.5,213.59293760642072,423.7029718947052,0.0,
ID19736 → ID19757,7,19736,19757,0.12552945706584517,0.07698815317547657,1.3281029618833704,1.3281029618833704,20.5,219.75429247915878,418.9076498046418,0.0,
ID19956 → ID19976,7,19956,19976,0.06663071275723642,0.7993083458830882,0.9745567438488502,0.9745567438488502,30.5,225.51135220988164,418.69330236756707,0.0,
ID19494 → ID19563,7,19494,19563,0.07241754365338327,2.6521498212631927,0.11545002383425951,0.11545002383425951,9.5,210.4544893641775,427.85212459815193,0.0,
ID19631 → ID19704,7,19631,19704,0.18366729220895706,0.2516140963810297,2.2303418267140898,2.2303418267140898,16.5,214.84250845366728,422.0096780346838,0.0,
ID19757 → ID19787,7,19757,19787,0.10214424951267054,1.0169842121282446,0.8072248925277111,0.8072248925277111,21.5,220.65407461423501,418.63164217936946,0.0,
ID19836 → ID19885,7,19836,19885,0.05608883869751302,0.7161429557428614,0.28533923674723194,0.28533923674723194,25.5,223.27269700208626,417.9291481048715,0.0,
ID20109 → ID20140,8,20109,20140,0.06537598204264772,0.8982262071065967,0.25878245963577284,0.25878245963577284,38.5,56.12368469531123,35.90813122023064,0.0,
ID19553 → ID20213,8,19553,20213,0.08128232819871561,0.41839584477081404,1.0716093951474943,1.0716093951474943,10.5,46.51207858427506,27.403486260425012,0.0,
ID19856 → ID19853,8,19856,19853,0.07985466608743763,0.33788564188955994,0.9841081258210226,0.9841081258210226,26.5,56.61766617067099,34.45101388303226,0.0,
ID20113 → ID20065,8,20113,20065,0.05825890637459752,0.17530011697905631,0.7991449562576385,0.7991449562576385,36.5,56.948777720637324,35.24385364225266,0.0,
ID19608 → ID19615,8,19608,19615,0.06182921138590736,1.7156186202704022,0.6535526175265564,0.6535526175265564,14.5,45.508062658674206,29.88353778972774,0.0,
ID19615 → ID19597,8,19615,19597,0.10744754438552029,1.5936367259803783,0.9560427975708427,0.9560427975708427,15.5,45.725534612570215,30.41349832168739,0.0,
ID19574 → ID19594,8,19574,19594,0.08279689234184251,1.7594867395866605,0.7986059503942188,0.7986059503942188,12.5,45.1318897042331,28.866247050263542,0.0,
ID19676 → ID19694,8,19676,19694,0.10173697270471449,0.4205983528023983,1.5682906858190206,1.5682906858190206,19.5,49.83144266611619,31.561615447219786,0.0,
ID19594 → ID19608,8,19594,19608,0.0835715647036398,1.1858042468658123,0.7311914968604384,0.7311914968604384,13.5,45.3091861289206,29.475605568649428,0.0,
ID19829 → ID19822,8,19829,19822,0.08102625952524489,0.970776012480534,1.1438158678557226,1.1438158678557226,24.5,54.69847166629213,34.34328577486547,0.0,
ID19428 → ID19386,8,19428,19386,0.08039264695857673,0.35539802990705505,0.7104593015058505,0.7104593015058505,5.5,50.77630601833914,25.894595656291703,0.0,
ID19469 → ID19431,8,19469,19431,0.07972619178952056,0.3593797140516314,0.9606307485960607,0.9606307485960607,8.5,48.36357698702096,25.79712008446448,0.0,
ID19672 → ID19676,8,19672,19676,0.07377798081315567,0.32212242474725694,0.8861219284856827,0.8861219284856827,18.5,48.639368980015064,31.71793560590718,0.0,
ID19924 → ID19933,8,19924,19933,0.06784648760414702,2.9160677624776175,0.733812333234467,0.733812333234467,31.5,58.398590439796195,34.949821161968565,0.0,
ID20140 → ID20146,8,20140,20146,0.10704405192594191,0.8488428200916401,1.0291884419287352,1.0291884419287352,39.5,55.8055240768705,36.426134544906205,0.0,
ID19411 → ID19369,8,19411,19369,0.11901681759379046,0.145360271309856,1.7307309411501088,1.7307309411501088,2.5,54.32100977054884,26.87037482048012,0.0,
ID19853 → ID19910,8,19853,19910,0.08031730292513639,0.32919680686323743,1.0976997096028336,1.0976997096028336,27.5,57.63348013442142,34.6013446884805,0.0,
ID19509 → ID19411,8,19509,19411,0.09387195443518626,0.2955283897028284,0.8977210731561824,0.8977210731561824,1.5,55.57726874558411,27.24562205447966,0.0,
ID19369 → ID19355,8,19369,19355,0.0673927842069435,0.5499899874115283,0.8638656934228787,0.8638656934228787,3.5,53.06915072288514,26.795614802342115,0.0,
ID19796 → ID19829,8,19796,19829,0.1623036649214663,0.0033142010626647463,1.7473851487619232,1.7473851487619232,23.5,53.594452008274914,33.683099062386326,0.0,
ID19694 → ID19718,8,19694,19718,0.06676382184169793,0.38562403706855486,0.6394141109678517,0.6394141109678517,20.5,50.909103213639284,31.704154796485494,0.0,
ID19367 → ID19509,8,19367,19509,0.08655751381791621,NaN,1.0546446501520281,1.0546446501520281,0.5,56.5182654047197,27.46226950245385,0.0,
ID19822 → ID19856,8,19822,19856,0.07651176607341215,0.03882642326743764,0.8813345770064663,0.8813345770064663,25.5,55.71008036696078,34.30358003304676,0.0,
ID19349 → ID19469,8,19349,19469,0.07982163800411068,0.3499179941212436,1.0184773094877122,1.0184773094877122,7.5,49.33566443018998,25.74224448166054,0.0,
ID19943 → ID19918,8,19943,19918,0.06959727419985462,2.1756116856037515,0.4814805234402949,0.4814805234402949,29.5,58.4155016076793,34.62592574012179,0.0,
ID19355 → ID19428,8,19355,19428,0.1424495171202811,0.7536240213518237,1.8095175464775286,1.8095175464775286,4.5,51.84079766299641,26.53822513599232,0.0,
ID19918 → ID19924,8,19918,19924,0.05925642531683062,1.7280685131873132,0.44928388247771545,0.44928388247771545,30.5,58.25708162368875,34.883573464234345,0.0,
ID20021 → ID20040,8,20021,20040,0.06596422854927853,1.9861303456292572,0.631125162521724,0.631125162521724,33.5,58.75619297924709,34.652927132171016,0.0,
ID20040 → ID20077,8,20040,20077,0.05264581469454366,1.6885032837435048,0.40705757078556665,0.40705757078556665,34.5,58.401384865104305,34.6584126253252,0.0,
ID20146 → ID20178,8,20146,20178,0.09114470842332689,0.05298571849582019,0.8906861157191016,0.8906861157191016,40.5,55.16144895391466,37.13747382501211,0.0,
ID19431 → ID19553,8,19431,19553,0.1487283450055289,0.6881450494829363,1.5342318125297765,1.5342318125297765,9.5,47.43829419656964,26.52666337721002,0.0,
ID19670 → ID19672,8,19670,19672,0.0801080909864792,0.6803748007971974,1.0273412740407217,1.0273412740407217,17.5,47.7191574923919,31.93038453645272,0.0,
ID19779 → ID19796,8,19779,19796,0.08424543946932006,0.5046238583865594,0.6834037131239001,0.6834037131239001,22.5,52.85208201041453,32.720775244807925,0.0,
ID19718 → ID19779,8,19718,19779,0.12065468609971264,4.3437873928341695E-4,1.567831740609388,1.567831740609388,21.5,51.92275498055454,32.1406105336078,0.0,
ID20077 → ID20113,8,20077,20113,0.08049304323466266,0.7598743014847432,1.0235651607467489,1.0235651607467489,35.5,57.82588094632842,35.0093543549291,0.0,
ID19386 → ID19349,8,19386,19349,0.0753730909935546,1.0316168446316691,0.7062839676331981,0.7062839676331981,6.5,50.18504908129877,25.72101826215846,0.0,
ID20213 → ID19574,8,20213,19574,0.11804158283031518,0.14652823766302284,1.5312903517670056,1.5312903517670056,11.5,45.438809637642535,28.13360495027723,0.0,
ID19910 → ID19943,8,19910,19943,0.033760972316002724,0.8684688436606585,0.263456301615455,0.263456301615455,28.5,58.266536455323646,34.49533583629693,0.0,
ID20065 → ID20109,8,20065,20109,0.07278820147311482,0.6474044147476316,0.650672425963721,0.650672425963721,37.5,56.33021115358072,35.54428562580736,0.0,
ID19933 → ID20021,8,19933,20021,0.05291629782630125,0.6754427254169886,0.3019669297202883,0.3019669297202883,32.5,58.89078371745626,34.90946602912932,0.0,
ID19597 → ID19670,8,19597,19670,0.15942752537859906,1.1857085065109019,1.9233609746354765,1.9233609746354765,16.5,46.414720594754876,31.42529044144449,0.0,
ID19725 → ID19728,9,19725,19728,0.03918937055428895,1.403047430011717,0.22718107721897152,0.22718107721897152,18.5,135.77284523220845,420.7996037749973,0.0,
ID19485 → ID19444,9,19485,19444,0.07056936647955991,2.8840665495830478,0.359030192562116,0.359030192562116,5.5,134.9856764196823,419.94158244935016,0.0,
ID20053 → ID20098,9,20053,20098,0.08315260658302204,0.37366935763338754,0.7114097257532154,0.7114097257532154,34.5,133.6679331285116,421.6724694692555,0.0,
ID19561 → ID20226,9,19561,20226,0.14171476253390647,0.19652308108243,1.3702811250089157,1.3702811250089157,10.5,138.26406041639783,419.3428864477137,0.0,
ID20176 → ID20180,9,20176,20180,0.05634730730695936,0.14412530275477137,0.3459330574897557,0.3459330574897557,39.5,133.91868484937356,421.4982685696597,0.0,
ID19477 → ID19424,9,19477,19424,0.22037966397556186,0.6149542413336428,2.2536571644418566,2.2536571644418566,2.5,137.50372400684597,420.3181317965811,0.0,
ID20131 → ID20176,9,20131,20176,0.06864249374141518,0.06788334306238354,0.451041332203485,0.451041332203485,38.5,133.5239175167756,421.544549568148,0.0,
ID20226 → ID19582,9,20226,19582,0.07222556984647532,1.5587145902749902,0.6798950639142567,0.6798950639142567,11.5,138.9356132208227,419.7165528335057,0.0,
ID19611 → ID19647,9,19611,19647,0.05518409169852545,0.5827223203518528,0.39405879525531545,0.39405879525531545,13.5,138.71842896138813,419.8581542597952,0.0,
ID19887 → ID19941,9,19887,19941,0.14450945706899265,2.7906502987669515,1.3119349354830165,1.3119349354830165,27.5,132.80338809034907,417.4481519507187,0.0,
ID19838 → ID19888,9,19838,19888,0.12929936305732048,0.4923640877897908,0.9536571136414873,0.9536571136414873,25.5,133.01639017570218,417.322586703393,0.0,
ID19424 → ID19395,9,19424,19395,0.15907059874888296,1.012840965342114,1.482483783995442,1.482483783995442,3.5,135.9239168855848,420.7740322123029,0.0,
ID19582 → ID19611,9,19582,19611,0.039307783706317934,2.6937015060051235,0.0987082896112311,0.0987082896112311,12.5,138.90317687607185,420.01100528924337,0.0,
ID20098 → ID20137,9,20098,20137,0.0795171078066027,1.3569445459353398,0.6740602521628242,0.6740602521628242,35.5,133.1555105267305,421.84106039753493,0.0,
ID20180 → ID20205,9,20180,20205,0.12458714829213902,0.8523285818190078,1.3098709498876155,1.3098709498876155,40.5,134.53969083241128,421.9697990731387,0.0,
ID19995 → ID19960,9,19995,19960,0.06652209962372024,1.8268162178454057,0.33070918247790787,0.33070918247790787,29.5,133.19816992951976,417.0853527439632,0.0,
ID19728 → ID19747,9,19728,19747,0.09792041919109673,2.1458848331452236,0.8790009944245493,0.8790009944245493,19.5,135.97742036246245,420.46808414884003,0.0,
ID19854 → ID19838,9,19854,19838,0.1245516999537788,1.1182280448635602,1.0410267176777537,1.0410267176777537,24.5,133.83195909352528,416.8024177051044,0.0,
ID20137 → ID20080,9,20137,20080,0.07021582733813359,0.3069707952069326,0.42399337097996576,0.42399337097996576,36.5,132.63142228852445,421.6993497028204,0.0,
ID19941 → ID19995,9,19941,19995,0.07564902904794812,1.1409058618948704,0.08009903188301631,0.08009903188301631,28.5,133.23289416453406,416.92919149108343,0.0,
ID19628 → ID19711,9,19628,19711,0.15620306398318617,1.4733681583694351,1.7215066036376214,1.7215066036376214,16.5,136.35029840832962,419.4644351744339,0.0,
ID19747 → ID19761,9,19747,19761,0.12476190476190474,0.22188041326017227,1.212473328478031,1.212473328478031,20.5,136.4148918058903,419.5251517427719,0.0,
ID19395 → ID19485,9,19395,19485,0.07505469482521232,0.9157487323737457,0.8045741868057591,0.8045741868057591,4.5,135.1001180606171,420.14479033801024,0.0,
ID19362 → ID19515,9,19362,19515,0.07553470620975244,2.725357516405915,0.7213369313922189,0.7213369313922189,7.5,135.06613816445451,419.87021966733596,0.0,
ID19788 → ID19809,9,19788,19809,0.13563850687622359,0.8466771241354101,1.5119800784445752,1.5119800784445752,22.5,136.4051015430172,417.5931089595977,0.0,
ID19711 → ID19725,9,19711,19725,0.07893602610677786,0.3866787125597537,0.571460659713977,0.571460659713977,17.5,135.8874440473964,420.49587733449084,0.0,
ID19888 → ID19887,9,19888,19887,0.0686782122240297,0.9738838503281079,0.5285798500544422,0.5285798500544422,26.5,132.4877227128238,417.7218310007013,0.0,
ID19651 → ID19628,9,19651,19628,0.13938848920863312,0.5847306869189223,1.166929863107027,1.166929863107027,15.5,137.19449085364903,418.78152041537794,0.0,
ID19542 → ID19477,9,19542,19477,0.18316234158116684,1.7285673921798668,1.5708761051168232,1.5708761051168232,1.5,139.1686880332714,419.56955020496684,0.0,
ID19978 → ID20031,9,19978,20031,0.1312101910827982,0.4265033905684757,1.4257026801845984,1.4257026801845984,32.5,133.80422623657716,419.61220563916856,0.0,
ID20080 → ID20131,9,20080,20131,0.12248803827751198,2.9548524948069885,0.8874798873213656,0.8874798873213656,37.5,132.86101881347446,421.6340710792847,0.0,
ID19761 → ID19788,9,19761,19788,0.08054452637547815,0.3443499771152115,0.8264469777574579,0.8264469777574579,21.5,136.79538309189059,418.59503728401546,0.0,
ID20031 → ID20053,9,20031,20053,0.1126936203728085,0.686101337710515,1.156833857849199,1.156833857849199,33.5,133.9953180646065,420.81397816451585,0.0,
ID19515 → ID19483,9,19515,19483,0.16301489921121826,1.6180768208388079,1.5801159427223825,1.5801159427223825,8.5,135.86734131355684,419.5779666375996,0.0,
ID19960 → ID19981,9,19960,19981,0.09499989564276223,0.7979403156160125,1.0114666428568204,1.0114666428568204,30.5,133.29029390324717,417.71096686547384,0.0,
ID19647 → ID19651,9,19647,19651,0.11524500907441015,0.2359708394163669,1.1511137247445213,1.1511137247445213,14.5,138.15805270221233,419.3322428915746,0.0,
ID19981 → ID19978,9,19981,19978,0.07332854061827365,0.29745111168010746,0.786461019346727,0.786461019346727,31.5,133.47090594059406,418.5816270627063,0.0,
ID19483 → ID19561,9,19483,19561,0.1200798630918386,1.03200076876417,1.1898959272959573,1.1898959272959573,9.5,137.00274074810983,419.16398146305875,0.0,
ID19444 → ID19362,9,19444,19362,0.06372995930711278,2.877269882373289,0.5453485535598563,0.5453485535598563,6.5,134.90970285797556,419.86216776059763,0.0,
ID19404 → ID19542,9,19404,19542,0.056363384572799324,NaN,0.4703586617572916,0.4703586617572916,0.5,139.90233739372243,419.29398566890285,0.0,
ID19809 → ID19854,9,19809,19854,0.1954337899543379,0.5920401447328121,1.8365580306636793,1.8365580306636793,23.5,135.06652050602997,416.71272604954777,0.0,
ID19381 → ID19530,10,19381,19530,0.15145263300299194,2.5639619807679934,1.632508902828704,1.632508902828704,7.5,274.51156548009027,440.16346923804883,0.0,
ID19657 → ID19656,10,19657,19656,0.12990568907817024,0.1972563680682387,0.717955210731545,0.717955210731545,14.5,280.6287699433865,437.5807714302053,0.0,
ID19412 → ID19544,10,19412,19544,0.5592737385595619,NaN,9.994020765041459,9.994020765041459,0.5,280.8713071670396,438.49056684072605,0.0,
ID19499 → ID19461,10,19499,19461,0.12875047474364676,0.13549924772984911,0.4384589907016742,0.4384589907016742,5.5,274.36497496665686,440.5547867078963,0.0,
ID19842 → ID19894,10,19842,19894,0.10096074618508166,0.2734100694357976,1.0640891809634563,1.0640891809634563,25.5,284.4723723723723,442.6942811475069,0.0,
ID19486 → ID19436,10,19486,19436,0.4822385845476138,3.104640244386938,9.657234374112253,9.657234374112253,2.5,280.60791404031454,440.37561944977926,0.0,
ID19621 → ID19657,10,19621,19657,0.08227622999407236,1.1396830772322175,0.5053263585717798,0.5053263585717798,13.5,280.58450520260055,438.18791832381845,0.0,
ID20142 → ID20081,10,20142,20081,0.13438099724239305,0.1924320372730578,1.5560962708394386,1.5560962708394386,36.5,283.59143236515297,438.8363798745696,0.0,
ID19461 → ID19381,10,19461,19381,0.0777234758947487,0.6592387005187726,0.7891569151632861,0.7891569151632861,6.5,273.9825314980764,440.1140541278752,0.0,
ID19436 → ID19408,10,19436,19408,0.1514600983652794,1.9620369754451352,1.033121189470946,1.033121189470946,3.5,276.12575977005184,441.63671475810906,0.0,
ID19530 → ID19498,10,19530,19498,0.3450268262484524,1.6113212018614569,2.726271993193555,2.726271993193555,8.5,275.8411931377115,439.3471698069393,0.0,
ID19811 → ID19869,10,19811,19869,0.07710531983631275,1.1663331353615953,0.4163574814822056,0.4163574814822056,23.5,283.51475916440705,441.4819995926365,0.0,
ID20182 → ID20188,10,20182,20188,0.06599429457083994,2.109601488910651,0.21912160337540257,0.21912160337540257,39.5,281.666648177521,437.67570051570294,0.0,
ID20229 → ID19585,10,20229,19585,0.07308792789050456,2.4208285737528916,0.4634800218618301,0.4634800218618301,11.5,279.3187181790955,439.2694324648098,0.0,
ID19656 → ID19635,10,19656,19635,0.12530652280530563,1.164102423132182,0.9952617765606628,0.9952617765606628,15.5,281.16576125962,437.1017395961001,0.0,
ID20133 → ID20182,10,20133,20182,0.10685688641137614,0.6425696127686797,1.0515634448755427,1.0515634448755427,38.5,282.1455339006774,437.6774001586041,0.0,
ID19895 → ID19954,10,19895,19954,0.06557823414221386,0.44354116312459596,0.5257505070364527,0.5257505070364527,27.5,285.46297401143033,443.4790117889139,0.0,
ID19733 → ID19751,10,19733,19751,0.08751292581137571,1.3428729604937508,0.6265225275237521,0.6265225275237521,19.5,281.38342563064646,438.5434413516857,0.0,
ID19751 → ID19767,10,19751,19767,0.05985958116449597,2.4353626927066316,0.3149745547366668,0.3149745547366668,20.5,281.24653867839913,438.7141101149002,0.0,
ID19732 → ID19733,10,19732,19733,0.05374308412070006,1.3603393635711742,0.27732781145032903,0.27732781145032903,18.5,281.6459465149587,438.282532994019,0.0,
ID19564 → ID20229,10,19564,20229,0.10857891290109523,1.0307382142023982,0.95609026671064,0.95609026671064,10.5,279.06965267718857,439.03762376392837,0.0,
ID19869 → ID19842,10,19869,19842,0.08491403228384153,1.1366255016511124,0.9088130237706593,0.9088130237706593,24.5,283.814848211602,441.9712407491284,0.0,
ID20006 → ID19974,10,20006,19974,0.06257521058960269,0.4538447463325847,0.7101950769511813,0.7101950769511813,29.5,286.20385683653717,444.200376190464,0.0,
ID20188 → ID20208,10,20188,20208,0.07468456603940565,0.5242225768201467,0.4804184993457058,0.4804184993457058,40.5,281.8852643188742,437.93546557900993,0.0,
ID19716 → ID19732,10,19716,19732,0.10193093606065173,1.6795364348392172,0.5871283601093613,0.5871283601093613,17.5,281.89238958719693,438.0341758820432,0.0,
ID20034 → ID20056,10,20034,20056,0.1265762485781915,0.8881483130046175,1.4307976655443173,1.4307976655443173,33.5,285.6011894686833,442.0837728324678,0.0,
ID19790 → ID19811,10,19790,19811,0.10452933262670927,0.3312119028083158,1.2925921498114719,1.2925921498114719,22.5,283.0541730976263,440.88635599996627,0.0,
ID19894 → ID19895,10,19894,19895,0.08626363676102133,0.6343631275628857,0.5230571878833276,0.5230571878833276,26.5,285.0259713838027,443.2130730823502,0.0,
ID19544 → ID19486,10,19544,19486,0.482170602858928,2.834431040710936,8.711401284318049,8.711401284318049,1.5,280.9911427498928,440.05080973830974,0.0,
ID19997 → ID19991,10,19997,19991,0.097322610200552,0.02358086032905446,0.8333755561566042,0.8333755561566042,31.5,286.24326112008123,443.28605854316066,0.0,
ID19498 → ID19564,10,19498,19564,0.22651448639157157,1.2856475435113515,2.487188410274142,2.487188410274142,9.5,277.681079181335,438.3606612153053,0.0,
ID19767 → ID19790,10,19767,19790,0.1432015273103967,0.6892951062780064,2.0761935377945027,2.0761935377945027,21.5,281.96948284497347,439.62631786011747,0.0,
ID20100 → ID20142,10,20100,20142,0.12149441999412858,0.9001068864349353,1.557953009991614,1.557953009991614,35.5,284.7211540531398,439.89736082067367,0.0,
ID19954 → ID20006,10,19954,20006,0.0767423974723831,0.19767395863874426,0.4361567215960766,0.4361567215960766,28.5,285.83566001077253,443.7793261937739,0.0,
ID20056 → ID20100,10,20056,20100,0.12455836508489349,0.34462609762804125,1.040023228314562,1.040023228314562,34.5,285.3442198368308,440.89362246268297,0.0,
ID19585 → ID19621,10,19585,19621,0.1884312007011394,0.7309431956166759,1.3418271885135389,1.3418271885135389,12.5,279.99848293299624,438.7466816500445,0.0,
ID19635 → ID19716,10,19635,19716,0.10256655771385326,1.3232749345128783,1.0765943201809676,1.0765943201809676,16.5,281.9056912946025,437.44982388728783,0.0,
ID19974 → ID19997,10,19974,19997,0.09481900657188513,2.7215532217970906,0.8096658969427737,0.8096658969427737,30.5,286.33731746315004,444.10211976155256,0.0,
ID20081 → ID20133,10,20081,20133,0.07751061935566328,0.006532306304992953,0.6280030650917122,0.6280030650917122,37.5,282.86941015268604,438.01708384921665,0.0,
ID19408 → ID19499,10,19408,19499,0.1855987425914284,1.29147803948325,1.6388864772988818,1.6388864772988818,4.5,275.34872289060525,440.88309723564726,0.0,
ID19991 → ID20034,10,19991,20034,0.07451238490070489,1.14246239810571,0.36816776108420207,0.36816776108420207,32.5,286.0259290737913,442.81276950262657,0.0,
ID19565 → ID20230,11,19565,20230,0.04224137931044303,3.061045156710889,0.17195878302699086,0.17195878302699086,10.5,503.7550977900655,444.9915393673667,0.0,
ID19664 → ID19661,11,19664,19661,0.07713778228876633,1.9041379246821257,0.5727485378098779,0.5727485378098779,14.5,503.0350673965507,446.1135824356936,0.0,
ID19385 → ID19532,11,19385,19532,0.06762540000770878,0.7975774996876885,0.4252409830983889,0.4252409830983889,7.5,504.02069426335527,444.16319886323714,0.0,
ID19545 → ID19491,11,19545,19491,0.07999999999999996,0.6548286548515923,0.4969563206226761,0.4969563206226761,1.5,504.6966457023061,441.91105870020965,0.0,
ID19741 → ID19744,11,19741,19744,0.04229169461952753,2.352408228017501,0.1532785237202267,0.1532785237202267,18.5,502.8770327817125,446.67799142296263,0.0,
ID19959 → ID20010,11,19959,20010,0.040705902864933474,2.055579339888056,0.27423293177608477,0.27423293177608477,28.5,502.3732920849798,447.47489412187326,0.0,
ID19994 → ID20036,11,19994,20036,0.025103034844489502,1.8063662516471461,0.25316905697254516,0.25316905697254516,32.5,502.7215685740895,447.9244454322243,0.0,
ID19641 → ID19722,11,19641,19722,0.05174528827920821,0.1191680786015227,0.3746714485081865,0.3746714485081865,16.5,502.75856060804733,446.5233229748512,0.0,
ID19792 → ID19813,11,19792,19813,0.06302074100343813,2.6847839610649573,0.5014126737184844,0.5014126737184844,22.5,503.0008220819278,446.6368890323933,0.0,
ID20149 → ID20085,11,20149,20085,0.030180594967390895,3.0680854027145976,0.11214674344268898,0.11214674344268898,36.5,502.8507650029709,447.67425815245883,0.0,
ID20057 → ID20101,11,20057,20101,0.03688223845839533,2.472408159977754,0.12894541821498043,0.12894541821498043,34.5,502.80714637050846,447.6401069172621,0.0,
ID19413 → ID19504,11,19413,19504,0.06600507731367411,0.890759776283469,0.5783345820515915,0.5783345820515915,4.5,504.6695488721804,443.17872585504165,0.0,
ID19897 → ID19959,11,19897,19959,0.04423732746091358,0.4995180962894352,0.03745750820121841,0.03745750820121841,27.5,502.50183269960746,447.4902408644605,0.0,
ID20085 → ID20139,11,20085,20139,0.06799364389052331,2.111487794208453,0.6109693273768864,0.6109693273768864,37.5,502.70849337860204,447.43220499307455,0.0,
ID20139 → ID20187,11,20139,20187,0.052576663697729176,0.5669029363216099,0.30903164883870116,0.30903164883870116,38.5,502.47756586017454,447.0533843542539,0.0,
ID19502 → ID19565,11,19502,19565,0.060613778173917554,0.28781687193468847,0.5249721110576901,0.5249721110576901,9.5,503.78609903881534,444.81735593727007,0.0,
ID19465 → ID19385,11,19465,19385,0.0684736091298146,0.4000310663859632,0.39770797880085706,0.39770797880085706,6.5,504.31322142823865,443.92187099610965,0.0,
ID19771 → ID19792,11,19771,19792,0.05911425525727043,0.9966049928635952,0.30691575504717467,0.30691575504717467,21.5,503.1314270955115,446.65389625684736,0.0,
ID20010 → ID19979,11,20010,19979,0.03300835341008401,1.6792219777407895,0.2403985467081234,0.2403985467081234,29.5,502.22371777311054,447.560388701184,0.0,
ID19491 → ID19442,11,19491,19442,0.08373945396424964,0.24313330676448602,0.6946770610533443,0.6946770610533443,2.5,504.4586274601834,442.4526009887669,0.0,
ID19661 → ID19641,11,19661,19641,0.04298115433419314,1.774590293212437,0.2627248733553666,0.2627248733553666,15.5,502.760022277917,446.20517627401836,0.0,
ID19813 → ID19873,11,19813,19873,0.09832272990167723,3.042144974920987,0.6954121806180539,0.6954121806180539,23.5,503.05413352550755,446.72307632994654,0.0,
ID19722 → ID19741,11,19722,19741,0.021842621114533722,2.294305651081753,0.17485792065321965,0.17485792065321965,17.5,502.81704437785834,446.6561096516882,0.0,
ID19979 → ID20001,11,19979,20001,0.05018328909127279,0.8679535400641735,0.2951916908312751,0.2951916908312751,30.5,502.3054304754342,447.78949677308856,0.0,
ID19416 → ID19545,11,19416,19545,0.09879955091114179,NaN,1.0005007037839044,1.0005007037839044,0.5,504.77838862136616,441.2021936864633,0.0,
ID19442 → ID19413,11,19442,19413,0.0686060734988978,1.4485448711194688,0.27311570597879,0.27311570597879,3.5,504.47557824910535,442.8406385139692,0.0,
ID19896 → ID19897,11,19896,19897,0.08107531948785829,1.9548560495138974,0.7304339356404685,0.7304339356404685,26.5,502.5919930692282,447.1192773899728,0.0,
ID20101 → ID20149,11,20101,20149,0.018738797457985013,1.970469385626553,0.07730241732848957,0.07730241732848957,35.5,502.8638832544512,447.66229368014956,0.0,
ID20230 → ID19587,11,20230,19587,0.04591770927380012,2.158139047477275,0.2725917623777875,0.2725917623777875,11.5,503.649616623146,444.94847015319965,0.0,
ID19759 → ID19771,11,19759,19771,0.057099497296741686,2.026563831490094,0.29298304651774104,0.29298304651774104,20.5,502.92014000433824,446.49645596000033,0.0,
ID19587 → ID19625,11,19587,19625,0.08640055296361593,0.8668111701590333,0.7400513934859299,0.7400513934859299,12.5,503.3707498063277,445.32664397515236,0.0,
ID19873 → ID19847,11,19873,19847,0.06459330143540665,2.379776935343954,0.357765608277952,0.357765608277952,24.5,503.1251926746917,446.9635702110654,0.0,
ID20036 → ID20057,11,20036,20057,0.05600704491146902,0.14365469112090404,0.21648174661142675,0.21648174661142675,33.5,502.76184162272875,447.6937101271779,0.0,
ID19744 → ID19759,11,19744,19759,0.03370928906349735,2.703471480354331,0.29201659921653933,0.29201659921653933,19.5,502.82167810835534,446.6158488360252,0.0,
ID19847 → ID19896,11,19847,19896,0.06306306306306309,0.6391034189789833,0.3252969701958993,0.3252969701958993,25.5,502.81643783206283,446.86442813005317,0.0,
ID20001 → ID19994,11,20001,19994,0.0480751852521647,0.3670262023775564,0.3235941290629197,0.3235941290629197,31.5,502.5476849010778,447.9734962465586,0.0,
ID19625 → ID19664,11,19625,19664,0.05250940526695402,0.6074521171460967,0.4968457285530391,0.4968457285530391,13.5,503.2705667229725,445.9093556448544,0.0,
ID20195 → ID20212,11,20195,20212,0.07009876759022593,2.6337986853828896,0.37938305550575496,0.37938305550575496,40.5,502.3007274871811,447.0712522721655,0.0,
ID19504 → ID19465,11,19504,19465,0.0726176244937925,1.1131361410279437,0.4412504834675258,0.4412504834675258,5.5,504.571314847077,443.6018349141824,0.0,
ID20187 → ID20195,11,20187,20195,0.04330425859414788,2.6154762327026515,0.24695357399630785,0.24695357399630785,39.5,502.4021486132598,447.0742657809325,0.0,
ID19532 → ID19502,11,19532,19502,0.05118073430523096,1.3382717385539653,0.3347418783586894,0.3347418783586894,8.5,503.8300280900566,444.3939967278393,0.0,
ID19546 → ID19496,12,19546,19496,0.042309753281152385,1.754114103621689,0.47165256135350314,0.47165256135350314,1.5,52.12611389712107,457.2897763571574,0.0,
ID19422 → ID19546,12,19422,19546,0.07773999476850346,NaN,0.7419310532173178,0.7419310532173178,0.5,52.15098640380201,456.8888828209142,0.0,
ID19645 → ID19727,12,19645,19727,0.11689814814814814,0.13002407699772855,1.4291648459627437,1.4291648459627437,16.5,50.8338102037938,461.92506119858564,0.0,
ID19748 → ID19763,12,19748,19763,0.08698190309398712,0.4299572141359615,1.0716080241726247,1.0716080241726247,19.5,49.86360086466245,465.94255041898384,0.0,
ID19666 → ID19645,12,19666,19645,0.0665912555943492,0.86069725145511,0.7910057655563529,0.7910057655563529,15.5,51.36646802204224,460.9535707327934,0.0,
ID19746 → ID19748,12,19746,19748,0.1413288288288288,0.6818564957035294,1.7645039739467907,1.7645039739467907,18.5,49.9224329601918,464.55641474534383,0.0,
ID20005 → ID19998,12,20005,19998,0.03286501514173512,0.12451201381451307,0.34645463283265693,0.34645463283265693,31.5,44.889950634105986,459.59627352131923,0.0,
ID19392 → ID19536,12,19392,19536,0.0424628450106157,1.1251093319821057,0.3196312835778817,0.3196312835778817,7.5,51.67981396760278,458.6311225580767,0.0,
ID19536 → ID19510,12,19536,19510,0.04684161286223931,0.18479184271645124,0.29308697338916767,0.29308697338916767,8.5,51.523458262421,458.8930602177121,0.0,
ID19629 → ID19668,12,19629,19668,0.04641609950580483,1.7862199050641987,0.2742994844689716,0.2742994844689716,13.5,51.33685655419667,459.5911220341667,0.0,
ID19727 → ID19746,12,19727,19746,0.1094079325541305,0.10736347755264791,1.3164566693438737,1.3164566693438737,17.5,50.16854610965041,463.12365057177124,0.0,
ID19998 → ID20038,12,19998,20038,0.07680988611717554,0.5189516153416569,0.8959770613853518,0.8959770613853518,32.5,44.42792696153358,459.9861562605089,0.0,
ID19510 → ID19567,12,19510,19567,0.05565653942698989,1.2237267666560687,0.4875040077345198,0.4875040077345198,9.5,51.632578332472285,459.198482682629,0.0,
ID20198 → ID20214,12,20198,20214,0.09837320574162811,1.356330205134156,0.9806039496151193,0.9806039496151193,40.5,44.702853641456585,460.5196778711485,0.0,
ID19588 → ID19629,12,19588,19629,0.046197874080127876,2.1473538773358474,0.3009447725985051,0.3009447725985051,12.5,51.48762673287813,459.49163607342376,0.0,
ID19425 → ID19513,12,19425,19513,0.04487466589613409,1.6905828900059168,0.2693935127306692,0.2693935127306692,4.5,52.02035759356486,458.0089208291187,0.0,
ID19899 → ID19967,12,19899,19967,0.13367174280879868,0.5651909063151125,1.6477445465905862,1.6477445465905862,27.5,47.46898387126235,461.349121230387,0.0,
ID19476 → ID19392,12,19476,19392,0.0324368295287073,1.2500751968785309,0.022508567630523384,0.022508567630523384,6.5,51.768138725433644,458.4917772393369,0.0,
ID20012 → ID19984,12,20012,19984,0.05177126612726923,1.2948482872286051,0.6277043299897209,0.6277043299897209,29.5,46.46864880269437,459.24803647709984,0.0,
ID20038 → ID20058,12,20038,20058,0.05921900719909323,1.6657973012610792,0.6286815367659518,0.6286815367659518,33.5,43.916161042775656,460.09047998556434,0.0,
ID19773 → ID19793,12,19773,19793,0.04524003254678077,2.3993160935808553,0.41353310333943843,0.41353310333943843,21.5,49.622981741221594,467.347466722381,0.0,
ID19851 → ID19898,12,19851,19898,0.13113605418705188,0.5219799757454253,1.6719936852639745,1.6719936852639745,25.5,48.50878984824505,465.0048841319587,0.0,
ID19984 → ID20005,12,19984,20005,0.08435295811141497,0.019301174146501832,1.1307348378592452,1.1307348378592452,30.5,45.60822538986513,459.42868122828213,0.0,
ID19496 → ID19455,12,19496,19455,0.04721708120796542,1.9607329952100137,0.4274524891156757,0.4274524891156757,2.5,52.05350593311759,457.52998921251344,0.0,
ID20232 → ID19588,12,20232,19588,0.038840408223626444,3.1400076654290423,0.24803302252088008,0.24803302252088008,11.5,51.54190897597977,459.6130018260992,0.0,
ID19567 → ID20232,12,19567,20232,0.050244766533732776,1.6093101245724275,0.4807119522891195,0.4807119522891195,10.5,51.62741622235659,459.5341129372103,0.0,
ID19967 → ID20012,12,19967,20012,0.12567844650826188,0.5356428125513311,1.5300506838747134,1.5300506838747134,28.5,47.138595325382006,459.85283080860484,0.0,
ID19455 → ID19425,12,19455,19425,0.054044489010457886,1.6369738299957621,0.36200127476816113,0.36200127476816113,3.5,52.06160695046471,457.80065163983977,0.0,
ID19876 → ID19851,12,19876,19851,0.07673056370990816,0.47733617916863574,0.8887449041540431,0.8887449041540431,24.5,48.60420477628085,466.2423414221135,0.0,
ID20190 → ID20198,12,20190,20198,0.11542730299667037,0.5844125896583375,1.4749755720390014,1.4749755720390014,39.5,44.014713758463756,459.8380182317682,0.0,
ID20087 → ID20145,12,20087,20145,0.04082734622249928,0.07122147169345587,0.49056904956645475,0.49056904956645475,37.5,42.338735194527615,458.81200251562007,0.0,
ID19814 → ID19876,12,19814,19876,0.10020024135050265,3.1246402215602576,1.2477189853180835,1.2477189853180835,23.5,49.272619563323985,467.0375555815318,0.0,
ID19898 → ID19899,12,19898,19899,0.18882360978275725,0.627376278845344,2.312175509942696,2.312175509942696,26.5,48.015054268648015,463.1728002379565,0.0,
ID19513 → ID19476,12,19513,19476,0.04926573726849004,1.565163514387844,0.5206988547570722,0.5206988547570722,5.5,51.94050680595126,458.29166445077556,0.0,
ID19793 → ID19814,12,19793,19814,0.04610982038953537,3.040756160423166,0.3627814145977437,0.3627814145977437,22.5,49.61643398835581,467.31612835034747,0.0,
ID20102 → ID20155,12,20102,20155,0.0797709923664095,0.6352769926232765,0.915550392786025,0.915550392786025,35.5,41.826108058598294,459.069015989272,0.0,
ID20145 → ID20190,12,20145,20190,0.09145921549092206,0.7702550717065639,1.0871310815463158,1.0871310815463158,38.5,42.942963072592704,459.2385289607512,0.0,
ID19763 → ID19773,12,19763,19773,0.08872988473745946,0.38132186058708856,1.0394864548037421,1.0394864548037421,20.5,49.73647497058556,466.97114870420484,0.0,
ID20058 → ID20102,12,20058,20102,0.13256647180840775,0.5570275003901384,1.6494475666452744,1.6494475666452744,34.5,42.90635569472793,459.6439584832332,0.0,
ID19668 → ID19666,12,19668,19666,0.08759124087591241,0.31237376891626556,0.9307992016363913,0.9307992016363913,14.5,51.458370257153895,460.176034252376,0.0,
ID20155 → ID20087,12,20155,20087,0.0726011046320093,2.389738120299761,0.5586080227136311,0.5586080227136311,36.5,41.81796327330504,458.75165043475874,0.0,
ID20059 → ID20103,13,20059,20103,0.09468093021247204,1.2604905400122473,0.8310067201735888,0.8310067201735888,34.5,259.9043604099394,473.2386294641857,0.0,
ID19516 → ID19568,13,19516,19568,0.10803024254121774,2.725020398914339,0.7872186433604778,0.7872186433604778,9.5,261.03054964257785,467.11087626155114,0.0,
ID19463 → ID19432,13,19463,19432,0.1983193277310924,1.2115746970272447,1.7684077636116569,1.7684077636116569,3.5,248.6480000777418,474.6527527703493,0.0,
ID19855 → ID19900,13,19855,19900,0.06863017504860902,2.48631670999705,0.6736080324663379,0.6736080324663379,25.5,260.11984379959495,471.025233299705,0.0,
ID19900 → ID19902,13,19900,19902,0.07057389762906063,1.1151941272119184,0.5589828367211963,0.5589828367211963,26.5,260.1306361246135,471.54894533174274,0.0,
ID20233 → ID19589,13,20233,19589,0.10011408219479623,1.333233728932454,1.002704956684519,1.002704956684519,11.5,259.2029082898465,468.4748329785382,0.0,
ID20151 → ID20194,13,20151,20194,0.10258449304174955,2.1682923535941456,1.33528393049857,1.33528393049857,38.5,259.1342455967772,473.10715570545256,0.0,
ID19432 → ID19519,13,19432,19519,0.28603584105272484,0.3022731541801077,3.2042907154579887,3.2042907154579887,4.5,249.90790621778032,472.5394340363806,0.0,
ID20039 → ID20059,13,20039,20059,0.05471761842089806,0.6007634362662381,0.10289639789374319,0.10289639789374319,33.5,260.323973176865,473.3493992735401,0.0,
ID20204 → ID20216,13,20204,20216,0.11988884477967443,2.2364604059216138,1.1345968011536243,1.1345968011536243,40.5,258.61735317208047,474.671446435787,0.0,
ID20158 → ID20088,13,20158,20088,0.07820032137119126,2.4889185602993242,0.6826201441994156,0.6826201441994156,36.5,259.223839347389,472.90250219764954,0.0,
ID19568 → ID20233,13,19568,20233,0.1944519989121638,0.12387865353070328,1.7293332006767406,1.7293332006767406,10.5,259.87788601084236,467.61028459169586,0.0,
ID20015 → ID19989,13,20015,19989,0.05592105263157898,2.187342549067753,0.6311045755421582,0.6311045755421582,29.5,260.6122830437402,472.23508675864457,0.0,
ID20194 → ID20204,13,20194,20204,0.10585630911652244,0.01159210803841413,1.2708205909843542,1.2708205909843542,39.5,259.07716369160727,474.4089351970264,0.0,
ID19430 → ID19547,13,19430,19547,0.13667936365673317,NaN,1.8451897322830417,1.8451897322830417,0.5,245.66824606578177,473.4977904467271,0.0,
ID19589 → ID19633,13,19589,19633,0.10256689145094933,0.6283933174687413,0.8254760834652498,0.8254760834652498,12.5,259.61432973714716,469.2411465603583,0.0,
ID19752 → ID19766,13,19752,19766,0.06050731141516763,0.779755927085168,0.6439327569737611,0.6439327569737611,19.5,260.2601023411238,470.6825802052565,0.0,
ID19750 → ID19752,13,19750,19752,0.08562388768046503,0.1848136146029589,0.7330631968883599,0.7330631968883599,18.5,259.7083504610815,470.3641321614691,0.0,
ID19397 → ID19538,13,19397,19538,0.33646729345869175,0.3914697430887096,3.05594350404346,3.05594350404346,7.5,258.1136443177841,467.00897038481406,0.0,
ID19794 → ID19815,13,19794,19815,0.06361789386475747,1.5282215892502249,0.0818753050956598,0.0818753050956598,22.5,260.2674705563304,471.9735608680071,0.0,
ID19675 → ID19671,13,19675,19671,0.06861838982839719,1.5073039301668973,0.5265872789697582,0.5265872789697582,14.5,259.09094292870265,470.7023448497973,0.0,
ID19879 → ID19855,13,19879,19855,0.07841883826356444,0.9464303601368254,1.0233154852714679,1.0233154852714679,24.5,260.36478733506965,471.23007925826886,0.0,
ID19815 → ID19879,13,19815,19879,0.06161905949857027,2.2161060685722562,0.32691617383596355,0.32691617383596355,23.5,260.34066652530396,471.85113730739323,0.0,
ID19774 → ID19794,13,19774,19794,0.06001034661149085,0.05709031894477332,0.47170217646989326,0.47170217646989326,21.5,260.3474062123254,471.74611020495,0.0,
ID19547 → ID19500,13,19547,19500,0.07521926564591286,0.40558498991384406,0.3579477236975813,0.3579477236975813,1.5,246.13718933250868,474.4810269493311,0.0,
ID19481 → ID19397,13,19481,19397,0.41302681992337165,0.12938234246359565,3.9623159677920676,3.9623159677920676,6.5,254.87330887250704,468.1735325525522,0.0,
ID20008 → ID20002,13,20008,20002,0.05139688957261923,0.9613592831224684,0.18507704590642227,0.18507704590642227,31.5,260.4763553593255,472.8162413629674,0.0,
ID19989 → ID20008,13,19989,20008,0.06222731131420045,0.10710053743815055,0.22863528988398943,0.22863528988398943,30.5,260.57777688260643,472.6630868763809,0.0,
ID19633 → ID19675,13,19633,19675,0.1372444916379153,1.2669012318340909,1.4063496346659863,1.4063496346659863,13.5,259.6290622111999,470.1567256062609,0.0,
ID19671 → ID19649,13,19671,19649,0.05559634952268688,0.9901737868518206,0.4137206777261995,0.4137206777261995,15.5,258.80073587492734,470.40629151328176,0.0,
ID20103 → ID20158,13,20103,20158,0.06702340622112823,0.4477386913949126,0.5494465957874216,0.5494465957874216,35.5,259.243239498709,473.1089051927423,0.0,
ID19519 → ID19481,13,19519,19481,0.3426517571884984,0.4958458261236493,3.218598915840653,3.218598915840653,5.5,251.8628341513851,470.116501910233,0.0,
ID19649 → ID19731,13,19649,19731,0.05204564430836167,2.328179520279372,0.21610758456867063,0.21610758456867063,16.5,258.8490580232211,470.25993890873804,0.0,
ID19731 → ID19750,13,19731,19750,0.07104147031099095,0.5664087171252254,0.4049946647919833,0.4049946647919833,17.5,259.1440744446102,470.31066639461517,0.0,
ID19766 → ID19774,13,19766,19774,0.05549089984446487,0.7412664641939076,0.5744840308756555,0.5744840308756555,20.5,260.41836860242074,471.2280658165912,0.0,
ID19972 → ID20015,13,19972,20015,0.06762448642087115,2.307263342048475,0.47528837105561683,0.47528837105561683,28.5,260.42791221452154,472.0471111773536,0.0,
ID20088 → ID20151,13,20088,20151,0.04540667056759007,1.7767359246350247,0.3959803061834111,0.3959803061834111,37.5,259.31904042533256,472.55754918493534,0.0,
ID20002 → ID20039,13,20002,20039,0.05990658940939375,1.0396817557414035,0.4544033873263638,0.4544033873263638,32.5,260.37471397159766,473.08298285894773,0.0,
ID19538 → ID19516,13,19538,19516,0.19933184855233121,0.21656031664857053,1.7814514486946378,1.7814514486946378,8.5,260.51683037420344,466.9030719980352,0.0,
ID19500 → ID19463,13,19500,19463,0.20694406172500035,0.4115871590334153,1.9255253983436678,1.9255253983436678,2.5,247.16018508756417,474.95879459265205,0.0,
ID19902 → ID19972,13,19902,19972,0.0708841872308924,0.8080347223470696,0.40648432702250437,0.40648432702250437,27.5,260.26191149390286,471.9740151086752,0.0,
ID19484 → ID19400,14,19484,19400,0.12784810126589174,0.9032389692903701,0.711695345486246,0.711695345486246,6.5,505.6204762003041,472.81179355939435,0.0,
ID19993 → ID20011,14,19993,20011,0.044652128764278265,2.026653278566804,0.36360840252001997,0.36360840252001997,30.5,500.4695644078316,481.6945992965826,0.0,
ID19768 → ID19775,14,19768,19775,0.05438515081198092,2.316977314606044,0.4393659099615911,0.4393659099615911,20.5,501.5175504613459,479.8304470807067,0.0,
ID19734 → ID19754,14,19734,19754,0.05965436313200956,2.727768259913856,0.30429889803727034,0.30429889803727034,17.5,501.98905735150055,478.9861387721727,0.0,
ID19816 → ID19882,14,19816,19882,0.0638939119951778,0.9515881935105474,0.440420238958838,0.440420238958838,23.5,502.4422257390513,479.04044249984486,0.0,
ID19754 → ID19756,14,19754,19756,0.0761331298716813,0.3185379719355298,0.7338337664853037,0.7338337664853037,18.5,501.81920841259773,479.47087008320364,0.0,
ID19505 → ID19468,14,19505,19468,0.06820682068206818,1.4683296114145643,0.30376501108398846,0.30376501108398846,2.5,506.26716478854473,471.7155532024963,0.0,
ID20041 → ID20060,14,20041,20060,0.07947686116700203,1.843288689541768,0.8113288286472853,0.8113288286472853,33.5,500.2570278918887,481.84805419476726,0.0,
ID20011 → ID20004,14,20011,20004,0.058537612640865655,1.7881132366889325,0.4528614316924084,0.4528614316924084,31.5,500.66580907257867,481.8621105118349,0.0,
ID19882 → ID19858,14,19882,19858,0.06695069993913572,3.1054249676882653,0.5538565770815453,0.5538565770815453,24.5,502.3942106142616,479.0089582024582,0.0,
ID19775 → ID19797,14,19775,19797,0.06042632066726361,0.7490109838920942,0.4387318906341655,0.4387318906341655,21.5,501.61649800949004,479.43399037485267,0.0,
ID19438 → ID19522,14,19438,19522,0.1261390030373024,0.713614669249766,0.6659445599899647,0.6659445599899647,4.5,506.12624798711755,472.2179951690821,0.0,
ID20154 → ID20197,14,20154,20197,0.0626848018922952,0.5862991047758996,0.5067071172400367,0.5067071172400367,38.5,500.57430598170714,483.1947913927121,0.0,
ID19548 → ID19505,14,19548,19505,0.059901654000868776,1.3276810867399298,0.21144962051674016,0.21144962051674016,1.5,506.3042629582986,471.5254091231949,0.0,
ID19569 → ID20234,14,19569,20234,0.1608832807570978,0.4239595580542916,0.9433792612170777,0.9433792612170777,10.5,504.4367751002111,474.4001881675798,0.0,
ID19433 → ID19548,14,19433,19548,0.12369701181372161,NaN,1.058204414793709,1.058204414793709,0.5,506.27182603636174,470.96237542914855,0.0,
ID19901 → ID19905,14,19901,19905,0.07230077120819012,0.5106775003334818,0.6765756028235158,0.6765756028235158,26.5,501.59067308600015,479.54723502095,0.0,
ID19652 → ID19734,14,19652,19734,0.07403055229142186,2.470108706749333,0.37526122347896057,0.37526122347896057,16.5,501.91476137360047,478.9625062880139,0.0,
ID19797 → ID19816,14,19797,19816,0.06701328711727328,0.4049200048211756,0.5805514127962587,0.5805514127962587,22.5,501.9918413252128,479.1045158646193,0.0,
ID19590 → ID19634,14,19590,19634,0.13843184717548795,0.2541397876712713,1.2399947033329848,1.2399947033329848,12.5,503.4330959408575,476.0777720131201,0.0,
ID19522 → ID19484,14,19522,19484,0.03296119085592775,0.5874689924338361,0.12952984253535332,0.12952984253535332,5.5,505.9187626616799,472.54649758454104,0.0,
ID20004 → ID20041,14,20004,20041,0.054298611795103424,3.0927001350241,0.4120586756425888,0.4120586756425888,32.5,500.65796842245595,481.88370304085475,0.0,
ID19634 → ID19680,14,19634,19680,0.11727010573534125,0.37599816217661036,0.7819986124677432,0.7819986124677432,13.5,502.7972281615072,476.8419162715751,0.0,
ID20016 → ID19993,14,20016,19993,0.08841354723712425,0.8357821116234462,0.8723090278759613,0.8723090278759613,29.5,500.3550345801984,481.31996572884555,0.0,
ID20234 → ID19590,14,20234,19590,0.09977989728539982,0.7363834797779302,0.9473449344233619,0.9473449344233619,11.5,503.89437664947,475.09569869124147,0.0,
ID20160 → ID20090,14,20160,20090,0.0778756061960828,1.5360617002519155,0.6705598922460766,0.6705598922460766,36.5,500.0503445243771,483.32044401443585,0.0,
ID19539 → ID19518,14,19539,19518,0.09031570534169586,0.9138853164974569,0.4720441386000668,0.4720441386000668,8.5,505.3007868929175,473.47520041099517,0.0,
ID19977 → ID20016,14,19977,20016,0.08418891170431209,0.3208449630441913,0.6924487982397737,0.6924487982397737,28.5,500.69830201410946,480.69163468070946,0.0,
ID19905 → ID19977,14,19905,19977,0.09386298539701465,0.26480162198075513,0.7959984994909032,0.7959984994909032,27.5,501.22392807816607,480.1782904341836,0.0,
ID19518 → ID19569,14,19518,19569,0.08488249736939302,0.05283971986088085,0.5870346219032251,0.5870346219032251,9.5,505.0089939415468,473.9168738776074,0.0,
ID19468 → ID19438,14,19468,19438,0.06488549618329209,0.32341162237972,0.09773405875794866,0.09773405875794866,3.5,506.32648673085475,471.9053207348375,0.0,
ID19400 → ID19539,14,19400,19539,0.04327316183410623,1.3309743644481893,0.2799533081686951,0.2799533081686951,7.5,505.3758400412644,473.14351190564753,0.0,
ID19674 → ID19652,14,19674,19652,0.10185535781902888,0.08839204795098082,1.0506101872293696,1.0506101872293696,15.5,501.91704976450467,478.56650736101955,0.0,
ID20206 → ID20218,14,20206,20218,0.09420821114371536,1.2448511472503765,0.907502255927019,0.907502255927019,40.5,501.2921407801589,482.5589371504135,0.0,
ID19680 → ID19674,14,19680,19674,0.10794780545670224,0.5316975395264403,1.0699750185311843,1.0699750185311843,14.5,502.2798714922633,477.5713257277734,0.0,
ID20090 → ID20154,14,20090,20154,0.035336712527170744,1.3473224694108654,0.2200668629319682,0.2200668629319682,37.5,500.38530412505827,483.48977788475736,0.0,
ID19756 → ID19768,14,19756,19768,0.0438944213476834,0.45085222812922804,0.2882281186113211,0.2882281186113211,19.5,501.6382361220583,479.93759711744167,0.0,
ID19858 → ID19901,14,19858,19901,0.07424593967517401,1.118119395031496,0.5472922465109707,0.5472922465109707,25.5,501.9304894329832,479.0620893376504,0.0,
ID20197 → ID20206,14,20197,20206,0.05944029416667895,0.020015687246768908,0.4560574318800264,0.4560574318800264,39.5,500.75538736081467,482.7487921952311,0.0,
ID20060 → ID20105,14,20060,20105,0.09302325581395354,1.1660541487082974,0.9586059667742454,0.9586059667742454,34.5,499.898330992316,482.49517268445845,0.0,
ID20105 → ID20160,14,20105,20160,0.014112903225806495,0.7453179320139152,0.1541949630388093,0.1541949630388093,35.5,499.8578818187565,483.0321557261476,0.0,
ID19517 → ID19419,15,19517,19419,0.07161280534061887,1.8590637406009918,0.9317701565737762,0.9317701565737762,1.5,409.8950388281097,153.2180770905532,0.0,
ID19575 → ID19596,15,19575,19596,0.040042149631183244,3.0337407138459147,0.33687299522208164,0.33687299522208164,12.5,407.09937275985664,153.06720430107526,0.0,
ID19951 → ID19922,15,19951,19922,0.043650889140222526,0.3749047205323255,0.5212208348079543,0.5212208348079543,29.5,408.2666738322205,153.45191441326944,0.0,
ID19393 → ID19350,15,19393,19350,0.05686378035902595,1.9110649195562883,0.7365012813158037,0.7365012813158037,6.5,408.519681530428,153.71654321066626,0.0,
ID19939 → ID20022,15,19939,20022,0.023779408044517836,2.3780457678672478,0.18523817176762275,0.18523817176762275,32.5,407.3181459952932,154.44810008694884,0.0,
ID20215 → ID19575,15,20215,19575,0.05401729501286012,2.029777663261938,0.5991871320258727,0.5991871320258727,11.5,407.01154774922543,152.96682822276898,0.0,
ID19599 → ID19677,15,19599,19677,0.03412764038186977,1.5901108883342425,0.28768096996632825,0.28768096996632825,16.5,408.35428638570306,152.44693788652557,0.0,
ID19798 → ID19831,15,19798,19831,0.05024043461769234,2.910295717566863,0.2985554453978691,0.2985554453978691,23.5,409.7669961199373,153.3343409637527,0.0,
ID19857 → ID19912,15,19857,19912,0.055246691027155514,0.19652826737110116,0.5156333473353802,0.5156333473353802,27.5,409.0283831076788,154.2237145836388,0.0,
ID19357 → ID19437,15,19357,19437,0.04826365224477325,0.6464290566608173,0.5416439990732996,0.5416439990732996,4.5,408.9474569961534,153.54410418355812,0.0,
ID19475 → ID19439,15,19475,19439,0.03937274418336156,1.6199810116486868,0.3169502790376799,0.3169502790376799,8.5,407.20257613867057,152.85342598847097,0.0,
ID19681 → ID19699,15,19681,19699,0.06512620323451046,0.0860181745937989,0.7605858127801609,0.7605858127801609,19.5,409.4750233426704,152.45264503480718,0.0,
ID19860 → ID19857,15,19860,19857,0.060263503562468124,2.331011054797215,0.7726046087019945,0.7726046087019945,26.5,409.5041710834314,153.79396963044718,0.0,
ID19371 → ID19517,15,19371,19517,0.05120543993406579,NaN,0.4984765279723857,0.4984765279723857,0.5,410.3343052685185,153.07597925358135,0.0,
ID20116 → ID20066,15,20116,20066,0.06118921615794348,1.879492585010859,0.8222270189418494,0.8222270189418494,36.5,406.81871252705395,154.52779761501122,0.0,
ID19618 → ID19599,15,19618,19599,0.03959877889226093,1.3604061531968,0.4335027629729549,0.4335027629729549,15.5,408.09989595448224,152.40507542587397,0.0,
ID19699 → ID19724,15,19699,19724,0.06062415293955825,0.5497642277941567,0.6876933145959812,0.6876933145959812,20.5,409.95029857332645,152.9625031303912,0.0,
ID20148 → ID20181,15,20148,20181,0.0576397515528021,1.1939177232613223,0.4425915927734544,0.4425915927734544,40.5,405.20716790773247,155.09435225589652,0.0,
ID19780 → ID19798,15,19780,19798,0.04374930834779067,0.9894629975611374,0.3066912088903614,0.3066912088903614,22.5,409.76330113996494,153.3692991994409,0.0,
ID19823 → ID19860,15,19823,19860,0.05560398801694233,2.805733070024923,0.564376784045153,0.564376784045153,25.5,409.53147008106043,153.5148963345169,0.0,
ID19419 → ID19374,15,19419,19374,0.010702316366403397,0.5909930501242768,0.08364958813975285,0.08364958813975285,2.5,409.4130767979592,153.080701904055,0.0,
ID19677 → ID19679,15,19677,19679,0.04834936314012395,0.3640431802895419,0.549650442920023,0.549650442920023,17.5,408.6956770780113,152.21552476810064,0.0,
ID20066 → ID20112,15,20066,20112,0.0508092398657084,1.0447577368875318,0.6831197539975328,0.6831197539975328,37.5,406.58941426009574,153.91615014211033,0.0,
ID19596 → ID19613,15,19596,19613,0.0403092166049972,1.376736849793556,0.3150031951048773,0.3150031951048773,13.5,407.14598640582926,152.81974382853593,0.0,
ID19613 → ID19618,15,19613,19618,0.06259063494737493,0.06310491694808608,0.8178752670983791,0.8178752670983791,14.5,407.60579632728127,152.48933221410752,0.0,
ID20079 → ID20116,15,20079,20116,0.0314340493438835,1.6753682034212558,0.07673986277312601,0.07673986277312601,35.5,406.73830716584985,154.92078170385147,0.0,
ID20144 → ID20148,15,20144,20148,0.07642618174439397,1.3225724653322053,1.0983713821964076,1.0983713821964076,39.5,405.4247195326441,154.46769381777148,0.0,
ID19930 → ID19939,15,19930,19939,0.0719970255949226,1.326330547017561,0.7391406122429718,0.7391406122429718,31.5,407.29559378209194,154.13955788621163,0.0,
ID20043 → ID20079,15,20043,20079,0.05214912388488435,1.3640579754821536,0.6592221297631583,0.6592221297631583,34.5,406.86813015792154,154.61974775004245,0.0,
ID19912 → ID19951,15,19912,19951,0.06950351383929909,1.78910993891756,0.8863896665654664,0.8863896665654664,28.5,408.5961068438604,154.06082399402914,0.0,
ID19554 → ID20215,15,19554,20215,0.060743258450790094,2.9678015155745783,0.6893503509252595,0.6893503509252595,10.5,407.1888029899727,152.67418497940483,0.0,
ID19922 → ID19930,15,19922,19930,0.08385579937303855,1.8374503180984536,1.1642799531068122,1.1642799531068122,30.5,407.69639133484816,153.49227479187664,0.0,
ID20112 → ID20144,15,20112,20144,0.076674702051308,0.8660692940719881,0.9034241706375729,0.9034241706375729,38.5,405.8748865753755,153.8158554731562,0.0,
ID19439 → ID19554,15,19439,19554,0.038500678426039436,0.8194965596989413,0.2706393868676614,0.2706393868676614,9.5,407.4014693817566,152.67137309715991,0.0,
ID19724 → ID19780,15,19724,19780,0.04282132480250922,1.3787212854018862,0.2459006873699884,0.2459006873699884,21.5,410.0056960972995,153.34515062369513,0.0,
ID19831 → ID19823,15,19831,19823,0.08025327992709408,2.8554625606714343,0.673847959436481,0.673847959436481,24.5,409.58405034559996,153.4107061270199,0.0,
ID20022 → ID20043,15,20022,20043,0.024697456162015352,0.20867207370586688,0.2157933912247311,0.2157933912247311,33.5,407.13551784225444,154.36797540436885,0.0,
ID19679 → ID19681,15,19679,19681,0.03425322424072941,1.1170257206597833,0.2657446640127711,0.2657446640127711,18.5,409.04666489738145,152.1707337830453,0.0,
ID19374 → ID19357,15,19374,19357,0.04234476220572003,1.4186900895178545,0.423014046342315,0.423014046342315,3.5,409.20963281235413,153.1688826823949,0.0,
ID19350 → ID19475,15,19350,19475,0.08422003613731621,0.32120359957598366,1.2089756543635966,1.2089756543635966,7.5,407.6886872497817,153.23394703747027,0.0,
ID19437 → ID19393,15,19437,19393,0.03438991994830709,0.05797395705463003,0.173268404622406,0.173268404622406,5.5,408.82765686048793,153.88077023323774,0.0,
ID19996 → ID20013,16,19996,20013,0.07519437639790649,2.553907921238912,0.7366559721048468,0.7366559721048468,30.5,171.79504205400622,487.52379371403276,0.0,
ID19446 → ID19527,16,19446,19527,0.0609735067481012,0.007708662041498993,0.5123291648613891,0.5123291648613891,4.5,175.81403416464974,485.1800544189053,0.0,
ID19678 → ID19655,16,19678,19655,0.09760060661861869,0.4278323395763439,0.8313876471765422,0.8313876471765422,15.5,172.21822698565677,488.6921103552871,0.0,
ID20013 → ID20007,16,20013,20007,0.05339790945034262,1.4710080428320145,0.1261098358092717,0.1261098358092717,31.5,171.5288779007816,487.7947651642005,0.0,
ID20235 → ID19591,16,20235,19591,0.047684938797262766,0.3697725572465772,0.5630005864978412,0.5630005864978412,11.5,172.24505457347087,488.066179785701,0.0,
ID20017 → ID19996,16,20017,19996,0.06822778551845532,1.076248850471404,0.3556705739737132,0.3556705739737132,29.5,172.00213963696223,487.3997898714888,0.0,
ID19541 → ID19523,16,19541,19523,0.045752898626186256,0.9094648043077749,0.42033170147403526,0.42033170147403526,8.5,173.84971595497106,487.3963804954391,0.0,
ID20107 → ID20164,16,20107,20164,0.06421412710796459,0.8656758421806319,0.41240963712389045,0.41240963712389045,35.5,171.9172413963646,486.95134449797615,0.0,
ID20007 → ID20042,16,20007,20042,0.06119857795835093,1.9209539117179975,0.6047364168696937,0.6047364168696937,32.5,171.7031889032993,487.5668677261748,0.0,
ID19799 → ID19817,16,19799,19817,0.04868122330700175,2.627764034379854,0.2290238124509884,0.2290238124509884,22.5,173.86059135506324,488.29089410320125,0.0,
ID19758 → ID19760,16,19758,19760,0.058386580725632076,2.1133786454958567,0.43637038726563704,0.43637038726563704,18.5,173.19078698636014,489.6826588826945,0.0,
ID19512 → ID19472,16,19512,19472,0.08532643826761477,0.08871893482655062,1.0108532399726093,1.0108532399726093,2.5,176.61957291798237,484.6967939133418,0.0,
ID19523 → ID19570,16,19523,19570,0.06521508231544215,0.13846654787023485,0.8126524836381335,0.8126524836381335,9.5,173.32498144055972,487.71744358827027,0.0,
ID19982 → ID20017,16,19982,20017,0.056126085693926075,0.1791885529192239,0.5542931900334804,0.5542931900334804,28.5,172.23895670085795,487.71465379051716,0.0,
ID19655 → ID19738,16,19655,19738,0.06657963446475201,0.0414221678695951,0.5862338827959193,0.5862338827959193,16.5,172.52705274760712,489.32994286839767,0.0,
ID19738 → ID19758,16,19738,19758,0.05023132848645073,0.5684710126742535,0.6167138112552102,0.6167138112552102,17.5,172.92766011464016,489.7457000746015,0.0,
ID19591 → ID19639,16,19591,19639,0.0479871746452637,3.063866133195583,0.31632772441151785,0.31632772441151785,12.5,172.1206726714778,488.0693206646607,0.0,
ID19760 → ID19770,16,19760,19770,0.07597323027617009,0.4325496301122056,0.713414005928132,0.713414005928132,19.5,173.33191539409677,489.1383723337191,0.0,
ID19817 → ID19886,16,19817,19886,0.04580575224299266,1.2294974955037992,0.2786166679431259,0.2786166679431259,23.5,173.69773077770435,488.4200264375413,0.0,
ID19440 → ID19549,16,19440,19549,0.0641450521760627,NaN,0.7476219664675108,0.7476219664675108,0.5,178.24086271977367,484.70513003836186,0.0,
ID19472 → ID19446,16,19472,19446,0.048012707122478404,1.2822584853681867,0.40360540001711037,0.40360540001711037,3.5,176.02970448368308,484.7760528429067,0.0,
ID19527 → ID19488,16,19527,19488,0.07438723791504243,0.321130962740858,0.79632759788417,0.79632759788417,5.5,175.40291081467552,485.67874772286535,0.0,
ID20200 → ID20207,16,20200,20207,0.05449778302469088,2.8019362355645225,0.7260347671036129,0.7260347671036129,39.5,172.1289348665209,486.6923309772528,0.0,
ID20091 → ID20159,16,20091,20159,0.044206749483807095,2.847887671241727,0.2753419639083686,0.2753419639083686,37.5,172.42387566178647,486.7800732390838,0.0,
ID20159 → ID20200,16,20159,20200,0.04868462609224977,2.1721371549167214,0.22087834800819753,0.22087834800819753,38.5,172.38921177632142,486.66717976226573,0.0,
ID19770 → ID19776,16,19770,19776,0.05860159301014778,0.10279236672367459,0.4143851832248726,0.4143851832248726,20.5,173.57934555002225,488.6324268463366,0.0,
ID20164 → ID20091,16,20164,20091,0.06995354542301269,2.0759695227189843,0.7188878374863487,0.7188878374863487,36.5,172.19339004777368,486.7973279446536,0.0,
ID19639 → ID19685,16,19639,19685,0.055201271652296935,2.9240603224757638,0.4576665346550899,0.4576665346550899,13.5,172.04869629789874,488.1083013631164,0.0,
ID19570 → ID20235,16,19570,20235,0.041629075911847946,0.30011341357222043,0.48405155490891466,0.48405155490891466,10.5,172.7572819080206,488.0162519580455,0.0,
ID19488 → ID19405,16,19488,19405,0.1057502826684168,0.03345565897114775,1.2970206499302714,1.2970206499302714,6.5,174.62669243137964,486.3806898549083,0.0,
ID19685 → ID19678,16,19685,19678,0.04405692004431483,2.366226063623955,0.2940382270082725,0.2940382270082725,14.5,171.93193616867484,488.2191764247418,0.0,
ID19904 → ID19909,16,19904,19909,0.05223068552775123,0.8639258646120002,0.6185824093737873,0.6185824093737873,26.5,173.34645636576775,488.06101023062104,0.0,
ID19909 → ID19982,16,19909,19982,0.06040525041416378,0.29556919797497083,0.5910935669032249,0.5910935669032249,27.5,172.7586387238648,487.9497821106199,0.0,
ID20207 → ID20220,16,20207,20220,0.054035114706030285,2.6561023532151897,0.6903433707410783,0.6903433707410783,40.5,172.1107218520733,486.8624641306701,0.0,
ID19405 → ID19541,16,19405,19541,0.06157501043371816,0.6447989716878796,0.5043958401599185,0.5043958401599185,7.5,174.08921731352925,487.0565002682948,0.0,
ID20061 → ID20107,16,20061,20107,0.025382362512165635,0.4645754262578478,0.1507433087343175,0.1507433087343175,34.5,171.96539222148976,487.20830586684247,0.0,
ID19886 → ID19861,16,19886,19861,0.02979211000163695,2.0901219670773994,0.34008480470227875,0.34008480470227875,24.5,173.8171102966212,488.5227735884956,0.0,
ID19776 → ID19799,16,19776,19799,0.054803583992242055,0.5503022261150928,0.33377795403128385,0.33377795403128385,21.5,173.82868356479804,488.37250804010444,0.0,
ID19549 → ID19512,16,19549,19512,0.062184585097547984,0.6046785404005784,0.8016444797423234,0.8016444797423234,1.5,177.5136274181488,484.83948247678376,0.0,
ID19861 → ID19904,16,19861,19904,0.06707343273321864,2.0702451319307418,0.5342963219332165,0.5342963219332165,25.5,173.82015766446904,488.28453009311147,0.0,
ID20042 → ID20061,16,20042,20061,0.04119978918903133,0.8663647513053517,0.09391964815234957,0.09391964815234957,33.5,171.93225082456695,487.32283255053835,0.0,
ID19526 → ID19571,17,19526,19571,0.14188532555879496,2.970908021851308,0.9000389714522581,0.9000389714522581,9.5,76.52687870720658,508.5147120638924,0.0,
ID19452 → ID19529,17,19452,19529,0.16793893129770987,0.09529315477027754,1.1107171860089533,1.1107171860089533,4.5,72.01226743235986,506.01599785232395,0.0,
ID20018 → ID19999,17,20018,19999,0.16995408944056678,1.678681683138478,0.9638118337382453,0.9638118337382453,29.5,66.1726787573648,505.99783628693285,0.0,
ID19550 → ID19514,17,19550,19514,0.0941218896501883,2.0059021322263666,0.550175662957325,0.550175662957325,1.5,71.71885228796788,504.6259349530589,0.0,
ID19529 → ID19492,17,19529,19492,0.1761467889908257,0.6937669034181104,0.9772293936238066,0.9772293936238066,5.5,72.67473760923016,506.74095407395293,0.0,
ID20014 → ID20009,17,20014,20009,0.06407682234832934,1.2778447804948843,0.5755047342901672,0.5755047342901672,31.5,66.0213228728154,506.8120040821533,0.0,
ID19571 → ID20236,17,19571,20236,0.22516556291390732,1.0906565742792236,0.8312251331785058,0.8312251331785058,10.5,75.85705458387577,508.19948208524363,0.0,
ID20044 → ID20062,17,20044,20062,0.08178958406150227,2.3237416702642575,0.5567965328147257,0.5567965328147257,33.5,65.88522569444444,507.06546875000004,0.0,
ID20163 → ID20202,17,20163,20202,0.09179616913626876,2.4619781375886176,0.39562999663874365,0.39562999663874365,38.5,65.97880116959064,506.7008165066755,0.0,
ID20236 → ID19592,17,20236,19592,0.22164948453608246,0.8940901927706842,0.5314459043567945,0.5314459043567945,11.5,75.72251996995972,507.5965214719738,0.0,
ID19762 → ID19764,17,19762,19764,0.05151354221985438,0.9571868167276509,0.4965084275221336,0.4965084275221336,18.5,73.61784234436624,505.7254180127944,0.0,
ID19865 → ID19907,17,19865,19907,0.08422008824293126,0.08972108018427624,0.7002800055763504,0.7002800055763504,25.5,68.25720131286303,504.8764879024422,0.0,
ID19409 → ID19543,17,19409,19543,0.20661157024793386,0.10022821799887831,1.045698963328355,1.045698963328355,7.5,74.45892638506274,508.00097566574846,0.0,
ID19492 → ID19409,17,19492,19409,0.1955555555555556,0.2293490574013655,1.182092228655082,1.182092228655082,6.5,73.56840320598167,507.3341698008635,0.0,
ID19911 → ID19986,17,19911,19986,0.07142857142856796,0.524251222694913,0.3691243519789837,0.3691243519789837,27.5,66.77817952943109,505.1604869664945,0.0,
ID19801 → ID19818,17,19801,19818,0.07496574672145817,0.4068423319750814,0.7155255482180594,0.7155255482180594,22.5,69.67629015954356,505.04551876657126,0.0,
ID19889 → ID19865,17,19889,19865,0.05584652680095592,0.4771880091702222,0.246163644420728,0.246163644420728,24.5,68.70887288583509,505.01643432875267,0.0,
ID19742 → ID19762,17,19742,19762,0.16058394160583944,0.8851931247139073,0.7715627750463527,0.7715627750463527,17.5,74.0392827892828,506.1037571662572,0.0,
ID20093 → ID20163,17,20093,20163,0.1576576576576577,2.7400269205428,1.3040976185013315,1.3040976185013315,37.5,66.40429357021998,506.98822151454203,0.0,
ID19478 → ID19452,17,19478,19452,0.15055158987670347,0.9179149440456593,1.0269362054887157,1.0269362054887157,3.5,71.62536763490962,505.02095436370246,0.0,
ID20165 → ID20093,17,20165,20093,0.07067575945443272,0.12135010313101141,0.6897298677121003,0.6897298677121003,36.5,66.67252273688663,507.22945087774957,0.0,
ID19514 → ID19478,17,19514,19478,0.04121556660955028,1.8649832256837535,0.147148394220458,0.147148394220458,2.5,71.50453944203943,504.4729016354016,0.0,
ID19764 → ID19772,17,19764,19772,0.150353917500597,0.05776013690462592,1.5236526684368816,1.5236526684368816,19.5,72.61285343084074,505.6272895152757,0.0,
ID20209 → ID20221,17,20209,20221,0.14612676056338025,1.6662820357828003,1.6359071609437843,1.6359071609437843,40.5,65.38303884630375,506.00309824895703,0.0,
ID19592 → ID19642,17,19592,19642,0.17796610169491522,0.12112258499602173,0.760592326201103,0.760592326201103,12.5,75.97596685887356,507.00354199429205,0.0,
ID19777 → ID19801,17,19777,19801,0.033454396644332585,0.2999392700182665,0.31832849907919303,0.31832849907919303,21.5,70.16943079356187,505.1668855758975,0.0,
ID19772 → ID19777,17,19772,19777,0.13691737288136585,0.17560905728109022,1.5777193984850142,1.5777193984850142,20.5,71.09105928778587,505.36217788712975,0.0,
ID19682 → ID19658,17,19682,19658,0.0755240669052969,1.8678679178857858,0.15601699909894487,0.15601699909894487,15.5,75.2063987502865,506.73234146370885,0.0,
ID19543 → ID19526,17,19543,19526,0.2325581395348837,0.5002031538239289,2.090225953468039,2.090225953468039,8.5,75.93446417729206,508.38490437158475,0.0,
ID19658 → ID19742,17,19658,19742,0.10902255639097747,1.0905741597897487,0.9932879803465661,0.9932879803465661,16.5,74.70036078232799,506.5521683861848,0.0,
ID19818 → ID19889,17,19818,19889,0.062340396498982376,0.6087755364460953,0.52914196032706,0.52914196032706,23.5,69.0853886278991,504.9812894129846,0.0,
ID19642 → ID19689,17,19642,19689,0.08294930875576034,2.0772090150552023,0.7485793990329767,0.7485793990329767,13.5,75.7688851548802,506.6814362945646,0.0,
ID19999 → ID20014,17,19999,20014,0.14282225071747456,1.0558336522672838,0.49507919863860544,0.49507919863860544,30.5,66.3953066572917,506.5990417292552,0.0,
ID19443 → ID19550,17,19443,19550,0.17359381145929986,NaN,1.942639049081416,1.942639049081416,0.5,70.94949482444375,505.0753485333058,0.0,
ID19689 → ID19682,17,19689,19682,0.04477611940298509,0.5117076682005396,0.19896778182543556,0.19896778182543556,14.5,75.31106004668747,506.7543642637843,0.0,
ID20202 → ID20209,17,20202,20209,0.151165883500318,1.189606315697912,0.670780093606366,0.670780093606366,39.5,66.18306094612696,506.30174335979615,0.0,
ID20062 → ID20108,17,20062,20108,0.06851971557853909,2.0353223272774215,0.24146459894471037,0.24146459894471037,34.5,65.73297248048668,507.2624074552342,0.0,
ID19907 → ID19911,17,19907,19911,0.1202185792349727,0.7319491830408993,1.0500131363258698,1.0500131363258698,26.5,67.44337741615936,504.9734762215204,0.0,
ID19986 → ID20018,17,19986,20018,0.12490832157967735,0.7055585206298359,0.8802056933555483,0.8802056933555483,28.5,66.22903073851839,505.38377229221635,0.0,
ID20009 → ID20044,17,20009,20044,0.08302279226968678,2.8534448744423853,0.42636793149866326,0.42636793149866326,32.5,65.93417735042735,506.8669978632479,0.0,
ID20108 → ID20165,17,20108,20165,0.08988985051140286,0.8155011836253848,0.5060543565635771,0.5060543565635771,35.5,66.07889261937558,507.29105328856747,0.0,
ID19448 → ID19551,18,19448,19551,0.09248554913294793,NaN,0.12014579400748635,0.12014579400748635,0.5,206.83299583962298,509.6596958874858,0.0,
ID19501 → ID19401,19,19501,19401,0.16666666666666663,NaN,1.366667372402709,1.366667372402709,1.5,27.816666666666666,-0.1326388888888889,0.0,
ID19351 → ID19417,19,19351,19417,0.2421052631578947,1.7591931615553151,0.4292267731261929,0.4292267731261929,4.5,28.458478260869562,-0.12123188405797101,0.0,
ID19401 → ID19361,19,19401,19361,0.5774647887323944,1.4366274218867565,1.0659078682705114,1.0659078682705114,2.5,28.57075471698113,0.396291928721174,0.0,
ID19361 → ID19351,19,19361,19351,0.6007067137809188,2.981805796923194,1.0807086979073122,1.0807086979073122,3.5,28.655899644517362,0.38436560021875854,0.0,
ID19376 → ID19347,19,19376,19347,0.4946236559139785,2.525246432881634,0.9714740422393191,0.9714740422393191,6.5,28.130434782608695,0.18478260869565216,0.0,
ID19417 → ID19376,19,19417,19376,0.18478260869565222,0.2516154949090546,0.48776477091896714,0.48776477091896714,5.5,28.00376811594203,-0.10855072463768116,0.0,
ID19462 → ID19423,20,19462,19423,0.3414634146341463,3.0946566763772454,2.116016631225368,2.116016631225368,8.5,95.87210586290465,3.052697128733529,0.0,
ID19348 → ID19462,20,19348,19462,0.4638036809815951,1.302498142939582,3.2945040915870294,3.2945040915870294,7.5,96.39331235924149,2.7709336909244073,0.0,
ID19380 → ID19348,20,19380,19348,0.645692883895131,0.8839791110999373,4.526407994682126,4.526407994682126,6.5,99.46862272439064,3.3663757237870553,0.0,
ID19352 → ID19421,20,19352,19421,0.40820961194538286,1.3660685716426526,3.7605366752080975,3.7605366752080975,4.5,109.3870140469073,4.227035741905739,0.0,
ID19421 → ID19380,20,19421,19380,0.46079779917469055,0.3751963822665121,6.467735480737971,6.467735480737971,5.5,104.35766387925231,4.345557935932618,0.0,
ID19365 → ID19352,20,19365,19352,0.2869992804029746,1.802050646707037,1.8814003977120188,1.8814003977120188,3.5,111.21535061600328,5.567444194713385,0.0,
ID19406 → ID19365,20,19406,19365,0.5189085686931546,NaN,7.561708468018592,7.561708468018592,2.5,114.89468581105507,5.676574107965946,0.0,
ID19786 → ID19807,21,19786,19807,0.07992358315402881,1.5750104795343614,0.5534182493217072,0.5534182493217072,22.5,277.41561142278647,403.52902237032663,0.0,
ID20174 → ID20199,21,20174,20199,0.06526655896605615,1.876293028468544,0.5488112330094506,0.5488112330094506,40.5,276.1879249899176,396.4873474872526,0.0,
ID19845 → ID19834,21,19845,19834,0.06254960568750734,0.9243519006690685,0.09936699205072964,0.09936699205072964,24.5,277.44872772475804,403.2127163979936,0.0,
ID20130 → ID20074,21,20130,20074,0.11564336200291403,0.9229955682373753,1.2718438961707086,1.2718438961707086,36.5,277.0139934711643,398.7091270378104,0.0,
ID19880 → ID19931,21,19880,19931,0.06825308983580292,0.9020342246799552,0.4426380708228691,0.4426380708228691,27.5,276.85405233505503,402.4090050075324,0.0,
ID19883 → ID19880,21,19883,19880,0.07704672689983616,1.7972083095572269,0.7167002761913833,0.7167002761913833,26.5,277.29449851469667,402.6949255393996,0.0,
ID19375 → ID19511,21,19375,19511,0.4032388663967611,0.11439419889153442,3.0773783617585813,3.0773783617585813,7.5,282.78370408790533,416.6932671408813,0.0,
ID19969 → ID20029,21,19969,20029,0.16629213483146066,1.7777024371474874,1.4999857004614217,1.4999857004614217,32.5,277.28449323740347,401.66766919940176,0.0,
ID20170 → ID20174,21,20170,20174,0.062411110181535,2.1251819596794093,0.35093296635541393,0.35093296635541393,39.5,276.14111060603295,396.76108476465686,0.0,
ID19709 → ID19710,21,19709,19710,0.13624338624338628,0.8017909214664449,0.8989646555443864,0.8989646555443864,18.5,277.981404897606,403.2125635847703,0.0,
ID19495 → ID19456,21,19495,19456,0.3122302158273381,3.041582139757922,2.7432358259580867,2.7432358259580867,5.5,285.20234793378336,423.09374436711033,0.0,
ID19953 → ID19970,21,19953,19970,0.07406729228658493,0.32607758274182913,0.6664728434177959,0.6664728434177959,30.5,278.8440516206639,402.16284055118274,0.0,
ID19429 → ID19402,21,19429,19402,0.23187437353825158,NaN,1.1409250706587524,1.1409250706587524,3.5,284.97280764635605,424.61715651135006,0.0,
ID20029 → ID20051,21,20029,20051,0.22121947867512015,0.6452741817752001,2.4581445842817446,2.4581445842817446,33.5,278.0990748151893,399.96988419879983,0.0,
ID19581 → ID19609,21,19581,19609,0.48705501618121283,0.11401349879798853,4.15271044262865,4.15271044262865,12.5,281.19663859226955,408.22016593974035,0.0,
ID19511 → ID19479,21,19511,19479,0.1691784151677329,0.5157985451345667,1.1350563897741996,1.1350563897741996,8.5,282.2574948199948,414.7103313353314,0.0,
ID19710 → ID19730,21,19710,19730,0.10413885180244009,1.1019058925081184,0.924108771690206,0.924108771690206,19.5,277.2771037011173,402.88516008549175,0.0,
ID19646 → ID19620,21,19646,19620,0.17887725975262914,0.689830364204709,1.2569087369185996,1.2569087369185996,15.5,278.95876006144397,403.7377359959038,0.0,
ID20225 → ID19581,21,20225,19581,0.3123249299719888,1.2857894534729692,2.2569191190543276,2.2569191190543276,11.5,283.8132088901134,410.0624397299904,0.0,
ID19560 → ID20225,21,19560,20225,0.2852969814994889,0.5093350393799189,2.4966333204276268,2.4966333204276268,10.5,284.1966318824594,411.9270683057333,0.0,
ID19834 → ID19883,21,19834,19883,0.07373702018435568,0.434312155055945,0.42896139331527083,0.42896139331527083,25.5,277.54647182843667,402.9713656775557,0.0,
ID20074 → ID20125,21,20074,20125,0.14958915654187688,1.6953520214731035,1.1649725532295188,1.1649725532295188,37.5,276.49712295367465,398.089050053188,0.0,
ID19644 → ID19646,21,19644,19646,0.36692506459948315,1.8397375379426721,3.135478785769645,3.135478785769645,14.5,280.02841815336467,405.53455273865416,0.0,
ID20125 → ID20170,21,20125,20170,0.11280690112807812,0.9286861531006841,0.9728342178771096,0.9728342178771096,38.5,276.29123725967395,397.1547751392965,0.0,
ID19985 → ID19953,21,19985,19953,0.07602830075549527,0.1949805895098153,0.5806755213624761,0.5806755213624761,29.5,278.2290649674608,402.1838116975182,0.0,
ID19402 → ID19495,21,19402,19495,0.15781514748484027,3.1152862757640625,0.40193314881058384,0.40193314881058384,4.5,285.0065301505862,424.2490948456234,0.0,
ID19970 → ID19969,21,19970,19969,0.16336884830035514,3.1187301121542523,1.9457921663290656,1.9457921663290656,31.5,278.2115434491143,402.25910761885797,0.0,
ID19456 → ID19375,21,19456,19375,0.4814462416745746,0.6614226327357122,4.155041054394748,4.155041054394748,6.5,284.39297766560674,419.92520544885053,0.0,
ID19931 → ID19985,21,19931,19985,0.11332712022368219,1.9460853686388675,1.1815562065971295,1.1815562065971295,28.5,277.35168465462095,402.17552687041456,0.0,
ID19479 → ID19560,21,19479,19560,0.22224129054400144,0.792132852071769,1.7490260269141447,1.7490260269141447,9.5,283.01650220821205,413.61127919288543,0.0,
ID20095 → ID20130,21,20095,20130,0.08510795604370014,1.335320864173629,0.6713324190378318,0.6713324190378318,35.5,277.82909551198065,399.0412298817929,0.0,
ID19609 → ID19644,21,19609,19644,0.1828878373193773,2.492691784260484,1.1087739964715766,1.1087739964715766,13.5,280.0050982756888,407.05202796801194,0.0,
ID19701 → ID19709,21,19701,19709,0.11398002853070965,2.9852514485510198,0.7319931064761441,0.7319931064761441,17.5,278.1444524973937,403.9461910638381,0.0,
ID19753 → ID19786,21,19753,19786,0.0631378631863847,0.2439391484286101,0.21476629406452744,0.21476629406452744,21.5,277.12022243080537,403.50465053623265,0.0,
ID19807 → ID19845,21,19807,19845,0.06636796915444432,2.1758778871297118,0.2998942666175275,0.2998942666175275,23.5,277.5640432196086,403.3563473544807,0.0,
ID19620 → ID19701,21,19620,19701,0.11219812547030139,1.725342253506457,0.9551939773527592,0.9551939773527592,16.5,278.24059052901555,403.8597273483422,0.0,
ID19730 → ID19753,21,19730,19753,0.11351135542494506,1.991597274771252,0.5405691312134754,0.5405691312134754,20.5,276.95391103455813,403.1681169470294,0.0,
ID20051 → ID20095,21,20051,20095,0.08674010906560603,2.594456211119754,0.9215489651129967,0.9215489651129967,34.5,278.44545104366534,399.1726064244861,0.0,
ID19844 → ID19893,22,19844,19893,0.10616487410556741,2.4925282438217495,0.8748769401859885,0.8748769401859885,25.5,309.3030306420814,438.9820384294069,0.0,
ID19988 → ID20033,22,19988,20033,0.12459720730395751,0.5826845839394328,1.3600072273852781,1.3600072273852781,32.5,308.63862076548264,437.5924987172513,0.0,
ID19893 → ID19892,22,19893,19892,0.116679718089291,1.350618767195765,1.1493371692116787,1.1493371692116787,26.5,308.89540694578045,438.29995009286,0.0,
ID19863 → ID19844,22,19863,19844,0.13089271446209583,1.7973153328761677,1.2595736993270026,1.2595736993270026,24.5,308.94929339863336,438.8274064390638,0.0,
ID20003 → ID19968,22,20003,19968,0.09193580344758168,2.2608011584117556,0.7502621158076072,0.7502621158076072,29.5,308.432463143561,437.66432753961726,0.0,
ID19992 → ID19988,22,19992,19988,0.057323176911917906,2.9169305045431324,0.3802824147862829,0.3802824147862829,31.5,309.2116800535475,438.21385542168673,0.0,
ID19623 → ID19660,22,19623,19660,0.15111695137976344,1.3240268030975682,1.1763918348792983,1.1763918348792983,13.5,307.28732026381516,440.4750652667652,0.0,
ID19812 → ID19863,22,19812,19863,0.09739883665301308,1.8969110946795458,0.673864316360328,0.673864316360328,23.5,309.03320888968057,438.18881396704757,0.0,
ID20135 → ID20185,22,20135,20185,0.12200257842723106,1.4489109118943164,1.25140391269397,1.25140391269397,38.5,309.93699070969507,439.0525471519769,0.0,
ID19755 → ID19769,22,19755,19769,0.11041405269760618,0.49172821199841404,0.7720704750529953,0.7720704750529953,20.5,308.59168256687826,439.85270325229635,0.0,
ID19637 → ID19719,22,19637,19719,0.0959422637896915,0.29543385457558885,0.8626923073691128,0.8626923073691128,16.5,308.30047740679925,440.4661710150216,0.0,
ID19737 → ID19739,22,19737,19739,0.08168028004667449,2.8579807327195725,0.6853239069018486,0.6853239069018486,18.5,307.91952318366964,440.0668720990812,0.0,
ID19739 → ID19755,22,19739,19755,0.05934304307414351,1.922585800690874,0.469319529252602,0.469319529252602,19.5,308.17772174219044,440.2913750138655,0.0,
ID19388 → ID19534,22,19388,19534,0.32127787823991827,0.3967996144299152,2.186069649499766,2.186069649499766,7.5,303.67922906222634,444.73382013959406,0.0,
ID19769 → ID19791,22,19769,19791,0.10072556551432155,2.1966110346687957,0.7048879186873523,0.7048879186873523,21.5,308.92907861903404,439.85622203270265,0.0,
ID19892 → ID19949,22,19892,19949,0.07524114971402118,2.6083457396047907,0.370147832225167,0.370147832225167,27.5,308.56639859902066,438.0296349821666,0.0,
ID19418 → ID19508,22,19418,19508,0.12833492953890968,1.9396768695536049,0.40103555110694933,0.40103555110694933,4.5,302.11750463307396,449.9121506415303,0.0,
ID19586 → ID19623,22,19586,19623,0.2963430012610341,0.17651760342500036,2.671207295028571,2.671207295028571,12.5,306.1986419395514,441.6276235258666,0.0,
ID20185 → ID20192,22,20185,20192,0.00911052505394394,0.6540983933117461,0.04554394167832289,0.04554394167832289,39.5,309.65912010276173,439.63342967244705,0.0,
ID19534 → ID19507,22,19534,19507,0.3810592021847563,2.447396789982445,2.593632720035273,2.593632720035273,8.5,304.5119800132442,444.6694359159593,0.0,
ID20231 → ID19586,22,20231,19586,0.25680390788555474,1.1726796408953963,1.9477105602175884,1.9477105602175884,11.5,305.48695762383835,443.81547264269545,0.0,
ID19660 → ID19659,22,19660,19659,0.13228300642667778,1.4396084462998522,0.7376905986798682,0.7376905986798682,14.5,307.9691448159495,440.20322575115284,0.0,
ID19968 → ID19992,22,19968,19992,0.10186375321338537,1.7588385360360932,1.1159182726899983,1.1159182726899983,30.5,308.9924953324776,437.90958524058556,0.0,
ID19719 → ID19737,22,19719,19737,0.15026181090778823,2.957118812483248,1.2763915759665942,1.2763915759665942,17.5,308.1377963222326,440.30597377840024,0.0,
ID19470 → ID19388,22,19470,19388,0.5374507227332457,2.8801058023177943,5.667475518852194,5.667475518852194,6.5,302.44242756010283,448.39558869123744,0.0,
ID20033 → ID20055,22,20033,20055,0.11679920477135275,1.6501068473054263,1.1050563347947995,1.1050563347947995,33.5,308.5082597223125,436.7611363001644,0.0,
ID20083 → ID20135,22,20083,20135,0.08360028127204411,0.9896047513273311,0.8074192246748488,0.8074192246748488,37.5,309.84989283647,438.27259653098577,0.0,
ID19566 → ID20231,22,19566,20231,0.31744263755854174,2.7140516384419793,2.195876166128976,2.195876166128976,10.5,306.1812995359462,445.3968638721501,0.0,
ID20099 → ID20147,22,20099,20147,0.05421438576258164,2.2224500711613597,0.43569713408642596,0.43569713408642596,35.5,309.69783940830837,437.3808625979086,0.0,
ID19791 → ID19812,22,19791,19812,0.23117185228262538,2.619903808576303,2.0779817321074456,2.0779817321074456,22.5,309.21122234802584,439.1568204340447,0.0,
ID20192 → ID20211,22,20192,20211,0.05592522789336307,2.2722070429283083,0.36510261026846313,0.36510261026846313,40.5,309.808756936777,439.7114508237536,0.0,
ID19507 → ID19566,22,19507,19566,0.2655809583464459,0.732093293747405,1.8083714505400277,1.8083714505400277,9.5,306.19181697575294,445.8617791514946,0.0,
ID19659 → ID19637,22,19659,19637,0.049148387907779645,2.318114635891101,0.23541094259517428,0.23541094259517428,15.5,308.13024384113874,439.94840761721923,0.0,
ID20055 → ID20099,22,20055,20099,0.14078947368416672,1.5567138603850488,1.4109364801079787,1.4109364801079787,34.5,309.4052063372351,436.85828391988156,0.0,
ID19508 → ID19470,22,19508,19470,0.20363898026321703,3.0988415962063502,1.5661177442689833,1.5661177442689833,5.5,301.75013521593246,450.364567230345,0.0,
ID20147 → ID20083,22,20147,20083,0.06664509867358659,1.4532338249318237,0.6492683561146405,0.6492683561146405,36.5,309.4937521274555,437.7383311273321,0.0,
ID19449 → ID19418,22,19449,19418,0.4713094654242712,NaN,3.520006694629754,3.520006694629754,3.5,301.1971873840445,448.48514842300557,0.0,
ID19949 → ID20003,22,19949,20003,0.06865219586061966,2.8916567648368683,0.6158479382033613,0.6158479382033613,28.5,308.4481861009094,437.96137508015624,0.0,
ID19572 → ID20237,23,19572,20237,0.30000000000000004,0.14883603889144742,0.135898294773276,0.135898294773276,10.5,206.09744897959183,509.9503401360544,0.0,
ID19528 → ID19572,23,19528,19572,0.2421875,NaN,2.4137657597088107,2.4137657597088107,9.5,204.8243612405592,510.0016337243559,0.0,
ID19606 → ID19612,24,19606,19612,0.23913267231619062,0.4671611419165279,1.1630603795494534,1.1630603795494534,14.5,106.05673725637182,2.585294852573713,0.0,
ID19828 → ID19821,24,19828,19821,0.10128990271496996,1.3567119736741697,0.41061253763684447,0.41061253763684447,24.5,104.11475754197167,4.104018435033026,0.0,
ID19690 → ID19714,24,19690,19714,0.23946708192750266,1.559008794891152,1.563351131699686,1.563351131699686,20.5,103.63201262272091,4.402376499922082,0.0,
ID19929 → ID20020,24,19929,20020,0.0953678474114441,2.662165666692938,0.4335335981875671,0.4335335981875671,32.5,105.67109584624379,8.683687312490779,0.0,
ID20143 → ID20175,24,20143,20175,0.07249879168680518,0.6918254244014006,0.7761201201248109,0.7761201201248109,40.5,105.56920249604877,13.503473256428627,0.0,
ID20106 → ID20138,24,20106,20138,0.065300181928441,2.070318754260022,0.36575576433392354,0.36575576433392354,38.5,105.07613250892408,12.319079772022887,0.0,
ID20064 → ID20106,24,20064,20106,0.0753818686768507,0.6593793625569664,0.5049377950852161,0.5049377950852161,37.5,105.09040344389608,12.089408660358169,0.0,
ID19916 → ID19921,24,19916,19921,0.19502839586630594,1.2920216552304522,1.6129720080317629,1.6129720080317629,30.5,106.12226362130943,6.59516640413587,0.0,
ID20138 → ID20143,24,20138,20143,0.09559666066459382,0.7452633972029332,0.8437297010618785,0.8437297010618785,39.5,105.44775375072447,12.751177056043971,0.0,
ID20210 → ID19573,24,20210,19573,0.3226788432267884,0.159720806845538,1.682402176463864,1.682402176463864,11.5,105.48331936677326,5.27821444655368,0.0,
ID20037 → ID20075,24,20037,20075,0.06271344303011483,0.2738394344709849,0.5171854014977397,0.5171854014977397,34.5,105.72298124656932,9.599615433757053,0.0,
ID19938 → ID19916,24,19938,19916,0.151012891344383,1.5793302634602355,1.04000211414521,1.04000211414521,29.5,105.87208174300255,5.5515982824427486,0.0,
ID19778 → ID19795,24,19778,19795,0.1787941787941788,2.618028745753881,1.4782568036999468,1.4782568036999468,22.5,102.69036995139936,4.876047427518016,0.0,
ID19821 → ID19852,24,19821,19852,0.08355488036460323,0.5646822738222479,0.6004753807717519,0.6004753807717519,25.5,104.59389586396713,4.186860460732195,0.0,
ID19921 → ID19929,24,19921,19929,0.18536042304480915,0.1338808509906142,1.5196429895406987,1.5196429895406987,31.5,105.83577473191716,8.131485406559591,0.0,
ID19795 → ID19828,24,19795,19828,0.18511260974678712,0.505720932058893,0.8305577105458276,0.8305577105458276,23.5,103.66090602907829,4.315804099417544,0.0,
ID20075 → ID20111,24,20075,20111,0.09720311783585533,0.6616623031581236,1.000076587456845,1.000076587456845,35.5,105.64149390195169,10.31676695666242,0.0,
ID19595 → ID19665,24,19595,19665,0.2106822712877292,2.97488590102201,0.453510485601282,0.453510485601282,16.5,105.4085589903347,3.69806116924497,0.0,
ID19665 → ID19667,24,19665,19667,0.11943462897526536,3.0648129981607863,0.46434960715929463,0.46434960715929463,17.5,105.42685405764936,3.700267749882923,0.0,
ID20020 → ID20037,24,20020,20037,0.09640102827763497,2.830315479229273,0.8747819273348932,0.8747819273348932,33.5,105.61697453600648,8.917906476325323,0.0,
ID19714 → ID19778,24,19714,19778,0.24128180961357215,1.5164705203348132,1.5683167571343954,1.5683167571343954,21.5,102.50198970682843,4.52701727782373,0.0,
ID19573 → ID19593,24,19573,19593,0.5083713850837139,2.7792367341794564,4.095061376263113,4.095061376263113,12.5,106.61065323349558,4.639435907343792,0.0,
ID19552 → ID20210,24,19552,20210,0.3272450532724507,NaN,1.9198515305639952,1.9198515305639952,10.5,106.1418869795109,3.6079477858559157,0.0,
ID19673 → ID19690,24,19673,19690,0.20180009474182847,0.7912875125973388,1.122031297655498,1.122031297655498,19.5,104.59905530363653,4.432739100797249,0.0,
ID19612 → ID19595,24,19612,19595,0.2730875465353665,1.5099389888316723,1.318004374242658,1.318004374242658,15.5,105.45785720921592,3.263837276518436,0.0,
ID19593 → ID19606,24,19593,19606,0.2718872357086929,1.9607163353284873,1.6240177754971765,1.6240177754971765,13.5,107.37495106935697,2.906339632041564,0.0,
ID19667 → ID19673,24,19667,19673,0.07912003087610964,1.6696019965232787,0.5367204773258196,0.5367204773258196,18.5,105.2102619279932,3.958565566649291,0.0,
ID19906 → ID19938,24,19906,19938,0.04064300879587379,0.7534379922911587,0.23956762386087752,0.23956762386087752,28.5,105.48415336879432,5.186635638297872,0.0,
ID20111 → ID20064,24,20111,20064,0.10684563758389265,0.16034702368229248,1.1482894164210813,1.1482894164210813,36.5,105.37723079551768,11.354393288015503,0.0,
ID19852 → ID19848,24,19852,19848,0.12458185504308161,0.8300172236274571,0.8018505140347744,0.8018505140347744,26.5,105.18055641634818,4.449888096959681,0.0,
ID19848 → ID19906,24,19848,19906,0.07246376811594202,0.5806689239909124,0.36223469841272427,0.36223469841272427,27.5,105.50642605498378,4.906811433670251,0.0,
ID19663 → ID19669,25,19663,19669,0.5346534653465347,2.007839834654694,2.5584105361810234,2.5584105361810234,18.5,85.24800514800515,2.7931788931788932,0.0,
ID19669 → ID19687,25,19669,19687,0.1870251315020457,1.5082343543118857,1.2466177440915882,1.2466177440915882,19.5,84.40209062883483,3.9801961429868404,0.0,
ID19662 → ID19663,25,19662,19663,0.27624309392265234,NaN,1.1893131635843652,1.1893131635843652,17.5,85.96038552518999,1.8774523126478435,0.0,
ID19687 → ID19712,25,19687,19712,0.4569640062597812,0.6302805477871093,2.812870544746547,2.812870544746547,20.5,82.74998350651492,2.9537797569959867,0.0,
ID19802 → ID19819,26,19802,19819,0.2295081967213115,NaN,0.2865873890358953,0.2865873890358953,22.5,207.00668526915473,509.8272100143394,0.0,
ID19867 → ID19908,27,19867,19908,0.24289405684754517,NaN,2.018244558040741,2.018244558040741,25.5,207.43586166811974,509.6054054054054,0.0,
ID19934 → ID19915,28,19934,19915,0.288613303269447,2.4978478061937,0.6214813931716354,0.6214813931716354,29.5,84.26867360318064,1.300205134712177,0.0,
ID20035 → ID20073,28,20035,20073,0.1129568106312292,1.260040781621313,0.6762716752824107,0.6762716752824107,34.5,85.54821797734226,2.7303522699082112,0.0,
ID19915 → ID19920,28,19915,19920,0.22376009227220306,1.7326775342904541,1.1597734797441206,1.1597734797441206,30.5,84.87215057412749,1.1974517789467731,0.0,
ID20141 → ID20172,28,20141,20172,0.16628701594533057,2.0049651773126884,0.4006659337236239,0.4006659337236239,40.5,88.16970284237726,1.2735529715762275,0.0,
ID20073 → ID20110,28,20073,20110,0.06756756756756754,0.1635204404688664,0.4449955420573807,0.4449955420573807,35.5,86.10687776309564,2.744567611217149,0.0,
ID20104 → ID20136,28,20104,20136,0.20560747663551426,1.0528103956323491,0.9487398060874559,0.9487398060874559,38.5,87.83792249417249,1.6059877622377623,0.0,
ID20136 → ID20141,28,20136,20141,0.0887871853546921,2.610960249593207,0.02737331344942096,0.02737331344942096,39.5,88.27001849894292,1.440737315010571,0.0,
ID20019 → ID20035,28,20019,20035,0.11816939890710354,1.212564373456039,0.46608911505234135,0.46608911505234135,33.5,85.13039591315453,2.52477650063857,0.0,
ID20063 → ID20104,28,20063,20104,0.4677419354838709,2.3391480063987578,2.020299030902484,2.020299030902484,37.5,87.25874125874125,2.7826340326340326,0.0,
ID19903 → ID19934,28,19903,19934,0.6113207547169811,0.0,1.5362868764234126,1.5362868764234126,28.5,83.87490229955984,0.9132831461598585,0.0,
ID19920 → ID19927,28,19920,19927,0.1301460823373174,0.1380610551376298,0.5636286739684825,0.5636286739684825,31.5,85.69080623569548,1.4605518849591916,0.0,
ID19927 → ID20019,28,19927,20019,0.28735632183908044,2.2151726372350957,1.2055624717479543,1.2055624717479543,32.5,85.50819840975569,1.9136901083508426,0.0,
ID19820 → ID19849,28,19820,19849,0.3076923076923077,NaN,0.5891738580568314,0.5891738580568314,25.5,83.09686609686608,-0.20441595441595442,0.0,
ID19849 → ID19846,28,19849,19846,0.5068493150684932,1.54760818315047,0.5335183196833896,0.5335183196833896,26.5,83.46036276002029,-0.032787924911212574,0.0,
ID20110 → ID20063,28,20110,20063,0.24527282549973017,0.78198751348321,1.2846045499553957,1.2846045499553957,36.5,86.7238555095698,3.2776628133770993,0.0,
ID19846 → ID19903,28,19846,19903,0.0,0.0,0.0,0.0,27.5,83.54109589041096,0.2214611872146119,0.0,
ID20115 → ID20153,29,20115,20153,0.26819126819126815,1.1890334011472499,0.4021376813837418,0.4021376813837418,38.5,385.33054853367355,251.0550846957097,0.0,
ID19962 → ID19928,29,19962,19928,0.2931123770067323,0.5098470078755083,2.200726726959172,2.200726726959172,29.5,384.47951231774755,259.8404820261438,0.0,
ID20119 → ID20068,29,20119,20068,0.22331121170850188,1.5976024977615229,1.480318504049443,1.480318504049443,36.5,385.1277932207049,255.46268509022866,0.0,
ID20046 → ID20084,29,20046,20084,0.24160447761195225,2.7168114177756997,1.4456468971200358,1.4456468971200358,34.5,385.7618701823651,257.63182459108856,0.0,
ID19870 → ID19864,29,19870,19864,0.6021052631578947,NaN,5.753578307580599,5.753578307580599,26.5,381.62247157946905,268.895662965028,0.0,
ID19864 → ID19914,29,19864,19914,0.5463829787234042,0.0371401041460459,5.1830012376396555,5.1830012376396555,27.5,382.6614830173776,263.52794782341584,0.0,
ID19947 → ID20024,29,19947,20024,0.08820322721314555,1.0423029737265086,0.4845179295190153,0.4845179295190153,32.5,385.4205132034433,257.9614283690224,0.0,
ID19940 → ID19947,29,19940,19947,0.09255533199190702,1.6470249737915537,0.5075669699270227,0.5075669699270227,31.5,385.6882960056254,258.29816214737446,0.0,
ID20153 → ID20156,29,20153,20156,0.13786279683370162,2.550728527332499,0.9888327522012393,0.9888327522012393,39.5,385.62553782879866,250.874135255657,0.0,
ID20156 → ID20186,29,20156,20186,0.311660963411437,0.8914248101507751,2.071842526663191,2.071842526663191,40.5,386.5667112872135,249.83713083934222,0.0,
ID19928 → ID19940,29,19928,19940,0.18077803203661325,0.6177101890303088,1.0438285507016039,1.0438285507016039,30.5,385.68776283123066,258.8608577798044,0.0,
ID20024 → ID20046,29,20024,20046,0.1682702999214165,2.5527582218141704,0.41453136557842035,0.41453136557842035,33.5,385.29691358024695,257.9079475308642,0.0,
ID20068 → ID20115,29,20068,20115,0.491335372069317,0.6367444667646469,3.734949628864581,3.734949628864581,37.5,385.53949449390814,252.99519193220868,0.0,
ID20084 → ID20119,29,20084,20119,0.2791974656811008,1.8486471976336054,1.9639566954283982,1.9639566954283982,35.5,385.50592438054235,256.6160159814318,0.0,
ID19914 → ID19962,29,19914,19962,0.11345939933253069,0.4035812276093307,0.7393641199863896,0.7393641199863896,28.5,383.30528846153845,260.66435185185185,0.0,
