LABEL,ID,TRACK_ID,QUALITY,POSITION_X,POSITION_Y,POSITION_Z,POSITION_T,FRAME,RADIUS,VISIBILITY,MANUAL_SPOT_COLOR,MEAN_INTENSITY_CH1,MEDIAN_INTENSITY_CH1,MIN_INTENSITY_CH1,MAX_INTENSITY_CH1,TOTAL_INTENSITY_CH1,STD_INTENSITY_CH1,CONTRAST_CH1,SNR_CH1,ELLIPSE_X0,ELLIPSE_Y0,ELLIPSE_MAJOR,ELLIPSE_MINOR,ELLIPSE_THETA,ELLIPSE_ASPECTRATIO,AREA,PERIMETER,CIRCULARITY,SOLIDITY,SHAPE_INDEX
Label,Spot ID,Track ID,Quality,X,Y,Z,T,Frame,Radius,Visibility,Manual spot color,Mean intensity ch1,Median intensity ch1,Min intensity ch1,Max intensity ch1,Sum intensity ch1,Std intensity ch1,Contrast ch1,Signal/Noise ratio ch1,Ellipse center x0,Ellipse center y0,Ellipse long axis,Ellipse short axis,Ellipse angle,Ellipse aspect ratio,Area,Perimeter,Circularity,Solidity,Shape index
Label,Spot ID,Track ID,Quality,X,Y,Z,T,Frame,R,Visibility,Spot color,Mean ch1,Median ch1,Min ch1,Max ch1,Sum ch1,Std ch1,Ctrst ch1,SNR ch1,El. x0,El. y0,El. long axis,El. sh. axis,El. angle,El. a.r.,Area,Perim.,Circ.,Solidity,Shape index
,,,(quality),(pixels),(pixels),(pixels),(frames),,(pixels),,,(counts),(counts),(counts),(counts),(counts),(counts),,,(pixels),(pixels),(pixels),(pixels),(radians),,(pixels^2),(pixels),,,
ID7873,7873,0,571.0,205.57475276323444,295.4226294357184,0.0,1.0,1,13.505242122350568,1,,830.6010452961673,837.0,362.0,1261.0,476765.0,156.4440342273485,0.5927085797951379,3.9515579634002544,0.020117243610286172,0.031947975132613576,15.90256753156627,11.72626000831935,-0.22078556062386387,1.35615000181507,573.0,88.48982988524646,0.9195551173118371,0.9845360824742266,3.6967156766886324
ID7939,7939,0,589.0,205.06301331067687,296.78717077315207,0.0,17.0,17,13.686685793834855,1,,910.786078098472,914.0,319.0,1442.0,536453.0,166.23203726723162,0.6302988734222803,4.236536517367739,0.0940922297717917,-0.04226299996874682,15.933281298454173,12.11148901093341,2.943016644408205,1.3155509850251041,588.5,89.01561538433533,0.933305734103661,0.9957698815566834,3.6693823274263866
ID8451,8451,0,606.0,207.70898814447202,301.3406396470912,0.0,36.0,36,13.871493293733788,1,,961.4092409240924,953.0,341.0,1631.0,582614.0,178.20539040854663,0.64512268619179,4.231179739081389,-0.05094429176320782,-0.015444639823090118,16.09013011917703,12.216150602457454,2.7816847593925296,1.3171194955586312,604.5,91.42332046805927,0.9088499503860318,0.9829268292682929,3.718423388830664
ID7812,7812,0,562.0,205.84397163120568,294.97369976359334,0.0,2.0,2,13.398760233979036,1,,841.8851590106007,846.0,373.0,1295.0,476507.0,161.3850972675704,0.5999094616920913,3.9120980032853256,-0.0319288124361362,0.03729802686476923,15.934303360160332,11.523541265851968,-0.21985608662279008,1.3827609926975224,564.0,88.95563573365318,0.895657635170672,0.9800173761946134,3.7457079761394754
ID8452,8452,0,606.0,209.00712719298244,301.5175438596491,0.0,40.0,40,13.911592676604096,1,,970.014802631579,967.0,453.0,1487.0,589769.0,166.40173330847983,0.6488215081370612,4.587774950127737,0.04024568240629177,-0.033162586235809415,16.17825046198711,12.156424158232877,-0.3240071892779191,1.3308395833679816,607.9999999999999,91.55437169647104,0.9114970556947654,0.9806451612903225,3.713020071833899
ID7813,7813,0,558.0,204.6290322580645,295.4695340501792,0.0,4.0,4,13.327299669871431,1,,873.5663082437276,874.0,418.0,1302.0,487450.0,166.19981618140932,0.6121448576674584,3.9915858606972243,-0.02557620719832303,-0.04413019518198519,15.75171017439674,11.533691389363101,2.933453264672507,1.3657128184410838,557.9999999999999,89.064344761878,0.8839675215230683,0.9755244755244755,3.770394365315753
ID8070,8070,0,572.0,204.9079254079254,297.1692890442891,0.0,20.0,20,13.493452297211721,1,,943.8170731707318,939.0,418.0,1526.0,541751.0,188.89997442104217,0.6397654356974671,3.8987462585496053,0.029730174784519343,0.02783537452014106,15.879840427717335,11.710301710655248,-0.24597916988193352,1.3560573262829094,572.0000000000001,89.55400420686881,0.8962638389962865,0.9744463373083477,3.7444410241067714
ID8008,8008,0,598.0,204.7202777777778,297.4325,0.0,18.0,18,13.81976597885342,1,,902.648918469218,903.0,390.0,1410.0,542492.0,178.4080758719413,0.6288381269997297,3.9065671281473917,-0.009399027632584489,0.03075204539874948,16.0646710530593,12.052329975252885,2.9319171580502323,1.3329099921795184,600.0,90.7091940098026,0.9163439108113575,0.9844134536505335,3.7031873383856797
ID8393,8393,0,622.0,207.2809215844786,301.54607922392887,0.0,35.0,35,14.031203248641027,1,,943.4611650485436,935.0,381.0,1548.0,583059.0,167.48500776158,0.6409147451377495,4.400401782962896,-5.032395575294062E-4,-0.02967481359792058,16.14982972761514,12.304736542540587,2.86002401674172,1.3124888673382882,618.5,92.26221796569868,0.9130651912051189,0.9856573705179285,3.709830255384649
ID7819,7819,0,567.0,205.5848751835536,295.7525697503671,0.0,8.0,8,13.440270101798594,1,,895.4176991150442,897.0,436.0,1418.0,505911.0,157.9177866668615,0.6195836637678384,4.3383161013084175,0.006577750142017887,0.0010663042192110266,15.886559628778047,11.598673062750603,-0.24372383958245672,1.3696876826193236,567.5,88.03341082856359,0.920196701758904,0.9886759581881533,3.6954267300780845
ID7821,7821,0,571.0,205.09188405797101,294.92840579710145,0.0,3.0,3,13.528790949515024,1,,848.7539267015707,862.0,324.0,1260.0,486336.0,159.77128705511,0.6050743117936095,4.00522233932672,-0.03273936681705776,-0.0024484815767992557,16.022032981949064,11.705457451188272,-0.22730564319815977,1.3687660690546184,574.9999999999999,89.58555216939064,0.900330077630537,0.9829059829059827,3.735975783715999
ID7822,7822,0,577.0,205.27893217893217,294.22438672438676,0.0,6.0,6,13.558169466087195,1,,871.3587521663778,872.0,379.0,1327.0,502774.0,160.95773868591914,0.6118731215427254,4.1100362652380555,-0.010964837489917278,-0.04804530783234484,15.81643012474379,11.857743220530407,-0.244706843560245,1.3338482568385646,577.5,88.75927100195675,0.9211585751326684,0.9905660377358493,3.69349684467754
ID8078,8078,0,597.0,204.44207741576162,296.9193817878028,0.0,19.0,19,13.802480461170692,1,,913.787979966611,919.0,398.0,1449.0,547359.0,183.69211405222643,0.6322531734827901,3.8537933286155766,0.05189069590128559,-0.07741804026900087,16.266926648917256,11.93288245766022,-0.296295769668921,1.3632017835284072,598.5,90.22815505940827,0.9238253268144403,0.9884393063583818,3.6881620930715107
ID8526,8526,0,628.0,208.5242808128794,301.45698073370284,0.0,39.0,39,14.177894523696523,1,,940.7705696202531,941.0,407.0,1461.0,594567.0,172.4102087561862,0.6442370877324041,4.275944145546197,-0.0064238774655945696,-0.03960403953325952,16.367937945880797,12.498471601255646,-0.2919078588425248,1.3095951623586046,631.5000000000001,93.15800675009562,0.9144139517067493,0.9851794071762873,3.7070932460832107
ID8021,8021,0,572.0,205.62084417461696,296.4095114194854,0.0,12.0,12,13.546425705142862,1,,910.5795847750865,914.0,370.0,1431.0,526315.0,181.710803234991,0.6292825479615242,3.870939989961072,-0.07189187642793789,-0.0058207251597895545,16.16242442072644,11.705552084370836,-0.14092111096672633,1.3807485801807147,576.4999999999999,88.75929329348912,0.9195630334597479,0.9896995708154505,3.696699764885963
ID8150,8150,0,606.0,205.37823691460054,298.831129476584,0.0,29.0,29,13.877228871110882,1,,939.9339933993399,942.0,395.0,1639.0,569600.0,183.52438241746614,0.6407149956677131,4.0000490974939105,0.028620415856640095,0.0180344567335188,16.28361405631168,12.004335483836082,-0.28583477083479286,1.3564777557439707,605.0,91.11529101954027,0.915762183673587,0.9829406986190091,3.7043633547157846
ID8217,8217,0,601.0,205.3460475400774,297.7985074626866,0.0,26.0,26,13.85427231466257,1,,929.7611940298508,932.0,296.0,1433.0,560646.0,178.77475950976577,0.6386904996777546,4.054046533287379,-0.021727371732241294,-0.03726291543916526,16.430373544448376,12.00603539692836,-0.2547178450188069,1.368509503866026,602.9999999999999,90.82450258026124,0.9185887453528097,0.9869067103109652,3.698659671389442
ID8027,8027,0,570.0,206.17340363210312,296.4601640304628,0.0,13.0,13,13.458020851469092,1,,920.4586994727592,930.0,396.0,1452.0,523741.0,176.92513177197577,0.6328245210827661,4.032631702002808,0.05303198473559282,-3.147522065520113E-4,16.270694581497402,11.400609489870611,-0.13332212248831302,1.4271776080001546,569.0,88.69818742211505,0.9088508976316166,0.9844290657439446,3.7184214510754914
ID8221,8221,0,611.0,205.22331691297208,298.23918992884506,0.0,24.0,24,13.92302843083819,1,,913.916393442623,919.0,382.0,1458.0,557489.0,168.4159208356273,0.6306688903721457,4.1974829605569,0.02380911624403496,-0.04911104847629261,16.137426479831475,12.24297785007024,-0.23499481772231096,1.318096518465799,609.0000000000001,91.94327866686703,0.9052888755740112,0.9846402586903802,3.725729668566952
ID8223,8223,0,593.0,205.25668073136427,298.26652601969056,0.0,25.0,25,13.73312082390219,1,,929.9796954314721,923.0,454.0,1426.0,549618.0,166.75973661683824,0.6343582912368135,4.329119874366918,-0.006101822752007873,-0.01582313181188249,15.976147593402018,12.00376173880001,-0.24484755623353952,1.3309284156950552,592.5,89.38244115794551,0.93195253794884,0.9908026755852842,3.6720453347802184
ID8351,8351,0,616.0,206.7176596886742,300.38244766505636,0.0,32.0,32,14.059531973722809,1,,935.6312399355878,934.0,335.0,1488.0,581027.0,170.78034635142214,0.6400906853670344,4.276322645958514,0.04882224758759225,-0.0017560344925163793,16.465535351301025,12.199609644314902,-0.2496091263862155,1.3496772299574413,620.9999999999999,92.88306639465432,0.904541246312479,0.9810426540284358,3.7272690617142006
ID8096,8096,0,585.0,205.8268085106383,297.4032624113475,0.0,14.0,14,13.675052399642825,1,,903.4421768707483,907.0,352.0,1499.0,531224.0,178.3190727612024,0.6285522829135227,3.910859936936802,-0.03888521275543512,0.016186773270824094,15.899156902667174,11.876380890614474,-0.18162495747995377,1.3387206969112764,587.4999999999999,89.98685268689638,0.9117160702887648,0.9799833194328608,3.7125740698090053
ID8160,8160,0,605.0,204.331279101616,297.626540673788,0.0,22.0,22,13.917311728305746,1,,914.2972085385878,922.0,366.0,1381.0,556807.0,187.76531757043563,0.6354863759817352,3.7840888665897743,-0.053612418653533084,0.053052567811356255,16.25654126142363,12.130267926948653,-0.28013997184948947,1.3401634126570308,608.5000000000001,91.4061241222691,0.9152081071252515,0.9830371567043621,3.7054845151862934
ID8482,8482,0,608.0,207.99890889252592,301.0051827605019,0.0,37.0,37,13.945871807036523,1,,953.5459016393443,947.0,389.0,1524.0,581663.0,174.52022534773866,0.6451020375150778,4.285104404749679,-0.08038802415919631,0.016135343079487517,16.237804479960456,12.108398178260373,-0.37341923661029225,1.3410365467757817,611.0000000000001,91.92385083710401,0.9086458670709038,0.9807383627608348,3.7188409473062896
ID7908,7908,0,570.0,205.70259128386337,296.02296819787983,0.0,11.0,11,13.422495877444907,1,,906.1168141592921,910.0,412.0,1349.0,511956.0,165.0924321492448,0.6247701616519449,4.221000120370735,-0.013666915361532224,0.025062429182586554,15.854512572244209,11.503050781867087,-0.15862361579623513,1.3782876275949838,566.0,88.17253877432017,0.9148704573805473,0.986922406277245,3.7061682406641725
ID8548,8548,0,615.0,208.0099645099645,301.6777231777232,0.0,38.0,38,13.94016447231539,1,,959.1156351791531,954.0,447.0,1443.0,588897.0,170.00353508416524,0.6462145719763857,4.429281878095956,-0.062160835774396545,0.012607644532914911,16.233032493595783,12.200759471265364,-0.24956765420247967,1.3304936083550398,610.4999999999999,91.6630156328547,0.913076678252772,0.979935794542536,3.7098069193757595
ID7909,7909,0,590.0,205.3973277074543,296.39789029535865,0.0,10.0,10,13.73312082390219,1,,877.3631756756756,887.0,383.0,1383.0,519399.0,168.86830899287924,0.6197707823521228,3.9759304735583343,-0.07940368634993937,0.04611090475700915,16.314953745959695,11.76888066791649,-0.20232593992947492,1.3862791378653703,592.5,89.70482937145489,0.9252659275480567,0.9875,3.685289816806765
ID8293,8293,0,612.0,205.45948885263732,298.69548667754214,0.0,28.0,28,13.968677826861914,1,,928.2398042414355,928.0,339.0,1484.0,569011.0,183.7240566754087,0.6382614328134456,3.936765558331893,0.006925625791620052,0.032803047975072684,16.47297180098445,12.042003841972669,-0.26728872666981657,1.367959354369872,613.0,91.52777941388311,0.9195270016346421,0.9855305466237944,3.6967721920873022
ID8294,8294,0,607.0,205.32801853366038,297.9180975742709,0.0,27.0,27,13.951576806991673,1,,932.2852459016393,945.0,344.0,1480.0,568694.0,189.39175117766626,0.6421452098848305,3.8498112445427832,-0.055181449105238894,-0.011364213193769424,16.667120244962152,11.903711454069594,-0.19817783043036535,1.4001616478416958,611.4999999999999,91.41433695740854,0.9195549746274966,0.9910858995137761,3.696715963492267
ID7847,7847,0,591.0,205.5492264416315,296.1059071729958,0.0,9.0,9,13.733120823902192,1,,879.2138047138047,891.0,378.0,1360.0,522253.0,163.67432521083805,0.6199887883128171,4.111646433954957,0.0066036367610627575,-0.0592505599892326,16.12739544086512,11.913142205630262,-0.23208882854595556,1.3537482523496749,592.5000000000001,91.18598019354921,0.8954515178941034,0.982587064676617,3.746139049563414
ID8295,8295,0,619.0,206.51044176706827,300.4025435073628,0.0,31.0,31,14.07650184347694,1,,927.096618357488,918.0,417.0,1511.0,575727.0,163.5693707175434,0.6367916192365322,4.410186506353313,-0.06098097896928074,0.06053225371637491,16.418088738110193,12.303067551350136,-0.2602212026108207,1.3344711527905473,622.5,92.54551492392554,0.9133525958399006,0.9834123222748815,3.7092465233709926
ID8428,8428,0,608.0,207.07236842105263,301.2445175438596,0.0,34.0,34,13.911592676604096,1,,951.004942339374,951.0,408.0,1520.0,577260.0,174.1719636245361,0.6419456758850881,4.269470479121391,-0.041976265788879426,0.036507548620492984,16.173514707330586,12.179852467518115,-0.30367028233773863,1.3278908550381037,608.0,91.42597986242392,0.9140589303858321,0.9822294022617123,3.7078130953887216
ID8302,8302,0,609.0,206.0958605664488,298.47521786492376,0.0,30.0,30,13.957279475043833,1,,929.6862745098039,925.0,425.0,1430.0,568968.0,171.11608106543133,0.6380131830212705,4.232411144874403,-0.042791914133551115,0.07799892509620451,16.216666915780422,12.259468763738758,-0.2901514690721574,1.3227870822385326,612.0,91.48354459177865,0.9189149550303379,0.9823434991974316,3.698003111351046
ID8051,8051,0,602.0,206.2607481853713,297.89782244556113,0.0,15.0,15,13.785173268832098,1,,894.1636060100167,900.0,359.0,1410.0,535604.0,178.0346437981274,0.6278413136594527,3.874184405664285,-0.06668852746245846,-0.011580828567812321,16.188285635186716,11.999541233076403,-0.17293671276568,1.3490753788623313,597.0,91.30576177461587,0.899886686773911,0.9819078947368421,3.73689606264162
ID8372,8372,0,621.0,207.7589908749329,300.914653784219,0.0,33.0,33,14.059531973722807,1,,939.9790660225443,940.0,372.0,1588.0,583727.0,182.04711694192858,0.641482679899983,4.035645428122954,-0.0340090704198567,0.026108966430335587,16.119172682126496,12.464505539741936,-0.27923004738767687,1.2932059463355356,620.9999999999998,91.59650694366077,0.9301299741982759,0.988853503184713,3.675641209363062
ID8567,8567,0,572.0,206.0423925667828,294.98141695702674,0.0,0.0,0,13.517021664164623,1,,826.5278745644599,829.0,388.0,1225.0,474427.0,155.61897495086868,0.6015966786089628,3.990039732677294,0.002738362512172667,0.04867686690708267,16.00107302880817,11.575574573031613,-0.2689378102508987,1.382313502267692,573.9999999999998,88.63829047114878,0.9180768016479394,0.9879518072289155,3.699690762491141
ID7799,7799,0,572.0,205.14886164623468,295.4022183304145,0.0,5.0,5,13.481652161769508,1,,865.4318181818181,870.0,344.0,1289.0,495027.0,156.50022152090696,0.6086465640021441,4.184585408018289,-0.08701070193332736,-0.012590375553726982,15.483567398563267,11.871492888121107,-0.2059718046038715,1.3042645558130677,571.0,89.22623055560751,0.9012823782076156,0.9735720375106566,3.734001534430402
ID7800,7800,0,567.0,205.47838153666376,295.4304703476483,0.0,7.0,7,13.475748219221543,1,,883.9525483304042,889.0,385.0,1368.0,502969.0,168.7454314394877,0.6165550604206496,3.9958418334999934,-0.015231380341184887,-0.17152786937289785,16.03640746433302,11.714529480309492,-0.23580285769519235,1.3689331262760496,570.5000000000001,89.37583305917961,0.8974810908308627,0.9836206896551728,3.7419008735238335
ID8121,8121,0,594.0,204.3048780487805,297.04022988505744,0.0,21.0,21,13.756279560123208,1,,920.6336134453782,924.0,385.0,1484.0,547777.0,185.11326102404092,0.6347140977874868,3.8620298680896226,-0.005139726097537996,2.0867246858672145E-4,16.222478900809115,11.861668095210467,2.8788167378904927,1.3676389164319533,594.5,90.93270280809683,0.9034861994616306,0.9875415282392026,3.7294446877112275
ID8505,8505,0,599.0,209.00779076238175,300.5459098497496,0.0,41.0,41,13.808244704671576,1,,975.1747088186356,980.0,423.0,1455.0,586080.0,166.79340842078688,0.6482747409346308,4.598996069285924,0.09415132602420043,0.06439573763431486,15.979813446521186,12.206384574216823,-0.2456461812251559,1.309135669891547,599.0,90.66826288627148,0.9156428239028194,0.9811629811629812,3.704604790317603
ID7995,7995,0,589.0,205.11111111111111,297.7925170068027,0.0,16.0,16,13.680870333281758,1,,898.4455782312925,896.0,369.0,1376.0,528286.0,162.41488536748275,0.6265634600624471,4.26176985913997,0.033906462300239776,-0.055769780663648766,15.867923065580088,12.142479109034168,-0.20815596897043018,1.3068108187045708,588.0,89.6227365381992,0.9199215422616345,0.9924050632911392,3.69597936184573
ID8319,8319,0,605.0,204.68454345434543,298.1889438943894,0.0,23.0,23,13.888692920047484,1,,927.7491749174917,925.0,378.0,1522.0,562216.0,189.94779567545055,0.6363401387398221,3.79876168691833,0.041081405679303774,-0.022404379944454766,16.28679967348953,12.189758296863847,-0.19477863098325968,1.3361052185653066,605.9999999999999,90.90166980069195,0.9215921487023545,0.9893877551020405,3.6926279185437343
ID7810,7810,1,594.0,460.0408593091828,87.11162594776748,0.0,1.0,1,13.74470506959243,1,,725.0521885521886,724.0,334.0,1153.0,430681.0,152.22443591831453,0.062142459071921154,0.5573404384567211,0.023647131485869905,0.08537332194958472,16.948079826330915,11.424640637228531,-0.9267598955803978,1.483467214811432,593.5000000000001,92.30202032357579,0.8754032874660556,0.9721539721539721,3.788792712779465
ID8002,8002,1,585.0,455.9684375892602,88.45772636389603,0.0,20.0,20,13.628419519087378,1,,817.9948364888124,835.0,367.0,1216.0,475255.0,165.36274120910286,0.19991841024004114,1.64832925937665,-0.024895526535290147,0.015050400627458058,17.523527165475038,10.916658569453928,2.160501732265474,1.6052097859419998,583.5,92.44827376124906,0.8579324841823638,0.9765690376569036,3.8271754842898194
ID8131,8131,1,560.0,455.22907290729074,87.19036903690369,0.0,29.0,29,13.297411092956994,1,,880.7960288808664,882.0,456.0,1390.0,487961.0,167.9391947960887,0.34020187943159613,2.6626848232716585,-0.08671648252166424,0.009596881382775311,17.662596919985265,10.275843416867083,-0.943815053220542,1.7188464443700397,555.5,91.65991900348337,0.8308736555069562,0.9728546409807356,3.888995472057457
ID7940,7940,1,583.0,455.416095890411,88.95576484018264,0.0,18.0,18,13.634257351661434,1,,813.929794520548,819.0,352.0,1316.0,475335.0,176.1093732819527,0.1897925170990357,1.4744916685225558,0.0968513165000201,-0.012714614208636264,17.70091703439206,10.678639749429644,-0.9819512927225844,1.6576003545149542,584.0000000000002,92.92040542535965,0.8499639753651034,0.9741451209341121,3.8450737350673525
ID8516,8516,1,636.0,456.84013071895424,86.73607843137255,0.0,39.0,39,14.245088713032525,1,,806.967032967033,808.0,460.0,1215.0,514038.0,142.14321055784652,0.3208844230909162,2.758312608753304,-0.06127733614678191,-0.11972607093375558,18.111234861281865,11.418398278975879,2.01681038958054,1.5861449582319413,637.5000000000002,97.55569470913618,0.8417532487742105,0.9770114942528737,3.8637812567853485
ID8138,8138,1,615.0,454.870642701525,89.02859477124183,0.0,22.0,22,13.957279475043833,1,,805.9690553745928,817.0,335.0,1302.0,494865.0,180.05914567540694,0.2719782442307489,1.914201537488299,0.05566987439423931,-0.03332684565751144,17.835762358594906,11.143078174601488,2.219172803305465,1.600613589811127,611.9999999999999,94.14006837379755,0.8677852566855923,0.9784172661870498,3.8053867206670184
ID7884,7884,1,591.0,459.3486638537271,89.08565400843882,0.0,11.0,11,13.73312082390219,1,,780.5263157894736,779.0,361.0,1170.0,459730.0,153.71257545796485,0.2049825425055524,1.7276042632893833,-0.04164338796207503,0.01097886661572918,17.381459908020062,11.3372489986822,-0.8841155874703718,1.5331285314488918,592.5,92.64891279533482,0.8673962973413007,0.9769167353668591,3.8062398340787094
ID7948,7948,1,613.0,455.42906053136124,88.10010955902492,0.0,16.0,16,13.917311728305743,1,,788.6600660066007,790.0,347.0,1198.0,477928.0,174.64093966650236,0.10842477903181479,0.8834787474240362,0.11496023375015033,-0.030923293085635004,17.49786088439228,11.172231205597734,-0.9506902472166479,1.566192156462458,608.4999999999998,95.52687734246888,0.8379522737680553,0.9697211155378485,3.8725344518834164
ID7885,7885,1,586.0,458.7102564102564,89.56267806267806,0.0,10.0,10,13.64592552440169,1,,785.2136752136752,783.0,318.0,1198.0,459350.0,162.6718600718749,0.15446770330418777,1.2916989873370606,0.19729838973825564,-0.044363378939640194,17.184366499700563,11.055488088705891,2.2599160841984927,1.5543742946325305,585.0,92.98278686882726,0.8502773547807921,0.9741881765195668,3.844365096879976
ID8398,8398,1,588.0,454.92323059360734,86.59332191780823,0.0,34.0,34,13.63425735166143,1,,847.5513698630137,838.0,432.0,1296.0,494970.0,159.99551054434832,0.31985282175397756,2.56751453235669,0.03551866863477918,0.08726419472442815,18.61936427480916,10.091848259665262,2.0169047096174397,1.8449905107299691,584.0,93.63816444680624,0.8369835597212961,0.9856540084388183,3.8747748147046868
ID7759,7759,1,597.0,457.5593220338983,88.99293785310735,0.0,9.0,9,13.704117368456696,1,,775.0271646859084,779.0,352.0,1142.0,456491.0,152.40496964019565,0.11363121653594455,1.0377770247709817,0.14629049795029808,-0.030159062237304635,17.017574571486264,11.225331955552031,-0.8752238036536524,1.5159974456763747,590.0,92.28603074305616,0.8705424257144075,0.9695973705834018,3.799355759462811
ID7951,7951,1,598.0,457.76823134953895,89.019418832076,0.0,13.0,13,13.779399374015947,1,,776.5253378378378,781.0,372.0,1112.0,459703.0,140.71302365192207,0.14969719913180865,1.4370819444367655,0.010487360303570448,0.04697469892146014,17.241686572370288,11.315438366713908,2.2033668910524797,1.5237312080713854,596.4999999999998,93.53639678900927,0.85675971962361,0.9778688524590162,3.8297939785722734
ID8015,8015,1,584.0,456.00886220697544,88.75671812464265,0.0,19.0,19,13.622579184763437,1,,813.7474226804123,830.0,375.0,1277.0,473601.0,170.32987065820447,0.24426918641694365,1.8757853721641375,-0.10524052608619379,-0.003497827465945393,17.43303123204683,10.974704654028073,2.1572374071059612,1.5884738388516306,583.0000000000002,91.6744575759117,0.8717294552722139,0.9790092359361883,3.796768096570859
ID8463,8463,1,594.0,457.9105588317889,87.60418421791633,0.0,37.0,37,13.744705069592428,1,,848.4672268907563,848.0,429.0,1376.0,504838.0,169.0724851572439,0.4524545642602278,3.1265440305744323,-0.016829670126800686,0.04961342147356561,18.025729170122077,10.774472498601373,1.9904333892274908,1.6730034043394686,593.5,92.69795159933916,0.8679412165816328,0.9842454394693201,3.8050448113480013
ID8212,8212,1,556.0,454.3573130771522,86.4818290140006,0.0,28.0,28,13.345200684884094,1,,868.4089285714285,872.0,366.0,1366.0,486309.0,176.07330638817342,0.25382191497076967,1.9968894196850202,0.16436253193758302,-0.17815032656537755,18.145650978234414,10.027073097553464,2.1329421462885154,1.8096657720249218,559.5,92.12651858230824,0.828401040114108,0.979002624671916,3.8947950937546016
ID8340,8340,1,612.0,455.3592351505289,86.18266883645241,0.0,32.0,32,13.98575793655601,1,,813.5866013071895,814.0,431.0,1267.0,497915.0,142.27730702800181,0.24092344710146887,2.2204051437811394,0.03340712520897383,-0.06365919314877158,17.954731382104402,11.134424310218204,-1.0724705767868086,1.6125424073903052,614.5000000000001,95.02172487222643,0.8552359179590185,0.9761715647339162,3.833204294457596
ID8534,8534,1,617.0,457.8287150230916,87.00638413474599,0.0,38.0,38,13.974373516324643,1,,831.6748366013072,828.0,439.0,1355.0,508985.0,152.45563488972635,0.43447217007748756,3.3045316245577454,-0.23277886515298093,-0.15057556430497346,18.14127690860318,11.21062784518738,2.0204504626921476,1.6182213127689424,613.5,94.68997716222987,0.8598375503655165,0.9855421686746986,3.8229333657710662
ID8473,8473,1,584.0,455.05011454753725,86.72107674684995,0.0,41.0,41,13.610890997982688,1,,874.0497427101201,883.0,456.0,1312.0,509571.0,149.54000233396968,0.1765893201758926,1.7544794854185553,-0.3636994432821019,-0.1909687926299927,17.787018190591535,10.996237104257235,-1.0799451220623,1.6175549892158314,582.0,93.76789274260572,0.8318107646031562,0.9822784810126582,3.886804204400895
ID8219,8219,1,566.0,453.8724097098875,86.52042628774423,0.0,27.0,27,13.386876630546581,1,,860.2142857142857,864.0,462.0,1302.0,481720.0,158.37563353697,0.21866565083528014,1.949145582409517,-0.01776262921715578,-0.051998679859614955,17.71721126839134,10.415607343291429,-1.028845865247383,1.7010252676050415,563.0000000000001,91.67258890657807,0.8418588198199105,0.9740484429065746,3.863538985630826
ID8222,8222,1,603.0,455.9439834024896,86.2612724757953,0.0,31.0,31,13.848527229483064,1,,829.4533333333334,834.0,385.0,1236.0,497672.0,162.8373559610412,0.25751416250134723,2.0862009770728775,0.022393205918939615,0.012782181974694438,17.50723605827415,11.094215085617703,-1.0627786023991856,1.5780508961801314,602.5,95.41536273485377,0.8316302994325172,0.9655448717948718,3.887225903042449
ID8414,8414,1,558.0,456.46975142258157,87.67340521114106,0.0,36.0,36,13.30937457814151,1,,885.1561938958707,891.0,469.0,1337.0,493032.0,170.37644213449352,0.4708186242669838,3.3260967427519916,-0.024255433181754774,-0.060957878789289,18.001192131252346,10.052532076518192,-1.129747740505708,1.7907122299367246,556.5,93.9557152079313,0.7921886704933834,0.9578313253012049,3.982819442331481
ID7969,7969,1,602.0,459.2473915431082,89.54914881933004,0.0,12.0,12,13.900147514093543,1,,772.6836902800659,778.0,348.0,1111.0,469019.0,153.9473854043257,0.1971777529379042,1.6533267742560214,0.03109121403569065,-0.1288540541580788,17.24362477362205,11.634499224909845,2.253827605517606,1.4821114721210245,606.9999999999999,92.41056500852085,0.8932135526122621,0.9845904298459043,3.750829128590741
ID8227,8227,1,624.0,455.0646806226517,86.50348899624261,0.0,30.0,30,14.05953197372281,1,,814.0626003210273,821.0,398.0,1219.0,507161.0,161.93340776622873,0.28331552589527376,2.2196692695228153,0.0930869690878413,-0.06384543940830996,18.160552295510616,11.13005371003039,-0.9806654539170097,1.6316679836993373,621.0,96.1976331031523,0.8432817295983033,0.9771833202202989,3.8602780419849405
ID8419,8419,1,625.0,456.1842245278,86.7098962490024,0.0,40.0,40,14.121655132956082,1,,827.5505617977528,821.0,419.0,1272.0,515564.0,164.49297601919582,0.2573988335260137,2.0597319080872607,0.009477655056093163,-0.026320024880521854,18.065079549791424,11.322866358032844,-1.0910537516349306,1.5954510967954165,626.5000000000001,95.10734763260712,0.8703677668188616,0.9819749216300944,3.799736953492643
ID7972,7972,1,618.0,456.23371335504885,88.53338762214983,0.0,15.0,15,13.980066885278035,1,,780.6944444444445,781.0,355.0,1191.0,477785.0,168.15329817633554,0.1313773993209503,1.0782484837995725,-0.05542662813838899,-0.09821354555649917,17.027428300359897,11.890538753060166,-0.8989566159253829,1.432014869467348,614.0,93.10264551167047,0.8901315445994473,0.9816147082334132,3.7573169877848613
ID8037,8037,1,604.0,456.88640132669985,88.85323383084577,0.0,14.0,14,13.85427231466257,1,,783.2902155887231,785.0,364.0,1168.0,472324.0,159.59850066881629,0.16634646633294464,1.3999415126720784,0.03232951100137201,0.11770940225813332,17.031351828719963,11.444903246529256,-0.9226638529355704,1.4881167155244266,602.9999999999999,95.72863790095812,0.8268817698139882,0.9678972712680575,3.8983715004486648
ID8361,8361,1,593.0,455.2206214689266,86.4409604519774,0.0,33.0,33,13.704117368456696,1,,838.1530612244898,830.0,459.0,1260.0,492834.0,155.963402777527,0.320470463170433,2.6084946246887046,0.007553739886136068,0.04483790663771477,18.111938962096858,10.590407386577196,-1.1082843359810317,1.7102211747824565,590.0,95.2862983930321,0.8165841827410795,0.9744013212221305,3.9228748238768336
ID8172,8172,1,581.0,454.18719703450245,86.9824636441403,0.0,26.0,26,13.640092685697764,1,,839.6993127147766,843.0,353.0,1276.0,488705.0,176.40183736775907,0.19588321790752508,1.5594058083561506,-0.00932359761525518,0.07088599857143157,17.760197809255505,10.621686717311114,-1.0079140424907618,1.6720694445177073,584.5,93.41289811659158,0.8417452748394836,0.9733555370524559,3.863799557729528
ID8558,8558,1,563.0,460.80676114555655,86.93991733097137,0.0,0.0,0,13.404698085027873,1,,739.040925266904,743.0,340.0,1195.0,415341.0,156.12030907863092,0.09787057282426763,0.8439953767055997,0.2202375921954942,-0.03005096417741253,16.838232317883833,10.928264781956681,2.2038725526855325,1.5407965174567253,564.5000000000001,90.8291127699599,0.8598519219692714,0.9774891774891777,3.8229014172973312
ID8110,8110,1,584.0,455.25496876774565,88.82964224872232,0.0,21.0,21,13.669231989760256,1,,821.3935264054514,830.0,366.0,1326.0,482158.0,181.774051018153,0.2310243165317395,1.6960570162597222,-0.004509832248917762,0.042071915792564085,17.495692953705234,10.934797471438497,-0.9625939054640268,1.6000015546153172,587.0,91.63384722097518,0.878488587485049,0.983249581239531,3.782133637150119
ID7727,7727,1,572.0,457.4478438228438,87.64335664335664,0.0,5.0,5,13.49345229721172,1,,785.1451048951049,793.0,353.0,1360.0,449103.0,176.3222201468156,0.06874097568123176,0.5728172775343311,-0.13461501687444952,-0.09497412114418038,16.687109672398392,11.211538097719453,-0.9295642036061601,1.4883871888900533,571.9999999999999,91.67693155241939,0.8552355693786853,0.9694915254237289,3.833205075633884
ID7728,7728,1,594.0,458.08009024252675,87.87789058093627,0.0,7.0,7,13.715726110367628,1,,768.8228279386713,763.0,343.0,1181.0,451299.0,163.44900141948457,0.06383735779202133,0.5645126266936649,-0.45795109986174126,-0.16888867395488008,17.026883382836058,11.784000981209049,2.22419608668377,1.4449153059294029,591.0,91.71109188209707,0.8829855914364899,0.984179850124896,3.772490229048725
ID8176,8176,1,586.0,453.7605136889641,87.68092012418855,0.0,24.0,24,13.709922968110668,1,,827.5793918918919,837.0,369.0,1236.0,489927.0,165.50110682317884,0.15352374280598488,1.3310297798108925,0.025567477563122287,-0.10723785866288328,17.651723731544262,11.081586280396273,2.1054033828391194,1.5928878127106045,590.5000000000001,92.3518455954028,0.8700387745612838,0.9817123857024108,3.8004552926760407
ID7729,7729,1,581.0,457.7856326763782,87.14295915452728,0.0,4.0,4,13.628419519087378,1,,778.0171821305842,771.0,345.0,2490.0,452806.0,200.3247270356943,0.0454637378219699,0.3377853337501355,-0.0019871403959730526,0.06560879480078846,16.87295023505622,11.160014414287271,-0.9495389098682548,1.5119111507109824,583.4999999999999,92.37278164696095,0.8593353563623346,0.9725,3.824050260234184
ID7730,7730,1,613.0,457.82599837000816,88.153355066558,0.0,8.0,8,13.974373516324643,1,,757.163132137031,754.0,348.0,1196.0,464141.0,154.11380485761168,0.01304554220785186,0.1265351186008398,-0.4272012728549488,-0.04381468023861944,16.997544961693933,12.209059565542443,2.241078889618257,1.3922075545987183,613.4999999999999,93.96816122231608,0.8730979607010154,0.9839615076182838,3.7937913771114427
ID8178,8178,1,606.0,453.93264746227703,87.16172839506173,0.0,25.0,25,13.905871272834824,1,,811.264802631579,816.0,387.0,1229.0,493249.0,166.70226379929414,0.1516141864058629,1.2813977758981099,-0.04891719207634187,0.07781507227538836,17.737464508071362,11.13560376422779,-1.0329869377597825,1.5928606013309763,607.5,94.25283710877021,0.8593444623610031,0.971223021582734,3.824029999506181
ID7731,7731,1,572.0,458.75739130434783,87.01710144927537,0.0,3.0,3,13.528790949515026,1,,769.2395104895105,765.0,329.0,1384.0,440005.0,167.34290114098616,0.02218734613776028,0.19955340514559322,-0.042903597132926206,-0.22024641328730166,17.020987947962414,11.248999414785358,-0.9368964980961875,1.5131112839770018,575.0000000000001,91.72090685743285,0.8588968870254403,0.9639564124057001,3.8250262300322277
ID7732,7732,1,564.0,459.5981432360743,87.29958738579428,0.0,2.0,2,13.41656590327546,1,,752.6548672566372,762.0,314.0,1109.0,425250.0,155.82804272383115,0.08697967614140278,0.7729948789437094,-0.03223756307629511,0.001245562464692157,16.854255796138855,11.008783032711552,-0.9309427569028136,1.5309826477693345,565.5,91.2196586819809,0.8540151744928306,0.975,3.835942939063923
ID7733,7733,1,576.0,457.9682884448306,86.81885317115551,0.0,6.0,6,13.534671754378515,1,,770.9288194444445,767.0,363.0,1180.0,444055.0,162.30199485284388,0.1059675341310759,0.910229421203617,0.08936809880687786,0.09119217404868116,16.994315842996745,10.871347225031474,2.2567936086076488,1.5632207757900534,575.5000000000001,93.13349566417806,0.8337644695141267,0.9713080168776373,3.8822476885057005
ID7925,7925,1,589.0,454.08730158730157,87.92120181405895,0.0,17.0,17,13.680870333281758,1,,816.9641638225256,821.0,376.0,1279.0,478741.0,175.7442598420195,0.14221111461374522,1.1575480073923872,-0.10453787112446243,-0.21125129994874434,17.50268188192807,11.114038803485686,-0.9230292789114181,1.574826414717818,588.0,93.46796129802024,0.8457882548743298,0.9775561097256857,3.854553758286965
ID8253,8253,1,581.0,454.22385904101674,88.6941074523397,0.0,23.0,23,13.552298857686367,1,,841.734375,841.0,403.0,1328.0,484839.0,172.97221872626528,0.25586951186955514,1.9829087357724064,0.07386630640573905,0.027714907046953743,17.537863195447127,10.736875799858629,-0.9578883607794848,1.6334233088249048,577.0,92.91654744509195,0.8398457889942776,0.9705634987384356,3.8681664829144187
ID8382,8382,1,555.0,454.92321428571427,87.15446428571428,0.0,35.0,35,13.351162356249093,1,,886.483870967742,894.0,417.0,1366.0,494658.0,165.77261228968962,0.40376898718523385,3.0762764983335895,0.06741838349003507,0.22471516644290068,18.19582331890589,10.162351896398498,2.021306733815954,1.7905130135627785,560.0000000000001,92.9765421299116,0.8140500554810478,0.9790209790209791,3.928976008551998
ID8257,8257,2,611.0,376.51553556827474,223.327745979831,0.0,28.0,28,13.951576806991675,1,,828.5711947626842,827.0,358.0,1310.0,506257.0,189.15759607402674,0.5887443884936396,3.2464505471375995,-0.11275354703538484,0.43873350247286824,18.519801542787263,11.039700868563605,1.2576785324174842,1.6775637096765745,611.5,103.96680238068784,0.7109138111665383,0.8999264164827079,4.2043267043877695
ID8066,8066,2,605.0,380.23858921161826,213.40982019363764,0.0,14.0,14,13.848527229483064,1,,791.063122923588,802.0,332.0,1214.0,476220.0,171.41473385887318,0.4521853408458779,2.874004322663295,-0.38759891384025086,0.7907715424494861,17.73450206117778,11.757925809850432,1.0667377013173993,1.5083019188912004,602.5,101.14865803072986,0.7400254655461969,0.9026217228464419,4.120800595263161
ID8194,8194,2,602.0,376.44513371932726,222.59649848359527,0.0,26.0,26,13.871493293733788,1,,823.1611295681063,825.0,430.0,1303.0,495543.0,180.4196779282873,0.5778817885507739,3.3419157066840612,-0.27907532621582004,0.3215937935540272,18.345616686904634,10.935319561985107,1.2219627926840224,1.6776479720519775,604.5,104.35860886740768,0.6975086645492776,0.8995535714285714,4.244535092924933
ID8195,8195,2,600.0,375.3336111111111,220.61666666666667,0.0,24.0,24,13.81976597885342,1,,822.8652246256239,824.0,409.0,1318.0,494542.0,179.23396294227024,0.5841506193993504,3.3858426181299874,-0.16782942085420377,0.3966050401762832,18.589225395876465,10.666096870214895,1.2955594374231403,1.7428329802429348,600.0,101.13582356578397,0.7371418762563791,0.9104704097116844,4.128852707538617
ID8387,8387,2,404.0,387.78418009087153,217.83126807104503,0.0,35.0,35,11.333050739988751,1,,1124.196029776675,1146.0,468.0,1722.0,453051.0,308.7565638259226,0.6083965740625863,2.75454241642226,-0.5751617840104962,-0.1924575078860769,15.082413588428158,9.417942080458582,2.001674707269191,1.6014553348892289,403.50000000000006,86.4205987127349,0.67892040499275,0.8696120689655173,4.302248592750416
ID8196,8196,2,609.0,375.9332784184514,221.80560131795716,0.0,25.0,25,13.900147514093547,1,,818.5860927152318,815.0,376.0,1284.0,494426.0,180.8606773612042,0.5813446416166385,3.3278009939458215,-0.18330057568571903,0.2274840949805846,18.76429290715812,10.8206331823476,1.2687770062920143,1.7341215242163024,607.0000000000002,103.0893974861703,0.7177456223923827,0.9086826347305396,4.184269568142376
ID8261,8261,2,611.0,376.7949876746097,222.77581484524788,0.0,27.0,27,13.917311728305748,1,,829.5617792421747,829.0,356.0,1335.0,503544.0,189.23959106696495,0.58179069536811,3.2246641090882835,-0.49446374798810316,0.15604195799789003,18.723564121416416,11.14462677381624,1.196371284660635,1.6800530427278662,608.5000000000002,101.97935640138002,0.7352684195566802,0.902149740548555,4.134109499145855
ID8521,8521,2,550.0,404.28062939199515,219.2567980446074,0.0,39.0,39,13.177178867772032,1,,1789.9579524680073,1751.0,680.0,3192.0,979107.0,539.3501992424831,0.6206840378550298,2.5419921399186207,0.017798118962262546,-0.18472530702260423,15.670963465207544,11.562933725293957,-1.1415951064382608,1.3552757317052901,545.5,88.21399006750546,0.8809062395683609,0.9793536804308797,3.776940027807843
ID8139,8139,2,614.0,376.86747967479675,224.41842818428185,0.0,29.0,29,13.991446672986726,1,,829.2120717781403,825.0,427.0,1342.0,508307.0,187.10288853939628,0.5912598139249194,3.2934599499973616,-0.6459976756695447,0.38644207109171197,18.687153871572438,11.31584906092327,1.3078964703786609,1.6514142041806041,615.0000000000001,101.94497438090802,0.7436238968466751,0.9044117647058825,4.110818129464613
ID8268,8268,2,612.0,377.5531914893617,225.95444626295688,0.0,31.0,31,13.945871807036522,1,,832.0693069306931,833.0,391.0,1329.0,504234.0,185.3116610403549,0.5829308293548191,3.3070581834077126,-0.2877352189308589,0.18110685275648472,19.126269778681554,10.94338464212994,1.2317896153831394,1.7477471919472765,611.0,100.4088330191888,0.7615654533225727,0.9201807228915664,4.062106583901713
ID7758,7758,2,610.0,385.93631881676254,214.01136674883594,0.0,5.0,5,13.917311728305744,1,,759.0345963756178,763.0,336.0,1204.0,460734.0,157.891617344045,0.4474646931383063,2.97223598369618,-0.6462444241935346,0.2771880613763609,18.581439825655032,11.182893205879754,1.1506820097275716,1.6615950348059536,608.5,104.94594688915289,0.6942871156263309,0.8787003610108302,4.254371190809284
ID8273,8273,2,617.0,376.81221229352826,224.59558624424588,0.0,30.0,30,13.997133097392593,1,,825.1636661211129,827.0,396.0,1304.0,504175.0,183.55942278749546,0.583322435118213,3.312323330116381,-0.12394142985785915,-0.009532200081979476,19.0202413856463,10.825544568476396,1.3091148295074586,1.756977791309693,615.5,103.38092423498033,0.7236975465916934,0.9091580502215657,4.1670276466672185
ID8147,8147,2,613.0,375.95201405785343,218.14179507975126,0.0,22.0,22,14.0084990213908,1,,802.1463414634146,798.0,374.0,1300.0,493320.0,175.7519666848612,0.5676398482036298,3.305293199316548,-0.5416849892160319,0.10164140422474698,18.15223427919041,11.597030733469538,1.2411994469043808,1.5652484412930172,616.5000000000001,104.10838518253045,0.7147785719816374,0.8986880466472308,4.192945039312978
ID7765,7765,2,617.0,385.09874522640484,214.09519912711403,0.0,7.0,7,13.945871807036522,1,,758.2803278688525,764.0,330.0,1174.0,462551.0,153.80737245838515,0.4405499047202676,3.0154312787853184,-0.5508224882667994,0.35720504141099413,18.35011347187331,11.178089204776748,1.184740169592832,1.6416145135102098,611.0,104.90688282966859,0.6976588516929194,0.8759856630824373,4.24407820134274
ID8469,8469,2,266.0,397.19182389937106,208.5685534591195,0.0,37.0,37,9.18434101276213,1,,1274.5056603773585,1281.0,505.0,1787.0,337744.0,249.78478798507297,0.34414572266701426,2.6127737247585654,-0.026267353362550948,-0.01172276192930117,11.822455580015303,7.302348071065978,0.9542355096761468,1.6189937079087344,265.0,64.65856703610805,0.7965326583836888,0.9498207885304659,3.9719441991761864
ID7766,7766,2,605.0,386.8540305010893,213.89978213507626,0.0,4.0,4,13.957279475043833,1,,753.0279146141215,753.0,296.0,1143.0,458594.0,161.39736496257035,0.4430451635513881,2.864921375888328,-0.5293744235777051,0.24025705265265268,18.339203907913216,11.040934700047892,1.1718976155859033,1.6610191443151698,612.0,106.08527239590747,0.6833624237589665,0.8774193548387097,4.2882429746151765
ID7896,7896,2,616.0,382.71593968766825,213.2393645665051,0.0,10.0,10,14.036873567421145,1,,770.7022653721683,783.0,350.0,1258.0,476294.0,170.82948181949482,0.4368928165061654,2.7434960424621986,-0.48576948633868666,0.3631239663048552,18.130706901350038,11.78110809103952,1.1456964801736864,1.5389644812052865,619.0,104.49948167722044,0.7123152468875403,0.886184681460272,4.200188793127319
ID8472,8472,2,187.0,395.2920072661217,226.1739327883742,0.0,37.0,37,7.642634631769701,1,,1082.908108108108,1053.0,466.0,2034.0,200338.0,247.52708940285532,0.2523427054182115,1.7630573128672318,-0.46652198879945683,-0.04720199802095525,10.448795582317262,6.272297904679755,-0.7712905629502674,1.6658640487278873,183.5,56.471529289542815,0.7230808082600919,0.9106699751861043,4.168804362271934
ID7897,7897,2,604.0,382.1832641770401,213.06320885200552,0.0,11.0,11,13.848527229483064,1,,781.9850249584026,788.0,377.0,1203.0,469973.0,163.8209025390463,0.4574361200732796,2.9964017607608713,-0.06419901314503541,0.85912028608768,18.4706820250499,11.569674238338175,1.1240403167599404,1.59647381979382,602.5,102.81206964264469,0.7162732162438445,0.8965773809523809,4.188568054505811
ID8346,8346,2,599.0,377.9334716459198,225.11825726141078,0.0,32.0,32,13.848527229483064,1,,838.5993322203673,839.0,393.0,1326.0,502321.0,186.13297580447053,0.5903280563512339,3.3447825648818448,-0.7149913450185591,0.48047856166955605,18.115035257057993,11.757188321178766,1.215250210937238,1.54076253286056,602.5,98.32565340013107,0.7831288674361845,0.9290670778720124,4.005791267520345
ID7771,7771,2,594.0,387.6110183639399,213.61129660545353,0.0,2.0,2,13.808244704671576,1,,745.7835570469799,747.0,341.0,1130.0,444487.0,151.63843041232778,0.4352291228005303,2.982841857102433,-0.4171001847203256,0.2661526191306623,17.791083881473313,11.14981066476482,1.1653194835947438,1.595639999313708,599.0,105.60401268855561,0.6749565949837154,0.8693759071117562,4.3148629832415235
ID7772,7772,2,615.0,385.1455627705628,213.50108225108224,0.0,8.0,8,14.002817212590298,1,,764.0016313213703,767.0,377.0,1238.0,468333.0,161.22187143002589,0.452756578347011,2.9537398479585955,-0.34810965036959035,0.20146830576267583,17.94415512721066,11.241107948686333,1.170825957461153,1.596297732316294,616.0000000000002,105.06194267864579,0.7012933523823809,0.8940493468795357,4.233066302778547
ID8412,8412,2,512.0,381.9773541870316,220.0086347344412,0.0,34.0,34,12.759917977127005,1,,934.931640625,916.0,422.0,1584.0,478685.0,220.11964638109677,0.5850507401740547,3.135461054571834,-0.5188752642060616,-0.2182808853590715,16.540991940720033,10.759873749188671,1.8536778634084878,1.5372849464862242,511.49999999999994,92.54408757101801,0.7505128738502993,0.9093333333333332,4.091907982488126
ID7773,7773,2,595.0,387.02396972245583,213.9524810765349,0.0,3.0,3,13.756279560123208,1,,754.0084175084176,759.0,338.0,1192.0,447881.0,159.26114690610822,0.45730966615403373,2.971357358530516,-0.5224595327370611,0.5100849753793092,17.878449654627563,11.153306804796399,1.2074930353003352,1.602972998728867,594.5,103.94375280543957,0.6914566181202048,0.877490774907749,4.26306999297175
ID7966,7966,2,610.0,378.2737803216135,214.18819841918778,0.0,16.0,16,13.951576806991675,1,,782.8140293637847,790.0,296.0,1180.0,479865.0,178.36233408754217,0.48477767104856306,2.865936933071804,-0.2848111802393484,-0.004242691312542374,18.34754656559638,11.444141495996382,1.1093447623756245,1.6032261198461315,611.5,102.62652390270696,0.7296038001493912,0.8940058479532164,4.150127013070362
ID8286,8286,2,616.0,375.7607046070461,219.5739837398374,0.0,23.0,23,13.991446672986722,1,,812.2332789559543,815.0,350.0,1256.0,497899.0,179.1012039145538,0.5763926059539957,3.3163952300500803,0.10329266447510815,0.30569431534128866,18.63489209608794,10.809096454399885,1.2789544842304377,1.724000907448886,614.9999999999998,103.29424217907632,0.7243237944195621,0.9084194977843426,4.165225858338906
ID8542,8542,2,597.0,399.5695603784084,216.42459654980522,0.0,38.0,38,13.808244704671575,1,,1690.4474123539233,1712.0,698.0,2670.0,1012578.0,457.6068329191149,0.6199818096056054,2.8275348694383897,-0.30821104905334784,0.5471845677872325,17.297297448880634,11.916238370944107,1.8592798204417684,1.4515736351042963,598.9999999999999,94.38897409471082,0.844878298123891,0.9637972646822204,3.856628928945496
ID7776,7776,2,606.0,386.0137061403509,213.00082236842104,0.0,6.0,6,13.911592676604096,1,,760.9095394736842,763.0,361.0,1219.0,462633.0,160.2971192278155,0.4437255037762939,2.917877597706401,0.12513981818859513,0.4212315076970113,18.527820865202077,10.889806775861295,1.1865460188012413,1.701391149223277,608.0,106.13472385664403,0.678263512649753,0.8908424908424909,4.30433143383646
ID7970,7970,2,600.0,377.51929969671903,215.4332781913427,0.0,18.0,18,13.871493293733787,1,,795.3163097199341,801.0,359.0,1256.0,482757.0,177.43065055580558,0.5046548370833751,3.0067602084584517,-0.21546924720826308,0.4048417239878547,18.724291402389376,10.879234627694323,1.1914838631598428,1.7211037396623998,604.4999999999998,101.21053781521822,0.7415743571554215,0.9145234493192129,4.116494884253539
ID8034,8034,2,586.0,376.1097422826395,216.22953837439817,0.0,20.0,20,13.686685793834853,1,,812.7260273972603,816.0,428.0,1256.0,474632.0,157.77062928661655,0.5449362295887921,3.633985004437831,-0.30683755676723473,0.4897450821213642,18.203850282191098,10.983928479249318,1.206517930322017,1.6573168986471056,588.4999999999998,101.90910950240982,0.712082508344267,0.9019157088122604,4.200875136315784
ID7843,7843,2,575.0,387.9471544715447,213.30023228803717,0.0,1.0,1,13.517021664164627,1,,759.2586805555555,763.0,392.0,1118.0,437333.0,159.63387706600886,0.46113561177170964,3.00215310369303,-0.26160681378213413,0.8786793719356023,18.46701309571858,10.956190202132364,1.1380296180202483,1.6855323570527658,574.0,102.17577560217774,0.6909169867415902,0.8763358778625954,4.264734474643183
ID8483,8483,2,195.0,411.7250859106529,211.59364261168383,0.0,41.0,41,7.858251581595959,1,,1775.8556701030927,1688.0,962.0,2886.0,344516.0,460.7681801606014,0.3543213133890175,2.016650999979396,-0.00893335650279759,-0.0035817096228707122,10.969623166498112,5.962955862670059,-1.400880270354686,1.8396284358184392,194.0,55.266747421229056,0.7981486470408892,0.9897959183673469,3.967921221133724
ID7974,7974,2,602.0,381.2155963302752,213.73324993049764,0.0,13.0,13,13.814006542896324,1,,785.7770382695508,795.0,395.0,1216.0,472252.0,161.8770836320371,0.451961410111584,3.02197062841699,-0.3508524196395663,0.5324047043306883,17.57428884879421,11.47105182974792,1.101603609220245,1.5320555699363807,599.4999999999999,102.15307053043101,0.7219318477397121,0.8855243722304282,4.172120386776987
ID8486,8486,2,329.0,401.7176767676768,222.80656565656568,0.0,41.0,41,10.249012754438885,1,,1800.330303030303,1851.0,775.0,2829.0,594109.0,480.23000757257984,0.5196381907971249,2.563856748194769,-0.32172971456492255,-0.2738002276437383,15.356485821375573,7.587361662919944,1.500087996968881,2.0239559551278505,330.00000000000006,78.70747770792676,0.6694094112399883,0.9335219236209336,4.332704050045906
ID8044,8044,2,595.0,376.60709279506585,215.86921783010933,0.0,19.0,19,13.756279560123208,1,,810.7193277310924,810.0,313.0,1249.0,482378.0,176.86590693682135,0.5221504095237327,3.1448102850596484,0.13859761974569396,0.7630567963205267,18.886254302180873,11.049655926503144,1.1702850897700774,1.7092165066317824,594.5,101.04067030446562,0.7317610439241697,0.9069412662090007,4.144005176058811
ID8430,8430,2,378.0,393.7618101545254,217.51854304635762,0.0,36.0,36,10.961842091290176,1,,1177.002652519894,1221.0,559.0,1614.0,443730.0,224.29581885235305,0.49542387288380924,3.476953479059547,-0.12878224810363212,-0.1005824700420862,15.242906073355964,8.35827889514499,1.6300114305261006,1.8236895734850385,377.50000000000006,84.51089664114483,0.66420386893193,0.892434988179669,4.349649190723122
ID8367,8367,2,563.0,376.3219628964692,222.87672052663075,0.0,33.0,33,13.315352289908494,1,,894.1410488245931,899.0,368.0,1434.0,494460.0,208.9378548052916,0.6138215495595296,3.255408689026615,-0.06273343413587866,0.49610402602632764,17.35925926498328,10.497111715936503,1.262863741185433,1.6537176829916749,557.0,97.45199440776187,0.7370273360447146,0.9071661237785016,4.129173524194551
ID8432,8432,2,206.0,410.1521739130435,211.80837359098228,0.0,40.0,40,8.117274569709014,1,,1734.4663461538462,1807.0,966.0,2538.0,360769.0,355.3954031522552,0.33023305116976137,2.423130868666198,-0.31120711082195796,0.40179875643872864,9.125598417177722,8.000914704567554,1.0276725826442794,1.1405693916431967,207.0,54.52426996798896,0.874984763534685,0.981042654028436,3.789698734754992
ID8562,8562,2,589.0,388.00084889643466,212.26542161856253,0.0,0.0,0,13.692498784453214,1,,756.4795918367347,767.0,322.0,1149.0,444810.0,164.43217433818842,0.45432267295854406,2.874379111880449,-0.5853690023706901,0.5026009280863092,17.73955981814153,11.193227416548543,1.2018141557525426,1.5848476188301694,589.0,105.7019909822328,0.6624587235759786,0.8668138337012511,4.355374662523008
ID7986,7986,2,600.0,381.7405412869373,213.94545705606185,0.0,12.0,12,13.86001501845931,1,,784.8675496688742,786.0,359.0,1235.0,474060.0,172.89526255573946,0.4577687298538312,2.851023311800581,-0.5017217603602042,0.3780045163721528,18.257162236402618,11.392024406703017,1.168492198263043,1.6026266785085348,603.4999999999998,102.28751513046272,0.7248395492193946,0.906836964688204,4.163743725149702
ID8116,8116,2,583.0,376.0275163957799,217.16181921870543,0.0,21.0,21,13.640092685697764,1,,811.0392491467577,806.0,377.0,1304.0,475269.0,161.27894875516768,0.5586149973325699,3.6046900178563903,-0.13954541232886308,0.40068093110736,18.76194384090841,10.738009121217312,1.2273702925054686,1.7472460331437552,584.5,101.42529173167871,0.7140059788389949,0.9040989945862336,4.195212922805608
ID8436,8436,2,334.0,400.09840558046835,222.02067762830097,0.0,40.0,40,10.318655771391834,1,,1856.4776119402984,1946.0,707.0,2882.0,621920.0,523.9349550012141,0.5433015223804136,2.4947812728877796,-0.3183060788915845,-0.14280407811150894,13.882774284457192,8.205841049915517,1.3561001130812407,1.691816134386386,334.5,73.8397821658166,0.7709481533374583,0.9584527220630372,4.037312308148627
ID7797,7797,2,621.0,383.83121188013786,213.07597454256165,0.0,9.0,9,14.144177723236952,1,,766.5007974481658,771.0,270.0,1209.0,480596.0,169.22383776446407,0.4210540673513854,2.684159576669792,-0.0923926696269532,0.5371599926998119,18.196871552352757,11.76529841644214,1.1368348767402443,1.5466561839963548,628.5,104.99906044875424,0.716381430991038,0.8902266288951841,4.188251685367764
ID7930,7930,2,607.0,377.7134430727023,213.54307270233198,0.0,17.0,17,13.905871272834824,1,,796.9967213114754,798.0,352.0,1291.0,486168.0,174.72716706928205,0.4913498904654229,3.0056431143649798,-0.0679500577027681,0.7213043520044459,17.95218992207693,11.665932177911442,1.1526854836707288,1.538856016672893,607.4999999999999,104.82160041182712,0.6947916234731654,0.89010989010989,4.2528263006926315
ID7997,7997,2,612.0,379.109100877193,213.75986842105263,0.0,15.0,15,13.911592676604096,1,,793.1026490066225,796.0,349.0,1321.0,479034.0,168.47198189270242,0.4640819749055797,2.984427395820392,-0.30617544433936,1.3420685588548413,18.079135340590263,12.216251357198313,1.065278043829084,1.479924963228372,608.0,102.91836076251133,0.7213195824284785,0.8856518572469049,4.173890685835775
ID7808,7808,3,632.0,495.72371896460646,308.1798732171157,0.0,7.0,7,14.172280627406867,1,,4216.733755942948,4442.0,598.0,6709.0,2660759.0,1277.9134886826805,0.6798372629663486,2.670806819758098,0.049661334221451144,-8.388356363840701E-4,15.450107836058596,13.336119576506766,-0.12626010089249143,1.1585159946582875,631.0000000000001,91.36174826954823,0.9499711587687827,0.9921383647798744,3.6370537716217046
ID8001,8001,3,649.0,494.6511179645335,310.369956309432,0.0,16.0,16,14.367461891029611,1,,4299.629230769231,4485.0,745.0,6566.0,2794759.0,1118.1626724963933,0.7137195934061723,3.2029036139630866,-0.02756907762589951,-0.00328756706294633,15.569415530125692,13.551199215200361,3.1090688591426465,1.1489326725166509,648.4999999999998,93.70543791971458,0.9280903460722844,0.9840667678300452,3.679677899761268
ID7876,7876,3,637.0,497.0853594771242,305.0665359477124,0.0,1.0,1,14.245088713032523,1,,3910.7899686520377,4167.0,478.0,6556.0,2495084.0,1379.8878858376986,0.6333276762454896,2.1978893879194445,0.17153735622566305,0.00839094370437988,15.6961333288392,13.270350230634502,2.9312062718746046,1.1827972175598498,637.5000000000001,93.20749118223112,0.9221220693744321,0.9815242494226332,3.6915667352442467
ID8453,8453,3,687.0,494.26274079492805,312.1688612533528,0.0,36.0,36,14.75007821018658,1,,4607.758064516129,4805.0,725.0,6717.0,3142491.0,1139.7740553848428,0.7149743575533776,3.3708057958657514,0.044917186126545425,-0.012228656128514972,15.951364841340986,13.920099101823915,0.042732188617819744,1.1459232240128894,683.5,96.18706411270638,0.9283570604700919,0.9806312769010043,3.6791492811849094
ID8326,8326,3,671.0,494.39311459110115,310.3642803877703,0.0,23.0,23,14.609133399563152,1,,4424.328358208955,4619.0,740.0,6795.0,2964300.0,1169.1972804704449,0.7212141044597533,3.1711651905700573,0.026078222927282044,0.03696379327542259,15.916139440165786,13.713959446746092,-0.20012146020534327,1.1605794447600037,670.4999999999999,93.91981919461097,0.9551996409202266,0.9911308203991129,3.627086030980634
ID7943,7943,3,651.0,494.39647239263803,310.20194274028626,0.0,17.0,17,14.406180819073166,1,,4365.508448540707,4526.0,1098.0,6471.0,2841946.0,1111.884111769494,0.7179442953131027,3.281610069487761,0.057750880973258145,-0.031189885429101102,15.726746121826984,13.447117570414353,0.02862281043306378,1.169525442123608,652.0000000000001,94.52677522490771,0.9169544770864166,0.9789789789789788,3.7019542249285853
ID8075,8075,3,670.0,493.9705443698732,310.2042008451404,0.0,20.0,20,14.609133399563152,1,,4338.028358208955,4517.0,821.0,6724.0,2906479.0,1173.777887778331,0.7268240056646574,3.1111263129125697,-0.004606389186856759,0.060682193634279805,15.956627447794258,13.691218217473514,-0.18166655004525073,1.1654644016578086,670.5,94.72654180015236,0.9389993264903016,0.9896678966789668,3.658240821508631
ID8395,8395,3,681.0,493.9134897360704,311.1126588465298,0.0,35.0,35,14.733884157863645,1,,4611.252923976608,4820.0,806.0,6751.0,3154097.0,1181.7145701877741,0.7182750087736107,3.2623791399810735,0.01429833962132052,-0.00805467787868779,15.95849466455036,13.915228700920943,0.17555203396648933,1.1468366785444344,682.0000000000001,94.89073652146543,0.951801979276755,0.9898403483309145,3.633554095239202
ID8014,8014,3,667.0,494.22402515723275,310.9583647798742,0.0,18.0,18,14.521718204012956,1,,4316.631024096386,4549.0,915.0,6637.0,2866243.0,1174.8967546186473,0.7314415401298119,3.1041807950873817,-0.02515684725694493,0.015322318724415404,15.749176272897026,13.509560810861124,-0.08129871266138643,1.1657800348502332,662.4999999999999,94.07589440365962,0.9406737710829557,0.9865971705137752,3.6549834489155786
ID7823,7823,3,627.0,496.7543092018032,306.22341553964463,0.0,4.0,4,14.144177723236952,1,,4132.429936305733,4410.0,441.0,6784.0,2595166.0,1466.2836551785254,0.6334259348170165,2.185817483539132,-0.008798838390567705,0.008175882804790967,15.448569777097333,13.252959605357868,-0.20289318790124083,1.1656694230662132,628.5,91.3204017206959,0.9470644165662202,0.9882075471698112,3.642630941462902
ID8527,8527,3,696.0,493.71591181404267,311.0626647495807,0.0,39.0,39,14.878996130143541,1,,4597.561327561328,4805.0,1144.0,6878.0,3186110.0,1155.9647427491723,0.7278481473114441,3.3507972300847544,0.04618164635633167,0.06734799667827397,16.28950503706217,13.959102218399849,0.028695296228780087,1.1669450357337852,695.5000000000001,96.17343158396436,0.944923768685481,0.98862828713575,3.6467546492460863
ID8082,8082,3,667.0,493.84517510707985,310.25686570924665,0.0,19.0,19,14.51075427779609,1,,4347.328290468987,4548.0,880.0,6708.0,2873584.0,1168.2896302903198,0.7333921536061666,3.148772936234099,-0.016716988892081973,-0.01673589477548751,15.703728395817159,13.644532635143715,3.0186351306842454,1.1509172806234234,661.5,93.75934524632756,0.9456067873847025,0.9851079672375279,3.6454373725547
ID7827,7827,3,635.0,495.81653543307084,309.22519685039373,0.0,8.0,8,14.21712972884144,1,,4245.643081761006,4469.0,775.0,6699.0,2700229.0,1340.9224442683528,0.6751868889899202,2.552293134831029,-0.019774904715474897,2.1127278070544526E-4,15.542687445393806,13.27813063909461,-0.2730317193791243,1.170547863087873,635.0,92.62152432307106,0.9301644582806842,0.9822119102861562,3.675573075019708
ID7829,7829,3,618.0,496.53010752688175,305.73387096774195,0.0,3.0,3,14.048207338801282,1,,4141.371567043619,4403.0,586.0,6725.0,2563509.0,1469.5732558369334,0.6407391205016695,2.201023405862918,-0.03698792460290035,0.0468275736092791,15.546673573967151,12.93820757555199,2.926227769520505,1.2016095338695998,619.9999999999999,91.00866067010458,0.9406674303674205,0.986475735879077,3.6549957673878324
ID7830,7830,3,633.0,497.03628925837955,305.9631828978622,0.0,2.0,2,14.177894523696523,1,,4006.0585443037976,4264.0,513.0,6876.0,2531829.0,1471.928187002453,0.6390210881197834,2.1222244537222483,0.17551021280157053,-0.024771283610263997,15.790125732052092,13.163952527002955,2.9408947003893893,1.1994973166047294,631.5000000000001,92.91251829075863,0.9192523659114474,0.9821150855365478,3.697324374449441
ID7832,7832,3,639.0,495.9893062076161,306.18570683359417,0.0,6.0,6,14.261837794318174,1,,4153.34693877551,4376.0,631.0,6646.0,2645682.0,1300.8607843991704,0.6583157305303118,2.534920809255203,-0.014039773852921506,-0.0833920642447632,15.492580481518116,13.348218045483858,-0.16102275056279292,1.1606478429350926,639.0000000000001,93.23298083260698,0.9237864395986307,0.9838337182448039,3.688239719695902
ID8152,8152,3,687.0,494.33635923505204,310.4888646816752,0.0,29.0,29,14.803930445578969,1,,4431.259420289855,4661.0,598.0,6619.0,3057569.0,1210.5804809938827,0.7240043773335737,3.074442195398537,0.003915834888310501,-0.0314916409428438,15.980293152286816,13.927316261096284,-0.15574694453980603,1.1474064961765242,688.5000000000001,95.53825408356082,0.9478927632455443,0.9892241379310347,3.641038978292488
ID8028,8028,3,660.0,494.9284261378083,310.0217391304348,0.0,12.0,12,14.444795962334489,1,,4217.317073170731,4428.0,717.0,6556.0,2766560.0,1206.5763716120455,0.6872238419214476,2.847324387169382,-0.05357993491085926,-0.050311970905280036,15.770380693178188,13.511355922763933,-0.07792771697939534,1.1671945275757447,655.4999999999999,94.12110398146812,0.9298406641098779,0.9879427279577992,3.676212983335037
ID8224,8224,3,674.0,493.4375308641975,310.92024691358023,0.0,26.0,26,14.658075357087599,1,,4419.895125553914,4620.0,876.0,6600.0,2992269.0,1132.3818508545792,0.7369676511621325,3.312117649573687,-0.03771049482371248,-0.005119074047485245,15.839512871509134,13.870605678793702,0.004827660181167425,1.1419481771964455,675.0,95.26469439048446,0.9346514405931585,0.9882869692532942,3.6667397967075757
ID8352,8352,3,680.0,494.3170223203336,311.3768702477312,0.0,32.0,32,14.706854444845971,1,,4530.955947136564,4699.0,651.0,6753.0,3085581.0,1184.3065299490759,0.724389245947982,3.2143443465705013,0.02379748457388589,-0.018078059859379807,15.854251296827032,13.876944989628937,-0.018591989919289047,1.1424885887114098,679.4999999999998,96.31140800723314,0.920542536248957,0.979812545061283,3.6947325057358995
ID8162,8162,3,672.0,494.7942786069652,310.7542288557214,0.0,22.0,22,14.60368527951557,1,,4347.5970149253735,4522.0,882.0,6613.0,2912890.0,1090.0530336339475,0.6971946529289166,3.2768309919281173,-0.065268910882915,-0.13988227472599254,15.718718296047403,13.80620198922667,2.936065031279401,1.1385258819415447,670.0,97.85307584533051,0.879297227285086,0.9689081706435285,3.780394130205151
ID8099,8099,3,667.0,494.4028812717337,310.2312468951813,0.0,14.0,14,14.614579488624488,1,,4166.855869242199,4402.0,649.0,6402.0,2804294.0,1171.4463022336279,0.7189585692478432,2.9754629267379906,-0.01609151395728937,0.028771655326580336,15.804936706856148,13.782438106908085,-0.13637858659311,1.146744616900136,671.0,94.64780991768919,0.9412635602400802,0.98894620486367,3.653838175962062
ID8228,8228,3,670.0,494.5534028812717,310.26179831097863,0.0,24.0,24,14.614579488624488,1,,4407.288690476191,4589.0,879.0,6591.0,2961698.0,1146.3277062538682,0.7025812387212061,3.173082840358379,-0.03228167013204282,0.021206981403457115,15.962951487731294,13.70095081761644,-0.07199879671658986,1.1650980797045425,671.0,94.0096636405285,0.9540856998850427,0.9918699186991868,3.629202812171125
ID8484,8484,3,704.0,493.8141435678749,312.25337597725655,0.0,40.0,40,14.964324406076498,1,,4583.536931818182,4829.0,646.0,6790.0,3226810.0,1243.2052223215774,0.7126244215778956,3.068219839000908,0.0017119469914201823,0.07734886488903435,16.32894189495679,14.050278416588318,-3.171840585735388E-4,1.1621792402119373,703.4999999999999,97.67272030248095,0.9266748977221735,0.9825418994413405,3.682487087025231
ID8485,8485,3,697.0,493.8546762589928,310.95299760191847,0.0,37.0,37,14.87364685938639,1,,4542.825648414985,4772.0,747.0,6706.0,3152721.0,1182.4782898918677,0.7100962968087655,3.190506032596593,0.04217064748666202,0.012774404822668574,16.318587152608522,13.892843667210363,0.15656581988361812,1.174603813553546,695.0000000000003,97.15022340674754,0.925352198947301,0.9823321554770321,3.6851180213973165
ID8549,8549,3,685.0,493.90922401171304,311.71864324060516,0.0,38.0,38,14.744682168956,1,,4650.815249266862,4813.0,1194.0,6710.0,3171856.0,1101.063232462902,0.7162103935721793,3.52546911378962,-0.012985943722307972,-0.10185114171231759,15.805378255723168,14.059762617727273,0.08192090790698825,1.1241568357487723,683.0,95.42717142235442,0.9425110828286759,0.987707881417209,3.651419236236448
ID7910,7910,3,653.0,495.3295107033639,309.13098878695206,0.0,11.0,11,14.428259270064393,1,,4198.579510703364,4429.0,696.0,6557.0,2745871.0,1212.6614127355954,0.6852626684949679,2.815673490124068,-0.009497219373453998,-0.021169419023428424,15.744839077154621,13.451921614017316,2.954795676278814,1.170452782058142,654.0,93.76775681679597,0.9347178990197701,0.9834586466165414,3.666609441822104
ID7911,7911,3,643.0,496.01684810782785,309.6171591498186,0.0,10.0,10,14.306406146065385,1,,4246.516380655226,4497.0,752.0,6628.0,2722017.0,1274.6986789029315,0.6575247009602255,2.6430618550287197,0.019599577947444876,0.09775493095308814,15.693741337439238,13.287905370825657,-0.2154175356272606,1.1810545680055586,643.0,92.55244415479945,0.9432896135239659,0.9869531849577895,3.6499121016765117
ID8231,8231,3,683.0,493.8846340870411,310.7180889861415,0.0,25.0,25,14.771642663528944,1,,4343.9927431059505,4597.0,850.0,6624.0,2993011.0,1212.268774981893,0.7227360187240639,3.0066379358637514,0.034281255254559266,-0.04879905808654522,16.006339452266147,13.820326956885891,-0.09365404692307981,1.1581737177564448,685.4999999999998,95.29104489410798,0.9486655828613313,0.9870410367170624,3.6395556106549862
ID8297,8297,3,678.0,493.99582104228125,310.506145526057,0.0,27.0,27,14.690612745308144,1,,4431.918759231906,4635.0,868.0,6438.0,3000409.0,1103.23612367145,0.71921112632107,3.361092749863126,-0.007293461495013396,-0.04395639991491118,15.86291217042103,13.804018727189254,-0.05640644065798231,1.1491517422514395,678.0,94.61289131752504,0.9517851595992618,0.9912280701754386,3.633586200666262
ID8299,8299,3,678.0,494.02317880794703,310.6221486387049,0.0,28.0,28,14.706854444845971,1,,4451.861561119293,4654.0,1015.0,6491.0,3022814.0,1116.4476487895986,0.7291494190561993,3.362925868343976,-0.06058422576671232,-0.19397111987905838,15.803992381865374,14.058319234216441,0.026635421846821904,1.1241736738628152,679.4999999999998,94.15894372025441,0.9631106144279603,0.9948755490483159,3.6121589048189793
ID8300,8300,3,683.0,494.447201946472,311.11094890510947,0.0,31.0,31,14.766254502611574,1,,4499.964912280701,4738.0,901.0,6797.0,3077976.0,1192.2029298738723,0.7024246136745672,3.1147326109999764,-0.03220066707273763,0.0140289482731527,16.066773943552995,13.689847920639442,-0.053363357902063036,1.1736269121974678,684.9999999999998,96.71744546245105,0.9202181630260159,0.9778729478943609,3.6953836375779874
ID8431,8431,3,692.0,493.5078966259871,311.1609236659488,0.0,34.0,34,14.88968890632072,1,,4495.212034383954,4699.0,723.0,6749.0,3137658.0,1235.4818730210961,0.7376544894254878,3.089109924750004,-0.057976832528821194,0.12099880966800632,16.156103825069554,13.900725204687342,0.08573438735643217,1.1622489896873651,696.5000000000002,96.0097209314816,0.9495122456192815,0.9893465909090913,3.6379325860780445
ID7856,7856,3,642.0,495.6311475409836,309.8169398907104,0.0,9.0,9,14.278567228567365,1,,4231.297971918877,4474.0,622.0,6628.0,2712262.0,1295.7243618962739,0.6888189074381472,2.663869578395129,0.12320669190537609,-0.12353309671158857,15.645329681527514,13.501430681667033,-0.23617957313132337,1.1587905052737546,640.5,92.63923581021693,0.9378622824011662,0.9884259259259259,3.660457736080063
ID8050,8050,3,658.0,495.04660587639313,309.73100303951367,0.0,13.0,13,14.472315126092795,1,,4201.605783866058,4386.0,952.0,6615.0,2760455.0,1103.153739104683,0.6871607469724174,3.1024953339210657,-0.006757141797170251,0.00920645371166354,15.80314976605392,13.451012887395095,-0.18427461670230205,1.174866896519221,658.0000000000001,93.12393252397302,0.953483413656929,0.9894736842105266,3.6303488592715722
ID8308,8308,3,690.0,494.10266666666666,309.62654545454546,0.0,30.0,30,14.793175681757996,1,,4473.603197674419,4686.0,808.0,6813.0,3077839.0,1199.1932942692463,0.7256703716564166,3.13747167327325,-0.04438737475542987,-0.04435435410043408,16.011808196907786,13.93607125054883,-0.02238407097191449,1.1489470675802702,687.5000000000002,96.15349013477487,0.9344422385995033,0.9835479256080117,3.667150226756118
ID8373,8373,3,693.0,494.42637889688245,311.73525179856114,0.0,33.0,33,14.873646859386387,1,,4489.418338108882,4730.0,896.0,6769.0,3133614.0,1214.3006547483783,0.7000454023988631,3.044805323951265,-0.009783711591726847,-0.08322403385196586,16.096261285787577,13.962746249033781,0.04671158858241171,1.1528005306908327,695.0,96.0817670656711,0.9460469833519883,0.9872159090909091,3.6445891622809357
ID8568,8568,3,622.0,497.308910359635,305.1038647342995,0.0,0.0,0,14.059531973722809,1,,3960.753205128205,4232.0,600.0,6397.0,2471510.0,1205.843465077041,0.6334106852203929,2.5474568529112234,-0.01560059851353913,-0.057198516642462206,15.458739650424207,13.332115097453544,2.9547262091545976,1.1595114156625344,620.9999999999999,91.43180819217885,0.9334839321348198,0.9841521394611725,3.6690320761299575
ID8122,8122,3,668.0,493.8926258096662,310.2055306427504,0.0,21.0,21,14.59278293736174,1,,4340.396113602392,4541.0,779.0,6655.0,2903725.0,1163.0948288437523,0.7210913065994182,3.1270194719394846,-0.031382048170879834,0.02722637761527214,15.944526845782299,13.646375299048275,-0.1582073094118681,1.1684074705826317,668.9999999999999,93.53909385159793,0.9608368813782452,0.992581602373887,3.6164303020263113
ID8506,8506,3,702.0,494.3195435092725,311.8601997146933,0.0,41.0,41,14.93771167933152,1,,4608.251428571429,4815.0,1061.0,6725.0,3225776.0,1144.811031222296,0.7014273971040903,3.3189572599011914,0.018163534817307064,0.059653019373637074,16.25137616020691,13.965943682246296,0.07176054912188144,1.1636432546170072,701.0,96.72860960242512,0.9414949429515654,0.9866291344123855,3.653389162963678
ID8060,8060,3,652.0,494.3683537832311,309.64953987730064,0.0,15.0,15,14.406180819073166,1,,4300.611367127496,4437.0,984.0,6464.0,2799698.0,1084.396865100513,0.7145173104995136,3.3055430780798782,0.0580495737718054,0.003664163101934381,15.677561319045353,13.423121610477477,-0.08892730178564358,1.1679519692951423,652.0000000000001,93.711939023862,0.9329698549659661,0.9834087481146306,3.670042776453708
ID7807,7807,3,643.0,496.61474558670824,306.8034787123572,0.0,5.0,5,14.295277084757528,1,,4100.453271028037,4353.0,559.0,6678.0,2632491.0,1420.0660622160951,0.6379811748186627,2.2493253203859607,0.10137207792082215,0.08241468836048071,15.76078704782045,13.167748152694674,-0.24245148919469864,1.1969234879841724,642.0000000000002,93.21773972829506,0.9284269863975839,0.9816513761467892,3.679010728140915
ID8384,8384,4,606.0,294.24394557823126,195.26707482993197,0.0,35.0,35,13.962979814050145,1,,512.6672131147541,511.0,276.0,742.0,312727.0,76.3458925599506,0.45473666055958534,4.198125787510685,0.042330243376175136,0.07693347249427789,18.469747914662662,10.959752730812708,0.9454443438092913,1.6852339982758953,612.5,95.22518498345472,0.8488135564273461,0.9887005649717514,3.8476785166596703
ID8133,8133,4,541.0,289.5697310819262,193.17698561601,0.0,29.0,29,13.02532799341193,1,,546.6585820895523,544.0,281.0,779.0,293009.0,87.48313076931302,0.47390564169855826,4.018315634090936,-0.018339180456257244,-0.07656254048846019,18.17363529064975,9.568991094435672,0.9774943640300693,1.8992216746045087,533.0,90.02324624523254,0.8264712181935236,0.9843028624192062,3.899339643071099
ID8518,8518,4,578.0,291.7027222704894,195.9842166232262,0.0,39.0,39,13.534671754378513,1,,532.2517482517483,530.0,323.0,732.0,304448.0,70.14964924650455,0.46324743374070154,4.804153102897433,0.029368935427228432,0.016554413802332173,18.228464365587467,10.339354238135055,0.947451029450107,1.7630176842529188,575.5,92.5962203148672,0.8434681206525985,0.9846022241231822,3.85985149293634
ID7815,7815,4,531.0,297.9411214953271,202.84049844236762,0.0,1.0,1,13.049742875180643,1,,495.061797752809,493.0,297.0,713.0,264363.0,76.94037749985495,0.4237069973472179,3.8298354445444183,0.05978698988089646,0.00788797179755954,16.995340466014678,10.21403504226842,0.8378569738548646,1.6639203209782807,534.9999999999999,88.82389566663313,0.8521263845999647,0.980751604032997,3.8401918861220015
ID7947,7947,4,537.0,292.99626865671644,198.3917910447761,0.0,18.0,18,13.061933202803933,1,,527.5687732342008,523.0,319.0,740.0,283832.0,82.33691013035653,0.4590161107482289,4.031645646628454,-0.07965252148391626,-0.06058460408205903,17.929201669592597,9.651218790367617,1.077776145948509,1.8577137311908014,536.0000000000001,91.77952409900048,0.7996189003384725,0.9648964896489653,3.9642716492005015
ID8267,8267,4,502.0,290.2865094957433,194.75474787164376,0.0,23.0,23,12.728697186576065,1,,557.3398821218075,556.0,313.0,783.0,283686.0,84.1160170923597,0.47736325122750806,4.281866347750306,0.09331688717714917,-0.09629201680639167,18.081729015250986,9.242655128320532,1.042029149832171,1.9563349237002838,509.0,89.65361697361462,0.7957781596043769,0.9826254826254827,3.973826706887023
ID8013,8013,4,544.0,291.6628193290243,197.25961834410586,0.0,20.0,20,13.128777679910748,1,,530.0922509225093,531.0,276.0,746.0,287310.0,82.75862266620862,0.4597917144552733,4.034952659374696,0.05140823337341417,-0.021174817130060444,17.933629269757038,9.882465842654506,1.06801432639166,1.8146917535856544,541.5,90.60096723113779,0.8289773351120487,0.9800904977375565,3.893441051208892
ID8142,8142,4,523.0,290.37440076701824,194.81735378715246,0.0,22.0,22,12.884044615137237,1,,545.1365384615384,544.0,279.0,760.0,283471.0,81.57603762611261,0.46962989236326097,4.270910165745201,0.0036832290059748644,-0.04034199117401989,17.951066945202033,9.429444909121226,1.057658310382692,1.903724675016419,521.5,89.74456658665072,0.8136691454610336,0.9802631578947368,3.9298955538161207
ID7889,7889,4,552.0,292.4865229110512,199.16157532195268,0.0,10.0,10,13.309374578141513,1,,508.23104693140795,509.0,288.0,701.0,281560.0,75.33880587634118,0.44304360137210036,4.142280175534806,-0.053758918310369615,-0.003966132512531404,17.30988578376119,10.477288145697289,0.98071632130892,1.6521341727983156,556.5000000000001,89.4720638140149,0.87357485018377,0.9858281665190434,3.792755709595194
ID7953,7953,4,537.0,293.1412166356301,199.18032278088143,0.0,16.0,16,13.074112164146964,1,,523.0520446096655,522.0,289.0,742.0,281402.0,81.66802198644605,0.4551775909070146,4.006708408929162,-0.06413811115290227,0.12087928033109512,17.948080231729797,9.8712530881862,1.1144051131061679,1.8182170056210845,537.0,90.4654911043954,0.824552398650842,0.9763636363636363,3.9038740918559527
ID8465,8465,4,599.0,293.35489220563846,196.36263128800442,0.0,37.0,37,13.85427231466257,1,,514.3520661157024,517.0,262.0,702.0,311183.0,73.2185109623604,0.4555406866916517,4.397161474791762,0.039717396935661425,-0.07985540097311224,18.58864480737567,10.595631475526435,0.9157168527622341,1.7543687556811811,603.0,94.74695682185164,0.8441053184762977,0.9812855980471931,3.8583943564588195
ID7890,7890,4,546.0,290.98722627737226,196.92001216545012,0.0,11.0,11,13.207339536360731,1,,510.95081967213116,510.0,305.0,718.0,280512.0,80.75227587277946,0.44594737604668533,3.90288226228797,-0.016904840958691037,0.06545374880460403,17.204312090238638,10.227049449102676,1.0462627240040794,1.682236130358023,548.0,93.15914922149504,0.793486231206345,0.9664902998236331,3.979561626188136
ID8402,8402,4,587.0,293.3222222222222,194.5954415954416,0.0,34.0,34,13.64592552440169,1,,522.5658119658119,524.0,318.0,721.0,305701.0,76.61268131821227,0.4588594453762198,4.29078299762669,0.10296447959375718,-0.023752277350691343,18.46367505740133,10.334394806588373,0.9130577953086019,1.7866237358795685,585.0,93.14206466591271,0.8473718038244422,0.9856781802864362,3.850950423309125
ID7956,7956,4,523.0,290.83743298643964,196.20104068117314,0.0,13.0,13,12.970226476362445,1,,524.9209039548023,526.0,310.0,714.0,278733.0,83.94237329202876,0.4551946772389902,3.9121788191816664,0.005204766036782885,-0.09916309177981991,17.188360123686213,9.949177739657868,1.039807760302522,1.727616148133794,528.5,89.06931056715774,0.837141118914094,0.9787037037037037,3.87441015986514
ID8341,8341,4,538.0,290.66651277316095,192.99984610649432,0.0,32.0,32,13.12877767991075,1,,546.0166358595194,543.0,321.0,798.0,295395.0,81.29840837443963,0.4765504577736709,4.335252783469662,0.12175214357848092,-0.017939945561867506,18.564980923269456,9.649492738152562,0.9505793777020055,1.9239333534981036,541.5000000000001,91.42828057380959,0.8140427640037219,0.9818676337262014,3.9289936046640186
ID7767,7767,4,541.0,293.7229377491567,200.1816927322907,0.0,9.0,9,13.153000537553789,1,,514.6457564575646,512.0,312.0,723.0,278938.0,82.90403762879609,0.4485358736963158,3.8444183167483725,0.048242742631131354,0.04543961024979218,16.99668945590075,10.39369707203845,0.9344775596655941,1.635288130690853,543.5,91.07812396285647,0.8233438761527433,0.9722719141323795,3.906738137978638
ID8025,8025,4,547.0,292.38452163315054,198.1026812918952,0.0,19.0,19,13.195283541573993,1,,525.1042047531993,524.0,278.0,729.0,287232.0,80.50285027066796,0.45841664147510514,4.10055836848325,0.12491349149788826,-0.02074858236816694,17.62525342432443,10.204458083137531,1.0684408665927705,1.7272111150566118,547.0,91.04834478150089,0.8291881377539805,0.9785330948121646,3.892946109353558
ID8538,8538,4,592.0,292.2809847198642,196.48273910582907,0.0,38.0,38,13.69249878445321,1,,523.0747028862479,524.0,309.0,704.0,308091.0,70.36441481724364,0.4584206423153014,4.673282072178816,-0.0522252944797188,-0.06290747125718595,18.20640291188093,10.416474921268092,0.9561957112563796,1.7478468531333533,588.9999999999999,94.5899866026126,0.8272462952717178,0.9743589743589741,3.897512498574011
ID8479,8479,4,584.0,291.48319088319084,195.07920227920226,0.0,41.0,41,13.645925524401692,1,,527.8554421768707,529.0,288.0,723.0,310379.0,75.26881652018508,0.46280045797599584,4.437502431601944,0.16719193454526798,-0.024619658682300496,18.212394359604275,10.648473202536007,0.9824935438532703,1.7103291723800242,585.0000000000001,93.08138032747704,0.8484770508561322,0.9856781802864364,3.848441434705261
ID8225,8225,4,520.0,290.76666666666665,194.50192307692308,0.0,28.0,28,12.865501965161373,1,,559.6608863198459,559.0,328.0,791.0,290464.0,88.7276462249412,0.4837009005616547,4.112695221881764,-0.06730009678193706,-0.08610119812114161,18.241399106917033,9.208761622099066,0.9683683283953117,1.9808742864123619,520.0,90.99744757639982,0.7891413238619126,0.9692451071761419,3.990502056667623
ID8226,8226,4,541.0,289.4052890528905,192.81642066420665,0.0,27.0,27,13.134837582232015,1,,543.325925925926,546.0,287.0,827.0,293396.0,93.45562018632205,0.47591949953313856,3.7493486680463297,-0.050676022312598254,-0.05639752416067184,18.350763926194894,9.578008866150045,1.0084394350141126,1.915926805105488,542.0,92.16864549669656,0.8017569627771151,0.9730700179533214,3.9589823165598297
ID8420,8420,4,606.0,294.02541907117336,195.72808463863697,0.0,36.0,36,13.894421397469886,1,,516.4925619834711,514.0,297.0,733.0,312478.0,74.84431099484395,0.45424864180642865,4.311121306091087,-0.07982825939787193,-0.062345042315980204,18.290734341097757,10.663314698171314,0.9016462167652186,1.7152953709820167,606.4999999999999,97.26967456099581,0.8055374642121282,0.9665338645418325,3.9496813586197375
ID7973,7973,4,548.0,290.4896119767797,196.9366025053468,0.0,12.0,12,13.177178867772032,1,,512.1062271062272,515.0,282.0,723.0,279610.0,83.04089673142587,0.44544335924229284,3.800926159944957,-0.03613338782086344,-0.17783883008993603,17.44848337190222,10.256346407792208,1.1100231414716375,1.7012377193740085,545.5,89.97218767064597,0.8468140557970846,0.9775985663082437,3.852218415045689
ID8229,8229,4,545.0,290.31083562901745,192.70508111417203,0.0,31.0,31,13.165095253247276,1,,544.9926470588235,548.0,308.0,750.0,296476.0,87.97232917741317,0.4764749940362368,3.9984214185643365,0.057029367397607854,0.10548957140163255,18.41461053943073,9.56826551764599,0.9683560255227784,1.9245505369254363,544.4999999999999,92.01355623042612,0.8081725884468679,0.9846292947558768,3.9432369437347887
ID8362,8362,4,557.0,290.90144014401443,193.75262526252624,0.0,33.0,33,13.297411092956992,1,,540.6450450450451,538.0,277.0,778.0,300058.0,82.79236646950434,0.4731962666191493,4.1950063868607845,0.1865744585138886,-0.07551074190841751,18.383863409621927,10.073114638227208,0.9516837836893498,1.825042607959175,555.4999999999998,92.11424636754064,0.8226977712140897,0.9797178130511458,3.908271913503838
ID8427,8427,4,589.0,291.2095035460993,195.6441134751773,0.0,40.0,40,13.675052399642828,1,,524.9762711864407,528.0,305.0,689.0,309736.0,70.35099568508033,0.46028831604433584,4.704253986306765,0.14703765362314852,-0.11113801529100319,18.330813391807432,10.579336179705193,0.9420052535067384,1.7326997725029516,587.5000000000001,93.99965923897734,0.835536018882226,0.9799833194328611,3.878129827206716
ID7980,7980,4,541.0,292.23484848484844,198.10666666666668,0.0,15.0,15,13.231418571003067,1,,519.3825136612022,522.0,292.0,719.0,285141.0,86.79779413056964,0.45503122717948236,3.7426353828725585,0.0398820168155729,-0.005794903387699181,17.60586282972531,10.282958704728745,1.1198562289752694,1.7121397970439225,549.9999999999999,89.44439321795907,0.8639056396316319,0.9909909909909907,3.813921741612356
ID8236,8236,4,539.0,289.9557315936626,190.70285803044422,0.0,30.0,30,13.068024102273599,1,,550.596261682243,543.0,330.0,816.0,294569.0,88.35768294727708,0.4787987493935406,4.035179589734677,-0.10149124719830795,-0.036851850788677275,18.395375340487863,9.448896879797662,0.9324690681789349,1.946827822813723,536.5,92.51885215285536,0.7876243211770891,0.9745685740236149,3.9943431583780415
ID8046,8046,4,530.0,291.2548001259049,196.55162102612528,0.0,14.0,14,12.982491468678774,1,,523.1780303030303,521.0,317.0,718.0,276238.0,83.07134704865005,0.4519044015804826,3.920457866712377,-0.009173935176854931,0.07086971805282592,17.514622199229958,9.786148876348586,1.083631493072107,1.7897359237564578,529.4999999999999,90.37291964169884,0.8147027875874252,0.9751381215469611,3.927401764110992
ID8559,8559,4,532.0,297.9397496087637,202.1300469483568,0.0,0.0,0,13.019217119046315,1,,489.2363977485929,491.0,273.0,734.0,260763.0,80.32605329609575,0.42704936444023317,3.6452843392701104,0.0788453913630038,0.04548945533425176,17.485662864562215,9.905833355568245,0.8325751386176049,1.7651884739947916,532.5000000000002,90.20774552262944,0.822321827187412,0.9743824336688018,3.9091651912570913
ID8112,8112,4,521.0,290.7696737044146,194.39283429302625,0.0,21.0,21,12.877866698399815,1,,539.4655172413793,538.0,316.0,742.0,281601.0,81.23513747791854,0.4651759652635422,4.216744112024854,-0.020475799707338118,-0.019570337655528444,18.081942459160793,9.321138677881843,1.041277064698696,1.9398855745025538,521.0,92.17758084916355,0.7705431696978372,0.9639222941720629,4.038373138168247
ID8180,8180,4,524.0,289.25737392959087,193.35949888994608,0.0,26.0,26,12.933361712624526,1,,547.3110687022901,547.0,295.0,776.0,286791.0,85.27840242004174,0.4750074372378355,4.1336278114300775,-0.14167898308927884,-0.13908323625279395,18.25732335406704,9.356036514865579,0.9687085381040317,1.9513950512119553,525.5,92.90255069002774,0.7651160432058761,0.9615736505032022,4.052670338073668
ID7734,7734,4,504.0,295.66369636963697,198.4986798679868,0.0,5.0,5,12.678584010953838,1,,520.9841584158415,522.0,319.0,738.0,263097.0,77.41679959580735,0.44568121571496,4.1492642282198995,-0.03550499107068253,0.11553175121916494,16.89310780814014,9.75690159203018,0.9372772508515674,1.7314008600782744,505.0000000000001,87.54002688495603,0.8281097363843913,0.9758454106280195,3.895480068540168
ID7927,7927,4,559.0,293.17651447329155,198.5940017905103,0.0,17.0,17,13.333269345274891,1,,521.618444846293,524.0,294.0,725.0,288455.0,82.35827189193805,0.4563945028363981,3.969511679629089,-0.1030030711372078,-0.09485824499612117,17.88687050132346,10.326808161389055,1.0917610517695824,1.732081222172864,558.5,90.78786159692525,0.8514859135158426,0.9832746478873238,3.841635873328603
ID7736,7736,4,515.0,295.5613695090439,199.4731912144703,0.0,7.0,7,12.815923738491735,1,,520.6400778210117,520.0,327.0,726.0,267609.0,78.54394251154629,0.4479856420066432,4.101613505935784,-0.011122621995450159,-0.0210770410281721,17.080660084775804,9.727331388204897,1.0290438496427536,1.7559451203119654,515.9999999999999,88.07083354362919,0.835978969586849,0.9809885931558934,3.8771022607170744
ID8184,8184,4,516.0,290.51187038819376,194.0733076676291,0.0,24.0,24,12.859315140102884,1,,554.4942084942085,555.0,290.0,807.0,287228.0,85.8610667903568,0.4777203465992457,4.1755358387126575,0.07295219361328475,-0.08297157296066762,18.724312492192272,9.228502149921773,1.0202378902826101,2.0289655014439143,519.5,91.25166089020398,0.7839960239332502,0.9774223894637818,4.0035753066763515
ID7737,7737,4,508.0,296.51135994806884,198.2163258682246,0.0,4.0,4,12.784839715670138,1,,514.7592954990215,513.0,320.0,734.0,263042.0,77.8919235329284,0.4437401565055376,4.062388561360684,0.12397794806062172,-0.1127615865529491,16.974411879493424,9.980378410243047,0.8713280721077783,1.7007783855241672,513.5,86.66313585268038,0.8591747646812411,0.9903567984570878,3.8244076275541703
ID8185,8185,4,554.0,289.8611609814482,193.76032315978455,0.0,25.0,25,13.315352289908494,1,,533.6552962298025,539.0,266.0,797.0,297246.0,90.03734054392791,0.47193833889602926,3.8007018583231362,0.10394912683470389,-0.10735542847884569,18.385306716050525,10.015485227585943,0.9708577904753874,1.8356880668558464,556.9999999999999,92.68009120926251,0.8148771767333467,0.9797713280562885,3.926981496550493
ID7738,7738,4,488.0,295.0659229208925,198.579107505071,0.0,3.0,3,12.527041705391134,1,,516.7030303030303,513.0,277.0,703.0,255768.0,81.21358536777299,0.44307734218348444,3.906899632150644,0.06115840446003333,0.18539918958738688,16.428891386405187,9.91241687463611,0.9065973220397539,1.6574052114821192,493.0,86.34792522238038,0.8309080562663957,0.974308300395257,3.8889149662894416
ID7739,7739,4,507.0,296.9830870279146,201.61330049261085,0.0,2.0,2,12.709927900593055,1,,508.0295857988166,506.0,316.0,710.0,257571.0,75.63586257808437,0.43519417397856647,4.073461784804744,0.07852062703117031,-0.07163374350054003,16.50701985255958,10.190830780527303,0.9053944919030983,1.6197913799237336,507.5,86.1241466582198,0.8597972405541866,0.9816247582205029,3.8230229798738398
ID7740,7740,4,511.0,295.1001304631441,200.92335290280494,0.0,8.0,8,12.753679933255224,1,,523.0588235294117,523.0,291.0,710.0,266760.0,77.37676348297612,0.44757817623152774,4.180197907309982,-0.008553231653112595,0.034301953586781106,16.9528985430473,9.843474711396441,0.9770042558888588,1.7222473811427392,510.9999999999999,88.38834413643939,0.8219412344593594,0.9724072312083726,3.910070138955208
ID7742,7742,4,492.0,295.1027944111776,197.83499667332,0.0,6.0,6,12.628271971179554,1,,525.9258517034068,528.0,302.0,747.0,262437.0,80.36440920015782,0.44867241470812835,4.053684430010529,0.05142753162753309,-0.05899173448606884,16.874170241205913,9.687559551238612,1.01227568037634,1.7418391238739224,501.0000000000001,86.12302062622831,0.8488072545000641,0.985250737463127,3.8476928000821324
ID8069,8069,5,559.0,92.27379886601014,321.229931363772,0.0,15.0,15,13.333269345274891,1,,770.5545617173524,756.0,387.0,1199.0,430740.0,160.94509229712403,0.5745212483553283,3.493922140509232,0.17948014623026354,0.07076221883674666,15.5964913438304,11.803881058595696,1.093309331931759,1.3213019740208996,558.5,89.20253199161478,0.8820204970143345,0.9746945898778357,3.7745535676581623
ID8006,8006,5,552.0,92.29981634527088,322.9863789409244,0.0,16.0,16,13.165095253247276,1,,777.7912087912088,780.0,275.0,1195.0,424674.0,161.55797776480605,0.5768780428801833,3.52249609708989,0.01758640062524261,-0.126751872821466,15.988423873636117,11.145287727686155,1.1316817465691846,1.434545636172233,544.4999999999999,88.47590291730509,0.8740931992684261,0.974932855863921,3.791630965116914
ID8454,8454,5,559.0,84.29103591570198,319.0796972395369,0.0,36.0,36,13.3690314193736,1,,812.517793594306,805.0,380.0,1232.0,456635.0,170.27221741984113,0.59233234866828,3.5501836332115984,0.037171410226429544,0.40025592003811516,16.56989640145007,11.420796043544746,1.2509625320054767,1.450853017449313,561.5,89.37904340228731,0.8832593025965276,0.9876868953386104,3.7719056596694003
ID7879,7879,5,507.0,92.42478462557985,305.5811795891319,0.0,1.0,1,12.653452997124806,1,,764.6752475247524,767.0,334.0,1177.0,386161.0,173.08069237383833,0.5664286795101581,3.195162957964639,-0.14772966223784118,0.2624555112880268,14.462775194150781,11.689967309561728,1.0060278639186904,1.237195520839571,503.0,84.59090941229827,0.8833452156355991,0.9729206963249516,3.771722229820981
ID7817,7817,5,510.0,87.85718954248365,312.64281045751636,0.0,5.0,5,12.741194683142282,1,,792.9783889980354,791.0,327.0,1263.0,403626.0,177.79252684775975,0.5799894530358064,3.2744906389328063,0.46314499652662444,0.32806174930075643,16.08408707864122,10.784067758083976,1.0140064901412615,1.4914675463332683,509.99999999999983,86.2135010500055,0.8622426016009921,0.9817131857555338,3.817597993220576
ID7818,7818,5,537.0,88.48629283489096,316.52367601246107,0.0,7.0,7,13.049742875180646,1,,762.5970149253732,766.0,316.0,1199.0,408752.0,158.67612906482785,0.5646216978087903,3.468659857904937,0.08467598796823933,0.18526978895262547,15.529412453824897,11.409272046087953,1.1496031660234185,1.3611221111297518,535.0000000000001,87.01736166635827,0.8878749904749539,0.9789569990850872,3.762088610446093
ID7946,7946,5,562.0,91.57371512481645,321.9440528634361,0.0,17.0,17,13.440270101798594,1,,776.358024691358,768.0,367.0,1198.0,440195.0,157.55175447272566,0.5806962349955277,3.62050698460298,-0.024059654656958276,-0.09224653318896862,15.822274549132661,11.555872714322367,1.1006226686132665,1.3691977179293875,567.4999999999999,89.61224738011893,0.888057306278215,0.9826839826839823,3.761702417230591
ID8330,8330,5,547.0,91.02692075015125,319.7459165154265,0.0,23.0,23,13.24344167077685,1,,806.8140794223826,802.0,351.0,1265.0,446975.0,172.4840630014162,0.5901469489079861,3.471981449229799,0.0784746781601001,-0.020046822251071638,15.967679083888921,11.177508094371271,1.0897477890288025,1.4285544639354693,551.0000000000001,90.46214197535701,0.8461117559911435,0.9658194566170026,3.8538168156496164
ID7820,7820,5,482.0,91.81815044858523,305.95790200138026,0.0,2.0,2,12.39934171747722,1,,792.3638253638254,787.0,381.0,1274.0,381127.0,172.28223773410136,0.5777192293233506,3.368226093952503,0.08216958548357947,-0.02331341370341305,14.691948318747192,10.660944193717366,1.0822313006518103,1.3781094855937197,483.0000000000001,83.07144309445292,0.8795357259875489,0.9787234042553193,3.779881541461891
ID8397,8397,5,565.0,84.71405373486861,319.98213758488333,0.0,35.0,35,13.404698085027869,1,,815.950354609929,806.0,349.0,1236.0,460196.0,168.18967454958718,0.5950055363724015,3.61953860325712,0.2608829105532845,0.23895236896514252,16.510141075164917,11.350118109717624,1.270831154341546,1.4546228431781199,564.5,89.2956832889024,0.8896370895107935,0.984306887532694,3.7583609901403787
ID8080,8080,5,540.0,92.02962962962962,321.83734567901234,0.0,20.0,20,13.11058116710495,1,,797.3944444444444,797.0,376.0,1214.0,430593.0,159.57582330292914,0.5818239760161545,3.675949761578669,-0.16091405624112287,0.22218139272914078,15.469332353012735,11.70686059107427,1.162506050890007,1.3213903277200643,540.0000000000001,87.29472245384743,0.8904871294529655,0.981818181818182,3.756566736394997
ID8529,8529,5,554.0,84.11848484848484,318.04454545454547,0.0,39.0,39,13.231418571003067,1,,832.063752276867,834.0,344.0,1256.0,456803.0,174.59877241747824,0.5990750911290401,3.570736615075116,0.14032263530702302,0.5023698597303597,16.577307980872934,11.2448052674648,1.2023492023902567,1.4742192138121726,549.9999999999999,89.48064690613906,0.8632057470391761,0.9795191451469276,3.815467604070457
ID8086,8086,5,569.0,92.73529411764706,322.2158326016974,0.0,19.0,19,13.463932567480748,1,,777.637323943662,777.0,354.0,1235.0,441698.0,159.79583142331583,0.5781182448305633,3.565486379162694,0.07785294900989317,0.3257478700586597,16.066692920350068,11.885684519087883,1.088281076280057,1.351768414730146,569.4999999999999,89.37396810245266,0.8959453325703512,0.98274374460742,3.7451065348857497
ID7831,7831,5,483.0,88.87159600137883,310.62443984832817,0.0,4.0,4,12.405757936130417,1,,807.5527950310559,801.0,359.0,1303.0,390048.0,184.90031745138742,0.5848873163103767,3.223569790606969,-0.06565139329569883,-0.02634778558707303,14.924865901926468,10.469312077317197,1.0696829363003042,1.4255822915301828,483.5,83.24052672820729,0.8768730106586735,0.973816717019134,3.785616191357987
ID8024,8024,5,563.0,92.4448377581121,322.64867256637166,0.0,18.0,18,13.410633306963609,1,,770.1710758377425,766.0,337.0,1186.0,436687.0,161.11217042400773,0.5740981724521785,3.4869297789430878,0.1461595909093095,0.06852339658098235,15.686999091652632,11.798273219807417,1.075090454121498,1.3296012729487112,564.9999999999999,89.49571446412078,0.8864491602216545,0.9716251074806533,3.7651130052599706
ID7834,7834,5,480.0,89.58479834539814,308.7433643571182,0.0,3.0,3,12.405757936130414,1,,801.4276859504132,805.0,290.0,1292.0,387891.0,195.44644688617694,0.581815834284505,3.016450308717708,-0.029488342440562997,-0.03569623246763522,14.710644520865646,10.716011180143692,0.9581192093070992,1.372772412567452,483.4999999999999,83.98939641185721,0.8613058996526326,0.9728370221327965,3.8196733184698664
ID8154,8154,5,560.0,86.40374331550802,323.1764705882353,0.0,29.0,29,13.363077719938119,1,,804.5213523131673,801.0,420.0,1238.0,452141.0,165.39398349092107,0.5900493083098011,3.610152740665649,-0.027589493737777596,-0.0528265429831895,16.26278470050564,11.218873762757974,1.2093235339439252,1.4495915583337222,560.9999999999999,92.31159676156776,0.8272946175518655,0.9630901287553646,3.8973986700556655
ID7835,7835,5,532.0,88.86960600375235,317.4831144465291,0.0,8.0,8,13.02532799341193,1,,773.1741573033707,767.0,383.0,1251.0,412875.0,163.85394129412552,0.5702366416602315,3.427207866146718,-0.053473239945862276,0.2240977105359988,15.148213721117106,11.807688935248752,1.2262053913327837,1.2829109747205565,533.0,87.03184635309262,0.8842614233558811,0.9761904761904762,3.769767730546143
ID7841,7841,5,535.0,88.49294694878871,314.3340999693346,0.0,6.0,6,13.153000537553785,1,,760.1734317343173,754.0,310.0,1215.0,412014.0,178.87613666666914,0.5675494943942843,3.077320676093419,0.16257356785995494,-0.02497262916883508,15.455526627897147,11.540996815361664,1.0450728678060746,1.339184723396253,543.4999999999998,87.89413254825568,0.8840760872382754,0.9775179856115104,3.7701628534955036
ID8353,8353,5,559.0,86.19150209455415,320.295631358468,0.0,32.0,32,13.315352289908494,1,,813.7697841726618,813.0,363.0,1301.0,452456.0,190.2452401761554,0.5925979142561741,3.183257214298011,0.24427519065979897,0.4088416521154279,16.83811161379104,11.153193232487281,1.1658911458978538,1.5097121750517686,557.0,89.8948326694591,0.8661549715424197,0.9797713280562885,3.8089663046553843
ID8035,8035,5,532.0,92.57302486622599,321.7417374881964,0.0,12.0,12,12.982491468678777,1,,791.8377358490566,798.0,371.0,1194.0,419674.0,161.05731725966086,0.5773704756181581,3.5992050868736927,-0.09717010324667885,0.0037984150902196654,15.182447881760268,11.507203292229141,1.230517190097883,1.3193864309334862,529.5000000000001,86.9123907145379,0.8808712504188826,0.9796484736355229,3.777015039114469
ID8101,8101,5,547.0,92.22361497988238,320.9883936861653,0.0,14.0,14,13.092359363765237,1,,784.294776119403,784.0,323.0,1212.0,420382.0,154.86169545863706,0.5728014820484664,3.68888852627823,0.14776367786506647,0.12653079575119103,15.490699288668825,11.523175963277952,1.0898293013154041,1.3443081436953297,538.5,88.16184565656525,0.8706311962872847,0.97027027027027,3.799162061151548
ID8165,8165,5,541.0,90.54450583179865,320.1009821976673,0.0,22.0,22,13.146949007195488,1,,804.6247689463955,785.0,412.0,1294.0,435302.0,171.12818905448304,0.5867604486669168,3.477373208711317,-0.15358417847827138,0.126724727079879,15.636019549798943,11.623603892450946,1.0603040182631098,1.3451954913874773,543.0000000000002,88.48111762135859,0.8715824851451548,0.9766187050359716,3.797088197064767
ID8550,8550,5,556.0,84.2906558849955,318.78930817610063,0.0,38.0,38,13.30937457814151,1,,828.9086021505376,827.0,409.0,1257.0,462531.0,171.35382535173954,0.5989525128966336,3.624095751467314,0.03984853273406681,0.05425191077687004,16.110581960341726,11.246855595557664,1.2333088838119366,1.4324521039200646,556.4999999999999,91.57025372480852,0.8340002822412785,0.9636363636363634,3.8816987989210383
ID8487,8487,5,561.0,84.848095659876,318.4840566873339,0.0,40.0,40,13.404698085027869,1,,826.4574468085107,821.0,342.0,1228.0,466122.0,167.99927037566437,0.5973688611674772,3.6794293114385006,0.3351507531138187,0.42615981266978126,16.79831555088471,11.326539599094342,1.176191101149878,1.4830933493781175,564.4999999999999,89.46299736171197,0.8863125951315624,0.9894829097283081,3.7654030627377137
ID7912,7912,5,534.0,91.80485133020345,319.45743348982785,0.0,11.0,11,13.019217119046312,1,,781.1669793621013,779.0,349.0,1169.0,416362.0,150.27452409440002,0.5743011253797963,3.7926290983506727,0.15533394559687455,0.21523780797525718,15.558807432593097,11.305236816638576,1.1408613419837537,1.3762478119604087,532.5,86.96479878628627,0.8847946403546516,0.9779614325068868,3.7686316436624088
ID8488,8488,5,586.0,84.01764041772509,319.1325148179509,0.0,37.0,37,13.709922968110668,1,,791.3282571912014,785.0,342.0,1245.0,467675.0,169.32253005205385,0.5864261159797329,3.4551377998686297,0.1596446952628357,0.36677144298871855,16.748504185002368,11.85644350630653,1.2299673921139354,1.412607766915409,590.5000000000001,91.09474993614512,0.8942173046709332,0.9825291181364395,3.7487233990595716
ID7913,7913,5,534.0,91.47467166979362,318.55003126954347,0.0,10.0,10,13.025327993411926,1,,780.093984962406,772.0,331.0,1182.0,415010.0,161.82744815677552,0.5758832914872207,3.5231827131478757,-0.19475913082666324,0.10347477755871921,15.445032124886156,11.531359168532909,1.1536817368396914,1.3393938996396006,532.9999999999998,86.73310631642372,0.8903633431354312,0.9806807727690886,3.756827863161421
ID8233,8233,5,551.0,87.57592256503328,320.58620689655174,0.0,26.0,26,13.243441670776848,1,,805.0834845735027,784.0,382.0,1309.0,443601.0,188.60391473672408,0.5889183543407385,3.1642713456105045,-6.198148395187965E-4,0.036215889009925395,15.77437591213813,11.351603331107048,1.2744401628265511,1.3896165547743604,551.0,88.11043058347961,0.8918808019947481,0.982174688057041,3.7536305420364986
ID8235,8235,5,549.0,89.87080335731414,318.94154676258995,0.0,24.0,24,13.303394180365686,1,,796.9874100719425,780.0,364.0,1235.0,443125.0,167.47122335499594,0.5848666242235874,3.512411439468978,-0.06489990039413131,0.010652773345006654,15.970523255592845,11.480355772189878,1.1161142856423418,1.3911174507570567,555.9999999999999,89.129533076985,0.8795112375440999,0.9737302977232921,3.779934163172174
ID8301,8301,5,561.0,87.18357058125741,321.47330960854094,0.0,27.0,27,13.374982468597496,1,,796.3024911032029,781.0,348.0,1281.0,447522.0,181.734751063821,0.5880328855730892,3.244981404633444,-0.026966367558176003,0.02914224704106381,15.88324605169203,11.59334352550868,1.233368244312368,1.370031519961807,562.0,88.8902480634307,0.893795046117365,0.9808027923211169,3.749608805402985
ID8238,8238,5,541.0,88.21660539215686,319.44117647058823,0.0,25.0,25,13.159049284959082,1,,809.434065934066,802.0,314.0,1296.0,441951.0,185.88883985419065,0.5931716152309053,3.242469931935174,0.0896834419307876,0.01180368854408648,15.934499372577527,11.171327219569369,1.2514468692977636,1.4263747770868507,544.0,89.12007029414222,0.8607117325209039,0.9705619982158786,3.8209914908115805
ID8303,8303,5,568.0,86.49911504424779,321.8274336283186,0.0,28.0,28,13.410633306963609,1,,800.8716577540107,790.0,392.0,1273.0,449289.0,177.86091455804873,0.5879166212295385,3.3342675284857677,-0.27138004122436377,0.2966690490791842,16.121574466235575,11.784428253283467,1.1854887988677876,1.3680404445369387,565.0,89.86595650236124,0.8791599781218858,0.9817549956559516,3.780689204876009
ID8305,8305,5,562.0,85.40750591016548,319.80732860520095,0.0,31.0,31,13.398760233979036,1,,803.8185053380782,801.0,366.0,1277.0,451746.0,175.75505301050265,0.5917946620463507,3.40066753552222,0.09935468531706709,0.1879199902396683,16.44895407841582,11.090850349583727,1.2461571826844136,1.4831102719759626,564.0,91.09956551214256,0.8539970228360175,0.9766233766233764,3.835983705218803
ID8435,8435,5,560.0,85.45319022063208,319.7912939773405,0.0,34.0,34,13.339236349084569,1,,821.087656529517,821.0,352.0,1293.0,458988.0,190.41827523298855,0.5982707718227349,3.228184297535416,0.05098400130025407,0.23659067695755367,16.401309854600644,11.26635720848289,1.2729611908099592,1.4557775464682978,559.0000000000001,91.80314178698625,0.8335018789743732,0.9688041594454074,3.8828591815700064
ID8374,8374,5,558.0,86.18158758579528,320.71545807221725,0.0,33.0,33,13.333269345274891,1,,823.7099099099099,815.0,384.0,1305.0,457159.0,196.4559746911993,0.5971627895747709,3.1353252493928587,-0.16818571533468132,0.17308379550989964,16.130223636775266,11.5931662811512,1.3236868424724788,1.3913561873946947,558.5,88.56966693085207,0.8946702958409858,0.9893711248892826,3.7477742485108916
ID8312,8312,5,572.0,85.67266608135792,321.0182908984489,0.0,30.0,30,13.463932567480748,1,,792.0964912280701,780.0,360.0,1268.0,451495.0,167.62230376287658,0.5834008732649067,3.4821900857063763,0.004097841175629554,0.15648604696833415,16.267658659877462,11.542078931274217,1.299296008081091,1.4094218863638939,569.4999999999999,90.2310926512912,0.8790046235883179,0.9835924006908461,3.781023288021142
ID8569,8569,5,487.0,93.70674234606123,306.23374613003097,0.0,0.0,0,12.418580428376128,1,,776.8453608247422,772.0,334.0,1236.0,376770.0,179.91330213536673,0.5754262705520996,3.1542266713909055,-0.1490130908642644,0.13051222408999233,14.325886868908858,11.132783570675842,0.9710098911942324,1.2868198485995692,484.5000000000001,83.04163923846444,0.8829006129394447,0.9690000000000002,3.772671774305093
ID7865,7865,5,547.0,90.1929181929182,317.7649572649573,0.0,9.0,9,13.183216521636506,1,,772.8424908424909,774.0,271.0,1281.0,421972.0,167.7675677737509,0.5757541809735595,3.3663681649664077,-0.08122404030895704,0.19881590995566548,15.583714985791033,11.61152856739737,1.15502599932051,1.3420898803579309,546.0000000000001,86.96062122234737,0.9073132216379285,0.9873417721518988,3.7215710287370722
ID8057,8057,5,553.0,92.95322434150772,321.0152891310929,0.0,13.0,13,13.23743148591058,1,,768.9963702359347,771.0,354.0,1175.0,423717.0,153.2821640145476,0.5698283232734435,3.6421223752989333,-0.048264211149899275,0.20807176235362143,15.74874154758827,11.716019740572523,1.1576375997871564,1.3442057879990121,550.5,89.25728943212884,0.8683199900410355,0.9615720524017467,3.804214813645193
ID8123,8123,5,559.0,91.29781903919834,321.3694370763336,0.0,21.0,21,13.41656590327546,1,,783.4777975133215,783.0,364.0,1186.0,441098.0,167.20057676085273,0.5828965352691142,3.4511025422498345,0.10918218889180636,0.0913738011659553,16.06972588764757,11.660531664206307,1.1132420236463232,1.3781297757610766,565.5000000000001,89.68591516254496,0.8834744314163842,0.980919340849957,3.7714463962274
ID8507,8507,5,578.0,84.59659746251442,317.78287197231833,0.0,41.0,41,13.564037533648712,1,,816.060553633218,811.0,354.0,1282.0,471683.0,183.98137235518277,0.5980835164001115,3.320021441073471,0.04828747258458229,0.049002140549868345,16.19345545363826,11.566502430479702,1.2366825828602246,1.4000304371151777,578.0000000000001,92.06373674962674,0.8569599106077825,0.9689857502095559,3.829346621002013
ID8197,8197,6,555.0,277.8035181872391,253.45885509839,0.0,26.0,26,13.339236349084569,1,,563.0533807829181,561.0,270.0,870.0,316436.0,107.34785609317622,0.48291489908228236,3.4161785924340635,0.1238618326732565,-0.08204698552459026,16.06758214897247,11.551182227192404,1.1064239758940977,1.3909902755363084,559.0000000000001,89.45067687509216,0.8779189217291758,0.9696444058976584,3.783360517312264
ID8198,8198,6,550.0,276.95307739183426,253.61730652041436,0.0,24.0,24,13.195283541573993,1,,567.3553113553113,559.0,326.0,866.0,309776.0,100.99320596276182,0.47832097194329004,3.6353283782162595,0.186726693399889,0.036603044312911656,16.25062043782808,10.986599131573039,1.1179679994436456,1.4791310980963541,547.0,89.68843720079765,0.854524024406838,0.9562937062937065,3.8348006599433155
ID8390,8390,6,558.0,280.4490161001789,249.88640429338105,0.0,35.0,35,13.339236349084567,1,,590.7638640429338,584.0,300.0,969.0,330237.0,112.4784872306785,0.5012934013008967,3.5075257138687803,-0.005521955360428075,0.0351557721383425,16.097310837262732,11.332946794132127,1.334116484533985,1.420399400939344,558.9999999999999,89.82916007060535,0.8705365181749389,0.9696444058976581,3.7993686508266755
ID8199,8199,6,564.0,277.306767586821,253.43084001187293,0.0,25.0,25,13.369031419373602,1,,557.8637168141593,553.0,292.0,855.0,315193.0,97.78223839601576,0.47595173530951274,3.6795007479783672,0.09425466106806116,-0.09829798692269964,16.172967947234138,11.37801925529761,1.0770075505430567,1.4214220932790211,561.5000000000002,90.87814000236258,0.8543597206406627,0.961472602739726,3.8351693816222614
ID8265,8265,6,544.0,277.66713091922,253.18771278242033,0.0,28.0,28,13.092359363765235,1,,583.4256505576208,578.0,276.0,875.0,313883.0,108.01854732475137,0.4915594979346291,3.560022087018017,0.19411034474758304,-0.11590914940681507,15.480902700205496,11.433912759685258,1.1122418563375362,1.35394619720989,538.4999999999999,87.33970218895216,0.8870991399550864,0.9685251798561149,3.763733398698784
ID8011,8011,6,561.0,273.81902206320814,253.3011329755516,0.0,15.0,15,13.339236349084569,1,,539.1482142857143,538.0,298.0,779.0,301923.0,89.58833198343825,0.460377448486887,3.794334720449703,0.17033316851384464,-0.08582128365235349,16.44600259379229,11.204574432037454,1.0566456246133902,1.4677935956914099,559.0000000000001,90.47158253912201,0.8582173649449913,0.9688041594454074,3.826540226131958
ID8523,8523,6,569.0,281.2347953216374,247.18742690058482,0.0,39.0,39,13.469841688927183,1,,589.1157894736842,583.0,232.0,926.0,335796.0,115.08132951974852,0.5057508889775749,3.438818975246643,0.05041078913893001,0.03728531941282421,16.315865477502214,11.252106292654767,1.2762478124731884,1.450027670655138,570.0,90.09237901520699,0.8824875949195234,0.9693877551020408,3.7735545057816178
ID8077,8077,6,548.0,273.7239440899423,253.42676997872988,0.0,14.0,14,13.21336340875438,1,,541.0965391621129,542.0,293.0,786.0,297062.0,90.28313011239281,0.459832176694641,3.775674702106155,0.025345848891920538,0.030773717138642763,16.179866933002454,10.925798343782828,1.0379928725639818,1.4808864692445454,548.5,88.37028459771176,0.8826204560221956,0.9785905441570029,3.773270477987993
ID8269,8269,6,535.0,277.50375939849624,253.30419799498748,0.0,27.0,27,13.013103375051497,1,,581.3935969868173,578.0,321.0,895.0,308720.0,101.77092977664749,0.4890593957033412,3.752546508549137,0.06073968186773087,-0.06493799905227642,15.743958609937952,11.09918038141051,1.119982489609675,1.4184793893706564,532.0,86.4359770955376,0.8948132469514977,0.977941176470588,3.7474748732549568
ID8141,8141,6,549.0,278.50182481751824,253.11374695863748,0.0,29.0,29,13.207339536360731,1,,579.5364963503649,576.0,302.0,850.0,317586.0,100.2714621637078,0.4891891244166995,3.7971729293683962,-0.006576675001900074,0.12152494637042993,16.427599738795006,10.771400975824939,1.1303467868455739,1.525112636291667,548.0,90.18588748354517,0.8466682143807905,0.9664902998236331,3.85255017947745
ID8277,8277,6,550.0,278.63730803974704,253.78816621499547,0.0,31.0,31,13.273451774226936,1,,579.1131059245961,578.0,296.0,909.0,322566.0,111.48827949437758,0.4939534855604981,3.434892536309442,-0.05740056968481986,0.1436661615112869,16.26539353411125,10.97759832147804,1.2714828978862067,1.4816896244315538,553.5000000000001,89.24238890531468,0.8733435450264804,0.971905179982441,3.793257932278044
ID8151,8151,6,567.0,276.8609885260371,253.2066784348338,0.0,22.0,22,13.428423232945757,1,,550.0263157894736,548.0,256.0,830.0,313515.0,105.16065711749528,0.47142309744581645,3.3514555292885277,-0.13851920698955145,0.02359610526769983,16.47091629070366,11.232793106746099,1.1096942644996992,1.466324193295405,566.4999999999999,89.82127963120347,0.8823711549288964,0.9801038062283733,3.7738034815974846
ID8280,8280,6,567.0,278.42341549295776,252.29401408450704,0.0,30.0,30,13.446189622059965,1,,570.740350877193,567.0,287.0,887.0,325322.0,110.20960674964694,0.48846973405543737,3.398965623255191,0.0016659174293772614,-0.0198777724101586,16.19613839036616,11.234311280690184,1.2489201598536745,1.4416672269179942,568.0,90.25548457803272,0.876215628624638,0.9734361610968296,3.7870360070959688
ID7769,7769,6,513.0,275.7359074617139,255.29374389051807,0.0,5.0,5,12.759917977127007,1,,547.4520547945206,547.0,296.0,775.0,279748.0,98.94219519935659,0.4591076439733403,3.4819436238448427,-0.025130021688637875,0.007432146638632475,16.08394306518409,10.205797807377484,0.7988995798054925,1.5759613671316768,511.5,87.16195393005954,0.8460608267188544,0.9752144899904671,3.8539328056152082
ID7770,7770,6,523.0,276.5009532888465,255.26263107721638,0.0,7.0,7,12.921050085167158,1,,540.407619047619,539.0,302.0,763.0,283714.0,95.23216678567326,0.4567819837726472,3.558624772804317,0.020497841337298168,0.047059514760129706,16.332928817391867,10.586101183104063,0.9125163670999257,1.542865360427503,524.5,88.36662613244391,0.8440706688402015,0.9659300184162063,3.8584735504133634
ID8347,8347,6,541.0,279.2918968692449,252.89318600368324,0.0,32.0,32,13.146949007195486,1,,592.0939226519337,586.0,329.0,909.0,321507.0,108.5601352724736,0.49970394079002384,3.6346070531780668,0.0716950833113682,0.1682172773941255,16.231571912905597,11.130940411911837,1.3046841176895314,1.4582390447023947,543.0000000000001,89.31306932395913,0.8554205210535258,0.9661921708185055,3.8327906619001566
ID7900,7900,6,541.0,275.03982843137254,254.8952205882353,0.0,10.0,10,13.159049284959082,1,,537.4917431192661,543.0,298.0,761.0,292933.0,92.23499611809214,0.45741238943867907,3.6578974474944896,-0.03119741173526643,0.027099807716389247,16.48122958899804,10.805085044961894,0.9197805447962909,1.5253215981564876,543.9999999999999,88.77212775843498,0.8674720779819264,0.9688334817453248,3.8060735776654084
ID8476,8476,6,556.0,281.60355117875264,247.59310653536258,0.0,37.0,37,13.333269345274891,1,,587.8142857142857,578.0,293.0,870.0,329176.0,106.37529914329356,0.5004543407675828,3.6861331110043665,0.08122085330532171,0.1461114633813295,16.18561835522812,11.336794014321152,1.3327813290455248,1.427706839762786,558.5,90.04509268859165,0.8655914192705899,0.9645941278065628,3.810206036413663
ID7901,7901,6,535.0,274.58348851644945,253.7892613283675,0.0,11.0,11,13.074112164146966,1,,537.2639405204461,536.0,326.0,800.0,289048.0,85.73384087958885,0.4522917956116347,3.9032847437210254,0.0348603549534808,0.07941292413094295,16.28130961365763,10.884933453330277,1.0520851548269898,1.4957656547432834,537.0000000000001,87.43051382586992,0.8827913889743331,0.9853211009174314,3.772905155277312
ID7774,7774,6,503.0,275.82293762575455,255.7679409792086,0.0,4.0,4,12.577758680835945,1,,550.7692307692307,554.0,314.0,785.0,272080.0,97.63856531478538,0.46020294533969286,3.55561271087824,0.1835008742367915,-0.12788804418532893,16.22081530743568,10.112711221199088,0.8049356706117424,1.6040026213180383,497.00000000000006,88.13756436348785,0.8039779966339783,0.9521072796934867,3.9535100803702856
ID8545,8545,6,557.0,281.8784505788068,247.4881270406649,0.0,38.0,38,13.3690314193736,1,,596.3928571428571,592.0,266.0,929.0,333980.0,116.51771745954827,0.5067573058169017,3.4429219167994307,0.17670604202942816,0.04279307087593058,16.150240173506823,11.428721312205406,1.3144865893989175,1.4131274822721445,561.5,89.38244115794551,0.8831921519970864,0.9639484978540772,3.7720490491409078
ID8418,8418,6,546.0,279.4629292008508,250.49301124278333,0.0,34.0,34,13.21336340875438,1,,593.2390510948906,584.0,293.0,929.0,325095.0,113.66135020632558,0.5012056161007408,3.48515954864782,-0.04226108824108416,0.02255889846285662,16.31137269807165,10.918684145409795,1.3042751219702655,1.493895462204476,548.5,88.8465254272434,0.8731836585849266,0.9690812720848057,3.79360520329373
ID7779,7779,6,487.0,276.73839009287923,256.0493636050912,0.0,2.0,2,12.418580428376128,1,,543.6652892561983,538.0,325.0,757.0,263134.0,89.08843370726105,0.45129822267658615,3.795309852785522,0.018414358132070548,0.12150753961020754,16.031187964224006,10.041948930018975,0.7892926883784719,1.5964219770428283,484.50000000000006,87.94793542176866,0.7871406620269144,0.9500000000000001,3.995570133452115
ID7780,7780,6,537.0,276.0700123915737,255.72924411400248,0.0,8.0,8,13.086279790944381,1,,537.780260707635,538.0,266.0,772.0,288788.0,94.67227516152899,0.4557879532149347,3.5569418059393225,0.07812313961639991,0.09889138601769513,16.710328301413472,10.58969271145942,0.8808709444098147,1.577980471834724,537.9999999999998,90.06864289866037,0.8333835072857722,0.9564444444444442,3.8831349275346354
ID7782,7782,6,497.0,276.08948432760366,255.41034715200541,0.0,3.0,3,12.546084597111742,1,,545.3076923076923,544.0,297.0,804.0,269382.0,100.65448331645392,0.45472289930224286,3.386920836725807,-0.013209410522400768,0.08248983543492464,16.506499848066582,9.911322310534665,0.7308508415414103,1.6654185315436625,494.50000000000006,86.24870283536247,0.8353548833815441,0.9629990262901656,3.878550264631532
ID7783,7783,6,505.0,275.9923025435073,254.24230254350738,0.0,6.0,6,12.590406002966217,1,,551.4052419354839,548.0,259.0,804.0,273497.0,93.87724142365437,0.4526113142388254,3.6602988911279106,-0.0211885220131153,0.14259349632609464,16.053886192861512,10.251548953607562,0.7925069933370261,1.565996149997614,498.0,86.21103684182586,0.8420026729924455,0.9736070381231674,3.8632089355617993
ID7976,7976,6,560.0,274.27122430741736,253.73086088769733,0.0,16.0,16,13.345200684884093,1,,537.9230769230769,536.0,322.0,802.0,300699.0,88.82526534715382,0.45885125137276733,3.809557791496362,0.02409077033548987,-0.0697762784144492,16.452372792976643,11.178801141584781,1.124890662777914,1.4717475142995742,559.4999999999999,90.71820259261223,0.8543209984077258,0.9688311688311686,3.835256295463601
ID8296,8296,6,560.0,276.6765409934171,252.51466187911427,0.0,23.0,23,13.315352289908494,1,,562.087656529517,568.0,193.0,897.0,314207.0,110.36153283550826,0.4773278658160371,3.291214737559136,-0.0322883089857357,0.09774641730827184,16.425224577847658,10.911187669023231,1.1604416699078335,1.5053562523242754,557.0,90.58746141678066,0.8529604228787945,0.9611734253666955,3.8383139265580137
ID7849,7849,6,509.0,276.2290238328436,255.8692458374143,0.0,1.0,1,12.74743883675561,1,,532.4657534246576,537.0,321.0,758.0,272090.0,87.68221532155732,0.442661777829489,3.7266418824734893,0.01798421757358455,0.1381524476697409,16.538262142794864,10.344684661259993,0.7584408768789702,1.5987207618545702,510.5000000000001,87.7080596434758,0.8339242517029681,0.9705323193916352,3.8818757460011244
ID8045,8045,6,564.0,275.10695187165777,252.986036838978,0.0,20.0,20,13.363077719938119,1,,548.7567084078712,548.0,284.0,817.0,306755.0,92.04867529884095,0.46730912822042303,3.797300271896707,-0.06735848589452881,0.16218400353876672,16.353516523795413,11.207458328905755,1.105440250902507,1.4591637143648515,560.9999999999999,90.06969379711607,0.8689911482800683,0.9705882352941173,3.802745452707295
ID7982,7982,6,569.0,274.1701908957416,253.97929515418502,0.0,18.0,18,13.440270101798594,1,,541.7521968365554,542.0,289.0,811.0,308257.0,94.10140301218996,0.4626898121773475,3.6422711902675613,0.050233489773150404,0.11381096866355027,16.560872273878402,11.11259759768643,1.1987072418918234,1.490279129456309,567.5,90.96376947351789,0.8618641814584066,0.9717465753424656,3.8184360008010807
ID8496,8496,6,556.0,280.112165010539,247.112165010539,0.0,41.0,41,13.273451774226933,1,,601.4946043165468,597.0,241.0,955.0,334431.0,119.83391647777236,0.5087376729172275,3.385027042043079,0.10386397263796651,0.043065982653179645,15.860228941147353,11.3042636257573,1.3220185988149291,1.403030702947255,553.5,89.43500386665981,0.8695857794901674,0.968503937007874,3.801445053207461
ID8369,8369,6,563.0,279.60825958702065,252.08495575221238,0.0,33.0,33,13.410633306963613,1,,583.1294326241135,579.0,251.0,904.0,328885.0,112.11280755944198,0.49812826949868116,3.458851523810266,0.07208746969861383,0.06608121297406844,16.417035657603613,11.26819075514972,1.3072928242943602,1.456936256612518,565.0000000000001,89.51402860115161,0.8860864709116213,0.9766637856525499,3.7658834867956257
ID8563,8563,6,512.0,276.3122342165522,254.95011449133136,0.0,0.0,0,12.734947467918401,1,,528.7607843137255,529.0,313.0,819.0,269668.0,92.72691400513696,0.44992411583879166,3.538974438773555,-0.058117331354425095,0.13964288777250564,16.49722750537212,10.138339936501287,0.744598542876409,1.6272119112890258,509.49999999999983,87.99295310232925,0.8269100420237212,0.9751196172248803,3.898304856851922
ID7987,7987,6,552.0,274.19467275494674,253.4007610350076,0.0,13.0,13,13.20131291522269,1,,537.5701275045537,536.0,277.0,808.0,295126.0,97.22440509163155,0.4570922764591245,3.469018814810066,0.04845648435380082,-0.05694993230936901,16.3483135660479,10.894995244982153,0.9707262875698606,1.5005342543474125,547.5,90.87730518556945,0.8330730917126679,0.9605263157894737,3.8838583174152332
ID8117,8117,6,544.0,275.84350909651556,252.91227258711072,0.0,21.0,21,13.116649476232062,1,,555.1962962962963,553.0,337.0,802.0,299806.0,95.59078281880551,0.467122944060639,3.6984966374079624,0.07275569995432893,0.06380302248041862,16.010357512867326,11.112806827771594,1.2020981312298977,1.4407123025711603,540.5,88.9300079359726,0.8588333493339088,0.9591836734693877,3.825167717808682
ID8055,8055,6,573.0,274.94268077601413,253.54232804232805,0.0,19.0,19,13.434347973244153,1,,541.0370370370371,543.0,264.0,805.0,306768.0,95.55996602343308,0.45973819689289425,3.566289713220378,-0.23734301619091352,-0.005173647113212059,16.35301247707795,11.508441411800538,1.1695813867009086,1.4209580508712396,566.9999999999999,89.38443695596088,0.8918033620644075,0.9869451697127936,3.753793512142917
ID8440,8440,6,559.0,280.58050089445436,249.25283243887895,0.0,36.0,36,13.339236349084569,1,,587.6332737030411,580.0,276.0,932.0,328487.0,110.44186116381853,0.4976252248105903,3.53591566658111,0.03432441605882649,0.07140241871147822,16.204128105978587,11.333739543647415,1.3671892963746353,1.4297247650323,559.0,90.03665825113994,0.8665286706603212,0.962134251290878,3.808144888761072
ID8443,8443,6,566.0,280.0332741792369,247.50502809819582,0.0,40.0,40,13.39281975032017,1,,598.0641711229947,589.0,213.0,947.0,335514.0,121.6176215632978,0.5070245153960674,3.308947805119396,0.08649422615696009,-0.021327960455586315,16.012655070548643,11.443778700491169,1.2696330395789215,1.3992454319185128,563.4999999999999,90.00990900549924,0.8740235590872597,0.9657240788346186,3.7917820163128857
ID7996,7996,6,563.0,274.55427046263344,254.27550415183867,0.0,12.0,12,13.374982468597496,1,,535.262969588551,536.0,300.0,837.0,299212.0,96.40351968870243,0.4566244621889722,3.4810950298290404,0.07691339629311346,0.04726013392541948,16.52535201963697,10.984179071676428,1.0149365614617925,1.5044685553469257,562.0,90.53699348142833,0.8615768923146675,0.9672977624784854,3.8190725683477655
ID7932,7932,6,578.0,274.50808781051416,253.40410167533216,0.0,17.0,17,13.552298857686367,1,,536.894280762565,538.0,270.0,774.0,309788.0,93.47859372388231,0.462072118222823,3.630342262534476,-0.09313436484794561,4.610730361119712E-4,16.660230359172996,11.178212144862421,1.1100382656053598,1.4904199475969102,576.9999999999999,91.18378002516336,0.8720682865756811,0.977966101694915,3.79603043136327
ID7806,7806,6,549.0,275.5639853747715,255.50426569165145,0.0,9.0,9,13.195283541573993,1,,534.7974452554745,530.0,273.0,759.0,293069.0,93.50064294496218,0.4541438459672088,3.5726525849155015,0.05594030027416893,0.04012078206903598,16.347070795315776,10.972842237798607,0.8746294656661504,1.4897754329324393,547.0,90.18633176355968,0.8451148728427725,0.9630281690140845,3.856089094188048
ID8067,8067,7,470.0,70.12549230218403,352.01485857500893,0.0,13.0,13,12.172643592028585,1,,878.2349137931035,886.0,385.0,1450.0,407501.0,207.78573131734882,0.6088388008097381,3.1990038513413865,0.09565825507695191,-0.03872476583732118,16.356573437427866,9.415361804479883,0.9302689428034668,1.7372219758613328,465.50000000000006,83.87300033614652,0.8315439176802027,0.9657676348547717,3.8874278025801745
ID8455,8455,7,479.0,62.989888423988845,354.8437935843794,0.0,36.0,36,12.334995970645954,1,,904.4989604989605,901.0,479.0,1377.0,435064.0,168.36449948376048,0.615259457709354,4.092640050080706,0.01699860800673436,0.034723103766955275,16.20258401438075,9.668986894471926,1.1807017811827274,1.6757271667876905,477.9999999999999,84.36551204450068,0.8439328015328796,0.9775051124744374,3.858788703251393
ID8074,8074,7,476.0,69.7058001397624,352.3329839273236,0.0,15.0,15,12.322086499845232,1,,870.1907756813417,867.0,390.0,1342.0,415081.0,200.38516294421242,0.6096635578507311,3.289531376698195,-0.04156985043310167,0.2871115757079328,16.34979839648682,9.567321868417743,0.99341378165111,1.7089211193425409,476.9999999999999,86.1625285434506,0.8074048843392753,0.9774590163934421,3.9451111706577975
ID7883,7883,7,479.0,78.79092805005214,349.0140771637122,0.0,1.0,1,12.354334883963913,1,,791.35625,800.0,399.0,1205.0,379851.0,161.14821612422801,0.5685278827066799,3.559885714241496,0.3601647316347569,-0.43403730824053594,15.397372381720992,10.74980132753773,0.6074892840524704,1.432340181234568,479.50000000000006,83.64313777285533,0.8612670699693461,0.9736040609137057,3.819759421282067
ID8012,8012,7,477.0,69.37482566248256,352.1094839609484,0.0,16.0,16,12.334995970645956,1,,869.3542976939203,870.0,413.0,1285.0,414682.0,193.46080272919755,0.6093467458865638,3.40289607297338,0.033077205948143576,0.24964032929965604,16.581938866288674,9.411499606837564,0.9893155463650004,1.7618806310358555,478.0000000000001,86.19684225781535,0.8084535052363417,0.9685916919959475,3.942551797527808
ID8332,8332,7,503.0,67.58060786257019,352.2175421209118,0.0,23.0,23,12.67230592985043,1,,852.2123015873016,860.0,420.0,1329.0,429515.0,161.7163550495658,0.6000597867684773,3.9525936012548355,0.024839619385305527,0.058983273079314884,16.588034803972153,9.948583690620362,0.9404770747438184,1.6673765150723456,504.49999999999994,86.4211970831797,0.8488490737582078,0.9796116504854365,3.84759801901604
ID7949,7949,7,491.0,68.224043715847,351.5706967213115,0.0,17.0,17,12.463355264843006,1,,862.4672131147541,859.0,388.0,1299.0,420884.0,183.16002964278832,0.6079648671726212,3.5607690992540246,0.014157519373982807,-0.010993042290838669,16.424716730118053,9.727844194190569,0.9618407503369384,1.6884230876073067,488.00000000000006,87.82427595457241,0.7950611452302353,0.9596853490658801,3.975618172095617
ID8399,8399,7,498.0,63.81586021505377,355.0443548387097,0.0,35.0,35,12.565098628628437,1,,895.4477911646586,899.0,381.0,1358.0,445933.0,181.55554738386735,0.6197442484017045,3.774216426117883,0.30198361405702345,0.014919195140342314,16.56963237673609,10.072723207403694,1.0714575853649473,1.645000268105949,496.0000000000001,86.06630736656642,0.8414439654702035,0.9754178957718783,3.8644912822253503
ID7824,7824,7,476.0,75.13512092534175,349.7667367683141,0.0,5.0,5,12.302696894599675,1,,840.3340336134454,849.0,356.0,1353.0,399999.0,198.03258577503945,0.5946859665063257,3.1648840816097716,-0.08636205485761912,-0.0684128667091407,16.5656165946798,9.684334654825431,0.717108820899786,1.7105580491712582,475.5000000000001,84.76276037316237,0.8316684038667936,0.9704081632653063,3.887136851781217
ID7826,7826,7,452.0,74.50482017055988,350.89673711531333,0.0,7.0,7,11.961617526054491,1,,881.5505617977528,900.0,317.0,1381.0,392290.0,199.00393920882485,0.6043120796207523,3.337244077135097,-0.04307446669855892,0.010676833919291535,16.30097070580032,9.234401348686381,0.7484834269119163,1.7652439059429854,449.5000000000001,83.77062812715515,0.8049261121989247,0.9635584137191859,3.9511809915045033
ID8531,8531,7,485.0,65.73878536922015,354.84817115251894,0.0,39.0,39,12.399341717477219,1,,915.7588357588357,916.0,412.0,1338.0,440480.0,177.87872756077874,0.6219236931602737,3.948151265564262,0.11015988094323448,0.20111537250710246,16.416617805523835,9.59450923952189,1.313812103166047,1.7110429929964714,483.00000000000006,85.4549932285161,0.8311551622074748,0.9728096676737161,3.888336827891074
ID8084,8084,7,496.0,68.420892494929,351.07775524002705,0.0,20.0,20,12.527041705391134,1,,855.9451219512196,858.0,392.0,1279.0,421125.0,175.2135009439048,0.6015697188415824,3.6698513035159124,0.04379735739564086,0.22092991573072895,16.410993659989103,9.757619592038107,0.9703370077531578,1.68186446552804,493.00000000000006,86.18942477542109,0.8339669093610296,0.9704724409448819,3.881776465175997
ID8091,8091,7,489.0,68.0680894308943,351.60738482384824,0.0,19.0,19,12.514330345744632,1,,852.4838056680162,867.0,381.0,1235.0,421127.0,172.07827226553962,0.6016746948024135,3.7220099396384594,0.13586110736000512,-0.0334082572531145,16.1955078892485,10.268591696814532,0.9877855121139456,1.57718880713434,491.99999999999983,86.08548795750491,0.8342862303816128,0.9675516224188789,3.8810335238405553
ID8155,8155,7,496.0,62.31790744466801,353.21562709590876,0.0,29.0,29,12.577758680835943,1,,877.1834677419355,891.0,372.0,1322.0,435083.0,180.4594266183543,0.6129009935675446,3.6942261349273395,0.42077180708129097,-0.2063972281254378,16.20303839915666,10.58274798601439,1.1535909261448989,1.5310804358725876,496.9999999999999,87.1158718793874,0.822946642505004,0.964112512124151,3.9076809090731155
ID7839,7839,7,461.0,78.31417208966016,350.13774403470717,0.0,2.0,2,12.11366408361762,1,,826.8630434782609,833.0,358.0,1317.0,380357.0,189.38614500802396,0.5879115616434641,3.232965449934827,-0.02831942254946204,-0.1175270454461021,15.451875866754307,9.828508202909399,0.6203572952817233,1.572148646340886,460.9999999999999,84.54796754598573,0.8104093543997467,0.9514963880288957,3.937791428779118
ID8031,8031,7,489.0,68.02439024390245,352.4563008130081,0.0,18.0,18,12.514330345744634,1,,858.7244897959183,867.0,396.0,1299.0,420775.0,172.89596270142005,0.6065179418828176,3.7502227541436692,0.05954402109404595,0.11660884617072681,16.363427727775807,9.870950687115155,0.956581779638282,1.6577357385784002,492.0,85.35218018757877,0.8486834415759733,0.9791044776119402,3.8479734563901498
ID7840,7840,7,443.0,76.6246674268339,350.447168377043,0.0,4.0,4,11.814350811263063,1,,877.7380410022779,883.0,407.0,1385.0,385327.0,210.1454859965783,0.6035469790046598,3.1441571419857204,0.07196174858962553,-0.017994614259241603,15.289511756476013,9.446233182560201,0.6975807033923038,1.618582927288284,438.49999999999994,80.93675074761722,0.8411780488171721,0.9733629300776914,3.8651020633714235
ID7842,7842,7,448.0,76.9351230425056,349.56226696495156,0.0,3.0,3,11.92830747106036,1,,854.9072398190045,858.0,405.0,1346.0,377869.0,195.5807863358448,0.59306459895243,3.254553513494765,0.10103699444231018,0.2159172375056953,15.704990559681276,9.494955057099544,0.6804880444894716,1.6540352708608537,446.9999999999999,82.80070265983899,0.8193120505553358,0.9759825327510915,3.9163388489484863
ID8354,8354,7,492.0,66.30284552845528,353.6270325203252,0.0,32.0,32,12.514330345744636,1,,890.730612244898,891.0,418.0,1361.0,436458.0,174.0192761389584,0.6143684065173247,3.8958770329116894,0.4207685866607918,-0.14109551109545249,16.52362305648971,10.243188056270723,1.2304772571700635,1.6131328416228972,492.0000000000001,86.27786720569463,0.8305698561791689,0.9840000000000001,3.8897066501621955
ID7844,7844,7,464.0,73.50071149057275,351.2733902525792,0.0,8.0,8,12.211805013064446,1,,865.5085106382978,877.0,349.0,1364.0,406789.0,209.726624101596,0.607212955968946,3.1182819218857234,0.21911613491927168,-0.27889442886197297,15.90047175526029,9.911655279846475,0.8390783391671773,1.6042196087661533,468.49999999999994,83.36768322251119,0.8470791534007589,0.973001038421599,3.8516155824901097
ID8166,8166,7,506.0,67.83101391650099,351.6597084161697,0.0,22.0,22,12.653452997124806,1,,845.469184890656,848.0,429.0,1232.0,425271.0,153.93813933448897,0.5971977691699046,4.107154384460458,0.05257344100476163,-0.06522477784150406,16.211114813726073,10.122605877447777,0.950009917858793,1.6014764389714045,503.0,84.77424462044125,0.8795286517085958,0.9891838741396264,3.7798967427191856
ID8103,8103,7,474.0,69.21729957805907,351.4486638537271,0.0,14.0,14,12.283276682185285,1,,874.7690677966102,884.0,377.0,1315.0,412891.0,196.78567683661927,0.6087549233383744,3.3642055753254905,0.0075038216459756965,0.1599857597633488,16.58260782215223,9.296013869050677,0.9298822904187891,1.7838406929835693,473.99999999999983,84.57161176420904,0.8327966908186045,0.9803516028955528,3.8845027801427725
ID8551,8551,7,481.0,63.72199170124481,354.54495159059474,0.0,38.0,38,12.386499309352386,1,,914.4128630705394,911.0,437.0,1336.0,440747.0,174.34471815618144,0.6220120488447892,4.02261296447105,0.3304551984378627,-0.08512752574001792,15.543697219101405,10.358674279201672,1.282902198285183,1.500548892661903,482.0000000000001,84.05656649819261,0.857262072621296,0.9747219413549042,3.8286716902541102
ID8041,8041,7,460.0,71.76731252242554,352.1411912450664,0.0,12.0,12,12.159561757414236,1,,881.7025862068965,870.0,426.0,1388.0,409110.0,204.7840191697974,0.610425057400419,3.263982948914375,-0.005674112627243347,0.14020456028362877,16.149965845740493,9.443988026078088,0.9107364438251102,1.7100790260581549,464.50000000000006,84.24032731481472,0.8225370914100293,0.9737945492662475,3.9086536286303506
ID7850,7850,7,463.0,74.58531317494601,349.78221742260615,0.0,6.0,6,12.139912573947766,1,,857.982683982684,877.0,375.0,1359.0,396388.0,201.4994112018432,0.6001134131483539,3.1938705154372786,0.09353220830724676,-0.1307548047059301,16.112155543477595,9.556574811290353,0.6918202877994432,1.6859759758739428,463.0,84.34240391248042,0.8178975456464935,0.9585921325051759,3.9197239229643666
ID7914,7914,7,463.0,72.37415329768271,350.9549019607843,0.0,11.0,11,12.19876517484135,1,,866.9468085106383,876.0,366.0,1295.0,407465.0,194.09552783022744,0.6066733095275136,3.3731389266128056,0.23583351005795347,-0.004320965432206873,16.276344986302412,9.761212038369257,0.8890047284535846,1.6674512265816528,467.5,84.49299192312661,0.8229057585615707,0.9749739311783108,3.907777979375089
ID7915,7915,7,461.0,73.54398400581606,352.22482733551436,0.0,10.0,10,12.080773270584462,1,,880.3145336225597,889.0,340.0,1343.0,405825.0,199.71497838835847,0.6108005050748874,3.3428343817385464,0.5835998992168714,-0.374343130536097,15.712879817221449,10.240182230251921,0.8996122839501501,1.5344336129880467,458.49999999999994,83.21033830999966,0.8321366085944841,0.9744952178533473,3.8860431419813715
ID8492,8492,7,485.0,63.581556683587145,355.0790186125211,0.0,37.0,37,12.520687638684901,1,,904.2165991902834,909.0,346.0,1315.0,446683.0,181.09376850026635,0.624473831096516,3.8388442196586996,0.08044884514583552,-0.15143015532578358,16.098723573581008,10.28471561650293,1.2482609707469192,1.565305660736878,492.49999999999994,85.91031908471636,0.8385431869356719,0.9840159840159839,3.871169742874598
ID8494,8494,7,496.0,66.83735343383584,355.98743718592965,0.0,40.0,40,12.584083930760945,1,,902.8076152304609,905.0,380.0,1366.0,450501.0,187.72510199170327,0.6222395583630882,3.689312900883263,-0.05159301549207294,0.05130862864164644,16.471482430966546,9.924075877764425,1.3294268692889928,1.6597497473666074,497.49999999999994,85.58581833331404,0.8534917627605741,0.980295566502463,3.8371189725644603
ID8240,8240,7,477.0,65.64592123769339,351.4089310829817,0.0,26.0,26,12.283276682185287,1,,892.6729957805907,901.0,446.0,1321.0,423127.0,175.61097401710026,0.6137889501081577,3.866723068098763,0.5132551569468482,-0.3134593419661693,15.907917880443051,10.278885281593812,1.1173459060069009,1.547630647160644,474.0,83.94127528072252,0.845351017593025,0.9844236760124611,3.85555046657737
ID8306,8306,7,481.0,65.77969348659003,352.4164054336468,0.0,27.0,27,12.341445642182435,1,,897.2229166666667,908.0,420.0,1392.0,430667.0,190.31155177462472,0.6190909000385919,3.605357968940312,0.29873227166013444,-0.1640459544943244,16.187948715782294,9.981103248071408,1.1167159146059993,1.6218596595431671,478.49999999999994,85.65718753773065,0.8195287330522251,0.9608433734939757,3.915821076876557
ID8307,8307,7,489.0,64.07711950970378,352.61474293496764,0.0,28.0,28,12.48249531491863,1,,885.4093686354379,882.0,389.0,1393.0,434736.0,191.6620895354916,0.6173169057218544,3.526557216801837,-0.0013973309415219778,-0.17690231387182898,16.74751661583551,9.727630284365492,1.1146606223555868,1.7216440311010348,489.5000000000001,86.38859841902273,0.824232441396503,0.9760717846460618,3.9046317371376085
ID8246,8246,7,493.0,68.16123003737682,352.17074413863406,0.0,24.0,24,12.495239060264087,1,,864.2953156822811,871.0,462.0,1258.0,424369.0,163.6021317361869,0.6041722754543063,3.979357732318738,0.08646209756608303,0.05696854643251468,15.964702633681306,10.171453878039044,0.9297626787387734,1.5695595560975146,490.5,84.75214539690707,0.8581189139577211,0.9810000000000001,3.826759727096353
ID8310,8310,7,494.0,64.67811447811448,353.22491582491585,0.0,31.0,31,12.552425807826008,1,,884.6161616161617,880.0,418.0,1360.0,437885.0,187.94282160198276,0.6169831958508808,3.5919224500641938,-2.954214792364372E-4,0.13826572503651588,17.15367987668087,9.47629845159118,1.1969579843546463,1.810166697926295,495.0,86.05672454523035,0.839934535949884,0.9811694747274528,3.8679621234954276
ID8438,8438,7,488.0,65.6540300546448,353.98872950819674,0.0,34.0,34,12.463355264843004,1,,897.6252545824847,911.0,372.0,1405.0,440734.0,187.1853007858582,0.6183462184710732,3.66449040398921,0.11580440352652766,-0.12551340485997287,16.783353676576475,9.706303983859765,1.1681196344717537,1.7291189009209746,487.99999999999994,86.55879309741945,0.8184785481414394,0.9692154915590862,3.9183324548074374
ID8247,8247,7,488.0,66.63347093223254,351.82714138286894,0.0,25.0,25,12.418580428376126,1,,877.7293388429752,881.0,440.0,1360.0,424821.0,184.82881982097638,0.6099103984848144,3.598199615036627,0.002392828123073663,0.07299690305894611,15.929753656194974,9.698927882037525,1.0178214581354053,1.6424241782122102,484.4999999999999,85.7181129379986,0.8286257826416872,0.9680319680319678,3.8942668785624455
ID8375,8375,7,479.0,66.9768326417704,354.10235131396956,0.0,33.0,33,12.386499309352388,1,,904.983367983368,907.0,357.0,1325.0,435297.0,174.65106800742174,0.6189577734283724,3.962094665336222,0.30964782450821965,-0.017272623294303634,16.536007031724516,9.856141537347444,1.1807981835302628,1.6777363605286462,482.00000000000017,85.04842391017326,0.8373834294763693,0.9866939611054251,3.8738495574002854
ID8570,8570,7,473.0,79.46860670194003,348.1169312169312,0.0,0.0,0,12.263825717199389,1,,798.0379746835443,814.0,340.0,1226.0,378270.0,176.83670586784186,0.5819487520527155,3.3202705106939905,0.14836626332125102,0.13092485297136977,15.909268441550408,9.695079071798746,0.6053646996484762,1.640963247822045,472.5,85.10711140774288,0.8197472639805934,0.9692307692307691,3.915299095839743
ID8124,8124,7,488.0,68.39188255613126,351.92107081174436,0.0,21.0,21,12.392922176939503,1,,861.9154639175258,867.0,455.0,1274.0,418029.0,171.71692262724576,0.603112421599378,3.7767293687864667,0.07993569910254057,-0.08712078470471693,16.1112324664957,9.912652348882336,0.9656889406339306,1.625320035390151,482.4999999999999,86.00895319069504,0.8196337968692816,0.9669338677354709,3.915570096319308
ID8317,8317,7,499.0,62.38425925925926,351.5899470899471,0.0,30.0,30,12.666024736934254,1,,873.9841897233201,881.0,330.0,1377.0,442236.0,192.41450653159595,0.6158686557773357,3.4624045161615133,0.3644940209544022,-0.0952069397014803,16.58933395329565,10.39034805067521,1.1912251327539447,1.5966100338879028,503.99999999999983,86.67202706729698,0.8431066071237854,0.9748549323017405,3.8606789321788426
ID8509,8509,7,503.0,67.51162018592298,357.27722443559094,0.0,41.0,41,12.64086875433263,1,,898.0139720558882,882.0,421.0,1356.0,449905.0,183.42335130618252,0.6164793549963352,3.7342796701658565,0.16264516999273063,-0.14015488550615068,16.544788654407498,10.235916254061541,1.4150357076661937,1.616346621421667,502.0000000000001,85.97913402452926,0.853350501251595,0.9757045675413026,3.8374365529639483
ID7870,7870,7,445.0,73.62292609351432,351.4653092006033,0.0,9.0,9,11.861406733319429,1,,903.6176470588235,916.0,424.0,1393.0,399399.0,201.1795059412804,0.617528620046009,3.429541628528001,-0.20038173252138225,-0.2716620548149668,16.376507746613445,9.131346683091516,0.8087272443451597,1.7934383957776752,442.0,84.98387326203198,0.7690579957078173,0.9454545454545457,4.042270629612167
ID7875,7875,8,734.0,166.01766304347825,354.9388586956522,0.0,9.0,9,15.306079714651624,1,,1682.3559782608695,1747.0,444.0,2942.0,1238214.0,473.47427823978785,0.771508291335076,3.0949163060833587,-0.1611600153051863,0.061059488371290084,17.984412428985937,13.458525189617207,0.5755386002994242,1.336284041200911,735.9999999999999,100.3402360197948,0.9186232686908238,0.9892473118279569,3.6985901699506543
ID8323,8323,8,742.0,166.21135183931392,353.337734145791,0.0,30.0,30,15.33205305713261,1,,1798.0647773279352,1837.0,647.0,2965.0,1332366.0,451.35423388606404,0.7812753582343491,3.4945469146569073,0.032186345821324895,-0.014922242668626925,18.17100823062706,13.136406135748894,0.6435626167989859,1.383255666949669,738.5,100.42105893587498,0.9202604765748035,0.9859813084112148,3.6952986797876277
ID8072,8072,8,713.0,167.17905563347358,353.9032258064516,0.0,13.0,13,15.065024024177417,1,,1743.9243697478992,1784.0,562.0,2848.0,1245162.0,470.6046212688102,0.774077265612933,3.233800595659857,0.08425535655707843,0.039828205638722414,18.001761048166095,12.776587130394297,0.5611849151185971,1.4089647622205466,713.0,98.81453986747998,0.9176090506977355,0.9854872149274361,3.7006336005057094
ID8456,8456,8,762.0,165.68187787261982,354.0843729481287,0.0,36.0,36,15.568974864420477,1,,1799.8131578947368,1850.0,624.0,3026.0,1367858.0,458.6304459939938,0.7821333337988566,3.44457097954176,-0.15332280134794107,0.12778777079261264,18.322552475131904,13.581353852605071,0.6390117725082115,1.349096170675018,761.5,102.67817487550965,0.907660614680835,0.9876783398184177,3.720858773742635
ID7886,7886,8,753.0,167.26984656437625,353.86691127418277,0.0,1.0,1,15.44581689956058,1,,1516.0986666666668,1579.0,493.0,2394.0,1137074.0,396.32318590826054,0.7429214481999503,3.2611671830813593,-0.005061807333404008,-6.840373569431629E-4,18.16815827269545,13.402594155626772,0.44280269730836874,1.3555702770472957,749.5000000000002,101.19270016439353,0.9197782427661215,0.987483530961792,3.696267263497496
ID8334,8334,8,735.0,168.27230207620352,354.4614419347479,0.0,23.0,23,15.248782635255157,1,,1789.0521262002744,1829.0,658.0,2801.0,1304219.0,436.176481602691,0.7776537887655376,3.588639677771197,-0.044369754549277676,0.07429356622705516,17.98547420117072,13.107443303165459,0.6718461860375924,1.3721573143732166,730.5000000000003,101.50393259154859,0.890972597467054,0.9766042780748666,3.755543168730274
ID8079,8079,8,733.0,167.95301478953354,353.4838452787258,0.0,15.0,15,15.269642812771577,1,,1732.1475409836066,1760.0,488.0,2991.0,1267932.0,478.5426863811454,0.7774411745975701,3.1664052394493183,0.04179274959224531,-6.067160878726676E-4,17.957641487027697,13.194385861108836,0.5989186659754707,1.3610062397795122,732.5,101.33998640845529,0.8963049804126563,0.9779706275033377,3.7443550860731567
ID7952,7952,8,722.0,168.4069069069069,353.94444444444446,0.0,17.0,17,15.154556505605994,1,,1772.6008344923505,1810.0,578.0,2873.0,1274500.0,460.6057390563758,0.7806404822038239,3.3743212470468573,0.001600125672496741,0.05734668036339151,17.964019767589406,12.956991225149014,0.5661151753674122,1.3864345090179535,721.4999999999999,101.59684395173485,0.8783867283727874,0.9776422764227642,3.7823529218880028
ID8401,8401,8,731.0,165.58566871724767,354.327295511506,0.0,35.0,35,15.25921628863825,1,,1847.3879781420765,1870.0,623.0,2986.0,1352288.0,437.9869380305453,0.7830359711872044,3.704661724408101,0.03185193925736763,0.02773809104206546,17.935802969703637,13.252700722844843,0.6605575756440007,1.3533696523295151,731.5,100.58215423776623,0.9086200764226499,0.9785953177257527,3.718893725491961
ID8533,8533,8,735.0,165.22153635116598,353.1694101508916,0.0,39.0,39,15.233118755789421,1,,1860.093023255814,1895.0,647.0,2962.0,1359728.0,427.9219037609334,0.7833059086027041,3.8186134374899683,-0.07394119343191316,0.02224880971389375,17.817891936793846,13.396364997454569,0.6794936512465554,1.330054230396037,729.0000000000001,100.59794035278166,0.9052305750488768,0.9798387096774195,3.7258496426956165
ID8022,8022,8,715.0,168.27692486624798,354.22877413351944,0.0,16.0,16,15.101954623514336,1,,1749.6577840112202,1783.0,658.0,2936.0,1247506.0,456.47999897619496,0.7737523816097345,3.3440315231967546,-0.04461191375366293,-0.023012616153345277,17.815179312691964,13.095444649400065,0.6013919448785181,1.3604104167251871,716.5000000000001,100.55299212648312,0.8905043846030712,0.9768234492160875,3.7565303410453246
ID8088,8088,8,729.0,168.36730945821856,354.05624426078975,0.0,20.0,20,15.20174257673876,1,,1762.8135359116022,1810.0,611.0,2806.0,1276277.0,433.8834796310489,0.774471448754466,3.5464974656792334,-0.028819059434921794,0.06335711672071659,17.76584417304401,13.257400578077384,0.6833743534541281,1.3400699532623197,725.9999999999999,99.50592195743255,0.9214008929911024,0.9830737982396747,3.693011139104765
ID7836,7836,8,791.0,165.4546313799622,354.2485822306238,0.0,5.0,5,15.892730875681433,1,,1530.8193224592221,1612.0,324.0,2593.0,1220063.0,497.4035650360735,0.7551382071612844,2.648257198828013,-0.21168556876643857,0.036756192779553505,18.836027181178437,13.865695697339595,0.5152654108454113,1.3584624668196417,793.5000000000001,104.822757452399,0.9074979133206298,0.9906367041198503,3.7211923071000044
ID7837,7837,8,727.0,165.6122565864834,354.57079037800685,0.0,7.0,7,15.217438752914623,1,,1650.6993103448276,1701.0,553.0,2672.0,1196757.0,412.57165533615694,0.7588614227688004,3.4524661568345847,-0.04766269904956403,0.05425942143388952,18.108490104813004,13.048681639894637,0.6098062691754003,1.3877639599581206,727.5,99.86269484796634,0.9167191391465543,0.9864406779661016,3.702429372843023
ID8157,8157,8,737.0,166.85012480145224,354.80859995461765,0.0,29.0,29,15.290474531615892,1,,1813.389344262295,1861.0,591.0,2838.0,1327401.0,440.46859458285616,0.7806837631487459,3.6098940421711796,0.02567164041586934,0.08073084666152168,18.085859874141832,13.224928965951007,0.6620254883108148,1.367558186566129,734.5,100.27539739340176,0.9179370104488351,0.9852448021462106,3.699972461841598
ID8095,8095,8,718.0,168.64006968641115,353.9109175377468,0.0,19.0,19,15.112489647204718,1,,1774.8675034867504,1814.0,597.0,2890.0,1272580.0,447.64238459644804,0.7756809027986832,3.4640400801072295,-0.04462534673069582,0.1516135977600106,17.86741862358856,13.098505026455552,0.6557233188064091,1.3640807548266807,717.4999999999999,100.31483756588119,0.8959864067345488,0.980191256830601,3.7450206915723987
ID8355,8355,8,750.0,165.20947603121516,354.5691192865106,0.0,32.0,32,15.425194971940662,1,,1812.3489932885907,1849.0,580.0,2873.0,1350200.0,467.01151706594766,0.7847422299337872,3.412681514487875,0.03410123296624644,0.029875349571633396,18.16563807448752,13.243757135077937,0.6920374634937433,1.371637813137882,747.4999999999998,102.66599654432495,0.8911848745092922,0.9739413680781758,3.7550958636324268
ID7848,7848,8,758.0,167.1481603877506,353.88576779026215,0.0,2.0,2,15.517777833763365,1,,1521.350529100529,1575.0,520.0,2518.0,1150141.0,403.3081678953583,0.7465264554348624,3.2247221625859104,0.04577812702214803,0.025764986999535385,18.209940175135873,13.405683344242444,0.48958601949699015,1.3583746316786447,756.5,103.36139980143021,0.8898197315175218,0.9767591994835376,3.7579752548074348
ID8104,8104,8,707.0,167.43907064959697,353.7460881934566,0.0,14.0,14,14.959005648344574,1,,1763.4929178470254,1811.0,624.0,2912.0,1245026.0,460.7104757903424,0.7735982455830256,3.3391494233349235,-0.14626340373786095,0.06009089985919964,17.855359967953397,12.817875637052431,0.6034698342601648,1.3930046189821963,703.0,98.25117343112812,0.9151445489264326,0.9873595505617978,3.7056131887563613
ID8552,8552,8,743.0,165.0708838043966,353.39075818752804,0.0,38.0,38,15.378694529593743,1,,1844.7843665768194,1886.0,682.0,3052.0,1368830.0,433.96214238551084,0.7834446024048504,3.7348436831546485,-0.047275112593166316,0.007774118582596598,18.129671211849608,13.183011407425195,0.6284651681273312,1.375229881211986,743.0,102.28042424496809,0.8925111210035108,0.980858085808581,3.7523048428338073
ID8170,8170,8,733.0,167.85843029888204,354.6060917180014,0.0,22.0,22,15.248782635255154,1,,1775.7616438356165,1829.0,610.0,2800.0,1296306.0,449.1961064067803,0.778596454784874,3.4610963003972373,-0.03481634092195782,0.09249846580272424,17.809937412650463,13.267071445564191,0.6954123933668358,1.342416635481764,730.5,100.59330322061274,0.9071768213688627,0.980536912751678,3.721850800110184
ID7851,7851,8,789.0,165.96157085702254,354.27342598441777,0.0,4.0,4,15.872689592960308,1,,1513.001264222503,1590.0,349.0,2530.0,1196784.0,467.36328129974044,0.7520225632600441,2.7791108772783666,-0.09390160934912854,-0.03999623698319505,18.823072278648578,13.61663880060623,0.5035507217774029,1.3823581982515796,791.5000000000005,105.89914782993074,0.8869024457219717,0.9753542821934694,3.7641507296110275
ID8491,8491,8,731.0,164.7936616507068,353.5483356133151,0.0,40.0,40,15.254000354017009,1,,1867.6407103825136,1886.0,616.0,2944.0,1367113.0,432.1880298775049,0.783970387060433,3.7980669045567033,0.04043571791678489,0.12953326274975768,17.923720022575225,13.232265655120719,0.673148626075426,1.3545465674382808,731.0000000000001,101.34424055183432,0.8943944505869175,0.9753168779186122,3.7483521400893296
ID7852,7852,8,776.0,166.40880102040816,354.2699829931973,0.0,3.0,3,15.797308339337174,1,,1508.4705882352941,1582.0,396.0,2480.0,1179624.0,446.98588637288606,0.7487994815305469,2.8900047144415866,0.023945850113916044,0.03714331351445733,18.612919572141557,13.651313700251903,0.4613688133127509,1.3634526303353574,783.9999999999999,103.5146269715964,0.9194380737814445,0.9867841409691627,3.6969509632713002
ID7916,7916,8,716.0,166.6816479400749,354.2621722846442,0.0,11.0,11,15.054455784347004,1,,1721.9902234636872,1764.0,550.0,2813.0,1232945.0,462.46338419648686,0.7717342939270184,3.243788518648621,0.016856272978732944,-0.025064910853648256,17.953822239549936,12.807491087750993,0.6041356025570133,1.4018219584568645,712.0000000000001,100.10882275819672,0.8927814317182142,0.980041293874742,3.751736750266926
ID7917,7917,8,716.0,166.46062080148252,355.24542506370165,0.0,10.0,10,15.133537693125074,1,,1703.0041666666666,1753.0,531.0,2778.0,1226163.0,456.90762433248705,0.7695908645486237,3.2419352548672813,-0.06962889579933562,0.09485820124422646,17.70684668862691,13.25732023599706,0.5995567628118663,1.3356278926225402,719.5,101.12090483557112,0.8842168122471344,0.9769178547182622,3.769862826791035
ID7854,7854,8,759.0,166.06310466138962,355.1029023746702,0.0,8.0,8,15.533154661153455,1,,1626.1620553359685,1701.0,340.0,2847.0,1234257.0,488.03363063103,0.76498414877771,2.8883890848263416,0.0765497024235152,0.08774767907296784,18.824103521886716,13.162406366072842,0.6096887972302486,1.430141495282151,757.9999999999999,103.90052518139292,0.8823554735490533,0.9793281653746768,3.7738370158048946
ID8047,8047,8,740.0,166.9556226246367,354.7050078247261,0.0,12.0,12,15.404545437954864,1,,1693.2613941018767,1751.0,373.0,2880.0,1263173.0,514.4073021653238,0.7736435465491046,2.8715834493642127,0.0691878464906245,-0.0749594748660088,18.522507921576125,13.247488187761665,0.5104033254210707,1.3981901820971347,745.5000000000002,101.83897337308144,0.9032947510918871,0.9848084544253635,3.72983988444893
ID8495,8495,8,758.0,165.51900972590627,353.5221043324492,0.0,37.0,37,15.492115871712883,1,,1801.970744680851,1843.0,616.0,2984.0,1355082.0,427.5565128879378,0.780297159844398,3.69446649513491,0.02454375605534115,0.029838222284377224,18.19781586904529,13.38294872309282,0.6517687463492432,1.3597762530199506,754.0000000000001,101.36660040689054,0.9221285041311055,0.9869109947643983,3.6915538550572564
ID8048,8048,8,741.0,168.39968511021144,354.38169140800716,0.0,18.0,18,15.35798247369064,1,,1734.7597840755736,1791.0,435.0,2967.0,1285457.0,483.8520647850021,0.7784112604660686,3.1385832510180816,0.09880054543976448,-0.0033362566130458442,18.084723568774177,13.215781815968523,0.609064330860587,1.3684187451492693,741.0,100.36495034897459,0.9244084864477838,0.9880000000000001,3.6869985779174956
ID7862,7862,8,731.0,165.36511733880155,353.4407609933926,0.0,6.0,6,15.259216288638248,1,,1633.7650273224044,1676.0,508.0,2590.0,1195916.0,420.04808790030165,0.7572140391749033,3.35208152046952,0.07009464272834215,-0.041513626346257645,17.918882441950394,13.240619284191768,0.6107525864386125,1.3533266123997763,731.4999999999998,101.11815391942551,0.8990129134598012,0.9845222072678329,3.738711613347857
ID8311,8311,8,742.0,167.81328828828828,354.8713963963964,0.0,27.0,27,15.347615963921077,1,,1782.8457374830853,1814.0,609.0,2834.0,1317523.0,450.48986948908646,0.7799405886242955,3.468284770939357,-0.05416945920163596,0.2148404097249262,18.093816610193844,13.325419499606818,0.7004222550773294,1.3578421760551496,740.0,101.4488260454589,0.9035403089412029,0.9781890284203569,3.729333015143625
ID8376,8376,8,736.0,164.94924600495162,354.5708980418636,0.0,33.0,33,15.352800093764559,1,,1827.5148247978436,1851.0,515.0,2931.0,1356016.0,463.6628232671492,0.7864449202371385,3.4703023155906485,-0.027655580969965524,0.11142955735010497,17.99867271480249,13.396748143859554,0.6824630914925083,1.3435105684995834,740.5000000000002,101.67378625998182,0.9001542442239485,0.9801455989410989,3.7363406530018235
ID8313,8313,8,728.0,167.43524851801186,355.05426356589146,0.0,28.0,28,15.254000354017004,1,,1805.4030261348005,1840.0,654.0,2901.0,1312528.0,430.67823203646907,0.7782368145588824,3.669217146390126,-0.019893626417492226,0.016631767475804582,17.753057279255614,13.289058425141393,0.691371584585297,1.3359153606901781,730.9999999999995,100.39282131882463,0.9114270681487588,0.9798927613941015,3.713162628591142
ID8250,8250,8,728.0,167.55226960110042,354.6694176983035,0.0,26.0,26,15.212208493693996,1,,1789.52,1823.0,721.0,2886.0,1297402.0,431.7418001409528,0.7756476690591395,3.62118031056926,-0.026552158329298945,0.0784223291110496,17.823706012185472,13.19185423327135,0.7080522506126851,1.3511145360621153,726.9999999999998,101.28467613276905,0.8905468819633209,0.9745308310991956,3.7564407081854334
ID8442,8442,8,765.0,165.24940126279122,354.46755932941437,0.0,34.0,34,15.609811589948542,1,,1796.4856396866842,1853.0,498.0,2922.0,1376108.0,494.86684198557884,0.7860512314640068,3.1953786609172488,-0.025981195386117612,-0.008933298744586052,18.221503013592383,13.5622976289889,0.6725263560088902,1.3435410069931373,765.5000000000001,103.7969112657139,0.892865821453456,0.9789002557544757,3.751559447280913
ID8571,8571,8,734.0,167.69709355131698,353.0965031789283,0.0,0.0,0,15.285269263539401,1,,1532.268758526603,1570.0,520.0,2403.0,1123153.0,380.5262534737204,0.7493927412427407,3.4498680075330563,0.03640450651992431,0.02460442219137694,17.888802624778933,13.303635121723614,0.4378934064322835,1.3446552360390704,734.0,100.23023111484484,0.9181390528182153,0.9839142091152818,3.69956533814344
ID8315,8315,8,746.0,165.6895819360608,354.86440867426785,0.0,31.0,31,15.404545437954862,1,,1802.3788487282463,1846.0,546.0,2973.0,1346377.0,468.1650361286761,0.7852057815738659,3.386665515910471,-0.031654120078640366,-0.02272066079636969,18.152579618958995,13.281845760805075,0.6598593912051111,1.3667211580281657,745.5,101.80917407656499,0.903823612812336,0.9828609096901781,3.728748488876153
ID8508,8508,8,727.0,164.372731449575,353.8167930163106,0.0,41.0,41,15.196506915286161,1,,1886.6390041493776,1897.0,701.0,3089.0,1364040.0,443.7567100348411,0.7839474731002609,3.7366186160790824,0.011869593167642065,0.026569984925969188,17.783526477771087,13.309942160031717,0.6926208222090575,1.3361084716936673,725.5,99.92018465008513,0.9131472697293406,0.9843962008141116,3.709663522018993
ID8125,8125,8,738.0,167.88185511171292,354.4031821259309,0.0,21.0,21,15.332053057132608,1,,1743.8143631436315,1815.0,575.0,2726.0,1286935.0,459.098907361478,0.775138621806156,3.3171956739594965,0.04929288867537781,0.05499616545368273,17.96140318939293,13.30890719075725,0.6523371157140628,1.3495776123427128,738.4999999999998,101.38696557038018,0.902809485346989,0.9774983454665784,3.7308421559181126
ID8254,8254,8,732.0,168.05123835491932,354.73290161326975,0.0,24.0,24,15.280062222249308,1,,1768.9073569482289,1818.0,576.0,2787.0,1298378.0,430.58009936003884,0.7756655603995793,3.5891736266727654,0.03128879321725891,-0.024028720095264782,17.66494484467719,13.303843431578784,0.6972414478759184,1.327807632097251,733.5,102.23976001754062,0.8818004972032834,0.9786524349566379,3.775024393704831
ID8255,8255,8,730.0,167.60298850574713,354.6832183908046,0.0,25.0,25,15.19126944936625,1,,1790.7911479944676,1819.0,735.0,2788.0,1294742.0,422.1706824606485,0.776375607322015,3.707865270142493,-0.0781227729949326,0.18700657593093503,17.706335287969086,13.306722338266225,0.6921260364292539,1.330630852426436,725.0000000000002,99.18511252166542,0.9260936148829193,0.9890859481582539,3.68364260236792
ID8256,8256,9,467.0,88.68466522678186,491.04103671706264,0.0,26.0,26,12.139912573947768,1,,576.5748373101952,566.0,326.0,906.0,265801.0,104.33181460789245,0.35617049201511736,2.90276959485408,-0.17262885350089624,0.2073266586945305,15.304323592658358,10.064441584884129,0.8646108735072845,1.5206331581917125,463.0000000000001,85.20359795223811,0.8014473296578306,0.9595854922279796,3.959747004159151
ID8322,8322,9,463.0,89.47048236141109,492.5291576673866,0.0,31.0,31,12.139912573947766,1,,581.8043010752688,580.0,287.0,936.0,270539.0,116.6881453161501,0.34467907198912695,2.556091848464248,0.15506230951205083,-0.07240030145037182,16.03809531058224,9.574388190991902,0.8964798785361531,1.6751039325595487,463.0,87.26983276158785,0.763945835230124,0.9655891553701773,4.0557730792645525
ID7877,7877,9,435.0,83.84441896024464,498.5665137614679,0.0,9.0,9,11.780624362746348,1,,755.9931350114416,750.0,354.0,1154.0,330369.0,172.7238009674803,0.3554154853490283,2.295406271227367,0.015351815562406775,0.5009204632382941,14.783449885011171,9.967730381275691,-1.4647908478912184,1.483130995675984,436.0000000000001,79.86382412106458,0.8590059062584399,0.9786756453423122,3.8247834990717333
ID8262,8262,9,451.0,88.84853540971449,492.95532072673336,0.0,24.0,24,11.96161752605449,1,,585.9222222222222,585.0,299.0,906.0,263665.0,113.84025730001291,0.3587599822543431,2.717911698449954,0.052434489068879785,0.06933555121766205,15.434009097107502,9.889339029043121,0.9078717648312824,1.5606714515278253,449.5,82.87375684131679,0.8224424280426416,0.9584221748400853,3.9088785657538967
ID8264,8264,9,470.0,89.35485592315902,492.8753112771256,0.0,25.0,25,12.211805013064446,1,,570.9702760084925,568.0,310.0,885.0,268927.0,111.85929215878342,0.3411520129168684,2.5968170934833066,-0.17674871091710923,0.18021820521111487,15.63662492837281,10.04418819310026,0.8953781339580781,1.5567833485153344,468.5,84.65257204173571,0.8215597293811342,0.9522357723577236,3.910977887001844
ID8328,8328,9,477.0,89.49440363763554,490.8980412731724,0.0,30.0,30,12.315626689964919,1,,575.9043659043659,570.0,301.0,979.0,277010.0,122.09669665910634,0.35267148984285374,2.4595432753044233,0.028810066497685877,0.18134419080381517,16.367816297333952,9.663433127381605,0.8936290965730819,1.6937889548751874,476.50000000000006,87.5735551040369,0.780776634098718,0.9549098196392787,4.01182082144484
ID8457,8457,9,516.0,89.96807828039782,490.0941610522938,0.0,36.0,36,12.859315140102884,1,,550.1560693641618,544.0,284.0,856.0,285531.0,104.43825057039045,0.31858323367278085,2.545491684548438,0.18404459783482782,0.24444217813491767,17.602303539548448,9.872373587040913,0.9371841422359968,1.7829859642522359,519.5,92.83923760999278,0.7574121806183024,0.9462659380692168,4.0732286465804695
ID8076,8076,9,520.0,84.1657069737684,499.9420985284709,0.0,13.0,13,12.877866698399815,1,,641.1554702495201,638.0,331.0,960.0,334042.0,122.95609290522708,0.3350622642108028,2.6173830853558395,-0.4546428525391403,1.4499284153283762,16.904798539996712,11.643750026248679,1.9807893845802926,1.4518345465926332,521.0,87.5792201669442,0.8535823763496452,0.9876777251184836,3.8369152989885573
ID8335,8335,9,455.0,89.12669600293363,493.91767510084344,0.0,23.0,23,12.027960894122195,1,,584.8640350877193,577.0,329.0,923.0,266698.0,114.21111712574594,0.3377291576250741,2.585692620433864,-0.06087287477438225,-0.11671325592059766,15.233350488130476,9.684263179168507,0.9291035761239461,1.5730004654250231,454.49999999999983,83.86555764685168,0.8120382253768156,0.9588607594936708,3.9338400298507743
ID7888,7888,9,280.0,83.43487270574305,491.27501480165773,0.0,1.0,1,9.465951244367206,1,,782.4858156028369,771.0,392.0,1216.0,220661.0,186.1609570595247,0.5275342800845056,2.9032042249183156,0.02682054394020604,0.07773673568059046,9.632322673645977,9.604193116081316,1.6447567759928368,1.002928882960252,281.49999999999994,61.917028961101934,0.9227159872767551,0.9859894921190892,3.6903784820216146
ID7954,7954,9,518.0,85.36686009026434,496.1586073500967,0.0,17.0,17,12.828336258339187,1,,615.863813229572,612.0,293.0,1057.0,316554.0,125.82083294035694,0.20904109397738613,1.6925937529778243,0.045312758539143315,-0.1438769055824824,15.131278541047406,11.535140662081682,1.3442613898420877,1.3117550088302736,517.0000000000002,87.2651726573027,0.8531364599827803,0.9600742804085427,3.837917905195348
ID8403,8403,9,532.0,89.74672897196261,490.1183800623053,0.0,35.0,35,13.049742875180646,1,,543.5148148148148,541.0,230.0,921.0,293498.0,114.47075021947659,0.320646920891367,2.305617201281036,0.13953942775986766,0.12058402429051876,17.896774100247647,9.937200184061716,0.9775592870780067,1.8009875788707868,535.0000000000001,93.10224993709178,0.7756098096373993,0.9674502712477399,4.025161271128861
ID8085,8085,9,485.0,84.95756331279945,496.6817248459959,0.0,15.0,15,12.450578884995915,1,,620.0452674897119,627.0,306.0,972.0,301342.0,134.59620408025972,0.24703931093335776,1.8251833735371987,-0.13229770710517705,-0.03228699779090711,14.601834665361183,11.143406380947502,1.2409584428706748,1.3103564714580227,487.00000000000017,84.34594845049723,0.8602216585605991,0.961500493583416,3.822079757879641
ID8536,8536,9,475.0,89.90225035161744,489.7865682137834,0.0,39.0,39,12.283276682185287,1,,578.2,574.0,325.0,940.0,274645.0,106.12149712428089,0.39137242806896844,3.065148700579913,-0.03892560565288508,0.43187705302740176,17.36322412701004,9.433412806631669,0.9283363971723098,1.8406089591249235,474.00000000000006,91.45117326976634,0.7122125832831425,0.9266862170087976,4.200491505402115
ID8092,8092,9,474.0,88.23834745762711,494.2877824858757,0.0,20.0,20,12.257335203001883,1,,565.1008403361344,561.0,285.0,931.0,268988.0,112.36887712645688,0.2992803304314507,2.3167822574578776,0.1074018926235906,-0.35172186354859075,15.091470319961676,10.877665267285286,0.9784781098496291,1.3873813864588629,472.00000000000006,83.67933154024216,0.8470625048816095,0.9762150982419857,3.8516534329322774
ID8030,8030,9,491.0,85.13747454175153,496.62797012898847,0.0,16.0,16,12.501606061472312,1,,604.9166666666666,607.0,321.0,938.0,297619.0,115.91542656941098,0.21525986376410441,1.848750117421206,0.0969886163663727,-0.0046063558103535815,14.494775110888371,10.933883140698917,1.3693899713958706,1.3256749614356893,491.0,84.54077885365994,0.8632942872417614,0.966535433070866,3.8152719402383806
ID8159,8159,9,475.0,89.74787234042553,491.0950354609929,0.0,29.0,29,12.231338704589191,1,,576.8386411889596,573.0,334.0,929.0,271691.0,109.07603961721036,0.37733146132822737,2.8976073159666806,-0.15511938957878785,-0.030170674926233564,16.294752757118786,9.797448102272254,0.8677189407471977,1.6631629570295614,470.0,86.72130415355655,0.7853371124084259,0.9582059123343527,4.000155474131044
ID8098,8098,9,487.0,86.46742112482853,495.0298353909465,0.0,19.0,19,12.437789380968077,1,,572.360824742268,565.0,295.0,911.0,277595.0,108.38988638425992,0.23979389316443897,2.042677293602093,-0.19744739586122403,0.06388841669395807,14.679307691747427,11.06804434531643,1.1702552281384468,1.3262783590092087,485.99999999999994,83.81618786269355,0.8693413248354581,0.9604743083003952,3.8019794897936254
ID8356,8356,9,464.0,89.31176470588235,491.8985739750446,0.0,32.0,32,12.198765174841352,1,,580.1027837259101,572.0,301.0,946.0,270908.0,110.79324852748412,0.363106662682504,2.789497818800335,0.14779550538390407,0.10206311549609642,16.724607950616456,9.306913149877383,0.8660555605906024,1.7970091351756945,467.50000000000006,89.89357208947489,0.7269996515130622,0.9444444444444446,4.157553348545431
ID7845,7845,9,334.0,83.58719481813652,495.6454907822621,0.0,7.0,7,10.318655771391834,1,,750.4029850746268,766.0,436.0,1042.0,251385.0,130.9559805940076,0.3452462857234275,2.9412126496092914,-0.14305733080519692,-0.018356569888808464,12.029196126066886,9.23774527681896,1.4092744225027436,1.3021788072304554,334.5,67.88814419948491,0.9120488757285816,0.9867256637168144,3.7118966512990945
ID7846,7846,9,319.0,82.65421303656598,492.9462109167992,0.0,5.0,5,10.005421490612086,1,,721.5111821086261,714.0,365.0,1048.0,225833.0,145.1684941765352,0.5055974054092828,3.338079448075449,0.0038416394249360733,0.08563424895714034,11.63402698124416,8.894049511177144,1.4394192887073116,1.3080686099873504,314.5,65.89672735386209,0.9101287227908637,0.9843505477308294,3.7158101932856304
ID8105,8105,9,483.0,84.70807665982204,498.2217659137577,0.0,14.0,14,12.450578884995913,1,,623.4969199178645,631.0,316.0,959.0,303643.0,117.215988471951,0.24033246931159255,2.0613502471683285,-0.1416567152998862,0.1404910223740863,14.53190496100374,11.03967631681772,1.473069406903561,1.3163343329972452,487.00000000000006,84.85134680684112,0.8500047352329343,0.9624505928853756,3.844981543477337
ID8553,8553,9,500.0,90.13544813695871,489.72121517287684,0.0,38.0,38,12.571430248394655,1,,564.0878243512974,555.0,251.0,887.0,282608.0,112.4397272829185,0.3414947021581257,2.5541826263379095,0.26180968778496067,-0.1139637702641801,17.45932751376909,9.566746067174792,0.9199331573139213,1.8250016663110928,496.5000000000001,90.58751285653796,0.7603130502688339,0.9650145772594755,4.065450799417483
ID8173,8173,9,456.0,89.26611418047882,493.38655616942907,0.0,22.0,22,12.001467556018525,1,,585.1238938053098,586.0,299.0,963.0,264476.0,122.15423225023773,0.37477220285786594,2.6115956669972706,-0.4245536860552899,-0.11226454449366036,15.20915500846028,9.835153677913208,0.9470833205659774,1.5464074590532795,452.49999999999994,84.0220553396999,0.8054560455311656,0.9648187633262258,3.9498809782774744
ID7918,7918,9,455.0,84.76739926739926,498.1611721611722,0.0,11.0,11,12.034575115625175,1,,672.843956043956,681.0,309.0,972.0,306144.0,124.86411928121996,0.1958072945062799,1.7647141234503092,-0.052584217168214716,0.20547018485513172,14.282595692748512,10.460623779274078,-1.4620678049126568,1.3653674956790829,454.9999999999999,80.63053046352181,0.8794724240661457,0.9753483386923899,3.7800175715705664
ID7919,7919,9,483.0,83.2718028266115,499.55825577387105,0.0,10.0,10,12.405757936130417,1,,734.0847107438017,731.0,361.0,1125.0,355297.0,151.04139209502515,0.3589002059770417,2.5672392140526306,-0.3402806375064887,1.7172267888880342,17.186741116170225,10.409011936493023,1.9098114906366948,1.6511404945089088,483.50000000000006,88.39161110627914,0.7776501190182571,0.9406614785992219,4.019877424331085
ID7857,7857,9,317.0,82.93002136752138,490.41987179487177,0.0,2.0,2,9.965574970333758,1,,726.4412698412698,724.0,368.0,1154.0,228829.0,161.3676190642311,0.5213022125002909,3.08523453956026,7.722517375317618E-4,0.05868904922081206,10.959633247708366,9.393121877013055,1.4120739197744232,1.1667721755563392,312.0,64.5228676527176,0.941753268583916,0.9904761904761903,3.652888061016167
ID8497,8497,9,486.0,90.23991183452017,490.26297049847403,0.0,40.0,40,12.50796982165104,1,,571.6315789473684,565.0,271.0,911.0,282386.0,106.19316231686875,0.36719331172448133,2.8914420426901293,-0.09930113487412065,0.1109282735142454,17.27253988736959,9.597448632070538,0.9480561967079392,1.799701207011643,491.5,90.35475597990246,0.7565390530364138,0.9552964042759962,4.075578441164753
ID7858,7858,9,289.0,81.3125,490.26446759259255,0.0,3.0,3,9.574614729634384,1,,772.965034965035,757.0,454.0,1208.0,221068.0,165.92339862645397,0.5335907169992132,3.2417610831216366,0.04136172060851858,0.06414018401195536,10.673351029982438,8.894315488384684,1.8151710071117653,1.2000193881048005,288.0,62.2650989629077,0.9334971285553316,0.9879931389365352,3.6690061423269587
ID8498,8498,9,511.0,90.02993130520117,489.5722930978083,0.0,37.0,37,12.734947467918404,1,,554.9311023622047,548.0,278.0,937.0,281905.0,107.9770282803604,0.3409964058153177,2.613724922771567,0.02142021000122044,0.20393415709356713,17.242738679537865,9.96277016759062,0.9248607530922178,1.730717299454457,509.50000000000006,93.3185962395617,0.7352205846906807,0.9297445255474454,4.134243983518006
ID7860,7860,9,306.0,82.16721132897604,491.87418300653593,0.0,4.0,4,9.869286963719311,1,,739.8300653594771,731.0,411.0,1128.0,226388.0,160.79453505311224,0.5260321675981158,3.172044724625439,0.014660486436718516,-0.1425407081221495,11.085076300267776,9.11138690559704,-1.3142407141305996,1.2166178887056498,306.0,66.50381699940665,0.8694370549178658,0.9637795275590549,3.801770173991523
ID7861,7861,9,385.0,84.21434763762463,497.7752492414391,0.0,8.0,8,11.063008236355403,1,,740.6640419947506,750.0,412.0,1048.0,282193.0,138.3215456575474,0.33920345496779736,2.7125336179437296,-0.019096669104694444,0.16226331913042452,13.887749263272143,9.063476843284388,-1.559398897515786,1.5322761345787865,384.49999999999994,76.81725873743738,0.8188202942162369,0.9564676616915422,3.91751468411026
ID8053,8053,9,556.0,82.34778075662794,499.89022937146257,0.0,12.0,12,13.345200684884094,1,,751.8321428571429,746.0,348.0,1379.0,421026.0,185.63461823525773,0.3280702930559972,2.0009570178819724,-0.30742495684919635,0.7595512775781686,16.241649955081524,12.463008000062699,2.070297663774045,1.3031886006171074,559.5,94.87772341076064,0.7810546896845126,0.9443037974683545,4.011106653473392
ID8056,8056,9,524.0,85.40970220941402,496.6741914825488,0.0,18.0,18,12.87168581649906,1,,583.6204238921002,585.0,283.0,966.0,302899.0,113.06118054978162,0.19540500246177225,1.6875924361930605,-0.12591542678845416,0.02973033987866103,15.084121861916051,11.316265836271235,1.208039643734842,1.3329593065556988,520.5,87.02160305300461,0.8637268875299375,0.9710820895522388,3.814316375186862
ID8377,8377,9,467.0,88.59074669524831,491.32493747767063,0.0,33.0,33,12.185711382793308,1,,578.8666666666667,569.0,316.0,967.0,269173.0,108.46360160700556,0.3667244646993126,2.86406869988475,-0.10217232088946009,0.42196353639109896,16.800784997007327,9.446789577066882,0.9298957889341651,1.7784650393603638,466.50000000000006,88.7268962118404,0.7446478380784425,0.9491353001017296,4.107990830467901
ID8572,8572,9,278.0,81.97323600973236,492.3077858880779,0.0,0.0,0,9.338999347593866,1,,754.2481751824818,747.0,434.0,1133.0,206664.0,155.1584694358754,0.5004523663211286,3.242718962968051,0.08909130898484856,-0.04273106768315732,9.774536275806229,9.335321807405233,1.9832110694270233,1.047048669286643,274.00000000000006,60.81694778314426,0.9309174816202929,0.9820788530465951,3.6740861804705167
ID8316,8316,9,473.0,88.90295358649789,490.93741209563996,0.0,27.0,27,12.283276682185289,1,,573.3868921775899,567.0,315.0,933.0,271212.0,109.4961321847224,0.35769661202017006,2.759250120210527,-0.0750539525508854,-0.06556247666557737,15.549169455300458,10.12131966021829,0.8224057710867616,1.536278862569301,474.00000000000017,86.1311305468402,0.8029119287116264,0.9546827794561937,3.9561338501962253
ID7869,7869,9,313.0,83.7730210016155,492.42191707054394,0.0,6.0,6,9.925568486181696,1,,728.4313725490196,723.0,402.0,1074.0,222900.0,145.77756532992234,0.4726806486100553,3.2076515741369844,0.07160350299484415,-0.05055983941516742,11.047448046520655,9.1271237693787,1.4500388850367094,1.2103975278153454,309.49999999999994,65.24816984946285,0.9135532103735502,0.9794303797468352,3.7088392292966983
ID8445,8445,9,483.0,88.68599033816426,490.54209799861974,0.0,34.0,34,12.39934171747722,1,,570.6293995859213,567.0,265.0,961.0,275614.0,114.87607125933151,0.3532298206947183,2.5932259917713165,0.2068428353415336,0.007047153287628034,17.37033390553395,9.317511143186282,0.8349820336929092,1.864267575170709,483.0000000000001,89.18346781110218,0.7631120016520916,0.9602385685884695,4.057988295682512
ID8126,8126,9,460.0,88.79162092938164,493.1911818514453,0.0,21.0,21,12.041185703937824,1,,579.7858719646799,578.0,276.0,917.0,262643.0,117.10255914146003,0.36189108369187695,2.6312780590415823,-0.11921833969883378,0.1988268876126735,14.92032397308597,10.146360503891154,1.0083784730248433,1.4705099397329702,455.49999999999994,82.33173655436192,0.8444300774614624,0.955928646379853,3.857652336030187
ID8318,8318,9,483.0,89.65495867768595,491.0237603305785,0.0,28.0,28,12.412170838050638,1,,566.74173553719,558.0,298.0,920.0,274303.0,112.75193751753851,0.3659466583231461,2.6932410398151116,-0.12169138943153424,0.1589887875062021,16.219718094287423,10.24140373345473,0.9162860819458213,1.5837397408036789,484.0,86.76312286579149,0.8079507255560349,0.9612711022840119,3.9437783120814314
ID8510,8510,9,494.0,90.05005055611728,489.88894506235255,0.0,41.0,41,12.54608459711174,1,,567.6915322580645,561.0,329.0,923.0,281575.0,104.5695921619673,0.351971040879916,2.8266793166962243,-0.13310781324086496,0.13974434900706173,17.26075519544908,9.284813373057565,0.9295691813709154,1.8590309252241837,494.4999999999999,94.00317502616642,0.7032198400101578,0.9383301707779884,4.2272640328273505
ID8129,8129,10,735.0,448.3842844202898,54.53011775362319,0.0,29.0,29,15.306079714651625,1,,3784.8872282608695,3990.0,531.0,6110.0,2785677.0,1103.4754457504139,0.7789757988117557,3.0038219826355395,-0.11569153890414482,-0.1027372392658075,17.140098356761516,14.152533931333947,1.910855888988702,1.2110974925001277,736.0000000000001,103.30971803399767,0.8665733440524985,0.9589576547231272,3.808046729185867
ID8513,8513,10,785.0,442.3208860759494,56.19282700421941,0.0,39.0,39,15.857642008987169,1,,3740.748730964467,3864.0,684.0,6054.0,2947710.0,1024.1793319536037,0.7675609581583388,3.172130177013569,-0.06947608543862054,-0.245298785042786,18.176023326559097,14.54693397864346,-1.1446483888307875,1.2494745183585454,789.9999999999999,106.81674996826189,0.8700780960000842,0.9593199757134181,3.800369414719031
ID7874,7874,10,670.0,449.4103808812547,61.24831964152352,0.0,11.0,11,14.598235126207822,1,,3702.917910447761,3899.0,869.0,6274.0,2480955.0,1028.2897351910917,0.7131006330582942,2.9979647760866173,-0.05718469616317916,-0.2235511374285733,17.229474670853335,12.712847629689689,-1.2724377234949729,1.3552805140695212,669.5000000000001,102.24700193380082,0.8047468403961863,0.9456214689265536,3.9516210652392036
ID7938,7938,10,685.0,447.73421439060206,61.128732256485556,0.0,13.0,13,14.72307822743469,1,,3687.9897810218977,3805.0,824.0,5840.0,2526273.0,989.8496333681419,0.7229816143319373,3.126778291614034,-0.05701985725919901,-0.3160347438057579,17.567362335561054,12.871520557848582,-1.2775393733089915,1.3648241679456528,681.0,102.26849870061523,0.8182258855670121,0.9464906184850592,3.918937385283977
ID7941,7941,10,700.0,446.9128679962013,59.84496676163342,0.0,16.0,16,14.948362455500638,1,,3646.8748221906117,3819.0,536.0,6050.0,2563753.0,1044.9906398143703,0.7360933637726468,2.959363255829622,0.1154999358930339,-0.2915893329544109,17.744481290592727,13.152858583456421,1.9186631212803842,1.349096941779,702.0,104.27290283441484,0.8113421680573523,0.9512195121951218,3.935527105433295
ID7878,7878,10,665.0,450.018154311649,62.03151790216844,0.0,10.0,10,14.50526920699804,1,,3747.5679758308156,3943.0,676.0,6290.0,2480890.0,1047.4911403053902,0.7126421601004795,2.9773784269528494,0.07756600606877828,-0.3187793599849118,17.608830044921113,12.432607691317997,1.9041956060290675,1.416342450604132,660.9999999999997,101.2477555557983,0.8102900654221686,0.944285714285714,3.9380812742594276
ID8134,8134,10,724.0,447.9739511295528,57.75541724296911,0.0,22.0,22,15.17030150362479,1,,3733.5811373092924,3926.0,763.0,6286.0,2691912.0,1148.293841546053,0.7613861602833087,2.810948911799449,-0.2567269234054724,-0.3615035267884132,17.31750329423157,13.81559331881576,-1.3176915410808905,1.253475177982149,722.9999999999998,105.28462482487043,0.8196307691039378,0.952569169960474,3.915577328488314
ID8201,8201,10,701.0,447.7276828110161,54.56315289648623,0.0,28.0,28,14.948362455500638,1,,3909.3082386363635,4076.0,595.0,6270.0,2752153.0,1126.284533676876,0.781557118099314,3.0453889118691038,0.0629569246338367,-0.18528823850088758,17.28457026678057,13.431140663001408,-1.2133257370750334,1.2869026317618841,702.0,101.78067724698928,0.8515620591905707,0.9590163934426228,3.841464112214979
ID8394,8394,10,759.0,443.3679327657717,54.71196245361275,0.0,34.0,34,15.589406598755584,1,,3730.588772845953,3896.0,807.0,5913.0,2857631.0,972.5482782602564,0.8406898435331851,3.503897473406817,0.08799538321576243,-0.08660009754346878,17.746102265088023,14.092417599394937,2.07175686541333,1.2592659946331677,763.4999999999999,106.01098840900521,0.8537233068774621,0.9591708542713566,3.8365985916832135
ID8460,8460,10,787.0,442.1951530612245,55.949192176870746,0.0,37.0,37,15.797308339337176,1,,3689.12101910828,3840.0,895.0,5798.0,2895960.0,947.7391730759222,0.740920121583203,3.313268339314504,0.03585108773925439,-0.062375617824337946,18.055000595913384,14.323111796445081,2.0184989993747235,1.2605501410939581,784.0,107.92219371940024,0.8458715097711573,0.9637369391518131,3.8543640614071513
ID8205,8205,10,693.0,447.9731182795699,54.83285543608124,0.0,27.0,27,14.900374009171514,1,,3910.5905172413795,4116.0,893.0,6517.0,2721771.0,1101.012547904773,0.7795545120381085,3.1118257019071587,-0.14882275331175712,-0.3292798663931695,16.993388035125115,13.80767137467579,-1.3067923695338695,1.2307207764440387,697.5,100.29514262050496,0.8713532901965892,0.9674063800277393,3.797587544587531
ID8208,8208,10,728.0,446.01884852638796,54.925633995887594,0.0,31.0,31,15.23834183797815,1,,3823.8145604395604,3994.0,612.0,6102.0,2783737.0,988.1765166271089,0.8283771138643243,3.5063446706914836,0.07987766520815796,-0.14898435919760433,17.395340121836917,13.620068500019103,1.9782101809246755,1.2771844812537116,729.4999999999999,104.58913509076744,0.8380347299627131,0.950488599348534,3.872343933341596
ID8336,8336,10,738.0,445.39608913142337,54.03660754888586,0.0,32.0,32,15.2748534059322,1,,3846.716049382716,4031.0,451.0,6265.0,2804256.0,1030.9454666713978,0.8252605240682055,3.3740432247318783,0.24196325565842286,-0.2270188595939405,17.701925112443224,13.783636674844237,-1.1285430662001508,1.284271018602082,732.9999999999999,103.74203597756845,0.855863104611434,0.9575440888308295,3.831799528226549
ID8528,8528,10,783.0,442.1998510955116,55.554669219315045,0.0,38.0,38,15.792270128927,1,,3741.3639846743295,3849.0,585.0,5889.0,2929488.0,952.2022994133882,0.7420143085752107,3.3472742240984577,-0.1807016053829216,-0.30242947028217987,17.81009048796468,14.533041424565125,-1.2174330188663265,1.225489556360885,783.5000000000001,107.67417466094399,0.8492308488423069,0.9595835884874467,3.8467330703476197
ID8020,8020,10,690.0,447.08053527980536,60.98661800486618,0.0,14.0,14,14.766254502611575,1,,3716.9361393323657,3896.0,966.0,6037.0,2560969.0,1037.5415312436521,0.7177756781279979,2.99386280106206,-0.14630664198925766,-0.3523183732683794,17.192634628936652,13.209286166163558,1.8662692131125782,1.30155667858697,685.0000000000001,103.52747053487947,0.8031362515070342,0.9351535836177479,3.95558132067248
ID8468,8468,10,761.0,444.6443276390714,55.02058694699956,0.0,41.0,41,15.563862739881275,1,,3892.047368421053,3994.0,890.0,6128.0,2957956.0,1060.2013383592193,0.7687013207594141,3.1909712544468767,-0.04750623431893029,-0.5156241191443427,17.637765138658107,14.534381172170766,-1.1916176768549753,1.2135201994309497,760.9999999999999,105.8141308510188,0.8540969730852362,0.9548306148055206,3.835759246663691
ID8213,8213,10,734.0,447.3767621646203,53.30673033196908,0.0,30.0,30,15.2748534059322,1,,3808.73698630137,4006.0,959.0,6232.0,2780378.0,1053.657098169581,0.79199536443201,3.1951955270721406,-0.08837241205122028,-0.25982447577285117,17.20460862015827,14.03877583092151,-1.2735433331009676,1.225506328141786,732.9999999999999,105.06194267864579,0.8344935508056572,0.9482535575679171,3.880551394592318
ID7959,7959,10,677.0,448.36406096361844,61.636676499508354,0.0,12.0,12,14.690612745308144,1,,3704.9881831610046,3874.0,698.0,5978.0,2508277.0,1006.2188331058217,0.7207487962246456,3.084543025614085,0.16224237621304652,-0.17534227039782507,17.199740281240825,12.787217042887333,-1.2670896496489108,1.345072991531639,678.0,103.08538168421262,0.8017618570516795,0.9456066945606693,3.9589702329368355
ID8408,8408,10,774.0,442.40952073930794,55.74908661078874,0.0,36.0,36,15.711439040887685,1,,3730.880674448768,3892.0,819.0,5797.0,2876509.0,932.7063853793095,0.8053985017986004,3.568898070600739,0.01596194282142,-0.05828161706454774,17.610927125385363,14.229637816354309,-1.0735131740067225,1.2376230057763589,775.5000000000002,105.86515471076316,0.8695320477230387,0.9669576059850379,3.8015625044305086
ID7961,7961,10,709.0,447.0110007097232,60.02070026023185,0.0,15.0,15,14.97495625424263,1,,3655.3923512747874,3852.0,694.0,5977.0,2580707.0,1058.3602815480344,0.7209752162171033,2.893851099484944,0.02599356296733472,-0.2795392269873158,17.67412041861457,13.19381798159615,1.919691801634774,1.3395758864695515,704.4999999999997,103.05532326004773,0.8335852122057094,0.9526707234617982,3.8826650926604893
ID8413,8413,10,797.0,443.38492808005003,55.98863873254117,0.0,40.0,40,15.952703658124557,1,,3737.2694235588974,3887.0,959.0,6086.0,2982341.0,1046.6461781211344,0.7585381189361965,3.0804214228699918,0.002485611206297201,-0.04681501083559907,18.10092375782013,14.494080969764962,-1.0755150468630568,1.248849361030833,799.5,108.45122856454176,0.8541996315056457,0.9632530120481929,3.8355287473737643
ID7713,7713,10,586.0,449.06783776063986,60.665381319622966,0.0,6.0,6,13.62841951908738,1,,4081.225085910653,4311.0,795.0,6589.0,2375273.0,1112.786418689995,0.7122595982823253,3.0512474368964067,-0.019719745881100988,-0.11509277522741639,17.084767285581858,11.247383568036444,1.8908143948740848,1.518999257225874,583.5000000000001,95.53336667061423,0.8034161520226255,0.9542109566639412,3.954892222192046
ID7714,7714,10,540.0,450.01150497512435,61.908271144278615,0.0,3.0,3,13.061933202803933,1,,4280.904494382023,4542.0,866.0,6684.0,2286003.0,1131.694703003102,0.7274787759857517,3.1859859673285027,0.2159637662672717,0.03425951249654097,16.78974537883299,10.608467456041437,-1.2321995341679464,1.5826739770287332,536.0,93.08427943011512,0.7773596090499055,0.9444933920704845,4.020628495883447
ID7715,7715,10,544.0,450.8434529285495,61.74317693958908,0.0,2.0,2,13.153000537553789,1,,4170.198529411765,4423.0,1032.0,6709.0,2268588.0,1151.5212906399508,0.734441673416139,3.066990043013238,-0.021484913463417805,-0.2694658096249591,16.822878759615687,10.714865771849071,-1.3014997262401575,1.5700503504032746,543.5,92.07108941781732,0.8056804928533328,0.9577092511013214,3.9493307589484434
ID7716,7716,10,601.0,448.77465564738293,61.984573002754814,0.0,5.0,5,13.877228871110882,1,,3977.8797364085667,4222.0,687.0,6443.0,2414573.0,1207.7370953371412,0.7046564809208915,2.723013631798323,-0.21011424283284064,-0.17767218861872644,17.360220394487193,11.7271191794487,-1.26028596178368,1.480348253380956,605.0,97.06261862214444,0.8069771377342155,0.9394409937888198,3.9461566056954895
ID8164,8164,10,693.0,447.8480356712461,55.90949626416003,0.0,26.0,26,14.836147960171175,1,,3917.0795947901593,4072.0,838.0,6340.0,2706702.0,1114.6155525056038,0.7667591021397384,3.05034454070581,0.2267854458796892,-0.36195058066665364,17.381708012625392,13.175151565919057,-1.1954364206056467,1.3192795487520375,691.5000000000001,102.50577631068991,0.8269997349879252,0.947260273972603,3.8980934541246213
ID7717,7717,10,607.0,449.09143327841844,61.77759472817134,0.0,7.0,7,13.900147514093545,1,,4005.116968698517,4236.0,622.0,6821.0,2431106.0,1171.5313134137505,0.7002114493463355,2.815902218153524,-0.19853066929090865,-0.267220264944943,17.220789866897636,11.898328053503619,1.9491748549136234,1.447328548133849,607.0,97.28781959151364,0.8059008518992544,0.9418153607447634,3.9487907854181308
ID7718,7718,10,571.0,449.02853380158035,62.0033655253146,0.0,4.0,4,13.463932567480754,1,,4105.870402802101,4382.0,643.0,6504.0,2344452.0,1167.4955669999663,0.7086214283953207,2.9170805734599563,-0.03279136343817964,-0.16719336583340597,17.146394466889134,11.051782672225645,-1.2659269998127174,1.5514596129346556,569.5000000000003,96.32454596111727,0.7713112241355117,0.9328419328419332,4.036361976625529
ID7719,7719,10,615.0,449.8716381418093,61.42230372181473,0.0,8.0,8,13.974373516324643,1,,3978.853896103896,4223.0,836.0,6596.0,2450974.0,1155.9449046219206,0.7132005040027275,2.865855577765374,0.0470279509345627,-0.3647068516760104,17.256389079120172,11.921405996745454,-1.2058839931852448,1.4475129094530603,613.5,98.77594106914069,0.7901728055901891,0.928139183055976,3.9878966303022607
ID8167,8167,10,680.0,447.36951189600194,56.620922246750055,0.0,24.0,24,14.706854444845973,1,,3941.2935103244836,4105.0,1074.0,6358.0,2672197.0,1079.6988574295972,0.7585365902977897,3.149134849475792,-0.26297664897179523,-0.24953929499432162,17.09013249731641,13.234214720389458,-1.2267656882315292,1.2913597715009326,679.5,103.72503728117175,0.7936556748084509,0.9378881987577639,3.979136790032512
ID8359,8359,10,732.0,444.1779584462511,54.4893857271906,0.0,33.0,33,15.32686190985087,1,,3837.6716417910447,3998.0,999.0,5902.0,2828364.0,981.8057803883406,0.8373756498192267,3.5628258548066647,-0.09230629578147256,-0.22049598107454083,17.366912533406115,14.00935793299763,-1.116075936525675,1.2396651307266626,737.9999999999998,103.71341734554632,0.8621768090051891,0.9596879063719111,3.817743650635381
ID8169,8169,10,677.0,447.3713794796269,55.929062346588125,0.0,25.0,25,14.701442538703265,1,,3942.9823529411765,4103.0,980.0,6444.0,2681228.0,1087.6097583385942,0.7693910704965934,3.152862593004742,-0.1507366698205908,-0.3675433285517527,17.202321271270275,13.368993521269253,1.862654087447787,1.286732710574093,679.0000000000001,100.76626179270775,0.8403289843193258,0.9549929676511957,3.867054210960887
ID8234,8234,10,692.0,447.59276616198025,57.246455179043494,0.0,23.0,23,14.857587491529667,1,,3883.441726618705,4043.0,891.0,6430.0,2698992.0,1127.9583794401176,0.7560491158539185,2.9646065551431158,-0.002717583832205623,-0.2891779014629943,17.34785636053946,13.166902852719119,1.8637105261394895,1.317535076744105,693.5,102.56273433646585,0.8284706894410218,0.948051948051948,3.8946313730811717
ID8556,8556,10,544.0,451.6873658386998,60.978687519165895,0.0,0.0,0,13.153000537553787,1,,4173.685767097967,4437.0,709.0,6830.0,2257964.0,1130.056687024877,0.744805283825172,3.1531548238595524,-0.11882053516276482,-0.43447955014931067,16.74442141756799,10.927713368931405,-1.3183358974290944,1.5322895881561165,543.4999999999999,92.71763353199819,0.794483231932376,0.9568661971830984,3.977063857071832
ID8108,8108,10,707.0,447.8665953908292,58.34057971014492,0.0,21.0,21,14.943038016344905,1,,3743.188034188034,3899.0,850.0,6065.0,2627718.0,1044.5258356635989,0.7440876873993351,3.0577942184787354,-0.11425983531468059,-0.26556743298213714,17.493946147022676,13.241580022427163,-1.2924307297582236,1.321137365585777,701.4999999999998,103.54837670209871,0.8221497885638644,0.9422431161853592,3.9095741752581796
ID7793,7793,10,544.0,451.081274778896,61.29170478804513,0.0,1.0,1,13.189251411639768,1,,4115.306569343065,4414.0,944.0,6753.0,2255188.0,1170.386120833532,0.734036732064961,2.976888211756818,-0.19481547809588978,-0.23797498785702742,16.78241201164992,10.826034494588923,-1.3496862305559594,1.5501901476517665,546.5,93.96296418934017,0.7778334449936016,0.9446845289541919,4.0194036780671
ID7923,7923,10,715.0,446.52867132867135,59.575058275058275,0.0,17.0,17,15.086138293858053,1,,3674.63025210084,3859.0,857.0,6218.0,2623686.0,1030.378994793867,0.7263965132969115,3.001095708799271,-0.19310829944776778,-0.2656189725508515,17.744085948405196,13.464716734760463,-1.197568960675163,1.3178209611047464,715.0,103.91637856230327,0.8320470766900355,0.9482758620689655,3.886252213976192
ID7989,7989,10,718.0,447.9561771561772,58.44102564102565,0.0,20.0,20,15.08613829385805,1,,3697.030726256983,3865.0,871.0,6113.0,2647074.0,1089.3747390735195,0.7442567909531452,2.8961305765778675,-0.05327348793869445,-0.15905680677002232,17.456800383811075,13.455173964378089,-1.316634200303178,1.2974042870071465,714.9999999999999,104.30416288499585,0.8258717713795286,0.9451421017845337,3.9007545253871485
ID8378,8378,10,771.0,442.64790717848626,55.27618737800911,0.0,35.0,35,15.640369162275011,1,,3751.219035202086,3863.0,654.0,5995.0,2877185.0,943.6152142624559,0.8452504869183313,3.641980244146339,-0.008169127644438424,-0.1520988001930243,17.912608333636296,14.128706610719448,2.0140032268819255,1.2678165685771974,768.5,106.9087625203443,0.8449424520422749,0.9624295554164057,3.856482515095921
ID7743,7743,10,633.0,449.80288588827113,61.23841673285677,0.0,9.0,9,14.155425580062799,1,,3908.8628389154705,4088.0,1159.0,6178.0,2450857.0,1003.6921936009277,0.7181255722721521,3.2555575051423467,0.13440432663273347,-0.43467130554523087,17.34890009019407,12.183382853926872,-1.241027618317415,1.4239805395758602,629.4999999999999,100.37388741123047,0.7851707449866877,0.9360594795539032,4.000579242023769
ID7935,7935,10,716.0,447.15733613249364,59.677513412642874,0.0,18.0,18,15.080862497825459,1,,3657.2125874125873,3816.0,603.0,6078.0,2614907.0,1062.6869568168581,0.7336945382519282,2.9128462149583214,-0.019347588189726775,-0.2797040771360192,17.835491903072278,13.049181231429799,-1.2280253600093651,1.366790114012237,714.4999999999997,106.4892544167403,0.791772701995404,0.940131578947368,3.9838655189883774
ID7999,7999,10,706.0,447.5941926345609,58.63597733711048,0.0,19.0,19,14.990889888387418,1,,3704.3948863636365,3827.0,893.0,6220.0,2607894.0,988.622501168844,0.7440208173364572,3.197055704661278,0.007573197902856866,-0.25082177861466365,17.91429529867957,13.02433806854058,1.9083150485981604,1.3754476584073285,705.9999999999998,103.68885514970925,0.8251832547186232,0.9495628782784128,3.902381542457651
ID7744,7744,11,742.0,427.7886343216532,211.66329739442946,0.0,7.0,7,15.368341990871125,1,,900.2708894878706,916.0,325.0,1514.0,668001.0,217.08257771685768,0.6322090024698788,3.212647971457304,-0.24670334476184066,-0.18886884688591796,24.85391064899603,9.589229280984291,0.7090229657032164,2.5918569595871515,741.9999999999999,120.80863132445707,0.6388778643457451,0.9304075235109713,4.435024379103917
ID7745,7745,11,744.0,427.4129753914989,211.79217002237135,0.0,8.0,8,15.399378727952762,1,,899.3713136729223,910.0,395.0,1500.0,670931.0,206.98398649635416,0.6283982385506568,3.353564122560775,-0.14555623766527254,-0.32242795746796454,25.0533826905385,9.965561349304691,0.7284286572280518,2.5139961325195697,744.9999999999999,122.03428532423501,0.6286405805619999,0.9157959434542103,4.4709902803190165
ID7746,7746,11,742.0,428.7151556156969,210.76454668470907,0.0,4.0,4,15.33724244738347,1,,886.863697705803,889.0,332.0,1583.0,657166.0,213.9612721760025,0.6311792041363039,3.2077662062753225,-0.14991074603598742,-0.07753708866368621,25.143278680211033,9.576924467903309,0.7461396175923253,2.6254022117933324,739.0,121.54003166322457,0.6286596872016667,0.9208722741433022,4.470922337160686
ID8258,8258,11,662.0,424.32816830435877,211.07142857142858,0.0,30.0,30,14.51075427779609,1,,1011.9036144578313,1015.0,357.0,1557.0,671904.0,226.56139589655663,0.659399387308657,3.5496116812990555,0.08460799577469669,-0.12962254088742242,21.26040644171017,10.509158052655865,0.45303210683444123,2.02303613050498,661.5,111.93127161016442,0.6634937515417743,0.8861352980576022,4.351976217551995
ID8386,8386,11,659.0,424.68656527249686,212.0746514575412,0.0,35.0,35,14.46681548115695,1,,1031.9908256880733,1037.0,415.0,1619.0,674922.0,214.67175678756038,0.5328108606026644,3.342069073262962,0.08342260386458457,0.25796368537924186,21.004788144508602,10.395450447468308,0.47837992012699715,2.020575082402906,657.5,108.84613060444677,0.6973962881585926,0.9094052558782849,4.244877055112367
ID7747,7747,11,729.0,428.6834589901759,210.66518163125428,0.0,3.0,3,15.238341837978147,1,,887.4351978171896,899.0,384.0,1470.0,650490.0,210.79463943907996,0.6280591558848742,3.248160294451124,-0.15752901276885758,-0.2553021720610317,24.573353730436853,9.707344278574775,0.7332303083302363,2.5314187923336635,729.4999999999998,119.47118535537713,0.6422569535493547,0.9135879774577332,4.4233420557357945
ID7748,7748,11,717.0,429.1319003993422,210.53429645290112,0.0,2.0,2,15.02800266992921,1,,900.7746478873239,904.0,416.0,1598.0,639550.0,215.70710285563686,0.6304109923062362,3.2292999573081107,-0.07946336635674671,-0.29867052044472026,24.85043661322214,9.463080210568714,0.7709077823401598,2.62604099936385,709.5,118.16903000110733,0.6384912097365357,0.9190414507772021,4.436367046831321
ID8135,8135,11,657.0,425.13016476552593,210.61863117870723,0.0,29.0,29,14.46681548115695,1,,1032.7671232876712,1043.0,412.0,1634.0,678528.0,249.71985330963636,0.6710006232180279,3.32143410305795,-0.09155259548089785,0.2635227907928645,21.43242762301675,10.271313665516114,0.4544960194956591,2.086629648452062,657.5000000000001,108.8637300897021,0.6971708168550549,0.9006849315068495,4.245563415304753
ID7754,7754,11,724.0,427.96919540229885,210.38321839080461,0.0,6.0,6,15.191269449366244,1,,910.1655172413793,921.0,428.0,1511.0,659870.0,208.57729775982028,0.6303348073043646,3.3742544217258743,-0.11861553631069721,-0.6173712497832723,25.059982981103477,9.820157989958663,0.7597726200994389,2.5518920374527463,724.9999999999998,121.50060088037051,0.6171504061123034,0.914249684741488,4.512419033839082
ID8144,8144,11,683.0,427.2716458180034,210.26428746627423,0.0,22.0,22,14.706854444845973,1,,993.6646884272997,1005.0,374.0,1637.0,669730.0,239.528351005658,0.6582265209421915,3.2933997455255155,0.3592728867360726,0.15452487867116713,23.289240430228233,9.942458449202677,0.5589769385441633,2.342402590789392,679.5,113.98038031565024,0.6572629044120915,0.918864097363083,4.372555908815556
ID7825,7825,11,712.0,428.54778554778557,210.6815850815851,0.0,1.0,1,15.086138293858054,1,,894.0532959326788,894.0,387.0,1516.0,637460.0,216.96600460798953,0.6262616474548802,3.173709038520301,0.08628010890288619,-0.055470529803863626,24.355707823935834,9.634525975370867,0.77653779291168,2.527961197696423,715.0000000000002,121.93681751618124,0.6042910942164565,0.8999370673379484,4.560178420318565
ID8467,8467,11,671.0,425.7383778437191,210.79698318496537,0.0,37.0,37,14.647213499088314,1,,1000.3810930576071,1002.0,427.0,1616.0,677258.0,228.06679727811522,0.45287247587476864,2.7345246151030214,0.0493905935539406,0.2451585088376457,20.745069366826307,11.243197941414746,0.6113392380312299,1.84512177717792,674.0000000000001,111.60038821625342,0.6800460930030093,0.8816219751471551,4.298686337535464
ID7892,7892,11,728.0,427.64406974076627,211.1760724936912,0.0,10.0,10,15.206976435587844,1,,916.8170563961486,931.0,454.0,1456.0,666526.0,200.1076248593752,0.6343436005002429,3.556560811116623,0.14815826903171664,0.2751587227906366,24.269821882601885,10.436161678781136,0.6878906540713066,2.3255505835969776,726.5000000000001,117.36944958267368,0.662728041317642,0.9260675589547483,4.354489609539418
ID7893,7893,11,724.0,428.3392156862745,210.9170703575548,0.0,11.0,11,15.165054987298552,1,,924.2697095435684,944.0,417.0,1510.0,668247.0,209.57243244598817,0.6419165072005623,3.448434939886079,-0.35956957616159974,-0.3296909270648741,24.33938493419973,9.99329124206035,0.6504350553629142,2.4355724600278537,722.4999999999998,118.44659514349888,0.6471464205302198,0.9227330779054915,4.406600255827
ID7958,7958,11,696.0,427.31425120772946,213.12995169082123,0.0,16.0,16,14.820047957642226,1,,971.966618287373,984.0,368.0,1569.0,669685.0,231.3734404424612,0.656074263265402,3.3284423122418576,-0.3013923845526259,-0.3313428826164737,24.643395282551445,9.233814058337504,0.6003754821065808,2.6688208281928896,689.9999999999998,117.17887185826922,0.6314810606282524,0.9243134628265235,4.4609234128841955
ID8406,8406,11,667.0,423.39443184681284,211.70886873267824,0.0,34.0,34,14.510754277796094,1,,1025.6176024279212,1030.0,486.0,1603.0,675882.0,222.52569823868376,0.6272032722507176,3.553053899246893,-0.11516442961479272,0.2571204792388643,21.955556028191644,10.147064423855067,0.48751918281642315,2.1637347622013325,661.5000000000002,114.62198993926093,0.6327087269126088,0.8709677419354842,4.456593470692321
ID8279,8279,11,695.0,427.95001210360687,210.0519244734931,0.0,23.0,23,14.803930445578969,1,,983.911465892598,992.0,330.0,1624.0,677915.0,229.4661195016732,0.6567862247820954,3.399577970898627,0.21199279856525258,0.4460885058614112,22.74222231754645,10.277448292849115,0.5357038798094536,2.2128277048467493,688.5000000000001,115.08784151049319,0.6532131497063826,0.8878143133462285,4.386089330256639
ID8344,8344,11,689.0,424.71048798252,212.9719592134013,0.0,32.0,32,14.782413093442232,1,,1001.3551673944687,1007.0,383.0,1579.0,687931.0,241.49233350486813,0.6637616134476516,3.3085356887912876,0.22236234146137115,0.27153114310045373,21.27535524557507,10.749961366426284,0.4483419789973697,1.9791099261083063,686.5000000000001,115.7276559221787,0.644133805651761,0.8773162939297126,4.416893073341117
ID7962,7962,11,691.0,427.15827941528875,212.48562185478073,0.0,18.0,18,14.878996130143541,1,,967.9641833810888,984.0,388.0,1577.0,675639.0,234.99016770109796,0.6567686107135069,3.265804045389075,-0.184636300328801,-0.09363992938522382,23.996521171707922,9.81168711502583,0.5732322802809038,2.445707949141502,695.5000000000002,117.10699529663906,0.637296190073538,0.9055989583333338,4.440524503738979
ID8026,8026,11,683.0,427.07267441860466,212.1792635658915,0.0,20.0,20,14.798554040663838,1,,989.2029197080292,1008.0,393.0,1597.0,677604.0,240.72510709198005,0.661632983132614,3.272472754754329,0.030219083876100755,-0.12552501455542864,23.7091132351918,10.11521487352214,0.528857213656859,2.3439060397276794,688.0,114.66169486532388,0.6575996725662714,0.9161118508655126,4.371436134718812
ID7964,7964,11,717.0,427.85124447545945,211.0317515701326,0.0,13.0,13,15.101954623514336,1,,935.3547486033519,946.0,361.0,1480.0,669714.0,220.21465654320147,0.64263990784463,3.3234217104491277,-0.05444303142056878,-0.16784861476505208,24.242726556722,9.75557453202734,0.6713331909608926,2.485012694755563,716.5,118.67156844909935,0.6393412032376059,0.9109980928162748,4.4334170278864145
ID8540,8540,11,411.0,422.5347222222222,208.9142156862745,0.0,38.0,38,11.396070970426017,1,,1249.114914425428,1207.0,541.0,2079.0,510888.0,360.4651529179919,0.2526614559327512,1.3978944565912572,0.20173157516370485,0.7475099978980887,17.156316680076923,8.018766292566829,1.3043670736953388,2.139520726022449,408.0,84.15157376918043,0.7240116298095975,0.951048951048951,4.166123700258718
ID7775,7775,11,754.0,427.16224580017683,211.12687886825816,0.0,9.0,9,15.49211587171288,1,,903.7788079470199,916.0,349.0,1492.0,682353.0,211.59076054539625,0.637573682745301,3.326020960495053,-0.6052337876985028,-0.4021718870185206,24.938478507001886,10.166533850754488,0.6908251556694434,2.4529971446611696,753.9999999999999,122.95218253333103,0.6267707565066886,0.9100784550392274,4.477654391058854
ID8033,8033,11,681.0,427.46209342137445,212.4990217657129,0.0,19.0,19,14.728482183655359,1,,987.6398243045388,1005.0,414.0,1650.0,674558.0,241.34115556139832,0.6592459640896702,3.2518755083706807,-0.22327557079082494,-0.0891355687379729,23.876264704487834,9.403686257844154,0.5801984180467747,2.5390324655473564,681.4999999999999,117.84784516144094,0.6166410498956989,0.9117056856187288,4.51428231738761
ID7978,7978,11,730.0,428.5176282051282,211.0721153846154,0.0,12.0,12,15.222667215103916,1,,926.0812672176309,938.0,312.0,1494.0,672335.0,215.15678390976174,0.6412290102497287,3.3633187503378936,-0.10642478029080472,-0.3370022736516516,24.479458257038054,9.972515484620672,0.6748804802898604,2.4546924288851266,728.0000000000001,119.7895823171718,0.6375336935465914,0.9037864680322782,4.439697301786117
ID8426,8426,11,669.0,425.474531835206,211.91223470661672,0.0,36.0,36,14.576414134747964,1,,1011.1456456456457,1017.0,438.0,1570.0,673423.0,222.44545457079263,0.49833789899539704,3.023669561053765,0.47538262558459654,0.14605678602271044,20.79123663395144,10.74216036976219,0.5123779119110909,1.9354800075854492,667.4999999999999,114.21968071282497,0.6429530345922863,0.8782894736842104,4.420946983161483
ID8365,8365,11,675.0,423.5215453194651,211.6862308073304,0.0,33.0,33,14.636343580337646,1,,1006.9044776119403,1012.0,497.0,1505.0,674626.0,214.66432197943988,0.6483778827203229,3.690029277336538,-0.026049760633054277,-0.059117851721419964,21.206442608469885,10.685436005022751,0.4536789147526341,1.984611821033945,672.9999999999998,110.83281766775025,0.688475007791456,0.8878627968337727,4.272291156610707
ID8239,8239,11,657.0,424.9964322120286,209.86162079510703,0.0,28.0,28,14.428259270064396,1,,1038.079754601227,1054.0,407.0,1639.0,676828.0,244.4954233980925,0.673827384414841,3.418440071207038,-0.04304061942550156,0.014240874481467245,21.444558350714793,9.785636846279232,0.5163787200343279,2.191432063909934,654.0000000000002,112.57949287146823,0.6484388641257787,0.8940533151059471,4.402206531660681
ID8560,8560,11,734.0,428.8310408069693,209.40921595598348,0.0,0.0,0,15.212208493694,1,,884.5102599179206,884.0,355.0,1578.0,646577.0,218.84775052142643,0.6343665270091694,3.1374844602046754,-0.14857307066890285,-0.3097140279962297,24.753202392876794,9.760747601115858,0.794453070338366,2.5359945164494353,727.0000000000001,119.25375364161467,0.6423920523722227,0.9255251432208784,4.422876903867047
ID7984,7984,11,703.0,427.0290891750119,212.44515975202668,0.0,15.0,15,14.916387312029332,1,,968.5763195435093,977.0,321.0,1570.0,678972.0,236.36602114669677,0.6576576915702517,3.251500675646598,-0.11336776874745849,0.00492770469734343,24.287010777533084,9.690333642141514,0.6125225287480724,2.5063131646895265,698.9999999999999,118.88702469935149,0.6214670722104595,0.9054404145077717,4.496720254794296
ID8113,8113,11,679.0,427.0208947885939,211.21681415929203,0.0,21.0,21,14.690612745308142,1,,991.1835535976505,1003.0,341.0,1578.0,674996.0,238.88494047959915,0.659991992861626,3.2993469272530422,0.007737183086333867,-0.36894282099916687,22.781536020452936,10.123629758152141,0.5099376059404817,2.2503327921596408,677.9999999999999,115.33588903324491,0.6404874474574921,0.9076305220883532,4.42944813330261
ID8241,8241,11,644.0,425.13963254593176,209.59658792650922,0.0,27.0,27,14.21712972884144,1,,1048.7646129541863,1059.0,481.0,1654.0,663868.0,240.38212566809608,0.6717011651287639,3.5060919852716066,0.2636042867297988,0.5747094026447919,21.717008078607027,9.816285553141606,0.505484108396834,2.212344777567795,635.0,110.65087801645305,0.6517392259720334,0.8831710709318499,4.391046151928411
ID8054,8054,11,684.0,427.2203036982611,212.14535880480037,0.0,14.0,14,14.717672287018404,1,,975.0381231671554,972.0,494.0,1573.0,664976.0,219.93374055197393,0.6503070319072038,3.4939238201115135,-0.13825633288902853,-0.1900018870591215,23.950414977708117,9.607344358785939,0.6366817753440978,2.4929277106430985,680.5,117.15855881763493,0.6230027333811374,0.901921802518224,4.491174774062565
ID7928,7928,11,651.0,426.5601176771553,211.4403939626503,0.0,17.0,17,14.400655917309447,1,,1014.5437788018434,1017.0,410.0,1567.0,660468.0,231.9899583447,0.6619159408186541,3.4835767841673198,-0.2095002531498759,0.09209984002038622,22.94597140138614,9.565487311082777,0.5995784904098655,2.3988293178540365,651.4999999999999,113.97013339939389,0.6302925456795203,0.9086471408647139,4.465127315638268
ID8186,8186,11,658.0,425.8198883815322,210.2102993404363,0.0,26.0,26,14.461313744703505,1,,1026.800608828006,1040.0,437.0,1599.0,674608.0,244.07844625541608,0.6715557368404885,3.380242704972149,0.23182507686653064,0.22543710177239,22.26048184530072,9.982583017316946,0.4910031848749664,2.2299320533257885,657.0,113.07502528038728,0.6457164442074783,0.8957055214723927,4.411476892682664
ID8187,8187,11,692.0,427.4832727272727,209.61878787878786,0.0,24.0,24,14.793175681758,1,,977.7727930535456,985.0,421.0,1534.0,675641.0,227.22178187238129,0.656082568797448,3.409529845263268,0.19502721108182908,0.1793805423934497,22.55885648170352,10.133032745937125,0.4907706613924432,2.22626898060194,687.5000000000005,114.27061016240779,0.6616273869585632,0.9172781854569719,4.358110073604919
ID8251,8251,11,679.0,424.165934602245,213.0693020985847,0.0,31.0,31,14.744682168956,1,,1005.5797950219619,1018.0,458.0,1568.0,686811.0,251.6638660356172,0.6672602182375471,3.1982876103876223,0.6736389869812933,0.5439098502909867,21.284974281535458,10.786179006928778,0.43129148471534823,1.9733562986357365,683.0,114.77263821359287,0.6515591355450877,0.8773281952472701,4.391652950833945
ID8188,8188,11,675.0,427.2538046146293,210.19513991163475,0.0,25.0,25,14.701442538703267,1,,999.0766961651917,1013.0,390.0,1584.0,677374.0,234.09527915361303,0.6652914211683914,3.4100272347745864,0.3494403385237561,0.3062730958478441,22.591149503637734,10.103988688706162,0.49688035449264684,2.235864488732972,679.0000000000002,113.89390464212,0.6577769851001808,0.8951878707976272,4.370846905635247
ID7741,7741,11,736.0,428.76345545002266,211.41542288557213,0.0,5.0,5,15.316474337048122,1,,892.5290933694181,901.0,362.0,1490.0,659579.0,207.15712888879287,0.6281198405099176,3.324364507794028,0.02038243450229879,-0.18710204321936305,24.81596934961767,9.67685482541813,0.7597695600633918,2.564466430191112,736.9999999999999,121.09580580038646,0.6315665919011025,0.9143920595533496,4.460621337551708
ID8003,8003,12,826.0,417.06763872012965,262.5115431348724,0.0,12.0,12,16.185457556994166,1,,1043.029197080292,1059.0,450.0,1622.0,857370.0,241.31609127147098,0.6657233639803138,3.454865150874611,-0.5483508061854081,0.7095713638627063,19.038129107801193,14.759025237962176,-0.9333211789913382,1.2899313335973295,822.9999999999997,111.32415919145706,0.8345086676993083,0.9592074592074586,3.880516246875659
ID7816,7816,12,814.0,416.1779210149376,261.88510333537954,0.0,9.0,9,16.101658371009414,1,,1047.5730061349693,1058.0,495.0,1673.0,853772.0,241.85296517573138,0.6669537455244116,3.4660517681610545,-0.2607772017262991,0.6269428600297757,18.75751464511871,14.976672283644744,-0.852246135743014,1.2524487609709423,814.5000000000001,112.86446869773565,0.8035010888997124,0.9554252199413491,3.954683183849114
ID8200,8200,12,813.0,423.60987654320985,267.59423868312757,0.0,26.0,26,16.057117045374945,1,,1070.0872235872237,1100.0,433.0,1762.0,871051.0,246.9386954690521,0.6770359257242153,3.498882619956649,-0.13348506939999483,0.1999196257977843,18.39482397596303,14.277490894949043,-1.1896506435931045,1.288379317578173,810.0000000000002,111.26219845251832,0.8222419094741515,0.9602845287492593,3.9093551620846605
ID8202,8202,12,809.0,422.149111937216,267.1759603469641,0.0,24.0,24,16.027354059554533,1,,1076.680693069307,1107.0,406.0,1663.0,869958.0,249.2607151408546,0.6759721053992335,3.4843764764488925,-0.5692428149275448,0.9502028768811039,19.38523865220886,14.304510085901141,2.0421624601883757,1.3551836823349444,807.0000000000001,109.52375050509598,0.8454088390704257,0.9607142857142859,3.85541861472897
ID8203,8203,12,823.0,422.76047358834245,267.5663833232139,0.0,25.0,25,16.190373413616857,1,,1064.990291262136,1095.0,454.0,1756.0,877552.0,254.3802511552359,0.6791445385113617,3.3866193376158678,-0.40569463903437253,0.4908124906665206,18.951224566618606,14.467789427038534,-1.1371328407704857,1.30989082072214,823.5,111.85200929152415,0.8271530725722078,0.9553364269141532,3.897732123218969
ID8143,8143,12,815.0,423.43182743182746,266.8740333740334,0.0,29.0,29,16.146076823319174,1,,1084.7536585365854,1123.0,373.0,1703.0,889498.0,266.6535624963056,0.6845258252915827,3.3061754217784625,-0.04349790662055785,0.2183896333577434,18.380861867988195,14.465542420760936,2.026711845680202,1.2706652355882622,819.0000000000001,110.39845171886998,0.8444380621136955,0.9692307692307695,3.8576340978156063
ID8083,8083,12,818.0,418.2715103208666,263.326895565093,0.0,14.0,14,16.111539721047187,1,,1047.6358099878198,1067.0,418.0,1687.0,860109.0,249.63660932659874,0.6683063326981764,3.3622641772901143,-0.5220188159240272,0.3547351019303051,18.389582804760128,14.614737645875438,-0.9214053006928266,1.2582903128575849,815.5,111.94203044069211,0.8178006838289134,0.9554774458113648,3.9199560457477745
ID8275,8275,12,816.0,423.6316165951359,266.5453709380748,0.0,28.0,28,16.111539721047187,1,,1074.4552147239265,1107.0,448.0,1696.0,875681.0,244.79944686101982,0.6798854011657408,3.5527442192773724,-0.04179074551813668,0.2247969640940135,18.699961050837477,14.253332076655706,-1.181045659056315,1.3119711903341196,815.5,109.63653234054408,0.8525566525169316,0.9628099173553719,3.839222730651052
ID8278,8278,12,827.0,424.0023302938197,266.8558257345491,0.0,27.0,27,16.180540206870965,1,,1064.0631067961165,1089.0,486.0,1719.0,876788.0,250.98093995697133,0.6781781039635525,3.426591657956158,-0.16626300085795814,0.22302014736596965,18.886127211176277,14.396310480170477,-1.1879089297298466,1.3118727355310993,822.5000000000001,110.30160725006701,0.8495365903886956,0.9642438452520515,3.846040803547305
ID8023,8023,12,850.0,417.54538341158064,263.4636150234742,0.0,15.0,15,16.46815177937675,1,,1026.035046728972,1041.0,352.0,1720.0,878286.0,254.5871671370633,0.6702684414712593,3.2345820995786077,-0.17822375921991845,0.33306840327363835,18.808249131558217,15.112955703346882,-0.9721634840406224,1.2445116296736702,852.0,111.96528259769943,0.8540488212619073,0.9698349459305633,3.8358673764296327
ID8153,8153,12,812.0,420.2626418988648,266.441382868937,0.0,22.0,22,16.0323183942127,1,,1076.8372379778052,1100.0,440.0,1794.0,873315.0,257.61648333940957,0.6774662738181615,3.3762943036311213,0.16507361158836958,0.5811936285416495,18.513174714467947,14.78374724999121,2.012488887797193,1.2522653696260233,807.5,108.24104565659263,0.8661007942177439,0.9688062387522497,3.8090854341946567
ID8282,8282,12,597.0,420.09085841694537,263.70624303233,0.0,31.0,31,13.796713809378913,1,,1399.28762541806,1312.0,511.0,3836.0,836774.0,522.3777273174718,0.7270660128571872,2.255367113861947,0.1945358421507187,0.5466910117253676,17.58340184296851,11.279303458336578,1.573019397888172,1.5589084829500306,597.9999999999999,97.47002199608757,0.7909862241395389,0.9447077409162715,3.9858456062907086
ID8348,8348,12,627.0,420.0837966640191,255.60802223987292,0.0,32.0,32,14.1554255800628,1,,1370.2904761904763,1346.0,415.0,2606.0,863283.0,426.18103709543556,0.7367473236190915,2.727912536327127,0.02769890190137854,0.0945305823139847,15.318044896372815,13.269834759917874,1.3585746284593414,1.1543508395930935,629.5000000000001,95.37027253221245,0.8697201880636379,0.9632746748278503,3.801151299793436
ID8285,8285,12,763.0,419.8513157894737,266.11776315789473,0.0,30.0,30,15.553633450087503,1,,1157.175230566535,1154.0,429.0,2160.0,878296.0,351.5553674426692,0.6949528557332938,2.6991878633950073,0.09649373051577953,0.3246727764967897,19.23352257924658,12.920989291963927,1.7836605753402863,1.4885487592818194,759.9999999999999,108.14967841581696,0.8165315902081002,0.9620253164556959,3.923001157385528
ID7902,7902,12,825.0,416.70345528455283,261.6219512195122,0.0,11.0,11,16.15593100600236,1,,1037.5262515262516,1049.0,442.0,1687.0,849734.0,232.69931432437025,0.6631193101966129,3.5555128689866136,-0.432107232489777,0.4187410299076784,19.141236316810826,14.90856806872985,2.166869408097264,1.2839084363144733,820.0,109.88439705404643,0.8533980720488916,0.9652736904061212,3.837329596745971
ID7903,7903,12,822.0,416.44815268422127,261.4955092876097,0.0,10.0,10,16.121415014478885,1,,1034.8578431372548,1055.0,474.0,1700.0,844444.0,230.40553607709637,0.6621021957451763,3.578368698208949,-0.1703000576208095,-0.3255775410077574,18.13648151775777,15.466241296157724,-1.0328325371896192,1.172649590192506,816.5000000000002,112.71804597989549,0.8075680902371801,0.958896065766295,3.944712505856282
ID7777,7777,12,818.0,413.92626633986924,261.7287581699346,0.0,5.0,5,16.116478124142795,1,,1021.1629901960785,1027.0,463.0,1641.0,833269.0,243.20306171966817,0.6555379211874094,3.325176561392927,-0.43051799887713693,0.5995422610463442,19.152568475890526,14.641604784627313,-0.9399611533170908,1.3080921632305917,816.0000000000003,114.56339346756789,0.7812828372679282,0.931506849315069,4.010520955782497
ID7778,7778,12,821.0,414.6511817440913,261.5674409127954,0.0,7.0,7,16.13621662281282,1,,1027.1929181929181,1046.0,427.0,1685.0,841271.0,247.00403251146753,0.6608663178261138,3.3094582668384964,-0.13883852288005258,-0.24700393534898749,18.616210629393898,14.648374536440151,-0.8192549030477698,1.2708721082385712,817.9999999999999,111.74904436533902,0.8231434597922777,0.9561659848042079,3.9072137091420673
ID7784,7784,12,832.0,413.5414912808178,260.5412908398477,0.0,4.0,4,16.268825106989805,1,,1002.3706377858002,1011.0,410.0,1628.0,832970.0,246.14720310142263,0.6536981723850945,3.2194705081214634,0.1994176099464249,0.18580221300936525,18.726909171600038,15.151552728048385,-0.8468104405462358,1.2359729400494375,831.4999999999998,116.1683850861004,0.7742767410990825,0.9535550458715593,4.028624831364317
ID7786,7786,12,835.0,414.24192897497977,260.6182405165456,0.0,2.0,2,16.214930341750197,1,,982.2784503631962,992.0,452.0,1547.0,811362.0,227.84515729930973,0.6440867888647812,3.3778819001908174,-1.290518068171935,1.3201459111466656,20.9480781903877,14.291977329466294,2.2706093348609797,1.4657228812697793,826.0000000000001,116.2473547296771,0.7681105906954919,0.9413105413105414,4.044762775489401
ID7789,7789,12,824.0,415.0514303104078,261.985899776831,0.0,8.0,8,16.170701020672663,1,,1033.7917174177833,1045.0,355.0,1752.0,848743.0,248.38675925905866,0.6620899394922453,3.3158667575207352,0.1037143467639947,-0.019827801109050063,18.88812396091644,15.2462566488392,-0.9198361440041918,1.2388696055667225,821.4999999999995,113.11040833089422,0.8068862065123119,0.9480669359492204,3.9463789534876508
ID7981,7981,12,820.0,417.057860484035,263.7491356518202,0.0,16.0,16,16.15100466620007,1,,1045.3536585365853,1065.0,435.0,1627.0,857190.0,249.48358736620162,0.6691746871114714,3.3596108367787108,-0.17303446056352562,-0.03996021889600363,18.249817620994197,14.779354639102818,-1.0171879512695874,1.2348183034128783,819.5000000000001,111.32683857575705,0.830919726250688,0.9573598130841123,3.888887656951074
ID7790,7790,12,830.0,413.2274734095926,260.4056793096528,0.0,3.0,3,16.259039346641554,1,,992.6197352587244,1005.0,414.0,1628.0,824867.0,240.57733229643563,0.6497880524058294,3.250137720465175,-0.729306361060206,0.9885387332320456,20.028513714016196,14.338158062440478,-0.8121489898769735,1.3968679677539537,830.5000000000002,113.91929325808641,0.8041830902168139,0.9421440726035171,3.9530059095779513
ID7791,7791,12,818.0,414.1868501529052,260.6777777777778,0.0,6.0,6,16.13128426242774,1,,1028.6691176470588,1037.0,440.0,1661.0,839394.0,253.88526141813642,0.655543630674959,3.2087004774965457,-0.6633312064814393,0.3154811638087253,19.135038599443284,14.932664737199223,-0.940961938359035,1.281421563813416,817.4999999999999,111.19530598890448,0.8308540033644665,0.9600704638872577,3.8890414648798566
ID8304,8304,12,821.0,421.67086146920406,266.939328831594,0.0,23.0,23,16.101658371009414,1,,1076.2288861689105,1113.0,434.0,1834.0,879279.0,259.84010495872025,0.6784892291693191,3.348519682822895,-0.3881497938346797,0.2863729353220186,18.73185952759766,14.670211264991657,-1.1931508220321048,1.2768636517388499,814.5000000000001,109.49794966438816,0.8536679534436954,0.9639053254437873,3.836722975796902
ID7859,7859,12,834.0,414.79810945273636,260.59512437810946,0.0,1.0,1,16.32741650350492,1,,970.6117084826762,978.0,421.0,1529.0,812402.0,231.23434850759762,0.6416022581842747,3.281112475364197,-0.7428793276993856,0.7085240091748203,20.71189758929645,14.432129521916961,2.205363293794485,1.4351241483692956,837.5000000000003,115.54362143979861,0.7883203341900074,0.951704545454546,3.9925794535667
ID8564,8564,12,853.0,415.090318772137,259.7650531286895,0.0,0.0,0,16.419758633965074,1,,966.6382978723404,972.0,418.0,1579.0,817776.0,232.53147987979514,0.6484171601271325,3.270390486078856,-0.35888360222442306,-0.03683815382877932,19.93415206252249,15.248925239816138,-0.9631125263491818,1.3072496421238171,846.9999999999997,116.2628945885591,0.7874282863394455,0.9581447963800901,3.994840334881099
ID7988,7988,12,831.0,417.4420466058764,264.37152988855115,0.0,18.0,18,16.180540206870965,1,,1057.1082725060828,1082.0,423.0,1686.0,868943.0,252.71728477018806,0.6733596281187431,3.3664510792746287,-0.19369811238826062,0.27292048903049315,18.16380831369026,14.722134125764962,-1.0425843997004383,1.2337754946751966,822.5000000000002,111.90207879819617,0.8254094974468926,0.9603035610040865,3.901846689177476
ID8052,8052,12,832.0,418.9924423229913,265.8731105807478,0.0,20.0,20,16.332289631953522,1,,1051.0928571428572,1085.0,426.0,1690.0,882918.0,262.48963145909465,0.6759070591909483,3.229951337533678,-0.6682328975424277,0.42506584753524135,18.713864702366465,15.278375398126716,-0.9918536664740285,1.2248595949973171,837.9999999999998,109.72702053648631,0.8746347114160193,0.9710312862108921,3.790457028100816
ID8118,8118,12,797.0,419.7118912080961,266.3142525827535,0.0,21.0,21,15.862659456354935,1,,1082.2550761421319,1108.0,472.0,1827.0,852817.0,248.80656369324933,0.6739945879797216,3.5026775083976194,-0.25891925207706395,0.08827114060238579,18.223857923564225,14.293090229760647,-1.0918089680414558,1.2750117455789267,790.5000000000002,108.52698635241485,0.8434051556320505,0.9634369287020113,3.8599955702466997
ID7993,7993,12,830.0,417.57757065544195,262.86139506915214,0.0,13.0,13,16.26882510698981,1,,1030.9807692307693,1045.0,355.0,1635.0,857776.0,247.24952851918144,0.6657144330339889,3.3329784988981714,-0.3858306783124757,0.29858412684869506,18.62731293593192,14.605996575359338,-1.0069901220469397,1.2753195469973364,831.5,113.92241062384774,0.8051073385628335,0.9524627720504008,3.950736269148917
ID7933,7933,12,828.0,416.9282267792521,263.84418978689183,0.0,17.0,17,16.244349652921244,1,,1052.4366706875753,1068.0,459.0,1743.0,872470.0,246.34221691050135,0.673520825261155,3.438800885039314,-0.6100612259010987,0.08611666612815347,18.9620678147023,15.206684276021255,-1.0219849938909575,1.2469561063092987,829.0000000000001,110.11709141322787,0.8591221799796863,0.9611594202898551,3.824524666935304
ID8063,8063,12,822.0,418.15594660194176,265.2107605177993,0.0,19.0,19,16.195287778099022,1,,1053.776299879081,1069.0,427.0,1728.0,871473.0,252.30518727285667,0.671945036033884,3.3570978250795167,-0.3039004872633335,0.30149327056378306,18.34124673104765,14.753384694237496,2.1467873628917413,1.2431890790600433,824.0,111.80088175856524,0.8284124518596477,0.9603729603729604,3.894768267405295
ID7872,7872,13,501.0,31.713266998341624,502.00580431177445,0.0,6.0,6,12.647162440933334,1,,1173.654,1177.0,476.0,1771.0,586827.0,264.0439901635388,0.49109742908153314,2.9278945482810643,0.2866237301579606,1.5436153375826691,15.043779592192335,12.31176162594995,0.47213338291999474,1.2219030914701932,502.5,84.35354345124343,0.8874405488130058,0.9940652818991098,3.76300935271473
ID8320,8320,13,399.0,26.177070328755722,504.22742405326676,0.0,27.0,27,11.290841838260253,1,,1189.76,1170.0,469.0,1846.0,475904.0,273.97035750602646,0.504713196713331,2.9132430126333517,0.2293497132204494,2.9757088320554255,15.047054864611395,12.080134899894626,0.3177938175088636,1.245603214641473,400.5,80.27657974067145,0.7809705606297247,0.9925650557620816,4.011322693322429
ID8448,8448,13,396.0,22.468972746331236,503.84591194968556,0.0,34.0,34,11.248474552491853,1,,1271.0757575757575,1253.0,442.0,1973.0,503346.0,334.09700602689253,0.5067664654570598,2.559120701807007,0.5100230878873628,2.9150974003597225,14.484553924537376,12.057144094915373,0.6164408624786956,1.2013254391349333,397.5,78.54648399877284,0.8096428749130085,0.9900373599003734,3.9396549185054712
ID8321,8321,13,384.0,24.95352356247298,504.24621703415477,0.0,28.0,28,11.077385121221132,1,,1200.2927461139896,1176.0,493.0,1837.0,463313.0,277.6630393620368,0.5001257917073405,2.8823762975989293,0.38528971496590236,2.2735617155229444,14.334790684645068,11.269033942910701,0.30429303397857005,1.2720514249283117,385.50000000000006,77.79899353088013,0.8003616835969214,0.9884615384615387,3.96243168223289
ID8263,8263,13,417.0,25.971554487179485,503.7303685897436,0.0,26.0,26,11.507254783503184,1,,1209.3100961538462,1189.0,580.0,1789.0,503073.0,262.078444053648,0.49290757268702773,3.046975358868259,0.14626975372962733,2.1745746365347776,14.298202812102273,11.848867322504162,0.2616155878456066,1.2067147367703384,415.99999999999994,80.24690400347048,0.8117954686003017,0.9857819905213269,3.9344281674913746
ID8327,8327,13,360.0,24.49540863177227,504.6776859504132,0.0,31.0,31,10.74925526186424,1,,1186.2936288088642,1151.0,517.0,1807.0,428252.0,275.4042830062453,0.49351401572979514,2.846699939723354,0.42843893525675786,3.4392579298733033,14.469699499073148,12.154775778667826,0.43762895952581626,1.1904538399192945,363.0000000000001,76.48460214501004,0.7797734878916356,0.991803278688525,4.01440051248027
ID7881,7881,13,466.0,30.814102564102566,502.63461538461536,0.0,9.0,9,12.205286835384657,1,,1201.62660944206,1210.0,554.0,1766.0,559958.0,260.33531326622915,0.4884148302771163,3.029223409828706,0.25346191166959287,2.288581955222017,14.79251759809415,12.813303107825321,0.5921922250719948,1.1544655951407319,467.9999999999999,83.15062634283605,0.850598607106661,0.989429175475687,3.8436390623851553
ID8458,8458,13,437.0,21.793560606060606,502.9026515151515,0.0,36.0,36,11.834540545406394,1,,1296.472602739726,1266.0,504.0,2052.0,567855.0,323.8231541666623,0.5068204527867851,2.6932586708825097,0.3257150000720429,2.579549335723687,14.312668518984639,12.944050825305398,0.8345146173410702,1.1057333374343383,440.0,80.513770172999,0.8529473286043062,0.9898762654668165,3.8383433889536085
ID8331,8331,13,401.0,24.564664163537756,504.1257822277847,0.0,30.0,30,11.276737095916724,1,,1191.4110275689222,1158.0,528.0,1837.0,475373.0,282.64693155647063,0.507076260677291,2.8365169708176468,0.2878113740005328,2.991492698704237,14.402473495005841,12.557911418741714,0.30524935807663905,1.1468844630892412,399.49999999999994,79.45687514068678,0.7951767717325927,0.9900867410161089,3.9753291146481105
ID8271,8271,13,430.0,25.387351018838906,503.46347558631294,0.0,24.0,24,11.746801082025405,1,,1229.4675925925926,1226.0,401.0,1853.0,531130.0,285.94945258657555,0.4885105045492974,2.8221481916608955,0.16153580991884367,1.8461845491595221,14.63434524140181,11.606366106784247,0.2206099551416293,1.2608895072547837,433.49999999999994,80.6357533437889,0.8378063937798039,0.98972602739726,3.8728715826903
ID8272,8272,13,415.0,26.257869249394673,503.96004842615014,0.0,25.0,25,11.465687201119065,1,,1200.4289156626505,1207.0,452.0,1752.0,498178.0,265.75412546282735,0.4680308925832903,2.880220609765149,0.2812378511584073,2.729486875533343,14.725419322474025,12.46116973334378,0.30093900620078995,1.1817044176094906,412.99999999999994,80.58040822414496,0.7992837604944734,0.9880382775119616,3.96510267205365
ID8081,8081,13,445.0,28.49925428784489,502.90902311707686,0.0,13.0,13,11.92830747106036,1,,1238.8026905829597,1250.0,517.0,1984.0,552506.0,294.1230982710551,0.4854621137328416,2.7529401276005236,0.32932951981142355,1.772349747049651,14.309982201186621,12.1265888977692,0.43911238709860484,1.1800500801852924,446.9999999999999,81.53878755240927,0.8448680528772506,0.9834983498349834,3.85665231247542
ID8337,8337,13,434.0,25.583524027459955,503.42562929061785,0.0,23.0,23,11.79412651544473,1,,1221.3279816513761,1224.0,432.0,1881.0,532499.0,288.4105634339435,0.48913834021147573,2.781940263205297,0.05001234565495688,1.8923462839369973,14.502078440091589,12.01354024088055,0.178655781716464,1.2071444511204832,436.9999999999999,80.85818009147323,0.8399305475601102,0.9886877828054296,3.8679713069465533
ID7891,7891,13,456.0,35.41620929381632,503.1326381266008,0.0,1.0,1,12.041185703937828,1,,1111.021978021978,1116.0,493.0,1744.0,505515.0,254.52541905125182,0.48144231996419656,2.8371415299206064,0.36478398904068804,2.0015309997303876,15.297766531311126,11.870177524113396,0.4160619773698204,1.2887563391730943,455.5000000000001,82.26522425180777,0.8457960907265389,0.9934569247546349,3.854535903047464
ID7957,7957,13,407.0,26.32738827388274,503.91574415744157,0.0,17.0,17,11.3751030207955,1,,1251.963054187192,1254.0,445.0,1942.0,508297.0,276.20535590686245,0.4955319306649207,3.0037609519196757,0.3470553612902212,2.0292232781419104,14.546209018565563,11.242830581526324,0.2544376977422494,1.2938208855043312,406.5,79.67102846520747,0.8047659020271676,0.9902557856272838,3.9515742660468107
ID8405,8405,13,427.0,22.19075369075369,503.15384615384613,0.0,35.0,35,11.68567247413884,1,,1291.1484918793503,1287.0,428.0,1961.0,556485.0,319.89081166431646,0.519559549884065,2.760082285183295,0.17978496522648119,2.4354668945525377,14.467767199378107,12.25908644770808,0.6663403798298668,1.1801668306273307,428.9999999999999,80.72476477100881,0.8272820091610293,0.9862068965517238,3.897428369564359
ID8087,8087,13,426.0,27.638921684376232,503.8026367571822,0.0,15.0,15,11.610522675523068,1,,1218.781990521327,1238.0,440.0,1936.0,514326.0,315.2039190012526,0.49133003415338383,2.547791965133369,0.17381644815827163,2.7858585482838722,14.545495688751073,12.601985172510958,0.28230373596289793,1.1542225680823324,423.5,81.25347671308998,0.8060822777117543,0.9837398373983741,3.94834638109867
ID8537,8537,13,442.0,21.04443194600675,502.8910761154856,0.0,39.0,39,11.894904136170872,1,,1303.8220720720722,1304.0,543.0,1910.0,578897.0,284.37524467260556,0.5039589052595481,3.0726683789865277,0.33908377803298284,2.250705147626294,14.193956511761261,13.202540407339693,0.7694955937644553,1.0750928286400403,444.49999999999994,80.58553037652128,0.8601367272987951,0.9932960893854749,3.822268452324035
ID8094,8094,13,412.0,26.59286293592863,503.8815896188159,0.0,20.0,20,11.437891554894984,1,,1233.6919315403422,1241.0,505.0,1883.0,504580.0,284.40204378356657,0.48188405224657643,2.8211900049969967,0.18230447176155753,2.3636941774015714,14.5928745286299,11.734718198945403,0.25886609134820354,1.2435641215433157,411.0,80.95581206730998,0.7880533486356308,0.9774078478002378,3.993255721722516
ID8161,8161,13,379.0,24.92137538326763,504.3598335523434,0.0,29.0,29,11.00531288482669,1,,1194.7684210526315,1148.0,416.0,1858.0,454012.0,277.05008272965426,0.49596456613567647,2.8594650295319464,0.23978108297872208,2.1959773172698127,14.24672806061471,11.193020558328977,0.2472956656424311,1.2728224688208405,380.5,77.4723046228518,0.7966573627886118,0.9844760672703751,3.971633313752896
ID8036,8036,13,401.0,26.93570536828964,504.0788597586351,0.0,16.0,16,11.290841838260253,1,,1215.0375,1245.0,511.0,1893.0,486015.0,256.98035596545196,0.5041258565546963,3.169381707996657,0.1326121335501475,1.7659883630498339,14.672383620370484,11.027939773470623,0.19440300179724743,1.3304736806476876,400.49999999999994,78.8872063159701,0.8087219518067378,0.9888888888888887,3.941897399344938
ID8100,8100,13,436.0,26.11302681992337,503.4655172413793,0.0,19.0,19,11.767106717028996,1,,1213.1244239631337,1242.0,440.0,1823.0,526496.0,276.0415308358567,0.5003051362116834,2.9310031175265925,0.15877150203088952,1.6444476493218605,14.888438159159538,11.400138424937818,0.16711215822179737,1.305987489291451,435.0,81.63045798802624,0.8203414475782257,0.9863945578231291,3.9138808888703007
ID8357,8357,13,354.0,24.628819934179592,504.65467795016457,0.0,32.0,32,10.622657607781294,1,,1251.09604519774,1214.0,525.0,1953.0,442888.0,309.02008485777264,0.4982290874746254,2.692680305075386,0.5037924282924039,2.966090998969607,14.125154984926988,11.325522369390756,0.4554943131297004,1.247196775938807,354.5,76.10910151391663,0.769047055162848,0.9819944598337952,4.0422993823952496
ID8106,8106,13,423.0,28.032625786163525,503.47680817610063,0.0,14.0,14,11.617374563210365,1,,1235.6305882352942,1252.0,535.0,1848.0,525143.0,280.61768544214726,0.49474964934076615,2.914879749716876,0.42558384563166335,2.3334963051956517,14.471523614235597,12.053142137667377,0.4376653958163135,1.2006432388290282,424.0,80.12397839624029,0.8299476704181982,0.9906542056074767,3.8911643726043526
ID8554,8554,13,438.0,20.862599771949828,502.88084378563286,0.0,38.0,38,11.814350811263063,1,,1300.503416856492,1296.0,532.0,1949.0,570921.0,299.6204209959597,0.504385265286724,2.910538867187805,0.30484462831028264,2.188769747891484,13.931443635825527,12.537017424870362,0.5835136675866229,1.1112247166689715,438.5,81.23774537496905,0.8349562851805856,0.984287317620651,3.879475941053627
ID7853,7853,13,493.0,31.264745534209638,502.3682170542636,0.0,7.0,7,12.546084597111742,1,,1167.0647773279352,1180.0,447.0,1750.0,576530.0,280.643920287202,0.4866742335146269,2.722650266961612,0.25252878934206824,1.5462349369291932,15.013263029719138,12.733315249583049,0.34937841118118285,1.1790537448769083,494.50000000000006,85.23502443022387,0.8553423589071101,0.9929718875502009,3.832965780259559
ID7855,7855,13,464.0,32.59569892473118,502.7125448028674,0.0,5.0,5,12.166104433032894,1,,1173.1788793103449,1170.0,578.0,1776.0,544355.0,256.19957188267625,0.48098242656501206,2.9743709831065894,0.193039480102698,1.8641073542853412,14.85861141275027,12.364509489440698,0.4761518871956171,1.2017145868535697,464.99999999999994,82.6196357308787,0.8560443500121495,0.9851694915254237,3.8313938641945033
ID7920,7920,13,461.0,30.78066378066378,502.79040404040404,0.0,10.0,10,12.126795430653198,1,,1177.291576673866,1188.0,411.0,1746.0,545086.0,263.93065974608226,0.4805189769695728,2.8954812326448995,0.3506443032382271,2.2783527819336387,15.129366358757947,12.585425884241243,0.5939643609244599,1.2021338409931825,462.0,82.80151830097924,0.846789060591351,0.9850746268656716,3.85227526880406
ID7921,7921,13,472.0,30.401403508771928,502.44701754385966,0.0,11.0,11,12.29622689841484,1,,1202.6821052631578,1239.0,483.0,1721.0,571274.0,256.05343339828914,0.4783115635644717,3.0394510083399013,0.31374685952106196,1.9009045443111718,14.68833197815519,12.548194111667808,0.5702714370787989,1.1705534555364743,475.0000000000001,83.40170055716563,0.8581311393938784,0.9875259875259877,3.826732467874998
ID8177,8177,13,422.0,26.152482269503547,503.66036249014974,0.0,22.0,22,11.603666741842572,1,,1231.448113207547,1243.0,502.0,1888.0,522134.0,286.0531405047829,0.4874931482270507,2.8217136253404207,0.12760643113984266,2.4378760697107023,14.521942179863423,12.13159991056675,0.2243883805949897,1.1970343802069057,422.99999999999994,80.40020945067205,0.8223105669864162,0.9883177570093457,3.9091919559837405
ID8500,8500,13,449.0,21.202922678505363,502.8381428042915,0.0,40.0,40,11.974915604120044,1,,1300.6238938053098,1290.0,479.0,1939.0,587882.0,291.1164991921238,0.505495044649915,3.0002156769477675,0.1550854466169171,1.976111424059883,14.600474287174235,12.22364311452632,0.5499856663876896,1.1944453998189246,450.50000000000006,81.89260066103537,0.8441416577792191,0.9846994535519127,3.8583113059014664
ID8501,8501,13,443.0,21.665130568356375,502.5860215053764,0.0,37.0,37,11.753573524837677,1,,1294.7241379310344,1285.0,519.0,1985.0,563205.0,324.7223801735921,0.5142801503311096,2.708248750485891,0.11073226398832041,2.9008066847252127,14.38625447116188,12.893780090985516,0.8773156483101019,1.1157514995326936,434.0,81.14524965874382,0.8282727854274429,0.9863636363636363,3.8950966287061752
ID7863,7863,13,462.0,33.906407487401005,502.7728581713463,0.0,3.0,3,12.139912573947766,1,,1146.5043103448277,1134.0,459.0,1721.0,531978.0,254.82474387188574,0.4744670220353346,2.8955766086924988,0.3254578348169124,2.086922299923572,14.82481536724639,12.794521266043217,0.5769036518019827,1.1586846478259092,463.0,82.9769683010412,0.8450370074165598,0.9924973204715969,3.8562667485995057
ID7864,7864,13,462.0,34.93290043290043,502.76262626262627,0.0,2.0,2,12.126795430653198,1,,1135.058568329718,1140.0,557.0,1686.0,523262.0,243.6111451484815,0.474772604058546,2.9999340213032224,0.17950242287549206,1.9310564174715454,14.99990657424588,12.220933867117939,0.5029308536703151,1.2273944640683425,462.0,83.62084794600683,0.83027642236664,0.9871794871794872,3.890393933694538
ID7866,7866,13,478.0,30.90389294403893,502.40649982620783,0.0,8.0,8,12.354334883963912,1,,1200.2546972860125,1203.0,498.0,1815.0,574922.0,286.94239696789356,0.48925168433396693,2.748355560503969,0.17783803602835388,1.615784223542808,14.583727453183473,12.4505868020916,0.40361478189441385,1.1713285233057065,479.49999999999994,83.66218076774206,0.860875035296856,0.987641606591143,3.820629064160908
ID8058,8058,13,462.0,29.6731884057971,502.7905797101449,0.0,12.0,12,12.100518486599807,1,,1221.6334056399132,1256.0,480.0,1796.0,563173.0,273.25171165999217,0.48485799932142376,2.9196960798876,0.2536245418907391,1.596336050268764,14.525190586965229,12.435187684793988,0.374287766059473,1.1680716813568437,459.99999999999994,81.62351285568685,0.8676351385743494,0.996749729144095,3.805715910169653
ID7867,7867,13,469.0,33.165248226950354,502.67021276595744,0.0,4.0,4,12.231338704589191,1,,1144.7313432835822,1140.0,500.0,1663.0,536879.0,258.94554483657976,0.47727145936755105,2.8564740536324553,0.5622742655038739,2.920644882313038,15.32416003328312,13.090675342201415,0.7113574004317509,1.1706164603961606,470.0,84.52901735808675,0.8266012947656399,0.9842931937172775,3.899032824842518
ID8379,8379,13,365.0,23.112488521579433,504.44536271808994,0.0,33.0,33,10.749255261864239,1,,1270.418732782369,1209.0,516.0,1987.0,461162.0,329.19136801438964,0.5050015668846648,2.5899072982051927,0.03581000742999568,2.202896289023879,14.38214478638508,11.29729315943362,0.371166637691584,1.2730611291940765,363.0,75.90757892646538,0.791673685119969,0.9918032786885246,3.9841146478843226
ID8573,8573,13,459.0,35.77223427331887,503.01879971077364,0.0,0.0,0,12.11366408361762,1,,1101.1363636363637,1089.0,468.0,1667.0,508725.0,246.48134841673905,0.4885836550594649,2.9325993058705953,0.35523980291285784,1.8115115894048412,15.04966369804305,12.151244179026003,0.3503638123488124,1.238528621128357,460.99999999999994,82.66190943962356,0.847812710779382,0.9903329752953811,3.8499489452637943
ID8062,8062,13,421.0,25.63879003558719,503.8582443653618,0.0,18.0,18,11.583074592976935,1,,1204.0047505938242,1220.0,377.0,1820.0,506886.0,280.5365182513968,0.4953750215911979,2.843497009109446,-0.571729834486154,1.623939776518865,15.814868922470795,10.92009253981845,0.15573628104871823,1.4482357969773874,421.5,81.4198151933317,0.7990008078465788,0.9894366197183099,3.9658046969941125
ID8127,8127,13,411.0,26.075353535353536,503.83050505050505,0.0,21.0,21,11.458744610593852,1,,1219.3592233009708,1218.0,494.0,1785.0,502376.0,286.21034595002965,0.4823051325162636,2.772430103776903,0.19618867899459963,2.0245385915017824,14.366741445489886,11.782558077179264,0.22717168216711278,1.2193227779047175,412.5,79.69453028827179,0.8161627816234543,0.9880239520958085,3.9238874224323865
ID8511,8511,13,489.0,20.903865717192268,502.10562902678873,0.0,41.0,41,12.50796982165104,1,,1297.3788187372709,1312.0,471.0,1979.0,637013.0,291.39461125560615,0.5211565339446022,3.0507706713421965,-0.03471693532287251,1.6830417273632405,14.545177816858557,13.0229753555796,0.5008929978904723,1.1168859204380495,491.50000000000006,84.21573186335233,0.8708571700026689,0.9929292929292931,3.7986691178219125
ID7937,7937,14,735.0,416.0206779661017,72.49954802259887,0.0,18.0,18,15.321669003752353,1,,2128.2638700947227,2176.0,584.0,3951.0,1572787.0,552.4551062035432,0.6624137755596351,3.0700730021553397,0.036156624137314096,-0.037676256420613584,17.614427508208003,13.875491415132819,1.4828629470721937,1.2694633279076115,737.5,100.50009652877142,0.9175694190876214,0.9833333333333335,3.7007135184287345
ID8130,8130,14,710.0,417.7962702322308,74.33462350457424,0.0,29.0,29,15.038589499470463,1,,2306.3887323943663,2392.0,568.0,3449.0,1637536.0,528.1844742141989,0.6580395840928194,3.466043402369392,0.044767899841867596,0.042125637847569036,16.255995495095913,14.191122588046484,1.1868861356055223,1.1455045500620733,710.5,98.0963473722419,0.9278297057100305,0.9827109266943291,3.680194700004943
ID8514,8514,14,296.0,401.28170594837263,65.17003367003367,0.0,39.0,39,9.723067221642863,1,,2665.238255033557,2593.0,655.0,4408.0,794241.0,960.811077271902,0.784739712678181,2.4393761661376994,0.10151568552829708,-0.002875025847014161,11.73765763167848,8.345427110210377,-1.1387398808655855,1.4064777604153793,297.00000000000006,63.60497999915363,0.9225375931309842,0.9949748743718593,3.690735275120568
ID7750,7750,14,746.0,421.1914822266935,68.44433266264252,0.0,9.0,9,15.404545437954864,1,,1993.8619302949062,2019.0,637.0,3752.0,1487421.0,507.17341299012725,0.5208675562624966,2.692802547859749,0.0587065606061235,0.08049085595877296,17.586668903945405,13.689008556327032,1.7737482981486314,1.2847291921529906,745.5000000000001,100.7394292205329,0.9231208071777813,0.9861111111111113,3.6895692149885857
ID7942,7942,14,709.0,417.0741784037559,67.98615023474179,0.0,13.0,13,15.033297016639146,1,,2125.0728291316527,2185.0,549.0,3572.0,1517302.0,544.5078766997385,0.6164033207118251,2.9765616593183344,-0.1369381798629439,0.0926430940899453,17.12085176202344,13.63343398614903,1.6788947167873156,1.255798926331948,710.0000000000001,100.00492723640127,0.8921243972975357,0.9779614325068874,3.753118041091068
ID7880,7880,14,730.0,419.5604608715492,69.05213324207165,0.0,11.0,11,15.248782635255154,1,,2044.9085948158254,2074.0,673.0,3614.0,1498918.0,522.6504291989773,0.5723158981882797,2.8483187518951385,-0.12197902870422277,-0.058009803383434186,17.52190655629104,13.452573640568806,1.725405565537719,1.302494751149355,730.5,100.69513851489232,0.9053428519120832,0.9811954331766287,3.7256186033272902
ID8136,8136,14,746.0,416.66767135521326,72.83712882339807,0.0,22.0,22,15.414873662673976,1,,2152.1327077747987,2222.0,551.0,4063.0,1605491.0,541.4440521047745,0.6652711169381376,3.1758441032184543,0.05877201962694025,0.14806263095227803,17.675729683646033,13.770569811644753,1.447828850721193,1.2835873842125962,746.5000000000001,100.97611622367515,0.920030766417712,0.9874338624338624,3.6957599658084224
ID7945,7945,14,734.0,415.8877921488541,72.61459042432493,0.0,16.0,16,15.29047453161589,1,,2108.891008174387,2156.0,487.0,3624.0,1547926.0,566.0719434228273,0.6276982090028852,2.8733564454858493,0.24067099405812947,-0.06373789861561202,17.396705833903365,14.07632390171544,1.328457386894253,1.2358841665886418,734.4999999999999,99.54142027542655,0.9315238915010801,0.9918973666441591,3.672890094733384
ID8009,8009,14,722.0,416.3285714285714,72.52369337979094,0.0,19.0,19,15.112489647204718,1,,2173.6396648044692,2189.0,657.0,3861.0,1556326.0,502.0393028293125,0.6593769910330058,3.4408722825996536,0.4554039151809024,0.12067241383579631,17.055553282115167,14.09246850327596,1.521187857292958,1.210260166850854,717.5,99.3648445689531,0.9132007391976589,0.9849004804392587,3.709554916850807
ID7882,7882,14,735.0,420.4015047879617,68.29958960328317,0.0,10.0,10,15.254000354017007,1,,2025.3756830601094,2063.0,655.0,3718.0,1482575.0,512.9633599008449,0.5607166298527964,2.837060653012806,0.14125869623212708,0.08944293312081893,17.300613294601064,13.970566697666715,-1.3449542306258726,1.238361597564293,731.0,100.73385825064851,0.9052661976226163,0.9831876260928042,3.725776335164803
ID8396,8396,14,420.0,402.9071879936809,71.8870458135861,0.0,34.0,34,11.589942707777277,1,,3713.475059382423,3539.0,1014.0,7719.0,1563373.0,1752.6174459580404,0.7961416109838142,1.8783353229515716,0.031831683179476745,0.08221728809570994,13.637717170198034,10.15775807737075,-1.1617530788916148,1.342591255503502,422.0,75.64192533881487,0.9268237750815574,0.9929411764705882,3.6821913129060606
ID8461,8461,14,232.0,394.85425685425685,66.4062049062049,0.0,37.0,37,8.574939283076915,1,,3432.4086956521737,2996.0,987.0,7663.0,789454.0,1820.874015846084,0.7946845353495589,1.669382020729601,-0.13086571727655294,-0.021910283495092737,10.422386920538308,7.3078357110529515,-1.2432644158830128,1.426193380999885,230.99999999999994,56.921411025752604,0.8959226771110974,0.982978723404255,3.7451538863895615
ID8206,8206,14,736.0,418.06480218281035,76.31150522964984,0.0,28.0,28,15.2748534059322,1,,2220.158038147139,2280.0,671.0,3542.0,1629596.0,532.5066744614015,0.6718239019490417,3.3508404626903308,0.02463240966335111,-0.0015613822385739744,17.169388819269862,13.785778430358482,1.218790554874789,1.2454420986093997,732.9999999999999,99.51334324705532,0.9301461752831801,0.9885367498314225,3.6756091984618733
ID8530,8530,14,226.0,398.47842261904765,66.81696428571429,0.0,38.0,38,8.444016491289505,1,,3390.3497757847535,3313.0,1061.0,5724.0,756048.0,1273.705781429269,0.7914365727351894,2.351906544275092,0.004465441855194479,-0.16479820937247913,11.360196084248743,6.546227783641476,1.8504358689458624,1.7353805061041423,224.0,58.16292925804413,0.8320804932806867,0.9718004338394793,3.8861741766923394
ID8211,8211,14,701.0,417.70981507823615,75.83143669985775,0.0,27.0,27,14.959005648344572,1,,2281.266381766382,2315.0,777.0,3637.0,1601449.0,484.7593181747181,0.6646875832501556,3.7580681890206167,0.20356222143920577,-0.0062041198079666,16.771452444468622,13.730516399115304,1.2432348758344027,1.221472809686113,702.9999999999999,98.92734755746535,0.9026771711132984,0.9784272790535835,3.7311155789360315
ID8339,8339,14,480.0,413.2892720306513,75.8521421107628,0.0,32.0,32,12.341445642182435,1,,3371.2719665271966,2834.0,885.0,8148.0,1611468.0,1877.6786075185532,0.8141415196984774,1.6115035518414378,0.13112787091170633,0.05891266421056964,14.367014142618618,10.883612826149658,1.425105477234368,1.3200592828972673,478.5,81.11153652371534,0.9139586535672832,0.9815384615384617,3.7080164949088634
ID8470,8470,14,318.0,403.04516640253564,65.35525620707871,0.0,41.0,41,10.021315736518133,1,,2515.9398734177216,2550.0,965.0,4044.0,795037.0,806.9252475313161,0.7917882653546315,2.7556199645368324,-0.06868938360441262,0.037970999341201225,12.306678699903177,8.414185522743576,-1.4430650147722908,1.462610809642618,315.50000000000006,67.38832987742543,0.8730514567286808,0.9782945736434112,3.7938924158409266
ID8215,8215,14,454.0,410.1953959484346,72.65211786372008,0.0,31.0,31,12.001467556018525,1,,3311.193832599119,3167.0,1130.0,6628.0,1503282.0,1404.6788835452735,0.7883821816746704,2.0783276351889906,0.022674292272795868,-0.1472067690915234,13.602184116547392,11.015836920126203,0.726460357371533,1.2347844485329906,452.5,79.45817203296997,0.9006401592993852,0.9668803418803419,3.7353325982426293
ID8410,8410,14,149.0,397.6244444444444,71.49333333333334,0.0,36.0,36,6.90988298942671,1,,4753.794701986755,4781.0,1871.0,7357.0,717823.0,1526.9100489458258,0.6945763582567573,2.55220654722159,0.03438521803091567,0.05173655676883786,8.684373169467557,5.788485411191006,-1.3180444265186178,1.5002841939754858,150.0,47.164141473172265,0.8473781401022492,0.9615384615384616,3.850936025523672
ID8220,8220,14,677.0,416.94485566247226,75.1508758943992,0.0,30.0,30,14.663503268903739,1,,2441.4970326409493,2532.0,515.0,3744.0,1645569.0,630.4889191005396,0.7056839353284191,3.2042058578761883,0.3022382183835286,0.13779581844773758,16.417598902629663,13.78669322082926,0.9716871862538534,1.1908293482461456,675.5,97.99943526429023,0.8838693444006369,0.9677650429799427,3.7706037606256677
ID7965,7965,14,738.0,418.090990990991,68.86936936936937,0.0,12.0,12,15.347615963921077,1,,2049.0053908355794,2112.0,619.0,3783.0,1520362.0,533.6183162086006,0.6003717340113556,2.880989884733953,-0.073786689589631,-0.0211618727825051,17.83684986346127,13.582121892224391,-1.4355821306816843,1.3132594453943653,740.0,100.25841822085451,0.9251238701953949,0.9886439545758184,3.6855727531984237
ID8029,8029,14,704.0,416.98958333333337,69.86647727272727,0.0,14.0,14,14.969641274038217,1,,2171.0813124108417,2202.0,674.0,3737.0,1521928.0,530.8113578895621,0.602164531559391,3.0744960256496574,0.03576143202336647,0.023649889607150143,16.975352221069834,13.522161579245942,1.4823152504740162,1.2553726799954759,703.9999999999998,98.48437963045471,0.9121112577386822,0.9825540823447312,3.711769715285665
ID7967,7967,14,715.0,416.6367759944173,71.09525471039777,0.0,15.0,15,15.101954623514336,1,,2151.1885474860337,2194.0,456.0,3953.0,1540251.0,555.3400036418052,0.603063836151626,2.914486064399991,-0.041544471414584984,0.02793424388063697,17.04405532859647,13.669827752206185,1.4667525703850393,1.2468376074340597,716.5,99.04744072730367,0.9177820131474168,0.9815068493150684,3.7002848789122167
ID8416,8416,14,325.0,402.39349718381976,64.81285202252944,0.0,40.0,40,10.178893257757638,1,,2484.634969325153,2520.0,881.0,4092.0,809991.0,848.5161556167416,0.7728673935800955,2.5530610854830424,0.03745329269623101,-0.015825444422759277,11.809919810054234,9.037775884427823,1.5912877247636066,1.3067285536923794,325.50000000000006,66.41022327817629,0.9274510049852122,0.9908675799086761,3.680945979669484
ID7720,7720,14,760.0,421.46997589305283,67.71696252465483,0.0,7.0,7,15.558748935655874,1,,1949.3447368421052,1980.0,509.0,3773.0,1481502.0,498.4336832512461,0.4655654051612046,2.4847732260044397,-0.08427288039840472,-0.06956491549675625,17.842089491311697,13.861249896993456,-1.2719954226955805,1.287191964931077,760.4999999999999,102.12065751831831,0.916393241575034,0.9793947198969736,3.7030876630990703
ID8168,8168,14,713.0,417.27512856474993,74.10892940626461,0.0,26.0,26,15.065024024177417,1,,2247.67972027972,2294.0,566.0,3610.0,1607091.0,518.3508130064612,0.6542787868354392,3.4300051949012165,0.19717413658963748,0.04843231205710027,16.9548343588387,13.70533602277721,1.2779652633266787,1.237097312365131,713.0,99.53796666740917,0.9043194343018764,0.9800687285223366,3.7277261470774445
ID8360,8360,14,399.0,405.7739726027397,73.10896637608967,0.0,33.0,33,11.304928982651417,1,,3980.122194513716,3364.0,1233.0,10134.0,1596029.0,2155.765971187775,0.8012489401018592,1.6425496982313592,0.013577673391215208,0.08447548333900638,14.118804898622013,9.302221340648543,-1.186907705275269,1.5177885347584796,401.5000000000001,76.2786741557135,0.867139844471985,0.9780755176613887,3.806802631978462
ID7721,7721,14,734.0,421.78264313193034,68.67605793165875,0.0,4.0,4,15.311277907946213,1,,1961.3551020408163,2003.0,581.0,3627.0,1441596.0,496.48019999754405,0.449744335597713,2.4510861370322496,0.0281749245860868,-0.04025827261424932,17.1105631565363,13.935676338504624,-1.3031446186699032,1.2278243797367325,736.4999999999998,99.96634790489671,0.9261364194833248,0.9826551034022677,3.6835574752374822
ID7722,7722,14,740.0,422.63748027946815,68.70126211404103,0.0,3.0,3,15.342430082386334,1,,1928.4314789687924,1979.0,591.0,3419.0,1421254.0,494.9656729282277,0.4403893308984494,2.382407350333892,-0.037525703929014005,0.16445339858540794,16.96031281667125,14.16693144410999,-1.2540589182175013,1.197176176335817,739.4999999999998,99.66862054954318,0.9354727632908618,0.9846870838881489,3.665129788349662
ID7723,7723,14,751.0,421.2508327781479,68.81867643793026,0.0,5.0,5,15.45611754552012,1,,1953.1430481283423,1994.0,535.0,3495.0,1460951.0,511.9675929098377,0.4566716858484742,2.3920154666779876,0.17602446563013727,0.0935885251788381,17.098398724666005,14.508169076150889,1.862246735093233,1.1785359430896791,750.5,100.421453067581,0.9352065894974998,0.9894528675016482,3.6656513266412594
ID8171,8171,14,737.0,416.8116824537663,73.38114569237709,0.0,24.0,24,15.33724244738347,1,,2169.8159675236807,2209.0,678.0,3887.0,1603494.0,508.1773064179892,0.6553848668807739,3.3809212725571824,0.12669991277684187,0.03986756560309388,17.716623258110964,13.700451412335964,1.37405659821537,1.2931415706608629,739.0,99.82246106952178,0.9319610381725463,0.9932795698924735,3.6720285887593556
ID7724,7724,14,729.0,423.70792992162285,67.76371599815583,0.0,2.0,2,15.17030150362479,1,,1922.46675900277,1960.0,609.0,3353.0,1388021.0,469.1477735520771,0.4452026228987637,2.524690515208208,-0.020656196302728677,0.011212853224246271,16.699296369768305,13.997916921836733,-1.3280676512112355,1.192984389249905,722.9999999999998,99.65686367545995,0.9148159558373274,0.9796747967479672,3.7062786393071216
ID8557,8557,14,731.0,424.27960301163586,67.48151950718686,0.0,0.0,0,15.248782635255154,1,,1889.562414266118,1930.0,558.0,3299.0,1377491.0,449.62673073557966,0.49711064330357657,2.790861461170259,0.0947314659829583,-0.05531265530175619,17.10293746853114,13.793356539961882,-1.3931009899408253,1.2399402146229452,730.5000000000001,100.80878568194451,0.9033027191376178,0.9805369127516778,3.7298234339281477
ID7725,7725,14,740.0,421.25614153707465,67.30640072120802,0.0,6.0,6,15.342430082386338,1,,1967.6675675675676,1995.0,629.0,3524.0,1456074.0,508.975609239353,0.5032106785437436,2.5883008114236756,0.03615417501721438,-0.01951774791023086,17.25873757134926,13.843576922474089,-1.3189271223708996,1.246696404260296,739.5000000000001,101.59910196087993,0.9002607250104968,0.9794701986754967,3.7361196835396777
ID8109,8109,14,736.0,416.6964366260713,72.02210193955797,0.0,21.0,21,15.33724244738347,1,,2138.7503373819163,2169.0,485.0,3912.0,1584814.0,543.0714910038106,0.6291340487516045,3.0417215266834163,0.11211676339393926,-0.12246686363838154,17.477908282873276,13.933467785461438,1.5096943786692603,1.25438322691715,738.9999999999999,99.9963574786169,0.9287224449962146,0.9879679144385022,3.6784254715734868
ID7726,7726,14,756.0,421.6268357810414,67.79283489096574,0.0,8.0,8,15.440663999700893,1,,1974.702269692924,1999.0,541.0,3536.0,1479052.0,485.2276473927542,0.47164395647259016,2.6085406288494317,-0.03194728590276187,-0.022483268847228507,17.540624724630394,13.808229251149339,-1.3040000332771369,1.2703022527794712,749.0,101.73345488135821,0.9094191494856193,0.9803664921465967,3.717259539065146
ID8174,8174,14,689.0,416.8263335747043,73.69454501568912,0.0,25.0,25,14.825416567837392,1,,2295.307803468208,2332.0,580.0,3730.0,1588353.0,534.0683645375368,0.6820009098926596,3.485240909882861,0.131587760947655,0.08930784478231,16.945102311964483,13.249501986217359,1.2651301441635359,1.2789237157435374,690.5,98.47888623398795,0.8947202989635643,0.9794326241134752,3.747669521349933
ID7924,7924,14,724.0,415.35589919816726,71.23676975945017,0.0,17.0,17,15.21743875291462,1,,2145.5157750342937,2192.0,624.0,3775.0,1564081.0,522.4322213631057,0.6554594172572813,3.2520635372587825,0.5809287830482904,-0.012145031247091938,17.413759522680014,14.199093522706276,1.4001338851271021,1.2263993821037273,727.4999999999998,99.69602791696897,0.9197867533617741,0.9891230455472466,3.6962501630615763
ID8244,8244,14,719.0,417.21481225524076,73.94114259387237,0.0,23.0,23,15.175546206116357,1,,2218.5817174515237,2263.0,666.0,3958.0,1601816.0,532.5385020281634,0.7223808197525665,3.494551449444304,0.026588956920376872,0.08289342834309242,17.742070970377092,13.220933038879036,1.4041199759286627,1.341968143867204,723.5,100.27101309849631,0.9042688979475497,0.9810169491525422,3.727830310262672
ID7801,7801,14,746.0,423.9281879194631,67.90492170022371,0.0,1.0,1,15.399378727952765,1,,1878.4536912751678,1912.0,562.0,3252.0,1399448.0,467.64299844549447,0.43731847124559053,2.44433578957978,-0.08525497363168301,-0.020474188689372872,17.22905875265663,14.1902429134971,-1.350388841919707,1.2141482607228062,745.0000000000001,100.48314914319327,0.9272133201188384,0.9867549668874174,3.681417742246932
ID8380,8380,14,475.0,400.9079549454417,72.21981696585709,0.0,35.0,35,12.276796451355901,1,,3455.3636363636365,3220.0,1074.0,6691.0,1634387.0,1546.2628481130057,0.8075554369790504,1.9967383192316022,-0.009277758591374788,-0.23758396907031692,14.547086032077296,10.71457513798044,1.9921829624816392,1.3576913545093898,473.49999999999994,82.10004543851474,0.8827608260647474,0.9722792607802876,3.7729704673967874
ID7998,7998,14,732.0,416.64392905866305,72.20509322419282,0.0,20.0,20,15.274853405932202,1,,2155.1420765027324,2179.0,653.0,3914.0,1577564.0,550.5095553070151,0.6276088735905141,3.019117855240634,0.12414280870893075,0.18108483530258332,17.201782695918908,14.231448773099723,1.5485690322787606,1.208716201012065,733.0,98.84638694742775,0.9427406626011134,0.9952477936184657,3.6509746054526007
ID8192,8192,15,588.0,342.99279050042406,218.31453208934127,0.0,24.0,24,13.698309308281246,1,,964.8101694915255,986.0,381.0,1503.0,569238.0,227.76451343573342,0.5975201148950614,3.168779374173678,0.0460977468877558,-0.1647237412107141,14.531454097482763,13.250262333518872,1.1479280655890634,1.0966918036575692,589.5,90.30218610606104,0.9084418752063016,0.9784232365145228,3.7192584592779254
ID8193,8193,15,597.0,342.60877488085225,218.6555929352397,0.0,25.0,25,13.756279560123211,1,,954.453781512605,978.0,381.0,1511.0,567900.0,231.29764038891707,0.5988629271453323,3.091219842184951,-0.04356738680614002,-0.3192471271778921,14.902395426629576,13.334916588964939,1.020318644935252,1.1175469548089845,594.5000000000002,90.63633103577898,0.9094044794749176,0.9818331957060282,3.717289521332955
ID8259,8259,15,592.0,341.601461495222,214.8026981450253,0.0,31.0,31,13.738914167683992,1,,968.7558922558923,992.0,331.0,1598.0,575441.0,249.03983442510588,0.6229239443559144,2.9861553044704436,0.10343940645386279,0.11337902830227439,14.865656147639177,13.287574731617598,0.9118999189040007,1.11876369073331,593.0000000000001,89.20944766396465,0.9363600075351348,0.9891576313594664,3.6633929371539287
ID8004,8004,15,611.0,350.657650273224,216.05792349726778,0.0,15.0,15,13.934454799959427,1,,921.3316912972085,921.0,371.0,1530.0,561091.0,224.58067284546178,0.5251000281699233,2.824992762193509,-0.04779594850894264,0.6308465162675894,16.025731497190908,12.969901711613927,1.8651521959591189,1.235609324844816,610.0,93.48950163926798,0.8770291121749374,0.9713375796178344,3.785279277385109
ID7751,7751,15,564.0,358.2530102790015,212.29177679882525,0.0,5.0,5,13.440270101798594,1,,945.0739436619718,966.0,368.0,1556.0,536802.0,235.5799062524705,0.5373075389583756,2.8042693017694478,0.07182420333992816,0.003894390174426624,15.062789311667027,12.136070642025542,2.083659528276318,1.241158671201753,567.4999999999999,89.28197297720527,0.8946397121866283,0.9717465753424656,3.7478383076237907
ID8071,8071,15,607.0,351.97431693989074,215.12322404371582,0.0,14.0,14,13.934454799959427,1,,924.4876441515651,924.0,413.0,1477.0,561164.0,233.5899119381921,0.5213447161473082,2.7125288734479542,-0.008249467715165425,0.08010737654342642,15.288730924834711,13.002639171204395,-1.115223352112837,1.175817518546011,610.0,93.51462697159641,0.8765578984542477,0.9659540775930324,3.7862965723554813
ID8137,8137,15,596.0,341.85006973500697,215.89748953974896,0.0,29.0,29,13.790944746275178,1,,969.1371237458194,979.0,417.0,1594.0,579544.0,247.85419052044978,0.6206131710829104,2.9947500695517935,0.12919376429239102,0.1096643239245012,14.638440869971147,13.476220248601471,0.7616730829817624,1.0862423290751937,597.5,91.38678783344976,0.8990440033079119,0.9747145187601955,3.738646968580378
ID8266,8266,15,584.0,341.7094671201814,213.98979591836735,0.0,30.0,30,13.68087033328176,1,,973.7952622673434,988.0,399.0,1584.0,575513.0,258.900655728868,0.621711997519146,2.883898832125734,-0.025404139671747525,0.1749503339864947,14.69454019037255,13.074859626085258,0.9191389188846899,1.123877472539431,588.0000000000001,88.98348233636824,0.9331863867078299,0.985750209555742,3.6696169628808932
ID7756,7756,15,553.0,357.0154826958106,211.94292653309049,0.0,7.0,7,13.219384536161321,1,,959.1781818181818,983.0,443.0,1518.0,527548.0,221.4967734582739,0.5367973340699833,3.025210747859899,0.023465937951370967,0.11683959794402536,15.320870373616359,11.67279628329129,-1.0170092479366537,1.3125278640857465,549.0,89.84174264799923,0.854723951017443,0.9589519650655024,3.834352138794672
ID7757,7757,15,556.0,359.47767857142856,211.93511904761905,0.0,4.0,4,13.351162356249093,1,,943.6060606060606,960.0,387.0,1553.0,529363.0,240.02278887115935,0.5358892223190089,2.743363584661969,0.03494134386418355,0.04270585764460264,15.391806078704066,11.667995276321323,-1.0557639366874605,1.319147438286998,560.0000000000001,88.83629217132452,0.8916964619947587,0.9747606614447346,3.7540185151450256
ID7761,7761,15,541.0,357.12492326580724,211.11264579496626,0.0,8.0,8,13.146949007195484,1,,964.2311926605505,972.0,396.0,1489.0,525506.0,227.11015753942468,0.5368177261734758,2.966054322853033,0.28499842942398323,0.08523064751365841,14.559480853378018,12.327677847967388,-1.1058425778566467,1.1810400168575637,542.9999999999999,88.35851058554762,0.8740029941754548,0.9679144385026734,3.791826625544535
ID7762,7762,15,539.0,359.82282003710577,211.0235003092146,0.0,2.0,2,13.098436114783441,1,,946.2129629629629,957.0,441.0,1558.0,510955.0,221.24605175248985,0.5394224963204086,2.9971921442846443,-0.014964954448503893,0.052040545961808245,15.078493504451068,11.543238353814882,-1.0727843349692754,1.3062619901171695,538.9999999999999,88.15548197999652,0.8715653994949324,0.9616413916146298,3.797125414812795
ID7763,7763,15,546.0,359.5878152537223,210.83971437253115,0.0,3.0,3,13.21336340875438,1,,941.4517304189435,960.0,372.0,1485.0,516857.0,220.5083541578122,0.5395684739012646,2.9926130344754065,0.0347122366401901,0.18051965265788888,15.113685544004358,11.783123415084349,-1.1557169728173864,1.2826552868534278,548.5,88.60415740571226,0.8779672094030059,0.9665198237885463,3.7832564745936357
ID8149,8149,15,605.0,344.40547263681594,217.1561636263129,0.0,22.0,22,13.85427231466257,1,,941.5927152317881,959.0,376.0,1426.0,568722.0,225.53356601530623,0.5865850088195709,3.0870915709084383,0.1777884406996045,0.015147574102673318,14.892986994436841,13.438487340194847,1.2765048051082257,1.1082338820896567,602.9999999999999,91.16408054330175,0.9117581705697718,0.9749393694421988,3.7124883550762102
ID7768,7768,15,540.0,357.2748917748918,211.09245516388373,0.0,6.0,6,13.098436114783443,1,,964.5324675324675,981.0,442.0,1504.0,519883.0,218.47012922588374,0.542631461037564,3.1059722193508295,-0.013604681380170795,-0.06495813387721654,15.032042699738897,11.563942246527105,-1.1337133891342623,1.299906414203455,539.0,88.16209007876242,0.8714347498156639,0.9565217391304348,3.7974100457762243
ID7833,7833,15,522.0,359.8489334606813,210.3997134670487,0.0,1.0,1,12.908726715567825,1,,959.2141491395794,978.0,467.0,1524.0,501669.0,212.4037939322483,0.5497904791748606,3.2041108192014276,0.08262532703762734,0.04729686002605857,15.063683016547518,11.28815420156946,2.0041967313144458,1.3344682175278155,523.5000000000002,87.91132436991204,0.851210367716873,0.9579139981701742,3.842257612098705
ID8345,8345,15,588.0,341.71368243243245,214.01407657657657,0.0,32.0,32,13.727325035155395,1,,969.1680672268908,975.0,364.0,1589.0,576655.0,246.15532309159065,0.6240406373002609,3.0257694923923553,-0.03947712368103334,0.054301777738160924,14.77941356730189,13.095397021563514,0.9645808378219639,1.1285960664625436,592.0,89.04433021368736,0.9382509821534414,0.987489574645538,3.659699428103508
ID7898,7898,15,487.0,356.87291026953255,212.02302968270214,0.0,10.0,10,12.469738545806875,1,,1021.8594704684318,1038.0,498.0,1538.0,501733.0,210.46576775053242,0.519148905662987,3.318419599419266,-0.02768387327045402,0.03801126190040747,13.881979934043532,11.34780572465263,1.8443085669699257,1.2233184344957118,488.5,82.40103086012306,0.9040847471839838,0.977,3.7282099471533425
ID7899,7899,15,541.0,355.1475308641975,212.8206790123457,0.0,11.0,11,13.110581167104948,1,,976.9963167587478,984.0,420.0,1520.0,530509.0,221.32165899246343,0.5253900335266226,3.040884540848206,-0.0315014124810887,-0.014984902266367086,14.729078715683093,11.80880494667069,-1.0182378695565615,1.247296299854265,540.0,87.06182710998331,0.8952577092478508,0.9712230215827337,3.746544516526164
ID8290,8290,15,593.0,343.5928126768534,217.5509337860781,0.0,23.0,23,13.692498784453214,1,,959.0203045685279,967.0,384.0,1484.0,566781.0,233.06966935546635,0.5960038394087357,3.0731740937360654,0.2744974325283556,0.011616974561447002,14.766433805551943,13.470133465121267,1.2589597890220448,1.0962351519223796,589.0,90.84597865983413,0.8968374665273617,0.978405315614618,3.743243338847368
ID7971,7971,15,610.0,350.0853658536585,216.36043360433604,0.0,16.0,16,13.991446672986726,1,,920.7198697068404,915.0,376.0,1467.0,565322.0,225.20931651250277,0.5288586877153382,2.828417113340629,1.5067438115312626E-4,0.002358384266000868,14.999734083609308,13.113713566880184,-1.106904267582435,1.1438204751926588,615.0000000000001,93.9052126114259,0.8764064783308546,0.9609375000000003,3.7866236447509745
ID8040,8040,15,585.0,345.4276971249644,215.91104469114717,0.0,20.0,20,13.651755870971671,1,,951.4957264957264,967.0,414.0,1454.0,556625.0,226.04380500171004,0.5707718805906642,3.059100039720759,0.11796373434945848,0.11668116339637256,14.825138433837191,13.01204785314393,-1.2580203619792854,1.13933937233832,585.5000000000001,90.47599633526227,0.8988143857297444,0.9733998337489609,3.739124488887212
ID7977,7977,15,611.0,348.34262295081965,215.98852459016393,0.0,18.0,18,13.934454799959427,1,,926.9034369885434,930.0,395.0,1553.0,566338.0,242.1297758748744,0.5424226604645788,2.6924690243804434,0.022671811408764952,0.3288733052490092,15.100229548444563,13.293765594885915,-1.2577882028560987,1.1358880552440003,610.0,93.48987659422505,0.8770220772794889,0.9674861221252972,3.785294458867565
ID7787,7787,15,444.0,357.5052141527002,210.44525139664805,0.0,9.0,9,11.934976919426628,1,,1030.4666666666667,1044.0,339.0,1649.0,463710.0,215.1506024560326,0.498593283729284,3.1870143518703937,0.0062106771275233915,0.01593464649115782,12.635858249388916,11.662286625059297,1.4099299307261117,1.0834803375727073,447.49999999999994,78.1577286693094,0.9205747185413827,0.981359649122807,3.694667923253481
ID7979,7979,15,587.0,352.5743895513912,214.60618966496307,0.0,13.0,13,13.669231989760256,1,,942.9829642248723,938.0,385.0,1528.0,553531.0,242.7678557618334,0.5206470881536734,2.6598532071407055,-0.0010154865919472995,0.018037142921656434,15.183457686385385,12.421300651071578,-0.8981277084666621,1.2223726091901268,587.0,93.74162608089514,0.8394271271312245,0.95680521597392,3.869130981117932
ID8366,8366,15,541.0,340.69759926131115,214.4759926131117,0.0,33.0,33,13.12877767991075,1,,1054.5804066543437,1067.0,326.0,1851.0,570528.0,300.3812384790446,0.6601875523124642,2.792203508956069,-0.08111690905746914,-0.17154701311622278,14.456268448401456,12.459274261126811,0.9961215349326902,1.1602817423728529,541.5000000000001,87.21658866194976,0.8945613557709795,0.970430107526882,3.7480024443506235
ID8561,8561,15,522.0,360.5252234993614,210.16283524904213,0.0,0.0,0,12.890219570974683,1,,962.6959847036329,983.0,308.0,1604.0,503490.0,232.15839924536084,0.5482875443692944,2.936915933821207,0.03183584734475678,0.07509327596190968,15.100286579867488,11.338102867338172,2.104264143604268,1.3318177438103063,522.0,86.09791725064177,0.8849017937424203,0.96398891966759,3.768403463611114
ID8049,8049,15,603.0,346.8990024937656,215.96300914380714,0.0,19.0,19,13.83702990310963,1,,934.59,939.0,342.0,1499.0,560754.0,242.4691266167106,0.5460451817461864,2.7227080476411394,-0.01111579216224994,-0.23386462422395995,14.942767020771331,13.235223601147199,-1.1467002256555419,1.129015079086093,601.5000000000001,90.6845716829834,0.9191336866847184,0.9796416938110751,3.697563067384208
ID8115,8115,15,586.0,344.62657502863686,216.67268041237114,0.0,21.0,21,13.610890997982688,1,,952.2808219178082,975.0,339.0,1502.0,556132.0,226.25648383080897,0.5826835920666854,3.099079298628617,0.3172668766088463,7.82199176416361E-4,14.34466220845379,13.351021980261214,1.4364323132877046,1.0744242822505738,582.0,90.43126607085337,0.894325525382994,0.9740585774058576,3.748496579083103
ID7992,7992,15,571.0,354.03444249854056,214.4781085814361,0.0,12.0,12,13.48165216176951,1,,966.3292469352014,979.0,390.0,1554.0,551774.0,245.87000595299665,0.5292456806503849,2.720380341446388,-0.019021893415479534,0.10939086528099373,15.348864275449623,12.179520078049542,2.2298604682136975,1.2602191364758297,571.0000000000001,91.17643721919926,0.8631389928333738,0.9564489112227808,3.8156151432196874
ID8248,8248,15,587.0,342.40017064846415,216.61518771331058,0.0,28.0,28,13.657583728599333,1,,966.8447098976109,973.0,381.0,1534.0,566571.0,244.8811987164134,0.6165918866672849,3.011817757051358,0.3495073976139233,0.02218367530673385,14.564617719005035,13.385135645002896,0.8391613456707988,1.0881187987394418,585.9999999999998,89.51052074660909,0.9190926912878173,0.9782971619365606,3.6976455298913518
ID7931,7931,15,600.0,348.4819444444444,215.30083333333334,0.0,17.0,17,13.819765978853418,1,,936.1585976627713,932.0,368.0,1512.0,560759.0,234.29915393320584,0.5412126572789167,2.8061706846577192,0.08530552839441136,0.06040048704211924,15.012009692119392,12.901075453797386,-1.1055486656993936,1.1636246719028884,599.9999999999999,91.29971331094866,0.9045285657321287,0.9724473257698539,3.7272951879035596
ID8252,8252,15,605.0,342.94361525704807,216.99391929242674,0.0,27.0,27,13.85427231466257,1,,955.9883913764511,963.0,378.0,1518.0,576461.0,238.39822946460788,0.6041354445974305,3.0204584798742093,0.3274005205693943,0.12626824143093338,15.12460956160673,13.157405697626164,0.7346646122346207,1.1495130506111464,603.0,92.03342214839577,0.8946147083127507,0.9765182186234818,3.747890682026262
ID8190,8190,15,591.0,342.4604326786223,217.83874181611156,0.0,26.0,26,13.65175587097167,1,,965.5196581196582,984.0,382.0,1520.0,564829.0,233.93769668736533,0.6094957869467976,3.1258761747636865,-0.1706532749089085,-0.3503288857379667,15.130196530955555,13.036735278967686,1.0380293411691734,1.16058171061932,585.5,89.79666845604892,0.9124652102226426,0.9799163179916318,3.711049733017843
ID8068,8068,16,716.0,338.2829946274235,269.6525344545667,0.0,19.0,19,15.07030536492657,1,,487.6558533145275,489.0,217.0,697.0,345748.0,75.57031772593515,0.42852701896168915,3.871523855648802,-0.0701864813949613,0.2683933359564495,15.831893893109601,14.89824970039801,-1.0173157232676604,1.0626680456756372,713.4999999999998,99.0211434419552,0.9144247398680739,0.9794097460535344,3.7070713783251565
ID8005,8005,16,726.0,342.19717825189264,266.3086717136958,0.0,13.0,13,15.206976435587844,1,,464.32049518569465,467.0,225.0,654.0,337561.0,67.05312564868684,0.4076878799650415,4.010977739775438,0.12153571982028948,0.24325068495140556,16.154038068157767,14.95112552490688,-1.0096558989071236,1.0804563202447182,726.5000000000001,99.39339593221567,0.9241243723356906,0.9797707349966288,3.6875653024069606
ID8391,8391,16,726.0,334.9904134904135,277.2445137445137,0.0,35.0,35,15.154556505605994,1,,503.8271092669433,502.0,242.0,779.0,364267.0,75.62600599050107,0.4450161017640756,4.103395721481249,0.05525581112129709,-0.08904323005080458,15.574440752510439,14.867543963709943,0.7597742330819461,1.0475463055986889,721.4999999999999,99.09799563374268,0.9232439246264653,0.9809653297076817,3.6893231990217816
ID8010,8010,16,761.0,342.09400306412783,266.6947909827096,0.0,12.0,12,15.568974864420476,1,,458.4049803407602,461.0,221.0,645.0,349763.0,70.77590101256244,0.403289210285276,3.7227453781794786,-0.037815364225582154,-0.0704782786046997,16.070756401175977,15.508479916271245,0.2942231157055299,1.0362560668705385,761.4999999999999,100.3240058060366,0.9507581182384073,0.9908913467794404,3.6355482328448967
ID8204,8204,16,688.0,335.8094202898551,271.687922705314,0.0,26.0,26,14.820047957642227,1,,499.0810419681621,503.0,260.0,740.0,344865.0,82.04713616644781,0.4383008297766686,3.707321108199348,-0.08897047009434667,-0.02977018055415765,15.572240743235058,14.7529976264012,-0.38420593916671186,1.055530620798568,689.9999999999999,96.29757929192017,0.9350357472189357,0.9857142857142855,3.665986190641791
ID8524,8524,16,711.0,335.4521463757917,276.5131362889984,0.0,39.0,39,15.038589499470465,1,,510.37219101123594,508.0,248.0,773.0,363385.0,82.61195250531145,0.4526969098982202,3.8504069177874825,-0.10607478370636395,0.13042137115864408,15.605085015567193,14.825274344907285,-0.13891404922514464,1.052600083648893,710.5000000000002,98.14233411975303,0.9269603994252714,0.9827109266943294,3.681919944511945
ID8207,8207,16,728.0,337.1118345899018,270.0426090929861,0.0,24.0,24,15.23834183797815,1,,480.87158469945354,481.0,210.0,662.0,351998.0,69.85012222253499,0.42278588236402614,4.091408751990991,0.18179740453380394,-0.08861035416287542,15.749879362813434,15.149215129671324,-0.40334184723530503,1.0396498582930311,729.5,99.01169729953982,0.9351088115649993,0.9851451721809588,3.6658429676752586
ID8209,8209,16,716.0,336.46897597387454,270.7136692325636,0.0,25.0,25,15.08086249782546,1,,489.39915966386553,487.0,278.0,707.0,349431.0,72.49519246521893,0.4324015558666632,4.075740000031365,0.10143363923050243,0.19408001397822502,15.542255116561297,14.976413773134263,2.6763976294081737,1.0377821654768966,714.4999999999998,99.37364765807064,0.9092213687456133,0.9801097393689984,3.7176638203493035
ID8146,8146,16,705.0,334.94830028328613,274.038715769594,0.0,29.0,29,14.99088988838742,1,,501.48936170212767,497.0,266.0,771.0,353550.0,77.57826116519921,0.44235898888993125,3.9650911045589545,-0.07434999879223263,-0.0026740426157449643,15.45706722582212,14.790684512695064,0.2585309096016351,1.0450542172375519,706.0,99.51227944323583,0.895903465134293,0.9711141678129298,3.745194042180146
ID7828,7828,16,752.0,342.0867381111855,268.051685644117,0.0,9.0,9,15.414873662673974,1,,460.23014804845224,462.0,224.0,631.0,341951.0,71.18085281064961,0.4051402979096354,3.7284440225025035,0.31562922573640934,-0.16855537782358784,16.24712989999847,15.103557068836007,2.701541757940932,1.0757154639764999,746.5,99.49414458572089,0.9476427211870273,0.9861294583883752,3.6415193032156705
ID8089,8089,16,702.0,341.7659549228944,266.94555160142346,0.0,14.0,14,14.953684998825974,1,,473.79943100995735,474.0,251.0,667.0,333081.0,65.83014402934,0.4119810886066499,4.199988739570443,-0.10394065261399554,0.028852441767191497,15.261918739384054,14.842693356468581,-0.03793265527774996,1.0282445626846268,702.5,98.52245860532265,0.9094644142650956,0.9825174825174825,3.7171670324072026
ID8283,8283,16,711.0,335.53591549295777,272.6488262910798,0.0,28.0,28,15.033297016639143,1,,499.7303370786517,504.0,244.0,739.0,355808.0,82.36234498614142,0.4424910559999703,3.722445732775463,-0.0872412863119588,-0.10285126264791546,15.665464854812894,14.972543025870646,0.16454170430496212,1.0462795016013624,709.9999999999999,99.37856177755928,0.9034056413245484,0.9786354238456234,3.7296109643013513
ID8156,8156,16,733.0,338.17922374429224,270.26963470319635,0.0,22.0,22,15.243563130520606,1,,480.65800273597813,481.0,244.0,668.0,351361.0,74.05847838104064,0.4238361553602016,3.863931095784249,0.08820810075378986,0.1135504271977638,15.654844891587214,15.326968873459803,-0.6483973837418441,1.0213920978658189,729.9999999999999,100.09144646226464,0.9156695942236985,0.9792085848423875,3.7045506364041954
ID8284,8284,16,674.0,335.547725024728,271.3919386745796,0.0,27.0,27,14.647213499088313,1,,505.39821693907874,505.0,268.0,746.0,340133.0,77.34226726919616,0.4420180270452216,4.006047495888916,0.017085200058621016,0.045745558250913004,15.130074804550716,14.458303508940286,-0.6019524539115404,1.0464626638384678,673.9999999999999,95.52054016198828,0.9282740741283533,0.9825072886297372,3.6793137327863272
ID8349,8349,16,723.0,334.44081211286993,275.3013305804083,0.0,32.0,32,15.206976435587842,1,,498.7977991746905,500.0,258.0,779.0,362626.0,85.74717205722209,0.4419198230787095,3.5656366818575753,-0.05324235535058594,0.07907406359997343,15.399910748187583,15.319929335690615,0.6436613657865788,1.0052207429123472,726.5,99.08834572026804,0.9298230902712941,0.97911051212938,3.6762477237437157
ID8478,8478,16,723.0,335.9317504014682,276.62135810965816,0.0,37.0,37,15.206976435587844,1,,498.1889655172414,498.0,232.0,740.0,361187.0,79.9833469521889,0.4418158807487233,3.8172978148463583,-0.16468962249107016,0.018378239564640943,16.036110344767824,14.669143394740658,2.847491448255684,1.0931865558364686,726.5000000000002,98.65188668763943,0.9380688003717977,0.9891082368958478,3.6600547848713876
ID7904,7904,16,732.0,342.51043793964146,267.54515543453596,0.0,10.0,10,15.29047453161589,1,,458.69891008174386,461.0,258.0,640.0,336685.0,66.35183063451412,0.40309107628082597,3.9721177623079607,-0.10566643350446397,0.03323757040005608,15.56923286020005,15.241822443277956,-0.5992228643365797,1.021481054391005,734.4999999999998,102.95720095621293,0.8707394273850505,0.9689973614775724,3.798925939847191
ID8032,8032,16,722.0,341.8575883575884,266.63906213906216,0.0,15.0,15,15.154556505605994,1,,471.4171270718232,471.0,210.0,704.0,341306.0,77.4932293265562,0.41470727086046316,3.566536371230453,0.12119690269058922,-0.061545481200707144,15.558503764687602,15.151212931867345,2.525066131264413,1.0268817311625003,721.5,98.9613280260046,0.9257957227466035,0.976319350473613,3.684235195247755
ID8288,8288,16,692.0,334.3994938539407,275.2553627380092,0.0,31.0,31,14.836147960171171,1,,509.2297687861272,510.0,243.0,759.0,352387.0,81.61338447204992,0.44820026919840206,3.862121039440523,-0.053160760995099546,-0.13013607992000945,15.35618955470618,14.575880749214967,-0.008593881095663053,1.0535342473581393,691.4999999999999,97.54381755617007,0.9132770651290214,0.9725738396624469,3.709399903021658
ID7905,7905,16,722.0,342.1579068695251,266.4640387275242,0.0,11.0,11,15.170301503624795,1,,465.0498614958449,466.0,225.0,634.0,335766.0,66.12848634245854,0.4072263669903796,4.070172906612643,0.14825786929142934,0.16696104056866196,15.83102755490158,15.290258294439916,2.622316643524371,1.0353669146752287,723.0000000000002,99.45871219091728,0.9184647606504843,0.9850136239782018,3.698909306303634
ID8546,8546,16,727.0,335.7120376751666,277.0715598437859,0.0,38.0,38,15.196506915286161,1,,507.51862068965517,511.0,266.0,774.0,367951.0,80.11863612449021,0.4501107812116463,3.932481272413028,-0.043590968957925955,0.0389336693574227,15.921993927743843,15.02545049553406,0.1330891790211085,1.0596683229215829,725.5,98.1578893710762,0.9462303153947114,0.9884196185286102,3.6442360757581618
ID8292,8292,16,723.0,334.1795051353875,273.2476657329599,0.0,30.0,30,15.075584855494878,1,,502.9185393258427,504.0,234.0,768.0,358078.0,86.06551715006356,0.4463308878932831,3.6065149782091446,0.04795916494248391,0.0723604340591247,15.225255206597769,15.125659064728463,-1.050962461167542,1.0065845819638732,713.9999999999999,99.4965754033238,0.9063413827839408,0.9734151329243353,3.7235657508019435
ID8421,8421,16,692.0,334.3938181818182,276.9208484848485,0.0,34.0,34,14.793175681757994,1,,513.4730713245997,508.0,254.0,737.0,352756.0,76.67329931420213,0.44802554822464513,4.144098522043215,-0.058271486404962804,0.1846867709484387,15.43498575312544,14.708596998079024,-0.3669499432102839,1.049385319017258,687.5,96.32390181712515,0.9311388214596612,0.9863701578192252,3.6736494733117744
ID7785,7785,16,690.0,341.70398735716026,269.5063214198882,0.0,7.0,7,14.771642663528946,1,,467.37172011661806,468.0,278.0,640.0,320617.0,58.724399129282496,0.4012438476560796,4.557939034442251,0.012317175197971396,-0.1709143504535698,15.241135239612193,14.67907567103635,-0.13098710740571856,1.038289847478943,685.5,96.6284398660951,0.9225871214695266,0.9758007117437723,3.6906362067316323
ID7788,7788,16,698.0,342.4959378733572,268.49115890083635,0.0,5.0,5,14.900374009171514,1,,463.8128571428571,463.0,228.0,650.0,324669.0,60.70454827001235,0.40159279945443094,4.378401732377989,-0.10318739239296848,0.027438921543741362,15.2392647302655,14.579193885417649,3.1106371338651533,1.045274851959275,697.5,97.62332657584258,0.919701449825082,0.9837799717912553,3.696421575154386
ID7985,7985,16,710.0,340.38011283497883,267.98072402444757,0.0,16.0,16,15.022706457370045,1,,476.8112676056338,478.0,198.0,695.0,338536.0,73.55980372979556,0.42162272002376133,3.844816291375972,0.22722397468902897,-0.13052147976603476,15.677349888979396,14.789671427261611,-0.6866904147833677,1.060020161102534,709.0000000000002,97.80264965732366,0.9314399424238816,0.9792817679558015,3.673055606632183
ID8370,8370,16,712.0,334.40049053959353,276.1757766876898,0.0,33.0,33,15.070305364926572,1,,504.8732394366197,502.0,228.0,763.0,358460.0,82.48140869763644,0.4448622367089427,3.7692537750196706,0.4864512147816684,0.06360420570536503,16.1246179275409,14.71147508843917,3.1342616595805177,1.096057181934953,713.5,98.44509962083758,0.9251574190535145,0.9861782999308915,3.685505927879939
ID7795,7795,16,691.0,342.2767295597484,265.529511369134,0.0,2.0,2,14.809304898631527,1,,458.2648335745297,462.0,251.0,662.0,316661.0,69.43234153753784,0.39799765154661587,3.758017370137473,-0.19932639157861756,-0.08378772426227789,15.4819702795462,14.606050250292315,0.08703323613802505,1.0599696710776656,688.9999999999999,97.23485637350295,0.915767300153998,0.9779985805535839,3.7043530063832932
ID8499,8499,16,729.0,335.4423868312757,275.44581618655695,0.0,41.0,41,15.233118755789423,1,,505.2890410958904,505.0,268.0,774.0,368861.0,81.73113280163251,0.44850751964479946,3.828523623644246,-0.06349043293777629,-0.09511842357536154,15.952167565190791,14.84860415748344,-0.00970671459122393,1.0743210200772424,729.0000000000002,99.8491614582843,0.9188583121328506,0.9824797843665771,3.6981170910475663
ID7796,7796,16,696.0,343.4719020172911,267.85518731988475,0.0,4.0,4,14.862942542160038,1,,468.4405797101449,468.0,191.0,664.0,323224.0,76.21368310008947,0.40854385998078213,3.5654953026276783,0.054065029500270846,0.24488033545891122,15.143286256562083,14.910702356938046,-0.12731687455354848,1.0155984536513678,693.9999999999999,97.10580409663179,0.9248663037571349,0.9836995038979446,3.6860859158906907
ID8565,8565,16,693.0,341.9151079136691,264.3666666666667,0.0,0.0,0,14.873646859386387,1,,450.44892086330935,451.0,246.0,643.0,313062.0,62.82717175778032,0.3935925875449875,4.049851695906013,0.0051873837686680245,-0.1166248148656012,15.627220068305755,14.494407537983381,0.04655898286764738,1.078155145517592,695.0,97.44078013942845,0.9198418480230742,0.9809456598447425,3.6961394664778684
ID8309,8309,16,738.0,337.2400405131668,270.0914922349764,0.0,23.0,23,15.352800093764555,1,,483.48849797023,484.0,270.0,696.0,357298.0,75.58124052312562,0.42781821269036796,3.833438307142559,-0.029904590467558178,0.011441556639018325,15.777110865391569,15.262075913852733,-0.5890900635780167,1.0337460614431462,740.4999999999999,99.02986982116187,0.948860811897479,0.9886515353805072,3.6391811703378942
ID7798,7798,16,716.0,341.4925355726615,268.46244459995336,0.0,8.0,8,15.080862497825462,1,,467.3445850914205,468.0,261.0,641.0,332282.0,63.22355347174986,0.40617355301913516,4.270325949255977,-0.10815466217558548,0.13957347024061292,15.42212894356665,15.032389792564265,-0.15211295247348572,1.0259266261971978,714.5,98.90878827998074,0.9177879140060186,0.9841597796143251,3.7002729835207977
ID8119,8119,16,704.0,338.6289173789174,269.95892687559353,0.0,21.0,21,14.948362455500636,1,,484.9445234708393,485.0,262.0,697.0,340916.0,66.99222683589599,0.42558574230265833,4.322065732717453,0.02755395818706002,0.37637566510555726,15.552170616066723,14.922897345696008,2.0538801891686815,1.0421683039019367,701.9999999999999,98.36551204450066,0.911719538711054,0.9825052484254724,3.712567007995391
ID7802,7802,16,684.0,342.5957575757576,266.6212121212121,0.0,3.0,3,14.793175681757992,1,,466.5276967930029,468.0,218.0,631.0,320038.0,75.16151925216343,0.40678628522987054,3.5896330429273946,-0.0302237877738583,0.0411841607567063,15.239110643139707,14.52782400444319,2.8547922565784005,1.0489603011764856,687.4999999999999,96.30682294120751,0.9314691036555682,0.9849570200573065,3.6729981105416214
ID7994,7994,16,714.0,338.5016339869281,269.6038748832866,0.0,18.0,18,15.07558485549488,1,,484.69943820224717,492.0,190.0,681.0,345106.0,76.06069158365997,0.42706502169788724,3.8141035806071675,0.18047032905054558,-0.0462109049120749,15.719459046778145,14.805498748423943,-0.7330833315886203,1.0617311388075659,714.0,98.36006178970891,0.9274072571549864,0.9774127310061603,3.6810327977849973
ID7803,7803,16,707.0,342.2688323917138,267.9724576271187,0.0,6.0,6,15.012108426804135,1,,467.55367231638417,465.0,281.0,675.0,331028.0,62.95988889965892,0.3994686005490457,4.239523085299459,0.14381155925617184,0.317271469129129,15.470016312961512,15.208074820739672,1.4479691585012815,1.017223842945895,707.9999999999998,98.79260678079822,0.9115788316845722,0.9799307958477504,3.7128535241416167
ID8059,8059,16,723.0,338.10330578512395,270.2580348943985,0.0,20.0,20,15.20174257673876,1,,481.25068870523415,482.0,232.0,738.0,349388.0,77.11723609526798,0.4262409383492478,3.730028626462849,0.02622380376648868,0.14289436008924794,15.894931613777432,14.84807986571221,-1.0561968486839983,1.0705041835397622,725.9999999999998,99.45194838903271,0.9224012713600132,0.9804186360567181,3.6910079921020857
ID7868,7868,16,702.0,341.6620403321471,264.9398576512456,0.0,1.0,1,14.953684998825972,1,,456.07142857142856,454.0,288.0,665.0,319250.0,64.41721160553351,0.38988237111906515,3.9720663271351495,-0.14093245431495,-0.037149642533377776,15.301163713407627,14.81670612074608,0.38747988326153937,1.032696713339223,702.4999999999999,99.16579339922224,0.8977024506844957,0.9770514603616131,3.7414394969856986
ID8444,8444,16,702.0,335.5352495859948,276.8709486633546,0.0,36.0,36,14.974956254242631,1,,505.18297872340423,505.0,260.0,720.0,356154.0,77.16094635035773,0.4421038599032542,4.014291694653341,-0.021181000247587376,-0.10251991034536194,15.53806865163892,14.535064290374578,-0.23395315681073978,1.0690058427831346,704.4999999999999,97.24383656857857,0.9361958075350468,0.9853146853146854,3.66371418552015
ID7934,7934,16,669.0,338.8572854291417,269.0491516966068,0.0,17.0,17,14.581872443920641,1,,492.1769115442279,490.0,262.0,702.0,328282.0,68.8295008469734,0.4255490057979267,4.2691758200394725,-0.08797730723707353,0.10275002991097264,14.977023220566084,14.504883490752663,0.22615335716552298,1.032550397948003,667.9999999999999,98.53457146948757,0.8645877186905052,0.9716363636363635,3.812417030544241
ID8446,8446,16,690.0,335.35697057404724,276.07766521948867,0.0,40.0,40,14.830783234644063,1,,515.136034732272,510.0,271.0,781.0,355959.0,76.57714886701966,0.45064701187705025,4.179530335032168,-0.08672746565373828,-0.0040831881279309425,15.354862199083508,14.605092646419271,0.16249286136717367,1.051336172307545,691.0000000000001,96.82249760068548,0.9262652018238837,0.9787535410764873,3.683301396502098
ID7936,7936,17,600.0,131.02444444444444,284.0386111111111,0.0,17.0,17,13.81976597885342,1,,654.3211314475874,666.0,315.0,909.0,393247.0,109.77621950761632,0.5287490597101088,4.123120966541675,-0.03703519522756612,0.03441566639025495,14.868435184768312,13.12197475377691,0.7753597496848093,1.1330943294559166,600.0,89.26879067531819,0.9461539603649658,0.9876543209876543,3.6443831184975086
ID8000,8000,17,605.0,131.17990074441687,285.9146677695065,0.0,18.0,18,13.871493293733788,1,,655.8943894389439,664.0,288.0,924.0,397472.0,108.99446677080171,0.5322097695573482,4.180460034337306,0.08522702366433746,-0.04593782729828528,14.736288204252816,13.389807138573472,0.722236240469956,1.100560153835255,604.5,90.35612112108659,0.9304456533718722,0.9845276872964166,3.6750176254870053
ID7809,7809,17,581.0,133.36568881219443,282.2834339948231,0.0,8.0,8,13.581626524224067,1,,641.4243986254296,653.0,326.0,864.0,373309.0,97.78217188538126,0.5177118793745603,4.475222050885017,0.051547118744289175,0.0014470907237245567,14.453403202032632,12.968219252372284,0.6274209299310309,1.1145248951114597,579.5,88.28992761731443,0.9342024088327001,0.9813717188823033,3.667620914551691
ID8065,8065,17,604.0,131.65542763157896,287.0169956140351,0.0,20.0,20,13.911592676604096,1,,666.5742574257425,680.0,261.0,968.0,403944.0,116.05285315171825,0.5374385798288758,4.015630786742321,0.032855918326689076,0.007257067364549416,14.668319978030729,13.441945648282504,0.691186000697725,1.0912348823479225,608.0,90.37863392559821,0.935366685818032,0.9846153846153847,3.6653376088168725
ID8450,8450,17,625.0,133.85785502559955,288.8446510374562,0.0,40.0,40,14.031203248641027,1,,705.6645056726094,710.0,364.0,939.0,435395.0,107.04395529281832,0.5558892908244313,4.710594676278279,-0.019761210373256927,0.05998723077039111,14.755103746972313,13.630802204423212,0.6118542401432192,1.082482419280082,618.4999999999999,91.04725314064338,0.9375962729602658,0.9840891010342081,3.6609769612995877
ID7811,7811,17,547.0,130.97280461865694,283.927225767244,0.0,3.0,3,13.213363408754379,1,,642.8795620437957,658.0,323.0,927.0,352298.0,108.23273767554738,0.5144028878072372,4.035180256782841,0.03284922075244318,0.033035256630779775,14.146949580467606,12.699937896912816,0.5368925259005977,1.1139384849989336,548.4999999999998,86.00548611102177,0.9318246314046796,0.983856502242152,3.672297347066912
ID7814,7814,17,546.0,132.44022567856052,282.58356206160414,0.0,6.0,6,13.189251411639768,1,,658.5484460694698,670.0,321.0,947.0,360226.0,110.85674901658447,0.52540570404787,4.092276823034565,0.022081679530180438,-0.05536223223842401,14.052908995832267,12.720217700912459,0.5964533614960441,1.1047695351019198,546.5,86.40491064484807,0.9198630615690293,0.9793906810035843,3.6960968467229476
ID8392,8392,17,608.0,134.67655134541462,284.777045579352,0.0,35.0,35,13.900147514093545,1,,705.4983552631579,720.0,351.0,955.0,428943.0,112.76474613517853,0.5577669696529274,4.480257298940669,-0.004082160715735401,0.011743044854937459,14.713324643968246,13.313156582337808,0.47958239923755774,1.1051717564479038,607.0000000000001,91.0178020436256,0.9207587777457483,0.9798224374495564,3.694298623691546
ID8073,8073,17,582.0,131.17445887445888,286.3002886002886,0.0,19.0,19,13.558169466087195,1,,676.583044982699,689.0,345.0,923.0,391065.0,105.99112576764105,0.5382964197455355,4.467484588574308,0.005274067350992499,0.004113462092362543,14.530696213085914,12.8621311717147,0.6963548546527853,1.129726949530773,577.5,88.20465323634393,0.9327792118000893,0.9788135593220337,3.6704178024077145
ID8525,8525,17,620.0,134.2600969305331,287.875605815832,0.0,39.0,39,14.036873567421145,1,,701.2265372168284,709.0,265.0,995.0,433358.0,116.83207889660491,0.5569321634450124,4.293968393395585,0.05291353087216142,-0.045283489874913256,14.820049597684955,13.627451288651377,0.6208408491415419,1.0875144063091786,619.0,91.16438872094595,0.9359444309645542,0.984884645982498,3.6642061538711803
ID8016,8016,17,556.0,132.76558752997602,285.5518585131895,0.0,12.0,12,13.303394180365686,1,,678.5035971223022,694.0,281.0,955.0,377248.0,112.74073736192825,0.5375471710132852,4.208132552363564,-0.0695125068332021,0.02835090006733051,14.364790750389853,12.610846167476186,0.8229217398740687,1.1390822280773791,556.0,86.67766850589044,0.929972729894404,0.9780123131046612,3.675951943858327
ID8210,8210,17,618.0,132.36261808367072,286.9923076923077,0.0,26.0,26,14.019855731015591,1,,669.4943273905997,676.0,319.0,957.0,413078.0,105.93841808126776,0.5376558658471008,4.4194543541995905,0.06700178005268653,0.020216339738030276,15.09499808227934,13.324124245054804,0.8273431437763834,1.1329073344450227,617.4999999999999,90.70120012753301,0.9432368491774263,0.9856344772545886,3.6500141876657977
ID8019,8019,17,585.0,133.080204778157,284.825369738339,0.0,13.0,13,13.657583728599336,1,,658.3316239316239,670.0,328.0,914.0,385124.0,109.88595944810658,0.5324943275818431,4.163404610961887,0.10861383342486747,-0.009046893708970284,14.392655155535818,13.258082674704692,0.8433595123209598,1.0855759093278092,586.0,88.97970859224847,0.930091171063611,0.979933110367893,3.675717881907492
ID8148,8148,17,634.0,132.59897070467142,287.42583795196623,0.0,29.0,29,14.177894523696521,1,,673.13470681458,686.0,292.0,932.0,424748.0,109.82000822356295,0.5434431305264612,4.3163234161696264,0.0432842981456607,-0.04875010352289134,14.80276130148813,13.866278624163336,0.7643212890116935,1.067536698396705,631.4999999999999,92.30626346767815,0.9313670653510944,0.9775541795665631,3.6731993073891727
ID8214,8214,17,619.0,132.5231743465373,287.48841282673135,0.0,24.0,24,14.031203248641027,1,,661.6877022653722,676.0,299.0,928.0,408923.0,112.1518327645287,0.5336320727403286,4.105796548974342,0.0645226488108093,-0.10924463947989364,14.86907854361329,13.574950773268114,0.7189266728648753,1.095332041490241,618.5,90.61366156158813,0.946590645009751,0.9872306464485235,3.6435424014773083
ID8216,8216,17,614.0,132.16747967479674,286.9065040650407,0.0,25.0,25,13.991446672986726,1,,670.0731707317074,684.0,325.0,952.0,412095.0,107.23896196372436,0.5406477832167564,4.385414889714395,0.0016464985964941335,0.04992168961967732,14.752243725297356,13.436137414580578,0.7691963573079151,1.0979527277898014,615.0000000000001,90.21748770128978,0.9495186987284461,0.9887459807073957,3.637920224017124
ID8093,8093,17,593.0,132.63338949733222,284.615697837686,0.0,14.0,14,13.744705069592428,1,,653.8855218855219,664.0,306.0,926.0,388408.0,109.20641389388224,0.5279421083024227,4.137737866259051,0.056811364553048714,-0.006232791034030312,14.685408649220882,13.25050771170717,0.7347837388626252,1.1082902609268277,593.5,89.42481342252579,0.9326409962875373,0.9801816680429397,3.670689766585636
ID7838,7838,17,585.0,132.03446327683616,282.6,0.0,9.0,9,13.704117368456696,1,,642.2338983050847,652.0,323.0,930.0,378918.0,107.98913453827565,0.5214118874018212,4.076404597443404,-0.0011490873841477668,0.07684374334996033,14.586399369744049,13.113257575480393,0.5894139869814771,1.1123398809017666,590.0,88.40755142008355,0.9486000671694353,0.989103101424979,3.6396812926443087
ID8158,8158,17,613.0,132.38327904451683,286.7014115092291,0.0,22.0,22,13.980066885278035,1,,665.1603927986906,677.0,288.0,918.0,406413.0,107.18744330596009,0.5358335525495856,4.330102911500153,0.017697100072223717,0.05565366697516981,14.619466101569158,13.531981988068392,0.812161391699384,1.0803639935716467,614.0,91.05949870996314,0.9305243127355162,0.9847634322373695,3.6748622933515973
ID8350,8350,17,605.0,133.8256704980843,288.232074438971,0.0,32.0,32,13.923028430838189,1,,695.0492610837439,709.0,329.0,932.0,423285.0,112.1880508501906,0.5532284447530091,4.413347711899024,0.1305203543544034,0.03278123442616762,14.777489322716834,13.430796643521322,0.5096960252367071,1.1002690097199201,609.0,91.16276091782227,0.9208570503045228,0.9775280898876404,3.6941014932764493
ID8287,8287,17,627.0,131.61588438080085,287.0701405462742,0.0,28.0,28,14.144177723236952,1,,669.1971383147853,681.0,340.0,957.0,420925.0,102.71514282249785,0.5406386486570854,4.572522981274294,0.015352662733884392,0.0690764735671188,15.018748042345287,13.651116233705084,0.608690526947338,1.1001846138606213,628.5,92.03375283478157,0.9324399728552651,0.9843382928739233,3.6710854247036013
ID8480,8480,17,604.0,135.41024578845622,285.50690417011873,0.0,37.0,37,13.860015018459311,1,,710.1887417218543,725.0,276.0,1062.0,428954.0,121.97149493980251,0.5620134798899007,4.189935978410991,0.08495427820479586,0.0633556436181292,14.674240674673701,13.378243818238678,0.5418988584653016,1.0968734666554798,603.5,90.74603571970418,0.9209410145199332,0.9820992676973147,3.693933089763774
ID8289,8289,17,630.0,131.92067876874506,286.8314917127072,0.0,27.0,27,14.200327915137432,1,,664.8264984227129,676.0,341.0,933.0,421500.0,102.6066656096475,0.5384997870401378,4.535768049974496,0.02322311648942121,0.05617870551121815,14.95189467856822,13.695268603278416,0.6818894780163614,1.0917562197348205,633.5,91.35342779185332,0.9539086517984696,0.9882995319812794,3.6295395915895603
ID7906,7906,17,560.0,131.03785822021118,284.5585218702866,0.0,11.0,11,13.26145588223798,1,,665.929347826087,674.0,339.0,934.0,367593.0,98.99124825718594,0.5265600083406792,4.640826590660068,0.13590990962391128,-0.10806591870034576,14.173298571548248,12.788461432896023,0.7106436841215918,1.1082880177509062,552.4999999999999,85.83224079603029,0.9424129495287219,0.9848484848484849,3.651609342119294
ID7907,7907,17,593.0,131.5030838239417,284.10022427810486,0.0,10.0,10,13.75627956012321,1,,641.6357504215852,653.0,288.0,908.0,380490.0,103.25289834695063,0.5211021902433585,4.2577563472384075,0.018546081580058743,0.0010327648393166978,14.493848774439414,13.380725700129501,0.44461147315869093,1.0831885429277681,594.5000000000001,88.8106862467302,0.9471772780852635,0.9850869925434963,3.642413914978941
ID8291,8291,17,610.0,133.71500958641468,288.25787455491644,0.0,31.0,31,13.917311728305744,1,,689.6144975288303,703.0,364.0,925.0,418596.0,105.74754943693529,0.5484360357383535,4.619540508877591,0.15966026911765022,0.14226449447540163,15.063468861222288,13.297556972243012,0.5177081652176332,1.1327997234879608,608.5,90.6520937325828,0.9304965521869395,0.9846278317152104,3.6749171110895498
ID8547,8547,17,610.0,134.3340180772391,286.2343193645577,0.0,38.0,38,13.917311728305744,1,,713.8580858085809,727.0,344.0,999.0,432598.0,116.58415040044801,0.5624943930860717,4.408614216628348,0.07335326771378947,0.0058002013485252985,14.691736883267762,13.709898982868634,0.5178615986456256,1.0716152541769999,608.5,89.80003618029708,0.9482381482733848,0.9918500407497961,3.6403758142523825
ID8425,8425,17,615.0,133.5938352427714,286.68439716312054,0.0,34.0,34,13.945871807036523,1,,696.2336601307189,708.0,348.0,958.0,426095.0,110.26340718180687,0.5516707695445077,4.489872389256852,0.10395898618943228,-0.11383093542174091,14.508975370471507,13.789826511468096,0.5417368309347981,1.052150682128259,611.0000000000001,91.08505303216103,0.9254582754115735,0.9823151125401931,3.6849068203618
ID8298,8298,17,629.0,133.3045611243702,286.58220631132326,0.0,30.0,30,14.144177723236952,1,,675.7830940988836,690.0,345.0,951.0,423716.0,112.74194077157635,0.5442167076426893,4.224890287663841,0.06370327155996132,0.022153571912972757,14.876988526810486,13.613081602726808,0.7929292817519032,1.092845026641911,628.5,91.68795557606964,0.9394865518710771,0.9827990617670055,3.6572921017404627
ID8043,8043,17,595.0,132.17778704475953,283.22504865165416,0.0,15.0,15,13.814006542896326,1,,651.819397993311,659.0,306.0,889.0,389788.0,103.6984296564071,0.52689556893027,4.338107484339839,-0.022619218440288313,0.06662998714723338,14.42006318425311,13.54190119121892,0.6872950489312307,1.064847762558157,599.5,89.31352093972707,0.9444188143040728,0.9860197368421053,3.647729427932022
ID7792,7792,17,548.0,132.80872075357033,282.8281677301732,0.0,7.0,7,13.213363408754379,1,,660.9945155393053,678.0,332.0,946.0,361564.0,105.37519729185719,0.5273244235768971,4.331477281612011,0.0013366166744344992,0.02514261938502258,14.06366380710379,12.54109294906289,0.6829607378291374,1.1214065523814392,548.4999999999999,85.86593260180875,0.9348559866006544,0.9847396768402152,3.6663386343750806
ID7794,7794,17,537.0,132.31439393939394,283.9832702020202,0.0,5.0,5,12.964089628857149,1,,669.4933586337761,686.0,323.0,932.0,352823.0,115.55536034999973,0.5278390274762843,4.003225653770452,-0.09888744080584363,0.030569694211502435,13.726462239417096,12.797292669915718,0.665806023597307,1.0726067296785122,528.0,84.56509886622453,0.9278151606162177,0.9823255813953489,3.680223546573552
ID8371,8371,17,599.0,133.85033444816054,288.4969342251951,0.0,33.0,33,13.796713809378915,1,,706.8010033444816,727.0,294.0,1009.0,422667.0,112.91073036172163,0.5567606785394356,4.4775313818305165,0.05123239707997105,0.07144797724780667,14.619682667469192,13.370970994865761,0.5848608728782391,1.0933897525529683,598.0,90.19715207009116,0.9236882045813807,0.9747351263243685,3.6884358381794407
ID8566,8566,17,567.0,132.6608187134503,282.25,0.0,0.0,0,13.469841688927183,1,,612.7561403508772,626.0,275.0,907.0,349271.0,107.9324880401268,0.503599829848358,3.8029339797140813,0.07209436307433213,-0.04900805959784407,14.194325945186021,13.037558108329216,0.5002381146854608,1.0887258048819577,570.0,87.36513198510477,0.9384441794076419,0.9853068280034573,3.6593226980380944
ID7991,7991,17,617.0,132.01375404530745,283.3878101402373,0.0,16.0,16,14.02553063743339,1,,638.1650485436893,649.0,313.0,905.0,394386.0,107.31922091760019,0.5236366748102056,4.087277623906178,0.11908657897190664,-0.1672460442895051,14.611538807910994,13.999145941756066,0.6595616582265573,1.0437450162104753,618.0,90.1396359957032,0.9557993683859821,0.9919743178170146,3.6259479236978467
ID8120,8120,17,606.0,132.12454973676918,286.63771127736214,0.0,21.0,21,13.837029903109627,1,,669.009917355372,680.0,272.0,937.0,404751.0,114.8968868310625,0.539733559182323,4.082142269958109,0.18729985934782659,-0.04778996583548981,14.505198696284339,13.592462838414143,0.9000702924219118,1.0671501455417396,601.4999999999998,90.1458741847718,0.9301517048988409,0.9836467702371214,3.6755982729664476
ID8504,8504,17,623.0,133.72159850307406,288.4048382785351,0.0,41.0,41,14.087803733570164,1,,702.4496,713.0,286.0,959.0,439031.0,107.9504476065826,0.5558713131561144,4.6496611717644605,0.07392935641649662,-0.10898668811850368,14.86620153488702,13.690926016318087,0.3491209165136677,1.0858433912481984,623.4999999999999,90.97239213653225,0.9467320777622283,0.9881141045958793,3.6432702360516376
ID8314,8314,17,625.0,132.8624933119315,287.2260567148208,0.0,23.0,23,14.082153922340915,1,,662.7758064516129,670.0,339.0,975.0,410921.0,107.96805784067878,0.5334977910671395,4.271209011133338,0.09984173652487618,-0.13636511639150595,14.971481196287186,13.709599501915879,0.7254479373016991,1.0920436584741198,623.0,91.38742669747975,0.9374001389464282,0.9857594936708861,3.6613599378539727
ID7804,7804,17,583.0,132.45189003436425,283.05612829324167,0.0,2.0,2,13.610890997982688,1,,612.9845360824743,624.0,323.0,896.0,356757.0,101.8416209972148,0.501700356042501,4.021752463054887,0.01706127949734902,0.028376746086588998,14.369718422386676,13.006700233868605,0.5164712995835611,1.1047935420983148,582.0,88.88206730961598,0.9257730927969442,0.9806234203875316,3.6842802243959065
ID7805,7805,17,544.0,131.34546850998464,284.0360983102919,0.0,4.0,4,13.14089469003943,1,,650.7771639042357,659.0,308.0,964.0,353372.0,105.39348198924003,0.518620658785278,4.217441396426718,0.21195227773866318,-0.01759882446979659,14.113784547973442,12.677424696810334,0.5547678363501787,1.1133006020950373,542.5,85.73642282570579,0.927425189617836,0.9827898550724635,3.680997209845547
ID7871,7871,17,566.0,132.23538913362702,282.57665198237885,0.0,1.0,1,13.440270101798594,1,,619.4479717813051,626.0,304.0,917.0,351227.0,103.66024122023182,0.4976062404671582,3.9710997199527456,-0.05409483245806625,0.06469735016180249,14.185194676309633,12.952128820389637,0.6274709050371031,1.0952017906105802,567.5,89.16819831420933,0.8969242098380549,0.9742489270386268,3.7430623262448615
ID8447,8447,17,606.0,134.96530054644808,284.65546448087434,0.0,36.0,36,13.934454799959429,1,,704.2078559738134,720.0,335.0,971.0,430271.0,124.26475307268466,0.5599478582088611,4.068369649829614,0.1824741604450786,-0.05851395076859536,14.716324458515391,13.903202154596956,0.518184520516042,1.058484534345175,610.0000000000001,91.05136857820766,0.9246273660862014,0.9894566098945663,3.6865621552514427
ID7968,7968,18,197.0,31.07783417935702,206.15651438240272,0.0,13.0,13,7.918778161951927,1,,379.5128205128205,373.0,262.0,492.0,74005.0,49.34324956958323,0.29239152772752236,3.4801613714764037,0.2297601123161143,0.2753294307501565,10.883935956577952,6.367271285909497,-1.0238175133607577,1.7093564052569339,196.99999999999994,56.338004303149,0.7799615127253039,0.9314420803782503,4.013916608805526
ID7749,7749,18,131.0,30.57948717948718,203.1346153846154,0.0,7.0,7,6.432750982580687,1,,433.3333333333333,441.0,281.0,567.0,55900.0,45.8609197283846,0.30493964944423296,4.41603801003698,0.03998981736967632,0.020813092988953702,8.81144036862531,4.924084167374678,2.1787725165422085,1.7894577080966536,130.0,45.91771709184714,0.7748054027928322,0.9523809523809523,4.027250200367598
ID7781,7781,18,171.0,31.209426627793977,204.19873663751216,0.0,9.0,9,7.388514429878316,1,,395.8720930232558,403.0,260.0,507.0,68090.0,52.42835189230484,0.29457400371755293,3.4362615534153815,0.1022108739766069,0.2276489890054422,9.677209052106562,5.987776652489629,1.997781566499203,1.6161606575761176,171.49999999999997,50.81218565909771,0.8347150345052134,0.9581005586592181,3.880036526724324
ID8038,8038,18,192.0,32.22236503856041,205.1572407883462,0.0,19.0,19,7.868371677974248,1,,376.7371134020619,377.0,238.0,480.0,73087.0,48.228600332893485,0.2817919676897824,3.4345892570750323,0.14807930232711272,-0.30320270712851877,10.721460698877712,6.255857847731651,1.9305638457572298,1.713827417412509,194.5,55.01972810523295,0.807407148033539,0.9511002444987775,3.9451056402808318
ID8230,8230,18,145.0,32.84018264840183,204.21004566210047,0.0,28.0,28,6.817128675830715,1,,368.472602739726,365.0,281.0,465.0,53797.0,42.952932573077064,0.19161805605407647,2.7589366737632925,-0.057238731840540215,-0.24403870105019992,10.002167136504754,5.08270991177696,1.5156944346917516,1.9678807781906067,146.0,52.46912966889048,0.6664307058288896,0.9153605015673981,4.342376068381498
ID7752,7752,18,138.0,30.86678614097969,202.76642771804063,0.0,8.0,8,6.663649834935716,1,,421.89208633093523,428.0,303.0,521.0,58643.0,47.89022632541778,0.29814530116027976,4.0465894860070835,0.1299745906510207,0.07948631621642721,8.84866172097232,5.362830375633165,2.0074112024124036,1.6499984338825182,139.49999999999997,46.38954209255357,0.8145990519798748,0.9489795918367345,3.9276518248233243
ID7983,7983,18,189.0,31.239473684210527,205.74473684210525,0.0,12.0,12,7.776816725043751,1,,382.16402116402116,385.0,270.0,512.0,72229.0,49.833228006335936,0.28496067696073357,3.4013856105227056,-0.009957614007256739,-0.03563549687630412,10.692685606525144,5.911524422700434,-1.1378468783601152,1.8087865061446597,189.99999999999997,54.02543994427838,0.8180254975368746,0.9743589743589743,3.919417358131872
ID7760,7760,18,64.0,32.17167919799498,200.95112781954887,0.0,6.0,6,4.600826820390231,1,,463.83076923076925,465.0,385.0,553.0,30149.0,37.28126591817314,0.19789994834754282,4.110778104782808,2.638750495857396E-4,0.009487125500597682,5.114852587699281,4.342293523223523,-0.8168068604073918,1.1779149798013298,66.5,29.79246387258243,0.9414964061329579,1.0,3.65338632409298
ID8017,8017,18,233.0,32.223419540229884,205.22413793103448,0.0,20.0,20,8.593479713983122,1,,361.6391304347826,361.0,251.0,490.0,83177.0,53.264399731119994,0.27867906094718464,2.95945104242389,0.008451884041804397,-0.09541176133473334,10.764140517897086,7.262104085853231,1.882895781176173,1.4822344035065422,232.0,58.829707481517005,0.8423730635150899,0.9508196721311475,3.862359517789465
ID8145,8145,18,167.0,32.73837784371909,204.8194856577646,0.0,22.0,22,7.323606749544156,1,,381.6547619047619,384.0,272.0,513.0,64118.0,44.72042067213446,0.27198616255708624,3.6497172796940633,0.021270483718436848,0.014878881028407929,9.975578704100663,5.6187264696816355,1.7946527515338415,1.7754163257329543,168.49999999999997,51.51264771817124,0.7979616568108749,0.9573863636363638,3.96838610502486
ID8114,8114,18,229.0,32.49490538573508,204.7008733624454,0.0,21.0,21,8.537737635702333,1,,365.646288209607,367.0,243.0,513.0,83733.0,54.83933268565361,0.28712400480303707,2.9747338562918912,-0.011513456104179715,-0.09952511942571671,10.873638128489242,6.923116778406655,1.9309611790088261,1.570627576643564,229.0,58.8048014489436,0.8321847835496069,0.960167714884696,3.8859306593530345
ID7955,7955,18,221.0,31.588495575221238,205.56120943952803,0.0,18.0,18,8.481629223064205,1,,362.6387665198238,358.0,230.0,515.0,82319.0,53.54802570477154,0.2834104898139501,2.9909633909477966,0.19847416669661885,-0.023217253502674767,10.522489623125793,7.3795994918230035,2.007407081110185,1.4258889841901694,226.0,57.67406016742524,0.8538021632634557,0.967880085653105,3.8364214152257303
ID7764,7764,18,50.0,31.0859649122807,203.79473684210527,0.0,5.0,5,3.888408362521876,1,,456.04545454545456,462.0,353.0,555.0,20066.0,41.0835532902325,0.12953117320225516,2.5459285222242873,0.250486726487469,0.22543786406828253,4.7358140578384536,3.7451422756176465,2.5562333513631184,1.2645218016603725,47.5,28.908261948856808,0.7142652323935897,0.9223300970873787,4.194451495170915
ID8245,8245,18,82.0,32.63211382113821,203.45325203252034,0.0,27.0,27,5.10895396995029,1,,370.85185185185185,373.0,287.0,467.0,30039.0,47.41653485629014,0.12146522805673374,1.6942082492613075,9.99388066516318E-4,0.27092927010358203,8.117699073394515,3.460464802083771,1.6531218383684394,2.345840671029603,81.99999999999999,39.89764129971692,0.6473352749001177,0.9425287356321838,4.405957415514564
ID7894,7894,18,171.0,31.32248520710059,204.57692307692307,0.0,10.0,10,7.334464586120832,1,,392.20238095238096,393.0,266.0,493.0,65890.0,49.85266430201794,0.28102594838816886,3.451758025105501,0.1668663807981194,0.11714479691535766,9.957275433829736,5.788380561968866,-1.1533924470843138,1.720217827288615,169.0,51.63791719903257,0.7964511341388473,0.9629629629629627,3.9721474768486593
ID7990,7990,18,204.0,32.295180722891565,205.78514056224898,0.0,15.0,15,8.127072128579675,1,,369.1826923076923,370.0,243.0,517.0,76790.0,51.479044922632504,0.28072265532101776,3.1438601472455256,0.17320916169055953,-0.03550715977336079,10.879798861402259,6.433036623542591,2.097271520301054,1.6912384458664704,207.50000000000003,56.63284861888569,0.8130011331325558,0.9764705882352941,3.931509745687007
ID7895,7895,18,166.0,31.028358208955225,203.71990049751244,0.0,11.0,11,7.301842639757786,1,,395.70238095238096,396.0,297.0,513.0,66478.0,47.37031581744442,0.28834884599660904,3.73918647178459,0.10733770961031967,0.03142016432907491,9.513732642636159,5.943273273306665,1.866072897115378,1.6007563854358986,167.50000000000003,50.78498987887083,0.8161198384453549,0.9654178674351587,3.9239906560335847
ID8183,8183,18,236.0,32.37157894736842,204.89719298245615,0.0,26.0,26,8.694745422877562,1,,352.9957983193277,351.0,238.0,514.0,84013.0,53.01122386522604,0.2513847119354096,2.6753445300746197,0.1500405857084985,-0.04119370364797908,10.72876146982265,7.581834792441679,1.5403819958341634,1.4150613622599821,237.50000000000003,59.22358006077066,0.8509110513279989,0.9674134419551935,3.842933328763883
ID7929,7929,18,197.0,31.642982456140352,204.87456140350875,0.0,17.0,17,7.776816725043752,1,,381.5105263157895,378.0,284.0,486.0,72487.0,47.10808684591608,0.29075459708719675,3.648580757378452,-0.11039145330431241,0.09059229909343779,10.2437466614559,6.460965891238002,2.054966267365094,1.5854822380888733,190.0,55.17016780687645,0.7844311930430595,0.9290953545232273,4.002464645847281
ID8281,8281,18,162.0,33.04943934760448,204.1625891946993,0.0,23.0,23,7.214129635032196,1,,385.9325153374233,385.0,265.0,518.0,62907.0,47.63079831970375,0.2609905850227016,3.3540265952445356,0.17805539093286438,-0.05025920963735667,9.635672133270754,5.797156560321505,-1.3923241586201724,1.6621376416193197,163.5,50.45846231077202,0.8069741032848908,0.9533527696793003,3.946164025017215
ID7963,7963,18,217.0,31.789954337899545,205.91780821917808,0.0,16.0,16,8.349243383340204,1,,363.38532110091745,362.0,232.0,511.0,79218.0,49.872262315980116,0.27806193632735626,3.1705013940747873,0.02015430944621824,0.15149588225556013,11.126109961813,6.637408254837507,1.9660438263480162,1.676273258271256,219.0,56.641979709968865,0.8577823990877519,0.9842696629213483,3.8275102876571236
ID8061,8061,18,192.0,31.903418803418806,205.81196581196582,0.0,14.0,14,7.8784787748549014,1,,378.9179487179487,377.0,244.0,497.0,73889.0,46.987862393020166,0.2905661695568513,3.63123417270578,-0.05443563601188797,-0.05619854816588391,10.591538125142488,6.3544883380971395,-1.0268146094607853,1.6667806378120036,195.00000000000003,55.658121508389485,0.7910198579018889,0.9653465346534655,3.9857608673251783
ID8189,8189,18,237.0,32.20168067226891,204.82633053221286,0.0,24.0,24,8.703892974511014,1,,359.3487394957983,356.0,254.0,507.0,85525.0,51.98328417719933,0.26446693324904624,2.89165389276044,-0.010161926282038342,0.09633869309511794,11.03057112555025,7.097952219284563,-1.4130709278096292,1.554049785736945,238.0,59.37000962908816,0.8485014373669472,0.9616161616161616,3.84838613089028
ID8191,8191,18,172.0,31.661958568738232,205.20621468926555,0.0,25.0,25,7.506054213402069,1,,373.68333333333334,374.0,280.0,493.0,67263.0,46.88074434076463,0.2469318916945045,3.156993416786857,-0.0017945482544333342,0.07828161077629048,10.072652799938727,6.1455501714957315,1.67924341048382,1.6390156322631078,177.0,52.70527954188686,0.8007093284228594,0.9645776566757494,3.9615714022438016
ID8260,8260,19,243.0,23.81656184486373,184.07931516422082,0.0,23.0,23,8.713030922407775,1,,335.26359832635984,332.0,249.0,442.0,80128.0,36.69980384312285,0.24325637807832415,3.574836592506067,-0.09257640463502552,0.06280289261842581,11.222861335931164,6.988689768793782,2.9097839025834307,1.6058605700376054,238.5,60.38954209255357,0.8218163443324434,0.9655870445344129,3.910367231248413
ID8132,8132,19,294.0,23.492617830777967,185.27967064168087,0.0,29.0,29,9.665606633571562,1,,325.47098976109214,328.0,212.0,435.0,95363.0,39.102999018440975,0.23595724236713644,3.178059899543358,-0.06437748227114062,-0.04789365511864743,11.809464520051055,8.150033574449784,-0.35803074954257047,1.4490080822579092,293.50000000000006,64.7432654408793,0.87989078529326,0.9783333333333335,3.7791188232035653
ID8517,8517,19,296.0,23.887005649717516,185.60225988700563,0.0,39.0,39,9.690274321412074,1,,328.97627118644067,327.0,209.0,439.0,97048.0,41.99120550532163,0.2395137212326361,3.0277170479828555,0.02899434800563617,-0.003967727002830951,12.116782971634484,7.869452972781921,-0.25710771905981816,1.5397236648522845,295.0,64.24182870363583,0.8982476504890895,0.9866220735785953,3.7403038738091174
ID8007,8007,19,226.0,25.006756756756758,183.6448948948949,0.0,20.0,20,8.406235467365969,1,,336.26339285714283,336.0,247.0,453.0,75323.0,35.6536314304281,0.24334765953644663,3.6918190641352497,-0.1719849931033376,0.4188622928446755,11.055703937009548,6.967056990233513,2.886052566288626,1.5868542416844786,222.00000000000003,57.67438827398266,0.8386810780444318,0.9910714285714287,3.870851492084818
ID7944,7944,19,275.0,22.80627306273063,185.4809348093481,0.0,18.0,18,9.287732724180174,1,,323.6102941176471,320.0,214.0,430.0,88022.0,41.57626217322739,0.23987577418223796,3.0117234908223187,-0.020647899459449382,0.0037462853098759346,11.970198515319346,7.441675334355521,2.915233645088237,1.6085354409453034,271.0,63.382592206482016,0.847694101287131,0.9730700179533214,3.8502182785744257
ID8140,8140,19,255.0,23.14566929133858,183.42650918635172,0.0,22.0,22,8.991702346646202,1,,328.7351778656126,327.0,246.0,451.0,83170.0,36.64508330762806,0.24378591747393036,3.516603806921603,0.0860226825864314,-0.09945718244341104,11.611530603115614,7.100974830811541,-0.2413277741954939,1.6352023320421458,253.99999999999997,62.8488435826073,0.8080700275427551,0.9584905660377357,3.943487175212706
ID7950,7950,19,254.0,24.16202783300199,185.5748840291584,0.0,16.0,16,8.947342419692195,1,,329.144,329.0,229.0,434.0,82286.0,41.600452577087104,0.24600842268251177,3.1242579339776406,0.1631804703851538,0.01674426997277642,12.142575146206607,7.044615494833857,2.886384163658629,1.7236675522051303,251.5,61.73022912943311,0.8293771679943077,0.984344422700587,3.892502447228412
ID8400,8400,19,306.0,25.070480928689882,186.116362631288,0.0,34.0,34,9.79644990210295,1,,325.112582781457,326.0,222.0,431.0,98184.0,41.98473746515562,0.22524505687915908,2.847112590867797,-0.02235538940405998,0.015714600200789148,12.26869498573842,8.01451751042051,-0.3205010936322248,1.5308089313906432,301.49999999999994,65.860465832425,0.8734691769624555,0.9804878048780485,3.792985128447464
ID8464,8464,19,287.0,23.279541446208114,185.81393298059965,0.0,37.0,37,9.499518552700692,1,,331.0561403508772,331.0,199.0,446.0,94351.0,43.86186309707361,0.23633517516746608,2.8856038422656707,0.10972708858072235,0.010120807183860395,11.230735605157106,8.331368674485054,2.9236835588779857,1.3480060772669211,283.5,62.50731608361059,0.9118034346485593,0.9826689774696705,3.712396205581828
ID8018,8018,19,272.0,23.61356660527931,184.13106200122775,0.0,19.0,19,9.296296794901677,1,,324.5814814814815,324.0,242.0,425.0,87637.0,36.968775501892424,0.243771198942142,3.4416013650069304,0.04609171307320053,0.02010378132408424,12.315019025347521,7.248450500163139,2.9318986329105323,1.698986428212533,271.5,64.47449016338183,0.8207367207734976,0.9610619469026549,3.9129382976113383
ID8342,8342,19,308.0,24.887888707037643,186.59110747408621,0.0,32.0,32,9.861220524313817,1,,322.69934640522877,323.0,225.0,428.0,98746.0,40.25664958285758,0.21836699416665198,2.8734214198243695,0.01179346617877629,0.10518395303205044,11.803487166809964,8.628342023539245,-0.1910656370357633,1.3679901810346076,305.5,66.72724283212932,0.8622133009668418,0.9652448657187994,3.8176628594733377
ID8535,8535,19,301.0,23.558856819468023,185.00594227504246,0.0,38.0,38,9.682058741875426,1,,333.0912162162162,332.0,224.0,431.0,98595.0,43.82587027811823,0.2506078458901236,3.0460437837244227,-0.03241900629812267,-0.03252299979232069,11.563622947885777,8.352676039819933,-0.3165362082142848,1.3844213390724378,294.5,64.29970438728373,0.8951116520373497,0.978405315614618,3.746850169747938
ID8218,8218,19,277.0,23.62852852852853,186.11381381381383,0.0,28.0,28,9.39845696995001,1,,329.7132616487455,331.0,228.0,441.0,91990.0,40.26660526733082,0.22890793941811627,3.05044289877108,-0.0113015149352224,0.20127121324483993,11.539008358228067,7.972178030635845,-0.29050942109675487,1.447409768558284,277.5,62.64285013779135,0.8886481338982614,0.9857904085257548,3.7604517044113246
ID8477,8477,19,277.0,22.972868217054266,185.60554561717353,0.0,41.0,41,9.432264478287783,1,,341.9142857142857,343.0,205.0,472.0,95736.0,47.289618722447855,0.2614337031854026,2.9969436291797518,0.01249095809894581,-0.05415294629267692,11.534334549455286,7.909492931568528,-0.25343351572058126,1.4582900129310712,279.49999999999994,62.743265440879284,0.8921901846499433,0.985890652557319,3.75297966686595
ID8417,8417,19,331.0,23.755255255255257,185.89539539539538,0.0,36.0,36,10.295493776366547,1,,321.57057057057057,324.0,190.0,450.0,107083.0,48.137028041304866,0.2214208591790613,2.422033899579702,-0.04042908817568332,0.07866689045542291,12.312279475355158,8.898260207363183,-0.3118656656438902,1.383672671784415,333.0,67.29818121786244,0.923947815532235,0.992548435171386,3.687917613236334
ID7975,7975,19,212.0,25.75333333333333,185.09450980392157,0.0,15.0,15,8.224405803099426,1,,337.5399061032864,332.0,253.0,462.0,71896.0,39.12033387680441,0.23955334300668346,3.3349519668217704,-0.09459561279731925,-0.09209911542987455,11.021819083084718,6.569208608255944,-0.243931392485317,1.677800133981572,212.5,57.3518845621118,0.8118455452111258,0.9725400457665903,3.9343068230634675
ID8232,8232,19,258.0,23.632428940568477,185.26937984496124,0.0,27.0,27,9.062226582657155,1,,336.01937984496124,334.0,242.0,452.0,86693.0,40.905266997006656,0.2494716705247829,3.280272411272103,-0.06307350300564521,0.0069040875783664525,11.306375556649634,7.4500477804332705,-0.271897370235306,1.517624569649685,258.0,60.113436869588696,0.8971941903983145,0.9923076923076923,3.7424991092126483
ID8424,8424,19,320.0,23.161442006269592,185.87722048066877,0.0,40.0,40,10.076748170547344,1,,326.8647798742138,327.0,204.0,450.0,103943.0,49.67341879526146,0.24394729800044596,2.5808817252143483,0.055544640451431586,0.024632760252993317,12.331775211463151,8.59156963647086,2.7737579555997334,1.4353343723264806,319.00000000000006,68.32376567007671,0.8587306380108105,0.977029096477795,3.825396471897864
ID8042,8042,19,215.0,23.544392523364486,185.31230529595015,0.0,14.0,14,8.253382073025046,1,,338.2383177570093,337.0,235.0,453.0,72383.0,38.57721029266223,0.2408120793046013,3.4032530139426753,0.10908251884944414,0.09411069479182628,10.752317449524014,6.5765347948685235,-0.1800988095061237,1.634951807434172,214.00000000000003,57.794658175208056,0.80509705581957,0.9596412556053812,3.9507614985773127
ID8363,8363,19,297.0,24.693367060146148,186.89404159640247,0.0,33.0,33,9.714879374109282,1,,327.80405405405406,325.0,225.0,439.0,97030.0,43.741716315444215,0.22843319216318755,2.7871231750847656,-0.08112868379453443,0.02190724352662457,12.431938640587882,8.021939819361023,-0.2869923036882862,1.549742197090944,296.5,65.49383452044968,0.8686278015379785,0.9866888519134775,3.8035407131780326
ID8237,8237,19,301.0,23.709774848984075,186.02937946183414,0.0,31.0,31,9.828888566708876,1,,322.47194719471946,322.0,231.0,423.0,97709.0,40.13056140622332,0.22983768468425927,3.0034481703292535,-0.07705217104447007,-0.004885308043183636,12.087635487303674,8.25077374255034,-0.2630146633433457,1.465030537071466,303.5,66.18399191690342,0.8706881682269122,0.9743178170144462,3.799037763394739
ID8111,8111,19,273.0,23.46193984039288,183.24769797421732,0.0,21.0,21,9.296296794901677,1,,325.8868613138686,325.0,237.0,449.0,89293.0,36.667473818991255,0.24730459270297336,3.5243214802928655,0.022219132735539306,0.06310372217543926,11.977138716902592,7.568803390615039,-0.13626015913815068,1.5824349106166085,271.5,63.3854474440546,0.8491816035296537,0.9731182795698923,3.8468446076357865
ID8175,8175,19,275.0,23.220410628019323,185.3677536231884,0.0,26.0,26,9.373021315815206,1,,328.6290909090909,329.0,222.0,442.0,90373.0,41.07391269303503,0.2383517188168966,3.079953801590871,-0.0539458131226135,-0.04753533504859622,11.559551170417599,7.762927629678912,-0.2502274890860011,1.4890710981542052,276.0,62.65011974025165,0.8836395286666141,0.9822064056939501,3.771094055427892
ID8179,8179,19,230.0,24.178388278388276,185.2194139194139,0.0,24.0,24,8.509729672957443,1,,340.4273127753304,338.0,261.0,433.0,77277.0,36.774338798601185,0.24172483218615387,3.604171270763369,0.027477596992406175,0.008084904429274222,10.920487505977375,6.9060071138324295,2.9536664143571323,1.5813026725825574,227.50000000000003,58.94199452598599,0.8228896680446849,0.9639830508474577,3.9078161848980364
ID8243,8243,19,311.0,23.27921378567582,184.43537964458804,0.0,30.0,30,9.925568486181698,1,,322.6116504854369,322.0,199.0,441.0,99687.0,42.977621708531046,0.2309758753155245,2.816986357426141,0.06156240605980769,0.13976306314747675,12.154501545920398,8.460324146904055,-0.3566366017281395,1.4366472649122055,309.5000000000001,66.28525525356828,0.8851903103998783,0.9825396825396829,3.767789281685161
ID7926,7926,19,158.0,22.243257820927724,184.2918015102481,0.0,17.0,17,7.012765318716694,1,,343.8376623376623,341.0,262.0,426.0,52951.0,36.938824320923324,0.1985336009080421,3.083785614276739,0.279949620560006,-0.019805767461275776,9.806767875926282,5.2920339474890525,-0.14645882222339432,1.8531188524554658,154.49999999999997,51.726426087734836,0.7256269462695729,0.9478527607361963,4.161484017576304
ID8182,8182,19,262.0,23.410941475826974,185.72264631043257,0.0,25.0,25,9.13220620552083,1,,329.08396946564886,328.0,236.0,425.0,86220.0,37.8231493038778,0.23599712639637813,3.322525245927813,-0.08486432906975502,-0.012989302206096951,11.596988114843947,7.431230093945932,-0.25613039800727516,1.5605744901226746,262.0,61.62734874093433,0.8668903858536144,0.9757914338919925,3.807350320263284
ID8383,8383,19,313.0,24.52724358974359,185.90918803418802,0.0,35.0,35,9.965574970333758,1,,327.69032258064516,325.0,221.0,439.0,101584.0,43.37681180636262,0.23494374589819683,2.8744363548202467,0.030776117680558466,0.039647656154243975,12.330915828035376,8.231148725136281,2.929313987297106,1.4980795803602998,312.0,67.16784067308588,0.8690438381202903,0.9734789391575663,3.8026301713609207
ID8064,8064,20,153.0,72.73085221143474,506.5992448759439,0.0,18.0,18,7.012765318716695,1,,1213.4039735099338,1229.0,623.0,1730.0,183224.0,262.2472924247378,0.34851331949367687,2.3915999499631266,0.7330979409730529,1.9452588275747604,9.809337305352324,7.152822550981386,0.684450874179353,1.371393912743782,154.5,50.6853860995746,0.7557407313567307,0.968652037617555,4.077730478040467
ID8128,8128,20,180.0,73.46952908587258,506.55724838411817,0.0,21.0,21,7.579903327627221,1,,1188.5222222222221,1221.0,541.0,1600.0,213934.0,253.8393336830268,0.42986600480774323,2.8152446578975234,0.7173974030372776,1.6448147016030028,10.90124143575035,7.105227882687242,0.44098466678871384,1.5342564117208064,180.5,54.45846231077202,0.7648148668636727,0.989041095890411,4.053468209783044
ID8512,8512,20,235.0,81.64957264957265,506.1880341880342,0.0,41.0,41,8.630441087627387,1,,937.2801724137931,939.0,407.0,1335.0,217449.0,186.56457615803274,0.38969171432314664,2.8175585098756146,0.7203008694603938,1.3393131726662137,12.72700739712948,7.467924678595756,0.29357409150916736,1.704222785428873,233.99999999999994,64.09112660645485,0.7158629897654161,0.9770354906054277,4.189768015569987
ID8449,8449,20,228.0,80.49118942731278,506.5675477239354,0.0,34.0,34,8.500373177909337,1,,970.8185840707964,964.0,412.0,1473.0,219405.0,234.45236011652437,0.3888192047618822,2.318544642079615,0.83202744945006,2.04764874621378,12.663543768621677,8.384265257793013,0.2334484318817749,1.5103939795858865,227.0,65.60989317173667,0.6626696186122532,0.9478079331941545,4.354681556966545
ID8324,8324,20,230.0,76.64614830813534,506.1709863210943,0.0,27.0,27,8.5842145040503,1,,1137.6437768240344,1163.0,455.0,1672.0,265071.0,254.99387613908058,0.4403627776302474,2.7280055732046056,0.6268495719821947,1.9193437833405114,12.1762611089663,8.347400273049448,0.37112659395094016,1.4586890182178962,231.49999999999994,62.97183057410055,0.7336150339871855,0.9706498951781968,4.138765503830132
ID8325,8325,20,249.0,76.03454057679409,506.03185781354796,0.0,28.0,28,8.893818455347061,1,,1102.4897959183672,1130.0,346.0,1574.0,270110.0,239.10138483813844,0.4396671992154344,2.8163358249648938,0.8589560418745424,2.0584800803404426,12.789316301086588,8.846452215629391,0.33250670119551007,1.4457000376366897,248.5,64.5610682588288,0.7491949502205828,0.9920159680638723,4.095505479139612
ID8329,8329,20,213.0,77.99766355140187,506.7671339563863,0.0,31.0,31,8.253382073025046,1,,1057.392523364486,1089.0,403.0,1482.0,226282.0,218.95604879824594,0.4103756418509129,2.8103218485456147,0.9840447178422457,2.11661786636132,12.95226075291583,7.897602831095563,0.34236871369498,1.6400243250924635,214.0,62.91993090765311,0.6792773963925974,0.9661399548532733,4.301117929783581
ID8459,8459,20,253.0,81.4238845144357,505.91010498687666,0.0,36.0,36,8.991702346646203,1,,984.7125984251968,990.0,452.0,1462.0,250117.0,220.0724999088856,0.38397299112818667,2.482828805239918,0.9283748113214568,1.116396701237842,13.45434178615082,7.54587809159312,0.2806679069242027,1.783005453154661,254.0,66.49702079906724,0.7218371068676537,0.9731800766283525,4.1723941724767615
ID8333,8333,20,262.0,77.2952655150352,506.03422904670504,0.0,30.0,30,9.106026869654924,1,,1078.87072243346,1098.0,491.0,1518.0,283743.0,217.3995126696886,0.44071967214770247,3.0361539378348614,0.785404700354215,1.756565673320727,13.358056569748308,8.55049171374855,0.29181188819297343,1.5622559516980241,260.5,67.19634619424349,0.72498041395989,0.9904942965779467,4.163339194791741
ID8270,8270,20,221.0,76.29252479023647,506.36193745232646,0.0,26.0,26,8.339706837243037,1,,1146.5483870967741,1164.0,552.0,1654.0,248801.0,254.29319020185076,0.43865582134637715,2.749505818015689,0.6151851855048373,1.720941821482664,11.875842268378316,7.951364071332208,0.3060943271830143,1.493560370502389,218.50000000000003,60.9687091115824,0.7386646330704063,0.9842342342342343,4.124594697920979
ID8338,8338,20,199.0,73.79974811083123,506.404282115869,0.0,23.0,23,7.948868624369285,1,,1192.7070707070707,1217.0,590.0,1623.0,236156.0,255.06516545768125,0.4034419318586716,2.688433048957015,0.36022872965335706,1.0379945972476692,11.05071286273541,7.1762081190742135,0.35776103704748347,1.53990975169224,198.5,58.80548957968881,0.7213310635095529,0.9612590799031479,4.173857468794066
ID8274,8274,20,215.0,74.73456790123457,506.16435185185185,0.0,24.0,24,8.291859587312052,1,,1182.7488372093023,1216.0,447.0,1708.0,254291.0,276.46563083625483,0.40812116085675626,2.479878849376309,0.7987777838042377,2.14270066891723,11.852340085993845,8.355971076898436,0.5097331036284309,1.4184276102584583,216.0,60.69838051457364,0.7367317854880985,0.972972972972973,4.13000167983329
ID8276,8276,20,215.0,75.77166276346604,506.39227166276345,0.0,25.0,25,8.243734633055537,1,,1168.8194444444443,1190.0,510.0,1696.0,252465.0,271.4165078554253,0.3887812353908428,2.4110855525817136,0.8810264212052109,1.8666523225476666,12.350924633117087,7.699001706280041,0.40933915234744545,1.6042241714328358,213.5,60.444947180435804,0.7343240270896485,0.9861431870669746,4.136767023110272
ID8407,8407,20,249.0,80.84126984126983,505.99603174603175,0.0,35.0,35,8.95623198216277,1,,966.428,970.0,376.0,1474.0,241607.0,237.71863497348,0.3824098984323525,2.249202524929595,0.7851073646498176,0.983030906672424,12.920378438739085,7.832293771625551,0.15764170149774037,1.6496289357207716,251.99999999999997,65.75645391144008,0.7323752097659872,0.9805447470817117,4.142267241598831
ID7960,7960,20,139.0,72.86473429951691,506.6533816425121,0.0,17.0,17,6.627726932618989,1,,1221.8970588235295,1253.0,684.0,1684.0,166178.0,214.79031219658776,0.3182288904467696,2.746620802212011,0.8072409434554678,2.1182348771526436,9.927862549493542,6.605273021304632,0.8578503936951437,1.5030207710524965,138.0,47.08235959420973,0.7822985234088026,0.9963898916967511,4.0079166088102856
ID8090,8090,20,111.0,74.80441400304414,507.058599695586,0.0,15.0,15,5.903806614136771,1,,1154.3240740740741,1162.0,655.0,1638.0,124667.0,263.6849518033706,0.2892947386239282,1.9645393305407313,0.36448371401920154,0.8934024353698364,7.806221289864507,5.5439898492658815,0.6980768160281726,1.4080511512657592,109.5,41.25140769936442,0.8086236450340055,0.9776785714285714,3.942137006136691
ID8539,8539,20,270.0,80.8370508054523,505.5291201982652,0.0,39.0,39,9.25339718068125,1,,907.4684014869888,936.0,355.0,1344.0,244109.0,201.5984351008752,0.36691213922371707,2.4165502528296203,0.7280482034334793,1.2459581516496498,13.311459805241336,8.16063438812909,0.34564614961359114,1.6311795348416689,269.0,66.34134100684085,0.7680573544403755,0.990791896869245,4.044902950106983
ID8097,8097,20,162.0,73.53726708074534,506.79089026915113,0.0,20.0,20,7.158763278359629,1,,1220.1349693251534,1265.0,542.0,1756.0,198882.0,299.1691894113673,0.4108741323462264,2.3754261559896794,0.2967375298584174,0.9122298156156449,10.060980252006573,6.261999316864173,0.3884075352292482,1.6066722052989328,161.0,51.74330849220108,0.7556615965560615,0.972809667673716,4.07794398759437
ID8163,8163,20,243.0,76.95763888888888,506.4159722222222,0.0,29.0,29,8.740387444736633,1,,1088.825,1083.0,462.0,1586.0,261318.0,232.43834517915374,0.4315744030176963,2.8243730493751626,0.8886644244885071,1.1830133947688248,13.134164883113916,7.978370848160739,0.06813469445021059,1.6462214069858319,240.0,65.89198084400121,0.6946339072058367,0.9856262833675564,4.253309074290581
ID8102,8102,20,182.0,74.42531876138433,506.6693989071038,0.0,19.0,19,7.632215220473915,1,,1147.1420765027322,1209.0,438.0,1757.0,209927.0,332.2217112376048,0.3774270557319251,1.8922722234781348,0.42841665837432547,0.8792803107703455,11.05830484110401,6.381447953889678,0.2967534312243054,1.7328833394878118,183.0,54.965624136833796,0.7611646774106418,0.9891891891891893,4.063175853324163
ID8358,8358,20,230.0,78.46360989810772,506.6375545851528,0.0,32.0,32,8.537737635702333,1,,1054.877729257642,1061.0,421.0,1555.0,241567.0,228.48763428111926,0.4125807356578186,2.696901500009148,0.7752064994438572,2.063750637555955,12.996132802126581,8.087713283557354,0.29778372581890067,1.6068983093834743,229.00000000000003,65.79465817520807,0.6647587713052797,0.9642105263157897,4.347833393276202
ID8039,8039,20,121.0,73.24931129476583,507.1597796143251,0.0,16.0,16,6.206085419025319,1,,1228.8595041322315,1262.0,667.0,1707.0,148692.0,265.18041989637686,0.33534779614971133,2.3275115082168494,0.6427579539829835,1.9254185746605328,8.982667960246886,6.400910032266533,0.7197136646953929,1.4033423239767304,121.0,45.89764129971692,0.7217960470433442,0.9641434262948206,4.172512845428812
ID8107,8107,20,90.0,71.80185185185185,507.51666666666665,0.0,14.0,14,5.352372348458314,1,,1013.1555555555556,987.0,593.0,1432.0,91184.0,232.48737605506403,0.2449602348363314,1.7149318245372986,0.2788745257720738,0.24535807659988593,6.746529934914187,5.026702507474414,0.3051815058358396,1.3421382954098615,90.0,38.03105662018133,0.7819438895317604,0.9677419354838708,4.008825358086606
ID8555,8555,20,266.0,81.15797641216636,505.5037243947858,0.0,38.0,38,9.244793369261846,1,,957.6691449814126,956.0,335.0,1427.0,257613.0,217.25819938757627,0.37078552442289126,2.384638636454625,1.2509458005947969,0.5188855293296609,13.65740176831069,7.770769989052782,0.16088816274208928,1.7575351976124387,268.5,67.37207597864465,0.7433516239790361,0.9835164835164835,4.111570910337641
ID8181,8181,20,210.0,73.14433811802233,505.95454545454544,0.0,22.0,22,8.156394191823509,1,,1151.9425837320575,1170.0,566.0,1561.0,240756.0,255.36630280951306,0.41109685635777093,2.628358318414178,0.5714319149815426,0.96796882122373,11.238931923208767,7.246760860161904,0.344297265432342,1.5508904102235923,209.0,57.307092738043465,0.799722650567867,0.9976133651551312,3.9640144929019154
ID8502,8502,20,254.0,80.81167979002625,505.95669291338584,0.0,40.0,40,8.991702346646203,1,,913.8858267716536,918.0,496.0,1392.0,232127.0,182.0930970791018,0.3660620441349731,2.6897550463370345,0.8883629524424312,1.9336442611708842,13.066903602044109,8.483374519478446,0.33208464024425355,1.540295500574865,254.0,66.38318646579333,0.7243148516964981,0.9750479846449136,4.165251571153086
ID8503,8503,20,252.0,81.90285899935023,505.7111760883691,0.0,37.0,37,9.035844498780525,1,,1000.1304347826087,994.0,448.0,1506.0,253033.0,222.43490839976135,0.3877259937755837,2.5124931608016663,0.9088643083636225,1.2412076768035694,12.876766447134102,8.152200183961469,0.2806904952639755,1.5795449273274327,256.49999999999994,65.38039790385638,0.7540534212566393,0.9903474903474901,4.0822902021544945
ID8381,8381,20,209.0,79.5795902285264,506.9830575256107,0.0,33.0,33,8.205031439785696,1,,1050.0523809523809,1043.0,551.0,1622.0,220511.0,225.40214380016585,0.40884510434105087,2.703824331591209,0.8318592284067268,2.05954852527415,12.736142176123005,7.9154795626842205,0.22630563774541473,1.6090171259066517,211.5,62.91921672312695,0.6713571534350119,0.990632318501171,4.326414461746315
ID8385,8385,21,264.0,32.476100628930816,204.3238993710692,0.0,35.0,35,9.18434101276213,1,,347.4981132075472,346.0,247.0,455.0,92087.0,43.81193663696087,0.24396393786853768,3.111056081028941,0.06387921478470454,0.04313516784958229,10.18636893393601,8.572934180059992,1.5608094896587474,1.1882009962970141,264.99999999999994,62.17733360138985,0.8613735862302458,0.9618874773139744,3.8195232409089335
ID8481,8481,21,317.0,34.14376996805112,204.6496272630458,0.0,41.0,41,9.981532666656284,1,,329.49840255591056,333.0,211.0,431.0,103133.0,45.111480473565884,0.23254999580175337,2.756182814746356,0.010216821549093731,0.028942311466576543,10.517439179067175,9.68892796620072,1.4050894804384488,1.0855111335079246,313.00000000000006,64.72813743818865,0.9387889756145256,0.9858267716535435,3.658650642607883
ID8242,8242,21,280.0,32.38511904761905,204.65535714285716,0.0,31.0,31,9.440697438826296,1,,336.8561151079137,333.0,232.0,468.0,93646.0,46.42194818121887,0.23860618366285138,2.795757635072177,0.14462057837583991,-0.05147944821411122,10.441504220800844,8.954002496048068,1.9209620456374177,1.166127016985901,280.0,61.396114802173074,0.933439374422162,0.9911504424778761,3.669119645676805
ID8466,8466,21,299.0,33.111574846967166,203.71368948247078,0.0,37.0,37,9.763903466956506,1,,333.16,333.0,194.0,463.0,99948.0,46.54283171387931,0.22766736640490776,2.6549119267336345,0.06759875195697332,0.04382099126252479,10.425976833741155,9.44392964587503,-1.2167532639459149,1.1039871350900066,299.49999999999994,62.604507728188054,0.9602746867880317,0.9950166112956809,3.6174887700306724
ID8404,8404,21,282.0,32.332155477031804,204.16725559481745,0.0,34.0,34,9.491137855389772,1,,342.59574468085106,337.0,213.0,485.0,96612.0,49.19407115326082,0.23442074457049386,2.6450386632963507,0.06486269285601619,0.007726428031345561,10.530530328987778,8.82002120538984,1.882029089651608,1.1939348085186756,283.0,62.33122665312709,0.9153452919865137,0.9843478260869565,3.7052068301250474
ID8343,8343,21,299.0,32.40715883668904,204.09060402684563,0.0,32.0,32,9.739422266375435,1,,331.809364548495,334.0,208.0,469.0,99211.0,47.78868943783091,0.2165187579354687,2.4715547257791113,0.02745733202163291,0.07075278852196547,10.611736748876428,9.335770926718,-1.047595218136995,1.1366749283132844,297.99999999999994,63.30898133023585,0.9343196374915195,0.9916805324459232,3.6673908199722343
ID8423,8423,21,280.0,32.74567680381634,203.92516398330352,0.0,36.0,36,9.432264478287783,1,,340.4214285714286,341.0,226.0,457.0,95318.0,44.8850491759665,0.2367330420190422,2.903541882671643,0.15107669152607336,0.031457159206535475,9.996016921392533,9.50324525552601,-1.3572284924041456,1.0518529883862549,279.5,60.99280930509154,0.9441356610743676,0.9982142857142855,3.6482763773704057
ID8519,8519,21,289.0,34.354774156660945,203.83619210977702,0.0,39.0,39,9.632618118796932,1,,338.61168384879727,342.0,227.0,454.0,98536.0,42.67960508958761,0.2403420459523369,3.074679347414688,-0.003400888146915528,0.03362443966854629,10.16265100311991,9.44082723377804,2.011151667193154,1.076457682305559,291.4999999999999,63.478584811880836,0.9090629355594986,0.9716666666666662,3.71798776693215
ID8249,8249,21,280.0,32.6900479616307,203.56175059952037,0.0,30.0,30,9.40692023773423,1,,334.6521739130435,329.0,221.0,452.0,92364.0,44.47179325434175,0.22982910323584907,2.812543579927257,0.38195385054992376,0.15169416177069386,10.477604353934087,9.104942246188545,1.6280378874362427,1.150760111446084,278.0,62.13430422905618,0.9048816491345351,0.9737302977232924,3.7265679245797823
ID8364,8364,21,274.0,32.71296296296296,204.02962962962962,0.0,33.0,33,9.27058084855655,1,,342.6666666666667,341.0,229.0,476.0,92520.0,45.79995292281794,0.23334236848302797,2.831045014687409,-0.04466557318851032,0.04442421751161868,10.45169169579721,8.593079495988817,-1.1283174798540652,1.2162917497360497,270.0,60.080597751274134,0.9399508358658898,0.994475138121547,3.656388739640778
ID8541,8541,21,292.0,33.6538021726701,204.0746140651801,0.0,38.0,38,9.632618118796934,1,,336.58361774744026,336.0,238.0,446.0,98619.0,39.621030174297104,0.2416833472581461,3.306991487426121,0.22407896617790288,0.043307660305814025,10.233757557574465,9.635743010274696,1.9207499468428102,1.0620621104840695,291.5,63.39849699168675,0.9113611242412576,0.9765494137353434,3.713296963937024
ID8429,8429,21,325.0,34.3300051203277,204.68484383000512,0.0,40.0,40,10.178893257757638,1,,326.59327217125383,329.0,191.0,469.0,106796.0,48.349472472197725,0.23166907859287741,2.541086931065219,-0.016583563816400925,-0.03592165035921875,10.516943998466319,10.03104042176853,1.5567544782524734,1.0484399978733334,325.50000000000006,65.84718226588127,0.9433795686165202,0.984871406959153,3.649738080519453
ID8368,8368,22,579.0,413.3791271892047,244.03832902670112,0.0,33.0,33,13.593339873985736,1,,1490.7,1446.0,465.0,3195.0,864606.0,512.8986234407943,0.7090280376579577,2.411587006157564,-0.17398767606010537,0.20122699853703804,14.89705675360052,13.118513871978728,2.7383020752917524,1.135575027703464,580.5000000000001,92.35620069874804,0.8552241782751454,0.9547697368421054,3.833230603613343
ID8544,8544,22,362.0,422.6163003663004,234.66712454212453,0.0,38.0,38,10.764051215546116,1,,2159.2602739726026,1872.0,682.0,5828.0,788130.0,969.4960148090831,0.5879113248164624,1.649204617447492,-0.0599572562491069,-0.0817697389841515,12.624693394439689,10.05498265220782,2.0737638931013,1.2555659050955823,364.00000000000006,73.74490846332372,0.8410990954119334,0.947916666666667,3.8652834663774054
ID8389,8389,22,525.0,414.32068311195445,235.7798861480076,0.0,35.0,35,12.951807210534664,1,,1620.5228136882129,1415.0,470.0,4954.0,852395.0,787.1379950733341,0.5515276046255798,1.4636661065304317,-0.27009700998426733,-0.3175552874491526,14.630543272449778,12.191540663062387,0.1435749971846505,1.20005696382386,527.0,90.5253526456874,0.8081277658576534,0.9343971631205674,3.943346297506832
ID8437,8437,22,514.0,415.40101606030805,238.53670927564733,0.0,36.0,36,12.722443834596307,1,,1698.7367387033398,1509.0,385.0,5318.0,864657.0,806.6848274710643,0.6241027233359944,1.6184331654702537,-0.17343865908084047,-0.19971850773006494,13.592567302643094,12.625007896525753,2.4879826204166466,1.0766383208666033,508.5,86.69688563471878,0.8501466104504408,0.946927374301676,3.8446606986095224
ID8441,8441,22,297.0,423.6385135135135,232.78547297297297,0.0,40.0,40,9.706684619910241,1,,2522.5912162162163,2240.0,401.0,6670.0,746687.0,1263.4495416097036,0.5550614519121653,1.425320344460056,-0.12272936775048987,-0.017508969578546484,11.031325631005688,9.127336746212428,-1.0613704965394526,1.2086028967413038,295.99999999999994,68.32521821589643,0.7967820106911808,0.9235569422776911,3.9713226421270744
ID8474,8474,22,491.0,418.7638036809816,236.64383094751193,0.0,37.0,37,12.47611856082947,1,,1745.9022403258655,1507.0,259.0,5835.0,857238.0,929.4790611506103,0.6066962449547962,1.4185604113362547,-0.12789667980809818,0.05764417470896712,14.208566363070108,11.400685949323101,2.5187644778304557,1.2462904799086867,488.99999999999994,85.82848027266158,0.8341725177457194,0.9550781249999999,3.881298041972946
ID8522,8522,22,315.0,424.9809523809524,235.22592592592594,0.0,39.0,39,10.013371767186818,1,,2390.215873015873,2121.0,689.0,6757.0,752918.0,1186.617090242478,0.5659561727425264,1.4559944543006753,0.2807118148816579,-0.1613156603880963,11.330967016972997,9.630496667195315,-0.8718583892697506,1.1765714073262754,315.0,68.44866415523552,0.8448711182521104,0.9545454545454546,3.8566453160853733
ID8493,8493,22,269.0,422.8474784747848,235.40036900369003,0.0,41.0,41,9.287732724180174,1,,2754.649446494465,2570.0,869.0,6673.0,746510.0,1188.3742515900813,0.5591516806414898,1.6625869547686822,0.03997797121203696,-0.04452733311774705,11.108711904590793,8.128467228187409,2.045139595118329,1.3666428851516643,271.0,65.4121426547829,0.7959071468579414,0.9233390119250428,3.973504688317349
ID8415,8415,22,477.0,410.25488145048814,239.52440725244074,0.0,34.0,34,12.334995970645954,1,,1715.5513626834381,1536.0,521.0,4496.0,818318.0,650.8228953861823,0.6842244307676244,2.141753633310372,0.08082754089382933,0.2199098039606928,15.631608996373656,10.127795969650029,0.4918705833742554,1.5434364044474145,477.9999999999999,84.14796056944327,0.8483021565997113,0.9637096774193546,3.848838130393086
ID8515,8515,23,272.0,422.0559655596556,82.02521525215252,0.0,39.0,39,9.287732724180174,1,,2652.911439114391,2486.0,1017.0,4960.0,718939.0,1032.8239817670321,0.595990147218787,1.9183829625277413,0.0317408093467081,0.144321250595891,12.839820551057649,7.022232598475914,1.6118904704461736,1.8284527564416433,271.0,64.82830327200793,0.8103074739096342,0.9801084990958409,3.9380389715478494
ID8532,8532,23,241.0,422.20098039215685,77.03851540616247,0.0,38.0,38,8.703892974511014,1,,2926.415966386555,2706.0,1190.0,5338.0,696487.0,1071.8569434651938,0.5428758478413137,1.9213158593858755,-0.143778778234664,0.20012802800498436,12.665463288519172,6.273186442591565,-1.4913293411466135,2.0189840369684346,238.0,62.2469040034705,0.7718827043996066,0.9734151329243355,4.034867495464371
ID8422,8422,23,311.0,425.20710382513664,82.8016393442623,0.0,40.0,40,9.853147481188747,1,,2444.9539473684213,2306.0,888.0,4394.0,743266.0,929.9030421711459,0.5701981847007005,1.909564665127368,-0.01805923187915978,0.11942506907655508,11.974510735202447,8.444067572511527,1.4018989376293216,1.418097455091878,305.0,65.95587288909523,0.8810544694771764,0.9807073954983923,3.776622295451315
ID8411,8411,23,306.0,413.20032573289905,76.57763300760043,0.0,36.0,36,9.885400096021595,1,,2426.654723127036,2229.0,1004.0,4628.0,744983.0,966.8898278593149,0.5136463503070653,1.70333778330621,-0.04294682387755679,-0.028359189825708436,12.361816511971606,8.19825546118166,-1.4741997748724607,1.507859394050869,307.0,66.6977052422331,0.8672143492631165,0.9777070063694268,3.8066391019773547
ID8475,8475,23,331.0,430.18423694779113,84.44126506024097,0.0,41.0,41,10.280023453913834,1,,2347.4668674698796,2213.0,675.0,4227.0,779359.0,939.4594104021626,0.5600685265255432,1.7941094694980018,-0.013086572569807532,-0.014677388726165202,11.779699780559199,9.221125836787293,1.1441556144327507,1.2774687157575253,332.0,67.78674796156037,0.9079425074153533,0.9807976366322009,3.720281113554162
ID8462,8462,23,310.0,418.25863902179697,74.59888357256779,0.0,37.0,37,9.989501955483986,1,,2356.8242811501595,2143.0,984.0,4636.0,737686.0,958.9502028050351,0.5166757760063058,1.674505175621511,-0.03650216655883694,0.1631465559560816,12.706946278188672,8.081091308005215,-1.505833363021279,1.5724294892697273,313.5,66.86167804755316,0.881237287783119,0.9858490566037735,3.776230532919049
ID8434,8434,24,252.0,429.43174287607684,213.58217362491715,0.0,40.0,40,8.947342419692195,1,,1735.96812749004,1764.0,611.0,3026.0,435728.0,467.6594476540377,0.32608080090476027,1.8255648797041626,0.24373572779083033,0.023492350964757654,10.77822453292627,7.862818722417919,-1.4181092619507627,1.3707838007502513,251.5,61.33567617966011,0.8400817276330144,0.9490566037735849,3.8676232536110935
ID8439,8439,24,164.0,443.0116514690983,223.12512664640326,0.0,40.0,40,7.236157563046397,1,,1466.2060606060606,1464.0,669.0,2343.0,241924.0,389.56546300082226,0.3991347479925603,2.147358493546912,-0.08108889012686078,-0.2242926785696156,8.459377958085572,6.591190448172601,0.7237617591915789,1.2834370398796355,164.5,48.02689766813231,0.8962036293592283,0.9850299401197605,3.744566803361153
ID8520,8520,24,443.0,436.0937617437054,217.08511837655016,0.0,39.0,39,11.881516507690051,1,,1488.1923076923076,1477.0,429.0,3125.0,657781.0,494.99714068173955,0.5221459100211112,2.06263297382925,0.4506450967696806,0.36997327912512307,15.117165023010163,9.860468089429054,0.7593831266280985,1.5331082546899135,443.50000000000006,97.00844124466055,0.5922218622468955,0.8391674550614949,4.606411313826689
ID8489,8489,24,195.0,428.98081841432224,216.1479113384484,0.0,41.0,41,7.888572922204059,1,,1949.9897435897435,1938.0,636.0,3581.0,380248.0,522.121623364696,0.356325710990409,1.9623379780100092,0.30590457925259457,-0.12060790326338364,9.681607222685749,7.266799610433149,2.481109213716543,1.3323068946040004,195.5,53.86736848978069,0.8466523255886882,0.9848866498740554,3.8525863289568947
ID8490,8490,24,176.0,440.4025069637883,224.09888579387186,0.0,41.0,41,7.558877202997177,1,,1599.0224719101125,1631.0,491.0,2848.0,284626.0,517.340951896435,0.36201954404942877,1.6430711972068737,-0.07076463818476539,0.0023442453026365174,8.271881456053709,7.1870737315620765,1.31051407905679,1.150938722073727,179.5,49.44084506658197,0.9227892919205591,0.9835616438356166,3.6902319007515754
ID8543,8543,24,228.0,437.704347826087,219.13333333333333,0.0,38.0,38,8.556358677747903,1,,935.3947368421053,904.0,530.0,1685.0,213270.0,215.18524417669582,0.1959630852864314,1.4245212230492816,0.08801863343393028,0.1490638528491124,10.845280793507019,7.268405629230853,1.3996595606164255,1.4921127612761855,230.0,61.2428093549715,0.7705973138384853,0.9387755102040817,4.038231262456904
