LABEL,ID,TRACK_ID,QUALITY,POSITION_X,POSITION_Y,POSITION_Z,POSITION_T,FRAME,RADIUS,VISIBILITY,MANUAL_SPOT_COLOR,MEAN_INTENSITY_CH1,MEDIAN_INTENSITY_CH1,MIN_INTENSITY_CH1,MAX_INTENSITY_CH1,TOTAL_INTENSITY_CH1,STD_INTENSITY_CH1,CONTRAST_CH1,SNR_CH1,ELLIPSE_X0,ELLIPSE_Y0,ELLIPSE_MAJOR,ELLIPSE_MINOR,ELLIPSE_THETA,ELLIPSE_ASPECTRATIO,AREA,PERIMETER,CIRCULARITY,SOLIDITY,SHAPE_INDEX
Label,Spot ID,Track ID,Quality,X,Y,Z,T,Frame,Radius,Visibility,Manual spot color,Mean intensity ch1,Median intensity ch1,Min intensity ch1,Max intensity ch1,Sum intensity ch1,Std intensity ch1,Contrast ch1,Signal/Noise ratio ch1,Ellipse center x0,Ellipse center y0,Ellipse long axis,Ellipse short axis,Ellipse angle,Ellipse aspect ratio,Area,Perimeter,Circularity,Solidity,Shape index
Label,Spot ID,Track ID,Quality,X,Y,Z,T,Frame,R,Visibility,Spot color,Mean ch1,Median ch1,Min ch1,Max ch1,Sum ch1,Std ch1,Ctrst ch1,SNR ch1,El. x0,El. y0,El. long axis,El. sh. axis,El. angle,El. a.r.,Area,Perim.,Circ.,Solidity,Shape index
,,,(quality),(pixels),(pixels),(pixels),(frames),,(pixels),,,(counts),(counts),(counts),(counts),(counts),(counts),,,(pixels),(pixels),(pixels),(pixels),(radians),,(pixels^2),(pixels),,,
ID22880,22880,0,785.0,151.0497448979592,202.68792517006804,0.0,4.0,4,15.797308339337174,1,,542.0808729139923,540.0,284.0,865.0,422281.0,83.18250372971153,0.45496037495417213,4.0755337939887255,0.18773769804871374,0.006868316642022129,17.00190589593431,15.007054293605274,0.9383293832410491,1.132927592804077,783.9999999999999,102.45415915367316,0.9385701543038835,0.9843063402385435,3.6590771126311847
ID22816,22816,0,782.0,151.29102891156464,203.39030612244898,0.0,5.0,5,15.797308339337178,1,,539.8163265306123,537.0,281.0,814.0,423216.0,84.2598422158692,0.4543094139620612,4.002674646718067,0.060981204378072265,0.15156247192490846,16.94001846024737,15.0314056964198,1.0430655937650155,1.126975001698089,784.0000000000001,101.94631773831482,0.9479443425916035,0.9924050632911395,3.640939919225529
ID23552,23552,0,336.0,157.28112449799198,204.8504016064257,0.0,23.0,23,10.280023453913834,1,,815.6867469879518,773.0,487.0,1306.0,270808.0,157.59377797698633,0.45747027229696036,3.249207949810437,0.04263876743264506,-0.19508693007645544,11.208164747400764,9.833603213078371,0.2008807059768682,1.1397820823697942,332.0,68.33128923245361,0.8935291353347907,0.967930029154519,3.7501666983708835
ID22977,22977,0,780.0,151.60648740930432,203.92168160478022,0.0,6.0,6,15.767054928221077,1,,546.2829705505762,546.0,287.0,812.0,426647.0,88.55011954347958,0.4565588201912883,3.8674723371538198,0.05518806338511496,-0.1304854544183056,17.05872492959832,14.972518036623825,1.0709433378184925,1.1393357408467626,781.0,102.00120023765353,0.9433010844499872,0.9867340492735313,3.649889909398947
ID22882,22882,0,777.0,150.76967741935485,202.36322580645162,0.0,3.0,3,15.706373285785544,1,,544.6340206185567,543.0,246.0,836.0,422636.0,83.85374411673229,0.4576456155439889,4.078398498399283,0.10235311425280513,0.09643893204656027,16.748194168124538,14.977847738573892,1.0332289162985324,1.1181976516553378,775.0,101.9152856380414,0.9376330659859653,0.9866327180140037,3.660905131633092
ID23234,23234,0,698.0,153.41211685823754,202.74449233716473,0.0,13.0,13,14.884343478431235,1,,582.3275862068965,580.0,355.0,849.0,405300.0,82.72905686285203,0.48162903622030157,4.5762787214915335,-0.07963857571533373,0.10089513736874027,15.704825381684952,14.40956417745922,1.1912071790442953,1.0898889923577217,696.0000000000005,96.88252942860962,0.9318117140376504,0.9823570924488362,3.672322800840223
ID22788,22788,0,793.0,151.691381495564,201.06231516687788,0.0,1.0,1,15.847602348589227,1,,542.275600505689,541.0,275.0,899.0,428940.0,89.67364118233643,0.45385195468043305,3.775541780624852,0.05515609266960261,0.14757221151210573,16.985175909304292,15.124765303998066,1.0665610140223225,1.123004262738176,788.9999999999999,102.12759464387727,0.9506062395719452,0.9881026925485283,3.635838647604161
ID23366,23366,0,734.0,153.82107175295187,205.108310626703,0.0,20.0,20,15.285269263539403,1,,576.1227830832197,581.0,238.0,860.0,422298.0,89.07574100707616,0.45154434244620933,4.023978944426084,-0.032575332892919064,-0.11632896880437259,16.18138071503959,14.704305484047811,0.4547596817875771,1.1004518868704276,734.0000000000001,99.59177948076734,0.9299485879682293,0.9812834224598932,3.6759996583156864
ID23111,23111,0,762.0,152.43704918032788,203.31071038251366,0.0,10.0,10,15.579194081053757,1,,555.2909567496723,556.0,291.0,823.0,423687.0,91.04358080488892,0.4592400579842953,3.838966178637627,0.05032686863092642,0.19594434999043775,16.874947087269813,14.725612941256596,1.0046180018534,1.1459588918021504,762.5000000000001,100.63787939157064,0.9460775963516,0.9883344134802337,3.6445301963411394
ID23144,23144,0,749.0,152.34214046822743,202.69264214046822,0.0,11.0,11,15.425194971940662,1,,564.153743315508,566.0,261.0,874.0,421987.0,91.9556330328791,0.4565099865071818,3.845793376685619,0.008926706945507814,0.0801239523978454,16.47820646773378,14.743987331739733,1.0424611582172743,1.1176221260215513,747.4999999999998,99.75791939291476,0.9439006728384945,0.9874504623513863,3.648730476357685
ID23240,23240,0,721.0,153.86091794158554,203.83055169216502,0.0,15.0,15,15.128278427043355,1,,578.9179415855355,583.0,258.0,852.0,416242.0,88.8230860238419,0.47963644166572306,4.225501890565908,0.07256729494583658,-0.030572870504204874,16.10849191183707,14.348684961180222,1.1563742471154912,1.122645870016516,718.9999999999995,98.85614972319138,0.9245520620271527,0.9835841313269488,3.686712286029911
ID22857,22857,0,737.0,152.91955193482687,204.40133514369768,0.0,9.0,9,15.311277907946213,1,,563.0149456521739,560.0,322.0,822.0,414379.0,83.7794386120288,0.47049214844804205,4.300333563712309,-0.037399058679256234,0.20568783363743803,16.678263320237516,14.558842403216936,0.9550629230298522,1.1455761974971492,736.4999999999998,98.80356356949282,0.9480634369338621,0.9892545332437874,3.640711227269708
ID23177,23177,0,726.0,152.9139673788192,202.64036296806802,0.0,12.0,12,15.196506915286164,1,,574.1034482758621,576.0,274.0,826.0,416225.0,90.28257696567256,0.47106937124436116,4.072564005518615,0.048901121342856395,0.13067521452989803,16.259936395755616,14.532389074992217,0.9510435660732935,1.1188756584928088,725.5000000000002,98.9801902169765,0.930573567871378,0.9810682893847199,3.674765037077081
ID23467,23467,0,705.0,153.93757403458895,204.33487325278372,0.0,21.0,21,14.964324406076498,1,,587.8541076487252,589.0,341.0,887.0,415025.0,83.5144186225053,0.47009679775902513,4.501730084549821,-0.01016844461123173,-0.030900901662888978,15.78521306404852,14.442395874380423,0.3026406195949606,1.09297745341894,703.4999999999999,97.38397325103173,0.9321782946311156,0.9825418994413405,3.6716006564529544
ID23372,23372,0,705.0,153.45241477272728,204.87310606060603,0.0,17.0,17,14.96964127403822,1,,584.4170212765957,583.0,309.0,823.0,412014.0,88.56216835878654,0.46949915750400156,4.216674587702546,-0.082070010118581,0.12609327706438997,15.954275988172794,14.325488282894666,0.8161476692610433,1.1136985820736722,704.0,97.12001848072485,0.9379183017937782,0.983927323549965,3.6603484196925753
ID23345,23345,0,719.0,153.91468531468533,204.6282051282051,0.0,18.0,18,15.086138293858054,1,,583.1338028169014,585.0,342.0,826.0,414025.0,87.75511098824437,0.4734326106961554,4.27025376977502,-0.0913243301334481,0.04064007532599556,16.06401168088778,14.545370225181456,0.8013555788953225,1.1044072053303393,715.0000000000002,98.44654607208076,0.9270751459192745,0.9767759562841534,3.6816920770728316
ID22994,22994,0,781.0,151.05341055341054,201.5990990990991,0.0,2.0,2,15.726626515715486,1,,542.8059125964011,541.0,297.0,829.0,422303.0,83.7971112067242,0.4539797511571268,4.045047653125608,-0.13583954914104,0.05182082511280015,16.78447768995737,15.17133095323771,1.0174860617475463,1.1063286234867482,777.0000000000002,101.51001347555682,0.9475739479342135,0.9891788669637178,3.641651448355514
ID23254,23254,0,707.0,153.60457979225683,204.04603399433427,0.0,16.0,16,14.99088988838742,1,,583.2794326241135,584.0,300.0,830.0,411212.0,91.5977181863735,0.46983175737712324,4.07095916073284,-0.06376334349227117,0.10466139577752064,15.918650850892682,14.448007178338363,0.9269283938164911,1.1017886864535358,705.9999999999999,97.13701512571448,0.9402537124009589,0.9832869080779942,3.655799790331475
ID23446,23446,0,740.0,153.74038896426956,204.8701944821348,0.0,19.0,19,15.316474337048122,1,,575.1637107776262,579.0,318.0,816.0,421595.0,83.5756288069292,0.4611105183492702,4.34373959481972,0.021990796909529632,0.02173574350363572,16.03977952366488,14.82887214235823,0.8182360929404515,1.0816587647180347,736.9999999999999,99.82761313868006,0.9293428825810193,0.9768058316766067,3.677197391768233
ID22999,22999,0,763.0,152.40827886710238,204.22069716775601,0.0,8.0,8,15.604712843580295,1,,551.3311518324607,553.0,270.0,850.0,421217.0,88.06483089823944,0.45986979521931814,3.9442168555229324,-0.07798374524689912,-0.04477316781924025,16.716666862813067,14.868344727500466,0.9508811921216686,1.1243125693671836,764.9999999999999,101.35422914041601,0.9358097147219127,0.9851899549259496,3.664469888214571
ID22970,22970,0,759.0,152.33629971434848,204.4694572621402,0.0,7.0,7,15.538276888715982,1,,557.2113606340819,559.0,282.0,859.0,421809.0,90.98584242374702,0.4665923349218556,3.896765995132528,0.09880086034065591,0.08759403917139033,17.02299922741922,14.63497978553227,0.9587785592276982,1.1631720355533173,758.5,101.98956938677271,0.9163342780371361,0.981877022653722,3.703206802829299
ID23516,23516,0,689.0,154.02246376811595,204.87101449275363,0.0,22.0,22,14.820047957642227,1,,592.3633720930233,597.0,310.0,844.0,407546.0,79.57217441883807,0.4704367309795446,4.763342909997299,-0.1823315888877141,0.1163730694235357,15.816937744444319,14.321010554269243,0.5819822904985061,1.1044568177997134,690.0,96.54946362832679,0.9301633506457714,0.981507823613087,3.6755752634481422
ID23357,23357,0,724.0,153.58568803124282,202.87146795313578,0.0,14.0,14,15.196506915286161,1,,573.2479338842975,576.0,283.0,816.0,416178.0,85.61133804947707,0.47755374450105514,4.328328126376531,0.00696991932238267,0.23633169733883155,16.55579111495748,14.404681126337744,1.0943423776028767,1.1493340928378215,725.5,98.25520396538886,0.9443568997322036,0.9884196185286104,3.6478490034358475
ID23038,23038,0,754.0,151.74348785871965,199.9130242825607,0.0,0.0,0,15.502385754094819,1,,557.3523178807947,551.0,304.0,902.0,420801.0,87.717174847278,0.4628410025091917,4.0207759385968975,0.026834716554547756,-0.013845129679687764,16.627414390746466,14.804757775427026,0.8715343601358659,1.1231128967435515,755.0000000000001,99.74401660321026,0.9536370374018477,0.9901639344262295,3.6300564365637245
ID23937,23937,1,569.0,337.8163593795727,372.0958443078724,0.0,34.0,34,13.46393256748075,1,,549.1210526315789,550.0,261.0,733.0,312999.0,74.20567824838623,0.3965730734232701,4.202623743029961,0.16579313804798096,0.39526962103539254,19.421216850853614,9.778478336017145,-1.5139613413144815,1.9861185128691543,569.5,101.82505529554813,0.6902307180457854,0.9097444089456868,4.266854075062545
ID23747,23747,1,569.0,336.8117338003503,371.8088149445418,0.0,25.0,25,13.481652161769508,1,,546.2049036777584,550.0,291.0,761.0,311883.0,85.0485622501876,0.3803284125446608,3.5391173025773095,0.536135579015872,-0.14085007038586278,19.570572095720788,9.830296612167663,1.7035096460950163,1.9908424809376442,570.9999999999999,103.00949427341286,0.676225373222301,0.9143314651721377,4.310813168758818
ID22854,22854,1,514.0,337.2251859036534,374.37390882638215,0.0,1.0,1,12.809712968202845,1,,544.2077669902912,551.0,299.0,770.0,280267.0,87.23621460150643,0.3820212110042266,3.448821265011434,0.02188836857371879,-0.2703743199266835,18.50775739803801,9.464211858191591,-1.4268431276977105,1.95555189120359,515.5000000000001,98.07931025677883,0.6734164602963814,0.9091710758377427,4.319794311221524
ID23495,23495,1,529.0,333.5765130134838,370.11304484164316,0.0,21.0,21,13.006986757381002,1,,564.1977401129943,564.0,288.0,792.0,299589.0,95.47213598532426,0.38582479491412724,3.290534931079186,0.1972943868013445,0.3984908238528088,19.988895351787388,8.908203435057533,-1.4604874700898083,2.2438750414166186,531.5,99.1710156048989,0.6791154505313608,0.9259581881533099,4.301630734142603
ID22986,22986,1,557.0,337.1996699669967,373.04365436543657,0.0,4.0,4,13.297411092956995,1,,526.5891891891891,529.0,256.0,790.0,292257.0,89.32347348489303,0.35461290297522646,3.086566635600456,0.2523215751272645,-0.06193599034660856,18.202713091956177,10.192230026434615,1.6042311836962906,1.7859401764624165,555.5000000000001,99.8859946032552,0.6996562700813841,0.912900575184881,4.238015753856955
ID23307,23307,1,543.0,334.3862385321101,372.17370030581037,0.0,13.0,13,13.171138446245486,1,,543.1321100917431,546.0,271.0,793.0,296007.0,91.44789668963656,0.37837951105937134,3.2607729262499943,-0.4971266017797328,-0.9403162623641271,19.569837930806102,9.942409852895066,1.5829003147778677,1.968319373306431,545.0000000000001,97.82969625770325,0.7155911421041287,0.9494773519163763,4.190563770588154
ID23565,23565,1,541.0,336.72640931372547,370.1357230392157,0.0,23.0,23,13.159049284959082,1,,556.0460405156538,562.0,305.0,771.0,301933.0,84.60581323300157,0.3822199316239737,3.634768228479807,0.11484349658104902,0.2577949067819285,20.52800597945657,9.090358352769654,1.6189701978278257,2.2582174632534797,544.0,101.8623240544848,0.6588424938275455,0.9228159457167092,4.367311113667972
ID24077,24077,1,546.0,336.19586374695865,371.4513381995134,0.0,38.0,38,13.20733953636073,1,,571.1551094890511,573.0,350.0,772.0,312993.0,77.3462243416889,0.41511009172532076,4.332294855803851,0.17892631158048708,0.22809348388310197,19.317680445016734,9.55092269058873,-1.4970698370561246,2.022598346864639,547.9999999999999,99.9989762828912,0.6886512092752106,0.917154811715481,4.271744557556244
ID23438,23438,1,531.0,334.4132893496701,372.11828463713476,0.0,14.0,14,12.994744884779418,1,,548.1224105461393,548.0,306.0,821.0,291053.0,87.11531116982847,0.38225756550774564,3.480007471558934,-0.06212452678322252,-0.315269443237674,19.290341584977188,9.602092586083595,-1.5227624917554572,2.0089726704921453,530.4999999999998,98.0872664071153,0.69289908774212,0.9226086956521735,4.258630275257426
ID24014,24014,1,573.0,336.49160150593684,371.60251954821894,0.0,36.0,36,13.534671754378513,1,,559.6875,568.0,235.0,759.0,322380.0,83.11749410375025,0.38851912024726587,3.768284588097251,0.08063372930760623,-0.08051364182088264,19.095006280277076,9.812454875880304,1.6219420419031243,1.945996850106687,575.5,102.5575720517488,0.6875744504311639,0.9230152365677624,4.275088078647097
ID24078,24078,1,556.0,336.31008100810084,371.73312331233126,0.0,39.0,39,13.297411092956994,1,,567.7703435804701,571.0,287.0,739.0,313977.0,76.09814212479503,0.4231113496044884,4.436540380730371,0.0550657372900642,0.09803936998054785,19.223682196834503,9.99532222631191,-1.4528426478671999,1.9232678808722796,555.5,98.4450773293052,0.7202875669610517,0.9204639602319803,4.176879754448229
ID22991,22991,1,553.0,337.3550331525015,372.96955997588907,0.0,3.0,3,13.267455184007076,1,,528.3659420289855,531.0,246.0,757.0,291658.0,88.07159766498742,0.35826727918728757,3.1648333287442743,0.18551004970638701,0.2952087900205946,18.439849751282875,10.011316414074802,-1.5131647264059163,1.8419006041361843,553.0,100.27981569670837,0.6910475651729452,0.9058149058149059,4.2643315294082
ID23056,23056,1,532.0,335.6916354556804,373.0802122347066,0.0,7.0,7,13.037541149394091,1,,543.3626168224299,548.0,262.0,764.0,290699.0,91.37662987614202,0.36066305832293666,3.1523590847510383,-0.01825990745729111,0.1510274017161242,19.071325463312945,9.14141377624434,-1.4519308207142847,2.0862555760109363,534.0,99.78316922975442,0.6739637436801471,0.9151670951156811,4.318040038970597
ID23312,23312,1,579.0,335.30213749277874,372.2946273830156,0.0,15.0,15,13.552298857686367,1,,532.1513043478261,533.0,255.0,753.0,305987.0,86.36548055139922,0.36806395223687494,3.315444928371963,0.19192761029261002,0.4791240135685637,19.19583139989269,9.727183873381787,1.6268205149088657,1.9734212542667808,577.0,103.46856368073655,0.6772809127402273,0.9209896249002394,4.307452666616085
ID23057,23057,1,520.0,335.5279383429672,373.98426461143225,0.0,6.0,6,12.85312533702941,1,,548.3108108108108,556.0,267.0,851.0,284025.0,98.72389804589433,0.36927339506843543,2.995658885909204,-0.20252806216406113,-0.03155952536659273,18.90093347627458,9.263700340829676,1.617133247777569,2.040322201806214,519.0,97.53809527188434,0.6855334979512422,0.9342934293429342,4.281447189575468
ID23441,23441,1,558.0,332.9504181600956,369.8688769414576,0.0,20.0,20,13.327299669871433,1,,547.6565295169946,550.0,234.0,840.0,306140.0,95.35776863386764,0.3624548178301571,3.055722791787772,0.06887860950375073,0.3481395238601226,19.75924015558936,9.323445590332822,-1.4778775039120597,2.119306640892191,558.0,100.7297411145987,0.6910804818959612,0.9170090386195563,4.264229971416782
ID23889,23889,1,573.0,338.6617132867133,372.43444055944053,0.0,32.0,32,13.49345229721172,1,,548.0578947368421,555.0,344.0,734.0,312393.0,72.97821002131448,0.3994987366676227,4.287519678379145,-0.020793125529866632,0.7009195148265219,19.92738538642607,9.557611613885246,-1.5346084091613024,2.084975430208492,571.9999999999999,101.84681794783387,0.6929644630682474,0.923325262308313,4.258429387676142
ID23124,23124,1,560.0,335.6437090041741,372.13059033989265,0.0,10.0,10,13.339236349084569,1,,534.2956989247311,540.0,234.0,782.0,298137.0,91.81241325348138,0.36620773917554095,3.1197590122790375,0.2990136572610778,-0.25874990599508385,18.89430065593429,9.850445872417884,1.7163955162624849,1.9181162863744063,559.0000000000001,100.81328796642093,0.6911719638315558,0.9119086460032628,4.263947760229797
ID24148,24148,1,571.0,337.1637426900585,370.7581871345029,0.0,40.0,40,13.469841688927183,1,,556.9017543859649,555.0,304.0,777.0,317434.0,80.37953138366767,0.42507379376653115,4.133234912683533,-0.1254715219357069,0.32260809324988476,19.102936794778675,9.929608766558637,1.5952568383799988,1.9238357969464381,570.0,101.22334346639657,0.6990743430997319,0.9306122448979591,4.239779302125286
ID24150,24150,1,562.0,336.1016042780749,371.6221033868093,0.0,37.0,37,13.363077719938119,1,,565.8157423971378,567.0,279.0,797.0,316291.0,81.86467132549315,0.3894777074163053,3.8747128328936085,0.2525165224234639,0.2612039829851436,19.451957474223033,9.39872738692581,1.6489805859026698,2.069637374660091,561.0,102.35522300485155,0.672903376634813,0.9204265791632488,4.321440902411539
ID23450,23450,1,599.0,334.51729428172945,372.14100418410044,0.0,17.0,17,13.790944746275176,1,,520.8674496644295,528.0,215.0,733.0,310437.0,85.90959219512058,0.34467699011187186,3.1082065745860836,0.4597523004845933,-0.2500127552968704,19.225064997338517,10.502844926644082,-1.4815967453232697,1.8304626157592332,597.4999999999999,102.2074349939976,0.7187581711518605,0.9242072699149263,4.181321239817349
ID23069,23069,1,511.0,337.0353535353536,374.1083414793092,0.0,2.0,2,12.759917977127007,1,,539.5890410958904,539.0,245.0,853.0,275730.0,89.48937606602551,0.371221551206606,3.2647293762123137,0.3360971615926024,-0.1029712816676332,18.117143860938832,9.86088671034926,1.6497260043861117,1.8372732993600276,511.50000000000006,97.20519715408457,0.6802625005785918,0.8997361477572561,4.2980025262974815
ID23073,23073,1,565.0,336.05054524020045,373.2536103743,0.0,8.0,8,13.41656590327546,1,,527.2821869488536,532.0,262.0,736.0,298969.0,90.61646791895133,0.3493265758026872,3.0128708680723184,0.5461359347872495,-0.07657055689085725,18.85853298762491,10.143443738782372,1.6491076696925213,1.8591844617347584,565.5,102.1488324148345,0.6810447657602539,0.9048,4.295533420064309
ID23846,23846,1,552.0,337.5619176435227,373.15314096783885,0.0,31.0,31,13.285436834704077,1,,557.6889692585895,558.0,337.0,749.0,308402.0,74.14007627937141,0.4041476067020694,4.330083476700078,0.28418173345977377,-0.12191025128432174,19.004672359167728,9.69071016983574,1.6471293310890653,1.9611227687237562,554.4999999999999,99.55177667925189,0.7030939875545498,0.9218620116375724,4.227642351916493
ID23847,23847,1,545.0,336.1818873668189,372.80593607305934,0.0,30.0,30,13.20131291522269,1,,559.5474452554745,560.0,307.0,833.0,306632.0,80.31364210789482,0.4055980448467459,4.020798417721382,0.32327003407146315,0.07506673687574514,19.26015940700424,9.554433224182858,1.6244606142594298,2.015834843897971,547.5,100.59001173724361,0.6799614164064552,0.9209419680403701,4.298953990073044
ID23975,23975,1,576.0,336.9808982210557,371.950860309128,0.0,35.0,35,13.487553519969305,1,,552.3951048951049,556.0,250.0,762.0,315970.0,85.75010230925979,0.390615435368189,3.618991184617846,-0.07050566572745062,0.9075894116484687,20.152784551704958,9.609387743998841,-1.5183488496931323,2.097197562278676,571.5,102.21247700526634,0.6874138414430253,0.9240097008892482,4.275587470300327
ID23336,23336,1,579.0,335.15395725014446,372.43905257076835,0.0,16.0,16,13.552298857686367,1,,528.3958333333334,530.0,232.0,772.0,304356.0,85.33593717721206,0.36147801973321325,3.287976294828479,0.1769621688440552,0.2277669434531576,19.355646529930276,10.167831482621809,-1.495482012106216,1.9036159837042617,577.0,100.44631534799088,0.718650375274142,0.9374492282696995,4.1816348222684
ID23210,23210,1,529.0,334.12684227030417,371.95656945751017,0.0,12.0,12,13.006986757380998,1,,547.8926553672317,549.0,272.0,817.0,290931.0,88.59263227336909,0.3803137504164204,3.4079411149609418,0.14403871964347958,0.08612712830470341,18.6755095175007,9.309993963227067,1.712869026646295,2.005963654892352,531.4999999999998,98.83529167663791,0.6837369279488202,0.9187554019014689,4.287068411076879
ID23530,23530,1,509.0,335.1251646903821,370.3323451910408,0.0,22.0,22,12.69113085619237,1,,573.0531496062993,577.0,333.0,776.0,291111.0,83.88312011459182,0.39301233056805307,3.854797237365083,0.08017134084720495,-0.025645394004084526,19.498252128549343,8.83955228110173,-1.4910946856157747,2.2057963467488144,506.0,97.09748161405047,0.6744417538257969,0.9267399267399268,4.316509563735026
ID23788,23788,1,528.0,335.4974554707379,372.39185750636136,0.0,28.0,28,12.914889870235298,1,,572.9428571428572,576.0,259.0,792.0,300795.0,89.83020758136558,0.40911234519290574,3.70352999939842,0.5929438896102043,-0.3848299641915401,19.740512084601576,9.227941406859014,1.6924341857734315,2.1392108179109917,523.9999999999999,99.19971896847255,0.6691450465783622,0.9065743944636676,4.33355984411947
ID23790,23790,1,544.0,335.6269113149847,372.18318042813456,0.0,29.0,29,13.171138446245486,1,,564.0828729281768,571.0,250.0,796.0,306297.0,88.95802392013516,0.41084207958834246,3.6930424235398163,0.027543138451390566,0.5458378328188553,19.716174068777534,9.184032324945237,-1.470046984757884,2.146788400910283,545.0000000000001,99.64788763016406,0.6897157964428464,0.9229466553767995,4.268446532008159
ID23920,23920,1,587.0,338.6027377928309,372.14860287891617,0.0,33.0,33,13.709922968110666,1,,544.2994923857868,545.0,271.0,742.0,321681.0,75.60089217758596,0.39487326318878607,4.076279765841036,0.41945113920066246,-0.14467988560817116,20.092509373306115,10.65836105384977,1.6139474407793513,1.8851406207569557,590.4999999999999,102.88909576333985,0.700956496323113,0.9219359875097578,4.234083315081056
ID23602,23602,1,559.0,337.2437037037037,370.7328888888889,0.0,24.0,24,13.380930871145784,1,,548.0248667850799,549.0,329.0,776.0,308538.0,83.06608495355185,0.38089378251386147,3.639570433036915,0.23808913953116992,-0.14005951312835666,19.952068390319305,9.552029471136755,-1.4955570785721888,2.0887779346376822,562.5,103.25887186873445,0.6629452128493579,0.9094583670169766,4.353776316329174
ID23091,23091,1,510.0,336.32163742690057,374.3544509421703,0.0,0.0,0,12.778613837669742,1,,546.7890625,551.0,234.0,810.0,279956.0,96.27087131067138,0.3838152647514718,3.150641854555983,-0.3663101208831243,-0.16682624021787854,18.509541212544924,9.798931575938676,-1.5042382928224571,1.8889346322200262,513.0,98.6760076426411,0.6620702741875816,0.9007901668129941,4.35665216628919
ID24180,24180,1,589.0,337.96315192743765,369.9736394557823,0.0,41.0,41,13.680870333281758,1,,549.2491525423728,549.0,304.0,774.0,324057.0,75.98349358967471,0.433045229690833,4.3687127943075375,0.40282068013117467,-0.39582096063816985,19.713132407128604,10.441790357591557,1.6012659395597413,1.8879073158940074,588.0,102.99254959132473,0.6965873309262944,0.9151750972762644,4.247341159362659
ID23157,23157,1,547.0,335.02689152233364,371.8372835004558,0.0,11.0,11,13.21336340875438,1,,541.615664845173,546.0,257.0,821.0,297347.0,92.3408465628611,0.367603990013833,3.1531687810882145,0.2629032842718937,-0.4844716358765722,19.11073197937246,9.865998208342566,1.6858026346619899,1.9370297435501926,548.5,98.32267432487228,0.7129829274565612,0.9280879864636211,4.19822167639002
ID23733,23733,1,538.0,335.7968164794008,372.272784019975,0.0,27.0,27,13.037541149394091,1,,563.4007490636704,565.0,326.0,768.0,300856.0,86.28979751488689,0.410161144667727,3.7981642200124037,0.09613524661060491,0.39213838988367267,19.420474648400855,9.035333527797585,-1.4537829812933518,2.1493921158143134,534.0,99.66205294436247,0.6756028346425315,0.9222797927461139,4.312798824708405
ID22904,22904,1,536.0,336.5679069767442,373.57038759689925,0.0,5.0,5,13.080197392386228,1,,538.022346368715,542.0,273.0,801.0,288918.0,91.34353447701118,0.364752956646023,3.148453434978617,0.10508855707979613,0.21981601931685016,18.321213631218978,9.715261029500702,1.609685091135712,1.885817949264155,537.5,99.54452110489532,0.6816377110256535,0.9110169491525422,4.293664707179627
ID23676,23676,1,578.0,336.1617604617604,371.7802308802309,0.0,26.0,26,13.558169466087195,1,,544.1875,549.0,293.0,751.0,313452.0,82.29361801025271,0.3846877848810553,3.674251974940103,0.18132672351967374,-0.23774510278910418,20.467737722241452,9.964300860488539,-1.4694589455988152,2.0541067565916453,577.5,102.04173287033005,0.6969573496430639,0.9210526315789472,4.246213540596607
ID23421,23421,1,586.0,333.9254348445965,371.9647847162817,0.0,18.0,18,13.640092685697766,1,,527.2208904109589,529.0,293.0,759.0,307897.0,81.2315845882118,0.34271294463571544,3.313179865802783,0.3149062802256495,0.11057229514711599,19.124686539981433,9.92639967057673,-1.5450007931388356,1.9266488530247015,584.5000000000001,102.54005168172961,0.6985657930147967,0.9190251572327046,4.241322283384542
ID22974,22974,1,560.0,336.62428870919433,372.1699610661875,0.0,9.0,9,13.30937457814151,1,,528.9676258992806,528.0,289.0,745.0,294106.0,80.76516305092053,0.3504249580796466,3.399065931787173,0.29824295394172373,-0.5330940310436988,19.204380252463796,10.319992565316118,-1.5232079046276938,1.8608908999611797,556.5,99.68822329598228,0.7036996274060672,0.9137931034482759,4.2258226978107665
ID23486,23486,1,565.0,332.7684365781711,371.523598820059,0.0,19.0,19,13.410633306963613,1,,544.5410714285714,544.0,323.0,794.0,304943.0,89.46030845882248,0.35935008955889336,3.2182270671433204,0.34559635137016886,0.1893237620371173,19.888597715080266,9.671184940140023,1.678841179295531,2.0564799285900444,565.0000000000001,102.3048627968938,0.6783686312524827,0.9098228663446055,4.303997925759292
ID22980,22980,2,569.0,86.1678486997636,207.2901891252955,0.0,7.0,7,13.398760233979036,1,,1331.6283185840707,1357.0,597.0,1909.0,752370.0,231.4567877308999,0.7138551005247835,4.792686945416698,-0.27035550031545935,-0.20210627700742234,21.383246020076154,8.693812370222052,0.5584251143541172,2.4595936868062402,564.0,103.64409174270492,0.6597810957740459,0.937655860349127,4.3642035484156745
ID23045,23045,2,582.0,89.20146678170838,208.47958009778546,0.0,0.0,0,13.581626524224067,1,,1312.286701208981,1338.0,524.0,1818.0,759814.0,233.30205411880573,0.7010395365669686,4.636265139443817,0.14633782208522328,0.08198211032027036,21.080741220173863,9.388347928425363,0.4966923501714784,2.2454154214233064,579.5,103.14018405252705,0.6845536653811716,0.9242424242424241,4.284510208246848
ID23365,23365,2,615.0,83.90584415584415,212.8852813852814,0.0,14.0,14,14.002817212590296,1,,1267.0616883116884,1303.0,475.0,1908.0,780510.0,234.95017169654164,0.7085812342857138,4.473073174932245,-0.40906976126628297,-0.06469507085675662,22.014026777005927,8.982540261635624,0.5562289293418758,2.450757373282,616.0,108.97610854197082,0.6518204551412453,0.9565217391304346,4.390772539662124
ID23238,23238,2,601.0,84.24896437448218,212.83858050262359,0.0,13.0,13,13.860015018459311,1,,1275.1272727272728,1303.0,540.0,1892.0,771452.0,220.42361834245185,0.7050081750491745,4.784021143276618,-0.9168230608592465,-0.33703923238125655,22.791997528255088,8.89792933359446,0.5591836932365801,2.561494553817489,603.5,107.39059934919305,0.6575891003266616,0.9564183835182248,4.371471274964048
ID23686,23686,2,599.0,76.00820127884347,208.46163469557965,0.0,25.0,25,13.814006542896326,1,,1314.3243697478993,1350.0,541.0,1871.0,782023.0,251.33709237013787,0.7096278370048433,4.341152400830132,0.09549810088211852,-0.19105555826708268,20.915299592497842,9.68648750088863,0.8039719846997782,2.1592243411844687,599.5,104.93337677830274,0.6841821727693363,0.923728813559322,4.285673237591917
ID23112,23112,2,577.0,84.94609557109557,207.98164335664336,0.0,10.0,10,13.493452297211721,1,,1320.079086115993,1349.0,548.0,1930.0,751125.0,229.08728670870772,0.7074446074974843,4.775015382634376,-0.47379264301890445,-0.1613325312874018,22.05595107780516,8.903983884638409,0.5811631717475065,2.477087937665428,572.0,103.54733590059166,0.670390781035161,0.9462365591397851,4.329531615219508
ID22795,22795,2,583.0,89.74058219178082,207.87214611872145,0.0,1.0,1,13.63425735166143,1,,1314.9862542955327,1347.0,463.0,1896.0,765322.0,262.0116139968803,0.6929505386704206,4.108550535164521,0.061601527603351025,-0.1466996338841884,20.97149757643437,9.163582576044401,0.5166546275117414,2.2885697163092553,584.0,103.54078817301549,0.6845414933538368,0.9404186795491145,4.284548300125901
ID23179,23179,2,633.0,82.89836108908274,211.57850911974623,0.0,12.0,12,14.166664506470106,1,,1241.8548644338118,1288.0,444.0,1874.0,778643.0,220.20079347075333,0.7025774019069978,4.6544596631110045,-0.2690706346620892,-0.1462861963369575,22.13947922664159,9.617047450209501,0.5373742628418535,2.3021077249815685,630.4999999999995,108.0766499252074,0.6783146647080921,0.948120300751879,4.304169134851113
ID23371,23371,2,653.0,79.6129987129987,211.53783783783783,0.0,20.0,20,14.356380160193742,1,,1227.3151326053041,1261.0,473.0,1701.0,786709.0,218.30425422165155,0.6989203823445599,4.625711732284337,-0.07998108181425435,-0.558243197589737,22.249506241575165,10.215213560250282,0.6061343644976029,2.17807548617026,647.5000000000001,107.82161893458166,0.6999031367400886,0.959970348406227,4.237268281096115
ID22988,22988,2,575.0,85.81877729257641,207.83013100436682,0.0,6.0,6,13.499348496880144,1,,1326.8631578947368,1366.0,514.0,1847.0,756312.0,249.4233536797148,0.7104594631692015,4.419219100989853,-0.3257068122978366,-0.4304528562811869,21.099731692919807,9.00493201443843,0.5824514700054444,2.3431305932225452,572.5000000000001,104.01371127305954,0.6649732419313292,0.9278768233387358,4.347132193821535
ID23244,23244,2,589.0,83.55763770584895,212.57722884724586,0.0,15.0,15,13.669231989760258,1,,1324.0958904109589,1360.0,452.0,1785.0,773272.0,242.6143578568958,0.7139135124662609,4.546630216404178,-0.06963729371737398,-0.4990082673978113,22.011198961692003,8.985185343096784,0.5594386696981071,2.449721193408988,587.0000000000001,105.20655938976702,0.6664419545190977,0.9475383373688462,4.342339421341988
ID23628,23628,2,607.0,75.34385382059801,209.15116279069767,0.0,26.0,26,13.842779759955802,1,,1303.4009983361066,1341.0,642.0,1841.0,783344.0,250.7313182120156,0.7106556874982737,4.319128165660415,0.15833727457181893,0.03908594797328092,21.041972054566536,9.581992779725507,0.809449955718013,2.195991224193901,602.0,104.48584661538726,0.6929332851773439,0.9406250000000002,4.258525188640168
ID23885,23885,2,657.0,73.76411238825033,208.1375478927203,0.0,33.0,33,14.411703602798783,1,,1251.1007633587785,1279.0,482.0,1777.0,819471.0,235.7952039597615,0.7174900829941196,4.433114841704724,-0.26151187263876946,-0.3259450377981134,21.651346852680078,10.30072476842154,1.2078262801832096,2.1019246062234007,652.5,107.15321384410949,0.7141344389428428,0.9422382671480143,4.194835583682929
ID22867,22867,2,575.0,86.21893147502904,208.09146341463415,0.0,9.0,9,13.517021664164627,1,,1319.3919860627177,1348.0,605.0,1934.0,757331.0,217.87009115475993,0.7110993608440166,5.0333981091385915,-0.4626118861846716,-0.10130062392750054,22.13111945673547,8.678661904477107,0.5908525814796431,2.5500612537191447,574.0,105.38376172862176,0.6494928323364035,0.944078947368421,4.398633228501347
ID23380,23380,2,621.0,80.22545846817692,212.92421790722761,0.0,17.0,17,14.025530637433391,1,,1267.498371335505,1295.0,584.0,1754.0,778244.0,215.05721192722368,0.7059191469701408,4.877754209669823,0.236579344853391,0.1722712799539446,22.064940548723875,9.672239101588968,0.609076459261717,2.2812650015133538,618.0000000000002,105.8753850345,0.6928007252585427,0.946401225114855,4.258932580500492
ID23958,23958,2,681.0,72.0560482877556,210.98558758314857,0.0,35.0,35,14.674353069329307,1,,1217.948604992658,1244.0,436.0,1720.0,829423.0,237.73305964628986,0.7130114106381381,4.264868082027356,-0.22678571460034774,-0.24231434712503558,21.93209925933955,10.81349001443719,1.258604006541781,2.0282165360173083,676.5000000000002,109.19790437151453,0.7129335574629094,0.9454926624737947,4.198367035369983
ID23259,23259,2,595.0,82.9465776293823,213.42209237618252,0.0,16.0,16,13.808244704671578,1,,1307.1973244147157,1340.0,496.0,1822.0,781704.0,246.27814726843917,0.714275532856824,4.4231372458350355,-0.21573558550786473,-0.443706503979773,22.45558051819764,8.659195799206579,0.593335972850691,2.5932639749588744,599.0000000000002,105.76741307263077,0.6728727211061565,0.950793650793651,4.321539341939867
ID23004,23004,2,568.0,88.44903339191565,207.35823081429407,0.0,2.0,2,13.458020851469096,1,,1319.7526315789473,1346.0,380.0,1947.0,752259.0,244.4021798599665,0.6852460906237433,4.391376721593044,-0.3129048038824993,-0.4215542430238666,20.89742904995163,9.185480037704638,0.5283492982578049,2.2750502928721943,569.0000000000001,102.2189862603915,0.6843196191652466,0.9297385620915033,4.28524282473739
ID23452,23452,2,653.0,80.03348612172141,212.0215176979883,0.0,19.0,19,14.433773605931712,1,,1227.4104134762633,1253.0,446.0,1734.0,801499.0,212.91076506161752,0.7058223352004205,4.770718366883377,-0.31160205386528783,-0.47236483696838605,22.25634120816986,9.891501762410845,0.6036417780485117,2.250046731300925,654.4999999999999,108.21495549055679,0.7023360238678029,0.9547775346462433,4.229922980554824
ID23517,23517,2,615.0,79.5021645021645,210.17261904761904,0.0,22.0,22,14.002817212590296,1,,1283.5934959349593,1313.0,527.0,1925.0,789410.0,223.4279149577867,0.7097164622557908,4.769587895013593,0.02790220351105011,0.12333012413520841,22.07272352329715,9.35958903757915,0.677604442948126,2.3583005017286784,616.0,105.74378751258604,0.6922785135923318,0.9624999999999998,4.260538614033104
ID23008,23008,2,562.0,86.37075443342351,207.6487826871055,0.0,8.0,8,13.28543683470408,1,,1347.0271247739602,1390.0,559.0,1866.0,744906.0,235.7827412566661,0.7130739453130311,4.756119769973133,-0.483524268832089,-0.18471441869770377,21.76759296913073,8.438017671953475,0.5822073997353554,2.5797045959600773,554.5000000000001,104.46914742765948,0.6384623816438665,0.931932773109244,4.436467201954311
ID23585,23585,2,622.0,78.03778135048232,208.70900321543408,0.0,24.0,24,14.070847494245605,1,,1278.3665594855306,1320.0,488.0,1867.0,795144.0,249.1389953595297,0.7125149977582689,4.269758531354259,-0.179894846545118,-0.4205774679253539,21.573718673504406,9.64602471550254,0.7302419276060207,2.236539850331542,622.0,105.33076122637735,0.7045142842940203,0.9409984871406961,4.223378750667362
ID22822,22822,2,588.0,84.77933276788238,208.0114503816794,0.0,5.0,5,13.698309308281246,1,,1293.664406779661,1329.0,478.0,1863.0,763262.0,257.65134030742234,0.7065778902435307,4.157699984703541,-0.42225783176753445,-0.30583275437294716,21.664789844379552,9.2061206302654,0.5877764134316822,2.353302842150026,589.5,103.8986601442505,0.6862364455414405,0.9424460431654673,4.279253773494296
ID24166,24166,2,692.0,71.0439980870397,213.41152558584412,0.0,41.0,41,14.895032415879538,1,,1217.9070100143063,1250.0,365.0,1747.0,851317.0,242.9281526069235,0.7162687094579633,4.184629120354145,0.41869595239831714,-0.2875576665468723,21.640229519805164,11.279648418107744,1.3346376480404034,1.9185198614049972,697.0000000000003,109.69133755721751,0.727944011575262,0.956104252400549,4.154855681228711
ID23145,23145,2,584.0,84.62328767123287,209.23230593607306,0.0,11.0,11,13.634257351661425,1,,1306.9123711340205,1339.0,580.0,1883.0,760623.0,223.5278037626488,0.7083929157006676,4.8487675119899025,0.13605714669806243,-0.337638743167216,21.574244961577392,9.17687364323178,0.544855196008557,2.3509362556701485,583.9999999999997,105.86589941120195,0.6548028003734657,0.9581624282198516,4.380762087744836
ID22891,22891,2,558.0,85.34986595174263,207.69988084599345,0.0,4.0,4,13.345200684884094,1,,1329.660107334526,1360.0,456.0,2023.0,743280.0,241.63257238325215,0.6872653116471309,4.482870609022331,-1.1701870045530263,-0.4825126993209724,21.399745946198518,8.841295230853575,0.5207617426418871,2.420431100583494,559.5,101.04217784080872,0.6886595242553168,0.9483050847457627,4.271718768630816
ID22892,22892,2,543.0,86.296875,207.31066176470588,0.0,3.0,3,13.159049284959083,1,,1370.6470588235295,1398.0,473.0,2048.0,745632.0,251.5615182946898,0.7096333237166506,4.523165242480249,-0.8289368273074574,-0.4885449690033624,21.431852093513484,8.546106818130133,0.5866361101573597,2.5077912726350315,544.0000000000001,101.43065191933137,0.6644622769760203,0.9339055793991419,4.348803323561906
ID23724,23724,2,668.0,73.50301204819277,210.85818273092372,0.0,28.0,28,14.538148590038453,1,,1224.2113943028485,1262.0,451.0,1689.0,816549.0,238.5148278686635,0.7105678408563738,4.264187326140417,-0.09262143773589286,0.25854823841075975,21.60913302000844,10.29323999728485,1.0188033374234302,2.09935190724286,664.0000000000001,107.90397974110012,0.7166432554082497,0.9438521677327649,4.187486530093017
ID23469,23469,2,627.0,79.60696319830554,210.24927190892242,0.0,21.0,21,14.1554255800628,1,,1263.6931637519872,1286.0,455.0,1816.0,794863.0,224.45517114663485,0.7093416498783591,4.672707566326297,0.06052990994440785,-0.21410614954268276,21.653409804648543,9.47047381744968,0.6416801458361374,2.2864125092401792,629.5000000000001,107.27839283157739,0.6873549763781881,0.9451951951951953,4.275770546988509
ID23725,23725,2,677.0,72.99371766444938,211.19130327666912,0.0,29.0,29,14.674353069329307,1,,1212.9098966026588,1247.0,450.0,1668.0,821140.0,230.39586303509762,0.7102323876695888,4.372493825491409,-0.004343757929884431,0.0017938779739195643,21.824981459738733,10.451577179106739,1.0480590752005678,2.088199808098632,676.5000000000001,108.57399035564102,0.7211507607253461,0.9468159552134361,4.174379212048422
ID23917,23917,2,669.0,73.09950062421971,209.04082397003745,0.0,34.0,34,14.576414134747967,1,,1230.8714499252617,1265.0,456.0,1752.0,823453.0,231.98702648236196,0.7134829112819934,4.418580726714837,-0.16800809723630994,-0.5824024120959066,21.799619634463596,10.655833603673289,1.2350360408756327,2.045792046428804,667.5000000000002,107.46914150416883,0.7262624239861575,0.950177935943061,4.159662975335756
ID24109,24109,2,675.0,70.06770064007878,212.1789758739537,0.0,37.0,37,14.679774962390473,1,,1232.113569321534,1260.0,397.0,1749.0,835373.0,258.672449485521,0.715214723076022,3.9723591822353326,0.15055897248821337,-0.5213839205581208,21.97818801578596,10.60313185864326,1.3395332996505336,2.0728015372052737,676.9999999999998,110.4787964736876,0.6970126557145485,0.9350828729281765,4.246045074467346
ID24045,24045,2,690.0,70.06942428640542,213.04305757135944,0.0,38.0,38,14.809304898631526,1,,1216.544267053701,1241.0,468.0,1875.0,838199.0,241.3753135795023,0.7148776748097774,4.202073544626359,-0.22350962834601726,-0.24682893268394154,22.29162553758405,10.653387682871683,1.3447803838055719,2.092444788564684,688.9999999999998,109.78777555164892,0.7183252197236984,0.9523151347615754,4.182581140107603
ID24046,24046,2,679.0,69.78105056455573,212.85297005400096,0.0,39.0,39,14.70144253870326,1,,1238.6892488954345,1266.0,394.0,1832.0,841070.0,244.4160382452427,0.7181974903647061,4.236756129007751,0.003166728059840107,-0.9993997743230589,22.52319802829637,10.351299335555227,1.3398456882319283,2.175881239462607,678.9999999999997,111.67233090771963,0.684208517065002,0.9352617079889802,4.285590730485613
ID23799,23799,2,681.0,74.49557195571956,211.09729397293972,0.0,31.0,31,14.685194853644884,1,,1222.423076923077,1248.0,521.0,1786.0,826358.0,219.50550149184224,0.7106507411478219,4.62701587485723,0.0035773593023780497,-0.48284785600061436,22.108825482209646,10.635852566856395,1.092887780373673,2.0787074043415665,677.5,108.48545257062963,0.7233960839460372,0.9515449438202246,4.167895824114441
ID24119,24119,2,710.0,70.29262887800327,213.55318404478658,0.0,40.0,40,15.080862497825462,1,,1198.572625698324,1219.0,329.0,1860.0,858178.0,256.27760086309723,0.7150567099885542,3.8998302343670805,0.16271535271093393,-0.6268045285959318,22.606695972482957,11.004181479079026,1.3495308077336436,2.054373241250378,714.5,110.53940872505132,0.7348146778759606,0.9520319786808791,4.135385690519655
ID23352,23352,2,658.0,79.74476773864217,213.31189382337925,0.0,18.0,18,14.417224270920368,1,,1221.1180981595091,1242.0,509.0,1730.0,796169.0,211.91721533251695,0.7023980328219382,4.754924252696381,-0.039168806995940185,0.12048793294357435,22.12051802638861,10.003885234364594,0.6170214761414352,2.2111927024514304,653.0,109.49647378934371,0.6844201363077448,0.9512017479970867,4.2849281377804305
ID23672,23672,2,630.0,74.45121951219512,209.59729871492266,0.0,27.0,27,14.222725922614094,1,,1255.4787401574804,1307.0,487.0,1744.0,797229.0,245.00504875694168,0.7096603050077842,4.2540737034792615,0.36798995672187523,-0.44710325139923585,21.483156551859686,10.11808625655233,0.8877408612591624,2.1232430725669587,635.4999999999999,108.3791574435572,0.6798825240909894,0.9359351988217964,4.299203404188128
ID23864,23864,2,667.0,74.85236664162284,209.07375406962186,0.0,32.0,32,14.554560428103377,1,,1241.96992481203,1264.0,526.0,1736.0,825910.0,227.84351596834983,0.7136629415260775,4.540170281877343,-0.3607472330599906,-0.3228979054639848,22.566578156672144,10.080736513601916,1.2139828984957932,2.238584266757008,665.5000000000002,107.92199221393841,0.7180224386268678,0.9575539568345328,4.183462918279322
ID23993,23993,2,682.0,71.19129480614484,211.4319678127286,0.0,36.0,36,14.75007821018658,1,,1220.353711790393,1252.0,437.0,1716.0,838383.0,243.49693351208458,0.7154978752848511,4.180617072247721,0.06657793416627926,-0.22984121725152434,22.0612001189849,10.939073666417052,1.31763819654627,2.0167338471001224,683.5,107.88624198724159,0.7379318439651126,0.9566130160951715,4.1266421147026815
ID23804,23804,2,700.0,74.05643044619423,211.50548795036985,0.0,30.0,30,14.911051455191808,1,,1184.5675675675675,1211.0,314.0,1679.0,832751.0,241.04685781936197,0.7088647697707525,4.077031390226818,-0.3192951370338652,-0.2605842725895954,21.968939715343218,10.575549424614774,1.070190821683219,2.0773331798923023,698.4999999999998,110.0274430299895,0.7250604793096918,0.9535836177474398,4.163109318511553
ID23551,23551,2,619.0,79.13980660757454,210.00174590384097,0.0,23.0,23,14.053870796938547,1,,1285.3719806763286,1320.0,471.0,1853.0,798216.0,256.54748372806057,0.71459556703992,4.176280747936672,0.07857224226432871,-0.27938875100397104,22.084575544849216,9.51198350854429,0.7002566504885038,2.3217634392460202,620.5,105.90585680434441,0.695203089751821,0.9516871165644175,4.251567565195445
ID22912,22912,3,535.0,241.6604593420236,375.64556176288016,0.0,5.0,5,13.074112164146962,1,,2279.804469273743,2314.0,411.0,3521.0,1224255.0,545.3941961863176,0.6205730362635057,3.2014105905521566,-0.3342876832153386,-0.16991274634173562,18.863142969400023,9.565082669539287,2.1501644915965077,1.9720836317987191,536.9999999999999,92.80877374290024,0.7834406119569169,0.9799270072992698,4.00499420153179
ID23681,23681,3,542.0,232.40095062864154,389.0277522232444,0.0,26.0,26,13.153000537553789,1,,2411.48802946593,2477.0,776.0,3547.0,1309438.0,505.202863189158,0.6415276253760103,3.7309245774126687,0.023001095462447173,-0.060590301723019165,18.44276011394917,9.61698998332552,2.1586995870695267,1.9177268714978664,543.5,91.58150656719734,0.8143176445968738,0.9828209764918626,3.9283304142883204
ID23938,23938,3,557.0,234.0117540687161,390.07203134418324,0.0,34.0,34,13.267455184007076,1,,2424.431941923775,2458.0,919.0,3700.0,1335862.0,474.33071163065136,0.6782317445469008,4.13128284113587,-0.2309073512701617,0.06258381575654545,18.990551499417965,9.924704151383807,2.112626198218533,1.9134627299464742,553.0,94.16148430232758,0.7837695803838828,0.9584055459272095,4.004153613332488
ID23492,23492,3,512.0,233.05849673202613,388.13790849673205,0.0,19.0,19,12.741194683142286,1,,2470.696850393701,2536.0,848.0,3553.0,1255114.0,498.91786115492954,0.6611006312581276,3.9417768445988717,-0.023739707555020764,-0.11404492897003007,18.294438766791632,9.204232174114301,-0.9566673026961354,1.9876116139532365,509.99999999999994,92.29970316204324,0.7522798537671009,0.9514925373134328,4.087099552561885
ID22984,22984,3,526.0,239.29573934837092,377.68327067669173,0.0,9.0,9,13.013103375051497,1,,2323.551789077213,2361.0,758.0,3620.0,1233806.0,524.9637279937132,0.7527069760478585,3.8016285556728615,0.004010364999875295,0.03247505572411447,19.18721708315422,8.938473884396542,2.160125530863299,2.1465875865731854,532.0000000000001,92.9291359064411,0.77413677425015,0.9779411764705884,4.028989010186847
ID23753,23753,3,529.0,233.72003129890456,389.37605633802815,0.0,25.0,25,13.019217119046312,1,,2456.7296786389416,2520.0,976.0,3834.0,1299610.0,494.3013594811718,0.6407035030651672,3.8817052618733805,0.013914946743699858,-0.15511964474901996,18.472512654829657,9.591038563142346,2.2037391470962446,1.926017973258721,532.5,92.51268618751921,0.781856216568962,0.964673913043478,4.009050115360862
ID23498,23498,3,519.0,232.9280193236715,389.14959742351044,0.0,21.0,21,12.834538016621854,1,,2453.9710982658958,2529.0,983.0,3598.0,1273611.0,508.15600196111086,0.6431869169285541,3.7805293417207437,0.10739785804910393,-0.004346504383130508,18.595198012736457,8.961373402804057,2.2267943948827598,2.075038855865322,517.4999999999999,91.23952390153838,0.781185542826094,0.9718309859154928,4.01077069750684
ID23437,23437,3,501.0,233.2253920587254,389.3708708708709,0.0,18.0,18,12.609353201048952,1,,2473.542914171657,2529.0,1090.0,3561.0,1239245.0,482.9367667248896,0.6426774359299494,4.0077436587916875,0.027356408688280553,-0.054877434919651774,18.68934905024098,8.823377317691078,2.214109908502373,2.1181627371605654,499.50000000000006,90.93753482460423,0.7590301070994447,0.9550669216061185,4.0688851429179556
ID22862,22862,3,500.0,242.77901484480432,376.2088394062078,0.0,1.0,1,12.53974017971635,1,,2375.9046653144014,2367.0,950.0,3495.0,1171321.0,467.4980468618599,0.7311225529608362,4.292809057119727,-0.07257381024059918,-0.22920814018557584,18.975275166585632,8.693278032971948,2.156377678096566,2.182752592821261,494.0000000000001,93.50722107615591,0.7099806491831312,0.9481765834932824,4.207088772301639
ID23566,23566,3,530.0,234.05179968701094,389.31846635367765,0.0,23.0,23,13.019217119046312,1,,2432.587901701323,2500.0,990.0,3583.0,1286839.0,472.4610537151148,0.6529655061675188,4.067794199648425,-0.16754212491486362,-0.11062838311935598,18.41026784090762,9.630406371005503,2.205509437227545,1.9116813072744112,532.5,93.42233085783968,0.7667046177156144,0.9560143626570916,4.048469693591396
ID24080,24080,3,534.0,233.2329000309502,390.4473847106159,0.0,38.0,38,13.092359363765237,1,,2520.435754189944,2610.0,862.0,3762.0,1353474.0,529.4722098071427,0.6759344206710197,3.8398123311846106,0.021731982344569536,-0.11886148908124006,19.016814994849387,9.21495243410471,2.0534432748385187,2.063691064152193,538.5,94.13785177963955,0.76360190756258,0.9633273703041143,4.056686340173973
ID24081,24081,3,551.0,232.6043187347932,390.4890510948905,0.0,39.0,39,13.20733953636073,1,,2497.454379562044,2579.0,914.0,3770.0,1368605.0,521.3839372101756,0.6930638985250621,3.9216591111109484,0.04419182759896649,0.03314569136490595,18.647380728868285,9.698323433672803,1.9798016285615698,1.9227427149030882,547.9999999999999,92.82679496371948,0.7991783512986727,0.9699115044247784,3.9653641559278703
ID24018,24018,3,563.0,234.13563829787233,389.3729314420804,0.0,36.0,36,13.398760233979035,1,,2426.5478723404253,2489.0,766.0,3607.0,1368573.0,511.8428129804384,0.6819312340803738,3.8442763234057287,0.3499871148013368,-0.10966862729537394,19.34286729090581,9.674178000241804,2.099503874560562,1.999432643313193,563.9999999999999,95.49909420684612,0.7771242535459257,0.961636828644501,4.021237282320397
ID23315,23315,3,510.0,234.32473222979553,383.5025965595586,0.0,13.0,13,12.784839715670138,1,,2420.337231968811,2468.0,932.0,3586.0,1241633.0,509.8708795242717,0.6978681254256904,3.9022498813336446,0.08636940008202,-0.050647578889882,18.411118706936218,9.205633089605739,2.138807253103095,1.9999839802136556,513.5,92.38308623736893,0.7560758715176165,0.950925925925926,4.076826625149879
ID22996,22996,3,525.0,241.74841571609633,375.4578580481622,0.0,4.0,4,12.939513133525304,1,,2300.6507633587785,2306.0,603.0,3437.0,1205541.0,498.55642294895875,0.5793158233746011,3.3854217686688117,-0.10256585230121844,-0.10149817708161452,18.745707542106373,9.340962880965995,-0.9939860358757925,2.006828180454967,525.9999999999999,92.09191315793223,0.7793860309438347,0.9704797047970478,4.015398229943634
ID23892,23892,3,546.0,232.21896024464831,390.23975535168194,0.0,32.0,32,13.171138446245484,1,,2465.0974264705883,2532.0,901.0,3560.0,1341013.0,507.212419016347,0.659512962643759,3.8629304787908825,0.2138241011172062,-0.3023916045653485,19.253501587212757,9.315010988047145,2.120477116209748,2.066932783216091,545.0,94.30868015332936,0.7700218208689771,0.962897526501767,4.039740011677784
ID23061,23061,3,537.0,240.21978875427152,377.02718235476857,0.0,6.0,6,13.068024102273599,1,,2276.7906542056076,2304.0,835.0,3503.0,1218083.0,507.89883786095373,0.7216984824874128,3.758153996333795,-0.221448123070976,-0.17851379098399586,18.723628409814673,9.548514290601469,2.1590933252537146,1.9608944218939066,536.5,93.38789220157008,0.7730337293570543,0.9781221513217865,4.031862475708148
ID23125,23125,3,543.0,239.29914919477363,378.02719538134306,0.0,10.0,10,13.21336340875438,1,,2288.36197440585,2370.0,675.0,3385.0,1251734.0,561.5454054312347,0.753919095778982,3.5033620972055286,0.0025190728318854974,0.0115970100257494,19.276352805433344,9.117540928774659,-0.976337104832324,2.1142052397700577,548.5,95.41088738833294,0.7571651660510598,0.9707964601769914,4.073893009396913
ID23063,23063,3,524.0,239.85197472353872,376.92780410742495,0.0,7.0,7,12.957949874958986,1,,2318.6285714285714,2354.0,603.0,3683.0,1217280.0,525.4294800399887,0.7456668558063532,3.769903350116613,0.06098283760012847,-0.05623685338816914,19.08111597906258,9.023199432000151,-0.9953435270242948,2.1146729741329584,527.5000000000001,93.92365636950578,0.7514193008261842,0.9599636032757054,4.089439231031271
ID24151,24151,3,565.0,232.48582816651904,389.5029524653085,0.0,40.0,40,13.404698085027869,1,,2446.131907308378,2521.0,836.0,3742.0,1372280.0,502.3328404249431,0.6998784148262268,4.0098030061015315,0.04035353558613462,-0.02540899404453518,18.519705447113854,10.05197095246853,-1.1600281489158981,1.8423954401266793,564.5,93.33884294554963,0.8142335333837177,0.9741156169111302,3.928533309459434
ID23000,23000,3,519.0,240.8574646074646,376.80083655083655,0.0,3.0,3,12.84073677960901,1,,2311.907514450867,2336.0,802.0,3460.0,1199880.0,496.4795204334549,0.6279292378081309,3.5923140390024417,-0.02999409004098368,-0.07170239466897647,18.856617826099647,9.003438693543691,-1.0247738351328735,2.0943795440759327,518.0,94.67077036468521,0.7262862154261526,0.946983546617916,4.159594844356227
ID24154,24154,3,560.0,234.79278473464518,388.8354203935599,0.0,37.0,37,13.339236349084565,1,,2454.7491039426523,2514.0,848.0,3617.0,1369750.0,502.3608873858891,0.6888892378620755,3.986295769581709,0.1643422238789464,-0.15577866764022594,19.240146449253196,9.432462469750618,-1.0529357179490146,2.0397798041556245,558.9999999999998,97.1027760520708,0.7450036145330179,0.9563729683490155,4.1070098278833305
ID23451,23451,3,517.0,232.84983818770226,388.64983818770224,0.0,20.0,20,12.803499185170132,1,,2439.6120857699807,2492.0,1051.0,3569.0,1251521.0,493.93026733970663,0.6306619224380067,3.8204789585303343,0.029948003569485605,-0.20723977714628117,18.58395105080703,9.103890898669626,2.1854954001500824,2.0413196135207143,515.0000000000001,92.96953689895966,0.7487481420919505,0.9563602599814301,4.096727273307108
ID23455,23455,3,500.0,233.62245578912245,386.8853853853854,0.0,14.0,14,12.609353201048952,1,,2460.352,2537.0,887.0,3647.0,1230176.0,537.3060279126435,0.6869575585236238,3.7293339803692214,-0.0728650123373568,0.0395713116713299,18.57736333519759,8.800417914217185,-0.9046252485363114,2.1109637651622917,499.5,90.7706923467314,0.7618229655753933,0.9587332053742802,4.061419986965205
ID23074,23074,3,517.0,241.73578010803942,375.8508102955195,0.0,2.0,2,12.921050085167158,1,,2292.2789373814044,2329.0,640.0,3620.0,1208031.0,544.4668791600558,0.6579140786841925,3.3414360513840546,-0.16264893954310058,0.18710038769881687,19.1253047106809,9.225318691508452,2.1258236277434603,2.0731321432055245,524.5,91.57639969653232,0.7859378886938564,0.9868297271872061,3.998626308778142
ID23332,23332,3,492.0,233.1950642325896,388.44827586206895,0.0,15.0,15,12.527041705391134,1,,2501.0588235294117,2576.0,1016.0,3695.0,1233022.0,518.096808949185,0.6631358070706964,3.8496190030743205,0.20371383585821265,-0.07581833912501439,18.235556576842676,8.718884540092969,-0.9425073581894499,2.0915010966125527,493.0,89.61422638054871,0.7714412604570786,0.9723865877712032,4.03602177199086
ID23079,23079,3,526.0,239.50252764612952,377.95497630331755,0.0,8.0,8,12.957949874958986,1,,2331.6361904761907,2401.0,672.0,3561.0,1224109.0,545.7882518553532,0.7448615766459746,3.6473815154088745,0.10896824692544249,-0.2027776785949256,18.897064145513475,9.10252613972071,2.1979038455634825,2.0760241558716674,527.5,94.04422712073851,0.7494938001257648,0.956482320942883,4.0946888856897985
ID23463,23463,3,500.0,233.31833333333336,389.558,0.0,17.0,17,12.615662610100802,1,,2480.703187250996,2555.0,938.0,3546.0,1245313.0,523.0097352664039,0.6468970400997336,3.726179244769013,-0.007419522596514172,-0.02142814567449611,18.6783583323839,8.802843661564117,2.2090581729486076,2.1218550562177168,500.0000000000001,91.59434508069329,0.7489322718622587,0.9505703422053234,4.096223639100073
ID23977,23977,3,551.0,233.6092057761733,390.2767749699158,0.0,35.0,35,13.279445656570912,1,,2440.6732851985557,2489.0,780.0,3679.0,1352133.0,506.2973164361209,0.6841666156842541,3.9166146325403837,-0.04218580825937503,0.10882706097786701,18.768130472616065,9.858418142307839,2.1145037038141368,1.9037669331626137,554.0000000000001,93.0641214817869,0.8038130722586415,0.9822695035460995,3.953915645271406
ID23850,23850,3,536.0,232.34380776340112,390.37153419593346,0.0,31.0,31,13.122714979204218,1,,2472.1966604823747,2523.0,759.0,3745.0,1332514.0,503.83159979835455,0.6456927529357759,3.8503903830981354,0.04508137376627125,0.015887570233636978,18.77463840288827,9.448901564356085,2.1380212184203757,1.986965180557229,541.0,94.72564860756586,0.7576558027992366,0.9533039647577093,4.07257372608382
ID23531,23531,3,509.0,233.87921992789248,388.3620124549328,0.0,22.0,22,12.722443834596305,1,,2478.794117647059,2534.0,1048.0,3843.0,1264185.0,483.1963960298684,0.6487122298764929,4.036955779652697,-0.01054141414678169,-0.08719977018162518,18.40342890741198,9.159536464344704,2.2154139653411375,2.0092096340301655,508.49999999999994,91.21896556381122,0.7679457395560324,0.9540337711069418,4.045196886871287
ID23851,23851,3,551.0,233.45074040495618,388.9134179510426,0.0,30.0,30,13.249449129317059,1,,2415.2440801457196,2456.0,1006.0,3584.0,1325969.0,468.9304441855445,0.6430035443210507,4.031414553659861,-0.18717792211460166,-7.980697227239199E-4,19.069382233227483,9.46616853020113,2.099077046132546,2.014477364562863,551.5,95.24548497912679,0.7639529033726874,0.96584938704028,4.055754317081367
ID23214,23214,3,524.0,234.22067753275806,382.4769894534995,0.0,12.0,12,12.884044615137237,1,,2367.35838150289,2417.0,963.0,3512.0,1228659.0,471.29730867896103,0.6900555482703488,4.101872125684354,-0.032852506153748684,0.1209733635298475,18.495569444695462,9.364282037677018,2.0987433297174864,1.9751187939746877,521.4999999999999,91.38063135973066,0.7847943507030547,0.9675324675324674,4.0015384835446195
ID23792,23792,3,556.0,233.00327966607034,389.1851520572451,0.0,28.0,28,13.339236349084569,1,,2387.0125223613595,2428.0,819.0,3695.0,1334340.0,507.78234357356285,0.631405559918433,3.6387612492128745,-0.10375019631108394,-0.15382171412856305,18.860150999221595,9.849318207526672,-0.9887523494872149,1.9148686844952383,559.0,93.11093077577792,0.8102524180717402,0.9772727272727273,3.9381727621712947
ID23794,23794,3,545.0,233.1064220183486,389.6058103975535,0.0,29.0,29,13.171138446245484,1,,2436.983455882353,2495.0,1048.0,3528.0,1325719.0,476.24727171311554,0.6384430944651582,3.987869219859324,0.13432769337178613,0.004866172420020251,18.96189895429888,9.329203124732485,2.15460074888333,2.032531471421104,545.0,93.22467010118628,0.7880334561286401,0.9688888888888889,3.9933061227336943
ID23923,23923,3,558.0,232.90084388185656,390.38758288125376,0.0,33.0,33,13.267455184007076,1,,2423.3194945848377,2479.0,733.0,3664.0,1342519.0,496.0536058091625,0.6581550435431162,3.878065485177819,-0.05784184291767671,-0.012213356030547925,19.085839464885055,9.408715250628838,-1.0116937674710482,2.0285276954905656,553.0,96.95479470281447,0.7392586470377144,0.9642545771578029,4.122937254182469
ID23604,23604,3,532.0,234.36092715231788,389.2849258908862,0.0,24.0,24,12.970226476362447,1,,2441.444234404537,2489.0,936.0,3589.0,1291524.0,473.4858134512708,0.6419861678241284,4.032050937351514,-0.052848526946226236,0.08291906084068677,18.46566480310316,9.497903081740386,-0.9537141202915038,1.944183325959937,528.5000000000001,92.14064990723247,0.7822621428013693,0.9679487179487182,4.008009805666898
ID24181,24181,3,585.0,231.33546826074578,389.6645317392542,0.0,41.0,41,13.65175587097167,1,,2390.3931623931626,2457.0,735.0,3563.0,1398380.0,518.5416252109898,0.7102835834177853,3.8289470361067663,-0.016707713624236085,0.06577147678310881,18.796822301705063,10.164583054450832,-1.1822800714809953,1.8492467621162658,585.5,94.74722298577507,0.8196034614017944,0.971784232365145,3.9156425579156013
ID23094,23094,3,499.0,243.83805668016194,375.4537786774629,0.0,0.0,0,12.539740179716349,1,,2395.9087221095333,2399.0,862.0,3709.0,1181183.0,492.7525576948609,0.7096942205800721,4.036678875372725,-0.18922044237642585,-0.29131806596252974,18.644158173754384,9.131278053710364,-0.9420302671316516,2.0417906523149405,493.99999999999994,90.43477382961528,0.7590421608612373,0.9676787463271301,4.0688528353799045
ID23158,23158,3,532.0,235.16604361370716,380.7722741433022,0.0,11.0,11,13.049742875180646,1,,2325.739700374532,2388.0,635.0,3429.0,1241945.0,516.4871691599437,0.7115394581841433,3.7440672241407635,-0.03073240169801412,-0.18474490113076653,18.837604341537673,9.325907524740794,-1.0216458007235312,2.019921845843228,535.0000000000001,94.2909914119759,0.7561766137807763,0.9665763324299912,4.076555046782202
ID23353,23353,3,512.0,233.37053140096617,389.7012882447665,0.0,16.0,16,12.834538016621854,1,,2426.5365384615384,2524.0,933.0,3588.0,1261799.0,532.5269734649725,0.6389619144224246,3.5528864799715993,0.13347928027305395,-0.13965700842596857,18.60177595353328,8.926740906230757,-0.9709370845489351,2.083826129707592,517.4999999999999,91.73235404556128,0.7728142847799689,0.9736594543744116,4.032434869084809
ID23740,23740,3,537.0,232.87211449676823,388.59972299168976,0.0,27.0,27,13.128777679910748,1,,2430.152133580705,2479.0,735.0,3656.0,1309852.0,466.836947098948,0.6416759235199477,4.069364134444666,0.025324498245019127,0.033716460613985304,18.411931432643627,9.620655630759577,-1.0149717671628333,1.9137917559148674,541.5,94.51851541623675,0.7616834893693586,0.9491673970201574,4.061791824827467
ID23808,23808,4,489.0,342.17347633639764,228.96680286006128,0.0,30.0,30,12.48249531491863,1,,2196.248979591837,2262.0,676.0,3480.0,1076162.0,560.887661263144,0.7989630266995693,3.47808448156042,0.17968934020645222,0.22444854979435555,15.385095784571599,10.079363565855157,0.4803639008008258,1.5263955590103064,489.5,92.05037044583031,0.7259579723210058,0.9175257731958762,4.1605351219463484
ID23553,23553,4,493.0,343.28105906313647,231.83061778682958,0.0,23.0,23,12.50160606147231,1,,2195.9326530612243,2261.0,663.0,3589.0,1076007.0,561.199654948957,0.800512636405407,3.479394199203825,0.1879939433812268,-0.043783092659472375,15.32476347355172,10.475477159113506,0.4623338734329958,1.462917940708735,490.99999999999994,91.04434831114838,0.7443640204549595,0.9177570093457943,4.108773921164037
ID23113,23113,4,475.0,343.1649104320337,230.1354056902002,0.0,10.0,10,12.289753496071784,1,,2202.5759493670885,2247.0,700.0,3433.0,1044021.0,579.0831051186649,0.8002846998006014,3.3816084286711194,0.09180080236105564,-0.012400004084598487,15.135580882084184,9.916610174953464,0.24923865905498976,1.526285758445195,474.4999999999999,88.74961495392337,0.7570300617984665,0.9169082125603862,4.074256519211904
ID23241,23241,4,506.0,341.58291873963515,230.50464344941955,0.0,13.0,13,12.647162440933336,1,,2104.900596421471,2144.0,449.0,3457.0,1058765.0,578.0690915119027,0.7951618985731015,3.2257728173316758,-0.22452656150647682,-0.05395251200977313,15.519889368457367,10.358908852397612,0.25823898111523125,1.4982166162090735,502.5000000000001,91.45715200254203,0.7549367787067579,0.9305555555555558,4.079901143182449
ID23050,23050,4,420.0,346.68531605810756,227.21181782489205,0.0,0.0,0,11.624222412059186,1,,2429.883886255924,2475.0,662.0,3934.0,1025411.0,698.8513264703206,0.8119886744303464,3.116199228935403,0.21192147805440179,-0.12251777942781238,14.141385363804071,9.987822323802206,0.15754506139287505,1.4158627281648188,424.4999999999999,82.58754960352309,0.7820929972237045,0.9288840262582052,4.0084431943338235
ID23370,23370,4,487.0,341.59118852459017,231.57718579234972,0.0,14.0,14,12.463355264843006,1,,2168.8977505112475,2212.0,616.0,3382.0,1060591.0,576.2914059792886,0.801068822101138,3.3478535493205173,-0.02502693417186746,-0.03918765334329879,14.99729775197537,10.305117031903137,0.23968870984546758,1.4553253209590855,488.0,89.4810104863141,0.7658926933686486,0.923368022705771,4.0506150205084355
ID22987,22987,4,483.0,344.71879286694104,227.8014403292181,0.0,7.0,7,12.437789380968077,1,,2146.8786008230454,2187.0,555.0,3263.0,1043383.0,569.4179517617563,0.8001499338767084,3.3517299709947217,-0.06985831617644031,-0.13275470078509383,15.455085189381487,10.012648513374026,0.3535289161766322,1.54355614987762,486.0,89.6119364258258,0.7605266011278071,0.9301435406698565,4.064879983444418
ID23181,23181,4,481.0,342.9303664921466,229.3523560209424,0.0,12.0,12,12.32854292496725,1,,2188.7703549060543,2249.0,577.0,3468.0,1048421.0,576.2935181999965,0.7992564923996298,3.374267841836999,0.01153458784245065,-0.15031590948964935,15.162251670888013,10.137994425575751,0.30481194214959517,1.4955869015509866,477.5,88.19837304731489,0.7713688412870513,0.9271844660194175,4.036211226420045
ID23693,23693,4,500.0,342.182,231.38433333333333,0.0,25.0,25,12.6156626101008,1,,2179.182364729459,2226.0,716.0,3589.0,1087412.0,578.2400670223909,0.8011314785686768,3.3525384717706626,0.23449499927091944,-0.21072993948872668,15.213840304148853,10.608119107147747,0.3794719736401685,1.4341694461082901,500.0,92.06057055776104,0.7413657937582577,0.91324200913242,4.117073876291388
ID22799,22799,4,426.0,345.64134275618375,227.33784844915587,0.0,1.0,1,11.624222412059188,1,,2371.37558685446,2393.0,706.0,3968.0,1010206.0,627.3826037943454,0.8039966032474799,3.369119119836113,0.011040144496440286,-0.18598010579199187,14.105907247040143,9.755548501866148,0.22295340206074687,1.4459368680645492,424.49999999999994,82.95218022978224,0.7752324592490754,0.9208242950108458,4.0261407911179745
ID23248,23248,4,491.0,342.40125978890023,232.32533197139938,0.0,15.0,15,12.48249531491863,1,,2172.0633946830267,2235.0,631.0,3392.0,1062139.0,568.5618812197641,0.7983654645656766,3.3919429653691844,0.12982451458989175,-0.27806293495430157,15.305446032335732,10.661785101084115,0.25578111171622253,1.4355425369415333,489.5,90.13280099283224,0.7571759743566694,0.9175257731958762,4.073863932907898
ID23632,23632,4,484.0,341.68491484184915,231.44473409801876,0.0,26.0,26,12.354334883963915,1,,2237.875,2330.0,757.0,3520.0,1074180.0,582.5219242874675,0.8011982521804598,3.4176849124153734,0.0874631368378015,-0.2781257139158578,14.700355411700615,10.552435640117858,0.370545271449893,1.393077002603394,479.5000000000001,91.75706074109438,0.715681001974588,0.9004694835680753,4.190300681769623
ID22995,22995,4,465.0,344.69555077143883,228.09382848941513,0.0,6.0,6,12.159561757414236,1,,2225.2564655172414,2295.0,446.0,3449.0,1032519.0,598.4108156423656,0.8027803663548893,3.3118034607456424,0.3422753355442979,-0.22427143123951745,15.159388504138457,10.158090475441083,0.27706623243889994,1.4923462771658575,464.5,88.98619354415025,0.7371405844044432,0.9081133919843597,4.128856325480798
ID23379,23379,4,474.0,342.7008412197687,232.12705923589206,0.0,20.0,20,12.302696894599675,1,,2220.698113207547,2291.0,762.0,3515.0,1059273.0,556.4960994229007,0.7981909531288536,3.542651137762574,0.14010526026936845,-0.10873314026420819,15.184464385892953,10.043845149113572,0.4096470638622361,1.511817850679734,475.5,88.57435361716736,0.7616306307687172,0.9215116279069767,4.061932770384445
ID23893,23893,4,482.0,340.1373056994819,229.90414507772022,0.0,33.0,33,12.392922176939505,1,,2242.645962732919,2308.0,656.0,3462.0,1083198.0,576.9577324379783,0.8007266990841654,3.4568713881111917,0.11147158870663769,-0.05575419954486438,14.989590753716271,10.348994941054992,0.5939064437602863,1.448410289027372,482.50000000000006,90.0079083197831,0.7484207900557669,0.9086629001883241,4.097623109861552
ID23959,23959,4,502.0,341.14064064064064,229.60877544210877,0.0,35.0,35,12.60935320104895,1,,2167.886454183267,2195.0,709.0,3527.0,1088279.0,528.0665152863262,0.8000652851599497,3.6493462229520817,0.1588361273713458,-0.29488917238383217,15.509490279165817,10.616926503175916,0.6418751580118693,1.4608267538186643,499.49999999999994,91.6676450026463,0.746987282815656,0.9114963503649633,4.10155300071571
ID23386,23386,4,492.0,342.0675766767779,230.6199865183687,0.0,17.0,17,12.546084597111742,1,,2142.717171717172,2209.0,568.0,3323.0,1060645.0,545.0679941317435,0.7964787348669914,3.485750261464133,-0.10102635252324821,-0.18489542827346658,15.070930959183265,10.682491474030922,0.32309522149161696,1.4108067388418344,494.5,91.77956581728112,0.7377074379661609,0.9234360410831,4.127269716367635
ID22875,22875,4,460.0,344.0239663373582,229.41035492133187,0.0,9.0,9,12.041185703937824,1,,2260.3369803063456,2300.0,577.0,3508.0,1032974.0,603.3234056534543,0.8017457474807806,3.334234734870147,0.11199267488452415,-0.14392777553025266,15.108641538504417,9.7963093869665,0.2876176577456915,1.5422789278792794,455.5,87.38027405111812,0.749672258972565,0.9146586345381525,4.094201488069975
ID23518,23518,4,491.0,342.9308528712199,231.51902820251442,0.0,22.0,22,12.495239060264087,1,,2186.0265848670756,2241.0,752.0,3308.0,1068967.0,521.5194946578602,0.7975641073456917,3.719598819081529,0.049600669035420986,-0.2359578157978887,14.998286766473312,10.436718065981134,0.4448916324681511,1.4370692656114548,490.5,91.28092163694411,0.7397565904976461,0.9134078212290501,4.1215494090046185
ID23264,23264,4,491.0,341.68799044694646,231.41709314227225,0.0,16.0,16,12.469738545806873,1,,2164.480572597137,2240.0,616.0,3426.0,1058431.0,546.4344561685291,0.7958283075333378,3.5107522357698824,-0.12637518583263507,-0.09115851020667358,15.05720502936255,10.37382334080033,0.24163093076629494,1.4514614848069025,488.49999999999994,90.12026800736078,0.7558393234912554,0.9295908658420551,4.077464518563012
ID23457,23457,4,497.0,342.7485762144053,232.37169179229483,0.0,19.0,19,12.584083930760945,1,,2151.0181086519115,2205.0,555.0,3309.0,1069056.0,535.5320666677952,0.7969794271280608,3.5628093823150553,0.11327929270094707,-0.09313504898833841,15.101234951560642,10.424443000635414,0.3346916968596061,1.4486371070991666,497.5,91.4337908409525,0.747806950102888,0.9204440333024977,4.099304539017827
ID23587,23587,4,492.0,342.52298850574715,231.79885057471265,0.0,24.0,24,12.527041705391134,1,,2181.217479674797,2224.0,652.0,3613.0,1073159.0,556.225803116226,0.7973400615051913,3.4792942873243597,-0.005642908586597161,-0.046601094685381,15.204420239178633,10.303038459604547,0.4210313118173109,1.4757219725803306,493.00000000000006,89.89930737735398,0.7665563609173437,0.9301886792452831,4.048861174353169
ID23012,23012,4,444.0,345.1282485875706,226.4325800376648,0.0,2.0,2,11.868113777527048,1,,2298.097285067873,2342.0,550.0,3867.0,1015759.0,650.7493932590944,0.8045975775403805,3.1490748547890384,0.21981588117254938,-0.17683449485357472,14.943160848177087,9.850482627786128,0.21996099495722243,1.516997837854725,442.49999999999994,85.7655550488155,0.7559574195425639,0.9123711340206182,4.077146014336236
ID24167,24167,4,498.0,340.690093708166,229.19109772423027,0.0,41.0,41,12.590406002966217,1,,2220.158953722334,2231.0,661.0,3554.0,1103419.0,559.6141896119434,0.8030077112880327,3.5338448517976913,0.3380708893388198,0.035645939399167555,15.171736651188022,10.507676268475471,0.5256485773687067,1.4438717242084624,498.0,91.73602270277912,0.7436342649091584,0.9095890410958904,4.110789471984857
ID23016,23016,4,482.0,344.41233541233544,228.19404019404018,0.0,8.0,8,12.373643572303322,1,,2156.0041407867493,2189.0,570.0,3304.0,1041350.0,566.9176943631135,0.7986823662404804,3.3773742901535204,0.07425000766604505,-0.15849861534362855,15.23013806796258,10.208992308137182,0.3345761715673148,1.491835590455215,481.0,90.98174199791535,0.7302077612156792,0.9135802469135804,4.148410355309608
ID23146,23146,4,485.0,343.66528066528065,229.91372141372142,0.0,11.0,11,12.373643572303322,1,,2176.83367983368,2216.0,653.0,3369.0,1047057.0,549.417207696761,0.7976939048651841,3.516199551587509,-0.06299532123998217,-0.15209183159627762,15.142075524550906,10.087739951695239,0.24301697684907353,1.5010374570575928,481.0,91.3350242150982,0.7245698253069507,0.9032863849765258,4.164518637871857
ID22827,22827,4,462.0,345.5183387270766,228.05735346997483,0.0,5.0,5,12.146465833574265,1,,2231.1493506493507,2282.0,777.0,3543.0,1030791.0,591.309097141109,0.803716534542584,3.362626986821856,0.03383704308052325,-0.10166533333267624,14.616373463973844,10.046869355872099,0.2518152230820938,1.4548187048367465,463.5,88.11594098449015,0.7501543564380392,0.9242273180458624,4.092885677951075
ID23472,23472,4,482.0,342.0966735966736,231.76022176022178,0.0,21.0,21,12.373643572303324,1,,2208.55,2245.0,772.0,3564.0,1060104.0,543.3846275380608,0.7963875628331901,3.603747158482607,0.19628197257449856,-0.10318742037251814,15.202056151976091,10.060437315208523,0.44062828072714244,1.5110730951024267,481.0000000000002,90.88797254368794,0.7317152545024108,0.912713472485769,4.144134836217682
ID24048,24048,4,479.0,341.7020202020202,229.20254266805992,0.0,39.0,39,12.341445642182435,1,,2277.829166666667,2305.0,771.0,3556.0,1093358.0,543.2922065468106,0.8030882047859126,3.7347707174122653,0.2200131897603211,-0.11614181371807696,15.012950587039777,10.398176360974052,0.5989619878656329,1.4438061123280885,478.49999999999994,89.14318504229193,0.7566856741483257,0.9201923076923075,4.0751835646571335
ID24049,24049,4,488.0,340.2681010928962,230.2629781420765,0.0,38.0,38,12.463355264843006,1,,2247.4135802469136,2272.0,860.0,3529.0,1092243.0,554.1576646212658,0.8029247894373944,3.6122425866329717,0.11782087784721791,-0.02235910393576034,15.239892934941297,10.25306297043032,0.6243803448945991,1.4863746549585155,488.0,91.14045065468842,0.7382566075510092,0.9121495327102803,4.125734347336781
ID22898,22898,4,443.0,345.9096204434423,227.45791055993985,0.0,4.0,4,11.88151650769005,1,,2302.698198198198,2366.0,608.0,3707.0,1022398.0,637.2408171552297,0.8050590170428681,3.2232926934370565,0.1801995031150436,-0.3748890946193241,14.456270412207857,10.082508592641215,0.22418022727946374,1.433796984091723,443.49999999999994,85.20055858784495,0.7677478413678427,0.9144329896907216,4.04571820748645
ID23730,23730,4,498.0,341.2803333333333,230.40533333333335,0.0,28.0,28,12.6156626101008,1,,2185.6092184368736,2227.0,740.0,3559.0,1090619.0,559.2821898350213,0.8012271843184712,3.4766318369264924,0.22512890154305124,-0.06273994020400148,15.482351840286197,10.488589910383089,0.439561993737584,1.4761137552875032,500.0,90.00310967019095,0.775648288619001,0.9233610341643582,4.025061428178312
ID23922,23922,4,481.0,340.4581169955002,229.05140186915887,0.0,34.0,34,12.38007310953757,1,,2229.1966873706006,2277.0,804.0,3456.0,1076702.0,545.670154640468,0.798018203485436,3.6263264503733184,0.1913466580268673,0.05055791354930531,14.976776843890773,10.279716603947954,0.5833717408572161,1.45692507108016,481.5,89.9704476578345,0.7474917310680559,0.9093484419263456,4.100168791133649
ID24114,24114,4,484.0,340.35211995863494,231.26421923474663,0.0,37.0,37,12.405757936130417,1,,2248.0103305785124,2311.0,780.0,3551.0,1088037.0,546.99522700017,0.7978284048732595,3.647590014201665,0.0963446144471749,0.06447779355860654,15.206563448114741,10.206493575906098,0.6276169866773925,1.4898910517135904,483.5,89.59872700592285,0.7568375369951252,0.9174573055028463,4.074774692214284
ID22900,22900,4,460.0,345.6758558558559,227.1126126126126,0.0,3.0,3,12.133355774887804,1,,2228.8311688311687,2277.0,627.0,3595.0,1029720.0,610.9290972688544,0.8024806002387435,3.248480776054878,0.17063620971025503,-0.01882741241235418,15.0715483979091,9.991741030726873,0.2675722034949914,1.508400623230793,462.50000000000006,86.71691698446709,0.7728833344686249,0.9287148594377511,4.032254735435238
ID23734,23734,4,497.0,341.6178247734139,230.06226921785836,0.0,29.0,29,12.571430248394654,1,,2181.4092741935483,2219.0,803.0,3517.0,1081979.0,534.0648390956477,0.7998524819565809,3.6303303784010823,0.011982852923557092,-0.017642227046814223,15.663999698313997,10.250737882505526,0.5282868548128494,1.5280850879083585,496.4999999999999,90.5810484734967,0.7604215747394756,0.9271708683473388,4.065160686239914
ID24120,24120,4,497.0,340.92620736237757,228.62630867950017,0.0,40.0,40,12.53339255077015,1,,2228.5627530364372,2248.0,736.0,3587.0,1100910.0,577.4124092661638,0.8023268019185875,3.4362638977980895,0.14631504915334814,-0.29491392918923337,14.990911691810792,10.64862345663061,0.5690498422883765,1.4077793015092817,493.5,91.40698461769554,0.7422295764015037,0.9071691176470587,4.1146775205444985
ID23867,23867,4,493.0,339.9591767881242,230.73009446693658,0.0,32.0,32,12.539740179716349,1,,2214.508097165992,2257.0,759.0,3570.0,1093967.0,568.1653215319496,0.8016079918711102,3.4684407840412987,0.43624114223736693,-0.23667489749361573,15.304996153105012,10.755736223920884,0.5872417300334952,1.4229612770780413,493.99999999999994,90.28242126822394,0.7616061060758725,0.9148148148148147,4.061998169578866
ID23995,23995,4,496.0,340.75505804311774,230.61674958540632,0.0,36.0,36,12.647162440933332,1,,2195.425149700599,2263.0,453.0,3453.0,1099908.0,564.9272775200607,0.8039719725543841,3.463914857707756,0.2224406520482481,-0.1652768620397274,15.378325302346015,10.682026778197567,0.6127567016913056,1.4396448933954908,502.4999999999999,91.87942857044902,0.7480133675622774,0.9153005464480874,4.098738889760158
ID23805,23805,4,501.0,340.9746772591857,229.52217808672626,0.0,31.0,31,12.65974042757349,1,,2176.1130952380954,2214.0,792.0,3510.0,1096761.0,540.380486956223,0.8011360961515934,3.582379324060807,0.2608563516578718,-0.15526063768314977,15.094183101250723,10.657949185503606,0.5167991509916936,1.4162371051441167,503.50000000000006,91.709229398949,0.7522864689848234,0.9129646418857662,4.087081582603667
ID23358,23358,4,495.0,342.7151515151515,231.80336700336701,0.0,18.0,18,12.552425807826008,1,,2159.4717741935483,2198.0,507.0,3369.0,1071098.0,553.3362095668925,0.7995476284503136,3.4679228769467314,0.27536809506876964,0.01545779169995148,15.436924687596894,10.234574087567648,0.2390251447788465,1.5083113919072366,495.0,89.73055119575915,0.7725638663848158,0.9217877094972065,4.033088351662115
ID23679,23679,4,493.0,341.4516513449098,231.36993530813754,0.0,27.0,27,12.48249531491863,1,,2202.4867617107943,2230.0,694.0,3524.0,1081421.0,556.599916152639,0.8013762988622982,3.520725901017259,0.18903442124818476,-0.24840491066633755,15.046025491485722,10.559403589264507,0.37492230668640963,1.4248934955741872,489.5,90.53960968985358,0.7503870392487378,0.9175257731958762,4.092251060126104
ID23745,23745,5,521.0,63.322286263208454,281.3671149535703,0.0,29.0,29,12.871685816499058,1,,331.912213740458,330.0,217.0,463.0,173922.0,45.28410342077497,0.2735696180522285,3.1488547643160456,-0.13429022182989456,0.11961849562989478,14.662889262167342,11.679133597296872,1.202133493181958,1.255477483840159,520.4999999999999,86.06089777365081,0.8831182370147207,0.9783834586466164,3.7722069017893687
ID23809,23809,5,528.0,61.5439836632108,280.85689601005345,0.0,31.0,31,12.99474488477942,1,,331.2048872180451,332.0,186.0,466.0,176201.0,47.109454377025045,0.2753473626571474,3.035785558190964,-0.024188760239880768,-0.07255321386735404,14.876161038904772,11.603261151155372,1.1833431235996668,1.2820672434338434,530.4999999999999,86.37834650944653,0.8934813249851623,0.978782287822878,3.7502670330827086
ID23554,23554,5,549.0,64.62450891508009,282.4876095497129,0.0,23.0,23,13.249449129317059,1,,325.9402173913044,325.0,199.0,459.0,179919.0,49.5138439123102,0.24761003555950709,2.612947514769314,-0.07853904622393237,-0.15585204817466125,15.623958097931292,11.566848704709507,1.08977209408554,1.350753216956137,551.5,87.81694800205658,0.8986668086398728,0.983942908117752,3.7394314916901816
ID23683,23683,5,529.0,63.88883662590153,282.5072122922546,0.0,27.0,27,13.006986757381004,1,,330.48582230623816,330.0,184.0,456.0,174827.0,45.44790023459295,0.2668953614080854,3.063862603397424,0.05826410092430249,-0.01147520327749226,15.068294746981376,11.473131354573788,1.2078709811788189,1.3133550276119144,531.5000000000001,85.32487642859077,0.9174064662934592,0.9851714550509734,3.701042170369935
ID23364,23364,5,502.0,63.85344543356413,282.265908341576,0.0,18.0,18,12.684858984864837,1,,330.7554240631164,328.0,204.0,446.0,167693.0,42.27338262576304,0.25941425149637587,3.2232589550614468,-0.029987995653253455,-0.1091316445605729,14.720993538429688,11.146651712584063,1.0255748869765764,1.3206650676821952,505.5,84.65440328250631,0.8864044310711763,0.9834630350194552,3.7652080003749417
ID23814,23814,5,539.0,62.05441222326162,281.45353913314625,0.0,30.0,30,13.043643439056288,1,,329.6816479400749,329.0,202.0,453.0,176050.0,48.90454538568485,0.27512441556529676,2.909056213366436,-0.3417506913240407,0.1450233796918405,14.96267920407142,11.978432691217705,1.221019309623331,1.2491349736465684,534.5,87.3147453348395,0.8810131489846695,0.9780420860018294,3.776710858297245
ID23114,23114,5,478.0,62.969586374695865,281.275112964894,0.0,10.0,10,12.354334883963912,1,,334.39211618257264,330.0,227.0,480.0,161177.0,45.10442699786353,0.25212795007992017,2.9856516710439065,-0.1686349743929895,-0.19290569831946544,14.618929279429498,10.762005323472335,0.9279421545433579,1.358383390458381,479.49999999999983,82.4464373437781,0.886450905585072,0.9805725971370141,3.7651092986284493
ID23245,23245,5,493.0,63.000678886625934,281.4117447386286,0.0,13.0,13,12.501606061472309,1,,331.71894093686353,329.0,235.0,461.0,162874.0,42.20376261998759,0.25526181492462235,3.196690785427173,-0.025150737840429146,0.15002250616995882,14.42392151354497,11.267326190769934,0.8985507660668853,1.2801547828943556,490.99999999999983,83.99635028954164,0.8745215666222635,0.9693978282329713,3.790702223087557
ID23055,23055,5,442.0,59.93310657596372,276.3102796674225,0.0,0.0,0,11.847981254502884,1,,343.3015873015873,344.0,231.0,497.0,151396.0,48.68598101584015,0.2722535646691279,3.017878701759697,-0.01605761025470393,0.024689502595565467,14.066121863028766,10.37324224721133,0.5496495032876919,1.3560005182381818,441.0000000000001,79.17904708986667,0.8839504311029285,0.9778270509977827,3.7704308138031744
ID23183,23183,5,488.0,62.975365273530414,282.21661569826705,0.0,12.0,12,12.495239060264087,1,,331.2408163265306,331.0,215.0,455.0,162308.0,43.575465970039495,0.2501554346068729,3.0421297358959434,-0.08328080615386813,0.09639187494755061,14.143490979359175,11.32225991569251,0.9575895058863056,1.2491756137620966,490.49999999999994,82.92142020354885,0.8964279980563986,0.9800199800199799,3.744098156601413
ID23375,23375,5,488.0,63.445807770961146,280.7508520790729,0.0,14.0,14,12.47611856082947,1,,334.5775510204082,335.0,207.0,450.0,163943.0,46.10265847795129,0.26147925131274646,3.0085549308329567,-0.26113061899957457,0.32510734939320635,14.124730805534893,11.671068336482865,0.9856708251619204,1.2102346073479895,488.99999999999994,82.35984592135284,0.9059154620555059,0.9760479041916167,3.72444097456029
ID22993,22993,5,479.0,61.000697350069736,281.3706415620641,0.0,7.0,7,12.334995970645954,1,,332.9098532494759,332.0,223.0,484.0,158798.0,43.98441100109074,0.24787401657304434,3.006894056348765,0.0982420814664712,0.11196447133061194,14.633675517654076,10.77585917497692,0.6901579764866089,1.3580054527471512,477.9999999999999,83.10905487957301,0.8696431362552572,0.9676113360323885,3.801319690183769
ID23697,23697,5,524.0,64.6820809248555,282.572896596018,0.0,25.0,25,12.853125337029411,1,,331.2379110251451,329.0,206.0,451.0,171250.0,44.49770782668786,0.2638030142106846,3.107654715104607,-0.07699221539475849,-0.10674833393459195,15.186211519126333,11.27868971200186,1.1077241107404976,1.3464517516575003,519.0000000000001,84.48951496457927,0.9136326009414452,0.9848197343453511,3.7086780850636956
ID22802,22802,5,440.0,60.749150622876556,278.20177425443563,0.0,1.0,1,11.85469589446071,1,,341.8371040723982,341.0,227.0,471.0,151092.0,45.29360683046228,0.26724504726423115,3.1831811415244657,-0.27597632361170693,-0.010111068047648738,14.26686424425575,10.556379678426644,0.5913114158211248,1.351492147768422,441.5,78.46056685309723,0.9012342520607675,0.9876957494407158,3.73410123143303
ID23635,23635,5,491.0,64.79840623940319,282.65801966768396,0.0,26.0,26,12.507969821651036,1,,338.38367346938776,339.0,222.0,456.0,165808.0,41.726783691959454,0.26772180288896885,3.425186844470195,-0.07153918584440255,0.18513571460200115,14.288664699098979,11.460995909580562,0.994394400372682,1.2467210364462908,491.4999999999999,81.33362998076795,0.9336692913013951,0.9949392712550608,3.6686678559014676
ID23252,23252,5,494.0,64.29277436946148,281.3940013633265,0.0,15.0,15,12.476118560829473,1,,334.5987654320988,335.0,195.0,481.0,162615.0,43.124006260996595,0.259817986368481,3.2003438166841955,-0.17688602837337333,0.0076960582578461815,14.10812609741753,11.369310641828378,1.0231760671662196,1.2408954721944958,489.0000000000001,82.39580184529729,0.9051249868223782,0.9809428284854563,3.7260669576460845
ID23896,23896,5,541.0,62.18139963167587,280.02117863720076,0.0,33.0,33,13.146949007195484,1,,329.902394106814,331.0,203.0,483.0,179137.0,49.709670499020056,0.2797317331564971,2.9013316486075538,-0.09660839356506078,-0.07898162151113589,15.172929561776492,11.661992065410095,1.172951016773335,1.3010581276915776,543.0,86.46332399756803,0.9127373834698326,0.9828054298642536,3.7104963844952774
ID23001,23001,5,468.0,61.157754010695186,280.7395721925134,0.0,6.0,6,12.19876517484135,1,,337.30555555555554,337.0,224.0,492.0,157859.0,44.5646393262351,0.2511903042062221,3.0390832401361245,0.08023354618263956,0.08068901312583653,14.368252045714474,10.761152124660185,0.6723764511355473,1.3351964435841663,467.5,80.92345530433214,0.897103689633281,0.9862869198312234,3.742687878077823
ID23385,23385,5,503.0,65.03234323432343,282.5320132013201,0.0,20.0,20,12.678584010953836,1,,331.5305719921105,327.0,172.0,474.0,168086.0,45.66591770446266,0.25289487441564457,2.930804054491677,-0.05123717480213061,0.11163936540597777,14.363304447012638,11.405330498786192,1.0934213330431433,1.2593501300590322,504.99999999999994,83.48256904488179,0.9105622291898795,0.9834469328140213,3.7149255644191794
ID23961,23961,5,504.0,61.271313941825476,279.3321631561351,0.0,35.0,35,12.59672490223628,1,,334.195564516129,335.0,226.0,470.0,165761.0,43.03374363680029,0.2849766108965894,3.444574192894377,-0.3589085890565067,0.23165284048332807,14.529285170634962,11.480350341441575,1.4708823326212144,1.2655785527892291,498.5,82.51698961444392,0.9200009490643818,0.9910536779324056,3.695819855359606
ID23519,23519,5,524.0,64.67173637515843,282.70278833967046,0.0,22.0,22,12.939513133525304,1,,329.0610687022901,329.0,206.0,477.0,172428.0,45.59729047083911,0.25532559534444915,2.935657817347315,0.0011121350528229465,0.012744819833080036,15.345371133880246,11.175479120638892,1.0238250408198066,1.373128701528366,525.9999999999999,86.50083647293401,0.8833951159863322,0.9704797047970476,3.771615701656706
ID23392,23392,5,504.0,63.64673202614379,282.0833333333333,0.0,17.0,17,12.741194683142286,1,,330.6909448818898,328.0,204.0,473.0,167991.0,46.08213399639442,0.259443799633727,2.956543135680588,0.19919503795199336,0.0899081331406913,14.69396404957523,11.573719992265248,1.0298800126170742,1.269597334253399,510.00000000000006,83.27277308266699,0.9242170694326473,0.9922178988326852,3.6873803701106223
ID23588,23588,5,507.0,64.33838383838385,282.60361681329425,0.0,24.0,24,12.759917977127003,1,,332.54011741682973,330.0,216.0,453.0,169928.0,43.679737474812484,0.26568238437180464,3.196186011831816,-0.007588692738014977,0.16253433107468804,14.807897753263326,11.378360200193894,1.0307653696333776,1.301408770045001,511.4999999999999,84.79008474254552,0.8940573203418694,0.9789473684210525,3.7490587859285562
ID22885,22885,5,493.0,61.89446133063154,280.6246200607903,0.0,9.0,9,12.533392550770149,1,,330.997975708502,332.0,220.0,458.0,163513.0,41.9017734300541,0.2436333035321772,3.095046937575068,0.2091674062400496,0.0721778563367418,14.531130964022772,11.129650724058672,0.7851184455287071,1.3056232692559893,493.4999999999999,84.05032265032308,0.8778458313940396,0.9752964426877467,3.783518017252755
ID23270,23270,5,507.0,63.95837414299706,282.11834802481224,0.0,16.0,16,12.747438836755606,1,,330.814453125,329.0,195.0,494.0,169377.0,47.79050362658191,0.259425995799936,2.851764792389152,-0.18920516579701488,0.0021718321867010373,14.56554820624826,11.607477213662023,1.0820470100920199,1.2548418522075222,510.5,84.00850669022788,0.9089899480640297,0.9798464491362764,3.7181370321516023
ID23462,23462,5,517.0,64.6055179090029,282.3247821878025,0.0,19.0,19,12.822131500414738,1,,331.6615087040619,329.0,218.0,451.0,171469.0,44.756485044441916,0.25203924729692867,2.9834538684782603,-0.03178358314489069,-0.0545655466985455,15.291596836678785,11.09437974166667,1.0332818782548447,1.3783192204291344,516.5,85.96044267082476,0.8783809396057711,0.9690431519699813,3.7823653852298045
ID24169,24169,5,511.0,60.07040650406504,276.1952845528455,0.0,41.0,41,12.772384924875729,1,,336.20352250489236,333.0,219.0,461.0,171800.0,46.285788138974794,0.29321736302728646,3.2938418916337087,-3.46613510256655E-4,0.07030912033210579,14.746893335204941,11.335068050544072,1.192411154260882,1.3009973358295899,512.5000000000001,85.04443584995377,0.8904548929016008,0.972485768500949,3.7566347340339132
ID23018,23018,5,464.0,59.7171552660152,278.5007238508867,0.0,2.0,2,12.10709306925637,1,,336.05458515283846,335.0,197.0,473.0,153913.0,48.51424107667223,0.2529592308120428,2.7969465756647205,-0.049798358834941964,0.18604295271733212,14.248591255792672,11.02816969900146,0.6134763878257402,1.2920177730927376,460.50000000000006,80.70843060940344,0.8883859748969104,0.9818763326226013,3.7610065103025683
ID23147,23147,5,483.0,63.018786625301615,281.5230954843157,0.0,11.0,11,12.405757936130417,1,,333.47302904564316,331.0,234.0,468.0,160734.0,43.39673741000393,0.24930426913560602,3.0668682626360306,-0.02615799422542036,0.13946775062578737,14.308406042449437,11.125209487201145,0.9429838805502833,1.2861246396223245,483.5,82.40025415706798,0.8948479344193665,0.9757820383451059,3.7474022398672036
ID22830,22830,5,459.0,61.11068422978412,279.94163922429567,0.0,5.0,5,12.041185703937826,1,,336.66153846153844,333.0,234.0,498.0,153181.0,45.72557186890127,0.2515498066647877,2.9596489671540507,-0.02548643093587842,0.644765021188768,14.47566078888287,10.786272939121508,0.7639989214421264,1.3420447332071541,455.50000000000006,81.75613983298639,0.8563622010855423,0.9774678111587985,3.830682759901308
ID23022,23022,5,482.0,62.032571032571035,280.442480942481,0.0,8.0,8,12.373643572303319,1,,334.016632016632,331.0,220.0,461.0,160662.0,43.38422973231631,0.25019176212503696,3.0815028244614187,-0.15939540924045034,0.10980226902142329,14.402715194112787,10.908688324566459,0.7682911083835262,1.3202976165042455,480.9999999999998,83.5489214416793,0.8659109761828664,0.9678068410462773,3.809502909842646
ID23474,23474,5,507.0,64.46030183727034,282.6587926509186,0.0,21.0,21,12.716187407449045,1,,332.9428007889546,330.0,210.0,454.0,168802.0,41.30981329361724,0.260261678911387,3.3288627421801094,-0.23580298330431362,0.08367224066486005,14.95516461307855,11.42925364699123,1.0398607341074158,1.3084987939711639,507.9999999999999,84.02070185112485,0.9042759202652789,0.9825918762088971,3.727815835665308
ID24051,24051,5,534.0,60.74920936116382,277.32732447817835,0.0,38.0,38,12.951807210534664,1,,332.23664122137404,331.0,196.0,459.0,174092.0,47.245396074802,0.2885915985561037,3.149824940150321,-0.2557457685132655,0.1535619996815667,14.749004112051333,11.779040786604941,1.3778234661278628,1.252139658844192,527.0000000000001,84.91065870888643,0.918535739911033,0.9896713615023476,3.6987663881197244
ID23924,23924,5,506.0,61.86567656765677,279.3155115511551,0.0,34.0,34,12.678584010953836,1,,335.4800796812749,335.0,228.0,454.0,168411.0,43.235217514505116,0.28438132380828623,3.4361030073036534,-0.07109677076666644,0.007403502685818147,14.705110310944917,11.309808194930177,1.2327680020453298,1.3002086381568119,504.99999999999994,83.1752369915031,0.9173037061625285,0.9834469328140213,3.7012494675414214
ID24116,24116,5,542.0,61.198854843701646,277.78907458991023,0.0,37.0,37,13.092359363765238,1,,331.6419294990724,333.0,210.0,477.0,178755.0,48.792975384042066,0.2839987623363299,3.006726803103667,0.039193551952276945,0.001378984889441258,15.413014508776502,11.44445863690079,1.3102124532583743,1.3467665878995578,538.5000000000001,86.90353478010788,0.8960261580830365,0.9790909090909093,3.744937618510071
ID24052,24052,5,507.0,60.232611548556434,276.9878608923885,0.0,39.0,39,12.716187407449045,1,,338.6895874263261,336.0,203.0,476.0,172393.0,45.35227283397602,0.29268645116211184,3.3817555072014507,-0.11504314062250988,0.07076167564051275,14.518841216084715,11.537988845774484,1.2205739481145126,1.2583511225530346,508.0,82.35298125730311,0.9412715340980603,0.9951028403525954,3.653822699424557
ID23736,23736,5,532.0,63.540803515379785,281.77432517263026,0.0,28.0,28,13.000867261978826,1,,330.0018832391714,327.0,213.0,450.0,175231.0,45.0809543962515,0.2667072281826232,3.0825622053309796,-0.21167832418183144,0.04141213177730661,15.101257145226498,11.450022563866515,1.196704669312448,1.3188844878683812,530.9999999999999,85.7432658517559,0.9076205964416213,0.9860724233983285,3.7209408017264547
ID22905,22905,5,467.0,60.365591397849464,279.1698924731183,0.0,4.0,4,12.166104433032896,1,,335.99786780383795,336.0,218.0,484.0,157583.0,47.73321063110492,0.25269281343948174,2.839841981523337,-0.0827773104295229,0.13112606175631378,14.734481778853699,10.535190200408545,0.720650668628123,1.398596655453103,465.0,80.22078249763068,0.9080066498143191,0.9893617021276598,3.7201497092467886
ID22906,22906,5,447.0,59.764794007490636,278.7565543071161,0.0,3.0,3,11.901592303208293,1,,340.28506787330315,339.0,218.0,483.0,150406.0,45.109644238049164,0.26059348683892664,3.1188320164745575,-0.19482928919859085,-0.2795067165855984,14.294367366477502,10.61862140443904,0.6021101529409203,1.3461603745003887,445.0,80.16388367480856,0.8701865706822084,0.9769484083424805,3.800132536372388
ID24123,24123,5,523.0,60.282886334610474,275.8288633461047,0.0,40.0,40,12.890219570974683,1,,335.5602294455067,331.0,180.0,480.0,175498.0,47.90597537443119,0.29042790326382695,3.15293767178193,0.11667641996469492,0.11922607329428231,15.093642584536072,11.181644753515744,1.1321278025506374,1.3498588908210765,522.0,86.52835197699557,0.8761198146750375,0.9729729729729728,3.7872430797766032
ID23996,23996,5,532.0,61.50687285223367,278.7970946579194,0.0,36.0,36,13.031436002185343,1,,332.06954887218046,330.0,216.0,525.0,176661.0,46.65460753576086,0.28356019641734354,3.1448036499125087,-0.2824765347551075,0.1962881031245221,15.13581819536915,11.865249226894475,1.437251705744072,1.2756426692716585,533.5,85.00774158528475,0.927742241369244,0.994408201304753,3.680368173952143
ID23870,23870,5,502.0,62.04162520729685,281.487728026534,0.0,32.0,32,12.647162440933336,1,,335.9265873015873,334.0,184.0,473.0,169307.0,47.113843844136696,0.2797695386652136,3.1174140855053887,-0.3502244623734144,0.20524871213781623,14.58768117614095,11.691680820455694,1.203105519433834,1.2476975210115582,502.50000000000006,83.30081069312969,0.9100127434580506,0.9882005899705015,3.716046972088943
ID23488,23488,6,364.0,4.893397524071527,388.11944062356713,0.0,19.0,19,10.75665578271462,1,,618.1873278236915,617.0,409.0,805.0,224402.0,72.0717732677348,0.3770059528539004,4.696748184955976,-2.1985619372341,-0.9909557704828531,15.8092991042555,10.027294362292933,1.295323960661824,1.5766266086398606,363.49999999999994,78.7967561769327,0.7356946547825667,0.9918144611186902,4.132911747888847
ID23426,23426,6,348.0,4.932857142857143,386.01428571428573,0.0,18.0,18,10.55502061411188,1,,618.704871060172,615.0,395.0,811.0,215928.0,68.81907400909256,0.37769748767131095,4.929409932119192,-1.9802562513450155,-0.8259718525558696,15.219331979292384,9.653220354368676,1.268089320588847,1.5766067095324,350.0,76.44846354696129,0.7525587081589342,0.9915014164305945,4.086342261971516
ID23078,23078,6,338.0,4.8108108108108105,381.41941941941946,0.0,2.0,2,10.295493776366548,1,,618.238670694864,613.0,414.0,810.0,204637.0,77.01369703078024,0.3717060497491949,4.350676236271363,-1.8306064989040693,-0.7176524393316482,14.866506737971106,9.312805075187683,1.25101902461066,1.5963511120382274,333.0000000000001,74.11029585049604,0.76189829826107,0.9985007496251875,4.06121919557399
ID22919,22919,6,338.0,4.795081967213115,384.2406855439642,0.0,5.0,5,10.334068260596199,1,,599.2192192192192,596.0,379.0,785.0,199540.0,69.13482107397627,0.36995993385906895,4.68129181247889,-1.9049623404027898,-0.39140295007479986,14.455257402127033,9.667680666186033,1.299529084098093,1.4952146126098445,335.49999999999994,76.45911249463421,0.7211803472254715,0.9781341107871718,4.174293583995546
ID23496,23496,6,263.0,3.207379134860051,387.84096692111956,0.0,21.0,21,9.13220620552083,1,,675.2884615384615,677.0,417.0,959.0,175575.0,86.39340219929957,0.3846743276798139,4.342944814880991,-1.1828648657042713,-0.2985508630831339,15.312179779217665,7.0560626361621335,1.4342168385183796,2.1700742423604846,262.0,71.90559745005339,0.636774637279239,0.9849624060150374,4.442342646136572
ID23081,23081,6,287.0,4.050496205487449,383.73934617629885,0.0,8.0,8,9.532967665185497,1,,608.6619718309859,603.0,361.0,801.0,172860.0,67.49242986724042,0.3591885957645321,4.766437665544746,-2.2596003034600423,-1.0241444932448627,14.246251671276555,9.200481286557164,1.2731763555521205,1.5484246125354089,285.5,71.14601640619591,0.7087854606466276,0.9913194444444444,4.210634377150428
ID23533,23533,6,79.0,1.2530864197530864,388.77366255144034,0.0,22.0,22,5.077706251929807,1,,770.025,763.0,484.0,1010.0,61602.0,113.43586544660494,0.34007700841871696,3.445338901072378,-0.06929378551452575,-0.003105375717580484,8.194623980539408,3.7379912255734866,-1.4970503374914501,2.1922534019009583,81.0,39.79973347504273,0.6425908768284405,0.9529411764705882,4.422192608338081
ID22990,22990,6,296.0,4.341324200913243,385.2260273972603,0.0,9.0,9,9.640875829802336,1,,612.5555555555555,611.0,425.0,833.0,176416.0,64.42549950485338,0.36074245203933675,5.041258917491486,-3.177165433992186,-1.3877645481122398,14.620265768502605,10.006703924459343,1.1134910626124286,1.461047101909986,292.00000000000006,71.00855196304467,0.7277318833629973,0.9982905982905985,4.155461191245398
ID23342,23342,6,357.0,5.117249417249417,384.0426573426573,0.0,16.0,16,10.667510689505082,1,,622.0963172804533,617.0,402.0,790.0,219600.0,68.70152682099146,0.36991112562367995,4.89019568296397,-2.4765387471991875,-1.0260560185596392,15.473604731275113,10.161086962451643,1.157033916532619,1.5228296725000845,357.50000000000006,77.49117485462953,0.7481374920783178,0.9848484848484852,4.098398861964316
ID23442,23442,6,352.0,5.313670411985019,383.2954119850187,0.0,14.0,14,10.645107772184812,1,,617.84375,617.0,417.0,829.0,217481.0,70.20264534771937,0.37215852354884865,4.7739609087298716,-1.550330657139154,-0.7710675392075882,14.505439296069802,10.056284301556673,1.3181542062935572,1.4424253393297979,356.0,75.10836667419282,0.7930183310514829,0.9958041958041958,3.9807354722692367
ID23219,23219,6,311.0,4.729234088457389,385.1672060409925,0.0,12.0,12,9.91754782346883,1,,630.0846905537459,631.0,444.0,816.0,193436.0,63.887764077652896,0.37836233015152754,5.414467233869338,-3.2351980580615654,-0.9902506634573227,14.46963697228923,10.419789947649127,1.0432435309236783,1.388668777872419,309.0,72.62810878637153,0.7361373825036038,0.9825119236883942,4.13166875314467
ID22869,22869,6,373.0,5.483957219251337,381.53208556149735,0.0,1.0,1,10.910907269000948,1,,614.6075268817204,614.0,320.0,844.0,228634.0,80.97047312025124,0.3666137617111108,4.072528824371857,-1.5537054195302926,-0.16601331979706038,15.155636119105075,9.914157559847405,1.3058804293824429,1.5286862275102218,374.0,78.79056352670908,0.7570647981433617,0.977777777777778,4.074163048743181
ID23317,23317,6,351.0,5.407381288199342,382.7049835448989,0.0,15.0,15,10.622657607781292,1,,621.2598870056497,618.0,425.0,814.0,219926.0,67.62528170982213,0.3711036165248535,4.973007704593207,-1.2119034980821026,-0.6568711803500042,14.428886755006133,9.677997488495777,1.353723995840294,1.490895897850535,354.49999999999994,74.79659778942612,0.7962737806339945,0.9943899018232818,3.972589809041145
ID23126,23126,6,303.0,4.455,385.8338888888889,0.0,10.0,10,9.7720502380584,1,,620.5805369127517,614.0,446.0,815.0,184933.0,62.18508723527071,0.3630123886121241,5.315737687268688,-1.9019849787918428,-0.821538982611031,13.986974870703024,9.121580008820613,1.249196281856241,1.5333938700507532,300.00000000000006,70.80780632629349,0.7519151564179885,0.9950248756218907,4.088090604321243
ID23159,23159,6,297.0,4.280238500851789,386.3631459398069,0.0,11.0,11,9.66560663357156,1,,624.4221453287197,626.0,376.0,836.0,180458.0,71.47951576884282,0.3652674138752666,4.6743356668263685,-1.5261049464618683,-0.8225965080363871,14.283074598452279,8.717031625174304,1.3444708152625688,1.6385250407034835,293.49999999999994,71.60718196395467,0.719291294332813,0.9932318104906935,4.179771400064073
ID23447,23447,6,363.0,4.67753120665742,386.4482200647249,0.0,20.0,20,10.712175967993456,1,,631.2464985994397,628.0,401.0,835.0,225355.0,76.29448984115096,0.38047592019727894,4.560727717489004,-1.4418112224332789,-0.2910691769138212,15.71703102863167,9.140661713170957,1.432687663971186,1.719463155056345,360.5,78.67691304408176,0.7318473586662603,0.9863201094391245,4.143760794986097
ID23096,23096,6,362.0,5.28455848358761,378.3839574664817,0.0,0.0,0,10.712175967993456,1,,619.5361111111112,608.0,356.0,836.0,223033.0,82.12934853100258,0.3707900744308034,4.080894731051939,-1.7856470534700954,-0.5508590225622727,14.820252744766691,9.966951531190642,1.2511424419030985,1.4869393814536067,360.49999999999994,77.37592799751422,0.7566645570766901,0.9876712328767122,4.075240429579676
ID23320,23320,6,346.0,5.204610951008646,383.6926032660903,0.0,13.0,13,10.509687459947386,1,,621.1020408163265,620.0,454.0,793.0,213038.0,65.70493649668504,0.37181030617238897,5.124155664064203,-2.0434009685054844,-0.39780131584238426,14.161811562660452,10.436250214512068,1.2497679575028506,1.3569827544923967,347.0,75.63906866508047,0.7621614759482348,0.9871977240398292,4.060517956668669
ID23002,23002,6,335.0,4.727544910179641,383.16766467065867,0.0,4.0,4,10.31094088749354,1,,603.7747747747748,601.0,384.0,796.0,201057.0,74.94363560968948,0.3681618024416321,4.335822244269077,-3.2942572451365897,-1.1234425296390054,15.201964176911735,10.80873001103956,1.1434856705706036,1.4064523918522454,333.99999999999994,75.56545032347945,0.7350379820101343,0.9881656804733728,4.134757478855661
ID23066,23066,6,288.0,4.336943441636582,384.3008423586041,0.0,6.0,6,9.389986074159536,1,,593.64,595.0,349.0,763.0,163251.0,62.58143191425037,0.35021377252946734,4.920829796164759,-2.3893962532923765,-1.1013692243829911,14.379259184500803,9.066265125205708,1.2473287726193347,1.5860179451981937,277.0,71.37473360679193,0.6832830263704841,0.9822695035460993,4.288492113983493
ID23067,23067,6,274.0,3.995429616087751,384.6072516758074,0.0,7.0,7,9.330474471926214,1,,598.2043795620438,591.0,425.0,780.0,163908.0,61.74894683281353,0.36501200189188565,5.181084838889879,-1.8726253712571674,-0.6931802098952943,13.631736958005428,8.72751320763773,1.3514429590569965,1.5619268208125832,273.50000000000006,69.17080416200446,0.7183259324529675,0.983812949640288,4.182579065110303
ID23453,23453,6,351.0,4.739328537170264,385.11247002398085,0.0,17.0,17,10.51725655524611,1,,629.0695652173913,626.0,456.0,781.0,217029.0,64.41779353064592,0.38280732557556896,5.406813547218224,-1.958002612154433,-0.6967620726572041,15.217599035399298,9.733680493161247,1.327548675879582,1.5633961938745553,347.5,78.27392552434104,0.7127388689222247,0.9830268741159829,4.198940399737417
ID23007,23007,6,372.0,5.012162162162162,382.5842342342342,0.0,3.0,3,10.852403323135505,1,,604.9320652173913,599.0,291.0,824.0,222615.0,82.55041068444254,0.37051594956499145,3.9622345133731054,-2.1535267909746865,-0.7137396139502185,15.56221696777547,10.180081191558635,1.287654152036,1.5286928144227105,370.0,79.63799757142432,0.7331130072200626,0.9893048128342246,4.14018234915891
ID22914,22914,7,632.0,252.20896114195082,296.4656357388316,0.0,4.0,4,14.16666450647011,1,,2099.543581616482,2102.0,528.0,3773.0,1324812.0,557.9751268159243,0.6642698617941747,3.0037297103045386,0.19246951314468574,0.024599883216915894,15.884855134659231,13.021334216483062,0.015221712090540598,1.2199099470583727,630.4999999999998,95.30954203007724,0.8722122651235564,0.9744976816074185,3.795717107687413
ID22915,22915,7,634.0,252.7845144356955,295.86299212598425,0.0,3.0,3,14.217129728841442,1,,2091.7291338582677,2098.0,556.0,3663.0,1328248.0,550.1424412782753,0.609592575827376,2.8799437118961584,0.0733275778169812,-0.4340760050396535,15.976712097235673,13.140323514912447,0.12354996177652366,1.2158537861799459,635.0000000000001,94.09135880003625,0.9013305856547923,0.9776751347190147,3.733901677013178
ID23556,23556,7,607.0,246.8432098765432,300.3924554183813,0.0,23.0,23,13.90587127283483,1,,2392.4217462932456,2429.0,616.0,4875.0,1452200.0,740.5503016198754,0.8221230670645446,2.915226489301354,-0.06533881594977348,-0.10313941833235453,16.71167460055378,12.100280689764224,0.10062353839532268,1.381098094252507,607.5000000000003,92.46110393530596,0.8929723211031338,0.9806295399515745,3.7513357271997587
ID23812,23812,7,602.0,248.20675453047775,296.772926963207,0.0,31.0,31,13.900147514093545,1,,2487.4803278688523,2498.0,661.0,5538.0,1517363.0,833.1951500512098,0.830276160801102,2.7086248752013233,-0.2213126841576645,-0.028765651566549626,16.659364805572043,12.587411009433781,0.0030770035159486397,1.3234941476914108,607.0000000000001,92.16116969037763,0.8980543046617717,0.992641046606705,3.7407064848893468
ID23749,23749,7,606.0,246.990099009901,298.3985148514852,0.0,28.0,28,13.888692920047486,1,,2447.385123966942,2453.0,528.0,4955.0,1480668.0,754.7369451675553,0.8235191700185049,2.9288699069887336,0.06423268553165724,0.08958090641508203,16.24656393696758,12.183708913274428,-0.07576535751213796,1.3334661926522702,606.0000000000001,92.01629462011307,0.8994002555017732,0.9885807504078306,3.737906456725932
ID23750,23750,7,592.0,247.01586632968267,298.47023308059534,0.0,29.0,29,13.744705069592428,1,,2499.7306397306397,2506.0,605.0,5311.0,1484840.0,765.7067945906061,0.8272511415451751,2.9559687708352507,-0.12273216150872417,-0.018156035787096098,16.17128233497547,11.959429460323724,-0.061030178489449693,1.3521784119070959,593.5,92.72437469332496,0.8674466233362387,0.9753492193919472,3.806129420607815
ID23368,23368,7,668.0,247.11741293532336,302.0,0.0,18.0,18,14.603685279515568,1,,2151.558035714286,2146.0,474.0,4161.0,1445847.0,639.9570702542599,0.7595776539198369,2.9026586156799308,0.14544403104674178,-0.09694741292578961,17.14019730172538,12.638152533488775,0.018865131934606653,1.3562264940470543,669.9999999999999,97.05127955644676,0.8938860000011815,0.9824046920821112,3.7494180371397943
ID23817,23817,7,601.0,247.37989991659717,297.62454823464,0.0,30.0,30,13.814006542896324,1,,2474.9800995024875,2507.0,635.0,5129.0,1492413.0,793.2826639889288,0.8277082304852493,2.825817755238147,-0.2643718635965087,-0.21362380359799443,16.65711060184729,12.256154039829422,0.03894707035007694,1.3590813682429141,599.4999999999999,92.02269350988281,0.8896294876049787,0.9892739273927391,3.758377047749546
ID23115,23115,7,650.0,251.52126569305665,298.2845247245709,0.0,10.0,10,14.389599749908118,1,,2129.2353846153846,2168.0,463.0,4301.0,1384003.0,635.8861487117828,0.8021647780879592,2.9808724751390487,0.0498315557488368,-0.23623629142585487,16.497250865320115,12.815113417638605,0.14433110691269957,1.2873277299765018,650.4999999999998,95.30399669163398,0.8999843086486699,0.9804069329314239,3.736693385389893
ID23694,23694,7,598.0,247.05127130483376,298.6581447331657,0.0,27.0,27,13.77939937401595,1,,2456.9647651006712,2439.0,711.0,4932.0,1464351.0,693.6319638521743,0.8213381546907207,3.1947085095833283,0.2929104946676203,-0.061136283857079525,16.41531191727061,12.172111936447081,-0.05492659611051304,1.3486001445745888,596.5000000000001,91.53382446640438,0.8946580935854219,0.9892205638474295,3.747799806399191
ID23184,23184,7,661.0,250.295234549516,300.04901960784315,0.0,12.0,12,14.62002354896925,1,,2082.3318452380954,2099.0,436.0,4187.0,1399327.0,641.36918440024,0.7863405215596138,2.858368736475039,0.0364142458371084,-0.16061713976714173,17.155688610628644,12.662185786234634,0.11565513773934322,1.354875761598681,671.5,97.15192706996358,0.8940319552019764,0.9774381368267832,3.7491119689974193
ID23250,23250,7,655.0,250.2352642276423,300.5355691056911,0.0,13.0,13,14.450303987687136,1,,2124.579027355623,2116.0,618.0,4352.0,1397973.0,634.5631299494873,0.7833677445497375,2.9413914726483203,0.25792262096342394,-0.12846405619368498,17.050611940512386,12.78428260273831,0.030798636206237795,1.3337167575488558,656.0000000000001,97.21250474986338,0.8723071595999645,0.9761904761904764,3.7955106423500373
ID23060,23060,7,607.0,254.2151864035088,292.23327850877195,0.0,0.0,0,13.9115926766041,1,,2168.669950738916,2160.0,780.0,4335.0,1320720.0,639.382494888544,0.5697151127402067,2.4620655769659434,-0.46346730127112834,-0.5087117355929485,16.0887004472582,12.927375763855318,0.338959989519525,1.244544967296602,608.0000000000002,91.64437976519169,0.9097074903941118,0.984615384615385,3.7166703810391724
ID22807,22807,7,623.0,254.3158602150538,293.36478494623657,0.0,1.0,1,14.048207338801285,1,,2117.669887278583,2136.0,619.0,3796.0,1315073.0,595.830568749437,0.5416930476225006,2.4975881421473813,-0.08905637416477923,-0.044677640320466415,15.712832619226422,13.046191725634902,0.10535697478665468,1.2043999467179183,620.0000000000001,92.32761513935885,0.913983421223829,0.9841269841269843,3.7079662535702003
ID23639,23639,7,598.0,246.9609634551495,298.96650055370986,0.0,26.0,26,13.842779759955802,1,,2445.351575456053,2450.0,568.0,5022.0,1474547.0,761.2910321669452,0.8277564703920178,2.909409440413523,0.013344996467919968,0.1882563200866196,16.591373181510107,11.977304388963626,-0.04776025952467414,1.3852343267486857,602.0,92.46260644952959,0.8848590394715785,0.9852700490998362,3.768494502629199
ID23704,23704,7,568.0,246.178793256433,299.6810115350488,0.0,25.0,25,13.392819750320168,1,,2554.079928952043,2528.0,790.0,4922.0,1437947.0,700.694299047333,0.82456152926784,3.294582982202464,0.2688824080911003,-0.1466911278577871,16.46964179711186,11.358064477997706,-0.01837375745588537,1.450039470106553,563.4999999999998,89.77021664665246,0.8786971905309392,0.9799999999999994,3.7816846705232434
ID23003,23003,7,678.0,251.03303964757708,298.1018110621635,0.0,7.0,7,14.72307822743469,1,,2001.8680351906157,2034.0,397.0,3857.0,1365274.0,550.1641006334347,0.7026670270177305,3.0032607556947726,0.07887305208958355,0.03065155416963799,16.586694281695937,13.376883581690553,0.06134876648217458,1.2399520546324239,681.0,97.71742480725341,0.8962165289532563,0.980561555075594,3.744539854758986
ID23963,23963,7,614.0,250.76633986928104,294.90904139433553,0.0,35.0,35,13.957279475043833,1,,2484.6455284552844,2465.0,555.0,4678.0,1528057.0,785.2590878540245,0.8291709708803463,2.868608309061863,-0.2017665764899784,0.4104640830023876,16.395305708031344,12.70512226266141,3.0359727596108295,1.290448479682472,612.0,94.08987572602662,0.8687113511687286,0.9792000000000002,3.8033578031337933
ID23389,23389,7,663.0,249.3446941323346,301.54744069912607,0.0,14.0,14,14.576414134747965,1,,2113.6941529235382,2113.0,578.0,4173.0,1409834.0,608.1790716507669,0.7722588160234826,3.02884047202835,-0.08028955540672163,-0.1612238943790876,17.597750370545317,12.444626734582167,0.09284115110514918,1.414084226539573,667.5,95.82080043630768,0.913569401674629,0.9903560830860533,3.7088063630477968
ID23901,23901,7,624.0,250.7308100929615,295.1077025232404,0.0,33.0,33,14.132920914670422,1,,2438.5419968304277,2464.0,429.0,4825.0,1538720.0,767.076615694012,0.8305843065899701,2.884798462110316,-0.0810283211920965,-0.035431328508159526,16.811228861772324,12.362458352058766,3.0740159336186266,1.359861314232269,627.5,94.56300701866877,0.8818222370749919,0.98046875,3.7749778599203627
ID23262,23262,7,653.0,248.8479487179487,302.01435897435897,0.0,15.0,15,14.38406847937898,1,,2170.1923076923076,2176.0,641.0,4582.0,1410625.0,621.1110912019533,0.7575003816778756,3.011940296488574,-0.058395978845259724,-0.10394020938619285,17.015710823248273,12.753639532878628,0.10274480761038872,1.334184706991452,650.0,95.06109103601037,0.9038942666846798,0.9870918754745635,3.728602755200285
ID23390,23390,7,640.0,247.76448428163158,301.22096648480124,0.0,20.0,20,14.289709303792774,1,,2248.0078003120125,2270.0,551.0,4761.0,1440973.0,693.2810610615004,0.7817721669990657,2.8454208336417874,-4.913767748016822E-4,-0.10147923730284558,16.456393239088925,12.580135513205864,0.05827046352143757,1.3081252759013606,641.5000000000001,94.89110464311578,0.8952730679258895,0.9749240121580549,3.7465123798408118
ID23520,23520,7,630.0,247.74465558194774,300.8871733966746,0.0,22.0,22,14.17789452369652,1,,2296.340694006309,2326.0,648.0,5034.0,1455880.0,685.4141267397625,0.8075029948709076,2.9934939360507204,-0.12039325245903408,-0.18985146442913656,16.78589526211756,12.427341316591768,0.1600270058678761,1.3507229611298015,631.4999999999998,93.97824142307665,0.8985217430754645,0.9836448598130839,3.7397333435100295
ID23010,23010,7,667.0,251.3771407297096,298.6042442293373,0.0,6.0,6,14.620023548969252,1,,2010.3111111111111,2028.0,475.0,3822.0,1356960.0,536.4427158040904,0.67387545793168,3.017355035994953,-0.13409116391395434,0.01649372375225823,16.42367583277244,13.269980869982735,0.10719651258825233,1.2376563307580568,671.5000000000001,96.08108942124498,0.9140712378041651,0.9846041055718479,3.7077881335703275
ID23398,23398,7,671.0,246.84676616915425,302.1440298507463,0.0,17.0,17,14.60368527951557,1,,2135.3368107302535,2157.0,608.0,4316.0,1432811.0,634.9558591789151,0.7519574177615858,2.8868389020093064,0.100039819269655,-0.012052978281165099,17.187110929770483,12.818005891227683,3.0987660507107493,1.3408568443187332,670.0,98.00979502712617,0.8764874557185457,0.977388767323122,3.786448720414327
ID23590,23590,7,579.0,246.2621107266436,299.77912341407153,0.0,24.0,24,13.564037533648712,1,,2478.2504317789294,2473.0,745.0,4897.0,1434907.0,674.4996898732321,0.822749133875843,3.3169121188004818,-0.03900762178638785,-0.1956124597982688,16.53464747096037,11.795337634122133,0.10834649324312728,1.4017951824565096,578.0,90.56831210165264,0.8854930451028183,0.9821580288870009,3.767145155746955
ID23465,23465,7,645.0,247.496385231087,301.6087012651691,0.0,19.0,19,14.334190996761446,1,,2226.942546583851,2217.0,689.0,4693.0,1434151.0,631.4726436266819,0.7565437919505482,3.037802657700539,-0.055844708490747914,-0.07972210502802421,16.82253763176746,12.58012091117144,0.05222507284794367,1.3372317921705072,645.5000000000001,95.69444942948809,0.8857937556449262,0.9780303030303032,3.7665056635322314
ID24171,24171,7,644.0,249.22486360093532,295.8281371784879,0.0,41.0,41,14.289709303792774,1,,2467.6464174454827,2447.0,498.0,5025.0,1584229.0,732.446379264234,0.8310731144788495,3.0582334704707503,-0.055559267877790405,0.23322302000497827,16.575174473382628,12.8192510264419,-0.16997419088429713,1.2929908650040078,641.5000000000001,94.06843669480172,0.911000617765111,0.9884437596302005,3.7140316150267787
ID23148,23148,7,642.0,250.77464607464609,298.96640926640924,0.0,11.0,11,14.356380160193742,1,,2140.695517774343,2168.0,492.0,4161.0,1385030.0,636.5873179219105,0.8038374572693253,2.9970759706205867,-0.20789431824747015,0.06365700609548297,17.04002325001376,12.7009477550025,0.1669704427931168,1.34163399288862,647.5,94.90886636212896,0.9033084331750207,0.9908186687069626,3.7298116370802883
ID23278,23278,7,655.0,247.53957382039573,302.79401319127345,0.0,16.0,16,14.461313744703505,1,,2157.2591463414633,2147.0,535.0,4416.0,1415162.0,602.835209648999,0.7477849406741798,3.0621215530242116,-0.05344493013511313,-0.035205006129595165,16.996273947921058,12.83184302912099,0.037861622421809064,1.3245387984679347,657.0,95.59677544988692,0.9034180152818705,0.9872276483846731,3.729585422301885
ID22895,22895,7,658.0,251.73292867981792,298.1664137582195,0.0,9.0,9,14.483308150941138,1,,2082.399696048632,2100.0,562.0,4362.0,1370219.0,603.6790501213894,0.7831718335460994,3.0300643178951625,-0.05614421490728655,-0.02638662351508158,16.75068563587177,12.664505852932052,0.12271991701492518,1.3226481814917157,658.9999999999999,96.94568066420729,0.8811266771063612,0.9806547619047618,3.776467546686749
ID23024,23024,7,635.0,253.17033831628638,294.86296879097824,0.0,2.0,2,14.222725922614098,1,,2105.089905362776,2118.0,583.0,3818.0,1334627.0,583.943877114827,0.5682952188355505,2.612616823530987,0.4743748167173837,-0.018080759952719298,16.266565468608274,12.937614546482129,0.036891604815600276,1.2573079380411223,635.5000000000001,94.9037767613005,0.8866626760349084,0.9769408147578788,3.764659642560712
ID23028,23028,7,680.0,251.34142156862742,298.10465686274506,0.0,8.0,8,14.712264360219255,1,,2014.370588235294,2018.0,576.0,4301.0,1369772.0,571.279633072219,0.7529220732543259,3.0290611848791156,0.055375046945602524,0.07754285154244989,16.47446471382015,13.567367473463637,0.06820855916091732,1.2142712833600544,680.0000000000001,96.98611784717258,0.9084470629908225,0.9826589595375722,3.7192478396503232
ID23476,23476,7,637.0,247.85416666666666,300.99192708333334,0.0,21.0,21,14.27299292922217,1,,2263.7296875,2246.0,513.0,4562.0,1448787.0,695.2693336963864,0.8028224204070943,2.8997998950364883,0.03898337582526449,0.031430992314150634,16.815649644738592,12.502582480860378,0.06233230655854376,1.3449741019890002,640.0000000000001,95.71454237388257,0.8778776319938177,0.9808429118773948,3.783449488777107
ID22837,22837,7,646.0,251.71827541827543,297.6114543114543,0.0,5.0,5,14.356380160193742,1,,2072.337962962963,2079.0,605.0,3647.0,1342875.0,559.502899517912,0.6515689891762629,2.92248252910403,-0.04703587675735392,0.020806969536921016,16.392222842882806,13.155755061845769,0.1211679958039409,1.2460115566018266,647.5,94.88872999844821,0.9036918565196012,0.9803179409538229,3.7290203006492075
ID24055,24055,7,620.0,249.93219881145325,295.31712587790383,0.0,38.0,38,14.01417852659937,1,,2506.9594813614262,2468.0,868.0,4891.0,1546794.0,742.4439044652818,0.8276697511087227,3.0582502761339696,-0.12889638358537214,-0.305881795992108,16.79814808487801,12.653302954772908,-0.10645484120636371,1.3275702118980437,617.0,92.91194537710618,0.8981563016054315,0.9872,3.7404940767256982
ID23928,23928,7,627.0,250.95573333333334,294.92,0.0,34.0,34,14.104739588693906,1,,2434.9904153354632,2404.0,795.0,4722.0,1524304.0,704.7970714382874,0.8250205158431646,3.123634121805056,0.08447769738388325,-0.09129669699138389,16.553949147791517,12.406067701001795,-0.08207401272240158,1.3343429640042008,624.9999999999999,93.25841073335138,0.903054292063459,0.9827044025157232,3.7303364293340557
ID24056,24056,7,636.0,248.6217847769029,295.5485564304462,0.0,39.0,39,14.217129728841439,1,,2466.0172955974845,2441.0,479.0,4856.0,1568387.0,728.4512778953169,0.8283972829508275,3.0675644983179207,-0.03916577086463543,0.1954535834184125,16.8006156929759,12.950867822582842,3.0639200835306823,1.2972579075882567,634.9999999999999,94.50305651677851,0.8934944907903128,0.9860248447204967,3.7502394025447376
ID24121,24121,7,630.0,249.77136075949366,294.9493670886076,0.0,37.0,37,14.183506197980659,1,,2464.9368088467613,2435.0,685.0,4870.0,1560305.0,733.6716829792622,0.8294215511368143,3.0464605126887103,0.009461258365883324,-0.05026794181255364,16.54631472745464,12.308934558541951,3.0663647516813084,1.3442523923382224,632.0000000000002,95.06015274827047,0.8788806981926458,0.9738058551617877,3.781289847687205
ID23998,23998,7,615.0,250.1197450501763,294.9947111472742,0.0,36.0,36,13.985757936556007,1,,2508.7756097560978,2469.0,557.0,5101.0,1542897.0,816.4865711709641,0.828867479133882,2.7851310251456267,-0.044587107063287224,0.15688391987430406,16.312594005078786,12.684359111089549,-0.04719784696372365,1.2860400641619474,614.5,92.96572159671587,0.893482523224168,0.9839871897518014,3.7502645183621457
ID23871,23871,7,620.0,250.02449799196788,295.8416331994645,0.0,32.0,32,14.07650184347694,1,,2453.1059390048154,2431.0,722.0,4972.0,1528285.0,768.3228791573873,0.8285925017624598,2.893520729525721,-0.08991316021454081,-0.08202092488318638,16.44767079262486,12.252480961013307,-0.07419401193731297,1.3423951316439835,622.5,94.74570940956194,0.8714252023724481,0.9734167318217357,3.7974308481683146
ID24127,24127,7,644.0,248.70182291666666,295.67473958333335,0.0,40.0,40,14.27299292922217,1,,2459.1073094867807,2421.0,513.0,4869.0,1581206.0,730.8914920847963,0.8298722026388553,3.051722415616135,-0.02815918465511406,-0.10587910446039948,16.745887705955845,12.339278325517101,3.00396292577802,1.3571205109561442,640.0,95.77496348282722,0.8767703361656294,0.9763539282990084,3.785837842814835
ID23872,23872,8,534.0,87.75156054931337,306.3561173533083,0.0,32.0,32,13.037541149394091,1,,338.7378277153558,334.0,208.0,495.0,180886.0,49.12871817092813,0.28194369716114925,3.032855366282623,0.015287308158023274,0.051529209828196774,16.59485722215429,10.402017005140209,-1.3216335906269903,1.5953499416463035,534.0,88.78599868203233,0.8512598552457223,0.9735642661804923,3.8421459266968787
ID24130,24130,8,513.0,87.84141610087293,307.0890720982864,0.0,40.0,40,12.809712968202843,1,,349.60428849902536,344.0,210.0,521.0,179347.0,51.96341619060333,0.2986654967061381,3.0945450085120747,-0.08407026354143324,0.07056990385891429,16.42553480038032,10.125831794042487,1.8272016662130621,1.622141779013577,515.5,85.63618766787145,0.8833318362719279,0.9923002887391723,3.7717507938612562
ID23557,23557,8,499.0,88.33216549883215,305.37187187187186,0.0,23.0,23,12.609353201048954,1,,346.3707414829659,346.0,216.0,480.0,172839.0,49.481658863733855,0.2845159230747534,3.100944752917236,-0.0048989244935616905,0.04325432419472052,16.568870747374675,9.78733274775322,-1.2457499239344778,1.6928892860190357,499.50000000000017,85.7388922777453,0.8538658020364489,0.9765395894428157,3.836278447970113
ID23815,23815,8,512.0,86.7905317769131,306.67217898832683,0.0,31.0,31,12.791062563308351,1,,341.07632093933466,336.0,225.0,515.0,174290.0,48.2805531322053,0.28159431701904375,3.104435502045526,-0.027464473441248607,-0.04703858501808287,16.11723117821808,10.456595925170026,-1.2736138604872718,1.541345892445013,514.0,88.02870051793444,0.8335360764164655,0.9679849340866288,3.882779529820233
ID22923,22923,8,494.0,88.18024439918534,299.7073998642227,0.0,4.0,4,12.501606061472309,1,,341.0695296523517,340.0,208.0,455.0,166783.0,42.039199992968605,0.2676794493490062,3.426289500797175,0.13690785165337224,-0.0739819903685453,15.62288373241133,10.260177418611288,2.0406004673479705,1.5226718890915516,490.9999999999999,83.56304720936788,0.8836144695195397,0.979062811565304,3.771147528822586
ID23755,23755,8,504.0,87.91277722608409,306.00347567030786,0.0,28.0,28,12.65974042757349,1,,342.4810379241517,336.0,208.0,476.0,171583.0,46.64437950836691,0.2800535711447572,3.212773995449411,-0.01910142739156763,-0.11984132088448182,16.26876443942571,10.137295826925353,1.9210032641386823,1.6048426244220628,503.5000000000001,85.3515339495905,0.8685337065727614,0.9833984375000003,3.8037467410705412
ID23819,23819,8,579.0,87.47354040839804,306.620218579235,0.0,30.0,30,13.581626524224065,1,,329.1785095320624,328.0,178.0,480.0,189936.0,51.16335177776922,0.27244804732237166,2.755155543815101,0.06224805522331588,-0.05813539989665009,17.414198367472004,10.800772685107923,-1.300780429717876,1.61231042214995,579.4999999999999,91.17417433140976,0.8760313054876772,0.9838709677419353,3.787434395622759
ID23116,23116,8,509.0,87.95105691056911,301.4095934959349,0.0,10.0,10,12.772384924875727,1,,339.5372549019608,336.0,218.0,492.0,173164.0,46.053927391765576,0.2659943474332849,3.098071224543815,-0.039599560720601695,0.04797332581789665,16.212275848566303,10.2022634277686,-1.3074996343031677,1.5890861830169574,512.5,86.93673998170806,0.8521126887876418,0.9780534351145038,3.8402227472608588
ID23756,23756,8,537.0,87.77137546468401,306.2388475836431,0.0,29.0,29,13.086279790944383,1,,336.7858472998138,337.0,217.0,470.0,180854.0,49.034376694670485,0.27722254350501313,2.9815708783492254,-0.05557245380907274,0.017191779586381985,16.667703491642023,10.581517676560665,-1.2595101679095044,1.5751713507565168,537.9999999999999,88.0074591073473,0.8728772502815509,0.979071883530482,3.794270984273921
ID22925,22925,8,474.0,88.30035087719298,299.99298245614034,0.0,3.0,3,12.296226898414837,1,,345.0,342.0,231.0,480.0,163185.0,46.61199380097031,0.272126519827426,3.1665909914591164,0.014883752250361024,0.07593956649160058,15.293093798767663,10.19288282778658,-1.1585279321318938,1.5003698224684303,475.0,82.4677569498257,0.8776777911285238,0.9783728115345007,3.7838801962606765
ID23374,23374,8,477.0,87.96722454672246,306.41492329149236,0.0,18.0,18,12.334995970645954,1,,348.255230125523,346.0,230.0,486.0,166466.0,45.549449295013524,0.28307742806880104,3.3736256396611335,-0.0603152093487138,0.06349999506987156,15.958802224742925,9.730606254802597,1.8726800481923427,1.640062479854877,478.0,83.38015098371305,0.8639973416106816,0.9785056294779938,3.8137193373713454
ID23698,23698,8,546.0,88.04151515151516,305.87151515151515,0.0,27.0,27,13.231418571003069,1,,334.4808043875686,333.0,195.0,461.0,182961.0,48.81820481844966,0.2738518202456249,2.9458871731692216,-0.0947516241179156,-0.018692991174860608,16.926650645680468,10.558431367123594,-1.237799437596459,1.603140661441999,550.0,90.05002641470855,0.852324288116076,0.975177304964539,3.839746027891501
ID23187,23187,8,518.0,87.93404118404119,302.69079794079795,0.0,12.0,12,12.84073677960901,1,,336.5482625482625,333.0,205.0,473.0,174332.0,46.96412667417004,0.26380026995001155,2.9916300680061676,-0.042122200084059994,-0.037083786672489474,16.386960017300588,10.206345903463564,-1.3373340286752138,1.6055658089874856,518.0,86.2201168109468,0.8756335836900907,0.9885496183206107,3.788294443840174
ID23382,23382,8,512.0,87.93317073170732,303.72276422764224,0.0,14.0,14,12.772384924875729,1,,339.0628683693517,336.0,226.0,477.0,172583.0,45.42797336660755,0.26730222620171645,3.1485402012964134,0.0038156448922516983,0.03074148486691246,16.25173622553129,10.15885989527086,-1.304976952899512,1.599759854262463,512.5000000000001,86.58863824276239,0.85897774986755,0.9752616555661275,3.8248461847564275
ID23255,23255,8,475.0,87.6112284406899,303.73829637451604,0.0,13.0,13,12.276796451355903,1,,343.66101694915255,341.0,238.0,470.0,162208.0,41.19751406327016,0.268930309870556,3.535828866279521,-0.031821129986325726,-0.09147912886051258,15.572029269412875,9.921851288517704,-1.2920328360187123,1.5694681180551429,473.5,83.15314445815949,0.8605428364884619,0.9762886597938143,3.821366439398286
ID23065,23065,8,456.0,89.23054331864904,299.73201174743025,0.0,0.0,0,12.021343033431869,1,,350.47587719298247,349.0,208.0,504.0,159817.0,48.82572134810612,0.27785576102884163,3.121598399512059,0.0849658667106684,-0.1239526815103098,14.850503981534624,9.994298089389085,-0.9314001409539379,1.4858976437076015,453.99999999999994,80.42047342383484,0.8821297440674867,0.984815618221258,3.7743198312804322
ID23257,23257,8,497.0,88.34437751004016,304.34069611780455,0.0,15.0,15,12.590406002966217,1,,341.6052104208417,340.0,220.0,468.0,170461.0,44.808275789442106,0.2693285504908496,3.2352257784189042,0.053200526893928554,0.13471406545414272,16.158371502116733,10.070943997577444,1.8417201307563238,1.6044545085350106,498.00000000000006,85.18200869698242,0.8624689178315913,0.9764705882352942,3.8170970817930354
ID23642,23642,8,502.0,88.58333333333333,305.510582010582,0.0,26.0,26,12.666024736934258,1,,344.7996031746032,345.0,191.0,504.0,173779.0,47.183385725382294,0.2838283096926714,3.2311447528093633,0.034939579024228354,0.04095479214446287,16.430402749220185,9.90649599934184,-1.2348838347956468,1.658548365669534,504.0000000000001,85.70133437531702,0.8623135938228371,0.9786407766990296,3.817440843116528
ID22812,22812,8,472.0,90.20201484623541,300.0139625309297,0.0,1.0,1,12.250841250120637,1,,344.53911205073996,339.0,231.0,494.0,162967.0,49.096660248075544,0.27027829867596115,2.9862686352874976,-0.019117919983159624,-0.01579086012138361,14.928389091587286,10.152707845545441,-1.0946315061777119,1.470384976963284,471.5000000000001,83.56321951013261,0.848518338671471,0.973168214654283,3.848347803451229
ID23964,23964,8,518.0,88.23702983138782,306.1514267185474,0.0,35.0,35,12.791062563308351,1,,339.884765625,336.0,230.0,484.0,174021.0,43.45288293728506,0.2831349752650949,3.451948251714999,-0.00480474337198932,-0.08791397891148504,15.713985076549807,10.596339669457189,1.8209774076257466,1.4829635106775296,514.0,85.20969314703217,0.8896004221326358,0.9809160305343512,3.7584384450404835
ID23709,23709,8,483.0,89.14426059979317,306.09875904860394,0.0,25.0,25,12.405757936130417,1,,343.78719008264466,347.0,241.0,500.0,166393.0,41.45618257463558,0.2770555472509989,3.598217735865354,0.0580161401540434,0.0018180494860733593,15.88457823632324,9.890540497963897,-1.2690101654533168,1.6060374293592243,483.5,83.29821587901554,0.8756588539847212,0.9807302231237323,3.788239780995742
ID23902,23902,8,543.0,88.57753357753359,305.64041514041514,0.0,33.0,33,13.183216521636506,1,,337.25367647058823,335.0,200.0,508.0,183466.0,48.10954719781072,0.28395568575257024,3.1006728984616863,-0.05056237661582454,0.0951904793516103,17.01786988980529,10.476257205156658,1.8323106393622044,1.6244226880406007,546.0,87.64960973735296,0.8931050257693024,0.9918256130790191,3.751057015158688
ID23522,23522,8,525.0,88.71008939974456,305.82535121328226,0.0,22.0,22,12.890219570974683,1,,337.5727969348659,336.0,198.0,476.0,176213.0,49.135086105510425,0.27432319581362774,2.957935226129741,-0.0763030619931241,0.03954479210382906,17.114424172406757,9.94670852174685,-1.2533992866083707,1.7206118119364684,522.0,87.63360506456459,0.8541595697499715,0.9830508474576272,3.8356186932218974
ID23396,23396,8,488.0,87.51605191256832,305.80020491803276,0.0,20.0,20,12.463355264843006,1,,346.2340862422998,342.0,236.0,484.0,168616.0,47.19435592101169,0.28166488647738935,3.224541544381389,-0.028058648255329034,0.04713331925783003,16.247708883710292,9.66233798039856,1.9170550597041442,1.6815504608378535,488.0,86.06359335846214,0.8279245031956233,0.9672943508424182,3.8959158159041563
ID23013,23013,8,486.0,87.64513888888888,302.3236111111111,0.0,7.0,7,12.360774464742066,1,,341.67782426778246,339.0,239.0,471.0,163322.0,43.26313581103263,0.2676590120052992,3.3350950515018334,-0.03156558066134757,-0.056910481858364725,15.861812486697927,9.862173354324225,-1.218009505928686,1.6083485776229096,479.99999999999994,83.74683186438969,0.8600314401074917,0.9716599190283399,3.822502410976555
ID23591,23591,8,498.0,88.94722778891115,305.5096860387442,0.0,24.0,24,12.603040633343666,1,,341.16498993963785,338.0,212.0,517.0,169559.0,45.69288411690894,0.27670391893470453,3.236465639958686,-0.039469411776109416,-0.06672706436065419,16.262224914856272,9.994980826903626,-1.28579677047449,1.627039130588727,498.9999999999999,85.52253718524415,0.8573324391156997,0.9803536345776028,3.8285145658289546
ID23017,23017,8,496.0,87.64900773629331,302.6187352842247,0.0,6.0,6,12.55876381671653,1,,339.2828282828283,341.0,207.0,458.0,167945.0,43.062152710160774,0.2634314796776619,3.2855805309362403,0.021002412955522343,0.10419789964060314,15.832969551218406,10.209195298594471,1.966931102090429,1.5508538222790367,495.5000000000001,84.42578242548493,0.8735813111663715,0.9802176063303663,3.7927416840124297
ID23468,23468,8,461.0,87.54166666666666,305.66920289855074,0.0,19.0,19,12.100518486599807,1,,353.3894967177243,350.0,229.0,549.0,161499.0,48.39577038537067,0.28713386282562997,3.2578937984136225,0.017146387441716867,-0.026897987241325957,15.43029646848996,9.693705016434565,1.8522553314342474,1.5917852299332054,459.99999999999994,81.69634741444536,0.8660887866269706,0.9725158562367863,3.809111838982071
ID24172,24172,8,494.0,87.81086519114689,308.7575452716298,0.0,41.0,41,12.577758680835945,1,,349.2635814889336,347.0,237.0,509.0,173584.0,48.6792594857662,0.29482779403873954,3.267350652652845,0.0320427988537248,-0.11239880237514444,16.305310919461686,9.92253681520028,1.8887756689053519,1.6432603096502165,497.00000000000006,86.71708592916872,0.8305330173265194,0.9688109161793373,3.8897929144877694
ID23149,23149,8,440.0,87.50688073394495,302.61850152905197,0.0,11.0,11,11.780624362746346,1,,346.5675057208238,345.0,237.0,446.0,151450.0,40.94842523047798,0.26302533973255054,3.525057116238025,-0.06844250395310338,-0.15975321324884068,14.713121686436551,9.766082143026777,1.9101324509955087,1.5065531367603826,436.00000000000006,79.29233621433734,0.8714328467951735,0.9830890642615561,3.7974141921342652
ID23405,23405,8,506.0,87.69737274220033,306.1860426929392,0.0,17.0,17,12.709927900593055,1,,339.998031496063,338.0,244.0,459.0,172719.0,44.6047069015609,0.27285549200449993,3.2679793768624172,-0.02423931438530666,0.022618787546319297,16.298736670302713,10.113607265090003,1.8620303337425277,1.6115651164903788,507.5,86.3589599900788,0.8551279536858888,0.9797297297297297,3.8334462676335455
ID23029,23029,8,478.0,88.65868055555555,299.4017361111111,0.0,2.0,2,12.360774464742066,1,,342.2375,340.0,233.0,477.0,164274.0,45.35696793999585,0.2687732992811979,3.196801479632492,0.00895177839841395,0.0011231676984694548,15.356427755642166,10.181419080939687,2.014893597177935,1.5082797037979165,480.0,83.48354459177865,0.8654646639832811,0.975609756097561,3.810485046117132
ID23286,23286,8,509.0,88.09514435695539,305.91043307086613,0.0,16.0,16,12.716187407449045,1,,342.229702970297,340.0,231.0,468.0,172826.0,47.17578059463548,0.2755005507463298,3.1337938357872055,0.048524077460328684,0.025379938323316188,16.111425620191284,10.234257772787258,1.8272057680648304,1.5742641995036837,508.0,84.84295486312737,0.8868333268335215,0.9835430784123915,3.7642974137946803
ID22903,22903,8,474.0,86.88440013990905,301.8980412731724,0.0,9.0,9,12.315626689964917,1,,341.38736842105266,338.0,230.0,467.0,162159.0,45.07833604061916,0.2663425667594863,3.185656476546293,0.08942943396215144,-0.08999771101307714,16.05049609663981,9.616755203220919,1.876517495675723,1.6690136909447435,476.49999999999994,83.32487642859076,0.8624291207350203,0.9794450154162385,3.817185151423974
ID23479,23479,8,490.0,87.86119711042312,306.0634674922601,0.0,21.0,21,12.418580428376126,1,,346.379381443299,342.0,221.0,484.0,167994.0,48.27161858456395,0.2839205698365281,3.1735757423357946,-0.03099491193662345,0.11102694920628625,16.079730652255716,9.819585281899453,1.9035886694994093,1.6375162688281404,484.4999999999999,84.19191442349535,0.858940094116851,0.9807692307692306,3.8249300240584247
ID23033,23033,8,477.0,86.7672923183872,302.6529370872437,0.0,8.0,8,12.354334883963913,1,,341.44166666666666,340.0,212.0,460.0,163892.0,45.15051068560014,0.26849217296498556,3.2013096545520177,0.04959998530712485,0.07756561533762357,15.559296352076622,10.069262466129555,-1.180718644321062,1.5452270118505849,479.5,82.1823396494347,0.8921573822743017,0.9896800825593394,3.7530486600277473
ID23929,23929,8,535.0,88.43264411027569,304.93828320802004,0.0,34.0,34,13.013103375051497,1,,337.0751879699248,335.0,206.0,495.0,179324.0,47.1515765619877,0.282197823930183,3.146727877627496,-0.1091075775925956,0.0396666551530682,16.50746630542563,10.509386236146621,-1.2982017492736284,1.5707355248443384,532.0,86.524210578635,0.8929891971767445,0.9906890130353819,3.751300279896937
ID24057,24057,8,506.0,87.73814262023217,305.87976782752907,0.0,38.0,38,12.647162440933334,1,,347.6167664670659,346.0,219.0,488.0,174156.0,47.503945502698556,0.29421785419028457,3.327075575000679,-0.03253459312834997,-0.017216424305158202,15.798565132587155,10.227407123286607,-1.3227203604441415,1.5447282915545304,502.5,85.53865479815434,0.8630204718511147,0.9804878048780488,3.815877138701833
ID24058,24058,8,513.0,87.46887159533074,307.16601815823606,0.0,39.0,39,12.79106256330835,1,,345.1968810916179,341.0,217.0,508.0,177086.0,50.043050119406274,0.2920810484548616,3.1186505145440346,-0.007525885588530251,-0.040623877258349324,16.334427582724675,10.153361568851302,-1.3125537873596358,1.6087704029802088,513.9999999999999,86.19398587822546,0.8693988360209975,0.9818529130850046,3.8018537362528035
ID24124,24124,8,537.0,87.8659217877095,305.6890130353818,0.0,37.0,37,13.074112164146964,1,,338.65981308411216,337.0,209.0,479.0,181183.0,47.59862786359321,0.2817784838375685,3.1281968721215345,0.001385432295754253,0.0034046938786813333,16.831687342426648,10.37782351748528,-1.3477030408738506,1.6218899188319638,537.0,88.61919726619051,0.8592677777074732,0.9808219178082194,3.82420063192189
ID22846,22846,8,496.0,88.29476861167002,301.1579476861167,0.0,5.0,5,12.577758680835945,1,,338.7530120481928,337.0,222.0,486.0,168699.0,43.2303879187021,0.2666516307604446,3.299218553960575,0.04493110476039397,0.01817916274342059,15.647827764522868,10.233542711787386,-1.1427944372808965,1.5290724048573228,497.0,83.89756071721278,0.8872940812765873,0.9870903674280038,3.7633199239096027
ID23999,23999,8,531.0,88.12163852407755,305.8205128205128,0.0,36.0,36,13.025327993411928,1,,340.8327067669173,337.0,227.0,498.0,181323.0,47.376802489494175,0.2842684612681956,3.1847722039873596,0.12757835381362853,-0.03845641128063126,16.23982939052502,10.828715181589844,1.8008046262576807,1.499700483223969,532.9999999999999,87.66878006815949,0.8714593753088276,0.9797794117647058,3.797356392239182
ID24128,24128,9,126.0,117.13779527559055,1.7388451443569555,0.0,41.0,41,6.358093703724522,1,,1125.1484375,1109.0,766.0,1477.0,144019.0,160.43150916013238,0.4865730781194201,4.5910493455449135,0.10635239911304874,-1.4213169858721224,10.26862454081346,5.9103774990361435,0.017361780410221857,1.7373889472352746,126.99999999999997,50.92905414700815,0.6152935519793378,0.9921874999999998,4.5192227715753415
ID22851,22851,9,99.0,111.24,1.6583333333333334,0.0,6.0,6,5.641895835477563,1,,1211.4285714285713,1173.0,869.0,1658.0,118720.0,217.83158159032942,0.4864715049815856,3.640053622458472,0.17916893296876488,-0.9114512811274268,8.323304577684665,5.341816555458162,3.0031454764524437,1.5581412224236861,100.0,43.494048386483705,0.6642785017419327,0.9569377990430622,4.34940483864837
ID23811,23811,9,104.0,115.36178861788619,1.3926829268292682,0.0,32.0,32,5.711984185363134,1,,1045.6138613861385,1027.0,746.0,1332.0,105607.0,129.68685132248604,0.45337846345294647,5.030226575393872,0.24281581298638738,-1.630682340901291,9.455187666122724,5.602543199169476,3.137596398169352,1.6876599304980575,102.49999999999999,47.13844534748228,0.5796731959923878,0.9715639810426537,4.656003760975739
ID23941,23941,9,107.0,115.93055555555556,1.4012345679012346,0.0,35.0,35,5.8632301428350395,1,,1037.559633027523,1042.0,766.0,1315.0,113094.0,127.86896006463896,0.4573289235734106,5.0927107931302125,0.057736936693997744,-0.9336092402884528,10.145130798843441,5.030553254585113,0.05725077556429529,2.016702792997297,108.00000000000001,47.2516951155161,0.607853376348699,1.0000000000000002,4.546796482434891
ID24005,24005,9,114.0,115.8529411764706,1.490950226244344,0.0,38.0,38,5.930703366659714,1,,1093.3302752293578,1096.0,677.0,1392.0,119173.0,141.67412104870652,0.4501946818631759,4.791427213805728,0.25404809817587104,-2.1421973177584084,9.982333315630258,6.267267248335537,-0.025004633303901874,1.592772881718323,110.5,48.48747567686421,0.5906265866593716,0.9778761061946901,4.6126280506960295
ID24006,24006,9,122.0,116.08879781420765,1.575136612021858,0.0,39.0,39,6.231677632421502,1,,1141.1147540983607,1113.0,727.0,1487.0,139216.0,186.58599580382318,0.4868209327162692,4.004892368164436,0.31537890461306867,-1.5821225545074022,10.71246377974322,5.8237935848095805,-0.07281872515062218,1.8394305402040592,121.99999999999999,51.021912431484125,0.5889198985592671,0.9999999999999999,4.619306906500467
ID23623,23623,9,125.0,114.85876840696118,1.8132530120481927,0.0,25.0,25,6.295203001483109,1,,1060.296,1039.0,756.0,1341.0,132537.0,133.34233313712346,0.4746749567920323,5.119046603034892,0.04238008343981463,-1.2055720523498263,9.919138936266744,5.680495510530492,0.03322303810240901,1.7461749451044655,124.5,49.76059283580991,0.6318414657391268,0.9803149606299215,4.459650966380419
ID23879,23879,9,86.0,116.12068965517241,2.0804597701149423,0.0,34.0,34,5.262410103554244,1,,946.7816091954023,961.0,514.0,1312.0,82370.0,150.62207637130635,0.4256673829041753,3.753559792898335,-0.10464907718570571,-0.6552146616314242,9.285228476170293,4.159178599699687,0.0527371240076629,2.232466881042505,87.0,42.60617569968976,0.6022599845578215,1.0,4.567861502913884
ID23178,23178,9,121.0,112.37603305785125,1.8471074380165289,0.0,13.0,13,6.206085419025319,1,,1130.8583333333333,1116.0,657.0,1669.0,135703.0,209.07970800563098,0.4926795291833062,3.570460676586125,0.16863888262441065,-0.9604010293370947,9.412295662405747,5.496777888744674,3.1057675879747175,1.7123296325431985,121.00000000000001,47.67881338995511,0.6688740662064453,0.9758064516129034,4.33443758090501
ID23243,23243,9,84.0,113.43660531697343,1.0296523517382414,0.0,18.0,18,5.093354074083103,1,,1005.8125,1021.0,736.0,1320.0,80465.0,117.77247897449331,0.43893285056901044,5.210276434340562,0.31231089278587654,-0.7669972879055275,8.958428703827295,4.3353251271843645,0.04811271335121288,2.066379900241869,81.5,41.959942099337255,0.5816981897698912,1.0000000000000002,4.647892511375168
ID23500,23500,9,144.0,113.49307958477509,2.143598615916955,0.0,22.0,22,6.782018766824356,1,,1086.4551724137932,1090.0,713.0,1486.0,157536.0,152.63372913022613,0.4802991379280421,4.619060104604024,0.08352612676886652,-1.239835306696391,10.373717055274565,6.346937915611716,3.080513381927491,1.6344443877035701,144.5,51.917406137553996,0.6736770278288776,0.9863481228668942,4.318958816644766
ID23373,23373,9,127.0,112.87566137566138,1.8333333333333333,0.0,21.0,21,6.333012368467128,1,,1167.8253968253969,1182.0,654.0,1546.0,147146.0,180.82460360758787,0.47945448412702024,4.185970523667287,0.1105160535893307,-1.5004172222876617,9.960524415989806,6.0063475390150725,0.03307009808856736,1.65833301374751,126.0,50.25798040898391,0.6268596902127348,0.984375,4.4773367533717785
ID23824,23824,9,90.0,116.46685082872928,2.0432780847145486,0.0,33.0,33,5.367219457003138,1,,942.8021978021978,948.0,564.0,1232.0,85795.0,152.49140010579976,0.4322079030510482,3.731572363171294,0.1794721402015649,-0.7605953573893617,9.927323146040681,4.320552555048939,0.03410496681011832,2.297697579083894,90.5,44.60141357564322,0.5716907913006867,1.0,4.688396506323197
ID22865,22865,9,69.0,109.47362110311751,0.907673860911271,0.0,2.0,2,4.703460118867115,1,,1014.2028985507246,991.0,630.0,1411.0,69980.0,141.78656077006826,0.45741014073598285,4.489973486155096,0.19285598889108857,-0.419240496224202,7.904759918194273,3.747854635292861,0.11114152125341298,2.1091426128848747,69.5,37.267812728426314,0.6288207433532966,1.0,4.470349744998159
ID23569,23569,9,137.0,114.3569696969697,1.9096969696969694,0.0,24.0,24,6.615709285501533,1,,1101.2720588235295,1083.0,779.0,1410.0,149773.0,149.42727535799827,0.486874106295641,4.826554539916955,0.3074576778985069,-2.3189366881740425,10.55291105386407,7.22358264391604,3.074660900687488,1.4608971163017164,137.49999999999997,53.03762932980082,0.6142488536180839,0.985663082437276,4.523064226766748
ID23186,23186,9,96.0,113.09782608695652,1.3188405797101448,0.0,15.0,15,5.4115163798060095,1,,1009.2967032967033,995.0,773.0,1311.0,91846.0,142.05597445338188,0.4389431870663565,4.334649759272145,0.2732512087743232,-1.139499708538734,8.702285452389965,5.0600037440848284,3.108796886251774,1.7198179868074177,92.0,43.90168923923731,0.5998397317659094,0.983957219251337,4.577067503917676
ID23251,23251,9,118.0,113.24893617021277,1.8333333333333333,0.0,14.0,14,6.115669352294596,1,,1072.5593220338983,1053.0,726.0,1476.0,126562.0,163.7518208875275,0.48633793304749534,4.286331566864974,0.3456198398993632,-0.9923415994074403,9.482191173139366,5.462455647046536,-0.06101154836248653,1.7358843322171849,117.49999999999997,47.062172789550864,0.6666590553417936,0.9832635983263595,4.341632311600849
ID22870,22870,9,94.0,112.39065255731921,2.441798941798942,0.0,8.0,8,5.484549593573589,1,,1045.8842105263159,1020.0,577.0,1584.0,99359.0,241.57510013111755,0.4557739737735343,2.710921894329035,0.40619085851344205,-0.725562516479544,9.023806047800525,4.773941780737066,0.07963139344228631,1.8902212180742823,94.5,42.29184077389657,0.6639394825399593,0.984375,4.350515138317086
ID23129,23129,9,122.0,111.68279569892472,1.903225806451613,0.0,11.0,11,6.282549314314219,1,,1095.7460317460318,1083.0,661.0,1498.0,138064.0,209.509787322996,0.4992977764112814,3.48343187293223,0.25574245413823726,-0.756482488059918,10.141194423133816,5.343782005865443,0.13541017564110186,1.8977560110054332,124.00000000000003,48.1753078578984,0.6714018783346307,1.0000000000000002,4.326270359025352
ID24089,24089,9,120.0,117.17217630853995,1.6101928374655647,0.0,40.0,40,6.206085419025319,1,,1147.5853658536585,1135.0,755.0,1565.0,141153.0,181.6106412906138,0.48836740764080233,4.146772659124567,0.07943813330643808,-0.9366282552408547,10.403917695317176,5.119960062470008,-0.056605501064516714,2.032031025315858,121.00000000000001,49.20667743495552,0.6279819365032163,0.9958847736625515,4.473334312268684
ID23196,23196,9,90.0,113.34557438794728,1.2966101694915255,0.0,16.0,16,5.30758183425046,1,,987.9540229885057,982.0,712.0,1336.0,85952.0,123.25346431717655,0.4420368576529506,4.914164800913735,0.24618247800358928,-1.532538738989466,8.438041826773537,5.460758720537162,3.12371300667418,1.545214183340352,88.5,43.138445347482296,0.5976186682882079,0.9672131147540983,4.585565004092065
ID22751,22751,9,72.0,110.41846522781775,0.9484412470023982,0.0,1.0,1,4.703460118867115,1,,1030.6911764705883,1013.0,727.0,1513.0,70087.0,151.81924222259516,0.44521549542542627,4.182822122654426,0.311512921150498,-0.6517193493252874,7.958039763944773,4.170184111340401,0.05437681158118321,1.9083185661524333,69.5,37.959942099337255,0.606099025815212,1.0,4.5533720672177145
ID23969,23969,9,109.0,115.97685185185185,1.4429012345679013,0.0,36.0,36,5.8632301428350395,1,,1119.1909090909091,1113.0,804.0,1416.0,123111.0,150.87266004689081,0.4639619717504685,4.7019305699552785,0.04402218587507297,-1.0060988172195247,10.044389322535714,5.086061304745692,0.053849425464268075,1.9748856179070269,108.00000000000001,47.66338390779009,0.5973981522374235,0.9773755656108598,4.586411254941847
ID23650,23650,9,116.0,114.79237288135593,1.5833333333333335,0.0,29.0,29,6.128667601500941,1,,1011.9166666666666,1013.0,734.0,1319.0,121430.0,119.06742552322316,0.46566639273396676,5.400345520780786,0.22630737783286037,-0.7429251359070306,10.659946652348578,4.985336005384798,0.01665101773456712,2.13826041832175,117.99999999999999,48.93923988039862,0.6191237042021106,0.9999999999999998,4.505222205313235
ID23267,23267,9,92.0,113.67837837837838,1.3288288288288288,0.0,20.0,20,5.426201661567752,1,,1060.978494623656,1057.0,721.0,1326.0,98671.0,140.4165370614085,0.4635226401201294,4.786188784967908,0.2984075778840657,-0.4642023195622534,9.076654258114907,4.47939023070403,0.13344357793631345,2.0263146970091777,92.5,43.307780868788676,0.6197545665499591,0.9685863874345549,4.50292863713434
ID22757,22757,9,111.0,110.67283950617283,1.8148148148148149,0.0,5.0,5,5.8632301428350395,1,,1199.709090909091,1161.0,766.0,1668.0,131968.0,217.07798224442934,0.47822333808362677,3.5758630800110183,0.34952243093533886,-0.5973294449178771,9.241783042161979,5.120550929287557,0.18092221914577444,1.80484154337819,108.00000000000001,44.1753078578984,0.6954636730669427,1.0000000000000002,4.2507709805487055
ID23653,23653,9,107.0,115.13981042654028,1.3988941548183256,0.0,28.0,28,5.794971353888639,1,,1039.798076923077,1038.0,727.0,1372.0,108139.0,129.80870015928272,0.4597672391506865,5.045795137552544,-0.08492125850446558,-1.857906919315842,10.074706920364003,5.943605713316261,3.111968676237709,1.6950496729270381,105.5,47.84152949266339,0.5792315542462774,0.9859813084112151,4.657778434511336
ID23274,23274,9,84.0,113.43660531697343,1.0296523517382414,0.0,17.0,17,5.093354074083103,1,,987.35,1000.0,680.0,1302.0,78988.0,119.1165900507417,0.4310114936193114,4.993149889227247,0.31231089278587654,-0.7669972879055275,8.958428703827295,4.3353251271843645,0.04811271335121288,2.066379900241869,81.5,41.959942099337255,0.5816981897698912,1.0000000000000002,4.647892511375168
ID23598,23598,9,108.0,115.01442307692308,1.3717948717948718,0.0,26.0,26,5.753627391751592,1,,1027.504854368932,1006.0,828.0,1328.0,105833.0,120.77128552589238,0.44777244606436234,5.2626834439785695,-0.10350159312534629,-1.3446204518236002,9.575528619884032,5.325471097508048,0.046359935025018985,1.798062264268924,103.99999999999999,47.90168923923731,0.5695627069429822,0.9541284403669723,4.69714708009478
ID23535,23535,9,142.0,114.2485172004745,2.1204033214709375,0.0,23.0,23,6.687491234298747,1,,1154.9078014184397,1131.0,742.0,1500.0,162842.0,169.32816408674861,0.47571681636416036,4.3973758663023785,0.3121224965775534,-1.4060649369654654,10.373398204395462,6.450073802763601,-0.10725287451235677,1.608260389199093,140.49999999999997,51.66772406501485,0.6613746202839138,0.9859649122807016,4.358942793613671
ID23727,23727,9,112.0,114.97792998477931,1.5289193302891932,0.0,31.0,31,5.903806614136771,1,,1061.9351851851852,1047.0,798.0,1378.0,114689.0,125.09026820272956,0.45617898981549704,5.318938894584403,0.48797168814283426,-1.6785489930419515,9.614253629546436,5.748090136482587,-0.0758181723140588,1.6725996637606069,109.5,47.25140769936441,0.6163032818614467,0.9954545454545456,4.515519185217685
ID22832,22832,9,92.0,112.58695652173913,2.420289855072464,0.0,7.0,7,5.4115163798060095,1,,1029.6521739130435,999.0,583.0,1563.0,94728.0,243.65573961179655,0.4563157544109583,2.648218442202319,0.2817715414409684,-0.8615024983592424,8.874815199148031,4.917300112623558,0.11307689858945696,1.8048146332099702,91.99999999999999,42.3600728613698,0.6442943078214738,0.9684210526315788,4.416342886051759
ID23090,23090,9,118.0,111.27065527065527,1.6823361823361824,0.0,10.0,10,6.102643417692329,1,,1065.6581196581196,1049.0,671.0,1589.0,124682.0,175.681439876623,0.48447555610438514,3.9593220715030726,0.45822383292389557,-1.53692148456498,9.76937601428491,5.989805021637333,0.003320988492377941,1.6310006718072467,117.00000000000001,48.25858580247641,0.631315633252486,0.9915254237288137,4.46150783569762
ID22771,22771,9,104.0,111.45055821371612,1.5893141945773526,0.0,9.0,9,5.767441643068972,1,,1114.9038461538462,1093.0,787.0,1537.0,115950.0,179.61104249740663,0.47735681059114415,4.0113642556960905,0.1961389672569059,-1.4230503578851175,8.741551781953996,5.847426534963123,-0.02019696620640026,1.494939992779084,104.5,44.61684305780824,0.6596726504503657,0.9858490566037734,4.364562255129418
ID23731,23731,9,106.0,115.68779342723005,1.4170579029733958,0.0,30.0,30,5.822370898403305,1,,1021.7663551401869,1003.0,792.0,1275.0,109329.0,119.14471773018207,0.45159433202627486,5.335928723584233,0.21977231871755715,-0.6150537430925165,10.01536382882989,4.621141812418841,0.09808209109324036,2.1672920320070324,106.5,47.30778086878866,0.5979905471403596,0.9726027397260273,4.584138944884095
ID23350,23350,9,85.0,113.41518737672584,1.1153846153846154,0.0,19.0,19,5.186249645218625,1,,1047.5294117647059,1033.0,663.0,1350.0,89040.0,141.22816630539106,0.45964086089809925,4.6714049645921625,0.2592468237267362,-0.5650882684579585,8.71698729341641,4.298328437532754,0.10229352350943081,2.0279947007539456,84.50000000000001,42.65681119817059,0.5835657562975298,0.9548022598870058,4.640449301849334
ID23162,23162,9,115.0,111.86842105263158,2.910818713450292,0.0,12.0,12,6.023896332520351,1,,1035.5309734513273,1025.0,499.0,1523.0,117015.0,215.83745003045948,0.46208152721777707,3.0325872490250907,-0.02535958633417319,-1.4581113846543878,8.914105775771333,5.950930349534272,0.04161186490838235,1.497934818959688,114.00000000000001,45.137757216737086,0.7031285991287148,0.9956331877729259,4.227538297581517
ID22780,22780,9,102.0,109.79326923076923,1.5272435897435899,0.0,4.0,4,5.753627391751592,1,,1094.0943396226414,1050.0,680.0,1622.0,115974.0,213.21706035117793,0.4912214960378253,3.380632976318703,0.3574590981212315,-0.7686732142445667,9.519285105703812,4.906642215294502,0.048201975056552736,1.9400813607381509,104.0,44.93923988039862,0.6471303354641558,1.0,4.406655020695762
ID22909,22909,9,42.0,109.04878048780488,0.2926829268292683,0.0,0.0,0,3.612575996921784,1,,946.6410256410256,946.0,819.0,1103.0,36919.0,73.09672293737617,0.3849894885003744,7.199789600580371,0.4072229542088887,-0.13166115988828822,6.778763187558969,2.4197794617875568,0.02864659893504773,2.8013971085411695,41.000000000000014,29.36505818199175,0.5974918550723045,0.9761904761904764,4.586051604359442
ID22781,22781,9,90.0,109.43854748603351,1.2932960893854748,0.0,3.0,3,5.337483940345794,1,,1046.0,1013.0,616.0,1515.0,94140.0,180.298753321919,0.4664643305576311,3.690760741154069,0.1356476497190321,-1.600530077906346,8.411588548612842,5.5370779878869,-0.027735865050544695,1.519138536067998,89.5,43.323210350953694,0.5992273628569759,0.9623655913978496,4.579405629888017
ID23613,23613,9,110.0,115.11320754716981,1.408805031446541,0.0,27.0,27,5.808687281605184,1,,1030.095238095238,1042.0,736.0,1238.0,108160.0,117.96206396464302,0.45325349711564855,5.447093115011653,0.04363703404237223,-2.390775670593449,9.937075880837787,6.43022422957245,0.014829929695846511,1.5453700409291187,106.00000000000003,47.90168923923731,0.5805158359226551,0.9860465116279071,4.6526233541102275
ID24063,24063,9,107.0,116.01851851851852,1.4012345679012346,0.0,37.0,37,5.863230142835039,1,,1099.8703703703704,1094.0,746.0,1428.0,118786.0,164.19005926814927,0.47166414979455834,4.293869052823786,0.18252411292123963,-0.9418330388094196,10.092314884517847,5.039239272772568,0.007194953241003305,2.002745719785022,108.0,47.2516951155161,0.607853376348699,1.0,4.546796482434891
ID23490,23490,10,587.0,63.52912072377721,387.925219112242,0.0,19.0,19,13.698309308281242,1,,479.54668930390494,474.0,275.0,679.0,282453.0,77.32372938448724,0.42135840772203886,3.6770214374568693,-0.030075116146378672,0.21042931558398012,16.439130602572128,11.708423912921422,2.395153182289911,1.4040429971475406,589.4999999999998,91.5803515806559,0.88326101166692,0.9784232365145227,3.771902010433603
ID23746,23746,10,637.0,62.807287555906335,389.6849513285977,0.0,27.0,27,14.200327915137432,1,,464.48899371069183,459.0,266.0,674.0,295415.0,76.29927526674076,0.4174350702795521,3.585673731199254,-0.2584624335220436,-0.08161039012599983,17.107974710682036,12.190058905174551,2.366153039838496,1.4034365907304913,633.5000000000001,96.19334101771436,0.8603327693769401,0.9738662567255959,3.821832941688539
ID23939,23939,10,605.0,63.26973684210526,391.68969298245617,0.0,34.0,34,13.911592676604096,1,,473.42269736842104,474.0,253.0,690.0,287841.0,74.14210460382503,0.4198161239729947,3.7760798735682783,-0.21909716716505095,-0.44543204610093284,16.405813233767336,12.741110892292937,2.5176240788383386,1.2876281646438825,608.0,93.28041504285359,0.878076802227355,0.9806451612903224,3.7830203729797676
ID23685,23685,10,636.0,62.95882352941177,389.75124183006534,0.0,26.0,26,14.245088713032523,1,,464.15830721003135,462.0,217.0,674.0,296133.0,80.05326926424003,0.41587519805642975,3.406081983331272,-0.07787355006722878,0.051287748231944624,16.90765711844645,12.238744492324031,2.3374180221453593,1.3814862406066812,637.5,94.90347191831383,0.8894588312871997,0.9800153727901613,3.7587375815949695
ID23432,23432,10,595.0,63.966497747747745,387.7522522522523,0.0,18.0,18,13.727325035155395,1,,480.4442567567568,476.0,272.0,742.0,284423.0,80.17614027562949,0.4232246844571672,3.5638989275598085,-0.030814847894606017,0.046757693089698224,16.437762678020615,11.904164315144895,-0.7598098722715441,1.3808413797773202,592.0,92.90111796292693,0.8619651160691232,0.9689034369885434,3.8182124281601815
ID23497,23497,10,602.0,64.24498488595769,389.0773564165979,0.0,21.0,21,13.894421397469884,1,,472.8265139116203,471.0,214.0,700.0,288897.0,84.49444263881297,0.4201272929929905,3.3109856130012973,-0.035464985264825916,-0.055059260251363096,16.521658672580777,11.925599574496912,2.304308800771496,1.385394383684709,606.4999999999998,94.40321384291651,0.8551988536808702,0.9626984126984122,3.833287359004637
ID23757,23757,10,621.0,64.15194109772423,389.78406961178047,0.0,25.0,25,14.07650184347694,1,,470.38003220611915,470.0,231.0,680.0,292106.0,80.17535531972479,0.4170439899581104,3.4533175387524677,-0.022357231189918874,0.020287676069229717,17.07493536479215,11.83973891712026,2.406144602263285,1.4421716124248143,622.5,94.1484421941713,0.8825167213702073,0.9764705882352943,3.773492234351834
ID23567,23567,10,615.0,64.70952380952382,389.6287074829932,0.0,23.0,23,13.962979814050145,1,,475.5749588138386,476.0,260.0,670.0,288674.0,77.44224228453133,0.4222895851575134,3.6466442384550404,-0.27963419064754486,-0.2875756858848275,16.269919811018998,12.56869397496069,2.3813370434237786,1.2944797481291117,612.5,93.36786468505146,0.8829194900332699,0.9831460674157302,3.772631443640449
ID22928,22928,10,598.0,67.48149705634988,385.97126436781605,0.0,5.0,5,13.756279560123208,1,,473.4513422818792,469.0,255.0,769.0,282177.0,83.68550157981873,0.41129370393621373,3.2975377930122796,-0.44472561791017984,-0.2300270211714839,16.57363979192949,12.247081612470776,-1.1329777598694037,1.3532725849604148,594.5,91.632538663255,0.8897382992632847,0.9850869925434964,3.7581472230113997
ID24082,24082,10,610.0,62.877539813289395,391.219659527732,0.0,38.0,38,13.900147514093545,1,,475.0247116968699,475.0,303.0,671.0,288340.0,70.15099966971938,0.4216202341531388,4.016522307785574,-0.0543544538614452,-0.10002972085459656,16.489609674616233,12.087690716552371,-0.7691249923027579,1.3641654192918802,607.0000000000001,93.30635064702086,0.8761453238862423,0.9735364875701686,3.7871879460652282
ID24083,24083,10,666.0,63.8705911574764,391.5384997516145,0.0,39.0,39,14.614579488624484,1,,459.9910581222057,462.0,237.0,687.0,308654.0,80.73270755509947,0.4190491253479233,3.3650953577375544,-0.07660542277155775,0.11830994160870503,17.562661027632874,12.795852894505627,2.436506952140094,1.3725275815865352,670.9999999999999,96.388381589179,0.907576009888746,0.9860396767083025,3.721032200069101
ID22997,22997,10,563.0,66.0088809946714,386.49319123741856,0.0,9.0,9,13.38687663054658,1,,486.664298401421,479.0,235.0,771.0,273992.0,88.21432926021114,0.4225069042495495,3.277176064746676,-0.1909522871667886,-0.10737662967437753,15.910537879918014,11.732672590726118,2.1753779752803095,1.3560881169132952,562.9999999999999,90.59371226800768,0.8620295362266029,0.9656946826758146,3.8180697564586157
ID24021,24021,10,640.0,63.73216601815823,390.6782101167315,0.0,36.0,36,14.300842698005091,1,,469.4790046656299,469.0,248.0,695.0,301875.0,81.72238991450254,0.42457185559629246,3.4243011676214805,-0.225594283220832,0.05812898997727477,17.217843907395736,12.1566861143772,2.429127423613374,1.4163270932061756,642.5000000000001,97.22500933075536,0.85413596498101,0.9720121028744328,3.8356716931371744
ID23127,23127,10,567.0,65.36507233540006,386.91836433421906,0.0,10.0,10,13.404698085027869,1,,487.76325088339223,485.0,290.0,733.0,276074.0,87.19746967606702,0.42444663628031054,3.3335893635407143,0.12139343371102475,0.17788008042739203,15.592524134889596,11.813918963254705,2.3137115092932947,1.319843498451922,564.5,91.13606348559895,0.8540696293289403,0.9716006884681584,3.8358206486987094
ID23895,23895,10,617.0,63.94444444444444,391.2364465915191,0.0,32.0,32,14.05953197372281,1,,477.14927768860355,479.0,238.0,679.0,297264.0,79.6471430181681,0.4296791831510419,3.6009723312252175,0.11019538862224834,0.052200077146681935,16.873112808956172,12.09261858666591,-0.6701896358492874,1.395323327865607,621.0,94.37646681877081,0.8761410623803517,0.9825949367088606,3.787197156399505
ID23448,23448,10,602.0,63.442960489705065,386.7097941012799,0.0,14.0,14,13.808244704671576,1,,470.0099833610649,467.0,228.0,712.0,282476.0,81.11236999886675,0.41336168468934065,3.389431740950659,-0.18245191000467453,0.07566950588064482,16.12686914048467,12.235486865770715,2.367814278574995,1.318040656445005,599.0000000000001,92.39134092444557,0.8818082259169233,0.9763651181744092,3.775007850342229
ID24152,24152,10,640.0,63.66601613322925,391.26424668227946,0.0,40.0,40,14.278567228567367,1,,468.8411214953271,466.0,280.0,708.0,300996.0,79.50344917794189,0.4247666107398514,3.516222621115209,0.033426185019205745,0.08813053103906979,16.98268063228943,12.33118332257831,2.5015930885618727,1.3772141884545874,640.5000000000001,94.9109296271717,0.8935040876314783,0.9831158864159634,3.750219262430653
ID23324,23324,10,589.0,64.30798640611725,387.28844519966015,0.0,15.0,15,13.686685793834856,1,,480.27843803056027,479.0,225.0,694.0,282884.0,86.98145020950909,0.4224592608747869,3.2797552715159783,-0.11671658085253639,0.1586339725239377,16.495531899102584,11.780274907811787,2.346657052374547,1.4002671438646983,588.5000000000001,92.00448480448846,0.8736517188164726,0.969522240527183,3.7925888522809568
ID24157,24157,10,646.0,63.68132716049383,390.4079218106996,0.0,37.0,37,14.361922094451577,1,,467.0833333333333,466.0,287.0,668.0,302670.0,74.45849335962176,0.4224161226272113,3.7258377785032475,-0.15597745934716986,0.15717558636579526,17.377836223932913,12.162878649581987,2.398946467337639,1.4287601417884863,648.0,95.93641484426685,0.8847445586114466,0.9737039819684447,3.768738305505936
ID23070,23070,10,569.0,66.80005837711617,386.92965557501464,0.0,6.0,6,13.48165216176951,1,,484.61538461538464,480.0,225.0,729.0,277200.0,85.61402188680687,0.4201890376273419,3.349506734082612,0.08317488868356557,-0.042677961555636204,15.850409773300274,11.705383716058472,-1.063623282133853,1.3541127875675951,571.0000000000001,90.32700048409632,0.8794492741947217,0.9727427597955707,3.780067322219906
ID23326,23326,10,600.0,63.793954520244036,387.0671103716029,0.0,13.0,13,13.831277655967225,1,,474.36180904522615,474.0,262.0,699.0,283194.0,80.0650516688479,0.41634730354380484,3.4832345566337453,0.03593920026420985,0.022621589926270214,16.433256561173526,12.28664197027999,-0.8152719258703519,1.33748965754221,601.0,93.50712521367679,0.8637636539524044,0.9701372074253428,3.814235195422587
ID22879,22879,10,572.0,70.09976831740515,385.8058210251955,0.0,1.0,1,13.534671754378513,1,,485.52941176470586,483.0,260.0,725.0,280636.0,87.57570629321602,0.41722123647517556,3.264304356663097,-0.04568840312189147,0.03308412656433238,16.309054010893888,11.436399612417677,-1.08421798991271,1.4260654195036582,575.5,90.69500991041716,0.8792014725383666,0.9704890387858346,3.780599987928372
ID23071,23071,10,587.0,66.81489361702128,385.9618439716312,0.0,7.0,7,13.675052399642825,1,,476.6877133105802,479.0,266.0,731.0,279339.0,85.97751496495137,0.4148368334740204,3.251247402859279,-0.05487590908539576,0.12261411775726448,16.281268812724203,11.784530151809186,-1.007612351362442,1.3815798002116078,587.4999999999999,91.48695637554056,0.8820625344899616,0.9726821192052978,3.774463622451357
ID23456,23456,10,598.0,63.39555555555556,388.64916666666664,0.0,20.0,20,13.81976597885342,1,,474.203305785124,476.0,239.0,689.0,286893.0,85.93762170022374,0.42244387101766334,3.2775182421690388,-0.21771354355568362,0.003657583003688895,16.436036588972968,12.129570644773876,-0.8567732518157243,1.3550386135105752,600.0,92.81863962041777,0.8751665630073003,0.9795918367346939,3.7893050948216938
ID23458,23458,10,600.0,63.86371308016878,387.6167369901547,0.0,17.0,17,13.73312082390219,1,,474.56974789915967,471.0,257.0,725.0,282369.0,77.9049737940751,0.418608860023702,3.5950969621803455,-0.10458285556356484,-0.07452186365138465,16.353987309580724,12.103437604615605,2.3181037353898324,1.351185327988487,592.5,91.04834454184318,0.8981608303575946,0.9817729908864954,3.7404846464591905
ID23011,23011,10,580.0,67.13588850174216,386.0438443670151,0.0,4.0,4,13.517021664164627,1,,480.02595155709344,477.0,238.0,695.0,277455.0,84.72785069917488,0.41516008014791916,3.324134142578488,-0.05344762949117719,0.08399645953453153,16.31339760696709,11.383229745528583,-0.9951174879102764,1.4331079993685547,574.0,90.9565155854543,0.8718748030087756,0.9786871270247229,3.7964516092446408
ID23015,23015,10,587.0,67.31983518044899,386.5679170218812,0.0,3.0,3,13.663409100469519,1,,477.44821731748726,476.0,244.0,756.0,281217.0,90.13064658288711,0.41430997448734863,3.1035916154292296,-0.19133049437729244,-0.003891376469941687,16.3729199611641,11.646086501818166,2.1879343354802367,1.4058731195760903,586.5000000000001,92.07893308032678,0.8692752679164699,0.9710264900662253,3.8021239447720347
ID23082,23082,10,571.0,68.75065731814198,386.1409582237803,0.0,2.0,2,13.475748219221543,1,,483.2132867132867,482.0,275.0,711.0,276398.0,87.73603120534614,0.4162009897661296,3.2371967314717747,-0.1355503168641651,0.020325786644618756,16.197110277800736,11.541178984487404,-1.0168004489333993,1.403419035401098,570.5,90.97261090683216,0.8662518887856111,0.9694137638062874,3.808753222961497
ID23979,23979,10,628.0,63.37681734073487,391.3546127412107,0.0,35.0,35,14.166664506470111,1,,467.9984126984127,468.0,235.0,672.0,294839.0,77.487954840286,0.42283405943356067,3.5896812542112753,-0.17244044821198676,0.12093644659426457,17.256522375052377,12.051569298052492,2.4486326937771614,1.4318900674488089,630.5,93.65181480588775,0.9033635427018041,0.9859265050820953,3.7296978671086514
ID23084,23084,10,584.0,66.94549627079748,386.0992541594951,0.0,8.0,8,13.599192765483632,1,,477.0821917808219,472.0,250.0,737.0,278616.0,89.99108069768026,0.41667648521427025,3.1185451851239256,-0.15618466001710132,-0.025405767262513607,16.200450081537635,11.703817233498954,2.121005157207799,1.3842022443043889,580.9999999999999,91.84928315054972,0.8654349982491842,0.9651162790697673,3.8105503542383015
ID23532,23532,10,621.0,64.37859253290357,389.7546333601934,0.0,22.0,22,14.053870796938549,1,,467.483922829582,467.0,228.0,704.0,290775.0,82.78263779036196,0.4170750620364285,3.324135990435252,-0.2922101456760622,-0.2705706123169703,16.77077874872448,12.410375636634168,2.357634727342798,1.351351420759485,620.5000000000001,93.6304768765242,0.8894410700955389,0.9825811559778307,3.7587751104024183
ID23854,23854,10,605.0,63.314081408140815,390.6168866886689,0.0,31.0,31,13.888692920047486,1,,480.0837438423645,477.0,242.0,686.0,292371.0,79.52937980237283,0.42955018395763866,3.627721209503707,-0.14707111490461017,0.09022521417710443,16.835307221985644,11.707216693698115,-0.7152834483772949,1.4380281549796488,606.0000000000001,93.24891482495244,0.8757797826293392,0.9719326383319968,3.7879782297894042
ID23855,23855,10,645.0,62.692672303356396,389.52843966179864,0.0,30.0,30,14.389599749908118,1,,461.4486983154671,463.0,241.0,679.0,301326.0,81.73572867863946,0.4165511499029648,3.3203017849791903,-0.24731746658424436,-0.013889411851184301,17.209049399830622,12.43027089099475,-0.6981315419915952,1.3844468516207409,650.4999999999999,95.77921092321237,0.8910758126515776,0.9804069329314241,3.755325656201448
ID23347,23347,10,591.0,64.49549168779939,387.3743307974077,0.0,16.0,16,13.721526798345444,1,,477.2664418212479,478.0,249.0,748.0,283019.0,84.53241724045232,0.4200852974107087,3.340339870038357,-0.061082424161315395,0.11588403519352682,16.15426359688265,11.878952949360322,-0.788153888456508,1.3599063541835605,591.5,90.05941790854669,0.9164448642237643,0.9817427385892118,3.7029833655612654
ID23796,23796,10,642.0,62.12754303599374,389.7240479916536,0.0,28.0,28,14.261837794318174,1,,464.9780564263323,461.0,258.0,653.0,296656.0,70.8541041176439,0.4151345995805941,3.850247293408931,-0.30517782379185104,-0.02389133151755428,17.229535372338713,12.333471554894272,2.3424522699232284,1.3969736984151508,639.0000000000001,96.66306694902488,0.8593885860979683,0.9703872437357635,3.823931829328907
ID23925,23925,10,635.0,64.26840168243953,391.3798633017876,0.0,33.0,33,14.205930727710989,1,,468.7614533965245,467.0,230.0,716.0,296726.0,80.30740956347464,0.42251087467008536,3.4674369012207786,-0.12986885013582394,-0.01450581664423082,16.95709912641514,12.202107293057702,-0.655894771310109,1.3896861188938041,633.9999999999999,96.21941152793732,0.8605452841738584,0.9672006102212048,3.821361004757221
ID23222,23222,10,601.0,64.04291251384275,387.2624584717608,0.0,12.0,12,13.842779759955802,1,,469.8573797678275,467.0,241.0,713.0,283324.0,82.13447905074302,0.41192911777607294,3.337952392764103,-0.2719582011169416,0.21679072467188812,16.644999289962897,11.903663369105324,2.414756256602909,1.3983089721071245,602.0000000000001,92.88597552043208,0.876811146462949,0.9756888168557538,3.785749737772826
ID23606,23606,10,618.0,64.87087691069992,389.5748189863234,0.0,24.0,24,14.065190871908776,1,,467.2937399678973,467.0,240.0,697.0,291124.0,77.38037386692035,0.41543466816877245,3.544884114326732,-0.01089800980336253,0.07529123451336388,16.468586155935487,12.253037212213146,-0.7222702800375892,1.3440411443066962,621.5000000000001,92.268733837123,0.9173643839960527,0.9833860759493674,3.7011270584329132
ID23798,23798,10,648.0,62.12176032845779,389.83358994098023,0.0,29.0,29,14.378535081028668,1,,457.79816513761466,458.0,248.0,654.0,299400.0,76.4063786473772,0.4120781462524409,3.4969971499222385,-0.10945790375043941,-0.13500844991864802,16.9121229375004,12.686258129575661,-0.7898912608801387,1.333105693165183,649.5,94.87183892240931,0.9068059937764833,0.9826021180030259,3.7226117257707867
ID24182,24182,10,657.0,62.72273073989321,391.65357233663866,0.0,41.0,41,14.444795962334489,1,,466.78134556574923,468.0,229.0,734.0,305275.0,83.36761274712455,0.42511475742298166,3.3404306946984144,-0.23243305229115385,-0.3910436231360891,17.009566098778258,12.880604016114889,2.392593527478903,1.3205565575572105,655.4999999999999,94.71621840878545,0.9181927503347004,0.994688922610015,3.6994571580389874
ID23160,23160,10,586.0,64.9409515717927,387.17289719626166,0.0,11.0,11,13.686685793834853,1,,478.90508474576274,478.0,245.0,727.0,282554.0,90.03927349809143,0.41928054415875016,3.142562491591936,-0.13328423285386307,0.05254725247059754,16.282219100608568,11.847394741005369,2.31213841807471,1.3743290788019156,588.4999999999999,91.56780453186173,0.8820043523903759,0.9775747508305646,3.774588113105096
ID23097,23097,10,584.0,70.13287904599659,384.50851788756387,0.0,0.0,0,13.669231989760256,1,,482.94397283531407,486.0,226.0,739.0,284454.0,88.46294384571202,0.4167547668497499,3.211820397831675,-0.2724613993954433,0.1650899055705213,16.942993412873175,11.391307901062918,2.021598380556701,1.4873615532148186,586.9999999999999,91.36732263007363,0.8836212827184791,0.9775187343880098,3.771132989999012
ID22786,22786,11,548.0,174.72626630269943,12.159993933879285,0.0,3.0,3,13.225402922330684,1,,586.8069216757741,592.0,333.0,943.0,322157.0,108.05060599391662,0.3659824436235896,2.9101351032914495,0.2161536643637309,-1.2186119845180905,17.57604563835675,10.945816716031358,1.849767718960397,1.605731768979348,549.5,89.08122250484602,0.8701722389493604,0.9856502242152466,3.8001638303263974
ID24066,24066,11,671.0,177.11227024341778,13.427471435668158,0.0,37.0,37,14.614579488624484,1,,593.7540983606557,604.0,286.0,936.0,398409.0,96.45746434158539,0.3789418171703539,3.3831976175616663,0.30681685972316786,-1.3251203657709467,19.306787537474793,12.095618788882835,1.8900381588883883,1.5961802264485876,670.9999999999999,98.46125498384245,0.86976444504606,0.9838709677419353,3.801054589915671
ID24131,24131,11,618.0,177.55806451612904,12.459139784946236,0.0,41.0,41,14.048207338801282,1,,608.1819645732689,621.0,239.0,862.0,377681.0,104.9438900617636,0.3799506744207289,3.19131762602458,0.16710630223944933,-1.1280364303381687,17.801806370857985,12.115363608685122,1.8943835026830946,1.4693579941832229,620.0,93.93562829278945,0.8829596644313626,0.9802371541501979,3.772545615868446
ID23813,23813,11,682.0,177.4295293830773,16.020848573518656,0.0,32.0,32,14.750078210186578,1,,603.6432748538011,613.0,280.0,922.0,412892.0,104.31259305746532,0.3808147859335018,3.1919199731650236,0.09916967965783352,-0.48012854213697903,18.937773867657672,12.021666244754039,1.8203699249269745,1.5753035795617478,683.4999999999999,99.38397736948907,0.8695922013763495,0.9813352476669058,3.8014310164598384
ID22918,22918,11,517.0,174.6106808647951,11.116650532429816,0.0,0.0,0,12.822131500414738,1,,589.4727626459144,583.0,266.0,903.0,302989.0,109.20035522042566,0.3678345218785628,2.9032779317973665,0.19614163079411043,-1.2969069322695421,16.935367890263784,10.978001533959205,-1.316599297058526,1.5426640120131283,516.5,86.5847300319463,0.8657601175064459,0.9754485363550519,3.8098347982734855
ID23942,23942,11,682.0,176.9296568627451,15.048529411764706,0.0,35.0,35,14.712264360219253,1,,601.7588235294118,607.0,328.0,853.0,409196.0,93.50121833815811,0.3745861789208067,3.5076396378155836,0.15865232138582444,-0.31579991784174055,18.585067534334765,12.026247127324183,1.8135817005875066,1.5453754889261042,679.9999999999999,100.28646920774433,0.8496383248968539,0.9665955934612649,3.84581053687299
ID22856,22856,11,586.0,173.5731018910528,13.262630539091164,0.0,6.0,6,13.709922968110666,1,,589.1962774957699,595.0,265.0,947.0,348215.0,108.11408939219038,0.3637404077671693,2.907150636458505,0.398203517442786,-1.0920545508133372,17.985016336187538,11.551106354183146,-1.3325073515715191,1.5569951297067228,590.4999999999999,92.47737259675267,0.8676784298994195,0.9841666666666663,3.805620969155793
ID24008,24008,11,662.0,177.18556311413454,13.222852103804485,0.0,38.0,38,14.51075427779609,1,,588.8268072289156,594.0,253.0,888.0,390981.0,102.71248132655737,0.3764584463827242,3.135799516617541,0.18223818186822383,-0.9974328539230859,18.544827802028415,12.334932991332565,1.9037119656473318,1.503439687516696,661.5,96.82865192845854,0.8866086038128299,0.9865771812080537,3.7647744397822507
ID23625,23625,11,582.0,176.77280550774526,12.593230063109582,0.0,25.0,25,13.599192765483634,1,,618.6907216494845,627.0,333.0,912.0,360078.0,109.95081305156572,0.3820243861260125,3.1108604801336344,0.2786173383908787,-1.2918812328847953,18.32338297344199,11.355406578904024,1.8526589609665118,1.6136263238238437,581.0,92.27779517262482,0.857415989111224,0.9781144781144782,3.828328028505363
ID23881,23881,11,667.0,177.16016991504247,14.959270364817591,0.0,34.0,34,14.57095378088162,1,,609.943113772455,619.0,318.0,903.0,407442.0,99.50003833502122,0.38308245336263713,3.395785648614585,0.36859635130478746,-0.44198396269067936,18.727125072644412,12.012751303071584,1.8392050125273052,1.5589372159778256,667.0,98.88837325828145,0.8571271119534374,0.9744338933528123,3.82897310397818
ID24009,24009,11,652.0,177.3658505483295,13.046799285896457,0.0,39.0,39,14.422742825867319,1,,594.0733944954128,606.0,257.0,883.0,388524.0,104.47268946426242,0.3768243530554522,3.1126317761201467,0.17610647262073537,-0.969743621729117,18.25582795529893,12.35185200338006,1.9192380578978363,1.4779830547114117,653.5000000000001,96.9093320391134,0.8744284026239351,0.9790262172284644,3.79090415361065
ID23180,23180,11,583.0,176.28512160228897,13.913447782546495,0.0,13.0,13,13.616736345470528,1,,593.115120274914,601.0,320.0,924.0,345193.0,105.69277472053918,0.37703297257392016,3.072972576263409,0.040201404977611335,-1.3712158377457295,18.07844831142128,11.32481559252016,1.6744769265978199,1.5963569705595713,582.5,92.9710587638308,0.8468573090130246,0.9740802675585284,3.8521200378097755
ID23501,23501,11,588.0,176.86425531914892,12.6622695035461,0.0,22.0,22,13.675052399642826,1,,602.5792163543441,609.0,302.0,895.0,353714.0,104.1456635007239,0.3759972168268334,3.1620594259400594,0.22708380355419958,-0.6970583687013842,16.997511659413256,11.759868331801844,1.8719696517536668,1.4453828206092594,587.5,91.62174779592601,0.879469110819198,0.975103734439834,3.7800246918433147
ID23246,23246,11,515.0,175.71400778210116,11.517185473411153,0.0,18.0,18,12.791062563308351,1,,632.2194174757282,644.0,317.0,957.0,325593.0,104.78137519239117,0.3718864764443665,3.2711913005066884,0.3506598075213326,-1.3345819638170124,16.831280733607947,11.005507501686957,1.8210368371115382,1.5293507119983334,514.0,86.57014334242322,0.8618599697297166,0.980916030534351,3.8184453307371333
ID23377,23377,11,570.0,176.73218997361477,12.165200820873645,0.0,21.0,21,13.452106537471558,1,,608.1164021164021,617.0,296.0,942.0,344802.0,104.80920168937365,0.37738732512608403,3.1794245816370714,0.142752644596718,-1.0623113460935942,17.341951454921098,11.463006065168491,1.7901033633347505,1.512862451291584,568.5,90.57392991957289,0.8708310576039954,0.9726261762189906,3.7987260700964054
ID23570,23570,11,598.0,176.8858024691358,12.75196408529742,0.0,24.0,24,13.750493532712621,1,,614.1450252951096,628.0,288.0,918.0,364188.0,105.23673062518014,0.3868372105846699,3.2556397599861966,0.3388675612861956,-0.9764259275650359,17.750555203745773,11.69375530871373,1.8780714063767814,1.5179516532656325,593.9999999999999,92.30346613520149,0.8761133327484878,0.98019801980198,3.7872570897141
ID23827,23827,11,677.0,177.37466074512707,14.989267209474463,0.0,33.0,33,14.663503268903739,1,,608.3774145616642,618.0,293.0,896.0,409438.0,98.1843059837969,0.38236430716170317,3.4278028637276856,0.06707283494578153,-0.16680058425846006,18.677561045051423,11.839420702929925,1.8456793508578406,1.577573896029326,675.5,98.77688988248151,0.8700105558271299,0.9754512635379061,3.8005169259328153
ID23189,23189,11,579.0,175.9465462883348,13.14488392089424,0.0,15.0,15,13.605043139067009,1,,611.5362068965517,621.0,346.0,879.0,354691.0,103.05601742861636,0.37477953288563565,3.235352635126527,0.07386604982233436,-0.7197159252198225,17.507612500792902,11.237807164425865,1.7443546366569902,1.5579207086071545,581.5,90.96667837237018,0.8830695494536335,0.9814345991561182,3.772310889647775
ID22872,22872,11,539.0,174.88801359283286,12.511430336731543,0.0,2.0,2,13.104510047924535,1,,585.3142329020333,593.0,291.0,931.0,316655.0,106.4113313759277,0.36067043109228875,2.916008565331223,0.14047163965172912,-0.8206935646822994,16.739417077567953,11.141730943755212,-1.3657347784074592,1.502407225777622,539.5,88.1389783333819,0.8727006288688481,0.9782411604714415,3.79465491638973
ID23256,23256,11,594.0,176.2679573512907,13.901234567901236,0.0,14.0,14,13.750493532712625,1,,591.5151515151515,603.0,288.0,898.0,351360.0,107.09116038894565,0.37861870302946365,3.033892177046526,0.18630187551699798,-1.380149032179078,18.250766143230788,11.479220846689957,-1.431250798428977,1.589895898596063,594.0000000000001,93.45656196489865,0.8546271948690217,0.9793899422918384,3.8345691846872576
ID23130,23130,11,562.0,175.02505250525053,13.01995199519952,0.0,11.0,11,13.297411092956994,1,,613.4195298372514,614.0,303.0,901.0,339221.0,102.81555059416574,0.37024402861094063,3.2241774306099344,0.044074368245366397,-0.46697983515082375,16.89909086937793,11.181616688947637,-1.4534810056113403,1.5113280431157756,555.5,88.86572598707353,0.8839451980621774,0.9910793933987513,3.7704419744435276
ID24091,24091,11,637.0,177.33097854526426,12.842490842490843,0.0,40.0,40,14.239501307948768,1,,600.2244897959183,614.0,320.0,853.0,382343.0,97.13476097280522,0.3845224359721615,3.4323432920115704,0.2177174558979584,-1.1398802006248274,18.49032422510262,11.901060678832483,1.9138025171541502,1.5536702756242526,637.0,95.57000871815772,0.8764074185826635,0.98,3.786621613514925
ID22876,22876,11,589.0,173.2306168647425,12.764855687606111,0.0,8.0,8,13.69249878445321,1,,588.835593220339,592.0,293.0,931.0,347413.0,106.2231134665951,0.37401187759138865,3.0178658470992703,0.46456984924206385,-1.040846869690883,17.640956251050614,11.702230668227953,-1.3047542875946414,1.507486628079085,588.9999999999999,91.9246239265969,0.8759139341514359,0.9874266554903602,3.7876881427820317
ID23199,23199,11,577.0,175.7658557775847,14.298146539241241,0.0,16.0,16,13.534671754378515,1,,613.500872600349,624.0,339.0,896.0,351536.0,102.55876065626536,0.3806799815129173,3.298674231257358,0.2634403154241105,-0.8886890616645147,17.941081055877248,11.03982490111827,-1.3884475168208943,1.6251236968495688,575.5000000000001,91.76540038691871,0.8588103392871034,0.9812446717817563,3.8252189611942384
ID22752,22752,11,525.0,175.61121642969985,11.675987361769351,0.0,1.0,1,12.957949874958986,1,,584.0245746691871,583.0,339.0,903.0,308949.0,105.54354875036482,0.35958045138125283,2.9269856053177956,0.21602557482078025,-0.9973956649703825,16.49012575010281,11.111138330109023,1.877636407523131,1.4841076818761023,527.5000000000001,87.25072847013588,0.8707514467561044,0.9714548802946595,3.7988997206211317
ID23971,23971,11,665.0,176.87909477369342,14.068892223055762,0.0,36.0,36,14.565491380022044,1,,603.2417417417417,612.0,307.0,928.0,401759.0,95.14516079879174,0.3772133232801352,3.4731255646659522,0.19588554573748065,-0.625745746797184,18.80714196055861,11.917256271114097,1.8677013975600374,1.578143620704433,666.5,99.18045674193377,0.8514473729684501,0.9758418740849193,3.8417228176769673
ID22759,22759,11,582.0,174.34650630011456,12.831615120274915,0.0,5.0,5,13.610890997982688,1,,582.8353344768439,590.0,223.0,912.0,339793.0,108.10143982521616,0.3687616448321069,2.90510816333873,0.46681056000379084,-1.1090199177283695,17.758997294386514,11.485489742048477,1.835093347597252,1.5462115846371507,582.0,92.03758627847901,0.8633808416409439,0.9864406779661019,3.8150806939010806
ID23655,23655,11,626.0,176.93069965416333,14.12223995743549,0.0,29.0,29,14.12165513295608,1,,620.5334394904459,627.0,351.0,894.0,389695.0,100.20386156252958,0.38233773792864295,3.4256558391716356,0.1617400417826684,-0.30443175305654024,17.84848439963541,11.75479025574654,1.8891931665818908,1.5184009251811073,626.4999999999999,94.88431992571124,0.8744642131965484,0.9781420765027319,3.7908265313156044
ID23272,23272,11,587.0,176.3740359897172,12.671950871179662,0.0,20.0,20,13.628419519087377,1,,603.4854202401373,609.0,290.0,914.0,351832.0,105.41312628208897,0.37604942122804863,3.129053415806787,0.24039988003582638,-0.68688887809002,17.23270962384679,11.760239627604319,1.7534049548994048,1.4653366061859123,583.4999999999998,92.13892719112262,0.8637029875503482,0.9831508003369837,3.814369148798965
ID23657,23657,11,634.0,177.01455026455028,15.076190476190476,0.0,28.0,28,14.161046158239445,1,,615.4285714285714,622.0,325.0,994.0,387720.0,110.16461368177113,0.3846069508237036,3.1035314859512124,0.4507730850401374,-0.7702225131246273,18.907403302764486,11.560911864174333,1.9025128287383797,1.6354595143447044,630.0,95.46754027731026,0.868638245807513,0.9859154929577463,3.8035178467408253
ID23280,23280,11,583.0,175.6815578465063,13.25257731958763,0.0,17.0,17,13.610890997982686,1,,618.5256849315068,625.0,296.0,874.0,361219.0,101.47990375310441,0.3821565203737685,3.370479848679687,0.09324650990018356,-0.6507120148856066,17.84653751308432,11.146679160460087,1.826790049495849,1.601063173719956,581.9999999999999,92.98884784014166,0.8458066887090087,0.97,3.8545117542481946
ID23536,23536,11,585.0,177.28064146620846,12.662943871706759,0.0,23.0,23,13.610890997982688,1,,607.9448275862069,618.0,292.0,902.0,352608.0,105.89798782161999,0.37931684294569074,3.1575086079667725,0.3407572985136999,-1.0956333892146068,17.49690735732842,11.699660807196242,-1.308628856175276,1.4955055232512726,582.0,91.72371487995282,0.8692997952474139,0.9814502529510963,3.802070305848727
ID23600,23600,11,629.0,176.51750198886236,13.413550782285865,0.0,26.0,26,14.14417772323695,1,,599.9698412698413,610.0,259.0,946.0,377981.0,99.97822041826608,0.37671109090180477,3.2841244734041863,0.31061814122189324,-0.9658396614531884,18.716708188898163,11.658246326442635,1.9141229286918229,1.6054479949051932,628.4999999999999,95.99690395359052,0.8570392124652215,0.9851097178683383,3.829169452139446
ID23092,23092,11,560.0,173.73511904761907,12.618154761904762,0.0,10.0,10,13.351162356249091,1,,604.8217468805705,609.0,243.0,933.0,339305.0,101.26075052880681,0.37765438398697476,3.274692339586482,0.398548232280372,-1.5333587330566465,18.252632592006588,11.094958951538436,-1.378323392553665,1.6451284472283392,560.0,90.68310569430535,0.855746477975781,0.9824561403508771,3.8320606304768967
ID23732,23732,11,675.0,176.8279012345679,14.864197530864198,0.0,31.0,31,14.658075357087599,1,,613.3842729970327,622.0,299.0,905.0,413421.0,97.52754381616465,0.38960848796019526,3.5267225685192285,0.24303673720149027,-0.4228394239180395,18.789028290409203,12.049487689554917,1.847803922573966,1.559321754956972,675.0,99.66243012081455,0.8539858832363604,0.9803921568627451,3.8360087238896363
ID22773,22773,11,560.0,173.5,12.545319022063207,0.0,9.0,9,13.339236349084569,1,,602.1144901610018,614.0,349.0,894.0,336582.0,100.27039315303384,0.37603006768772884,3.2819427864220083,0.34917594178274197,-1.178384613280209,17.612538803204956,11.127611113927271,1.8308624002840062,1.5827780664585929,559.0000000000001,90.96525120970539,0.848927545431815,0.9730200174064406,3.847420186152018
ID22838,22838,11,592.0,173.2119027424371,13.101074356799547,0.0,7.0,7,13.698309308281244,1,,586.3972835314091,597.0,233.0,924.0,345388.0,105.68198537794689,0.365287339610647,2.969145903719353,0.27641024653563595,-0.7475713607381957,17.444924407923207,11.637555098444457,-1.2946221342455209,1.4990197047707208,589.4999999999999,91.83696464798662,0.8783318493401046,0.9857859531772574,3.782471082596596
ID23737,23737,11,648.0,177.28956880970824,14.512135295636458,0.0,30.0,30,14.33419099676145,1,,616.9518633540373,621.0,289.0,911.0,397317.0,95.3987417042909,0.3823439932660748,3.5774763501631606,0.11836979812502137,-0.43032091041928267,18.466703564636365,11.565726674419743,-1.2833296493732003,1.5966747342801828,645.5000000000003,98.16917150019013,0.8416971546906962,0.9728711379050495,3.8639100036014593
ID23163,23163,11,580.0,175.47864357864358,12.861038961038961,0.0,12.0,12,13.558169466087197,1,,596.0623916811091,608.0,256.0,921.0,343928.0,105.55866386605413,0.3730457022111149,3.0683498801392157,0.024402866467184765,-0.7366392401755564,17.22156123390313,11.59957814874081,1.7127811645343936,1.484671340032535,577.5000000000001,90.68619618919342,0.882428407782309,0.9838160136286205,3.773681055505853
ID23355,23355,11,601.0,175.37866224433387,13.082642343836373,0.0,19.0,19,13.85427231466257,1,,605.1708126036484,610.0,294.0,934.0,364918.0,106.16641645967927,0.3775219162944164,3.124384414229019,0.3494860328021546,-0.8413692163883743,17.80075033418859,11.72408550983548,1.8504304725828917,1.5183060818905936,603.0,93.19112410005225,0.8725253938234493,0.9765182186234821,3.795035950080956
ID22783,22783,11,562.0,174.22325925925924,12.456444444444445,0.0,4.0,4,13.380930871145784,1,,584.7170818505338,587.0,265.0,886.0,328611.0,105.26753977607079,0.36605232422165557,2.97685127894238,0.1578830910494897,-0.7331222345882963,16.972777270480222,11.413542276470702,-1.3289083035948481,1.4870735884923316,562.5,89.20216718034506,0.888344830243453,0.9851138353765324,3.7610936068401357
ID23615,23615,11,645.0,176.7418149007476,14.202500644496004,0.0,27.0,27,14.345289868727669,1,,610.7569659442725,618.0,353.0,988.0,394549.0,103.21062113824073,0.3796543708130517,3.256807847961978,0.17291930868681,-0.6803868110873205,18.504512320672116,11.706893689192015,-1.298488631303077,1.5806509234602317,646.5,96.89964916465964,0.8652348107137448,0.9817767653758542,3.8109911482033967
ID22753,22753,12,207.0,232.60522088353414,2.453413654618474,0.0,1.0,1,8.127072128579673,1,,598.1634615384615,595.0,436.0,788.0,124418.0,59.589839709933095,0.35360214355886255,5.244468907110816,1.5886844535255007,-0.9407556066827693,14.908320280247514,6.999295955575495,0.04371907815739595,2.129974268107902,207.49999999999997,67.938613403762,0.5649299599840819,0.990453460620525,4.716367394881147
ID22787,22787,12,156.0,230.8956989247312,1.7301075268817205,0.0,4.0,4,7.024103669400641,1,,588.671052631579,585.0,460.0,767.0,89478.0,58.73205250063724,0.33577349854835004,5.0389620840854406,0.5754979556713318,-1.5709476079773639,12.688739247731254,6.097120478025523,-0.054143188330568644,2.081103578888168,155.0,61.34504039891338,0.5175861523628682,0.9509202453987732,4.927352218071189
ID22790,22790,12,159.0,230.84067085953876,1.9360587002096434,0.0,3.0,3,7.1141599576634995,1,,591.632911392405,588.0,456.0,737.0,93478.0,52.02563728988672,0.3364875832300601,5.726233144897878,0.4599617455101697,-0.8259497252539689,12.692609598083544,5.562489823484082,0.03285709660800373,2.281821630395989,159.0,57.95467869310502,0.5948808430281736,1.0000000000000002,4.596104983735248
ID22760,22760,12,162.0,230.72222222222223,1.7602880658436215,0.0,5.0,5,7.180961047225789,1,,585.0184049079754,581.0,437.0,751.0,95358.0,59.57519083370254,0.35758755204935316,5.17307324823979,0.6111846657041341,-1.5505695596211833,13.216345668552776,5.993535105877244,3.0557844254748012,2.2051002346833446,162.00000000000003,62.205465219827374,0.52609938453468,0.9642857142857144,4.887322920422651
ID22924,22924,12,186.0,231.6006647673314,3.5617283950617287,0.0,0.0,0,7.474181227750319,1,,587.3977272727273,585.0,420.0,802.0,103382.0,61.85901754754961,0.3442103325464231,4.86313037673833,0.6965833691319933,-2.870782046595614,13.259874501516846,7.933387077825352,3.084341340912327,1.6714014293566468,175.5,61.685132340404564,0.5795968055567313,0.9943342776203966,4.656310579814011
ID22877,22877,12,205.0,231.3716707021792,2.4128329297820823,0.0,2.0,2,8.107465170875098,1,,588.3883495145631,588.0,406.0,757.0,121208.0,55.80291678882619,0.34627967254945624,5.42411477063778,1.042512345397275,-1.108545024865386,14.524027740708695,6.953892489511852,0.03515245033591144,2.088618390723531,206.50000000000009,66.73961821595243,0.5825892733548496,0.988038277511962,4.644336622334228
ID23072,23072,13,900.0,438.03403625601186,306.35386607473174,0.0,0.0,0,16.93508805561977,1,,1148.392896781354,1177.0,259.0,1816.0,1034702.0,266.25651147914436,0.6723488229185438,3.468071445370794,-0.03001179382815077,0.07653503986950924,19.455693755101695,14.845697095448068,2.7801860681673816,1.3105274632787116,901.0,111.65884018293924,0.9081308516692289,0.9793478260869565,3.7198953046679324
ID22817,22817,13,895.0,438.38951521984217,306.3136039083052,0.0,1.0,1,16.80300178673508,1,,1151.284745762712,1174.0,382.0,1775.0,1018887.0,241.76719815588967,0.6725523452012717,3.829673427577236,0.013111037250307229,-0.14631874967163694,19.09485472682862,15.208634794065507,2.736448323822591,1.2555272044719974,887.0000000000001,112.5073878145986,0.8805852386580612,0.9678123295144575,3.777628371573121
ID22913,22913,13,891.0,434.57734082397,307.79794007490636,0.0,9.0,9,16.83139324903241,1,,1153.164229471316,1189.0,329.0,1724.0,1025163.0,248.6278062915946,0.6780022336043265,3.7480903384369677,-0.13758210271165627,0.17298282147853278,19.291470714640305,14.950712763182512,-0.36490352645916246,1.2903378601552231,890.0,110.88308433955288,0.9096394250118676,0.9801762114537445,3.7168094316624343
ID22853,22853,13,954.0,436.31009365244535,307.0780437044745,0.0,5.0,5,17.489877089980443,1,,1077.951194184839,1121.0,328.0,1636.0,1038067.0,233.47177863735504,0.6580866840113844,3.6649712609454874,-0.002875159202455155,-0.44416111078511955,19.517928422407802,16.379462486753223,-0.12283672801746673,1.191609824693136,960.9999999999999,114.29698551732629,0.9244080076209966,0.9856410256410255,3.6869995328169773
ID23020,23020,13,938.0,435.7561515312445,306.47291556027614,0.0,7.0,7,17.31152095692458,1,,1094.9077412513257,1142.0,324.0,1724.0,1032498.0,243.24855787041992,0.6641593641851259,3.592813178010323,-0.0026172996516477835,-0.26543559429970065,19.681110246711647,15.59550231014022,-0.18237655953673562,1.2619734751291054,941.4999999999999,115.28741576664214,0.8901565251344327,0.9716202270381836,3.757264266468822
ID23117,23117,13,878.0,434.5890280941534,306.62452543659833,0.0,10.0,10,16.717538098337574,1,,1164.976109215017,1195.0,269.0,1897.0,1024014.0,265.3706534472876,0.6819459827944271,3.559852899691662,0.013396895737171437,0.10188715749035014,19.014923386614683,14.865644588698967,-0.36500997046057815,1.279118660018957,878.0,109.48852179851148,0.9203800472482813,0.9821029082774049,3.6950586356315465
ID23150,23150,13,837.0,433.9267146570686,308.4764047190562,0.0,11.0,11,16.288378990378064,1,,1217.9783913565427,1236.0,269.0,2064.0,1014576.0,278.4620183909317,0.692124074545836,3.578123808362569,-0.02984966459010871,-0.09415280300406581,18.514906317439173,14.564738335855193,-0.44736028594319427,1.2712144832605425,833.4999999999999,108.50193079337635,0.8896937406140771,0.9703143189755529,3.758241331725154
ID23025,23025,13,951.0,436.2577355836849,306.8398382559775,0.0,6.0,6,17.371176474327626,1,,1092.5432489451478,1128.0,314.0,1751.0,1035731.0,233.81106648706708,0.6620022858294295,3.722472026762915,-0.10713402732302695,0.0855669040473438,19.207259562609323,16.02529200404214,3.0674010753802525,1.198559100062862,948.0000000000001,114.72051182753079,0.9051822923704114,0.9733059548254622,3.725949010305318
ID22934,22934,13,944.0,436.60883639545057,306.27305336832893,0.0,4.0,4,17.412356721307447,1,,1086.7166841552992,1119.0,286.0,1642.0,1035641.0,233.06238458833732,0.6620085184987335,3.714535191447272,-0.03257965825386597,-0.07353662945490436,19.769640153201923,15.508898052289329,-0.17540447715120513,1.2747288741306575,952.4999999999999,114.72902100329017,0.9093441410112909,0.9804426145136386,3.717412847479715
ID23190,23190,13,880.0,434.6851430737161,309.84868296380523,0.0,12.0,12,16.7318123614462,1,,1178.9442548350398,1194.0,292.0,2111.0,1036292.0,310.74433797895017,0.6823775204507343,3.077664652139209,0.1008598305460794,-0.08260665360416725,19.069491755529032,15.000237638532521,2.7651959493323277,1.2712793100386246,879.4999999999999,110.22335515004809,0.9097005443202816,0.9772222222222223,3.7166845704434497
ID22935,22935,13,929.0,436.59708042271177,306.33360200608996,0.0,3.0,3,17.210094395267483,1,,1105.1286173633441,1140.0,312.0,1700.0,1031085.0,245.43876050160173,0.6654363924248636,3.5981409327207055,0.08401085261416735,-0.08094599742312845,19.536874719188372,15.198823927027183,-0.2403805043053691,1.285420162309209,930.5,114.19591833409314,0.8966543893262561,0.9758783429470371,3.7436254635234523
ID23035,23035,13,926.0,437.2071415722252,306.2889908256881,0.0,2.0,2,17.17306348760413,1,,1110.195464362851,1149.0,303.0,1664.0,1028041.0,245.45510212212764,0.6649790138583663,3.6129051170971698,-0.001179514969488317,0.10000790491653534,19.686562725539822,15.372839561885645,2.8274617989462447,1.2806067900655989,926.5000000000001,113.97849294800692,0.8962093427848328,0.9701570680628273,3.744554867345242
ID23260,23260,13,550.0,434.42545454545456,315.59666666666664,0.0,13.0,13,13.231418571003069,1,,1602.8430656934306,1526.0,672.0,3690.0,878358.0,594.355411839196,0.6543164120154626,2.1332610912178107,0.012534707843231113,0.02442881864778372,13.799448893452347,12.924318173357152,-0.7734254233982117,1.0677119449054755,550.0,85.09972783621473,0.9543687520950446,0.9874326750448833,3.628664587269692
ID23039,23039,13,924.0,435.07652329749106,307.1,0.0,8.0,8,17.205469890442554,1,,1107.8345864661653,1153.0,277.0,1667.0,1031394.0,254.68035738332605,0.6703103503123534,3.4913084361333078,-0.008247880022401352,-0.025064358577998436,19.173236388444217,15.707913867509514,2.855129488596832,1.2206099772486292,929.9999999999999,112.717694070851,0.9198322271523267,0.9804955192409067,3.696158796082789
ID23296,23296,14,731.0,313.39636238846947,25.490848776023793,0.0,17.0,17,15.227893882112902,1,,378.4271978021978,379.0,236.0,519.0,275495.0,49.98957444930337,0.31577017242006006,3.633489964637377,0.025805816818011147,0.053676448584135596,19.068359097181162,12.265081823672354,-1.1191119891983206,1.5546866601719744,728.5000000000001,104.84426741809831,0.8328178810970562,0.968106312292359,3.884453361043452
ID23744,23744,14,797.0,316.7249424565809,20.132140615191464,0.0,31.0,31,15.92274550275138,1,,368.81053952321207,367.0,241.0,505.0,293942.0,47.392676843866305,0.2851518232567566,3.45337543876382,-0.05030941770746672,-0.0233744084239474,19.430436561861086,13.177185876201557,-1.1089282652283667,1.474551299830498,796.5,108.167397892422,0.8554662483761843,0.975505205143907,3.8326882232605453
ID23622,23622,14,788.0,317.3638407193321,20.328088203810747,0.0,27.0,27,15.74179933788006,1,,368.8595360824742,369.0,214.0,490.0,286235.0,46.865376027896296,0.2776390249354699,3.420670538872063,0.027549105998481205,0.036482217236141035,19.36114946042477,13.083812469105233,-1.0912687354304016,1.4797788875484263,778.5000000000001,104.6446497438398,0.8933762927067578,0.9798615481434866,3.7504874819112395
ID22791,22791,14,732.0,313.9941580756014,25.77720504009164,0.0,9.0,9,15.217438752914626,1,,373.59779614325066,374.0,243.0,512.0,271232.0,46.689887504001476,0.27786082199525214,3.4798076189958196,0.012185854581081254,0.043253621034011425,18.95274324441286,12.4012301764403,1.9402764905831407,1.5282954170481442,727.5000000000003,101.58323401402673,0.8859287422680866,0.97848016139879,3.7662187063398496
ID22792,22792,14,673.0,312.1825160970778,15.251114413075781,0.0,4.0,4,14.63634358033765,1,,383.1041666666667,384.0,212.0,553.0,257446.0,53.2987350131221,0.25079520781266007,2.882458043706638,0.11921098530570234,0.12801513823057395,18.70369286524567,11.753542292324564,2.079973831227397,1.5913239090022908,673.0000000000001,99.0835474343044,0.8614336534370609,0.9789090909090911,3.81939007215523
ID23369,23369,14,744.0,314.0301819795828,23.708388814913448,0.0,19.0,19,15.461265295053535,1,,372.04926764314246,371.0,226.0,506.0,279409.0,47.95883202771872,0.29758289328664866,3.5582356151945627,-0.10596318248906847,0.05030963495039505,19.240371597553228,12.567987552151935,-1.0763728102501844,1.530903139242752,751.0000000000001,104.0843005978658,0.8711227272552499,0.975958414554906,3.7980900713835184
ID23945,23945,14,791.0,317.38003373392365,20.085916086864852,0.0,35.0,35,15.862659456354933,1,,368.81772151898736,367.0,254.0,509.0,291366.0,43.69098412328634,0.2773147683109037,3.6654307080862587,-0.030262863745743624,-0.0351332105871907,19.32654687290324,13.234666230313822,-1.1674485742611607,1.46029726300434,790.5000000000001,105.2830844499119,0.8961785369661661,0.9777365491651206,3.7446192256634654
ID22794,22794,14,646.0,311.9899224806202,14.424031007751937,0.0,3.0,3,14.32863833686038,1,,384.3003095975232,387.0,234.0,549.0,248258.0,54.16514712150886,0.25479610219763077,2.881379234164933,-0.06313024864975787,0.08564383958985292,18.415982315803113,11.24796385205414,-1.0320720861895818,1.637272537325938,645.0,98.47160835390028,0.8358868939498746,0.9728506787330317,3.8773157924954686
ID23754,23754,14,804.0,316.73,20.45145833333333,0.0,30.0,30,15.957691216057308,1,,367.0601503759398,367.0,233.0,495.0,292914.0,47.08193974248113,0.2876806662530118,3.4834965718329727,-0.09763853480776141,0.04114355877580437,19.586193106985593,13.240780595920285,2.0763255394863824,1.479232509374896,800.0,105.23410526582919,0.9077929908896025,0.9870450339296731,3.720587472278339
ID24074,24074,14,821.0,318.7744498777506,18.737367563162184,0.0,37.0,37,16.13621662281282,1,,368.54846625766874,368.0,243.0,495.0,300367.0,47.77596462193406,0.27410720906093,3.3191709750788925,-0.05723628476564975,0.11217834195910399,19.89993622583062,13.295691469756314,-1.1268935157791338,1.4967206685787624,817.9999999999999,106.51644551348927,0.9060034193597334,0.9891172914147518,3.7242601806846043
ID24138,24138,14,794.0,318.8448782535684,18.65869017632242,0.0,41.0,41,15.897737248738572,1,,372.88413098236776,370.0,243.0,521.0,296070.0,50.04869432205212,0.278141259004789,3.2426323174903935,-0.10475348665774521,0.06354997957663139,19.32603207920518,13.485242542221767,2.0214069282286005,1.4331245447529868,794.0000000000002,105.97860703302972,0.8883701401139471,0.9875621890547265,3.761040029245711
ID24011,24011,14,792.0,319.140911969601,16.517099430018998,0.0,38.0,38,15.852622973568216,1,,368.56361323155215,367.0,232.0,524.0,289691.0,46.05141573151652,0.2561195539633132,3.2637074818700245,-0.02148967879186971,0.028216340506605198,19.298137120659394,13.18480333698438,-1.0994998757894556,1.4636651474752487,789.5000000000002,106.18488051234651,0.8799067169750409,0.9813548788067126,3.779084610491083
ID24012,24012,14,792.0,318.74779874213834,17.961844863731656,0.0,39.0,39,15.907745268142609,1,,369.84150943396224,367.0,232.0,513.0,294024.0,48.46409289345818,0.27190024814636177,3.2627373313124295,-0.06148507822826652,-0.006778780158164206,19.41725329070022,13.230251244652118,2.08145933656501,1.4676405558472663,794.9999999999999,105.57870326178782,0.8962400464282153,0.9851301115241637,3.7444907257894005
ID23823,23823,14,805.0,317.17990895923856,19.379784812745704,0.0,32.0,32,16.012451821037384,1,,368.98759305210916,368.0,233.0,510.0,297404.0,49.24535953710295,0.27868662716375325,3.2660922937506336,0.035429909086429234,0.023300376035116435,19.373507614346167,13.336069517831547,-1.0854913335270635,1.4527149538656807,805.5000000000001,105.75361218257575,0.9050758735592345,0.9895577395577395,3.7261680523884237
ID23504,23504,14,766.0,314.3960244648318,22.31061598951507,0.0,22.0,22,15.584301176447799,1,,371.9621409921671,371.0,196.0,514.0,284923.0,49.392438124746455,0.30264632620566645,3.4992676147254187,-0.01707911521286228,0.016006477894375922,19.47060255280517,12.69447229201398,-1.0158109429618982,1.5337858955392745,762.9999999999999,105.28034382003314,0.8650472161242896,0.9794608472400512,3.811404352564493
ID23633,23633,14,777.0,316.82131358660655,20.434749946340418,0.0,25.0,25,15.721565654276086,1,,374.14857881136953,375.0,253.0,509.0,289591.0,49.3360039440809,0.2787178110166296,3.3059793270220297,0.02807881909621689,-0.004890745759175097,19.19709778164075,13.062695969267935,2.016524395452761,1.4696122321766478,776.5,105.22651607590565,0.8812536743090724,0.9804292929292928,3.7761954240797357
ID22866,22866,14,745.0,313.0200358182225,22.248153122901275,0.0,7.0,7,15.394210283864261,1,,370.6509433962264,369.0,226.0,514.0,275023.0,49.24891463678131,0.25347537958529676,3.043816140825005,-0.005926345148137122,-0.036373932564523995,19.173974137616042,12.522840209219195,1.9653750945774675,1.5311202424750534,744.5,102.3622205637349,0.8928842637638296,0.9867461895294896,3.75152070330043
ID23890,23890,14,797.0,317.5530586766542,19.031419059508945,0.0,34.0,34,15.967661658277219,1,,366.6334164588529,368.0,247.0,498.0,294040.0,45.68242742378592,0.2725974335115016,3.438298582063218,-0.01345635009692887,0.03263263517131507,19.449869958751595,13.298237832510154,-1.0643031729970784,1.462590021604409,801.0000000000002,105.818792463144,0.8989111707788855,0.9846342962507686,3.738923189192187
ID23188,23188,14,728.0,314.3375715922108,28.657846506300114,0.0,13.0,13,15.217438752914623,1,,380.45454545454544,381.0,234.0,561.0,276210.0,48.72586228249234,0.3006725420906507,3.609932128890492,-0.06327053214256727,0.02071241637499503,18.6182770631059,12.605033852513891,-1.1561478635800015,1.4770509370264606,727.5000000000001,102.32050548695176,0.873207601495233,0.97979797979798,3.793553193570268
ID23573,23573,14,749.0,315.93215634021766,21.2550521874306,0.0,24.0,24,15.456117545520117,1,,376.5133333333333,375.0,231.0,542.0,282385.0,49.75917123893243,0.2891694148183553,3.394529445668491,0.043396446855424514,0.008416069094550406,18.87838305949123,12.89847764627061,-1.0753834419540342,1.4636132710552563,750.4999999999997,102.88092875688275,0.8910268850009296,0.979125896934116,3.7554287601271477
ID22874,22874,14,706.0,312.52201704545456,20.10748106060606,0.0,6.0,6,14.969641274038217,1,,377.8742857142857,375.0,254.0,529.0,264512.0,48.331931366518184,0.25281507560070016,3.1554345888210524,-0.045363215985390296,-0.10659578521152387,19.477600125783358,11.800454980362288,1.938482211555955,1.6505804359405618,703.9999999999998,101.53066421082833,0.8581991271575665,0.9770992366412211,3.826580885260035
ID23258,23258,14,736.0,313.5286036036036,24.298873873873877,0.0,18.0,18,15.347615963921081,1,,376.6514131897712,376.0,221.0,537.0,279852.0,50.46338797215495,0.30826501447219,3.517399547890011,0.1002021998374781,0.07821089587563593,18.947609299112607,12.792180845764825,-1.103877660510677,1.4811867911784324,740.0000000000002,102.0263659376151,0.8933399336445091,0.9899665551839466,3.7505638038214104
ID24092,24092,14,795.0,318.8205531112508,16.60098470563587,0.0,40.0,40,15.912746917462288,1,,370.6141235813367,370.0,184.0,513.0,293897.0,50.15168811191311,0.26316688649299363,3.0791930329194783,-0.08161991526785678,0.02716840630959363,19.32838186736651,13.259931198122457,2.0730179758266547,1.4576532546491128,795.5000000000002,107.13673207990674,0.8709099604158212,0.9766728054020875,3.7985539874638916
ID22941,22941,14,518.0,312.61895551257254,13.145067698259188,0.0,0.0,0,12.828336258339185,1,,403.91844660194175,402.0,285.0,547.0,208018.0,48.04882760440816,0.2654564386430495,3.5268496951120527,0.1432384232669944,-0.3914687990521776,16.478692021426596,10.433195537066945,2.2098154579821405,1.579448210558431,517.0,87.37984965118862,0.8508986230955246,0.9736346516007532,3.84296139361973
ID23133,23133,14,739.0,313.44009530292715,28.418765600181526,0.0,11.0,11,15.29047453161589,1,,379.6211096075778,379.0,254.0,511.0,280540.0,50.5065654951581,0.2925526440423164,3.4024229575953404,-0.04923451416115369,0.040016724620313894,18.810514829568938,12.695359141054277,-1.1917714402416966,1.4816843399679382,734.4999999999998,101.35092903700792,0.898558167527694,0.9812959251837006,3.739657544789411
ID23839,23839,14,795.0,317.0234800838574,19.20062893081761,0.0,33.0,33,15.907745268142609,1,,371.08060453400503,371.0,230.0,508.0,294638.0,49.50352301664037,0.2777266352410513,3.2586800970426553,-0.013404146134979247,0.041757324092473715,19.713036661722647,13.101542268210672,2.0404059628104467,1.5046348176545579,795.0,105.8569319432277,0.8915349793156851,0.9839108910891088,3.7543584802238996
ID23200,23200,14,753.0,315.0992907801418,27.886081560283685,0.0,15.0,15,15.471555655790098,1,,373.56233421750665,372.0,248.0,504.0,281666.0,48.13490297953906,0.3057796776921742,3.634726092321987,-0.0010416850531673326,-0.09029275763600543,19.09152757571212,12.778234731974626,-1.1812211893347675,1.4940661191596296,751.9999999999999,103.82147534480998,0.8767046548548434,0.9798045602605863,3.7859796546173943
ID23393,23393,14,750.0,314.4621465152527,22.258628367846804,0.0,21.0,21,15.435509379627463,1,,376.06408544726304,374.0,248.0,507.0,281672.0,49.322616379257134,0.30371156505104907,3.5524302607691185,0.03255212415913379,0.023194009796806955,19.283959397911048,12.529411297733832,2.1035778203441846,1.5390954083691784,748.5000000000002,103.83886911614503,0.8723319301271679,0.9809960681520319,3.795456753764856
ID22754,22754,14,575.0,314.25938763720393,12.190930098209128,0.0,1.0,1,13.552298857686367,1,,395.90277777777777,397.0,266.0,555.0,228040.0,48.99456146492283,0.2578955476030815,3.313369988855527,0.10782945209891785,-0.0586708289080955,17.31636711542365,10.928977885287061,2.1978535485213646,1.5844452516218828,577.0,92.39336054306926,0.8493841449396968,0.9763113367174281,3.8463859271969354
ID22886,22886,14,586.0,313.33732876712327,13.201484018264841,0.0,2.0,2,13.634257351661432,1,,396.41337907375646,396.0,262.0,537.0,231109.0,52.85513781921962,0.260403083137387,3.099044088565871,-0.0601243039511051,0.15569577139410642,17.46148274432679,10.875494914710668,-0.996504629073192,1.6055805166813724,584.0000000000001,93.20113716885693,0.8448513230138384,0.9790444258172678,3.8566904972691507
ID23976,23976,14,766.0,317.45613463626495,19.932138979370247,0.0,36.0,36,15.630189942737719,1,,371.4693611473273,371.0,241.0,507.0,284917.0,46.418448518959146,0.27742725297952614,3.4759643875880926,0.02080792740575863,0.1204374664756942,19.20739879548259,12.927328737495545,-1.2046697361117753,1.4857979699836816,767.4999999999999,103.49635767353357,0.9004054522337975,0.9858702633269106,3.735819407727102
ID22762,22762,14,712.0,312.1858291932813,16.793115684882896,0.0,5.0,5,14.974956254242631,1,,375.38264580369844,376.0,211.0,525.0,263894.0,53.27130565412457,0.24163450496646202,2.7426855798564493,0.0049913866306337375,0.08975845038931014,19.292059801094105,11.77234084594426,-1.1553130330637722,1.6387615728727813,704.4999999999999,101.39408491886999,0.8611238570575364,0.9805149617258176,3.820077038847838
ID23212,23212,14,718.0,314.9074592074592,26.918648018648017,0.0,16.0,16,15.086138293858053,1,,381.9382889200561,379.0,249.0,515.0,272322.0,48.00224252592301,0.3114872768602398,3.7795308730667676,-0.009305239417295639,0.021631370510874378,18.825681348906688,12.408408224484562,-1.156243006712244,1.517171341265144,715.0000000000001,101.04166105913848,0.880065409416633,0.9855272226051,3.77874387490785
ID23277,23277,14,772.0,314.85330756013747,27.699957044673543,0.0,14.0,14,15.716503163191918,1,,374.458064516129,374.0,216.0,541.0,290205.0,53.428964493943354,0.3049959528734598,3.2759807292233325,0.10806648094942722,0.02187303900047267,19.323966836595783,13.070320793516425,-1.164516063848261,1.4784615574379398,776.0,105.46427888926725,0.876719790700771,0.9810366624525915,3.7859469735642954
ID23539,23539,14,732.0,314.9891156462585,22.017687074829933,0.0,23.0,23,15.295678028289108,1,,376.6013605442177,377.0,244.0,499.0,276802.0,48.024803404236955,0.302390171896436,3.6414373817936214,0.02067177229291188,0.02995193840894779,18.763834533311158,12.694820299366532,-1.0389851043166396,1.478070117640615,735.0000000000002,101.15780302072737,0.9026064358953413,0.9826203208556152,3.731261775601975
ID23667,23667,14,814.0,316.81756756756755,19.836199836199835,0.0,29.0,29,16.096715421277892,1,,366.0024600246002,367.0,217.0,512.0,297560.0,51.68769892867947,0.28185355722149935,3.1139519664561424,-0.06578961583244747,-0.032633219347499624,19.769048859477422,13.48651439976663,-1.0917574235555094,1.465838264319764,813.9999999999999,106.4090576463404,0.9033937355341098,0.9860690490611749,3.7296355404183386
ID23605,23605,14,762.0,317.2025206431986,20.419600173837463,0.0,26.0,26,15.625097846188593,1,,371.3385416666667,371.0,232.0,531.0,285188.0,47.34912880839016,0.27723971700278266,3.4046389434772544,0.06224297962260661,0.08542677870110124,19.09046787195722,13.018290721739845,2.039201741534388,1.466434286958822,766.9999999999999,103.07952409367054,0.9071109686093445,0.9877656149388278,3.721985893668813
ID23669,23669,14,774.0,317.010301453047,19.824875298199956,0.0,28.0,28,15.640369162275011,1,,370.0443864229765,368.0,235.0,512.0,283454.0,46.731698257620934,0.2829308645255847,3.492603825397817,0.02533489806131641,0.07028845786649611,19.17655744108731,13.024146189576705,-1.0484151902816488,1.472384996448705,768.5,103.55644904299804,0.9005325928316418,0.9896973599484868,3.735555679860633
ID23289,23289,14,751.0,314.490635451505,22.477257525083612,0.0,20.0,20,15.425194971940662,1,,375.24697986577183,374.0,249.0,527.0,279559.0,47.9389530552472,0.30148928420674465,3.6265188568462245,0.03407915876501029,0.01995173887170483,19.34830950394207,12.464870709921387,-1.0650069721596427,1.5522270510629383,747.4999999999999,104.72280595694238,0.8565219962833266,0.9777632439502943,3.830325411657759
ID22907,22907,14,737.0,312.96662109820005,25.656071998177264,0.0,8.0,8,15.259216288638251,1,,375.2964480874317,374.0,243.0,509.0,274717.0,48.045957689426466,0.275104653449619,3.370541674310654,0.07040576051631074,0.028748520020761077,19.023073276260313,12.61224445959718,-1.2047506023614043,1.5083019788587166,731.5000000000001,102.99636442669612,0.8665236173849981,0.9785953177257527,3.8081559926572335
ID23100,23100,14,726.0,313.9628231525966,27.75714939373141,0.0,10.0,10,15.2278938821129,1,,380.08653846153845,378.0,272.0,509.0,276703.0,46.84657782913424,0.28977810701836326,3.6457357202947365,-0.06736005660742399,-0.012507851015697536,18.832606783559154,12.547126394621307,-1.1876622721519674,1.5009497944989463,728.5,101.103084973679,0.8955928241023046,0.9871273712737124,3.7458435058899147
ID23166,23166,14,742.0,313.84795321637426,28.495726495726494,0.0,12.0,12,15.35798247369064,1,,376.13189771197847,376.0,226.0,508.0,279466.0,47.92195297410212,0.29357848243548007,3.5626002211333243,-0.028861292269211258,0.047895512766991596,18.898915880318345,12.686933262316717,-1.2110385171928169,1.4896362650895887,740.9999999999999,101.98020750866183,0.8953571154818223,0.9879999999999997,3.7463365323530877
ID22849,22849,15,569.0,451.08720420683613,9.756208004674264,0.0,7.0,7,13.475748219221543,1,,788.4499121265378,792.0,361.0,1132.0,448628.0,140.9603931392472,0.43130079340787825,3.370981332196483,-0.3109797321971757,-0.5554765834787293,15.465019623380911,13.29871470522908,0.6739253202458999,1.162895811074136,570.5,88.75493074201879,0.9100820190886006,0.9973776223776224,3.7159055362672992
ID23363,23363,15,640.0,449.38880187940487,10.521143304620203,0.0,19.0,19,14.256256953644963,1,,767.0375,766.0,309.0,1126.0,490904.0,129.2255921929602,0.42649662049638787,3.549301630482729,-0.11753549347977638,-0.7242678072335434,16.546836134836923,13.517805261302676,0.7909250394576668,1.2240771201376477,638.5,94.34701359612517,0.9013935580226762,0.9922299922299922,3.7337712474495555
ID23619,23619,15,613.0,451.4385245901639,9.822950819672132,0.0,27.0,27,13.934454799959427,1,,802.1901639344262,803.0,311.0,1122.0,489336.0,126.12600849164888,0.44057218570638146,3.8903146341332073,-0.325919521596996,-0.8427716533787256,16.22711684345282,13.335786623143044,0.5909689494941708,1.216809874214104,610.0,92.46970574780292,0.8964802944099948,0.9926769731489016,3.7439889486590032
ID23748,23748,15,649.0,453.3154121863799,11.217357910906298,0.0,30.0,30,14.395128895068908,1,,778.8135593220339,778.0,380.0,1198.0,505450.0,133.04495690029663,0.4418623435077114,3.5878004043358396,-0.264460328638379,-0.8597222600128542,16.33609446241335,13.792743883675929,0.5287825145361555,1.1843977239182657,651.0000000000001,95.5148706517008,0.8967035080874473,0.984871406959153,3.743522929764147
ID24070,24070,15,631.0,452.76386687797145,9.52324352879028,0.0,37.0,37,14.172280627406865,1,,811.8114104595879,808.0,313.0,1140.0,512253.0,129.33515314039226,0.44119886786719753,3.843076612991585,-0.3132892647948363,-0.9354920681093367,16.9606715959132,13.26140858022321,0.4380399674251958,1.2789494791078768,631.0,94.55878785355956,0.8868199010921428,0.9937007874015747,3.7643259079073013
ID24134,24134,15,662.0,450.85074438556654,9.704642947262176,0.0,41.0,41,14.499782061272294,1,,796.0756429652042,794.0,261.0,1200.0,526206.0,135.79761131613952,0.44317442476513,3.600377731774022,-0.282729904707961,-1.2774062708812226,16.64790088739114,14.097004056315576,0.4397563779076563,1.1809531174769534,660.5000000000001,97.29532598028986,0.8767963455463123,0.9895131086142326,3.7857816906488257
ID23944,23944,15,648.0,453.17824074074076,10.075874485596708,0.0,35.0,35,14.361922094451579,1,,816.0030911901082,826.0,270.0,1155.0,527954.0,147.5915101230379,0.4417125600466035,3.3878290664099713,-0.30098582448510275,-0.5549962764932671,16.734682108555962,13.468866151363294,0.464126231882666,1.242471483530342,648.0000000000002,96.39155744499944,0.8764090933654834,0.9863013698630142,3.786617995471763
ID23820,23820,15,635.0,453.38016745159604,10.88356881214024,0.0,32.0,32,14.239501307948768,1,,788.4458398744113,787.0,443.0,1175.0,502240.0,127.1914405512023,0.44543290608144354,3.8205715313326163,-0.3120389883648047,-0.9401626587712018,16.499458810595062,13.570306989525205,0.5019938860277131,1.215850077918712,637.0,93.88006488777683,0.9082439929464674,0.9922118380062304,3.7196636010633606
ID23629,23629,15,614.0,450.9566395663956,10.75420054200542,0.0,25.0,25,13.991446672986724,1,,789.1739837398374,797.0,429.0,1096.0,485342.0,131.66859730965308,0.44532684659178684,3.6934596099070043,-0.2272863204085616,-0.9391325376388747,16.43977425693279,13.216020531879707,0.5510148542007003,1.2439277176724066,615.0,92.58748134569385,0.9015305319699798,0.9943411479385609,3.7334875916024033
ID24013,24013,15,614.0,452.49294245385454,9.214983713355048,0.0,38.0,38,13.980066885278035,1,,814.3778501628665,817.0,348.0,1165.0,500028.0,128.2650341541355,0.4354491212788301,3.852097600158915,-0.3979516150524396,-0.9317518080557325,16.590581158628126,13.008708543127744,0.34750727655980906,1.2753442129651384,614.0,93.19112410005226,0.8884421091336613,0.994331983805668,3.7608876930140744
ID22798,22798,15,578.0,451.26623376623377,9.9995670995671,0.0,4.0,4,13.558169466087197,1,,778.2755632582322,774.0,279.0,1087.0,449065.0,120.3685831438541,0.4297676618619031,3.8870354833148455,-0.1541612936749034,-0.879002188920682,15.352718887823048,13.267562928233598,0.8959594790967639,1.1571619423151334,577.5000000000001,89.52262694554452,0.9055161853223279,0.9914163090128757,3.7252620083295156
ID23182,23182,15,626.0,448.75132275132273,10.631746031746031,0.0,13.0,13,14.161046158239445,1,,770.108280254777,774.0,250.0,1119.0,483628.0,140.51628792477186,0.4293501877831818,3.292517822002212,-0.3183074026151614,-0.5272813941751208,16.360424361422556,13.384823552018405,0.6947964687341606,1.2223115454484594,630.0,95.22863657541825,0.8730020844127451,0.9828393135725431,3.7939996954282513
ID23886,23886,15,641.0,453.36977950713356,9.886770428015565,0.0,34.0,34,14.300842698005088,1,,805.8662519440124,804.0,239.0,1165.0,518172.0,141.6162407836305,0.4447821301840057,3.503683530166759,-0.3814941471764385,-0.8087806681493405,16.681563974160706,13.431724534310735,0.47023019097449814,1.2419525081495233,642.4999999999998,96.6269056463235,0.8647425954456951,0.9794207317073167,3.812075610321366
ID22863,22863,15,591.0,450.8576683644596,10.031975099037917,0.0,6.0,6,13.692498784453214,1,,777.2699490662139,782.0,256.0,1085.0,457812.0,139.2387227086202,0.42188616353294994,3.3126251621280023,-0.0700156054157061,-0.5804137035805081,15.364029429752648,13.171092387363162,0.6398645921265531,1.1664962159473935,589.0,90.69853517647039,0.8997557125948712,0.9849498327759197,3.737168035954497
ID23503,23503,15,629.0,450.04408260524224,10.48570293884035,0.0,22.0,22,14.155425580062799,1,,780.9157392686805,787.0,284.0,1154.0,491196.0,127.9993688665101,0.43167221116245774,3.6790597411732273,-0.2192041030869596,-0.7056882524642105,16.1728269733366,13.549901435164971,0.7032083425357673,1.1935752485523299,629.5,93.65515620016221,0.9018664130766234,0.9890023566378633,3.732792297540741
ID24015,24015,15,638.0,451.938005742626,9.323283737927435,0.0,39.0,39,14.256256953644963,1,,809.0565149136578,811.0,260.0,1212.0,515369.0,137.4105767849163,0.44310961798521836,3.615767926704384,-0.3726872991444721,-1.233010125059964,16.806602453737515,13.635295170296121,0.33137787407536123,1.232580757793197,638.5,95.63125798069639,0.8773462580973275,0.9899224806201551,3.7845950581356793
ID22800,22800,15,579.0,451.94233534656314,9.934282427379927,0.0,3.0,3,13.581626524224067,1,,774.8771626297578,772.0,256.0,1090.0,447879.0,121.54210087527818,0.42615432688387817,3.810101072884613,-0.338796838670193,-0.8668377937108906,15.53603217777176,13.274700755012109,0.7060575301523045,1.1703489565974468,579.5,91.76439720484132,0.8647983894235858,0.9764111204717778,3.811952636981242
ID22931,22931,15,581.0,453.3945548833189,8.96269086718525,0.0,0.0,0,13.569903063667143,1,,749.7217391304348,751.0,252.0,1113.0,431090.0,128.01861443387628,0.41842669545202354,3.4551703595303787,-0.3512307171269697,-1.097744816364501,15.83672264812303,13.768918838890402,0.5063776353917847,1.1501790978237234,578.5,91.13304977737543,0.8753090502061206,0.990582191780822,3.788996661221513
ID23572,23572,15,609.0,450.58874098724345,10.80393788130893,0.0,24.0,24,13.831277655967225,1,,802.5785953177258,812.0,389.0,1099.0,479942.0,128.86318953884398,0.4471551356348485,3.848857437127812,-0.17377210545683294,-1.0098957491440823,16.02015891465042,13.288245482803632,0.6835693107992826,1.2055887239125864,601.0,90.81568885903752,0.9157197330231727,0.9942100909842849,3.7044492165825122
ID23253,23253,15,653.0,449.0368098159509,10.765081799591002,0.0,18.0,18,14.406180819073164,1,,759.1566820276498,766.0,246.0,1125.0,494211.0,126.06972441063769,0.4258630393432358,3.597019141667612,-0.2193593739379898,-0.5138583194468788,16.741025037485286,13.858834026529994,0.798930133768032,1.207967784695156,652.0,96.63218277967286,0.8774328307625191,0.9886277482941622,3.7844083483662554
ID23192,23192,15,661.0,448.6729512317748,11.258421317244846,0.0,15.0,15,14.527197064122634,1,,763.1361573373676,765.0,268.0,1127.0,504433.0,142.87678388207192,0.4233537372095127,3.177319679459769,-0.3944341923667607,-0.496978504868819,16.87416892082194,14.061363830639102,0.8656798911188879,1.2000378572136692,663.0000000000001,95.22230457297182,0.9188529548604685,0.9984939759036147,3.698127871766927
ID23834,23834,15,660.0,453.1416477129139,10.172226434167298,0.0,33.0,33,14.488801535607076,1,,792.5790273556231,791.0,311.0,1135.0,521517.0,132.1353279283166,0.4357369538853511,3.64085295620898,-0.24877713008349783,-0.9879311734663302,16.616754306115112,13.867228622996766,0.4921581202727823,1.1982750669126967,659.5,96.31065916155389,0.8934617269253409,0.990984222389181,3.7503081638622406
ID23131,23131,15,591.0,449.22675736961446,10.486678004535149,0.0,11.0,11,13.680870333281757,1,,804.4897610921502,806.0,255.0,1105.0,471431.0,137.4569423714084,0.43631217690166035,3.5557590905153877,-0.12154991861622756,-0.5125820414523241,15.478915535960425,12.952131456416044,0.7979834048007816,1.1950863522383954,587.9999999999999,89.11341621439105,0.9304670626427266,0.9957662997459777,3.674975345698989
ID23387,23387,15,638.0,450.11486132914706,10.44662480376766,0.0,21.0,21,14.23950130794877,1,,770.7174254317111,770.0,270.0,1102.0,490947.0,126.47976406480792,0.4304025619293589,3.6670826263746568,-0.13817843906124283,-1.0242050227244481,16.522715499221714,13.811764185377301,0.8827107854130133,1.1962784244980473,637.0000000000001,94.7139646586354,0.892321308220962,0.9868319132455461,3.752703912958176
ID23261,23261,15,642.0,448.33778126635275,11.035845107273678,0.0,14.0,14,14.239501307948768,1,,779.2448657187994,784.0,391.0,1113.0,493262.0,134.06721253741773,0.4259278038831801,3.472320617603305,-0.36476231580038093,-0.7342727781646037,16.24311624899763,13.77003488142432,0.6880556655149902,1.1795987729057593,637.0,93.53012849308229,0.9150529688001116,0.994535519125683,3.7057986162916885
ID24094,24094,15,631.0,451.5306149379783,9.253233043019266,0.0,40.0,40,14.177894523696521,1,,798.3212025316456,803.0,294.0,1197.0,504539.0,133.3901121598091,0.4373671493678543,3.6421889033843207,-0.2728170321402173,-1.2809897609278977,16.338975967966682,13.967284418333355,0.3169283362184456,1.169803340334379,631.5,95.16268584274495,0.8762939979101315,0.98671875,3.7868666609960084
ID22755,22755,15,584.0,453.3989376973873,9.442865345966121,0.0,1.0,1,13.593339873985732,1,,756.5827586206897,761.0,283.0,1104.0,438818.0,121.95417347352252,0.41461274385799074,3.6365942625498966,-0.154211661727109,-0.9054973323939237,15.689614259116112,13.126855556610533,0.6051395871980304,1.1952302050901293,580.4999999999999,91.1892781253329,0.8772523344691978,0.9855687606112052,3.784797652857252
ID23203,23203,15,666.0,448.37828700225396,11.239043325820186,0.0,16.0,16,14.554560428103375,1,,754.5675675675676,760.0,368.0,1123.0,502542.0,134.35206504793965,0.4202139901333824,3.3235369002133166,-0.08396298893037174,-0.510816091265534,16.605595090512736,13.812112666328355,0.8331139283681044,1.2022487429453446,665.5,95.25345095345355,0.9217146414323776,0.9903273809523809,3.6923825415673277
ID23974,23974,15,639.0,452.7603025560772,9.790818988002085,0.0,36.0,36,14.261837794318172,1,,809.0547730829421,814.0,321.0,1185.0,516986.0,136.64136916163764,0.44475677672120184,3.6454701702472563,-0.24465874339828983,-0.7929137530687661,16.400217440795487,13.614325474575447,0.37589078030566836,1.2046294523678498,638.9999999999999,95.77871178788666,0.8753318661735804,0.9883990719257539,3.7889472798433106
ID22888,22888,15,573.0,450.954412195837,9.655379654060392,0.0,8.0,8,13.45210653747156,1,,786.6584507042254,791.0,289.0,1108.0,446822.0,141.40297113540427,0.42754667095185295,3.332352127938876,-0.12060723480418022,-0.4738999682895681,15.294512167837231,12.80794494660072,0.579018980031972,1.1941425600752957,568.5000000000001,89.79671426950681,0.8859708671264758,0.9878366637706344,3.766129169921988
ID22764,22764,15,588.0,450.5947488584475,10.088470319634704,0.0,5.0,5,13.634257351661432,1,,772.2281303602058,771.0,338.0,1093.0,450209.0,130.5770477261995,0.41914971284505986,3.49341135535547,-0.11195362398835644,-0.5599633897477734,15.407218674810627,13.107109105269952,0.6492806201034198,1.175485650654718,584.0000000000001,89.53808622628777,0.9153919648184748,0.992353440951572,3.705112370753116
ID23660,23660,15,638.0,452.7425911355888,9.936926304746919,0.0,29.0,29,14.222725922614096,1,,793.1220285261489,800.0,307.0,1203.0,500460.0,137.1523403026057,0.4432105445107858,3.5517891509805253,-0.18711764729323443,-0.8978396813852354,16.53888966841726,13.911391964402268,0.6812806208196799,1.1888738172814388,635.5,94.29970438728371,0.8980587658148018,0.9921935987509758,3.7406971938020432
ID22894,22894,15,598.0,452.5258548790659,11.004865165415625,0.0,2.0,2,13.814006542896328,1,,743.73,752.0,328.0,1110.0,446238.0,137.06049661696153,0.4159321121815269,3.187961110499011,-0.34244582109649135,-0.956264028651555,15.830305587783604,13.208932473413332,0.5335511516985436,1.1984545775857751,599.5000000000001,91.53720008137132,0.8990913161542212,0.9933719966859985,3.7385485979514
ID23664,23664,15,625.0,451.99464094319404,10.856377277599144,0.0,28.0,28,14.070847494245603,1,,798.8851132686084,804.0,456.0,1178.0,493711.0,134.54677413288567,0.454082213231985,3.708399919146523,-0.2522013956569143,-0.9659111511051265,16.438853116791112,13.597778286031549,0.6619994730873905,1.208936693259522,621.9999999999999,92.93455644499159,0.9049941830242156,0.9928172386272943,3.726336222415748
ID23281,23281,15,635.0,449.5852407261247,10.439489607997896,0.0,20.0,20,14.200327915137434,1,,770.2954186413903,774.0,337.0,1165.0,487597.0,128.94117094404328,0.42564139796852035,3.567214820341778,-0.32027730506890656,-0.8013292179990334,16.557136771645986,13.546152015211579,0.702512386780377,1.2222760200131548,633.5000000000002,95.47148004626034,0.8733919258110793,0.9859922178988331,3.793152868714316
ID23538,23538,15,623.0,450.3306451612903,11.261021505376343,0.0,23.0,23,14.048207338801285,1,,788.1723027375201,796.0,387.0,1160.0,489455.0,134.274889947205,0.4405178000748851,3.590055746540319,-0.36044514606706446,-1.0343135785250783,16.014044733161402,13.778310268293616,0.7468633103935564,1.1622647785783005,620.0000000000001,92.39776933658,0.9125960407325573,0.990415335463259,3.710783713930783
ID23603,23603,15,616.0,451.04758020663405,10.584556824361066,0.0,26.0,26,13.968677826861914,1,,785.5653594771242,791.0,444.0,1106.0,480766.0,125.05371929571122,0.44288661784082006,3.856346592947285,-0.28123543522556677,-0.9938483164270201,16.444834547563676,13.163221864458174,0.5017605795368199,1.249301631234078,613.0,93.40913699057417,0.8828595501363362,0.9871175523349437,3.772759508915283
ID23095,23095,15,579.0,450.39718804920915,11.119800820152314,0.0,10.0,10,13.45802085146909,1,,805.2934973637962,816.0,336.0,1171.0,458212.0,144.7901710656449,0.43980888355357817,3.397850409732686,-0.26635380684888815,-0.4302707026170735,15.694013310012345,12.604694049588673,0.592259507578046,1.245092760543798,568.9999999999998,88.24304797098303,0.9182504068057559,0.9921534437663466,3.6993410127090813
ID23288,23288,15,659.0,448.5728056823947,11.04616945712836,0.0,17.0,17,14.461313744703505,1,,761.8820826952527,763.0,266.0,1119.0,497509.0,133.2122016761615,0.41803850906697343,3.372112188739762,-0.23508786202838522,-0.7848170369527631,16.326605928788958,14.175059464420215,0.9181331585002995,1.1517839462874342,657.0000000000001,94.99540432231069,0.9148924475307447,0.9924471299093659,3.706123700081167
ID23738,23738,15,643.0,453.55495356037153,10.23374613003096,0.0,31.0,31,14.339741506551949,1,,789.4791344667697,785.0,273.0,1097.0,510793.0,127.07030712974786,0.4302631498089114,3.7380471513899836,-0.29347249976937534,-0.9963317567325408,16.41379011465015,13.834567976801441,0.5467829308302912,1.1864331536896338,646.0,95.27543342044497,0.8942944093716649,0.9847560975609756,3.7485617909676017
ID22779,22779,15,583.0,450.9977051061388,9.985370051635112,0.0,9.0,9,13.599192765483636,1,,796.5567010309278,800.0,335.0,1190.0,463596.0,146.8433170910273,0.4381820809859241,3.3054701906837254,-0.177271866106746,-0.6716983576489873,15.33710857103437,13.059322695377045,0.6072438436034246,1.1744183774908674,581.0000000000002,89.79367833445157,0.9055125450219748,0.9872557349192868,3.7252694963864457
ID23164,23164,15,617.0,448.9232331437855,10.578797725426483,0.0,12.0,12,13.997133097392595,1,,781.7305194805194,786.0,222.0,1161.0,481546.0,149.37116571931674,0.43258752584198845,3.1606260812084366,-0.14007513201257785,-0.5731766231661934,15.797407517525539,13.304353872801295,0.7526422671359343,1.1873862998954732,615.5000000000001,92.10684350477156,0.9117045509202022,0.9895498392282962,3.7125975238840643
ID22785,22785,16,815.0,391.1035539215686,22.798406862745097,0.0,9.0,9,16.11647812414279,1,,487.9020807833537,490.0,244.0,686.0,398616.0,80.14573250830317,0.40005219312894247,3.479002114733235,0.1426998150292948,0.19931698403188325,20.21214517499038,13.231213812684732,1.1595173727542878,1.5276108043551564,815.9999999999999,107.71603238629724,0.8837701448571318,0.983132530120482,3.7708153720262034
ID23299,23299,16,869.0,389.2445987654321,29.94309413580247,0.0,20.0,20,16.583719174624104,1,,485.95702671312426,485.0,280.0,720.0,418409.0,83.96498031078872,0.4296597254400174,3.4787373094296754,-0.08947344153225799,0.03913619859827841,21.419454084703577,13.444425557720992,1.2360404238794813,1.5931847733280513,864.0,113.10148427948471,0.8487640915778983,0.9757199322416712,3.8477906338354257
ID23304,23304,16,848.0,388.90945037564256,28.141162514827997,0.0,17.0,17,16.3809411833672,1,,486.3650416171225,485.0,242.0,697.0,409033.0,81.74824107779774,0.4261078325927488,3.5553395377899726,-0.12559174377423257,0.19325956618420828,20.832530005322077,13.199371294580157,1.2421929969239272,1.5782971431280368,843.0000000000001,112.21501492572014,0.841270180979354,0.9756944444444444,3.8648904131974575
ID23752,23752,16,965.0,391.5032832210126,39.215050976326246,0.0,31.0,31,17.52169755543869,1,,475.8451143451143,475.0,265.0,721.0,457763.0,78.92661749403929,0.42431797758359685,3.5921676370009403,-0.1478085450665997,0.14632850817425175,22.15376613527251,14.476711735041182,1.308811220730159,1.5303037416742131,964.5,117.92366696135936,0.8715857976192759,0.9846860643185297,3.797080981614279
ID22858,22858,16,779.0,390.704501607717,20.45198285101822,0.0,7.0,7,15.731685749082875,1,,488.9035989717224,488.0,289.0,685.0,380367.0,72.44977641691418,0.37451132273983384,3.677331746307078,-0.29859209174719265,0.17512352294247235,19.206449009405762,13.425571782905038,1.1772834447732243,1.4305870409081267,777.4999999999999,104.5573389237811,0.8937194686591096,0.9879288437102921,3.749767345035396
ID23626,23626,16,925.0,390.3151351351351,35.37567567567567,0.0,27.0,27,17.159156293944243,1,,477.3102702702703,471.0,271.0,683.0,441512.0,77.99503225683708,0.42474547283161135,3.6488440798966946,-0.015823478418262052,0.00455638107581056,21.75489429910731,13.92992102819545,1.2901239136180713,1.5617385235044325,924.9999999999998,116.43893515131057,0.85734406651703,0.9788359788359787,3.828488604357926
ID23946,23946,16,996.0,392.19318563276266,41.18781470292044,0.0,35.0,35,17.778687155707086,1,,467.3824419778002,466.0,271.0,651.0,463176.0,74.0503927140257,0.420188936137143,3.734852981039513,0.24382765390693645,0.003593284599755027,22.856483804962707,14.059765854066884,1.3227549163667471,1.6256660347121863,993.0,122.44754339273189,0.8322598800301441,0.9730524252817246,3.885755337733972
ID24142,24142,16,1046.0,394.38724319159104,45.8094441790094,0.0,41.0,41,18.251336824773603,1,,465.28326996197717,464.0,203.0,682.0,489478.0,79.05267839557436,0.42211526330709714,3.494033803139975,-0.07760869630482894,0.10240536142711834,22.932801844377558,14.703169316692454,1.3629678442436817,1.559718272327996,1046.5000000000002,126.7222109333951,0.8189240276575941,0.9716805942432686,3.9172665596592524
ID24079,24079,16,1025.0,392.93808125305924,41.90822320117474,0.0,37.0,37,18.032014550147807,1,,466.76803118908384,469.0,263.0,690.0,478904.0,73.86693898192219,0.42173499267936293,3.7488838195649596,0.14098298883988178,0.20543907751604146,23.23969830814847,14.207656834917593,1.3297426273745823,1.6357164716305075,1021.5000000000001,122.44491797887619,0.856183207580641,0.9784482758620693,3.83108315989436
ID23376,23376,16,874.0,389.1590170204628,29.188659399502775,0.0,19.0,19,16.65554159459168,1,,483.3018433179723,482.0,256.0,706.0,419506.0,84.7402906493915,0.42835300216910743,3.42077698086331,-0.09010802198140579,0.22552234690394152,21.082886019968882,13.783156132508786,1.2319583917388377,1.5296123628929257,871.5,112.04852961682248,0.8722981108414746,0.9808666291502532,3.795530328607324
ID23760,23760,16,951.0,391.18158680007025,37.70870633666842,0.0,30.0,30,17.384914061665917,1,,473.0073684210526,470.0,270.0,687.0,449357.0,78.74736484072544,0.42346588248036543,3.573824615111558,0.05011030979851594,0.02783920871608545,22.16776795273862,13.832173851334275,1.3128626260535445,1.602623578259919,949.5000000000001,118.15159918528913,0.8547234605765597,0.9798761609907121,3.834353238871403
ID23185,23185,16,817.0,389.21126181668717,24.931565967940813,0.0,13.0,13,16.067025788709444,1,,492.35970333745365,490.0,297.0,732.0,398319.0,81.34385155652824,0.4181446367695947,3.569388079545988,-0.10446482262859542,0.18744672452417982,19.942803283786134,13.27295574867915,1.2173933923899392,1.5025141092458423,811.0,108.31071105702507,0.8687361709140827,0.9782870928829916,3.803303471882504
ID23505,23505,16,877.0,389.68467956010613,31.7772089495639,0.0,22.0,22,16.727055627203253,1,,483.50113636363636,480.0,255.0,701.0,425481.0,81.36719952853706,0.42699560897989536,3.5561403931639113,0.19423973658583701,0.3450548672912078,21.711974025096588,13.412193224339429,1.2215036901077976,1.6188235333275207,879.0000000000001,112.25630894980858,0.876551066626608,0.9876404494382024,3.786311327499909
ID24019,24019,16,1013.0,393.16188355599536,42.7447633184892,0.0,38.0,38,17.934663085453277,1,,467.9315476190476,468.0,279.0,691.0,471675.0,71.13554956491441,0.419861227332568,3.8903215747772864,0.18001918839913647,0.11784651685892172,23.09922733661553,14.115788847621912,1.330896237862303,1.6364106594373617,1010.4999999999999,122.95624992922394,0.8399336174433898,0.9735067437379575,3.8679642383931316
ID22804,22804,16,774.0,390.91623376623374,19.145238095238096,0.0,4.0,4,15.655625581928012,1,,493.6974025974026,493.0,284.0,684.0,380147.0,78.71162238892356,0.365360380209827,3.3568051132894383,0.13080592742837663,0.019852894767416144,19.20416679640726,13.178547812049468,1.1289375845017986,1.4572293601916004,770.0,105.17510988150894,0.8747312465238275,0.9815168897386871,3.790247865414931
ID23636,23636,16,905.0,389.8913123504509,34.004141358365544,0.0,25.0,25,16.977326112772367,1,,481.0896017699115,474.0,294.0,672.0,434905.0,78.03711629515827,0.42588214652298495,3.682650941623589,0.28430220718876353,0.5934568354474447,22.427314718163043,13.516019575159842,1.24561024675298,1.6593135718285474,905.5,116.27761072690949,0.841600762069738,0.9805089334055225,3.8641312734511875
ID23828,23828,16,979.0,391.52059925093636,39.76744977868574,0.0,32.0,32,17.652914166616547,1,,472.4085801838611,469.0,287.0,696.0,462488.0,77.89227897981404,0.4229050064481062,3.6051246134578205,0.1237254633193222,0.2216234336697233,22.635224567822863,13.96786377759471,1.3449122656081451,1.6205215721054724,979.0000000000001,119.18350163655718,0.8660845153269404,0.9859013091641493,3.8091212317371457
ID24020,24020,16,1023.0,393.91963849535904,44.53533626445204,0.0,39.0,39,18.049658404222217,1,,468.5170731707317,468.0,241.0,711.0,480230.0,74.7875634037024,0.42261714924442667,3.7220749121382286,0.02558885099348096,-0.035583356753950406,22.930540375818097,14.400879058391157,1.3819580042537731,1.5923014340195327,1023.5000000000001,122.13444651396483,0.8622265144532426,0.9794258373205743,3.8176336068183234
ID22805,22805,16,770.0,390.73396390519673,19.36627527723418,0.0,3.0,3,15.620004089624162,1,,490.3603133159269,489.0,255.0,699.0,375616.0,79.20768228342604,0.36642963834437003,3.3203305747335246,0.01896601683440011,0.07328702824325821,19.358796879964544,12.897558874043074,1.0786294944480588,1.500965963328534,766.4999999999999,103.91089953222351,0.8920718074179215,0.9833226427196918,3.7532286673407995
ID23574,23574,16,917.0,389.91689472723954,33.481937602627255,0.0,24.0,24,17.052157664908353,1,,479.01973684210526,474.0,266.0,722.0,436866.0,82.7324761971581,0.42607599618396513,3.459806248333987,0.2507969919424697,0.14859651786149625,22.18052507235315,13.36836344338992,1.2411499638415835,1.659180285326583,913.4999999999998,115.22115242533998,0.8646771578531566,0.9822580645161287,3.8122198539438905
ID23894,23894,16,997.0,391.99748743718595,40.49581239530988,0.0,34.0,34,17.796582164923457,1,,467.0322255790534,463.0,267.0,654.0,463763.0,76.37478531186144,0.42054444538223235,3.6206280882947537,0.13466560008580106,0.16710574874412715,22.805908670555688,14.268427704446676,1.3162701850979384,1.5983477046632373,994.9999999999998,120.17419347837338,0.8657859075225784,0.9793307086614171,3.8097780542032846
ID23195,23195,16,836.0,388.99139465875373,25.951632047477744,0.0,15.0,15,16.376082532457012,1,,488.8113879003559,487.0,260.0,733.0,412068.0,88.03734234337045,0.41886594393383875,3.278219835217433,0.27950100588454263,0.39237018722945005,21.496963387949236,12.973063791468412,1.2082021102002969,1.657045994184232,842.5000000000001,111.08831061909603,0.8579126054558724,0.9802210587550902,3.8272198238492914
ID23132,23132,16,802.0,389.7021891780256,23.52767451466336,0.0,11.0,11,16.02735405955453,1,,493.17493796526054,490.0,272.0,716.0,397499.0,80.415306581551,0.4086167740838421,3.558079170898505,-0.037403406343178215,0.2736199358774926,20.059765700436458,13.357601658819227,1.184056607299232,1.501749057413476,807.0,107.77808182289367,0.8730165941355982,0.9787750151607036,3.793968166753314
ID23265,23265,16,846.0,389.103550295858,28.715581854043393,0.0,18.0,18,16.40036139313104,1,,489.9833134684148,485.0,276.0,705.0,411096.0,82.49939441730842,0.4295802789594812,3.5694089848359596,-0.1215227831231687,0.21310969733742335,20.57203229896682,13.574106559218045,1.2386160941656765,1.5155349053154847,845.0,111.29715073338764,0.8572322086615635,0.9819872167344569,3.8287383806445434
ID24098,24098,16,1024.0,394.0953776041667,44.861653645833336,0.0,40.0,40,18.0540666735282,1,,469.2275390625,469.0,276.0,675.0,480489.0,72.78082083976457,0.4229768389546235,3.8327923871017577,0.016410818277028727,0.09947133933291874,23.195672395450842,14.299417060772525,1.3559218888441125,1.6221411192406816,1023.9999999999998,121.73491251401374,0.8683194411325675,0.9850889850889851,3.80421601606293
ID23843,23843,16,993.0,391.8734536944166,40.82246740220662,0.0,33.0,33,17.814459198225453,1,,468.16750250752256,468.0,217.0,693.0,466763.0,79.28222823519152,0.4213820763679712,3.5012299628648504,0.16553363955288877,0.18009090326602206,22.88087529453556,14.024025206539358,1.3259084945019892,1.6315483577330052,997.0000000000002,120.20929489120464,0.8670196150723619,0.9871287128712875,3.8070665670274177
ID22756,22756,16,731.0,393.6094493541808,21.261613414910492,0.0,1.0,1,15.30087975536629,1,,507.7302452316076,512.0,250.0,747.0,372674.0,87.76216300817961,0.415196609949134,3.3946322389476413,-0.24810628009212515,0.15237309792291118,18.669734163676605,12.873698937200798,1.012314017573356,1.4502229898919845,735.4999999999999,103.96480070250024,0.8551058751498206,0.9826319305277221,3.833495756438282
ID22884,22884,16,782.0,390.6648654375927,19.71233312142403,0.0,6.0,6,15.82247532731688,1,,493.3818646232439,491.0,275.0,705.0,386318.0,80.52615357644979,0.37138759706045216,3.318512066379394,0.08100949315291935,0.01475606978891965,19.328163858918053,13.111560103854202,1.145283125403031,1.474131507297629,786.5000000000001,105.69051454732464,0.8847825861986257,0.9788425637834476,3.768657315234059
ID23268,23268,16,822.0,388.61994336569575,25.215412621359224,0.0,14.0,14,16.195287778099022,1,,493.02787878787876,490.0,278.0,705.0,406748.0,83.03296776818861,0.4153724949289017,3.4851212806486256,0.3189243058961955,0.32592240526246036,20.877512021549993,12.794997138972375,1.2008479615099303,1.6316933716193673,824.0,109.65885244967704,0.861092253198808,0.9803688280785247,3.8201471405511613
ID22952,22952,16,751.0,393.1180693616081,22.236690965319195,0.0,0.0,0,15.497251663623137,1,,501.9180977542933,502.0,271.0,752.0,379952.0,80.93953032272574,0.4197541679789447,3.6667730946445123,0.11847866704237645,0.1678946601040147,18.98195993111716,13.061001575872249,0.9685255165220542,1.4533311110062779,754.5000000000001,102.0551568156794,0.9103307215032989,0.9908076165462902,3.7153979087720206
ID23208,23208,16,811.0,388.80858895705524,27.047852760736195,0.0,16.0,16,16.106599803800595,1,,495.8068880688807,490.0,281.0,735.0,403091.0,83.60741801170957,0.42463662893302373,3.5351763822425473,0.017408811871637037,0.05296385148228313,20.77960999347392,12.899050761967963,1.2303030528876397,1.6109410201517531,814.9999999999999,108.90741267096517,0.8634806139112711,0.9801563439567045,3.8148602776854705
ID23402,23402,16,875.0,389.63190126248355,31.033634821933294,0.0,21.0,21,16.779305537761772,1,,483.0419977298524,480.0,272.0,702.0,425560.0,82.66561507667222,0.42904781929051644,3.508721704677831,-1.5358427830023248E-4,0.26660523175978373,21.582529527740817,13.336727860683354,1.2630061141598659,1.6182777179825398,884.5,112.38844448188013,0.8799629368800452,0.9888205701509223,3.7789638876955727
ID23981,23981,16,991.0,392.5891570303335,41.376990112284226,0.0,36.0,36,17.792110099979144,1,,469.9828282828283,467.0,266.0,669.0,465283.0,74.47768042696008,0.4217870779520893,3.7440751003270365,0.3288611753956889,0.3180033414609415,23.367460154159797,13.893482578120073,1.3326391054614337,1.6819008497523626,994.5,122.08334114862672,0.8384976284098686,0.9773955773955774,3.871274908581142
ID22767,22767,16,808.0,390.47698314837646,19.035963830661732,0.0,5.0,5,16.067025788709444,1,,484.3304562268804,484.0,262.0,697.0,392792.0,83.51041509475193,0.3573021306916974,3.0534457486048825,0.2935687289273985,0.37992141189575174,20.15244014202547,13.258868161436032,1.1045860385175232,1.5199216024064315,811.0,106.75571099709704,0.8942284514892759,0.9854191980558928,3.7487000345217423
ID22897,22897,16,815.0,390.77447373799305,21.588698140200286,0.0,8.0,8,16.111539721047187,1,,486.319018404908,489.0,247.0,713.0,396350.0,79.85035955092002,0.38837831926391075,3.4073875185676306,0.07167489584758026,0.18199221096064144,19.779079598627114,13.573016565846869,1.1483750550556198,1.4572353538856104,815.5,108.52247611592034,0.8701506335508226,0.9795795795795794,3.8002110081030103
ID23540,23540,16,894.0,389.74930128563443,32.66452394261226,0.0,23.0,23,16.873890872925564,1,,482.95408734602466,480.0,263.0,731.0,431278.0,83.84016876553636,0.4289017421299095,3.4581126957939343,-0.24150143928220927,0.11632614134413445,21.593479801188188,13.784652306788521,1.2888345429961774,1.5664870843752843,894.4999999999998,114.09228839192073,0.863530391367845,0.9835074216602526,3.814750323953468
ID22902,22902,16,754.0,391.7897402025539,19.78027300748569,0.0,2.0,2,15.522905135351746,1,,497.8256274768824,500.0,274.0,712.0,376854.0,83.01200734549028,0.3883727735254335,3.3551274157255913,0.01230569734529818,0.19126792561003647,19.17726080946272,12.864997823752907,1.042978324879949,1.4906540266999,757.0000000000001,104.90459876674257,0.8644038438333771,0.9723827874116893,3.8128224951696077
ID23607,23607,16,912.0,389.8521770947676,34.6569703622393,0.0,26.0,26,17.028808129561895,1,,475.96593406593405,471.0,279.0,694.0,433129.0,77.76580411968165,0.4213486648880488,3.628759578684619,-0.11442191650487737,0.1892720596275807,21.492465233033414,14.039942054494325,1.3102273879778634,1.5308086849370908,910.9999999999998,115.2089640430723,0.8624932363783131,0.9838012958963281,3.8170432686707163
ID23673,23673,16,955.0,390.9848008385744,36.99388539482879,0.0,29.0,29,17.42606184481555,1,,474.6388595564942,470.0,290.0,694.0,449483.0,77.81406043949042,0.4242069156913541,3.6336229811616283,-0.07302575213186799,0.10716096418639379,22.325489032942848,14.249079787908192,1.2968902614976898,1.5668021630342976,954.0000000000001,117.61469087863826,0.8666327476079869,0.981986618630983,3.8079162151980404
ID23098,23098,16,802.0,390.3050865124036,23.221284135918285,0.0,10.0,10,15.952703658124557,1,,494.18067754077794,494.0,287.0,709.0,393862.0,77.40143661452683,0.4047665811557932,3.6793170772663553,0.06940700616994187,0.13020978461372118,19.806822883524166,13.126923136817261,1.1643434185250097,1.5088701805506652,799.4999999999999,107.9360630277486,0.8623730697727089,0.9761904761904763,3.8173092006505063
ID23165,23165,16,832.0,389.46156156156155,24.402102102102102,0.0,12.0,12,16.278604984703257,1,,487.6031175059952,485.0,270.0,729.0,406661.0,87.18681651868728,0.41201867384574703,3.263789256741816,0.03715944650570096,0.1952333633399574,20.708215972636122,13.216638767296395,1.17925653038569,1.5668292322460295,832.5,108.86002669598149,0.8827896509494028,0.9869590989922942,3.772908869299098
ID23677,23677,16,938.0,390.6489777777778,36.1608,0.0,28.0,28,17.274707473566774,1,,476.66096256684494,476.0,284.0,727.0,445678.0,79.72808127252249,0.4258795730502588,3.571348497718337,-0.05592421826228091,0.016285678022753453,21.74274387158842,14.18114735989956,1.2770401718822009,1.5332147194994252,937.4999999999999,115.7095916573384,0.8799184388639523,0.9863229879011047,3.7790594387504055
ID23040,23040,17,272.0,506.01899509803917,318.5876225490196,0.0,2.0,2,9.304852983362556,1,,355.2116788321168,358.0,225.0,475.0,97328.0,41.89397583293584,0.1805848748934743,2.5938795894059115,0.5689263049235244,0.31822283551249736,13.822281654312501,7.2466727498317764,1.4558034081547218,1.9073969712007999,272.0,71.61216869147941,0.6665076154680131,0.9577464788732394,4.342125523448819
ID24000,24000,17,474.0,503.8255895811334,324.1339317141851,0.0,36.0,36,12.276796451355903,1,,387.29052631578946,393.0,243.0,519.0,183963.0,52.358588077821565,0.23505560812456638,2.815548727750248,0.5757442870519561,0.2747890436587142,18.197388990716984,9.408924214645783,1.376178735665575,1.9340562826928944,473.5,88.05019901584198,0.7674837051640808,0.993704092339979,4.04641433218178
ID23873,23873,17,380.0,504.3513157894737,321.4868421052632,0.0,32.0,32,10.998079684646791,1,,378.15,376.0,226.0,532.0,143697.0,48.27544238772827,0.2214457566981446,2.840279085346953,1.2257865255205858,0.49231555860686776,15.325897317329023,9.67835206162684,1.3088213223518903,1.5835234366079551,380.00000000000006,80.11317828386687,0.744021588935568,0.9731113956466071,4.109719331799294
ID23043,23043,17,311.0,505.37781350482317,317.85101822079315,0.0,8.0,8,9.949591680222808,1,,354.40894568690095,357.0,207.0,488.0,110930.0,50.04721024244536,0.18633052712257261,2.224503553664954,0.9215651034218582,0.17109600275764264,14.176463555741064,8.155946911557939,1.4009896929669456,1.7381750653196801,311.0,73.33855007281832,0.7266170995130508,0.9749216300940439,4.158647646397994
ID24132,24132,17,445.0,504.3159486016629,323.2671957671958,0.0,40.0,40,11.847981254502882,1,,389.3212669683258,392.0,222.0,553.0,172080.0,52.37238847938045,0.23949226204887716,2.872654589337162,1.1761579867906118,0.5648747053854987,17.363593754544162,9.665502053990798,1.3647933938723238,1.7964502679273544,440.99999999999994,86.26843390106836,0.7446370231999299,0.9876819708846584,4.108020661955637
ID23559,23559,17,341.0,505.02240275726245,323.91211225997046,0.0,23.0,23,10.380168422198802,1,,362.4561403508772,361.0,212.0,500.0,123960.0,49.57558411050881,0.20080371620506082,2.445216625178452,0.8956174605123463,0.4567739404779463,14.87591604056666,8.569191914622184,1.372020474765735,1.735976529500161,338.5,77.40743234415375,0.7099098684245227,0.9727011494252874,4.207298498582378
ID22921,22921,17,311.0,505.3507783145464,317.30622651637145,0.0,9.0,9,9.941590398928485,1,,360.8,365.0,230.0,508.0,111848.0,47.20462925025174,0.19330222000227137,2.476271884539474,0.7198730051290168,0.7915421753913583,14.640581982440619,8.131561012355464,1.4556933550780886,1.8004638912743878,310.5,73.49344879079841,0.7223941376940172,0.9841521394611727,4.170785216743387
ID23818,23818,17,387.0,504.6161485319517,322.3320379965458,0.0,31.0,31,11.084566571000565,1,,370.1653746770026,376.0,242.0,493.0,143254.0,50.99333025625505,0.22039460343605477,2.6218816862206245,2.0930366898607713,0.9550495157688262,16.087064164052467,10.206026116809209,1.2550697153773402,1.5762319221932282,386.0,82.00845405536933,0.7212401890627612,0.979695431472081,4.174120408274805
ID22859,22859,17,246.0,506.13183060109293,316.5833333333333,0.0,5.0,5,8.812923024107548,1,,357.8483606557377,357.0,254.0,485.0,87315.0,43.5944360356751,0.18092722901467884,2.5152361100434493,0.43848918900019285,0.08992693250951768,13.02701385229252,6.781656224610922,1.5168385873671948,1.9209192298802948,244.0,65.1087438506449,0.7233043171844432,0.976,4.16816020949335
ID23821,23821,17,353.0,504.92857142857144,322.3304761904762,0.0,30.0,30,10.55502061411188,1,,368.5511363636364,371.0,219.0,503.0,129730.0,48.3483053599982,0.2137381441496108,2.684747998846703,1.8251870739899587,0.9983755657820521,15.138519730762187,9.506772324317566,1.2683166105212103,1.5923932134189287,350.0,77.9884766812659,0.7231310892057324,0.9790209790209791,4.168659426538654
ID23118,23118,17,307.0,505.4292763157895,317.3212719298246,0.0,10.0,10,9.83698151873187,1,,357.4342105263158,359.0,221.0,485.0,108660.0,43.978643339713614,0.19135276180827282,2.6108302958786878,1.5211454220272167,0.4164490551868694,13.692412834591446,8.948022500421109,1.3544187320058247,1.530216629869567,304.0,71.35495510188022,0.7503003917656488,0.9838187702265372,4.092487347499708
ID23763,23763,17,377.0,504.5837742504409,324.5992063492063,0.0,28.0,28,10.96909918714718,1,,369.59424083769636,371.0,180.0,518.0,141185.0,57.86830254280785,0.2157546484656118,2.2668807275458,1.1077367577339838,0.7681357627877021,15.736210086518502,9.215037082510575,1.3521040915010707,1.7076664961429844,378.0000000000001,81.62592102434647,0.7129276761488699,0.9742268041237117,4.198384352599269
ID23383,23383,17,307.0,505.1,320.4174863387978,0.0,18.0,18,9.853147481188747,1,,371.7737704918033,369.0,264.0,523.0,113391.0,46.370553771959706,0.20669958227532914,2.7466726044362018,0.45673478265797496,0.08546638880217275,14.170938617251705,7.7875797114125564,1.4312078978885676,1.8196845672711963,305.0,71.77922869304304,0.7438958378151556,0.976,4.110066678797066
ID23193,23193,17,267.0,505.8047619047619,316.40412698412695,0.0,12.0,12,9.140915989289315,1,,360.99239543726236,364.0,228.0,479.0,94941.0,43.54991804581533,0.18757305953827164,2.618489473013155,0.6073763717068538,0.3986058797403616,13.074861850353829,7.543918034119779,1.4901351225729873,1.7331659478825976,262.5,66.82847183114212,0.7386115784297084,0.9686346863468634,4.12474283055701
ID23769,23769,17,354.0,504.6836638338055,323.52360717658166,0.0,29.0,29,10.600159896099592,1,,372.728045325779,374.0,220.0,501.0,131573.0,48.881637318189625,0.21782418729544925,2.727707702199327,2.0770752347844263,1.0641205129140465,15.18549214366953,9.883759559578841,1.171794491016365,1.5364084943722165,353.0,77.43182480209107,0.7398532416262794,0.988795518207283,4.121280189793105
ID23707,23707,17,359.0,504.7111111111111,324.63935185185187,0.0,27.0,27,10.704744696916627,1,,369.5722222222222,371.0,208.0,501.0,133046.0,53.79969354641939,0.21302331834346785,2.4127232606952154,1.2710774485760155,0.5386642263904402,15.072703690196299,9.281761828220697,1.3375375399615714,1.6239054577298628,360.0,78.28324242950363,0.738201211851147,0.972972972972973,4.125889145006079
ID23965,23965,17,451.0,503.92414174972316,322.82964193429314,0.0,35.0,35,11.988198931114777,1,,380.12638580931264,384.0,228.0,533.0,171437.0,49.44023993129642,0.2303927718598804,2.8794034526241825,1.6999420059313217,0.8075258097381074,17.193268522782976,10.212064619441238,1.2366730225866724,1.6836231617699773,451.5,87.46722932301715,0.7416122232830363,0.9772727272727273,4.116389790442048
ID22943,22943,17,270.0,505.9586419753087,316.8493827160494,0.0,4.0,4,9.27058084855655,1,,358.38376383763836,361.0,249.0,453.0,97122.0,40.84542172816223,0.17922845646455152,2.6671285680523775,0.8447812039112089,0.2847277000868993,13.573742782056458,7.754654290221956,1.4640333492541426,1.7503994728910017,270.0,68.44848391857737,0.7241790579776363,0.9836065573770492,4.165642074359381
ID23263,23263,17,227.0,505.60233918128654,315.75511695906437,0.0,13.0,13,8.51907589177983,1,,370.1578947368421,375.0,246.0,490.0,84396.0,45.006622899296076,0.1816995904460754,2.52922490096029,0.1527558693557926,0.4420898784608118,12.101173866942235,6.687786309467564,1.4793043377307926,1.8094438588462687,228.0,60.176076898778106,0.7912194759025927,0.9848812095032398,3.9852580486832947
ID22944,22944,17,289.0,505.9325874928284,317.60269650028687,0.0,3.0,3,9.616081423136514,1,,355.84192439862545,358.0,244.0,479.0,103550.0,44.210340829764256,0.18309491207696327,2.491265055651043,1.4619500188613477,0.6184954323006981,14.452691088203167,8.372244605769607,1.4294529710129948,1.7262624025871522,290.49999999999994,72.6055959818599,0.6924936755520532,0.9715719063545151,4.259876675095896
ID23712,23712,17,323.0,505.2078825347759,323.83848531684697,0.0,25.0,25,10.147573511951332,1,,368.25925925925924,361.0,231.0,504.0,119316.0,49.34757694693017,0.20917545961468162,2.581898976763902,0.6815970810284182,0.25669531152289277,14.704763497633083,7.841723031293903,1.4099704319265431,1.8751954690252255,323.5,75.89348234766788,0.7057894909751609,0.968562874251497,4.219561666568895
ID23648,23648,17,343.0,504.81837916063677,324.2809937288953,0.0,26.0,26,10.486947395524576,1,,365.5878962536023,365.0,223.0,498.0,126859.0,51.216475547686585,0.2071326151871678,2.4496589215083033,1.4632457539616894,0.6378143511456578,14.818263249412187,9.196169226399787,1.2938069665667324,1.6113517362069463,345.5,76.80123088482758,0.7360741307734218,0.9787535410764874,4.131846268949315
ID23905,23905,17,405.0,504.26202321724713,321.7454394693201,0.0,33.0,33,11.311965976163641,1,,376.48258706467664,378.0,233.0,497.0,151346.0,50.18033260971451,0.22472961449490256,2.753350127556139,0.9906989436376268,0.5077860821924765,16.20886525578423,9.586578465445996,1.324529400868987,1.69078731418177,402.0,82.9746431760842,0.7337449584150497,0.9745454545454545,4.138399061417174
ID23523,23523,17,352.0,505.0309178743961,323.1024154589372,0.0,22.0,22,10.479356408358663,1,,365.0655270655271,365.0,240.0,516.0,128138.0,48.07112269120451,0.21044623395706283,2.640658315829415,0.49047782160642556,1.010222623442127,16.081607437952346,8.146925864779922,1.4285564271244993,1.9739479289329178,345.0,79.84216401383782,0.6800868230309691,0.9857142857142858,4.298557612621002
ID23076,23076,17,220.0,506.53996983408746,315.91704374057315,0.0,0.0,0,8.387281135541944,1,,361.04954954954957,362.0,245.0,472.0,80153.0,43.690833551761855,0.17528403467312495,2.464937984476892,0.4449014461885188,0.07776109160078162,12.697748949587876,6.1559930647957986,1.5139872584156306,2.0626645962618664,221.0,63.322522220208484,0.6926051676677902,0.9650655021834061,4.259533794476122
ID22821,22821,17,226.0,506.6337767923134,317.03362897265333,0.0,1.0,1,8.472241694760886,1,,357.46222222222224,360.0,247.0,447.0,80429.0,43.52923529533716,0.17479895974812967,2.443736633698671,0.3282970536334724,0.17737118106893912,13.647798669143807,6.0848217213590035,1.5085309450720308,2.2429249851704225,225.5,64.74464170236968,0.6760031919464696,0.9783080260303688,4.311521525831492
ID23399,23399,17,264.0,505.5646578782172,316.4114877589454,0.0,14.0,14,9.193001402251411,1,,367.02985074626866,370.0,246.0,522.0,98364.0,48.25159410900367,0.19665552023710497,2.500096143117151,2.184249157212271,1.243457770555421,13.865113252715359,8.646964229682142,1.2112216803455773,1.6034660123978601,265.5,68.46356061212721,0.7117958073952547,0.9815157116451017,4.201721076697847
ID23271,23271,17,253.0,505.6922572178477,317.7769028871391,0.0,15.0,15,8.991702346646203,1,,377.5826771653543,377.0,265.0,491.0,95906.0,38.70338015590117,0.19975754592062145,3.2486495578823527,0.43395296004962997,0.2530171020372261,12.846453922047091,7.025294230264558,1.4308887858068342,1.8286001270530872,254.0,66.99578149876278,0.7111294520061356,0.9657794676806084,4.203689202116634
ID23593,23593,17,322.0,505.2329192546584,323.639751552795,0.0,24.0,24,10.124020118074668,1,,373.27950310559004,370.0,263.0,516.0,120196.0,46.77369273921622,0.21145641166007506,2.785964293222641,0.8838301671408371,0.3632197662321643,15.031800840465626,8.1456486486075,1.3322310794734433,1.845378003510539,322.0,74.80151830097924,0.7231775063609184,0.9847094801223242,4.168525641669225
ID23403,23403,17,315.0,505.0143312101911,321.73301486199574,0.0,20.0,20,9.997464891746821,1,,367.71656050955414,368.0,239.0,512.0,115463.0,42.94047346751708,0.20194868610610772,2.8776068662572682,0.5463295175173839,0.342440894979005,14.464354935781431,7.8000402384539695,1.351797193766891,1.8543949125380899,314.00000000000006,72.61414994748726,0.7483366177427803,0.9797191887675509,4.097853552090739
ID24173,24173,17,432.0,504.5197444831591,324.064072783585,0.0,41.0,41,11.706084144671175,1,,390.7962962962963,393.0,214.0,545.0,168824.0,58.50242571515318,0.23930129659754054,2.579732699554191,1.2352140498636053,0.5043406132212301,17.272723024725604,9.411891648074722,1.3647450825067227,1.835202068891101,430.49999999999994,85.55668985183493,0.7390521294255888,0.979522184300341,4.123513262050553
ID23151,23151,17,271.0,505.59180529882934,316.5363524337646,0.0,11.0,11,9.279160749373586,1,,359.35055350553506,360.0,232.0,487.0,97384.0,47.59900782567629,0.18887554323220365,2.3987762866337214,0.4692686056786064,0.6850510962516368,13.59662841366993,7.534593091671146,1.4744702576793025,1.804560411988253,270.5,68.48127814111412,0.72482542447505,0.9712746858168761,4.163784294593829
ID23471,23471,17,321.0,504.9896800825593,320.98710010319917,0.0,19.0,19,10.139728459745083,1,,362.3240740740741,359.0,249.0,498.0,117393.0,45.25890337881951,0.19763408069913324,2.642170575473841,1.0315494568561527,0.3423399181901278,14.30057492598382,8.465161704428699,1.2772650117935413,1.689344566034955,323.0,73.8877305619224,0.7434773310986085,0.9832572298325722,4.111223303515156
ID23026,23026,17,288.0,505.832759609868,318.55106138841074,0.0,7.0,7,9.616081423136515,1,,358.4655172413793,355.0,208.0,484.0,103955.0,49.096830924459475,0.18998389949571196,2.33130788289266,1.181652229328754,0.6301014852791399,14.280675442429168,8.0958417092988,1.389695773022405,1.7639519095372793,290.5,71.30868012704101,0.7179119867440399,0.993162393162393,4.183784722061238
ID23030,23030,17,246.0,506.2800269905533,317.9068825910931,0.0,6.0,6,8.866935315394846,1,,361.9516129032258,361.0,264.0,474.0,89764.0,37.20070410693834,0.18738299947658157,3.070921478063996,0.6632758875540506,0.21813229485911603,13.005646547197442,6.9390600546454095,1.4468942203282857,1.8742663191811846,247.0,67.68386293015331,0.6775425007080813,0.9592233009708738,4.306621068179763
ID23415,23415,17,297.0,505.1113931190073,320.23322053017483,0.0,17.0,17,9.69848294153834,1,,373.7391304347826,372.0,263.0,482.0,111748.0,42.409779966715355,0.20435699631207735,2.990658457355198,0.38576217450197453,-0.08161499315032389,13.784005983334788,7.571379511975256,1.3714075479941712,1.8205408884250676,295.5,69.8066326952477,0.7620333367272181,0.9817275747508306,4.060859339198468
ID23482,23482,17,328.0,504.93830005120327,323.00025601638504,0.0,21.0,21,10.178893257757636,1,,370.7239263803681,369.0,274.0,501.0,120856.0,39.734393293244786,0.20322247379116298,3.1516633703619115,0.5740639547481288,0.7735374252439194,15.136594528753577,7.976606790938654,1.387513770634707,1.8976232532796522,325.5,75.51505960335486,0.7172882520481232,0.9848714069591527,4.185603380478558
ID23930,23930,17,418.0,504.1889685384309,322.268618080446,0.0,34.0,34,11.541780077956624,1,,379.36255924170615,383.0,203.0,533.0,160091.0,48.99734658664805,0.22970352947544007,2.8925385064416673,1.2193535882555373,0.9930241426007729,16.765150445488974,9.77937996212684,1.3041697010867965,1.7143367483844911,418.5,83.8209575538987,0.7485142809891975,0.981242672919109,4.097367201202185
ID24059,24059,17,468.0,503.9209401709402,323.75961538461536,0.0,38.0,38,12.205286835384658,1,,385.17910447761193,388.0,234.0,512.0,180649.0,47.80111385230588,0.2335279699403075,3.051016812175778,1.0293471226905826,0.3374600216576669,17.969020288420566,9.937978191619374,1.3256168915299766,1.808116293067911,468.0,87.99128613567026,0.7595850103165848,0.9904761904761905,4.067398640463881
ID24060,24060,17,457.0,503.9796030871003,323.9112458654906,0.0,39.0,39,12.014721527540665,1,,388.43296703296704,390.0,235.0,538.0,176737.0,51.69747873210666,0.23293505257666186,2.8390390218709074,1.0656289135171182,0.42794088069346636,17.32698466962043,9.676167364850974,1.3388734828232203,1.790686747788316,453.50000000000006,86.40921906594383,0.7632503200704019,0.9847991313789362,4.057620578866695
ID23294,23294,17,267.0,505.56716886377905,319.454802259887,0.0,16.0,16,9.193001402251411,1,,377.33962264150944,381.0,263.0,495.0,99995.0,40.51465475426221,0.19636386152790203,3.0573738181396233,0.3434631987021357,0.14585707389384323,12.978744855992037,7.208868380028836,1.4195549291563405,1.800385881915647,265.49999999999994,67.99323443713128,0.7216772041995223,0.9533213644524235,4.172856387442217
ID24126,24126,17,468.0,503.8777540867093,324.39339019189765,0.0,37.0,37,12.218319713454786,1,,385.62606837606836,387.0,219.0,518.0,180473.0,46.03154029882394,0.2323343630626346,3.1588264241631743,1.2003082433654548,0.5387193620987487,17.42219691029335,10.004995431183668,1.3440090291564157,1.741349811714224,469.0,87.24208073064112,0.7743381860172407,0.989451476793249,4.028464989425512
ID23682,23682,18,693.0,341.04854136776663,49.37422285987566,0.0,28.0,28,14.895032415879534,1,,467.53735632183907,469.0,265.0,605.0,325406.0,60.72773332920528,0.4141678487112195,4.509565133893434,-0.0029774738856466125,-0.1253264621256055,18.531150140561895,12.119805103745088,-0.9545504824001739,1.528997370992019,697.0000000000001,100.78194056469701,0.8623373743670528,0.9823819591261451,3.8173882062661897
ID22916,22916,18,622.0,338.4772423025435,38.55515394912985,0.0,8.0,8,14.076501843476938,1,,447.0144230769231,448.0,260.0,623.0,278937.0,59.59681105519941,0.3506858846142341,3.8948652234065775,-0.031045619755064563,0.03190251714817154,17.200990619391813,11.708803403739072,-1.1787817167530066,1.4690647734250004,622.4999999999999,94.57073013275054,0.8746528905932748,0.9757053291536046,3.790417636618213
ID23306,23306,18,687.0,339.49246292244106,46.14381230245563,0.0,20.0,20,14.771642663528946,1,,455.6545189504373,458.0,217.0,589.0,312579.0,55.70077933894046,0.39312995780324705,4.616883480869875,0.009189827842253674,0.12792531668395554,18.276000146191645,12.15655564732349,2.1001861288057504,1.5033863765692113,685.5,97.89938459258167,0.8987882777228283,0.9877521613832853,3.7391787955473683
ID23947,23947,18,725.0,343.1095434732737,51.31830695113558,0.0,35.0,35,15.20697643558784,1,,463.2870879120879,466.0,279.0,605.0,337273.0,55.67395009230848,0.4145659558444088,4.877514727276475,0.010159041258879571,0.08284430574800529,18.892054769993994,12.374106930354689,-0.929349780469973,1.526740869165293,726.4999999999999,103.35418638863088,0.8546520478589882,0.9719063545150501,3.8345134303001074
ID22797,22797,18,669.0,340.10840210052515,37.92110527631908,0.0,9.0,9,14.565491380022044,1,,442.3547904191617,445.0,246.0,617.0,295493.0,59.490375856908074,0.3498684099955375,3.854493476530177,0.05403380371714017,-0.0418279087021301,17.80908607620154,12.140611640412457,-1.2291878337314939,1.4669018830089608,666.5,96.87371936504267,0.8924791297200151,0.9852180339985216,3.7523720936905955
ID23630,23630,18,703.0,340.40186364708654,48.78520877565464,0.0,27.0,27,14.996197337620233,1,,462.9702549575071,469.0,244.0,601.0,326857.0,60.37422745615725,0.4037311213033192,4.411027829233183,-0.03242040636626705,-0.09603317902927827,18.192158452388295,12.654568020935486,2.1894356617439423,1.4375961646649273,706.5000000000001,98.88249633297131,0.9079944344506332,0.986731843575419,3.720174732984327
ID23758,23758,18,732.0,344.084126984127,49.86326530612245,0.0,31.0,31,15.295678028289107,1,,461.4016393442623,465.0,255.0,636.0,337746.0,59.76618736285288,0.4137373679893239,4.5186591895132455,0.15497590978236442,-0.1468244611326013,19.109182068557026,12.51900642970993,-1.0259868879113985,1.52641363161276,734.9999999999999,102.23966778274986,0.8836053644781595,0.9839357429718874,3.771166958517802
ID23311,23311,18,685.0,339.3875912408759,45.49878345498784,0.0,17.0,17,14.766254502611575,1,,451.41459854014596,452.0,273.0,589.0,309219.0,56.36711659606761,0.3832248810106046,4.437523661495117,-0.08226370518192327,-0.043840007003552534,18.33943642540766,12.184808140552843,-1.0500809178220494,1.5051067045012636,685.0,98.91629234315803,0.8797611437272784,0.983488872936109,3.7793972583436286
ID24145,24145,18,748.0,344.66868008948546,54.15190156599552,0.0,41.0,41,15.399378727952762,1,,466.17181208053694,471.0,259.0,640.0,347298.0,59.29818044740701,0.42044017774859993,4.6538877164409955,-0.0346819411334411,0.03333976119624856,18.914831964815246,12.855823567756863,-0.9134046268450602,1.4713045698802776,744.9999999999999,101.62074658670848,0.9065700644269338,0.9893758300132799,3.7230960877984196
ID23506,23506,18,690.0,339.5997830802603,46.5530248252591,0.0,22.0,22,14.836147960171173,1,,458.4267053701016,459.0,272.0,609.0,315856.0,58.910882496227224,0.3947607131628348,4.40492578053194,0.062390780022649604,-0.0797626362110183,18.577025503399426,12.2713753086998,2.091396043020218,1.513850325336332,691.5,98.0187239477106,0.9044487434350501,0.9913978494623656,3.7274596608500854
ID24084,24084,18,742.0,343.2810743987413,51.44021128343448,0.0,37.0,37,15.363163105470202,1,,464.5910931174089,464.0,249.0,613.0,344262.0,58.4789070452662,0.4147903781723072,4.658415305270564,-0.026671575644473713,-0.06403656795409922,18.890670449754964,12.668504167708361,-0.9466795970601911,1.4911524043940971,741.5,104.64554357574268,0.8509019969530001,0.9699149771092217,3.842953774871082
ID23765,23765,18,726.0,343.7513172966781,49.126575028636886,0.0,30.0,30,15.217438752914623,1,,460.24,464.0,235.0,603.0,333674.0,58.857894225899514,0.4130326435608168,4.571322051045762,0.030146048604436815,-0.011394901642006156,19.072895579395055,12.37919873978046,-1.0322194805523812,1.5407213326420273,727.5000000000001,102.21375071606253,0.8750325566902027,0.9778225806451616,3.789595239100552
ID24022,24022,18,698.0,343.01796335950513,52.48191767784916,0.0,38.0,38,14.93238344242959,1,,469.2761087267525,469.0,329.0,614.0,328024.0,50.28853297455742,0.4119651780104022,5.445352460927313,0.022768040065138394,0.06964784583795094,18.60579998019441,12.352327479235774,2.2743145559716904,1.5062586392297892,700.4999999999999,100.65738278423463,0.8688138502041238,0.9735927727588604,3.8031334443689033
ID23191,23191,18,656.0,341.46199948992603,43.15085437388421,0.0,13.0,13,14.422742825867319,1,,453.3139356814701,456.0,243.0,587.0,296014.0,54.494084825410624,0.3761462957852762,4.5474913992824115,0.020436748938588076,-0.07298754296241236,18.376130332375084,11.608635114784674,-1.1931669751966865,1.5829707929204682,653.5000000000001,97.07708161479532,0.8714089822840144,0.9804951237809454,3.797466189999079
ID23575,23575,18,705.0,339.9799622819425,46.96958981612447,0.0,24.0,24,15.001502909106806,1,,457.02542372881356,459.0,256.0,614.0,323574.0,62.32335197481013,0.39547543999380047,4.156395566570512,-0.05796971836138798,-0.012680828664034735,18.523287286693073,12.283157302129181,-1.0779877744413,1.5080232900283885,706.9999999999999,100.30797271646237,0.8829952585052225,0.9846796657381616,3.7724695783024154
ID24023,24023,18,739.0,343.2669596574262,53.18176695965742,0.0,39.0,39,15.342430082386336,1,,469.6346414073072,472.0,266.0,628.0,347060.0,58.389489267191095,0.4234786595365528,4.785595774721388,0.01168941921553896,-0.06047693430105507,19.028779089980123,12.685314936089085,-0.980387260447584,1.5000635921024081,739.5,102.37597740712887,0.8866493911054807,0.9827242524916945,3.7646878459581505
ID22808,22808,18,612.0,333.67153679653677,39.689393939393945,0.0,4.0,4,14.002817212590296,1,,455.7581168831169,456.0,245.0,659.0,280747.0,68.59307319333814,0.3766032962012862,3.6354607343448664,0.0370812536923723,-0.11523466490585114,17.334745270881708,11.660085203636445,-1.1483595783132063,1.4866739794899182,616.0,92.27362804462865,0.909149664559875,0.9911504424778761,3.717810422614906
ID23384,23384,18,701.0,339.24137520818465,45.52474423031168,0.0,19.0,19,14.93238344242959,1,,450.12142857142857,452.0,218.0,590.0,315085.0,56.97499236289276,0.38480542054215044,4.390640052417644,-0.011398639598233375,-0.046637221093395596,18.533018621934872,12.277006747694376,-1.0041758317479639,1.5095714291608886,700.5,99.92005559837315,0.8816834110970165,0.9804058782365289,3.775275043897643
ID23640,23640,18,679.0,340.6043200785469,47.452871870397644,0.0,25.0,25,14.701442538703262,1,,461.9160530191458,463.0,279.0,598.0,313641.0,54.03582629729467,0.400178618157122,4.88631761650402,-0.0672561398517295,0.021041420540229137,18.2031757697845,12.0815663454067,-1.0684705018661584,1.5066900474130311,678.9999999999998,98.79283499783864,0.8742361116419476,0.9748743718592962,3.791321041332937
ID23832,23832,18,752.0,344.266975308642,50.23699294532628,0.0,32.0,32,15.512648837479231,1,,457.4251655629139,463.0,249.0,621.0,345356.0,64.83967701945424,0.41167795431502613,4.114633759129852,0.03119741387151878,-0.0020389318076690114,18.82440676782073,12.936872813628051,-0.9969105200793286,1.4550971505254802,756.0,102.73968836140865,0.9000262401399247,0.9863013698630135,3.7366063396216562
ID22810,22810,18,582.0,333.23079145002885,40.11265164644714,0.0,3.0,3,13.552298857686367,1,,462.8208695652174,463.0,269.0,643.0,266122.0,63.70842976900925,0.38417042478231633,4.032555848382655,0.042310236114507904,0.10277361132989146,16.623694340384716,11.27088356493054,-1.1978013283690871,1.47492379320726,577.0,90.57688224540459,0.8837937820405111,0.9829642248722315,3.7707649462072994
ID23898,23898,18,738.0,343.4748088169141,50.50449842555106,0.0,34.0,34,15.35798247369064,1,,458.55480378890394,463.0,264.0,603.0,338872.0,56.92685996459782,0.41304774222360047,4.709203206450644,-0.09461893826003927,0.017948166153048627,19.004919358146125,12.632444467864037,-0.9548744557366383,1.504453030171094,741.0,102.25805421209695,0.8904981524596722,0.9821073558648112,3.756543486044415
ID22878,22878,18,640.0,336.7441130298273,39.31423338566196,0.0,7.0,7,14.23950130794877,1,,445.3657770800628,446.0,237.0,624.0,283698.0,62.59495646917499,0.3567384094501227,3.741633516943021,0.013469766198027219,0.10064576876642778,17.810088862892393,11.608884881213909,-1.1191687663379495,1.5341774033536666,637.0000000000001,96.09609411070895,0.8668377669341786,0.9747513389441471,3.8074658756920234
ID23134,23134,18,663.0,341.022949586155,39.85991973915225,0.0,11.0,11,14.543621260508981,1,,447.50753012048193,451.0,252.0,591.0,297145.0,56.40723992059114,0.3669037771188101,4.259020520707059,-0.03937865053669411,0.04491409142580736,18.04621916481467,11.888256922297607,1.8807934493181877,1.5179869751104715,664.4999999999998,96.90295983696659,0.889264108836333,0.9844444444444439,3.759149085064238
ID24100,24100,18,752.0,344.0031903190319,53.142904290429044,0.0,40.0,40,15.528030743923116,1,,465.40579710144925,470.0,237.0,655.0,353243.0,61.99020067350882,0.4208282400423166,4.447357457260728,-0.012096118748181872,0.03445528343203088,18.887868048732717,13.013281072497037,-0.9593467373444928,1.4514301153958278,757.5000000000001,104.19214945778386,0.8768443464839484,0.97741935483871,3.7856780670361423
ID23205,23205,18,649.0,342.0132152938158,45.48999230177059,0.0,15.0,15,14.378535081028666,1,,462.95216049382714,466.0,275.0,617.0,299993.0,57.828792732473445,0.39555490069053184,4.538181158724532,-0.018382878539526273,-0.02539019280564188,18.457087930165024,11.289571025523133,-1.0577311385956003,1.6348794731383307,649.4999999999999,98.0957165324498,0.8481817659146085,0.9781626506024095,3.8491112722105036
ID22758,22758,18,620.0,335.3720430107527,40.28790322580645,0.0,1.0,1,14.048207338801282,1,,452.8758064516129,455.0,266.0,632.0,280783.0,69.72493194147685,0.37896812028664395,3.570010295821827,0.14906942343378415,-0.046403585016528345,17.019671191167106,11.947770619841513,-1.2976134565647948,1.424506021475065,620.0,92.76241936319887,0.9054352940505234,0.9880478087649399,3.7254284114140384
ID23848,23848,18,719.0,343.7071378586424,50.084557965943546,0.0,33.0,33,15.080862497825464,1,,465.69705469845724,468.0,273.0,607.0,332042.0,55.17139489216057,0.41288218383669584,4.933324885141658,-0.2037972602294836,0.13143605117919438,18.584045534412432,12.745117290674845,2.2089435438854954,1.458130600964318,714.5000000000002,100.08953230904291,0.8962615745840264,0.9868784530386744,3.7444457542843486
ID23273,23273,18,688.0,339.5638143582306,45.21887841430989,0.0,18.0,18,14.814677401945803,1,,450.32656023222063,450.0,271.0,588.0,310275.0,55.29337090649407,0.383092045253777,4.511661848330172,0.014669861218102497,-0.10035770479348108,18.531973971452942,12.019043674195252,-1.047729970222449,1.5418842358681895,689.4999999999999,98.11282072931319,0.9001038326661167,0.9849999999999999,3.736445280995217
ID22893,22893,18,627.0,335.4056754596323,40.229016786570746,0.0,6.0,6,14.110380356601343,1,,450.09744408945687,449.0,244.0,618.0,281761.0,64.21654685092358,0.3624832884413291,3.729463826169869,-0.008392421524459385,-0.06258257765926646,17.49822058940518,11.623456843927789,-1.0593631480917336,1.5054231133095681,625.4999999999999,94.64876345365825,0.8774195142992501,0.9773437499999996,3.7844370659538726
ID23982,23982,18,722.0,343.2719419488597,51.54031329186823,0.0,36.0,36,15.175546206116355,1,,465.9696551724138,468.0,251.0,642.0,337828.0,57.47443981993849,0.41693277911053017,4.771222582915601,0.06351145255074996,-0.06126312195810386,18.74775900414139,12.51592522358845,2.194470734691926,1.4979123532000622,723.4999999999998,101.39906960249515,0.8842609760361188,0.980352303523035,3.769768684049372
ID23216,23216,18,571.0,340.37108013937285,46.53513356562137,0.0,16.0,16,13.517021664164625,1,,467.89565217391305,469.0,284.0,606.0,269040.0,51.81193778888976,0.3766941101934989,4.941975013820325,0.02895100212152027,0.033399244474598064,17.304803384472688,10.858512454025615,-0.9631930267723391,1.593662433757878,573.9999999999999,94.28518674549613,0.8113996672016713,0.9630872483221474,3.9353876590795136
ID22769,22769,18,578.0,333.9433880726016,40.67113223854797,0.0,5.0,5,13.569903063667143,1,,457.8719723183391,458.0,277.0,636.0,264650.0,63.685216526879245,0.3679603646399008,3.8677905868079607,-0.0336074160113838,0.025626310802219533,16.384898294238383,11.39767019649538,-1.1395694735179582,1.4375655736447353,578.5,92.0171396286144,0.8585701184736336,0.9706375838926177,3.825754056071651
ID22962,22962,18,602.0,334.61423066336357,39.70451417561244,0.0,0.0,0,13.882962078903958,1,,455.45605306799337,457.0,285.0,638.0,274640.0,61.8899138596266,0.37918935662148345,4.046586585033704,-0.05167562787959672,0.02101486052615647,16.84600701264323,11.575192456073967,-1.3339207805205695,1.455354377611532,605.5000000000001,93.26675632274574,0.8747224353089852,0.9766129032258066,3.7902669552443435
ID23410,23410,18,690.0,339.17944082911544,46.447698240539886,0.0,21.0,21,14.836147960171175,1,,458.47543352601156,458.0,235.0,613.0,317265.0,58.57468401026978,0.3955872529394316,4.437326709136487,0.1847143071130074,0.020701269926751472,18.366253897738236,12.35113729830638,-1.0433822230023497,1.4870091275122221,691.5000000000001,98.40831696572613,0.8973015951859659,0.9906876790830945,3.74227511855362
ID23541,23541,18,688.0,339.614984265311,46.881021544420236,0.0,23.0,23,14.803930445578967,1,,461.57619738751816,464.0,260.0,607.0,318026.0,58.05944039222784,0.3979312726837725,4.526086039668651,0.06415691235970727,-0.08735051906926077,18.654010379092483,12.034852472894883,-1.129370859293499,1.5499990898189562,688.5,98.33073617823315,0.8948190624423247,0.9849785407725322,3.7474626956862873
ID23287,23287,18,658.0,341.60283687943263,44.79457953394123,0.0,14.0,14,14.472315126092795,1,,458.33130699088144,462.0,254.0,615.0,301582.0,61.62383771354138,0.38860925863949547,4.162879738873,-0.08910769290761117,-0.02912468118147201,18.264626456990303,11.624419284361702,-1.0845575116854258,1.5712291522004591,658.0000000000001,97.03407825912801,0.8781873724729103,0.9850299401197609,3.782782210446376
ID23609,23609,18,660.0,340.08727773603806,48.688830453293264,0.0,26.0,26,14.554560428103375,1,,466.54654654654655,470.0,225.0,624.0,310720.0,57.372769431728244,0.4029507299437577,4.6712024286848495,-0.013115749776498672,-0.036852294934726325,17.968544008296593,12.031649491096246,-1.0215990397506634,1.4934397832644488,665.5000000000001,96.67719101890056,0.8947668323289938,0.9866567828020758,3.747572069177779
ID23101,23101,18,656.0,341.08637284701115,38.200861195542046,0.0,10.0,10,14.472315126092793,1,,444.09589041095893,445.0,276.0,600.0,291771.0,54.72852846183356,0.3527017522726195,4.2315409073387995,0.03717232195300661,0.01558489031383027,17.727626793304005,11.95685951964012,-1.2375553678533846,1.4826323554429093,658.0,96.42090966702804,0.8893921844220426,0.9835575485799701,3.7588784100103476
ID22910,22910,18,588.0,333.78616084114805,40.443449843705594,0.0,2.0,2,13.663409100469517,1,,462.8666666666667,462.0,279.0,651.0,270777.0,66.55767403239643,0.3828650386833241,3.850824081001403,-0.05380072345112272,-0.019172860652394715,16.571073139858576,11.52742731855355,1.9859970942006533,1.4375343849001947,586.4999999999999,91.65448997955558,0.8773449695626795,0.9758735440931778,3.784597837304786
ID23678,23678,18,691.0,342.5479599141016,49.36160820806491,0.0,29.0,29,14.911051455191812,1,,466.7632711621234,474.0,208.0,655.0,325334.0,60.8262073421395,0.41641061517196165,4.511994396362093,-0.030120469488775562,-0.02964647210653868,18.62936258699594,12.079452765986236,-0.9748726572411288,1.542235641622208,698.5000000000001,100.84879367600578,0.8630478184640541,0.9735191637630665,3.815816683105087
ID23167,23167,18,629.0,340.96458166265705,41.524592354985295,0.0,12.0,12,14.087803733570167,1,,456.024115755627,456.0,258.0,607.0,283647.0,56.774104435050674,0.36687532556487606,4.311785159656514,-0.010560880188506174,0.016327359900964275,17.602735125155146,11.542201062988084,1.946350858880975,1.5250761123544394,623.5000000000001,93.71745037664716,0.8920832643507761,0.9857707509881425,3.753204566100135
ID23360,23360,19,524.0,223.3032319391635,422.7743979721166,0.0,16.0,16,12.93951313352531,1,,2528.4876660341556,2592.0,933.0,3963.0,1332513.0,590.8891792764417,0.7065182765615575,3.5432129548388884,0.03256936995706475,-0.07357452160339784,17.104072342395753,10.047455859705565,-0.7586928701324552,1.7023286871047751,526.0000000000002,89.03481336274726,0.8338269021464539,0.9758812615955479,3.882102344502584
ID23940,23940,19,550.0,222.45942290351667,426.2057409077247,0.0,34.0,34,13.285436834704079,1,,2607.7526881720432,2673.0,914.0,4189.0,1455126.0,660.3915218007949,0.7620761792364497,3.415612662569779,-0.02904788463833991,0.012366242428895773,17.408993381892184,10.442490317547056,-0.6386186233757731,1.667130430816771,554.5,90.43056939692491,0.8520810046402622,0.9788172992056485,3.8402941448461574
ID23494,23494,19,535.0,221.7882041705571,421.781045751634,0.0,19.0,19,13.05583946176652,1,,2534.6212686567164,2594.0,838.0,4180.0,1358557.0,642.6012704181809,0.7413526594312786,3.3584555678843917,-0.16919554298651512,0.2137552417594448,17.547075459614923,9.92918057724806,-0.6597627657047712,1.7672229166445692,535.5,89.30438456143567,0.8437694080205083,0.985280588776449,3.8591623068171352
ID23751,23751,19,539.0,224.80925925925925,421.83734567901234,0.0,27.0,27,13.110581167104952,1,,2590.988888888889,2621.0,994.0,4274.0,1399134.0,603.2723164682304,0.7345207616631563,3.6375311667962063,0.06553231924968148,0.10418759349994261,17.35040580940031,10.16083057092287,2.5095766223551985,1.707577514288228,540.0000000000002,89.00072469464611,0.8566758772686506,0.9863013698630141,3.829981383808394
ID23499,23499,19,519.0,221.59120102761722,421.78741168914576,0.0,21.0,21,12.85312533702941,1,,2610.971153846154,2654.0,869.0,4427.0,1357705.0,684.5510920485558,0.7145336909149212,3.1790904854318893,-0.048728668677129286,0.07523689223364032,17.268508068257454,9.824863185509194,2.459305710956417,1.7576334389802983,519.0,88.17538166101144,0.8388465555018562,0.9755639097744361,3.8704696759759516
ID23691,23691,19,544.0,225.58927483241925,421.2854966483851,0.0,26.0,26,13.195283541573993,1,,2568.586837294333,2626.0,991.0,4304.0,1405017.0,589.9679705486668,0.7314958441950213,3.6786309766528746,0.0828048452024155,0.04653457993345852,17.464317066323982,10.150263988593922,-0.6563749394535566,1.7205776210302535,546.9999999999999,90.69580472039355,0.8356468747230579,0.9820466786355474,3.8778725848147806
ID23568,23568,19,519.0,221.46605237633366,422.80229550598125,0.0,23.0,23,12.809712968202843,1,,2637.349514563107,2661.0,970.0,4532.0,1358235.0,653.8170311996537,0.731972306425377,3.4095350668947964,-0.14223387102028506,0.005454891291483025,17.316918870289474,9.714429752451421,2.5351311088216186,1.7825975699623107,515.5,89.42240929830785,0.8101133703657497,0.9744801512287337,3.9385107212849157
ID23762,23762,19,539.0,223.3579029733959,421.7870109546166,0.0,25.0,25,13.019217119046312,1,,2589.9437148217635,2631.0,901.0,4455.0,1380440.0,623.7669465376805,0.7165229776618791,3.4663983127734124,-0.13317264276976326,-0.06044657293302208,17.097270855364737,10.24743102031079,2.521689995255569,1.668444590793274,532.5,89.45988065360606,0.8361281540699559,0.9824723247232471,3.876756363203443
ID23444,23444,19,513.0,221.3068443566963,422.40720631786775,0.0,18.0,18,12.697399629533992,1,,2605.740157480315,2641.0,782.0,4227.0,1323716.0,624.0709792812354,0.7206864390644057,3.497612790523379,-0.06555715446653002,0.01925384416976445,17.17657493886447,9.774863384591237,2.467102573246356,1.757218926040546,506.5,88.0304830882929,0.8213403206113246,0.9749759384023099,3.9115002317143386
ID24085,24085,19,548.0,221.83303330333032,427.539903990399,0.0,38.0,38,13.297411092956995,1,,2648.8705035971225,2682.0,944.0,4356.0,1472772.0,638.8204426716804,0.7855558078348285,3.6485099309038374,0.09998205427039615,0.035989049222007505,17.319009336954018,10.52299320717446,-0.5966779775909744,1.6458253840880661,555.5000000000001,89.259215034337,0.8761688337896968,0.9884341637010678,3.7871371356410157
ID24086,24086,19,563.0,220.73111111111112,428.7219259259259,0.0,39.0,39,13.380930871145784,1,,2649.9397163120566,2676.0,898.0,4479.0,1494566.0,652.186841820359,0.7774117551148317,3.554323987923388,-0.09732457889593905,0.0735153635282836,17.5668162803233,10.53172211645635,2.4847063689109516,1.667990864748915,562.5,91.18335668590228,0.8501611197216764,0.9799651567944251,3.8446278910265845
ID22936,22936,19,544.0,223.59948437973915,419.49272065514106,0.0,5.0,5,13.225402922330685,1,,2346.3774954627947,2381.0,716.0,4014.0,1292854.0,610.977377175209,0.7921466005058705,3.394960928242576,-0.025106602686378387,0.09167942589071333,16.642226971057962,10.670558898295186,-0.9478004761898486,1.559639671143829,549.5000000000001,88.29139345904248,0.8858104890210644,0.983005366726297,3.7664700878338015
ID23128,23128,19,535.0,222.2146417445483,420.5831775700935,0.0,10.0,10,13.049742875180646,1,,2435.8093457943924,2500.0,812.0,3997.0,1303158.0,614.0099770951753,0.791617402016047,3.5056448834312484,-0.002981815188766115,-0.03598618256919837,16.85636366548735,10.226516798651202,-0.7791364079231764,1.6482996114288468,535.0,88.32663096981966,0.8617480612356432,0.9789569990850869,3.818693258532811
ID23897,23897,19,564.0,222.89605418138987,424.84010600706716,0.0,32.0,32,13.422495877444907,1,,2586.1042402826856,2620.0,612.0,4495.0,1463735.0,698.209417642474,0.7569496925229201,3.1915232325065035,-0.0436296203897373,-0.019317126877891392,17.43439119342082,10.520248240996729,-0.615743340755817,1.657222414722128,566.0,93.34426631147075,0.8163022663070902,0.9716738197424892,3.923552163300391
ID24025,24025,19,554.0,222.66954807400668,426.6856232939036,0.0,36.0,36,13.225402922330685,1,,2658.2090909090907,2656.0,964.0,4394.0,1462015.0,634.346757428754,0.7744787737895258,3.6578940421372024,-0.2214448555278597,0.15582243596383274,17.67951648053964,10.161160917564683,-0.684589704662037,1.7399110814177396,549.5000000000001,90.85440717312858,0.8365377865326588,0.9760213143872116,3.8758070697367013
ID24155,24155,19,555.0,220.11371841155236,428.7734657039711,0.0,40.0,40,13.279445656570912,1,,2698.682882882883,2729.0,970.0,4397.0,1497769.0,658.2274444060286,0.7922095894831573,3.624575599535967,-0.08954359986488299,0.10965514140254588,17.60462110875583,10.289148695367322,2.481973462823649,1.7109890847123523,554.0,91.05137409253864,0.839743440599827,0.9727831431079893,3.8684022028661578
ID23005,23005,19,526.0,221.87472142629736,420.3771092008914,0.0,9.0,9,12.908726715567822,1,,2471.187380497132,2525.0,837.0,4066.0,1292431.0,619.6099032893487,0.7946445655573355,3.5319275970011503,-0.04507790775047326,-0.12151719607224662,16.780110492978075,10.186904918002215,-0.8418095534678671,1.6472236295564515,523.4999999999999,88.69305424654732,0.8362715626283386,0.9730483271375463,3.876423944941883
ID24159,24159,19,550.0,222.16879174256223,426.80540376442013,0.0,37.0,37,13.219384536161321,1,,2666.5237226277372,2667.0,1073.0,4427.0,1461255.0,633.6324759747426,0.7727671782126415,3.668892480510893,0.02251746136891815,0.04130999213215777,17.532639758012756,10.214022733172548,2.4783178904042877,1.7165264084513148,549.0,91.400520918022,0.8258189923610625,0.9656992084432717,3.9008791741949764
ID23075,23075,19,535.0,223.9570895522388,420.101368159204,0.0,6.0,6,13.061933202803933,1,,2402.5981308411215,2455.0,833.0,3938.0,1285390.0,627.9514440634474,0.7848528421720663,3.3648901218278664,-0.02491970215512212,0.024025432041304754,16.711845799741134,10.426754648457507,2.2552459208552733,1.6027849856631486,536.0,89.94834694365399,0.8325077420505663,0.971894832275612,3.885176842893016
ID23460,23460,19,534.0,222.7062015503876,421.74341085271317,0.0,14.0,14,13.08019739238623,1,,2474.3761638733704,2528.0,881.0,4004.0,1328740.0,608.3234392526825,0.7262062461333163,3.4223818555967283,-0.023094062985351747,-0.025606160943169937,17.072627322873373,10.219567418988646,-0.7843755381267612,1.6705821903137779,537.5000000000001,88.04115543383587,0.8713986155178084,0.9853345554537124,3.7974887785861964
ID23077,23077,19,541.0,223.4987823439878,419.27595129375953,0.0,7.0,7,13.20131291522269,1,,2379.862132352941,2445.0,778.0,3861.0,1294645.0,597.0478395926875,0.7807690465958788,3.495325718657803,-0.0032076345680062293,-0.0013923284533081093,16.69659532767814,10.672075472596081,-0.8623116529947962,1.5645124859313366,547.5,88.40158179046917,0.880387596931233,0.9811827956989245,3.7780523752160735
ID23333,23333,19,528.0,222.85404896421846,420.8104205900816,0.0,13.0,13,13.000867261978827,1,,2488.2708333333335,2533.0,898.0,4374.0,1313807.0,611.1471719553783,0.7413116058567988,3.466619239418581,-0.030089529637490103,0.0946827393175433,17.124530756752645,10.040918806165012,-0.7901566066737724,1.705474477717953,531.0,89.45760361830997,0.8338153093985268,0.9743119266055046,3.882129331340661
ID23461,23461,19,523.0,222.1485541785828,421.3423895773753,0.0,20.0,20,12.921050085167158,1,,2567.727099236641,2629.0,902.0,4306.0,1345489.0,633.3745097105142,0.7055954442449776,3.354270014712618,0.012361505202556803,0.11988027790315027,17.07482287248312,9.96236560758781,2.445755237032996,1.713932568332779,524.5,88.79254278013426,0.8359924786771492,0.9767225325884542,3.8770709348753525
ID22887,22887,19,503.0,224.4755775577558,419.36567656765675,0.0,1.0,1,12.678584010953836,1,,2486.120553359684,2550.0,839.0,4352.0,1257977.0,643.9640658541251,0.7988712204471851,3.428998128231272,0.034796960011247983,-0.01891587266407813,16.69450590852366,9.878039848275048,-0.8797605093476737,1.6900626202109255,504.99999999999983,86.31280948704733,0.8518256941652339,0.9767891682785299,3.840869611090782
ID23466,23466,19,539.0,221.87002487562188,422.630907960199,0.0,17.0,17,13.061933202803933,1,,2511.0932835820895,2574.0,918.0,4269.0,1345946.0,631.1199085320158,0.7112969196656341,3.307550786097819,-0.057437376709453244,0.049849794671701905,17.338205738069792,10.126319618269124,2.452460713400524,1.7121922269557384,536.0,88.86732829552331,0.8528848622064716,0.9862005519779209,3.8384839490137788
ID23019,23019,19,523.0,223.2384370015949,419.4221690590112,0.0,4.0,4,12.896391570165303,1,,2411.4214559386974,2462.0,899.0,3898.0,1258762.0,563.0261416998463,0.7919276854142542,3.785642538807964,-0.016709317677578238,0.03167766983917348,16.239269813814317,10.426056560579802,-0.9159382253249498,1.557565865814873,522.5000000000001,87.90245117309553,0.8497558979252983,0.973904939422181,3.8455444726807464
ID23339,23339,19,525.0,222.9767851424912,421.79234710214536,0.0,15.0,15,12.871685816499058,1,,2551.9381044487427,2586.0,951.0,4042.0,1319352.0,598.3544392090745,0.7120825031750254,3.5477028807875435,-0.004531234737708565,-0.07857357051012735,17.311411989479648,9.952397650004944,-0.767741148948433,1.7394212528747832,520.4999999999999,89.09261421521833,0.8240379118184186,0.9692737430167596,3.9050925906561975
ID23980,23980,19,556.0,222.86783678367837,427.0331533153315,0.0,35.0,35,13.297411092956994,1,,2625.911231884058,2653.0,961.0,4399.0,1449503.0,630.9925961156314,0.7627319454201956,3.6014006134066565,-0.038298633105412275,-0.022240027024302878,17.676928133769422,10.14531510461883,-0.6527784075954769,1.7423734947100555,555.5,89.99774009699031,0.8618480810651772,0.9875555555555557,3.818471667199466
ID23085,23085,19,514.0,223.87058445728965,419.5279383429672,0.0,2.0,2,12.853125337029407,1,,2415.725,2460.0,772.0,3979.0,1256177.0,623.7246342836968,0.7927302201601056,3.425272023911626,-0.028034105782199958,-8.942545195266853E-4,16.677318902950187,10.190805018715594,2.2546731272791725,1.636506524491637,518.9999999999999,86.75640066112334,0.8665111797218795,0.9829545454545452,3.8081833231709563
ID23534,23534,19,533.0,221.99436090225564,421.5648496240602,0.0,22.0,22,13.013103375051497,1,,2568.379245283019,2603.0,888.0,4245.0,1361241.0,620.326602755666,0.7226353431424047,3.4737182178392176,-0.0399085265565965,0.0010784859782774672,16.704929367857588,10.426534988070888,2.4855924725129785,1.602155403206327,532.0,88.35821323027953,0.8563033562918062,0.9806451612903224,3.830814379065669
ID23023,23023,19,529.0,223.3913998744507,420.187696170747,0.0,3.0,3,13.00086726197883,1,,2389.3508442776733,2440.0,779.0,4071.0,1273524.0,610.971596795179,0.7949193630391485,3.463913454795712,-0.006665789989605955,0.03598801780150302,16.664574798646502,10.34644620005888,-0.8688709770757769,1.6106568841532918,531.0000000000001,87.41592434640607,0.8732192008907216,0.9797047970479706,3.793527997680231
ID23087,23087,19,537.0,222.48245614035088,419.61603570329333,0.0,8.0,8,13.128777679910748,1,,2399.6938775510203,2460.0,703.0,3993.0,1293435.0,604.0458950192306,0.789359348663888,3.505040915791681,0.06048530628576585,-0.034109284283872505,16.78808456162724,10.51834232169073,-0.8349811077864434,1.596077028887638,541.5,89.0598734454107,0.8579148349658232,0.9818676337262012,3.8272148508438852
ID23857,23857,19,555.0,223.06401074306177,424.0687854371829,0.0,31.0,31,13.333269345274891,1,,2613.938958707361,2635.0,886.0,4388.0,1455964.0,679.9437078961366,0.7393455399148037,3.268240951810907,-0.02956258926126292,-0.0427679391665054,17.731072432223833,10.312816283919732,2.5071721203334403,1.7193239891096503,558.5,90.36942543335097,0.8593894132918217,0.9867491166077739,3.8239299889910936
ID23859,23859,19,555.0,224.1151111111111,423.3847407407407,0.0,30.0,30,13.380930871145784,1,,2566.427807486631,2593.0,710.0,4145.0,1439766.0,631.4044850939783,0.7513317088401799,3.487503824072531,0.07766560932794027,0.06377028212996633,17.506224132633637,10.380287249539958,-0.5703398481795766,1.6864874460395585,562.5000000000001,90.72702031757402,0.8587348634767017,0.9868421052631579,3.8253870603187594
ID23927,23927,19,549.0,222.7850197508356,425.6750227894257,0.0,33.0,33,13.21336340875438,1,,2636.1660583941607,2681.0,754.0,4335.0,1444619.0,631.1226176269007,0.7630833287455182,3.615664640123584,0.017214456023997966,0.02491969640786948,17.45122396191652,10.161386203779454,-0.6305055708483012,1.7174058353795925,548.5,89.7445922548642,0.8557953422640375,0.99096657633243,3.83195122722415
ID24183,24183,19,555.0,220.03795379537954,430.02175217521756,0.0,41.0,41,13.297411092956994,1,,2693.6281588447655,2722.0,814.0,4407.0,1492270.0,650.6426193268378,0.7958136257340706,3.669232569249283,-0.041442829236732856,0.07105236646383402,17.41212335372175,10.41475906732191,2.458011223183903,1.6718700107384403,555.4999999999999,91.14596475359646,0.8402703417948425,0.9771328056288476,3.8671891495951947
ID23608,23608,19,522.0,222.254130223518,422.22238419177194,0.0,24.0,24,12.797282385005042,1,,2633.770428015564,2681.0,1126.0,4508.0,1353758.0,619.5944673083474,0.7293420410622747,3.585508284470794,-0.07929780187174508,0.0052917421697943326,16.887631511995586,9.970765940445133,-0.5584642784840379,1.693714566450013,514.5,86.84548042058456,0.8572367856259354,0.9865771812080537,3.828728159418132
ID23161,23161,19,532.0,222.98496240601503,420.45833333333337,0.0,11.0,11,13.013103375051497,1,,2456.196629213483,2498.0,904.0,4197.0,1311609.0,597.4067447520958,0.7716167210889254,3.5814167864614563,-0.01072914430489629,-0.061394797598920005,16.990866621462676,10.152703934537326,-0.7693864928299148,1.6735311825319148,532.0,88.39456430700658,0.8555992146094064,0.9824561403508771,3.8323903981173166
ID23225,23225,19,525.0,222.6358024691358,421.0121874010763,0.0,12.0,12,12.945661631441084,1,,2496.3714285714286,2545.0,887.0,4039.0,1310595.0,590.282359934033,0.756289685021731,3.642263993994203,-0.006367065817553087,-0.0525717250132635,16.94158875839352,10.10879656817626,-0.7994942353263119,1.675925382822297,526.5,88.76941591202699,0.8396175638114971,0.9722991689750693,3.868692170475722
ID23801,23801,19,541.0,223.59274821039529,422.4891067538126,0.0,28.0,28,13.05583946176652,1,,2619.2513966480446,2630.0,983.0,4257.0,1406538.0,616.1344122191362,0.7298242509750983,3.587137491807749,-0.06719955033574906,0.08149731060965335,17.317615706078687,10.158591410294692,2.5283208914044915,1.7047260792996417,535.5,87.5108128300086,0.8787106775700616,0.9981360671015843,3.7816556484992065
ID23099,23099,19,518.0,223.64006410256408,419.5144230769231,0.0,0.0,0,12.865501965161373,1,,2448.4720616570326,2498.0,846.0,4192.0,1270757.0,651.3150779627696,0.806804706596539,3.357308315698358,-0.11711564062235809,-0.03324090227879059,16.635787959030125,10.203672249819082,-0.8919690015191213,1.6303726297485779,520.0,86.55834938887138,0.8721582141175586,0.9895337773549001,3.7958347234744667
ID23803,23803,19,545.0,223.62962962962965,422.6566484517304,0.0,29.0,29,13.219384536161323,1,,2592.880733944954,2623.0,1019.0,4288.0,1413120.0,607.8057951735236,0.7414975967117494,3.6327421096058554,0.04911291728633439,-0.0572284870592099,17.211454763593505,10.502208886373257,2.6069310845131133,1.6388414046806454,549.0000000000001,89.43671199140894,0.8624830308552498,0.9865229110512134,3.817065851612341
ID23080,23080,20,278.0,264.12462462462463,317.0777777777778,0.0,0.0,0,9.39845696995001,1,,3705.7913669064747,3373.0,1060.0,7609.0,1030210.0,1781.8908404123463,0.7435403678536909,1.7737908508499667,-0.0817584623102924,0.07690357535255912,11.642784409313672,8.020766282914261,2.8872615775571946,1.451580060887074,277.5,63.30224047721504,0.8702312778424789,0.977112676056338,3.8000349213355857
ID22824,22824,20,238.0,260.29035639412996,316.4762403913347,0.0,1.0,1,8.713030922407775,1,,4110.405063291139,3892.0,1187.0,7571.0,974166.0,1698.238118789544,0.7451648583107998,2.066959366308287,0.04801257331021194,-0.03371824989522545,11.441741009403156,7.2041177810091375,-0.22464557567858803,1.588222369096306,238.5,60.25571017329138,0.8254710154198751,0.9675456389452333,3.901701294507646
ID23168,23168,21,690.0,459.9359344894027,54.67870905587668,0.0,12.0,12,14.841510746523857,1,,1208.3227206946453,1221.0,520.0,1942.0,834951.0,254.07850274174248,0.7017241436096311,3.922132621060476,0.01425798162610187,0.09663546298261919,19.858657846314905,11.31465629057648,-0.8912860609679731,1.7551269200156243,692.0,102.9685152306364,0.8201760015898494,0.9746478873239437,3.914275623194905
ID23684,23684,21,681.0,456.73014705882355,56.332352941176474,0.0,29.0,29,14.712264360219255,1,,1310.860294117647,1317.0,434.0,1901.0,891385.0,267.59647408453634,0.7175554162834952,4.093084461219781,0.12088715877255034,0.13739954682960082,19.822967027221054,11.378140864235021,2.265544866455026,1.7421973645563402,680.0000000000001,101.71657127050446,0.8259149971457774,0.9784172661870502,3.9006524475037603
ID23687,23687,21,703.0,457.0474833808167,55.72222222222222,0.0,28.0,28,14.94836245550064,1,,1288.1991404011462,1310.0,502.0,1873.0,899163.0,267.08607557108985,0.7175244081409644,4.029911560617504,0.039877587718452984,0.14527338586159994,19.744588374900513,11.511484734386759,-0.8721893593170272,1.7152077972982995,702.0000000000001,102.77317040785194,0.8351941965781662,0.9804469273743018,3.878923352634657
ID22922,22922,21,652.0,463.58205521472394,53.69631901840491,0.0,2.0,2,14.406180819073162,1,,1211.8101071975498,1234.0,331.0,1850.0,791312.0,275.79636073935836,0.6981516322608019,3.612844967725167,-0.1505148994256222,-0.06316246985295178,19.060043579354726,11.104301223230738,2.379993463785593,1.7164559206553391,651.9999999999999,99.34796708813536,0.8301173485117648,0.9767790262172281,3.8907666703420842
ID23948,23948,21,700.0,455.51452380952384,56.21880952380952,0.0,35.0,35,14.927053303604616,1,,1314.2703862660944,1343.0,394.0,1986.0,918675.0,287.2788994018552,0.7254507748076592,3.8469484321194445,-0.17454191385861673,0.022967507882670934,19.66517527021509,11.60964980131115,-0.8687186251386019,1.6938646390517464,700.0,103.12510748608833,0.8271400991188537,0.980392156862745,3.897762690499929
ID22927,22927,21,664.0,460.63056603773583,53.98930817610063,0.0,8.0,8,14.52171820401296,1,,1223.684766214178,1240.0,365.0,1951.0,811303.0,272.03600458161645,0.7029425238665473,3.713581738779918,0.01129142479545402,0.1377404640639659,19.556486478508056,10.972601636255009,-0.7858728781053533,1.7823016935100142,662.5000000000001,101.25708373238888,0.811979221992439,0.9714076246334312,3.933982955711801
ID23313,23313,21,673.0,454.2864077669903,52.623475230271346,0.0,20.0,20,14.598235126207818,1,,1271.334323922734,1293.0,411.0,1941.0,855608.0,275.11640333250784,0.712409123194959,3.844990068184917,-0.049575224760116825,-0.06716538962510883,19.28737575900596,11.365283438957507,-0.8020273131879212,1.6970430929063673,669.4999999999998,100.13116489227343,0.8391158182790894,0.9780861943024104,3.8698486311748175
ID23634,23634,21,677.0,458.13232023721275,54.66061279960465,0.0,27.0,27,14.652645434561187,1,,1299.4079528718703,1313.0,368.0,1937.0,882298.0,267.31569063886315,0.7157670294701132,4.055687052220072,-0.20169651011323747,0.4132233204472942,20.706760014282494,10.93409110493051,2.235542546033818,1.8937797221156494,674.5,103.4213156990436,0.792449692326341,0.9649499284692419,3.9821634458291157
ID22803,22803,21,672.0,460.4242871189774,54.26622418879056,0.0,9.0,9,14.690612745308142,1,,1215.1032448377582,1236.0,365.0,1952.0,823840.0,269.4744674105615,0.7033419504818802,3.723833314899285,0.13282061945838788,0.12867968859486964,19.37425846894864,11.373191354917681,2.3440204687445254,1.703502373638632,677.9999999999998,102.76398823754954,0.8067847052026621,0.9678800856531048,3.946627191977858
ID23507,23507,21,664.0,455.2849949647533,53.680765357502516,0.0,22.0,22,14.516237276018515,1,,1299.5666666666666,1315.0,508.0,1908.0,857714.0,278.0299600308566,0.717515308770522,3.9054179364359736,-0.12511679224425692,0.01022238878444052,19.658347782640632,11.052496103013445,2.314056459212464,1.7786342197651457,662.0000000000001,100.37535862295702,0.8256835524518891,0.9756816507000738,3.9011990988532097
ID23764,23764,21,692.0,455.486231884058,56.807729468599035,0.0,31.0,31,14.820047957642227,1,,1315.5658465991316,1336.0,338.0,1883.0,909056.0,278.89375607869164,0.7225969583560153,3.9574573918215425,-0.19984107411440982,0.2890890920511236,19.92260222515135,11.385474644501778,2.3591871300797167,1.7498262344971522,690.0,101.97289995931855,0.8338528441464687,0.9780297661233169,3.8820419559801422
ID24149,24149,21,687.0,455.91800878477306,57.36871644704734,0.0,41.0,41,14.744682168956004,1,,1363.295918367347,1385.0,561.0,2014.0,935221.0,277.98239961239426,0.7297183681980517,4.137925922075018,-0.09022228586264923,-0.06346732881527382,19.85456951948676,11.254977064159434,-0.8245953439659572,1.7640701892420585,683.0000000000003,102.87439455155767,0.8109909038848033,0.9729344729344734,3.9363793098213966
ID23319,23319,21,685.0,455.0866180048661,53.065693430656935,0.0,17.0,17,14.766254502611574,1,,1235.5932944606413,1254.0,351.0,1899.0,847617.0,257.8942620678576,0.7051104296070343,3.9624928042459873,0.1438359860438676,0.28387326249878153,19.52651324801905,11.707006143570455,2.3106534042416293,1.667933971209463,684.9999999999999,101.83905787047966,0.8299877635339312,0.9757834757834755,3.8910703888166056
ID24087,24087,21,681.0,455.55772537460086,56.55256693687054,0.0,37.0,37,14.696028639591784,1,,1365.9217134416544,1391.0,581.0,2044.0,924729.0,283.53641337278435,0.7285814532921595,4.061020911902946,0.04788822552291049,0.053190101338241584,19.59928537227421,11.459962493545524,2.2909141701880475,1.710239922976442,678.5,102.34559127042628,0.8139944378997578,0.9804913294797688,3.929110233308215
ID23576,23576,21,657.0,456.78185524974515,53.98776758409786,0.0,24.0,24,14.428259270064395,1,,1323.062787136294,1345.0,547.0,2015.0,863960.0,279.6336791554029,0.7211903028659036,3.9649887676837055,-0.033949416656700156,0.14941479466914512,19.894690894536325,10.764607506368552,-0.8528927513024103,1.848157574046823,654.0000000000001,101.67107176284418,0.7950470106329067,0.9717682020802377,3.975653511837474
ID24024,24024,21,682.0,455.0780529254673,56.65489196406895,0.0,38.0,38,14.78241309344223,1,,1343.9161849710983,1362.0,421.0,2044.0,929990.0,296.2545184612787,0.728697687822544,3.824419618548523,-0.07595743840132932,0.016086260722727806,19.900140939500464,11.381449524656912,-0.886405416993827,1.7484715717790211,686.4999999999999,102.04805323891613,0.8284016539633061,0.9710042432814708,3.894793650724354
ID23770,23770,21,676.0,456.57511737089203,56.35742525327403,0.0,30.0,30,14.652645434561189,1,,1325.3733333333332,1332.0,500.0,1948.0,894627.0,268.0532408695197,0.7219708496608402,4.146111995480165,-0.231738765503826,-0.1742885856664738,19.93256142729024,11.13858549354981,2.311369533804805,1.789505627876438,674.5000000000001,102.52610868139583,0.8063486616219364,0.9733044733044734,3.9476941428809647
ID24026,24026,21,699.0,455.3581965262908,57.3091839162503,0.0,39.0,39,14.93238344242959,1,,1343.8357142857142,1363.0,423.0,1953.0,940685.0,296.8931449110897,0.7301694861469065,3.8204193481252586,-0.0666495164470861,0.03871676106533731,20.059232048798833,11.435299259000288,-0.8980048604600968,1.7541501620966304,700.5,101.87185392099356,0.8482221010158724,0.9845397048489104,3.8490197536456834
ID23644,23644,21,657.0,457.8470737913486,53.51043256997456,0.0,25.0,25,14.439285835884782,1,,1330.0259938837921,1357.0,464.0,2016.0,869837.0,262.05471693493115,0.7201655656464234,4.249719302263788,-0.08797615339123009,0.19834357403480926,19.50537062476687,11.003426655068708,2.2456215339138694,1.7726633017344424,655.0,99.86980870614768,0.8252446698959134,0.9834834834834834,3.9022363310299357
ID23900,23900,21,694.0,455.3226387887527,56.20656092285508,0.0,34.0,34,14.857587491529666,1,,1318.9524495677233,1339.0,455.0,2019.0,915353.0,275.64382834051645,0.7242059046631719,4.019608859483156,-0.09774024764399501,0.13811542438879226,20.013160352444306,11.35403769793978,2.2757274317315344,1.7626469882230307,693.4999999999999,103.65346189951535,0.8111267166012611,0.9760731878958478,3.936049748030119
ID23837,23837,21,692.0,454.9938628158845,56.93176895306859,0.0,32.0,32,14.846871595803442,1,,1319.3150289017342,1323.0,443.0,1932.0,912966.0,279.5498431326922,0.7228145423667341,3.960113242167926,-0.030210517146583755,0.144534882493277,19.841181932802986,11.318432077607563,-0.7724838010213019,1.752997393698803,692.5,101.03253610285081,0.8525250175422431,0.9885795860099927,3.8392939617496844
ID22814,22814,21,633.0,463.1611418047882,53.640489344909234,0.0,4.0,4,14.20032791513743,1,,1237.0220125786163,1257.0,355.0,1849.0,786746.0,271.7198757052306,0.699299725979741,3.746962847944401,-0.15722885511700146,0.009061239537896223,19.301071925715327,10.79466215512723,2.3540105280764525,1.788020009180902,633.4999999999999,98.3833732848807,0.8224567416474514,0.9806501547987616,3.90884455157197
ID23198,23198,21,673.0,459.50801402454294,53.65677435512146,0.0,13.0,13,14.554560428103375,1,,1238.3172932330826,1238.0,510.0,2042.0,823481.0,241.82283434268533,0.7027549397296692,4.226845605733939,0.05239216892098029,0.016307713778086114,19.382052337203273,11.603694961053847,2.29377389185491,1.6703345272567383,665.5,99.1608289988013,0.8505064785034305,0.9910647803425169,3.8438472321746597
ID22815,22815,21,630.0,463.913884472708,53.90143084260731,0.0,3.0,3,14.149802769282841,1,,1249.972972972973,1267.0,424.0,1860.0,786233.0,274.70631260597946,0.7032056171313015,3.7573117398908926,-0.14783452659753518,0.07017447023779667,18.98356401713478,10.797457348509091,-0.7834731284292361,1.7581513317814608,629.0,97.80674076788816,0.8262718084465239,0.9744384198295893,3.89981014165012
ID23135,23135,21,686.0,460.38504901960783,54.93602941176471,0.0,11.0,11,14.712264360219256,1,,1216.0970588235293,1228.0,430.0,1870.0,826946.0,243.9182230779623,0.6998170915744617,4.105219087210171,0.17402656134225664,0.018994944436368524,19.72364750665169,11.533772104082978,2.2724242373952634,1.7100777896998227,680.0000000000002,101.00155077661255,0.8376501927328139,0.9812409812409814,3.8732326632475873
ID23391,23391,21,679.0,454.3709677419355,52.812072336265885,0.0,19.0,19,14.733884157863642,1,,1254.6524926686218,1272.0,485.0,1920.0,855673.0,252.98445519030037,0.7093703301379715,4.116200028146225,-0.037587603077126545,0.04461495331105476,19.57737219682671,11.310838744163908,-0.7952505242730632,1.7308506150287142,681.9999999999999,100.22159829619895,0.8532407520538541,0.9876900796524256,3.837683342653732
ID24102,24102,21,684.0,455.48291849682766,56.52830649097121,0.0,40.0,40,14.744682168955999,1,,1373.129221732746,1383.0,450.0,2035.0,935101.0,288.0049188420009,0.7318502954701174,4.029520824156786,-0.04850312590811016,0.11579154625135601,19.91548843012353,11.018742311473474,2.3033461460792934,1.807419383007637,682.9999999999999,104.2799530581549,0.7892760300975581,0.9681077250177176,3.9901615113909044
ID22761,22761,21,641.0,463.1147390506163,53.551665355363234,0.0,1.0,1,14.222725922614096,1,,1229.2704402515724,1246.0,475.0,1807.0,781816.0,262.5408419199313,0.6978751924347087,3.8490411858275113,0.011099852746778122,-0.03405631779337889,18.964158907291147,10.935181792655968,-0.728485359042862,1.7342335287034198,635.5,97.66528010422074,0.8372304572896927,0.9822256568778982,3.874203440949647
ID23209,23209,21,674.0,458.1247224278312,53.05785837651123,0.0,15.0,15,14.663503268903739,1,,1243.1279411764706,1269.0,386.0,1894.0,845327.0,278.0572881212533,0.708495405735202,3.707957638947537,-0.08782242830571749,0.23722201434222137,19.66740420330633,11.240474034433118,2.308245589249032,1.7496952657920712,675.5,100.60965585600457,0.8386019934952037,0.9811183732752362,3.871034008541259
ID22890,22890,21,652.0,460.7456410256411,52.76820512820513,0.0,7.0,7,14.384068479378984,1,,1235.192901234568,1257.0,531.0,1850.0,800405.0,262.8092052080955,0.7027061774200704,3.879343797724486,-0.015183857490712695,0.1414848527981162,19.30971432169413,10.891674135818654,-0.7683647321505315,1.7728876278249714,650.0000000000002,99.5055470024755,0.8249519201931237,0.9730538922155695,3.902928660587281
ID23853,23853,21,693.0,454.49110149110146,56.97883597883598,0.0,33.0,33,14.85223051010746,1,,1320.424023154848,1341.0,461.0,1954.0,912413.0,281.6235661077904,0.7233082282539313,3.935816691296757,-0.14219248986871572,0.16083103858956105,19.94858243879226,11.552244467930594,2.303031508079598,1.7268144293665335,692.9999999999999,101.52562039130741,0.8448737066362458,0.9788135593220337,3.8566394084052558
ID23983,23983,21,679.0,455.4630716556615,55.92015162631451,0.0,36.0,36,14.728482183655359,1,,1343.6067251461989,1372.0,332.0,2100.0,919027.0,294.98034579554263,0.7273550034563618,3.8359586109581927,-0.026588663026529052,-0.05656397992579481,19.643552184283003,11.348543229528882,-0.8758177282879658,1.7309316083116753,681.4999999999999,102.84346347327175,0.8096966382905201,0.9721825962910127,3.939524120956889
ID23282,23282,21,686.0,454.5883709638262,52.85882495751396,0.0,18.0,18,14.782413093442232,1,,1242.127192982456,1245.0,535.0,1909.0,849615.0,247.247873367279,0.7040877035265155,4.151435716917387,-0.18388356465451197,0.02659967421307757,19.61778056655777,11.4470909108356,2.3176673471717866,1.7137786988297568,686.5000000000001,101.68591516254497,0.8343125999262074,0.9793152639087018,3.8809721907771095
ID23220,23220,21,671.0,456.0739776951673,53.025402726146226,0.0,16.0,16,14.63090559256669,1,,1247.494065281899,1261.0,535.0,1857.0,840811.0,253.6863388291934,0.7067577947345846,4.072584603715974,-0.10613311834799417,0.16120254811895374,19.524455569883393,11.140989238055575,-0.8531006487962096,1.7524885046286047,672.5,100.94941899005893,0.8292672327913625,0.9781818181818178,3.8927604514327125
ID22901,22901,21,642.0,461.20390483579007,53.04305663304888,0.0,6.0,6,14.32308352434814,1,,1241.2790697674418,1252.0,422.0,1847.0,800625.0,277.0053584012126,0.7047818925458416,3.705076433594737,-0.026195904256992145,0.12595114521686965,19.11343618742528,10.863147587971694,-0.7815480672981308,1.7594749618046965,644.5000000000001,100.55651929011808,0.800962754706784,0.9640987284966342,3.9609446279400666
ID22774,22774,21,648.0,462.61755607115236,53.60621294147976,0.0,5.0,5,14.345289868727669,1,,1236.3065015479876,1255.0,432.0,1868.0,798654.0,274.2420797657673,0.7034711859282261,3.7233475494800614,-0.17631013933418058,-0.04248571023656972,19.399874186863354,11.178544093316672,-0.786070168569297,1.7354562476934698,646.5,98.75926270541139,0.8329572549811302,0.9802880970432144,3.8841283659743437
ID23542,23542,21,675.0,455.58629191321495,53.989151873767256,0.0,23.0,23,14.668929172241661,1,,1291.246290801187,1318.0,474.0,1925.0,870300.0,277.74153675997667,0.714785399067053,3.875824861078995,-0.20582503457885626,0.1429926390326553,19.76202377991079,10.990937229638348,-0.8325163399823262,1.7980289912510994,675.9999999999998,104.86090933430381,0.7725548457624126,0.9650249821556028,4.0331118974732245
ID23610,23610,21,657.0,458.42708333333337,53.94613821138211,0.0,26.0,26,14.450303987687136,1,,1323.6651445966515,1337.0,565.0,1872.0,869648.0,255.6566578935938,0.7177145375194034,4.326650083887996,-0.28370365386238694,0.15788070883679328,19.987850926382414,10.925384739409617,2.240495186234599,1.829487144217725,656.0000000000001,100.71867629072628,0.8126315595398436,0.9791044776119406,3.9324036421908692
ID22971,22971,21,633.0,462.3087691494981,52.758320126782884,0.0,0.0,0,14.172280627406867,1,,1240.9141494435612,1253.0,534.0,1797.0,780535.0,259.7347966531787,0.6978755425629778,3.927477650628677,-0.047419519334789065,0.020506888790035586,18.774098807750523,10.789689988646153,-0.7118086552964347,1.7400035429661331,631.0000000000001,98.06361086905981,0.824562276248838,0.9790535298681148,3.903850709137933
ID23419,23419,21,680.0,454.5274939172749,53.10486618004867,0.0,21.0,21,14.766254502611574,1,,1263.8492753623188,1281.0,375.0,1911.0,872056.0,283.0715786040826,0.7152593466836333,3.723597754544867,-0.08527687639485902,0.04342067692164831,19.62288111614012,11.259968219111032,-0.8072937285348544,1.7427119450332993,684.9999999999999,101.6154674601898,0.8336443224709553,0.977175463623395,3.882527438372104
ID23102,23102,21,690.0,460.5582970488631,55.014271891630386,0.0,10.0,10,14.809304898631524,1,,1208.1572052401746,1209.0,362.0,1913.0,830004.0,262.2781639953964,0.700188301624301,3.794103168912227,-0.08561536845938773,0.08102296308000166,19.879246952760756,11.24648543570891,2.3192991251578716,1.7675963807894877,688.9999999999997,101.76170195248437,0.8361041174524733,0.9779985805535838,3.8768120879858703
ID23295,23295,21,670.0,458.5326601844926,53.163674894041385,0.0,14.0,14,14.587328710694912,1,,1252.6842105263158,1261.0,326.0,2000.0,833035.0,265.66970299730923,0.7082055087423316,3.909747866288285,-0.27099798214694176,0.05667189268519952,19.637305532677864,11.121643041236632,-0.83286498740695,1.765683852634634,668.5000000000001,102.49622789928459,0.7996418409880883,0.9681390296886316,3.964214783980042
ID23169,23169,22,677.0,45.288970588235294,57.08995098039215,0.0,12.0,12,14.712264360219258,1,,1794.695716395864,1742.0,581.0,3260.0,1215009.0,448.54366136449033,0.7896241349956288,3.5308127339442215,0.04503411646792605,-0.03365444558992965,19.128907711379888,11.533003866912207,1.0012492211741595,1.6586231941064435,680.0000000000003,99.81249771811454,0.8577267005292623,0.9833694866232832,3.8276345599600945
ID23427,23427,22,706.0,43.17800614221592,55.70292936451689,0.0,21.0,21,14.985580559413249,1,,1797.6808510638298,1767.0,650.0,3254.0,1267365.0,408.0000542966788,0.791332934419471,3.892828735577014,-0.0979421516291587,-0.015285978241953572,19.337574696432203,11.754097892514904,0.998528007301934,1.6451772712175992,705.5,101.46651299163099,0.8611155085333622,0.9846475924633635,3.820095556647072
ID22981,22981,22,603.0,50.43584493584493,56.16966966966967,0.0,0.0,0,13.94016447231539,1,,1917.1778140293638,1906.0,668.0,3522.0,1175230.0,492.86818561950935,0.7944537528644684,3.444276079830979,0.027028886012906518,0.023738302002394202,18.11214608554103,10.88590111017159,0.8527053146674876,1.6638168859183708,610.5,94.4497719845837,0.8599906008044857,0.9736842105263156,3.8225931715504378
ID23302,23302,22,693.0,45.76258992805755,56.149640287769785,0.0,14.0,14,14.873646859386387,1,,1785.8979885057472,1740.0,614.0,3230.0,1242985.0,448.897530018132,0.7932092751165319,3.5196237152119845,0.027009091731606046,-0.02124171683980287,19.53621732400172,11.500779574910345,1.018838479630527,1.6986863539773576,695.0,101.1536561082173,0.8535549778741501,0.9823321554770317,3.8369768795480526
ID23690,23690,22,663.0,42.31020613373555,57.98491704374057,0.0,29.0,29,14.527197064122632,1,,1955.4774096385543,1923.0,694.0,3581.0,1298437.0,472.22158381945445,0.80214960964009,3.686391871267066,-0.003727369834340288,0.06891852772700632,19.32569915129816,11.074110283233418,0.936011067114257,1.74512431762197,663.0,101.0786273920418,0.8154638644170531,0.9728539985326488,3.9255686036457758
ID23692,23692,22,682.0,42.054989075018206,57.943797038116045,0.0,28.0,28,14.782413093442234,1,,1906.2,1891.0,632.0,3427.0,1305747.0,462.7021442234803,0.8008774846890956,3.6641974217266107,0.0019223353716442265,-0.04981471795958765,19.411135636755905,11.415311663033503,0.9582641657659605,1.700447277284201,686.5000000000002,99.7493099255102,0.8670229749086388,0.9870596693026601,3.807059190560402
ID23949,23949,22,669.0,43.10457029309489,59.47242921013413,0.0,35.0,35,14.614579488624484,1,,1969.622950819672,1928.0,814.0,3343.0,1321617.0,452.0347721510678,0.8008640980165351,3.875423186132049,-0.06015765653843544,-0.03584841089136377,19.356174992612356,11.173901740042226,0.9940926545392084,1.732266440400899,670.9999999999999,100.37565339912555,0.8369039420025663,0.9759999999999999,3.874959121038428
ID22932,22932,22,636.0,50.151910408432144,56.03280632411067,0.0,2.0,2,14.189115652895623,1,,1847.1069182389938,1810.0,640.0,3555.0,1174760.0,478.8632746354456,0.7953567729655387,3.417603838962802,0.020717177796733825,-0.02483568965120146,18.1796256729456,11.228358373613649,0.8645585776566254,1.6190813534832706,632.4999999999999,96.00115540754271,0.8624173280470492,0.9745762711864405,3.817211249415093
ID23508,23508,22,707.0,43.253817242189335,55.83380314775664,0.0,22.0,22,15.028002669929213,1,,1794.6521126760563,1765.0,665.0,3280.0,1274203.0,416.6951496887042,0.7911539835530357,3.804695640240891,0.016962626097887873,0.05286689932455794,19.50289917889703,11.72887818360229,0.9918949691009067,1.662810276788731,709.5000000000002,103.6130641466617,0.8304877470131731,0.9786206896551727,3.8898989303471674
ID23637,23637,22,690.0,42.83769696969697,58.27284848484849,0.0,27.0,27,14.793175681757992,1,,1899.2809315866084,1871.0,624.0,3560.0,1304806.0,462.3313099979047,0.8004449226306214,3.6527294969948683,0.042817330107802476,-0.01643561296101861,19.243324971953502,11.574529474776181,0.9794536849336605,1.6625578615432757,687.4999999999999,100.375244753364,0.857490529088965,0.9807417974322398,3.8281616303481
ID23768,23768,22,674.0,43.207745607522895,58.67421430339025,0.0,31.0,31,14.641779548428635,1,,1970.6631892697467,1945.0,644.0,3463.0,1322315.0,473.51091002383924,0.8041231008204607,3.709956191311432,-0.01691695742025109,-0.06306720068014049,19.33857496285499,11.329114096484657,0.9619169861520525,1.7069803338687897,673.5000000000001,99.95260778551484,0.8471478348436144,0.980349344978166,3.8514594468862833
ID24088,24088,22,642.0,42.292413613925696,60.5896336710834,0.0,37.0,37,14.289709303792772,1,,2071.411214953271,2055.0,801.0,3538.0,1329846.0,488.9184112443995,0.8037009579888893,3.7756339028849175,-0.04221802449201544,0.05130824613147,18.83319820436523,11.067230537083601,1.0192636364466023,1.7017083127761512,641.5,98.01097780032048,0.8391837795871063,0.9756653992395434,3.869691928134209
ID22937,22937,22,676.0,46.215308641975305,56.23728395061728,0.0,8.0,8,14.658075357087597,1,,1776.0521609538002,1721.0,509.0,3268.0,1191731.0,454.69351195336793,0.7872211304290089,3.4410058199051705,0.05741746425326951,-0.031195211203566543,18.568308687230818,11.84867782805186,0.9797909861020451,1.5671207333589716,674.9999999999999,98.58317204863742,0.8727865816540666,0.9811046511627903,3.794468061323201
ID22809,22809,22,677.0,45.30380528786756,56.10390412651347,0.0,9.0,9,14.65264543456119,1,,1781.4696296296297,1737.0,488.0,3212.0,1202492.0,448.18658042329236,0.790657162675146,3.5101472482090545,-0.019743321368445515,-0.12019822313512184,18.7323161242095,11.67319191941913,1.0111904335471522,1.60472955927736,674.5000000000002,98.98132996348963,0.8651377210576506,0.9810909090909095,3.811204985509612
ID23577,23577,22,713.0,44.09558652729384,56.430081300813015,0.0,24.0,24,15.112489647204718,1,,1815.1536312849162,1806.0,676.0,3236.0,1299650.0,438.90138290607507,0.7972651729452909,3.6691635429956624,-0.03644324313994652,0.07781842099984841,19.74257530955998,11.75830281344927,1.000081364595755,1.6790327331065347,717.5,103.29088257003582,0.8450993990526245,0.9808612440191388,3.8561243965680836
ID24153,24153,22,644.0,43.35085007727975,60.45517774343122,0.0,41.0,41,14.350836085779552,1,,2096.4945567651635,2056.0,815.0,3802.0,1348046.0,507.57792203063946,0.8068723204460319,3.68891258291932,-0.0019834000661672303,0.009978357822405661,19.2156347012221,10.84547660009989,0.9780517980433374,1.7717648942274349,647.0,98.3139218732329,0.8411706338942714,0.9773413897280967,3.8651190987798714
ID23322,23322,22,696.0,43.513142174432495,55.86702508960573,0.0,20.0,20,14.900374009171514,1,,1808.0977011494253,1770.0,671.0,3222.0,1258436.0,416.72915717615786,0.7912309683834853,3.8330959432995786,0.022024771104507176,0.04993949435379558,19.246653739893226,11.770928842280671,0.9837867734127327,1.6351006787807663,697.5,100.27063009132101,0.8717793707686374,0.9830866807610994,3.796659399185041
ID24027,24027,22,636.0,42.2032967032967,60.95238095238095,0.0,38.0,38,14.239501307948768,1,,2094.777429467085,2081.0,887.0,3709.0,1336468.0,522.2801482062442,0.8080287373342085,3.5849725982384437,0.06905238007824756,-0.08302888703347151,19.068358718808348,10.933942401827947,1.029099315965872,1.7439600482640627,636.9999999999999,97.62002833203539,0.8399848199198863,0.9830246913580244,3.867846347949462
ID24028,24028,22,618.0,43.04308023694131,61.109316101238555,0.0,39.0,39,14.036873567421146,1,,2155.188006482982,2131.0,792.0,3876.0,1329751.0,540.251348717416,0.8075726456312293,3.5645534967234855,-0.042335215608770085,-0.0032478240561924884,18.709904443742378,10.714395788116974,1.0007862456950285,1.7462398079873986,619.0000000000001,95.41809145323347,0.8543563700933229,0.9809825673534076,3.835176901847088
ID23774,23774,22,661.0,43.13965341488277,58.228338430173295,0.0,30.0,30,14.428259270064393,1,,1986.4335877862595,1941.0,758.0,3472.0,1301114.0,468.6378772914276,0.8029808533962045,3.7755544115399418,-0.010738874311667968,-0.020923847833912535,19.24822344560233,10.988799736684978,0.9640839595521207,1.7516220066641233,653.9999999999999,99.88476488670351,0.8237380151967171,0.9724907063197022,3.9058033855211765
ID23327,23327,22,712.0,43.98423265592152,56.385774351786964,0.0,17.0,17,15.070305364926572,1,,1748.0238095238096,1692.0,633.0,3100.0,1248089.0,430.9783849525016,0.7877108981098355,3.5743034184415325,-0.06083157107042668,0.04660691959256497,19.534489283806654,11.847706372489023,1.0199932904272941,1.648799241781239,713.4999999999999,103.09124346088969,0.8436460655295175,0.9753930280246068,3.8594444045562377
ID23647,23647,22,708.0,44.401493930905694,57.024276377217554,0.0,25.0,25,15.07558485549488,1,,1838.0841514726508,1807.0,561.0,3260.0,1310554.0,450.0499456535253,0.7988371614606181,3.627447047310484,-0.05274760947018148,0.035411384468055654,19.708887128278388,11.635628027854684,1.0021469857771033,1.6938395659518353,714.0000000000001,102.33267742856829,0.8567998889124739,0.9868693849343471,3.8297042015392893
ID23903,23903,22,677.0,43.252877785941706,58.89799167278962,0.0,34.0,34,14.717672287018404,1,,1949.6769456681352,1929.0,780.0,3661.0,1327730.0,467.0294311925845,0.8010471918007681,3.7134827596158555,0.0032647988921239175,-0.003209428428505503,19.471318236560265,11.383363906069235,1.0068124714745474,1.710506524892769,680.5,99.91839159151087,0.8565389654936436,0.9791366906474819,3.830287469472968
ID23136,23136,22,690.0,45.231461483081354,56.95476361891049,0.0,11.0,11,14.868295664084792,1,,1766.933621933622,1719.0,412.0,3333.0,1224485.0,456.36197247672305,0.7913980737044847,3.420925905489531,0.02011108533168904,0.025631659119603467,19.268288203273734,11.672023895256007,0.980170917175479,1.650809523368536,694.5,100.31995786651619,0.8671763636354638,0.9816254416961131,3.8067224737101144
ID23841,23841,22,672.0,43.32949194547707,58.62391573729864,0.0,32.0,32,14.63090559256669,1,,1961.679525222552,1922.0,770.0,3659.0,1322172.0,461.1183136935123,0.8008654800517735,3.783763514358116,0.044377532512232545,-0.0031685282068447547,19.277086681119627,11.297797810500192,0.9596349131034134,1.7062693990862068,672.4999999999999,99.8436180448153,0.8477377684404133,0.9831871345029238,3.850119114515012
ID23202,23202,22,679.0,45.100196222712775,56.851483934265396,0.0,13.0,13,14.706854444845975,1,,1797.7466863033874,1740.0,601.0,3287.0,1220670.0,455.3392790451569,0.7901159167901666,3.4852427591340254,0.002404146881157983,0.0759525077788878,19.103153528544055,11.596289340715789,1.025816719979584,1.6473505418212426,679.5000000000001,99.58743679520894,0.8609743555263101,0.9769949676491734,3.820408687852889
ID22819,22819,22,645.0,48.76925064599483,55.65038759689922,0.0,4.0,4,14.32863833686038,1,,1822.6913580246915,1783.0,609.0,3486.0,1181104.0,460.9903395468222,0.7929267864928009,3.497211028944412,-0.021557412966853734,-0.04877951497377154,18.534679158953217,11.293828752911924,0.8951450420433149,1.6411333626937066,644.9999999999999,97.01371187347915,0.8611986403299446,0.9854851031321616,3.819911174638057
ID22820,22820,22,641.0,48.56086506086506,55.730510230510234,0.0,3.0,3,14.311967431463406,1,,1831.134375,1783.0,706.0,3406.0,1171926.0,456.1578441561766,0.7907160102770951,3.5451031781629374,-0.021553707691045046,0.059958154545071016,18.657540679862315,11.156013136243777,0.8792116577619715,1.6724201067178286,643.4999999999999,96.9971893671595,0.8594885886576685,0.9801980198019801,3.8237093632601242
ID23397,23397,22,727.0,43.14416896235078,55.961891643709826,0.0,19.0,19,15.201742576738761,1,,1754.6500691562933,1716.0,509.0,3115.0,1268612.0,421.057902051712,0.7911161068404255,3.6812488682140683,-0.01358664144233251,0.040701967304413625,19.30058269033414,12.131453602912716,0.9575932968896906,1.59095383967014,726.0,101.58196373234395,0.8841241965854648,0.983073798239675,3.770060275971959
ID24104,24104,22,634.0,43.31858522578961,60.32772122161315,0.0,40.0,40,14.25625695364496,1,,2118.39465408805,2086.0,770.0,3625.0,1347299.0,536.2591275464579,0.8101796963040853,3.5360779982767414,0.04043088956171681,0.0043561262572334785,19.027444659559126,10.881953260493127,1.0052429511704504,1.7485321066979918,638.4999999999999,96.88554299666139,0.8547769656803287,0.98306389530408,3.8342332305611952
ID22763,22763,22,619.0,51.0328447339848,56.46796959826276,0.0,1.0,1,13.980066885278031,1,,1899.446982055465,1862.0,667.0,3506.0,1164361.0,480.0632915906722,0.793272784454169,3.5005385950187873,-0.11147743036221107,-0.019385555988673822,18.286311221832797,10.976617234624273,0.874195315357987,1.6659332133902849,613.9999999999998,94.6854004434615,0.8606215065311933,0.9855537720706257,3.821191778453117
ID23213,23213,22,697.0,45.896539293439076,55.63121845710166,0.0,15.0,15,14.85758749152967,1,,1781.1890331890331,1730.0,714.0,3261.0,1234364.0,425.1300757025295,0.7877456572619799,3.692312614201505,0.03889658968577982,0.016831329753227882,19.243942271600154,11.550529024758221,1.0162885030923885,1.666065877186346,693.5000000000003,101.83598668277422,0.8403375655727434,0.9733333333333338,3.8670344663616687
ID23984,23984,22,666.0,42.57376844211053,59.99062265566391,0.0,36.0,36,14.565491380022044,1,,2000.2113943028485,1974.0,892.0,3463.0,1334141.0,474.36478340813034,0.8035780490991804,3.7573926086175735,-0.028061213425566733,-0.017283488573047526,19.429927693595815,11.110115819973435,1.0189290427467441,1.748850147778412,666.4999999999999,99.30882870814139,0.8492475417955663,0.9794268919911829,3.846695264144049
ID23858,23858,22,677.0,43.002928257686676,58.89848706686188,0.0,33.0,33,14.744682168956004,1,,1954.1244509516837,1925.0,724.0,3383.0,1334667.0,486.91893323129693,0.8048557190360152,3.5793246974535786,0.0023819969094171375,0.02574964935043561,19.423498255323622,11.30110426915051,0.9636852716973595,1.718725691996793,683.0000000000003,99.88632186387164,0.8602378059076741,0.9806173725771724,3.8220438859744568
ID22899,22899,22,686.0,47.225218658892125,55.61345966958212,0.0,7.0,7,14.777028859756632,1,,1754.2923976608188,1709.0,521.0,3249.0,1199936.0,459.74117666087125,0.790279926106592,3.368826017379271,-0.035717164608007675,0.03088182632553011,18.613659313023252,11.881018086106735,0.9650609800880455,1.5666720796250149,685.9999999999999,99.45143156591672,0.8715893234470566,0.9799999999999996,3.797073301467913
ID23543,23543,22,721.0,43.557327785483125,56.11696717521961,0.0,23.0,23,15.149304536463482,1,,1783.0719225449516,1773.0,604.0,3278.0,1289161.0,426.55425471574523,0.7921317706867025,3.695320165851771,0.07266337385125943,0.022842459569754135,19.687398131386256,11.866676252935102,0.9840440242575139,1.6590490640980264,720.9999999999999,102.95108473711379,0.854836928045294,0.9802855200543845,3.8340987524422263
ID22778,22778,22,664.0,48.70440485028458,55.63140311804009,0.0,5.0,5,14.641779548428634,1,,1777.2933333333333,1733.0,576.0,3523.0,1199673.0,459.8496334034052,0.7935372866348989,3.4200321701062273,0.014717693780598813,0.102713620109288,18.604653201963608,11.76513671046098,0.9077694380498216,1.5813376129680894,673.4999999999999,97.67445841943886,0.8871262708481868,0.9889867841409692,3.763675845319633
ID23226,23226,22,710.0,45.24360762436076,56.08856345885635,0.0,16.0,16,15.107223053684548,1,,1744.2205270457698,1692.0,572.0,3313.0,1257583.0,452.72510965417905,0.7909164814385714,3.4029228164491863,0.04153118979778569,0.05517548514081614,19.43840959211285,12.054496418202994,1.0302187887714969,1.6125443085917481,716.9999999999999,101.22886552891035,0.8792660005912278,0.9862448418156807,3.780461259015995
ID23291,23291,22,708.0,43.88457921955806,56.73554301833568,0.0,18.0,18,15.022706457370044,1,,1766.6039325842696,1739.0,571.0,3067.0,1257822.0,423.24788384587623,0.7889671233933782,3.681552008588265,-0.04351374901182337,0.05470688138492768,19.488232800000596,11.751597038171537,0.9916046197583734,1.658347604729716,709.0,102.10996440056338,0.8545153128364563,0.9799585348997928,3.8348202073113984
ID23611,23611,22,680.0,43.851865398683245,57.993782004389175,0.0,26.0,26,14.750078210186578,1,,1908.5454545454545,1860.0,781.0,3504.0,1301628.0,468.7698982026818,0.8020044196097137,3.6240459638517506,0.0497392401970816,0.01614942003987599,19.515064283122204,11.33825350599847,1.0043813177885828,1.7211702201576122,683.4999999999999,99.35993139637006,0.8700131501557917,0.9891461649782922,3.800511259468269
ID22911,22911,22,684.0,47.99733913884857,55.76656990807934,0.0,6.0,6,14.809304898631527,1,,1748.299132947977,1715.0,576.0,3217.0,1209823.0,450.2551151416924,0.7897975696968468,3.426880509858877,0.03228716968035716,-0.06732147808036973,18.790263160532465,11.927434910768675,0.9675507015946361,1.575381739754261,689.0,99.28409270745426,0.8783543229325186,0.9814814814814815,3.7824226930942304
ID23103,23103,22,680.0,45.488954344624446,56.22238586156112,0.0,10.0,10,14.701442538703265,1,,1779.6808823529411,1730.0,638.0,3275.0,1210183.0,434.0579489207768,0.7872327011988954,3.611989182194679,0.009312645958189843,0.027775966453638615,18.89178937727262,11.585679178473447,1.001596026369389,1.6306156148682378,679.0000000000001,99.13937931724199,0.8681349628285432,0.9833454018826937,3.8046201917210896
ID22784,22784,23,563.0,88.69881481481482,56.19096296296296,0.0,5.0,5,13.380930871145782,1,,352.1740674955595,350.0,237.0,468.0,198274.0,43.168686369777724,0.29671505245030516,3.733477706004526,-0.06197243026292197,-0.019623241319108517,16.868983823031623,10.853359252896393,-1.3188919539024146,1.5542638394218697,562.4999999999999,91.04981170029426,0.8526568528698629,0.9791122715404698,3.8389971400317076
ID23104,23104,23,444.0,85.94106606606607,57.503003003003,0.0,10.0,10,11.888212206450685,1,,356.22921348314605,353.0,250.0,489.0,158522.0,41.60146123734959,0.2612779088302848,3.5476669706302877,0.011577331554359305,0.14326467749277405,13.475409715511836,10.545866552095072,-1.038874692744587,1.2777906537073307,443.99999999999994,81.40222249364898,0.8420159325978683,0.9747530186608123,3.863178517593543
ID23297,23297,23,445.0,84.93382077240345,61.074803149606296,0.0,18.0,18,11.894904136170876,1,,362.46741573033705,359.0,267.0,491.0,161298.0,43.12940870605039,0.2663006251962452,3.534767292211966,-0.01944455728315538,0.1002640631410405,12.727935271707121,11.439585574986879,-1.543406205985652,1.1126220603250936,444.50000000000017,78.44614125752325,0.9076918960936512,0.9834070796460184,3.7207946579767803
ID23170,23170,23,557.0,87.33482409063804,56.63923673225999,0.0,12.0,12,13.339236349084569,1,,359.14874551971326,356.0,242.0,470.0,200405.0,43.95012380670311,0.30743036788222905,3.8430182179904127,0.003823963450679492,-0.01637027238245993,16.431778152527148,11.101441380920873,-1.2855716540688402,1.4801481707381785,559.0000000000001,88.51583918672456,0.8965606828564154,0.9841549295774652,3.7438210959929132
ID22920,22920,23,601.0,87.75792988313856,55.751252086811355,0.0,6.0,6,13.808244704671576,1,,349.3098827470687,345.0,238.0,476.0,208538.0,42.45079409087611,0.29964201401532936,3.794320523825351,-0.009078559743394022,-0.04369712173430366,17.362698654537823,11.181127726073147,-1.2861385967250807,1.5528575542563512,599.0,93.23100956898757,0.8659960522659713,0.9771615008156607,3.8093157810759593
ID23434,23434,23,563.0,85.37121892782271,58.89472896076669,0.0,21.0,21,13.30937457814151,1,,370.8936936936937,369.0,262.0,506.0,205846.0,45.79716558173846,0.32258027960318625,3.95054138616947,0.07641052074101026,-0.06918523599344356,16.551815629946475,10.995646658695387,1.8482977124709543,1.5053062492561322,556.4999999999999,87.96411565538807,0.9037825481041848,0.9902135231316725,3.728833198538625
ID22989,22989,23,576.0,88.14102564102564,58.17744755244755,0.0,0.0,0,13.493452297211723,1,,349.259649122807,347.0,219.0,456.0,199078.0,42.033327891748336,0.27811626926525085,3.6161019428908014,0.023645587948243993,0.15738302855460326,16.855803330879336,11.007865369783703,1.9407546533261524,1.5312508615110854,572.0000000000002,90.08151222157984,0.8857977166423608,0.9828178694158082,3.7664972422326115
ID23310,23310,23,622.0,88.16316073354909,57.22923408845739,0.0,14.0,14,14.02553063743339,1,,353.85645161290324,350.0,238.0,468.0,219391.0,43.354350600408225,0.30946838294934087,3.8578531956974293,-0.1135161132772624,-0.010520600620014246,17.45273873689996,11.601835733739206,1.8313714477331404,1.5043083816594462,618.0000000000001,93.64175131390155,0.8856442030525286,0.9825119236883945,3.766823661948853
ID23950,23950,23,617.0,84.44751082251082,64.25081168831169,0.0,35.0,35,14.002817212590294,1,,370.7694805194805,365.0,203.0,499.0,228394.0,45.372626435422504,0.3362201875802963,4.112309679270402,-0.086014088965312,0.07934636450625024,17.315577954206358,11.624937949979955,-1.4457026403502138,1.489520032598214,615.9999999999999,93.28603823055927,0.8895231955539014,0.9855999999999998,3.7586015914567112
ID23695,23695,23,545.0,84.40463132236442,65.5219378427788,0.0,29.0,29,13.195283541573993,1,,378.86788990825687,379.0,264.0,505.0,206483.0,44.3523759243506,0.3296082824132359,4.235213512650592,-0.006970288622947375,-0.12121951443631364,16.29492516421092,10.86484495870627,-1.4294461816965836,1.4997844171861276,547.0,88.60644135790902,0.875521067933202,0.9776586237712243,3.788537858384227
ID23696,23696,23,520.0,84.99488163787588,65.73800383877159,0.0,28.0,28,12.877866698399815,1,,382.1360153256705,382.0,268.0,508.0,199475.0,45.824109666225496,0.32565998574180965,4.097190742107394,-0.014625010436907166,-0.006444885300662264,15.785719642007317,10.700338277408859,1.7503543012392364,1.4752542613848942,521.0,84.89342279847966,0.9084467990718837,0.990494296577947,3.7192483799020324
ID23509,23509,23,577.0,86.37152777777777,59.465567129629626,0.0,22.0,22,13.540550005146152,1,,369.67534722222223,367.0,241.0,509.0,212933.0,46.71564843363393,0.32537741504370676,3.8854018490812905,0.01986104017530685,-0.027034737192657272,16.605202944307393,11.20868992815692,1.7864014708695393,1.4814579625933,576.0,90.94882042100703,0.8750607530045574,0.9754445385266723,3.7895341842086263
ID23641,23641,23,610.0,85.59559024924678,63.317036428375786,0.0,27.0,27,13.917311728305744,1,,370.8305921052632,368.0,247.0,487.0,225465.0,46.82037516355549,0.33328166829162487,3.959680816728345,0.00847383783367392,0.07985752840631007,17.620880725679186,11.236557535267627,1.6924915406555459,1.5681742980778053,608.5,93.11056844217332,0.8820079314099227,0.9846278317152104,3.774580454818894
ID23578,23578,23,585.0,86.35194657573174,61.92114236999147,0.0,24.0,24,13.663409100469517,1,,372.29692832764505,368.0,245.0,506.0,218166.0,47.808562950620086,0.33119877195489883,3.8748916970893577,0.020672220971376075,0.10201476149317901,17.098506487841114,11.092658989964795,-1.3768058391270799,1.5414254150704203,586.4999999999999,91.22913571074392,0.8855452534614757,0.9832355406538137,3.7670341058804766
ID24090,24090,23,580.0,85.11485319516407,64.0161197466897,0.0,37.0,37,13.575766059431594,1,,382.48096885813146,379.0,244.0,502.0,221074.0,47.166879713071026,0.34117337378274626,4.125654799291139,-0.04921450397364377,-0.09050393900660399,17.010539902707304,11.074996381219155,-1.441073916749072,1.5359408994077481,579.0,90.66831469968885,0.8850694309039204,0.9846938775510204,3.7680465682344075
ID22940,22940,23,527.0,89.44969754855141,59.800222858962115,0.0,2.0,2,12.908726715567823,1,,343.90996168582376,341.0,240.0,467.0,179521.0,39.91336030099149,0.26778336665894203,3.6399465528481074,-0.1188187702506251,-0.01703654131040977,15.449408830499289,11.125830678790635,1.9515839392448737,1.388607221926428,523.5,89.543730097989,0.820457683748944,0.9649769585253456,3.913603634692399
ID23772,23772,23,596.0,83.52378953260565,66.2545479988805,0.0,31.0,31,13.767844320097732,1,,379.51677852348996,374.0,264.0,505.0,226192.0,48.853628615819076,0.3409458913794316,3.950375301636058,0.018098877159435076,0.04958085997053334,17.249985429508307,11.204984888825438,-1.427578040727501,1.5394920743455403,595.5,94.95015873561445,0.8300423276597959,0.9667207792207794,3.8909424939269943
ID24156,24156,23,601.0,85.88020402536532,64.87799834574028,0.0,41.0,41,13.87149329373379,1,,385.72591362126246,381.0,273.0,520.0,232207.0,48.51312970035681,0.3522601652373995,4.142407303294377,-0.011070444494812365,0.04691674813592905,17.44354793640431,11.23433289719188,-1.3670219490771207,1.552699932967491,604.5000000000001,92.92889914158364,0.8796392191904102,0.9821283509341998,3.7796591755500226
ID22813,22813,23,515.0,86.70284237726098,55.08914728682171,0.0,9.0,9,12.815923738491737,1,,357.9961315280464,354.0,242.0,488.0,185084.0,43.861922005997236,0.295795422831513,3.7262816594152595,0.04546109886611035,0.0013895605681768695,15.281573755617252,10.998021491446146,-1.219771419569613,1.3894838964901728,516.0,85.08186078651437,0.8957475035653089,0.9791271347248577,3.7455200720678565
ID24029,24029,23,594.0,85.75406162464985,64.3795518207283,0.0,38.0,38,13.762063154896342,1,,380.41008403361343,378.0,266.0,526.0,226344.0,46.642308569003376,0.34453262367533144,4.179852781190137,-0.01807189519042487,0.025616059854997854,17.13263754803497,11.206130974002637,-1.457719511697277,1.5288628687083325,595.0000000000001,91.30025023158802,0.8969802776262544,0.9842845326716296,3.7429453401134
ID24030,24030,23,580.0,85.65523156089193,65.02144082332761,0.0,39.0,39,13.622579184763435,1,,386.47594501718214,386.0,261.0,495.0,224929.0,45.74427841032106,0.34939409365358925,4.375144854958017,0.020376674611584412,-0.13320542209040181,16.952210378280274,11.16226817182933,1.743658084896964,1.5187066031134475,583.0000000000001,90.20205821912477,0.9004208110642995,0.9881355932203392,3.7357875459236856
ID23904,23904,23,606.0,83.86663891201776,64.8827366083819,0.0,34.0,34,13.825523015545063,1,,372.8478260869565,369.0,270.0,494.0,222963.0,44.23083866567002,0.334186887137707,4.222884214254085,0.022789375557926008,0.027269852449534334,17.32705758333629,11.245808929055833,-1.4486123956575032,1.5407568893126324,600.4999999999999,91.58432746987252,0.8996644391127887,0.9892915980230641,3.7373576042390044
ID23137,23137,23,592.0,86.90794326241134,55.38482269503546,0.0,11.0,11,13.67505239964283,1,,356.155668358714,353.0,241.0,490.0,210488.0,45.3626755875281,0.3120795565225717,3.734877357790067,0.009585191721465915,-0.07203295305360335,17.020134838965394,11.205718364236356,1.8609728494372355,1.5188794047587397,587.5000000000002,91.17692083897083,0.8880714165598628,0.982441471571907,3.761672532870825
ID23329,23329,23,549.0,85.71060606060607,59.306363636363635,0.0,20.0,20,13.231418571003067,1,,370.52276867030963,370.0,250.0,495.0,203417.0,44.61180830784221,0.3187837986570866,4.015297302910232,0.034673302627050456,-0.05561660760939754,16.522776066296952,10.786836825118495,1.8756362087193374,1.5317535932147974,549.9999999999999,89.88669774923322,0.8554245346908748,0.9751773049645388,3.832781670195352
ID22946,22946,23,474.0,86.63114174620007,56.89201131141746,0.0,8.0,8,12.250841250120633,1,,355.84322033898303,355.0,253.0,500.0,167958.0,40.39240638061492,0.27470657361264117,3.797062896434027,0.0967959597492828,0.15275214185718594,14.403847111509261,10.697594954736612,-1.1349668690426384,1.3464565794886092,471.49999999999994,82.4287440326007,0.8720355619740136,0.9751809720785933,3.796101656909452
ID23778,23778,23,576.0,84.37681159420289,65.40347826086956,0.0,30.0,30,13.528790949515024,1,,377.8086956521739,375.0,257.0,508.0,217240.0,46.80087845228404,0.3356188911619808,4.057063314092776,-0.024066593480608408,0.11804018336852379,17.072728242391538,10.922657464227346,-1.4159497241798882,1.5630562707204,574.9999999999999,91.13907867322472,0.869898217143303,0.9829059829059827,3.8007623174498186
ID23651,23651,23,588.0,86.31743327654742,62.463940942646225,0.0,25.0,25,13.669231989760256,1,,374.73720136518773,371.0,243.0,523.0,219596.0,47.4513431224035,0.3340482124259915,3.9549948451959036,0.020789624614403375,-0.048316467453757145,17.462252098527845,11.0466757883732,-1.3934665296951332,1.5807698562953336,587.0,91.74155298189397,0.8764270845529264,0.985726280436608,3.786579129657963
ID23845,23845,23,566.0,83.37663107947805,66.61862396204033,0.0,32.0,32,13.374982468597494,1,,383.92857142857144,380.0,266.0,490.0,215000.0,44.02652361358516,0.3368175332182693,4.3942887591380675,0.035557923520629954,0.07803911512490065,16.6066864746238,10.990093846806666,-1.3758462120483976,1.511059569291041,561.9999999999999,88.32700814627174,0.9052304191774938,0.992056487202118,3.725849963472128
ID23206,23206,23,601.0,88.49080267558529,57.07497212931996,0.0,13.0,13,13.796713809378916,1,,354.9179229480737,351.0,238.0,507.0,211886.0,42.748974206156305,0.31007701181404584,3.9301124163653895,-0.040958666312850174,-0.028381830841375542,17.07084843292959,11.334677279473857,-1.2717196446100336,1.506072736966535,598.0000000000002,92.50875643282376,0.8781028004258948,0.9771241830065361,3.7829643701731026
ID23334,23334,23,534.0,85.94612001256675,58.88360037700283,0.0,17.0,17,12.994744884779422,1,,358.95085066162574,356.0,254.0,473.0,189885.0,42.14060883637971,0.294815352267755,3.878880783761351,0.02545981472373248,0.013111789130388941,15.422709463608317,11.236110099334347,-1.3260656933141837,1.372602201941933,530.5,86.78768999485492,0.8850727999535652,0.9869767441860463,3.768039396650311
ID22825,22825,23,531.0,88.98558897243109,58.22744360902256,0.0,4.0,4,13.013103375051495,1,,346.3864915572233,343.0,237.0,458.0,184624.0,41.47184892513468,0.2756269821948179,3.609404687618565,-0.012210522746271999,-0.0722959931576812,15.629420117573561,10.93161093685773,-1.269995744918964,1.4297453694474611,531.9999999999999,90.93111167746869,0.8085306634850239,0.9542600896860984,3.9423636737722116
ID24105,24105,23,601.0,86.78288740245262,64.28957636566332,0.0,40.0,40,13.796713809378915,1,,380.4103852596315,379.0,259.0,531.0,227105.0,44.80270799453167,0.3422939671584805,4.330416833277068,-0.03753032741259904,-0.07890483374144903,17.059183006606553,11.464721837828508,-1.353496740106019,1.487971818934045,598.0000000000001,91.40390862843739,0.8994592926502902,0.9843621399176956,3.73778378360352
ID22826,22826,23,608.0,89.51965601965603,57.71157521157521,0.0,3.0,3,13.94016447231539,1,,343.0673234811166,340.0,247.0,460.0,208928.0,39.023867522453365,0.28995659468525514,3.9521819909228757,-0.00842964225099486,0.05990849838245551,17.49831534434605,11.224193501949465,-1.2869543374727195,1.5589819741887798,610.4999999999999,93.9858253265821,0.8685019808930236,0.9752396166134182,3.803816214342642
ID23404,23404,23,569.0,85.97912992357436,58.32186948853616,0.0,19.0,19,13.434347973244156,1,,367.35044247787613,362.0,265.0,500.0,207553.0,44.89259468362217,0.3203809761827139,3.971031366663116,5.89309363328185E-4,0.07293024289010358,16.622299196760807,11.02157216806792,-1.2904136159731556,1.5081604460132745,567.0000000000001,89.32818664544354,0.8929268598588451,0.9903930131004369,3.7514312211461056
ID22765,22765,23,582.0,89.44582264043342,57.69503849443969,0.0,1.0,1,13.640092685697764,1,,346.3777777777778,342.0,216.0,461.0,202631.0,41.00759015758821,0.2851620500826648,3.7484317217702783,-0.017985940273451958,-0.10754362091807143,16.85062793204559,11.31324982561846,1.8400715541552388,1.4894595444969252,584.5,90.69157660293821,0.893018540937312,0.9831791421362488,3.7512386472675696
ID23217,23217,23,471.0,87.21539548022598,58.943502824858754,0.0,15.0,15,12.257335203001881,1,,356.13461538461536,350.0,257.0,482.0,166671.0,39.46674851291299,0.2676113692244508,3.8100552175366267,0.04874793158725655,-0.11064836382413101,13.928807427754242,11.121622833007459,-1.1446047490670628,1.2524078218527104,471.99999999999994,82.19496496884037,0.8779331203447187,0.9603255340793487,3.783329923467815
ID23985,23985,23,548.0,84.4531202435312,65.19497716894978,0.0,36.0,36,13.20131291522269,1,,382.8278985507246,380.0,264.0,518.0,211321.0,43.866292686428324,0.33407051083219846,4.370810723296363,-0.01509627918341492,0.04575572133903385,16.233838941377766,10.904930026739706,1.6538999738500768,1.4886697027464804,547.5,88.67696178671913,0.8749281250138723,0.9776785714285714,3.7898213959490414
ID23861,23861,23,596.0,83.46913580246913,65.8526936026936,0.0,33.0,33,13.750493532712623,1,,377.7195945945946,373.0,262.0,509.0,223610.0,44.90300606653944,0.336964481705843,4.240219611536292,0.027377165866973436,0.0964930357474073,17.122460142075113,11.224522726657831,-1.5026916066007772,1.52545106451697,594.0,92.6012336785609,0.8704879503209996,0.9801980198019802,3.7994746400065535
ID23544,23544,23,587.0,86.2955442752397,60.41285956006768,0.0,23.0,23,13.715726110367628,1,,371.5508474576271,368.0,249.0,506.0,219215.0,48.97537537547356,0.3319394455602978,3.7813324526185985,-0.0046330586420917415,-0.04723079369842992,17.03697138930651,11.277400841426882,-1.404279108575229,1.5107179064454441,591.0000000000001,91.84097274805183,0.8804899331718112,0.9784768211920531,3.7778328139825588
ID22908,22908,23,602.0,87.50055648302727,55.02253756260434,0.0,7.0,7,13.808244704671575,1,,350.04355108877724,348.0,245.0,471.0,208976.0,41.5909060883242,0.3037891955362566,3.922099804661323,-0.007933834673339114,-0.014039436045642732,17.586433101057306,11.047937192221246,1.8763928018083833,1.591829569183264,598.9999999999999,93.29780404141034,0.8647565151931061,0.9731925264012996,3.812044929232404
ID23612,23612,23,597.0,85.75132054489852,62.567278287461775,0.0,26.0,26,13.814006542896324,1,,371.0617696160267,367.0,251.0,535.0,222266.0,45.974777048099114,0.33339398338727416,4.036043535201184,0.021223261748764138,0.02031903885303967,17.267915618692594,11.176895310737732,-1.4244113256270794,1.5449653180613734,599.4999999999999,92.49398532420832,0.8805865879767507,0.9827868852459013,3.777625477350914
ID23229,23229,23,583.0,86.77476313522826,57.451191501579096,0.0,16.0,16,13.593339873985732,1,,356.2041166380789,353.0,240.0,484.0,207667.0,42.339908913509014,0.30617086682518263,3.9440542630452855,-0.03339672031754459,0.009940832644284093,16.711843403994777,11.2663450287263,1.801944116956195,1.4833420564862736,580.4999999999999,89.42240929830785,0.9122615159986762,0.9931565440547474,3.7114640205826337
ID24001,24001,24,660.0,472.31585612968587,325.11296859169204,0.0,36.0,36,14.472315126092795,1,,343.9304084720121,343.0,215.0,459.0,227338.0,40.78864218749585,0.24415556201688235,3.3094304585373084,0.05966496714947555,-0.00411626135836295,17.40448607663637,12.151581712371803,0.85260238404898,1.4322815324458105,658.0000000000001,98.10183867096929,0.8591746669337552,0.9690721649484538,3.8244078451037766
ID24129,24129,24,652.0,471.81129900076866,325.31270817320006,0.0,37.0,37,14.389599749908124,1,,343.8503086419753,345.0,205.0,468.0,222815.0,40.34492856741921,0.2486821394005418,3.3947137419085864,-0.04806197907138149,-0.05342373650360955,17.628315375121453,12.004092454650076,0.9128882319312173,1.4685254584400254,650.5000000000003,97.09373284184238,0.8671111455748314,0.9767267267267271,3.8068656285930347
ID23874,23874,24,642.0,474.11284451378054,324.52054082163284,0.0,32.0,32,14.284139352575984,1,,346.8676012461059,346.0,208.0,489.0,222689.0,44.20770268589291,0.24720147718290497,3.110356940164525,-0.19776424648994304,0.09378478017961817,17.44030164559235,12.038173706873152,0.879923475174168,1.4487497913105267,641.0,97.55421033332046,0.8464003960715998,0.9712121212121211,3.8531596439067655
ID23301,23301,24,563.0,472.64064327485386,330.8517543859649,0.0,16.0,16,13.46984168892718,1,,359.2014134275618,358.0,258.0,476.0,203308.0,36.65280872428766,-0.04407043150390563,-0.9036123951436275,-0.059199104752425936,0.1778124002861567,16.24009759149648,11.799507422041263,0.7706449829523491,1.3763369105696968,569.9999999999999,89.24845504411955,0.8992559207215199,0.9861591695501726,3.7382064204225163
ID23558,23558,24,633.0,474.13038906414306,325.78338590956884,0.0,23.0,23,14.20593072771099,1,,345.6692913385827,345.0,194.0,474.0,219500.0,41.20894958042786,0.11708031044868888,1.7583232501401835,-0.11664915297845461,0.0618657406622769,17.073059590620844,12.295214916568005,0.9023310858670033,1.3885938315412945,634.0,95.46893068989212,0.8741279470615527,0.9709035222052066,3.7915556030842867
ID23048,23048,24,600.0,475.97040759352313,330.53992183137916,0.0,8.0,8,13.785173268832096,1,,354.82077051926296,354.0,211.0,484.0,211828.0,46.262923506319964,0.24536700166002165,3.02221083594706,-0.06228946705390047,0.27625188074294055,16.403422087426307,12.099693282374634,0.8062339678745021,1.3556890827407024,596.9999999999999,91.95422676233898,0.8872393634682568,0.9811010682004925,3.763435967816116
ID23049,23049,24,590.0,479.31983518044893,326.6716396703609,0.0,2.0,2,13.663409100469517,1,,353.434188034188,353.0,226.0,474.0,206759.0,40.91131647207509,0.22948920489886568,3.2250216852607636,0.09804322188362269,0.04465764784928131,17.009537234631576,11.300860619767485,0.9077229434629348,1.50515414771849,586.4999999999999,91.77819918586876,0.8749813907956664,0.9840604026845634,3.789706038711744
ID24137,24137,24,668.0,470.9019090680734,326.3769153479025,0.0,40.0,40,14.532673858686334,1,,341.1553544494721,342.0,210.0,445.0,226186.0,40.455506843634794,0.2461336123223977,3.3312778417241127,-0.011892734231901935,0.11723356657154498,17.651200437540513,12.229749521080677,0.9053284241801955,1.4433002415229164,663.5,96.62315544541049,0.8930758770144772,0.9851521900519673,3.7511182293018157
ID23119,23119,24,639.0,474.80324254215304,331.56303501945524,0.0,10.0,10,14.30084269800509,1,,346.84914463452566,348.0,204.0,487.0,223024.0,43.65947897544584,0.22965347046007395,2.967442741729247,0.21382543927433417,-0.08887185228421615,17.46993899062403,12.333053618661886,0.75320772189405,1.4165136656982675,642.5,96.54461610285846,0.8662173457212705,0.9690799396681753,3.8088291650426997
ID23759,23759,24,659.0,472.9741854636591,325.2360902255639,0.0,28.0,28,14.549091872423542,1,,341.47076461769115,342.0,213.0,478.0,227761.0,44.41907612939803,0.23795397692516843,2.955306095020626,-0.10701973470297294,0.2846091594660519,17.42127147040009,12.658287976376194,0.8511735473147856,1.3762739086765066,664.9999999999999,96.20665305992208,0.9028618383647872,0.9895833333333331,3.7307339867226585
ID23761,23761,24,643.0,473.15726227795193,324.6483803552769,0.0,29.0,29,14.250673927406327,1,,345.0498442367601,347.0,210.0,480.0,221522.0,41.166273796150556,0.2506477512856863,3.3596890138710407,0.03152145200537578,-0.01471656467987867,17.100008914063597,12.208016722699774,0.8538438925696427,1.4007196502497885,638.0,96.47537205068832,0.8613856224499158,0.973302822273074,3.8194965555428446
ID22930,22930,24,627.0,475.4258964143426,331.7448871181939,0.0,9.0,9,14.132920914670422,1,,348.5425361155698,347.0,232.0,488.0,217142.0,43.070170495179376,0.2402008998899301,3.134669654248616,-0.3049938834570608,-0.15624661817610838,17.351001103813157,12.058976006279588,0.7995685963729928,1.4388453128008383,627.4999999999999,94.73437086087182,0.8786348875927062,0.9713622291021672,3.781818745491818
ID23826,23826,24,643.0,474.11729342542856,325.12317728319266,0.0,31.0,31,14.40065591730945,1,,347.37327188940094,348.0,206.0,479.0,226140.0,48.49000364755408,0.24962747402144178,2.862107853379326,-0.14819855058902068,0.27422506355600873,17.54170184047863,12.549280119245552,0.8181030329772139,1.397825347254518,651.5000000000001,94.96653327736158,0.9077852356663142,0.9946564885496185,3.7206033647625154
ID23829,23829,24,633.0,474.43851386708525,324.71193092621667,0.0,30.0,30,14.239501307948768,1,,350.09148264984225,352.0,214.0,476.0,221958.0,45.147899728901926,0.2544956209003777,3.1461914971273375,-0.07456416053091752,-0.06901241242424476,17.23320611499005,12.13878915538551,0.8484946199240216,1.4196808177811002,636.9999999999999,95.42776979279918,0.8790220066522882,0.9792467332820907,3.780985902100122
ID23703,23703,24,635.0,472.6387130801688,324.73786919831224,0.0,27.0,27,14.183506197980657,1,,346.9429477020602,345.0,221.0,489.0,218921.0,41.75864032096821,0.2451141401867053,3.2711533994867663,-0.19631432076028887,0.10253384910754298,17.397350413765185,12.081688079950077,0.8036710552727921,1.4399767895544837,632.0,95.16621415719976,0.8769227894459148,0.9760617760617764,3.7855087440093875
ID22873,22873,24,578.0,478.84636547929335,328.08847379090645,0.0,5.0,5,13.534671754378513,1,,356.8213660245184,356.0,237.0,465.0,203745.0,40.075318985816125,0.23891043774180798,3.4339903583465667,0.003582649709663751,-0.1034776828792506,16.631388297578372,11.388426483266787,0.8009397696095373,1.4603763146748288,575.5,91.03201124513865,0.8727038981638363,0.9779099405267632,3.794647808676596
ID23194,23194,24,656.0,474.2860050890585,330.9002544529262,0.0,12.0,12,14.439285835884784,1,,345.39541984732824,343.0,213.0,481.0,226234.0,45.216208195483176,0.18170425036643464,2.349139020300943,-0.208462396703684,0.05162881416420769,17.721047141386123,12.362341523247506,0.7553544802821729,1.4334701163255776,655.0000000000001,96.00112691022417,0.8930967355491903,0.9820089955022491,3.751074424815955
ID23388,23388,24,587.0,472.9408326204734,329.3380382092957,0.0,18.0,18,13.640092685697764,1,,353.9299145299145,354.0,249.0,480.0,207049.0,38.690334677076514,0.08346932988030871,1.4094675615479124,0.029448226967667916,0.2002384596449556,16.546257131277553,11.679860333312375,0.7494232273279678,1.4166485436547238,584.5,92.34649630540135,0.8612981893965334,0.9677152317880795,3.8196904151002515
ID23645,23645,24,637.0,472.7954784437434,325.7192429022082,0.0,26.0,26,14.20593072771099,1,,348.3153724247227,347.0,221.0,472.0,219787.0,43.724030675951575,0.24792414072892976,3.1652868814513004,-0.13220384382185454,0.15349534744744436,17.3609805084145,12.104022536124262,0.8563419394101355,1.4343149524549323,634.0,93.77483159040811,0.9059965338256243,0.9913995308835027,3.724274332765118
ID23966,23966,24,677.0,472.7141458639256,325.92070484581495,0.0,35.0,35,14.72307822743469,1,,338.93382352941177,340.0,219.0,454.0,230475.0,42.7136580761089,0.2413236019190589,3.0852682199983508,-0.024780752716082842,-0.06443810262462343,17.99228402846906,12.26041819276912,0.8882099271304074,1.4675098145575858,681.0,99.37487964868558,0.8665701886169405,0.9777458722182341,3.8080536622856176
ID23907,23907,24,632.0,473.59315286624206,325.28131634819533,0.0,33.0,33,14.138550439257218,1,,346.1913875598086,345.0,214.0,474.0,217062.0,41.360432263424016,0.24818594977788,3.328580680916375,-0.05398569985343421,-0.17569004362577237,17.108426776258664,11.714876625538755,0.9096911878203995,1.4604017885226226,627.9999999999998,96.75155859928982,0.8430504565358121,0.9698841698841697,3.8608074984946903
ID23524,23524,24,622.0,473.52668801708035,326.43915132105684,0.0,22.0,22,14.099096564027686,1,,344.30176565008026,343.0,239.0,450.0,214500.0,37.18583876416545,0.07631866639192002,1.313050907620575,-0.16826163311076892,0.09310448473301061,16.9678790422189,12.107019522684563,0.830433997345924,1.4014910119230162,624.5000000000001,94.20629300720465,0.8842650847569682,0.9773082942097029,3.7697599259600563
ID23269,23269,24,583.0,473.8192650014355,331.6507321274763,0.0,13.0,13,13.593339873985734,1,,355.19793459552494,352.0,223.0,470.0,206370.0,40.81050062476557,0.2075151664063024,2.9914775907375266,-0.08358021699600943,-0.006860131026301676,16.414168764004522,11.662272699888005,0.7226457947465216,1.4074588364034868,580.5,90.41151874361397,0.8924102684674029,0.9838983050847457,3.75251686346037
ID23592,23592,24,613.0,473.6861542654674,325.87639683837557,0.0,24.0,24,13.951576806991673,1,,348.6069078947368,350.0,244.0,451.0,211953.0,38.4632958180166,0.206954404764273,3.1081595169622585,-0.06966664198895926,-0.17391733227069917,16.789579454297407,11.75509608771067,0.8603543768085,1.428280919953519,611.4999999999999,93.87568026538955,0.8719671646292033,0.9791833466773416,3.7962505376202573
ID23720,23720,24,626.0,474.0698324022346,326.75405693003455,0.0,25.0,25,14.12165513295608,1,,350.0127591706539,347.0,210.0,472.0,219458.0,42.29641896651286,0.24965230523117835,3.3064096396172062,0.01108889754469608,0.3979738165676232,17.018455363234363,12.364207254881656,0.8506516082425382,1.3764291565490467,626.4999999999998,94.8237238513633,0.8755822040827841,0.9789062499999996,3.788405591728204
ID23083,23083,24,598.0,480.20336391437314,325.18723936613844,0.0,0.0,0,13.814006542896326,1,,356.83053691275165,360.0,235.0,469.0,212671.0,41.63752921390719,0.23323997438965072,3.241622590133684,-0.060271575805157046,-0.23334266065234952,16.906672855858254,11.636174333508233,0.865609195777777,1.4529408353029547,599.5,93.97142098323638,0.8531147746299087,0.97242497972425,3.8379666829669112
ID22829,22829,24,586.0,480.2532321528949,326.25548060708263,0.0,1.0,1,13.738914167683989,1,,354.1011804384486,354.0,217.0,491.0,209982.0,44.294505965631316,0.23426209133676074,3.034604752462152,-0.10073559536822888,-0.08663732869637218,16.796631352275163,11.71698741880992,0.9180188657425289,1.4335281546270686,592.9999999999999,91.43418600367703,0.8913481173771973,0.9866888519134773,3.754751990865569
ID22957,22957,24,593.0,479.0673699015471,328.24908579465546,0.0,4.0,4,13.733120823902192,1,,354.85858585858585,355.0,225.0,495.0,210786.0,43.20776351942974,0.23511235320432103,3.1267453217121584,0.026763785833819668,0.016932947907288585,16.86962258594414,11.296349269965637,0.875623281569399,1.4933694225263148,592.5000000000001,94.0734050227069,0.8413263502354896,0.9761120263591433,3.864761395698503
ID22958,22958,24,610.0,478.64328439369217,327.0875475802066,0.0,3.0,3,13.968677826861914,1,,349.29918699186993,353.0,217.0,496.0,214819.0,44.98850648721646,0.2292533306182556,2.896011318035395,0.08703159558517867,-0.14834535463822593,16.76586993803009,12.44294621705987,0.8117136818972573,1.347419625992057,613.0,93.77212889004257,0.8760376810476412,0.9776714513556619,3.787420613647648
ID23406,23406,24,578.0,473.8453608247423,330.4286941580756,0.0,14.0,14,13.610890997982688,1,,358.05709342560556,355.0,252.0,475.0,206957.0,38.90848517003661,-0.01706877853642286,-0.3196077254513779,-0.029633641764398276,0.18207752733504598,16.127928513221228,12.13401822506146,0.786427680560133,1.329149850781565,582.0,91.2478178361241,0.8783909936560458,0.9708090075062552,3.782343738718836
ID24174,24174,24,653.0,471.4416539827499,326.77955352612884,0.0,41.0,41,14.461313744703507,1,,344.3130699088146,346.0,185.0,494.0,226558.0,44.13414426959141,0.2579209373983645,3.19920482897124,-0.08068189808246318,-0.14165088953408264,17.410610797348035,12.451508422156236,0.9229568464151263,1.3982732217702687,657.0000000000002,95.66377232473165,0.9021530643423366,0.9887133182844248,3.7321992193320126
ID23279,23279,24,546.0,473.3022079116835,331.04921803127877,0.0,15.0,15,13.153000537553789,1,,362.4834558823529,361.0,250.0,493.0,197191.0,37.522782547864594,-0.0756294892753422,-1.5807683586308345,-0.02453852235167595,0.00897901143346803,15.528649858305736,11.412874741061637,0.759140185542115,1.3606256276901225,543.5,88.30713519968732,0.8758259737912573,0.9740143369175626,3.787878339270026
ID23152,23152,24,604.0,474.6417149159085,331.76440584505104,0.0,11.0,11,13.871493293733788,1,,350.4727272727273,350.0,227.0,479.0,212036.0,40.64469695702598,0.24021368169586935,3.340269865197603,-0.1633993631550219,0.3113850036957613,16.468735344953178,12.451495229953904,0.6923045495157844,1.322631141144817,604.5,91.45266904343411,0.9082667159853121,0.9942434210526315,3.719617071455009
ID23409,23409,24,600.0,474.1933663638866,328.09977979631157,0.0,20.0,20,13.882962078903956,1,,347.9004975124378,347.0,244.0,458.0,209784.0,36.95570730046511,-0.007528835031185076,-0.14282801819126967,0.03840779720143591,-0.09344941559167093,16.889380714322638,11.65744885339501,0.7564176332952635,1.44880590313754,605.5,92.9117853210454,0.8814189859192353,0.9797734627831716,3.7758412915795874
ID23475,23475,24,609.0,473.7606699081577,327.9945975148568,0.0,19.0,19,14.014178526599371,1,,348.8921568627451,349.0,224.0,477.0,213522.0,40.45321968118695,0.0938916407142114,1.4805420068611441,0.005721010628491536,-0.1621649231715371,16.871821714518838,11.987075131617054,0.7948082504410748,1.4075011234406798,617.0000000000002,93.21993037326389,0.8922313516464173,0.9856230031948887,3.75289308580007
ID23031,23031,24,629.0,477.5991207034372,328.5650146549427,0.0,7.0,7,14.110380356601347,1,,347.64,348.0,222.0,468.0,217275.0,42.087058733303174,0.22894914363415708,3.0776290527130583,-0.1614545423893833,0.14333870450968428,17.043336964259854,12.135971488949693,0.7885902459711014,1.4043652772073931,625.5000000000002,94.37117627907368,0.8825888599130801,0.9796397807361006,3.7733380177022204
ID23034,23034,24,582.0,478.4748858447488,328.55336757990864,0.0,6.0,6,13.634257351661432,1,,354.1880341880342,354.0,253.0,473.0,207200.0,39.324199480642335,0.23983469398692037,3.4845942260683196,-0.1819614996057687,0.347515674539985,16.930682471601745,11.614834611218226,0.8993848406135717,1.4576774477054706,584.0000000000001,91.29404629469059,0.8805171088111785,0.9873203719357567,3.7777745153911555
ID23931,23931,24,646.0,473.0950179763739,324.7853107344633,0.0,34.0,34,14.372999552399635,1,,343.45916795069337,343.0,221.0,497.0,222905.0,40.09551035391859,0.24624120018480428,3.385072525450837,-0.12449772200837605,-0.06565452876430139,17.614287506986702,11.833100185398063,0.8822470890450056,1.4885606671971368,648.9999999999999,97.62579717160823,0.8557075709915004,0.967213114754098,3.832147746819599
ID23420,23420,24,577.0,472.79282407407413,330.3833912037037,0.0,17.0,17,13.540550005146152,1,,355.43696027633854,355.0,266.0,474.0,205798.0,37.471799062763886,0.02257384615864886,0.41879252117959015,0.0801187061471214,0.13496646988686878,16.237606010473613,11.918097098924358,0.7731329216220437,1.3624327672191143,576.0,89.97460383999827,0.8941131067052382,0.9854576561163387,3.7489418266665946
ID23484,23484,24,573.0,474.1927990708479,327.9500580720093,0.0,21.0,21,13.517021664164627,1,,355.79304347826087,355.0,256.0,511.0,204581.0,38.49300520588559,-0.047812458280730746,-0.9282483978037308,0.051414470550582014,-0.055507426894282244,16.458258162748727,11.285472923428737,0.8395374894764472,1.4583578618651634,574.0,90.58056684876865,0.8791271410632612,0.9795221843003414,3.780759812156803
ID24061,24061,24,638.0,471.0712037765539,325.9445318646735,0.0,38.0,38,14.222725922614098,1,,346.8018867924528,347.0,206.0,472.0,220566.0,40.123726711925784,0.2584699411062644,3.5504007829752444,-0.07010271139490942,-0.1658015872282842,17.42328307324476,11.822972305948333,0.8958676394074497,1.4736804436629543,635.5000000000001,98.2691483385899,0.8269724365281395,0.9599697885196374,3.8981577918610104
ID24062,24062,24,639.0,470.9364017833726,326.77747180697617,0.0,39.0,39,14.222725922614098,1,,348.38740157480316,348.0,224.0,470.0,221226.0,40.653896162680304,0.2582000377973919,3.5171984356103554,0.07307683183351249,-0.10948647592497439,17.378457053234424,12.072193899871984,0.9217492052180831,1.4395442284453954,635.5000000000001,95.3185704799253,0.8789625631203261,0.9791987673343607,3.7811137524579617
ID23232,23232,25,675.0,214.77506172839506,58.406666666666666,0.0,16.0,16,14.658075357087599,1,,661.7777777777778,665.0,325.0,925.0,446700.0,104.18720786588071,0.5410667889191322,4.460229359348883,-0.05432230601337448,-0.1238864416951838,20.527508518069673,10.766353697038001,-0.058631920447258325,1.906635161328308,675.0,103.48621699180892,0.7920427340330604,0.9761388286334055,3.9831863491757935
ID23105,23105,25,710.0,215.65119549929676,58.20487576183778,0.0,10.0,10,15.043880120390325,1,,634.7084507042254,638.0,302.0,852.0,450643.0,98.56632835326376,0.5265261204610546,4.442131167223862,-0.21694470017200196,0.046789646360005065,21.092229614934784,11.153230428957755,-0.02645838296859597,1.8911318787220472,711.0000000000001,104.92855533931281,0.8115066400070288,0.975308641975309,3.9351282691302525
ID23171,23171,25,724.0,215.59669211195927,58.13266250289151,0.0,12.0,12,15.144050745933903,1,,631.4144645340751,634.0,321.0,916.0,453987.0,104.97632369731737,0.5280072219713324,4.156881253411509,-0.06221357340095451,-0.17215589357441793,20.793537351319166,11.20578187373436,3.0977051812148573,1.8556078982813236,720.5000000000001,105.21926106198002,0.8178117653524958,0.9749661705006768,3.9199294875381985
ID22789,22789,25,680.0,214.2768031189084,59.139619883040936,0.0,5.0,5,14.755472278097805,1,,640.9635036496351,643.0,349.0,911.0,439060.0,97.64957104129337,0.5288802609467319,4.541264967025168,0.07614774192712208,0.08532804102502962,20.432682314415118,10.951089108696682,-0.06712955370428031,1.8658128074392837,684.0000000000001,103.4715770926015,0.802830436005468,0.9702127659574471,3.956334632240597
ID22917,22917,25,693.0,215.8586772869901,58.584238474535354,0.0,7.0,7,14.825416567837394,1,,639.604347826087,641.0,343.0,949.0,441327.0,102.68157118438937,0.5288472057569581,4.309382341531555,-0.02701784837058354,-0.14424868976638872,20.340863951000042,10.844358888215961,3.0679224002009486,1.8757092199432346,690.5000000000001,102.57106924612341,0.8247527670916404,0.9822190611664294,3.9033998523563884
ID23303,23303,25,689.0,214.99311094996375,60.199299008943676,0.0,18.0,18,14.814677401945806,1,,658.1277213352685,665.0,377.0,963.0,453450.0,102.14287446065465,0.5386442401054092,4.511239760601834,-0.12577983526688186,-0.033562457560838616,20.638877387521884,10.836963547931253,-0.05916451916109954,1.9044889554382407,689.5000000000002,103.00227321017746,0.8166773588130861,0.9787083037615333,3.922651033851707
ID23951,23951,25,691.0,218.9543707973103,64.81532180595582,0.0,35.0,35,14.862942542160036,1,,686.4066091954023,692.0,319.0,942.0,477739.0,109.34857424799205,0.558299141756514,4.497948267434155,0.09092587372992886,-0.018351937007233792,20.676645677317,11.137710880720823,-0.15352474673848823,1.8564537990573902,693.9999999999998,102.46676295644721,0.8306217544908657,0.9914285714285711,3.8895851313358416
ID23440,23440,25,714.0,216.16922897740508,61.52702073142325,0.0,21.0,21,15.091412245528986,1,,654.7601115760111,662.0,368.0,900.0,469463.0,100.84063384680015,0.5415715512972016,4.5621419970386965,-0.2055398352723497,0.030405168462839,21.020444839663085,10.983595067069587,3.110908769935859,1.9138036964495744,715.5,104.57599893329848,0.8221583247986255,0.9801369863013699,3.9095538792102076
ID22929,22929,25,684.0,215.3956204379562,59.0287104622871,0.0,6.0,6,14.766254502611575,1,,644.141605839416,645.0,365.0,989.0,441237.0,109.38565329393211,0.5305957911558489,4.082763921172444,-0.25359097916565787,-0.0343213312192832,20.551379173324527,10.849409824510609,-0.0865048434427241,1.894239364697568,685.0,102.73753143239617,0.8155342087456875,0.9785714285714284,3.9253992990109063
ID23699,23699,25,720.0,219.11404728789987,66.2790913305517,0.0,29.0,29,15.128278427043359,1,,667.7130919220056,668.0,361.0,970.0,479418.0,102.00464135347589,0.5475328843101567,4.6320183937114106,0.09573621040701703,0.12681478146096647,21.14552246610458,11.279711532049921,-0.04585927501670507,1.874650996705205,719.0,104.68418941357497,0.824473241829527,0.988316151202749,3.904061490810505
ID23701,23701,25,726.0,218.9370982552801,65.85560146923783,0.0,28.0,28,15.201742576738763,1,,664.903448275862,668.0,351.0,942.0,482055.0,103.36524871923396,0.5479006133034572,4.55378729624294,0.08125349067781727,0.06636459457740813,20.85167477645207,11.183595980423116,-0.04650858943771195,1.8644874880094853,726.0000000000002,105.05304349724314,0.826664346017248,0.9830737982396752,3.89888412870685
ID22998,22998,25,714.0,213.50257129499767,58.83169705469846,0.0,0.0,0,15.065024024177417,1,,623.1223628691984,625.0,379.0,898.0,443040.0,100.11500678572003,0.5161518379070876,4.23778513833554,-0.1947089494110405,-0.021496911143334903,20.25870640464708,11.360210639276588,3.093820427139718,1.7833037650380348,712.9999999999999,105.33126274482389,0.8075786194344683,0.9727148703956342,3.9446867902227805
ID23318,23318,25,697.0,214.74748923959828,57.159971305595406,0.0,14.0,14,14.89503241587953,1,,649.2636103151863,657.0,310.0,911.0,453186.0,103.2660720150362,0.536181960012363,4.388973285454533,-0.11145272489252583,-0.041554015091981505,20.558469823439886,10.867330017910374,3.1194266425037,1.8917682438609675,696.9999999999997,103.87604525459507,0.8117304323852749,0.9782456140350873,3.9345857784302978
ID23510,23510,25,750.0,217.10567470956212,62.37444146559428,0.0,22.0,22,15.409710415614818,1,,641.9422043010753,651.0,252.0,990.0,477605.0,100.52343837081439,0.5380496185176816,4.467973321589475,-0.2878368642392579,-0.08158226815964009,21.76877071539807,11.100028863195137,3.1398277027653667,1.9611454153581311,745.9999999999998,106.88078941579815,0.8206337721783837,0.9861202908129543,3.913183729179683
ID23579,23579,25,694.0,217.13866953816705,63.93790380473798,0.0,24.0,24,14.889688906320716,1,,668.0631276901005,669.0,349.0,986.0,465640.0,99.91490073297057,0.5448759543730473,4.716515500618483,0.057640546256001464,0.1753263077636788,20.626119257251112,11.118448337521672,3.118783817369125,1.8551257001971844,696.5,102.71421924757892,0.8296021064654351,0.9914590747330962,3.8919747045302215
ID23643,23643,25,709.0,218.5625,65.50842696629213,0.0,27.0,27,15.054455784347004,1,,671.538569424965,673.0,302.0,984.0,478807.0,110.9265699353113,0.5508094652321246,4.300394764973714,-0.23146551633604776,-0.006793706715520662,21.04959248542809,10.79067602219209,-0.05178466082327921,1.950720459231426,712.0,104.71863702238156,0.815909323170353,0.9807162534435262,3.9244968438365095
ID24093,24093,25,715.0,218.47575757575757,63.4058275058275,0.0,37.0,37,15.086138293858054,1,,684.586592178771,690.0,363.0,983.0,490164.0,120.6259758830624,0.5599486310127649,4.074322804920661,0.1349634048913529,0.02917613128286708,21.10202893265103,10.993013032892526,2.933953728815566,1.9195855467023475,715.0000000000002,105.76948819039933,0.8031471084797063,0.9781121751025995,3.9555545847339557
ID24158,24158,25,684.0,218.62210012210014,61.360317460317454,0.0,41.0,41,14.739284152238776,1,,702.1213450292398,703.0,343.0,988.0,480251.0,122.85227191641889,0.5645518870209874,4.124514854926013,-0.10997272142979787,0.016968798173315206,21.27500331523045,10.35842031925804,-0.16341383302864249,2.0538849225568354,682.5,104.39868084955471,0.7869053492176357,0.9687721788502484,3.996167497897031
ID23775,23775,25,693.0,219.63660413660412,66.23737373737374,0.0,31.0,31,14.85223051010746,1,,690.2981186685962,688.0,367.0,988.0,476996.0,109.54439631752693,0.5561403832072324,4.504143076620181,-0.0345630223186685,0.0028468976031537593,20.719495324457633,10.94933770588574,3.0773837509949873,1.8923058070736105,693.0,103.10055930538384,0.8192586888321969,0.979505300353357,3.9164663905842105
ID24031,24031,25,678.0,217.990022172949,62.65176151761517,0.0,38.0,38,14.674353069329307,1,,703.0192023633678,706.0,367.0,1078.0,475944.0,120.16983020817763,0.563837775679417,4.21855975497163,0.08101925891476572,-0.029295446111822335,21.11443475566073,10.607635073401894,-0.20645014171157638,1.9904940742733601,676.5000000000002,104.65438099097392,0.7761806977452542,0.9733812949640288,4.023680727101685
ID24032,24032,25,667.0,218.22393098274569,62.25493873468367,0.0,39.0,39,14.565491380022044,1,,718.0900900900901,712.0,365.0,1077.0,478248.0,133.6619605240014,0.5714472030172805,3.907305953651117,0.04364610199945892,0.028384711948541166,20.719797949680785,10.434737966755003,-0.18057142205967855,1.9856557985158714,666.5,104.92973550386708,0.760699028294727,0.9610670511896178,4.06441926544969
ID22818,22818,25,685.0,215.55169470860767,58.06230187759083,0.0,9.0,9,14.750078210186578,1,,641.7071742313324,645.0,355.0,924.0,438286.0,96.07583022661595,0.5278886702707398,4.615336546814046,0.049043507960937184,0.07438082578075356,20.062076403579997,11.17144246871627,3.1110822466002777,1.7958358072165201,683.4999999999999,103.41680890722262,0.8030935119941948,0.9695035460992905,3.9556865745233076
ID23138,23138,25,727.0,215.8618721461187,58.49063926940639,0.0,11.0,11,15.243563130520608,1,,629.2534246575342,636.0,275.0,910.0,459355.0,101.93492986472911,0.5271434912361697,4.261687081827772,-0.1667447769835081,-0.039753562703235844,20.79557610293011,11.331429347877386,3.134401271945223,1.835212087063452,730.0000000000001,105.7071888020093,0.820963176324499,0.9811827956989247,3.912398585393784
ID23906,23906,25,682.0,218.4578431372549,64.65882352941176,0.0,34.0,34,14.712264360219255,1,,695.1104565537555,692.0,365.0,985.0,471980.0,110.81443414015638,0.5584302528566367,4.495407356615336,-0.08071485395191394,-0.07369103261093034,20.940362228914445,10.578526760064618,-0.11861266125627783,1.9795159291903643,680.0000000000001,103.34922633245345,0.8000263972754286,0.9770114942528737,3.9632619110727263
ID22948,22948,25,694.0,214.3107977825982,59.539045553145336,0.0,2.0,2,14.836147960171175,1,,631.4725433526012,635.0,349.0,889.0,436979.0,96.7371936151949,0.5213586472945066,4.473999769193595,0.2665718062044138,0.007009093667752793,20.785023839842637,10.958891379154428,3.0998588327925893,1.8966356286165122,691.5000000000001,102.78611243159065,0.8224948123297128,0.9801559177888026,3.9087540865023103
ID23782,23782,25,729.0,219.39993145990405,66.46687228695454,0.0,30.0,30,15.238341837978151,1,,663.0384087791496,662.0,315.0,964.0,483355.0,109.59948892804523,0.5474603742564627,4.280488226812446,-0.33044777275259013,-0.02481534520913919,20.954651945812547,11.212725837156992,-0.05818967114375208,1.8688276383582423,729.5000000000001,105.76746193528943,0.819466104356464,0.9818304172274562,3.9159707097167744
ID23335,23335,25,709.0,215.73866572703784,61.09572468874794,0.0,20.0,20,15.02800266992921,1,,654.8347457627119,662.0,337.0,956.0,463623.0,100.75981261247205,0.5403417650222769,4.559590138155638,0.05122185209660485,-0.1284283353334685,20.98384660153728,10.922091838636192,-0.06564007355678556,1.9212296427785274,709.5,104.22339830955504,0.8207895234431893,0.9861014593467686,3.9128124328764686
ID23849,23849,25,683.0,219.54914841849148,65.03114355231143,0.0,32.0,32,14.766254502611575,1,,696.9548104956268,699.0,280.0,987.0,478111.0,122.33820299126482,0.5606268253773072,4.093052597220668,0.12076215595563004,0.18928322873145956,20.654326330037513,10.928028983953318,3.0740268955820826,1.8900321696040756,685.0,102.6013982717592,0.8176997718606489,0.9813753581661888,3.92019791830917
ID22954,22954,25,685.0,215.46676370693837,58.21567200388161,0.0,8.0,8,14.787795366729423,1,,643.2725947521866,644.0,343.0,893.0,441285.0,100.47639825113262,0.5296685165525915,4.433715455118919,0.004406406566476746,0.08029529190256558,20.226664009029477,11.025580484595551,-0.06906318840155042,1.834521460098112,687.0,103.10687047868683,0.8120661177209014,0.9730878186968835,3.933772470720122
ID23658,23658,25,688.0,218.0442424242424,64.89975757575758,0.0,25.0,25,14.793175681757992,1,,681.6933139534884,685.0,384.0,970.0,469005.0,101.47080153980166,0.5502303473137026,4.768988163017953,0.03215942073762133,0.1520532136241741,20.724654781875255,10.89296976578059,-0.024252843682149063,1.9025715876840246,687.4999999999999,103.75364097033494,0.802556976407187,0.9800427655024945,3.9570086065293255
ID23211,23211,25,707.0,215.03093389790635,57.42425311691367,0.0,13.0,13,15.017408376987547,1,,638.4390934844192,644.0,351.0,918.0,450738.0,99.85048312436939,0.5313088890400379,4.4369402033274525,-0.11598733068743189,-0.050434177470746196,20.67650996597491,10.950941992067674,3.0982750396405034,1.8881033230704682,708.5000000000001,104.71876977663648,0.811896474436697,0.9772413793103448,3.9341834241152496
ID24107,24107,25,667.0,218.6605216955104,61.443064961123646,0.0,40.0,40,14.543621260508983,1,,716.6466165413534,718.0,350.0,1034.0,476570.0,131.60492146476065,0.5707895354728432,3.9574999966870696,0.16116419285710754,-0.09052244215960312,20.879267707964654,10.48969245230883,-0.16989254316329844,1.9904556594859013,664.5,102.46397173931982,0.7953576764638144,0.9837157660991857,3.974876993065534
ID23341,23341,25,694.0,214.8048984468339,59.75710872162485,0.0,17.0,17,14.900374009171514,1,,654.0243553008596,662.0,325.0,953.0,456509.0,104.51414261085118,0.5404879764440159,4.391132876203929,-0.13494852957244788,-0.09379410293605253,21.3853890171865,10.568383163076163,-0.05530456689010189,2.0235251397680973,697.5,106.01586605298856,0.7798522778176089,0.9748427672955978,4.014197716183101
ID22766,22766,25,708.0,214.33214962121212,59.455018939393945,0.0,1.0,1,14.96964127403822,1,,625.1081081081081,626.0,365.0,875.0,439451.0,99.67476872839748,0.5166277568152987,4.272662871720991,0.03946208042143254,0.11368989175462645,20.728275501511025,11.09683524574907,-0.036817857113933365,1.867944782675901,704.0,105.07289715513082,0.8013110079679142,0.9663692518874398,3.960083812490571
ID22831,22831,25,686.0,213.8075425790754,59.236009732360095,0.0,4.0,4,14.766254502611579,1,,637.8963503649635,642.0,357.0,905.0,436959.0,97.49244715742121,0.5249590166406021,4.504808861899312,0.08612349231132323,0.0035984669628242876,20.157221575795017,11.053966080217718,-0.08757514830155308,1.8235284448600373,685.0000000000003,101.96814915510421,0.8278875711613055,0.9764789736279406,3.896002713266186
ID22833,22833,25,683.0,213.87061403508773,59.33747563352827,0.0,3.0,3,14.755472278097804,1,,639.2456140350877,641.0,365.0,921.0,437244.0,102.30885642857115,0.5269033129932147,4.31224983434383,-0.08088858986234848,-0.07981467120599069,20.395878861128054,10.791915614859779,-0.07630320077990511,1.8899220109768309,683.9999999999999,103.3574870512059,0.8046038055666404,0.9702127659574465,3.9519722904782477
ID23986,23986,25,704.0,218.58126036484245,63.762733949301115,0.0,36.0,36,14.964324406076498,1,,684.4630681818181,687.0,365.0,1037.0,481862.0,113.15045585912425,0.5575530144232577,4.330789128714749,0.062485013394743875,-0.3022134673677137,21.2787500999522,10.836821556770259,2.927463331650484,1.9635600704948761,703.4999999999999,105.69663483059703,0.7913190936058827,0.9825418994413406,3.9850071923901176
ID23411,23411,25,717.0,215.75430032543005,60.51534170153417,0.0,19.0,19,15.107223053684553,1,,650.3560500695411,660.0,358.0,913.0,467606.0,102.29040566340039,0.5398239991745724,4.457869836889481,-0.28481130958448375,-0.03478085818628728,21.187902800446864,11.006984413353393,-0.04677812582368065,1.9249507407989275,717.0000000000003,106.00547325261711,0.8018117960619154,0.9755102040816331,3.9588469433229347
ID23221,23221,25,677.0,214.829889298893,57.37158671586716,0.0,15.0,15,14.685194853644889,1,,659.5813609467456,665.0,353.0,889.0,445877.0,99.85935683934323,0.5392136246723103,4.627767841731716,-0.05403841919164841,-0.06569239569408693,20.147110643513592,10.781427495752391,3.117166401762928,1.8686867440745711,677.5000000000005,102.15460547139823,0.815836744924913,0.9734195402298857,3.924671404961884
ID23863,23863,25,673.0,218.8392990305742,65.09731543624162,0.0,33.0,33,14.609133399563154,1,,702.8582089552239,704.0,374.0,981.0,470915.0,112.97191688980047,0.5606160880311717,4.469888564903808,-0.03521735694108465,-0.0724954755927259,21.0386336314294,10.330155993115863,-0.08808302059627791,2.0366230331322965,670.5000000000001,102.84286582482724,0.796636692437149,0.9774052478134114,3.971684839451331
ID23545,23545,25,709.0,217.12126558456833,63.1292637026582,0.0,23.0,23,15.017408376987543,1,,664.3895921237694,668.0,324.0,967.0,472381.0,102.44926661304962,0.5456673328442402,4.578844436090359,-0.035682831583740034,-0.07000773361884974,21.026766701520007,10.84790298097223,3.121979631062354,1.9383254752925076,708.4999999999998,104.33408937087891,0.8178944455922,0.9813019390581715,3.919731351395705
ID23614,23614,25,726.0,218.6095041322314,65.2690541781451,0.0,26.0,26,15.201742576738763,1,,664.5793103448276,670.0,295.0,1012.0,481820.0,108.74466196116748,0.5497915500624655,4.3360435639362445,-0.09677730612088793,-0.002596393802188245,21.058265506148025,11.01431611167155,-0.037896302300009434,1.9118995035772757,726.0000000000002,104.69150127644457,0.8323838194520891,0.9870836165873559,3.8854660383821655
ID23616,23616,26,421.0,504.37406532861075,72.81011412829595,0.0,26.0,26,11.610522675523068,1,,1531.4483568075118,1536.0,417.0,2300.0,652397.0,321.46766872049153,0.5227661334982704,3.2709152109573125,2.2338643733946872,-0.28822603029188326,15.894162962519792,11.323124180700711,1.782340212854137,1.4036905988905448,423.49999999999994,83.9375937773915,0.7553535040998611,0.9791907514450867,4.078775555652043
ID23106,23106,26,445.0,504.15571913929784,68.99981124952812,0.0,10.0,10,11.85469589446071,1,,1394.2144469525958,1384.0,573.0,2069.0,617637.0,284.459130447391,0.5137878104025866,3.3270435736275026,2.23633539110841,0.07688549658632139,15.810078389142522,11.57082875285856,1.6175407766745686,1.366373898260024,441.50000000000006,84.41692543402708,0.7785410397808945,0.9822024471635153,4.01757669947993
ID23235,23235,26,458.0,503.961733768589,68.55513239027928,0.0,16.0,16,12.09394032982848,1,,1448.0391304347827,1426.0,512.0,2275.0,666098.0,334.96316350542236,0.5102550511237897,2.921125794989668,2.1793176208852962,-0.10724892349817329,16.038098192147796,11.819220290067733,-1.4618133675366858,1.3569506108305125,459.50000000000006,86.24821655844146,0.7762384170940388,0.9839400428265526,4.023531128380712
ID23172,23172,26,456.0,504.0051057622174,67.28519328956965,0.0,12.0,12,12.060995729457511,1,,1409.9934782608696,1393.0,484.0,2188.0,648597.0,304.28994808635036,0.5260677785431013,3.194680073824073,1.8725046747671696,-0.06684624553648905,16.236375172265376,11.358676532222926,-1.4757561435115378,1.4294249093373794,456.99999999999994,86.10583492964433,0.7745704054655027,0.9775401069518714,4.0278610688284315
ID22793,22793,26,452.0,503.94321940463067,68.11227489893422,0.0,5.0,5,12.014721527540663,1,,1419.6461538461538,1402.0,491.0,2137.0,645939.0,337.3734843006831,0.5070358201627797,2.8314847444009326,1.679182480537832,0.10850747226678964,15.952830820175713,11.091628146512848,-1.5404448229544223,1.4382767443561657,453.49999999999994,84.90164618791549,0.7905965837688,0.990174672489083,3.986827684310378
ID23309,23309,26,467.0,503.67470525187565,69.85083958556628,0.0,18.0,18,12.185711382793306,1,,1449.2762312633834,1436.0,522.0,2164.0,676812.0,291.73989446391727,0.510982353448612,3.3599425659149906,1.662298336909685,0.06716085402977638,15.709547652044535,11.422546913444629,-1.5235162216702773,1.3753104076599587,466.5,85.98478367317081,0.7928997960888216,0.9831401475237092,3.98103301219743
ID22926,22926,26,451.0,504.0914814814815,68.43925925925926,0.0,7.0,7,11.96826841204298,1,,1353.3924611973393,1335.0,531.0,2065.0,610380.0,280.60705437544215,0.5175835428730253,3.289902403100357,1.8915792885878306,0.2170222593507158,16.195373364866924,11.096291763100655,1.5685085560794085,1.4595302386264422,449.99999999999994,85.0935425855203,0.7809606808402341,0.992282249173098,4.011348066493845
ID23952,23952,26,440.0,504.1467889908257,77.33256880733946,0.0,35.0,35,11.780624362746345,1,,1501.4954337899544,1498.0,677.0,2300.0,657655.0,297.1972874504228,0.5274597895106127,3.489223116819149,4.05485493459697,-0.563807052971645,16.131966943051307,13.548198676210927,-1.1177028837786847,1.1907093576489383,435.99999999999994,85.22735411317004,0.754289984843467,0.9909090909090906,4.081649999472265
ID23445,23445,26,391.0,505.05949367088607,70.77341772151898,0.0,21.0,21,11.213046198183495,1,,1405.143216080402,1382.0,462.0,2104.0,559247.0,324.3757377424803,0.5212605551544846,2.9686122919950773,3.251286001854999,-0.48602839147814597,16.27813708100764,11.53802638328532,1.7163472596063487,1.4108250874334218,395.00000000000006,83.3385500728183,0.7146856778481108,0.9899749373433585,4.193217527871614
ID23702,23702,26,460.0,503.9700577200577,74.10930735930737,0.0,29.0,29,12.126795430653196,1,,1462.8336933045357,1459.0,523.0,2118.0,677292.0,291.9863833122928,0.5149952634428718,3.4060758218019136,3.6216542395132922,-0.471197670996484,16.498092950893753,13.05528193867385,-1.2090650935151466,1.2637102000854699,461.9999999999998,88.81694778314424,0.7359700659437775,0.9777777777777771,4.132138376400061
ID23511,23511,26,387.0,505.1628155755242,71.47860504920838,0.0,22.0,22,11.134707031107126,1,,1371.501272264631,1338.0,496.0,2095.0,539000.0,322.0332892910957,0.5157989549604727,2.898439883225131,2.711515331516228,-0.11143216689277322,16.102281907623954,11.021385043326811,1.638502327019056,1.4610034804449108,389.5,82.73231066660911,0.7151003948466227,0.9860759493670886,4.192001439331692
ID22938,22938,26,451.0,504.0951582867784,68.54618249534451,0.0,6.0,6,11.934976919426628,1,,1376.03125,1341.0,528.0,2137.0,616462.0,300.3670072860791,0.5181171130338365,3.127006083878125,1.8132263986905024,0.17327287320117846,16.155604260774094,11.097427524952716,1.5443312904390063,1.4557972308850857,447.5,84.57435036625908,0.7861864646735437,0.991140642303433,3.9979941171309847
ID23706,23706,26,442.0,504.19101123595505,74.14569288389514,0.0,28.0,28,11.901592303208293,1,,1488.8834080717488,1488.0,510.0,2134.0,664042.0,296.7626143858472,0.5277462985176449,3.4662146481561678,4.275624401697867,-0.7944477744203517,16.858222757509036,13.435315814457542,-1.1349552621647359,1.254769369795398,445.0,86.72690548926475,0.7434678173596846,0.9801762114537445,4.111249607935554
ID23580,23580,26,388.0,505.16666666666663,72.0002156101768,0.0,24.0,24,11.091743371086219,1,,1452.1748071979434,1449.0,617.0,2133.0,564896.0,312.53032889159573,0.5236861242597172,3.193980638469777,4.659594304647203,-0.6735172983813741,16.580371602400398,12.871988950456146,-1.3096011487446046,1.2880970972098944,386.49999999999994,84.17071418279177,0.6855471630581603,0.9760101010101009,4.281404518021766
ID23325,23325,26,430.0,504.29621036349573,67.83023975251353,0.0,14.0,14,11.71288013023329,1,,1418.1689814814815,1400.0,617.0,2166.0,612649.0,295.1347588871371,0.5181164222306942,3.279894667993821,2.780339226888828,-0.34597924521376056,16.00402158852652,12.033689812709643,1.7903833132556461,1.3299346948118544,431.0,84.03168104440708,0.7670100083649131,0.9862700228832952,4.04766364942878
ID23006,23006,26,430.0,504.26351614157915,65.90256709451575,0.0,0.0,0,11.678860656320646,1,,1461.3831775700935,1445.0,484.0,2349.0,625472.0,361.17679491776465,0.5204006061426977,2.769835768866908,1.3276683590243814,0.11032085763126355,15.87680183078896,10.480443688659747,-1.5180809691509343,1.514897870971654,428.5,82.39014046299839,0.7932502246198664,0.9953542392566783,3.9801535786886078
ID23646,23646,26,428.0,504.28862745098036,73.21764705882353,0.0,27.0,27,11.631066229203196,1,,1530.270588235294,1535.0,717.0,2211.0,650365.0,307.6647812913575,0.5223864951050174,3.413402168768334,2.2033351330522635,-0.2366198203457969,15.831673131522052,11.342567632875738,-1.374592656938211,1.395775069979298,425.00000000000006,84.25059131330332,0.7524070890876816,0.97926267281106,4.086753964770533
ID24095,24095,26,487.0,503.5806728458634,75.92808101613457,0.0,37.0,37,12.431389694729644,1,,1473.464065708419,1469.0,576.0,2109.0,717577.0,284.78238432550404,0.5260781145415087,3.5672199944574183,4.168981947879345,-0.9110668638495316,17.23135426248742,13.764785208539601,2.1059813894667263,1.2518433089531378,485.5,88.64789967798956,0.776358294853295,0.986788617886179,4.023220478955142
ID24160,24160,26,522.0,502.7017208413002,76.55035054174634,0.0,41.0,41,12.90256061695207,1,,1511.070610687023,1523.0,656.0,2265.0,791801.0,296.34413095752785,0.5293582406014792,3.529871328702242,2.5852173463957056,-0.6820985271336133,16.874649506565756,12.9341949896012,2.0277123738305534,1.3046540213853735,523.0000000000001,89.36665447250599,0.8229255622704484,0.9867924528301889,3.907730958741264
ID24033,24033,26,496.0,503.4197154471545,74.71951219512195,0.0,38.0,38,12.514330345744634,1,,1456.7959595959596,1448.0,605.0,2048.0,721114.0,278.7245400290605,0.5266025563562338,3.605873561165196,2.6483816945970458,-0.6832087506007576,16.66304739390521,12.72746405266798,1.8910157131614336,1.3092197569721078,492.0,88.15136583475285,0.7956404884293944,0.9820359281437125,3.974170491382839
ID24034,24034,26,504.0,503.106600660066,74.86666666666666,0.0,39.0,39,12.678584010953838,1,,1486.7287128712871,1483.0,702.0,2115.0,750798.0,289.215234818153,0.5348533316824271,3.582682995960724,1.519200393674409,-0.2701792673096848,16.349759698012097,11.857584258848561,-1.3448038380956389,1.3788440664725878,505.0,88.18112421748133,0.8161124054775617,0.9844054580896688,3.9240085254040045
ID23139,23139,26,439.0,504.30590238365494,68.396329928112,0.0,11.0,11,11.84126280697966,1,,1417.4570135746606,1392.0,572.0,2149.0,626516.0,310.652052454933,0.5188286017574493,3.1173158537353256,1.8975139686227276,-0.12084678827593995,16.158097094289282,11.097792073877793,-1.5008819747147912,1.4559740339992977,440.5,85.17962680769647,0.7629293292626123,0.9778024417314095,4.0584740798980325
ID23779,23779,26,457.0,503.9248148148148,74.4888888888889,0.0,31.0,31,11.968268412042981,1,,1516.242825607064,1520.0,595.0,2290.0,686858.0,306.5288221054894,0.516073770978032,3.3675875167658247,2.1563561455989513,-0.39722155425030053,15.972631630392378,11.895008744730871,1.833687823837697,1.342801167545822,450.0,85.63145548756965,0.7711799435292321,0.9771986970684039,4.036705523875633
ID23908,23908,26,446.0,504.0711086226204,76.01474430757746,0.0,34.0,34,11.921634291533294,1,,1518.1224944320713,1520.0,545.0,2276.0,681637.0,304.39822903003403,0.5310916411321079,3.4598954070095074,3.312415112649406,-0.6327482622804241,16.528628061324195,12.512069806931732,1.956999316218864,1.3210146935215525,446.50000000000006,85.8258475496443,0.7617195909109656,0.9856512141280355,4.061695569797525
ID22823,22823,26,455.0,504.0258525852585,68.82929959662633,0.0,9.0,9,12.027960894122199,1,,1377.778021978022,1358.0,459.0,2165.0,626889.0,300.1389787487802,0.5161443136853096,3.1254852491071765,1.7257220147378098,0.0799905440682099,16.276586865474872,11.108758568731247,1.5710367214039618,1.4652030435957033,454.49999999999994,85.03506150837991,0.7898555811040125,0.9880434782608696,3.9886973662190304
ID23786,23786,26,471.0,503.87252824858757,73.7552966101695,0.0,30.0,30,12.257335203001883,1,,1463.3857442348008,1465.0,531.0,2149.0,698035.0,301.80544620561676,0.5217361368062885,3.3248595720565053,2.815126607834025,-0.5805595042860265,16.527052742009253,12.649626979425493,1.8188307847772889,1.3065249093028877,472.0,87.67602804484339,0.7715962865489804,0.9874476987447698,4.03561630081122
ID22955,22955,26,432.0,504.37060641174196,66.71591348010816,0.0,2.0,2,11.71967217495036,1,,1394.147806004619,1385.0,445.0,2133.0,603666.0,314.73175137732176,0.5216677404916592,3.037193098411535,1.7287683594184267,0.19409344675812054,16.054045895910136,10.768777017619772,-1.5635918556480404,1.4907956464919514,431.5,84.32914244938576,0.7624920082002661,0.984036488027366,4.059637765393373
ID23340,23340,26,420.0,504.646409947854,70.17749699157642,0.0,20.0,20,11.500337286765333,1,,1449.584725536993,1435.0,640.0,2144.0,607376.0,299.5812777312521,0.5097637277951493,3.2675246601846077,2.978906913944321,-0.41663780944725043,16.071760015950332,11.881693090147916,-1.3439308027227732,1.352648978054882,415.5,84.04639634204595,0.7391672189710087,0.9892857142857143,4.123192230672891
ID23852,23852,26,448.0,504.1099210822999,74.70443442314918,0.0,32.0,32,11.88151650769005,1,,1504.305617977528,1492.0,591.0,2247.0,669416.0,292.69561271498657,0.529704323253248,3.559392522596763,2.7439555278337577,-0.650653079176348,16.383197833152288,11.839871124633529,1.8650709440064719,1.3837310947638701,443.5,84.89211024350872,0.7733370714027324,0.9855555555555555,4.031071647611335
ID24108,24108,26,516.0,502.7082527401676,75.50709219858156,0.0,40.0,40,12.828336258339185,1,,1510.301923076923,1523.0,557.0,2182.0,785357.0,307.98535985423285,0.524787011478878,3.3754959568555716,2.2872561606580857,-0.49692254620703347,16.750801891517252,12.576457505399322,2.0006142619672795,1.3319173451129462,517.0,87.9913096738117,0.8391137611797566,0.9961464354527936,3.8698533746664197
ID23662,23662,26,397.0,504.8712600084282,72.30910240202276,0.0,25.0,25,11.220140818442932,1,,1542.8816120906802,1527.0,602.0,2217.0,612524.0,323.2022595765294,0.5164393459344828,3.2514904943862644,3.3931744432832707,-0.5585665152126913,15.946898013787532,12.087792835189568,-1.3075548928679486,1.3192563962019161,395.5,82.8821310161354,0.7234933341298818,0.9862842892768081,4.167615695578522
ID23215,23215,26,436.0,504.2621787495205,66.99558879938627,0.0,13.0,13,11.760342067595527,1,,1431.7241379310344,1399.0,474.0,2198.0,622800.0,317.2104757676756,0.5220852867140047,3.096308946575885,2.7078691354825164,-0.47560391549527303,16.094974223703556,12.020310681584848,1.814192229964551,1.3389815496500523,434.5,83.99396694681573,0.7739331669504639,0.9852607709750568,4.029518951053508
ID22768,22768,26,410.0,504.70660146699265,66.69763651181744,0.0,1.0,1,11.410028196686035,1,,1379.0851581508516,1367.0,562.0,2134.0,566804.0,290.70748024752504,0.5110441673386963,3.208825871642629,2.9940586768100697,-0.14354788918249925,15.827691635216784,11.847923394692616,-1.4631086651354939,1.3359042853287642,408.99999999999994,83.87960624603633,0.7305003121168556,0.9772998805256868,4.147579594049202
ID22961,22961,26,462.0,503.9494341000365,68.8921139101862,0.0,8.0,8,12.054396004897983,1,,1375.1288209606987,1355.0,522.0,2188.0,629809.0,295.68390997163226,0.5023972652106407,3.1103421796054027,1.9114109473723455,0.045825959192683466,16.102269465368288,11.488948872150923,1.5798584770610975,1.401544183419599,456.5,84.72407657924147,0.7991659243210594,0.995637949836423,3.965394986384056
ID23346,23346,26,460.0,503.78998178506373,69.73788706739526,0.0,17.0,17,12.067591844650872,1,,1448.4967462039046,1428.0,491.0,2098.0,667757.0,309.84779308669295,0.5093917144672114,3.1553608112208935,1.5540172898681617,-0.03587831254499249,15.937073312122365,11.30535796520322,1.7118741629815137,1.409692055853084,457.5,84.14906607125714,0.8118996642061156,0.9956474428726877,3.9341756958509997
ID23987,23987,26,466.0,503.7693965517241,76.1925287356322,0.0,36.0,36,12.153015559492998,1,,1493.969957081545,1500.0,579.0,2222.0,696190.0,296.76806620151615,0.5184401957201995,3.437602584486051,3.3945238314316004,-0.71040548588663,16.449785885180788,12.88814689011472,1.960028970794936,1.2763499691175824,464.0000000000001,86.25341556430715,0.7837458261384287,0.9935760171306212,4.00421429303495
ID22836,22836,26,438.0,503.98071783123333,67.3602520045819,0.0,4.0,4,11.787377372393937,1,,1486.4829157175398,1485.0,656.0,2170.0,652566.0,311.6008145525864,0.5106322261022275,3.2250823471402503,1.068300045289462,0.08230191083124176,15.600629545447338,10.35020155875907,1.6026209823689934,1.5072778493134742,436.49999999999994,81.99099871951859,0.8159466412325537,0.9977142857142857,3.9244070975929923
ID22839,22839,26,429.0,504.26833527357394,67.08440046565774,0.0,3.0,3,11.692480323521528,1,,1448.9212962962963,1435.0,643.0,2184.0,625934.0,313.0561327992706,0.5224147314504307,3.176398722255544,2.0706615989692256,0.024608480069976704,15.67366173928804,11.193388363528163,1.5947389159991103,1.4002606923170933,429.50000000000006,83.47802943539054,0.7745128987219907,0.9862227324913895,4.028010598212885
ID23224,23224,26,419.0,504.63892215568865,68.39940119760479,0.0,15.0,15,11.527982368208784,1,,1416.4916467780429,1389.0,575.0,2248.0,593510.0,317.33715154866945,0.5124550341186174,3.024798063506194,3.6882827573049832,-0.6475147607135685,16.41181494176995,12.387064642540563,-1.3004986286573579,1.3249155805167347,417.5,84.74871569567101,0.7304661456355295,0.9858323494687131,4.147676591387536
ID23416,23416,26,465.0,503.8651827723489,70.18693449149475,0.0,19.0,19,12.10709306925637,1,,1438.682505399568,1410.0,469.0,2229.0,666110.0,330.28084051459206,0.5061743438553096,2.9277666541643734,2.261836258551469,0.03534155772960159,15.925980588525201,11.909259571013346,-1.4817190586538698,1.3372771408298456,460.5000000000001,86.1619206829169,0.7794867827948461,0.9829242262540023,4.015138718245227
ID23546,23546,26,370.0,505.3613728129206,71.53140421713773,0.0,23.0,23,10.874379187672197,1,,1401.975871313673,1378.0,581.0,2102.0,522937.0,317.92868267223685,0.5128301312358117,2.98967646535582,2.543477362305444,-0.3495483211731018,15.917372841268369,10.761359361313367,-1.4987201727629504,1.4791228790751707,371.5,81.89029047716885,0.6961516532722811,0.9789196310935443,4.248670023691601
ID23866,23866,26,469.0,503.82553191489365,75.90248226950354,0.0,33.0,33,12.231338704589191,1,,1495.4237288135594,1496.0,633.0,2216.0,705840.0,307.94197779172424,0.5208894346955484,3.3263908256771755,2.7062129979685823,-0.3997495783296748,16.563235927270014,12.267238894156701,-1.2866916163091608,1.350200812927809,469.99999999999994,86.91943976213317,0.781760791717171,0.9894736842105262,4.009294788247732
ID23009,23009,27,44.0,0.6626016260162602,58.24390243902439,0.0,0.0,0,3.6125759969217834,1,,1877.825,1881.0,1322.0,2337.0,75113.0,289.25322837991826,0.5307502244188037,4.501867951493822,-0.270270588552038,-0.25871261537598633,6.251563854333815,2.6104202939193386,-1.5270100638651576,2.3948495454529235,41.0,30.05864263336603,0.5702364711894244,0.9318181818181817,4.69437129731801
ID22770,22770,27,43.0,0.3045977011494253,57.8984674329502,0.0,1.0,1,3.721085869607808,1,,1822.9302325581396,1904.0,800.0,2293.0,78386.0,326.7066833129882,0.5414232033759215,3.919737612944851,-0.2769608226278644,-0.229860014068465,6.732341270854617,2.5632073739106067,1.5264358072779232,2.626530080780507,43.5,30.358485472372255,0.5931150138573931,0.9886363636363636,4.602941688524793
ID22842,22842,27,15.0,0.45555555555555555,57.27777777777778,0.0,4.0,4,2.1850968611841584,1,,1461.0,1411.0,762.0,2026.0,21915.0,331.44704382018983,0.46194214049053833,2.785630181664174,-0.18136200716845735,-0.1648745519713299,4.626639462404198,1.6028828090326448,1.6417448540969781,2.8864489882428894,15.0,19.23606797749979,0.5094112323695803,1.0,4.966731394891365
ID22843,22843,27,26.0,-0.18707482993197277,57.52721088435374,0.0,3.0,3,2.7925959628100285,1,,1677.875,1770.0,762.0,2082.0,40269.0,326.0632523993119,0.5002144775916174,3.431552500260976,-0.16804333257088852,-0.2028899456336183,5.443978277480276,1.8554883890200595,-1.5674310262586653,2.9339867119057574,24.5,23.886349517372675,0.5396055187502593,0.9607843137254902,4.825771349007496
ID22959,22959,27,27.0,-0.08181818181818182,57.67575757575757,0.0,2.0,2,2.9586351363515986,1,,1745.25,1835.0,749.0,2170.0,48867.0,314.6182430961194,0.5040747802318323,3.7181703303520184,0.034482227468440846,-0.31333085431101515,5.969600760717882,1.710036208410795,1.5991964345409504,3.490920678378893,27.5,25.122417494872465,0.5475448526473173,0.9649122807017545,4.7906570465539735
ID23936,23936,28,579.0,322.01423641069886,347.81090020132297,0.0,34.0,34,13.581626524224067,1,,527.0618556701031,530.0,299.0,725.0,306750.0,75.1561973400462,0.3267836474859805,3.454514262310329,0.281256400380712,-0.14791239537480755,15.88711547119324,12.299352290514424,1.584198096604885,1.2917034243702241,579.5000000000001,91.07812380128713,0.8778799961790802,0.9706867671691792,3.783444394241644
ID23041,23041,28,546.0,325.8656307129799,341.0109689213894,0.0,7.0,7,13.195283541573993,1,,522.3491773308958,524.0,281.0,764.0,285725.0,81.26085508924204,0.3625060064782421,3.420474083315136,0.06435133855090376,0.10152470698275046,14.382030286101454,12.401370718884008,-1.4857135793787684,1.1597129552946455,547.0,87.07530536858025,0.9065821795504965,0.981165919282511,3.7230712108921384
ID23042,23042,28,539.0,326.11505376344087,340.9175115207373,0.0,6.0,6,13.14089469003943,1,,524.036832412523,529.0,274.0,764.0,284552.0,79.93578215152876,0.3639978806066317,3.4989339086823943,0.04954082197999745,-0.1450727919134394,14.50391983199772,12.38223632694191,1.670654591591866,1.1713489751798178,542.5,85.42376326826587,0.9342265524910782,0.9908675799086756,3.667573522215057
ID23491,23491,28,571.0,321.8842306560753,342.47381582818474,0.0,21.0,21,13.42842323294576,1,,527.0318021201414,530.0,287.0,731.0,298300.0,78.81340602420373,0.3458797996460774,3.4370483792133815,0.12888165143295124,0.01645601360586044,15.302658379677718,12.101775168381739,1.9239031091406984,1.2644969987261798,566.5,88.1271830887396,0.9166214188245934,0.9843614248479583,3.7026267241925335
ID23431,23431,28,537.0,322.60056390977445,342.5708020050125,0.0,17.0,17,13.013103375051497,1,,542.4494382022472,549.0,277.0,739.0,289668.0,84.80544044762071,0.36410563712970767,3.4146401654632474,0.02866216297918764,0.04486480004062391,14.321743769568334,12.06266790374295,-1.3351097981013693,1.187278293977107,532.0,86.41512477260717,0.8952451432445502,0.9761467889908257,3.746570810399921
ID24073,24073,28,612.0,320.8713114754098,345.027868852459,0.0,39.0,39,13.934454799959425,1,,519.3672131147541,524.0,311.0,706.0,316814.0,83.07671237092696,0.3390766480023175,3.1660492657928514,0.017021119968057774,-0.04278170722588438,15.878969861938394,12.544320732527952,1.5738520715506774,1.2658293900891386,609.9999999999999,91.01548263008041,0.925356641372813,0.9870550161812296,3.6851091756824697
ID24010,24010,28,561.0,322.22543781537547,347.7033244286138,0.0,36.0,36,13.3690314193736,1,,542.8517857142857,543.0,302.0,740.0,303997.0,80.80937504519821,0.3338971594281003,3.3631008829272924,-0.06018494588014765,-0.053712856349841576,15.651968073791732,11.724981392816584,-1.564034514656472,1.3349247686978039,561.5,87.42748459814251,0.9231316854974233,0.9902998236331569,3.689547475711224
ID23563,23563,28,557.0,322.97843137254904,343.2110105580694,0.0,23.0,23,13.26145588223798,1,,530.7767695099818,529.0,282.0,711.0,292458.0,72.5705367543722,0.3502392058428677,3.794334482103991,-0.030036568814194604,0.0980713627709642,15.39055996489556,11.698299592423414,-1.3144373685530333,1.315623680458953,552.4999999999999,87.05532548154271,0.9161180904895385,0.9874888293118854,3.7036437224686733
ID24075,24075,28,602.0,321.33181692859114,346.96815550041356,0.0,38.0,38,13.871493293733788,1,,520.2425742574258,524.0,315.0,746.0,315267.0,79.78453775906932,0.32474976100182434,3.196922753807318,0.10526286038023384,-0.033789091336713074,15.691999058460848,12.55427208716744,-1.4997746863720465,1.2499330068288617,604.5,92.672348199405,0.8845162865471409,0.973429951690821,3.769224583818508
ID23054,23054,28,554.0,326.71068337809606,339.2535064159952,0.0,2.0,2,13.333269345274887,1,,513.3870967741935,517.0,251.0,687.0,286470.0,76.55073518670063,0.36553519939851986,3.5904748028609266,0.014596555329990555,0.1681873606954544,14.201709114757646,12.950201380486488,1.6381914115287617,1.0966400210700156,558.4999999999999,86.23175971596216,0.9438403588686666,0.9911268855368233,3.6488470564033184
ID23887,23887,28,598.0,322.41818684355997,346.40989496959645,0.0,32.0,32,13.85427231466257,1,,517.838602329451,525.0,306.0,678.0,311221.0,70.9888646716976,0.3338261560304628,3.6513655941437193,0.31437917155851913,0.15176445519902618,15.801806678982809,12.755490803529733,1.6668261555412769,1.2388238855230949,603.0,90.65371515176112,0.9220531635505196,0.9909613804437141,3.691704669641808
ID24143,24143,28,600.0,320.4235064209939,343.1046901172529,0.0,40.0,40,13.7851732688321,1,,521.4556113902847,528.0,340.0,733.0,311309.0,80.88483064431055,0.34858402261700705,3.332803645649595,0.1277835845524427,0.03855732009102435,15.968364728055391,12.217046330495457,1.5539280907017041,1.3070560834492475,597.0000000000001,90.6542145281717,0.912868447897473,0.9875930521091811,3.7102300090154277
ID23121,23121,28,573.0,324.46727483347814,340.84202143064005,0.0,10.0,10,13.534671754378513,1,,514.4434782608696,519.0,249.0,748.0,295805.0,79.88870648233517,0.34889490714898175,3.3311852692046164,0.1595303412039728,0.07071070442955465,14.700709202234872,12.887233771555897,1.7324613927245056,1.1407187502628837,575.5,88.72752609850124,0.9186253939123014,0.9829205807002562,3.698585891640984
ID23058,23058,28,579.0,325.5944540727903,340.74523396880414,0.0,8.0,8,13.552298857686367,1,,510.1421143847487,515.0,264.0,662.0,294352.0,77.50701521363838,0.3497757067486417,3.4112079588088573,0.031239247589675383,0.18302966195912054,14.64097062277183,12.83653023361052,-1.3323096267246441,1.1405707271608847,576.9999999999999,88.3582718593336,0.9287337986649076,0.9863247863247859,3.678402987331061
ID23314,23314,28,540.0,323.0139925373134,341.44247512437806,0.0,16.0,16,13.061933202803932,1,,539.2977528089888,541.0,310.0,741.0,287985.0,80.4563631661755,0.36704746552916984,3.5994557953590456,-0.014394843293860397,0.1716199030314711,15.153039068811328,11.803138179516758,1.8281735748872636,1.2838144261589692,535.9999999999999,85.45126431805845,0.9224390249558112,0.9871086556169427,3.690932458518891
ID24147,24147,28,578.0,321.97997695188707,348.19806972054164,0.0,37.0,37,13.569903063667143,1,,534.751724137931,538.0,324.0,720.0,310156.0,78.98910364367696,0.3252261900140936,3.322848226039467,-0.10625750942794449,0.089869104650623,15.761986815860412,11.886641678216114,-1.5121656098638285,1.326025234254886,578.5,89.11561051701668,0.9153889252666481,0.9830076465590484,3.705118522166693
ID22881,22881,28,562.0,325.8274231678487,339.8880023640662,0.0,5.0,5,13.398760233979036,1,,512.7464539007092,518.0,281.0,731.0,289189.0,76.7442379032199,0.3633641245065817,3.561369771591351,0.13649970994539695,-0.30569287180466154,14.421084146943455,13.08021016686094,1.7710048957777202,1.1025116540925048,564.0,86.91097104215875,0.9382957809011794,0.9920844327176781,3.6596120612455296
ID23201,23201,28,544.0,324.34068627450984,339.6651348039216,0.0,12.0,12,13.159049284959082,1,,530.9426987060998,532.0,257.0,721.0,287240.0,76.14607336073907,0.3674891330646468,3.7475786237309334,0.37128678581267,0.08746052054458975,14.29229453254244,12.702638445313408,1.8580387689453326,1.1251437718291928,544.0,85.75895714450836,0.9295008286242666,0.9881925522252498,3.6768849533950583
ID23842,23842,28,579.0,321.8973356501593,345.0505357660006,0.0,31.0,31,13.534671754378513,1,,523.824347826087,524.0,340.0,682.0,301199.0,69.6838712677574,0.3460755676572302,3.8653151169945277,0.4596169845174906,0.14804648010080748,15.887889134163528,12.411920897629441,-1.3994219737959523,1.2800507886896026,575.5,89.57340915076506,0.901357308659426,0.9854452054794522,3.7338463261493007
ID22947,22947,28,571.0,324.54787234042556,340.67109929078015,0.0,9.0,9,13.398760233979036,1,,513.6637168141593,512.0,278.0,734.0,290220.0,75.91564124376204,0.34717151639518296,3.4873763287813198,0.11241706683894737,0.10318123493346451,14.657161122844547,12.636085331219965,-1.4496357170042922,1.159944772344257,564.0,87.74291776011938,0.9205869703446763,0.9817232375979112,3.6946433375833063
ID23844,23844,28,582.0,321.64293882218414,343.62378502001144,0.0,30.0,30,13.622579184763433,1,,520.9914089347079,520.0,323.0,700.0,303217.0,71.62475073227628,0.35205653723529484,3.788043823889075,0.5022191405746497,0.09076622157620336,15.415233847127546,12.851173786446108,-1.4436990440793833,1.1995195227525213,582.9999999999999,90.41840441010928,0.8961170510126689,0.9864636209813873,3.7447476896481735
ID23973,23973,28,571.0,322.38292253521126,347.9107981220657,0.0,35.0,35,13.446189622059965,1,,537.5865724381625,539.0,287.0,742.0,304274.0,81.54750239470914,0.3396096343314504,3.34248513097177,0.09673119262258709,-0.11614285741055913,15.742433541218087,11.848775648913703,1.601512117945825,1.3286126776027998,568.0,88.79665472031859,0.9052426146265491,0.9759450171821308,3.725824866019953
ID23784,23784,28,585.0,322.0304198800343,343.9247357897744,0.0,28.0,28,13.628419519087378,1,,523.0773195876288,528.0,289.0,715.0,304431.0,75.88619888878034,0.3447579908345584,3.534299042109089,0.30078332609170355,0.10868916524797698,15.281788235326273,12.774175724418972,-1.4511521652492414,1.1963032734952734,583.5,88.72853949718973,0.9313738893719302,0.9948849104859335,3.673185850905795
ID23401,23401,28,548.0,322.5222628850259,342.2496187862153,0.0,18.0,18,13.189251411639768,1,,539.8899082568807,539.0,254.0,735.0,294240.0,83.5968023164064,0.3634035464186242,3.4427880094789027,0.6499311722388107,0.19346979493053457,14.416060297764002,13.044949333529056,1.866391859136879,1.105106653094529,546.5,86.25978445479814,0.9229608787377283,0.9927338782924614,3.6898888609798077
ID23529,23529,28,558.0,322.91055806938164,343.1657616892911,0.0,22.0,22,13.26145588223798,1,,531.9221014492754,536.0,322.0,741.0,293621.0,75.34662370018253,0.3429399252769981,3.605584669640375,0.1136095418350172,-0.019145505392056963,15.284441620030169,12.054412520220767,-1.3307539529078964,1.2679540868865375,552.5,87.47122172682579,0.9074271341000698,0.9830960854092526,3.721337430573498
ID23785,23785,28,589.0,321.6800799086758,344.0556506849315,0.0,29.0,29,13.63425735166143,1,,522.5162950257289,523.0,270.0,697.0,304627.0,75.00180519244766,0.3509636253531533,3.619733271981339,0.10528972602746584,0.023719955467447235,15.362316505966856,12.450417419591767,-1.4588383148598025,1.233879635376158,584.0,89.82976273490978,0.909457075234065,0.9798657718120806,3.717182030558244
ID23086,23086,28,554.0,326.92230347349175,338.541438147471,0.0,0.0,0,13.195283541573993,1,,519.414364640884,521.0,269.0,703.0,282042.0,73.78473936903276,0.3670213962463044,3.780014581637873,-0.053882317783481064,0.08485004386318831,13.753274271090673,12.918621954959752,1.5225154762780169,1.0646084635838793,547.0,85.50105355579328,0.9402736332075304,0.9873646209386282,3.655761063909906
ID23726,23726,28,549.0,322.4942580840133,343.814898760955,0.0,27.0,27,13.249449129317059,1,,534.5634057971015,534.0,328.0,718.0,295079.0,73.63449958801456,0.3464525022686965,3.7359456179073236,0.0805458160205451,0.09154627803016968,15.254681714103327,11.686185590430112,1.6443574974235746,1.305360213224363,551.5,87.71713961259672,0.9007130567591901,0.9787045252883763,3.735181439243901
ID23918,23918,28,593.0,321.94191919191917,347.75448933782263,0.0,33.0,33,13.750493532712623,1,,520.1818181818181,522.0,329.0,713.0,308988.0,72.6200624010367,0.32499052104714754,3.513876301529714,0.242907999194578,0.041478043378310146,16.08263887741961,12.402250212351763,1.565190612123809,1.2967516863514363,594.0,91.43812619662457,0.8927742872478454,0.9769736842105263,3.7517517619663
ID23599,23599,28,551.0,323.1666666666667,344.204998466728,0.0,24.0,24,13.153000537553789,1,,540.09963099631,544.0,319.0,717.0,292734.0,71.73066047624937,0.3554704011288765,3.94923022592329,-0.08641775887880053,0.21746848375407946,15.642646226036943,11.394899514474647,-1.3219742652861495,1.3727761448151863,543.5,86.83186073663443,0.9058393799691696,0.9837104072398188,3.724597380484081
ID24177,24177,28,587.0,318.7746598639456,343.1346371882086,0.0,41.0,41,13.68087033328176,1,,527.5646258503401,526.0,309.0,766.0,310208.0,82.86057483738006,0.3748691376984024,3.471970651069334,0.1156126098279516,0.08054351689989615,16.32522765941504,11.841877873496522,1.6120389057398767,1.3786012517451114,588.0000000000001,90.14550275262324,0.9092829752002491,0.9890664423885618,3.7175378771757983
ID23154,23154,28,544.0,324.5751303281202,340.2411836859859,0.0,11.0,11,13.153000537553789,1,,531.7490842490843,532.0,276.0,734.0,290335.0,81.3616078853655,0.3640418370153575,3.488516889976208,0.050801893598335784,0.1493912723938352,14.469605439469891,12.257361573427337,-1.3752978938000884,1.1804828757632853,543.5,86.9132133959532,0.9041444028596339,0.9783978397839784,3.728086951008352
ID22835,22835,28,562.0,327.37814879906267,339.13678968951376,0.0,1.0,1,13.458020851469096,1,,508.57495590828927,514.0,240.0,705.0,288362.0,79.78412309150478,0.3637496926112452,3.4004505137091705,0.0875716550531484,0.128050407230218,14.062545136699255,13.119200037536416,1.3855276539282828,1.0719056875772728,569.0000000000001,87.30627709690322,0.938061239659102,0.9869904596704254,3.6600695347436507
ID23284,23284,28,578.0,323.6944444444444,339.36941580756013,0.0,13.0,13,13.61089099798269,1,,513.6034482758621,513.0,291.0,714.0,297890.0,77.85634875608697,0.36299520269966945,3.5137467109946434,-0.02316254190277513,0.12155316322722781,14.853346696977486,12.713579898836972,-1.2198504172552769,1.1683056082682313,582.0000000000001,87.53940184935183,0.9543896020480278,0.9948717948717951,3.6286249504698525
ID22966,22966,28,560.0,325.7139037433155,339.33957219251334,0.0,4.0,4,13.363077719938119,1,,514.3885918003565,519.0,256.0,728.0,288572.0,76.56317754204606,0.36390984394504816,3.5851680234218306,0.2633914063089729,0.18705272717372792,14.211897990025458,13.164569593212244,1.735545819939265,1.0795565999630725,561.0,87.89463501360784,0.9125317652123573,0.9850746268656716,3.710914398890369
ID23478,23478,28,530.0,322.3972904851922,341.3604284814115,0.0,19.0,19,12.976360421598395,1,,549.2091254752852,556.0,297.0,760.0,288884.0,82.8867385130395,0.37191862359874545,3.5925453876550266,0.023416313053799622,0.12994573439786383,14.942421499331608,11.620981719328098,1.9173764501676112,1.2858140439614727,529.0,85.5936523938142,0.9073658264526399,0.9805375347544022,3.721463147557139
ID23671,23671,28,541.0,323.1617420744845,344.46737457679285,0.0,26.0,26,13.128777679910748,1,,543.5220588235294,550.0,331.0,724.0,295676.0,77.77745718294939,0.35108022561020835,3.631772709863706,0.3342953332048921,-0.05001953051434111,15.249356623097507,12.186243245669097,-1.5168599530387252,1.2513582993279753,541.5,86.39811223630552,0.9115905577981848,0.9899451553930528,3.7128296441870208
ID22968,22968,28,573.0,326.4263768115942,339.31623188405797,0.0,3.0,3,13.528790949515026,1,,506.74869109947645,511.0,262.0,696.0,290367.0,76.34944291037318,0.35793496540605835,3.4989836474207476,0.18500785712037907,0.27340320320342154,14.542849155345003,13.14147945024181,-1.393568655038401,1.1066371340007237,575.0,88.03132110454733,0.9324021575721443,0.9888220120378332,3.6711598677569772
ID23417,23417,28,574.0,323.297113997114,339.69249639249637,0.0,14.0,14,13.558169466087197,1,,514.3091537132988,515.0,283.0,693.0,297785.0,78.62078470758789,0.3586461521547194,3.4536369973030747,0.01148172397223528,0.20286455154473926,14.779675198083678,12.843785115727874,-1.2531114334255378,1.1507258230274506,577.5000000000001,87.72722284332403,0.942959608293365,0.9897172236503858,3.6505507211409776
ID23293,23293,28,557.0,323.7292974588939,340.4494768310912,0.0,15.0,15,13.32132731928254,1,,525.9533213644524,524.0,276.0,733.0,292956.0,73.54520445115128,0.36286328067909585,3.8081458229759257,0.11799598946807432,0.17468861715127404,14.80754417722327,12.384147625667513,1.8982578142957816,1.195685373334294,557.5000000000001,87.35282813031809,0.9181228481563669,0.9841129744042367,3.699597986247605
ID23741,23741,28,535.0,324.07182835820896,344.2596393034826,0.0,25.0,25,13.061933202803933,1,,546.4496268656717,551.0,317.0,735.0,292897.0,77.98160147166,0.3532791192183428,3.6586306446829933,0.4209444978598443,0.047243573467725085,14.899899537521632,12.162789264474934,-1.4208766091302019,1.2250396856781238,536.0,86.74802756492582,0.8950667745188581,0.9843893480257114,3.7469440997400447
ID23423,23423,28,561.0,322.1404058490003,341.7990152193375,0.0,20.0,20,13.333269345274887,1,,531.8942652329749,536.0,291.0,754.0,296797.0,84.39803491429474,0.34658109689413497,3.2441081722252285,0.0770095491833014,0.027224832146997113,14.996740610133507,12.117687697796644,1.8794962286630974,1.2375909483836889,558.4999999999999,88.77995924652957,0.8904369201022283,0.9729965156794423,3.7566726462656357
ID22848,22848,29,248.0,4.745756958587916,90.6581805838425,0.0,3.0,3,8.839970421789918,1,,749.9918367346938,745.0,435.0,1037.0,183748.0,133.0863762360572,0.4272430750292734,3.3738830136566706,-1.3854240742656898,0.37659987581977405,10.666345983552793,9.389662062232562,1.8222723072508489,1.1359669722785184,245.49999999999997,61.2105115084419,0.8233971188978437,0.9919191919191918,3.9066118266151917
ID23617,23617,29,129.0,1.9684684684684683,91.21685971685972,0.0,26.0,26,6.420368389804505,1,,855.1162790697674,831.0,569.0,1188.0,110310.0,152.54106147541555,0.436862828566731,3.4087738486153762,-0.896301445370533,0.11439385627563375,9.982822019341356,5.316218872367935,-1.4892658607742342,1.8778049322289914,129.5,49.323210350953694,0.6689242802151278,0.9773584905660377,4.334274891660893
ID23107,23107,29,171.0,3.2443461160275318,93.41347099311702,0.0,10.0,10,7.345306372654073,1,,751.3609467455622,732.0,498.0,1059.0,126980.0,121.32907294608115,0.4031309185904433,3.5584563925574564,-0.8000430774838019,0.039073027853309586,9.70846573697862,6.79963269651769,-1.4798626539510513,1.4277926720881022,169.50000000000003,52.434960487707684,0.7747073501235351,0.9797687861271677,4.027505051530419
ID23173,23173,29,183.0,3.475206611570248,93.93801652892562,0.0,12.0,12,7.60087128836938,1,,759.0444444444445,748.0,504.0,1035.0,136628.0,118.22296056484784,0.4157079494170697,3.7705962345995947,-1.0981715737062865,0.0940589575646192,9.804909157185635,7.70290767258255,1.6192603507096597,1.2728841593265974,181.49999999999997,54.85472162088098,0.7579812496889943,0.975806451612903,4.071699331926503
ID23237,23237,29,185.0,3.479963570127505,93.2632058287796,0.0,16.0,16,7.632215220473915,1,,804.3055555555555,789.0,503.0,1098.0,144775.0,124.55651371416982,0.42257657965565854,3.836316142789149,-2.523939147291957,-0.01491053418598205,9.868801615696894,9.171782966935686,-1.2118752141517335,1.0759959815091529,183.0,55.37792730809072,0.7498727295171973,0.9786096256684492,4.093654180751677
ID22796,22796,29,242.0,4.7318244170096015,91.13923182441701,0.0,5.0,5,8.79484521425256,1,,765.0371900826447,772.0,431.0,1095.0,185139.0,131.68717907974303,0.430420711212219,3.496217318908688,-1.8077911383264587,0.2520341605631852,10.81312283536598,9.345956942720665,-0.9247272658595451,1.1569840201102204,243.0,62.32131000508035,0.7862180139193253,0.9700598802395209,3.9979139008536952
ID23316,23316,29,186.0,3.5071877807726866,92.45597484276729,0.0,18.0,18,7.684170995435563,1,,809.1160220994475,804.0,575.0,1064.0,146450.0,122.26193564856094,0.4206826822248817,3.9192870928947237,-1.2305173623480892,0.15364434131490567,9.970306845473,7.741342052771767,1.622222280457881,1.2879300226635972,185.5,55.38039790385638,0.7600490742801975,0.9737532808398949,4.066156732931305
ID22933,22933,29,201.0,3.8341604631927213,92.41397849462366,0.0,7.0,7,8.008710387199292,1,,750.445,741.0,482.0,1101.0,150089.0,126.2342759997693,0.4247740788723566,3.5447333554660987,-1.5249210913834377,0.2822467302322605,10.175232498955182,8.465684334346172,-1.3120067122927257,1.2019385671720826,201.5,56.3341444700262,0.7978872185174739,0.9901719901719902,3.9685712145195993
ID23512,23512,29,171.0,3.1233140655105975,92.28516377649326,0.0,22.0,22,7.420755373261929,1,,818.0176470588235,793.0,576.0,1175.0,139063.0,144.15320882912278,0.42283534514011345,3.3727565343182726,-1.6460348431216585,0.005248539750850593,10.265610362774561,7.654784376899078,-1.4423555331364968,1.3410711337284091,172.99999999999997,54.76730073279208,0.7247918372904689,0.9857549857549858,4.163880769308585
ID23449,23449,29,169.0,3.0486725663716814,91.62291052114061,0.0,21.0,21,7.345306372654072,1,,817.3235294117648,782.0,551.0,1218.0,138945.0,143.17914474681055,0.41957507301980534,3.3743921147536735,-1.3408344557799476,0.1937457769182344,9.917461965926622,7.236988867503477,-1.434722457163993,1.3703851349639866,169.5,54.400897581417254,0.7197264044707667,0.9549295774647887,4.178507769988889
ID23581,23581,29,159.0,2.747916666666667,92.47291666666666,0.0,24.0,24,7.136496464611085,1,,832.874213836478,801.0,556.0,1175.0,132427.0,152.2292883436021,0.4371683151930016,3.3285281860523677,-1.2542632956438002,0.218466361788211,9.984989703328267,6.7692680728394,-1.4718890561414855,1.4750471684511113,160.00000000000003,53.6788133899551,0.697788861876997,0.9726443768996962,4.243682810185057
ID22945,22945,29,216.0,3.947286821705426,91.92015503875969,0.0,6.0,6,8.272643200907133,1,,748.9765258215963,741.0,415.0,1108.0,159532.0,125.16089423763209,0.4279300232564498,3.5867026772345767,-1.4357009529838896,0.13819282111681444,10.848858287650662,8.331107048957705,1.8759826980355254,1.3022108855278665,215.00000000000003,58.3788747344351,0.7927511573160532,0.9930715935334874,3.9814062113540576
ID23649,23649,29,95.0,1.262152777777778,92.3732638888889,0.0,27.0,27,5.527906391541367,1,,935.4166666666666,915.0,615.0,1408.0,89800.0,162.86130144626716,0.4411311834486347,3.5162637360921924,-0.7977384835928208,0.0928633424550972,9.221959719918527,4.544663460771502,-1.5258215190123077,2.029184294837314,95.99999999999999,44.51454806404458,0.6088035272802742,0.9846153846153844,4.543247036979416
ID23331,23331,29,202.0,3.8490488006617043,93.636476426799,0.0,14.0,14,8.008710387199292,1,,767.6984924623116,762.0,464.0,1047.0,152772.0,121.01602510018736,0.42773632020028807,3.801070464760491,-1.0600243377826837,0.16236673742441943,10.078992743669698,7.861366937619604,-1.427484475895515,1.2820916290572724,201.5,56.68826853294544,0.7879497643869355,0.9805352798053527,3.993518190739639
ID23140,23140,29,164.0,3.0207667731629395,93.8919062832801,0.0,11.0,11,7.0580094352277,1,,772.6601307189543,757.0,522.0,1086.0,118217.0,118.73162813001366,0.39290776878022554,3.67130386134346,-0.8801495097565062,-0.0860182892979445,9.347787227046604,6.793328619921668,1.627029212397971,1.3760245897179035,156.5,49.67724351155524,0.796909907999242,1.0,3.971003947472143
ID23014,23014,29,262.0,5.110373181530677,87.84977862112588,0.0,0.0,0,9.158310707189882,1,,753.8250950570342,749.0,418.0,1109.0,198256.0,130.01212442539895,0.4127734863755994,3.388098202408729,-2.303631458970723,0.28903064510246834,11.31922001006932,10.287868402202315,2.5807918470571947,1.1002493001996627,263.5,63.52072005907057,0.8206531834064528,0.9868913857677902,3.9131374488796977
ID22828,22828,29,167.0,3.1615853658536586,93.3150406504065,0.0,9.0,9,7.225151993843567,1,,753.3680981595093,734.0,533.0,1088.0,122799.0,124.94986436815341,0.40114315879594137,3.45237777214234,-1.0226142498176312,0.12555728499593677,9.413829546371167,6.904005410807928,-1.4229561521453222,1.3635316003133797,164.0,54.30933009199091,0.6987226480713153,0.9371428571428572,4.2408461930581485
ID23343,23343,29,174.0,3.079457364341085,91.38953488372093,0.0,20.0,20,7.399277020331918,1,,812.5,796.0,539.0,1132.0,138125.0,136.12195410929328,0.42483716146726086,3.559446381466561,-1.8354539616650354,0.17702629945653023,10.031247015580272,8.050717160374992,-1.5425051585513307,1.2460066371420044,171.99999999999997,54.786489533407746,0.7200975999950231,0.9745042492917844,4.177430663693445
ID23665,23665,29,139.0,2.313380281690141,91.55046948356807,0.0,25.0,25,6.723094811029983,1,,872.2214285714285,841.0,549.0,1200.0,122111.0,146.93139728708726,0.4289096487406856,3.56371681752467,-1.152676114082374,0.19902181751980083,9.968793599080653,6.067887395402194,1.7165133636844065,1.6428771579766432,142.00000000000003,51.1377572167371,0.6823620330576667,0.9826989619377164,4.291385256138775
ID23218,23218,29,198.0,3.9405652535328346,93.68204488778055,0.0,13.0,13,7.988812939345246,1,,757.7602040816327,749.0,543.0,1058.0,148521.0,123.62527601466344,0.42192809389514524,3.6376032020071056,-0.9901990031319393,0.20217638881973668,10.034822532922123,7.7637060149447805,1.7004255940479445,1.2925299481466128,200.50000000000003,56.46888524669335,0.7901432095754384,0.9756690997566911,3.9879713159673877
ID22772,22772,29,280.0,5.264285714285714,89.09761904761905,0.0,1.0,1,9.440697438826296,1,,746.8678571428571,732.0,493.0,1086.0,209123.0,133.0269613267782,0.4262366669842687,3.3557786268367815,-2.0374119067802767,0.3099739180915116,11.435801483847264,10.22569017539054,-0.9655577437072043,1.1183403063950652,280.0,65.94151765089535,0.8091890902788819,0.9773123909249566,3.940759421963951
ID22964,22964,29,255.0,5.096632996632997,90.11279461279462,0.0,2.0,2,8.875905409054797,1,,740.2712550607288,721.0,463.0,1074.0,182847.0,130.28219568242258,0.4256200567547467,3.392767512793084,-1.6592847576843959,0.08794128067535205,10.900966030955155,9.600374984493063,1.6999621396160185,1.135472942313489,247.5,61.816544055137996,0.813908575325636,0.9959758551307846,3.9293174768684067
ID23349,23349,29,178.0,3.2984934086629005,92.71374764595103,0.0,17.0,17,7.506054213402069,1,,792.54802259887,775.0,522.0,1127.0,140281.0,128.26742841458386,0.4174447222925343,3.6394188326219767,-0.7891937105821325,0.11223450279382477,10.079481587213811,6.861992639338197,-1.488117799666084,1.4688855143082642,177.00000000000003,53.37661612825943,0.7806943834450554,0.9888268156424582,4.012032150103793
ID22967,22967,29,192.0,3.6212121212121215,92.60476190476192,0.0,8.0,8,7.827812790964006,1,,739.21875,727.0,471.0,1070.0,141930.0,127.32813717205953,0.416155467563621,3.412111824965684,-0.9734704409620394,0.1932625372317071,10.138529616015225,7.439295456138597,-1.469570720247615,1.3628346495701191,192.5,55.54122484107023,0.784169040333735,0.9871794871794873,4.003133614665389
ID23547,23547,29,189.0,3.254340277777778,92.22135416666667,0.0,23.0,23,7.817640190446719,1,,835.026455026455,828.0,490.0,1223.0,157820.0,147.77377887142495,0.4333967197162578,3.417055753785585,-1.3023147279636442,0.11980162044830048,10.700089882893732,7.4164341296316385,-1.476080552375658,1.4427539833654786,192.0,56.37382519423689,0.7591997978442885,0.9896907216494844,4.068430393892697
ID23228,23228,29,186.0,3.6135135135135137,93.12162162162163,0.0,15.0,15,7.673807981960538,1,,820.5409836065573,810.0,562.0,1174.0,150159.0,129.88015275763223,0.42538387811266876,3.7708275072047592,-1.3063165856576142,0.10247030997216311,9.704557803916408,7.881209400713905,1.6440227733720205,1.2313538837119768,184.99999999999997,54.171402313536966,0.7922120356913208,0.9762532981530342,3.9827607080238705
ID22845,22845,29,234.0,4.472222222222222,91.18447293447294,0.0,4.0,4,8.63044108762739,1,,744.0901287553648,741.0,403.0,1083.0,173373.0,131.71398459672162,0.4220245817265171,3.3531601395853037,-1.4436902903920013,0.06097528455188392,10.48459947578047,8.989174737311266,-1.249720620750681,1.1663584013182169,234.0,60.43427235696248,0.8051172403640268,0.9770354906054278,3.950711974845291
ID23422,23422,29,195.0,3.4896103896103896,91.85151515151516,0.0,19.0,19,7.827812790964007,1,,829.1428571428571,832.0,570.0,1127.0,156708.0,131.49644325861306,0.43148373612505453,3.8012231518213997,-1.4578459422405121,0.28923321473098,10.193432258175962,7.948234425956186,-1.4241979295952263,1.2824775556301833,192.50000000000003,56.18151429516517,0.7663968590729177,0.9821428571428573,4.049282475158431
ID22852,22852,30,741.0,352.4966239027684,125.19952734638757,0.0,4.0,4,15.352800093764555,1,,585.0324324324324,597.0,284.0,833.0,432924.0,100.24287975363269,0.48177288165972604,3.7950465913298053,-0.043448055243155516,-0.002518974841348869,18.835094477719828,12.687397497113638,0.7123810246363191,1.484551459982615,740.4999999999999,101.46798759921857,0.9038093556748753,0.9873333333333332,3.7287778983250495
ID23108,23108,30,746.0,352.51471571906353,132.4052396878484,0.0,10.0,10,15.425194971940664,1,,595.5863453815261,602.0,323.0,828.0,444903.0,94.93362419948994,0.4888675361903367,4.119929695552177,-0.005858250781151549,0.05545276865569268,18.844264754735303,12.887872442070764,0.7027145583689611,1.4621703341213,747.5000000000001,102.85895350397632,0.8878443966098556,0.9835526315789477,3.7621534280201936
ID23428,23428,30,668.0,350.85847159376567,140.19079939668174,0.0,19.0,19,14.52719706412263,1,,664.0285714285715,664.0,333.0,908.0,441579.0,106.02786103177871,0.5237129500647506,4.305136403776932,0.04870901653079442,0.006350976329463138,19.119973315317463,11.454346854659509,0.7336144965317065,1.6692329608946368,662.9999999999999,99.65047140932782,0.8390052480232856,0.9728539985326488,3.870103621270162
ID23620,23620,30,711.0,354.35790822268814,144.6488469601677,0.0,26.0,26,15.091412245528986,1,,658.2906815020863,660.0,286.0,959.0,473311.0,113.52504691893849,0.5268301080356784,4.001620362864848,0.03559870840095248,0.07825522808229182,19.58372615165952,12.02777363101126,0.8169194595826088,1.6282087402415617,715.5,101.78750930638093,0.8678217431212986,0.9862164024810476,3.8053067235602156
ID23877,23877,30,747.0,357.7357286769644,149.399708976942,0.0,33.0,33,15.39421028386426,1,,656.6989247311828,654.0,314.0,944.0,488584.0,102.68491549218085,0.5281345292440707,4.420512512848312,0.10052829319479924,-0.0822733367234457,19.61571905933273,12.307619560894521,0.7764645421870514,1.593786593929058,744.4999999999999,102.7818070245839,0.885609095956327,0.9913448735019971,3.7668983229537623
ID23174,23174,30,725.0,351.8095238095238,135.15865384615384,0.0,12.0,12,15.222667215103916,1,,611.0068493150685,616.0,292.0,867.0,446035.0,102.62765122164778,0.49732470953552277,3.9549020401327426,0.05244850738694861,0.07457179278717004,18.945128703352392,12.532809265871798,0.7500110434219892,1.5116426254839797,728.0000000000001,101.31327442121716,0.8912684630712648,0.985781990521327,3.754919771671292
ID22855,22855,30,722.0,353.24218207088256,124.11269400046328,0.0,3.0,3,15.133537693125074,1,,591.875,596.0,292.0,850.0,426150.0,99.15799021583662,0.48282870244828074,3.887177496833535,-0.03055772508007529,0.03251435574080713,18.909054988543065,12.261927832996621,0.6563775648796898,1.542094786894696,719.5,100.9781947751202,0.886717863157793,0.9835953520164047,3.764542489193405
ID23239,23239,30,677.0,350.6485050654806,138.74190758586607,0.0,16.0,16,14.652645434561187,1,,649.4851632047478,648.0,357.0,918.0,437753.0,103.81988311595744,0.5144793825613854,4.250336401622892,-0.059140857291921346,0.01327409680289327,18.896983770187738,11.532971635354222,0.7486132098079111,1.638518186610223,674.5,98.83047991499718,0.8677807450791948,0.9818049490538575,3.8053966127883045
ID22801,22801,30,747.0,353.0105004468275,126.2645218945487,0.0,5.0,5,15.40971041561482,1,,585.8458445040214,590.0,291.0,854.0,437041.0,96.03618775517693,0.48233696838126117,3.969922668538063,0.038613481481263354,9.460646125199054E-5,18.7612144537186,12.841616081392578,0.7029249841755303,1.4609698915468656,746.0,103.37153331156624,0.8772972642397031,0.9758011772400264,3.78470073458669
ID23955,23955,30,743.0,358.13022222222224,149.836,0.0,35.0,35,15.450968080927584,1,,656.0813333333333,659.0,323.0,963.0,492061.0,101.47486511063305,0.5292297261720594,4.47507886046166,0.2945352192989029,-0.016014984281489526,19.740803830515983,12.61281381282857,0.7250331130870153,1.5651387647090684,750.0,103.2325087269623,0.884378476197928,0.9940357852882702,3.7695182465070776
ID23513,23513,30,673.0,351.04289940828403,141.5241617357002,0.0,22.0,22,14.668929172241663,1,,670.6780923994039,676.0,361.0,950.0,450025.0,108.28027802371467,0.527418338527965,4.27751931860464,0.12482816900374291,0.021302546108602095,19.651161140300342,11.214126873397596,0.8219533185509814,1.752357661202966,675.9999999999999,100.7831496352252,0.8363358369876046,0.9782923299565845,3.8762749859702006
ID23323,23323,30,667.0,350.80542986425337,140.44193061840122,0.0,18.0,18,14.527197064122634,1,,662.107250755287,666.0,335.0,893.0,438315.0,98.33572265340601,0.5193743769072823,4.603230773216422,0.0828765516125986,-0.054958999674990294,18.847933763063725,11.427139748546498,0.7904378945409127,1.6494008280122008,663.0000000000001,100.40231773274232,0.8264867884360783,0.9735682819383263,3.899302912931643
ID22942,22942,30,750.0,353.1379041248606,128.43957636566333,0.0,7.0,7,15.425194971940668,1,,587.3743315508021,592.0,315.0,845.0,439356.0,94.97332245143492,0.4823710862533453,4.025016460094961,0.06886334168675051,0.05962712992485733,18.567473071951277,13.127436989706396,0.6593715431243657,1.4144019953407942,747.5000000000003,101.89480523106211,0.9047257974356168,0.9874504623513876,3.7268888875354045
ID23454,23454,30,673.0,350.8611732537907,140.98719860800398,0.0,21.0,21,14.609133399563156,1,,666.96875,671.0,322.0,913.0,448203.0,105.79598469775172,0.5241630937544884,4.336120017268076,-0.06889249678715118,-0.05712439769292677,19.68705565913228,11.013713541132704,0.7987844789429428,1.7875038773804506,670.5000000000002,100.72618303414586,0.8304698926163192,0.9731494920174169,3.889940744882864
ID23582,23582,30,700.0,352.7858506323073,143.43963254593174,0.0,24.0,24,14.91105145519181,1,,661.1888412017167,668.0,319.0,912.0,462171.0,105.96445498644832,0.5250316842706398,4.296372700087206,-0.006831228628323658,-0.11431491675193843,19.376159450577266,11.714161693580854,0.8503556097030781,1.654079904086952,698.5,101.20739805841846,0.8569426437661284,0.979663394109397,3.8293852002401665
ID23713,23713,30,725.0,355.64153988012913,146.979714153988,0.0,29.0,29,15.170301503624794,1,,654.1353591160221,656.0,327.0,927.0,473594.0,100.39325672366228,0.5219663923085862,4.46920789034126,0.07522959201802021,0.06423367182978548,19.818506828787438,11.897317102087586,0.8000915876212036,1.665796301698132,723.0,102.16376758642596,0.8704711070780696,0.9823369565217391,3.7995113989318527
ID23714,23714,30,734.0,355.75170532060025,146.41837198726694,0.0,28.0,28,15.274853405932204,1,,654.5813953488372,652.0,361.0,936.0,478499.0,106.86768100054331,0.5243822018050507,4.214066076889576,-0.042695499972924746,0.036186424155473615,19.78568823783182,12.107795275980802,0.8221368968319519,1.6341280792120978,733.0000000000001,103.4498328449933,0.8607048538553884,0.9825737265415551,3.821006759268458
ID24163,24163,30,718.0,355.5511746917888,150.34066061874853,0.0,41.0,41,15.101954623514336,1,,685.3249651324965,680.0,401.0,1006.0,491378.0,108.45669065290564,0.5428769180046339,4.44672522991134,0.030027108958393292,0.02837512192054432,19.460368728297112,11.9362911203533,0.6570306138389407,1.6303530579204832,716.5,101.1568603359433,0.8799041699963681,0.9882758620689656,3.779090079973596
ID23141,23141,30,751.0,352.3735861610113,133.57473941006876,0.0,11.0,11,15.46641133124031,1,,599.186170212766,601.0,292.0,873.0,450588.0,96.9937739856069,0.4915936160222338,4.071961256096556,0.029436680703561997,0.0794195069488315,18.80781337066859,12.853286135658735,0.7964390117914067,1.4632688615318594,751.5,103.30628599841987,0.8848819823610597,0.9823529411764704,3.7684456482536772
ID24101,24101,30,740.0,357.3367985691929,149.47317236753855,0.0,37.0,37,15.404545437954864,1,,665.3938584779706,666.0,357.0,930.0,498380.0,107.77342302671101,0.5348310209092826,4.3028194944921925,0.097902717182978,0.07251850311020577,19.928944171833088,12.123665897229483,0.7179989029617726,1.643805127984208,745.5000000000001,103.54798243804917,0.8737239269759939,0.9841584158415843,3.7924321314273968
ID23654,23654,30,714.0,354.5798878766643,145.1774118196683,0.0,27.0,27,15.070305364926572,1,,659.564606741573,657.0,311.0,934.0,469610.0,107.40212584418782,0.5259828458113815,4.233469055875433,-0.008658831338394185,-0.02778907997698467,19.55980766925668,11.772745819928994,0.8205602255833876,1.6614482269842001,713.4999999999999,103.0236254370121,0.8447538580402698,0.976728268309377,3.856912977102843
ID24039,24039,30,753.0,356.4000884173298,149.6631299734748,0.0,38.0,38,15.492115871712882,1,,664.312,660.0,352.0,992.0,498234.0,110.20418597377112,0.5374186481416516,4.214291670820974,0.022714110097192507,-0.01598652335138827,19.80911221884919,12.240769164953091,0.7090776610573795,1.6182898273717345,754.0,103.8362740989259,0.8787857733732879,0.9824104234527689,3.7814940661521415
ID24040,24040,30,733.0,356.2291242362526,150.06189183073093,0.0,39.0,39,15.311277907946215,1,,673.7720488466757,676.0,347.0,960.0,496570.0,108.67152155972741,0.5395963758821153,4.345996600900142,0.04414858063494449,0.06287149558217944,19.812353445080213,12.020230374509788,0.6774325559839798,1.6482507263000943,736.5,104.40534696750031,0.8490575598561074,0.9774386197743862,3.847125601135024
ID22953,22953,30,755.0,353.18554297135245,127.67876970908284,0.0,6.0,6,15.45611754552012,1,,585.4119205298014,593.0,275.0,824.0,441986.0,100.25697018120034,0.4830373353400586,3.8036942214788545,-0.014271338726669228,0.029025127580083836,18.7776959032525,12.880431667375086,0.6825245315615517,1.4578467855867459,750.5,103.39574652723766,0.8821759507601515,0.9810457516339871,3.77422098415133
ID23337,23337,30,698.0,351.1896551724138,137.54525862068965,0.0,14.0,14,14.88434347843123,1,,632.5482014388489,633.0,344.0,912.0,439621.0,105.84425330917158,0.5064215462253261,4.018111588869697,0.016697802265452415,0.04385840157153905,18.96907877234163,11.953189725354619,0.80175432402125,1.5869470165026487,695.9999999999999,99.3910516308934,0.8853694493004279,0.9823570924488354,3.7674080895315036
ID23913,23913,30,737.0,358.6165181631254,149.81231437057343,0.0,34.0,34,15.238341837978151,1,,661.2665745856353,664.0,368.0,948.0,478757.0,99.10665665308728,0.526213895907474,4.600983225712959,-0.05223129693171261,0.06102758884479494,19.51258396807979,12.1636453050665,0.7353765026022459,1.6041723906526812,729.5000000000001,102.5621491805848,0.8714870429400098,0.9805107526881719,3.7972961132649425
ID23787,23787,30,756.0,357.58581513346564,148.65927641738364,0.0,31.0,31,15.507518144817817,1,,647.5655629139072,650.0,306.0,944.0,488912.0,104.76397309761887,0.5220519040894107,4.2401966823125266,-0.08961196997344295,0.03673334604382111,19.800469041855905,12.37168678870864,0.743878938264985,1.6004664020372183,755.5,103.90245742651173,0.8794126208700931,0.9862924281984335,3.7801460967267375
ID23021,23021,30,679.0,352.70990391722097,123.30980537078098,0.0,0.0,0,14.674353069329307,1,,615.0476900149031,619.0,297.0,846.0,412697.0,96.94933646844069,0.490716221459463,4.176662505066785,0.0020831613710316993,0.14936722990297568,18.666213368611498,11.938833508072147,0.6688710665309441,1.563487199649011,676.5000000000001,98.01745809417913,0.8848523193710416,0.9875912408759125,3.7685088127085726
ID23793,23793,30,733.0,356.4329226557153,147.81279945242983,0.0,30.0,30,15.248782635255155,1,,653.2087912087912,651.0,345.0,932.0,475536.0,96.50542004817325,0.5228902047398631,4.6480653384000155,-0.020838032438035604,0.03354928500506043,19.71952846154131,11.976806555810953,0.7736622361973771,1.6464763265274343,730.5000000000002,103.26200483560885,0.8608926084519533,0.9759519038076155,3.8205900692566144
ID24113,24113,30,741.0,356.12511230907455,150.27785265049417,0.0,40.0,40,15.368341990871127,1,,671.2207267833109,675.0,269.0,984.0,498717.0,108.63671129742276,0.5373139841442565,4.319011001854486,0.09438256090726165,-0.04501452053676866,19.558840866607316,12.268620979147167,0.7027130629606582,1.5942167338816033,742.0000000000001,103.65684499561091,0.8677963060646889,0.9801849405548219,3.805362494190116
ID22834,22834,30,759.0,352.7885638297872,131.2628546099291,0.0,9.0,9,15.471555655790102,1,,594.1595174262735,598.0,312.0,861.0,443243.0,92.33891482563678,0.4868751915651872,4.213969791903124,0.048413717034134975,-0.0015444968347631685,18.686718152374144,12.959722138345077,0.7449722225459489,1.441907315056092,752.0000000000002,103.14002166481896,0.8883278297867235,0.9855832241153344,3.761129595807869
ID23348,23348,30,670.0,350.68238522954096,140.5943113772455,0.0,20.0,20,14.581872443920643,1,,659.188622754491,660.0,386.0,894.0,440338.0,98.38685564453,0.5189800011732003,4.578267712473746,-0.08880637384313367,0.10074941789145977,19.52806560485776,11.219628954961179,0.7932247369238328,1.740526864413167,668.0,100.15791090044296,0.8367887092640043,0.9730517115804806,3.8752259188423412
ID23860,23860,30,744.0,357.8129343196593,148.69233355749833,0.0,32.0,32,15.383868186436349,1,,656.4295302013422,659.0,346.0,984.0,489040.0,103.37210001871388,0.5259957391894902,4.377676567333214,0.015988862468422276,-0.09988937802646476,19.848288886343767,12.25030604236665,0.7445617089437265,1.6202280022801172,743.5,103.6660480156908,0.8693962282892157,0.986728599867286,3.8018594380301183
ID23670,23670,30,697.0,353.35520684736093,144.471231573942,0.0,25.0,25,14.937711679331517,1,,662.4529914529915,664.0,369.0,903.0,465042.0,103.29946182893829,0.5261275970521326,4.421679285719915,-0.08172784082531849,0.06940255009808736,19.760769195256607,11.463064151159559,0.8134948513743315,1.7238644863779886,700.9999999999999,101.82839621966143,0.8495522109627662,0.98110566829951,3.8460054451310506
ID23990,23990,30,753.0,357.46026490066225,149.3337748344371,0.0,36.0,36,15.502385754094819,1,,659.328476821192,659.0,328.0,917.0,497793.0,102.61032451600062,0.5327869970427848,4.46696528859122,0.10716078391254678,0.0283116919646575,19.914310993291686,12.322127394592851,0.7328591843382389,1.6161422744282297,755.0,104.39572714457408,0.8705452865362848,0.9824333116460637,3.79934951665777
ID22775,22775,30,689.0,354.1657025789347,123.99963846710051,0.0,1.0,1,14.836147960171175,1,,604.7124277456647,609.0,334.0,866.0,418461.0,98.65541613776736,0.4873039107822351,4.016595837134834,-0.008420804624494405,0.08957397943807018,18.868642259358346,12.023052491905977,0.7051898662959086,1.5693720269507996,691.5000000000001,99.09971870913881,0.8848246336471682,0.9843416370106763,3.7685677696330915
ID23223,23223,30,721.0,351.4953574744661,136.44312906220986,0.0,13.0,13,15.117754405994352,1,,617.9916666666667,627.0,345.0,835.0,444954.0,99.5431144839676,0.5025184408852067,4.152728921557195,-0.04674013398496401,0.038192515392114296,18.985356394734442,12.294377528853381,0.7575515618417107,1.5442307957583181,717.9999999999999,100.58140269802392,0.8918646126506553,0.984235777930089,3.7536646102906985
ID22972,22972,30,709.0,354.1267886464931,124.10121979826414,0.0,2.0,2,15.038589499470463,1,,596.7201125175809,605.0,300.0,889.0,424268.0,101.52486202404522,0.487057381274482,3.850176741248273,-0.007929546085945005,-0.07691224635207912,19.07529626024371,12.031509975684624,0.6973692038529142,1.585444910804579,710.5,102.09028810608265,0.8566532905677147,0.973954763536669,3.830031874523164
ID23356,23356,30,694.0,350.112191024718,139.16114710823135,0.0,17.0,17,14.86829566408479,1,,644.7853025936599,654.0,347.0,895.0,447481.0,102.85733833415489,0.5152704455213094,4.263388643008918,-0.07955225946164493,0.07927877284527965,19.30767222260303,11.777892606568267,0.7857683853999239,1.6393146777238887,694.4999999999999,101.98995104896014,0.8390104062422928,0.9733707077785563,3.8700917245924846
ID23548,23548,30,674.0,351.40101460034646,141.84966592427617,0.0,23.0,23,14.641779548428634,1,,669.3789004457652,673.0,352.0,916.0,450492.0,103.50953473152487,0.5249708737949643,4.452411725370038,-0.017062601476100038,0.06407595756977838,19.41535586674979,11.41159906554371,0.806181794665579,1.701370312366888,673.4999999999999,99.38602434495843,0.8568342687578524,0.9803493449781657,3.8296273687351765
ID23230,23230,30,702.0,351.5350130115921,138.74154246510528,0.0,15.0,15,14.974956254242633,1,,634.2727272727273,644.0,293.0,874.0,446528.0,115.18921064070175,0.5094952907662356,3.717086289292333,0.016618218520337846,-0.002225576282298085,19.100630645162347,11.91187626988998,0.7782201654476406,1.6034947150553944,704.5000000000001,100.75214564990245,0.8721320644890339,0.9811977715877437,3.7958916293766647
ID22975,22975,30,774.0,353.1655865197667,129.799416720674,0.0,8.0,8,15.670867148655,1,,580.729274611399,584.0,309.0,825.0,448323.0,92.21772872978454,0.4797567033803419,4.083382178972112,0.04945221037970328,-0.05115895810144476,18.70046469188361,13.369706092968048,0.7704088138045546,1.3987192060803293,771.5,103.39929564476434,0.906798167278698,0.98468410976388,3.7226277905085716
ID23489,23489,31,672.0,273.36184857423797,345.13815142576203,0.0,21.0,21,14.690612745308147,1,,2006.099853157122,2032.0,521.0,3138.0,1366154.0,484.40255987627086,0.7879459492090984,3.650212548610939,-0.17860477201681751,-0.09690523939283426,17.285694507540352,12.856589094212868,2.267902436048209,1.3445008143972772,678.0000000000002,96.87432000449407,0.9078669864811564,0.9905040175310449,3.7204358461673643
ID22979,22979,31,400.0,250.37395309882746,343.7520938023451,0.0,4.0,4,11.255546841497692,1,,2725.801007556675,2721.0,924.0,4443.0,1082143.0,773.6931948756963,0.6698712445484382,2.826595840709648,0.07740391937705332,-0.14279440117886616,14.24280387621244,9.222896165345883,2.8603040301721787,1.5442875666028164,397.99999999999994,76.7013054552953,0.8501340766018792,0.9719169719169718,3.844689040149216
ID24067,24067,31,779.0,271.67234726688105,340.2262593783494,0.0,38.0,38,15.731685749082876,1,,1912.194087403599,1922.0,666.0,3141.0,1487687.0,417.1167253167856,0.789753590053731,4.045784338885428,-0.010263839299229612,-0.07570389884177191,18.418443936207645,13.793968396598245,-0.8493037159419354,1.3352534532955613,777.5,104.72939449913383,0.8907853715525215,0.9773727215587681,3.7559378193859265
ID23300,23300,31,569.0,273.1010056196391,347.4086069210293,0.0,13.0,13,13.392819750320172,1,,2250.994652406417,2233.0,766.0,3819.0,1262808.0,567.3850622812726,0.8031877916023691,3.5342942275156926,-0.044348027809589734,-0.16157552592112856,15.75806680345114,11.878482144471683,-0.535027571684709,1.3266060942630653,563.5000000000001,91.04754479271448,0.8542152222966196,0.9591489361702129,3.83549374495384
ID24004,24004,31,764.0,272.82091503267975,341.26252723311546,0.0,36.0,36,15.604712843580295,1,,1939.875654450262,1960.0,573.0,3219.0,1482065.0,438.2497734640015,0.7716546683632891,3.8559030254970375,0.046638835478197284,0.10509471342288898,18.82662767446968,13.216553312057815,-0.8994734515495857,1.4244733274970898,764.9999999999999,103.65434853487082,0.8947387495512277,0.9820282413350447,3.7476308804273466
ID24068,24068,31,773.0,271.4751566213005,340.2645279758047,0.0,39.0,39,15.670867148655,1,,1938.038809831824,1922.0,520.0,3314.0,1498104.0,463.9648051962108,0.7937588672638691,3.696851082929499,-0.08422213243166753,0.07387636907946131,18.861929663367537,13.618467262167666,-0.8472000481251281,1.3850258843567733,771.5000000000001,102.78463254326549,0.9176760960563849,0.9910083493898527,3.700498414005844
ID23429,23429,31,658.0,273.1924057084608,345.5237003058104,0.0,20.0,20,14.428259270064395,1,,2051.186259541985,2059.0,647.0,3170.0,1343527.0,483.6849590035467,0.7894178537780145,3.7416890239913885,-0.15230980671508032,-0.13052223639614752,17.116799093914405,12.547301553345038,2.2684833849314656,1.364181694457735,654.0000000000001,96.33523671161443,0.8855585380746889,0.9746646795827125,3.7670058503916595
ID23046,23046,31,451.0,268.23996316758746,339.89337016574586,0.0,7.0,7,12.001467556018525,1,,2625.7934065934064,2638.0,573.0,5392.0,1194736.0,1003.385527450201,0.7477217951160522,2.239187465181024,-0.08939172912614665,-0.011293439913799648,13.749054930813772,10.743929566706656,2.5710631781428877,1.2797044922389862,452.5,80.55750249919036,0.8762266555904735,0.9627659574468085,3.7870121778459764
ID23430,23430,31,577.0,271.92400690846284,348.15371329879105,0.0,14.0,14,13.575766059431594,1,,2217.268965517241,2197.0,680.0,3879.0,1286016.0,575.8933887756856,0.8054884199575589,3.4353490874277166,0.07538472128994204,-0.12401462339248046,16.27443114048666,11.713133698173184,2.508842661573154,1.3894173463609374,579.0000000000001,90.23846962412438,0.8935214546383491,0.9830220713073007,3.750182816523373
ID22983,22983,31,395.0,248.3493670886076,342.84303797468357,0.0,3.0,3,11.213046198183495,1,,2754.6329113924053,2793.0,891.0,4854.0,1088080.0,909.6714916781547,0.6467728108528757,2.378631740774096,0.07579412153827983,0.0023275797251509412,13.4773097560305,9.460035658849858,2.9351209318179183,1.4246573947554293,395.00000000000006,75.32459123393406,0.8748495898316413,0.9825870646766172,3.7899914981232103
ID23880,23880,31,715.0,272.94102564102565,340.97202797202794,0.0,32.0,32,15.086138293858054,1,,2027.370786516854,2026.0,570.0,3373.0,1443488.0,476.0065715255692,0.7649964451216318,3.692035034344126,0.13296088204410517,0.10824066479103203,18.609788640274218,12.518482059995542,2.3417413891149805,1.4865850788526709,715.0000000000002,100.48034920153201,0.8899254654646459,0.9875690607734812,3.7577520016388406
ID23305,23305,31,627.0,270.97607655502395,347.723817118554,0.0,15.0,15,14.12728914679801,1,,2083.968253968254,2099.0,547.0,3569.0,1312900.0,555.5024786263897,0.7987193442330405,3.331700016176411,-0.12200567416753542,0.04413669578813504,16.934435519273645,12.19693165311682,2.4657625749279735,1.3884176775678,627.0000000000001,93.95448567977536,0.8925701645952727,0.9796875000000002,3.7521807331401966
ID24139,24139,31,793.0,271.2037037037037,339.5906986531986,0.0,40.0,40,15.877702285203682,1,,1903.9188846641318,1884.0,491.0,3468.0,1502192.0,467.7379722353482,0.7902372423596418,3.593541912055027,-0.10060514207795465,0.03507444816683717,18.808995153848006,13.82492004848036,-0.845916725613397,1.3605138465820998,792.0,105.23050797108199,0.8987765070059962,0.9850746268656716,3.739203280316576
ID23052,23052,31,404.0,264.38213399503724,341.76964433416043,0.0,6.0,6,11.326026846695518,1,,2849.0696517412935,2806.0,893.0,5865.0,1145326.0,1097.9201625873525,0.7274199735485117,2.1854938388782332,-0.04205377289080439,-0.10020653375233456,13.029665473096227,10.196386761127041,2.6183588874645207,1.277870855465276,402.9999999999999,74.95689276190637,0.9013464650978653,0.973429951690821,3.7338687859204827
ID23564,23564,31,666.0,272.9242652599849,345.6419241396634,0.0,23.0,23,14.532673858686332,1,,2074.2413273001507,2096.0,658.0,3307.0,1375222.0,488.466320749954,0.7889218617398721,3.745391953515401,0.008581067685062997,-0.048993463703810865,17.271495331615274,12.615832518935221,-0.8667160107093167,1.36903334010596,663.4999999999999,95.82316082690939,0.908050091236331,0.9858841010401189,3.720060721575335
ID24140,24140,31,763.0,272.324128221789,340.54873294346976,0.0,37.0,37,15.650541761179607,1,,1939.4640522875818,1949.0,721.0,3067.0,1483690.0,409.6921527538212,0.790898453008263,4.181227992832324,-0.23488564887256347,0.0585732972279087,18.54365613756804,13.65505207164196,-0.9457860902121842,1.3580069882031762,769.4999999999999,103.15876629158122,0.9086700397410844,0.9865384615384614,3.7187914822036685
ID23123,23123,31,508.0,273.0405138339921,344.55335968379444,0.0,10.0,10,12.69113085619237,1,,2444.390099009901,2464.0,761.0,4239.0,1234417.0,700.2706650052216,0.8113785820027225,3.1271512636007768,-0.21867874345529795,0.14173667347306912,15.029300599657457,10.894780212138551,2.5113271299855704,1.3794955296952554,506.0,86.11729581368958,0.8573923670252603,0.9619771863117869,3.828380765428615
ID23443,23443,31,628.0,272.4904076738609,346.26045830002664,0.0,17.0,17,14.110380356601343,1,,2089.296825396825,2085.0,405.0,3377.0,1316257.0,545.1925980681652,0.791029837929003,3.385090107081384,-0.2728733188196771,0.0718279531460874,16.837489345107404,12.423134265734488,2.4091776779082137,1.3553334436341558,625.4999999999999,93.52973329380417,0.8985407675459772,0.9827179890023564,3.7396937533067343
ID23064,23064,31,419.0,244.2828709288299,341.1614394853237,0.0,2.0,2,11.48648979554595,1,,2654.8177458033574,2720.0,1044.0,4259.0,1107059.0,765.7055854743631,0.6250351453849007,2.6671323842369503,0.046169998665401786,0.0020927046239662336,12.840241677199009,10.54049732966765,0.14080175320869665,1.2181817684312124,414.5,75.53176769549724,0.9130090899254332,0.9787485242030697,3.7099442318115963
ID23835,23835,31,701.0,272.67725434213656,340.1659528907923,0.0,31.0,31,14.93238344242959,1,,2041.456614509246,2063.0,470.0,3366.0,1435144.0,494.39630000900723,0.7630084334279812,3.5741262306422352,-0.05265286859024164,0.0651094855382825,18.565838810640543,12.328936223569462,2.3023573819959604,1.5058751601900475,700.5,100.52970826530844,0.8710220696625631,0.9749478079331944,3.7983095236639244
ID23068,23068,31,473.0,269.96043417366946,343.1957282913165,0.0,8.0,8,12.309163489997376,1,,2527.755230125523,2541.0,542.0,4715.0,1208267.0,924.9233843979357,0.7923642034909871,2.416338864629046,-0.17509631812670529,-0.10366950838102164,14.967899414170015,10.434664672110781,2.695047651223074,1.434439906265069,476.0,83.7287802961171,0.8532322989917771,0.9616161616161616,3.837702352772793
ID23836,23836,31,702.0,272.85489220563846,340.28891257995735,0.0,30.0,30,14.964324406076502,1,,2015.9887005649719,2035.0,484.0,3322.0,1427320.0,511.8100114783917,0.7649996533345967,3.414490638500118,-0.12852597074453295,0.11706281402938437,18.380749663250988,12.495875041241018,-0.8509630790031445,1.4709453801824766,703.5000000000003,102.82886147407476,0.8360724466429558,0.9656829100892249,3.876885515004624
ID23328,23328,31,600.0,271.18998057174576,347.1808215376076,0.0,16.0,16,13.825523015545064,1,,2166.9883720930234,2170.0,542.0,3535.0,1304527.0,565.9648703528798,0.7944206267364822,3.3901847071358233,-0.0645784903262366,0.14359457736432898,16.727925669743627,11.64267906155883,-0.6576107809774985,1.4367763279651837,600.5,92.5282542009899,0.881402219072729,0.9780130293159611,3.775877205177784
ID23776,23776,31,693.0,273.6918465227818,341.85419664268585,0.0,28.0,28,14.873646859386387,1,,2049.5951008645534,2056.0,649.0,3385.0,1422419.0,519.4153267930836,0.766734645294326,3.424972362917485,0.05986487651626562,0.06657648101428569,18.238295270852472,12.579770435292648,-0.8388587672382152,1.4498114544033958,695.0,99.79231958355886,0.8770016966398736,0.9830268741159829,3.7853384418349307
ID23777,23777,31,703.0,272.9275878442545,341.78561253561253,0.0,29.0,29,14.948362455500641,1,,2020.7116477272727,2035.0,419.0,3297.0,1422581.0,500.4171495488262,0.7716314057206484,3.517537050515774,-0.14251789816027757,0.12703641789805076,18.561747295765784,12.37799193334431,-0.8294511846311231,1.4995766191900186,702.0000000000003,100.831346199923,0.8676725240004111,0.9811320754716986,3.805633920801858
ID23970,23970,31,743.0,272.8069881670016,342.3146907791918,0.0,35.0,35,15.414873662673974,1,,1948.342704149933,1979.0,573.0,3329.0,1455412.0,435.43857627695775,0.7582950814228925,3.859356715255216,-0.26490007487840306,-0.20827453972394316,18.450502507310947,13.782053094490308,2.2585353162956294,1.3387339593610301,746.5,101.9489561663213,0.9025558991086987,0.9920265780730897,3.7313662363566658
ID23718,23718,31,670.0,273.8932639920753,342.9390787518574,0.0,27.0,27,14.63634358033765,1,,2085.004464285714,2095.0,439.0,3474.0,1401123.0,505.6498953540338,0.7750698834585685,3.6009116803242454,-0.05500711430144228,0.2448532011815146,17.863019555174912,12.37993793550545,-0.871843619100399,1.4429005741574905,673.0,97.16238374137019,0.8958361962360134,0.9817651349380017,3.7453346540178942
ID23207,23207,31,530.0,273.7090395480226,346.22096672944133,0.0,12.0,12,13.000867261978827,1,,2368.467043314501,2372.0,658.0,4012.0,1257656.0,676.2638484938641,0.8127297937584536,3.140467316567643,-0.08490674799095363,-0.07348047841280923,15.394102303136867,11.19463795946122,2.6001460727076315,1.3751317692347917,531.0,87.03048534387096,0.8809709223710408,0.9851576994434137,3.776801369683704
ID23528,23528,31,676.0,273.3329648734954,345.1954065340211,0.0,22.0,22,14.696028639591784,1,,2022.4514705882352,2054.0,491.0,3151.0,1375267.0,494.01343705606115,0.7921311068426676,3.619067083925291,-0.20130269465338296,-0.22510700116620855,17.48628146929321,12.895165657116856,2.273989952847166,1.3560338761249269,678.5,98.27255300275378,0.8828669080274612,0.9741564967695617,3.7727437876263252
ID23914,23914,31,726.0,273.09150102810145,341.22127027644507,0.0,33.0,33,15.238341837978151,1,,1980.8592896174864,1993.0,534.0,3502.0,1449989.0,478.13635375942886,0.7630192594904192,3.586000125529311,-0.07632834813158723,0.23765991249254362,18.757803832088015,12.927541076612334,-0.8430372229855962,1.4509954925630377,729.5000000000001,101.77250293230438,0.885063130262081,0.9824915824915825,3.768059980311353
ID23597,23597,31,623.0,273.05555555555554,344.3696225917128,0.0,24.0,24,14.177894523696521,1,,2167.7061611374406,2200.0,750.0,3626.0,1372158.0,511.1149659898599,0.7870356075755188,3.735708539868751,0.007044790385882953,0.024144439808563938,17.234908437066483,12.142756110875478,-0.7686900564088432,1.4193572101501977,631.5,93.4900966462005,0.9079292370654365,0.9874902267396404,3.7203083013843123
ID23407,23407,31,636.0,272.41562173458726,346.0175026123302,0.0,18.0,18,14.250673927406327,1,,2087.0219092331768,2103.0,600.0,3362.0,1333607.0,515.8124335491269,0.7923706757930813,3.577385662797378,-0.17285481912534423,0.0337276430320618,17.406817017123828,12.035805012875034,2.3895358333255023,1.44625282633802,638.0,94.08582832895712,0.9056953065855152,0.9845679012345679,3.724893613667937
ID22896,22896,31,407.0,256.12661812297733,342.25485436893206,0.0,5.0,5,11.451797811161432,1,,2773.7310513447433,2813.0,803.0,5344.0,1134456.0,934.5415784239128,0.6973350266543055,2.4387631399106637,0.06798578668618903,-0.07324440288085544,14.310957488311926,9.388969774654843,-0.3800875950027289,1.5242308615098321,412.00000000000006,75.83886021462838,0.9001678241913325,0.9868263473053895,3.736312469604125
ID24176,24176,31,831.0,271.6867069486405,340.4699899295066,0.0,41.0,41,16.229646663346887,1,,1843.761212121212,1817.0,457.0,3298.0,1521103.0,456.4785056972315,0.7876017546357367,3.5591823582091835,-0.12763056317428192,0.21530790863380844,19.138960719036902,14.104984179619859,-0.7604341639505244,1.3568934552007923,827.5000000000001,108.08617326549381,0.8900975060175279,0.9816132858837485,3.7573888296440594
ID23089,23089,31,387.0,248.56709956709955,339.95151515151514,0.0,0.0,0,11.070199012698888,1,,2981.7552083333335,2998.0,916.0,5629.0,1144994.0,1245.0935508484672,0.7508168133982241,2.0539661376872678,-0.0017151160375525702,-0.05236724740075637,12.086630359405051,10.323331052397446,0.45072708524725436,1.170807203416973,385.0000000000001,72.02749086054291,0.9325540692430964,0.9846547314578008,3.6708608423374933
ID23156,23156,31,513.0,272.5468292682927,346.2479674796748,0.0,11.0,11,12.772384924875725,1,,2417.7782101167313,2420.0,625.0,4153.0,1242738.0,640.4233564367356,0.8117529360971383,3.383017052106702,0.013170346827873314,0.10723934495590788,15.611498142058544,10.757430643383055,2.581293948998292,1.4512292627850916,512.4999999999999,86.93270280809685,0.8521918352222961,0.9724857685009488,3.8400444147636934
ID23668,23668,31,683.0,273.85632183908046,343.3581560283688,0.0,26.0,26,14.728482183655359,1,,2057.0043988269795,2071.0,612.0,3350.0,1402877.0,500.39237025527956,0.772739056202258,3.5837902787964495,0.020366437376698403,0.1544194076579931,17.576013637395164,12.502379072472884,-0.9302482158648964,1.4058135284102171,681.5,98.62239065385445,0.880490495949195,0.974964234620887,3.7778316066559507
ID22965,22965,31,483.0,272.14327485380113,343.25232198142413,0.0,9.0,9,12.418580428376128,1,,2505.257731958763,2499.0,478.0,4422.0,1215050.0,774.4741068071158,0.8021175261214888,2.8795882961476056,-0.049586742563535145,-0.030522847872590828,14.872571279605049,10.767278724839578,-0.4755270666576672,1.3812748475893695,484.50000000000006,83.66448627613543,0.8698038947641189,0.9594059405940596,3.800968391041947
ID23735,23735,31,669.0,273.19143140168404,344.247152055473,0.0,25.0,25,14.63634358033765,1,,2064.5133136094673,2104.0,581.0,3171.0,1395611.0,498.77226582461316,0.772921562095618,3.6090366137327465,-0.03897745846872712,0.1428042495476729,17.586336292852824,12.501236572501185,-0.8898785637208879,1.406767737804216,673.0000000000001,96.44460914594367,0.9092200694509233,0.9889786921381337,3.717666476658429
ID22840,22840,31,401.0,247.4159347553325,338.4376829778335,0.0,1.0,1,11.262614689504414,1,,2841.3175,2879.0,928.0,5052.0,1136527.0,1052.226426595443,0.7255280691046273,2.2707679070091165,0.006132247284675309,0.0241718350482806,12.415645753966071,10.427183946941549,0.1404209152212541,1.1906997917311863,398.5,73.65853164696165,0.9229795432596694,0.9851668726823238,3.6898515522657163
ID23481,23481,31,656.0,272.61372251705836,345.79163507707864,0.0,19.0,19,14.488801535607076,1,,2029.7246596066566,2036.0,597.0,3184.0,1341648.0,469.3043657469686,0.7875868971910152,3.81104300150601,-0.058766415223297175,0.055631386487008105,17.874156972057268,12.46427517723598,2.3326403820032935,1.434030998023983,659.5,96.43735737465718,0.8911156310353011,0.9821295606850333,3.755241754256955
ID23934,23934,31,733.0,273.4277929155313,341.3610354223433,0.0,34.0,34,15.2852692635394,1,,1985.350613915416,1993.0,555.0,3361.0,1455262.0,476.2019175163066,0.7731416851912216,3.635730806179145,-0.3514617562832354,0.03141488426145185,18.526638747882895,13.246025462658654,-0.8692491720997275,1.3986564347253152,733.9999999999998,101.92212080743487,0.8879101489437475,0.9885521885521883,3.762014126229106
ID23233,23233,32,494.0,433.19235970250173,142.63319810682896,0.0,15.0,15,12.527041705391133,1,,556.8411405295316,560.0,285.0,865.0,273409.0,94.80749140469673,0.4559541054095558,3.6786807500330703,-0.06391097305005712,0.0187544494404136,14.875902553773534,11.04848264538027,-1.514842704751834,1.346420411855707,492.9999999999999,82.72328555384173,0.9053181619617727,0.9830508474576269,3.7256694057495245
ID22978,22978,32,419.0,426.19696969696975,136.49003189792663,0.0,2.0,2,11.534883286137944,1,,603.0216346153846,594.0,318.0,881.0,250857.0,115.72308873234988,0.47564229457452106,3.3592493643943846,-0.044618310867701835,-0.018310715247715693,13.186945553346959,10.573518636942183,0.7689787110681976,1.2471671925061807,418.0,76.4186326271497,0.8994719424249927,0.9800703399765531,3.7377575002439407
ID23362,23362,32,507.0,434.6507936507937,143.3862433862434,0.0,17.0,17,12.666024736934256,1,,549.3784860557769,551.0,290.0,828.0,275788.0,95.89022007840757,0.4526256853357811,3.5703665481885767,0.10379649428625552,0.006665247875662843,14.552327601774639,11.163123948137862,1.5089111932495285,1.303607096846948,504.0,85.14368198923539,0.8736461076580712,0.9655172413793104,3.7926010315732617
ID23875,23875,32,562.0,441.92377957472297,145.2130877508236,0.0,33.0,33,13.309374578141513,1,,528.6864864864865,527.0,278.0,782.0,293421.0,96.92646221225203,0.4481661497237811,3.376031600596026,-0.027275865076980193,-0.12962448884635,14.796012239039612,12.45586535199041,1.3898428171165482,1.1878750950591526,556.5000000000001,86.79413268206592,0.9283127114431883,0.987577639751553,3.679237163608427
ID23109,23109,32,509.0,430.77630285152406,141.5757128810226,0.0,10.0,10,12.722443834596307,1,,548.4931237721022,552.0,287.0,892.0,279183.0,96.75526421550308,0.4524894892629735,3.5320112403827477,0.08030903957052342,0.0743375269535729,14.94709227348889,11.076629029020046,1.5155066562343318,1.3494260965433151,508.5,85.7809845309805,0.8683979076789479,0.9732057416267943,3.8040441418373208
ID23621,23621,32,546.0,437.2601102941176,144.38970588235293,0.0,26.0,26,13.159049284959082,1,,534.1948529411765,543.0,278.0,786.0,290602.0,91.68784967620961,0.4489677435675242,3.6105580326580546,0.12294026423390843,-0.026816698485796157,15.262805585087794,11.623431945407024,1.6754223082194368,1.3131066329440557,544.0,87.01610676016166,0.9028372453101716,0.9846153846153847,3.7307847984943057
ID22982,22982,32,486.0,428.5556124189696,140.06294779938588,0.0,8.0,8,12.469738545806875,1,,558.6454918032787,565.0,282.0,859.0,272619.0,102.8245816901661,0.4580163131666438,3.4134056740653564,-0.12526432862378467,0.28641502420959747,14.58204120304765,11.252325453883254,1.4487743277215037,1.2959135658500962,488.5,81.82083421574951,0.9169520502158119,0.9918781725888325,3.701959123853203
ID23175,23175,32,507.0,430.81291172595525,141.06455862977603,0.0,12.0,12,12.69113085619237,1,,550.905138339921,559.0,269.0,811.0,278758.0,99.69245228627949,0.4550407643090311,3.4563656720245057,0.2727842400945293,-0.02931065811366826,14.834632443014119,11.318036064842218,-1.4887821414391726,1.3107072956849537,506.0,83.33765554139396,0.9155410541675594,0.98828125,3.7048106828717997
ID23433,23433,32,490.0,435.1824254881809,143.1813977389517,0.0,19.0,19,12.444185776032683,1,,562.0123456790124,561.0,285.0,859.0,273138.0,100.07531108373867,0.46176292766908933,3.548060545741558,-0.35269811533090917,-0.2032800832758595,14.773683918144824,11.326608427314099,1.5192017002252376,1.3043343038608193,486.49999999999994,83.1446431760218,0.8843499609195095,0.9808467741935483,3.7695790188260636
ID23242,23242,32,479.0,434.13525305410127,142.95759162303665,0.0,16.0,16,12.32854292496725,1,,567.6234309623431,566.0,284.0,875.0,271324.0,100.7604650429281,0.4636061486474209,3.5688238187051535,0.0771960247339874,0.0023972017246018185,14.725993711445248,10.646360237140327,-1.5513583272905385,1.3831951374398295,477.5,82.25186378336832,0.88693490086862,0.9804928131416837,3.764081859177906
ID22860,22860,32,444.0,428.2484984984985,137.4162912912913,0.0,4.0,4,11.888212206450685,1,,587.2031602708804,593.0,302.0,842.0,260131.0,106.815353383757,0.4690835671262268,3.510657134460154,0.0219446996410886,-0.011514262756545256,13.529643177939803,10.656224541462217,1.21993895059801,1.2696469678634703,443.99999999999994,79.28465862217136,0.8875943171333504,0.9790518191841237,3.762683383587063
ID22861,22861,32,453.0,428.1765350877193,137.1154970760234,0.0,3.0,3,12.047792665040703,1,,580.4159292035398,584.0,304.0,884.0,262348.0,109.21302649362579,0.4643416959570527,3.3704673986893052,0.05146658122683289,-0.1698433167900856,13.235931982370518,11.264272723991578,0.9608015940090567,1.1750365342433104,456.0,79.18957078534443,0.9137738565961976,0.9817007534983853,3.7083914211398907
ID23954,23954,32,580.0,443.6293916023993,145.53084832904884,0.0,35.0,35,13.628419519087378,1,,516.7061855670103,522.0,259.0,740.0,300723.0,83.7252982836633,0.4419890206871209,3.783262541428997,0.0594563307321666,0.04839608382784321,15.4500008164597,12.24269741741776,1.3387292050229038,1.2619768576881503,583.4999999999999,89.62237222015179,0.912888748180488,0.9848101265822783,3.710188755829806
ID22806,22806,32,453.0,428.9021857923497,137.7309653916211,0.0,5.0,5,12.067591844650874,1,,574.4166666666666,577.0,264.0,881.0,261934.0,106.35105493810075,0.4634237665902494,3.4207664552445114,-0.11830490471686803,0.028037873023708797,13.997406642942199,10.660607252388928,1.1442949213263223,1.3130027503644812,457.5000000000001,80.3601515500093,0.8902653452308161,0.985991379310345,3.7570346279925917
ID23514,23514,32,510.0,436.32891723912337,143.22587504088975,0.0,22.0,22,12.734947467918404,1,,546.9862745098039,555.0,320.0,768.0,278963.0,86.74215912003028,0.45324414205429375,3.9334154118124944,0.09577108231854774,-0.16295745007474952,15.24164690801632,11.389193500396546,-1.5359817810429557,1.33825515454502,509.50000000000006,84.88481593646388,0.8885748764040324,0.9854932301740813,3.7606067141908337
ID23708,23708,32,541.0,437.99585253456223,143.59708141321045,0.0,29.0,29,13.140894690039426,1,,532.3044280442805,535.0,295.0,770.0,288509.0,90.32959538770781,0.44909082191389704,3.652570299456338,0.05275790391532496,0.038923517225978095,14.995326753802747,11.778542322278932,1.3982915971066676,1.2731054780385953,542.4999999999999,86.03661957207666,0.9209645844643091,0.9872611464968151,3.693885820652675
ID23710,23710,32,558.0,438.41087344028523,143.9795008912656,0.0,28.0,28,13.363077719938119,1,,528.2923351158645,528.0,265.0,781.0,296372.0,92.33123656009413,0.44677341895977407,3.5338040076748576,0.024777948486258014,0.04069472646546948,15.135924549696256,11.871617951733354,1.416415554879144,1.2749672884719379,561.0,88.24245312786158,0.9053522378683626,0.9842105263157896,3.725599291184185
ID23583,23583,32,556.0,435.2062853738457,144.1952636282395,0.0,24.0,24,13.345200684884094,1,,524.5232142857143,530.0,257.0,770.0,293733.0,92.26933913780445,0.4444094273943666,3.4980841153838726,0.032321132571465065,0.004517225793778859,15.062129992071988,12.067279805595385,1.4839278199299248,1.248179393759308,559.5,87.83810229676033,0.9112636902710873,0.983304042179262,3.7134954748614066
ID23330,23330,32,482.0,433.78911917098446,143.02124352331606,0.0,18.0,18,12.392922176939507,1,,566.0144927536232,568.0,267.0,876.0,273385.0,104.16366091038952,0.4650823675263298,3.4499209581625765,0.14926360907392433,-0.09021199652238533,15.031096591522848,10.834121358660541,-1.5383874959043535,1.387384919729309,482.5000000000001,81.81416568961625,0.9058372372954088,0.9907597535934294,3.7246017855758726
ID24162,24162,32,587.0,444.0216652506372,147.9086661002549,0.0,41.0,41,13.686685793834856,1,,519.4634974533107,524.0,279.0,757.0,305964.0,83.03024267886758,0.4458559629382999,3.858497938150948,-0.020128462525814583,0.06034498275627443,15.362547113322522,12.342744790427691,1.4083223537584113,1.2446621374879931,588.5000000000001,89.39667908018002,0.9253660446506609,0.9824707846410684,3.6850904521763987
ID23459,23459,32,511.0,434.75686274509803,143.5970588235294,0.0,21.0,21,12.741194683142286,1,,548.3333333333334,550.0,278.0,812.0,279650.0,90.5928230820474,0.45165910814867427,3.766404664640188,0.09083271845538067,-0.004725557312995573,14.55216036560276,11.405128557587553,-1.5508769960634057,1.2759312875891753,509.99999999999994,85.95896369474256,0.8673566208512412,0.9686609686609685,3.8063268896832323
ID24099,24099,32,563.0,444.46643109540634,146.44729093050648,0.0,37.0,37,13.422495877444907,1,,528.7442273534635,531.0,255.0,756.0,297683.0,84.07665931686488,0.44756972187564303,3.8888518235113487,0.07358318134893554,0.12538139386460065,15.292821253461307,12.032757173165395,1.3113163974516122,1.2709324249945204,566.0,87.44850613859137,0.930082569340809,0.9852045256744993,3.675734879018426
ID24037,24037,32,584.0,444.9163077806488,146.9519092736147,0.0,38.0,38,13.593339873985736,1,,518.7504302925989,524.0,275.0,758.0,301394.0,86.64842570144403,0.4435601721613801,3.679132604670697,0.05860474577846698,-0.0037675091332070604,14.991791600982113,12.43674861920979,1.3539449679900362,1.2054430028300005,580.5000000000001,88.36589005613135,0.9342062655572873,0.9872448979591839,3.6676133439439584
ID23142,23142,32,509.0,431.6820261437909,141.48888888888888,0.0,11.0,11,12.741194683142286,1,,544.8725490196078,549.0,258.0,849.0,277885.0,92.3054712940562,0.4484027415757588,3.654907592563253,0.027027440615843477,0.30279523915246126,14.696676492679916,11.43489258805774,1.495739802293828,1.2852483203933796,510.0,84.97561704041229,0.88754705324835,0.9770114942528738,3.762783567947185
ID24038,24038,32,582.0,445.45603448275864,147.5787356321839,0.0,39.0,39,13.58748446131949,1,,526.6585788561525,531.0,274.0,751.0,303882.0,87.39211344918793,0.4506952386961122,3.7444988428118653,0.05137055244316673,0.17344942381050488,15.258192077502127,12.41970928043612,1.3401861463381013,1.2285466376847698,580.0,88.24650106738198,0.9359289218132558,0.9889173060528561,3.6642365132771566
ID22951,22951,32,492.0,429.33180115764384,138.86159346271705,0.0,7.0,7,12.482495314918628,1,,555.7581967213115,561.0,280.0,855.0,271210.0,99.41400654101092,0.45306809177682855,3.4861478873536593,-0.044458501641460244,0.01813009684091952,14.789724687362162,10.787611228433924,1.3568611207084216,1.3709916286544968,489.49999999999994,83.48325717562696,0.8825997293218,0.9750996015936254,3.7733147828891656
ID23783,23783,32,573.0,439.71447253705315,144.26925312409185,0.0,31.0,31,13.51113317699163,1,,521.1031468531469,522.0,278.0,741.0,298071.0,87.72136785796015,0.4415209405742483,3.6389714388426855,0.0404070155511341,0.028553506843811013,15.19632221010457,12.30696712576557,1.4060115262198287,1.2347739337248993,573.4999999999999,88.1156364160742,0.9281909330235196,0.9820205479452053,3.679478513193047
ID23911,23911,32,566.0,442.8215025140491,144.80908015380066,0.0,34.0,34,13.392819750320172,1,,525.1761565836299,527.0,308.0,768.0,295149.0,82.38066030094035,0.4441320579446259,3.9211634051995468,-0.10241437782693312,0.07154530133744612,15.26726350724627,12.076569825946711,1.3404509319959164,1.2642052939936885,563.5,88.90502409895524,0.8958827539868417,0.9757575757575756,3.7452373328994946
ID23659,23659,32,526.0,439.23793544263344,145.17082134867368,0.0,27.0,27,12.884044615137238,1,,545.6531791907514,543.0,304.0,802.0,283194.0,87.86491004649929,0.4542574225593259,3.8796447502292124,0.012525221344771669,0.0123934103834656,15.381866736841825,11.368393156135074,1.6438034384567506,1.353037894237572,521.5000000000001,84.89440019823165,0.9092976909377751,0.989563567362429,3.717507795425054
ID23789,23789,32,560.0,439.19658886894075,144.86415320167563,0.0,30.0,30,13.315352289908494,1,,526.4470377019749,523.0,283.0,755.0,293231.0,81.21394260915224,0.44484014031403135,3.9915195259273566,0.014512701227146846,0.06093648789815771,15.281615478699175,11.843380137824637,1.3955696389439418,1.290308619740552,557.0,88.7757768792154,0.888129091813186,0.9754816112084063,3.761550389062764
ID23344,23344,32,502.0,431.640174379611,141.1643192488263,0.0,14.0,14,12.577758680835945,1,,553.5060483870968,557.0,277.0,802.0,274539.0,98.15333275554063,0.4567672576975302,3.5363244962212144,-0.10814902916341024,0.005429298922869787,15.080207535505206,10.855636832957703,1.5575349857002292,1.3891591776285026,497.0000000000001,84.13316376054276,0.8823315559135654,0.9716520039100687,3.773888164744232
ID23856,23856,32,576.0,441.61111111111114,145.83189407023605,0.0,32.0,32,13.575766059431594,1,,520.7564766839379,527.0,265.0,723.0,301518.0,90.72883152895642,0.44196551204205237,3.5184620076159447,0.04868880798069941,0.1285989081949452,15.362144181043963,12.3093462721096,1.38363038779492,1.2480065018441606,579.0,88.88006233004025,0.9210426193775595,0.9821882951653944,3.6937293359475856
ID24112,24112,32,578.0,444.62048192771084,146.84509466437177,0.0,40.0,40,13.599192765483634,1,,521.8932874354562,524.0,265.0,808.0,303220.0,87.66898346485118,0.44576213214775146,3.670895845917586,0.06233866828789964,0.10754806170218818,15.269648084323974,12.369136541918554,1.4173761867811152,1.2344958787200457,581.0,88.65285945788737,0.9289674565974972,0.9897785349233392,3.6779403542842912
ID23027,23027,32,383.0,423.9453057708872,132.6959517657192,0.0,0.0,0,11.098915530497878,1,,643.4263565891473,649.0,292.0,1015.0,249006.0,133.01958104292856,0.49816517816180017,3.2168212968673022,-0.3444614433997026,-0.2509850329503074,12.898783970307312,10.070072737322327,0.6306295115515755,1.2809027607617014,387.0,73.19194086659502,0.907808618738075,0.9809885931558935,3.7205554473414275
ID22963,22963,32,472.0,428.93981481481484,137.81232193732194,0.0,6.0,6,12.205286835384657,1,,569.185501066098,575.0,326.0,833.0,266948.0,92.52949242711158,0.460186618065702,3.8772987578850744,0.17110552321954528,-0.0489953771921468,14.202151410253263,10.966710047832528,1.2038815674903518,1.2950238812104082,467.9999999999999,80.75712504464443,0.9017663344213086,0.99047619047619,3.7329994257374692
ID23989,23989,32,567.0,444.52471315092674,146.56884377758163,0.0,36.0,36,13.428423232945757,1,,524.8271604938271,524.0,274.0,750.0,297577.0,83.65965737202691,0.4439740849201252,3.857699885137038,0.013934712326886681,0.101449074508444,14.988516496407389,12.171480430686808,1.2593549942199995,1.231445638988849,566.4999999999999,87.75720937324876,0.9243664392295903,0.9835069444444441,3.6870824333368306
ID22777,22777,32,376.0,426.287598944591,135.32014072119614,0.0,1.0,1,10.983598994121039,1,,647.9045092838196,646.0,342.0,975.0,244260.0,122.94926909976112,0.4978887195630115,3.503223000099341,0.1412422530900937,0.33594489949536743,12.360885802661917,10.56902918433134,0.891840783868512,1.1695384303590548,379.0,73.24795905687203,0.887683234480191,0.970550576184379,3.762494928860686
ID22841,22841,32,495.0,429.4399460188934,140.83468286099864,0.0,9.0,9,12.539740179716349,1,,553.7322515212982,556.0,276.0,825.0,272990.0,92.78172497989873,0.451512803784885,3.712928376045349,0.02477933241630925,0.37036405135618083,14.959357145392257,10.888226932808672,1.5607080865054912,1.3739020354467775,494.00000000000006,83.43307665642632,0.8917852714012241,0.9782178217821784,3.7538315864820393
ID23354,23354,32,533.0,433.3100628930818,142.8959119496855,0.0,20.0,20,12.988619621707654,1,,535.9051233396584,536.0,323.0,780.0,282422.0,87.98884366033276,0.44757703967037316,3.7663129870517453,0.17139830662999983,-0.22874640037165325,14.599101933823045,12.186896020200285,1.5975693751802331,1.1979343968820633,530.0000000000001,85.87478788082521,0.9031385472497462,0.9842154131847727,3.7301624208596893
ID23674,23674,32,554.0,435.5738052026618,144.61584996975196,0.0,25.0,25,13.24344167077685,1,,526.9800362976407,527.0,278.0,763.0,290366.0,82.79080735531046,0.44182142871689484,3.9010124902562437,0.006340830827327863,0.0024056059442158157,15.06098366789616,12.116464131235926,-1.5290302377105403,1.2430180541755032,551.0000000000001,86.79871733289686,0.9190409186286377,0.9883408071748881,3.6977496788154687
ID23227,23227,32,502.0,431.25526579739216,141.6039786024741,0.0,13.0,13,12.59672490223628,1,,555.0060483870968,565.0,276.0,810.0,275283.0,92.06652164488216,0.45738483185408674,3.783846318968756,-0.05702061744643257,0.25111213896045986,14.927923985254505,10.994872044087556,-1.5614766817779997,1.3577169361677048,498.49999999999994,83.27482866364504,0.9033322827079705,0.9851778656126481,3.7297624000196956
ID23549,23549,32,549.0,435.15290519877675,143.57125382262996,0.0,23.0,23,13.171138446245484,1,,529.4604051565377,535.0,289.0,825.0,287497.0,88.65896036066553,0.4439196724672265,3.6719960633143396,0.09261374474123642,0.20449700586621905,15.029167026402941,11.811385865276284,1.4627167104691243,1.2724304495534648,545.0,86.64780991768917,0.9122023486761709,0.9873188405797103,3.7115843852299193
ID23680,23680,33,666.0,118.96381167042325,186.25156523916854,0.0,25.0,25,14.554560428103377,1,,1248.9054054054054,1267.0,487.0,1847.0,831771.0,235.23086417275158,0.7106847807197043,4.411357556936563,0.09125525194368722,0.06504269538690786,20.357605540065986,10.45742168947904,1.0579078796908852,1.9467136493641912,665.5000000000002,103.5561392307222,0.779841283607111,0.9765223771093182,4.014226012183872
ID23361,23361,33,669.0,112.76061969015491,186.40679660169914,0.0,20.0,20,14.57095378088162,1,,1224.8995502248877,1244.0,519.0,1741.0,817008.0,225.2980750637364,0.7046926186673924,4.494968281605752,-0.2584029624143439,-0.4401453230282572,20.6667249107508,10.73231364183243,0.9915181244063573,1.925654206581888,667.0,102.98839309063575,0.7902402277440107,0.9659666908037654,3.9877265058857905
ID22850,22850,33,683.0,109.70200538028858,187.31120078258743,0.0,9.0,9,14.728482183655355,1,,1164.3123167155425,1168.0,505.0,1767.0,794061.0,216.54132987178824,0.680779400117183,4.355664064267742,0.02433204804482338,-0.010112800694745202,18.44988988637064,12.355752056038193,1.0350877277362869,1.4932227356694385,681.4999999999997,99.36247259074015,0.8674230207464193,0.979166666666666,3.8061812026670143
ID23236,23236,33,724.0,111.98815274902232,187.77076144467446,0.0,15.0,15,15.186030177112,1,,1134.4407713498622,1153.0,347.0,1634.0,823604.0,209.4613220922793,0.6895663074227204,4.420880490320484,-0.07062981541048442,-0.13416051981938135,19.308535549647715,12.5105301710976,0.9680091391165636,1.5433826772789516,724.5,102.70629629971155,0.8630860895268163,0.980378890392422,3.815732081475855
ID23110,23110,33,681.0,110.70778267254038,188.02545276554088,0.0,10.0,10,14.72307822743469,1,,1174.341642228739,1195.0,398.0,1726.0,800901.0,216.1674698765638,0.6947332271513871,4.454006470527258,-0.11622011083569032,-0.022130599429694853,18.45141255732785,12.20974311932545,1.077278173944515,1.5112039931555277,680.9999999999999,100.58420180695774,0.8458579357147584,0.9763440860215049,3.8543949880811494
ID23367,23367,33,700.0,111.94507981891827,186.87502978317846,0.0,17.0,17,14.92172126081846,1,,1157.9460992907802,1175.0,326.0,1688.0,816352.0,209.56831290155705,0.6913045705480658,4.516898465911767,-0.34855578459814557,-0.10055688723293477,19.386360807102005,11.865817969715511,0.9456917977506911,1.6337989388157454,699.5000000000002,103.88998192900809,0.8144233964053282,0.9688365650969533,3.9280753617358504
ID23176,23176,33,733.0,111.11723356009071,188.59863945578232,0.0,12.0,12,15.295678028289107,1,,1114.1829268292684,1131.0,448.0,1643.0,822267.0,210.74330010991673,0.6867371430120641,4.305026679831814,-0.021855989832709,-0.036226043392861215,19.32805046959034,12.692841220868072,0.9880643824209063,1.522752087831481,735.0,103.81959451211699,0.8569165812352793,0.9748010610079577,3.8294434338612957
ID23624,23624,33,681.0,120.15615064808023,186.7029836145757,0.0,26.0,26,14.728482183655359,1,,1229.0470588235294,1237.0,530.0,1744.0,835752.0,214.53520157757734,0.7071565490194417,4.746157697225943,-0.06979584844620743,-0.13700750778218448,20.500592065203374,10.770521138418426,1.1110426986702637,1.9033983408730155,681.5,105.39420637911556,0.7709784664340956,0.9605355884425654,4.037232938460326
ID22985,22985,33,640.0,109.61302982731554,188.6397174254317,0.0,2.0,2,14.239501307948764,1,,1218.209375,1234.0,382.0,1910.0,779654.0,245.28629098302616,0.6242882908864508,3.8176906352745217,-0.10836693058162764,0.09234697008201462,17.66459972013938,11.829055085031573,1.251321783620152,1.4933229740803282,636.9999999999998,96.46405395459344,0.8602373154534775,0.9688212927756652,3.8220449755210053
ID23882,23882,33,678.0,120.90944689182574,185.48237885462555,0.0,33.0,33,14.72307822743469,1,,1248.1897058823529,1267.0,465.0,1920.0,848769.0,221.68998949042978,0.7123047460782819,4.684349463645834,-0.14223452469643427,0.1301761246599957,20.965177056634754,10.84632287466663,1.0242695672367195,1.932929463643607,680.9999999999999,106.90821045942911,0.7487465875165884,0.9438669438669438,4.096731526193254
ID23247,23247,33,712.0,111.8560872624912,187.56052076002814,0.0,16.0,16,15.038589499470465,1,,1149.943661971831,1155.0,515.0,1681.0,816460.0,201.82922911270734,0.6907153009821982,4.655336644572107,0.01623530705957785,-0.24075734722221603,19.736899672984556,11.866276463134549,0.9230421461134797,1.6632765749476677,710.5000000000002,103.06854337364746,0.8404689420312049,0.9759615384615389,3.8667322201260683
ID23439,23439,33,688.0,112.93459302325581,186.2764050387597,0.0,19.0,19,14.798554040663838,1,,1196.2518089725036,1219.0,329.0,1754.0,826610.0,240.92733339869716,0.6999872671480318,4.088942477479171,-0.1894221133445915,-0.14007312000815045,20.363752549629734,11.560986317398793,0.9685800288350581,1.761420002632747,688.0,103.70015644098238,0.8039693256159939,0.9669711876317639,3.953531400129315
ID22992,22992,33,691.0,110.253591954023,187.25239463601534,0.0,8.0,8,14.884343478431232,1,,1149.6341463414635,1162.0,443.0,1702.0,801295.0,227.78289127256676,0.6852216192125306,4.1043329485558075,-0.22806367136506353,-0.5692269816451384,19.00960308554353,11.943332931245859,1.044334106635761,1.5916497676968435,696.0000000000001,101.52628048918902,0.8485201347407948,0.975473020322355,3.848343730534859
ID22868,22868,33,687.0,108.63585638039785,189.83600194080543,0.0,4.0,4,14.787795366729423,1,,1150.1588921282798,1160.0,442.0,1731.0,789009.0,216.00917012420766,0.6240164008777896,4.0918644835464155,-0.37600574485294996,0.07781457311353362,18.450076117945954,12.6508956708589,1.2826540973188165,1.4584007803056473,687.0,100.97915215873037,0.8466485349010572,0.9723991507430997,3.852594953512656
ID23956,23956,33,650.0,120.09754224270354,183.42677931387607,0.0,35.0,35,14.395128895068908,1,,1285.8325652841781,1306.0,613.0,1914.0,837077.0,230.7853506536588,0.718634497769144,4.659407717516696,0.10693206502273572,0.11373634204564889,20.4081316367707,10.529536360504755,1.0570587055355054,1.93817951123846,651.0000000000001,104.35239843999945,0.7512525893003827,0.961595273264402,4.089892952486203
ID22871,22871,33,678.0,108.50049091801668,188.9521354933726,0.0,3.0,3,14.701442538703265,1,,1168.5385756676558,1176.0,501.0,1732.0,787595.0,235.49838239044882,0.6162381533456752,3.783801542849652,-0.3179082444686607,0.17388939578565074,18.09091236372676,12.820968210800942,1.2818712536232502,1.4110410435684715,679.0,97.95428569686173,0.8892681835402855,0.9883551673944685,3.7591404726807833
ID22811,22811,33,710.0,109.22680291284944,189.60124500822175,0.0,5.0,5,15.02800266992921,1,,1129.6338028169014,1143.0,337.0,1710.0,802040.0,218.16311229586537,0.6557411495482762,4.101345443343369,-0.7189096391804825,0.5922612319739768,18.845037209139488,13.090543183745874,1.2670722327392197,1.4395916918511673,709.5,101.693070819065,0.862143463821736,0.9909217877094972,3.8178174794915063
ID23515,23515,33,684.0,111.843604793348,184.8866471019809,0.0,22.0,22,14.728482183655359,1,,1211.420204978038,1231.0,460.0,1790.0,827400.0,237.09882122885068,0.7080900118577765,4.236167548613577,-0.26570633666379306,0.24003856643474433,21.17751242793584,10.841552524541118,1.0085965553359277,1.9533652933929964,681.4999999999999,106.07913103654676,0.7610546033972496,0.955820476858345,4.063469678432523
ID23584,23584,33,678.0,117.06691358024692,185.39876543209877,0.0,24.0,24,14.658075357087599,1,,1229.0550595238096,1239.0,388.0,1787.0,825925.0,228.64272288542531,0.7077649357349671,4.455586729896937,-0.16858938811692903,-0.16174617390710666,20.420070789222866,10.95174105138552,1.0434908029224625,1.8645501837024803,675.0000000000001,104.42641029276041,0.7778447744773472,0.9782608695652175,4.019374406202102
ID24164,24164,33,631.0,116.95717316361707,179.38252452930257,0.0,41.0,41,14.144177723236952,1,,1334.1401273885351,1362.0,506.0,1968.0,837840.0,244.91013770015545,0.7243136698661221,4.576517110706271,-0.20935511317753758,0.0578595900915194,21.163696740181404,10.074947054639669,1.0694919444476652,2.10062610010791,628.5,104.61529704518014,0.7216469176720086,0.9529946929492038,4.172943951042025
ID23717,23717,33,688.0,120.5718954248366,186.68833212297264,0.0,29.0,29,14.803930445578972,1,,1231.2252906976744,1246.0,470.0,1800.0,847083.0,235.22967834005937,0.7014823667541922,4.315833827284873,-0.11904569215925892,-0.29570521681651857,21.134859464485487,10.587267342021251,1.0461153255150375,1.99625255334778,688.5000000000003,105.00346764137547,0.7847051911610895,0.9828693790149899,4.001765807900688
ID23143,23143,33,704.0,111.42474640245341,188.36081623024296,0.0,11.0,11,14.996197337620234,1,,1150.3290780141845,1162.0,389.0,1685.0,810982.0,210.85717124981215,0.69311989614093,4.46667516623247,0.16218279997650034,-0.03645309592000814,19.00287352948398,12.220958379267223,0.986447598303013,1.5549413507309078,706.5000000000002,102.30321124488032,0.848288340532914,0.9698009608785179,3.848869473266519
ID23719,23719,33,676.0,120.37714072970961,186.55460412012908,0.0,28.0,28,14.620023548969248,1,,1248.2910447761194,1256.0,467.0,1898.0,836355.0,224.0404293213753,0.7097329172027509,4.625792304749682,-0.13608932396868814,-0.3752863551841228,20.83063288123898,10.538370796669406,1.0892732120147985,1.9766464174730296,671.4999999999998,103.82345989548652,0.7828253591342887,0.9781500364166058,4.006567732584227
ID24103,24103,33,640.0,117.79518547750592,183.05590634043674,0.0,37.0,37,14.200327915137432,1,,1325.3885350318471,1360.0,627.0,1889.0,832344.0,227.0543190335515,0.7199804830365875,4.886980911507973,0.19177501616994536,0.8875617236382611,21.179627975531915,10.534545196246023,1.139823710673595,2.010492867131963,633.5000000000001,103.48389095081039,0.7433801906169231,0.9664378337147218,4.1114919097890485
ID23464,23464,33,656.0,111.98860182370821,186.0952380952381,0.0,21.0,21,14.472315126092793,1,,1237.8996960486322,1260.0,406.0,1846.0,814538.0,241.37207798407195,0.7066514569927871,4.247064391376246,-0.39457804813836367,0.1449047205610725,20.8252714405321,10.727501334365142,0.9917030714171793,1.9412974924383495,657.9999999999999,103.5675551737314,0.7708827168136032,0.9705014749262534,4.037483658518296
ID24041,24041,33,645.0,117.0794513457557,181.18969979296068,0.0,38.0,38,14.317526556719258,1,,1303.9673405909798,1327.0,482.0,1888.0,838451.0,233.55397994580167,0.7234706843214832,4.687340194418442,0.45553488509262413,0.058160117719137545,21.094786257081026,10.644468897500149,1.122178321501482,1.981760335833677,644.0000000000001,105.63592698527583,0.7252244476476823,0.9540740740740743,4.162638666490485
ID23338,23338,33,688.0,111.97886647454371,186.02593659942363,0.0,18.0,18,14.862942542160036,1,,1179.0186781609195,1197.0,356.0,1776.0,820597.0,230.62931969691476,0.6985433320736425,4.204873003931181,-0.2651536844354681,-0.344730662592616,19.877487742410278,11.51126963959554,0.9738266817851398,1.7267849998089952,693.9999999999998,102.8958110992998,0.8237092530130035,0.9802259887005648,3.9058715761196594
ID24042,24042,33,640.0,117.05512016718914,180.81765935214213,0.0,39.0,39,14.250673927406325,1,,1324.819749216301,1350.0,543.0,1838.0,845235.0,232.99684433070956,0.7255718743028275,4.78171993955393,1.055297258705073,0.5517533910769733,21.55555425539817,10.71012196896056,1.0861226838244478,2.012633872692505,637.9999999999998,104.25492881597498,0.7376279262937472,0.9807840122982318,4.127492157291349
ID23916,23916,33,656.0,120.28567787971457,184.57212028542304,0.0,34.0,34,14.428259270064393,1,,1280.0015290519877,1303.0,521.0,1941.0,837121.0,224.65947346499,0.7161524927488624,4.755162686451309,-0.33973231467757214,0.22228604688275813,20.432102561475542,10.798676782511876,1.0786707731061982,1.8920931678004014,653.9999999999999,104.072123702476,0.7587850726558646,0.9568397951719093,4.069542072372842
ID23791,23791,33,669.0,121.38475836431226,186.07794299876085,0.0,31.0,31,14.630905592566684,1,,1256.9821162444114,1272.0,538.0,1873.0,843435.0,227.21081599161272,0.7081675736828447,4.587073052597942,-0.2006178740151952,-0.08090177822472,20.77883595435967,10.772264821030365,1.0614945619854232,1.9289198974939588,672.4999999999995,103.29055619887141,0.7921016549309877,0.9753444525018122,3.983038200715652
ID22960,22960,33,664.0,109.98296744890234,187.87572546050973,0.0,7.0,7,14.499782061272288,1,,1193.2984848484848,1206.0,453.0,1752.0,787577.0,221.79355189874596,0.689881081641256,4.392869082493473,-0.1754127886792596,0.08113969965952417,18.63601553893936,12.00227335202609,1.0754130361215073,1.5527071407512507,660.4999999999998,98.24512081419054,0.8599252550431455,0.9770710059171595,3.8227384083104994
ID23666,23666,33,680.0,120.03071798667654,186.6801134961757,0.0,27.0,27,14.663503268903739,1,,1235.0355029585799,1240.0,464.0,1771.0,834884.0,215.3811682263829,0.7089792102007976,4.757715080447067,-0.23214459831823678,-0.10791265623864561,20.685644419870144,10.802732984312778,1.0575891392471906,1.914852884905039,675.5,102.76253177484509,0.8038326204469202,0.9712437095614662,3.9538675678760495
ID24115,24115,33,639.0,116.7578369905956,179.36990595611286,0.0,40.0,40,14.250673927406325,1,,1328.5721003134797,1362.0,523.0,1918.0,847629.0,255.48276763395435,0.7287845692036945,4.384416492402206,-0.17451550013515982,-0.49075881637440777,21.394105939966803,10.120951393109639,1.1086795797860671,2.1138433640272147,637.9999999999998,105.57288893003356,0.7193259549962256,0.9522388059701491,4.179670697876243
ID23797,23797,33,661.0,120.57435317759357,186.44875659382066,0.0,30.0,30,14.532673858686334,1,,1261.9517345399697,1274.0,535.0,1825.0,836674.0,228.15688160037857,0.6932394004796829,4.529017935657631,-0.11883394900098294,0.1574774179437968,20.566253407533377,10.658020697763837,1.0793894502846073,1.9296503535453249,663.5,102.97175424622863,0.7863476046102397,0.9750183688464364,3.9975844576349098
ID23862,23862,33,684.0,121.16862170087977,185.894183773216,0.0,32.0,32,14.733884157863645,1,,1246.7304860088366,1268.0,455.0,1871.0,846530.0,235.65610311742216,0.7111324461144178,4.397347135218028,-0.16734844621528241,0.14210025297915754,20.66296064000251,10.889310002762187,1.0484715069881299,1.897545449138755,682.0000000000001,104.92258168696418,0.7784958511073534,0.9605633802816903,4.017693300183173
ID23351,23351,33,720.0,111.83889274959462,188.35429696548528,0.0,14.0,14,15.133537693125076,1,,1133.6108033240998,1140.0,474.0,1654.0,818467.0,201.9036780130388,0.6900839006496209,4.5850425693203,-0.11521395876142432,0.2127665310662953,19.017492635417018,12.765900591319294,0.9513509522532103,1.4897102244669487,719.5000000000002,102.41978479000734,0.8619318805989182,0.9869684499314131,3.818286041206049
ID23991,23991,33,653.0,118.72980572597136,182.59918200408998,0.0,36.0,36,14.406180819073166,1,,1293.4,1312.0,492.0,1893.0,840710.0,226.0366292909227,0.7189753714937763,4.786613808861875,0.12284332540554564,0.07094886742707852,21.722416916095625,10.376868496174572,1.0470295409126604,2.0933499276880676,652.0000000000002,104.95015052556633,0.7438602095779333,0.9630723781388482,4.110165106347946
ID23032,23032,33,583.0,110.39547537227949,186.92926689576174,0.0,0.0,0,13.610890997982688,1,,1323.5180102915951,1352.0,454.0,1980.0,771611.0,279.22456924536755,0.6797304384347709,3.8362186073840223,0.32004480586505685,0.17915212551093093,17.3787430541754,10.987190700765142,1.1630875356680073,1.5817276251485426,582.0,92.6913620938234,0.8512445029445698,0.9716193656093489,3.842180573332002
ID22969,22969,33,701.0,109.70114122681883,188.94769377080362,0.0,6.0,6,14.937711679331521,1,,1143.4957264957266,1162.0,429.0,1711.0,802734.0,223.22767650866504,0.666260745058528,4.096545338614913,0.5563539349332579,0.24008403236977433,19.123028610626445,12.237493033096252,1.1709916070489075,1.5626589987759985,701.0000000000002,103.64254850074772,0.8200714924193498,0.97768479776848,3.9145250311245645
ID22782,22782,33,616.0,110.85426731078906,187.8690284487386,0.0,1.0,1,14.05953197372281,1,,1261.1486268174474,1282.0,404.0,1913.0,780651.0,263.627121950157,0.6484059568229532,3.76347468702466,-0.467614965898163,0.4714569410871981,17.29151206233811,12.479266836453982,1.280695283144769,1.3856192265900407,621.0,94.89473470612165,0.86659710168134,0.9880668257756562,3.807994530314735
ID23550,23550,33,684.0,114.3029304029304,185.43260073260072,0.0,23.0,23,14.739284152238776,1,,1211.1041055718474,1226.0,495.0,1831.0,825973.0,231.93544853806355,0.7046426663463646,4.316978875864869,-0.008524245889867211,-0.13488664440421153,21.403511626580244,10.331766946724288,0.9994247134558752,2.0716216051859626,682.5,107.07178444964985,0.7481047950945521,0.9612676056338026,4.09848842416051
ID23231,23231,33,738.0,110.77219991075413,188.67960731816152,0.0,13.0,13,15.42003518087075,1,,1099.5053050397878,1115.0,339.0,1612.0,829027.0,220.90624187854635,0.6856729131078442,4.049142141775321,-0.10206881421862621,0.13170493367371625,18.70264021158721,13.132265242971638,0.9623562977835306,1.4241747227575094,747.0,103.69595194371172,0.8729851580286621,0.9822485207100592,3.7940364763426695
ID22976,22976,34,564.0,24.47069271758437,342.236530491415,0.0,3.0,3,13.386876630546581,1,,460.3220640569395,465.0,234.0,647.0,258701.0,77.8787245230909,0.4089277822792031,3.431079979419672,-0.0054962465471121375,-0.21001232385286975,14.550598324687076,12.586852448616932,2.7136388312532564,1.1560156428373738,563.0000000000001,88.56163253683575,0.9020425655502485,0.9808362369337981,3.7324278065918586
ID23424,23424,34,660.0,18.18397291196388,343.5411336844746,0.0,14.0,14,14.543621260508983,1,,420.9515885022693,421.0,225.0,608.0,278249.0,70.05307999233325,0.33882155732069097,3.0414680002392487,-0.014970023498448101,-0.09061779223172726,15.782428600038038,13.751182069848227,-0.3879333828264781,1.1477143215668462,664.5,93.65438262730866,0.9520256261269452,0.9925317401045557,3.633127278650977
ID23298,23298,34,620.0,16.996505376344086,343.7075268817204,0.0,15.0,15,14.048207338801285,1,,430.29497568881686,426.0,262.0,626.0,265492.0,64.11766672107062,0.3400882017876921,3.406251753416667,-0.01722413909992498,0.06502585782974488,15.054391794360901,13.37184049317938,-0.5625672392348704,1.1258279518096066,620.0000000000001,90.2580879280533,0.9563773796366878,0.9927942353883108,3.6248520406796847
ID23493,23493,34,648.0,18.809725429817806,342.42019502181165,0.0,21.0,21,14.378535081028668,1,,426.12461538461537,424.0,220.0,599.0,276981.0,67.73089717160161,0.3592407188514212,3.325592025253562,0.01691434598809974,-0.09981203135842316,15.398419143055749,13.778164655504616,-0.47017021004256526,1.1175958139608828,649.5,94.05930127302419,0.9225406741218019,0.9870820668693011,3.690729112177673
ID23047,23047,34,604.0,23.518196856906535,343.46029776674936,0.0,6.0,6,13.871493293733788,1,,440.43636363636364,443.0,237.0,640.0,266464.0,73.9240123549108,0.3953309798244882,3.376068463565853,0.08472732273326569,0.03346435525177399,15.16369978836121,13.039164468381554,-0.5491366033763084,1.1629349277042564,604.5,90.51823999536735,0.9271157671170344,0.9829268292682927,3.68161142027383
ID24007,24007,34,705.0,15.603180212014134,342.84322732626623,0.0,36.0,36,15.006806604838747,1,,409.8826025459689,412.0,203.0,589.0,289787.0,66.35375253847144,0.31318417548879135,2.946443796567722,0.13922376559560387,0.13716071717394493,15.946772130289974,14.46696035102897,-0.7767772225885303,1.1022890602693711,707.4999999999998,97.11007402888478,0.9427743058022913,0.9874389392882063,3.650909461775996
ID24072,24072,34,692.0,14.853396180807348,343.3897751994199,0.0,38.0,38,14.814677401945804,1,,409.471615720524,410.0,251.0,599.0,281307.0,59.578490215557146,0.3021162070951892,3.1892501420756223,-0.04080438429395041,-0.03756658677993161,15.652812871255875,14.229162977000723,-0.9329598777675308,1.1000515558474007,689.5,96.39884545901411,0.9323961455280071,0.9800995024875622,3.6711717034663414
ID23562,23562,34,680.0,18.049423595781214,339.7479764532745,0.0,23.0,23,14.706854444845975,1,,415.30249632892804,419.0,197.0,576.0,282821.0,70.28525581468455,0.3364355348541406,2.974980703560429,-0.061856655137353465,0.11027721471576836,15.585687703110036,14.168820135082695,-0.4339160560716349,1.099998980473971,679.5000000000001,95.36284754569722,0.9389466217865401,0.9819364161849713,3.65834349177164
ID23051,23051,34,605.0,22.611569112393514,343.4466886507282,0.0,7.0,7,13.894421397469888,1,,441.5322314049587,443.0,234.0,641.0,267127.0,76.18929699093468,0.39603935770762083,3.2880554033014633,-0.04039707570513674,-0.08028926722206205,15.036453716229948,13.165619418134817,-0.6343513638527039,1.1420999831970058,606.5,89.96665771717254,0.9416239495513425,0.9869812855980472,3.653138889243561
ID23435,23435,34,665.0,19.382869325307247,343.6482317531979,0.0,20.0,20,14.543621260508985,1,,419.56174698795184,423.0,222.0,630.0,278589.0,71.98943558716871,0.3627707722048531,3.102891509603818,0.1447342923817832,-0.1232313450110421,15.576171331977445,14.166511944320273,-0.5518221353255944,1.099506455307959,664.5000000000001,96.22432806088524,0.9018515896891588,0.9829881656804738,3.732822974649821
ID23436,23436,34,659.0,18.340811153358683,344.8226869455006,0.0,17.0,17,14.46681548115695,1,,420.31155015197567,420.0,221.0,598.0,276565.0,67.72939634832909,0.3474909445889562,3.2006762822576422,0.15983889100767987,0.0047150842381288695,15.461291578416052,13.923002961396119,-0.37897768987565117,1.110485404713703,657.5000000000001,93.40455866007903,0.9470425145138253,0.9872372372372374,3.642673062397943
ID23884,23884,34,688.0,16.35177098495876,342.4420184376516,0.0,32.0,32,14.787795366729425,1,,415.1769005847953,415.0,246.0,570.0,283981.0,60.62886153229062,0.3168907355357083,3.2956688337393016,0.06509676481478897,-0.040122071094910554,15.750681865423767,14.115942268635656,-0.7049181997738734,1.1158080392847989,687.0000000000001,95.77306145892811,0.9411955403290598,0.9849462365591399,3.6539702044549527
ID24076,24076,34,725.0,13.90935268371343,344.2765491822161,0.0,39.0,39,15.175546206116357,1,,406.3333333333333,410.0,192.0,578.0,293779.0,67.40556815762243,0.29261666132077263,2.7292666862305603,0.020596932666351646,0.0011804632540780527,16.15670432604546,14.50502257680026,-0.902875104236853,1.113869643463151,723.5,98.89001218441682,0.9297015150159328,0.98368456832087,3.6764880837614897
ID24144,24144,34,685.0,14.96583699365544,343.13372376769155,0.0,37.0,37,14.744682168956002,1,,414.582966226138,418.0,240.0,584.0,282331.0,62.59242063691547,0.30758342790964044,3.1161132119659833,0.08662247999922854,0.030421377142018584,15.68315724524743,14.283565412855848,-1.0044307542760542,1.0979861674545128,683.0000000000001,95.19630437161747,0.9470881219765135,0.9920116194626,3.642585354046405
ID23122,23122,34,598.0,20.32818156502367,343.7854358117516,0.0,10.0,10,13.802480461170692,1,,434.93299832495813,438.0,257.0,618.0,259655.0,64.53225248374518,0.38379180867046525,3.7385266077390424,0.012474115560479988,-0.08707296788532312,14.568714423004922,13.298481063892991,2.865683625099257,1.095517176210505,598.5,89.92414751502572,0.9300822580820066,0.9803439803439803,3.6757354940741003
ID24146,24146,34,689.0,15.17004586048757,344.01339608979004,0.0,40.0,40,14.825416567837392,1,,412.85631349782295,411.0,243.0,563.0,284458.0,59.51278413369209,0.30707022056960687,3.2595484357396587,0.19824462162736098,0.040251654225100734,15.674391992195238,14.457296375158574,-0.8813333719463887,1.0841855617712834,690.5,96.60856964469009,0.9296987406437259,0.985021398002853,3.676493569376508
ID23059,23059,34,594.0,24.83389544688027,341.9052838673412,0.0,2.0,2,13.738914167683992,1,,446.94127516778525,447.0,203.0,631.0,266377.0,75.1814940646951,0.3984530478124089,3.3876518444452626,-0.09176556806976333,0.03533723203969325,14.969912609176317,12.849703790723384,-0.3007829049365658,1.1650005986895653,593.0000000000002,89.2746959093901,0.9349917918189463,0.9842323651452286,3.6660723614493644
ID23062,23062,34,636.0,22.036700868192582,343.50210470928704,0.0,8.0,8,14.200327915137432,1,,428.1703470031546,430.0,228.0,610.0,271460.0,71.9016091210217,0.3855945127454989,3.3143827729027713,0.013347609722633309,0.02061493241563723,15.416649770142634,13.369237920674479,-0.46058657297948385,1.1531434971549122,633.5,91.79214942483004,0.9448120079046194,0.98984375,3.64697032818112
ID23321,23321,34,663.0,17.203370786516853,344.60911360799,0.0,16.0,16,14.576414134747967,1,,418.2015037593985,419.0,216.0,618.0,278104.0,73.59181011367764,0.32375904451235354,2.7797073138727573,0.04283214762190905,0.08498307879481716,15.472945280992333,14.025855684911734,-0.3310814018272164,1.1031729991088743,667.5000000000001,95.70573231031564,0.9157675127305722,0.9794570799706531,3.7043525764386254
ID23838,23838,34,692.0,15.760227547809246,342.2518760590656,0.0,31.0,31,14.803930445578967,1,,416.26850507982584,420.0,230.0,599.0,286809.0,66.30414994729136,0.3152785111866549,3.0098127927419296,0.15435038895500555,-0.04219672611714993,15.656957427540581,14.33908348110042,-0.6346008166672568,1.0919078229914192,688.5,96.22203505891176,0.9344686433845162,0.9849785407725323,3.6670984160302775
ID23840,23840,34,706.0,14.136664304275927,341.57795889440115,0.0,30.0,30,14.985580559413249,1,,405.35602836879434,416.0,168.0,574.0,285776.0,75.54084947066187,0.2804289847559858,2.3504562432806884,0.04821749032116241,-0.09380944282015431,15.970109151567582,14.374079494613918,-0.5587434365333113,1.1110352602093032,705.4999999999999,97.96242238394167,0.923821043570407,0.9819067501739734,3.6881706430391037
ID23204,23204,34,650.0,20.07187257187257,344.52952602952604,0.0,12.0,12,14.31196743146341,1,,422.7765625,425.0,254.0,586.0,270577.0,65.10971898389647,0.3639136327154548,3.4650262807238725,0.012360340530768794,-0.11713560547978501,15.450026374201276,13.627672354894317,2.700066153933648,1.1337245254984771,643.5000000000001,92.36989921359012,0.9477580365900037,0.9877206446661552,3.641297761417203
ID23780,23780,34,676.0,13.911094601287765,340.7568103021298,0.0,28.0,28,14.636343580337648,1,,415.986646884273,424.0,196.0,564.0,280375.0,70.31355035679148,0.28328585238557075,2.611991972109989,0.13051347646860342,-0.00101851123727847,15.6870490176319,14.012118789851797,-0.3752838342145002,1.119534401106645,672.9999999999999,94.89986606186788,0.9390608377896572,0.9860805860805859,3.658121006677539
ID23972,23972,34,697.0,14.052120776419843,342.88557392763,0.0,35.0,35,14.87899613014354,1,,406.0995670995671,411.0,191.0,576.0,281427.0,68.15230870552554,0.2844497407758401,2.6391882964631845,0.0731936319888624,0.13427253301525846,15.938748767958828,14.181935305039506,-0.6561842654725242,1.123876849325003,695.5,96.1212413327627,0.9459501640273043,0.9900355871886124,3.6447756719123223
ID23781,23781,34,671.0,15.087466074512708,341.3655317049099,0.0,29.0,29,14.663503268903739,1,,418.9017857142857,421.0,202.0,585.0,281502.0,68.3906713758002,0.3044575125532562,2.8591839469125144,0.04716106244235885,0.03968314380730077,15.534329976406603,14.135475933833678,-0.5194718755635486,1.0989605195552508,675.5000000000001,94.02224535047579,0.960227148484427,0.9919236417033774,3.617578315067659
ID23527,23527,34,661.0,18.896681749622925,340.8453996983409,0.0,22.0,22,14.527197064122632,1,,422.83383685800607,424.0,223.0,609.0,279916.0,68.81429022129177,0.3599201940735031,3.2524743959341604,0.036779199085896344,0.02491147929858918,15.44793012648355,13.956158620540277,2.6102156089235935,1.1068898359859372,663.0,95.01506066325865,0.9228656735573826,0.9844097995545655,3.6900791852517116
ID22889,22889,34,581.0,24.111974668969488,343.47294185377086,0.0,5.0,5,13.575766059431594,1,,455.6020761245675,462.0,214.0,639.0,263338.0,80.24499398596161,0.40829413300476813,3.292134049997788,0.02474289175941875,0.12051890287200519,14.593862652866553,12.945242943705987,-0.5865945464738047,1.127353323250077,579.0,88.65000056265801,0.9258293457262721,0.9805249788314987,3.6841682951811623
ID23722,23722,34,658.0,16.202525252525252,340.6189393939394,0.0,27.0,27,14.494292838262302,1,,423.6928895612708,427.0,214.0,608.0,280061.0,70.84279070462712,0.3189623037081273,2.8926273373713336,0.04123892852296901,-0.08279904896256851,15.513698201333508,14.02899757407356,-0.48337198572847484,1.1058308421126086,660.0,92.82410960730216,0.9625697636670135,0.995475113122172,3.613173566100911
ID23915,23915,34,712.0,15.889084094635747,342.968259545561,0.0,33.0,33,15.049168881362423,1,,406.4634831460674,405.0,246.0,587.0,289402.0,60.97029608759958,0.30789263102281744,3.1387767573983614,-0.07146345490732994,0.041478094216591925,16.030834361986138,14.5579985916066,-0.7509826088598753,1.1011702097037364,711.5000000000001,97.59129785603932,0.9387773031308893,0.9875086745315754,3.6586733878355684
ID22956,22956,34,646.0,21.443114543114543,343.7558558558558,0.0,9.0,9,14.356380160193742,1,,423.884437596302,427.0,234.0,601.0,275101.0,70.35985910211832,0.3777299449983017,3.303465870835708,0.08132763248544944,0.07523857378231995,15.545556731035104,13.58759475881673,-0.4046985501418861,1.1440992322020709,647.5000000000001,92.9002248576962,0.9427924726911066,0.9915773353751918,3.650874286492091
ID23596,23596,34,641.0,16.60142671854734,339.6434500648508,0.0,24.0,24,14.300842698005091,1,,424.89891135303264,428.0,239.0,576.0,273210.0,63.62514870001959,0.3286171684221368,3.3035219192617373,0.009810942411270427,-0.07801067366827943,15.22546261000813,13.676417116281266,-0.4084799207379675,1.113263984313756,642.5000000000001,92.5194097508406,0.9432293134109748,0.9861857252494246,3.65002876821325
ID23663,23663,34,662.0,16.54607250755287,340.08308157099697,0.0,26.0,26,14.516237276018513,1,,420.3272727272727,425.0,231.0,603.0,277416.0,65.44874060340612,0.3241763658419591,3.1445013722099016,-0.036645515142962534,0.11212163632599101,15.591942981865193,13.763004139260067,-0.3799430389430157,1.1328880543883535,661.9999999999998,93.8703552994979,0.9440846362508891,0.9887976101568331,3.6483749650053667
ID23088,23088,34,591.0,26.714927048260382,342.010101010101,0.0,0.0,0,13.750493532712623,1,,448.31703204047216,452.0,241.0,608.0,265852.0,68.99028522945244,0.39523118100869437,3.6815637095222766,0.03931385238915403,0.13385807530628782,15.368077741962296,12.77570179813767,2.7833766114666023,1.2029145627211273,594.0,89.61111450729382,0.9295495640239643,0.9842584921292461,3.6767885643408365
ID23728,23728,34,678.0,17.006656804733726,340.07347140039445,0.0,25.0,25,14.668929172241665,1,,417.48967551622417,421.0,234.0,602.0,283058.0,67.4955595424231,0.32039351691188594,3.0017938942017564,-0.008992066535600564,0.05574818692678217,15.843847044653,13.739135287526317,-0.2596050571188309,1.153190991505669,676.0,94.79872213444955,0.9452606814533392,0.9897510980966326,3.6461046974788287
ID23155,23155,34,646.0,20.736517719568567,343.5482794042116,0.0,11.0,11,14.372999552399637,1,,425.35394126738794,430.0,221.0,601.0,275204.0,69.44813361283472,0.3743468402581033,3.3365504935105665,0.026599657718709098,-0.03688288974688736,15.629894319344352,13.52150361988371,-0.4801332240467131,1.155928716120018,649.0,93.35997029036062,0.9356925058874781,0.9863221884498482,3.66469939459196
ID24179,24179,34,719.0,14.949515905947441,345.1938681420009,0.0,41.0,41,15.170301503624794,1,,403.297520661157,406.0,199.0,558.0,292794.0,63.24192995307171,0.30457894738076347,2.9776931959626185,0.013192245688432603,0.11759746528458644,15.956661757758479,14.659976305405836,-1.1745074800510724,1.088450719519546,723.0,101.19584827721577,0.8872025284417956,0.9717741935483871,3.7635140924946247
ID23413,23413,34,648.0,18.13037323037323,344.6920205920206,0.0,18.0,18,14.356380160193742,1,,423.1483771251932,422.0,250.0,609.0,273777.0,64.10510134349708,0.3473034045775492,3.4030922157168932,0.028900066931487663,0.06122642291006281,15.415580081412909,13.653148911822866,-0.31393677966017536,1.1290860578004738,647.5,92.47469262078583,0.9514891579064361,0.9908186687069627,3.6341513484777934
ID23483,23483,34,637.0,18.111328634821195,344.69263899765076,0.0,19.0,19,14.25625695364496,1,,423.6619718309859,423.0,238.0,613.0,270720.0,68.84122600583659,0.34901061449191245,3.184374600793398,0.1564761092767485,0.12181849141562014,15.293940158289299,13.76546748859923,0.1045604465291926,1.1110367425556722,638.4999999999999,92.01118114416973,0.9477407493865877,0.9899224806201546,3.6413309706931014
ID23292,23292,34,662.0,18.935036867531146,344.0512331553522,0.0,13.0,13,14.444795962334489,1,,419.4595419847328,419.0,240.0,582.0,274746.0,67.42154436862029,0.3535526524473975,3.2501269374617854,0.047469781099650776,-0.059658472518584,15.41411922316844,13.867383413949247,-0.5292007760046719,1.1115376825640608,655.4999999999999,93.75982621836658,0.9370202414883648,0.9871987951807228,3.6621020778407107
ID22973,22973,34,555.0,24.814380264741274,342.59085439229847,0.0,4.0,4,13.279445656570909,1,,462.7797833935018,467.0,257.0,656.0,256380.0,75.79728286453009,0.410174306643802,3.551782733294624,0.06520245418255174,0.11365487780326236,14.718742603371444,12.46545876429171,2.7113743606412415,1.1807622071266597,553.9999999999999,85.67120953704425,0.9485272929593069,0.9946140035906639,3.639820914272926
ID22847,22847,34,566.0,25.96244131455399,341.9336854460094,0.0,1.0,1,13.446189622059968,1,,459.14084507042253,458.0,272.0,631.0,260792.0,71.70310052594765,0.40648071221678017,3.701213618136475,0.04687161865807241,0.1726979229272808,14.913281197777307,12.444901042713665,2.815816574669213,1.1983446992942421,568.0000000000002,89.83856980880378,0.8843670246207143,0.9668085106382983,3.7695426519791932
ID23935,23935,34,679.0,15.386676499508358,343.22148475909535,0.0,34.0,34,14.690612745308144,1,,408.02067946824224,408.0,233.0,565.0,276230.0,57.87749394587504,0.29776344390327925,3.235029865980032,-0.021132696664981306,-0.07383190774055809,15.551243992446926,14.16938082029092,2.644422195904764,1.0975245982645299,678.0,95.73171409035406,0.9296680113398867,0.9840348330914369,3.6765543303971167
ID23425,23425,35,521.0,237.12115384615385,330.2294871794872,0.0,17.0,17,12.865501965161373,1,,2372.548076923077,2436.0,392.0,3914.0,1233725.0,633.9650416109184,0.7647149913354143,3.243431542252874,-0.20383796111527958,0.04889558886289854,16.892441317911146,9.985464448482276,0.09959326181287306,1.6917031155700208,520.0,91.30499762168579,0.7838340197191987,0.9506398537477146,4.003989018345438
ID24003,24003,35,568.0,233.1072056239016,332.3708260105448,0.0,36.0,36,13.458020851469092,1,,2362.5676625659053,2403.0,668.0,3877.0,1344301.0,604.244510899726,0.7657803346404737,3.39132233948207,-0.1733665807468721,-0.13275951454549867,17.551597424330037,10.735308183146088,0.013285812182650236,1.6349411796007116,569.0,94.57583310126309,0.7993956473184647,0.9644067796610166,3.964825176003426
ID23044,23044,35,222.0,248.5561797752809,317.30599250936325,0.0,2.0,2,8.415696624516205,1,,4331.788288288289,4166.0,1453.0,8152.0,961657.0,1717.451301514801,0.6641874763630936,2.013266281670565,-0.042920688533969985,0.14092873875533446,11.753661145082491,6.253607277026936,2.7291352925135133,1.8795010022871739,222.5,61.20542216850559,0.7463801548223011,0.9488272921108742,4.103220824704919
ID24069,24069,35,526.0,225.05906768837804,333.4249680715198,0.0,38.0,38,12.890219570974683,1,,2542.26245210728,2616.0,524.0,4320.0,1327061.0,684.9411074114317,0.827395282246589,3.3610710112220956,-0.07081793488416431,-0.05932182713303655,16.49218398890466,10.396245039029957,0.024237052523379488,1.586359683423112,522.0,87.9802109767659,0.8474427505353254,0.9793621013133208,3.8507892218683124
ID23878,23878,35,569.0,234.3299970989266,331.48607484769366,0.0,32.0,32,13.52290758722353,1,,2316.4285714285716,2356.0,549.0,3724.0,1329630.0,584.7086692305393,0.737560143201831,3.3633105503141913,0.01155771918835408,0.07182320406105833,17.519656050706896,10.535767376774126,0.10235729231496346,1.66287422872762,574.4999999999999,95.3497278860947,0.7940740086904923,0.9582985821517928,3.978088507997613
ID24071,24071,35,519.0,221.20356111645813,335.09384023099136,0.0,39.0,39,12.859315140102884,1,,2577.357692307692,2600.0,602.0,4095.0,1340226.0,692.512406028466,0.8297915330159483,3.3755497903569194,1.9579013809651116E-5,0.04104499725012183,16.439012175966557,10.273624901067356,0.029350616847390584,1.600118004528145,519.5,88.63809691526147,0.830911117450226,0.962037037037037,3.8889078026504387
ID24136,24136,35,540.0,228.991975308642,332.6098765432099,0.0,37.0,37,13.110581167104948,1,,2478.2018518518516,2536.0,650.0,3996.0,1338229.0,639.3032777071477,0.8208474519425122,3.495011695903626,-0.1498324286785699,0.12266971901898152,16.626325515883764,10.697154313440896,-0.05577472287070237,1.5542755604631138,540.0,92.29696900273429,0.7965788026791594,0.9432314410480349,3.9718291539223567
ID23561,23561,35,516.0,237.11955469506293,331.0204904808003,0.0,23.0,23,12.822131500414738,1,,2455.001937984496,2538.0,586.0,4013.0,1266781.0,658.7780730343109,0.7567085765635087,3.210492310776017,-0.14058329354010887,0.2209317105905964,17.41313814209823,9.836553933055777,0.1982826611478674,1.7702478185557762,516.5,91.60601645780511,0.7734499111110008,0.9654205607476636,4.030777587495984
ID23308,23308,35,518.0,237.49903474903476,330.41698841698843,0.0,16.0,16,12.840736779609008,1,,2362.4054054054054,2399.0,555.0,3987.0,1223726.0,623.0931155825692,0.756950950136072,3.266928064511151,-0.22622063973378181,0.11186826318326981,16.673242835217813,10.16559635138465,0.13887267359027136,1.6401637699245022,517.9999999999999,91.21567582462639,0.7823492370206538,0.9548387096774191,4.007786705685444
ID23053,23053,35,395.0,242.419627749577,329.4077834179357,0.0,8.0,8,11.198843474056305,1,,2931.994923857868,2932.0,486.0,5665.0,1155206.0,1277.7262366610578,0.805035698437269,2.0468439838956347,-0.15846773136605402,0.08302993521954803,13.227292056926352,9.900169357528396,2.552024467694288,1.3360672508968656,393.99999999999994,78.8632654365507,0.7960797458241935,0.9347568208778173,3.973073914903795
ID24141,24141,35,519.0,219.20484440166828,336.6135707410972,0.0,40.0,40,12.859315140102886,1,,2601.3121387283236,2683.0,585.0,4276.0,1350081.0,718.5201187639657,0.8333517789869782,3.2912895641899658,9.01359586916513E-4,0.088634417178554,16.316575916513994,10.280778445024934,-0.013569790201840582,1.5870953745151368,519.5000000000001,89.20786613718825,0.8203309810990167,0.9611470860314526,3.91390585709851
ID22864,22864,35,289.0,246.12852112676057,323.74237089201876,0.0,5.0,5,9.507891862878783,1,,3802.462897526502,3947.0,916.0,6211.0,1076097.0,1410.7520558128654,0.7172482247924248,2.2515453296724637,0.19746690478068019,0.6543072244930207,13.332140522711613,7.9168685636085785,2.3973931114638356,1.6840169084018122,284.0,69.28925534021417,0.7433552554247962,0.9482470784641068,4.111560867383834
ID23120,23120,35,404.0,239.25746268656715,329.42122719734664,0.0,10.0,10,11.31196597616364,1,,2885.5522388059703,2978.0,656.0,5120.0,1159992.0,962.35937134131,0.8288846511026878,2.717874753129341,-0.2075814563013108,-0.08101066288574348,13.870370528699347,9.657619924157348,2.8510633129218945,1.4362100225133443,401.9999999999999,77.45963006366257,0.841947632471767,0.9560047562425681,3.8633352079973453
ID23830,23830,35,555.0,234.85403540354037,331.6740174017402,0.0,31.0,31,13.297411092956994,1,,2367.1025179856115,2399.0,637.0,3782.0,1316109.0,585.6676257481747,0.7301279528459309,3.411273950681357,-6.689291230669223E-4,0.06027249683642551,17.083098363895783,10.403794423864639,0.14331327115383027,1.6420065283787124,555.4999999999999,93.2739912640529,0.8023665322525616,0.9635732870771896,3.9574781827250276
ID23833,23833,35,566.0,235.22796934865897,331.0643972885352,0.0,30.0,30,13.41656590327546,1,,2318.024778761062,2351.0,620.0,3767.0,1309684.0,586.0257504888231,0.7157476398532563,3.3001819489884308,-0.1355489925365658,0.18424910533485347,17.65195897574086,10.538020089460968,0.15131486392751836,1.6750735741521803,565.5,94.73854593430576,0.7917517713466018,0.9560439560439561,3.983918177120629
ID22939,22939,35,398.0,241.3735919899875,328.91885690446395,0.0,9.0,9,11.276737095916724,1,,2887.1296758104736,2948.0,732.0,5342.0,1157739.0,1042.4204013458987,0.8268381737981139,2.5071125159308054,-0.10777107500556489,-0.034240172211069404,13.52694006352493,9.641921756204757,2.734526001266098,1.402929872856528,399.49999999999994,78.08880845109096,0.8232828253679552,0.9523241954707987,3.906882987962395
ID23771,23771,35,532.0,237.75573358466855,330.85878102419105,0.0,28.0,28,12.994744884779422,1,,2434.3515037593984,2477.0,758.0,3909.0,1295075.0,589.8197644663779,0.7152462292383882,3.4420966885969126,-0.13438650806242458,-0.2714087926925602,17.23248393217811,10.223554747139357,0.25567666927941524,1.6855667483954067,530.5,91.9059525555885,0.7892379702232638,0.9689497716894979,3.9902577201520404
ID23197,23197,35,463.0,236.64517876489708,329.8282773564464,0.0,12.0,12,12.12023153548724,1,,2569.6203904555314,2605.0,601.0,4261.0,1184595.0,756.4670465657094,0.8183880115514373,3.0576069082820414,0.15314858164867196,0.08148461680380727,15.179838708415819,9.99692959227506,-0.11524451699297258,1.5184500969323373,461.5,85.57503182619287,0.7919311587307608,0.9525283797729618,3.9834669351607266
ID23773,23773,35,571.0,235.5174520069808,330.8059918557301,0.0,29.0,29,13.505242122350566,1,,2286.4013961605583,2319.0,609.0,3672.0,1310108.0,583.4801212433541,0.7328500642431165,3.314442974055778,-0.19982263964999245,0.08058508986312447,17.694879203051844,10.663231249335617,0.14428153265208343,1.6594293783279193,572.9999999999999,93.17706872323876,0.8293663266308703,0.967905405405405,3.8925278882756604
ID23968,23968,35,563.0,234.49024822695034,332.14213947990544,0.0,35.0,35,13.398760233979036,1,,2354.3451327433627,2404.0,457.0,3754.0,1330205.0,575.245066029548,0.7490043166043919,3.5054248471552394,0.06454138587213659,-0.00917066422305856,18.005813224799766,10.287288368897656,0.0420995929940613,1.7502973163694056,564.0,93.37152326632342,0.8129429705164287,0.9732528041415013,3.9316503845820723
ID23395,23395,35,508.0,237.59519136408244,329.89156035328756,0.0,18.0,18,12.734947467918403,1,,2425.453831041257,2484.0,702.0,4076.0,1234556.0,644.2158148267496,0.7683439463546763,3.2717533789768676,-0.33106385747141365,0.0540137501380982,16.846243574986804,9.924807233625376,0.10057093356405855,1.6973874835484473,509.5,90.4324904163929,0.7828977957675277,0.9568075117370892,4.006382376978179
ID23715,23715,35,537.0,237.85624607658508,330.6544256120527,0.0,27.0,27,13.00086726197883,1,,2414.1374764595103,2460.0,644.0,3901.0,1281907.0,585.2737288383418,0.7240528925581694,3.4645965662073577,-0.3436571972015921,-0.04671191221621483,17.441089901568162,10.151110515555866,0.19430897738355624,1.71814599740993,531.0000000000001,92.26636888339868,0.7838221396270725,0.9499105545617176,4.0040193616948825
ID22949,22949,35,243.0,246.49930264993029,322.5202231520223,0.0,4.0,4,8.722159296752494,1,,4210.7231404958675,4230.0,1000.0,6729.0,1018995.0,1565.8205443066165,0.6939280299620041,2.203251993178495,-0.026104613414905282,0.3649579589314313,12.064742897401006,6.8625044065812055,-0.7242280792895988,1.7580670528722437,238.99999999999994,66.50233716118646,0.6791003403057461,0.924564796905222,4.301678590288072
ID22950,22950,35,219.0,247.42906178489702,321.0652173913044,0.0,3.0,3,8.339706837243037,1,,4476.328767123287,4559.0,1349.0,6896.0,980316.0,1656.2660950628967,0.647271741654612,2.1239449635617755,-0.24723618995443447,-0.13022493630468288,11.686185008455213,6.545991380361263,2.419388185035798,1.7852429570126123,218.49999999999997,60.73899997766809,0.7442623171366569,0.9238900634249472,4.109054643200893
ID23526,23526,35,515.0,237.0130463144162,330.6833007175473,0.0,22.0,22,12.753679933255228,1,,2442.485322896282,2498.0,564.0,4046.0,1248110.0,627.4912383419589,0.7602320636723315,3.362254217912292,-0.0016540725202396486,-0.11681619295116825,17.266614714057944,10.043563908384076,0.24771438042162294,1.7191720858812154,511.0,90.5819143960254,0.7826142910641669,0.9705603038936372,4.007107974130259
ID23656,23656,35,536.0,238.22496124031008,330.95953488372095,0.0,26.0,26,13.08019739238623,1,,2400.3104089219332,2477.0,543.0,3879.0,1291367.0,631.1472589646006,0.7202150686289226,3.1845359768725965,-0.10722792347084431,-0.20906409149579616,17.529725280151556,10.101589337468317,0.24886223585836187,1.7353432904989676,537.5000000000001,93.88245073252415,0.7663364742932361,0.9581105169340466,4.0494420070493025
ID23912,23912,35,558.0,234.84015421115063,331.3668446026097,0.0,33.0,33,13.374982468597496,1,,2360.1843971631206,2437.0,562.0,3785.0,1331144.0,602.9715327542996,0.7452854553172595,3.3429916985220527,-0.1586733923218354,0.046854094704935706,17.555986519637518,10.548184607766515,0.06556846511785652,1.6643609466894647,562.0,94.45356316629271,0.7916067482580131,0.9574105621805792,3.984283089156105
ID23275,23275,35,494.0,236.1280487804878,329.92344173441734,0.0,13.0,13,12.514330345744634,1,,2420.1183673469386,2465.0,536.0,4180.0,1185858.0,655.9986737708766,0.8058616951005617,3.2926052698578347,0.023047476135231556,0.4229355831343298,15.74984218876823,10.775421814310231,0.0010702433047924398,1.461645071550865,492.0,86.3646588520012,0.8289013425837376,0.96,3.893619519763067
ID23595,23595,35,536.0,237.57792207792207,331.12863327149046,0.0,24.0,24,13.098436114783444,1,,2376.7416356877325,2437.0,560.0,3770.0,1278687.0,613.863575984597,0.729699639779219,3.2667322632148452,-0.05701560274634192,-0.12739810283090744,17.462358532782467,9.981332080166949,0.22229439351590763,1.749501809230496,539.0000000000001,92.5555839115992,0.7906665741698435,0.9685534591194971,3.9866512219094714
ID23723,23723,35,526.0,238.5347881087919,330.77356103731813,0.0,25.0,25,12.95180721053466,1,,2446.456106870229,2508.0,643.0,4033.0,1281943.0,643.5984163963379,0.719578431247035,3.1813291529125602,-0.20444869164013513,-0.25686428919382376,17.59685449553088,9.877422994536774,0.24245341002138687,1.7815228228317996,526.9999999999999,92.89570679130289,0.7674130717175462,0.9616788321167881,4.046600545855105
ID23153,23153,35,444.0,236.47818599311137,329.67298124760816,0.0,11.0,11,11.773867479848787,1,,2688.8896551724138,2780.0,558.0,4352.0,1169667.0,814.6346368051144,0.8224718315566343,2.9792044831065643,-0.10391425913033249,0.15088630120279492,14.665599102508954,9.801030201847542,-0.27708359707790825,1.496332405928554,435.49999999999994,81.12875593625567,0.8314734584734988,0.9581958195819581,3.8875925097478254
ID24178,24178,35,495.0,214.81904287138585,339.0603190428714,0.0,41.0,41,12.634571932644613,1,,2696.7788844621514,2834.0,635.0,4441.0,1353783.0,799.0957719865222,0.8398035818991395,3.0809366216259373,-0.029659465108356386,0.12425809850630896,15.599468914361928,10.413471489519164,0.13160502024967613,1.4980085104244352,501.49999999999994,85.05804578766191,0.8710638696446987,0.9756809338521397,3.7982183873072572
ID23412,23412,35,476.0,236.44701754385963,329.7884210526316,0.0,14.0,14,12.296226898414838,1,,2517.938689217759,2526.0,457.0,4418.0,1190985.0,684.5337507959612,0.8140368005836672,3.301248572514666,-0.21328384847910928,0.025418791624988026,16.118411090056604,9.764608973717909,0.026344670477832514,1.6506970359427986,475.00000000000006,86.59831752923374,0.7959477598523319,0.9538152610441766,3.973403313585018
ID23285,23285,35,475.0,237.7520154223624,329.4179810725552,0.0,15.0,15,12.302696894599675,1,,2524.61974789916,2559.0,484.0,4338.0,1201719.0,679.84541923242,0.8005005121821989,3.302053914104686,0.0059517928533754285,-0.08405329783410471,16.1724321060883,9.476446444943976,0.12120067632370946,1.7065924658622298,475.5000000000001,87.4983117028349,0.780478670222402,0.9615773508594542,4.012586546159929
ID23477,23477,35,526.0,237.30258593503626,329.4899085461999,0.0,19.0,19,12.970226476362448,1,,2362.5274102079393,2439.0,576.0,3991.0,1249777.0,629.2128557988625,0.7629948470408024,3.2499735481157397,-0.07898880825147382,0.13750835020636604,16.787233293591363,10.330242208906826,0.17847684734366842,1.6250570852169626,528.5000000000002,93.32622606303032,0.7625133425142416,0.9403914590747336,4.059580972818277
ID23418,23418,35,524.0,237.61870845204177,329.9301994301994,0.0,20.0,20,12.945661631441084,1,,2355.4914611005693,2404.0,581.0,3842.0,1241344.0,608.2519860543954,0.7572645178127975,3.337632090240233,-0.19096762757553118,0.07875273740430372,16.94898555507007,10.162429831604618,0.18005799281839585,1.6678083722024455,526.5000000000001,92.36591641675096,0.7755052684618782,0.9538043478260871,4.0254325658110535
ID23036,23036,35,321.0,242.623417721519,327.24367088607596,0.0,7.0,7,10.02925341359355,1,,3443.268138801262,3542.0,660.0,6347.0,1091516.0,1336.6927401880828,0.7831803330039759,2.262745749632994,0.07367323532535044,0.6412150795511856,12.52746037512981,8.82957710221536,2.3213152627310416,1.4188063856406716,316.0,70.96319023535845,0.7885526283845817,0.9561270801815431,3.991991337245678
ID23037,23037,35,310.0,245.30096308186197,327.03879079721776,0.0,6.0,6,9.9575865322,1,,3513.394230769231,3573.0,786.0,6457.0,1096179.0,1384.5982788959375,0.7472116022359597,2.1703570870802187,0.057000014150143004,-0.15521756441254106,13.126376068661221,7.8874559406015,-0.807684257377743,1.664209114765616,311.50000000000006,71.54082190498174,0.7648214586138582,0.9354354354354356,4.053450741975953
ID23933,23933,35,576.0,235.20775862068965,331.5712643678161,0.0,34.0,34,13.58748446131949,1,,2309.8984509466436,2382.0,592.0,3749.0,1342051.0,630.5210557459401,0.7453441499160639,3.1289531584991663,0.2032553941276841,0.0617378047481548,17.614183965734394,10.425468507749171,0.03539248213380862,1.6895340437354835,580.0,95.61193642582579,0.797285066260781,0.9658617818484598,3.970069570113991
ID23487,23487,35,515.0,236.1241956241956,330.36196911196913,0.0,21.0,21,12.840736779609012,1,,2422.563953488372,2475.0,566.0,4021.0,1250043.0,663.2502418247958,0.7747213843337879,3.188916818341668,-0.21766006391251974,-0.020630086553250222,17.3445244957575,9.714611113332554,0.17714354740229243,1.7854059512432237,518.0000000000001,92.25108613340761,0.7648858866334538,0.9530818767249312,4.053280022847741
ID22883,22883,36,58.0,230.72988505747128,0.603448275862069,0.0,8.0,8,4.296739856991561,1,,572.4137931034483,580.0,480.0,706.0,33200.0,54.68507429154899,0.19312723277807006,3.388660330837206,0.1105151430528371,-0.09693483619596951,7.977353131348139,2.7086453118410763,3.068522979767667,2.945144975783449,58.0,36.75683111004042,0.539463085402864,0.9586776859504132,4.826408376286684
ID23093,23093,36,66.0,230.15648854961833,0.5712468193384224,0.0,10.0,10,4.566103102760414,1,,579.2424242424242,573.0,479.0,714.0,38230.0,58.544936220902635,0.2718141203723863,4.229114003105511,0.13376166529135222,-0.9207171607234217,8.415820135880375,3.715358686918314,3.1084745289813003,2.2651433805065095,65.49999999999999,38.81073130063468,0.5464463277958317,0.9776119402985073,4.79546997448469
ID22776,22776,36,66.0,228.15648854961833,0.5712468193384224,0.0,9.0,9,4.566103102760414,1,,565.3939393939394,560.0,459.0,675.0,37316.0,50.23265220271917,0.24065935653606127,4.36661831212682,0.13376166529135222,-0.9207171607234217,8.415820135880375,3.715358686918314,3.1084745289813003,2.2651433805065095,65.49999999999999,38.81073130063468,0.5464463277958317,0.9776119402985073,4.79546997448469
ID22844,22844,36,69.0,229.1200980392157,0.642156862745098,0.0,7.0,7,4.652426491681279,1,,555.3823529411765,552.0,419.0,668.0,37766.0,46.284657659742315,0.21551413162493607,4.255011678590581,0.018480175226586876,-0.2758235424590151,8.825198351735107,2.9471353179267092,0.07851151780588699,2.994500557220283,68.00000000000001,41.614318287709125,0.49343869972845317,0.925170068027211,5.046477348185217
ID23408,23408,37,169.0,446.8517978620019,309.2521865889213,0.0,17.0,17,7.388514429878316,1,,3404.6023391812864,3304.0,1065.0,6125.0,582187.0,1329.7651693594455,0.5996055573659056,1.9194384076180842,0.12521383748601103,0.1064645342301331,12.49698922700811,4.58389062525431,1.0397218419844574,2.7262843398046366,171.5,58.48544493765201,0.6300548978067166,0.9397260273972603,4.465969327953597
ID23394,23394,37,428.0,449.3562015503876,309.5817829457364,0.0,14.0,14,11.699284211396439,1,,2016.7319347319346,1837.0,846.0,3944.0,865178.0,830.7110738719517,0.6871044308394727,1.9774656773195571,0.10457691319714187,0.22478910212297273,15.364812681664215,9.312841752425957,1.3512704468008432,1.6498522245008347,429.99999999999994,79.20904041287933,0.861249168415589,0.9862385321100917,3.8197991190117158
ID23266,23266,37,255.0,452.9704724409449,307.0951443569554,0.0,15.0,15,8.991702346646203,1,,2705.632,2497.0,1219.0,5242.0,676408.0,1078.5811521545945,0.6113666003525511,1.9035016037303332,0.044683387653156846,0.02103112262117102,12.622411354068943,6.750001019719797,1.1555035482239413,1.8699865847713486,254.0,62.988047181045005,0.8045023043531305,0.9657794676806084,3.9522215858062912
ID23378,23378,37,270.0,442.51942355889724,308.31516290726813,0.0,18.0,18,9.201653640780462,1,,2770.3432835820895,2535.0,1043.0,5617.0,742452.0,1121.4072660041293,0.6701453926501354,1.982508114912587,-0.01905534167491233,0.011897050681809641,13.203007424074128,6.584232294457167,1.0801550016970576,2.005246296548327,266.0,66.99135638279031,0.7448245080899065,0.9551166965888689,4.1075036003746
ID23290,23290,37,177.0,449.40346083788705,308.4653916211293,0.0,16.0,16,7.632215220473915,1,,3221.1195652173915,2990.0,1350.0,5901.0,592686.0,1208.851673341151,0.5792451144606936,1.9546844717437708,0.35890324767511694,-0.9559982769806206,11.425297427170326,6.299754275743613,1.0679199614683437,1.813610011927283,183.0,55.9988987509976,0.7333342700590915,0.9812332439678284,4.139557710676889
ID23249,23249,38,44.0,229.2674418604651,1.058139534883721,0.0,18.0,18,3.6996385101659595,1,,660.0930232558139,655.0,574.0,788.0,28384.0,46.89949433857184,0.09530049612539397,2.4492259664208857,0.2048399175291259,0.008915459935474199,6.229820247760862,2.4440018392261456,0.01633167550617798,2.5490243696925514,43.0,30.37825031020934,0.58553492877524,0.9148936170212766,4.632639741512929
ID23537,23537,38,141.0,232.95035460992906,1.4219858156028369,0.0,23.0,23,6.699380116989518,1,,652.0,656.0,512.0,763.0,90628.0,51.64931920086695,0.352046500948629,6.573874269584397,0.1993735119854826,-0.9091573297451061,13.032106175166486,4.785797414100666,0.03790577280887675,2.7230793632779466,141.0,58.44274541245531,0.518761524992352,0.9690721649484536,4.921767032150073
ID23601,23601,38,111.0,230.51818181818183,2.0515151515151513,0.0,26.0,26,5.917270272703197,1,,635.0648148148148,653.0,426.0,753.0,68587.0,75.49231230875365,0.3360803199160585,4.232099155630246,0.025147306307894423,-0.973454245692942,11.667106188012054,4.916409887523042,0.0664825193478962,2.3730946879797505,110.0,51.77021032757415,0.5157541015283668,1.0,4.936095878471775
ID23618,23618,38,121.0,231.6549100968188,2.3658367911479945,0.0,27.0,27,6.193249654676193,1,,674.3025210084033,684.0,448.0,861.0,80242.0,77.98093580820162,0.3355136414891005,4.344683960214413,-0.27183778802472874,-1.5892510522607646,11.40574647755208,5.485859792456202,0.08833446433063545,2.079117387075135,120.50000000000001,52.46758555012705,0.5500659374066775,0.9796747967479678,4.779666070611543
ID23283,23283,38,61.0,230.57103825136613,1.505464480874317,0.0,17.0,17,4.406461512053774,1,,629.5,632.0,473.0,772.0,37770.0,56.30290355880896,0.23240841835774254,4.216888684525587,0.28620401046196464,-0.5211178331004319,8.129039576739574,3.2264204324782604,-0.07560120311761598,2.5195227177803177,61.00000000000001,38.24483498974493,0.5240758122439972,0.9531250000000001,4.89674934563539
ID23571,23571,38,163.0,232.03025641025638,1.5943589743589743,0.0,24.0,24,7.19203423968949,1,,635.8343558282209,635.0,520.0,771.0,103641.0,47.40074279301322,0.3599492972003707,7.100802797361399,-0.031530578166106785,-1.2289582938249557,13.871884825922274,5.279520712967294,0.027724096311897106,2.6274894218808247,162.5,64.20010472533602,0.49544078637821065,0.9701492537313434,5.036270565679827
ID23381,23381,38,93.0,227.55555555555557,1.7043010752688172,0.0,21.0,21,5.440847306724618,1,,665.6344086021505,662.0,498.0,816.0,61904.0,75.50738301739493,0.22604942346991302,3.2506616472213183,0.23570939179521985,0.022389769369370805,9.508877243572847,3.5461452026098663,0.1615759855654533,2.6814686653481004,93.0,42.05864263336603,0.6606665329976293,0.9789473684210527,4.361278075673022
ID23627,23627,38,136.0,233.16666666666666,2.5742092457420926,0.0,25.0,25,6.603669768180365,1,,635.4666666666667,649.0,403.0,857.0,85788.0,75.56185565383335,0.33512665170359623,4.221887510014982,-0.10608469768132853,-0.7928658120016258,11.922541224668844,4.78201341168352,0.06518034020789516,2.4932053087804875,136.99999999999997,55.678813389955096,0.5553291731303176,0.9716312056737587,4.756962059229067
ID23276,23276,38,158.0,231.5435244161359,1.8715498938428874,0.0,20.0,20,7.069275219628611,1,,638.624203821656,645.0,447.0,779.0,100264.0,56.48648738037775,0.3614335584829323,6.002923697245212,0.48282405269237594,-0.9454447107961577,12.719289213787516,5.643780984979582,0.04865807801456124,2.253682282788571,157.0,59.28436739726551,0.5613440664276979,0.9905362776025236,4.731407607371751
ID23661,23661,38,150.0,232.33502824858755,1.7757062146892657,0.0,28.0,28,6.852058684228349,1,,696.6013513513514,689.0,514.0,884.0,103097.0,71.28688231363577,0.37100832863022626,5.288691722161051,-0.2921821845781619,-2.2722946144037155,12.126542638285109,6.881770432274341,0.06698504094210425,1.7621254236284418,147.50000000000003,57.0826470103614,0.5688446484516071,0.9899328859060404,4.700110773818659
ID23502,23502,38,150.0,231.68060200668896,2.498885172798216,0.0,22.0,22,6.898356904689457,1,,614.7651006711409,633.0,336.0,782.0,91600.0,84.10035746153947,0.3548849921975782,3.8293632117334875,0.07467776459903036,-1.013810471977702,13.39898749422202,4.9777122342085365,-0.05512810231418087,2.6917963240501543,149.5,60.89511652961781,0.5066244262617724,0.970779220779221,4.980372994557866
ID23359,23359,38,107.0,232.0110062893082,2.5235849056603774,0.0,19.0,19,5.8086872816051835,1,,637.0480769230769,648.0,423.0,744.0,66253.0,70.87379454740253,0.3173718347541814,4.330883763952508,0.2007975800221289,-1.462996289951177,9.383692826412153,5.463650547507969,-0.01923729375212794,1.7174767574936063,106.00000000000001,45.20667743495552,0.6517942903106029,0.9906542056074767,4.3908606676717445
ID23521,23521,39,265.0,454.25445292620867,297.11386768447835,0.0,22.0,22,9.13220620552083,1,,1619.1908396946565,1533.0,702.0,2761.0,424228.0,562.9912600058461,0.6524090907403968,2.271061052270774,0.13735692172678965,-0.012143138548206563,11.402222191110031,7.794545885052783,0.7688925566754287,1.4628462464985306,262.0,62.52580189950583,0.8421561310269766,0.966789667896679,3.862856941770054
ID23810,23810,39,522.0,453.3926282051282,280.0955128205128,0.0,30.0,30,12.865501965161373,1,,1010.4796905222437,1023.0,371.0,1605.0,522418.0,267.4484628929094,0.6452630846381192,2.9635956257773515,-0.08593209085076392,-0.110290688488118,17.213802334486047,9.793942791131832,0.5910376663146316,1.7575967821736422,520.0,90.86577069346947,0.7914301276657691,0.9629629629629629,3.984727643361052
ID23555,23555,39,345.0,454.7188109161794,294.2139376218324,0.0,23.0,23,10.433694507453072,1,,1402.1900584795321,1350.0,546.0,2730.0,479549.0,551.9196163320148,0.6789486036141751,2.0547573711976965,-0.06157797685716632,0.04399887443549413,12.69714376663251,8.940121155144693,0.8484232644290713,1.4202429191159,342.0,72.81150277221238,0.810654841500022,0.9473684210526314,3.9371951514582495
ID23589,23589,39,309.0,455.407139023081,289.50053676865275,0.0,24.0,24,9.941590398928485,1,,1445.0095846645368,1469.0,473.0,2405.0,452288.0,478.4967411781359,0.6792178187368342,2.4430017371399573,0.331464745515643,0.18367068108245052,12.91128434120167,8.139187454510012,0.6415039940714764,1.5863112151382368,310.5,71.54672713905369,0.7622403317789721,0.9480916030534351,4.060307915435577
ID23400,23400,39,168.0,458.78387734915924,299.9292779426311,0.0,20.0,20,7.323606749544156,1,,2148.664705882353,2047.0,1152.0,4033.0,365273.0,710.0890930360285,0.6042386080536916,2.2794250207146716,-0.07286532889282092,0.03476229364861703,9.381710227743525,5.93520276223959,0.7149722408016684,1.5806890857092522,168.5,50.87247815992656,0.8181708102999437,0.9711815561959655,3.9190692849363837
ID23688,23688,39,431.0,455.6781676413255,283.6009746588694,0.0,27.0,27,11.665225087565627,1,,1173.6713286713286,1178.0,304.0,1857.0,503505.0,355.7409296278443,0.6769923936810469,2.6637615873065617,0.2578258407812871,0.20903468461926927,14.666073027254043,9.589228374968632,0.5807942330186323,1.529432030791739,427.5,81.87286297469998,0.8014307992283793,0.9542410714285715,3.9597878411104106
ID24170,24170,39,669.0,449.77673896783847,282.8911742707554,0.0,41.0,41,14.58732871069491,1,,848.0223546944859,861.0,334.0,1394.0,569023.0,187.89764864200242,0.6047577175020341,3.4016364571405604,0.2479138791466077,0.10497658991133488,18.123312305435668,12.261665869066846,0.5997829950176632,1.478046498653687,668.4999999999999,101.73616450627121,0.8116346034043079,0.9502487562189051,3.934818048108881
ID23700,23700,39,348.0,455.1618075801749,286.0257531584062,0.0,25.0,25,10.448937312523231,1,,1365.2463343108504,1375.0,517.0,2180.0,465549.0,423.5632090752353,0.6802947089287792,2.6099634056044843,0.13168628336413454,0.16270004900962495,13.141199777286243,8.571148208454607,0.6462483849124174,1.5331901231533627,343.0,77.8314025057705,0.7115317291491489,0.9183400267737618,4.202500718808942
ID24053,24053,39,690.0,448.55668604651163,283.57606589147287,0.0,38.0,38,14.798554040663834,1,,832.6341107871721,847.0,312.0,1318.0,571187.0,190.46151846826527,0.6015556907917576,3.2840574559830795,-0.053820697182909265,-0.09886076993296466,18.156496130253817,12.565604297242947,0.5204051557284084,1.444936168667796,687.9999999999998,103.38130606362539,0.808936204945596,0.9424657534246571,3.941375343455077
ID23638,23638,39,401.0,455.9091289782245,284.7319932998325,0.0,26.0,26,11.255546841497692,1,,1225.6425,1219.0,333.0,2007.0,490257.0,392.5682862154115,0.6777026685760229,2.522335173435167,0.17108115901327955,0.21576106182042198,13.962265099740128,9.24395079287035,0.6284303949204981,1.5104218328930208,398.0,79.56898135784347,0.789960433709283,0.9487485101311085,3.9884326446130665
ID23926,23926,39,634.0,447.9368726888537,281.18621236133123,0.0,34.0,34,14.172280627406865,1,,874.8083067092651,890.0,276.0,1371.0,547630.0,188.35695897653528,0.6079697838113682,3.5120875666499516,0.03391585533563886,0.06601564877469805,18.072770432257677,11.448023017162704,0.5319065316059612,1.5786804765471951,631.0,98.15347211247114,0.8230531646171955,0.958238420652999,3.9074280287543166
ID24118,24118,39,663.0,447.92601010101015,282.53156565656565,0.0,37.0,37,14.494292838262302,1,,854.1996951219512,873.0,348.0,1265.0,560355.0,186.88456182972578,0.6029746723123474,3.4386533027376376,0.01845457406470367,-0.027396631815725297,17.79620947653509,12.024316480843597,0.5226845372067139,1.4800183864826677,660.0,101.01736346277342,0.8127589132431585,0.9503239740820731,3.9320955398874955
ID24054,24054,39,702.0,449.3859711379229,284.5451857109061,0.0,39.0,39,14.974956254242633,1,,818.8741159830269,839.0,266.0,1315.0,578944.0,192.6139771341263,0.59601620628095,3.1752659947602657,0.052194221279218606,-0.06346049680208767,18.214970578316077,12.675776682324448,0.5561401368882939,1.436990492560166,704.5,102.98766196593601,0.8346808770761004,0.965729952021933,3.880115916776494
ID23480,23480,39,225.0,459.9367559523809,302.3080357142857,0.0,21.0,21,8.444016491289505,1,,1733.8705357142858,1661.0,831.0,2997.0,388387.0,580.0080842390659,0.6014901031804961,2.2455195583132443,-0.03252038826601445,8.173290448063042E-5,9.915276521347476,7.384337946709464,0.6193006584475576,1.3427441421157904,224.0,55.807803594447066,0.9037910188801563,0.9803063457330415,3.728815724264146
ID23962,23962,39,646.0,448.6736434108527,281.7658914728682,0.0,35.0,35,14.328638336860381,1,,860.8624420401854,873.0,297.0,1322.0,556978.0,203.33857731318125,0.6100078675795468,3.2081259765890433,-0.325319321378409,-0.004630702584614466,18.3669205541514,11.566829203311363,0.4275299674233435,1.5878958901626472,645.0000000000001,100.75774182553482,0.7983856593631288,0.9499263622974965,3.967332210034464
ID23739,23739,39,464.0,455.0375764113628,281.0458468176915,0.0,29.0,29,12.146465833574267,1,,1092.5183585313175,1113.0,436.0,1678.0,505836.0,280.28559026129443,0.6579809340507623,3.09379651382944,0.015915162774558494,-0.3660462192419299,16.20405342189165,9.648300002538315,0.6442417687878703,1.6794723855631168,463.50000000000006,86.97556828859155,0.7699544837313476,0.9088235294117648,4.039916657562454
ID23899,23899,39,626.0,448.5767152890329,281.04781199351703,0.0,33.0,33,14.01417852659937,1,,890.1745513866232,897.0,318.0,1327.0,545677.0,203.792010477144,0.6126168319052763,3.318759279902053,-0.46909148571576337,-0.025853500628073893,17.825754820775078,11.48364631147473,0.5382945067195056,1.55227306182037,617.0000000000001,98.71794440822399,0.7956147409230878,0.9536321483771255,3.974234796470896
ID23869,23869,39,607.0,451.0071038251366,280.2546448087432,0.0,32.0,32,13.934454799959427,1,,900.9214402618658,918.0,345.0,1395.0,550463.0,209.76133287398267,0.6149765862798152,3.2710247874575873,-0.05171618640178266,0.08177297435125813,17.875223653654686,11.421351169931304,0.5328088220501224,1.565070838616216,610.0,96.37791086570381,0.8252483845419876,0.9583660644147682,3.9022275485570157
ID23997,23997,39,653.0,448.5902883156297,282.117349519474,0.0,36.0,36,14.483308150941141,1,,853.4378787878788,865.0,283.0,1331.0,563269.0,200.59911953259873,0.6049162650579634,3.2071241443960936,0.09163407887627434,-0.049053567088649705,18.05260739436396,12.12227145006581,0.5076780327391439,1.4892099610808465,659.0000000000001,99.69143424186234,0.8332581886938597,0.9599417334304444,3.8834269202882346
ID24125,24125,39,664.0,449.7391304347826,283.88505747126436,0.0,40.0,40,14.570953780881618,1,,851.6471471471472,863.0,307.0,1352.0,567197.0,189.57578316672613,0.6044587466909236,3.384892994318635,0.29710949499054484,0.02464026776752155,17.94480708872273,12.469376099591036,0.5703212044588724,1.4391102606417712,666.9999999999999,100.53349722552244,0.8293046814336715,0.9659666908037651,3.8926725583804003
ID23743,23743,39,468.0,456.0344144144144,282.23873873873873,0.0,28.0,28,12.133355774887802,1,,1107.8855291576674,1111.0,377.0,1772.0,512951.0,333.8986902533642,0.665804579044122,2.6523626037665995,0.21428314998644146,-0.024429795851324022,15.926977245387837,9.533659458330648,0.618802801855148,1.67060479923799,462.5,86.66135970917848,0.7738746195392879,0.9448416751787538,4.029671374608302
ID23807,23807,39,569.0,451.7252976190476,280.53839285714287,0.0,31.0,31,13.351162356249091,1,,958.5906642728905,975.0,317.0,1426.0,533935.0,223.0944676486203,0.630380018825909,3.322675925113892,-0.11480776038692511,-0.06440135865726856,17.5414528575427,10.752939924067272,0.6008188539447294,1.631316921829104,560.0,94.45892386303933,0.7887001147561691,0.958904109589041,3.991618069996235
ID24064,24064,40,654.0,420.4531849577897,327.34343821949346,0.0,38.0,38,14.400655917309448,1,,871.1592649310873,887.0,253.0,1313.0,568867.0,178.8327415279529,0.6123896630336225,3.7003121961260366,-0.13111769731604084,0.3253271908775502,19.750670116032406,10.95144758396854,0.7609072385777638,1.8034757473472964,651.5,101.21414851459949,0.7991748944106678,0.958793230316409,3.965372732151334
ID24065,24065,40,665.0,421.3247448344536,327.04891710231516,0.0,39.0,39,14.59823512620782,1,,859.9103139013453,874.0,291.0,1300.0,575280.0,182.0367495092881,0.6086372674780828,3.5745756851659207,-0.10056402141474866,0.20916278110668526,19.634420790744485,11.143735076440155,0.725686879023463,1.761924584177809,669.4999999999999,102.22549382003018,0.8050855114420324,0.9633093525179854,3.9507898240894184
ID24002,24002,40,646.0,421.01010886469675,328.9701918092276,0.0,36.0,36,14.306406146065385,1,,879.578947368421,902.0,244.0,1421.0,568208.0,192.87292468223578,0.6139599838147226,3.4696115819332998,0.1958805431230502,0.26671226673073395,19.981336521392166,10.46605274092541,0.7524163799508352,1.9091568727968606,643.0,101.74143629428283,0.7805938194280657,0.9568452380952381,4.012290577127843
ID23716,23716,40,447.0,428.7703412073491,327.19966254218224,0.0,25.0,25,11.894904136170874,1,,1165.9640449438202,1170.0,317.0,1814.0,518854.0,338.6462763801252,0.679429426329952,2.7858096802749763,-0.21784838590525743,-0.027382730543092582,15.08107396872966,9.621202984728564,1.188240801881829,1.5674831923479193,444.5,81.64245501210863,0.8380106117118264,0.9715846994535519,3.8723996566756616
ID23652,23652,40,500.0,425.14936793080506,328.32268795741845,0.0,26.0,26,12.628271971179554,1,,1063.286,1082.0,289.0,1626.0,531643.0,288.5517708365448,0.6608114719572588,2.932335008120065,-0.2614438139956269,0.11934382251778893,16.329269464275793,10.365835772460766,0.9969310562718011,1.5752969488150934,501.0,86.99850069635053,0.8318098398079096,0.9728155339805825,3.8868063650492077
ID23876,23876,40,605.0,420.3700471044611,328.58423385979495,0.0,32.0,32,13.83702990310963,1,,919.6,940.0,307.0,1360.0,551760.0,197.71239292769545,0.6226873502396264,3.5696879928095666,0.268863140189791,0.23853891146265455,19.394642976679815,10.107962722517296,0.9054653364356307,1.918748961496937,601.5000000000001,98.89968255122338,0.772779691710247,0.9487381703470034,4.032525122970237
ID23525,23525,40,217.0,436.0542635658915,325.97054263565894,0.0,22.0,22,8.272643200907131,1,,1942.7592592592594,2012.0,807.0,2866.0,419636.0,513.9196638036923,0.693197915869267,3.0953037302213615,-0.03540525018023848,-0.02558423184140878,11.11784358041892,6.346187839258123,1.210748450811379,1.7518932407961327,215.0,57.29313167766425,0.8230821825856787,0.9750566893424036,3.907359149470349
ID23909,23909,40,601.0,420.9990366088632,329.0510597302505,0.0,33.0,33,13.882962078903956,1,,912.7569786535304,940.0,291.0,1407.0,555869.0,197.79763562610535,0.622658636433999,3.5414972791292136,0.30909511268839635,0.3564026289202581,19.58336499075877,10.232021556084762,0.8608133462385003,1.9139292155921004,605.5,100.18826571787972,0.7580368070421244,0.9527930763178599,4.071550119526445
ID24133,24133,40,626.0,420.8598514982763,328.8614425881729,0.0,37.0,37,14.144177723236952,1,,893.8338658146965,907.0,300.0,1289.0,559540.0,175.4395016958028,0.6152685618127343,3.8813195523665662,-0.018536999959875133,0.11188208936252837,19.768343393507436,10.35639036743858,0.7896002737157896,1.9088063207486732,628.5,102.08929472801199,0.7578002407943498,0.9465361445783133,4.0721855879013775
ID24135,24135,40,670.0,422.1634328358209,326.67437810945273,0.0,40.0,40,14.60368527951557,1,,860.4664679582712,880.0,275.0,1295.0,577373.0,184.17261126344386,0.609141909820357,3.5372278452042285,0.023940592130121,0.4630670933362263,20.440964685533565,10.973401866396461,0.756800339201996,1.8627737263618636,670.0,103.15544036507835,0.7912257122312759,0.9544159544159544,3.985242343033397
ID23560,23560,40,275.0,434.1311274509804,326.01838235294116,0.0,23.0,23,9.304852983362556,1,,1627.6014760147602,1647.0,588.0,2527.0,441080.0,468.41284797277,0.6881607539582375,2.832861703421767,0.06898051391019697,0.04611589479778802,11.866309686909648,7.772934017220652,1.3671155425781687,1.5266191197069565,272.0,65.04359527880683,0.8079224764213425,0.9460869565217391,3.943847258888923
ID23594,23594,40,331.0,431.28851963746223,326.726586102719,0.0,24.0,24,10.264529815185629,1,,1430.933734939759,1435.0,574.0,2237.0,475070.0,395.20796675345986,0.6995760701693543,2.98069929830158,0.2545044415161601,-0.17414409920216967,13.642182360034612,8.180951311765929,1.248305464888974,1.6675545227135484,331.0,71.34293867806959,0.817214133658972,0.9821958456973294,3.9213625549905693
ID23822,23822,40,587.0,418.3010707241477,327.63355874894336,0.0,31.0,31,13.721526798345444,1,,934.4387755102041,951.0,375.0,1399.0,549450.0,203.60106797930626,0.6273853845932369,3.53870843709486,0.3995970717626907,0.5301920887977357,20.019779258385263,9.813926645268202,0.9625584072518177,2.039935693633682,591.5,99.69548265765108,0.747848544001061,0.9479166666666669,4.099190539714215
ID24175,24175,40,675.0,422.4714847590954,327.2126352015732,0.0,41.0,41,14.690612745308142,1,,852.6917404129794,866.0,277.0,1257.0,578125.0,170.51830179280404,0.6056269037544691,3.772346492195368,0.24749750142095794,0.33988616814180744,20.242617496070217,11.080216742439223,0.7710303264832621,1.8269153001797656,677.9999999999999,102.47149342672644,0.8113970539285116,0.9610205527994329,3.935393996442098
ID23825,23825,40,550.0,417.1102470265325,327.19960353766396,0.0,30.0,30,13.189251411639768,1,,982.1504587155963,992.0,269.0,1414.0,535272.0,231.49644921041838,0.6390075064927646,3.308176732335982,0.23404095560037386,0.30476738506253076,19.512598402368162,9.556828283441456,0.9981631695933375,2.0417441669613834,546.5,96.2701671557209,0.7409972198111235,0.9455017301038062,4.118097670632418
ID23414,23414,40,113.0,440.2747336377474,323.4908675799087,0.0,20.0,20,5.903806614136771,1,,2903.153153153153,2797.0,1363.0,4750.0,322250.0,893.5896882106075,0.5983571299743436,2.4324753174165195,-0.014465927187069929,-0.11913920872919871,8.011624399307093,4.676671362849973,1.1606279995482622,1.7131039959208922,109.5,41.61967878220048,0.7943767691825441,0.9647577092511013,3.9773303521315335
ID23766,23766,40,568.0,418.1391600118308,327.907867494824,0.0,29.0,29,13.392819750320172,1,,962.517667844523,972.0,274.0,1452.0,544785.0,237.80969309465218,0.6360126100129952,3.146938334977333,0.16609307611953902,0.21569443313167022,19.25536569312257,9.703836077239957,0.95467808149042,1.9843045100777645,563.5,98.03062985379577,0.7368518841578076,0.9368246051537824,4.1296650939258015
ID23767,23767,40,558.0,420.1921005385996,327.8016157989228,0.0,28.0,28,13.315352289908494,1,,973.489247311828,989.0,299.0,1497.0,543207.0,238.45224083421382,0.6382729016599896,3.181118924615047,0.14261189432525004,0.07434520213735162,18.30421608344826,10.091182713613607,0.9677357654010135,1.8138821387858513,557.0,93.60957152740026,0.7987751481290575,0.9595176571920759,3.966364841593748
ID23932,23932,40,608.0,421.3860655737705,329.14344262295083,0.0,34.0,34,13.934454799959429,1,,908.9639344262295,931.0,301.0,1285.0,554468.0,189.46346856873868,0.6194077297023168,3.6700465807363973,0.07988181046872897,0.15071305705832122,19.614775642516534,10.205220987869675,0.7590022421839273,1.9220334048455614,610.0000000000001,99.27658450158249,0.7777607890997524,0.9501557632398756,4.019591413519426
ID23485,23485,40,176.0,437.859344894027,325.73892100192677,0.0,21.0,21,7.420755373261929,1,,2198.063583815029,2196.0,888.0,3297.0,380265.0,597.3031362978664,0.6572424927047619,2.91887183206836,0.386390513650494,-0.4344752469978522,9.97847065636568,6.254016936622113,1.408380599867699,1.5955298422577024,173.0,51.12409489234173,0.8317727775965474,0.9885714285714285,3.886892958430388
ID23711,23711,40,532.0,422.40140845070425,328.556338028169,0.0,27.0,27,13.019217119046312,1,,1012.7913533834586,1020.0,337.0,1565.0,538805.0,261.1387269773579,0.6488576637247593,3.0524247711944987,0.11167547325930964,0.33176510083333416,16.91613231302754,10.243468287863063,1.0136279600719993,1.6514067147618896,532.5000000000001,89.32903621581839,0.8385793803795039,0.9797608095676177,3.871086201304309
ID23967,23967,40,624.0,421.21077252071643,328.66573108794444,0.0,35.0,35,14.087803733570167,1,,891.7216,909.0,253.0,1340.0,557326.0,191.63988479999097,0.6166904519465723,3.549880488106328,0.41879468942952414,0.3363715444708177,20.220172670474163,10.007805389421232,0.7601608615783704,2.0204402347639503,623.5000000000001,101.9410313556538,0.7539599476636182,0.9490106544901067,4.082543249088815
ID23689,23689,41,101.0,161.05668358714044,205.12774957698815,0.0,25.0,25,5.599421737028154,1,,1420.5555555555557,1426.0,910.0,2050.0,140635.0,257.7489374162947,0.35613798323049795,2.8947145896650404,0.1054900981713146,0.06445564395468556,8.55510139025272,3.9260966068823206,-0.5640995483024825,2.1790348651268294,98.5,41.025082281006654,0.7354398745074229,0.985,4.133627573374762
ID23675,23675,41,120.0,162.3403361344538,206.02661064425772,0.0,27.0,27,6.154581744998688,1,,1302.225,1298.0,936.0,1802.0,156267.0,218.28065591778662,0.3676794088314476,3.207641136554336,-0.02233129799895018,-0.04256914210523301,9.05908985536774,4.310575597519599,2.677323518242266,2.1015963298684612,119.0,45.68169582332594,0.7165927171726423,0.9444444444444444,4.187634190294281
ID23631,23631,41,139.0,160.62230215827338,206.68465227817748,0.0,26.0,26,6.651697090182843,1,,1277.0869565217392,1261.0,867.0,1807.0,176238.0,220.23817493168383,0.40064843433924585,3.317356726933253,-0.001000621604659223,0.0057784279188310035,9.767654440704487,4.74523997458549,2.5197266186663714,2.058411058875419,139.0,48.21544444720065,0.7513673433984291,0.9391891891891894,4.089580621971522
ID23800,23800,42,94.0,149.39893617021278,193.7517730496454,0.0,30.0,30,5.4700209598571305,1,,1013.1397849462365,1007.0,710.0,1370.0,94222.0,142.15917222528887,0.39229246091556585,4.016094932502943,-0.014898280731432142,-0.08554118871853712,8.050225291859375,4.073566693590875,-1.0264351213197398,1.9762105047955039,94.0,38.81064154033429,0.784216677998859,1.0,4.003012026563488
ID23721,23721,42,80.0,152.35162601626018,193.119918699187,0.0,29.0,29,5.108953969950291,1,,1130.5903614457832,1126.0,742.0,1470.0,93839.0,198.13496485024854,0.39034286041097005,3.204044073086761,6.714526579845625E-4,0.049780371255948745,6.346379870027779,4.296050135757976,2.6316885331990525,1.4772592659484995,82.0,34.08645424270871,0.886870199473292,0.9879518072289156,3.7642191605027504
ID23729,23729,43,71.0,164.83802816901408,214.63615023474176,0.0,29.0,29,4.753945931439391,1,,1397.887323943662,1382.0,874.0,1948.0,99250.0,295.4764940757688,0.4481686928058482,2.9282057279975984,0.030019831528519576,-0.01379210400701721,6.567845807279223,3.6353082224390283,-0.6581166717311441,1.806681966260532,71.0,33.2330616913907,0.8078440027834564,0.9726027397260274,3.944038806096728
ID23806,23806,43,85.0,166.60843373493975,216.05421686746988,0.0,30.0,30,5.140011726956917,1,,1138.6913580246915,1137.0,712.0,1460.0,92234.0,183.15598829790608,0.4111093481996269,3.62252658306149,-0.1013314410875277,0.04663008150113949,8.276020094789537,3.51355116168254,2.497926328661425,2.3554574030526956,83.0,38.01302156650075,0.721810461757746,0.9651162790697675,4.172471182219094
ID23888,23888,44,192.0,157.08684210526314,200.5780701754386,0.0,33.0,33,7.776816725043752,1,,764.0315789473684,754.0,517.0,1067.0,145166.0,143.60674938314426,0.4649519977933113,3.3771564235216602,0.014054134158260533,0.23588122230919709,8.794130860672801,7.335704321026129,1.2559630799730033,1.1988120670930567,190.0,50.785374257806566,0.9257338630945038,0.9947643979057592,3.6843582876987027
ID23795,23795,44,172.0,153.28103616813294,198.70918866080154,0.0,31.0,31,7.366942078931823,1,,793.2748538011696,764.0,526.0,1183.0,135650.0,151.93539807259694,0.45231721428536875,3.2521932694178393,0.03550195119610207,0.08880145329433549,9.802154941758863,5.906041738830369,1.6498912171740705,1.659682639442382,170.50000000000003,50.54792283958981,0.8385474055830029,0.9912790697674421,3.871160005130294
ID23957,23957,44,291.0,158.22501444251876,198.68486424032352,0.0,35.0,35,9.582922422936731,1,,619.6666666666666,619.0,402.0,949.0,178464.0,111.0494129900538,0.45389722098599494,3.4841406682841205,-0.06756284577407731,0.152176456146369,11.744481315749855,8.32338077042397,0.8361142999465652,1.4110229532550418,288.49999999999994,63.75371852689065,0.891958482806219,0.993115318416523,3.753467086325884
ID24117,24117,44,440.0,155.49849340866288,191.78625235404897,0.0,40.0,40,11.868113777527054,1,,502.4886877828054,499.0,314.0,731.0,222100.0,81.70888043281977,0.4277772908140809,3.6850575999538764,0.13455764011750065,0.05334286274878975,13.753023936014834,10.513804764287633,0.6733269013768161,1.3080920032612644,442.5000000000002,79.34074437544398,0.8833454932178377,0.9746696035242295,3.7717216372084694
ID24165,24165,44,446.0,154.6988888888889,191.20888888888888,0.0,41.0,41,11.96826841204298,1,,501.97104677060133,492.0,249.0,732.0,225385.0,91.63861260709709,0.43378381320355613,3.314513768728353,0.20718513278782866,0.3653557373543866,14.61068991891756,10.248163734621723,0.7673512302119626,1.4256885718519274,449.9999999999999,80.43226060395949,0.8741014240263127,0.9836065573770489,3.7916131266148905
ID23992,23992,44,349.0,156.88960419647114,197.2038626609442,0.0,36.0,36,10.547478619140922,1,,568.3048433048433,558.0,361.0,832.0,199475.0,98.32218731971194,0.44404057521273127,3.5547010430950543,0.002391515598979935,-0.5259783966889674,12.632749372321308,9.561512400183632,0.9553829416414282,1.3212082820787527,349.5000000000001,70.74871569567101,0.8774450395006976,0.980364656381487,3.7843820202150185
ID23865,23865,44,172.0,156.17729468599032,200.27777777777777,0.0,32.0,32,7.410023978821114,1,,802.9190751445087,792.0,481.0,1131.0,138905.0,160.64272917361984,0.4548477781751211,3.1252820675556237,0.31906400851114464,0.006557209265878046,9.125690446430726,6.477553921960511,1.5101509905666115,1.4088173647605429,172.5,50.49035811023505,0.8503193487517414,0.9773371104815864,3.8442701665754324
ID24106,24106,44,397.0,156.39083333333335,195.6025,0.0,37.0,37,11.283791670955125,1,,533.6633416458853,527.0,293.0,808.0,213999.0,98.95877362723067,0.4215648922977494,3.1984591542578453,0.07200452467006248,-0.12523098711449288,12.737873656627208,10.286208557465791,0.8010930376831691,1.2383448756132778,399.9999999999999,74.98616711388779,0.8939382998566561,0.9744214372716198,3.74930835569439
ID24043,24043,44,426.0,156.1717467760844,194.20847987495117,0.0,38.0,38,11.651573561428807,1,,512.3098591549295,504.0,315.0,797.0,218244.0,85.67084889054843,0.4252077589016424,3.5682283695683323,0.05661104188462667,-0.08948982478758802,13.356064641478705,10.486404924451502,0.7452632536098549,1.2736552457874215,426.50000000000006,76.54491655348072,0.914736885270892,0.9861271676300579,3.7064388226469096
ID24044,24044,44,440.0,155.46140749148694,193.54048429814603,0.0,39.0,39,11.84126280697966,1,,505.8325791855204,502.0,299.0,742.0,223578.0,83.04518359878735,0.42361091308524346,3.6249179015581725,0.1484263892737518,0.10111830870866577,13.757312830925452,10.642876176561932,0.7795392714942665,1.2926311086116202,440.5,78.68082125489784,0.8941657034123883,0.9767184035476717,3.748831564723882
ID23919,23919,44,206.0,156.94309927360774,198.18765133171914,0.0,34.0,34,8.107465170875098,1,,730.252427184466,700.0,501.0,1039.0,150432.0,123.36969770228507,0.4673008501596603,3.7702652581507072,-0.25529449538302784,0.3432620421812067,9.116240058330826,7.867640920435895,1.199289175472039,1.1587005749908772,206.5,54.10500959726407,0.8864514672501765,0.9672131147540982,3.7651081058215556
ID23921,23921,45,269.0,170.0848938826467,221.64669163545568,0.0,34.0,34,9.218933756735217,1,,668.320895522388,659.0,380.0,942.0,179110.0,123.38591453772642,0.5019249110365832,3.6202618284961536,0.11471811485846253,0.12057458194293831,13.705799389551661,6.799428735779207,2.888846435851531,2.0157280739528174,267.0,68.14604599143985,0.7225032439229804,0.956989247311828,4.170470286788608
ID24050,24050,45,391.0,162.567094017094,224.5179487179487,0.0,39.0,39,11.141851534268367,1,,546.8788659793814,552.0,295.0,742.0,212189.0,89.55201896106347,0.4551749568435507,3.8204005797593106,-0.12410799900536858,0.14544012476496518,17.10085894182657,7.782702083691233,-0.17013333309764694,2.197290704170942,390.0,84.30832449159797,0.6894988628373311,0.9558823529411765,4.269117959275266
ID23891,23891,45,227.0,169.37298091042584,221.66005873715125,0.0,33.0,33,8.500373177909337,1,,731.8464912280701,726.0,447.0,1069.0,166861.0,132.9670163332554,0.5093957927697023,3.71499544459651,-0.4068007695818283,-0.061830864880000114,12.938538619999774,6.103961412595859,2.95785227726783,2.1196953495315993,227.0,64.20289739840646,0.6920324602859003,0.9284253578732107,4.261295967558357
ID23960,23960,45,311.0,167.02871712292,224.04052603327963,0.0,35.0,35,9.941590398928483,1,,616.0032362459547,616.0,356.0,867.0,190345.0,113.25922738079801,0.48877229371317615,3.5712289753763065,-0.3123687633604004,-0.03555119252059919,14.42256223860021,7.0502080672539655,-0.19556223496542002,2.0456931343045817,310.49999999999994,77.49831170283488,0.6496612830316152,0.8973988439306356,4.398062930654357
ID24168,24168,45,416.0,162.82614770459082,225.81377245508983,0.0,41.0,41,11.527982368208784,1,,527.8729016786571,537.0,253.0,780.0,220123.0,90.55231519930483,0.44838044834950597,3.609306954948837,-0.48974548723449435,-0.014603672648743555,18.331502075927943,7.790100197256946,-0.26434113499926576,2.353179241825778,417.5,88.56945521167805,0.6688032843089031,0.9542857142857144,4.334666939527304
ID23994,23994,45,326.0,165.33819764464926,223.88812083973372,0.0,36.0,36,10.178893257757636,1,,598.2923076923076,608.0,306.0,839.0,194445.0,108.6074200959816,0.4769154357896234,3.5577028104273243,0.7646533388767115,0.2917247340944861,16.20563451879134,7.456016665465387,-0.17494607853632724,2.173497625595747,325.5,80.20166773519684,0.6359076630276471,0.905424200278164,4.4453698819241145
ID24122,24122,45,375.0,163.1587196467991,224.64790286975716,0.0,40.0,40,10.961842091290176,1,,554.952380952381,558.0,312.0,784.0,209772.0,96.24018283817064,0.4596571936732715,3.6317208935497676,-0.12383089527521184,0.16419625181889405,17.13942600406425,7.350687072965154,-0.2125937794399546,2.331676730886936,377.50000000000006,84.41876480522741,0.6656544401345426,0.9473023839397744,4.344907303209614
ID23868,23868,45,148.0,168.5307167235495,222.18600682593856,0.0,32.0,32,6.828791864299669,1,,869.5637583892617,874.0,567.0,1141.0,129565.0,139.20499768461502,0.471140972595939,4.001042662260729,-0.08933151730144004,-0.12226749725249636,10.56349903776659,4.72329690514038,-0.09591157845936898,2.2364672917915236,146.50000000000003,53.83736536258015,0.6351552487788051,0.8932926829268294,4.448002127875305
ID24111,24111,45,356.0,163.52350728725906,223.22402444757876,0.0,37.0,37,10.622657607781294,1,,568.4774011299435,572.0,320.0,822.0,201241.0,103.00488614622745,0.4619373208726055,3.487704423033234,-0.06626508162187894,0.09708885399546684,16.977721507696135,7.381801984866173,-0.24906516164507705,2.29994268912971,354.5,82.61287658357627,0.6527255522975084,0.9341238471673253,4.387727267160328
ID24047,24047,45,374.0,162.8065595716198,224.11088799643017,0.0,38.0,38,10.903611442528838,1,,554.5401069518716,555.0,336.0,775.0,207398.0,94.80255902016239,0.4599570678733972,3.685701071479791,0.23451798539617955,-0.5128408323508883,16.489865928645077,8.373379793720975,-0.25959699179566187,1.969320195055584,373.5,81.71530570508922,0.7029001736440186,0.9467680608365019,4.228225165417246
ID23831,23831,46,213.0,233.28399378399376,3.64996114996115,0.0,33.0,33,8.263018249188557,1,,1207.120930232558,1178.0,732.0,1774.0,259531.0,246.28246126775363,0.33595683520263564,2.4651215930125887,0.13760476927284265,-0.7734078497701915,11.21009383888649,7.261099504071445,-0.0052579327139323905,1.5438562482996914,214.50000000000003,60.11417681375127,0.7459047139104011,0.9683972911963885,4.1045283162961805
ID23943,23943,46,171.0,231.96296296296296,2.615009746588694,0.0,35.0,35,7.377736139048903,1,,1292.8713450292398,1310.0,814.0,1752.0,221081.0,233.06958276308114,0.33381204553005295,2.7765600829888,-0.08306108110680469,-1.0532502969337816,10.987066845813771,6.478729298618881,0.08285322875457586,1.695867559732117,171.00000000000003,54.79354980186459,0.7157265045422733,0.9941860465116282,4.190167479722646
ID23816,23816,46,469.0,235.51421464108032,7.518834399431415,0.0,32.0,32,12.218319713454786,1,,898.7164179104477,924.0,462.0,1256.0,421498.0,175.60288875063685,0.395584766035643,2.901378267420006,0.10866565259288495,-0.9760694497378086,14.350222979865269,11.74838539238997,-0.15891822823379634,1.221463418212399,469.0,81.9428706994515,0.8777288184011603,0.989451476793249,3.783770205629942
ID23883,23883,46,183.0,232.44429223744294,3.697260273972603,0.0,34.0,34,7.621781565260304,1,,1186.4863387978141,1160.0,729.0,1764.0,217127.0,254.40669737546014,0.3297887467088649,2.3132223325805086,-0.22092259994226923,-1.2497745983382167,11.516585140762135,6.868151740163189,0.06806237111357913,1.6768099448671323,182.5,57.09807649252642,0.7034444000349411,0.9945504087193461,4.2265892458171255
ID23953,23953,47,131.0,8.452380952380953,106.94658944658946,0.0,35.0,35,6.420368389804504,1,,1615.8828125,1584.0,889.0,2330.0,206833.0,375.5077742486318,0.4796995120668923,2.79008009377369,0.1930860039347047,0.06653359242481555,9.136375703938453,5.161818422168161,2.2293861582749557,1.7699916883362252,129.49999999999997,48.030966859880934,0.7054024672645215,0.9024390243902437,4.220719052991512
ID24097,24097,47,66.0,0.8308080808080809,110.27525252525253,0.0,37.0,37,4.583497844237541,1,,1490.3484848484848,1513.0,1114.0,1850.0,98363.0,188.4201926484234,0.33866311542053706,4.002091230450019,-0.11503513839599068,0.24902131337604771,7.916072056128911,3.525214883909117,-1.5659869283780012,2.2455573112044633,66.0,37.16381636729204,0.6005002445319597,0.9635036496350365,4.574549567132107
ID24161,24161,47,84.0,2.8006134969325154,108.89877300613497,0.0,41.0,41,5.093354074083103,1,,1239.9634146341464,1272.0,868.0,1526.0,101677.0,154.3642833634769,0.29753638846372366,3.6839403289036143,-0.20502618456890895,0.03403096398175186,6.510892056568743,4.957984605168994,2.2595468916047285,1.3132134476135224,81.5,37.24693299146956,0.7382210717249335,0.9532163742690057,4.125833646597869
ID24035,24035,47,101.0,1.8399668325041458,109.51492537313433,0.0,38.0,38,5.655982988081821,1,,1434.2424242424242,1498.0,873.0,1730.0,141990.0,201.76148228251742,0.3560280353886265,3.73275795490713,-0.08890687748333592,0.7612278154786565,8.988487233021635,4.574935901056003,1.6687686768851528,1.9647241901131074,100.5,43.304397153232145,0.6734601947193617,0.9757281553398058,4.319654045486186
ID23988,23988,47,147.0,3.9166666666666665,109.22522522522523,0.0,36.0,36,6.863662517577697,1,,1349.5724137931034,1325.0,693.0,1923.0,195688.0,309.8876531374715,0.32045439647816837,2.1138041316464378,0.10884480374672739,0.08703546848948049,8.844177675564374,5.746594640669167,1.9133523052112378,1.5390293258155594,147.99999999999997,47.18093601319168,0.8354846484349678,0.9866666666666667,3.878249050343787
ID24036,24036,47,79.0,1.9339622641509433,108.91090146750523,0.0,39.0,39,5.0304707485096625,1,,1320.126582278481,1369.0,855.0,1516.0,104290.0,148.97258111930833,0.31197377622785255,4.214365176620932,-0.063879781834609,0.25301238382978947,7.186009885444903,4.347287251252885,-1.3171173091204489,1.6529871320037341,79.50000000000001,36.29184077389657,0.7585059625536331,0.9814814814814816,4.070290745348692
ID24110,24110,47,82.0,2.0622489959839356,109.62248995983936,0.0,40.0,40,5.140011726956917,1,,1270.313253012048,1302.0,854.0,1501.0,105436.0,158.3275339066058,0.3114540931800139,3.810880471504194,-0.032002374865492914,0.2869337725116902,6.834254965215337,4.941443224182799,-1.5025171142795715,1.383048363637845,83.0,35.81901668815179,0.8129440143896266,1.0,3.9316478603333502
ID24016,24016,48,178.0,233.26365348399244,12.819209039548022,0.0,38.0,38,7.506054213402069,1,,987.3163841807909,983.0,687.0,1364.0,174755.0,162.2138789195434,0.4917273085906255,4.012667901690331,-0.01964338515052504,-0.04899744626542882,9.76086439001191,6.0611494879444665,0.07063436431987594,1.610398227172275,177.0,51.19820437946268,0.8485426402474361,0.9779005524861877,3.848292696270016
ID24096,24096,48,319.0,228.90550363447562,16.364485981308412,0.0,40.0,40,10.108287365572707,1,,729.601246105919,739.0,363.0,990.0,234202.0,118.44485741661546,0.5195005799359708,4.211962731614741,0.14128804961180902,0.4864015690592325,11.820310790554643,9.42752633423077,2.7415862152973967,1.2538083025698714,321.0,68.3576734888888,0.8632574791617411,0.9786585365853658,3.815353278275602
ID24017,24017,48,304.0,230.98111658456486,16.29146141215107,0.0,39.0,39,9.84506781809878,1,,774.9147540983606,777.0,438.0,1095.0,236349.0,149.55185009596784,0.541270500751376,3.6393818746517375,-0.015258153190382876,0.137130681726659,11.094556825594063,8.972517320028665,2.96592353408165,1.2365043643692424,304.50000000000006,65.1892781253329,0.9004193454008361,0.9759615384615388,3.7357905863987217
