LABEL,TRACK_INDEX,TRACK_ID,NUMBER_SPOTS,NUMBER_GAPS,NUMBER_SPLITS,NUMBER_MERGES,NUMBER_COMPLEX,LONGEST_GAP,TRACK_DURATION,TRACK_START,TRACK_STOP,TRACK_DISPLACEMENT,TRACK_X_LOCATION,TRACK_Y_LOCATION,TRACK_Z_LOCATION,TRACK_MEAN_SPEED,TRACK_MAX_SPEED,TRACK_MIN_SPEED,TRACK_MEDIAN_SPEED,TRACK_STD_SPEED,TRACK_MEAN_QUALITY,TOTAL_DISTANCE_TRAVELED,MAX_DISTANCE_TRAVELED,CONFINEMENT_RATIO,MEAN_STRAIGHT_LINE_SPEED,LINEARITY_OF_FORWARD_PROGRESSION,MEAN_DIRECTIONAL_CHANGE_RATE
Label,Track index,Track ID,Number of spots in track,Number of gaps,Number of split events,Number of merge events,Number of complex points,Longest gap,Track duration,Track start,Track stop,Track displacement,Track mean X,Track mean Y,Track mean Z,Track mean speed,Track max speed,Track min speed,Track median speed,Track std speed,Track mean quality,Total distance traveled,Max distance traveled,Confinement ratio,Mean straight line speed,Linearity of forward progression,Mean directional change rate
Label,Index,ID,N spots,N gaps,N splits,N merges,N complex,Lgst gap,Duration,Track start,Track stop,Track disp.,Track X,Track Y,Track Z,Mean sp.,Max speed,Min speed,Med. speed,Std speed,Mean Q,Total dist.,Max dist.,Cfn. ratio,Mn. v. line,Fwd. progr.,Mn. γ rate
,,,,,,,,,(s),(s),(s),(µm),(µm),(µm),(µm),(µm/s),(µm/s),(µm/s),(µm/s),(µm/s),(quality),(µm),(µm),,(µm/s),,(rad/s)
Track_0,0,0,64,0,0,0,0,0,56709.638999999996,0.0,56709.638999999996,3.2736732306267333,59.63596834351836,35.51753327480781,0.0,4.7708903151125404E-4,0.0015407967509440499,1.5451463682588238E-4,3.919463242764479E-4,2.86251318530477E-4,437.0,27.055546747862845,4.250368745592766,0.12099822861222811,5.772692770318523E-5,0.12099822861222814,0.00209756087939173
Track_1,1,1,135,0,0,0,0,0,120620.502,0.0,120620.502,5.323322214910248,65.38247329863538,33.25344976005208,0.0,4.145603104776812E-4,0.0027851144170286148,2.5311610793771567E-5,2.923981869094161E-4,4.264950183944646E-4,525.6962962962963,50.00447275909375,7.330455690945432,0.1064569211749594,4.4132814294789194E-5,0.10645692117495939,0.001937104698378666
Track_2,2,2,101,0,0,0,0,0,90015.29999999999,0.0,90015.29999999999,5.896449552771063,152.60903382162797,150.47256849321852,0.0,3.8376911489720384E-4,0.0017105656585813137,5.2140103550566524E-5,3.134111976829068E-4,2.8677236185444183E-4,382.6732673267327,34.54509200820626,8.506176941723112,0.17068848887044066,6.550497029695022E-5,0.1706884888704406,0.0018501443906881342
Track_3,3,3,5,0,0,0,0,0,3600.6119999999996,0.0,3600.6119999999996,1.089654434094573,8.673282666823223,87.26954131780664,0.0,4.946641611071696E-4,6.473050983653588E-4,2.5528255741719553E-4,5.613297547516217E-4,1.6877017690301621E-4,270.4,1.781093714452408,1.089654434094573,0.6117895006044554,3.0263034009067716E-4,0.6117895006044554,0.001936612916568576
Track_4,4,4,308,0,2,0,0,0,215136.56699999998,0.0,215136.56699999998,6.338973194843957,76.74755247300078,46.179832507986156,0.0,4.29205512319948E-4,0.00281027679773692,1.2771489210282356E-5,3.369618592113547E-4,4.0211640434784085E-4,581.4935064935065,118.6096432661209,12.612724120142063,0.05344399511110065,2.9464880300167465E-5,0.06864981798789921,0.002025290763856719
Track_5,5,5,69,0,0,0,0,0,61210.403999999995,0.0,61210.403999999995,2.986080661734752,6.471813339088928,94.35384186377242,0.0,4.4592946222485514E-4,0.0022440406118058543,6.1030371107832436E-5,3.221481993729264E-4,4.0066202007209696E-4,546.8840579710145,27.2955225382861,5.095074851687609,0.10939818637090835,4.87838744167536E-5,0.10939818637090827,0.0017512428670582096
Track_6,6,6,240,0,0,0,0,0,215136.56699999998,0.0,215136.56699999998,9.462461141838448,142.04537297053454,149.0753024832774,0.0,5.011642179727423E-4,0.0031108361319680043,2.8658390229077586E-5,4.2497189801771613E-4,3.910104389969149E-4,465.4625,107.8187493578956,9.462461141838448,0.08776266835027528,4.398350905096691E-5,0.0877626683502754,0.0020941707454906464
Track_7,7,7,396,0,2,0,0,0,215136.56699999998,0.0,215136.56699999998,9.006107300988788,92.2865038753717,38.47879980731108,0.0,2.680737864736069E-4,0.0024377102351415894,1.5232134075533359E-5,1.9670198696680445E-4,3.044884921769248E-4,423.8863636363636,95.31643213065269,9.362319316433428,0.09448640805862188,4.1862280441561514E-5,0.15615954469939583,0.0018917967265650016
Track_8,8,8,238,0,0,0,0,0,213336.26099999997,0.0,213336.26099999997,7.015918765287914,85.19748088064964,43.84369149007251,0.0,2.732475310935324E-4,0.0023489932747624348,4.5231405094002775E-6,2.302566566840917E-4,2.482958832448798E-4,384.47899159663865,58.293606610975374,7.276036925666215,0.120354858331359,3.2886667894155675E-5,0.1203548583313589,0.0020643423882187447
Track_9,9,9,243,0,3,0,0,0,210635.80199999997,0.0,210635.80199999997,2.9819640406265764,81.49337822589064,101.35280597610385,0.0,3.5538357669873377E-4,0.003013343890110713,8.375288656591167E-6,1.572997885720806E-4,4.803293191047419E-4,484.8847736625514,77.41570143729506,4.241818914720579,0.038518853220517534,1.4156966727938193E-5,0.03983573709130446,0.0018755873870610566
Track_10,10,10,270,0,1,0,0,0,186331.67099999997,0.0,186331.67099999997,6.766059506794861,68.1361589809208,46.967278975485605,0.0,3.723363401552002E-4,0.0025453971894763205,7.0739590330301394E-6,2.96876094726332E-4,3.3053846145687847E-4,398.7185185185185,90.15795219832569,8.20121789657074,0.07504673011994734,3.6311913430942516E-5,0.09752449469693636,0.0019171396370457484
Track_11,11,11,125,0,0,0,0,0,111618.972,0.0,111618.972,6.56605664604627,11.014845792971167,101.73145094295586,0.0,4.1312430266860373E-4,0.002153658934368352,2.2068738441812234E-5,3.127915646592341E-4,3.8227783558582025E-4,391.768,46.112509972086386,6.56605664604627,0.14239208947899276,5.882563267153429E-5,0.1423920894789927,0.0019637071036348723
Track_12,12,12,38,0,0,0,0,0,33305.661,0.0,33305.661,3.141479892864368,9.300552555589444,150.82017345151795,0.0,3.3094109914444007E-4,8.86534181354344E-4,5.165403772890737E-5,2.8784722638862013E-4,2.2305909078545452E-4,477.4736842105263,11.022212059072112,3.141479892864368,0.2850135595312461,9.43227006623399E-5,0.28501355953124613,0.001780871135398029
Track_13,13,13,240,0,0,0,0,0,215136.56699999998,0.0,215136.56699999998,15.384251190421901,54.17765102643748,45.16669954797682,0.0,4.1437999002834325E-4,0.0023467938420317965,2.8025855932660598E-5,3.2215944945599643E-4,3.298897662767804E-4,491.2291666666667,89.14828848819201,16.60959490519837,0.17256922652485468,7.150923436656821E-5,0.17256922652485474,0.0017335396319426686
Track_14,14,14,240,0,0,0,0,0,215136.56699999998,0.0,215136.56699999998,0.7752271864483095,32.54863804253527,105.22241961884002,0.0,3.5841947125712383E-4,0.0016619207887334612,8.49720435703708E-6,2.133633935096353E-4,3.4259089894005915E-4,472.3833333333333,77.10913459221277,3.760873996281178,0.01005363619431153,3.60341896897662E-6,0.010053636194311526,0.0021690306262523535
Track_15,15,15,49,0,0,0,0,0,43207.344,0.0,43207.344,0.5418924741442493,2.2818094645495233,105.16247827249832,0.0,3.912358027077553E-4,0.0012922223819698375,2.496705846222933E-5,3.5103498816335953E-4,2.4340263576819307E-4,237.6326530612245,16.904259912710113,1.3603052267386797,0.0320565630759621,1.2541675187075821E-5,0.0320565630759621,0.0019975538713683646
Track_16,16,16,106,0,0,0,0,0,94516.06499999999,0.0,94516.06499999999,3.1115989186042827,159.18064721229774,154.32010100787295,0.0,1.8132096205951686E-4,6.815879592801567E-4,3.538763306979135E-5,1.3981723796349882E-4,1.341734013922103E-4,214.06603773584905,17.137743835879828,3.3589241000386907,0.18156409317367636,3.2921376049714756E-5,0.18156409317367636,0.0019348796711957511
Track_17,17,17,345,0,1,0,0,0,215136.56699999998,0.0,215136.56699999998,7.521390340537621,99.94499605339466,47.100350302974064,0.0,3.6475373715226105E-4,0.00248715362840911,1.8285207740514954E-5,3.1342915658161876E-4,2.8432525940919664E-4,406.42028985507244,112.9469547410338,7.997762238084854,0.06659223666350951,3.496100381920485E-5,0.09584824021860783,0.0018850657346985123
Track_18,18,18,473,0,3,0,0,0,215136.56699999998,0.0,215136.56699999998,14.79370349797957,110.30323873615707,38.92883200797972,0.0,4.19404930838624E-4,0.0036543322901092354,1.659659859434194E-5,3.552255163242882E-4,3.5993180779214255E-4,506.262156448203,178.19350236673287,16.03811053440802,0.08302044295382469,6.876424451813238E-5,0.1639566906870512,0.0018122677798172444
Track_19,19,19,139,0,3,0,0,0,119720.34899999999,0.0,119720.34899999999,8.646395368682311,122.34751838184776,50.20737326168154,0.0,4.668350047955272E-4,0.003128420268691311,8.298816835560194E-6,3.0356983972908353E-4,5.770360000002221E-4,596.410071942446,57.99076434989569,9.853390068807077,0.14909952413306765,7.22216017653132E-5,0.154704769401228,0.0019447638145532722
Track_20,20,20,240,0,0,0,0,0,215136.56699999998,0.0,215136.56699999998,7.427514933352397,70.15753767523626,109.2830743065505,0.0,4.3137630855602835E-4,0.0019294044898885442,7.4994440057101744E-6,2.7674153997092263E-4,4.391044576332077E-4,485.96666666666664,92.8048181078767,10.220555842425147,0.08003372114493693,3.452465118750546E-5,0.08003372114493697,0.0017104866211140259
Track_21,21,21,215,0,9,0,0,0,176429.98799999998,0.0,176429.98799999998,6.858333888712062,112.59897431503836,51.55607466861714,0.0,9.187215668645906E-4,0.004462553118590414,1.5220483775074413E-5,4.6806369350411384E-4,0.0010427993400914295,765.6325581395349,176.97585455966248,8.113212030834323,0.03875293556726387,3.8872835431537083E-5,0.04231187862956363,0.0020253799190778506
Track_22,22,22,26,0,0,0,0,0,22503.824999999997,0.0,22503.824999999997,0.092534578113931,12.073438422552446,109.24011778100281,0.0,6.619606114101372E-4,0.0016283215441974409,9.889582209722032E-5,4.971356765353537E-4,4.8084398812760275E-4,394.0,14.896645756066727,1.7773522008191065,0.006211772745971748,4.111948884864285E-6,0.006211772745971747,0.002316638056380716
Track_23,23,23,101,0,0,0,0,0,90015.29999999999,0.0,90015.29999999999,6.742164631737542,150.31111734139242,158.907047560742,0.0,4.707969469575009E-4,0.0019845875882754716,5.733465820547951E-5,4.1973172603452006E-4,3.173394232362551E-4,316.9009900990099,42.37892841946351,6.742164631737542,0.1590923811240363,7.49002073173954E-5,0.15909238112403623,0.0021548948808693446
Track_24,24,24,55,0,0,0,0,0,48608.261999999995,0.0,48608.261999999995,2.2363109169321054,104.60217593001629,54.823722217296954,0.0,2.978495470403121E-4,8.802740663132052E-4,4.9579679912729004E-5,2.8012617230191276E-4,1.842989516665477E-4,429.03636363636366,14.477948819116811,2.2820924941621925,0.1544632423330065,4.600680676326394E-5,0.15446324233300646,0.002238011908435591
Track_25,25,25,53,0,0,0,0,0,46807.956,0.0,46807.956,5.357469862103521,94.39942998075033,55.922521100092524,0.0,3.4644497145024154E-4,8.911405657966346E-4,5.122925648448138E-5,3.1225174008490627E-4,1.9153079865368193E-4,434.92452830188677,16.216380980064166,6.108832786638607,0.33037395141923476,1.1445639416734029E-4,0.3303739514192348,0.0019445102550762247
Track_26,26,26,72,0,0,0,0,0,63910.86299999999,0.0,63910.86299999999,3.764993702133808,78.71802769110506,112.7161927737569,0.0,7.634125529164657E-4,0.002919534286808359,2.42780720888074E-5,5.373872939077502E-4,6.095360424784806E-4,363.44444444444446,48.79035508192446,5.885173002239743,0.07716676166451264,5.891007452260203E-5,0.0771667616645126,0.0020248407506271264
Track_27,27,27,17,0,0,0,0,0,14402.447999999999,0.0,14402.447999999999,0.5934419830760143,80.42789468988275,57.89477511881594,0.0,4.3487029352329455E-4,7.75277485143058E-4,8.756526882608061E-5,4.7402495803224E-4,2.1543826603095698E-4,474.6470588235294,6.263196789213987,1.5702696182664482,0.09475065258974395,4.120424410322567E-5,0.09475065258974397,0.001552804055319063
Track_28,28,28,25,0,0,0,0,0,21603.672,0.0,21603.672,1.9660814730285099,5.25016211547677,109.48971965954127,0.0,3.974223067654915E-4,8.784074968125417E-4,7.94921946159287E-5,3.2578162677831114E-4,2.4484190575183213E-4,284.24,8.58578116084506,1.9660814730285099,0.22899273067833437,9.100681925871259E-5,0.2289927306783344,0.0017417175343393757
Track_29,29,29,160,0,0,0,0,0,143124.327,0.0,143124.327,4.098384535007025,30.995490297261547,114.01112606594066,0.0,4.7295638063243526E-4,0.0019172105435746396,4.5040866579704095E-5,4.084720705091349E-4,3.335182441540685E-4,415.46875,67.69156367837314,4.098384535007025,0.06054498245128325,2.8635135765613242E-5,0.060544982451283265,0.0019707719141572556
Track_30,30,30,41,0,0,0,0,0,36006.119999999995,0.0,36006.119999999995,1.395038314115037,2.888197572914896,60.19629485837807,0.0,2.871326591663838E-4,9.86380041930581E-4,5.974508231311291E-5,2.880723876415627E-4,1.765716271602816E-4,413.3414634146341,10.338532981863912,1.4168732761929461,0.13493580922576198,3.87444777197609E-5,0.13493580922576198,0.002288549513449006
Track_31,31,31,254,0,1,0,0,0,215136.56699999998,0.0,215136.56699999998,4.469669860199314,120.64515980767337,60.77936365371845,0.0,4.1531544123500494E-4,0.002269585370592248,2.1994666514896856E-5,3.421479011441181E-4,3.157080245110802E-4,428.87007874015745,94.58340241462525,9.25133359291492,0.047256386914541544,2.0775965343907875E-5,0.050024543470205,0.001667442594515724
Track_32,32,32,2,0,0,0,0,0,900.1529999999999,0.0,900.1529999999999,0.33164037739982893,2.4753439643028194,115.68337880718384,0.0,3.684266756871654E-4,3.684266756871654E-4,3.684266756871654E-4,3.684266756871654E-4,NaN,324.0,0.33164037739982893,0.33164037739982893,1.0,3.684266756871654E-4,1.0,NaN
Track_33,33,33,171,0,0,0,0,0,153026.00999999998,0.0,153026.00999999998,3.583320362494412,107.22270359735553,63.40583749758386,0.0,3.2930320000720744E-4,0.0016986555189237335,2.0316156758761065E-5,3.0300208304160075E-4,2.4745838036495474E-4,428.4327485380117,50.39195477733491,4.652490510587675,0.07110897718351865,2.341641373577219E-5,0.07110897718351863,0.002066290399712993
Track_34,34,34,236,0,0,0,0,0,211535.955,0.0,211535.955,7.665157486742585,101.12648605177674,69.32294846056352,0.0,4.0676926715537087E-4,0.003447609914988454,1.4099002972676726E-5,3.4564815987626874E-4,4.0482051909286604E-4,434.02966101694915,86.04632539236134,13.368728351728667,0.08908175278595976,3.62357192976607E-5,0.08908175278595959,0.0018098402914552261
Track_35,35,35,6,0,0,0,0,0,4500.764999999999,0.0,4500.764999999999,1.7827145575479786,77.32074127289134,62.124533642516326,0.0,6.254753931586396E-4,9.733767715500913E-4,3.707153152047554E-4,5.058135937518765E-4,2.7363498817444535E-4,289.0,2.8151177578896442,2.0965311833117113,0.6332646485397443,3.9609145501886433E-4,0.6332646485397444,0.0016889792575132774
Track_36,36,36,30,0,0,0,0,0,26104.436999999998,0.0,26104.436999999998,1.6924895899456485,5.413551780310366,119.26909985717617,0.0,6.923642058042154E-4,0.0017468388973001993,5.2012213133618254E-5,5.775937995833078E-4,4.766223852147286E-4,368.8,18.073777791471176,2.6438825622962794,0.09364337713304832,6.483532243754763E-5,0.09364337713304834,0.001994150802056879
Track_37,37,37,9,0,0,0,0,0,7201.223999999999,0.0,7201.223999999999,0.888665699940534,26.189086515862115,65.08202708581788,0.0,4.182459920148649E-4,9.078970638077753E-4,6.408162230476355E-5,4.28890999894255E-4,2.527941508869494E-4,386.55555555555554,3.0118830756012533,1.1629595535630317,0.2950531868715163,1.2340481284022468E-4,0.2950531868715164,0.0014600879965433902
Track_38,38,38,79,0,0,0,0,0,70211.934,0.0,70211.934,0.7774343289765093,159.18381616949077,129.00636377636553,0.0,3.43349442125265E-4,0.001544994916820646,2.1632745088854204E-5,2.8611470705215496E-4,2.662707630278333E-4,319.2911392405063,24.107228369435912,1.6501394307731263,0.03224901332756158,1.1072680735108499E-5,0.03224901332756156,0.002094015995955335
Track_39,39,39,184,0,0,0,0,0,164727.99899999998,0.0,164727.99899999998,12.86563522221928,4.6320459571329975,4.602112061949287,0.0,4.2022597440066826E-4,0.002179714568085689,1.8937612945764113E-5,3.289104136788407E-4,3.6915539437276505E-4,515.5163043478261,69.22298389084727,13.091362818940027,0.1858578538380572,7.810229772911453E-5,0.1858578538380571,0.0019676434628368824
Track_40,40,40,90,0,1,0,0,0,72912.393,0.0,72912.393,1.187215915800676,77.34152861529508,65.47490252662219,0.0,4.76824673401653E-4,0.002663586429255044,4.7283522289325464E-5,3.2183537650255594E-4,4.735493029631579E-4,401.23333333333335,38.20014926105013,5.461544694922107,0.031078829239319032,1.6282772611792842E-5,0.034148343238264135,0.001973774387581052
Track_41,41,41,240,0,0,0,0,0,215136.56699999998,0.0,215136.56699999998,13.57503430488391,120.3887195213255,68.73462389518082,0.0,4.031470060533644E-4,0.001967764581904658,3.1366319673450225E-5,3.407904989190918E-4,2.7400276239834907E-4,427.73333333333335,86.73166287864895,14.797472603159122,0.1565176298288837,6.309961386008317E-5,0.15651762982888356,0.0018755312029349307
Track_42,42,42,352,0,1,0,0,0,215136.56699999998,0.0,215136.56699999998,23.192255937306353,92.30953354984275,75.94598083979362,0.0,3.625006725693631E-4,0.002537069987127631,4.357913986824695E-6,2.891243589135879E-4,3.160089012652712E-4,394.71875,114.5334298382808,23.192255937306353,0.20249333290772323,1.0780248221264196E-4,0.29738560606950154,0.0018616827208715432
Track_43,43,43,17,0,0,0,0,0,14402.447999999999,0.0,14402.447999999999,1.940020338135858,16.86390322891406,1.1287359647848991,0.0,4.8786378183052377E-4,8.641027018367379E-4,1.0083651891163841E-4,4.0437770134310873E-4,2.4829758703833333E-4,183.52941176470588,7.026432748897462,2.325495848632536,0.27610316749139485,1.347007354677384E-4,0.27610316749139485,0.0023799735125556165
Track_44,44,44,240,0,0,0,0,0,215136.56699999998,0.0,215136.56699999998,4.620203839258154,151.89293578377013,132.39909576437003,0.0,4.0356902075076845E-4,0.0038342185018684378,1.6879313293235605E-5,3.064862007652171E-4,3.99400077334149E-4,415.4458333333333,86.8224536718721,8.334298290585094,0.05321438918000728,2.1475678931225828E-5,0.05321438918000729,0.0017064086429497492
Track_45,45,45,86,0,0,0,0,0,76513.00499999999,0.0,76513.00499999999,3.470195147743724,30.476803008040083,2.9244135627932466,0.0,3.85967996120767E-4,0.001943375948920991,6.610448961813422E-6,3.573027555380625E-4,2.755031213577564E-4,447.22093023255815,29.531571217028233,4.004885814244949,0.11750797552359052,4.535431784104838E-5,0.11750797552359055,0.0021817086676496076
Track_46,46,46,95,0,0,0,0,0,84614.382,0.0,84614.382,3.864547984089646,150.41152305618382,5.076561884291315,0.0,3.4654130716129576E-4,0.0019072374976844301,2.6402227305270203E-5,2.9282227313062444E-4,2.7868184046083783E-4,349.86315789473684,29.32237854292521,5.470077505296958,0.13179517406585248,4.5672471898331025E-5,0.13179517406585248,0.001966698212825521
Track_47,47,47,295,0,2,0,0,0,215136.56699999998,0.0,215136.56699999998,4.102217356029066,92.11294534972893,5.5608335141946625,0.0,4.3889826961222194E-4,0.0036883222385167436,2.5013376772067443E-5,3.1372875857573005E-4,4.193529702088912E-4,422.6,116.15222466135769,6.238200945034329,0.03531759609416951,1.906796884059727E-5,0.043445076366886375,0.002000050595051176
Track_48,48,48,192,0,1,0,0,0,106218.05399999999,0.0,106218.05399999999,5.36872168992877,8.050450623091168,68.67509354953494,0.0,3.208538275577972E-4,0.0025470527049424006,1.5037647380022796E-5,2.4143911398473154E-4,3.251838293137494E-4,419.0885416666667,55.16414926858804,7.7886875842000025,0.09732265902967284,5.054434239520873E-5,0.1575307447005721,0.001891769222754604
Track_49,49,49,102,0,0,0,0,0,90915.453,0.0,90915.453,6.165575574274587,144.58627547488956,129.18029665157044,0.0,2.6144351397693933E-4,0.002432643403814896,2.2283809759859687E-5,1.9463323846686858E-4,2.723583201972361E-4,412.77450980392155,23.76925550712527,6.9214276114858295,0.2593928771738914,6.781658530893079E-5,0.2593928771738914,0.001741966287076242
Track_50,50,50,176,0,0,0,0,0,157526.775,0.0,157526.775,4.491079069069949,17.746010981875738,5.08646558726015,0.0,3.878319917709112E-4,0.002528706229859627,2.7113812752266458E-5,3.018407021347547E-4,3.369876645401053E-4,516.2045454545455,61.093922905498225,4.81813061665976,0.07351106060118082,2.8509941050148137E-5,0.07351106060118087,0.002054616021813258
Track_51,51,51,40,0,1,0,0,0,33305.661,0.0,33305.661,2.3266666214630143,24.81269299788843,71.6726487287273,0.0,5.356910770775155E-4,0.002148996268868657,2.71862714825443E-5,3.6978823470077673E-4,4.968945879099134E-4,273.45,18.805953274077716,2.6272325108630974,0.12371968533337319,6.98579926536517E-5,0.1304072358919339,0.002003633701887374
Track_52,52,52,51,0,0,0,0,0,45007.649999999994,0.0,45007.649999999994,4.2058024569209715,108.57714061603579,73.2377270321313,0.0,4.602578111619613E-4,0.0012195111936105637,4.787701150604561E-5,3.842353949676523E-4,2.969065228991967E-4,494.2549019607843,20.715122474543648,4.619783822864354,0.20303053781552044,9.344639093400727E-5,0.20303053781552047,0.0019720673056649813
Track_53,53,53,383,0,1,0,0,0,215136.56699999998,0.0,215136.56699999998,2.6580132192942196,67.99538869586772,7.954675897566157,0.0,3.392111629430583E-4,0.0020385362384700107,3.012605527307204E-6,2.8151161754718886E-4,2.756518454675521E-4,398.12271540469976,116.6406233554528,10.18014251360837,0.02278805739227011,1.2355004341471247E-5,0.03642275281944427,0.0018982496031843402
Track_54,54,54,91,0,1,0,0,0,80113.617,0.0,80113.617,1.7780521772502955,155.05748241163747,137.3538095787808,0.0,4.1708786972939984E-4,0.0034421766872614517,4.024974378296589E-5,2.812593389415263E-4,4.8768568969119073E-4,304.84615384615387,33.789860748047545,5.738255702818434,0.05262087910063481,2.2194131832173993E-5,0.05321212493322619,0.002230516309992488
Track_55,55,55,58,0,0,0,0,0,51308.721,0.0,51308.721,2.550373358495234,23.65220903097695,12.63309170159604,0.0,4.899315679767788E-4,0.0014490139681830464,5.4939369221884285E-5,3.937695226988681E-4,3.2315894820408804E-4,561.5344827586207,25.13776213041307,3.505894802728519,0.10145586330493794,4.970643018942597E-5,0.10145586330493792,0.002164075649803688
Track_56,56,56,2,0,0,0,0,0,900.1529999999999,0.0,900.1529999999999,0.8226929874619889,1.238670016208561,73.79603284418292,0.0,9.139479482510074E-4,9.139479482510074E-4,9.139479482510074E-4,9.139479482510074E-4,NaN,129.0,0.8226929874619889,0.8226929874619889,1.0,9.139479482510074E-4,1.0,NaN
Track_57,57,57,272,0,6,0,0,0,153026.00999999998,0.0,153026.00999999998,5.555962929718291,110.31241534029252,142.2214526974581,0.0,3.210271538050723E-4,0.003101785624848109,3.8477331007211095E-6,1.0879416645658448E-4,6.572098173401032E-4,237.22426470588235,78.31183356193533,6.205583708929057,0.07094665872334845,3.63073109579103E-5,0.11309732067074957,0.0021154122124398505
Track_58,58,58,9,0,0,0,0,0,7201.223999999999,0.0,7201.223999999999,0.971685520897863,18.446664386023926,72.99271297151479,0.0,7.192860963238009E-4,0.0012549852410156136,1.2119158555499391E-4,7.963360944426726E-4,4.2481665581956934E-4,201.22222222222223,5.179740299713267,1.8109853493027894,0.18759348242838586,1.3493338367170124E-4,0.18759348242838592,0.0021168107655026767
Track_59,59,59,126,0,0,0,0,0,112519.12499999999,0.0,112519.12499999999,6.758927267257745,14.90648923800243,13.196323808514967,0.0,3.9487382163440376E-4,0.0023488082884880065,5.2011610162390794E-5,2.8588806467668115E-4,3.2172521605383056E-4,459.5952380952381,44.43085689570915,6.803346171767711,0.15212237034101583,6.006914173264097E-5,0.15212237034101575,0.001971751396424034
Track_60,60,60,240,0,0,0,0,0,215136.56699999998,0.0,215136.56699999998,7.044805346102323,43.920986031991525,13.020102550177818,0.0,4.4646560261267726E-4,0.0022261253606919644,1.3711458074712623E-5,3.8010967887815476E-4,3.1948017984033286E-4,508.0833333333333,96.05107702967757,7.5427991030090205,0.07334436597650686,3.2745736553945865E-5,0.07334436597650683,0.0021185594156096456
Track_61,61,61,47,0,0,0,0,0,41407.03799999999,0.0,41407.03799999999,1.2381669661475072,110.08092469972779,144.75792344832433,0.0,2.9400303923233525E-4,9.92313951657479E-4,2.205392438889305E-5,2.5417244450516075E-4,1.7820429477781653E-4,342.0,12.173795017608802,1.3776056800375287,0.10170755827221988,2.99023312449325E-5,0.10170755827221993,0.0024082766324480804
Track_62,62,62,71,0,0,0,0,0,63010.70999999999,0.0,63010.70999999999,0.9168579446471495,32.73601102545662,12.795782871122984,0.0,3.2284258362174197E-4,0.001011595570148182,2.541137199578909E-5,2.605923043625847E-4,2.2952239119187454E-4,433.7464788732394,20.342540412240325,1.5393449436778253,0.04507096587088338,1.4550827068083341E-5,0.04507096587088336,0.002103612304413456
Track_63,63,63,54,0,0,0,0,0,47708.109,0.0,47708.109,1.524671293455405,4.037901746030226,79.0220295352125,0.0,3.765369964567912E-4,0.0022785639198073075,1.06907948933683E-5,2.5402979739095385E-4,4.1312124123896486E-4,453.7037037037037,17.963868069493213,1.6584885469086057,0.08487433149459878,3.195832585725427E-5,0.08487433149459879,0.0019652094045995673
Track_64,64,64,155,0,0,0,0,0,138623.56199999998,0.0,138623.56199999998,7.148843773841424,72.53460043462678,15.38400651941447,0.0,3.937156371917751E-4,0.002439754846419142,2.1488842141401317E-5,3.2274894978836046E-4,3.315931807164531E-4,428.89032258064515,54.578264042623545,7.743907419956492,0.1309833483941235,5.1570192474504626E-5,0.13098334839412357,0.002006891418525436
Track_65,65,65,174,0,1,0,0,0,154826.316,0.0,154826.316,11.18120256651375,145.63607086803776,77.11693180342951,0.0,4.906759772112256E-4,0.0036745603943178213,3.670656571784168E-5,3.7913659386402954E-4,4.674966893842746E-4,455.41954022988506,76.41123735422862,11.84658716978285,0.1463292959735716,7.221771372841909E-5,0.1471800476943482,0.0016712312067210264
Track_66,66,66,259,0,1,0,0,0,215136.56699999998,0.0,215136.56699999998,6.469856327661459,25.684805535137002,23.10194053881333,0.0,4.545216780430041E-4,0.0022570069805547517,2.8709230323839245E-6,3.577927179318468E-4,3.7096551634220544E-4,472.2200772200772,105.55787543030455,8.767172343495403,0.06129202867419622,3.0073252622188862E-5,0.06616461672779336,0.001923999317700862
Track_67,67,67,37,0,0,0,0,0,32405.507999999998,0.0,32405.507999999998,0.6635522035828444,16.05205894085532,146.71462738778584,0.0,3.361660054604345E-4,9.380072816534275E-4,4.97661588363251E-5,3.0079477279316253E-4,2.063365519353666E-4,427.9189189189189,10.893630179276153,1.0557535057345069,0.0609119451149695,2.0476525274124522E-5,0.060911945114969494,0.002024442724397865
Track_68,68,68,141,0,1,0,0,0,69311.78099999999,0.0,69311.78099999999,5.47327961942582,7.638090747464977,87.00422751429029,0.0,5.406837669832442E-4,0.002369150569262207,7.42364994363349E-6,4.353309683037162E-4,4.3206891811985355E-4,393.0851063829787,68.13773608617757,9.128531336756277,0.08032670196883941,7.896607965427725E-5,0.14604854903425352,0.001750708894248541
Track_69,69,69,245,0,1,0,0,0,215136.56699999998,0.0,215136.56699999998,9.831847980707376,39.93598955695511,26.03683789993419,0.0,3.8711472220190953E-4,0.0026451639121880806,2.677240261689735E-5,3.181316410122124E-4,3.218792076794751E-4,503.130612244898,85.02484476234865,13.706493360715013,0.11563500066584291,4.5700496748687905E-5,0.11805414293918702,0.0020982594309210023
Track_70,70,70,17,0,0,0,0,0,14402.447999999999,0.0,14402.447999999999,1.486541417230313,135.41337444994357,83.27156102387471,0.0,3.034541494665276E-4,6.574524403912111E-4,8.772407512013275E-5,3.0746967294777606E-4,1.6102690427372498E-4,406.52941176470586,4.37048260807589,1.5710702402705676,0.340132097650599,1.0321449639882839E-4,0.34013209765059893,0.0018173056693978633
Track_71,71,71,131,0,0,0,0,0,117019.88999999998,0.0,117019.88999999998,2.1409561297599935,73.6203894471593,30.079072178362573,0.0,3.8069064116879925E-4,0.0023903705056213696,5.372102994181463E-5,3.2955181128932975E-4,2.862931233742281E-4,422.6106870229008,44.54837695360235,3.83804275418539,0.048059127541051024,1.8295660077615813E-5,0.048059127541051024,0.0019747357544278
Track_72,72,72,4,0,0,0,0,0,2700.459,2700.459,5400.918,1.0849735301980261,156.80940662660754,143.58290423161583,0.0,4.092034844813167E-4,6.449812946897335E-4,9.614955678727514E-5,4.8647960196694136E-4,2.824584356723963E-4,137.75,1.105037232498932,1.0849735301980261,0.9818434151259015,4.017737466845548E-4,0.9818434151259015,5.076354070771617E-4
Track_73,73,73,101,0,0,0,0,0,90015.29999999999,2700.459,92715.75899999999,1.0498155235801006,159.03357124115007,148.38406995917643,0.0,1.6964154464974788E-4,6.278503683770726E-4,1.890900933429246E-5,1.3369222298918005E-4,1.2181287332783836E-4,281.3168316831683,15.270334534110459,1.3356987332666688,0.06874869186624898,1.1662634280840042E-5,0.06874869186624902,0.0018872916732036332
Track_74,74,74,318,0,4,0,0,0,164727.999,4500.764999999999,169228.764,1.7589261211848877,18.89099472146723,76.48482015807834,0.0,5.209410666115132E-4,0.003984977136335031,3.2413824916182356E-5,3.453563288001003E-4,5.783722112264527E-4,412.0314465408805,148.64975246693652,9.329517943415606,0.01183268785850227,1.0677760501327328E-5,0.0204970603887717,0.0018624749547379827
Track_75,75,75,13,0,0,0,0,0,10801.836,6301.070999999999,17102.907,0.65684822916381,73.34338803817579,36.65365526277869,0.0,4.4364135468684233E-4,7.043723404656267E-4,2.3596468014191275E-4,4.3226156845730285E-4,1.43332068568897E-4,164.92307692307693,4.792141156145101,1.1514505417478933,0.1370677965780525,6.080894295782773E-5,0.1370677965780525,0.002129800528350673
Track_76,76,76,3,0,0,0,0,0,1800.3060000000005,9001.529999999999,10801.836,0.9769302445555632,22.62563067287145,64.83636439649999,0.0,7.192952135019481E-4,7.457636427379576E-4,6.928267842659386E-4,7.457636427379576E-4,3.7432011600277186E-5,249.0,1.2949514886388385,0.9769302445555632,0.7544145499863035,5.426467748013742E-4,0.7544145499863034,0.001592227991152551
Track_77,77,77,7,0,0,0,0,0,5400.918,9001.529999999999,14402.447999999999,0.8202402746523939,28.183899115781976,65.05563627070964,0.0,6.128548744132341E-4,0.0010236742243441045,2.533629331991237E-4,5.379271709143111E-4,2.9620007395450527E-4,248.0,3.3099789226061747,0.8202402746523939,0.2478083074941644,1.518705291678922E-4,0.24780830749416435,0.001857947684139914
Track_78,78,78,164,0,0,0,0,0,146724.93899999998,9901.682999999999,156626.62199999997,10.181623508413578,143.67380407456932,6.613264790764877,0.0,3.8130881664336487E-4,0.0016052571017067876,1.6024024992114977E-5,2.809107946680426E-4,2.9836183482695266E-4,382.2987804878049,55.9475128621599,12.977842004954727,0.1819852749039702,6.939258982015034E-5,0.18198527490397023,0.001752110067675131
Track_79,79,79,11,0,1,0,0,0,7201.224,9901.682999999999,17102.907,2.4901983314884895,158.8003309837636,141.45018034126664,0.0,9.503582526117913E-4,0.0027983704839737574,3.718436059584282E-5,5.171202081126788E-4,0.0010211900502457851,190.0,8.554678321632611,4.628705850203566,0.2910919894195682,3.458020930175883E-4,0.36386498677445994,0.0013929839463553792
Track_80,80,80,70,0,0,0,0,0,62110.557,10801.836,72912.393,3.831361492655357,63.86997160309967,14.47082584682455,0.0,4.091064491478402E-4,0.0015742065517959452,3.198984882978254E-5,3.541892184874304E-4,3.0441835872691285E-4,405.72857142857146,25.409829428864533,4.4015225416157975,0.15078265296433224,6.168615574732903E-5,0.15078265296433227,0.0018974515065301322
Track_81,81,81,48,0,0,0,0,0,42307.19099999999,10801.836,53109.026999999995,2.7884831266752,136.2329229660549,159.48977325064035,0.0,3.551927221390431E-4,9.247378851519244E-4,4.671542739615046E-5,3.2995526187501825E-4,2.1338711511943658E-4,232.20833333333334,15.027206337346417,2.7884831266752,0.18556231039066207,6.591038215406928E-5,0.18556231039066198,0.0021690619605049272
Track_82,82,82,258,0,4,0,0,0,123320.96099999998,12602.141999999998,135923.10299999997,8.189895552414354,25.119966368546574,66.49022025946851,0.0,5.733000436916148E-4,0.0055869031773672735,1.9432907412019818E-5,2.927924810648833E-4,9.3518652404847E-4,559.6395348837209,132.62684283688824,11.014452447689147,0.06175141756549793,6.641122065545983E-5,0.11584025046958352,0.0018681943324856637
Track_83,83,83,483,0,8,0,0,0,200734.11899999998,14402.447999999999,215136.56699999998,2.0558972638804995,71.52287607486849,62.909152978770386,0.0,4.7904905588546726E-4,0.0033459906679689446,8.327342899437382E-6,3.454534898988251E-4,4.996998209184695E-4,428.92753623188406,207.84680839479094,14.400786845031742,0.009891406463049757,1.0241892480074599E-5,0.021379631906681528,0.0017808858742608912
Track_84,84,84,99,0,1,0,0,0,78313.31099999999,14402.447999999999,92715.75899999999,3.7672092315088004,151.83926340917205,145.1143096803386,0.0,4.2300756186341423E-4,0.0022377138825428024,2.533903489537119E-5,3.875672009932054E-4,3.058119347565151E-4,297.57575757575756,37.315609531735696,5.537112136306162,0.10095531813047066,4.810432841370736E-5,0.11371978364121979,0.0019044161734302677
Track_85,85,85,432,0,2,0,0,0,199833.966,15302.600999999999,215136.56699999998,3.501279013667525,79.5375475556105,56.63504763848787,0.0,3.606493086930554E-4,0.0026899251292685656,1.7217150700001138E-5,2.9447222603486633E-4,2.8403529088395405E-4,374.9537037037037,139.91964913939933,8.390633730419294,0.025023497666001624,1.7520940427452286E-5,0.048581655378588745,0.001771692945204777
Track_86,86,86,223,0,0,0,0,0,199833.966,15302.600999999999,215136.56699999998,10.114412972712534,139.33836228945356,79.63976568000928,0.0,4.0465101782747285E-4,0.0027221843279767485,3.4594536554687685E-5,3.124764557804524E-4,3.816124927329406E-4,764.3721973094171,80.8630177384006,10.114412972712534,0.1250808250247796,5.06140831569771E-5,0.1250808250247796,0.0017771805736770995
Track_87,87,87,284,0,1,0,0,0,199833.966,15302.600999999999,215136.56699999998,23.139090934967218,83.83900722665658,74.4251602408009,0.0,3.9647962558160316E-4,0.002584306933623302,5.906675829690526E-6,3.4687721870056205E-4,3.2701087684472224E-4,464.46830985915494,101.00052780694232,27.622589174824544,0.22909871302055457,1.1579158137194365E-4,0.29204926029196804,0.0016854330830157421
Track_88,88,88,279,0,1,0,0,0,199833.966,15302.600999999999,215136.56699999998,9.298701977401732,133.82586939174237,91.77162717575254,0.0,4.3121773735808514E-4,0.0028504013424031235,3.65270068128964E-5,3.538758897776303E-4,3.4655724984307125E-4,400.1720430107527,107.9090193022336,13.07065727229456,0.08617168460550785,4.653213947323516E-5,0.10790868612761785,0.001964718371379509
Track_89,89,89,6,0,0,0,0,0,4500.764999999998,16202.753999999999,20703.518999999997,1.0032464610875291,67.02443680638544,9.792703568850953,0.0,5.353724613044319E-4,0.0010719644799864752,3.172390928570932E-4,3.571140995706E-4,3.1715492544765297E-4,288.1666666666667,2.4095856358028414,1.2564457750197573,0.41635642501382236,2.229057640395643E-4,0.41635642501382253,0.00251001877057916
Track_90,90,90,7,0,0,0,0,0,5400.918,16202.753999999999,21603.672,0.9611109851357196,7.932748756485357,94.06723799268539,0.0,4.687194183008984E-4,9.1419922739321E-4,7.988154262603584E-5,6.255477744061577E-4,3.180069833484278E-4,175.14285714285714,2.53151514325085,0.9611109851357196,0.3796583985278899,1.7795326371104314E-4,0.37965839852788974,0.0015899734452945972
Track_91,91,91,3,0,0,0,0,0,1800.3059999999969,18903.213,20703.518999999997,1.0414266707113033,73.47088017509839,36.26239584482906,0.0,5.976299006855694E-4,8.603674481342433E-4,3.3489235323689556E-4,8.603674481342433E-4,3.715670029465591E-4,196.0,1.0759166959836328,1.0414266707113033,0.967943591356952,5.784720323718885E-4,0.9679435913569517,6.297164844901196E-4
Track_92,92,92,219,0,0,0,0,0,196233.354,18903.213,215136.56699999998,10.774307739399454,144.11826706109636,89.87201943257074,0.0,4.88757545347313E-4,0.0031579552080535154,4.4123807476443116E-5,3.6479206675601273E-4,4.437461175161924E-4,488.1095890410959,95.9105324163103,12.514056157953787,0.11233706526236739,5.490558826915558E-5,0.11233706526236736,0.0019162038214502017
Track_93,93,93,5,0,0,0,0,0,3600.612000000001,22503.824999999997,26104.436999999998,0.7284291423208662,73.8649164169256,36.36132782293226,0.0,5.80313089067252E-4,7.290486454142738E-4,4.2301747774523875E-4,6.988035596524833E-4,1.5597955310314834E-4,179.8,2.0894822722526163,0.7284291423208662,0.3486170483445001,2.023070362263043E-4,0.34861704834449997,0.0026756453923567594
Track_94,94,94,8,0,0,0,0,0,6301.071,24304.130999999998,30605.201999999997,1.8273766911517677,129.6950154754855,159.8428793005986,0.0,3.805518248928396E-4,0.0015728112701167152,4.3631422151313915E-5,1.4347296330333698E-4,5.382599170405347E-4,141.875,2.3978840678293483,1.8273766911517677,0.7620788326126106,2.9001049046293366E-4,0.7620788326126102,0.0013276992598298162
Track_95,95,95,16,0,0,0,0,0,13502.294999999998,27004.589999999997,40506.884999999995,2.806285413942236,6.244424936107798,110.67548295023813,0.0,5.593338026645674E-4,0.001842045004418104,1.0278571865397452E-4,4.4081278787907297E-4,4.7582942118624163E-4,205.9375,7.552290007048778,3.831320803373857,0.3715807273453543,2.0783766122294293E-4,0.3715807273453545,0.0016238729041859253
Track_96,96,96,2,0,0,0,0,0,900.1529999999984,27904.743,28804.895999999997,1.5488789402851304,5.1714821697103925,119.20812546735048,0.0,0.0017206840840225308,0.0017206840840225308,0.0017206840840225308,0.0017206840840225308,NaN,268.0,1.5488789402851304,1.5488789402851304,1.0,0.0017206840840225308,1.0,NaN
Track_97,97,97,100,0,0,0,0,0,89115.14699999998,27904.743,117019.88999999998,6.069337570922954,146.06743247074692,136.30717011195247,0.0,3.8922259334811705E-4,0.002275141887010442,6.380754048454927E-5,2.949140322033667E-4,3.338049644145608E-4,391.14,34.68562862193865,7.0332161522680305,0.17498133411611574,6.810668865218789E-5,0.17498133411611566,0.0017610629411827941
Track_98,98,98,4,0,0,0,0,0,2700.458999999999,28804.895999999997,31505.354999999996,0.5371758564662201,159.5533406596403,140.81629674219786,0.0,1.9991360891102346E-4,2.2159787893940932E-4,1.6627487816492096E-4,2.1186806962874018E-4,2.9535410137021687E-5,227.5,0.5398585044062534,0.5371758564662201,0.9950308313787078,1.9892020447865357E-4,0.9950308313787081,2.2444286505646384E-4
Track_99,99,99,4,0,0,0,0,0,2700.458999999999,32405.507999999998,35105.967,0.4271838654905097,74.16272967624764,36.25155369723664,0.0,5.704895816848573E-4,6.383046324633375E-4,4.7575315100171394E-4,5.974109615895204E-4,8.455363122492455E-5,171.5,1.5405837252671075,0.5377612693076927,0.27728701691720403,1.581893542877377E-4,0.2772870169172041,0.0019802972585161445
Track_100,100,100,87,0,0,0,0,0,77413.15799999998,32405.507999999998,109818.66599999998,2.997467255922433,149.0449741651152,124.9780254367455,0.0,3.440126109859459E-4,0.0018813203589712704,1.0888015362534835E-5,3.254359365959476E-4,2.7606131218410205E-4,374.57471264367814,26.631102608247566,5.405213253611117,0.11255513149478562,3.872038466538768E-5,0.11255513149478563,0.0017047987767751678
Track_101,101,101,3,0,0,0,0,0,1800.3060000000005,32405.507999999998,34205.814,0.4560889250208333,11.229675510801961,109.61103472534217,0.0,5.375479112246246E-4,7.159772898581166E-4,3.591185325911325E-4,7.159772898581166E-4,2.523372471892886E-4,309.6666666666667,0.9677507298651598,0.6444891053976547,0.4712876063491906,2.5333966837906064E-4,0.4712876063491908,0.00268450400619292
Track_102,102,102,5,0,0,0,0,0,3600.6119999999937,33305.661,36906.272999999994,0.2777317914643043,159.61507541262787,140.99600400356195,0.0,2.9810249633249286E-4,3.754723081401815E-4,2.3204194706310082E-4,3.35872449150272E-4,6.876390202413924E-5,211.6,1.0733514255247278,0.35466557492565504,0.25875196590765226,7.713460696801122E-5,0.25875196590765226,0.002613179133878716
Track_103,103,103,202,0,0,0,0,0,180930.75299999997,34205.814,215136.56699999998,7.439918087014975,13.912520354962345,143.04058624651108,0.0,3.541545888471518E-4,0.002090365372123927,1.649696702331664E-5,2.882393676515063E-4,2.9963575154282995E-4,456.1089108910891,64.07745643852061,7.518600260918952,0.11610819936576659,4.1120251608166227E-5,0.11610819936576668,0.0017483174193874673
Track_104,104,104,202,0,0,0,0,0,180930.75299999997,34205.814,215136.56699999998,14.364816214459568,24.59525636060556,147.253082638335,0.0,3.9339099661187134E-4,0.002130162072590003,3.0568662742688436E-5,3.176043874306404E-4,3.329248193898434E-4,509.9207920792079,71.17652924040625,14.63171671145159,0.2018195656315424,7.939400005956737E-5,0.2018195656315422,0.0016084290131548654
Track_105,105,105,132,0,0,0,0,0,117920.04299999999,34205.814,152125.857,4.063715785282709,3.2537568057083615,149.03193783462976,0.0,3.079816013641888E-4,0.0027112508456180124,2.1923462584692356E-5,2.525996363169707E-4,3.0124455978488386E-4,418.3863636363636,36.317203676074016,4.320571825546542,0.11189506277874331,3.446162061934382E-5,0.11189506277874338,0.0019779098371753173
Track_106,106,106,79,0,0,0,0,0,70211.934,34205.814,104417.74799999999,3.313040407184738,12.903219658515631,153.30858092872884,0.0,3.102188561687314E-4,0.0012230800506756116,3.35895894102978E-5,2.780929365072497E-4,1.8590416231748522E-4,421.2278481012658,21.78106585487447,5.225815943991061,0.15210644094551046,4.718628612601297E-5,0.15210644094551054,0.0018283500573089472
Track_107,107,107,13,0,0,0,0,0,10801.836000000003,36906.272999999994,47708.109,0.18934511331601242,1.3694292956334908,56.398292271300406,0.0,2.544008461936301E-4,7.391064205427903E-4,5.014130534103683E-5,2.0783591144524495E-4,2.0245491389191635E-4,151.53846153846155,2.7479962188448157,0.6589711583786838,0.0689029744719256,1.7528975010915957E-5,0.06890297447192557,0.002037610474630635
Track_108,108,108,91,0,0,0,0,0,81013.76999999999,36906.272999999994,117920.04299999999,2.1674055980670524,5.421741417936515,60.63341538987314,0.0,3.6648765050866574E-4,0.0010732246899057205,3.913537353978948E-5,3.279695555637114E-4,2.2526781314262948E-4,274.2967032967033,29.690546226149426,2.3451898708815366,0.0729998559662115,2.6753545700527856E-5,0.07299985596621149,0.0022066867065171913
Track_109,109,109,6,0,0,0,0,0,4500.764999999999,36906.272999999994,41407.03799999999,0.5996128936721774,11.616550478710494,109.04731080919508,0.0,3.4270890543073657E-4,6.067496190910966E-4,2.1051588436678972E-4,2.8350022342471873E-4,1.5436767867217348E-4,273.6666666666667,1.5424522467509707,0.6565982616537199,0.3887400047134069,1.3322466151247122E-4,0.3887400047134074,0.0026134789531654886
Track_110,110,110,5,0,0,0,0,0,3600.6119999999937,37806.426,41407.03799999999,0.1558915103001419,74.7517292558805,35.94457403777312,0.0,1.9469743313066645E-4,3.243035006203718E-4,5.403660830164216E-5,2.605441428531104E-4,1.2099744845650527E-4,227.6,0.7010299140994739,0.20442204618681153,0.2223749759671759,4.329583701330278E-5,0.22237497596717587,0.0028146331829397245
Track_111,111,111,2,0,0,0,0,0,900.1529999999984,40506.884999999995,41407.03799999999,0.7012829647113421,159.93490690608303,140.48217168024246,0.0,7.790708520788614E-4,7.790708520788614E-4,7.790708520788614E-4,7.790708520788614E-4,NaN,158.5,0.7012829647113421,0.7012829647113421,1.0,7.790708520788614E-4,1.0,NaN
Track_112,112,112,152,0,2,0,0,0,133222.644,42307.191,175529.835,4.523012251935841,4.810320650804493,108.28926863399073,0.0,4.406587484372341E-4,0.0029884365610592335,4.0260147757328614E-5,3.053357591945019E-4,5.193656928339156E-4,322.1118421052632,59.895704451685255,5.078835420260705,0.07551480182663715,3.395077680589976E-5,0.07704550726906899,0.00201595211457906
Track_113,113,113,3,0,0,0,0,0,1800.3059999999969,42307.191,44107.496999999996,5.9315857878522324,6.16595003774271,116.7516846516761,0.0,0.00335086098349457,0.00477500460691211,0.0019267173600770293,0.00477500460691211,0.0020140432270042475,539.6666666666666,6.032575133751164,5.9315857878522324,0.9832593306076016,0.00329476532759,0.9832593306076015,4.5032688069143674E-4
Track_114,114,114,2,0,0,0,0,0,900.1529999999984,43207.344,44107.496999999996,0.03569672273379796,11.47509534778585,109.08236910176363,0.0,3.965628369154802E-5,3.965628369154802E-5,3.965628369154802E-5,3.965628369154802E-5,NaN,240.0,0.03569672273379796,0.03569672273379796,1.0,3.965628369154802E-5,1.0,NaN
Track_115,115,115,11,0,0,0,0,0,9001.529999999999,43207.344,52208.873999999996,0.47025920937790816,74.65808816867974,35.68204731249668,0.0,3.279572237263261E-4,6.945406167831665E-4,1.0439711217973807E-4,2.4109563353126473E-4,1.9168910659082627E-4,237.0,2.952116788089237,0.9019891970746535,0.15929559808583463,5.2242142100055015E-5,0.15929559808583468,0.0023121957865031837
Track_116,116,116,11,0,0,0,0,0,9001.529999999999,44107.496999999996,53109.026999999995,1.1782825237965402,127.97083654379743,159.6065469715642,0.0,3.9698092171601824E-4,0.001237530444348307,8.24878054764854E-5,3.7670294728495363E-4,3.2285113631826356E-4,180.54545454545453,3.5734356762543884,1.1782825237965402,0.32973379977881534,1.3089802775711912E-4,0.32973379977881534,0.0016291059538138509
Track_117,117,117,68,0,0,0,0,0,60310.251,44107.496999999996,104417.74799999999,6.968254676367379,98.1759482045445,76.5292308994413,0.0,3.9636581899155484E-4,0.0021888684193780267,4.541497295863997E-6,3.384211727585724E-4,3.3136882751455174E-4,417.1029411764706,23.904922031201206,8.247459236710338,0.29149874102380535,1.1554013722090759E-4,0.29149874102380496,0.0016220815862410215
Track_118,118,118,191,0,1,0,0,0,170128.917,45007.649999999994,215136.56699999998,16.565459994450904,16.548151029285798,110.4346039939332,0.0,5.144302363736076E-4,0.006053898155906818,2.5185788465624276E-5,3.374929575667283E-4,6.312193806935346E-4,412.6282722513089,87.9825249068583,17.02563332767674,0.18828125257814254,9.737004317996631E-5,0.18927744968173063,0.0018567046859921154
Track_119,119,119,225,0,1,0,0,0,170128.917,45007.649999999994,215136.56699999998,18.032139532857226,153.94056655761628,119.05955618579499,0.0,3.4344733645104273E-4,0.002762568254335854,1.039707262016245E-5,2.981976634409926E-4,2.9302722703650674E-4,402.96444444444444,69.25075365564514,18.161697292541362,0.260389072767691,1.0599103227617224E-4,0.30860927142837485,0.001809383687381152
Track_120,120,120,239,0,1,0,0,0,169228.764,45907.80299999999,215136.56699999998,6.742241455933901,115.32162321798863,74.11116348512671,0.0,3.847480800883018E-4,0.002978756181574004,1.2444444252192333E-5,3.270983937374875E-4,3.290211744903936E-4,453.1297071129707,82.42704897150254,10.810201404676562,0.08179646778650164,3.984098977366461E-5,0.10355084751695418,0.0018440429802631492
Track_121,121,121,189,0,0,0,0,0,169228.764,45907.80299999999,215136.56699999998,9.925785682660367,105.28011529979835,82.18077313390383,0.0,3.7784546202394896E-4,0.002557918818558103,1.8877228488944805E-5,3.154894928967087E-4,3.0940930783611957E-4,430.0687830687831,63.9423205213218,11.341192286553513,0.1552303013361953,5.8653064928491514E-5,0.15523030133619525,0.0018308801727086647
Track_122,122,122,193,0,1,0,0,0,167428.45799999998,47708.109,215136.56699999998,9.32408261379909,98.06037915601249,66.17094248758137,0.0,4.3286532141986636E-4,0.0023598232720914852,3.067362442970827E-5,3.760376838370381E-4,3.146656494108647E-4,382.85492227979273,74.8118433930349,9.407900031226502,0.12463377709881664,5.568995095086578E-5,0.12865422152135905,0.0018783509932688402
Track_123,123,123,19,0,0,0,0,0,16202.753999999994,47708.109,63910.86299999999,1.5862192419122882,5.950228268564764,117.15256586422367,0.0,4.921579553353123E-4,8.66335688511526E-4,1.8380492847638787E-4,5.10758562620378E-4,2.201837323454747E-4,488.1578947368421,7.974314279441049,1.5862192419122882,0.19891606805638373,9.789812533796963E-5,0.1989160680563837,0.00219899322922205
Track_124,124,124,3,0,0,0,0,0,1800.3059999999969,47708.109,49508.41499999999,1.5318113572654308,111.88582104872962,52.94543656481559,0.0,8.873968824113002E-4,0.0013221845581588663,4.526092066637343E-4,0.0013221845581588663,6.148826277948834E-4,218.66666666666666,1.5975859317863554,1.5318113572654308,0.9588287720790216,8.50861663109179E-4,0.9588287720790216,7.372556898556518E-4
Track_125,125,125,201,0,1,0,0,0,167428.45799999998,47708.109,215136.56699999998,3.177410271951382,89.51351782273898,53.01631431140409,0.0,3.999154939492182E-4,0.0027869947630786607,1.1758377832892142E-5,3.2278354926760757E-4,3.819045996386528E-4,381.07960199004975,71.99702632497404,4.945784694760608,0.04413252094064911,1.8977719259359017E-5,0.04745432359209577,0.0017791763716912034
Track_126,126,126,222,0,1,0,0,0,167428.45799999998,47708.109,215136.56699999998,2.2888290489966345,91.21396587099954,59.09705221901784,0.0,3.540697150815336E-4,0.0025364789819118804,1.41209275037929E-5,3.1602650810856224E-4,2.889731737842114E-4,360.036036036036,70.43643848899315,7.151556003024602,0.03249495712867853,1.3670489929475637E-5,0.038609599599128824,0.001984232179360937
Track_127,127,127,183,0,2,0,0,0,121520.65499999998,49508.41499999999,171029.06999999998,4.932241814790219,9.784692448351334,79.46762698224596,0.0,7.07590163002379E-4,0.0036808867403132885,4.5121558087036115E-5,5.246982616193319E-4,6.342501695207572E-4,416.37704918032784,115.92297225546866,9.608009536483332,0.04254757895545195,4.05876829316812E-5,0.05736043977697969,0.0018388533076975546
Track_128,128,128,8,0,0,0,0,0,6301.071000000004,49508.41499999999,55809.486,3.0503116720872114,12.059349318949053,8.21932517713682,0.0,6.605013388913958E-4,0.0020276167432938686,1.7384323262900205E-4,3.5703081203949314E-4,6.611539605020782E-4,410.0,4.1618658319497515,3.0503116720872114,0.7329192711284979,4.840941598796791E-4,0.7329192711284984,0.001689800703439631
Track_129,129,129,132,0,0,0,0,0,117920.04299999999,49508.41499999999,167428.45799999998,4.1893051874527885,104.14951575978917,56.212182288510874,0.0,3.850058460873359E-4,0.001700241204544623,2.9112588926303908E-5,3.2905828417408646E-4,2.752546672868637E-4,518.469696969697,45.39990592586998,4.914796065548565,0.0922756358635012,3.552665925887416E-5,0.09227563586350111,0.0018075325009825496
Track_130,130,130,3,0,0,0,0,0,1800.3060000000041,49508.41499999999,51308.721,0.4968323326123638,101.65235667097356,56.00954715417,0.0,4.989968394800713E-4,5.844340542126124E-4,4.135596247475303E-4,5.844340542126124E-4,1.2082646780614193E-4,228.33333333333334,0.8983470040970121,0.4968323326123638,0.5530516942189425,2.759710474843514E-4,0.553051694218943,0.0022390690297246435
Track_131,131,131,129,0,0,0,0,0,115219.58399999997,50408.56799999999,165628.15199999997,1.5847384344770068,35.47138249909412,2.9525023528567704,0.0,3.329180361151027E-4,0.002513302104978501,6.383221629924603E-6,2.6753000996089103E-4,3.1811129728209173E-4,448.50387596899225,38.358677627279086,2.9915571106028715,0.04131368786681028,1.3754071829290819E-5,0.041313687866810264,0.0019326786289919026
Track_132,132,132,284,0,1,0,0,0,164727.99899999998,50408.56799999999,215136.56699999998,0.6792852398302915,30.734295603380776,29.768956906516227,0.0,4.773470544159441E-4,0.002269077849381448,3.087424329242012E-5,4.020948908207792E-4,3.256084547869966E-4,487.78169014084506,121.60096340985008,8.358438782731435,0.0055861830431457515,4.1236780872345305E-6,0.008638742083116107,0.0020682920076148695
Track_133,133,133,78,0,0,0,0,0,69311.78099999999,50408.56799999999,119720.34899999999,1.9370839502664268,96.93925424203155,44.30067594567867,0.0,3.204377105063079E-4,9.292615365139636E-4,2.540412492713787E-5,2.7039000167427006E-4,1.9032677921120995E-4,416.4230769230769,22.21010841475461,3.172493649883185,0.08721632123954802,2.7947398296783445E-5,0.08721632123954803,0.0018673497483116504
Track_134,134,134,259,0,1,0,0,0,164727.99899999998,50408.56799999999,215136.56699999998,11.746095239374313,56.86425895956345,55.96016621540738,0.0,4.2859553117586136E-4,0.002396554113111429,1.0298549731953412E-5,3.222983280248608E-4,3.6588121497212515E-4,528.2779922779923,99.53680071903257,19.373736414776698,0.11800756257507808,7.130600329440239E-5,0.16637131772879848,0.0017865846358238527
Track_135,135,135,12,0,0,0,0,0,9901.682999999997,51308.721,61210.403999999995,2.45735670257422,3.996575071551153,86.34265254541613,0.0,6.614550558517193E-4,0.0016401175839175308,6.988656031094891E-5,5.764355303349308E-4,5.229027266284086E-4,190.0,6.549518281791015,2.45735670257422,0.37519655596750806,2.481756588828607E-4,0.37519655596750795,0.0017381324321882733
Track_136,136,136,101,0,0,0,0,0,90015.3,52208.873999999996,142224.174,0.4794303795209093,25.515028492615095,8.722858984830879,0.0,5.253902103372114E-4,0.001481279082910771,6.547232147621899E-5,4.471388027737527E-4,2.964213505465364E-4,338.96039603960395,47.29315740056719,1.74674541225342,0.01013741534446925,5.326098780106374E-6,0.010137415344469249,0.002190173106916208
Track_137,137,137,182,0,0,0,0,0,162927.69299999997,52208.873999999996,215136.56699999998,6.109334169436999,20.23180466436194,15.208852233956671,0.0,4.451316001037813E-4,0.003095417313924207,8.28855734208995E-6,3.0211265277710255E-4,4.3666081283699466E-4,798.6813186813187,72.5242646863076,6.972265057112037,0.0842384848141787,3.7497211535653425E-5,0.08423848481417864,0.002074738422020318
Track_138,138,138,93,0,0,0,0,0,82814.07599999999,52208.873999999996,135022.94999999998,2.674217464882387,12.851242777468679,19.840603740520773,0.0,4.216081792783732E-4,0.0012427897862115663,4.513941710019847E-5,3.941937623002086E-4,2.549929135587249E-4,548.9569892473119,34.91509180098081,5.405612728264041,0.07659202158555586,3.2291822767936064E-5,0.07659202158555585,0.0018884091623459626
Track_139,139,139,25,0,0,0,0,0,21603.67199999999,52208.873999999996,73812.54599999999,2.261094686967478,5.238412878227631,75.81541103193062,0.0,4.5460278413020664E-4,0.001070542438425386,5.721828425538719E-5,4.7032882750319536E-4,2.670655788834151E-4,204.8,9.821089438635791,2.296462321252357,0.23022849970924994,1.0466251695394555E-4,0.23022849970925005,0.00205466467975983
Track_140,140,140,5,0,0,0,0,0,3600.612000000001,53109.026999999995,56709.638999999996,0.05109707190513568,1.9069333978780392,56.46337292766641,0.0,7.447055697337556E-4,0.001124859623878028,3.8994295198293595E-4,0.0010188720231558328,3.8090934764434156E-4,203.2,2.681395810850196,0.9171407082597908,0.019056146689859346,1.4191218577601716E-5,0.019056146689859332,0.003468922636020564
Track_141,141,141,180,0,0,0,0,0,161127.387,54009.17999999999,215136.56699999998,7.912091362650069,72.69039126423846,25.348192074280647,0.0,4.7517894332279226E-4,0.002197302242371923,8.457745235079534E-6,3.6856938884760745E-4,3.8983000906533613E-4,420.75,76.56434149502257,7.919416969187259,0.10333911594034191,4.910457191644317E-5,0.10333911594034187,0.0016648857485101164
Track_142,142,142,26,0,0,0,0,0,22503.824999999997,54009.17999999999,76513.00499999999,0.8596605631993905,75.24411224604107,35.70210740838709,0.0,2.2546380457635448E-4,6.447726592446599E-4,5.745683568739729E-5,1.9114480072170262E-4,1.6044882268199714E-4,240.42307692307693,5.073798002020483,1.157956734080309,0.16943137327443017,3.820064203304952E-5,0.16943137327443028,0.002108300604647902
Track_143,143,143,16,0,0,0,0,0,13502.295000000006,54909.33299999999,68411.628,1.3074569393296163,102.33350029576401,57.504537777971144,0.0,4.4819807161579524E-4,0.0011356324219464625,1.0529390047579111E-4,3.44044557768919E-4,2.813364314223167E-4,203.8125,6.0517025813876,1.9004281572913537,0.21604778518871434,9.68322006984454E-5,0.21604778518871448,0.0026878472199588547
Track_144,144,144,179,0,0,0,0,0,160227.234,54909.33299999999,215136.56699999998,8.679654427625126,49.03299653622722,6.542674785688422,0.0,4.1126416108972234E-4,0.0018733348988362397,2.1042579248343182E-5,3.3480945042326443E-4,3.0680865040436334E-4,560.7877094972067,65.89571897473661,10.013018433784788,0.13171803210695326,5.417090597485522E-5,0.1317180321069532,0.0020478673025001535
Track_145,145,145,49,0,0,0,0,0,43207.34399999999,55809.486,99016.82999999999,3.0973556775882334,126.55423337530422,158.9249087000964,0.0,3.4035889558545266E-4,0.0016773574784814177,8.26447538811607E-6,2.64205197607084E-4,3.034165892022827E-4,332.8775510204082,14.70600388502072,3.7937658258534057,0.2106184454869583,7.168586149586594E-5,0.21061844548695813,0.0017072654119740737
Track_146,146,146,178,0,0,0,0,0,159327.08099999998,55809.486,215136.56699999998,15.28405568762739,122.79110575546599,82.75756947701893,0.0,3.8949639824434443E-4,0.002325651443757456,1.2341788929042728E-5,3.58105440981116E-4,2.7695488463480675E-4,462.46067415730334,62.05732419228493,16.053314643914263,0.24628931212486163,9.592879999871078E-5,0.24628931212486171,0.0018018881651411223
Track_147,147,147,2,0,0,0,0,0,900.1529999999984,57609.791999999994,58509.94499999999,0.7341416623784743,9.530134303396146,2.2995766529011727,0.0,8.155743105655101E-4,8.155743105655101E-4,8.155743105655101E-4,8.155743105655101E-4,NaN,294.5,0.7341416623784743,0.7341416623784743,1.0,8.155743105655101E-4,1.0,NaN
Track_148,148,148,292,0,2,0,0,0,157526.775,57609.791999999994,215136.56699999998,6.957969279807318,9.597820196253984,9.01083640220542,0.0,4.3547708269199705E-4,0.003985672411556037,3.1682671181891084E-5,3.0124472778445026E-4,4.952886188093871E-4,472.6917808219178,114.07083670318664,9.699242712618984,0.06099691631009964,4.417007381638657E-5,0.10142915797850847,0.0019934520273241583
Track_149,149,149,175,0,0,0,0,0,156626.62199999997,58509.94499999999,215136.56699999998,3.951506924993128,144.28343325675067,156.73519556857872,0.0,3.9494127780781766E-4,0.0018592157865539992,2.875936014268378E-5,2.9769523898354004E-4,3.2356889660247823E-4,375.10285714285715,61.858318231402045,4.540800637635598,0.06387996049635838,2.5228833224744697E-5,0.0638799604963584,0.002094065058582546
Track_150,150,150,60,0,0,0,0,0,53109.026999999995,59410.09799999999,112519.12499999999,4.461308705373745,57.805465549818535,35.29588445355887,0.0,3.745312749103571E-4,0.002119805026867062,3.57946479056128E-5,3.0126287563535855E-4,3.576421658362496E-4,216.93333333333334,19.89099159155856,5.510102995682069,0.2242878986117041,8.400283261400639E-5,0.22428789861170392,0.0016132230233503488
Track_151,151,151,172,0,0,0,0,0,153926.163,61210.403999999995,215136.56699999998,11.3647038642775,131.1466275959561,155.79861023836074,0.0,3.5283473117842727E-4,0.001969962734313238,1.6750140928891302E-5,3.0634955465246375E-4,2.577841805231529E-4,360.5639534883721,54.31049634343173,11.824519970839782,0.2092542810217189,7.38321779922332E-5,0.20925428102171872,0.0018253832463410841
Track_152,152,152,170,0,0,0,0,0,152125.857,63010.70999999999,215136.56699999998,0.8628773094254181,36.85173283029864,20.533024756098147,0.0,5.042871909031702E-4,0.0017696989042854231,6.431647913502174E-5,4.5721093954281323E-4,3.034991999482554E-4,478.8941176470588,76.71512109026729,2.7726962977837717,0.011247812649739659,5.6721278449423505E-6,0.011247812649739649,0.0020561832320589797
Track_153,153,153,96,0,0,0,0,0,85514.535,63010.70999999999,148525.245,1.8491350661261294,62.1230135757316,38.98558552679266,0.0,3.185866806293862E-4,0.0025602993889780037,2.1529312778251385E-5,2.651400091833236E-4,2.972942800194589E-4,341.9375,27.243791851215477,3.425984168122193,0.06787363066876576,2.1623634697026994E-5,0.06787363066876578,0.002039227108411378
Track_154,154,154,183,0,2,0,0,0,152125.857,63010.70999999999,215136.56699999998,11.34901438519896,58.93558290691692,45.58590977127643,0.0,4.3001017911034644E-4,0.0037430243462622556,1.831277769728996E-5,2.8995497935660854E-4,5.526278784612872E-4,372.9726775956284,70.44764140172221,11.889233245791536,0.16109857135574043,7.460279671718767E-5,0.17349076915233577,0.0019767790875080075
Track_155,155,155,35,0,0,0,0,0,30605.202000000005,63010.70999999999,93615.912,12.12798520125823,8.779140363132036,83.56500405740951,0.0,7.38655239468919E-4,0.0018530920014943582,8.153895567822863E-5,7.06885182936465E-4,4.340746613492526E-4,261.8,22.606692812304654,13.284643780608047,0.5364776396951375,3.9627201941873244E-4,0.5364776396951377,0.0015145589966209546
Track_156,156,156,139,0,2,0,0,0,104417.74799999999,63010.70999999999,167428.45799999998,8.93524985231712,14.744086098216622,87.94496729419987,0.0,5.424629421312649E-4,0.0031583521805732453,1.6896458287098692E-5,3.539112168399947E-4,5.450619211054466E-4,357.158273381295,67.38535097526328,11.123522594699384,0.13259929232389384,8.557213714585304E-5,0.15774743397152896,0.0019052547556514122
Track_157,157,157,87,0,0,0,0,0,77413.158,63010.70999999999,140423.868,3.8432570901679823,2.162501405084961,93.17727680420602,0.0,4.496073151733391E-4,0.001994520931237966,2.348103841628305E-5,3.472660872596005E-4,3.4988750065759E-4,268.67816091954023,34.805522127469494,3.9076247751203823,0.11042090034140807,4.964604454152332E-5,0.11042090034140806,0.001979553943528762
Track_158,158,158,127,0,0,0,0,0,113419.27799999999,63010.70999999999,176429.98799999998,9.9885122273979,8.580036379422209,99.96047618773541,0.0,4.2674207581029833E-4,0.0036597348769550077,4.167883505784009E-5,2.581662546169161E-4,5.037820746203968E-4,625.3622047244095,48.40077813062524,9.9885122273979,0.20637090173303932,8.806714699240018E-5,0.20637090173303907,0.0017245063951561372
Track_159,159,159,210,0,1,0,0,0,151225.704,63910.86299999999,215136.56699999998,8.29514604813614,114.03777641585596,63.66298123191831,0.0,3.735711359429716E-4,0.002229131608079028,3.015918396865149E-5,3.227384129748359E-4,3.1633596356726845E-4,305.2142857142857,70.280676355087,8.58834509061612,0.11802883065930721,5.485275207008552E-5,0.14683348576068572,0.0019089086219514838
Track_160,160,160,148,0,0,0,0,0,132322.491,63910.86299999999,196233.354,2.4345380590867376,30.463793685188936,12.758990508673973,0.0,4.031972820189189E-4,0.0012855474447292497,2.92440795584434E-5,3.409190080016861E-4,2.506103092953423E-4,466.6283783783784,53.352068721172905,3.266040831589651,0.04563155876504157,1.8398520468351352E-5,0.04563155876504161,0.0019817321603829495
Track_161,161,161,169,0,0,0,0,0,151225.704,63910.86299999999,215136.56699999998,2.1557408323927936,36.14081514419778,10.44159515833574,0.0,4.658417590168094E-4,0.0029888620951552106,7.669673219884936E-5,4.2651390794367017E-4,3.238077049299997E-4,477.37278106508876,70.4472479599154,4.143306772193207,0.030600781362238785,1.4255121817074125E-5,0.03060078136223881,0.0021175335159545417
Track_162,162,162,3,0,0,0,0,0,1800.3060000000041,64811.015999999996,66611.322,0.8681457168018589,116.57005949941782,0.9178516022633683,0.0,5.128071656225942E-4,8.060713384017724E-4,2.1954299284341597E-4,8.060713384017724E-4,4.147381705024405E-4,198.33333333333334,0.92320981711335,0.8681457168018589,0.94035581154925,4.822211983973041E-4,0.9403558115492477,9.500857793785704E-4
Track_163,163,163,2,0,0,0,0,0,900.1530000000057,65711.169,66611.322,1.9040410178782352,7.2590765543495195,113.63254954330165,0.0,0.002115241539914018,0.002115241539914018,0.002115241539914018,0.002115241539914018,NaN,230.0,1.9040410178782352,1.9040410178782352,1.0,0.002115241539914018,1.0,NaN
Track_164,164,164,167,0,0,0,0,0,149425.398,65711.169,215136.56699999998,15.764942973597568,10.213277308112993,126.22976481696094,0.0,6.058786889139947E-4,0.003943206260599511,4.8183167569393504E-5,4.1584267947745703E-4,6.309186609442269E-4,523.4730538922156,90.53366423069183,15.858434226997476,0.1741334906474833,1.0550377100951453E-4,0.1741334906474833,0.0017974126436773638
Track_165,165,165,2,0,0,0,0,0,900.1530000000057,67511.47499999999,68411.628,0.6269283813878181,141.7626721931555,80.66483113571839,0.0,6.964686907534766E-4,6.964686907534766E-4,6.964686907534766E-4,6.964686907534766E-4,NaN,132.0,0.6269283813878181,0.6269283813878181,1.0,6.964686907534766E-4,1.0,NaN
Track_166,166,166,57,0,0,0,0,0,50408.568,67511.47499999999,117920.04299999999,7.440050237041666,70.34443858668622,39.76105292807703,0.0,3.6052925015079467E-4,0.0018346261002272358,1.665359806754065E-5,3.145323450212613E-4,2.8239803703198653E-4,410.4736842105263,18.173763222215346,7.440050237041666,0.40938412953168973,1.4759495324369592E-4,0.4093841295316898,0.0018135512494290333
Track_167,167,167,75,0,0,0,0,0,66611.32199999999,68411.628,135022.94999999998,9.340191255141164,127.52216321151437,62.259899973481055,0.0,4.738296243662893E-4,0.001298924095922411,1.3735950943975038E-5,4.462703274469009E-4,2.9027301947087496E-4,462.7866666666667,31.56241768180189,11.330385888958743,0.2959276234572641,1.4021927466236395E-4,0.29592762345726364,0.0015225560105949405
Track_168,168,168,3,0,0,0,0,0,1800.3059999999969,70211.934,72012.23999999999,1.0024995891761674,9.397691536068992,113.43569353307903,0.0,5.794885070224417E-4,0.001120415986547407,3.856102749747635E-5,0.001120415986547407,7.649869778045006E-4,144.66666666666666,1.0432566361235498,1.0085458115386143,0.9609328658585636,5.568495517851794E-4,0.9609328658585707,0.00195838861106889
Track_169,169,169,2,0,0,0,0,0,900.1530000000057,70211.934,71112.087,0.29849497572603356,116.29599842411045,0.8024961758160254,0.0,3.3160471133910756E-4,3.3160471133910756E-4,3.3160471133910756E-4,3.3160471133910756E-4,NaN,144.0,0.29849497572603356,0.29849497572603356,1.0,3.3160471133910756E-4,1.0,NaN
Track_170,170,170,2,0,0,0,0,0,900.1530000000057,73812.54599999999,74712.699,0.9066342153634112,116.84769675871013,0.9224671355854063,0.0,0.0010072001263822987,0.0010072001263822987,0.0010072001263822987,0.0010072001263822987,NaN,187.5,0.9066342153634112,0.9066342153634112,1.0,0.0010072001263822987,1.0,NaN
Track_171,171,171,158,0,0,0,0,0,141324.021,73812.54599999999,215136.56699999998,1.7777565205633208,63.003708379983514,15.731461787304461,0.0,3.5305668690624497E-4,0.0018163720442825931,3.1829684144676474E-5,2.9151129029895463E-4,2.506180749771218E-4,400.0886075949367,49.89539063452864,3.842351266859009,0.0356296743638094,1.2579294786434931E-5,0.03562967436380944,0.001824337898934517
Track_172,172,172,158,0,0,0,0,0,141324.021,73812.54599999999,215136.56699999998,4.1305242182724236,58.48635879849859,9.997808722111674,0.0,3.172762002801128E-4,0.0021682642432833176,9.070972055274658E-6,2.483177163446883E-4,2.7147736003136003E-4,422.3354430379747,44.83874839118693,6.69301193722649,0.09211952533189528,2.9227332968911374E-5,0.09211952533189541,0.0020188725034236735
Track_173,173,173,158,0,0,0,0,0,141324.021,73812.54599999999,215136.56699999998,10.414220242808975,71.4482593500668,72.8936132853903,0.0,4.207345223487619E-4,0.0032298752149646066,1.3494143891996373E-5,3.606065636439316E-4,3.4876775977380387E-4,509.04430379746833,59.45989447184143,10.606388129989623,0.17514696814238148,7.369037598221873E-5,0.1751469681423816,0.0018431640141753104
Track_174,174,174,161,0,2,0,0,0,140423.868,74712.699,215136.56699999998,9.415203977193663,86.01250893643282,32.8555947801568,0.0,3.986273400383555E-4,0.0033740276805155653,3.824213178241984E-5,2.7543121660664915E-4,5.206932429019782E-4,657.1180124223603,57.412095362807314,11.968633312096342,0.1639933870675798,6.704845914936386E-5,0.1681983457103382,0.0019466773934170313
Track_175,175,175,130,0,1,0,0,0,69311.78099999999,74712.699,144024.47999999998,8.526419658107955,25.63114487330005,55.096054220248746,0.0,3.917385252739712E-4,0.002207530397937136,1.3832426716575516E-5,3.321381991108177E-4,3.2020572759646046E-4,379.33076923076925,45.48857452758139,10.707401168424168,0.18744090679161804,1.230154460770234E-4,0.31402437631323027,0.0017455130323453124
Track_176,176,176,157,0,0,0,0,0,140423.868,74712.699,215136.56699999998,5.01297980629219,79.72352794751824,68.85783837742876,0.0,3.552882270982617E-4,0.0017291960410468366,1.3918700476574696E-5,3.034782506784802E-4,2.3259524331743523E-4,452.96178343949043,49.89094710400029,5.01297980629219,0.10047874609079621,3.569891555965536E-5,0.10047874609079617,0.0017787193590081813
Track_177,177,177,8,0,0,0,0,0,6301.070999999996,74712.699,81013.76999999999,0.6598614916564226,26.673102303755904,68.63336191259667,0.0,7.022088169823381E-4,0.0012190211856760468,3.789477211289753E-4,6.558353044653538E-4,3.051358800974987E-4,451.25,4.424667612631722,1.1942076415350995,0.14913244325350522,1.0472211655072971E-4,0.14913244325350541,0.002034825850271621
Track_178,178,178,73,0,0,0,0,0,64811.016,74712.699,139523.715,6.252506343704376,34.34470043997198,76.02167481522925,0.0,3.9910064466499017E-4,0.0010204458800471487,1.8077162473417288E-5,3.596226960866684E-4,2.3444370443636325E-4,472.28767123287673,25.866118266993013,6.311510553059493,0.24172573090269267,9.647289503538066E-5,0.24172573090269286,0.0020885603854791978
Track_179,179,179,7,0,0,0,0,0,5400.918000000005,74712.699,80113.617,0.5441272518614442,1.6712955139823258,84.86179719830534,0.0,2.892211148751401E-4,5.69260911926018E-4,3.360949694728329E-5,3.0500770271213917E-4,2.0551257376505498E-4,189.0,1.5620595253092109,0.5441272518614442,0.348339639460112,1.0074717887985777E-4,0.3483396394601114,0.0019416634850758746
Track_180,180,180,49,0,0,0,0,0,43207.34399999998,75612.852,118820.19599999998,3.6554648617280137,6.162590180712765,73.30502913620126,0.0,4.913983816495634E-4,0.0014490738722154615,1.816592974443467E-5,4.543368175204672E-4,3.318036866191828E-4,238.3673469387755,21.232018916975974,3.6554648617280137,0.17216755863029595,8.460285968348378E-5,0.172167558630296,0.0018297161540987814
Track_181,181,181,5,0,0,0,0,0,3600.6119999999937,75612.852,79213.46399999999,0.48757779925102074,14.627397988005233,75.57323912846816,0.0,6.784458601093878E-4,0.0010440781610787599,3.44113247850947E-4,7.695293016374858E-4,2.9929867970497083E-4,174.2,2.4428203052601822,0.692694109456881,0.1995962610107293,1.3541525697604228E-4,0.19959626101072958,0.00244297351828817
Track_182,182,182,66,0,0,0,0,0,58509.94499999999,75612.852,134122.797,5.3066740377260135,7.134244948410348,113.13370806482057,0.0,4.6080329561900017E-4,0.002885904914645676,4.8952147057587294E-5,3.345624231564222E-4,4.5499337910544815E-4,412.0,26.961575482486417,5.608615860264641,0.196823588486997,9.069695823036604E-5,0.19682358848699683,0.0019506008994910368
Track_183,183,183,3,0,0,0,0,0,1800.3059999999969,77413.158,79213.46399999999,0.8242149628466582,141.99534946036792,80.26418197941543,0.0,7.430490472836335E-4,9.803270684757698E-4,5.057710260914971E-4,9.803270684757698E-4,3.3556179562296986E-4,160.33333333333334,1.3377156581190102,0.8242149628466582,0.6161361406246855,4.578193722881886E-4,0.6161361406246871,0.0021800374598211435
Track_184,184,184,154,0,0,0,0,0,137723.40899999999,77413.158,215136.56699999998,6.547250641409062,71.49392611429083,19.602159931220445,0.0,3.375040218101304E-4,0.001947249320883114,2.159858121603173E-5,3.131735814745631E-4,2.3675850928955484E-4,394.94805194805195,46.482204434901455,6.691282999853152,0.14085499431462029,4.753912707322735E-5,0.14085499431462015,0.0017900039499484533
Track_185,185,185,14,0,0,0,0,0,11701.989000000001,78313.31099999999,90015.29999999999,0.5272860353567467,29.27936485367813,1.4659778743734435,0.0,4.273749322366914E-4,0.0010376984388208346,1.943132188742683E-4,3.8598770991050594E-4,2.335843394578987E-4,183.21428571428572,5.001136755909514,1.0355920610565164,0.10543323670037366,4.5059522390317286E-5,0.10543323670037377,0.0023088702214095207
Track_186,186,186,151,0,0,0,0,0,135022.94999999998,80113.617,215136.56699999998,10.176165839270363,136.64632415125556,155.706665475192,0.0,3.360578761007745E-4,0.0018941952104954785,1.737269540440952E-5,2.8466293741328586E-4,2.590891478849582E-4,357.13907284768214,45.375525801861144,10.176165839270363,0.22426551889902227,7.536619396384365E-5,0.22426551889902263,0.0018540343234311639
Track_187,187,187,151,0,0,0,0,0,135022.94999999998,80113.617,215136.56699999998,5.5769809034926325,76.5943532160022,36.81650405214503,0.0,3.818191810511045E-4,0.002482893679072032,1.15772602703876E-5,3.373829413513549E-4,2.6984975961669323E-4,538.1390728476821,51.55435219210422,6.494163065141547,0.1081767235230001,4.130394798434365E-5,0.10817672352300009,0.0020208765731796626
Track_188,188,188,99,0,0,0,0,0,88214.99399999998,80113.617,168328.61099999998,3.718105157369234,139.36405137163132,3.6065893466096943,0.0,4.06979974385427E-4,0.0018110726653829718,8.94694906020718E-6,3.467469130679706E-4,2.9491077822125416E-4,370.8787878787879,35.90173599853054,4.9534854747627834,0.10356338082151281,4.2148222074007455E-5,0.10356338082151269,0.0018025550066443619
Track_189,189,189,16,0,0,0,0,0,13502.294999999998,81013.76999999999,94516.06499999999,0.7069724618876363,154.6537847433991,139.62867824423236,0.0,4.953587839508E-4,0.0017852914101457514,1.9804793156155296E-5,2.589927656045026E-4,5.598909014414384E-4,169.375,6.688480431744968,2.2574041231896445,0.10570001199856888,5.2359429407196065E-5,0.1057000119985689,0.0015036319116225588
Track_190,190,190,119,0,0,0,0,0,106218.05399999999,81913.923,188131.97699999998,2.947494017776614,30.863484978676567,69.58044252568565,0.0,3.4240603596494013E-4,0.0012038980500963014,1.1380453540665249E-5,2.756160079881944E-4,2.4200921014335655E-4,480.4873949579832,36.36970281804995,4.267809265573507,0.08104256536057808,2.7749463549545108E-5,0.08104256536057808,0.001843346819728582
Track_191,191,191,29,0,0,0,0,0,25204.284,81913.923,107118.207,1.9481288611726775,133.7574386840008,78.19535346306826,0.0,2.6878568835607874E-4,0.0010708824463438642,5.094791029818567E-5,2.2946051666969237E-4,2.1896222916387403E-4,264.82758620689657,6.774550824462101,1.9819046367325752,0.28756576069046746,7.72935609348267E-5,0.2875657606904674,0.0018331766194083314
Track_192,192,192,2,0,0,0,0,0,900.1529999999912,81913.923,82814.07599999999,0.23282113903964965,2.1572323838447147,84.94428124551881,0.0,2.5864618463711383E-4,2.5864618463711383E-4,2.5864618463711383E-4,2.5864618463711383E-4,NaN,237.0,0.23282113903964965,0.23282113903964965,1.0,2.5864618463711383E-4,1.0,NaN
Track_193,193,193,114,0,0,0,0,0,101717.289,82814.07599999999,184531.365,6.544210188314761,72.45345796036162,3.3244392820336386,0.0,2.9350022398411254E-4,0.0015513885360900785,3.258081003612956E-5,2.1681789853248695E-4,2.4565628383448914E-4,409.280701754386,29.854047104556717,6.608718592468942,0.21920680185822772,6.433724544423082E-5,0.21920680185822775,0.0018448073116504808
Track_194,194,194,172,0,2,0,0,0,132322.49099999998,82814.07599999999,215136.56699999998,2.466605964426059,18.878966292963383,68.30866516447335,0.0,5.380470801733194E-4,0.003787022704985635,1.0199250939899675E-5,3.6850656354070184E-4,6.415748932484602E-4,391.8720930232558,82.81952256443246,8.695850159266358,0.0297829049003159,1.8640867064889665E-5,0.034645419986081775,0.001946337309470871
Track_195,195,195,62,0,0,0,0,0,54909.333,82814.07599999999,137723.40899999999,8.67605440681355,17.564967027792832,93.212929799677,0.0,5.08069232810951E-4,0.0022615504856764316,1.2099125076400414E-5,4.0561207033309446E-4,3.878410393967442E-4,242.7741935483871,27.897742691471038,8.67605440681355,0.3109948536971063,1.5800691672604274E-4,0.31099485369710633,0.0018820388071580894
Track_196,196,196,146,0,0,0,0,0,130522.18499999998,84614.382,215136.56699999998,6.004925114332449,64.92055821740777,6.303297210523847,0.0,2.9720730618588596E-4,0.002438020983988556,1.320465427125233E-5,2.5858668606157316E-4,2.5953500292429587E-4,427.513698630137,38.792147001345874,6.004925114332449,0.15479744171221332,4.600693065575366E-5,0.15479744171221346,0.0017241131620323248
Track_197,197,197,145,0,0,0,0,0,129622.03199999999,85514.53499999999,215136.56699999998,8.866800192994146,153.50393830492396,5.165195318805161,0.0,3.390530306573149E-4,0.00202586150021588,3.6002509579441223E-5,2.731507207266492E-4,2.690828802726334E-4,372.2068965517241,43.94874278955943,9.367171643231162,0.20175321590997966,6.840503929913818E-5,0.20175321590997958,0.001738065399978485
Track_198,198,198,145,0,0,0,0,0,129622.03199999999,85514.53499999999,215136.56699999998,5.658648840949068,151.3953821058526,11.035391493210918,0.0,3.3937358933964953E-4,0.0014738928742394303,4.990968667291111E-5,2.8959184632728615E-4,2.0877640208632572E-4,342.0896551724138,43.99029425733886,5.887722155055527,0.12863403022145142,4.365499254747888E-5,0.12863403022145128,0.002006679161840576
Track_199,199,199,9,0,0,0,0,0,7201.224000000002,86414.688,93615.912,0.47640270143417385,154.36693104414059,0.8970253203084982,0.0,2.3157033390746462E-4,5.370557468406661E-4,5.9869008761811615E-5,1.9967881803541781E-4,1.7778381039551205E-4,142.88888888888889,1.6675898462224465,0.5341995941026146,0.28568337862775917,6.615579538064276E-5,0.28568337862775883,0.0030258184057593675
Track_200,200,200,69,0,0,0,0,0,61210.40399999998,86414.688,147625.09199999998,3.9045058771473493,25.899929022354716,76.41880219508818,0.0,5.19177754803022E-4,0.002208417174919305,3.120588259791935E-5,3.5561766397893826E-4,4.7376659083423335E-4,395.231884057971,31.779080119305892,5.29644252502569,0.12286403075510513,6.37882716334849E-5,0.1228640307551051,0.0018236284976646355
Track_201,201,201,181,0,1,0,0,0,127821.726,87314.84099999999,215136.56699999998,4.125416534933491,85.44931640327641,68.18083873683338,0.0,3.812656365021989E-4,0.0030964095459979375,3.871273887253434E-5,3.2628461503988006E-4,3.2737108609303794E-4,342.43093922651934,61.775533168985625,10.002866774975542,0.0667807515905772,3.2274767866407086E-5,0.08465165694580226,0.0019051087452141469
Track_202,202,202,32,0,0,0,0,0,27904.743000000002,87314.84099999999,115219.58399999999,0.9082808250946897,21.21136117967326,75.41520468872207,0.0,3.413846302395052E-4,0.001024204889589869,1.533162557970266E-5,2.465934032042706E-4,2.6670274067388476E-4,190.28125,9.526250370983435,2.016512725669083,0.09534505075168667,3.254933489603146E-5,0.09534505075168682,0.0017004780862557424
Track_203,203,203,2,0,0,0,0,0,900.1530000000057,88214.99399999999,89115.147,0.6978900956411213,117.38615194627498,1.0077824376687352,0.0,7.753016383227261E-4,7.753016383227261E-4,7.753016383227261E-4,7.753016383227261E-4,NaN,215.0,0.6978900956411213,0.6978900956411213,1.0,7.753016383227261E-4,1.0,NaN
Track_204,204,204,2,0,0,0,0,0,900.1530000000057,88214.99399999999,89115.147,0.7925975271642967,1.2773311215667773,122.76512264496078,0.0,8.805142316520543E-4,8.805142316520543E-4,8.805142316520543E-4,8.805142316520543E-4,NaN,149.0,0.7925975271642967,0.7925975271642967,1.0,8.805142316520543E-4,1.0,NaN
Track_205,205,205,9,0,0,0,0,0,7201.224000000002,88214.99399999999,95416.218,2.0263281292576596,158.81731281000643,142.19369281577883,0.0,4.3083539314386514E-4,6.834472839764372E-4,1.068150672985492E-4,4.4945537093063E-4,2.205750232655898E-4,304.3333333333333,3.102542173157039,2.0263281292576596,0.6531186414770758,2.813866266703631E-4,0.653118641477076,0.0017268721234012829
Track_206,206,206,12,0,0,0,0,0,9901.68299999999,90915.453,100817.13599999998,0.2779612429987351,118.56800345385439,1.1865238342929014,0.0,0.0012744571466163693,0.004641129794804968,2.2040795258290296E-4,7.179607576458595E-4,0.0013818550923946332,330.6666666666667,12.619270662879774,3.5740973221083596,0.022026728043513022,2.8072120971630315E-5,0.02202672804351298,0.001668209443488982
Track_207,207,207,138,0,0,0,0,0,123320.961,91815.60599999999,215136.56699999998,2.2903889099731067,149.2120919963476,84.45712244857425,0.0,3.711413650917837E-4,0.002175921326343089,3.16966606825007E-5,3.217568341735023E-4,3.1217213072004107E-4,470.8840579710145,45.769509809970614,4.855164471490085,0.050041805548770794,1.857258402302839E-5,0.050041805548770794,0.00176325857299033
Track_208,208,208,88,0,0,0,0,0,78313.311,91815.60599999999,170128.917,5.618107383029312,12.590408995782091,90.88115094690993,0.0,4.587709995259193E-4,0.002577256802046958,4.4491545115464105E-5,3.443226711333043E-4,4.6003156268908544E-4,560.4318181818181,35.92787596365421,7.595672925479957,0.15637182083106635,7.173885654035635E-5,0.15637182083106652,0.0019768713958799593
Track_209,209,209,111,0,1,0,0,0,98116.67699999998,91815.60599999999,189932.28299999997,17.097224788048436,18.96001134225258,101.11610757981715,0.0,6.588614705806783E-4,0.003865843459125292,2.182033902897556E-5,3.9797434605230486E-4,8.282240706493239E-4,574.5855855855856,65.23837422603714,18.52226897070274,0.2620731278313309,1.742540138008184E-4,0.26447746845363723,0.001696921868946355
Track_210,210,210,138,0,0,0,0,0,123320.961,91815.60599999999,215136.56699999998,3.551638526157833,139.1278928422568,126.98490348371706,0.0,3.152306272330583E-4,0.0017889438089847048,5.481892858231076E-6,2.548428056679321E-4,2.3416690019163687E-4,487.1231884057971,38.874543887013495,4.072790574089821,0.09136154848479908,2.879995823384666E-5,0.09136154848479902,0.0017276658992498163
Track_211,211,211,196,0,1,0,0,0,123320.961,91815.60599999999,215136.56699999998,1.1542075719598173,144.0635353376717,130.0923377949858,0.0,3.8038105197217353E-4,0.002564777001908105,2.4352574232020637E-5,3.1289287537197033E-4,2.987782656484642E-4,403.07142857142856,66.76822328980211,7.6913403049339175,0.017286779774715166,9.359378670101487E-6,0.02460527048225884,0.0018848785289398262
Track_212,212,212,138,0,0,0,0,0,123320.961,91815.60599999999,215136.56699999998,3.1387224955971873,143.2246664457909,138.1989396287843,0.0,4.0815313399633466E-4,0.0042501519243526124,2.645245073870353E-5,3.1951637884133753E-4,4.272086780153889E-4,577.6014492753624,50.33383671958978,4.863468881973737,0.06235810143150891,2.5451654529331695E-5,0.06235810143150894,0.001869379269214073
Track_213,213,213,136,0,0,0,0,0,121520.65499999998,93615.912,215136.56699999998,10.93156326095203,154.07272876379105,75.8363461310256,0.0,3.7443389052475975E-4,0.001841254079927129,3.4947371758672365E-5,3.31886825200561E-4,2.8441512323117634E-4,374.65441176470586,45.501451630767036,11.122586439266616,0.24024647278638378,8.995642149025638E-5,0.24024647278638347,0.001684578571589606
Track_214,214,214,97,0,0,0,0,0,86414.68799999998,93615.912,180030.59999999998,3.9481557161048415,131.49703313684773,86.40134853264227,0.0,3.716779702872029E-4,0.0021929499993197286,3.778638130230748E-5,2.981590614832952E-4,3.1340042203799903E-4,463.07216494845363,32.118435838841904,3.9481557161048415,0.12292490630350697,4.568847967263207E-5,0.122924906303507,0.001733276949139517
Track_215,215,215,14,0,0,0,0,0,11701.988999999987,93615.912,105317.90099999998,1.0240766364987648,6.870154961550526,94.14900174205744,0.0,3.093096554139073E-4,6.541708620285298E-4,9.746410108844447E-5,2.7118456088871844E-4,1.6512766150947745E-4,195.07142857142858,3.6195381852473267,1.2284695156986536,0.2829301927723104,8.751304043259363E-5,0.2829301927723102,0.0020501103468414075
Track_216,216,216,2,0,0,0,0,0,900.1529999999912,93615.912,94516.06499999999,0.12271211767359694,159.66690076198324,128.88228448075307,0.0,1.3632362239930117E-4,1.3632362239930117E-4,1.3632362239930117E-4,1.3632362239930117E-4,NaN,241.0,0.12271211767359694,0.12271211767359694,1.0,1.3632362239930117E-4,1.0,NaN
Track_217,217,217,26,0,0,0,0,0,22503.824999999997,94516.06499999999,117019.88999999998,2.3630628240182814,151.4423492702325,144.77566488894382,0.0,4.078578251357232E-4,0.0010316624356085675,8.187567671625015E-5,3.451812972781685E-4,2.701809429426782E-4,216.19230769230768,9.178361121734918,2.671091028329455,0.2574602145934752,1.0500716318307139E-4,0.25746021459347523,0.0018074930211493974
Track_218,218,218,52,0,0,0,0,0,45907.803,94516.06499999999,140423.868,0.5789421954376306,158.93867565495592,149.1967515637361,0.0,2.2332266448008025E-4,0.0011809358307991078,2.8225765651775303E-5,1.6905407547065696E-4,2.3429021596165756E-4,250.80769230769232,10.2522528863866,1.362220490811887,0.056469753707146256,1.2610975860413764E-5,0.05646975370714613,0.0019628552818742526
Track_219,219,219,34,0,0,0,0,0,29705.049,94516.06499999999,124221.11399999999,2.1457464216564692,149.4146299397177,149.496628463642,0.0,5.140375713961782E-4,0.001660957669962965,2.068065156531302E-5,3.022110006580758E-4,4.288321930732371E-4,290.55882352941177,15.269511246164486,3.014586402029597,0.14052489218968645,7.223507430189626E-5,0.14052489218968658,0.0019993378584606996
Track_220,220,220,52,0,1,0,0,0,40506.884999999995,94516.06499999999,135022.94999999998,1.883318177832631,154.60364614297714,147.89470225844383,0.0,7.919773860700516E-4,0.0045623816421355955,2.4739530209806464E-5,3.662205421061655E-4,9.837271255058431E-4,310.9230769230769,36.35794182015879,8.496943254115283,0.05179936166761833,4.649377946076651E-5,0.05870594322330065,0.0019304748108864506
Track_221,221,221,92,0,0,0,0,0,81913.923,94516.06499999999,176429.98799999998,3.8580213374534984,152.8579003383852,158.14001440609138,0.0,3.540695878456557E-4,0.0018774577679475384,3.915989047980716E-5,2.8428507902697356E-4,2.7670492772475337E-4,411.0326086956522,29.003228955430806,4.113867377371957,0.13302040760296416,4.7098480895042695E-5,0.1330204076029643,0.0020007138376994743
Track_222,222,222,6,0,0,0,0,0,4500.764999999999,95416.218,99916.983,0.35386745346175513,13.000520377557208,81.73166280950129,0.0,3.315790691647609E-4,6.14915805505843E-4,7.416688193167402E-5,3.2717716484028113E-4,1.9201242804598614E-4,293.1666666666667,1.4923594692293307,0.5535183070734956,0.23711944793334264,7.862384582659951E-5,0.23711944793334194,0.0013871618976360365
Track_223,223,223,6,0,0,0,0,0,4500.764999999999,95416.218,99916.983,0.5061189133347879,1.483373848639756,122.24316187667826,0.0,7.32214395023372E-4,0.0015153458564563333,7.040432202384562E-5,3.499036781610624E-4,6.720632439303031E-4,217.83333333333334,3.295524921617346,1.5686166939218267,0.1535776319016273,1.1245175283197144E-4,0.15357763190162635,0.00177076302254905
Track_224,224,224,5,0,0,0,0,0,3600.6119999999937,97216.52399999999,100817.13599999998,0.520773140140643,98.75828544157,58.31496426728334,0.0,3.2823587582520844E-4,7.1213839997184E-4,4.1776273986972603E-5,4.281114944227232E-4,3.0460356602582606E-4,167.0,1.181850033326756,0.6410335171498558,0.4406423196306333,1.446346177096127E-4,0.4406423196306343,0.002281706216961573
Track_225,225,225,137,0,4,0,0,0,117920.04299999999,97216.52399999999,215136.56699999998,25.030455876665165,10.419385769465945,52.26755669531796,0.0,7.673093424563303E-4,0.0053265198015724335,4.26320351119665E-5,5.164105772407444E-4,8.756935693201668E-4,356.57664233576645,93.93462968945263,27.661497665956336,0.26646675416101295,2.122663394607579E-4,0.2766372409610516,0.0015646195090752383
Track_226,226,226,135,0,2,0,0,0,117920.04299999999,97216.52399999999,215136.56699999998,9.129304948240243,7.269068424189018,69.95552104061042,0.0,6.238772208402709E-4,0.0032504149502263014,2.191252496985367E-5,4.25973569730036E-4,5.801708431065082E-4,359.24444444444447,75.2523835641182,9.129304948240243,0.12131582437467499,7.741945063775328E-5,0.12409404936035437,0.001876284467772661
Track_227,227,227,2,0,0,0,0,0,900.1530000000057,99016.82999999999,99916.983,0.3486533440281569,159.43962742189848,128.65430016313286,0.0,3.873267589267099E-4,3.873267589267099E-4,3.873267589267099E-4,3.873267589267099E-4,NaN,310.5,0.3486533440281569,0.3486533440281569,1.0,3.873267589267099E-4,1.0,NaN
Track_228,228,228,112,0,1,0,0,0,80113.61699999998,99916.983,180030.59999999998,7.137992840441289,13.098003180138367,61.94709632628551,0.0,4.347131572754074E-4,0.002508037272543771,2.834231688440091E-5,3.70344902418331E-4,3.8996609964260374E-4,454.13392857142856,43.43522714536323,7.305823823190237,0.16433649158902303,8.909837188403677E-5,0.2049589951278828,0.0019480698122610813
Track_229,229,229,110,0,1,0,0,0,97216.52399999999,99916.983,197133.50699999998,18.67617128602059,115.75577838458004,149.59679556368772,0.0,5.76030694436568E-4,0.0037992821840065684,6.363987138666591E-5,3.2267046477465436E-4,6.801563477175195E-4,508.4727272727273,56.51821758811841,19.506784462237167,0.3304451570310456,1.9210902136369937E-4,0.33350483441096257,0.001628609649315828
Track_230,230,230,7,0,0,0,0,0,5400.917999999991,99916.983,105317.90099999998,1.704163621524196,14.224927128060914,66.90481783340007,0.0,4.216835228682181E-4,6.595657036765659E-4,2.009666189349697E-4,5.178068266388154E-4,1.8088811042693383E-4,291.7142857142857,2.277478128962364,1.704163621524196,0.748267831797193,3.155322153612032E-4,0.748267831797192,0.0012280733379349002
Track_231,231,231,35,0,0,0,0,0,30605.20199999999,99916.983,130522.18499999998,1.3545534197877527,2.115100390239896,86.48411661780369,0.0,3.768945825433755E-4,0.0011458648078402462,7.825692857852012E-5,3.2898405367023714E-4,2.460994023520633E-4,319.65714285714284,11.534934831445684,1.7027218045974488,0.11743052211227667,4.425892760935717E-5,0.11743052211227674,0.0017285509266426035
Track_232,232,232,9,0,1,0,0,0,6301.071000000011,100817.13599999998,107118.207,9.10132899166449,155.7779323304641,140.46259594284618,0.0,0.0019776019430570824,0.0034919981321623913,4.5813376372652777E-4,0.002033535524027819,0.0013237692863468282,354.3333333333333,14.241154574789348,9.249992313614436,0.639086454954732,0.0014444098458285066,0.7303845199482667,0.0017564655528355612
Track_233,233,233,21,0,0,0,0,0,18003.059999999998,101717.28899999999,119720.34899999999,2.221372158040585,1.3338440825959548,123.61976919361314,0.0,6.617396013296976E-4,0.0015851354837602006,6.370668048143874E-5,5.648739811359744E-4,5.398635223434131E-4,252.9047619047619,11.913337747114609,3.7195553385584015,0.18646094026660143,1.2338858827558123E-4,0.1864609402666012,0.002157989007984677
Track_234,234,234,90,0,0,0,0,0,80113.617,101717.28899999999,181830.906,6.402095148728338,159.64942183558927,120.37448918729172,0.0,4.4202919214204493E-4,0.002349671255880166,2.7740781350470617E-5,3.74654032847233E-4,3.481105391527437E-4,290.0777777777778,35.41255740208721,11.216646849953023,0.1807860154248843,7.99126963488409E-5,0.18078601542488434,0.0016684609605200637
Track_235,235,235,127,0,0,0,0,0,113419.27799999999,101717.28899999999,215136.56699999998,10.504651780299843,119.69089045924478,155.92786711659411,0.0,3.6906269556724857E-4,0.0021324670841089493,1.1327529169386627E-5,2.8355552694263927E-4,2.977994159821311E-4,399.9685039370079,41.858824467971104,10.729713084267239,0.25095429491426907,9.261786854523835E-5,0.2509542949142689,0.00164951328542073
Track_236,236,236,126,0,0,0,0,0,112519.12499999999,102617.442,215136.56699999998,5.589983874286312,20.425355835178365,147.15588709844238,0.0,3.9478923178723675E-4,0.0018376839092455828,2.5345909163423618E-5,3.165413579916933E-4,3.271193863934716E-4,518.2142857142857,44.42133892012211,5.686550511073162,0.12584005818325625,4.968029989822897E-5,0.12584005818325641,0.0019972602226314335
Track_237,237,237,9,0,0,0,0,0,7201.223999999987,102617.442,109818.66599999998,0.48710328828317984,118.69606257656864,1.045225620393061,0.0,9.886244119259315E-4,0.0024278544380053843,6.225918662799301E-5,8.915036246868216E-4,6.624067460356514E-4,274.44444444444446,7.1193058421469075,2.7873667733778786,0.06842005373606598,6.7641735388759E-5,0.06842005373606612,0.0016141431255716407
Track_238,238,238,14,0,0,0,0,0,11701.989000000001,103517.59499999999,115219.58399999999,0.23252594561877213,155.94450878393192,1.053334879939091,0.0,2.7670788155977207E-4,6.341358373584958E-4,2.026096546318142E-5,2.3293031534660203E-4,1.9418351738704546E-4,170.07142857142858,3.2380325862257555,0.9419062999995534,0.07181087262923562,1.9870634438194405E-5,0.0718108726292356,0.0025329215593204992
Track_239,239,239,5,0,0,0,0,0,3600.6120000000083,103517.59499999999,107118.207,0.35588314129401066,159.5099737164734,135.38870024309068,0.0,1.7410655878089893E-4,3.75931142775556E-4,2.2022201451132692E-5,2.63482600907196E-4,1.7435999885062332E-4,177.2,0.6268901648252085,0.3872360667656541,0.5676961631599996,9.883962540090681E-5,0.567696163159997,0.002117180002737623
Track_240,240,240,85,0,0,0,0,0,75612.852,103517.59499999999,179130.447,4.366930878480327,3.9136101685734275,156.4305651662669,0.0,3.154099271020958E-4,9.828574187571355E-4,3.316859426282497E-5,2.83630072310204E-4,1.9228925036247847E-4,542.7764705882353,23.849044137301533,5.264187051022514,0.18310716577735495,5.775381780970683E-5,0.18310716577735475,0.0018546494208631123
Track_241,241,241,5,0,0,0,0,0,3600.6119999999937,104417.74799999999,108018.35999999999,1.003389099449383,152.76074782565956,136.67546869652784,0.0,3.0637407271556164E-4,4.3641839668158195E-4,2.3908417590569225E-4,2.972508621622162E-4,9.018314102158972E-5,221.4,1.103134162708523,1.003389099449383,0.9095802970925712,2.786718200820818E-4,0.9095802970925719,6.384968310657957E-4
Track_242,242,242,8,0,0,0,0,0,6301.070999999996,104417.74799999999,110718.81899999999,0.09079604755932875,30.167740988995604,1.442543134331936,0.0,2.1573824644590515E-4,3.2377842081358384E-4,8.009767349584971E-5,2.1491288010110654E-4,8.270798902213842E-5,178.0,1.3593820082711459,0.3139471449878029,0.06679215040870126,1.4409621405524363E-5,0.06679215040870129,0.0021823464593719627
Track_243,243,243,8,0,0,0,0,0,6301.070999999996,104417.74799999999,110718.81899999999,0.6319009253457575,1.4835185452571724,77.18581768735592,0.0,7.121605080204231E-4,0.0016940525871430709,1.1173379895984648E-4,5.19217045273437E-4,5.924467441927379E-4,217.5,4.487373924432755,1.8093095749709787,0.14081753292392177,1.0028468578528283E-4,0.14081753292392182,0.0020689024738423335
Track_244,244,244,123,0,0,0,0,0,109818.666,105317.90099999998,215136.56699999998,12.557495066718326,98.38823150524087,82.69665552037578,0.0,3.525542865988157E-4,0.0027503584408759933,1.4957250848180292E-5,2.943605474974562E-4,2.874703437569696E-4,409.2276422764228,38.71704144686362,13.04553397328448,0.32434025425089863,1.1434754695270407E-4,0.32434025425089863,0.0017169352020310119
Track_245,245,245,69,0,0,0,0,0,61210.40400000001,105317.90099999998,166528.305,11.103798693957476,95.28513496300698,87.58832040305565,0.0,4.888901003908092E-4,0.0013979927914074487,2.7454587225933012E-5,4.040919871473837E-4,2.973864152994783E-4,596.7971014492754,29.925160556521973,13.36765246742006,0.3710522679731281,1.8140378053961993E-4,0.37105226797312785,0.001557061471944018
Track_246,246,246,123,0,0,0,0,0,109818.666,105317.90099999998,215136.56699999998,9.982602221138677,20.823778609915088,156.69425414426286,0.0,4.950163417520724E-4,0.002572814179483702,2.9852224970327992E-5,4.110388129055165E-4,4.048937258075235E-4,522.6910569105692,54.36203429941276,10.624322506456743,0.18363187378450466,9.09007783898839E-5,0.18363187378450488,0.0018322111848853844
Track_247,247,247,3,0,0,0,0,0,1800.3060000000114,105317.90099999998,107118.207,0.6371428313194138,96.61581648906612,2.1117800325086407,0.0,3.843949453194751E-4,4.771147864943723E-4,2.9167510414457786E-4,4.771147864943723E-4,1.3112565689061897E-4,240.66666666666666,0.6920285264283272,0.6371428313194138,0.9206886811556925,3.53908075249102E-4,0.9206886811556924,9.195963869083655E-4
Track_248,248,248,2,0,0,0,0,0,900.1530000000057,106218.05399999999,107118.207,0.3952381081742907,9.879071517032504,117.04552512436675,0.0,4.390788101292649E-4,4.390788101292649E-4,4.390788101292649E-4,4.390788101292649E-4,NaN,161.0,0.3952381081742907,0.3952381081742907,1.0,4.390788101292649E-4,1.0,NaN
Track_249,249,249,220,0,5,0,0,0,108918.51299999999,106218.05399999999,215136.56699999998,4.291218863813029,146.54575807889358,121.2180612570324,0.0,4.795067485271111E-4,0.003692940197615726,2.017954227616019E-5,2.927410604383054E-4,6.476378302517578E-4,416.70454545454544,94.52684696731629,6.46878654206418,0.04539682642008323,3.939843416530144E-5,0.08216450401651411,0.0017736070281780029
Track_250,250,250,90,0,0,0,0,0,80113.61699999998,106218.05399999999,186331.67099999997,5.588435490474986,10.700976589508292,157.14670282894016,0.0,3.7071649092423555E-4,0.0018190399007179583,1.853549940315305E-5,2.9115545441990164E-4,3.102808664010789E-4,436.85555555555555,29.69943896948815,5.656863229726331,0.18816636557398575,6.975637475555481E-5,0.18816636557398556,0.0020600507466922513
Track_251,251,251,29,0,0,0,0,0,25204.283999999985,107118.207,132322.49099999998,1.4240124199233586,7.632364868857251,94.58232361233199,0.0,2.9350297144476893E-4,8.093397989592552E-4,4.850578908250159E-5,2.4608675648620686E-4,1.917619371526198E-4,291.51724137931035,7.397532247137834,1.4510344712775016,0.19249830515768562,5.6498824561862556E-5,0.1924983051576854,0.0020523595277303934
Track_252,252,252,2,0,0,0,0,0,900.1529999999912,107118.207,108018.35999999999,0.7142718464345942,12.678255495638624,81.427119648054,0.0,7.935004898440612E-4,7.935004898440612E-4,7.935004898440612E-4,7.935004898440612E-4,NaN,320.5,0.7142718464345942,0.7142718464345942,1.0,7.935004898440612E-4,1.0,NaN
Track_253,253,253,121,0,0,0,0,0,108018.35999999999,107118.207,215136.56699999998,13.476545919850286,113.728995929204,86.07697429939637,0.0,3.5343201730759724E-4,0.0023084387059812595,3.6106102425205066E-5,3.019672495312303E-4,2.68741424981642E-4,518.0247933884298,38.1771468810583,13.476545919850286,0.3530003423733247,1.2476162311527678E-4,0.35300034237332506,0.0016315328379352164
Track_254,254,254,47,0,0,0,0,0,41407.038,108018.35999999999,149425.398,1.1578702737252162,2.161835613350633,54.49395800962662,0.0,2.9202832508699606E-4,0.0013273574608615125,3.252132052435633E-5,2.49457673733205E-4,2.0199682203098925E-4,343.72340425531917,12.092027953953595,2.521264033691844,0.09575484593108638,2.796312727621851E-5,0.09575484593108635,0.0019599161249220878
Track_255,255,255,144,0,1,0,0,0,95416.218,108018.35999999999,203434.57799999998,3.1536699431236244,6.722752163629199,63.02989609478618,0.0,4.4661337508359315E-4,0.0024564659264501906,4.5982838700423105E-5,3.5478765860181465E-4,3.8766051135572606E-4,432.15972222222223,57.48891282729198,7.209482159812216,0.054857011344045935,3.305171813793358E-5,0.07400521341696775,0.0018647818869469107
Track_256,256,256,119,0,0,0,0,0,106218.05399999999,108918.51299999999,215136.56699999998,0.9240880510843019,91.89123187948539,65.54256043658684,0.0,3.7781559702429164E-4,0.001597885794656525,3.5786301818971385E-5,3.168168977624914E-4,2.451349101194119E-4,356.47899159663865,40.13083748676844,3.0909677803233992,0.02302688179355797,8.699915092440896E-6,0.02302688179355797,0.0019165886504774066
Track_257,257,257,153,0,1,0,0,0,106218.05399999999,108918.51299999999,215136.56699999998,2.5419577461501137,8.402430890874845,141.9756368536596,0.0,3.4530827214161345E-4,0.002460635231883133,1.776855072585857E-5,2.8352720522618495E-4,3.006159878661095E-4,471.08496732026146,47.24620211814962,3.4169054810525124,0.053802372088943444,2.3931503642027878E-5,0.06930475048745253,0.0019430306196756807
Track_258,258,258,2,0,0,0,0,0,900.1530000000057,109818.66599999998,110718.81899999999,0.09493563142642902,9.926665983019465,117.16835846560512,0.0,1.0546610568028815E-4,1.0546610568028815E-4,1.0546610568028815E-4,1.0546610568028815E-4,NaN,130.0,0.09493563142642902,0.09493563142642902,1.0,1.0546610568028815E-4,1.0,NaN
Track_259,259,259,127,0,1,0,0,0,105317.901,109818.66599999998,215136.56699999998,6.172554018409441,153.67099239570473,140.99691808531762,0.0,6.392191262277259E-4,0.0025758630691477885,3.262364266434155E-5,5.133210551923059E-4,4.7402673922237093E-4,338.59055118110234,72.49977178053958,8.849656281244215,0.08513894412101145,5.860878312044446E-5,0.0916880936687816,0.001889664720166561
Track_260,260,260,4,0,0,0,0,0,2700.4590000000026,109818.66599999998,112519.12499999999,0.42151175912366273,13.018927145777695,81.64478872677661,0.0,2.908181433423901E-4,3.8939727212744854E-4,1.9494010536004217E-4,2.881170525396795E-4,9.725671876762598E-5,309.5,0.7853424725522481,0.42151175912366273,0.5367234981622874,1.560889312237891E-4,0.5367234981622873,0.0019190199593528618
Track_261,261,261,3,0,0,0,0,0,1800.3059999999969,110718.81899999999,112519.12499999999,0.38969680510307,96.21356716276576,1.2191928846930222,0.0,4.2242597179849E-4,5.765210875575525E-4,2.6833085603942755E-4,5.765210875575525E-4,2.1792340260191824E-4,136.66666666666666,0.7604960115846533,0.5189571865281969,0.5124245218473332,2.1646142661473696E-4,0.5124245218473348,0.002608341360588417
Track_262,262,262,45,0,0,0,0,0,39606.73199999999,110718.81899999999,150325.55099999998,1.0643006982159653,159.38563952426784,136.33192809994546,0.0,3.0752282592303294E-4,7.878403942249516E-4,4.890391571381387E-5,2.9645339162509137E-4,1.7718971407360964E-4,227.82222222222222,12.179974150216239,1.943094461132831,0.08738119515607265,2.687171206692755E-5,0.08738119515607282,0.002002458698129561
Track_263,263,263,116,0,0,0,0,0,103517.59499999999,111618.972,215136.56699999998,13.265945958499307,110.86930123997155,31.877054054351447,0.0,3.510683465045971E-4,0.0015525168927054413,1.680708081319307E-5,3.192016105641538E-4,2.2825573594775032E-4,511.9655172413793,36.34175091078254,13.406509638029569,0.3650332090786337,1.2815160513050277E-4,0.36503320907863357,0.0015735351406051085
Track_264,264,264,12,0,0,0,0,0,9901.68299999999,111618.972,121520.65499999998,1.1301411806122061,118.53712428356799,1.1167875774431268,0.0,9.131121870942643E-4,0.002037580377983407,1.930759557402937E-4,8.887112575642076E-4,6.223839589995985E-4,292.4166666666667,9.041347420044096,2.2450004470022766,0.12499698641230782,1.1413627164313453E-4,0.12499698641230793,0.00277969149075274
Track_265,265,265,116,0,0,0,0,0,103517.59499999999,111618.972,215136.56699999998,4.20558263418227,154.1736566435878,125.57567127485208,0.0,3.615997825155042E-4,0.0028067479052980996,7.40220696292941E-6,2.7771463617211345E-4,3.732096856103862E-4,409.7413793103448,37.431939838528066,4.87444503522655,0.11235278354058302,4.062674209328637E-5,0.1123527835405831,0.0019169685566002089
Track_266,266,266,2,0,0,0,0,0,900.1529999999912,111618.972,112519.12499999999,0.6375539176965834,96.53604715123643,9.988521059751559,0.0,7.082728355030641E-4,7.082728355030641E-4,7.082728355030641E-4,7.082728355030641E-4,NaN,131.0,0.6375539176965834,0.6375539176965834,1.0,7.082728355030641E-4,1.0,NaN
Track_267,267,267,69,0,0,0,0,0,61210.403999999995,112519.12499999999,173729.52899999998,10.13656447630474,107.10009755096334,92.49888282174034,0.0,3.8301186728226824E-4,0.0011025888891276626,2.900048326318406E-5,3.0463635969404923E-4,2.734737254147377E-4,531.7536231884058,23.44431113314203,10.53683933768399,0.4323677679731521,1.6560198616406355E-4,0.4323677679731523,0.0015354340596567008
Track_268,268,268,150,0,1,0,0,0,102617.442,112519.12499999999,215136.56699999998,6.648217089611467,109.8680098481645,75.68388184711635,0.0,3.6870248451356934E-4,0.0023442903116676116,4.295765989153235E-5,3.2462216602723E-4,3.058905533926383E-4,420.5466666666667,49.45140848380916,11.771621506992354,0.1344393879456063,6.478642382852876E-5,0.1757146386306611,0.001771209828349686
Track_269,269,269,3,0,0,0,0,0,1800.3059999999969,112519.12499999999,114319.43099999998,0.6031663824695389,1.4465254226113027,76.50158445488705,0.0,8.773860616844105E-4,0.001115436688298353,6.393354350704679E-4,0.001115436688298353,3.3665442468885123E-4,205.33333333333334,1.579563391166815,1.0040636812818338,0.38185639515485553,3.350354786739254E-4,0.3818563951548563,0.002861430172548367
Track_270,270,270,114,0,0,0,0,0,101717.28899999999,113419.27799999999,215136.56699999998,13.105388793981835,123.9866957455354,35.778765613710036,0.0,3.956130985213814E-4,0.002366880046543326,5.2315370832061784E-5,3.039119946971964E-4,3.038875028067852E-4,645.4035087719299,40.24069187448474,13.334428048962259,0.3256750364744975,1.2884131029073962E-4,0.3256750364744969,0.001826739649897857
Track_271,271,271,8,0,0,0,0,0,6301.070999999996,113419.27799999999,119720.34899999999,1.1136550710441464,13.611592328210602,103.59067870483327,0.0,3.9785536847077377E-4,9.822677810896376E-4,1.711808347799952E-4,3.2906943560041417E-4,2.6963609214117253E-4,285.375,2.5069149244655096,1.4891200349114733,0.4442332925524327,1.7674060029543344E-4,0.44423329255243343,0.0014109528766837675
Track_272,272,272,10,0,0,0,0,0,8101.377000000008,114319.43099999998,122420.80799999999,0.6938416495328206,28.608045026388886,2.0762109826635853,0.0,4.239385691510247E-4,8.566397144573946E-4,1.1748453448109944E-4,3.561445685009289E-4,2.2295714361877307E-4,209.6,3.4344861735330325,0.734032208049267,0.20202196616184667,8.564490327173022E-5,0.20202196616184717,0.0021521009733671474
Track_273,273,273,106,0,3,0,0,0,91815.606,114319.43099999998,206135.03699999998,6.861566838837974,49.452124285553545,34.9047391853393,0.0,8.196087877303194E-4,0.0025079037032005353,6.327895740645696E-5,6.653295421802578E-4,5.948923898730211E-4,463.20754716981133,77.46619745569019,7.124469567040571,0.08857497933550584,7.473203236101251E-5,0.09118012578655028,0.0020393735037255636
Track_274,274,274,2,0,0,0,0,0,900.1530000000057,115219.58399999999,116119.737,0.8645665798328644,96.50875473136077,1.59355659690156,0.0,9.604662538844608E-4,9.604662538844608E-4,9.604662538844608E-4,9.604662538844608E-4,NaN,152.0,0.8645665798328644,0.8645665798328644,1.0,9.604662538844608E-4,1.0,NaN
Track_275,275,275,6,0,0,0,0,0,4500.764999999999,115219.58399999999,119720.34899999999,0.4721394109929497,12.926250891659498,13.417636557618742,0.0,4.6414464251669316E-4,6.11472494304887E-4,2.0312631526576391E-4,5.438673950237521E-4,1.6216171020822968E-4,139.83333333333334,2.089005961976641,0.7579813599549983,0.22601151915631976,1.049020357634646E-4,0.22601151915631937,0.0019558155411613172
Track_276,276,276,3,0,0,0,0,0,1800.3059999999969,115219.58399999999,117019.88999999998,0.1624178199142809,10.126920545969963,117.2367837592938,0.0,1.5702918727896286E-4,2.387159376572166E-4,7.534243690070913E-5,2.387159376572166E-4,1.1552251025111197E-4,154.66666666666666,0.28270058803343884,0.1624178199142809,0.5745223985705665,9.021678532109607E-5,0.5745223985705642,0.0028467007969369086
Track_277,277,277,3,0,0,0,0,0,1800.3059999999969,116119.737,117920.04299999999,0.7089679484228634,39.22414076045141,0.9256105621504508,0.0,4.765631946436719E-4,8.598283392796481E-4,9.329805000769567E-5,8.598283392796481E-4,5.420187655290834E-4,138.0,0.8579595786961745,0.7089679484228634,0.8263419000464672,3.9380413575406883E-4,0.8263419000464727,0.0027674891635768536
Track_278,278,278,18,0,0,0,0,0,15302.600999999995,116119.737,131422.338,1.2188574463849844,22.70693836104793,4.0648781204511995,0.0,3.7076514903397424E-4,0.0014633955926537639,8.371424202711049E-5,2.9403587552047193E-4,3.568389059653559E-4,333.8333333333333,5.673671140372442,1.7813417358700874,0.21482694647419656,7.965034482601911E-5,0.2148269464741966,0.0019402612660111393
Track_279,279,279,39,0,0,0,0,0,34205.813999999984,116119.737,150325.55099999998,2.8606591380464454,96.35295273724911,60.38979497898817,0.0,3.609337687284115E-4,8.293981119847895E-4,6.94181105780749E-5,3.5483635580405335E-4,1.8483094855256178E-4,337.71794871794873,12.346033359443046,2.8606591380464454,0.23170673970829894,8.363078680268935E-5,0.23170673970829875,0.0016911411008491833
Track_280,280,280,30,0,0,0,0,0,26104.437000000005,116119.737,142224.174,1.870602169067603,2.117076826324126,77.74590746597657,0.0,5.14527442640329E-4,0.0012433071417243442,7.910647422803379E-5,5.092804361842105E-4,3.2219408411010976E-4,342.46666666666664,13.431449211175625,2.6119545890383877,0.1392703154854779,7.165839926245498E-5,0.13927031548547833,0.0021256987327177347
Track_281,281,281,13,0,0,0,0,0,10801.835999999996,116119.737,126921.57299999999,1.297606210441697,159.21867057612323,143.66830472625787,0.0,3.971272497201989E-4,6.834570471696839E-4,1.7885056800499236E-4,3.522873650405831E-4,1.4664943622666178E-4,266.46153846153845,4.289703422608631,1.297606210441697,0.3024932221660685,1.2012830137781184E-4,0.3024932221660684,0.002542327659694948
Track_282,282,282,110,0,0,0,0,0,98116.677,117019.88999999998,215136.56699999998,4.390676399348276,96.96417727653565,54.410337936853914,0.0,3.9197729665689816E-4,0.0014785371839251469,5.372297538735129E-5,3.375084750005253E-4,2.2618813749676403E-4,341.6363636363636,38.459509807418044,4.5398736981439916,0.11416360794337024,4.474954241824024E-5,0.11416360794337022,0.001628928047605517
Track_283,283,283,6,0,0,0,0,0,4500.764999999999,117019.88999999998,121520.65499999998,0.7001619993105752,21.151552795281663,76.53064249263859,0.0,6.675191097954848E-4,0.0018749073671262744,1.4716965513789104E-4,4.773447040531735E-4,7.122010392745745E-4,159.5,3.0043466461986643,1.001480647426504,0.23304967161378506,1.5556510933376332E-4,0.23304967161378426,0.00229212024213063
Track_284,284,284,9,0,0,0,0,0,7201.224000000002,117019.88999999998,124221.11399999999,0.25628748518745875,95.57186988989628,9.28285360851533,0.0,2.8246544000526624E-4,5.88553927904937E-4,6.063073579134692E-5,2.767113218618668E-4,1.8146114025246514E-4,144.44444444444446,2.034096905736488,0.6623083779770991,0.1259957106589592,3.55894338500592E-5,0.12599571065895945,0.0017385381990079932
Track_285,285,285,109,0,0,0,0,0,97216.52399999999,117920.04299999999,215136.56699999998,11.596980012800687,81.911759394823,24.97899018346696,0.0,3.506733199870898E-4,0.0018784409895317203,4.1012660570617215E-5,2.808927784110185E-4,2.773474744060535E-4,425.22935779816515,34.09124122868457,11.689886420934554,0.3401747661520438,1.1929021462236901E-4,0.34017476615204356,0.001772067222750472
Track_286,286,286,14,0,0,0,0,0,11701.989000000001,117920.04299999999,129622.03199999999,1.764562060051128,71.19007708969276,30.99848458223504,0.0,4.944645800488174E-4,9.027053145506527E-4,2.0973573658983994E-4,4.5693753281561875E-4,1.962876795234025E-4,248.92857142857142,5.786219076620881,2.0323527840919526,0.30495942802802106,1.5079163551180299E-4,0.30495942802802106,0.0013490956176903915
Track_287,287,287,142,0,1,0,0,0,96316.371,118820.19599999998,215136.56699999998,17.061430545127905,83.07594259325003,18.624351657995653,0.0,3.952509478940529E-4,0.0031790470962453753,6.0612686012592986E-5,3.062866185448284E-4,3.5159787432336673E-4,373.77464788732397,50.165872036454196,17.12638764412741,0.3401003481556111,1.7713946619861648E-4,0.4481696176630012,0.0015198236463280328
Track_288,288,288,9,0,0,0,0,0,7201.224000000002,118820.19599999998,126021.41999999998,0.6120305704507281,147.7977827538147,140.07206742577407,0.0,6.791857049747304E-4,0.001305842800866144,2.764843015493409E-4,7.474644838588988E-4,3.326318386650705E-4,318.44444444444446,4.890968399120956,1.286919192823803,0.12513484457612262,8.498979763033728E-5,0.12513484457612278,0.001682419173417178
Track_289,289,289,2,0,0,0,0,0,900.1530000000057,118820.19599999998,119720.34899999999,0.4827532257263551,151.36428222486023,144.62511021754602,0.0,5.363013018079727E-4,5.363013018079727E-4,5.363013018079727E-4,5.363013018079727E-4,NaN,176.5,0.4827532257263551,0.4827532257263551,1.0,5.363013018079727E-4,1.0,NaN
Track_290,290,290,121,0,1,0,0,0,95416.218,119720.34899999999,215136.56699999998,2.039226216521131,67.04343420256141,40.36484930707891,0.0,5.483522762399765E-4,0.0036465342478453956,5.682329397574484E-5,4.414062876894065E-4,4.6943799030932024E-4,405.54545454545456,59.23211358170924,7.297243715248253,0.03442771316454998,2.137190363719018E-5,0.03897476962024527,0.0018615653954263914
Track_291,291,291,2,0,0,0,0,0,900.1530000000057,119720.34899999999,120620.502,0.23189714895915667,40.088155468722334,0.856503823698366,0.0,2.5761970349391183E-4,2.5761970349391183E-4,2.5761970349391183E-4,2.5761970349391183E-4,NaN,136.0,0.23189714895915667,0.23189714895915667,1.0,2.5761970349391183E-4,1.0,NaN
Track_292,292,292,4,0,0,0,0,0,2700.458999999988,120620.502,123320.96099999998,0.36956621783239035,95.9209137693579,1.0903933944994841,0.0,2.037178138173924E-4,4.036235796914393E-4,8.6625249823874E-5,1.209046119368638E-4,1.7396983959579122E-4,137.25,0.550131603783502,0.4378648354941794,0.6717778351411146,1.3685311194592918E-4,0.6717778351411179,0.001890931062501712
Track_293,293,293,3,0,0,0,0,0,1800.3059999999969,120620.502,122420.80799999999,0.6853909448797327,5.811969944661893,59.515615020973776,0.0,5.72342094925786E-4,7.837118444214584E-4,3.609723454301135E-4,7.837118444214584E-4,2.989219664121837E-4,163.33333333333334,1.0303909075474633,0.6853909448797327,0.6651756531034425,3.807080267908533E-4,0.6651756531034444,0.0020732703165852844
Track_294,294,294,2,0,0,0,0,0,900.1529999999912,120620.502,121520.65499999998,0.12042686856079492,115.95839131337132,4.112983409880228,0.0,1.3378488830320635E-4,1.3378488830320635E-4,1.3378488830320635E-4,1.3378488830320635E-4,NaN,135.5,0.12042686856079492,0.12042686856079492,1.0,1.3378488830320635E-4,1.0,NaN
Track_295,295,295,3,0,0,0,0,0,1800.3059999999969,120620.502,122420.80799999999,0.5669469531367278,1.5348177036499837,103.08788235377062,0.0,6.149285840737817E-4,8.758015879202219E-4,3.540555802273415E-4,8.758015879202219E-4,3.6893014009664425E-4,184.0,1.107059619479528,0.7883554267711438,0.5121196213472873,3.149169936314875E-4,0.5121196213472855,0.0027738759221952796
Track_296,296,296,106,0,0,0,0,0,94516.06499999999,120620.502,215136.56699999998,7.091691619317551,99.73441491990131,39.4031296705919,0.0,3.642399173888204E-4,0.0023138957885232387,3.2878406410334096E-5,3.0055605062364167E-4,3.499982488304439E-4,382.7830188679245,34.426523707516374,7.091691619317551,0.2059949961711997,7.503160038790815E-5,0.2059949961711997,0.001879242552475811
Track_297,297,297,84,0,0,0,0,0,74712.69899999998,120620.502,195333.20099999997,5.767918296489326,130.88689756485928,47.693222896188594,0.0,4.1187771944740833E-4,0.0030084044307902695,5.256601584737117E-5,3.3118152480091225E-4,3.7543393512300095E-4,1194.392857142857,30.772496077880614,5.767918296489326,0.18743745329893235,7.720131080379425E-5,0.18743745329893208,0.0018037150389969316
Track_298,298,298,27,0,2,0,0,0,21603.672000000006,120620.502,142224.174,0.9353213046793419,9.958900216063958,74.85766152794697,0.0,8.903558202290343E-4,0.00252932861688037,1.0103884613587262E-4,5.620180038451688E-4,7.016288702201603E-4,281.44444444444446,20.837868028812284,4.2405558002250245,0.04488565257185062,4.329455217980266E-5,0.048626123619504844,0.0018062486663699853
Track_299,299,299,19,0,0,0,0,0,16202.754,120620.502,136823.256,1.1314851190155912,122.68297526066662,49.28796700714275,0.0,4.6807006404256277E-4,0.0011696935149179606,6.837686887651059E-5,4.595799262145202E-4,2.8646396807116293E-4,318.7894736842105,7.584024102445909,2.9121373233498598,0.14919323880453889,6.983288884195805E-5,0.14919323880453925,0.0018775886413366838
Track_300,300,300,117,0,1,0,0,0,94516.06499999999,120620.502,215136.56699999998,2.129414734085989,89.7047894906446,49.29649333545626,0.0,3.4378634469212955E-4,0.0023514112318079386,2.4025026579883075E-5,2.8182590234594675E-4,2.913830712127366E-4,333.5726495726496,35.89739590590387,4.763121118522199,0.059319476534390465,2.252965920752191E-5,0.06553389788561224,0.0018190743703896156
Track_301,301,301,10,0,0,0,0,0,8101.377000000008,121520.65499999998,129622.03199999999,1.5719633241331892,64.40095033305522,32.71652291694174,0.0,6.090654756417193E-4,0.0014682254513805316,6.348127517699353E-5,4.6413355997893267E-4,4.7357470717622534E-4,249.9,4.9342690358578905,1.5719633241331892,0.31858078931439576,1.9403655997408685E-4,0.3185807893143958,0.0018322879878823104
Track_302,302,302,3,0,0,0,0,0,1800.3059999999969,121520.65499999998,123320.96099999998,0.9398757905719117,65.25623086056552,45.80314839400294,0.0,5.875371965354519E-4,7.634835252335263E-4,4.115908678373775E-4,7.634835252335263E-4,2.488256842945713E-4,229.66666666666666,1.057746740145954,0.9398757905719117,0.8885641098191636,5.22064466025172E-4,0.8885641098191657,0.0011144501936548698
Track_303,303,303,7,0,0,0,0,0,5400.918000000005,121520.65499999998,126921.57299999999,1.297326555183377,14.208555872094411,14.424684344708416,0.0,2.80652862264259E-4,4.503413581215636E-4,1.034472586857239E-4,3.303997353914333E-4,1.4796780142086193E-4,142.42857142857142,1.5157830955545561,1.3279138348034665,0.855878759294874,2.402048235472888E-4,0.8558787592948727,0.001227750174530373
Track_304,304,304,119,0,1,0,0,0,93615.912,121520.65499999998,215136.56699999998,5.882808281403635,60.67752081482443,24.379254773015386,0.0,4.73300644135473E-4,0.00597942356125643,5.485797518984542E-5,3.1314737968581567E-4,7.150462937638493E-4,490.7647058823529,50.273073377016445,6.463088874207759,0.11701708064049061,6.283983305534251E-5,0.13276937995747973,0.0018388941097989542
Track_305,305,305,143,0,3,0,0,0,93615.912,121520.65499999998,215136.56699999998,8.382821814845512,54.468584483260244,28.20226490031706,0.0,6.046512120452749E-4,0.005471325052754743,3.1185959206359585E-5,3.7065109151769376E-4,8.756728438416897E-4,447.5104895104895,77.28756155161913,13.32872325432865,0.10846275450476929,8.954483950170258E-5,0.1480933763430506,0.0018593351648481435
Track_306,306,306,58,0,1,0,0,0,48608.26199999999,122420.80799999999,171029.06999999998,9.429597324292203,10.331735734582095,84.17673981737134,0.0,8.321493339691164E-4,0.003256523823063162,8.43340185517214E-5,6.161216044054416E-4,7.277705088108596E-4,362.63793103448273,42.696518006957206,9.465754560355162,0.2208516704513397,1.9399165772049628E-4,0.23312120769863634,0.0015349146555928696
Track_307,307,307,104,0,0,0,0,0,92715.75899999999,122420.80799999999,215136.56699999998,6.292115441947627,46.305531859301674,18.67087316521434,0.0,4.593586641727694E-4,0.0020765688853500953,6.826346906454305E-5,4.162320226238379E-4,3.140414139939237E-4,518.5769230769231,42.589787202004416,7.222149249753318,0.14773765861059523,6.786457350737568E-5,0.14773765861059526,0.0019991619537989584
Track_308,308,308,71,0,0,0,0,0,63010.70999999999,123320.96099999998,186331.67099999997,7.7385370334710615,53.23314309031044,5.026547437666572,0.0,3.84246427030354E-4,0.0024810454589766382,1.1201244972079336E-5,3.3414056670339186E-4,3.322757534127646E-4,392.85915492957747,24.211640182145818,7.752768151631946,0.3196205203469703,1.2281304294890603E-4,0.31962052034697064,0.0018381506161225959
Track_309,309,309,122,0,1,0,0,0,91815.606,123320.96099999998,215136.56699999998,7.283108379871208,124.60212788997148,76.00451639411293,0.0,4.928587920541397E-4,0.001994110994622983,5.459529031831037E-5,4.3946118114117756E-4,3.1331815456788685E-4,394.6475409836066,53.681446749513036,7.6105574982457895,0.13567272905023328,7.932320764588982E-5,0.1609451001478255,0.0017764194385358552
Track_310,310,310,9,0,0,0,0,0,7201.224000000002,123320.96099999998,130522.18499999998,1.2096190144684273,21.918017065668515,76.26528172269592,0.0,5.537167267842571E-4,0.0013217575032196973,2.003590347812002E-4,6.025125117762718E-4,3.790590779318427E-4,156.66666666666666,3.9874381821202443,1.2096190144684273,0.3033574338261554,1.6797408530389097E-4,0.303357433826156,0.0018443633143850895
Track_311,311,311,3,0,0,0,0,0,1800.3060000000114,123320.96099999998,125121.26699999999,0.5727021267258161,14.519918365984106,104.59069871046854,0.0,3.9294527124442103E-4,4.2227334532414236E-4,3.6361719716469977E-4,4.2227334532414236E-4,4.147616012182469E-5,251.33333333333334,0.7074217294929632,0.5727021267258161,0.809562532290737,3.181137688403041E-4,0.8095625322907373,0.0013984722129008757
Track_312,312,312,8,0,0,0,0,0,6301.071000000011,123320.96099999998,129622.03199999999,0.7802126199814057,1.1584896482015354,65.89883904430522,0.0,0.001163807377921944,0.002171236895977923,2.2591685744328952E-4,0.0012830151019835047,8.934550308112146E-4,161.5,7.333232918609988,2.051895719634691,0.10639408684284567,1.2382222323497138E-4,0.10639408684284529,0.002882572100512848
Track_313,313,313,4,0,0,0,0,0,2700.4590000000026,123320.96099999998,126021.41999999998,0.8413101073528081,57.65073386741529,37.09239198467975,0.0,0.0010023770722630558,0.0016882837775036477,4.903236726008191E-4,8.285237666847008E-4,6.17613011626285E-4,266.5,2.7068781861864246,1.5783144184247389,0.3108045687634303,3.115433736830692E-4,0.3108045687634306,0.002403469029108824
Track_314,314,314,5,0,0,0,0,0,3600.6120000000083,123320.96099999998,126921.57299999999,0.5639077785320428,118.3181047626883,1.3648890795695383,0.0,4.5968827416114044E-4,7.345236179825915E-4,2.4346545497472936E-4,5.127693874806064E-4,2.141493615066525E-4,384.4,1.6551591162038992,0.6611836382978878,0.3406970200093892,1.5661442513995995E-4,0.34069702000938984,0.0018749605773615817
Track_315,315,315,104,0,2,0,0,0,90915.453,124221.11399999999,215136.56699999998,9.588581912507356,2.999206365871131,131.11128773214443,0.0,5.943863795219076E-4,0.002830622983265958,3.778490521092742E-5,4.088250959582366E-4,5.705962666477949E-4,416.91346153846155,55.10898431663567,9.588581912507356,0.1739930799198719,1.0546702013911054E-4,0.1774384874430375,0.0019021477280726572
Track_316,316,316,106,0,1,0,0,0,90915.453,124221.11399999999,215136.56699999998,16.351022196205992,20.388401481382367,122.34165643179621,0.0,5.904457701558723E-4,0.0030315453387259306,1.074273504144113E-5,4.43743492553143E-4,5.142724056030968E-4,522.0943396226415,55.80661079102746,16.351022196205992,0.29299435970827487,1.7984865780964644E-4,0.3045980967264242,0.001789448508177889
Track_317,317,317,24,0,2,0,0,0,16202.754,124221.11399999999,140423.868,5.429084747339912,147.95071520658615,149.62669604761365,0.0,0.0011806323878698329,0.00286401661666814,4.852205904862742E-5,7.632645786577682E-4,9.648294349438798E-4,343.125,24.443245074278387,5.802735223324597,0.2221098193321694,3.350717259139966E-4,0.2838069913688823,0.0019357557828550253
Track_318,318,318,73,0,0,0,0,0,64811.01599999999,124221.11399999999,189032.12999999998,1.0174559463746147,29.91917231569782,1.986067299159358,0.0,2.8308346964872394E-4,0.0015459259457106648,4.445911198765491E-5,2.2900115196095082E-4,2.4040670111473338E-4,247.65753424657535,18.34692728073893,2.340418473144811,0.05545647676070345,1.5698811855913735E-5,0.055456476760703366,0.002208988645119136
Track_319,319,319,3,0,0,0,0,0,1800.3059999999969,125121.26699999999,126921.57299999999,0.8731703868109021,1.34166416013177,103.91126211036665,0.0,6.861349457537845E-4,0.0011692116307382274,2.0305826076934158E-4,0.0011692116307382274,6.831735995712345E-4,167.33333333333334,1.2352528596502035,1.0524693570438972,0.706875827074114,4.85012207264156E-4,0.70687582707411,0.0032924199377245143
Track_320,320,320,67,0,0,0,0,0,59410.098,125121.26699999999,184531.365,4.388379329229063,62.66789378628847,47.80016622241672,0.0,3.48583885048457E-4,0.0013275828724588965,2.77617939862263E-5,2.9440189147264924E-4,2.2165162604962047E-4,398.13432835820896,20.709402771949538,4.7529022597549355,0.21190274666795478,7.386588268595456E-5,0.2119027466679545,0.0019668898153778996
Track_321,321,321,133,0,1,0,0,0,90015.29999999999,125121.26699999999,215136.56699999998,6.306846265290522,63.3977331412964,56.55838981164643,0.0,3.3209393173828466E-4,0.0022608191496783004,1.4925384985196346E-5,2.722670550713986E-4,3.1685186389749867E-4,429.42857142857144,39.45946605955365,12.179560302256844,0.15983100875647943,7.00641587073589E-5,0.21097693155855313,0.0016914608715503051
Track_322,322,322,101,0,0,0,0,0,90015.29999999999,125121.26699999999,215136.56699999998,5.135967760400271,129.18521267542874,80.0842427647129,0.0,4.724827445199579E-4,0.002247799132331989,1.0725652719729647E-5,4.0344460202647157E-4,3.472223428294211E-4,484.9306930693069,42.53067599278739,8.267893262061827,0.12075913774028091,5.705660882539159E-5,0.12075913774028098,0.0018571271821849187
Track_323,323,323,108,0,1,0,0,0,89115.147,126021.41999999998,215136.56699999998,6.079277883774408,54.46115538294478,37.80243137076305,0.0,5.312243586478246E-4,0.00248038297148543,6.603776801246962E-5,4.2701501556985334E-4,4.321381802584463E-4,384.5740740740741,51.16560241176098,6.388327644576852,0.11881571988248532,6.821823324574001E-5,0.12841699017601962,0.002009162276257128
Track_324,324,324,8,0,0,0,0,0,6301.070999999996,126021.41999999998,132322.49099999998,1.622256694814,20.138739924798497,21.50823767661698,0.0,7.987043322215536E-4,0.001659082427855341,1.2226099258059623E-4,7.888737221442612E-4,4.8588381495010176E-4,359.375,5.032692705335602,2.2087037961884346,0.3223436815631724,2.574572949287512E-4,0.322343681563173,0.0013963877457237664
Track_325,325,325,25,0,0,0,0,0,21603.672000000006,126921.57299999999,148525.245,1.6744048949468482,14.790423897364619,106.37114253043312,0.0,4.2740282832779276E-4,0.0010192489468452152,3.0162700179724123E-5,3.758668135350235E-4,2.8927767063422226E-4,192.44,9.233470515065928,2.119713771680999,0.18134079620601817,7.75055691896659E-5,0.18134079620601784,0.0017258577036111428
Track_326,326,326,3,0,0,0,0,0,1800.3059999999969,126921.57299999999,128721.87899999999,0.18535426313742923,159.9184363117622,154.69947494191226,0.0,1.0356431039075788E-4,1.7178730311882105E-4,3.5341317662694725E-5,1.7178730311882105E-4,9.648188158170797E-5,129.33333333333334,0.18644744938234245,0.18535426313742923,0.9941367594540194,1.0295708792695772E-4,0.994136759454014,3.204348674264547E-4
Track_327,327,327,3,0,0,0,0,0,1800.3060000000114,127821.72599999998,129622.03199999999,0.6507353686818634,1.2704795375600388,112.67766947105663,0.0,3.982467911023888E-4,5.307491598738247E-4,2.6574442233095287E-4,5.307491598738247E-4,1.8738664696312597E-4,174.66666666666666,0.7169660875023818,0.6507353686818634,0.9076236380283491,3.6145820137346613E-4,0.9076236380283492,0.0010250193588659713
Track_328,328,328,168,0,4,0,0,0,87314.841,127821.72599999998,215136.56699999998,3.606171987819007,9.990650262699294,116.60399946849958,0.0,7.96481392666212E-4,0.004315100054827986,1.5018313451265312E-5,4.89508438524332E-4,8.273976585369682E-4,465.5892857142857,119.73150421379569,9.867122133349024,0.030118823040757362,4.13007908680611E-5,0.0518540561629534,0.001979969760524386
Track_329,329,329,78,0,0,0,0,0,69311.781,127821.72599999998,197133.50699999998,2.5745323887071603,98.57732994688477,2.794082542824422,0.0,4.034325804165377E-4,0.0016506159449600553,3.541614029794633E-5,3.5638809159767803E-4,2.787970844057129E-4,372.06410256410254,27.962630662095957,2.8456090572111044,0.09207046432140603,3.7144225001333614E-5,0.09207046432140606,0.001989424007744236
Track_330,330,330,30,0,0,0,0,0,26104.43699999999,127821.72599999998,153926.16299999997,0.2714499269951634,148.08957899428756,141.57772870536166,0.0,5.15345424063163E-4,0.001295263344431674,6.802972251514534E-5,4.4966989371722195E-4,3.336869474117106E-4,507.8,13.452802155695093,1.6590157480182333,0.020177946858472764,1.0398612580503593E-5,0.020177946858472722,0.0018952098660647298
Track_331,331,331,3,0,0,0,0,0,1800.3060000000114,127821.72599999998,129622.03199999999,0.19759335185324567,29.58603903391723,57.05135995616454,0.0,6.378228587927903E-4,6.911602482930422E-4,5.844854692925385E-4,6.911602482930422E-4,7.54304596128325E-5,136.66666666666666,1.1482763196218204,0.6221499709817307,0.1720782258388139,1.0975542594050367E-4,0.1720782258388139,0.003153455638612212
Track_332,332,332,12,0,0,0,0,0,9901.68299999999,128721.87899999999,138623.56199999998,0.6410644205168134,71.26071667373355,105.76400079041008,0.0,1.6735202418731557E-4,3.194883200024273E-4,3.2902879026323435E-5,1.8122211339919084E-4,9.947039173884905E-5,167.16666666666666,1.6570666929111346,0.6940087689083314,0.38686700013901765,6.474297556453929E-5,0.3868670001390188,0.0018518285116114516
Track_333,333,333,62,0,0,0,0,0,54909.332999999984,128721.87899999999,183631.21199999997,6.539459418573442,154.5074157037148,155.25314437488422,0.0,5.963247559743775E-4,0.002443084016626227,1.296978507617596E-4,4.5478451750436327E-4,4.5070164219628554E-4,400.16129032258067,32.74379460194084,6.539459418573442,0.19971599193289052,1.1909559015356176E-4,0.19971599193289066,0.001779201013985248
Track_334,334,334,4,0,0,0,0,0,2700.4590000000026,128721.87899999999,131422.338,0.26390270149829215,117.89106434331498,1.483196513595883,0.0,2.674060702348468E-4,3.5018190633156104E-4,1.6813635603412549E-4,2.8389994833885384E-4,9.213675491874248E-5,432.5,0.7221191290203236,0.4040306640162119,0.365455907332521,9.77251280238996E-5,0.36545590733252037,0.002070420948093195
Track_335,335,335,4,0,0,0,0,0,2700.4590000000026,128721.87899999999,131422.338,0.13349276609488533,115.96182835714828,4.030114314766092,0.0,1.4739151804126993E-4,1.8207792110509703E-4,7.886480427229859E-5,1.8123182874641415E-4,5.93473827818106E-5,138.5,0.3980247514182096,0.16389798691651744,0.33538810242135625,4.943336154886455E-5,0.3353881024213558,0.0028574323068758078
Track_336,336,336,2,0,0,0,0,0,900.1530000000057,130522.18499999998,131422.338,0.773557832941709,18.84406645986659,57.692114228834726,0.0,8.593626116245839E-4,8.593626116245839E-4,8.593626116245839E-4,8.593626116245839E-4,NaN,456.0,0.773557832941709,0.773557832941709,1.0,8.593626116245839E-4,1.0,NaN
Track_337,337,337,95,0,0,0,0,0,84614.382,130522.18499999998,215136.56699999998,8.817470609110682,61.76090789221633,65.69701567249376,0.0,4.169817043117852E-4,0.0024558241615368474,2.4203790044824407E-5,3.00104444845306E-4,3.9789092059270393E-4,535.0,35.28264921564841,10.1344114140316,0.24990953925307838,1.0420770560152152E-4,0.24990953925307818,0.001828238526736422
Track_338,338,338,77,0,0,0,0,0,68411.628,131422.338,199833.966,8.058806708352165,73.4318333193552,29.490178065374707,0.0,3.67781667795603E-4,0.0017097070996268927,3.049860313138766E-5,3.056751377701326E-4,2.644197792269557E-4,291.09090909090907,25.16054264245239,8.326801911947788,0.32029542537587635,1.1779878573204201E-4,0.32029542537587663,0.0016082415430146556
Track_339,339,339,2,0,0,0,0,0,900.1529999999912,131422.338,132322.49099999998,0.14375472880860232,159.9117615965945,143.68783624808032,0.0,1.5970032739834642E-4,1.5970032739834642E-4,1.5970032739834642E-4,1.5970032739834642E-4,NaN,146.0,0.14375472880860232,0.14375472880860232,1.0,1.5970032739834642E-4,1.0,NaN
Track_340,340,340,94,0,0,0,0,0,83714.22899999999,131422.338,215136.56699999998,5.153913136512231,69.28206742330278,34.15198806575422,0.0,4.7399764531990215E-4,0.0018562185945065794,6.61147648712757E-5,3.4806665174307944E-4,3.382844135592735E-4,330.56382978723406,39.68034742577103,6.773551636228134,0.1298857865635758,6.156555699165826E-5,0.1298857865635757,0.001928014708988164
Track_341,341,341,38,0,0,0,0,0,33305.66099999999,131422.338,164727.99899999998,1.1103556916900346,85.29731193046621,1.022778407294134,0.0,3.2969018628030704E-4,0.0010154121205345132,1.4570158134353562E-5,2.791812111619429E-4,2.5906285475530783E-4,208.97368421052633,10.980549579278735,2.0726563179251607,0.10112022933582246,3.3338347246434615E-5,0.10112022933582228,0.00211920194651787
Track_342,342,342,6,0,0,0,0,0,4500.764999999985,131422.338,135923.10299999997,0.44338250609508084,1.3660043867423282,103.76004241486199,0.0,4.2054748478458374E-4,0.001044217750816777,1.3686827470476198E-4,3.3302801661418114E-4,3.5921303185499926E-4,185.5,1.8927854003564786,0.7311821331679249,0.23424869296412376,9.851269864013836E-5,0.2342486929641235,0.002359847101495185
Track_343,343,343,37,0,0,0,0,0,32405.508,131422.338,163827.846,1.5760470363694687,19.789609810215083,75.79950715113416,0.0,0.00115346240778815,0.0032608584488485397,7.005005512056956E-5,9.936399219441588E-4,8.033519553219754E-4,572.6756756756756,37.378535283278154,3.943883211117751,0.042164494259210226,4.8635159071398256E-5,0.042164494259210226,0.0020676261279478766
Track_344,344,344,94,0,0,0,0,0,83714.22899999999,131422.338,215136.56699999998,5.930458765383159,7.224794237120116,23.14059437391022,0.0,3.903001494804624E-4,0.003199003602283527,2.5053143171665518E-5,2.612470533087663E-4,4.601671090587296E-4,946.0744680851063,32.673676092341616,6.395853860489922,0.18150570963067114,7.084170560040827E-5,0.18150570963067092,0.0017783295935298487
Track_345,345,345,4,0,0,0,0,0,2700.4590000000026,132322.49099999998,135022.94999999998,0.09246108258980687,21.107016031049117,77.1814860274873,0.0,3.084783151652969E-4,4.6235196991788825E-4,1.0798515004019957E-4,3.5509782553780296E-4,1.8172505280804216E-4,164.5,0.8330330424929678,0.4161875127775062,0.1109932954317204,3.423902476942134E-5,0.110993295431721,0.0016479245680893287
Track_346,346,346,11,0,0,0,0,0,9001.529999999999,132322.49099999998,141324.02099999998,1.0243401370064205,12.66271652167414,23.242228545687816,0.0,2.8642897736070536E-4,5.915708008789166E-4,3.1644207255418255E-5,3.571476539438562E-4,1.8758209049000426E-4,238.27272727272728,2.5782990325817066,1.0261463566789564,0.39729299203154356,1.1379622542016975E-4,0.39729299203154306,0.001650981195304325
Track_347,347,347,92,0,0,0,0,0,81913.92299999998,133222.644,215136.56699999998,5.695359011009635,134.81377925946816,146.32211358707409,0.0,5.137328889092271E-4,0.0015262260595669212,2.979654860692286E-5,5.112658791840674E-4,2.6399442354128536E-4,466.10869565217394,42.081876304678,7.089847800975637,0.13533994943035643,6.952858320568576E-5,0.13533994943035652,0.0019455154415110845
Track_348,348,348,137,0,2,0,0,0,81913.92299999998,133222.644,215136.56699999998,2.3431100398801403,25.169490403663577,5.510325183118616,0.0,4.5613447925524754E-4,0.0028087924120039826,3.2885664747157094E-5,3.498638462845567E-4,4.307533527180225E-4,368.2773722627737,55.840351507086645,6.594754858186714,0.04196087554324902,2.860453942463653E-5,0.0627107590536469,0.0020040091621890727
Track_349,349,349,72,0,0,0,0,0,63910.86299999998,133222.644,197133.50699999998,2.9441927414763693,40.98727966723669,4.872778572885394,0.0,5.331533988377997E-4,0.0016881955061019925,1.260975752109645E-4,4.904774855061453E-4,2.568434831735922E-4,429.4583333333333,34.07429383110701,4.395791990387795,0.08640509928304266,4.606717235967179E-5,0.08640509928304278,0.0018818223873926477
Track_350,350,350,10,0,0,0,0,0,8101.377000000008,134122.797,142224.174,0.6194249801638176,7.519404380244903,95.23956791671671,0.0,1.748762488417987E-4,3.674290917565919E-4,4.0993314750113355E-5,1.2198211913503556E-4,1.015436817220271E-4,301.0,1.416738420213223,0.6194249801638176,0.4372190175167216,7.645922170562079E-5,0.43721901751672065,0.0014231865722734867
Track_351,351,351,21,0,0,0,0,0,18003.059999999998,134122.797,152125.857,3.1598034866517244,30.79318466628705,61.77308726138844,0.0,4.6623909557266054E-4,0.0011216115736437003,1.0357297816722729E-4,4.1188905928553246E-4,2.5798431962967077E-4,164.47619047619048,8.393730411940346,3.22549533641436,0.37644805486685684,1.7551480063121073E-4,0.37644805486685706,9.318434081503284E-4
Track_352,352,352,5,0,0,0,0,0,3600.6119999999937,134122.797,137723.40899999999,1.1322719657047966,117.71006518738463,1.3571680228825656,0.0,5.844023377621545E-4,8.664049212145548E-4,4.2097183599057084E-4,5.368264854848415E-4,1.9454126579603205E-4,410.0,2.1042060701744716,1.3719550876459938,0.538099372373217,3.1446653116325743E-4,0.5380993723732193,0.0017425294176657221
Track_353,353,353,4,0,0,0,0,0,2700.4590000000026,135022.94999999998,137723.40899999999,0.5507859284583505,159.13446026660938,144.63976784595823,0.0,0.0017885329269601118,0.0025866304631079963,3.504215665877394E-4,0.0024285467511846,0.0012479466449403702,247.0,4.829859839405801,2.3283631712580295,0.11403766294926512,2.0396011509834068E-4,0.1140376629492656,0.002961145870435192
Track_354,354,354,71,0,0,0,0,0,63010.70999999999,135022.94999999998,198033.65999999997,3.895775097582486,25.265255608657785,58.41175665525748,0.0,9.246612825315472E-4,0.003106425021530532,3.1997102425070506E-5,5.244818930764485E-4,8.381367506653152E-4,1233.1549295774648,58.263563921823405,6.370921071240766,0.06686468927320924,6.182718933943907E-5,0.06686468927320927,0.001950467859717787
Track_355,355,355,66,0,0,0,0,0,58509.94500000001,135022.94999999998,193532.895,0.827683256882593,18.529217870894716,1.3075745845446345,0.0,3.317447143088227E-4,0.0023794494699745875,3.09734537831236E-5,2.650445501555937E-4,3.433450362832306E-4,325.6060606060606,19.410364988249896,2.0722836781720537,0.04264130310705815,1.4146026917006894E-5,0.042641303107058076,0.0022685224651241382
Track_356,356,356,75,0,0,0,0,0,66611.32199999999,135022.94999999998,201634.27199999997,2.3019265148277652,4.901315386775512,86.17348633984594,0.0,4.666279700401504E-4,0.001615052972817428,6.955386514037263E-5,4.289173290889899E-4,2.6375002174563355E-4,620.56,31.082705966550847,4.9173381086328085,0.07405811184215899,3.4557586393913124E-5,0.0740581118421591,0.0018769795569941506
Track_357,357,357,2,0,0,0,0,0,900.1530000000203,135923.10299999997,136823.256,0.0960882322878779,115.91131070029823,4.068726199320546,0.0,1.0674655562762746E-4,1.0674655562762746E-4,1.0674655562762746E-4,1.0674655562762746E-4,NaN,137.0,0.0960882322878779,0.0960882322878779,1.0,1.0674655562762746E-4,1.0,NaN
Track_358,358,358,2,0,0,0,0,0,900.1530000000203,135923.10299999997,136823.256,0.08451634181342045,146.77973652015615,76.9691530752089,0.0,9.389108497490821E-5,9.389108497490821E-5,9.389108497490821E-5,9.389108497490821E-5,NaN,138.5,0.08451634181342045,0.08451634181342045,1.0,9.389108497490821E-5,1.0,NaN
Track_359,359,359,96,0,1,0,0,0,79213.464,135923.10299999997,215136.56699999998,0.7646356241743694,55.85691179289245,15.390410363871185,0.0,3.358368419505792E-4,0.002389174725188335,2.534886163030713E-5,2.5697374551798114E-4,2.985652609992199E-4,471.0625,28.718931375272227,3.9028952821239296,0.026624793735631168,9.65284921985446E-6,0.028742675055510872,0.001865712200935446
Track_360,360,360,89,0,0,0,0,0,79213.464,135923.10299999997,215136.56699999998,12.58277728761237,138.58295296317968,58.674548543291046,0.0,3.715794919164016E-4,0.002595676584626294,3.0680645878020545E-5,3.3914974577256216E-4,3.2060672781288567E-4,508.3820224719101,29.43409870605812,12.617725741726664,0.4274898108234782,1.588464467052264E-4,0.4274898108234775,0.0012987024343993048
Track_361,361,361,106,0,1,0,0,0,79213.464,135923.10299999997,215136.56699999998,10.636998570158209,132.1706317823777,64.6197522800443,0.0,4.1395375963958284E-4,0.0022951792022236784,4.939167280605626E-5,3.380525548126275E-4,3.4957912404368183E-4,476.8679245283019,39.125280453089175,10.636998570158209,0.2718702191262722,1.3428270944139254E-4,0.3243906023665747,0.0017205830925420681
Track_362,362,362,88,0,0,0,0,0,78313.31099999999,136823.256,215136.56699999998,4.988503782356901,92.82539218026245,10.434628996274771,0.0,3.912102620523733E-4,0.0014591564858961147,2.3918316789731366E-5,2.721956098949195E-4,3.445894244303374E-4,600.7727272727273,30.636970918499017,4.988503782356901,0.16282627272870423,6.369930882320761E-5,0.16282627272870429,0.0018011968447336994
Track_363,363,363,88,0,0,0,0,0,78313.31099999999,136823.256,215136.56699999998,11.661090714705077,40.5899862254945,36.279450014797035,0.0,4.1344301677626857E-4,0.0021829013834205506,2.2877410657639917E-5,3.4884695554012645E-4,3.110534857262631E-4,525.0227272727273,32.378091553578116,11.661090714705077,0.360153738382286,1.4890304810002324E-4,0.3601537383822858,0.0017517676272552206
Track_364,364,364,3,0,0,0,0,0,1800.3059999999823,136823.256,138623.56199999998,0.49637606909743953,53.3892333858339,34.930975590201854,0.0,2.7575014907777525E-4,5.277122602452892E-4,2.3788037910261268E-5,5.277122602452892E-4,3.5632823481725575E-4,257.0,0.4964346478856084,0.49637606909743953,0.9998820010077492,2.7571761083807107E-4,0.9998820010077493,8.402264891898115E-5
Track_365,365,365,2,0,0,0,0,0,900.1529999999912,136823.256,137723.40899999999,0.07460726573476992,20.940410736798746,78.51631450715678,0.0,8.288287183931026E-5,8.288287183931026E-5,8.288287183931026E-5,8.288287183931026E-5,NaN,158.5,0.07460726573476992,0.07460726573476992,1.0,8.288287183931026E-5,1.0,NaN
Track_366,366,366,9,0,0,0,0,0,7201.223999999987,136823.256,144024.47999999998,1.2604818890431069,1.703476527538835,90.74108461579087,0.0,6.434972965876986E-4,8.760108329350669E-4,2.569649120131677E-4,7.996005603124159E-4,2.3880905641961056E-4,187.11111111111111,4.633968176122448,2.037508070630376,0.27200918114587413,1.750371727144037E-4,0.2720091811458743,0.0017603208145768533
Track_367,367,367,87,0,0,0,0,0,77413.158,137723.40899999999,215136.56699999998,1.0766105404268607,31.641086009038187,18.79684153279212,0.0,7.352887518184496E-4,0.001579463850769807,6.080550267067793E-5,7.550014207704586E-4,3.6084527321769895E-4,392.18390804597703,56.921024320144404,2.9819533651437418,0.018914110441365463,1.3907332658187911E-5,0.018914110441365456,0.0021301353927642
Track_368,368,368,87,0,0,0,0,0,77413.158,137723.40899999999,215136.56699999998,4.552746943999335,19.056345128221828,26.707987395979828,0.0,3.949182562268493E-4,0.0014370468610295556,4.913262149275049E-5,3.450879216247931E-4,2.4097771349319039E-4,491.4712643678161,30.571869366373544,6.303705877689448,0.1489194818098683,5.8811022074559143E-5,0.14891948180986816,0.002048880474815767
Track_369,369,369,39,0,0,0,0,0,34205.81400000001,138623.56199999998,172829.376,1.2625908360859477,153.9271399549665,148.24406328907438,0.0,7.077998053391926E-4,0.0024010758409973502,1.6629109361443472E-4,5.99530801768604E-4,4.8761771406276435E-4,366.53846153846155,24.210868490668673,1.8253563122198804,0.05214975400707224,3.6911585734692566E-5,0.052149754007072315,0.0021201470470113247
Track_370,370,370,86,0,0,0,0,0,76513.005,138623.56199999998,215136.56699999998,3.4933441418000903,66.25420520192921,16.03800484992729,0.0,4.125464876400042E-4,0.0014318663020175598,1.1049400927867507E-4,3.6564489691631133E-4,2.4288329676752706E-4,323.16279069767444,31.565171471532068,3.9979195966758834,0.11067084317760353,4.565686763707804E-5,0.11067084317760349,0.0017215702201587176
Track_371,371,371,9,0,0,0,0,0,7201.223999999987,139523.715,146724.93899999998,0.6886552342336035,20.628816517693153,94.33391725288025,0.0,5.306468613304059E-4,0.0011582237425109445,9.140410060647471E-5,5.665551553484555E-4,3.33291318599978E-4,247.88888888888889,3.8213069133371644,0.9216647517062763,0.18021458361013923,9.56303031586859E-5,0.18021458361013828,0.001945152172519128
Track_372,372,372,4,0,0,0,0,0,2700.4590000000026,139523.715,142224.174,0.4971138805556544,117.69346225567145,1.0335086619468745,0.0,9.977787806162775E-4,0.001438734358970048,3.3309067214910035E-4,0.0012215113107296842,5.857936277606341E-4,276.5,2.6944606881242676,0.8350409803183507,0.18449476095408066,1.8408495761485508E-4,0.18449476095408154,0.0032370219806912653
Track_373,373,373,105,0,2,0,0,0,75612.85199999998,139523.715,215136.56699999998,10.674775089445115,81.96608290736945,7.52204265405198,0.0,4.29548812812005E-4,0.0028203176004906803,9.900215253017405E-5,3.1807344577312337E-4,4.5139433080861095E-4,426.87619047619046,40.21260385991302,12.372359950745775,0.2654584400113056,1.4117672865249307E-4,0.328662830490187,0.0017996799042304325
Track_374,374,374,85,0,0,0,0,0,75612.85199999998,139523.715,215136.56699999998,3.532041694928585,77.95543260531419,14.827124047762984,0.0,3.1303301620107195E-4,0.0017515245953677902,1.0555161935438044E-5,2.612642900792852E-4,2.512432496805587E-4,392.18823529411765,23.669319125125277,6.362077315440911,0.14922447393846994,4.671218716797755E-5,0.1492244739384701,0.0016434042683725082
Track_375,375,375,84,0,0,0,0,0,74712.699,140423.868,215136.56699999998,4.361749640038387,42.42061892865987,23.123915493341887,0.0,4.838742825343858E-4,0.0011203306693983778,3.1654900795221474E-5,4.844685925086577E-4,2.418395489138028E-4,393.14285714285717,36.15155362483255,5.472873251596214,0.12065178955524322,5.8380298107533064E-5,0.12065178955524333,0.002065908981163988
Track_376,376,376,6,0,0,0,0,0,4500.764999999985,140423.868,144924.63299999997,0.3008573512364059,52.91070329391136,34.322999862912376,0.0,7.011056743707319E-4,0.001485207673897437,1.0185481334790903E-4,3.131951464129952E-4,6.845180366038196E-4,247.0,3.1555118805091595,1.3369141432817866,0.09534343796793465,6.684582537333251E-5,0.09534343796793412,0.002463464521955578
Track_377,377,377,84,0,0,0,0,0,74712.699,140423.868,215136.56699999998,6.092504799247521,126.398299462298,57.00474007737115,0.0,4.7923383572065747E-4,0.001662270078662458,6.481989542467193E-5,4.5927686424091624E-4,2.7956634975296083E-4,423.7857142857143,35.80485331881295,7.22136800544216,0.17015863031189504,8.154577308534286E-5,0.17015863031189518,0.0017992929978318155
Track_378,378,378,94,0,1,0,0,0,74712.699,140423.868,215136.56699999998,2.8406459309181185,42.71699731254301,72.95019606766344,0.0,4.2601728704272086E-4,0.002339858132458686,2.649234581811954E-5,3.4473491723945016E-4,3.857503976058683E-4,467.98936170212767,35.66370872545302,8.408796493893412,0.07965088411825108,3.802092507617907E-5,0.08924737618069087,0.0017541606969502584
Track_379,379,379,84,0,0,0,0,0,74712.699,140423.868,215136.56699999998,3.723338608307446,35.31769615208431,83.09118334684558,0.0,4.22427515228723E-4,0.002305971342122991,1.3815421071521797E-5,3.611088545568178E-4,3.524081910467201E-4,518.5,31.560699794601447,4.810586743850596,0.1179738926113525,4.983541831767376E-5,0.11797389261135231,0.0018999638244394294
Track_380,380,380,40,0,0,0,0,0,35105.967000000004,140423.868,175529.835,2.9139120156474205,1.9774599169947948,103.44599554330944,0.0,2.601923870573281E-4,9.519337709177333E-4,5.978817463618676E-5,1.8824664076010954E-4,1.980242678280993E-4,282.275,9.134305353685777,2.9139120156474205,0.3190075110059278,8.30033257778491E-5,0.31900751100592734,0.0015329897806946318
Track_381,381,381,35,0,0,0,0,0,30605.20199999999,140423.868,171029.06999999998,2.241309766368437,1.5436959621450586,110.60811615618557,0.0,3.166571019753167E-4,0.0010817814561990679,6.840325494334464E-5,2.6422181208797117E-4,2.020330427925558E-4,234.68571428571428,9.691354570689153,2.6527233382476463,0.23126898825341988,7.323296759709142E-5,0.23126898825341966,0.0017849688568764357
Track_382,382,382,25,0,1,0,0,0,20703.519,140423.868,161127.387,2.0520044947129685,1.3532815692718918,122.20080019591457,0.0,8.501579269657428E-4,0.0030581258707454715,1.0009055370061668E-5,5.355209106374824E-4,7.559126594918286E-4,225.08,18.366533002367788,3.1142335455037293,0.11172519573772725,9.911380257206364E-5,0.11658281294371492,0.001967766245940223
Track_383,383,383,82,0,0,0,0,0,72912.39299999998,142224.174,215136.56699999998,9.64826426412833,4.335796029131152,93.39819816238628,0.0,6.735633510710647E-4,0.002448745234286883,2.399211844334352E-5,5.529798676624807E-4,4.773802335213703E-4,473.3414634146341,49.111115763690385,9.78068989081683,0.19645785101998514,1.3232680847724107E-4,0.196457851019985,0.0016654404726289297
Track_384,384,384,78,0,0,0,0,0,69311.78099999999,142224.174,211535.955,2.3683025890188603,85.98469114138517,4.687041333530339,0.0,3.414521228632265E-4,8.188201412805804E-4,3.845750887121437E-5,3.0303434653591247E-4,1.8837979155518738E-4,269.1794871794872,23.66665476188102,2.704472062307629,0.10006917381637709,3.4168831832771124E-5,0.10006917381637699,0.0019686447418029492
Track_385,385,385,82,0,0,0,0,0,72912.39299999998,142224.174,215136.56699999998,8.625338396957929,64.81397354031654,76.12590707410212,0.0,4.3294963926009334E-4,0.002239006639443018,4.618183232587897E-6,3.429383724536063E-4,3.657626193111534E-4,570.9634146341464,31.567394246940093,8.625338396957929,0.27323567886171046,1.1829728859616404E-4,0.27323567886170996,0.0019083552135855115
Track_386,386,386,67,0,0,0,0,0,59410.09799999997,142224.174,201634.27199999997,4.232595228097926,30.012130514994347,78.65321284828543,0.0,4.31030746581426E-4,0.0014073303427943585,4.816643058145244E-5,4.164016387064568E-4,2.538942955770146E-4,434.1940298507463,25.60757889541566,4.648382900253489,0.16528681783562355,7.124370049175695E-5,0.16528681783562346,0.00189260435507837
Track_387,387,387,70,0,0,0,0,0,62110.557,143124.327,205234.884,1.1932521282661899,93.33932050638977,6.165582282055979,0.0,2.3806838224156425E-4,0.0022094838386034414,5.569727446145538E-5,1.6831826551108955E-4,3.2456471745419973E-4,169.94285714285715,14.786559825112445,1.9888735057703841,0.08069842765182304,1.9211744120507403E-5,0.08069842765182295,0.002056150489000543
Track_388,388,388,56,0,0,0,0,0,49508.41499999998,143124.327,192632.74199999997,4.313920666451439,129.25940331082217,159.14118092606617,0.0,4.409062606376078E-4,0.002081451828110445,2.459500783294087E-5,3.020301659658289E-4,4.8047625008452093E-4,337.0,21.82857012774477,4.313920666451439,0.19762726743921338,8.713509948665174E-5,0.19762726743921272,0.0017905492192326065
Track_389,389,389,66,0,0,0,0,0,58509.94499999998,143124.327,201634.27199999997,0.8397389137545181,13.347162392686192,24.99010780361153,0.0,3.56142750647984E-4,8.823091084402464E-4,5.427280814856895E-5,2.9435316856950093E-4,2.0380538026398986E-4,285.95454545454544,20.837892752562233,1.866935805776897,0.04029864841545763,1.4352071494077091E-5,0.040298648415457605,0.0020498908589443475
Track_390,390,390,77,0,0,0,0,0,68411.628,143124.327,211535.955,1.6722083148851334,68.39014906183752,21.972739655033077,0.0,3.550236180173744E-4,0.0015752490455695398,1.727549578903854E-5,3.11507242857622E-4,2.4831554820105474E-4,356.3376623376623,24.287743687018676,2.2259317098535267,0.06884988315233646,2.4443334616815924E-5,0.06884988315233635,0.0018953710367422287
Track_391,391,391,3,0,0,0,0,0,1800.3060000000114,144024.47999999998,145824.786,0.27154508501510916,148.96259945009038,150.49559162232856,0.0,4.0602026151251086E-4,4.38889050383636E-4,3.731514726413858E-4,4.38889050383636E-4,4.648348700032298E-5,234.0,0.7309607129225479,0.335893417552558,0.3714906700380789,1.5083273899831886E-4,0.37149067003807934,0.0026628773879622905
Track_392,392,392,29,0,0,0,0,0,25204.284000000014,144024.47999999998,169228.764,0.8859463685904485,159.50635667655567,151.31405310206293,0.0,4.0346290569398785E-4,0.0017577718483113272,3.503804499323204E-5,2.2329202991622986E-4,4.7569697717013865E-4,161.3793103448276,10.168993658576497,2.4625114357839792,0.08712232481758352,3.515062632171769E-5,0.08712232481758354,0.0019267624552636098
Track_393,393,393,2,0,0,0,0,0,900.1529999999912,144024.47999999998,144924.63299999997,0.1193017236744168,159.37242386839876,159.90271571352827,0.0,1.3253493980958567E-4,1.3253493980958567E-4,1.3253493980958567E-4,1.3253493980958567E-4,NaN,130.5,0.1193017236744168,0.1193017236744168,1.0,1.3253493980958567E-4,1.0,NaN
Track_394,394,394,103,0,1,0,0,0,57609.79199999999,144024.47999999998,201634.27199999997,3.3080710213352993,2.5978151960827796,77.71056813129162,0.0,6.078398716216826E-4,0.0026564515824861416,4.569036865127384E-5,4.901750339923487E-4,4.447706574995182E-4,344.36893203883494,55.80918616390692,4.48563159540448,0.05927466871886952,5.742202682028951E-5,0.09446900327069821,0.0019144634276701564
Track_395,395,395,2,0,0,0,0,0,900.1529999999912,144024.47999999998,144924.63299999997,0.14219684899797919,147.2088092712529,77.68887560829558,0.0,1.5796964404715707E-4,1.5796964404715707E-4,1.5796964404715707E-4,1.5796964404715707E-4,NaN,131.5,0.14219684899797919,0.14219684899797919,1.0,1.5796964404715707E-4,1.0,NaN
Track_396,396,396,2,0,0,0,0,0,900.1529999999912,144024.47999999998,144924.63299999997,0.23439362210461845,64.267052062624,33.09791650436605,0.0,2.603930910685414E-4,2.603930910685414E-4,2.603930910685414E-4,2.603930910685414E-4,NaN,128.5,0.23439362210461845,0.23439362210461845,1.0,2.603930910685414E-4,1.0,NaN
Track_397,397,397,3,0,0,0,0,0,1800.3060000000114,144024.47999999998,145824.786,0.40813589100272163,8.049515512629617,95.36501884402378,0.0,2.876747390212161E-4,3.1249186246185717E-4,2.62857615580575E-4,3.1249186246185717E-4,3.509671254884188E-5,249.66666666666666,0.5179025587083335,0.40813589100272163,0.7880553670571282,2.2670362205242834E-4,0.7880553670571293,0.0014799242311292237
Track_398,398,398,6,0,0,0,0,0,4500.765000000014,144024.47999999998,148525.245,5.526343981848035,118.70586632666691,1.6357695619404191,0.0,0.0023360445969012942,0.003962447632131939,8.056500772396119E-4,0.002655788447921061,0.0013749628834262707,401.3333333333333,10.513987760172473,5.526343981848035,0.5256182628233704,0.0012278677029011773,0.5256182628233698,0.001895864324857246
Track_399,399,399,16,0,0,0,0,0,13502.295000000013,144024.47999999998,157526.775,0.12881319942225997,111.47751769500375,139.89735501910474,0.0,1.0435556363956646E-4,2.5915907163073185E-4,9.591836106336242E-6,9.081623840283318E-5,6.431434895166407E-5,150.625,1.4090396051526977,0.24531044386561246,0.09141914744710138,9.540096659290872E-6,0.09141914744710114,0.0018264860102751221
Track_400,400,400,2,0,0,0,0,0,900.1529999999912,144024.47999999998,144924.63299999997,0.057576538925003765,115.85175312971629,4.190552871216983,0.0,6.396305841896248E-5,6.396305841896248E-5,6.396305841896248E-5,6.396305841896248E-5,NaN,145.5,0.057576538925003765,0.057576538925003765,1.0,6.396305841896248E-5,1.0,NaN
Track_401,401,401,79,0,0,0,0,0,70211.93400000001,144924.63299999997,215136.56699999998,9.961118533242757,75.93284050624314,78.60501980807496,0.0,3.6906370533784427E-4,8.441175725962846E-4,2.741853623273166E-5,3.533443574033561E-4,1.9155723774547182E-4,487.9240506329114,25.91267652097617,10.370534700386838,0.38441102466506255,1.4187215713560542E-4,0.3844110246650625,0.0018165510651490903
Track_402,402,402,3,0,0,0,0,0,1800.3060000000114,144924.63299999997,146724.93899999998,0.8275165278949937,25.17742534137643,73.83315764080443,0.0,4.6313117273546654E-4,4.679526405403954E-4,4.583097049305376E-4,4.679526405403954E-4,6.81858516027568E-6,181.33333333333334,0.8337778290627023,0.8275165278949937,0.9924904441573517,4.596532633313384E-4,0.9924904441573519,2.7247809552566424E-4
Track_403,403,403,8,0,0,0,0,0,6301.070999999996,145824.786,152125.857,0.8453752752974815,140.5574226221697,159.49112171707347,0.0,3.267621061813767E-4,5.571929521560935E-4,6.159254283720686E-5,3.765713239056223E-4,1.977195946709036E-4,194.375,2.0589512311583915,0.9006468008730135,0.41058538080178947,1.3416374379807526E-4,0.4105853808017893,0.001670659138188044
Track_404,404,404,2,0,0,0,0,0,900.1529999999912,145824.786,146724.93899999998,0.44492150874920267,104.67143101661927,159.97929434432604,0.0,4.942732054986286E-4,4.942732054986286E-4,4.942732054986286E-4,4.942732054986286E-4,NaN,151.5,0.44492150874920267,0.44492150874920267,1.0,4.942732054986286E-4,1.0,NaN
Track_405,405,405,48,0,0,0,0,0,42307.19099999999,145824.786,188131.97699999998,3.889515806282486,61.07590355733867,2.212541268208479,0.0,2.3914499487429525E-4,0.0010949431668065073,3.519816763515195E-5,1.9397609566517766E-4,1.9202440370602497E-4,226.0,10.11755297484084,4.04605200170811,0.3844324626670583,9.193509931402646E-5,0.38443246266705877,0.0018077525050373174
Track_406,406,406,24,0,0,0,0,0,20703.519,145824.786,166528.305,2.551138936682952,20.884503200311578,68.56622414758088,0.0,4.962789379261756E-4,0.0021256664844111,1.8247665451802045E-4,3.996988196214859E-4,4.2199873020624777E-4,309.3333333333333,10.274720420654392,2.801697311759689,0.24829278386539994,1.232224790714541E-4,0.24829278386539982,0.001706339572341573
Track_407,407,407,2,0,0,0,0,0,900.1529999999912,146724.93899999998,147625.09199999998,0.021306875120212128,115.97471704503391,4.14458671881926,0.0,2.367028174122881E-5,2.367028174122881E-5,2.367028174122881E-5,2.367028174122881E-5,NaN,137.0,0.021306875120212128,0.021306875120212128,1.0,2.367028174122881E-5,1.0,NaN
Track_408,408,408,2,0,0,0,0,0,900.1529999999912,146724.93899999998,147625.09199999998,0.36991166300927486,9.62103331140797,73.97039082801669,0.0,4.10943098572441E-4,4.10943098572441E-4,4.10943098572441E-4,4.10943098572441E-4,NaN,196.0,0.36991166300927486,0.36991166300927486,1.0,4.10943098572441E-4,1.0,NaN
Track_409,409,409,2,0,0,0,0,0,900.1530000000203,147625.09199999998,148525.245,0.491422694683284,156.9573719382945,147.86879535917836,0.0,5.459324078054208E-4,5.459324078054208E-4,5.459324078054208E-4,5.459324078054208E-4,NaN,152.0,0.491422694683284,0.491422694683284,1.0,5.459324078054208E-4,1.0,NaN
Track_410,410,410,8,0,0,0,0,0,6301.070999999996,147625.09199999998,153926.16299999997,1.4680296530804149,148.83180720840477,150.50538286096938,0.0,6.795349689981862E-4,9.258425511226253E-4,2.5570821052710866E-4,6.818558428726593E-4,2.229913476446019E-4,199.625,4.281798086640371,1.7166328055256748,0.3428535450237159,2.3298097308860918E-4,0.3428535450237161,0.001954654404750494
Track_411,411,411,19,0,0,0,0,0,16202.753999999986,148525.245,164727.99899999998,2.2112733047151254,21.235231827828013,94.66154991319227,0.0,0.0010208874431456743,0.0021386341206908912,1.391343630494977E-4,7.268047140002923E-4,7.491665087651885E-4,190.31578947368422,16.54118810297833,2.2112733047151254,0.13368285826560267,1.3647515136717668E-4,0.13368285826560267,0.0021445321286534045
Track_412,412,412,32,0,0,0,0,0,27904.742999999988,148525.245,176429.98799999998,2.9829056279684543,11.683517312066467,14.446120652397537,0.0,4.644514046484322E-4,0.0014676822757104433,5.0001310100235323E-5,3.8902549407766055E-4,3.4833802806847296E-4,199.0,12.96039708270349,3.1805819046978114,0.23015541953952473,1.068960078925814E-4,0.23015541953952456,0.0019108769550071883
Track_413,413,413,82,0,1,0,0,0,65711.169,149425.398,215136.56699999998,0.41423619272467216,144.44005201420381,152.97964011920354,0.0,6.549554568326969E-4,0.0036823081054379583,9.115568394350971E-5,5.063549649631266E-4,6.009454194368008E-4,424.7560975609756,47.7543696660801,6.599005765836884,0.008674309714926545,6.3038932198067E-6,0.009624918998754107,0.0022872474995947524
Track_414,414,414,85,0,6,0,0,0,65711.169,149425.398,215136.56699999998,4.9227539903816435,135.8131993250256,158.80401467597088,0.0,9.39166865197647E-4,0.0037187400393693454,2.57426581483514E-5,4.53617944727644E-4,0.0010823145977659366,298.91764705882355,71.0130851814937,6.491242216560485,0.06932178735510754,7.491502685611397E-5,0.07976753613464435,0.0018701234468956392
Track_415,415,415,2,0,0,0,0,0,900.1529999999912,149425.398,150325.55099999998,3.368171481185675,113.60677590290443,1.4720560292690192,0.0,0.003741776654841686,0.003741776654841686,0.003741776654841686,0.003741776654841686,NaN,297.0,3.368171481185675,3.368171481185675,1.0,0.003741776654841686,1.0,NaN
Track_416,416,416,74,0,0,0,0,0,65711.169,149425.398,215136.56699999998,6.879009868180797,76.07891225123635,6.110134921566427,0.0,2.6326493481618364E-4,7.432966516702969E-4,4.372786669039797E-5,2.3291087254194347E-4,1.6736468821668406E-4,379.4594594594595,17.299446623480225,7.516820431612286,0.39764334766893883,1.0468555000415223E-4,0.39764334766893883,0.0018041855676564295
Track_417,417,417,74,0,0,0,0,0,65711.169,149425.398,215136.56699999998,6.9476771958742445,37.120882180019684,67.06767246965563,0.0,3.9760807785786884E-4,0.0026440011234071777,4.359743211342997E-5,3.2715037117865103E-4,3.5584948245687197E-4,647.2162162162163,26.127291599883602,6.9476771958742445,0.2659164716447378,1.0573053716141079E-4,0.2659164716447381,0.00186754827278842
Track_418,418,418,5,0,0,0,0,0,3600.6119999999937,149425.398,153026.00999999998,2.079710547577656,24.86015653738796,78.1254443371706,0.0,0.0010478994078623664,0.0016306037941453554,4.927538023752468E-4,0.0012068251199956344,4.8571764540220947E-4,171.0,3.773079182742141,2.352605676230998,0.5511971646633177,5.775991824661084E-4,0.5511971646633201,0.0019287505186830443
Track_419,419,419,17,0,0,0,0,0,14402.448000000004,150325.55099999998,164727.99899999998,4.254767954820374,17.081226519064334,105.94426046572865,0.0,5.912263135832161E-4,0.0019314544376730321,7.286857113570784E-5,5.955858851271914E-4,4.6903861227559786E-4,167.7058823529412,8.515106237613969,4.373290182638114,0.4996729149456401,2.954197755006908E-4,0.4996729149456403,0.0018208694353649092
Track_420,420,420,6,0,0,0,0,0,4500.765000000014,150325.55099999998,154826.316,0.6512285585926654,145.4772590925618,1.3261872353483946,0.0,3.874446935560136E-4,6.651039374188665E-4,7.513120923190838E-5,3.6233080713269993E-4,2.1947255661904644E-4,147.33333333333334,1.7437975161926482,0.6512285585926654,0.3734542299466838,1.4469285967889088E-4,0.3734542299466862,0.0015376147167232082
Track_421,421,421,49,0,0,0,0,0,43207.34400000001,150325.55099999998,193532.895,2.461501547392067,106.72050554187588,159.01216890367644,0.0,2.890046249168638E-4,0.001006024403955648,5.397834844455949E-5,2.586311318189013E-4,1.6539078668651217E-4,360.7755102040816,12.487122246373907,2.461501547392067,0.1971232041158926,5.696951766792391E-5,0.19712320411589257,0.0016250713268370716
Track_422,422,422,4,0,0,0,0,0,2700.4590000000026,150325.55099999998,153026.00999999998,0.7447669707672898,52.81865104354168,33.986458006604835,0.0,4.52812200611485E-4,7.566594027221156E-4,2.6963902171425036E-4,3.3213817739808916E-4,2.6498844840509926E-4,189.5,1.2228007824511002,0.7447669707672898,0.6090664820105911,2.757927340379132E-4,0.6090664820105955,0.0026207152651298894
Track_423,423,423,120,0,2,0,0,0,64811.016,150325.55099999998,215136.56699999998,3.309244569636168,61.01375584417698,36.95882841785443,0.0,5.384740250128355E-4,0.0025372699412172686,4.1409868014267136E-5,4.5074713999515917E-4,4.508490035242468E-4,342.8333333333333,57.680372075448105,7.721164367674806,0.057372108579805126,5.105990885309016E-5,0.09482334612495572,0.0019977525578250967
Track_424,424,424,27,0,0,0,0,0,23403.978000000003,150325.55099999998,173729.52899999998,1.9176718276070899,123.58459630230192,50.131958300249615,0.0,6.943587050642243E-4,0.0019017424458573086,1.9853679438799703E-4,5.74275257415182E-4,4.582738542885751E-4,167.4814814814815,16.25075585743157,3.0695283294286546,0.1180050850822503,8.19378580687048E-5,0.11800508508225012,0.0015763134165851919
Track_425,425,425,27,0,0,0,0,0,23403.977999999974,151225.704,174629.68199999997,2.2230516426401445,2.692262835826067,53.891619909163346,0.0,5.313180107492984E-4,0.0018082359781063594,6.756267641211405E-5,4.6111186709936014E-4,3.848797277744774E-4,518.8148148148148,12.434955034580353,3.1025471696429308,0.178774401391727,9.498605932034917E-5,0.17877440139172734,0.0018151244640456537
Track_426,426,426,2,0,0,0,0,0,900.1529999999912,151225.704,152125.857,0.5251747979605237,26.23831829198224,73.03084453483424,0.0,5.834283704664972E-4,5.834283704664972E-4,5.834283704664972E-4,5.834283704664972E-4,NaN,236.5,0.5251747979605237,0.5251747979605237,1.0,5.834283704664972E-4,1.0,NaN
Track_427,427,427,8,0,0,0,0,0,6301.070999999996,151225.704,157526.775,0.5497487630755428,8.993166218716974,73.41480997748062,0.0,3.9711185948627416E-4,7.092610702907224E-4,4.002567676341747E-5,3.707888268999661E-4,2.2553948628956276E-4,184.125,2.5022300215650417,0.5497487630755428,0.21970352778826369,8.724687645569192E-5,0.21970352778826424,0.0020687106412596076
Track_428,428,428,9,0,0,0,0,0,7201.223999999987,151225.704,158426.92799999999,4.140075189955766,113.42928307167455,1.3479862864025323,0.0,0.0021891899831024096,0.003829086325996011,2.4676135090157344E-4,0.002549023459480773,0.001315288042303155,340.1111111111111,15.764847446876631,4.140075189955766,0.262614351575981,5.749127078890718E-4,0.26261435157598084,0.002083236711188962
Track_429,429,429,4,0,0,0,0,0,2700.4590000000026,152125.857,154826.316,0.41758233615821394,8.45843611908299,95.44818787573305,0.0,2.496777482457764E-4,3.5756900975326375E-4,1.8267909076237422E-4,2.0878514422169124E-4,9.434391734003282E-5,282.0,0.674244522350045,0.41758233615821394,0.6193336724527653,1.546338367507944E-4,0.6193336724527683,0.0010203207696189995
Track_430,430,430,6,0,0,0,0,0,4500.764999999985,152125.857,156626.62199999997,0.3402638340196,76.13280007637242,1.332118848713973,0.0,2.4939871553821447E-4,3.320350451197395E-4,1.679138508471645E-4,2.6153299665937485E-4,6.339688060740625E-5,155.5,1.1224850099393489,0.3402638340196,0.30313441249249773,7.560133311106026E-5,0.30313441249249795,0.0023917128321322614
Track_431,431,431,71,0,0,0,0,0,63010.70999999999,152125.857,215136.56699999998,3.9050051189075616,99.10977244220845,62.07804829085898,0.0,4.312057201497008E-4,0.0025118365148303827,5.0254551510693014E-5,3.562259894974602E-4,3.558934658582576E-4,344.0281690140845,27.170578582693913,4.308226664830803,0.14372182421594892,6.197367271226688E-5,0.14372182421594873,0.0016323342702691491
Track_432,432,432,2,0,0,0,0,0,900.1529999999912,153026.00999999998,153926.16299999997,1.3691162402647576,2.292878849267021,120.19874021860988,0.0,0.0015209817000718445,0.0015209817000718445,0.0015209817000718445,0.0015209817000718445,NaN,151.5,1.3691162402647576,1.3691162402647576,1.0,0.0015209817000718445,1.0,NaN
Track_433,433,433,4,0,0,0,0,0,2700.4590000000026,153026.00999999998,155726.46899999998,0.6531231258894118,65.74156224576768,1.3357781560425117,0.0,3.66521290309738E-4,5.652455358633394E-4,2.500700933655827E-4,2.842482417002919E-4,1.7294661252546518E-4,136.0,0.9897757171085433,0.6531231258894118,0.6598698216171607,2.418563384555778E-4,0.6598698216171591,0.0022735533143818294
Track_434,434,434,70,0,1,0,0,0,61210.40400000001,153926.16299999997,215136.56699999998,1.143616005908977,107.28387109537333,64.10132078285045,0.0,6.907983044161513E-4,0.002632839685983637,8.944629233370599E-5,5.550776585049389E-4,5.171844854422249E-4,257.27142857142854,42.905867461942655,5.762019298922455,0.02665407026028224,1.8683359873085905E-5,0.027046041881756935,0.0016241380631436871
Track_435,435,435,5,0,0,0,0,0,3600.612000000023,153926.16299999997,157526.775,1.0484815490194466,139.76392882422724,76.09553077313288,0.0,4.901707124030691E-4,7.062683749464035E-4,2.900708108446669E-4,6.339464499083618E-4,2.1050510989472582E-4,301.4,1.7649145491270488,1.0570242233007083,0.5940692990139608,2.9119537151446476E-4,0.5940692990139602,0.0011049760006189744
Track_436,436,436,2,0,0,0,0,0,900.1530000000203,153926.16299999997,154826.316,0.2512650162631282,143.84264788995654,80.08776840692872,0.0,2.7913589830075834E-4,2.7913589830075834E-4,2.7913589830075834E-4,2.7913589830075834E-4,NaN,204.5,0.2512650162631282,0.2512650162631282,1.0,2.7913589830075834E-4,1.0,NaN
Track_437,437,437,54,0,0,0,0,0,47708.109,153926.16299999997,201634.27199999997,2.449435763152714,1.761020982488034,150.66091765605415,0.0,4.291073727526763E-4,0.0022192195419249183,7.443724863540844E-5,2.9784572239565315E-4,4.0689421866805674E-4,303.462962962963,20.47190131198828,4.942087393882759,0.11964866994148377,5.1342126411942136E-5,0.1196486699414836,0.0021059170464203256
Track_438,438,438,2,0,0,0,0,0,900.1529999999912,154826.316,155726.46899999998,0.13005325067113058,159.4339202017884,147.8142971666632,0.0,1.4447905041824207E-4,1.4447905041824207E-4,1.4447905041824207E-4,1.4447905041824207E-4,NaN,131.5,0.13005325067113058,0.13005325067113058,1.0,1.4447905041824207E-4,1.0,NaN
Track_439,439,439,10,0,0,0,0,0,8101.376999999979,154826.316,162927.69299999997,1.2592908257042708,109.31966866210882,66.55799815380958,0.0,3.688573523835103E-4,5.429471397895737E-4,2.386739861167305E-4,2.997469550252805E-4,1.2955677341903006E-4,198.1,2.9882524708806577,1.2592908257042708,0.4214137988592207,1.554415781050893E-4,0.42141379885922076,0.0016680092212189993
Track_440,440,440,68,0,0,0,0,0,60310.25099999999,154826.316,215136.56699999998,9.189962707551333,105.83818334607288,72.476731868704,0.0,4.5591403752379356E-4,0.0014684819662318766,9.450933909148656E-5,3.892973267208481E-4,2.8899274339195955E-4,249.63235294117646,27.49629003748336,9.370308219539867,0.33422555170255464,1.5237812072032886E-4,0.33422555170255414,0.0015754016592511844
Track_441,441,441,6,0,0,0,0,0,4500.764999999985,154826.316,159327.08099999998,1.0144524511912816,24.854341426181488,78.93418847337834,0.0,6.051720141212513E-4,8.21824521644948E-4,3.8126573938757546E-4,6.629286882749651E-4,1.7580167888101204E-4,173.33333333333334,2.723737020136431,1.0144524511912816,0.37244875099596364,2.2539556079717227E-4,0.37244875099596453,0.001214489235342924
Track_442,442,442,2,0,0,0,0,0,900.1529999999912,155726.46899999998,156626.62199999997,0.3200682946548381,139.60032200518933,160.10504349721222,0.0,3.555709914368349E-4,3.555709914368349E-4,3.555709914368349E-4,3.555709914368349E-4,NaN,143.0,0.3200682946548381,0.3200682946548381,1.0,3.555709914368349E-4,1.0,NaN
Track_443,443,443,67,0,0,0,0,0,59410.098,155726.46899999998,215136.56699999998,7.1934938529527095,146.27294343720095,66.29255888101328,0.0,4.881700518953732E-4,0.0017315996229300304,6.802693367594903E-5,4.4976850808056814E-4,3.5561493550768166E-4,547.0895522388059,29.00223062376924,8.009957485890522,0.24803243399689287,1.2108200617599906E-4,0.24803243399689315,0.0017561378068150556
Track_444,444,444,67,0,0,0,0,0,59410.098,155726.46899999998,215136.56699999998,8.280116554746147,153.20278424367925,70.21547520088194,0.0,4.2497745630841623E-4,0.001351079741977387,5.411728335974478E-5,3.5293983336404425E-4,2.944465072126036E-4,474.46268656716416,25.247952327073747,8.280116554746147,0.32795200369050354,1.3937220831963866E-4,0.32795200369050387,0.001728320506261398
Track_445,445,445,66,0,0,0,0,0,58509.94500000001,156626.62199999997,215136.56699999998,5.167355646706383,135.11791277377822,122.40339425708933,0.0,3.018549435474608E-4,0.0012830614914135653,2.1353535021389717E-5,2.542710862022312E-4,2.1093047944555703E-4,564.2121212121212,17.66151614494009,5.286946817147929,0.29257712669174196,8.831585206081432E-5,0.2925771266917428,0.0018012410529252435
Track_446,446,446,14,0,0,0,0,0,11701.989000000001,156626.62199999997,168328.61099999998,1.6310983601182005,23.91718198971044,68.58721298165707,0.0,4.5614582210163783E-4,8.448432371117961E-4,1.3507002390378937E-4,4.371655139786992E-4,2.33552735029676E-4,234.71428571428572,5.337813392629336,1.9959688138773137,0.3055742567491186,1.3938642055792399E-4,0.3055742567491193,0.001787943659716549
Track_447,447,447,65,0,0,0,0,0,57609.79199999999,157526.775,215136.56699999998,8.395684953027567,139.0814301089292,99.97962168757525,0.0,4.528475938747715E-4,0.0017934504448908098,3.9463829885868716E-5,3.969398188314436E-4,3.032517636278653E-4,541.2461538461539,26.088455690826017,8.395684953027567,0.3218160956909344,1.4573364460381265E-4,0.32181609569093395,0.0018474953230347964
Track_448,448,448,65,0,0,0,0,0,57609.79199999999,157526.775,215136.56699999998,2.948230753911724,142.42546702933095,10.295777906369961,0.0,2.9960179050787507E-4,0.001097767507117485,7.539543922174863E-5,2.573473022452011E-4,1.8928109767057534E-4,381.9076923076923,17.259996833986257,2.948230753911724,0.17081293712096352,5.1175861803349756E-5,0.17081293712096354,0.0018208084012312521
Track_449,449,449,27,0,0,0,0,0,23403.977999999974,157526.775,180930.75299999997,0.8525721496676012,25.67479940781178,10.501913861049184,0.0,4.985630479561472E-4,0.0011563994757072171,1.018250096873847E-4,5.038205483609684E-4,2.898411514101701E-4,168.40740740740742,11.668358605978637,1.2416192973226459,0.07306701640372623,3.642851440330367E-5,0.07306701640372645,0.002051397504933205
Track_450,450,450,65,0,0,0,0,0,57609.79199999999,157526.775,215136.56699999998,4.880026298709015,136.0392776670573,14.67567021947248,0.0,3.522961703022686E-4,0.001154755053387489,1.4570912784689367E-5,2.9519913539716614E-4,2.1936566827478085E-4,500.96923076923076,20.29570909351024,4.880026298709015,0.2404462084189733,8.470827838970528E-5,0.240446208418973,0.0015979058022468516
Track_451,451,451,72,0,4,0,0,0,57609.79199999999,157526.775,215136.56699999998,7.792475899665787,78.9645061406506,30.014705050609432,0.0,6.475859505310848E-4,0.002469234169757642,2.0083918522767768E-5,3.922180117756664E-4,6.610257860163324E-4,291.875,41.38777696511682,8.084661582314947,0.18827964367918526,1.3526304520706807E-4,0.2088727297065956,0.0017332559077974472
Track_452,452,452,99,0,2,0,0,0,57609.79199999999,157526.775,215136.56699999998,2.326646380034839,82.60748552542391,39.50765442331524,0.0,4.5318362406687046E-4,0.003394941822669668,2.813658468839949E-5,3.116161130627108E-4,5.508112165067071E-4,457.64646464646466,39.97759067795727,5.411283370758063,0.05819876437220362,4.0386300648938975E-5,0.08911685794493689,0.0018877129466414511
Track_453,453,453,4,0,0,0,0,0,2700.4590000000026,157526.775,160227.234,0.19989614697619063,116.91114243338843,53.922530017677204,0.0,0.002103544852070617,0.003079137958481578,5.292546609234011E-4,0.0027022419368068723,0.0013763374794160436,401.75,5.680536627677727,2.4324311861424928,0.035189659019575874,7.40230260767486E-5,0.035189659019575596,0.002930097306091343
Track_454,454,454,9,0,0,0,0,0,7201.223999999987,158426.92799999999,165628.15199999997,1.9157610629270334,108.52959965253928,145.94069773785472,0.0,4.5054828084348887E-4,0.001039628724987242,1.5868692550624085E-4,3.9018547270534436E-4,2.6060133831007446E-4,251.66666666666666,3.2444990931688618,1.9157610629270334,0.5904643545626432,2.660326998475588E-4,0.5904643545626423,0.0010755321354049955
Track_455,455,455,8,0,0,0,0,0,6301.070999999996,159327.08099999998,165628.15199999997,1.7537844290609137,8.753698869862802,73.05564180286973,0.0,8.939137024550936E-4,0.001234710089606093,4.161207630170887E-4,8.837174218540687E-4,2.587788014069881E-4,186.25,5.632613707042402,1.7537844290609137,0.3113624544974874,2.783311645053539E-4,0.3113624544974866,0.001568787310145978
Track_456,456,456,63,0,0,0,0,0,55809.486000000004,159327.08099999998,215136.56699999998,6.928616302842247,153.8486666110204,88.71181368613318,0.0,3.6225557287862433E-4,0.0011310703330238057,9.27261634405055E-5,3.049162244944945E-4,2.2266424563017751E-4,478.984126984127,20.217297322991598,7.466827041015473,0.34270734570257605,1.2414764584719963E-4,0.34270734570257655,0.0018447662764962693
Track_457,457,457,4,0,0,0,0,0,2700.4590000000026,159327.08099999998,162027.53999999998,0.2025862479706415,112.88830209179316,1.8412058303335057,0.0,0.002429866205775048,0.003538325152443768,5.46870297966016E-4,0.0032044031669153615,0.0016392471335109845,330.25,6.56175406418112,3.1850340009477867,0.030873794718474176,7.501919043045693E-5,0.030873794718474328,0.0018121753529617183
Track_458,458,458,63,0,0,0,0,0,55809.486000000004,159327.08099999998,215136.56699999998,0.6785162853705968,147.13285331196803,2.0120201843891903,0.0,2.6004252566035616E-4,8.572656673518231E-4,5.68290626827435E-5,2.2154887339991187E-4,1.5591632845365645E-4,296.3968253968254,14.512839695246296,1.1982350688601804,0.04675282712540716,1.2157723247452893E-5,0.04675282712540718,0.0021919379193028905
Track_459,459,459,29,0,0,0,0,0,25204.284000000014,159327.08099999998,184531.365,2.2096159151932824,16.058440686408247,7.323902892511091,0.0,4.2676136639772065E-4,9.766077788576136E-4,1.160857562291406E-4,4.315816736159777E-4,2.4323498683329883E-4,537.3448275862069,10.756214678916221,2.2096159151932824,0.20542690724874224,8.766826763233112E-5,0.20542690724874238,0.0021049257006123916
Track_460,460,460,9,0,0,0,0,0,7201.2240000000165,159327.08099999998,166528.305,1.621911184186871,13.664050728157129,122.54499899130666,0.0,0.0010650324631843711,0.0036391852085332172,1.9387340303128866E-4,3.468038791118548E-4,0.0014512074561815744,210.11111111111111,7.66953733466246,2.777709581105728,0.21147444929391587,2.2522715363205856E-4,0.21147444929391676,0.0014923365624725188
Track_461,461,461,2,0,0,0,0,0,900.1529999999912,161127.387,162027.53999999998,0.36289834644543123,24.10778703959953,79.30772641223487,0.0,4.0315184912502076E-4,4.0315184912502076E-4,4.0315184912502076E-4,4.0315184912502076E-4,NaN,154.5,0.36289834644543123,0.36289834644543123,1.0,4.0315184912502076E-4,1.0,NaN
Track_462,462,462,6,0,0,0,0,0,4500.764999999985,161127.387,165628.15199999997,0.10961791228388391,32.68858427218456,113.50115014675877,0.0,1.7917482076927697E-4,2.2676614020714555E-4,1.0442934687605646E-4,1.9495561773709308E-4,5.124942423083008E-5,146.66666666666666,0.8064237621996334,0.2616984276651507,0.13593090558850318,2.4355395645825607E-5,0.1359309055885034,0.0026604729971296546
Track_463,463,463,8,0,0,0,0,0,6301.070999999996,161127.387,167428.45799999998,0.2688468602582178,159.49369019188492,131.06007046148133,0.0,3.746853648754045E-4,7.904218140742359E-4,2.1856566410952553E-5,3.3171350890086896E-4,2.617882173577421E-4,194.5,2.360919086740835,0.9961640223841173,0.11387381370589508,4.2666851438147256E-5,0.1138738137058954,0.001323511847224123
Track_464,464,464,2,0,0,0,0,0,900.1529999999912,161127.387,162027.53999999998,0.9409209470339285,120.21791700611466,2.265269064786467,0.0,0.0010452900196232615,0.0010452900196232615,0.0010452900196232615,0.0010452900196232615,NaN,407.0,0.9409209470339285,0.9409209470339285,1.0,0.0010452900196232615,1.0,NaN
Track_465,465,465,61,0,0,0,0,0,54009.17999999999,161127.387,215136.56699999998,7.584997866778065,148.32863654817987,146.1723204007475,0.0,6.083719546730503E-4,0.0015059011789093303,2.2776950107340595E-5,5.228780693842721E-4,4.0523173605233284E-4,452.39344262295083,32.85767040688857,7.945493499929161,0.230844054762564,1.4043904882055357E-4,0.23084405476256376,0.0018092053899161468
Track_466,466,466,2,0,0,0,0,0,900.1529999999912,161127.387,162027.53999999998,0.09277022077836564,115.94266876930007,4.273984236613989,0.0,1.0306050280159767E-4,1.0306050280159767E-4,1.0306050280159767E-4,1.0306050280159767E-4,NaN,153.0,0.09277022077836564,0.09277022077836564,1.0,1.0306050280159767E-4,1.0,NaN
Track_467,467,467,61,0,0,0,0,0,54009.17999999999,161127.387,215136.56699999998,2.4322778978253616,147.81485572459715,7.027954512581711,0.0,2.4806859230074984E-4,7.550494451616281E-4,1.7071718715904926E-5,2.3780240211423713E-4,1.4559041489310942E-4,325.8688524590164,13.397981253917793,2.518961315754767,0.18154062554118913,4.503452742340028E-5,0.18154062554118888,0.0017922584734600489
Track_468,468,468,60,0,0,0,0,0,53109.027,162027.53999999998,215136.56699999998,8.649910658808908,133.9237163667806,137.2316286499539,0.0,3.7762098863563907E-4,0.0013075289814341732,4.738988379263664E-5,3.309696799500041E-4,2.4607989196150375E-4,527.2166666666667,20.055083281216888,8.649910658808908,0.4313076409366102,1.628708177765883E-4,0.43130764093661106,0.0016905793094192823
Track_469,469,469,59,0,0,0,0,0,52208.87400000001,162927.69299999997,215136.56699999998,1.0024755559414085,16.313766641279678,150.60045967222987,0.0,3.345187017035675E-4,0.0010106536606301645,9.053367504304663E-5,3.269650455329441E-4,1.8344555776671356E-4,525.4406779661017,17.464844747885138,3.2579715127408764,0.057399625957900414,1.920124835370723E-5,0.05739962595790039,0.0019186173351633364
Track_470,470,470,4,0,0,0,0,0,2700.4590000000026,162927.69299999997,165628.15199999997,3.83775521091921,113.5877802146032,1.4294216101849968,0.0,0.0014616230125780458,0.0019500592649558195,0.001192081418072403,0.001242728354705915,4.2375553981655853E-4,437.25,3.9470530189234942,3.83775521091921,0.9723090094102426,0.0014211492234909718,0.9723090094102409,2.999473770811383E-4
Track_471,471,471,59,0,0,0,0,0,52208.87400000001,162927.69299999997,215136.56699999998,7.17174944762736,95.18228121264565,27.47712171396983,0.0,2.692655376914421E-4,7.741591637996203E-4,3.710773669640217E-5,2.577567850176077E-4,1.564689427755393E-4,426.1186440677966,14.058050529874732,7.41449439478061,0.510152487529241,1.373664838591876E-4,0.5101524875292404,0.0015513532918457293
Track_472,472,472,9,0,0,0,0,0,7201.2240000000165,162927.69299999997,170128.917,1.0443172979269444,8.882389541753591,95.48552008946916,0.0,2.8860075278845724E-4,6.943294358559806E-4,2.5124816506161625E-5,3.1307238337004606E-4,2.1382447893393517E-4,349.1111111111111,2.078278667398304,1.0443172979269444,0.5024914677271237,1.4501941585582422E-4,0.5024914677271222,0.0013481729549299853
Track_473,473,473,8,0,0,0,0,0,6301.071000000025,162927.69299999997,169228.764,0.8518783992088389,159.92323760781505,137.05329311537895,0.0,3.9819215090821443E-4,7.306310408076738E-4,1.4409097529664695E-4,3.2414492684553766E-4,2.1918432167126876E-4,162.0,2.50903701451538,1.0403690944362542,0.33952404619003956,1.351958102374716E-4,0.33952404619003906,0.002169130225047575
Track_474,474,474,2,0,0,0,0,0,900.1529999999912,163827.846,164727.99899999998,0.6844309217581157,25.02627232089614,74.24775963767854,0.0,7.60349542531239E-4,7.60349542531239E-4,7.60349542531239E-4,7.60349542531239E-4,NaN,237.0,0.6844309217581157,0.6844309217581157,1.0,7.60349542531239E-4,1.0,NaN
Track_475,475,475,3,0,0,0,0,0,1800.3059999999823,163827.846,165628.15199999997,0.20777909717684492,1.281357689338176,123.23479403384555,0.0,2.5405706116987247E-4,2.670596097989712E-4,2.4105451254077375E-4,2.670596097989712E-4,1.8388380616687098E-5,173.33333333333334,0.45738045156648394,0.24039450893937095,0.4542806682384906,1.1541321151895676E-4,0.4542806682384906,0.0024480541477789547
Track_476,476,476,3,0,0,0,0,0,1800.3059999999823,163827.846,165628.15199999997,0.16894445335317504,115.94951673600421,4.068832897871111,0.0,1.259232774431965E-4,2.1901133053426334E-4,3.2835224352129654E-5,2.1901133053426334E-4,1.3164638717629343E-4,140.0,0.22670043192064906,0.16894445335317504,0.7452321635289602,9.384207648765082E-5,0.7452321635289602,0.003177981232557775
Track_477,477,477,2,0,0,0,0,0,900.1529999999912,163827.846,164727.99899999998,0.9167274187332909,97.75496055347476,8.136052561836834,0.0,0.0010184128906233717,0.0010184128906233717,0.0010184128906233717,0.0010184128906233717,NaN,131.5,0.9167274187332909,0.9167274187332909,1.0,0.0010184128906233717,1.0,NaN
Track_478,478,478,9,0,0,0,0,0,7201.223999999987,164727.99899999998,171929.22299999997,1.1391998781580575,62.79112077398655,31.40619776410381,0.0,2.8800735437265986E-4,6.594336915823557E-4,2.753507801965428E-5,2.37732124799293E-4,2.2457994230450388E-4,138.66666666666666,2.074005472484897,1.262077872550206,0.5492752518117346,1.5819531209667405E-4,0.549275251811734,0.0017206728434881885
Track_479,479,479,2,0,0,0,0,0,900.1530000000203,165628.15199999997,166528.305,2.429763028433477,117.59260926261075,1.2967127250806179,0.0,0.0026992778210297827,0.0026992778210297827,0.0026992778210297827,0.0026992778210297827,NaN,253.5,2.429763028433477,2.429763028433477,1.0,0.0026992778210297827,1.0,NaN
Track_480,480,480,12,0,0,0,0,0,9901.68300000002,165628.15199999997,175529.835,0.3513047622565783,21.058323008093726,94.2584951399193,0.0,0.001097129981805191,0.0023045682207082116,4.6228728581647956E-4,9.850803915355429E-4,6.072234082588429E-4,195.41666666666666,10.863433289630843,1.594259400027525,0.032338281360083376,3.547929804019959E-5,0.03233828136008353,0.002381399973933628
Track_481,481,481,3,0,0,0,0,0,1800.3060000000114,165628.15199999997,167428.45799999998,1.0930851852066135,20.198635882655356,106.93589538776946,0.0,0.0016360511319218419,0.0020590850556155872,0.0012130172082280963,0.0020590850556155872,5.982603122315998E-4,186.66666666666666,2.9453926691056895,1.0930851852066135,0.3711169640204568,6.071663290610632E-4,0.37111696402045524,0.0028697305538949894
Track_482,482,482,56,0,0,0,0,0,49508.41500000001,165628.15199999997,215136.56699999998,6.114397297334115,157.2852183599725,138.87009431215895,0.0,5.849515069767183E-4,0.001622433426335995,5.9221290860401046E-5,5.983185587882028E-4,3.4253064574250316E-4,322.3392857142857,28.960021962278827,7.136054121149526,0.2111323432453979,1.235021823529215E-4,0.2111323432453983,0.001607428059087933
Track_483,483,483,56,0,0,0,0,0,49508.41500000001,165628.15199999997,215136.56699999998,5.539080796800158,32.04687337522369,142.32864182531407,0.0,4.0193394326537807E-4,0.0010192991227125153,7.2212383249198E-5,3.854028639443641E-4,2.0917903474054547E-4,608.8392857142857,19.8991124657688,6.14789835052313,0.27835818337771057,1.1188160228519044E-4,0.2783581833777106,0.0016531380605263673
Track_484,484,484,4,0,0,0,0,0,2700.4590000000026,165628.15199999997,168328.61099999998,0.25315527204154364,148.65639047799084,150.45937471653363,0.0,3.9943413918048815E-4,6.035194207992295E-4,2.785619400608886E-4,3.162210566813463E-4,1.7774322461407366E-4,132.75,1.0786555160572004,0.2921300396310295,0.23469519997162744,9.374527517045933E-5,0.2346951999716269,0.002199901996471868
Track_485,485,485,2,0,0,0,0,0,900.1530000000203,165628.15199999997,166528.305,0.7649940198743946,113.81123444784106,151.35536763109667,0.0,8.498488811061869E-4,8.498488811061869E-4,8.498488811061869E-4,8.498488811061869E-4,NaN,136.0,0.7649940198743946,0.7649940198743946,1.0,8.498488811061869E-4,1.0,NaN
Track_486,486,486,11,0,0,0,0,0,9001.529999999999,166528.305,175529.835,0.4014396379676238,25.0778390488907,73.93209184652746,0.0,6.725745822470854E-4,0.0012144584243674176,1.1833065416920597E-4,7.199175800398152E-4,3.1601081949847215E-4,272.54545454545456,6.054200279334602,1.0107706538299175,0.06630762436748205,4.459682275875588E-5,0.06630762436748201,0.0022394706028313876
Track_487,487,487,3,0,0,0,0,0,1800.3059999999823,166528.305,168328.61099999998,0.1776143434924664,10.82961519186788,0.7825658318181771,0.0,2.1436252527521818E-4,2.799687806209992E-4,1.4875626992943717E-4,2.799687806209992E-4,9.278125608651589E-5,141.66666666666666,0.3859181404281232,0.25201473778233185,0.46023838966322667,9.865786343680917E-5,0.4602383896632268,0.0026693144893658667
Track_488,488,488,54,0,0,0,0,0,47708.109,167428.45799999998,215136.56699999998,5.022164209241949,94.06729603776793,91.94634846817684,0.0,3.070803973862476E-4,9.9087823613721E-4,1.7823976998273277E-5,2.8118174356993E-4,1.840454576717364E-4,483.1666666666667,14.650225070266407,5.022164209241949,0.3428045770733421,1.0526856575350638E-4,0.3428045770733419,0.0019357975106123367
Track_489,489,489,55,0,1,0,0,0,47708.109,167428.45799999998,215136.56699999998,7.316957603922974,85.49924588414876,96.18724638767624,0.0,6.753503141758416E-4,0.003972319580469301,6.376563800605006E-5,3.3990877840466623E-4,9.028807230995144E-4,485.6363636363636,32.827605013241666,13.228567946510989,0.22289038755558116,1.5336926483342642E-4,0.22709586656606415,0.0018217147537737952
Track_490,490,490,6,0,0,0,0,0,4500.764999999985,167428.45799999998,171929.22299999997,0.503816767849414,52.01900381249464,33.46252371856397,0.0,1.6878004797568754E-4,3.739210124625506E-4,2.200723014192929E-5,7.816218369865283E-5,1.7097176823175362E-4,150.16666666666666,0.759639332627289,0.503816767849414,0.6632315445106206,1.1194025190149134E-4,0.6632315445106173,0.0013570485051316715
Track_491,491,491,9,0,0,0,0,0,7201.2240000000165,168328.61099999998,175529.835,0.08688836591735001,115.93066777478693,4.308432979429807,0.0,2.7309774508808084E-4,3.936726606389235E-4,1.1700592239988337E-4,3.0249285403870837E-4,9.57662412024024E-5,161.33333333333334,1.9666380362741673,0.27228985004151157,0.04418116822451052,1.2065777417470948E-5,0.04418116822451036,0.00222600423245646
Track_492,492,492,6,0,0,0,0,0,4500.765000000014,168328.61099999998,172829.376,0.13806768849001586,111.49211947402314,139.7766898327627,0.0,9.617803418879463E-5,1.890726820931782E-4,6.462507411688956E-5,7.731278742157518E-5,5.243813414243773E-5,135.83333333333334,0.43287473004573074,0.13806768849001586,0.3189552979344158,3.067649354943336E-5,0.3189552979344152,0.0024987436103888335
Track_493,493,493,2,0,0,0,0,0,900.1530000000203,168328.61099999998,169228.764,0.5583160853635944,8.66373847784612,20.710652275382774,0.0,6.202457641796249E-4,6.202457641796249E-4,6.202457641796249E-4,6.202457641796249E-4,NaN,278.5,0.5583160853635944,0.5583160853635944,1.0,6.202457641796249E-4,1.0,NaN
Track_494,494,494,52,0,0,0,0,0,45907.803000000014,168328.61099999998,214236.414,5.109103057711079,104.89434557711621,52.24147862579479,0.0,4.628237224232574E-4,0.0012585545262210102,1.8175860877831147E-5,4.649898366208015E-4,2.609827869467493E-4,310.6730769230769,21.24722027273358,5.155582565281014,0.24045983390436998,1.1129051542089864E-4,0.24045983390436984,0.001682152433780726
Track_495,495,495,53,0,0,0,0,0,46807.956000000006,168328.61099999998,215136.56699999998,5.01246528051148,103.89094127910217,58.585394801177934,0.0,4.10620623401258E-4,0.0018998418873198291,9.304803939346392E-6,3.69718399364849E-4,3.2101310568356047E-4,557.377358490566,19.22031207285863,5.7040054822137165,0.26079000494428384,1.0708575440703883E-4,0.26079000494428345,0.0018848337464089154
Track_496,496,496,2,0,0,0,0,0,900.1530000000203,168328.61099999998,169228.764,0.8347428210484631,104.69275800922026,57.99621894380316,0.0,9.27334376543148E-4,9.27334376543148E-4,9.27334376543148E-4,9.27334376543148E-4,NaN,172.0,0.8347428210484631,0.8347428210484631,1.0,9.27334376543148E-4,1.0,NaN
Track_497,497,497,53,0,0,0,0,0,46807.956000000006,168328.61099999998,215136.56699999998,2.155323094886802,89.76274175727369,68.99588512874814,0.0,3.580579799105473E-4,0.001750527936911564,6.504650881227438E-5,3.3377256660441836E-4,2.612293834506827E-4,302.9433962264151,16.759962169101765,2.6327874807589473,0.1285995202817522,4.60460844495496E-5,0.12859952028175206,0.0017137607781671793
Track_498,498,498,16,0,0,0,0,0,13502.295000000013,168328.61099999998,181830.906,2.087727881390988,20.383962756126845,68.74940301912622,0.0,3.9573139281994635E-4,8.407227714133035E-4,9.431921927904254E-5,3.40919148798798E-4,2.5175590141204575E-4,285.125,5.343282006615817,2.311134944862485,0.39072013769927455,1.5462022429453556E-4,0.3907201376992756,0.0019740020728639075
Track_499,499,499,2,0,0,0,0,0,900.1530000000203,168328.61099999998,169228.764,0.4050673107658544,84.31149710463693,0.7349668690656925,0.0,4.499982900305229E-4,4.499982900305229E-4,4.499982900305229E-4,4.499982900305229E-4,NaN,146.0,0.4050673107658544,0.4050673107658544,1.0,4.499982900305229E-4,1.0,NaN
Track_500,500,500,5,0,0,0,0,0,3600.6119999999937,168328.61099999998,171929.22299999997,0.4299332104789268,112.0493808129783,1.9903568699548795,0.0,7.042489213501477E-4,0.0013187473768074916,9.882555529543652E-5,0.0011186198840060768,6.0419523820833E-4,349.8,2.5357271172004117,1.1870744074754207,0.1695502672833336,1.1940559284891778E-4,0.1695502672833348,0.0029472766953624004
Track_501,501,501,9,0,0,0,0,0,7201.2240000000165,168328.61099999998,175529.835,1.090077199280944,120.33573071893517,2.3398368610320044,0.0,0.0013672657669173407,0.0028065712102251362,2.613018272728647E-4,0.0012726208926340363,9.469171226094856E-4,468.44444444444446,9.845987055103627,3.211147444386709,0.11071284099605909,1.51373877452075E-4,0.11071284099605957,0.0015707234717953192
Track_502,502,502,52,0,0,0,0,0,45907.803000000014,168328.61099999998,214236.414,5.027240456458343,158.5443604010864,80.53950376380955,0.0,3.9387304007053016E-4,0.001486348920630655,4.726063697663089E-5,3.3585682062154103E-4,2.5957107172296334E-4,315.38461538461536,18.081845930569052,5.135701055830556,0.27802694900520764,1.0950731962621564E-4,0.27802694900520825,0.0019690517796660967
Track_503,503,503,18,0,0,0,0,0,15302.600999999995,168328.61099999998,183631.21199999997,2.0421137530589757,7.782625599744405,79.68545934285048,0.0,5.876030815865504E-4,0.001090948980869635,9.057661942245039E-5,6.060067719245259E-4,2.861389555791356E-4,226.38888888888889,8.991855503889424,2.1055464637579484,0.22710704728024825,1.3344880083189625E-4,0.22710704728024825,0.0014026285732484471
Track_504,504,504,11,0,0,0,0,0,9001.529999999999,169228.764,178230.294,2.4675011082185203,16.55572493842165,64.95239241783685,0.0,4.54891621820319E-4,9.840430793839697E-4,1.2815753484274694E-4,5.130260362620938E-4,2.5197379151641367E-4,303.8181818181818,4.094720580564254,2.4675011082185203,0.6026054915518796,2.74120189369865E-4,0.6026054915518795,0.0012725006786005744
Track_505,505,505,4,0,0,0,0,0,2700.4589999999735,169228.764,171929.22299999997,1.298163504922168,35.774188854576224,2.248589461282159,0.0,0.001012323044103677,0.001069082752131537,9.101958225907788E-4,0.001057690557588715,8.862800096235837E-5,310.75,2.7337368753571445,1.298163504922168,0.4748677594483455,4.8071957579144166E-4,0.4748677594483454,0.0024133447764100023
Track_506,506,506,3,0,0,0,0,0,1800.3059999999823,169228.764,171029.06999999998,0.3905629736454487,24.18711642172273,78.52271718026508,0.0,2.260135995246741E-4,2.60280249387646E-4,1.9174694966170219E-4,2.60280249387646E-4,4.846036097330503E-5,137.0,0.4068936393058639,0.3905629736454487,0.9598650259358333,2.1694254956960233E-4,0.9598650259358332,6.392129312130687E-4
Track_507,507,507,8,0,2,0,0,0,4500.764999999985,169228.764,173729.52899999998,3.0004232217153546,18.553622671989228,82.30973914584457,0.0,0.0030079354419489477,0.0035198505927913908,0.0025204905630872546,0.003144242211394454,4.0656908440834063E-4,417.75,18.953214783136605,6.4462860690401005,0.15830682319840247,6.666473858811479E-4,0.22162955247776311,0.0024388364861705775
Track_508,508,508,52,0,0,0,0,0,45907.802999999985,169228.764,215136.56699999998,0.5839537042750114,138.28138228263103,5.903556809890604,0.0,2.22499290702471E-4,6.036790422271063E-4,3.906624057640386E-5,1.8222266310118668E-4,1.3212663669440227E-4,213.82692307692307,10.214453605208783,1.8670288619470299,0.057169353040795894,1.2720140501496261E-5,0.05716935304079599,0.0014420658316262704
Track_509,509,509,52,0,0,0,0,0,45907.802999999985,169228.764,215136.56699999998,7.7305013156134,26.376445315028622,88.70433749927523,0.0,5.005633950672128E-4,0.0013689373098058947,5.5073830002441715E-5,4.3063685523328884E-4,2.978893317510955E-4,365.40384615384613,22.979765729756778,7.783776256660563,0.3364047051882291,1.6839188134560484E-4,0.33640470518822924,0.0017955693800255433
Track_510,510,510,4,0,0,0,0,0,2700.4589999999735,169228.764,171929.22299999997,0.04662406786459194,32.67202534487395,113.44454677509592,0.0,1.1412853316290859E-4,1.2786760920836183E-4,9.25883552209182E-5,1.2192963505944571E-4,1.8889132684635246E-5,172.25,0.30819942453657195,0.1151004120317334,0.15127889331623126,1.726523819268961E-5,0.15127889331623126,0.0024294165194629035
Track_511,511,511,36,0,0,0,0,0,31505.35499999998,170128.917,201634.27199999997,6.566602010456103,12.726823614195723,54.19296980226396,0.0,4.1699781667829347E-4,0.0010803879695331945,8.017759457203003E-5,4.113743972144429E-4,2.3100928581540336E-4,507.3611111111111,13.137664248674554,6.982493940531202,0.4998302503520442,2.0842812310656734E-4,0.4998302503520444,0.0014937774980256005
Track_512,512,512,51,0,0,0,0,0,45007.649999999994,170128.917,215136.56699999998,4.260986156719301,95.07699435766413,83.33933422478727,0.0,3.258756550099734E-4,7.846874126682795E-4,2.231192514830844E-5,2.983503072693143E-4,1.9492736128113073E-4,372.4901960784314,14.66689742420964,4.319722111577553,0.2905172125691684,9.467248693764951E-5,0.2905172125691686,0.0018516600585175467
Track_513,513,513,51,0,0,0,0,0,45007.649999999994,170128.917,215136.56699999998,8.949074388332013,158.08660331144193,110.34064944081001,0.0,3.699567435303474E-4,0.001562041328058457,4.2244160957822114E-5,3.608867556948921E-4,2.475274771918999E-4,427.4313725490196,16.650883627953633,9.361060193465915,0.5374534221900535,1.9883451787267308E-4,0.5374534221900533,0.0015271135055563937
Track_514,514,514,3,0,0,0,0,0,1800.3059999999823,170128.917,171929.22299999997,0.8865554655050502,1.1339983387096435,122.46006887813986,0.0,5.003622310400968E-4,5.822461959494342E-4,4.184782661307596E-4,5.822461959494342E-4,1.1580141371566744E-4,170.33333333333334,0.9008051267148638,0.8865554655050502,0.9841811943702179,4.924470981627894E-4,0.9841811943702179,4.011884555885043E-4
Track_515,515,515,4,0,0,0,0,0,2700.4590000000026,170128.917,172829.376,0.6288764345774318,14.168343646892625,125.01422093931151,0.0,4.672765222338463E-4,8.191477564929953E-4,1.1840751749117226E-4,4.6427429271737137E-4,3.503797663616368E-4,158.5,1.2618610899550915,0.737358310450432,0.4983721580636209,2.328776087981455E-4,0.4983721580636209,0.0014288375760878513
Track_516,516,516,51,0,0,0,0,0,45007.649999999994,170128.917,215136.56699999998,0.4301100323757268,2.990920755647448,145.71010654815018,0.0,3.66520270650819E-4,0.001239542049006665,5.816861722589976E-5,3.0642519457229646E-4,2.483888213606481E-4,442.1372549019608,16.496216059357298,1.0194838189534676,0.026073254061906616,9.556376135517558E-6,0.02607325406190656,0.0021528924238889825
Track_517,517,517,12,0,0,0,0,0,9901.68299999999,170128.917,180030.59999999998,1.9795469437940052,84.36748615971699,42.50722446000514,0.0,4.602922987243843E-4,8.427511618399419E-4,1.0644167927746389E-4,4.3449213593607097E-4,2.2172839374857723E-4,224.33333333333334,4.557668429310146,1.9795469437940052,0.43433325054179767,1.999202503043177E-4,0.434333250541797,0.0018118031000001638
Track_518,518,518,9,0,1,0,0,0,5400.918000000005,171029.06999999998,176429.98799999998,2.356187522302255,13.235412705130333,96.83251620998493,0.0,0.0020981499723401967,0.004726811732127982,2.3081739572563124E-4,0.0022173625950676185,0.001440277920174147,525.3333333333334,15.10924793641555,4.244107354666608,0.15594340183031152,4.362568589825383E-4,0.20792453577374834,0.002132947118567843
Track_519,519,519,4,0,0,0,0,0,2700.4590000000026,171029.06999999998,173729.52899999998,0.3979369373791192,159.6843833686368,130.93307427810674,0.0,1.81929849949036E-4,3.2884795732239286E-4,7.02772701020291E-5,1.4666432242268606E-4,1.3284367936106936E-4,192.75,0.4912941006635286,0.3979369373791192,0.8099770317650391,1.4735899985118044E-4,0.8099770317650463,0.001224348607333531
Track_520,520,520,9,0,0,0,0,0,7201.2240000000165,171029.06999999998,178230.294,0.37616327398956406,141.78362762933298,3.087847653555145,0.0,3.833386753551592E-4,7.354643404704066E-4,1.6426625195585808E-4,3.8799369268206855E-4,1.6505600396169386E-4,160.0,2.7605076690957953,0.7009477909988628,0.1362659767986721,5.2236019041979974E-5,0.1362659767986725,0.0027678766497027294
Track_521,521,521,40,0,0,0,0,0,35105.967000000004,171029.06999999998,206135.03699999998,0.795344266016552,138.67067597026954,1.7666680866344844,0.0,2.745758324034599E-4,7.227847675338419E-4,5.4161467794265765E-5,2.2940193838348933E-4,1.7977611918904216E-4,163.45,9.639250111353409,1.078177919542834,0.0825110103824125,2.2655529358201468E-5,0.08251101038241263,0.001829831352866582
Track_522,522,522,50,0,0,0,0,0,44107.497,171029.06999999998,215136.56699999998,2.5223515271116286,153.20073193783205,8.165541141782287,0.0,2.0496692922810096E-4,4.123572974209948E-4,4.132827107417105E-5,1.9680423492681004E-4,9.444446577663322E-5,258.08,9.040578216027678,2.581826959939509,0.27900334102965374,5.718645805522876E-5,0.2790033410296538,0.0018375988316998472
Track_523,523,523,2,0,0,0,0,0,900.1529999999912,171029.06999999998,171929.22299999997,0.19528700639012075,149.0111359639967,151.21102042178177,0.0,2.1694868137985728E-4,2.1694868137985728E-4,2.1694868137985728E-4,2.1694868137985728E-4,NaN,132.0,0.19528700639012075,0.19528700639012075,1.0,2.1694868137985728E-4,1.0,NaN
Track_524,524,524,40,0,2,0,0,0,33305.66099999999,171029.06999999998,204334.73099999997,2.275655369025835,21.00245412066625,75.09419723008372,0.0,0.0014531296596313225,0.004647966837152354,1.535083504660506E-4,0.0012025555078920267,0.0012238175475893565,545.675,51.01352187773843,7.906284405603307,0.04460886614493673,6.832638358463553E-5,0.0470201562068252,0.0017319911585280646
Track_525,525,525,64,0,4,0,0,0,41407.038,171929.22299999997,213336.26099999997,3.8049796002925502,10.459928286918252,76.8078691509203,0.0,8.28992443951526E-4,0.0029636044178665156,7.657882430369684E-5,5.052214579889255E-4,7.278597389798957E-4,323.375,47.01186223021875,7.2524863887481645,0.0809365853592319,9.1892098157143E-5,0.11084793212242625,0.0018374293184628024
Track_526,526,526,7,0,0,0,0,0,5400.918000000005,171929.22299999997,177330.14099999997,2.63945092836138,13.60107471267068,91.12626523257593,0.0,6.25555355207501E-4,0.0012533591541325404,3.3504380284538076E-4,5.75981622025411E-4,3.2376393689521774E-4,393.0,3.3785731779365835,2.63945092836138,0.7812324284103231,4.887041292538374E-4,0.7812324284103218,0.0013134186104304041
Track_527,527,527,31,0,2,0,0,0,17102.907000000007,171929.22299999997,189032.12999999998,1.0707385525587771,158.25590029319557,151.06426720252662,0.0,0.0012744763373452128,0.004707997354568309,7.014331067559095E-5,9.295433441536076E-4,0.001218977889516705,248.93548387096774,34.41671095470899,6.692657057404278,0.031111007497718945,6.26056466633875E-5,0.0491226434174507,0.0018506326037940823
Track_528,528,528,40,0,0,0,0,0,35105.967000000004,171929.22299999997,207035.18999999997,3.4434711758349823,18.308829839512484,159.73502132676933,0.0,3.8248248071294483E-4,0.0010218630601879707,6.420494346450593E-5,3.557762487075521E-4,2.1253920791994293E-4,223.75,13.427417345986806,3.5085813175519687,0.2564507445554427,9.808791695824764E-5,0.2564507445554432,0.0017183030699218435
Track_529,529,529,2,0,0,0,0,0,900.1529999999912,172829.376,173729.52899999998,0.3897946396226151,14.2738241447237,87.30379809488082,0.0,4.3303153977448163E-4,4.3303153977448163E-4,4.3303153977448163E-4,4.3303153977448163E-4,NaN,257.0,0.3897946396226151,0.3897946396226151,1.0,4.3303153977448163E-4,1.0,NaN
Track_530,530,530,17,0,0,0,0,0,14402.448000000004,172829.376,187231.824,3.676078983583503,154.3108242661664,147.0404595370297,0.0,9.181701612926203E-4,0.0020911793315783315,1.2325033811367596E-4,8.36222576314264E-4,5.854821237607855E-4,262.11764705882354,13.223898003168559,4.08576588326673,0.27798754820270716,2.552398719706193E-4,0.2779875482027067,0.0015690969227099489
Track_531,531,531,2,0,0,0,0,0,900.1529999999912,173729.52899999998,174629.68199999997,0.3451856354022841,11.001671724581696,1.0734519222314058,0.0,3.8347440424270926E-4,3.8347440424270926E-4,3.8347440424270926E-4,3.8347440424270926E-4,NaN,131.5,0.3451856354022841,0.3451856354022841,1.0,3.8347440424270926E-4,1.0,NaN
Track_532,532,532,3,0,0,0,0,0,1800.3060000000114,173729.52899999998,175529.835,1.0538923088763763,112.42716461409067,1.9835533230577493,0.0,7.043680429067249E-4,9.357950559978493E-4,4.7294102981560045E-4,9.357950559978493E-4,3.27287220612964E-4,299.6666666666667,1.2680780138532355,1.0538923088763763,0.8310942208310785,5.85396209797873E-4,0.8310942208310741,0.0013988722434945399
Track_533,533,533,3,0,0,0,0,0,1800.3060000000114,173729.52899999998,175529.835,0.2560973722542118,51.68432082737272,33.56226047049774,0.0,2.6094652532096085E-4,3.8852050517753175E-4,1.3337254546439E-4,3.8852050517753175E-4,1.8041685251907457E-4,153.66666666666666,0.46978359521447705,0.3497278982970673,0.5451390275501042,1.4225213505604612E-4,0.5451390275500999,0.0028676997789482783
Track_534,534,534,2,0,0,0,0,0,900.1529999999912,173729.52899999998,174629.68199999997,0.646705734719947,1.118713713431041,66.80626163294579,0.0,7.184397927018555E-4,7.184397927018555E-4,7.184397927018555E-4,7.184397927018555E-4,NaN,154.5,0.646705734719947,0.646705734719947,1.0,7.184397927018555E-4,1.0,NaN
Track_535,535,535,24,0,0,0,0,0,20703.519,173729.52899999998,194433.04799999998,3.4072461933448266,7.387995569484073,73.71859194519186,0.0,5.146601609458843E-4,0.0011537435599979506,4.125917533601441E-5,4.599330020718553E-4,3.039983113692714E-4,170.83333333333334,10.655276420686189,4.212446128072477,0.31977079325037383,1.6457328792003072E-4,0.3197707932503743,0.0015770508858744309
Track_536,536,536,6,0,0,0,0,0,4500.765000000014,173729.52899999998,178230.294,0.17345049997264836,32.74947717581443,113.4711019912221,0.0,1.0368609642580165E-4,1.381094194853977E-4,7.38340422151363E-5,9.988428545667332E-5,2.6965917536740837E-5,187.83333333333334,0.46666675377987393,0.17345049997264836,0.3716795734166757,3.85380040887822E-5,0.3716795734166751,0.002281995473135182
Track_537,537,537,2,0,0,0,0,0,900.1530000000203,174629.68199999997,175529.835,0.8463136932601854,24.834598096263758,78.47563598390775,0.0,9.40188715985134E-4,9.40188715985134E-4,9.40188715985134E-4,9.40188715985134E-4,NaN,165.0,0.8463136932601854,0.8463136932601854,1.0,9.40188715985134E-4,1.0,NaN
Track_538,538,538,6,0,0,0,0,0,4500.765000000014,174629.68199999997,179130.447,2.4153778462269084,14.577519268203943,84.49796293813685,0.0,0.001118125738464791,0.0017062602916043607,2.878013275930146E-4,0.0011353344570342865,5.583554356289716E-4,493.5,5.032421189281519,2.4153778462269084,0.47996337257528976,5.366594003967995E-4,0.47996337257529154,0.001993164547174269
Track_539,539,539,46,0,0,0,0,0,40506.88500000001,174629.68199999997,215136.56699999998,4.356611623024521,103.95029362213688,96.91218359655511,0.0,3.919430467790528E-4,8.859939132309601E-4,9.96997905943785E-5,3.5462553196883374E-4,2.034241431839594E-4,559.195652173913,15.876391922428729,4.356611623024521,0.2744081680718586,1.0755237345514275E-4,0.2744081680718588,0.0017235999840797633
Track_540,540,540,46,0,0,0,0,0,40506.88500000001,174629.68199999997,215136.56699999998,4.256567228864414,112.21636454963149,98.3029968073656,0.0,3.400972078944854E-4,0.0011881575190187596,6.518962605641441E-5,3.142096274640667E-4,2.022803937892907E-4,525.9347826086956,13.776278489002983,4.256567228864414,0.30897801842945105,1.0508256136862691E-4,0.30897801842945033,0.0019508054130187706
Track_541,541,541,46,0,0,0,0,0,40506.88500000001,174629.68199999997,215136.56699999998,6.6151012738773485,143.52090547651693,113.2789860815497,0.0,3.0932415756348253E-4,0.001699383321898093,5.980169349021027E-5,2.2344883323786145E-4,2.9563790051868183E-4,557.6086956521739,12.529758078145889,6.78929876519259,0.527951236777289,1.6330807155073382E-4,0.5279512367772896,0.001830274864730555
Track_542,542,542,46,0,0,0,0,0,40506.88500000001,174629.68199999997,215136.56699999998,4.791519974460926,2.4125026198469333,120.82041453084906,0.0,5.453884728137901E-4,0.0021217559835806157,7.491789699086899E-5,3.699501377822991E-4,4.98160839088371E-4,359.6304347826087,22.09198814859384,4.991251945705294,0.2168894869141014,1.1828902603744833E-4,0.21688948691410148,0.0018916668533418232
Track_543,543,543,2,0,0,0,0,0,900.1530000000203,174629.68199999997,175529.835,0.16251397432555853,14.2868377585892,125.41674196837154,0.0,1.805403907175279E-4,1.805403907175279E-4,1.805403907175279E-4,1.805403907175279E-4,NaN,166.5,0.16251397432555853,0.16251397432555853,1.0,1.805403907175279E-4,1.0,NaN
Track_544,544,544,2,0,0,0,0,0,900.1530000000203,174629.68199999997,175529.835,0.5081337421655643,149.80137658699937,152.10905029141873,0.0,5.644970823466154E-4,5.644970823466154E-4,5.644970823466154E-4,5.644970823466154E-4,NaN,130.5,0.5081337421655643,0.5081337421655643,1.0,5.644970823466154E-4,1.0,NaN
Track_545,545,545,7,0,0,0,0,0,5400.918000000005,174629.68199999997,180030.59999999998,0.9671316143194086,62.30167645814752,30.40025799827999,0.0,4.1699572337083293E-4,9.540653266795024E-4,1.9737444201359887E-4,3.8241303394629886E-4,2.7443340981282157E-4,138.71428571428572,2.2521597082765634,1.36694116291628,0.4294240815894419,1.7906800553524563E-4,0.4294240815894436,0.001697761022929419
Track_546,546,546,25,0,0,0,0,0,21603.67199999999,175529.835,197133.50699999998,1.433176063816618,36.14781539392168,2.3376308632203853,0.0,4.403463723073013E-4,0.0012651358700067512,3.220209825632942E-5,4.2751150632760375E-4,2.8674272259335287E-4,293.2,9.513098593716787,1.6488285647149936,0.15065291815257778,6.63394659859962E-5,0.1506529181525773,0.0019981768234328345
Track_547,547,547,45,0,0,0,0,0,39606.73199999999,175529.835,215136.56699999998,2.277348473096779,68.40523748413652,26.240594244572716,0.0,3.744332694502707E-4,9.689819694728553E-4,6.277706668753487E-5,3.375721751668987E-4,2.0951060736830863E-4,296.84444444444443,14.830078155000653,2.7184458977702346,0.15356280993899313,5.749902499142771E-5,0.1535628099389931,0.0018062504465905696
Track_548,548,548,45,0,0,0,0,0,39606.73199999999,175529.835,215136.56699999998,5.363082939949061,4.031790074942612,47.47354355720499,0.0,5.325313865160531E-4,0.001955701957895816,5.51191905612584E-5,4.1314010791743133E-4,4.1788268962306087E-4,652.9777777777778,21.09182790732975,6.152135547437181,0.25427302761584275,1.3540836794989958E-4,0.2542730276158431,0.0019200959393379346
Track_549,549,549,20,0,0,0,0,0,17102.906999999977,175529.835,192632.74199999997,1.697495779819413,3.9177315085582416,69.04221616484682,0.0,4.895676577005343E-4,0.0011077916743652187,1.0051415099662492E-4,4.522589531640255E-4,2.8193841995722895E-4,272.6,8.373030119860069,1.697495779819413,0.2027337481795398,9.925188623310734E-5,0.20273374817953996,0.001550682031075387
Track_550,550,550,2,0,0,0,0,0,900.1529999999912,175529.835,176429.98799999998,1.5792072769114402,20.185778059280096,81.5240324140938,0.0,0.0017543765081174598,0.0017543765081174598,0.0017543765081174598,0.0017543765081174598,NaN,557.0,1.5792072769114402,1.5792072769114402,1.0,0.0017543765081174598,1.0,NaN
Track_551,551,551,45,0,0,0,0,0,39606.73199999999,175529.835,215136.56699999998,3.858891049674657,116.00509729427492,84.81846598154694,0.0,3.495267190490533E-4,7.137376784442577E-4,5.52555840239345E-5,3.43421353473291E-4,1.7293397395429922E-4,392.8888888888889,13.843611088215159,4.194328536495093,0.2787488773763421,9.743018054795984E-5,0.2787488773763424,0.0014548626425895425
Track_552,552,552,58,0,2,0,0,0,38706.579,176429.98799999998,215136.56699999998,2.148039619070892,12.314033780461628,157.19927920762336,0.0,5.544134489912624E-4,0.003161642782566203,8.394623505142328E-5,3.1726733333834346E-4,6.726898359561684E-4,334.44827586206895,28.446244972940324,4.3423802403340535,0.07551223794614118,5.549546548846108E-5,0.10009761774255894,0.001925711633510267
Track_553,553,553,44,0,0,0,0,0,38706.579,176429.98799999998,215136.56699999998,2.780776721819348,3.093113435324638,54.99190493848957,0.0,3.5873730486757154E-4,9.318435792970122E-4,5.3007986110154303E-5,3.220921460997535E-4,1.820259358111867E-4,459.47727272727275,13.885493831103743,3.058393314427074,0.20026487755086975,7.184248243223325E-5,0.20026487755086975,0.0018642230424885675
Track_554,554,554,44,0,0,0,0,0,38706.579,176429.98799999998,215136.56699999998,5.952493784606176,134.28048567365948,87.0694910079752,0.0,3.303204695547736E-4,0.0026741194125957128,1.502428736773768E-6,2.51811995481652E-4,4.0060591859128084E-4,661.5681818181819,12.78557535013892,5.9694442709825735,0.46556323212639,1.5378506544342697E-4,0.46556323212638934,0.0016276803516716708
Track_555,555,555,29,0,0,0,0,0,25204.283999999985,176429.98799999998,201634.27199999997,2.813381364084792,2.8540954302995627,111.42709786593196,0.0,4.124568498918411E-4,9.9822226285378E-4,2.9961033306051178E-5,3.963270457443629E-4,2.3389139648371819E-4,253.51724137931035,10.395679582419323,3.067304311364253,0.27062986520310306,1.1162314168832542E-4,0.27062986520310295,0.0016990433914264682
Track_556,556,556,40,0,0,0,0,0,35105.967000000004,176429.98799999998,211535.955,1.2386694752005794,159.52714978934426,132.35156187910678,0.0,4.5757025655484104E-4,0.0010328518820278516,5.867333310663605E-5,3.9985983913769165E-4,2.5233977051898143E-4,238.8,16.06344632679577,2.6050806636111696,0.0771110663304131,3.5283730404024454E-5,0.07711106633041302,0.0014601731301494964
Track_557,557,557,28,0,0,0,0,0,24304.130999999994,177330.14099999997,201634.27199999997,2.0581720899589846,7.459519485696251,110.2060599053459,0.0,5.429577437787212E-4,0.0015085597051784187,5.189702730031897E-5,5.08523751884528E-4,3.61316990998278E-4,165.39285714285714,13.196116132262478,3.4371466333429264,0.15596801887239153,8.468404362859076E-5,0.15596801887239162,0.0013434347099840897
Track_558,558,558,4,0,0,0,0,0,2700.4590000000026,177330.14099999997,180030.59999999998,0.3061595336213389,123.65085685093389,2.9573108172018525,0.0,5.614790052740821E-4,8.171176352419569E-4,2.5242900938352903E-4,6.148903711967603E-4,2.861081815516022E-4,1021.25,1.516251033103451,0.7355308907159698,0.20191876340865134,1.1337314642486282E-4,0.2019187634086523,0.0023108346666602148
Track_559,559,559,3,0,0,0,0,0,1800.3060000000114,177330.14099999997,179130.447,0.669054929249377,112.57769492295397,1.8031494273790045,0.0,3.747160774305523E-4,4.353156383135481E-4,3.1411651654755644E-4,4.353156383135481E-4,8.57007208745868E-5,260.0,0.6746036024946903,0.669054929249377,0.9917749131122422,3.716340051354452E-4,0.9917749131122395,2.889908410069889E-4
Track_560,560,560,4,0,0,0,0,0,2700.4590000000026,177330.14099999997,180030.59999999998,0.1482007906492409,115.9831316637044,4.1712268882659895,0.0,9.105428136554725E-5,2.171457424129478E-4,2.124025341415812E-5,3.4776848269535825E-5,1.0940796251585511E-4,155.25,0.24588835360212255,0.1482007906492409,0.6027157792477147,5.487985214707602E-5,0.6027157792477097,0.002003969754097151
Track_561,561,561,17,0,0,0,0,0,14402.448000000004,177330.14099999997,191732.58899999998,1.8944684062140744,147.6507981178355,122.07124348926212,0.0,2.9428060297867915E-4,5.197702224460154E-4,1.108425288246324E-4,2.932129350993654E-4,1.2253636139007663E-4,257.7647058823529,4.238361081809066,1.8944684062140744,0.44698136134391264,1.3153794453651726E-4,0.4469813613439119,0.0018582709518010867
Track_562,562,562,43,0,0,0,0,0,37806.42600000001,177330.14099999997,215136.56699999998,3.681030951059131,103.46465874903153,89.48578692703191,0.0,4.117068257150591E-4,0.00102856228960909,8.281257761035652E-5,3.7157757198674497E-4,2.4203606379955795E-4,392.09302325581393,15.565163640091303,3.908366700276934,0.23649163196574902,9.736521910479266E-5,0.23649163196574932,0.0019234865444414354
Track_563,563,563,43,0,0,0,0,0,37806.42600000001,177330.14099999997,215136.56699999998,5.589573966958471,113.52377983354627,149.64518358303224,0.0,3.4965141875044353E-4,0.0011008033449475454,5.240515495087609E-5,3.012701831025371E-4,2.352113597160652E-4,348.30232558139534,13.219070488783654,5.602939688624461,0.4228416795039568,1.4784719314537878E-4,0.4228416795039566,0.001680552344272637
Track_564,564,564,2,0,0,0,0,0,900.1530000000203,177330.14099999997,178230.294,0.1392477890313425,52.10276024848271,33.72939388740215,0.0,1.5469346770086793E-4,1.5469346770086793E-4,1.5469346770086793E-4,1.5469346770086793E-4,NaN,148.5,0.1392477890313425,0.1392477890313425,1.0,1.5469346770086793E-4,1.0,NaN
Track_565,565,565,42,0,0,0,0,0,36906.27299999999,178230.294,215136.56699999998,2.1731847491303737,7.413176538334774,100.74376042590679,0.0,4.173790977977111E-4,0.0018938436270714322,2.5531785333465874E-5,3.0936011842889327E-4,3.7809030116548646E-4,569.9047619047619,15.403906927816005,2.9320983279806265,0.14108010125704468,5.888388537987498E-5,0.14108010125704454,0.0019281613807785162
Track_566,566,566,39,0,1,0,0,0,33305.66099999999,178230.294,211535.955,2.7185060373517866,13.795551958387577,106.46677806086875,0.0,7.867128090975292E-4,0.003543171476803256,2.246706964756198E-6,4.6879400470795665E-4,8.732935613874223E-4,592.974358974359,26.91015201940763,6.6438043358829875,0.10102157859945188,8.162294203834559E-5,0.10375189153457237,0.0016517787299351093
Track_567,567,567,2,0,0,0,0,0,900.1529999999912,178230.294,179130.447,0.28449515811194825,1.3571609345641151,42.05296843239269,0.0,3.16052002395094E-4,3.16052002395094E-4,3.16052002395094E-4,3.16052002395094E-4,NaN,159.0,0.28449515811194825,0.28449515811194825,1.0,3.16052002395094E-4,1.0,NaN
Track_568,568,568,3,0,0,0,0,0,1800.3059999999823,178230.294,180030.59999999998,1.306744388952164,121.02989082228187,160.23111579501992,0.0,7.3235916144176E-4,9.540392240437945E-4,5.106790988397255E-4,9.540392240437945E-4,3.1350295103951397E-4,172.0,1.3184705924985562,1.306744388952164,0.9911062077431924,7.258457112025271E-4,0.9911062077431922,3.112379839493413E-4
Track_569,569,569,6,0,0,0,0,0,4500.764999999985,178230.294,182731.05899999998,7.032092039275296,17.777820215265805,83.64916883119865,0.0,0.0024314141702710505,0.004102510961510524,0.0010613128726423093,0.002583449764641468,0.0013306748747921808,670.3333333333334,10.943223798059908,7.032092039275296,0.6425978458488618,0.001562421508182569,0.6425978458488595,0.0013497237017285485
Track_570,570,570,7,0,0,0,0,0,5400.917999999976,178230.294,183631.21199999997,1.208368984662498,11.292254232658228,11.519311129518266,0.0,3.5883012337641746E-4,6.83765425538919E-4,2.8127113774104592E-5,4.510094083531932E-4,2.3384310071261478E-4,204.71428571428572,1.9380120722858956,1.208368984662498,0.6235095239820774,2.2373399941685903E-4,0.6235095239820743,0.0019155963621926935
Track_571,571,571,3,0,0,0,0,0,1800.3059999999823,178230.294,180030.59999999998,0.1982491416983306,9.705712949390875,96.36390115737926,0.0,4.3370722536486395E-4,4.741213456834873E-4,3.932931050462406E-4,4.741213456834873E-4,5.715419706597521E-5,333.3333333333333,0.7808057200677091,0.42678175168102395,0.25390329066895034,1.10119691707039E-4,0.25390329066895034,0.0029579307121252833
Track_572,572,572,2,0,0,0,0,0,900.1529999999912,179130.447,180030.59999999998,2.3765751365424896,117.18369910809878,49.014810556082836,0.0,0.0026401902082673866,0.0026401902082673866,0.0026401902082673866,0.0026401902082673866,NaN,781.0,2.3765751365424896,2.3765751365424896,1.0,0.0026401902082673866,1.0,NaN
Track_573,573,573,4,0,0,0,0,0,2700.4590000000026,179130.447,181830.906,1.3168288614306969,15.093424245519625,90.45917363893975,0.0,5.718104990940561E-4,0.0010251231687549399,2.229519025322316E-4,4.6735642599499686E-4,4.1116015751598977E-4,513.25,1.5441508085730502,1.3168288614306969,0.8527851386792838,4.8763149576819926E-4,0.8527851386792911,7.140682895568876E-4
Track_574,574,574,2,0,0,0,0,0,900.1529999999912,179130.447,180030.59999999998,0.8161575305815784,21.216275525953456,93.69536159533747,0.0,9.066875637603678E-4,9.066875637603678E-4,9.066875637603678E-4,9.066875637603678E-4,NaN,151.0,0.8161575305815784,0.8161575305815784,1.0,9.066875637603678E-4,1.0,NaN
Track_575,575,575,63,0,2,0,0,0,36006.119999999995,179130.447,215136.56699999998,6.580903785856352,22.149318461413664,96.92120489879082,0.0,8.508854082185766E-4,0.004609362606741644,4.139958396409763E-5,4.062306249367859E-4,9.781495946774939E-4,528.4603174603175,47.487477277579,10.083867295360829,0.13858187806837857,1.827718117324597E-4,0.2148019110059871,0.0016780903692697935
Track_576,576,576,3,0,0,0,0,0,1800.3059999999823,179130.447,180930.75299999997,0.31593240304484416,15.029191195118264,125.15186685905807,0.0,3.2435785002564584E-4,4.939659353177133E-4,1.547497647335784E-4,4.939659353177133E-4,2.3986205450817448E-4,139.66666666666666,0.5839433835482647,0.44464491857404126,0.5410325931344873,1.7548816870290233E-4,0.5410325931344874,0.003126441256857303
Track_577,577,577,2,0,0,0,0,0,900.1529999999912,179130.447,180030.59999999998,0.09799904262807614,111.5009889415337,139.69250340199716,0.0,1.0886931735835698E-4,1.0886931735835698E-4,1.0886931735835698E-4,1.0886931735835698E-4,NaN,131.0,0.09799904262807614,0.09799904262807614,1.0,1.0886931735835698E-4,1.0,NaN
Track_578,578,578,41,0,0,0,0,0,36006.119999999995,179130.447,215136.56699999998,4.619337214050618,121.70816760710746,30.22559922697277,0.0,3.533437597949969E-4,7.02852348662202E-4,3.071458674189277E-5,3.189232306026813E-4,1.8900866807376404E-4,484.2926829268293,12.722537816429828,4.619337214050618,0.36308300126136994,1.2829311278334402E-4,0.3630830012613699,0.001555645008853597
Track_579,579,579,40,0,0,0,0,0,35105.967000000004,180030.59999999998,215136.56699999998,3.097758464295435,54.90464737992816,34.2145105612088,0.0,5.043736125770071E-4,0.0016394444627338427,6.228248328984758E-5,4.233093913111405E-4,3.581108528488548E-4,270.1,17.706523398799177,3.5851296900991003,0.17495012400376234,8.824022606457286E-5,0.1749501240037621,0.0018511092116615913
Track_580,580,580,42,0,1,0,0,0,35105.967000000004,180030.59999999998,215136.56699999998,1.1388337198118776,71.38117349733118,56.08005531176456,0.0,5.199915075082711E-4,0.0031672012168507367,2.237898778695908E-5,3.4252254839245156E-4,5.903540775835417E-4,342.85714285714283,19.190948533781942,3.917281562244331,0.059342231980205766,3.243989034148746E-5,0.062385423363806494,0.0018389916791689653
Track_581,581,581,40,0,0,0,0,0,35105.967000000004,180030.59999999998,215136.56699999998,2.0497627093805995,99.22450772684087,74.44971761623277,0.0,3.604004739540373E-4,0.0012525801490087995,1.8969639956743154E-5,2.869382685094863E-4,2.45273706299092E-4,347.65,12.652207145414794,2.5063524587713855,0.1620083109470304,5.8387872049802793E-5,0.16200831094703036,0.0019000455222523318
Track_582,582,582,40,0,0,0,0,0,35105.967000000004,180030.59999999998,215136.56699999998,3.797052917482869,101.1441165664908,79.2198270078404,0.0,3.6061407867317365E-4,0.0014295759279789595,2.324217939181423E-5,3.3977139661241484E-4,2.53258913114825E-4,350.175,12.659705945635835,3.854117488942815,0.2999321574915271,1.0815975863826422E-4,0.29993215749152696,0.0017951690585366247
Track_583,583,583,39,0,0,0,0,0,34205.81400000001,180030.59999999998,214236.414,4.016557925253599,4.0883384690620685,105.2569487541516,0.0,6.645587882478937E-4,0.00223655499068209,3.679792835865443E-5,5.789965724045718E-4,5.482822779357807E-4,422.38461538461536,22.73177430287286,4.584473317793791,0.17669355113850407,1.1742325223582159E-4,0.17669355113850418,0.00208949461403202
Track_584,584,584,40,0,0,0,0,0,35105.967000000004,180030.59999999998,215136.56699999998,9.718743188020088,24.137435813336793,136.64355025662326,0.0,4.5036718082464754E-4,0.0015714308390458907,7.683024370546666E-5,4.067090215769507E-4,3.0267009811749167E-4,521.875,15.810575387913122,9.894961480511437,0.6146988929605863,2.768402074786912E-4,0.6146988929605868,0.0014900326283857283
Track_585,585,585,40,0,0,0,0,0,35105.967000000004,180030.59999999998,215136.56699999998,2.4376042027168707,6.589221208363787,153.79057091414467,0.0,3.458866991358312E-4,8.328224557874451E-4,5.9263692390351134E-5,3.110678932379102E-4,2.107469975225394E-4,420.725,12.142687045601427,2.457655192495832,0.20074668757932534,6.943560912926485E-5,0.20074668757932546,0.0021419317157446126
Track_586,586,586,40,0,0,0,0,0,35105.967000000004,180030.59999999998,215136.56699999998,1.969134946962887,126.22501025950244,157.2396167136402,0.0,3.761931650048583E-4,0.0011076151271889301,7.16637412607424E-5,3.0960885826620177E-4,2.598143117734725E-4,395.025,13.206624836286153,2.995038906321309,0.14910205835124102,5.60911752398926E-5,0.1491020583512415,0.002002549132282075
Track_587,587,587,40,0,0,0,0,0,35105.967000000004,180030.59999999998,215136.56699999998,1.1490503997163175,2.504956303455229,159.50072947834957,0.0,2.2292845153930037E-4,5.337505004430649E-4,7.966820082564822E-6,2.0794296469878488E-4,1.345460668079004E-4,219.675,7.826118863099772,1.4271456115526566,0.14682250804215374,3.273091436895378E-5,0.14682250804215363,0.0021024254919034266
Track_588,588,588,39,0,0,0,0,0,34205.81400000001,180930.75299999997,215136.56699999998,2.7910298712229857,157.03996480169383,122.35635498813978,0.0,4.684728414990665E-4,0.0014005735121353114,7.230241604439764E-5,3.81725271120829E-4,3.147706260855159E-4,345.87179487179486,16.024494880368575,4.247046436155962,0.17417272070411682,8.159518937988099E-5,0.17417272070411702,0.0017821187878642561
Track_589,589,589,39,0,0,0,0,0,34205.81400000001,180930.75299999997,215136.56699999998,1.1441513767244367,156.5245897485668,127.99060653410298,0.0,4.8614235091535657E-4,0.0010870718853744808,5.950863560308446E-5,4.3295821726209216E-4,2.863967222191742E-4,355.61538461538464,16.628894832933472,1.1858313793887847,0.06880501610115716,3.34490322821856E-5,0.06880501610115737,0.0015788885233930343
Track_590,590,590,39,0,0,0,0,0,34205.81400000001,180930.75299999997,215136.56699999998,0.8090125079182178,1.3414886733127462,10.105272214180076,0.0,5.470930770833422E-4,0.0027061776395662825,3.6221164642999366E-5,3.4457623851828274E-4,5.295650371373928E-4,255.0,18.713764035400413,1.5153212591839047,0.043230881098416475,2.3651315765156692E-5,0.043230881098416336,0.002030042248361303
Track_591,591,591,39,0,0,0,0,0,34205.81400000001,180930.75299999997,215136.56699999998,10.859513467844133,90.72397979371434,19.256168125914293,0.0,4.521647109459244E-4,0.0011705088066582435,8.579295777354985E-5,4.151161690419157E-4,2.4677409544260207E-4,400.1794871794872,15.46666199998007,11.245521290210704,0.7021239274420121,3.1747566270003483E-4,0.7021239274420127,0.0012619537783039366
Track_592,592,592,7,0,0,0,0,0,5400.918000000005,180930.75299999997,186331.67099999997,0.7164564348328868,117.66351039483077,51.211034023252815,0.0,8.782597228342598E-4,0.001827284170150724,2.7395461647089855E-4,5.657596280449846E-4,6.448952097937973E-4,528.5714285714286,4.743408745730617,1.66106528262715,0.15104252516246783,1.3265456628537705E-4,0.15104252516246935,0.0017378715308553985
Track_593,593,593,29,0,0,0,0,0,25204.284000000014,180930.75299999997,206135.03699999998,2.8634632829045294,156.4008932482595,157.22623346013162,0.0,5.223210343656444E-4,0.0013715585830531502,1.276360903469249E-4,4.811032266672007E-4,3.07913951502045E-4,383.7931034482759,13.164727689325474,2.896071089716386,0.21751025547048333,1.1361018162247845E-4,0.2175102554704834,0.0018748083700516564
Track_594,594,594,11,0,0,0,0,0,9001.529999999999,180930.75299999997,189932.28299999997,0.8322104100411031,23.92912363528477,83.33604680119718,0.0,8.97128809243165E-4,0.0017667228592207884,6.173326288388016E-5,9.606949362925936E-4,6.499352712098316E-4,425.27272727272725,8.075531890266593,1.8539660858420721,0.10305332470349886,9.245210647979879E-5,0.10305332470349844,0.0026651694915050014
Track_595,595,595,23,0,0,0,0,0,19803.36599999998,181830.906,201634.27199999997,1.9519058493562718,60.389413568836815,44.93340158039854,0.0,6.265440332065522E-4,0.002501547276651273,9.243396609932797E-5,4.429906331216278E-4,6.186986088562518E-4,286.82608695652175,12.407680804705455,2.819676021878668,0.15731431845152208,9.856434756375627E-5,0.15731431845152158,0.001365886395549985
Track_596,596,596,38,0,0,0,0,0,33305.66099999999,181830.906,215136.56699999998,1.5237195620886315,92.84922714770408,78.11976185394381,0.0,2.878438562027444E-4,6.659243158953655E-4,6.792243516978594E-5,2.696082341540678E-4,1.1539804160632435E-4,263.3421052631579,9.586829895621339,1.8113337328347099,0.15893883365809702,4.574956678051313E-5,0.1589388336580968,0.001999394852599905
Track_597,597,597,38,0,0,0,0,0,33305.66099999999,181830.906,215136.56699999998,4.5956035702811615,12.164114732789608,97.02989815706769,0.0,3.944307991544248E-4,0.0017589000724326119,4.613959516929234E-5,3.047430033899368E-4,3.4857325136605256E-4,342.42105263157896,13.136778484596316,4.5956035702811615,0.34982728647436584,1.3798265617010762E-4,0.34982728647436484,0.0015717487706561487
Track_598,598,598,5,0,0,0,0,0,3600.6119999999937,181830.906,185431.51799999998,1.2914696100625451,18.841419424244236,104.42679631360106,0.0,0.001102284585151879,0.0016251245178272426,5.389714430935794E-4,0.0015293422517588635,5.545295556867964E-4,161.4,3.9688991047128828,1.5723056557516837,0.3253974404461391,3.5868058265165685E-4,0.32539744044614016,0.0025695569461351695
Track_599,599,599,38,0,0,0,0,0,33305.66099999999,181830.906,215136.56699999998,5.65403234439022,116.04887964836476,142.47345085714872,0.0,5.950630761488339E-4,0.0024914527873229164,4.244145322645462E-5,3.0604779784572367E-4,6.235648176597388E-4,416.1842105263158,19.818969087830205,5.91736098278797,0.28528387724576787,1.6976190156953262E-4,0.2852838772457673,0.0020593566170705197
Track_600,600,600,23,0,0,0,0,0,19803.36599999998,181830.906,201634.27199999997,2.313589509570542,71.63073580584667,29.805645006564447,0.0,3.432484357864019E-4,7.995352498358022E-4,6.405376730881123E-5,3.42597438011412E-4,2.17927152274043E-4,245.43478260869566,6.7974744028055945,2.5071076998292554,0.34036016503653616,1.168280942527924E-4,0.3403601650365355,0.0018963008366999015
Track_601,601,601,3,0,0,0,0,0,1800.3060000000114,182731.05899999998,184531.365,1.67021944450214,118.35639534264544,1.4706314536228422,0.0,0.0010886135357978208,0.0015547932253504426,6.22433846245199E-4,0.0015547932253504426,6.592776394681968E-4,432.6666666666667,1.9598374801780303,1.67021944450214,0.8522234427062894,9.277419752542787E-4,0.8522234427062834,0.0013718535480266888
Track_602,602,602,5,0,0,0,0,0,3600.6119999999937,182731.05899999998,186331.67099999997,0.35306348629464807,142.0394595149287,2.800704774423515,0.0,2.1484125582788284E-4,2.892742757306502E-4,7.126035614980274E-5,2.824010922092781E-4,1.0119717153147862E-4,144.2,0.7735600038289457,0.35306348629464807,0.4564138328598483,9.805652102882752E-5,0.45641383285984966,0.0015696279942628594
Track_603,603,603,3,0,0,0,0,0,1800.3060000000114,182731.05899999998,184531.365,0.9618838185361142,24.616418532632256,9.900886661947286,0.0,5.746752259633639E-4,6.55101282526602E-4,4.942491694001259E-4,6.55101282526602E-4,1.1373961995991696E-4,132.0,1.0345912573532088,0.9618838185361142,0.9297235132228917,5.342890700448191E-4,0.9297235132228939,8.466893535736651E-4
Track_604,604,604,37,0,0,0,0,0,32405.508,182731.05899999998,215136.56699999998,5.48664316143232,103.51125046029179,27.2356882674183,0.0,4.4389792894807846E-4,0.001517304314531062,5.6636901279291065E-5,3.8757296760609034E-4,2.9585477876447767E-4,465.2972972972973,14.384737887710351,5.763408140681651,0.3814211426208782,1.6931205526641703E-4,0.3814211426208772,0.001778478944918619
Track_605,605,605,25,0,0,0,0,0,21603.67199999999,182731.05899999998,204334.73099999997,2.0953277642543613,54.37238715869411,49.83129345865539,0.0,3.2865292975834526E-4,7.330196547875E-4,4.5272790440169735E-5,3.217093780305432E-4,1.9284923689830396E-4,284.64,7.100110096338319,2.775211122812699,0.29511201035248275,9.698942680921846E-5,0.2951120103524824,0.0017356528553576502
Track_606,606,606,36,0,0,0,0,0,31505.35500000001,183631.21199999997,215136.56699999998,4.786241796142179,46.18298518852105,40.9447158647633,0.0,3.220972102866899E-4,8.291150259012632E-4,5.688099522824587E-5,2.787509927004431E-4,2.0178460944565358E-4,468.0833333333333,10.147786954591835,4.786241796142179,0.47165375244465724,1.5191835788367334E-4,0.47165375244465785,0.001457290081443281
Track_607,607,607,8,0,0,0,0,0,6301.070999999996,183631.21199999997,189932.28299999997,0.7953145099117234,120.15881136357547,159.66307964761083,0.0,3.1864696619960645E-4,7.127083633931608E-4,5.924971047729823E-5,2.4649393887567927E-4,2.1863909011510867E-4,178.75,2.0078171579583124,0.796253145704042,0.39610903152180166,1.2621894117868595E-4,0.3961090315218003,0.001770157192439799
Track_608,608,608,9,0,0,0,0,0,7201.2240000000165,183631.21199999997,190832.436,1.839910999427844,16.22145545518013,58.743773805733355,0.0,3.1561400108602914E-4,5.842094501581755E-4,7.18297527580586E-5,3.689029461117426E-4,1.7427643786391771E-4,342.44444444444446,2.272807119356751,1.839910999427844,0.809532398837511,2.5549975940587874E-4,0.8095323988375135,0.0016958358641601032
Track_609,609,609,4,0,0,0,0,0,2700.4590000000026,183631.21199999997,186331.67099999997,0.5455465854944491,14.714196191091183,84.81177285272027,0.0,8.965675886927833E-4,0.001445760740436186,4.3297286405653254E-4,8.109691615856315E-4,5.117911084395819E-4,233.5,2.4211440139937435,1.3014058677858835,0.22532595431799823,2.0201994753278927E-4,0.22532595431799973,0.002117307051342784
Track_610,610,610,2,0,0,0,0,0,900.1530000000203,183631.21199999997,184531.365,0.021909875523371272,116.04977215915754,3.8443750762598237,0.0,2.4340168308466205E-5,2.4340168308466205E-5,2.4340168308466205E-5,2.4340168308466205E-5,NaN,130.0,0.021909875523371272,0.021909875523371272,1.0,2.4340168308466205E-5,1.0,NaN
Track_611,611,611,7,0,0,0,0,0,5400.918000000005,183631.21199999997,189032.12999999998,2.2806510660148107,159.84075321572254,119.3758542999736,0.0,5.156629230254473E-4,0.0011856253452067326,2.3125508830360554E-4,4.8701963301827456E-4,3.457055684867906E-4,191.14285714285714,2.7850531629007733,2.2806510660148107,0.8188895983728359,4.2227100393207385E-4,0.8188895983728413,0.0013220396490438587
Track_612,612,612,2,0,0,0,0,0,900.1530000000203,183631.21199999997,184531.365,0.2528528531808769,15.703448809105208,124.52570052630125,0.0,2.8089986166892874E-4,2.8089986166892874E-4,2.8089986166892874E-4,2.8089986166892874E-4,NaN,186.0,0.2528528531808769,0.2528528531808769,1.0,2.8089986166892874E-4,1.0,NaN
Track_613,613,613,35,0,0,0,0,0,30605.20199999999,184531.365,215136.56699999998,3.490503601576267,4.814733980902534,16.318230852252483,0.0,3.626881578063621E-4,0.0012536498556401,3.816713452353644E-5,2.5293152635765367E-4,2.810759396868417E-4,323.2,11.10014433267154,3.5260121784218295,0.3144556950761906,1.1404935675890222E-4,0.31445569507618926,0.0018967808913295243
Track_614,614,614,3,0,0,0,0,0,1800.3059999999823,184531.365,186331.67099999997,0.43689893476398317,111.6649752749745,139.43148505326386,0.0,2.585022256782163E-4,3.8240918889264415E-4,1.3459526246378852E-4,3.8240918889264415E-4,1.7523090785030802E-4,137.0,0.46538310790184234,0.43689893476398317,0.9387941404528438,2.4268037476072815E-4,0.9387941404528438,8.961941729410829E-4
Track_615,615,615,35,0,0,0,0,0,30605.20199999999,184531.365,215136.56699999998,2.4674739776867947,102.02333336569184,47.01709681184251,0.0,3.2973190266740674E-4,7.590396260329441E-4,8.196725132364699E-5,3.01552815395453E-4,1.7506820921834513E-4,288.2857142857143,10.091511486980322,2.4674739776867947,0.2445098517571163,8.062269864079954E-5,0.24450985175711634,0.001986259161314347
Track_616,616,616,35,0,0,0,0,0,30605.20199999999,184531.365,215136.56699999998,6.678570172135994,43.78309133323596,50.86025672295395,0.0,4.535429794066526E-4,0.0010366126817908602,1.0117994319392599E-4,4.096707687896103E-4,2.768074900301499E-4,533.3714285714286,13.880774500422419,6.678570172135994,0.4811381506077166,2.1821683033283022E-4,0.4811381506077159,0.0013240202498124346
Track_617,617,617,9,0,1,0,0,0,6301.070999999996,184531.365,190832.436,2.5881898070012768,18.202195882614692,64.95412080500265,0.0,0.0014615464004340247,0.0034817693774462544,1.7380382983053403E-4,0.0021444719513588353,0.0012240624096269657,340.8888888888889,10.52492301591909,2.9601216522294154,0.24591056895015806,4.1075395071746984E-4,0.28104065022875174,0.0012516528475637358
Track_618,618,618,34,0,0,0,0,0,29705.049,185431.51799999998,215136.56699999998,2.970525434748533,97.76890434332782,50.61053515408406,0.0,3.9255418151794107E-4,0.0013230842235050406,1.7599273016773453E-5,3.539443208286751E-4,2.727609428963367E-4,259.3235294117647,11.660841197145322,2.970525434748533,0.2547436659608866,1.0000069128815553E-4,0.2547436659608864,0.001715277029699129
Track_619,619,619,35,0,1,0,0,0,29705.049,185431.51799999998,215136.56699999998,2.9733779856146687,111.57728274704445,61.91806177149882,0.0,6.435233789330794E-4,0.002288543897039026,3.35149848697506E-5,5.981546812343216E-4,5.295070402715136E-4,329.0571428571429,19.695163003969416,3.780070088567226,0.15096996074698169,1.0009672044690682E-4,0.1555448080423446,0.0016781201678576381
Track_620,620,620,34,0,0,0,0,0,29705.049,185431.51799999998,215136.56699999998,1.4922404895203492,95.85452831511259,60.13441938893529,0.0,3.531484339542387E-4,0.0015119285413775182,2.7871690615521833E-5,2.650012696259173E-4,2.993695978346766E-4,225.41176470588235,10.490291534883943,2.5258937580931162,0.14224966813916656,5.0235247533856926E-5,0.1422496681391668,0.001720246720345077
Track_621,621,621,2,0,0,0,0,0,900.1529999999912,185431.51799999998,186331.67099999997,0.7015940805236786,24.280881267636765,78.30137338169479,0.0,7.794164775584655E-4,7.794164775584655E-4,7.794164775584655E-4,7.794164775584655E-4,NaN,146.5,0.7015940805236786,0.7015940805236786,1.0,7.794164775584655E-4,1.0,NaN
Track_622,622,622,3,0,0,0,0,0,1800.3060000000114,186331.67099999997,188131.97699999998,2.4806389025962488,116.48659724516624,48.38690740914135,0.0,0.0015531764630363396,0.00219029867630398,9.160542497686989E-4,0.00219029867630398,9.010268748922608E-4,733.6666666666666,2.796192905463136,2.4806389025962488,0.8871487005598343,0.001377898480922817,0.88714870055984,0.0011788225877566098
Track_623,623,623,3,0,0,0,0,0,1800.3060000000114,186331.67099999997,188131.97699999998,1.085915545160469,16.373991486877873,82.16430323068998,0.0,0.002481472197372811,0.002895385923773276,0.0020675584709723455,0.002895385923773276,5.853624055279246E-4,349.0,4.4674092857634715,1.8611189603212117,0.24307500739209484,6.031838727196721E-4,0.24307500739209414,0.003089466547521382
Track_624,624,624,27,0,1,0,0,0,22503.82500000001,186331.67099999997,208835.49599999998,3.911504507087779,15.248998080152873,7.829588832354686,0.0,6.514739730923651E-4,0.0025990189716962662,1.3051813074350246E-4,4.5359401863363455E-4,5.914949826109803E-4,288.55555555555554,15.247082533826296,3.911504507087779,0.2565411775275658,1.7381509619310393E-4,0.2668028246286681,0.0019544631818516254
Track_625,625,625,33,0,0,0,0,0,28804.896000000008,186331.67099999997,215136.56699999998,0.771193417877814,33.618780521827084,112.94483674322933,0.0,1.2232299110096062E-4,2.913854208921526E-4,1.4440186523756907E-5,1.0779962408255865E-4,7.964546236443247E-5,218.84848484848484,3.523501037072097,0.9909289501933626,0.21887134692562715,2.6772997822238756E-5,0.21887134692562715,0.001599803155937021
Track_626,626,626,8,0,0,0,0,0,6301.070999999996,186331.67099999997,192632.74199999997,1.4143502843806999,17.2776880233056,124.33345884619955,0.0,4.875186243701164E-4,8.099524647485737E-4,4.290351629511251E-5,4.5070382279565826E-4,2.9036835353832453E-4,173.125,3.0718894659784284,1.6224586081565926,0.4604170495210884,2.2446188661906852E-4,0.46041704952108786,0.0016883167821803316
Track_627,627,627,32,0,0,0,0,0,27904.742999999988,187231.824,215136.56699999998,0.93491253691595,6.248356704528985,7.388050464145352,0.0,4.367249737495763E-4,9.556960639897496E-4,2.0744852537440786E-5,4.243747282094581E-4,2.3018542309948814E-4,305.25,12.186698154163675,1.4179301629049257,0.07671581958370982,3.3503714293872925E-5,0.07671581958370988,0.002017974098176298
Track_628,628,628,32,0,0,0,0,0,27904.742999999988,187231.824,215136.56699999998,2.5447240770125816,134.10956291884747,77.25046174067516,0.0,4.237691608064063E-4,8.656007223410213E-4,1.1599330580915687E-4,3.870783706993134E-4,2.0071040696869564E-4,395.59375,11.825169523628407,3.0510570655778917,0.21519556839568796,9.119324542829808E-5,0.21519556839568746,0.0017434357033459778
Track_629,629,629,7,0,0,0,0,0,5400.917999999976,187231.824,192632.74199999997,4.075497727143122,25.361499160990668,106.45421211271375,0.0,0.001301944112680491,0.002057461027197792,4.038415700715983E-4,0.0016879180992935916,7.018336347619808E-4,294.0,7.031693393170072,4.339124482910399,0.5795897942736921,7.545935204243316E-4,0.5795897942736931,0.0016037040476084904
Track_630,630,630,17,0,0,0,0,0,14402.447999999975,187231.824,201634.27199999997,0.3624253422849896,67.95229224288856,46.55832724829594,0.0,4.809273999856017E-4,8.793857618410072E-4,1.0545529554102394E-4,5.197120366957897E-4,1.9501823982047393E-4,262.5882352941176,6.926531870067814,2.3024343965938674,0.05232421492943211,2.5164148642299578E-5,0.05232421492943209,0.0019010746564680696
Track_631,631,631,32,0,0,0,0,0,27904.742999999988,187231.824,215136.56699999998,1.5060687132398722,67.35282665572772,51.63391777223183,0.0,4.4966446506618875E-4,0.0012755632048149581,9.391778600104161E-5,3.962814820115808E-4,2.4426805198066897E-4,291.25,12.547771333904457,2.153305754119971,0.1200267898706784,5.397178226081039E-5,0.12002678987067827,0.002044416153325313
Track_632,632,632,35,0,1,0,0,0,27904.742999999988,187231.824,215136.56699999998,5.497604366184445,11.683385605446032,122.56882662673168,0.0,0.0011424543320806995,0.004551781355500364,2.540627930628917E-4,8.787140072475451E-4,0.0010187444579824127,415.6,34.96504560910481,6.365581739286739,0.15723143700841857,1.9701325922207732E-4,0.172447382525362,0.0022005963956755847
Track_633,633,633,3,0,0,0,0,0,1800.3059999999823,188131.97699999998,189932.28299999997,1.8400538730881182,151.20731501087184,152.44515459733296,0.0,0.001132772759437621,0.001564426363887442,7.011191549878003E-4,0.001564426363887442,6.10450381660168E-4,176.33333333333334,2.039337595452086,1.8400538730881182,0.902280170380623,0.0010220783983879054,0.9022801703806231,0.0010779123746867657
Track_634,634,634,14,0,0,0,0,0,11701.989000000001,188131.97699999998,199833.966,1.3028663616755414,113.20133071679834,159.20774974642654,0.0,4.1172461332575317E-4,7.434773127510583E-4,1.1825843830556149E-4,3.933591045360314E-4,2.0836528157547668E-4,213.92857142857142,4.817996896167208,1.3028663616755414,0.27041660460844047,1.1133717196927302E-4,0.2704166046084399,0.0023600854317045433
Track_635,635,635,5,0,0,0,0,0,3600.6119999999937,188131.97699999998,191732.58899999998,0.7155576336911093,54.47328687011134,2.048780838295304,0.0,8.477712029317422E-4,0.0010972620277182855,5.755607413531466E-4,9.146716755403124E-4,2.1815271908626904E-4,188.2,3.052495166530468,1.1864805759316148,0.23441728640128448,1.9873222488041214E-4,0.234417286401285,0.003132244447913117
Track_636,636,636,31,0,0,0,0,0,27004.589999999997,188131.97699999998,215136.56699999998,0.39604281778351974,142.639005958531,2.4402973313256697,0.0,2.969216792612718E-4,8.844686005258747E-4,4.3902871498256896E-5,2.466470641806163E-4,2.018137280289142E-4,158.06451612903226,8.018248210562149,0.9043912496273103,0.04939268620567605,1.4665759331414392E-5,0.049392686205676065,0.0022374776370350413
Track_637,637,637,14,0,0,0,0,0,11701.989000000001,188131.97699999998,199833.966,2.8698318582284905,24.915465481468853,11.110421991905403,0.0,4.128383934449851E-4,0.0010840969879850994,3.120981546519637E-5,3.854352902827564E-4,3.03804828838399E-4,164.21428571428572,4.831030338870877,3.1958111027256724,0.5940413652834223,2.4524308288347306E-4,0.594041365283421,0.001545402183273358
Track_638,638,638,16,0,0,0,0,0,13502.294999999984,188131.97699999998,201634.27199999997,1.3712772526772288,62.37463960128698,49.658150085641,0.0,5.838985906493836E-4,8.766335037149783E-4,1.803085041339222E-4,6.599517082765431E-4,2.5993062194536827E-4,342.0625,7.883971021032206,1.726032329515544,0.1739323050552886,1.0155882779018162E-4,0.17393230505528853,0.002338688702091752
Track_639,639,639,30,0,0,0,0,0,26104.437000000005,189032.12999999998,215136.56699999998,3.0298331466017383,17.628778900139903,82.61505874741452,0.0,0.0015526873219358936,0.005114872967011775,7.416051298447625E-5,0.001335893981989349,0.0013127494825097533,656.8,40.532028376174296,4.808343568662238,0.07475157962690926,1.1606582998138354E-4,0.07475157962690933,0.0022174821017352975
Track_640,640,640,4,0,0,0,0,0,2700.4590000000026,189932.28299999997,192632.74199999997,0.4787949390468332,73.22510404661145,1.1506385683446565,0.0,5.002939079621131E-4,8.589883995752576E-4,1.6094220370535867E-4,4.8095112060572313E-4,3.494248566704224E-4,137.75,1.3510231864014717,0.7732209848428843,0.35439431674161803,1.7730131768222836E-4,0.3543943167416207,0.0033005769593531936
Track_641,641,641,29,0,0,0,0,0,25204.284000000014,189932.28299999997,215136.56699999998,1.1608576617032484,19.85286198955979,7.38744945336007,0.0,3.334820169159939E-4,6.905215004403614E-4,9.074909557214295E-5,3.2418730866450854E-4,1.475981099747529E-4,317.0,8.40517546324353,2.205124755201375,0.1381122460536091,4.605795037475565E-5,0.1381122460536093,0.001648475178185362
Track_642,642,642,29,0,0,0,0,0,25204.284000000014,189932.28299999997,215136.56699999998,5.511604498198398,118.63079980039673,48.262896340249654,0.0,6.99186672612263E-4,0.0018537223550389025,2.9122378229605666E-5,7.088951093266302E-4,5.068215494425925E-4,1257.9655172413793,17.622499465534514,5.511604498198398,0.3127595213708366,2.1867728907507927E-4,0.31275952137083673,0.002367465449042949
Track_643,643,643,30,0,1,0,0,0,25204.284000000014,189932.28299999997,215136.56699999998,1.2306336858857037,32.06963018060321,66.6584782487235,0.0,6.367256523058361E-4,0.003015494152507945,6.484300361185516E-6,4.520532713906457E-4,7.380063165514611E-4,536.0,16.621364676901603,2.4883584059853856,0.07403926872478118,4.882636959199884E-5,0.07668352832209475,0.0019703812406536665
Track_644,644,644,22,0,0,0,0,0,18903.213000000018,189932.28299999997,208835.49599999998,1.0712032423599247,111.56068606295277,138.47851467816147,0.0,2.7971654683740327E-4,6.940250131092838E-4,5.7453173092466345E-5,2.692598626561061E-4,1.7834723595605881E-4,158.0909090909091,5.287541464491915,1.3031115741706178,0.20259004105282372,5.666778670694361E-5,0.20259004105282372,0.0018759350291314817
Track_645,645,645,11,0,0,0,0,0,9001.529999999999,190832.436,199833.966,0.986173877785619,156.9499560192986,147.06615716807516,0.0,6.997111904245985E-4,0.002402862494554602,7.622061354248097E-5,3.89716057619414E-4,7.950979615142782E-4,302.72727272727275,6.298471271942758,2.7887952543386936,0.15657352954496123,1.0955625074688627E-4,0.15657352954496181,0.0018933018760700696
Track_646,646,646,28,0,0,0,0,0,24304.130999999994,190832.436,215136.56699999998,5.97857903592211,59.44510238614311,71.37660090216276,0.0,4.997975679652285E-4,0.00195490653438565,6.0672732163193074E-5,4.200562334182715E-4,3.568589574566012E-4,420.2142857142857,12.147145565308298,6.091707923297486,0.4921797473965129,2.459902407505173E-4,0.4921797473965122,0.00152672642690713
Track_647,647,647,8,0,0,0,0,0,6301.070999999996,190832.436,197133.50699999998,1.2851405468057024,31.17246105447433,1.3520305982442107,0.0,2.7659386857962337E-4,4.1362159271153835E-4,1.2776491176241496E-4,2.773272268613621E-4,1.1154422454419986E-4,159.875,1.7428376040848703,1.2851405468057024,0.7373839902200782,2.0395589048365003E-4,0.7373839902200762,0.001604807794853663
Track_648,648,648,7,0,0,0,0,0,5400.918000000005,190832.436,196233.354,3.953196391478393,113.5894844718064,1.1151989854548805,0.0,0.002142247100221031,0.0033290302461468986,9.386120997224839E-4,0.002602578984593348,0.001066082682055353,345.2857142857143,11.570100924031536,5.14581741900293,0.34167345794429976,7.319489745036658E-4,0.34167345794429843,0.0017308434474677642
Track_649,649,649,3,0,0,0,0,0,1800.3059999999823,190832.436,192632.74199999997,0.36732627902628007,11.402988143697016,8.448900339994156,0.0,2.1143959405953697E-4,2.1978696394791913E-4,2.0309222417115482E-4,2.1978696394791913E-4,1.1804963706294827E-5,140.33333333333334,0.38065596982294503,0.36732627902628007,0.9649823151260046,2.0403546898487462E-4,0.9649823151260047,5.901940376587579E-4
Track_650,650,650,28,0,1,0,0,0,23403.978000000003,191732.58899999998,215136.56699999998,3.0184602077297633,25.26364758035205,104.0700912387412,0.0,7.833638529992165E-4,0.003144985656268813,4.250187998087374E-5,4.925443633829094E-4,9.057116729454008E-4,470.14285714285717,19.03897770395782,5.112279730440311,0.15854108632640956,1.2897210071423598E-4,0.16463882041588784,0.0019386522893957711
Track_651,651,651,27,0,0,0,0,0,23403.978000000003,191732.58899999998,215136.56699999998,1.0435721935589437,25.45692192492217,83.89091175705431,0.0,4.248295389657588E-4,9.340873443569486E-4,4.281138003186317E-5,3.848612193630779E-4,2.2186828404465388E-4,454.48148148148147,9.942701183704784,1.5132185891183738,0.10495861982348087,4.4589522070091825E-5,0.10495861982348109,0.0017385522391713411
Track_652,652,652,2,0,0,0,0,0,900.1529999999912,191732.58899999998,192632.74199999997,0.28455152487920427,14.369354771985773,89.26599095733604,0.0,3.161146214912432E-4,3.161146214912432E-4,3.161146214912432E-4,3.161146214912432E-4,NaN,355.5,0.28455152487920427,0.28455152487920427,1.0,3.161146214912432E-4,1.0,NaN
Track_653,653,653,26,0,0,0,0,0,22503.82500000001,192632.74199999997,215136.56699999998,2.4632769434806145,109.94430849861169,27.068756032415934,0.0,3.32430680738755E-4,7.96291155942234E-4,4.45705254848629E-5,2.650980550719747E-4,2.2415923570807538E-4,328.2692307692308,7.480961863975817,2.7641092596590267,0.3292727577375306,1.0946036700341446E-4,0.3292727577375306,0.0018776310822696052
Track_654,654,654,7,0,0,0,0,0,5400.918000000005,192632.74199999997,198033.65999999997,0.28802348728963284,160.07477836588237,151.7388595560939,0.0,1.6847695283581278E-4,3.9565739450942637E-4,2.4858647860550775E-5,1.521659259990731E-4,1.2757448880745367E-4,156.57142857142858,0.909930207156093,0.3066628189390719,0.31653360337363123,5.332861696652913E-5,0.3165336033736312,0.002017763891444127
Track_655,655,655,2,0,0,0,0,0,900.1530000000203,192632.74199999997,193532.895,0.21451978645127828,154.1037314864765,152.09944152826134,0.0,2.383148047623831E-4,2.383148047623831E-4,2.383148047623831E-4,2.383148047623831E-4,NaN,270.5,0.21451978645127828,0.21451978645127828,1.0,2.383148047623831E-4,1.0,NaN
Track_656,656,656,9,0,0,0,0,0,7201.2240000000165,192632.74199999997,199833.966,0.9822434349641722,120.53137577570071,159.31705086712796,0.0,5.21727064988796E-4,0.0010360596957432907,8.180891370209052E-5,4.4221822008524845E-4,3.262785881448687E-4,252.0,3.7570734618469093,1.1348533413973685,0.2614384426971835,1.3639951138364395E-4,0.2614384426971852,0.0026841219132157194
Track_657,657,657,3,0,0,0,0,0,1800.3060000000114,192632.74199999997,194433.04799999998,0.7095739431604107,151.9266671271782,159.85993134064427,0.0,5.237704169446941E-4,8.411918144966384E-4,2.0634901939274984E-4,8.411918144966384E-4,4.4890164540538146E-4,151.66666666666666,0.9429470242480497,0.7572013353946095,0.7525066890435953,3.9414074227403907E-4,0.7525066890436027,0.0021672788520399394
Track_658,658,658,26,0,0,0,0,0,22503.82500000001,192632.74199999997,215136.56699999998,1.4498297923675922,99.42902675459648,42.025436361498606,0.0,2.6652866462788374E-4,8.443105725012454E-4,2.978978050780976E-5,2.3273525917377042E-4,1.8884017742477977E-4,245.15384615384616,5.9979144262695785,1.7427190424560282,0.24172232034816116,6.442592725314881E-5,0.24172232034816074,0.0014122245186272188
Track_659,659,659,26,0,0,0,0,0,22503.82500000001,192632.74199999997,215136.56699999998,1.17239661899704,89.96551992693539,80.33108414121021,0.0,2.76304264316113E-4,5.416503832217324E-4,2.516118630859594E-5,2.9520765331714146E-4,1.477316837514096E-4,216.03846153846155,6.217902810923551,1.17239661899704,0.18855177616114957,5.209765979770281E-5,0.18855177616114943,0.002063464492789323
Track_660,660,660,11,0,0,0,0,0,9001.529999999999,192632.74199999997,201634.27199999997,1.7019743239605978,17.33033734186828,57.496061458177344,0.0,3.00596866508972E-4,7.353722278402083E-4,1.2900945092282683E-4,2.832229840700048E-4,1.7882019706352189E-4,331.90909090909093,2.705831711786504,1.7019743239605978,0.6290022829383143,1.8907611527824693E-4,0.6290022829383137,0.0014047749655403839
Track_661,661,661,26,0,0,0,0,0,22503.82500000001,192632.74199999997,215136.56699999998,2.2643442138420555,50.34606538032244,63.954952451150035,0.0,5.766073716606764E-4,0.002164062228313515,6.612598386848073E-5,4.1868447478918416E-4,4.7100990921211796E-4,897.0,12.975871385561812,2.5110705421728023,0.17450421220740367,1.0062041514462783E-4,0.17450421220740345,0.0017985754463802587
Track_662,662,662,14,0,0,0,0,0,11701.989000000001,192632.74199999997,204334.73099999997,1.0109990458015083,18.455073762690912,63.22142726305782,0.0,3.2077874307443496E-4,8.939828573526534E-4,4.1633951350912314E-5,2.760505760942346E-4,2.2928302335790753E-4,321.5,3.753749322890879,1.1537363105216818,0.2693304637143182,8.639548762193403E-5,0.26933046371431923,0.0018619336793429808
Track_663,663,663,11,0,0,0,0,0,9001.529999999999,192632.74199999997,201634.27199999997,1.559593781482228,22.44677638521938,66.45613116950847,0.0,3.784376372443269E-4,6.390101472269954E-4,1.0731658597895629E-4,4.502967062889586E-4,2.0547544310594E-4,296.72727272727275,3.40651774478393,1.559593781482228,0.45782640758888826,1.7325874395599728E-4,0.45782640758888893,0.0013459438568075206
Track_664,664,664,9,0,0,0,0,0,7201.223999999987,194433.04799999998,201634.27199999997,2.9277620902724046,4.133124700165151,68.59327230258982,0.0,6.935666471776895E-4,0.0013603906980671366,9.353571604824753E-5,6.916461928916802E-4,4.4628773182216154E-4,319.3333333333333,4.994528785255488,2.9277620902724046,0.5861938565486993,4.0656450768263973E-4,0.5861938565486976,0.0015884147868232604
Track_665,665,665,24,0,0,0,0,0,20703.519,194433.04799999998,215136.56699999998,3.3012501417370013,129.58002713930264,69.99905922792242,0.0,4.0631365838117206E-4,0.0010419862976300928,9.858314206347306E-5,3.471190365986855E-4,2.665514469401096E-4,309.8333333333333,8.412122546254093,3.9024627287203435,0.3924396159928797,1.5945357606776903E-4,0.3924396159928791,0.001558431125294808
Track_666,666,666,5,0,0,0,0,0,3600.6119999999937,194433.04799999998,198033.65999999997,0.5471325580318478,11.255405976497551,8.885629733822938,0.0,3.75447727283411E-4,5.136656776678561E-4,2.3154725761291247E-4,4.371837096740864E-4,1.2485307261955283E-4,163.4,1.3518415922293792,0.7594164918268016,0.404731265243547,1.5195543369622962E-4,0.40473126524354835,0.0018085149776036178
Track_667,667,667,5,0,0,0,0,0,3600.6119999999937,194433.04799999998,198033.65999999997,1.1370637274442512,63.98959690185112,26.217987081427886,0.0,6.572921484747433E-4,0.001744957057436338,2.1085819813391733E-4,3.888152435696824E-4,7.287760651101368E-4,145.8,2.3666539973039304,1.5707283301224764,0.4804520342811342,3.1579734985170667E-4,0.4804520342811326,0.0011174784498860766
Track_668,668,668,24,0,0,0,0,0,20703.519,194433.04799999998,215136.56699999998,2.493728870131167,125.42228790925618,91.09190146650799,0.0,3.5289704421533676E-4,0.0011424644832971407,4.620662566826675E-5,3.272743070664066E-4,2.3043155170705896E-4,328.9166666666667,7.306210659956054,2.645166946858339,0.34131631103915727,1.2044951730820094E-4,0.3413163110391568,0.001994327928790052
Track_669,669,669,2,0,0,0,0,0,900.1529999999912,194433.04799999998,195333.20099999997,0.322464465985531,1.143683550842279,38.133979026929254,0.0,3.582329514932841E-4,3.582329514932841E-4,3.582329514932841E-4,3.582329514932841E-4,NaN,161.0,0.322464465985531,0.322464465985531,1.0,3.582329514932841E-4,1.0,NaN
Track_670,670,670,9,0,0,0,0,0,7201.223999999987,194433.04799999998,201634.27199999997,1.6416489809756394,64.15982896490158,42.08699502366077,0.0,3.991132971201309E-4,7.616233010681937E-4,1.4764225764367394E-4,3.823523149385297E-4,2.1387874727719043E-4,245.11111111111111,2.8741042539406196,1.6416489809756394,0.5711863022104405,2.2796804834506498E-4,0.5711863022104419,0.0020420768721982657
Track_671,671,671,24,0,0,0,0,0,20703.519,194433.04799999998,215136.56699999998,3.3425542348072548,104.97873904076029,156.53817941372037,0.0,3.7369903651528777E-4,0.0023358283887155128,5.5910890004457216E-5,2.8978675305268276E-4,4.4695117379822615E-4,389.9583333333333,7.736885102775943,3.4953994476839068,0.4320284184662337,1.6144860372805487E-4,0.43202841846623313,0.0022227088548942087
Track_672,672,672,2,0,0,0,0,0,900.1530000000203,195333.20099999997,196233.354,0.8703426643752675,20.189516223866576,104.16964318742129,0.0,9.668830347454799E-4,9.668830347454799E-4,9.668830347454799E-4,9.668830347454799E-4,NaN,167.0,0.8703426643752675,0.8703426643752675,1.0,9.668830347454799E-4,1.0,NaN
Track_673,673,673,2,0,0,0,0,0,900.1530000000203,195333.20099999997,196233.354,1.1914207685433307,8.404171627301945,114.99938410246449,0.0,0.001323575846043177,0.001323575846043177,0.001323575846043177,0.001323575846043177,NaN,303.0,1.1914207685433307,1.1914207685433307,1.0,0.001323575846043177,1.0,NaN
Track_674,674,674,23,0,0,0,0,0,19803.36600000001,195333.20099999997,215136.56699999998,4.872226712517082,25.36758464336497,118.07631919544703,0.0,4.5950778373820915E-4,0.0014004559717967079,1.1713446885955609E-4,4.670968120128713E-4,3.0119346087333684E-4,452.4782608695652,9.099800821216624,4.9314103907153095,0.5354212480296547,2.4603023104845305E-4,0.5354212480296556,0.001975787765117725
Track_675,675,675,23,0,0,0,0,0,19803.36600000001,195333.20099999997,215136.56699999998,0.6349690577908056,18.605919320868612,1.026428760713386,0.0,3.433707384622334E-4,9.99946509596024E-4,3.8783099640577444E-5,3.187987346158267E-4,2.4722114999651466E-4,197.2173913043478,6.79989640745788,0.6828551313092055,0.09337922517384155,3.206369350497311E-5,0.09337922517384144,0.0018784699128974233
Track_676,676,676,9,0,0,0,0,0,7201.2240000000165,195333.20099999997,202534.425,5.3312568081201555,152.9981403546304,150.9150992391326,0.0,0.0012925270484118025,0.0024102385361758163,1.745119268742154E-4,0.0013251666306685022,7.614406044000913E-4,256.1111111111111,9.30777680167226,5.3312568081201555,0.5727744575012078,7.403264789597079E-4,0.572774457501208,0.0017441264485044538
Track_677,677,677,2,0,0,0,0,0,900.1530000000203,195333.20099999997,196233.354,0.5814763711058526,150.69655172484846,153.82347014204942,0.0,6.459750410272915E-4,6.459750410272915E-4,6.459750410272915E-4,6.459750410272915E-4,NaN,130.5,0.5814763711058526,0.5814763711058526,1.0,6.459750410272915E-4,1.0,NaN
Track_678,678,678,3,0,0,0,0,0,1800.3060000000114,195333.20099999997,197133.50699999998,0.7113701130286868,54.24271066407656,1.6108421640955373,0.0,6.161060520487296E-4,7.074994981504347E-4,5.247126059470246E-4,7.074994981504347E-4,1.2924985098904576E-4,169.33333333333334,1.1091794221396447,0.7113701130286868,0.6413480982692861,3.9513844481364963E-4,0.6413480982692846,0.0019730761462524735
Track_679,679,679,4,0,0,0,0,0,2700.4590000000026,195333.20099999997,198033.65999999997,4.4904854700956855,16.638419468748893,88.6406769008692,0.0,0.0019206364432535782,0.002679063962717466,4.943579487105108E-4,0.002588487418332758,0.00123602337582879,746.25,5.186599968912142,4.4904854700956855,0.8657859671096898,0.0016628600804884212,0.8657859671096935,5.961266979324686E-4
Track_680,680,680,2,0,0,0,0,0,900.1530000000203,195333.20099999997,196233.354,0.17036491042788296,21.7459009979588,94.14636164071864,0.0,1.8926217035090603E-4,1.8926217035090603E-4,1.8926217035090603E-4,1.8926217035090603E-4,NaN,147.0,0.17036491042788296,0.17036491042788296,1.0,1.8926217035090603E-4,1.0,NaN
Track_681,681,681,2,0,0,0,0,0,900.1529999999912,196233.354,197133.50699999998,0.081146553704732,116.9676720739256,3.6197070645464082,0.0,9.014751237259977E-5,9.014751237259977E-5,9.014751237259977E-5,9.014751237259977E-5,NaN,146.0,0.081146553704732,0.081146553704732,1.0,9.014751237259977E-5,1.0,NaN
Track_682,682,682,22,0,0,0,0,0,18903.21299999999,196233.354,215136.56699999998,2.3411582762754883,26.04763431240524,32.5430959981855,0.0,6.227650539114973E-4,0.0010332634832104675,2.006634175805719E-4,5.875422002003443E-4,2.420214381438188E-4,300.27272727272725,11.772260463045514,3.3814740570097293,0.19887075074703406,1.2384975381039666E-4,0.19887075074703414,0.0019529260939193335
Track_683,683,683,22,0,0,0,0,0,18903.21299999999,196233.354,215136.56699999998,3.039652292706892,17.039779096328413,129.8988937867931,0.0,4.1414943050657255E-4,0.0015714646751404098,5.1345700870074925E-5,3.174572002298572E-4,3.336922391620863E-4,407.5,7.828754898694419,3.456313548636548,0.38826765329104973,1.608008274946113E-4,0.388267653291049,0.001907165622884142
Track_684,684,684,2,0,0,0,0,0,900.1529999999912,197133.50699999998,198033.65999999997,0.4982728411758439,23.298406185026714,78.54449270573748,0.0,5.535423879894294E-4,5.535423879894294E-4,5.535423879894294E-4,5.535423879894294E-4,NaN,199.0,0.4982728411758439,0.4982728411758439,1.0,5.535423879894294E-4,1.0,NaN
Track_685,685,685,4,0,0,0,0,0,2700.4590000000026,197133.50699999998,199833.966,0.9845667116927898,21.816600828318876,106.61941303333153,0.0,4.7617220958441793E-4,5.866009086920469E-4,3.7505921956649326E-4,4.668565004947135E-4,1.0607807684157032E-4,188.25,1.285883528922132,0.9845667116927898,0.7656733207540846,3.645923569633121E-4,0.7656733207540865,8.920166704123895E-4
Track_686,686,686,2,0,0,0,0,0,900.1529999999912,197133.50699999998,198033.65999999997,0.307032503849203,8.199111808170041,120.77176055111792,0.0,3.4108924132809204E-4,3.4108924132809204E-4,3.4108924132809204E-4,3.4108924132809204E-4,NaN,136.5,0.307032503849203,0.307032503849203,1.0,3.4108924132809204E-4,1.0,NaN
Track_687,687,687,9,0,0,0,0,0,7201.223999999987,197133.50699999998,204334.73099999997,0.1244658227243613,106.92362213771786,160.1867541202056,0.0,3.4303384771065934E-4,0.0010933090830270874,7.433400022533827E-5,1.7034874458865139E-4,3.6438236086342986E-4,146.55555555555554,2.4702635769463432,0.7331772647396955,0.050385644627534754,1.7283981545965173E-5,0.0503856446275348,0.0020028619950467424
Track_688,688,688,2,0,0,0,0,0,900.1529999999912,198033.65999999997,198933.81299999997,0.8532867860437122,5.7008220028153715,1.3086989543498546,0.0,9.479352799398776E-4,9.479352799398776E-4,9.479352799398776E-4,9.479352799398776E-4,NaN,157.5,0.8532867860437122,0.8532867860437122,1.0,9.479352799398776E-4,1.0,NaN
Track_689,689,689,20,0,0,0,0,0,17102.907000000007,198033.65999999997,215136.56699999998,1.0266367851953118,102.9812930558642,2.6286876360106732,0.0,3.382894671733971E-4,5.156926820351059E-4,2.945514613202945E-5,3.379182289357456E-4,1.410133939487826E-4,382.75,5.785733296146174,1.2805293155051125,0.1774428119386605,6.002703430447885E-5,0.17744281193866074,0.002006954873013037
Track_690,690,690,5,0,0,0,0,0,3600.6119999999937,198033.65999999997,201634.27199999997,0.47449497226271387,25.95054566285761,72.9531382312206,0.0,0.0016140412855144295,0.0030559153904551007,4.121421525411769E-4,0.00253973240197067,0.0013831418260765638,443.8,5.8115364211186975,2.5304046934803166,0.0816470788238432,1.3178175606333442E-4,0.08164707882384356,0.0024433916916282235
Track_691,691,691,2,0,0,0,0,0,900.1529999999912,198033.65999999997,198933.81299999997,0.9422595863900181,8.14522455905882,114.78576555330152,0.0,0.0010467771438744606,0.0010467771438744606,0.0010467771438744606,0.0010467771438744606,NaN,227.5,0.9422595863900181,0.9422595863900181,1.0,0.0010467771438744606,1.0,NaN
Track_692,692,692,10,0,0,0,0,0,8101.377000000008,198933.81299999997,207035.18999999997,0.43312237550777033,31.548315577537657,1.47331013234492,0.0,3.411892047243663E-4,6.202875553248656E-4,1.3645054204234285E-4,2.89375450346889E-4,1.5564470717141846E-4,190.8,2.7641023758022714,0.8632675794965436,0.15669548975444805,5.3462809533215145E-5,0.15669548975444783,0.0020939183623075504
Track_693,693,693,19,0,0,0,0,0,16202.754000000015,198933.81299999997,215136.56699999998,1.2079522507586018,42.209651147939894,3.964314429944198,0.0,3.332603571311757E-4,6.735054998096803E-4,7.17403968032228E-5,3.0644072833863815E-4,1.7364454500772057E-4,471.2105263157895,5.399735584548587,1.2079522507586018,0.22370581519124247,7.45522798629542E-5,0.2237058151912423,0.001857006051191587
Track_694,694,694,4,0,0,0,0,0,2700.4590000000026,198933.81299999997,201634.27199999997,0.5614992639300923,61.0231220532495,1.2631575919326776,0.0,3.3953622229195414E-4,5.841306167205727E-4,2.1364132671910572E-4,2.2083672343618414E-4,2.1185550918705417E-4,154.5,0.9169036473143055,0.716336511680993,0.6123863347853125,2.0792734269622006E-4,0.61238633478531,0.0014845925332209716
Track_695,695,695,6,0,0,0,0,0,4500.765000000014,198933.81299999997,203434.57799999998,0.7873689941310131,14.993388044729556,89.55423611508598,0.0,5.306983068747474E-4,7.698591167680523E-4,1.8041592673147464E-4,5.875897122791502E-4,2.4225253982005762E-4,373.0,2.3885483651411388,1.4143203406513203,0.3296433120727232,1.7494114758957881E-4,0.3296433120727244,0.0024333443973432855
Track_696,696,696,19,0,0,0,0,0,16202.754000000015,198933.81299999997,215136.56699999998,4.466591808144868,135.48933525240238,45.386414081939755,0.0,6.496510327215565E-4,0.002497213975157947,6.751780131010777E-5,5.060571802107003E-4,5.612499884262966E-4,521.0,10.526135869033325,4.466591808144868,0.42433347466899646,2.756686800370396E-4,0.4243334746689959,0.0016679903530578315
Track_697,697,697,6,0,0,0,0,0,4500.765000000014,198933.81299999997,203434.57799999998,0.2905862315512135,97.58057328041885,1.4187860198836768,0.0,3.744101172308333E-4,6.382498275440276E-4,1.198914336627363E-4,2.81618056097788E-4,2.1934190662679562E-4,151.16666666666666,1.6851319512784415,0.574522497013252,0.1724412330623471,6.456374228630302E-5,0.1724412330623476,0.0026357523539316907
Track_698,698,698,19,0,0,0,0,0,16202.754000000015,198933.81299999997,215136.56699999998,1.1390868837845562,92.99796103961752,49.13634055512071,0.0,2.561607413017204E-4,5.583482850242475E-4,1.0511390295001126E-4,2.1054870835762968E-4,1.5049659841692454E-4,191.26315789473685,4.150509475769418,1.1390868837845562,0.27444507485997083,7.030205382273626E-5,0.2744450748599708,0.0022172508049171777
Track_699,699,699,19,0,0,0,0,0,16202.754000000015,198933.81299999997,215136.56699999998,0.6368205910118894,36.42659718502847,2.5736151461937724,0.0,7.667476995723389E-4,0.0016547401083659068,1.4426411845956403E-4,7.31937576827084E-4,4.015796936158587E-4,253.42105263157896,12.423424356236524,1.1451093321445753,0.05125966663870797,3.93032314760743E-5,0.051259666638707964,0.0021580005214827717
Track_700,700,700,19,0,0,0,0,0,16202.754000000015,198933.81299999997,215136.56699999998,3.4040935172802307,23.087068751687383,92.6225875276073,0.0,0.0010322905801849283,0.0026355105455392784,2.916650270827079E-4,8.224005569055037E-4,6.277110476664225E-4,547.8947368421053,16.72595032725372,4.80896488290702,0.20352168042335433,2.1009351356443648E-4,0.2035216804233548,0.0014921998698345256
Track_701,701,701,19,0,0,0,0,0,16202.754000000015,198933.81299999997,215136.56699999998,2.670341515061788,26.786159624400995,56.81779599896722,0.0,9.663736859681487E-4,0.0019665536438903566,2.529737573814684E-4,9.44997411127923E-4,5.78459960819439E-4,1022.1578947368421,15.657915105815162,4.4261296513692265,0.17054259759462198,1.648078786520974E-4,0.1705425975946218,0.001585164503450097
Track_702,702,702,19,0,0,0,0,0,16202.754000000015,198933.81299999997,215136.56699999998,1.87404414120109,108.10098999733572,143.4847133683768,0.0,6.594737107224244E-4,0.0019995540746890984,3.7936601469533397E-5,2.8955197018575273E-4,6.788012935887451E-4,547.4736842105264,10.685290304302649,2.209147892348843,0.17538542125022735,1.1566207455850334E-4,0.17538542125022788,0.0024105212885971315
Track_703,703,703,2,0,0,0,0,0,900.1529999999912,199833.966,200734.11899999998,0.687100045914249,25.08126503664248,78.29399091404493,0.0,7.633147319558517E-4,7.633147319558517E-4,7.633147319558517E-4,7.633147319558517E-4,NaN,161.5,0.687100045914249,0.687100045914249,1.0,7.633147319558517E-4,1.0,NaN
Track_704,704,704,6,0,0,0,0,0,4500.764999999985,199833.966,204334.73099999997,1.153039955496283,11.011915766907427,8.621034476187617,0.0,3.953168581344338E-4,6.870038684415811E-4,7.747366811462044E-5,4.8724567337410564E-4,2.40973970980714E-4,161.5,1.7792282790014216,1.153039955496283,0.6480562213992113,2.561875493380096E-4,0.6480562213992123,0.0018541684807564165
Track_705,705,705,2,0,0,0,0,0,900.1529999999912,200734.11899999998,201634.27199999997,0.5293472427999114,8.635642459716562,72.92703262605366,0.0,5.880636322935285E-4,5.880636322935285E-4,5.880636322935285E-4,5.880636322935285E-4,NaN,131.5,0.5293472427999114,0.5293472427999114,1.0,5.880636322935285E-4,1.0,NaN
Track_706,706,706,2,0,0,0,0,0,900.1529999999912,200734.11899999998,201634.27199999997,1.120893335435237,3.8684032844724063,1.8132094983534395,0.0,0.0012452253510628172,0.0012452253510628172,0.0012452253510628172,0.0012452253510628172,NaN,244.0,1.120893335435237,1.120893335435237,1.0,0.0012452253510628172,1.0,NaN
Track_707,707,707,3,0,0,0,0,0,1800.3060000000114,200734.11899999998,202534.425,0.17843991407622165,64.46409422786338,24.606192658545655,0.0,2.1142947214061194E-4,2.3712506844522546E-4,1.8573387583599844E-4,2.3712506844522546E-4,3.63390607872484E-5,164.66666666666666,0.3806377472715782,0.21344884173617293,0.46879195601404183,9.911643580381364E-5,0.46879195601404094,0.0024376679814326783
Track_708,708,708,17,0,0,0,0,0,14402.448000000004,200734.11899999998,215136.56699999998,8.064116688935195,28.529983032410293,38.681331345221764,0.0,7.723217377412443E-4,0.002373508674858684,2.990700073630741E-4,7.132853889195246E-4,4.6554902843899524E-4,430.05882352941177,11.123323667087906,8.064116688935195,0.7249736616759249,5.599129182021829E-4,0.7249736616759245,0.0014680587238518233
Track_709,709,709,16,0,0,0,0,0,13502.295000000013,201634.27199999997,215136.56699999998,1.4197324632566848,156.8548525837533,147.44384239280882,0.0,4.329191582974482E-4,0.0010894465138893243,6.668069612509463E-5,3.479931781556401E-4,2.948050965277705E-4,372.625,5.84540218648385,1.4197324632566848,0.24288020190287166,1.0514749257490548E-4,0.24288020190287166,0.0023989072398348916
Track_710,710,710,16,0,0,0,0,0,13502.295000000013,201634.27199999997,215136.56699999998,1.1994240280255228,119.11582855216092,158.33032414061898,0.0,4.2896337885691067E-4,9.653086863518816E-4,9.02261624295642E-5,3.742012853041933E-4,2.8910394289852876E-4,266.625,5.791990085522766,2.0234156491942286,0.20708323224231948,8.883112300727555E-5,0.20708323224231912,0.0017422968827831805
Track_711,711,711,16,0,0,0,0,0,13502.295000000013,201634.27199999997,215136.56699999998,3.1335955142424394,25.216373825906466,74.19426091293589,0.0,0.0013223078971868992,0.0035336833300607493,2.9461971487756457E-4,0.0011013396866539264,9.002118672053919E-4,565.375,17.854191308647188,6.355759743759499,0.1755103583282861,2.3207873285559504E-4,0.175510358328286,0.0017249048012764072
Track_712,712,712,3,0,0,0,0,0,1800.3060000000114,201634.27199999997,203434.57799999998,1.6701196152249889,25.44826615879504,11.569256928283977,0.0,9.31283086576991E-4,0.0010314405470434405,8.311256261105416E-4,0.0010314405470434405,1.416440389644999E-4,182.33333333333334,1.6765945284630899,1.6701196152249889,0.9961380565615727,9.276865239714684E-4,0.9961380565615745,1.964736567043174E-4
Track_713,713,713,16,0,0,0,0,0,13502.295000000013,201634.27199999997,215136.56699999998,0.9776719185462743,81.55221882717376,12.025237730494775,0.0,3.4584128563866295E-4,8.889857103280833E-4,4.6380908752491545E-5,2.9481252283315745E-4,2.333581804493432E-4,258.5625,4.669651061872486,1.3779142018885149,0.20936723228185644,7.240783278296566E-5,0.20936723228185602,0.0017269043997830205
Track_714,714,714,15,0,0,0,0,0,12602.141999999993,202534.425,215136.56699999998,1.4108659265654584,44.52408946495032,16.367788964852526,0.0,6.190790723817494E-4,0.0012255977166740755,2.3797949575722597E-4,5.299249223775753E-4,3.2185873074774986E-4,283.2,7.801722379383076,1.4334068153219228,0.1808403142226426,1.1195445397817762E-4,0.18084031422264255,0.002650507674128284
Track_715,715,715,2,0,0,0,0,0,900.1529999999912,203434.57799999998,204334.73099999997,0.43832266568966877,3.648067655317112,1.7916123499009458,0.0,4.8694240389097527E-4,4.8694240389097527E-4,4.8694240389097527E-4,4.8694240389097527E-4,NaN,276.5,0.43832266568966877,0.43832266568966877,1.0,4.8694240389097527E-4,1.0,NaN
Track_716,716,716,7,0,0,0,0,0,5400.918000000005,203434.57799999998,208835.49599999998,1.4609795765709412,113.12542373691441,1.0214188203590506,0.0,9.818817278715376E-4,0.0015075634353333613,6.682211649612278E-4,9.155412190425114E-4,3.7494473604232056E-4,294.57142857142856,5.303062697932501,1.5015435112318378,0.2754973229225692,2.7050578745519555E-4,0.27549732292256957,0.003014012459621895
Track_717,717,717,2,0,0,0,0,0,900.1529999999912,203434.57799999998,204334.73099999997,0.4615057967524126,67.98395110020616,47.41097015662673,0.0,5.126970601135775E-4,5.126970601135775E-4,5.126970601135775E-4,5.126970601135775E-4,NaN,263.5,0.4615057967524126,0.4615057967524126,1.0,5.126970601135775E-4,1.0,NaN
Track_718,718,718,2,0,0,0,0,0,900.1529999999912,203434.57799999998,204334.73099999997,0.6699351044144647,7.18761245689975,109.80175763265427,0.0,7.44245816449505E-4,7.44245816449505E-4,7.44245816449505E-4,7.44245816449505E-4,NaN,140.5,0.6699351044144647,0.6699351044144647,1.0,7.44245816449505E-4,1.0,NaN
Track_719,719,719,14,0,0,0,0,0,11701.989000000001,203434.57799999998,215136.56699999998,0.5034801211298671,61.475912028061074,50.44211154723673,0.0,4.962285508269816E-4,0.0016503313992870367,1.9064305333999745E-5,3.9763959782579444E-4,4.1697267913774804E-4,363.42857142857144,5.806861043263273,1.4855507600624094,0.08670435152120105,4.302517470575874E-5,0.08670435152120094,0.0019463912503057941
Track_720,720,720,2,0,0,0,0,0,900.1529999999912,203434.57799999998,204334.73099999997,0.362814183688729,16.236982630342496,52.57937818086336,0.0,4.0305835084561463E-4,4.0305835084561463E-4,4.0305835084561463E-4,4.0305835084561463E-4,NaN,473.0,0.362814183688729,0.362814183688729,1.0,4.0305835084561463E-4,1.0,NaN
Track_721,721,721,14,0,0,0,0,0,11701.989000000001,203434.57799999998,215136.56699999998,4.521893864271358,132.26936333530963,53.02134078512797,0.0,6.322214418363918E-4,0.0017713834048545423,1.1231097667460687E-4,4.958434410620554E-4,5.264392851423574E-4,356.7142857142857,7.398248357933611,4.81169987495069,0.6112114172839634,3.8642096350213263E-4,0.6112114172839647,0.0014814448348108276
Track_722,722,722,14,0,0,0,0,0,11701.989000000001,203434.57799999998,215136.56699999998,0.44881057184408185,11.446828979148496,59.71081341068933,0.0,3.9575138513478313E-4,8.297300494991673E-4,6.877412754920114E-5,3.416300762461279E-4,1.906086638740607E-4,581.0,4.6310783555819865,1.0306395839322466,0.09691275711263148,3.835335786455463E-5,0.09691275711263127,0.002326145186791418
Track_723,723,723,10,0,0,0,0,0,8101.377000000008,203434.57799999998,211535.955,0.55077556498967,4.117782591141925,69.54588094291803,0.0,3.664983865470288E-4,7.581791380228304E-4,1.3335356626892767E-4,3.303200040298182E-4,2.0365931253187364E-4,318.0,2.96914159930922,1.3482890709144926,0.18549993207390633,6.798542580967031E-5,0.1854999320739069,0.0013031064650665897
Track_724,724,724,14,0,0,0,0,0,11701.989000000001,203434.57799999998,215136.56699999998,0.5615396733318597,13.727180979006462,24.481957109687304,0.0,2.656305093706156E-4,6.111461968458493E-4,5.113643183379256E-5,2.0079607199302625E-4,2.0306868906653567E-4,319.64285714285717,3.1084052987193416,0.9204410385917524,0.18065201264558817,4.798668613787448E-5,0.1806520126455882,0.0019447513258907974
Track_725,725,725,2,0,0,0,0,0,900.1529999999912,203434.57799999998,204334.73099999997,0.7159287418751027,2.618798418968585,75.10219461653745,0.0,7.953411718620165E-4,7.953411718620165E-4,7.953411718620165E-4,7.953411718620165E-4,NaN,248.5,0.7159287418751027,0.7159287418751027,1.0,7.953411718620165E-4,1.0,NaN
Track_726,726,726,2,0,0,0,0,0,900.1529999999912,203434.57799999998,204334.73099999997,0.7788788172261198,1.5536659114140754,152.1058335746175,0.0,8.652738114810788E-4,8.652738114810788E-4,8.652738114810788E-4,8.652738114810788E-4,NaN,281.0,0.7788788172261198,0.7788788172261198,1.0,8.652738114810788E-4,1.0,NaN
Track_727,727,727,14,0,0,0,0,0,11701.989000000001,203434.57799999998,215136.56699999998,0.9690531611966592,70.93041522067323,28.77813154980083,0.0,3.604204122152233E-4,7.536550587436213E-4,7.444895885557743E-5,3.3511559749896E-4,2.1725052774639316E-4,264.64285714285717,4.217635699118012,1.153641238028045,0.22976217727844694,8.281097864616511E-5,0.22976217727844708,0.001712016882485494
Track_728,728,728,11,0,0,0,0,0,9001.529999999999,203434.57799999998,212436.10799999998,1.799780713594786,31.386315646634383,78.83876597444426,0.0,7.643577065274008E-4,0.0014874292588964947,1.3932078247504397E-4,7.365699367236488E-4,4.745044509847382E-4,459.45454545454544,6.8803888260376285,2.4203710774675913,0.26158125058046583,1.9994164476425523E-4,0.26158125058046716,0.0020069868383682243
Track_729,729,729,2,0,0,0,0,0,900.1529999999912,203434.57799999998,204334.73099999997,0.4042134182527987,160.08283101305688,151.85616784691055,0.0,4.4904968183497995E-4,4.4904968183497995E-4,4.4904968183497995E-4,4.4904968183497995E-4,NaN,160.0,0.4042134182527987,0.4042134182527987,1.0,4.4904968183497995E-4,1.0,NaN
Track_730,730,730,2,0,0,0,0,0,900.1529999999912,203434.57799999998,204334.73099999997,0.24432651832250443,5.753686855209613,81.2015613016035,0.0,2.7142776652692025E-4,2.7142776652692025E-4,2.7142776652692025E-4,2.7142776652692025E-4,NaN,429.5,0.24432651832250443,0.24432651832250443,1.0,2.7142776652692025E-4,1.0,NaN
Track_731,731,731,14,0,0,0,0,0,11701.989000000001,203434.57799999998,215136.56699999998,2.926075657248621,112.67542261845676,157.7543443164241,0.0,3.9866182300018116E-4,0.0011769612346598504,6.67882641747712E-5,3.533931831266607E-4,3.092137560305929E-4,343.7857142857143,4.665136267468055,2.9881917448513553,0.6272219051034734,2.5004942811419667E-4,0.6272219051034718,0.00179268915433354
Track_732,732,732,14,0,0,0,0,0,11701.989000000001,203434.57799999998,215136.56699999998,0.795735162451397,10.332550926795156,159.8538342646181,0.0,3.499599959624606E-4,7.877256042387356E-4,6.029233114913133E-5,3.527933779089296E-4,2.1342281305296532E-4,170.64285714285714,4.095228023192758,1.1655444028667856,0.194307901280432,6.799999234757415E-5,0.1943079012804319,0.0020600092604066973
Track_733,733,733,14,0,0,0,0,0,11701.989000000001,203434.57799999998,215136.56699999998,2.3053028818785712,2.9275712335602364,88.61209458874144,0.0,3.787526406771721E-4,0.0011285230491280423,8.531951840092736E-5,3.381835865598793E-4,2.672043283229518E-4,504.2142857142857,4.432159234925203,2.3871483807669467,0.5201308797104793,1.9700094418808383E-4,0.5201308797104772,0.001977458376945128
Track_734,734,734,9,0,0,0,0,0,7201.2240000000165,204334.73099999997,211535.955,3.0750658402313906,6.314653836672406,124.58155521876685,0.0,5.889470257670548E-4,0.0015509484408895418,2.033689969830053E-4,4.982626924109366E-4,4.523148174071594E-4,308.3333333333333,4.241139456682363,3.220908559980133,0.7250565258792186,4.270198844295614E-4,0.725056525879222,0.0014349813302895937
Track_735,735,735,13,0,0,0,0,0,10801.83600000001,204334.73099999997,215136.56699999998,5.311109273751118,141.12844230858812,51.62370309485232,0.0,5.792171740603685E-4,0.0011562181212003962,1.9255078929115193E-4,5.021752437491041E-4,3.51795687756911E-4,406.84615384615387,6.256608922583569,5.311109273751118,0.8488798548012776,4.916857906147726E-4,0.8488798548012788,9.750571760435361E-4
Track_736,736,736,13,0,0,0,0,0,10801.83600000001,204334.73099999997,215136.56699999998,0.5907122445885514,1.9925692593977637,133.05400195975585,0.0,2.1401687695461668E-4,6.271620669848451E-4,5.3617821964821184E-5,1.8239190299337277E-4,1.491926484724264E-4,347.46153846153845,2.311775206095943,0.6205443747840441,0.25552322000465116,5.468628153478269E-5,0.2555232200046503,0.0018919973976586116
Track_737,737,737,13,0,0,0,0,0,10801.83600000001,204334.73099999997,215136.56699999998,0.7576364560369572,154.27678039906942,154.2270979059792,0.0,7.782663803289588E-4,0.0016883027460209744,5.787957354846915E-5,6.595015276175926E-4,5.602972928868693E-4,357.15384615384613,8.406705804627034,1.3284233423793539,0.09012287019963938,7.013959997512983E-5,0.09012287019963926,0.0018824800124836235
Track_738,738,738,4,0,0,0,0,0,2700.4589999999735,205234.884,207935.34299999996,0.5203049871752465,14.120438307609888,110.68985961144247,0.0,8.381808221440817E-4,0.001306266154830352,5.897392745854066E-4,6.185370370164862E-4,4.05629432841444E-4,365.25,2.263472944786362,1.1758393980689943,0.229870203827135,1.926727964302556E-4,0.22987020382713497,0.0022399981468713354
Track_739,739,739,14,0,1,0,0,0,9901.68299999999,205234.884,215136.56699999998,0.29061769866171233,4.445934551830264,65.04201705361977,0.0,8.902450929744026E-4,0.0032762058434129566,6.558368581405816E-5,3.275417467713096E-4,0.001082720487820259,428.2142857142857,10.417638285290534,5.5262928383786685,0.02789669699629117,2.9350333540440813E-5,0.0329688237228899,0.0019487725911516002
Track_740,740,740,12,0,0,0,0,0,9901.68299999999,205234.884,215136.56699999998,2.5408655159698963,16.534484117216532,117.62697656137766,0.0,7.659390560180207E-4,0.0026956161175767388,1.3859055301604288E-4,4.0462658855199625E-4,9.180388539410044E-4,439.4166666666667,7.584085730009638,2.8584880115182245,0.3350259486012782,2.5660945881320367E-4,0.33502594860127655,0.0020629004694626136
Track_741,741,741,3,0,0,0,0,0,1800.3059999999823,205234.884,207035.18999999997,1.0094603306354906,60.72373902966307,1.1466767251723515,0.0,6.016362303240983E-4,0.001140883349569035,6.238911107916174E-5,0.001140883349569035,7.62610589506811E-4,152.33333333333334,1.0831293152698456,1.0269695697646055,0.931985051465437,5.607159730820763E-4,0.9319850514654371,0.00212625166131703
Track_742,742,742,12,0,0,0,0,0,9901.68299999999,205234.884,215136.56699999998,0.9457425160969719,97.62764792945627,1.786745785391519,0.0,4.4990884440918423E-4,7.961929649085745E-4,2.551694652044238E-4,4.673457653006708E-4,1.7230856822303948E-4,188.75,4.454854756236052,0.9457425160969719,0.21229480372465354,9.551330981783327E-5,0.21229480372465315,0.002548491229502665
Track_743,743,743,9,0,0,0,0,0,7201.223999999987,205234.884,212436.10799999998,0.8026792956350761,16.8734599772534,89.0896170664437,0.0,5.7884061849591E-4,9.634306457634422E-4,2.2433479287563813E-4,7.313528861726949E-4,2.7338972391553165E-4,368.6666666666667,4.168360954087585,0.9066764039118943,0.19256472855306628,1.1146428657615394E-4,0.1925647285530663,0.00230145760615807
Track_744,744,744,12,0,0,0,0,0,9901.68299999999,205234.884,215136.56699999998,0.6278858623646654,25.50193298034712,11.355148786471423,0.0,4.5576577822071726E-4,9.726594973027037E-4,1.7665350715407655E-4,4.184023207068231E-4,2.531417394442869E-4,191.08333333333334,4.512848258189827,0.7090290853364133,0.13913294364045825,6.341203433443244E-5,0.1391329436404578,0.002209189336822879
Track_745,745,745,11,0,0,0,0,0,9001.529999999999,206135.03699999998,215136.56699999998,4.590457315706568,3.8021602317130596,112.55016740771174,0.0,9.598237994808978E-4,0.004017609373144711,3.143972053876418E-4,6.425442565514076E-4,0.0010947422751009309,344.45454545454544,8.639882725741268,4.590457315706568,0.5313101417487961,5.099641189560629E-4,0.5313101417487951,0.002117360733634595
Track_746,746,746,11,0,0,0,0,0,9001.529999999999,206135.03699999998,215136.56699999998,0.33558101379310257,19.406442632019846,62.395025552701185,0.0,3.443516282027368E-4,0.0011775649235684497,5.005947384107085E-5,2.389838311493281E-4,3.297727098464971E-4,421.0,3.099691511815778,0.7253854517189039,0.10826271340676785,3.728044163526674E-5,0.10826271340676775,0.001899946672615811
Track_747,747,747,4,0,0,0,0,0,2700.4590000000026,206135.03699999998,208835.49599999998,0.29134017849110644,1.238897022504258,123.22071036931798,0.0,3.5902430707505825E-4,4.524480087871224E-4,2.366507933668062E-4,3.8797411907124616E-4,1.107730935595443E-4,141.5,0.9695304212596021,0.40727243245375055,0.300496170210524,1.0788542928854175E-4,0.30049617021052294,0.0031910968232135685
Track_748,748,748,11,0,0,0,0,0,9001.529999999999,206135.03699999998,215136.56699999998,0.8095863870525439,67.99313372764914,17.620452512412143,0.0,9.191285079915345E-4,0.0019450980973999019,1.9527873670089187E-4,8.411837648611606E-4,5.220674867790434E-4,223.1818181818182,8.273562838540997,3.100715451292533,0.09785220742885065,8.993875341775721E-5,0.09785220742885017,0.0014747338113352212
Track_749,749,749,3,0,0,0,0,0,1800.3059999999823,206135.03699999998,207935.34299999996,0.43649693601682077,27.71629656263258,63.906997231468885,0.0,7.712665682550635E-4,9.036277682897361E-4,6.389053682203908E-4,9.036277682897361E-4,1.871870042210123E-4,189.0,1.3885158304289866,0.8134032465093028,0.3143622322850749,2.4245708008351083E-4,0.31436223228507487,0.0028887372380907296
Track_750,750,750,11,0,0,0,0,0,9001.529999999999,206135.03699999998,215136.56699999998,1.3180595827606145,38.833766997425386,33.85738815865363,0.0,7.484566651633981E-4,0.0015656900784878876,1.0880936888325164E-4,6.685444343883732E-4,5.241025339226181E-4,281.09090909090907,6.7372551251682715,3.126184702185451,0.19563747524370234,1.464261723018881E-4,0.19563747524370206,0.0016745049530434535
Track_751,751,751,3,0,0,0,0,0,1800.3059999999823,206135.03699999998,207935.34299999996,0.5556369278488262,3.2118625259028573,76.17463168613163,0.0,0.0012216324530440585,0.0015020871337654868,9.411777723226301E-4,0.0015020871337654868,3.966228131072602E-4,213.0,2.199312235009915,0.8472039952895241,0.2526412207434118,3.0863471423681955E-4,0.2526412207434117,0.003248827454691292
Track_752,752,752,2,0,0,0,0,0,900.1529999999912,206135.03699999998,207035.18999999997,1.2445872060955692,5.79693479850609,81.37956423719925,0.0,0.0013826396247033352,0.0013826396247033352,0.0013826396247033352,0.0013826396247033352,NaN,390.5,1.2445872060955692,1.2445872060955692,1.0,0.0013826396247033352,1.0,NaN
Track_753,753,753,7,0,0,0,0,0,5400.918000000005,206135.03699999998,211535.955,1.1521602565941376,3.0554926071090813,2.117378503842968,0.0,4.2651628891013935E-4,6.548037900949386E-4,1.345286822425293E-4,5.074480257129215E-4,2.1325817948699444E-4,332.14285714285717,2.303579502067968,1.1521602565941376,0.5001608390593079,2.1332674493375692E-4,0.5001608390593065,0.0014394843485821052
Track_754,754,754,11,0,0,0,0,0,9001.529999999999,206135.03699999998,215136.56699999998,1.161918690873915,36.39475767490423,87.1606889203084,0.0,3.2480488722723747E-4,0.0011433636499131262,9.670454576502723E-5,2.919135715921291E-4,3.054425954421168E-4,350.09090909090907,2.9237409365225933,1.1831222102924042,0.3974082232661369,1.2908013314113435E-4,0.39740822326613673,0.0022254073139493956
Track_755,755,755,7,0,0,0,0,0,5400.918000000005,206135.03699999998,211535.955,0.4451302394500063,67.65706703859237,47.19068761466393,0.0,2.6195038849653946E-4,6.372056150982577E-4,2.713756278467111E-5,2.4715315067091233E-4,2.3683605999426423E-4,279.7142857142857,1.414772568337947,0.4711622310731679,0.3146302447558327,8.241751484655125E-5,0.31463024475583107,0.002534934858535051
Track_756,756,756,11,0,0,0,0,0,9001.529999999999,206135.03699999998,215136.56699999998,0.26378327849885647,53.95202972369193,50.31099188075917,0.0,4.147976856759508E-4,5.642603729563068E-4,1.8831736972407248E-4,4.327875952838785E-4,1.1104409579074516E-4,290.90909090909093,3.7338138115426305,0.8904447501276354,0.07064714305876811,2.9304271440394744E-5,0.07064714305876792,0.0019034152449713692
Track_757,757,757,7,0,0,0,0,0,5400.918000000005,206135.03699999998,211535.955,0.8389382703088248,15.854990400181922,52.614466411534295,0.0,4.7213131429533415E-4,5.837011848336424E-4,1.8289509798161458E-4,5.720106509073916E-4,1.6092448816728487E-4,559.4285714285714,2.5499425137413345,0.8483759502110613,0.32900281703916345,1.5533253241556787E-4,0.329002817039164,0.002257187419976187
Track_758,758,758,2,0,0,0,0,0,900.1529999999912,206135.03699999998,207035.18999999997,1.2373407771678935,20.586635822629205,96.05276037288282,0.0,0.001374589405543175,0.001374589405543175,0.001374589405543175,0.001374589405543175,NaN,147.5,1.2373407771678935,1.2373407771678935,1.0,0.001374589405543175,1.0,NaN
Track_759,759,759,11,0,0,0,0,0,9001.529999999999,206135.03699999998,215136.56699999998,2.925504278161905,43.23237511081512,11.04841704749737,0.0,7.127427095604084E-4,0.00186922908169332,1.9700407640629316E-4,7.554634889683281E-4,4.936115813697035E-4,292.09090909090907,6.415774882389301,2.925504278161905,0.45598611731096417,3.2500078077414676E-4,0.45598611731096406,0.001974722118438979
Track_760,760,760,2,0,0,0,0,0,900.1529999999912,207035.18999999997,207935.34299999996,0.4448424448924624,93.94424170139814,6.024400050659374,0.0,4.941853717006628E-4,4.941853717006628E-4,4.941853717006628E-4,4.941853717006628E-4,NaN,130.0,0.4448424448924624,0.4448424448924624,1.0,4.941853717006628E-4,1.0,NaN
Track_761,761,761,10,0,0,0,0,0,8101.377000000008,207035.18999999997,215136.56699999998,0.5549001539872949,72.48026619772358,21.501645396520914,0.0,4.20650754915369E-4,8.028737591995413E-4,1.256829345871208E-4,4.1126836419277496E-4,1.9767408392482803E-4,199.5,3.407850350904007,1.1829854349849112,0.16282996518321158,6.849454777716114E-5,0.16282996518321144,0.0019591832601753376
Track_762,762,762,10,0,0,0,0,0,8101.377000000008,207035.18999999997,215136.56699999998,0.7936999142357818,106.97250166435347,160.39230735859078,0.0,3.229562224672364E-4,0.0010422830863483794,4.727388680846182E-5,2.3912493098008863E-4,3.338490815822473E-4,148.6,2.616390112702965,0.7936999142357818,0.30335686959763764,9.797098866473947E-5,0.3033568695976388,0.0019675018279026748
Track_763,763,763,4,0,0,0,0,0,2700.4590000000026,207035.18999999997,209735.64899999998,1.1259992859157273,17.687793971180742,75.8571021248681,0.0,4.391538513455136E-4,6.239971614155264E-4,2.7493486380610716E-4,4.1852952881490723E-4,1.7544270834941116E-4,216.75,1.1859169702506507,1.1259992859157273,0.94947564978157,4.1696588836035884E-4,0.9494756497815662,4.152654324896844E-4
Track_764,764,764,2,0,0,0,0,0,900.1529999999912,207035.18999999997,207935.34299999996,1.071609288056871,26.076715569161614,78.62247692587113,0.0,0.0011904746060468405,0.0011904746060468405,0.0011904746060468405,0.0011904746060468405,NaN,147.0,1.071609288056871,1.071609288056871,1.0,0.0011904746060468405,1.0,NaN
Track_765,765,765,3,0,0,0,0,0,1800.3060000000114,207935.34299999996,209735.64899999998,0.642719766998628,137.71526830836993,41.49185877705259,0.0,3.5804055202749317E-4,3.9042848614838946E-4,3.2565261790659693E-4,3.9042848614838946E-4,4.580345569101782E-5,218.33333333333334,0.6445825540584114,0.642719766998628,0.9971100876868991,3.5700584622759904E-4,0.9971100876868979,1.696536789978676E-4
Track_766,766,766,9,0,0,0,0,0,7201.2240000000165,207935.34299999996,215136.56699999998,0.22735108975729112,1.3383570961165734,82.41461854608032,0.0,1.9014950643291375E-4,4.8079340316486074E-4,2.1713851659046238E-5,1.951476406531722E-4,1.4479952914640438E-4,153.88888888888889,1.3693091893128577,0.42800391965546036,0.16603342147391834,3.157117314463355E-5,0.16603342147391853,0.0023664278404327897
Track_767,767,767,9,0,0,0,0,0,7201.2240000000165,207935.34299999996,215136.56699999998,3.1493727355764456,14.930197631291406,85.06849205191315,0.0,7.01854208171397E-4,0.001607596000213329,1.8311097754928298E-4,5.733061302253072E-4,5.365727649000268E-4,197.44444444444446,5.05420936838489,3.1493727355764456,0.6231187721024013,4.373385323906656E-4,0.6231187721024034,0.0017038395449102753
Track_768,768,768,9,0,0,0,0,0,7201.2240000000165,207935.34299999996,215136.56699999998,0.3777246704759763,138.51577520195167,1.4189173933320436,0.0,2.9447297463998704E-4,5.939838225749089E-4,9.974004528267509E-5,3.763393155892E-4,1.9199387177637546E-4,161.33333333333334,2.120565852328864,0.4891854497499345,0.17812447091003972,5.245284280505306E-5,0.17812447091003913,0.0018195321782961973
Track_769,769,769,9,0,0,0,0,0,7201.2240000000165,207935.34299999996,215136.56699999998,1.1368786262647606,158.8705087800871,158.31154477535256,0.0,6.334275377918774E-4,0.0010398512230859014,2.9202813357778415E-4,6.515894581060972E-4,2.8611966577587355E-4,234.44444444444446,4.561453587407777,1.1368786262647606,0.24923603945093212,1.5787297079840288E-4,0.24923603945093167,0.0015171819437281055
Track_770,770,770,8,0,0,0,0,0,6301.070999999996,208835.49599999998,215136.56699999998,2.0599575346564873,62.43286584633978,9.497936240384789,0.0,5.626274027066214E-4,0.0012391148731698443,2.2891931359496348E-4,3.0239151602930007E-4,4.1648413212572074E-4,219.5,3.545155211000024,2.0599575346564873,0.5810627213908106,3.269218097457541E-4,0.5810627213908126,9.338499393336595E-4
Track_771,771,771,8,0,0,0,0,0,6301.070999999996,208835.49599999998,215136.56699999998,1.7113132732145389,6.295134054232206,81.77937702356746,0.0,5.645420557027525E-4,9.685800269264086E-4,9.481630990691633E-5,6.399558445471372E-4,3.206949208519768E-4,425.5,3.5572195754689844,1.7113132732145389,0.4810817091573322,2.715908570486731E-4,0.4810817091573306,0.0017480184462507723
Track_772,772,772,7,0,0,0,0,0,5400.918000000005,208835.49599999998,214236.414,2.87999796332065,21.277050494641582,92.76541926182804,0.0,0.0014475262971146326,0.002870455250991417,5.978996904951048E-4,0.0013024047363534039,8.912405563183069E-4,196.85714285714286,7.817970833559835,3.9278377538544325,0.368381773817551,5.332423049786439E-4,0.3683817738175539,0.0019473379624511788
Track_773,773,773,6,0,0,0,0,0,4500.764999999985,208835.49599999998,213336.26099999997,0.29696258309111373,160.1525127377677,152.03780914472085,0.0,2.636377644287421E-4,6.147359091006524E-4,3.5057749841032283E-5,1.783735500586038E-4,2.3660457166793005E-4,144.16666666666666,1.1865716228191168,0.29696258309111373,0.250269412634001,6.598046845172204E-5,0.2502694126339996,0.002038087175329789
Track_774,774,774,4,0,0,0,0,0,2700.4590000000026,208835.49599999998,211535.955,0.6175306601234706,1.6025584876169983,153.59773173250395,0.0,4.332002547935659E-4,6.058160755060153E-4,3.1183644189396815E-4,3.819482469807144E-4,1.5354505030545535E-4,260.25,1.1698395268595845,0.6175306601234706,0.5278763847048508,2.2867618435364875E-4,0.527876384704853,0.003193119195938084
Track_775,775,775,2,0,0,0,0,0,900.1529999999912,208835.49599999998,209735.64899999998,0.24971666674623652,31.61099160138446,1.137998148285222,0.0,2.774158023649746E-4,2.774158023649746E-4,2.774158023649746E-4,2.774158023649746E-4,NaN,149.0,0.24971666674623652,0.24971666674623652,1.0,2.774158023649746E-4,1.0,NaN
Track_776,776,776,4,0,0,0,0,0,2700.4590000000026,209735.64899999998,212436.10799999998,2.015458626592824,3.5187240401194515,75.96757570833792,0.0,0.001195108864807616,0.0018015464912714589,8.87730210809943E-4,8.960498923414455E-4,5.252068643577701E-4,271.5,3.2273424899495033,2.015458626592824,0.6244948073745836,7.463392803196872E-4,0.6244948073745817,0.001183969350378837
Track_777,777,777,7,0,0,0,0,0,5400.918000000005,209735.64899999998,215136.56699999998,2.277621607888247,17.963167193953705,32.713023193746146,0.0,5.810675710051105E-4,9.556071139105892E-4,2.3229951747465952E-4,6.291595958914604E-4,2.888151755492392E-4,338.14285714285717,3.138298303457775,2.277621607888247,0.7257505143404517,4.217100885235149E-4,0.72575051434045,0.001363502850515242
Track_778,778,778,2,0,0,0,0,0,900.1529999999912,209735.64899999998,210635.80199999997,1.146924278779499,0.9133721067341238,104.47445498945294,0.0,0.0012741437053251062,0.0012741437053251062,0.0012741437053251062,0.0012741437053251062,NaN,164.0,1.146924278779499,1.146924278779499,1.0,0.0012741437053251062,1.0,NaN
Track_779,779,779,7,0,0,0,0,0,5400.918000000005,209735.64899999998,215136.56699999998,2.412492909415396,20.864463844233452,125.20805233459363,0.0,6.406964950374439E-4,0.0012038253549295544,3.4692751432874053E-4,6.627350963197303E-4,3.201651951841375E-4,192.71428571428572,3.4603492325846528,2.412492909415396,0.697181916408311,4.4668201024629405E-4,0.6971819164083125,0.0016287463136220894
Track_780,780,780,5,0,0,0,0,0,3600.6119999999937,209735.64899999998,213336.26099999997,0.5234234889871257,94.29976203296894,6.511271330320794,0.0,7.253850447228487E-4,0.0010822881593870847,4.208295981971923E-4,8.512901162397196E-4,2.987529522832184E-4,145.4,2.611830096649616,1.031727760437385,0.20040487689400582,1.453707005884351E-4,0.2004048768940054,0.0026171068714359396
Track_781,781,781,6,0,0,0,0,0,4500.765000000014,210635.80199999997,215136.56699999998,0.2517089027936431,61.63249216345451,1.4734804720695767,0.0,2.974298726357423E-4,5.564846973894499E-4,6.300727074050849E-5,3.3096318067782305E-4,1.890090754979819E-4,162.33333333333334,1.3386619607134083,0.4927509098831795,0.18803021986185428,5.592580434518183E-5,0.18803021986185392,0.002325048935869362
Track_782,782,782,2,0,0,0,0,0,900.1530000000203,210635.80199999997,211535.955,1.783846178209604,114.81592662582014,1.1857130892717325,0.0,0.001981714417670734,0.001981714417670734,0.001981714417670734,0.001981714417670734,NaN,342.0,1.783846178209604,1.783846178209604,1.0,0.001981714417670734,1.0,NaN
Track_783,783,783,3,0,0,0,0,0,1800.3060000000114,210635.80199999997,212436.10799999998,0.21026461730747695,155.72175704051145,159.8073616598016,0.0,5.309570667568325E-4,6.477446542492829E-4,4.14169479264382E-4,6.477446542492829E-4,1.6516259014865786E-4,151.33333333333334,0.9558851930247354,0.5830692937564679,0.2199684845437667,1.167938213323044E-4,0.21996848454376747,0.003484888885646694
Track_784,784,784,6,0,0,0,0,0,4500.765000000014,210635.80199999997,215136.56699999998,2.5543389620984325,21.18529165133588,77.00423572463403,0.0,7.896353404729555E-4,0.0014933816361887816,2.1675921987986016E-4,8.64010597398683E-4,5.363158758473178E-4,427.3333333333333,3.553963103163758,2.5543389620984325,0.718729735777095,5.675343996183814E-4,0.7187297357770921,0.003021091597886145
Track_785,785,785,6,0,0,0,0,0,4500.765000000014,210635.80199999997,215136.56699999998,1.703854963904594,34.571907075140395,75.9993680127913,0.0,6.436625445123971E-4,0.0011596350338080208,1.2637157697443387E-4,6.893985383636985E-4,4.1565657982818837E-4,338.1666666666667,2.896973852152348,1.962611743250862,0.5881499284636935,3.7857007950972525E-4,0.5881499284636934,0.0014189868484761892
Track_786,786,786,6,0,0,0,0,0,4500.765000000014,210635.80199999997,215136.56699999998,0.695308692714451,72.5860954238216,15.775404877956591,0.0,4.8276064461579016E-4,6.00201331795988E-4,2.536016258171152E-4,5.352433104789582E-4,1.3562163157489725E-4,214.33333333333334,2.172792212664197,0.8162874572575759,0.3200069885476482,1.544867800728207E-4,0.32000698854764875,0.001989515119970357
Track_787,787,787,6,0,0,0,0,0,4500.765000000014,210635.80199999997,215136.56699999998,0.46461757035999185,1.4961634152571468,122.92263993797162,0.0,3.222870550290576E-4,4.94937419491561E-4,2.1869879108961073E-4,2.794118630726406E-4,1.1283335041239923E-4,148.16666666666666,1.4505382972278558,0.46461757035999185,0.3203069999929882,1.0323079973293215E-4,0.320306999992987,0.0019605012783278863
Track_788,788,788,5,0,0,0,0,0,3600.6119999999937,211535.955,215136.56699999998,1.4213375835041966,58.18180864604649,5.171246537573933,0.0,4.5420562848058843E-4,5.333062096195154E-4,2.9216018528828837E-4,5.04346658185667E-4,1.0970542659401659E-4,169.6,1.6354182363747407,1.4213375835041966,0.8690973060535877,3.947488881068549E-4,0.869097306053585,4.749742178085292E-4
Track_789,789,789,2,0,0,0,0,0,900.1529999999912,211535.955,212436.10799999998,0.42163515948543306,50.663367205875815,31.37380578854593,0.0,4.6840388187945514E-4,4.6840388187945514E-4,4.6840388187945514E-4,4.6840388187945514E-4,NaN,137.5,0.42163515948543306,0.42163515948543306,1.0,4.6840388187945514E-4,1.0,NaN
Track_790,790,790,3,0,0,0,0,0,1800.3060000000114,213336.26099999997,215136.56699999998,0.6582613270193854,159.51887340883312,133.36268220782276,0.0,5.097586552783476E-4,5.512073936131597E-4,4.6830991694353535E-4,5.512073936131597E-4,5.8617367896345E-5,195.66666666666666,0.9177215656495453,0.6582613270193854,0.7172778233161394,3.656385786746149E-4,0.7172778233161384,0.0017200209680330745
Track_791,791,791,3,0,0,0,0,0,1800.3060000000114,213336.26099999997,215136.56699999998,0.7438196057396721,79.10225507543379,29.974111172805504,0.0,4.317902421982579E-4,6.711807516386223E-4,1.9239973275789356E-4,6.711807516386223E-4,3.3854930515396774E-4,261.3333333333333,0.7773545637709888,0.7438196057396721,0.9568601516036173,4.131628766107914E-4,0.9568601516036259,7.923715933222609E-4
Track_792,792,792,2,0,0,0,0,0,900.1530000000203,213336.26099999997,214236.414,0.16946707728598828,1.6543783613307679,153.4177449152458,0.0,1.8826474753290214E-4,1.8826474753290214E-4,1.8826474753290214E-4,1.8826474753290214E-4,NaN,277.5,0.16946707728598828,0.16946707728598828,1.0,1.8826474753290214E-4,1.0,NaN
Track_793,793,793,3,0,0,0,0,0,1800.3060000000114,213336.26099999997,215136.56699999998,0.31981319817755505,67.80062562699119,47.707760075328736,0.0,4.143642688453818E-4,4.6451576534849224E-4,3.642127723422714E-4,4.6451576534849224E-4,7.09249265280056E-5,291.6666666666667,0.7459824793879573,0.32784721966222,0.42871408781603876,1.7764379954160738E-4,0.428714087816038,0.002540901644023237
Track_794,794,794,3,0,0,0,0,0,1800.3060000000114,213336.26099999997,215136.56699999998,0.39336193383015505,14.789802199082265,52.48643308068758,0.0,5.047662709114648E-4,6.621745564337259E-4,3.4735798538920384E-4,6.621745564337259E-4,2.2260893221547805E-4,641.3333333333334,0.9087337461195368,0.39336193383015505,0.43286819215186423,2.184972631486828E-4,0.432868192151862,0.002775789059745483
Track_795,795,795,3,0,0,0,0,0,1800.3060000000114,213336.26099999997,215136.56699999998,0.15441362185921292,2.719103928188078,1.5519947351492558,0.0,5.194144441828061E-4,5.428036439465168E-4,4.960252444190954E-4,5.428036439465168E-4,3.307732351889325E-5,229.0,0.9351049403489775,0.4886063285093999,0.16512972522804378,8.577076444738392E-5,0.1651297252280439,0.0031352125122695073
Track_796,796,796,3,0,0,0,0,0,1800.3060000000114,213336.26099999997,215136.56699999998,0.6841152716106954,30.425762059070554,2.3172332803062043,0.0,5.211264466574621E-4,6.127640107578592E-4,4.2948888255706503E-4,6.127640107578592E-4,1.2959508597361544E-4,220.33333333333334,0.9381870686761176,0.6841152716106954,0.729188553596305,3.7999943987893786E-4,0.7291885535963071,0.0017077566944545038
Track_797,797,797,3,0,0,0,0,0,1800.3060000000114,213336.26099999997,215136.56699999998,0.22925096013960747,19.348057413696,70.40641441021074,0.0,0.0012082198551315022,0.0012484863976335858,0.0011679533126294187,0.0012484863976335858,5.694549051631925E-5,543.6666666666666,2.1751654545123893,1.1238287762890904,0.10539472280787902,1.2733999672256052E-4,0.1053947228078791,0.0032674142751297473
Track_798,798,798,3,0,0,0,0,0,1800.3060000000114,213336.26099999997,215136.56699999998,0.9069406907839159,97.7400042203988,69.94155805932753,0.0,5.817352736815947E-4,7.964093017865445E-4,3.67061245576645E-4,7.964093017865445E-4,3.035949220352829E-4,359.6666666666667,1.0473015036206175,0.9069406907839159,0.8659786008599613,5.03770298373671E-4,0.865978600859956,0.0012622974592043567
Track_799,799,799,3,0,0,0,0,0,1800.3060000000114,213336.26099999997,215136.56699999998,0.48240019136398554,93.7355174515875,74.18512293634636,0.0,3.19820453914434E-4,4.169592583366E-4,2.2268164949226804E-4,4.169592583366E-4,1.373750146465347E-4,223.33333333333334,0.5757746821048855,0.48240019136398554,0.8378280712178129,2.6795455403913693E-4,0.8378280712178169,0.0013556947130693871
Track_800,800,800,3,0,0,0,0,0,1800.3060000000114,213336.26099999997,215136.56699999998,0.8670188131847053,62.05488732790451,77.74251736661996,0.0,9.879381641937938E-4,0.0014690383404480617,5.06837987939526E-4,0.0014690383404480617,6.80378394118872E-4,222.0,1.7785910046270974,1.3223592692693737,0.4874750917603376,4.8159524724391287E-4,0.48747509176034143,0.0034338456831365903
Track_801,801,801,2,0,0,0,0,0,900.1530000000203,213336.26099999997,214236.414,0.2762472569081526,1.3318877849661728,104.36196092448247,0.0,3.068892253962897E-4,3.068892253962897E-4,3.068892253962897E-4,3.068892253962897E-4,NaN,237.5,0.2762472569081526,0.2762472569081526,1.0,3.068892253962897E-4,1.0,NaN
Track_802,802,802,3,0,0,0,0,0,1800.3060000000114,213336.26099999997,215136.56699999998,0.4210486953295932,13.980447911642178,109.14297121735954,0.0,4.749566471783657E-4,7.086699243214465E-4,2.412433700352849E-4,7.086699243214465E-4,3.3052048624240674E-4,574.3333333333334,0.8550673016550934,0.4210486953295932,0.49241585371654256,2.3387618289867976E-4,0.49241585371653857,0.00344316260623236
Track_803,803,803,3,0,0,0,0,0,1800.3060000000114,213336.26099999997,215136.56699999998,1.6209204456953386,17.103893892289502,106.28677735800329,0.0,9.483121341584805E-4,9.765805808657664E-4,9.200436874511947E-4,9.765805808657664E-4,3.997762072066475E-5,183.0,1.7072520249983292,1.6209204456953386,0.9494324340877117,9.003582978089993E-4,0.9494324340877123,7.099240344087917E-4
Track_804,804,804,3,0,0,0,0,0,1800.3060000000114,213336.26099999997,215136.56699999998,0.7593763741243387,66.57658955180784,21.60686508697657,0.0,4.254301939411343E-4,6.498590507359882E-4,2.0100133714628037E-4,6.498590507359882E-4,3.173903330671716E-4,212.33333333333334,0.765904530733386,0.7593763741243387,0.9914765400293475,4.2180405671276655E-4,0.9914765400293392,3.4209423230420726E-4
Track_805,805,805,2,0,0,0,0,0,900.1529999999912,214236.414,215136.56699999998,0.5192793467245778,50.72528745898473,31.96955409316574,0.0,5.7687898248918E-4,5.7687898248918E-4,5.7687898248918E-4,5.7687898248918E-4,NaN,163.5,0.5192793467245778,0.5192793467245778,1.0,5.7687898248918E-4,1.0,NaN
Track_806,806,806,2,0,0,0,0,0,900.1529999999912,214236.414,215136.56699999998,0.5595355558498073,37.859178263461914,68.36729944370697,0.0,6.216005010812748E-4,6.216005010812748E-4,6.216005010812748E-4,6.216005010812748E-4,NaN,265.0,0.5595355558498073,0.5595355558498073,1.0,6.216005010812748E-4,1.0,NaN
Track_807,807,807,2,0,0,0,0,0,900.1529999999912,214236.414,215136.56699999998,2.0588041186705186,6.147051054496823,76.9055173568315,0.0,0.00228717131273299,0.00228717131273299,0.00228717131273299,0.00228717131273299,NaN,293.5,2.0588041186705186,2.0588041186705186,1.0,0.00228717131273299,1.0,NaN
Track_808,808,808,2,0,0,0,0,0,900.1529999999912,214236.414,215136.56699999998,1.1867251035961672,28.839280113407053,78.99274947124917,0.0,0.0013183593273545485,0.0013183593273545485,0.0013183593273545485,0.0013183593273545485,NaN,460.0,1.1867251035961672,1.1867251035961672,1.0,0.0013183593273545485,1.0,NaN
Track_809,809,809,2,0,0,0,0,0,900.1529999999912,214236.414,215136.56699999998,0.15751843723932435,133.1306775079102,159.4148155913444,0.0,1.7499073739611588E-4,1.7499073739611588E-4,1.7499073739611588E-4,1.7499073739611588E-4,NaN,216.5,0.15751843723932435,0.15751843723932435,1.0,1.7499073739611588E-4,1.0,NaN
Track_810,810,810,2,0,0,0,0,0,900.1529999999912,214236.414,215136.56699999998,0.6762755028373068,115.00314533312266,1.2045479147608407,0.0,7.512895061587457E-4,7.512895061587457E-4,7.512895061587457E-4,7.512895061587457E-4,NaN,292.5,0.6762755028373068,0.6762755028373068,1.0,7.512895061587457E-4,1.0,NaN
