LABEL,ID,TRACK_ID,QUALITY,POSITION_X,POSITION_Y,POSITION_Z,POSITION_T,FRAME,RADIUS,VISIBILITY,MANUAL_SPOT_COLOR,MEAN_INTENSITY_CH1,MEDIAN_INTENSITY_CH1,MIN_INTENSITY_CH1,MAX_INTENSITY_CH1,TOTAL_INTENSITY_CH1,STD_INTENSITY_CH1,CONTRAST_CH1,SNR_CH1,ELLIPSE_X0,ELLIPSE_Y0,ELLIPSE_MAJOR,ELLIPSE_MINOR,ELLIPSE_THETA,ELLIPSE_ASPECTRATIO,AREA,PERIMETER,CIRCULARITY,SOLIDITY,SHAPE_INDEX
Label,Spot ID,Track ID,Quality,X,Y,Z,T,Frame,Radius,Visibility,Manual spot color,Mean intensity ch1,Median intensity ch1,Min intensity ch1,Max intensity ch1,Sum intensity ch1,Std intensity ch1,Contrast ch1,Signal/Noise ratio ch1,Ellipse center x0,Ellipse center y0,Ellipse long axis,Ellipse short axis,Ellipse angle,Ellipse aspect ratio,Area,Perimeter,Circularity,Solidity,Shape index
Label,Spot ID,Track ID,Quality,X,Y,Z,T,Frame,R,Visibility,Spot color,Mean ch1,Median ch1,Min ch1,Max ch1,Sum ch1,Std ch1,Ctrst ch1,SNR ch1,El. x0,El. y0,El. long axis,El. sh. axis,El. angle,El. a.r.,Area,Perim.,Circ.,Solidity,Shape index
,,,(quality),(pixels),(pixels),(pixels),(frames),,(pixels),,,(counts),(counts),(counts),(counts),(counts),(counts),,,(pixels),(pixels),(pixels),(pixels),(radians),,(pixels^2),(pixels),,,
ID32768,32768,0,770.0,109.6965532286213,62.55388307155322,0.0,11.0,11,15.594510349620348,1,,2606.040789473684,2627.0,692.0,4168.0,1980591.0,728.7292653705795,0.8445967325164357,3.2748616362359444,-0.010909435293353227,0.02322602490348645,20.2995266963475,12.082046525117095,1.2744143902805718,1.680139755640509,764.0000000000001,106.68073149459744,0.8435896694416214,0.981374438021837,3.859573409175508
ID32832,32832,0,774.0,111.3942617666022,65.1728992048141,0.0,39.0,39,15.711439040887685,1,,2801.014193548387,2874.0,573.0,4450.0,2170786.0,782.77746799315,0.8570380669302851,3.3028305657404373,0.08635104276541432,-0.038850625858534354,20.08401415242837,12.575926418426013,1.1728798500774191,1.5970206475605366,775.5000000000002,105.6008993566101,0.8738893211764363,0.9828897338403044,3.792073232453455
ID32386,32386,0,751.0,110.77810912303953,61.916390545615194,0.0,22.0,22,15.497251663623137,1,,2753.916445623342,2817.0,607.0,4866.0,2076453.0,814.0325144467264,0.8542958122187274,3.1172258077377912,0.08239934297304127,0.08167476132583955,20.425187388113997,12.168798134049798,1.2283835052460144,1.6784884721656943,754.5000000000001,105.80379455367144,0.8469672566733134,0.9817826935588813,3.8518700013840004
ID32642,32642,0,759.0,111.27763041556145,65.82029177718833,0.0,33.0,33,15.492115871712883,1,,2812.6560846560847,2870.0,617.0,4681.0,2126368.0,771.6251419642002,0.8552223353206121,3.3606503401836014,-0.03704481610399365,-0.10343267060311302,19.85328095170036,12.282735250500004,1.2319493195320592,1.6163566621605863,754.0000000000002,106.73003550519977,0.8317789053798628,0.9722759509993556,3.8868786408746456
ID32451,32451,0,715.0,111.24700493305144,64.30103359173127,0.0,25.0,25,15.02800266992921,1,,2903.4050632911394,2968.0,603.0,4726.0,2064321.0,803.5026905498239,0.8546483938850311,3.3302449869079638,-0.09730872998129701,-0.031095352895879277,20.26603773443989,11.380022278306878,1.2682073366165367,1.7808434147859222,709.5,104.44562931768631,0.8173004194714865,0.9732510288065843,3.9211555522305708
ID32579,32579,0,747.0,112.8471111111111,67.07511111111111,0.0,30.0,30,15.450968080927582,1,,2818.2383488681758,2923.0,635.0,4619.0,2116497.0,795.6692313899894,0.8555279495243671,3.2661930735486684,0.1851165371823751,0.11666544601119937,20.223883856944635,12.163914979657354,1.2321798086385791,1.6626130559747074,749.9999999999999,104.32676978607022,0.8659236593427566,0.9861932938856016,3.809475010898605
ID32580,32580,0,768.0,112.12244008714597,66.80610021786492,0.0,31.0,31,15.604712843580296,1,,2771.0732984293195,2850.0,725.0,4551.0,2117100.0,773.5462413734377,0.8549294301675848,3.3021333300684135,0.13903926071308526,0.14543007289482834,20.192448240570847,12.442938334206682,1.2420198039287613,1.622803850523,765.0,104.67705343495491,0.8773407890212745,0.9915748541801683,3.784606854125451
ID32454,32454,0,733.0,110.56349206349206,62.733333333333334,0.0,24.0,24,15.295678028289107,1,,2835.005442176871,2878.0,471.0,5035.0,2083729.0,826.7637557804827,0.8564713393176083,3.163931327758087,0.31104864387945197,0.15767828196139674,20.542818887040518,12.08189130111743,1.1903689594117817,1.7002982707798864,734.9999999999999,105.05400062479046,0.8368970012975278,0.9865771812080534,3.8749751892597812
ID32391,32391,0,743.0,110.57265817124973,62.13961547060139,0.0,21.0,21,15.404545437954862,1,,2772.9260752688174,2835.0,579.0,4739.0,2063057.0,784.5397729638913,0.8534134439802321,3.2549213057257544,0.059805795610470634,0.04116826292692338,20.383672834680763,11.894365635583299,1.226503258989571,1.7137250912903477,745.5,105.31496163548084,0.844651123452834,0.9783464566929132,3.8571475273832077
ID32202,32202,0,762.0,108.90551181102362,62.634295713035876,0.0,13.0,13,15.57408531092753,1,,2626.039577836412,2651.0,517.0,4193.0,1990538.0,750.1791761425528,0.8467321052808907,3.210024786806906,0.009585159993441688,0.1120295150144751,20.191291837620284,12.260364901568794,1.2124262447216927,1.6468752765292227,762.0000000000005,105.88071694718313,0.8541439884591554,0.9788053949903668,3.8356536777318726
ID32203,32203,0,754.0,109.57762253271234,63.52151253049456,0.0,15.0,15,15.466411331240309,1,,2678.843085106383,2740.0,660.0,4318.0,2014490.0,770.2164216615529,0.8505525310345169,3.1971588935138264,0.0011179448144516533,-0.014968045375365615,20.311710795182215,11.960362932585344,1.2659013579607823,1.6982520438275404,751.4999999999998,105.4176760046912,0.8497906992550875,0.9810704960835505,3.8454657289196423
ID32267,32267,0,724.0,109.16093535075653,63.140531866116454,0.0,17.0,17,15.212208493694,1,,2777.3020689655173,2845.0,542.0,4431.0,2013544.0,832.9159512416187,0.8529491491803416,3.069810542556055,-0.17297831587129794,-0.0800108723882196,20.73020502665055,11.508365416357858,1.260924959485906,1.801316197101708,727.0000000000001,105.5223237417672,0.8204565417229331,0.9751844399731725,3.9136063584415344
ID32459,32459,0,739.0,111.53718913985855,64.59742185717545,0.0,26.0,26,15.248782635255152,1,,2834.2794520547945,2911.0,695.0,4504.0,2069024.0,763.1811095830337,0.8543255453573538,3.4220193667437324,0.04041339515681761,-0.023976761967027374,20.758048686881807,11.751461990408016,1.219528332256287,1.7664226548003392,730.4999999999999,104.64386651203264,0.8383059102219717,0.9871621621621619,3.871717558079207
ID32780,32780,0,756.0,111.22805851063829,64.77903368794327,0.0,38.0,38,15.471555655790096,1,,2864.5769745649263,2912.0,812.0,4550.0,2139839.0,743.477464608475,0.8534069542425947,3.5481998439731446,-0.046354705275809524,-0.09648036191103988,19.76386364856627,12.310159439383797,1.2135785255184361,1.6054920934115522,751.9999999999998,106.03927811575252,0.840415743742847,0.9791666666666666,3.86685460019928
ID32845,32845,0,808.0,110.72721598002497,64.5759467332501,0.0,10.0,10,15.967661658277217,1,,2490.52875,2546.0,431.0,4077.0,1992423.0,758.9118299450042,0.8432287033565598,3.0025924561339217,-0.02952186753254742,0.008125732839223078,20.245273706685577,12.771165026360906,1.3023959180950682,1.5852331141988532,801.0,107.73485841970918,0.8672212070543305,0.9816176470588235,3.806624050922569
ID32269,32269,0,730.0,109.36257110352673,63.39078498293515,0.0,18.0,18,15.269642812771577,1,,2785.1792065663476,2856.0,555.0,4609.0,2035966.0,844.1483472853428,0.8561113977831201,3.0436212440531007,0.04762953249750077,0.04838100334479132,20.49992222554835,11.669826425964246,1.2319752232181131,1.7566604229809268,732.5,104.24142379977448,0.8471041781061792,0.9865319865319864,3.8515586908705854
ID32275,32275,0,777.0,109.39295654035539,62.9909013059302,0.0,14.0,14,15.741799337880057,1,,2593.1258023106548,2638.0,476.0,4271.0,2020045.0,784.2099274904115,0.8465475573395186,3.031880710990258,0.05513919455552647,0.012854940154661026,20.267882899979185,12.366013415851828,1.252184903661356,1.6389989415665727,778.4999999999999,108.05941790854669,0.8378055507749987,0.9694894146948939,3.8728735311427354
ID32659,32659,0,753.0,110.9757174392936,65.17770419426049,0.0,34.0,34,15.50238575409482,1,,2834.2751322751324,2889.0,726.0,4620.0,2142712.0,798.7784703732137,0.8568888381763414,3.274795849881742,0.04818609236975,0.006782949298707265,20.185450626931644,12.205687988061085,1.2150237807682918,1.6537740966896675,755.0000000000002,107.16220554133196,0.8261778150018546,0.9760827407886234,3.900031974140058
ID32723,32723,0,752.0,110.58587870739265,65.24457724656928,0.0,36.0,36,15.48183917680307,1,,2840.3981481481483,2906.0,562.0,4835.0,2147341.0,795.9442949970108,0.8562412522897007,3.292215610344494,-0.012904513519572596,-0.059480270083183615,20.315382689210093,12.087455685872355,1.2690990645528957,1.680699662291579,753.0,105.60245517168725,0.8485096963820521,0.9791937581274381,3.8483674016072418
ID32532,32532,0,728.0,112.35746812386158,66.35086520947176,0.0,28.0,28,15.264430440947832,1,,2859.438186813187,2949.0,680.0,4585.0,2081671.0,778.9774618900145,0.8542429596846526,3.382210126013188,0.026202136234896853,0.09626343998261687,19.943348946644395,11.859962203510733,1.286794247375608,1.6815693511013765,732.0000000000001,104.02888007632468,0.8499885957638794,0.9832102081934184,3.845018047300078
ID32021,32021,0,777.0,110.15761689291102,67.05569920275803,0.0,3.0,3,15.69116620787512,1,,2500.2471042471043,2519.0,402.0,4309.0,1942692.0,802.4355568401883,0.8439801643388468,2.852192008980325,0.02035832684204194,-0.017781049629842775,19.719942069399075,12.612677634946133,1.3811338618877258,1.563501632259334,773.5,107.1363609986993,0.846830321730593,0.9741813602015112,3.8521814181244123
ID32343,32343,0,734.0,110.35834470213734,62.48590268303774,0.0,20.0,20,15.274853405932202,1,,2791.404109589041,2838.0,632.0,4762.0,2037725.0,767.961214966146,0.8537157505636312,3.3479855594336754,0.11089064622209775,0.02943470813440004,20.429554701164733,11.628097111330204,1.2339106355118297,1.7569129760069297,733.0,104.5951942819607,0.8419579010349817,0.9858776059179555,3.863311649204969
ID32152,32152,0,774.0,111.04701958252637,66.98332257370346,0.0,2.0,2,15.701305896305115,1,,2503.297157622739,2522.0,430.0,4367.0,1937552.0,810.5753898822276,0.8432265421148653,2.8256251068557963,0.11632968209941479,0.16058288645265395,19.983355277130137,12.639651799371999,1.3622583652985627,1.5810052044410756,774.4999999999997,105.71684669255727,0.8708490551207244,0.9847425301970752,3.798686816457196
ID32089,32089,0,786.0,111.06711054745297,66.65007398013105,0.0,5.0,5,15.842580132538986,1,,2483.493654822335,2517.0,463.0,4346.0,1956993.0,764.8029494065336,0.8420199321105261,2.9687357554880935,0.10295234919902226,0.10392701317249298,20.461103913973716,12.41465760362389,1.3907187637876153,1.6481408160625417,788.5000000000001,107.19877200436714,0.8622474940996452,0.9813316739265715,3.817587162444226
ID32092,32092,0,796.0,111.4859715242881,64.17734505862646,0.0,8.0,8,15.91774699517169,1,,2500.654911838791,2544.0,404.0,4209.0,1985520.0,792.8769390081292,0.8437433994207029,2.8866084766364946,-0.031243824907718813,-0.015089032950187204,20.493697460481084,12.53602707528851,1.3470161142405772,1.634784077714624,795.9999999999999,108.23921498381551,0.8537951119258924,0.9796923076923075,3.8364372573441736
ID32350,32350,0,711.0,109.68201133144476,63.33781869688385,0.0,19.0,19,14.990889888387423,1,,2862.7560283687944,2884.0,773.0,4513.0,2018243.0,765.8469020144385,0.8531488778167906,3.441809956185166,0.21629991267654644,0.1546289655668905,20.444570946343696,11.313931715395997,1.218438228174402,1.8070261921877013,706.0000000000001,102.4320160785901,0.8455574567161512,0.9894884372810091,3.855079780027218
ID32671,32671,0,774.0,111.4701879455606,66.14355152300713,0.0,7.0,7,15.670867148655,1,,2540.4856770833335,2556.0,425.0,4228.0,1951093.0,749.2574262551548,0.84313091760997,3.102090910570091,0.07588029191311241,0.1546893636236493,20.287859086634327,12.444380443457504,1.3678704019682206,1.6302827753309683,771.5,105.39076495121556,0.8728521398504617,0.9872040946896992,3.794325561154996
ID32672,32672,0,761.0,110.2552186332674,65.67380795429577,0.0,35.0,35,15.538276888715982,1,,2828.579920739762,2890.0,706.0,4707.0,2141235.0,798.726738418762,0.8556359753095558,3.2658518452401646,-0.006475956064744894,0.07212141159688171,20.010423155277252,12.25097801515585,1.2250589012135795,1.6333735258133748,758.5,105.56442081630517,0.8553233152213067,0.9799741602067183,3.833008450316846
ID32033,32033,0,762.0,111.85362129144852,66.18695462478185,0.0,1.0,1,15.594510349620348,1,,2537.3582677165355,2536.0,569.0,4529.0,1933467.0,758.0132559394408,0.8422001081741343,3.0606486499944427,0.05176044319002628,0.1572257998119177,19.862403686859544,12.661817426135064,1.394661259952182,1.568685048787851,764.0000000000002,104.3361237234514,0.8819294129918852,0.9883570504527815,3.77474847704688
ID32737,32737,0,788.0,111.23927813163482,65.06433121019109,0.0,37.0,37,15.807379942744328,1,,2761.274459974587,2855.0,494.0,4569.0,2173123.0,816.1383600803939,0.8576598652143066,3.124098150925286,-0.06907596198013526,0.10077628482010377,19.933793091231824,12.76737993802596,1.2422607935689935,1.5613064848067728,785.0,107.42949847923497,0.8547368425737396,0.9775840597758406,3.8343232229047852
ID32865,32865,0,783.0,108.60578969774372,66.81694338016177,0.0,41.0,41,15.787230310662734,1,,2788.1419437340155,2845.0,704.0,4442.0,2180327.0,758.4984081327258,0.8559159350894856,3.390494257274036,0.23968886539711923,0.1687861853610555,19.952662621098693,12.895988369378669,1.1532710073046037,1.5471991792793478,783.0000000000002,105.62479808656991,0.8819416292287893,0.9905123339658443,3.7747223339440903
ID32547,32547,0,743.0,112.14744019673597,66.88788285267158,0.0,29.0,29,15.404545437954862,1,,2817.161118508655,2927.0,533.0,4630.0,2115688.0,848.3212532247917,0.8581713333814954,3.0673941230012063,-0.024765592977580894,-0.057465773926435135,20.26096838813392,11.962890947361213,1.2371398469500807,1.6936515159492536,745.5,104.98352299152279,0.8499927603810928,0.9822134387351779,3.845008627779874
ID32488,32488,0,748.0,111.71907968574637,65.06251402918069,0.0,27.0,27,15.373519131658325,1,,2807.346361185984,2921.0,734.0,4628.0,2083051.0,785.2414243065182,0.8545446138201955,3.2947331614155875,-0.3093955358442079,0.015552980067570507,20.43621019993138,12.069381968559592,1.2633183340191454,1.6932275615410257,742.4999999999999,106.00876410708575,0.8302765638352309,0.982142857142857,3.8903936022576446
ID32810,32810,0,769.0,109.92962962962963,66.07167755991286,0.0,40.0,40,15.604712843580295,1,,2829.740837696335,2887.0,818.0,4337.0,2161922.0,728.3255186983632,0.8544810249803916,3.5803967998212123,0.17428587619713098,-0.010831792655537761,20.126784655950317,12.534080659219699,1.1782311399180774,1.6057647308297518,764.9999999999998,105.09743584482608,0.8703362221104712,0.982658959537572,3.7998058122308285
ID32427,32427,0,738.0,111.17707626159765,61.893754243041414,0.0,23.0,23,15.311277907946216,1,,2839.828146143437,2882.0,612.0,4830.0,2098633.0,844.1035102455676,0.8578409332854129,3.1068807679012855,0.06637071659601942,0.07578796911851031,20.115478406672086,11.952578381294297,1.2160914678107444,1.6829405141699527,736.5000000000001,104.36579946065233,0.849701151372503,0.9806924101198403,3.8456683555966005
ID32620,32620,0,749.0,111.68538324420678,66.34113190730838,0.0,32.0,32,15.430353037616328,1,,2821.391946308725,2897.0,742.0,4480.0,2101937.0,750.1133494558177,0.8532450680031908,3.4634383147583456,0.020155652710849986,0.010078360400399953,20.208802898418288,11.900320875446944,1.2480048582989212,1.6981729408753694,748.0,106.6153101138353,0.8269367881089158,0.9752281616688395,3.8982418138005066
ID32045,32045,0,773.0,111.6289206143197,66.34620376378975,0.0,6.0,6,15.660707752353044,1,,2542.7314211212515,2544.0,522.0,4262.0,1950275.0,732.1525728372518,0.8422910707904935,3.1756515421307765,0.1069250518105127,0.04569256541088439,20.597352925584918,12.225896392176072,1.4056668999600903,1.6847315129192602,770.5000000000001,106.77142331651024,0.8493221350563475,0.9802798982188301,3.8465263389320357
ID32240,32240,0,775.0,108.91978494623655,62.50881720430108,0.0,12.0,12,15.706373285785544,1,,2589.581935483871,2589.0,477.0,4224.0,2006926.0,762.6745393044308,0.8464115405479875,3.112959527789952,-0.04562603613774643,-0.06371853051577815,20.070185932520904,12.48956514002973,1.2278083364070276,1.6069563437557064,775.0,106.13122677157679,0.864619842258586,0.9816339455351488,3.812346207756238
ID32050,32050,0,787.0,112.5852959898154,65.26702737110121,0.0,0.0,0,15.812413338809726,1,,2492.7725540025413,2520.0,443.0,4481.0,1961812.0,782.8692872862237,0.8418351097325487,2.910714983797907,0.04871019461748735,0.05754977634724933,19.835834418441465,12.722700623151294,1.3929970949693706,1.5590899295662524,785.5000000000005,106.99616724947421,0.8622230157792431,0.9775980087118861,3.817641352286518
ID32115,32115,0,809.0,110.58096999588986,66.84422523633374,0.0,4.0,4,16.06702578870944,1,,2427.190651906519,2468.0,252.0,4421.0,1973306.0,868.224481659496,0.8416522062974572,2.5552118177891816,0.0016505527654250044,0.09409522296444262,20.423832998532234,12.809889992935371,1.406731015902365,1.594380046182749,810.9999999999998,107.49666771948526,0.8819434001735612,0.9860182370820665,3.7747185441157765
ID32123,32123,0,796.0,111.60838574423481,64.27002096436058,0.0,9.0,9,15.90774526814261,1,,2500.633501259446,2520.0,469.0,4091.0,1985503.0,740.0244980342737,0.8431760342989184,3.0916148376661354,9.488454014840846E-4,-0.21431391097465197,20.711628702498672,12.597969422104896,1.338016431016887,1.6440450050749629,795.0000000000001,107.99581721872948,0.8565705176960587,0.9790640394088673,3.8302169235482606
ID32254,32254,0,740.0,109.44343024566149,64.54665314401623,0.0,16.0,16,15.342430082386336,1,,2719.728997289973,2781.0,518.0,4426.0,2007160.0,820.6377370811394,0.8530775272342797,3.051399391622672,0.06330189637862127,0.042046650227426506,20.5272774621608,11.592363376431308,1.2845559454604476,1.7707586275198433,739.5,105.01765087892507,0.8426038585104624,0.9794701986754967,3.861830518137109
ID32066,32066,1,498.0,193.32997987927564,322.01509054325953,0.0,1.0,1,12.577758680835943,1,,1147.3963782696178,1190.0,343.0,1740.0,570256.0,247.8061275305665,0.6451891208983288,3.631638705562506,0.0020629299796712203,0.2614685075407776,16.218187540780367,9.932132602705726,2.0704266070012505,1.632900826994817,496.99999999999983,93.44103438963182,0.7153045340917683,0.9011786038077968,4.191403223444114
ID32132,32132,1,519.0,193.13985788113695,322.79780361757105,0.0,5.0,5,12.815923738491737,1,,1117.84496124031,1147.0,516.0,1546.0,576808.0,216.03003924930624,0.6234735931330374,3.974387970317151,0.06274851823902138,0.5116152858924946,16.8092625212341,10.307333557510178,2.0217311784096634,1.6308061078499254,516.0,94.94337016621529,0.7193334869755117,0.9028871391076118,4.179648815622672
ID32708,32708,1,566.0,191.01077649837615,328.8026276941246,0.0,35.0,35,13.404698085027869,1,,1123.6637168141592,1140.0,536.0,1564.0,634870.0,216.34415756966868,0.6867317462550454,4.22923957444886,0.17021682025838106,0.22410775190221824,17.316544231557533,10.687647978647362,-1.1798694834808425,1.620239014809798,564.4999999999999,94.14381282437967,0.8003689716916341,0.9369294605809125,3.962413641401626
ID32521,32521,1,566.0,192.9991150442478,326.5575221238938,0.0,27.0,27,13.410633306963609,1,,1112.5335689045937,1145.0,494.0,1499.0,629694.0,214.13443326168334,0.6804363848487421,4.207480031118742,-0.009539057027304081,-0.03611665387955667,17.078985480865317,10.714833854500217,-1.119354183917229,1.593957098428751,565.0,94.7162288537219,0.7914245454176692,0.9432387312186978,3.984741696311027
ID32138,32138,1,539.0,193.37971552257267,323.51051329622754,0.0,8.0,8,13.09843611478344,1,,1095.9869646182494,1123.0,436.0,1558.0,588545.0,219.05265378047645,0.6354270699602689,3.8879564877730615,0.4425125053827788,0.002711346409743042,16.721115860522588,10.695546355169625,-1.0533404359889325,1.5633718283536344,538.9999999999998,94.33395661662398,0.7611364645608506,0.9213675213675212,4.063251156974103
ID32779,32779,1,544.0,193.68106617647058,323.2711397058824,0.0,11.0,11,13.159049284959082,1,,1096.570642201835,1129.0,368.0,1533.0,597631.0,222.6646843047531,0.6457549333347266,3.8647182330256524,0.021121270686121994,0.05355866774327848,16.809983653189658,10.232231875303315,2.103740251016461,1.6428462390265524,544.0,94.61565389787272,0.7636296336031472,0.9323050556983719,4.056612693954618
ID32653,32653,1,585.0,191.44246031746033,328.94472789115645,0.0,33.0,33,13.680870333281758,1,,1099.2227891156463,1139.0,472.0,1618.0,646343.0,226.76946775751955,0.6882327661218226,3.952156726654692,0.15630665381102304,0.25570887902342604,17.262811006622908,11.094891182658623,1.956728173983598,1.5559243188977625,588.0,95.68354978785105,0.8070726536880461,0.9453376205787781,3.9459230876453404
ID32846,32846,1,588.0,191.9178601516428,328.6395675372087,0.0,39.0,39,13.744705069592428,1,,1094.2364864864865,1133.0,377.0,1481.0,647788.0,210.88198836089697,0.6871582939746181,4.2267120433743335,0.22077160963916875,0.12400370853329247,17.59481850933987,11.140886081708333,-1.209341863112014,1.5793015367267715,593.5,97.06039855988237,0.7916741175625718,0.9361198738170347,3.9841135597464734
ID32081,32081,1,537.0,192.8895096213532,322.29360645561763,0.0,6.0,6,13.074112164146964,1,,1085.0093109869647,1106.0,480.0,1547.0,582650.0,203.89113532078215,0.6215879081687748,4.079690120886806,0.128059204642434,0.44293050139730167,16.528837556231206,10.689161019125402,-1.1118013168890706,1.546317575968522,537.0,95.21225330627769,0.7443864567045733,0.909398814563929,4.108712000255137
ID32405,32405,1,562.0,193.46804062126643,325.51702508960574,0.0,22.0,22,13.327299669871435,1,,1104.545617173524,1133.0,406.0,1508.0,617441.0,204.8608085318749,0.6570990271455093,4.2759944397979845,-0.03153907817090178,0.2395415908400379,16.97287465884404,10.671995421104398,2.2134857527682454,1.590412475747445,558.0000000000001,95.31879322478697,0.7717683996295556,0.9253731343283585,4.035166281684281
ID32087,32087,1,501.0,193.76107226107226,321.6172161172161,0.0,0.0,0,12.621968865236012,1,,1146.9362549800796,1188.0,463.0,1732.0,575762.0,245.93803464805043,0.6403082309506429,3.640886990243853,0.07332198533022287,0.29334219531956524,16.292867680048566,9.991410190137358,2.0555222560523565,1.6306874975597991,500.50000000000006,91.92133022433615,0.7443571163354777,0.9091734786557676,4.108792976130849
ID32408,32408,1,560.0,193.48628503279664,324.9528920691711,0.0,21.0,21,13.339236349084569,1,,1105.6869409660108,1151.0,406.0,1556.0,618079.0,215.93913508702136,0.6662378477634577,4.094709762301788,-0.12331488905075015,0.04693118752250794,17.10974718857393,10.592410893350436,2.1460272362134667,1.6152835611121223,559.0000000000001,95.08402567184677,0.776974115352511,0.9410774410774413,4.021625784411933
ID32601,32601,1,553.0,192.07924984875984,327.7093163944344,0.0,31.0,31,13.243441670776846,1,,1136.9473684210527,1162.0,478.0,1599.0,626458.0,228.44222453861968,0.6915728794430953,4.069501528980926,-0.011701991202856865,0.2110916994887386,16.790423014488734,10.694525859092069,-1.1874451176220164,1.5700016284699683,550.9999999999999,95.87619924533372,0.7532512210371208,0.9160432252701579,4.0844634098194765
ID32602,32602,1,573.0,191.6056910569106,326.4053426248548,0.0,30.0,30,13.517021664164627,1,,1113.6532399299474,1136.0,536.0,1579.0,635896.0,205.18245770535717,0.6836815773635052,4.407919661968021,0.31778284832483455,0.0563413496711432,16.712476024003475,11.276341883269199,1.9720448268092314,1.4820831256278166,574.0,94.82510158933201,0.8021860828463495,0.9333333333333331,3.957923269250398
ID32220,32220,1,544.0,192.76525605642442,323.79162833486663,0.0,15.0,15,13.153000537553787,1,,1113.0922509225093,1131.0,470.0,1537.0,603296.0,215.8270058745999,0.6606798747418661,4.103557509467473,0.18256341890277883,0.20926956053344467,16.936595449985692,10.66201914718341,-1.074560977330621,1.5884979398540886,543.4999999999999,94.88410349193175,0.7586168684659496,0.9258943781942076,4.069993206612554
ID32223,32223,1,548.0,193.45856185252893,324.26660572821453,0.0,13.0,13,13.195283541573993,1,,1092.771897810219,1129.0,436.0,1487.0,598839.0,216.23212900647587,0.6447335836039054,3.9620871293097584,0.10784239637318306,0.3131121395487591,16.868281304559908,10.485898561433793,2.101728981088826,1.608663406930137,547.0,94.60326650183976,0.7680419224754824,0.9302721088435376,4.044943586226542
ID32032,32032,1,521.0,193.23995499839282,322.37142397942785,0.0,3.0,3,12.84693255163642,1,,1110.0116279069769,1148.0,428.0,1577.0,572766.0,234.70070976778086,0.62711924020515,3.645640713674458,-0.0522305420005485,0.4214308862502081,16.54651479065857,10.238284565393892,2.049852849110274,1.616141325724324,518.5,93.53036962954955,0.744823418967448,0.900955690703736,4.107506603484243
ID32480,32480,1,570.0,193.37835842928845,325.2723649247121,0.0,25.0,25,13.404698085027869,1,,1109.6339285714287,1137.0,436.0,1536.0,621395.0,200.25123734866875,0.6741435404010768,4.4626641168208145,-0.11203994642341605,0.2500985698059857,16.76681856539368,10.890483743891368,2.0663102529498607,1.5395843710614265,564.5,94.24969445504594,0.7985716869206155,0.9471476510067116,3.966870087397801
ID32800,32800,1,602.0,191.69276442971554,328.5312068489368,0.0,38.0,38,13.860015018459311,1,,1091.837479270315,1136.0,516.0,1464.0,658378.0,213.14348758667748,0.6887612021572613,4.178461054170576,0.21904876140388144,0.014473477120129948,17.86639852734347,11.073454606297467,1.97186042257274,1.6134439669064846,603.4999999999999,97.91186145212073,0.7910729308822647,0.9400311526479749,3.9856271629926576
ID32866,32866,1,526.0,193.86641461877755,324.09294265910523,0.0,10.0,10,12.976360421598395,1,,1108.5879017013233,1147.0,409.0,1554.0,586443.0,212.96127369965228,0.6265309515982936,4.010326143642857,0.038431493241056915,0.055346143255994615,16.378675174429574,10.272663776447745,2.144474325186926,1.59439416405131,529.0000000000001,94.56346501885841,0.7433935374830067,0.9104991394148021,4.11145500081993
ID32546,32546,1,572.0,191.94133915574963,327.0042212518195,0.0,28.0,28,13.499348496880142,1,,1100.6561403508772,1136.0,431.0,1527.0,627374.0,206.72805720825116,0.6769559994122242,4.2985403431663345,0.33473652929092,0.1823777882597241,17.326306195334116,10.89609838630075,-1.153794667032651,1.5901385597910735,572.5,96.05096909255471,0.7797975261551913,0.933931484502447,4.014338637469136
ID32738,32738,1,584.0,191.07560137457045,327.29581901489115,0.0,36.0,36,13.610890997982688,1,,1106.9759036144578,1138.0,522.0,1519.0,643153.0,200.4237393135656,0.6857922646212573,4.493735723501808,0.2666880257636613,0.3145265239053007,17.426454387907615,11.075073745401712,1.9478341234431822,1.5734842754562197,582.0,96.81919635526009,0.7802071064500132,0.9417475728155341,4.013284808408111
ID32486,32486,1,564.0,194.01897256275538,324.8940455341506,0.0,24.0,24,13.481652161769508,1,,1101.4059233449477,1144.0,428.0,1530.0,632207.0,216.72077087879194,0.6576621885822412,4.032586656339178,0.3326667037183621,0.3045003960788901,16.71317454723139,11.46338278314131,2.105718190534276,1.4579618305872781,571.0,94.48209556752872,0.803798030919225,0.9284552845528455,3.9539526395826234
ID32167,32167,1,520.0,193.08606294155427,322.4643545279383,0.0,4.0,4,12.853125337029411,1,,1112.0384615384614,1147.0,472.0,1660.0,578260.0,228.49030888396703,0.6278954156509897,3.754419796830323,0.1844934172948943,0.26684718171630384,16.536788928285727,10.332749923147665,2.0373003370386282,1.6004247708772696,519.0000000000001,93.92613756383219,0.73927206309678,0.9105263157894739,4.122899843178157
ID32487,32487,1,576.0,192.90958983246676,325.9792027729636,0.0,26.0,26,13.552298857686367,1,,1095.376306620209,1139.0,453.0,1463.0,628746.0,200.54048573404532,0.6730061122996055,4.394533270169061,0.10063711820260633,0.10673390756751304,17.111544436949288,10.93333744238822,-1.081161707304505,1.5650796956662423,576.9999999999999,95.1503780686443,0.8008748223975786,0.9443535188216039,3.9611620685676545
ID32168,32168,1,538.0,193.79770755886,323.3528500619579,0.0,9.0,9,13.086279790944385,1,,1093.750462107209,1123.0,431.0,1599.0,591719.0,223.98541334940654,0.6247310680880656,3.755261005316229,0.3367620027500274,0.3526599468861657,16.34792579713088,10.972738979328097,-1.101758759577709,1.489867372943918,538.0,94.45199426834078,0.7578266530515133,0.9141886151231944,4.072114624080234
ID32360,32360,1,565.0,193.96590241034687,324.77689594356264,0.0,20.0,20,13.434347973244154,1,,1089.5396825396826,1119.0,474.0,1490.0,617769.0,210.05277335023496,0.6573401720993295,4.11455758707722,0.14796786370083745,-0.032725183516369105,17.047767205959712,10.834407400185137,2.1757582423415713,1.5734840472833245,567.0,96.77506200522319,0.760792121264761,0.9219512195121952,4.064170590137719
ID32300,32300,1,552.0,192.46232670283305,325.3610608800482,0.0,16.0,16,13.267455184007074,1,,1090.0072202166066,1128.0,519.0,1531.0,603864.0,215.63531589127103,0.6547144793779435,4.000077075044009,0.13569702862471816,0.3954593097776292,16.990155934741807,10.725223361686767,2.1188948976109,1.584130731993422,552.9999999999999,96.0110781693056,0.7538627804552177,0.9255230125523013,4.082806345078717
ID32689,32689,1,569.0,191.2816091954023,328.58694370763334,0.0,34.0,34,13.416565903275457,1,,1127.898756660746,1161.0,533.0,1584.0,635007.0,223.7582946597877,0.6885420400203569,4.110925006225606,0.18119379464696284,0.19368173980233241,17.651227768673476,10.770393327100047,-1.1421919980552602,1.6388656600182037,565.4999999999999,95.62320215438908,0.7771697846555818,0.9270491803278686,4.0211194869036255
ID32306,32306,1,551.0,193.18650435828073,323.73444544634805,0.0,17.0,17,13.285436834704079,1,,1104.7757685352622,1137.0,405.0,1574.0,610941.0,221.40493508803647,0.6548592152738548,3.9491509057937706,-0.059594242987765236,0.15101823785735743,16.972409100044352,10.567246448054988,2.14596456142532,1.606133554609044,554.5,93.87465512657026,0.7907054013004514,0.9342881213142374,3.9865533396086206
ID32307,32307,1,562.0,193.00397877984085,323.764367816092,0.0,18.0,18,13.41656590327546,1,,1097.5833333333333,1127.0,502.0,1555.0,619037.0,226.14723148399236,0.6668648775730394,3.8834138292490317,0.10336263746367091,0.1759784825342702,16.71056316931164,11.042781350250817,-0.9894378840715141,1.5132567275663835,565.5,94.44798205420841,0.7966308240596214,0.93163097199341,3.9716994681240054
ID32436,32436,1,569.0,193.96995016124305,325.4615948402228,0.0,23.0,23,13.45210653747156,1,,1111.0404217926186,1150.0,451.0,1566.0,632182.0,215.72075418405444,0.6550467820125997,4.076899152088149,0.07257821462681643,0.060993769526027274,16.575888257082195,10.990006825740236,2.1816327989411564,1.508269150321089,568.5000000000001,95.9917315566597,0.7753051725369758,0.9221411192214112,4.025951987528582
ID32884,32884,1,577.0,191.4208549971115,327.1915077989601,0.0,41.0,41,13.552298857686367,1,,1129.273043478261,1163.0,579.0,1564.0,649332.0,214.93288042412456,0.6922801029331708,4.29868576692606,0.04263804168503502,0.14688699170037217,17.218222576260047,10.804875838064424,1.8995600538306616,1.5935604290427925,576.9999999999999,95.76917584347987,0.7905587995605866,0.9344129554655869,3.986922957000745
ID32373,32373,1,565.0,193.12433862433863,323.8994708994709,0.0,19.0,19,13.434347973244154,1,,1088.9858657243817,1129.0,356.0,1488.0,616366.0,209.9307171296258,0.668013431387438,4.154912675455142,-0.025542101994683087,-0.053762853895275936,16.95792731548523,10.5441809301794,-0.940003305120086,1.6082735518079454,567.0,96.41774347516233,0.7664414723844829,0.9249592169657422,4.049164622369843
ID32565,32565,1,580.0,191.4444921316166,328.1892703862661,0.0,29.0,29,13.61673634547053,1,,1089.7311643835617,1121.0,375.0,1500.0,636403.0,212.06379017311514,0.6851993033410511,4.178770204286358,-0.0028807009719948855,0.03762696387594116,17.392994116692684,10.75553843643115,-1.1860240211282167,1.6171197954887269,582.5000000000001,95.80699161096359,0.7974645514774813,0.9463850528025995,3.9696227735167406
ID32821,32821,1,577.0,191.36718080548414,327.59454441588116,0.0,40.0,40,13.628419519087378,1,,1121.3264604810997,1148.0,501.0,1554.0,652612.0,214.39956574324628,0.6938916577158323,4.284934640666148,-0.06659084735163195,0.30621998541091566,17.529067395153216,10.874738875050861,-1.2259802395901735,1.6119069705084053,583.4999999999999,97.40281568605958,0.7728722272199217,0.9343474779823859,4.0322837098851485
ID32182,32182,1,514.0,194.1333656644035,322.28370514064017,0.0,2.0,2,12.809712968202845,1,,1115.4089147286822,1164.0,363.0,1722.0,575551.0,259.2731090672959,0.6352567638037421,3.342488910031149,0.38839230377381917,0.4616112082276883,16.740428774495506,10.441437421270585,-1.131303336666931,1.6032686017341868,515.5000000000001,93.0568031251518,0.7480700650390834,0.9004366812227078,4.098583561691682
ID32758,32758,1,584.0,190.96240276577356,328.1413137424373,0.0,37.0,37,13.569903063667143,1,,1108.1295336787564,1149.0,453.0,1462.0,641607.0,199.12773145448946,0.6879007579173613,4.535943737756214,-0.01728503442258119,0.018287323581069773,17.591785494283375,10.623785129601101,-1.1991336644521216,1.6558867936125046,578.4999999999999,96.25397984231408,0.7846497422050305,0.9421824104234526,4.001907202082382
ID32631,32631,1,572.0,191.70691659401336,327.6993606509736,0.0,32.0,32,13.511133176991631,1,,1103.298951048951,1141.0,547.0,1477.0,631087.0,203.77863010252932,0.6854055747615908,4.403599045591882,0.18939349310119544,-0.17031859439179034,17.69676453162295,10.715144367376201,1.949773676513602,1.6515656649016597,573.5,96.29988905573083,0.7771264893327573,0.9455894476504533,4.021231497782132
ID32251,32251,1,542.0,194.48044607393828,323.5980751604033,0.0,12.0,12,13.177178867772032,1,,1102.363802559415,1144.0,343.0,1534.0,602993.0,239.22376991833187,0.6328176540639077,3.5718359891402227,0.08909020172167507,0.14331864624979748,16.57201398541767,10.640888713638702,-1.0370700747619166,1.5573900292911522,545.5,94.98922941122812,0.7597240764948718,0.9222316145393068,4.067026358283341
ID32700,32700,1,532.0,192.59671361502348,322.677151799687,0.0,7.0,7,13.019217119046312,1,,1091.4784240150093,1125.0,436.0,1506.0,581758.0,216.3617784555741,0.6312991441835448,3.904506951992661,0.30431230580128293,0.0021567532492082794,16.240513543319544,10.591829041934236,2.093208214658552,1.5333058604912837,532.5,96.95889530047761,0.7117937309580383,0.8942065491183879,4.201727205301736
ID32317,32317,1,546.0,193.96189164370983,324.3934802571166,0.0,14.0,14,13.165095253247278,1,,1101.6268382352941,1129.0,476.0,1522.0,599285.0,203.00821114022247,0.635218050447544,4.215975294566354,0.32249609077892155,0.3051061415549736,16.71801670681585,10.968999171551044,2.100734479594812,1.5241150487252595,544.5,95.04052493101163,0.7575130088218616,0.9158957106812445,4.072957555530149
ID32769,32769,2,816.0,57.865282865282865,104.97720797720797,0.0,11.0,11,16.146076823319174,1,,2241.2933985330073,2299.0,394.0,4205.0,1833378.0,582.8445163278154,0.8310449730072764,3.49061144515911,0.02349272117843736,0.1503884605462784,19.87476569046522,13.382902933442143,1.1372695133899169,1.4850862917641547,819.0,106.68559265694255,0.9042368829373812,0.9867469879518073,3.7278963026321366
ID32833,32833,2,807.0,54.58612836438924,108.8824016563147,0.0,39.0,39,16.00748132524138,1,,2503.7484433374843,2565.0,656.0,4164.0,2010510.0,626.2152964342395,0.8450158278580301,3.662366169670424,0.06923190820226584,0.07817867707296788,19.644086945585983,13.281232930648107,0.875286395038448,1.4790860945036808,804.9999999999999,107.64098571296124,0.8730727072559554,0.9733978234582829,3.7938462440248912
ID32258,32258,2,864.0,57.715165511932256,107.38433410315626,0.0,16.0,16,16.602902199168756,1,,2174.1743648960737,2343.0,247.0,4162.0,1882835.0,808.112059898652,0.8329804809669332,2.4452865718247074,0.0051641453210441515,0.22128624482736345,20.33419199039728,13.895158502466616,1.003644051777629,1.4634012261743996,865.9999999999999,110.48792463354137,0.891452329120529,0.9880205362236165,3.754532517162844
ID32643,32643,2,806.0,55.81884057971014,110.48281573498966,0.0,33.0,33,16.007481325241383,1,,2460.337905236908,2526.0,514.0,4214.0,1973191.0,622.550103201225,0.8422479438881485,3.613618681957639,0.04249124752164148,0.004764985591630797,19.493894885287343,13.315801654696116,0.9370604876872659,1.4639670513875809,805.0000000000001,106.19489260183265,0.8970124778334375,0.9841075794621024,3.7428781589425477
ID32389,32389,2,778.0,57.747416020671835,108.47652885443583,0.0,22.0,22,15.696236870863475,1,,2448.601552393273,2535.0,652.0,4204.0,1892769.0,589.8213693734803,0.83968347399733,3.7896588136509095,-0.01575474948893536,0.10021763519183065,19.06610047685602,13.193946358470754,1.0812247378103539,1.4450642710560389,774.0,107.2558846075221,0.8454901773135738,0.9735849056603774,3.855233159872364
ID32581,32581,2,808.0,55.86152263374486,109.93353909465021,0.0,30.0,30,16.05711704537494,1,,2439.5622688039457,2533.0,440.0,4376.0,1978485.0,669.9860949408617,0.8439243376068549,3.3330093278489237,0.020978339917273887,-0.05773876444917943,19.43776285204246,13.497864877519904,1.0226963338670323,1.440062041546674,810.0,108.2883959878803,0.8680226171435993,0.9759036144578311,3.804866394310456
ID32582,32582,2,831.0,55.936096203538064,111.09431524547803,0.0,31.0,31,16.33716130682159,1,,2370.1112440191387,2481.0,368.0,4262.0,1981413.0,706.3702822414742,0.8433184087585692,3.070135383129398,0.0500467700261777,0.23128105070692492,20.18118971822357,13.490221252619717,0.9763789888424347,1.4959865624371809,838.5,108.45166279827107,0.89586073222857,0.987051206592113,3.7452833647219648
ID32455,32455,2,810.0,58.330333126422516,109.24032691909787,0.0,25.0,25,16.01245182103738,1,,2392.634448574969,2467.0,477.0,4225.0,1930856.0,620.0915456731349,0.8391261503433328,3.5210020075915813,0.07661376310140137,-0.05814106761502254,19.588031004078836,13.396249314933605,0.9990428267732159,1.462202631765212,805.4999999999998,106.79653097777464,0.8874851950124868,0.9805234327449783,3.762914699767206
ID32393,32393,2,773.0,57.70116054158607,108.15914463786805,0.0,21.0,21,15.711439040887681,1,,2447.8990944372576,2521.0,520.0,4115.0,1892226.0,602.5143303708946,0.8402318302567263,3.7100752469461784,-0.02474902401107704,0.05014837486286365,19.141585649110837,13.07649500763784,1.0668791806132687,1.4638162319436854,775.4999999999998,106.32671306794465,0.8619992523407369,0.972413793103448,3.818136824366674
ID32457,32457,2,796.0,58.157783417935704,109.18147208121827,0.0,24.0,24,15.837556323903856,1,,2425.6182048040455,2496.0,492.0,3929.0,1918664.0,586.2154923021069,0.8392059406246994,3.776011740412812,0.07225633630229111,0.07743959054993896,19.48630817478481,13.137377154612624,1.0311736944532452,1.4832723416137163,787.9999999999999,105.04084731385177,0.897469397887469,0.9849999999999999,3.741925249671191
ID32204,32204,2,790.0,57.335440370838604,105.71828908554573,0.0,13.0,13,15.867675317177952,1,,2321.305063291139,2382.0,402.0,4156.0,1833831.0,611.4721680243294,0.8349647345844416,3.4548240245214425,-0.03802305253301272,0.1126203188641545,19.436018604797717,13.258816129316587,1.0663231690893225,1.465893969358449,791.0,104.94230985196424,0.9025787602284765,0.984443061605476,3.731318980784973
ID32205,32205,2,775.0,56.870107526881725,106.64043010752688,0.0,15.0,15,15.706373285785544,1,,2375.7767741935486,2444.0,341.0,4148.0,1841227.0,612.3233346252052,0.8359215923006151,3.533183810766266,0.03127243574589033,0.26106218722404084,19.307153978926767,13.060473157756107,1.0794508557379334,1.4782890134007893,775.0,105.72103260983457,0.871342252003796,0.9748427672955975,3.7976115984943712
ID32462,32462,2,803.0,58.36430495131552,109.14242800911539,0.0,26.0,26,16.002509285573296,1,,2403.4116915422887,2466.0,645.0,4029.0,1932343.0,605.3353595708943,0.8409074689884843,3.627257372911802,0.06807486830133683,0.03763991123038692,19.685521953321473,13.330993674643414,0.9996305768668461,1.4766732648568324,804.5000000000001,107.21285855041049,0.8795127941715963,0.9793061472915399,3.779930818165657
ID32847,32847,2,902.0,58.388092613009924,105.91933112826166,0.0,10.0,10,16.991382132384,1,,2054.052921719956,2215.0,224.0,4111.0,1863026.0,742.9112647595106,0.8255532122158703,2.500663504488593,0.12127568029220383,-0.043955196021654,20.55703201735682,14.327146510036686,1.0969903597645068,1.4348308648170711,907.0000000000005,113.48393438132136,0.8850104181534527,0.9816017316017323,3.7681721933573673
ID32783,32783,2,829.0,54.81135309538214,109.0987094172212,0.0,38.0,38,16.219837265857603,1,,2445.5606796116504,2493.0,615.0,4105.0,2015142.0,630.8441016916527,0.8433448710912453,3.5471945218838927,0.07557882903529985,0.07452048611386981,19.71622755054758,13.63101993727617,0.8829256330717228,1.4464234988484208,826.5000000000001,106.64384648430281,0.9132319977200313,0.9904134212103056,3.709491430136638
ID32272,32272,2,843.0,57.76184786937475,106.77658303464754,0.0,17.0,17,16.322541920173855,1,,2257.9315726290515,2375.0,294.0,4250.0,1880857.0,728.1868280943735,0.8351108589676806,2.822147957649369,0.025419928264261087,0.011172164028171026,19.855474653262274,13.531062024989408,1.0218909179479156,1.4673995741496733,836.9999999999999,109.00764774477045,0.8851591959966311,0.9818181818181817,3.7678555022505646
ID32274,32274,2,798.0,57.445454545454545,106.77795193312436,0.0,18.0,18,15.932737813432226,1,,2340.6670838548184,2422.0,408.0,4265.0,1870193.0,635.296360346141,0.8368706854240157,3.357167794378186,-0.03436142250696488,0.001642082127474095,19.263419089756322,13.413740112257493,1.043568214075437,1.4360960424567482,797.5000000000002,106.2007640441839,0.8885569606042262,0.977328431372549,3.760644626187711
ID32533,32533,2,791.0,56.4205047318612,109.22029442691903,0.0,28.0,28,15.882713395407416,1,,2462.631313131313,2525.0,700.0,4194.0,1950404.0,635.006782311883,0.8430827292099015,3.5479410259043407,0.07879309522464883,0.00907011270345791,19.667281326500817,13.094339118502223,1.0493591339066026,1.5019682282942455,792.5000000000001,106.3917367535126,0.8798190031699157,0.9783950617283953,3.77927298425239
ID32725,32725,2,832.0,55.289095266626724,109.77161973237469,0.0,36.0,36,16.29814713457862,1,,2416.0657108721625,2506.0,356.0,4173.0,2022247.0,719.038409068107,0.8446093792664858,3.0770753769954835,0.1060287504117825,0.18772529979526723,19.967066581148316,13.659850909132873,0.8887494200239993,1.4617338588811748,834.5,108.11539904953923,0.8971418037743291,0.9893301719027858,3.7426083751228867
ID32022,32022,2,762.0,58.37625272331155,103.86666666666666,0.0,3.0,3,15.604712843580298,1,,2316.470588235294,2393.0,444.0,4063.0,1772100.0,655.849860895737,0.8346506069201056,3.2136879173148416,0.04190552150893244,0.05942749568139145,19.297575824267764,12.736145502778216,1.1501046012421918,1.5151817965693202,765.0000000000002,103.49920918016174,0.8974230836023183,0.9839228295819938,3.7420218052202245
ID32662,32662,2,843.0,55.4070133963751,109.88908589440504,0.0,34.0,34,16.41006287957139,1,,2376.059171597633,2471.0,340.0,3942.0,2007770.0,677.9604528595256,0.8416104323890791,3.203289794466502,0.02779711086967059,0.07616624810442386,19.803822434241567,13.822099294240067,0.9386450428706791,1.432765169216676,846.0,109.03612112888541,0.8942098309650011,0.9797336421540244,3.7487390647326584
ID32344,32344,2,795.0,57.27959012965287,107.80238393977416,0.0,20.0,20,15.927742441679587,1,,2370.390428211587,2435.0,502.0,4058.0,1882090.0,602.1182731315404,0.837553376301214,3.588728499416994,0.006638162410633894,0.07009722284983255,19.408657411669576,13.28054931704331,1.0769117812877695,1.4614348358890463,797.0000000000001,107.94553654504939,0.8595255813049365,0.9761175750153095,3.8236270791159535
ID32281,32281,2,795.0,57.460895023002934,106.56043496445002,0.0,14.0,14,15.927742441679587,1,,2324.792973651192,2418.0,405.0,4242.0,1852860.0,668.6403917038706,0.8366494260573798,3.1676626353380164,0.08127822695415207,0.0025479256551287246,19.50709062102942,13.237577999363804,1.0890412900669866,1.4736147822484542,797.0000000000001,105.52842340436813,0.899351132279804,0.983343615052437,3.7380085389353797
ID32156,32156,2,788.0,58.407774227902024,102.75410010649627,0.0,2.0,2,15.782188883004038,1,,2274.674358974359,2337.0,364.0,4127.0,1774246.0,644.8141439318833,0.8326787470375294,3.205574016651364,0.03723785487652445,0.07895251118452999,19.28777949502288,13.071976967786606,1.180081236811228,1.4755059271106377,782.5,103.94507049899552,0.9100943411226887,0.9892541087231355,3.715880380814946
ID32094,32094,2,785.0,57.88956336528222,105.03674121405751,0.0,5.0,5,15.782188883004036,1,,2299.770512820513,2355.0,422.0,4250.0,1793821.0,606.2676933053762,0.8323856257867287,3.4463371874880346,-0.051222840635743005,-0.018640683036588297,19.512263361948843,12.936828147623178,1.2094947464192254,1.508272595051341,782.4999999999999,105.030501907563,0.8913809092630116,0.9855163727959696,3.7546829258173595
ID32352,32352,2,806.0,57.01865671641791,106.85302653399668,0.0,19.0,19,15.99753570059363,1,,2339.7935323383085,2430.0,438.0,4251.0,1881194.0,613.0355881079694,0.8376706092895854,3.4795850259196204,0.06194435855729436,0.03301353452518468,19.096871767826432,13.628666244139021,1.0594472183655101,1.4012282218767373,804.0,106.60614785562451,0.8889992844404151,0.979890310786106,3.759708950676913
ID32097,32097,2,845.0,58.1440644654088,106.0119889937107,0.0,8.0,8,16.42944866646031,1,,2161.267455621302,2257.0,256.0,4020.0,1826271.0,665.9903785392903,0.8281568167245665,2.9401513649491524,0.031750099531275895,0.04861767354339921,20.190090475986043,13.54160816784403,1.1686581745137152,1.4909669683051037,847.9999999999999,109.73130998041229,0.8850026854843961,0.9831884057971014,3.7681886554344604
ID32035,32035,2,773.0,57.94552110249785,102.00172265288543,0.0,1.0,1,15.696236870863475,1,,2297.736434108527,2366.0,415.0,4187.0,1778448.0,626.7103957122985,0.8332752380730508,3.3329140299454205,0.05348708121654991,0.15808987437670471,19.609978271175702,12.789633396021898,1.21360358720188,1.5332713349919171,774.0,105.01559104299577,0.881948574740874,0.9809885931558935,3.7747074705881336
ID32675,32675,2,807.0,58.21511387163561,106.22670807453416,0.0,7.0,7,16.00748132524138,1,,2243.587064676617,2300.0,361.0,4160.0,1803844.0,607.7018207933945,0.831391627890122,3.3520215950655086,-0.06613745885733727,0.05641209920480203,19.325671511994962,13.484688405246057,1.1919440147166502,1.4331566982650144,805.0,105.7848260698217,0.9039803531125429,0.9829059829059831,3.7284252127718522
ID32676,32676,2,818.0,55.32245271507016,109.82153752287981,0.0,35.0,35,16.15100466620007,1,,2435.5463414634146,2502.0,442.0,4095.0,1997148.0,633.9187724463276,0.8424774738220941,3.513572269449059,0.07159654033600231,-0.007085907358007814,19.519286913754392,13.68785724703954,0.8906711706630676,1.4260294041257695,819.5,106.77442673864665,0.9032840156139306,0.9855682501503303,3.729862048848054
ID32740,32740,2,836.0,54.78384019081693,109.04144305307096,0.0,37.0,37,16.33716130682159,1,,2406.4673008323425,2477.0,383.0,3998.0,2023839.0,649.978711511067,0.8440647016217121,3.3893031226645167,-0.06622032383481598,0.07416561211287517,19.842430671761964,13.752348374342588,0.8546156507015882,1.442839443246034,838.5,106.71344189733968,0.9252831970514759,0.9952522255192878,3.6852554254862175
ID32868,32868,2,798.0,53.65172413793103,109.5171368861024,0.0,41.0,41,15.932737813432228,1,,2537.5275,2613.0,531.0,4134.0,2030022.0,670.6132487548296,0.8462178364696681,3.4687089165797023,-1.2827399021745302E-4,-0.06634806638938133,19.517669854876694,13.198750175826364,0.8827276945434996,1.478751366218257,797.5000000000003,107.45068085584495,0.8680049709055321,0.9707851491174686,3.8049050699167144
ID32549,32549,2,812.0,55.861609907120744,110.36460268317855,0.0,29.0,29,16.032318394212698,1,,2420.796044499382,2504.0,469.0,4100.0,1958424.0,647.4883493612778,0.8411266007760456,3.4161265717501963,0.0013650813846715203,0.08479371585851002,19.890150071138482,13.167338758731079,1.0217885000016924,1.5105672023475207,807.4999999999997,107.67041047991849,0.8753055003072711,0.9734779987944541,3.7890043445624992
ID32811,32811,2,801.0,54.07992876597528,108.90791954745443,0.0,40.0,40,15.912746917462284,1,,2539.460476787955,2588.0,520.0,4048.0,2023950.0,622.4324568359905,0.8457855631145903,3.7390239393363283,0.0011789449594953824,0.13633639949018497,19.67148064343934,13.089937955246043,0.8802055088399545,1.5027940323854339,795.4999999999999,105.57466976207168,0.8968722458251677,0.9875853507138419,3.743170759593418
ID32428,32428,2,816.0,58.29436964504284,109.05344757241943,0.0,23.0,23,16.12635039344479,1,,2381.831901840491,2477.0,397.0,4273.0,1941193.0,660.2846604970131,0.8414272981043296,3.2966429766855097,0.02552358285283418,0.1459718314349823,19.5841949473865,13.447411494545525,1.0498600259748678,1.4563542548936015,816.9999999999997,109.21341781548131,0.8607557322109343,0.9778575703171749,3.820893829777522
ID32493,32493,2,801.0,57.71123548922057,108.76699834162521,0.0,27.0,27,15.997535700593629,1,,2416.7201492537315,2510.0,439.0,4071.0,1943043.0,650.2231421115848,0.8421280828322847,3.3982260371704904,0.03202246140102658,0.16396545314527594,19.919259240892064,13.269031002775783,1.0195962697309904,1.5011841661026417,803.9999999999999,106.14630520695057,0.8967185409443321,0.9883220651505836,3.743491550865565
ID32621,32621,2,804.0,56.264389233954454,110.84699792960662,0.0,32.0,32,16.00748132524138,1,,2439.423076923077,2492.0,515.0,4182.0,1966175.0,626.1277435303011,0.8413022555509724,3.5602553197041464,0.01937387347489865,0.15398911779865004,19.68207200819746,13.264200986740091,0.9697536743935534,1.4838490481162916,805.0,108.14921491463767,0.8648862687536851,0.9745762711864405,3.811758969694512
ID32048,32048,2,797.0,57.96712442779858,105.16271327507282,0.0,6.0,6,15.967661658277217,1,,2255.046307884856,2310.0,482.0,4345.0,1801782.0,614.0884897891253,0.8307885219598145,3.332781254317199,-6.556244242249481E-4,0.08093943555424886,19.647409661199134,13.221042177715495,1.1824950050404444,1.4860711732933956,801.0,105.27532969482431,0.9082160233075524,0.9894996911673872,3.719720876449479
ID32241,32241,2,821.0,57.508954008954014,105.26821326821327,0.0,12.0,12,16.146076823319174,1,,2261.5170731707317,2357.0,352.0,4096.0,1854444.0,658.3012147411251,0.8336636110032537,3.1237508594041863,-0.01813005996465856,0.15767864931507003,19.79927137120806,13.370009698158103,1.1165604584668845,1.480871878046257,819.0,108.13736081304893,0.8801206963863771,0.9843750000000001,3.7786251874482053
ID32055,32055,2,779.0,57.964140441019055,101.239456219225,0.0,0.0,0,15.741799337880058,1,,2312.452319587629,2394.0,341.0,4083.0,1794463.0,648.9220105591743,0.8332829976167446,3.23946496366839,0.14152265547971266,0.04627991331978379,19.70835027067117,12.7547127332446,1.2386235041533176,1.5451818228177117,778.5,104.87528210853266,0.8894513462602589,0.9885714285714288,3.758753397070988
ID32120,32120,2,788.0,58.2031847133758,104.34437367303609,0.0,4.0,4,15.807379942744326,1,,2287.457324840764,2350.0,355.0,4439.0,1795654.0,668.0007932030285,0.8333718398361706,3.113108684037593,0.11213126913438237,-0.0027686428236840897,19.478799096455177,13.244204498541501,1.188460243651317,1.470741341890353,784.9999999999999,104.50314752127643,0.9032766391880453,0.9905362776025235,3.729877278398781
ID32127,32127,2,843.0,58.3013468013468,105.83432362844127,0.0,9.0,9,16.36636090350142,1,,2184.4423305588584,2260.0,346.0,4013.0,1837116.0,612.9733170734971,0.8298224721428963,3.232252233707983,0.14056895263271854,-0.03465782566548355,20.05968351687875,13.581168639681614,1.1836692980443622,1.4770219006240843,841.4999999999998,109.66421516566339,0.8792940099891979,0.9813411078717198,3.780401046341976
ID32321,32321,3,709.0,291.9686538916489,396.36207712325523,0.0,14.0,14,14.974956254242633,1,,684.9416785206259,688.0,332.0,992.0,481514.0,104.2100976729588,0.5546210746530379,4.689705851443902,0.19010547059769012,-0.13882088007735507,18.038231470381394,12.986419675190612,-1.5397734454680676,1.389007280031294,704.5,99.40687924855064,0.8958967924035645,0.9908579465541489,3.745207989447872
ID32707,32707,3,692.0,292.29846079846084,393.62073112073114,0.0,7.0,7,14.85223051010746,1,,685.2958152958153,689.0,331.0,1028.0,474910.0,124.21794871531645,0.5589644332535322,3.9561403447742056,0.4106604318478492,0.1008545849907466,18.046196756799247,12.908432591371051,1.6326775377464444,1.3980161130378181,693.0,100.82078518333036,0.856727974263955,0.9767441860465115,3.8298649328685506
ID32069,32069,3,710.0,291.352685901947,393.2056063804832,0.0,1.0,1,15.038589499470463,1,,669.4154929577464,679.0,303.0,1011.0,475285.0,114.31662676952361,0.5502276056898654,4.156839570779764,-0.14363485253216196,0.18603849648659462,18.280153368730257,12.65037592905139,-1.4629209643989558,1.4450284696085727,710.5,100.60812919347849,0.8820796433406418,0.9827109266943291,3.7744270174530787
ID32711,32711,3,773.0,291.4781810326204,402.7797580470944,0.0,35.0,35,15.670867148655,1,,681.0596627756161,689.0,342.0,980.0,525097.0,109.49418092533281,0.5682733394185258,4.507748084815058,0.28595638089058784,-0.024895671316599036,18.714560275854158,13.559917799446604,1.4564693600386396,1.3801381802342432,771.5,105.30323190007795,0.8743038553332089,0.9796825396825397,3.7911741570112736
ID32136,32136,3,693.0,291.794472604393,393.5683079893797,0.0,5.0,5,14.825416567837392,1,,682.4905933429812,683.0,352.0,1058.0,471601.0,117.5268127832146,0.5542108625171472,4.141472678917539,0.21247471017720396,-0.05792717583141168,18.357224586145097,12.576215504187116,1.6386381152893432,1.4596779595605098,690.5,101.51248448238816,0.8420437035186927,0.969803370786517,3.8631148125216592
ID32522,32522,3,773.0,289.6385840327093,399.8316117925543,0.0,27.0,27,15.70130589630512,1,,664.1824062095731,666.0,290.0,926.0,513413.0,107.19138905224047,0.5574291917656532,4.435461988721258,0.04248120007085149,0.06559143452164747,18.83529944050801,13.325405928819777,1.3783406718450313,1.4134878547880936,774.5000000000001,104.73665520007741,0.8872252338483323,0.9785217940619079,3.763465935239321
ID32141,32141,3,698.0,291.571325648415,394.3676753121998,0.0,8.0,8,14.862942542160038,1,,684.023088023088,692.0,308.0,1052.0,474028.0,119.09949713419418,0.5561536146149845,4.105188721242467,0.1515402755781883,-0.005486012115630585,18.069576058503944,12.573558249744453,1.6726594370218077,1.4371091857685705,693.9999999999999,99.74662932895659,0.8765422957177936,0.9809187279151942,3.78633027085751
ID32782,32782,3,702.0,292.3142273491949,394.6182408074982,0.0,11.0,11,14.857587491529667,1,,684.3726618705036,687.0,312.0,1030.0,475639.0,111.49341537642053,0.5548211246156879,4.38072493553917,0.1088850001338794,-0.03044380669865869,18.124450364641888,13.079008392223162,1.6396425725089365,1.3857663991880889,693.5,98.59395338037568,0.896511298382874,0.9949784791965567,3.74392420907589
ID32656,32656,3,766.0,291.5402261361166,402.1692759295499,0.0,33.0,33,15.620004089624164,1,,678.4627450980392,683.0,349.0,997.0,519024.0,105.02125307368323,0.564525091966823,4.662077861929634,0.40450894326026987,-0.0595626025235734,18.46682098080375,14.067113113875342,1.4755672884334436,1.3127655142396402,766.5000000000001,102.9920582887225,0.9080600054683559,0.9935191186001298,3.7200404136410645
ID32848,32848,3,731.0,293.3787258248009,402.83219567690554,0.0,39.0,39,15.269642812771577,1,,707.3015006821282,716.0,312.0,1078.0,518452.0,116.26383441007759,0.5798837607351505,4.4658665873520835,0.22258801329393507,0.17025708475089865,18.933984422434218,12.829837654647543,1.453014260406629,1.4757773973527621,732.5,102.26729326553334,0.8801242150835649,0.9825620389000671,3.7786176340535365
ID32086,32086,3,695.0,292.2112403100775,393.5043604651163,0.0,6.0,6,14.798554040663836,1,,683.3396226415094,685.0,311.0,1015.0,470821.0,115.3628787398116,0.5529510587232119,4.218222065556357,0.08786467835912348,-0.07250597690610809,18.139085772885487,12.56400156044277,1.6505042763405273,1.4437347596322843,687.9999999999999,99.72270287769454,0.8693811511028358,0.9828571428571427,3.801892404637885
ID32409,32409,3,755.0,290.136684303351,400.52314814814815,0.0,22.0,22,15.512648837479231,1,,669.7880794701987,671.0,356.0,971.0,505690.0,105.69996632726611,0.5593714422466739,4.546144907165837,0.26802230527598225,-0.03591335975210821,18.27431667056075,13.63850235599813,1.4344786403238274,1.3399064056709877,756.0,102.88976335763287,0.8974025986308548,0.9875898105813192,3.74206451446386
ID32091,32091,3,708.0,291.6152030217186,392.38999055712935,0.0,0.0,0,14.990889888387423,1,,675.8366477272727,682.0,317.0,986.0,475789.0,112.38309693099653,0.5493516824677525,4.2645301459923175,0.06369717753482394,-0.12784383359099974,18.21217160074319,12.65373820775735,-1.438972649329517,1.439272039750139,706.0000000000001,100.09765626475253,0.8854555153726029,0.9860335195530728,3.767224989482738
ID32603,32603,3,789.0,290.78180862250264,402.2516298633018,0.0,31.0,31,15.882713395407416,1,,661.6977329974811,670.0,247.0,923.0,525388.0,110.1017496617873,0.5589684270020753,4.3096835276078105,0.008691036176084566,0.008485687906938582,18.810778623031965,13.679617220432897,1.4416328462429349,1.375095393380948,792.5000000000002,105.12849180767321,0.9010902009888204,0.9863098942128193,3.7343996920025893
ID32412,32412,3,757.0,290.1726229869843,400.45764394440766,0.0,21.0,21,15.507518144817817,1,,669.5305039787798,675.0,310.0,975.0,504826.0,109.95300093624144,0.5582071264742265,4.362781545935186,0.027494945196932814,0.20619874427209264,18.546523323360375,13.326972709139216,1.434687650007403,1.3916531329460708,755.5,102.47228491942874,0.9041312751214731,0.9908196721311475,3.7281140163101663
ID32604,32604,3,789.0,289.7515802781289,400.96228402865574,0.0,30.0,30,15.867675317177952,1,,664.1742424242424,672.0,289.0,931.0,526026.0,106.2256974782236,0.5593301733261004,4.485517949410981,0.06077865062889003,0.052040986398609594,18.578718154428397,13.660887571653674,1.362099293130982,1.3599934892209504,790.9999999999999,105.59680654037787,0.8914249361643777,0.980781153130812,3.7545902039911674
ID32224,32224,3,706.0,291.82764747690123,395.82527837005443,0.0,15.0,15,14.9643244060765,1,,691.8141843971631,700.0,327.0,1047.0,487729.0,120.45610914492993,0.5653205988851305,4.148414436340893,0.123360224359498,0.18545013077117228,17.994615798392033,12.966062231343441,-1.486291704847409,1.3878242659435063,703.5000000000001,98.45201429187254,0.9120628230774583,0.9922425952045134,3.7118682698574856
ID32225,32225,3,712.0,292.25652787579395,396.18924958833213,0.0,13.0,13,15.017408376987545,1,,680.4915492957747,682.0,292.0,997.0,483149.0,110.2568449611356,0.5585070687478234,4.423510564794966,0.3896336975453019,0.15662891897109854,18.10068789325511,13.09683601993246,1.55656617581543,1.3820657039385038,708.5,100.57679405866214,0.8801448301906706,0.9860821155184414,3.7785733816414884
ID32801,32801,3,747.0,292.8008948545861,402.7145413870246,0.0,38.0,38,15.399378727952763,1,,700.3686327077749,704.0,342.0,1025.0,522475.0,116.58035582277817,0.5775264068405681,4.398721998651493,0.0846776847084541,0.06941423266967754,18.740852284122404,12.999228599164235,1.399301768658008,1.4416895695893306,745.0,102.17814369100867,0.8967060912986329,0.9802631578947367,3.7435175376310035
ID32867,32867,3,720.0,291.8572257016933,394.9347019253073,0.0,10.0,10,15.123017331969622,1,,672.0557880055788,672.0,326.0,1024.0,481864.0,105.0714692156162,0.5525047964633174,4.552538407311017,0.28289719515185735,0.01195821052671829,18.073540778118694,13.134703015902492,-1.5162401769380356,1.3760144219657373,718.5,100.02713063953455,0.9024040062621417,0.9883081155433288,3.7316802553479587
ID32548,32548,3,776.0,289.33718937446446,399.58376178234795,0.0,28.0,28,15.736743355948494,1,,668.0449871465296,674.0,246.0,938.0,519739.0,106.66941815215245,0.5604512767420866,4.4986626694643475,-0.0068292581673990065,0.0893311733079476,18.719278013795588,13.418475924852128,1.4015023209047837,1.3950375675024267,777.9999999999998,104.23171164644039,0.8998906133849999,0.9829437776373974,3.7368879097876477
ID32037,32037,3,696.0,291.58123652048886,393.67325664989215,0.0,3.0,3,14.87899613014354,1,,674.3760806916426,675.0,311.0,1022.0,468017.0,109.86141632935772,0.5486914412420814,4.349609291073638,0.13392622824689004,0.27601063384753993,17.955252330737903,12.888066769995406,-1.5021159695397277,1.3931687856040105,695.5,98.33053166516754,0.9039204745252541,0.9921540656205419,3.728548702140508
ID32741,32741,3,744.0,291.67047491039426,403.0416666666667,0.0,36.0,36,15.389040103942165,1,,700.6612903225806,705.0,371.0,1001.0,521292.0,112.91786844284668,0.5768156192830861,4.539745925501464,0.3207635172387161,0.05774562237674454,18.43678437691346,13.265186478082148,1.4160009917400767,1.3898624348309208,744.0,102.77829333977016,0.8850748413234667,0.984778292521509,3.768035051273916
ID32169,32169,3,708.0,291.86370056497174,394.84439736346513,0.0,9.0,9,15.012108426804138,1,,680.7023977433004,690.0,316.0,999.0,482618.0,120.436741758606,0.5582832282561999,4.049826920901659,0.17399113204254368,-0.05322559365234739,18.18371974658101,12.82796027551509,1.6431678220466563,1.41750670847403,708.0,100.22485653886919,0.885711401296121,0.9853862212943634,3.766680766229719
ID32489,32489,3,774.0,289.8129295532646,400.544029209622,0.0,25.0,25,15.71650316319192,1,,663.034749034749,669.0,253.0,954.0,515178.0,110.7885167354138,0.557877581475328,4.286246262842853,-0.005030279105613568,0.04932959810530483,19.062318245171333,13.253255966031668,1.4255926045954845,1.4383120867829307,776.0000000000001,103.22811967026188,0.9151147428362238,0.9897959183673474,3.705673535801636
ID32362,32362,3,737.0,290.71710674791245,400.563868201309,0.0,20.0,20,15.332053057132612,1,,672.9986486486487,674.0,274.0,1037.0,498019.0,113.95318103381246,0.5606038469740137,4.2430791704104385,0.1453419525802772,0.04900467958912905,18.43023408940509,13.229001184472592,1.4627604240468903,1.3931689802127611,738.5000000000001,101.62568194048836,0.8985731096831058,0.9853235490326883,3.7396264517286917
ID32494,32494,3,776.0,289.50899165061014,400.6016912866624,0.0,26.0,26,15.741799337880058,1,,658.6348387096774,660.0,237.0,947.0,510442.0,104.80000431087407,0.5545614778160773,4.483892490060304,-0.05625277761352737,0.09483955328151228,18.898835738416473,13.375805481451785,1.4264382144092578,1.4129119748805758,778.5,103.40430079502357,0.914937180092664,0.987944162436548,3.706033100181027
ID32495,32495,3,764.0,290.0285682770792,400.46977718949927,0.0,24.0,24,15.507518144817817,1,,671.9086092715232,678.0,282.0,980.0,507291.0,104.77008232909974,0.5603104299893145,4.605964766686715,-0.008332808736466394,0.09302713874137283,18.665779073499714,13.16415181738967,1.4274710908919794,1.4179249322271161,755.5,102.03308214175351,0.9119317181481466,0.9895219384413882,3.7121350808083293
ID32304,32304,3,696.0,291.0087216248507,397.1396654719236,0.0,16.0,16,14.900374009171514,1,,691.6336206896551,694.0,288.0,1004.0,481377.0,113.6186577372239,0.5641650194592793,4.391167698863349,0.21259839594146251,-0.0381400640364613,17.76669033008065,12.947732481795729,1.6272006406354307,1.3721854660698531,697.4999999999999,98.98117342604876,0.8946411698797706,0.9858657243816252,3.7478352543323656
ID32692,32692,3,776.0,291.60660660660665,402.2945087945088,0.0,34.0,34,15.726626515715482,1,,676.2017994858612,683.0,295.0,1041.0,526085.0,108.90462759596396,0.5650436837436779,4.483483171493309,0.6835105976165798,0.04821622370673424,18.597063878995336,14.356796224298328,1.4061848475990608,1.2953491564866342,776.9999999999999,104.06925755392287,0.9015420132522799,0.9917038927887684,3.7334638182447293
ID32438,32438,3,758.0,290.544591611479,400.80154525386314,0.0,23.0,23,15.502385754094819,1,,676.0371845949535,679.0,284.0,979.0,509056.0,112.43605132137918,0.560826831320182,4.320848668264778,0.017535567189770625,0.05052059097846533,18.65921252628352,13.336029606237984,1.3933906253448003,1.3991580010856899,755.0,102.30096335162283,0.9065617033172384,0.9843546284224247,3.723113256592837
ID32566,32566,3,793.0,289.6267546616384,400.77676513723026,0.0,29.0,29,15.912746917462284,1,,659.4095477386935,670.0,292.0,941.0,524890.0,109.77517612089629,0.5589330123614819,4.307382026440738,-0.01849006864535502,-0.011378987362649452,18.89446692257249,13.608556116634572,1.4320086228709965,1.388425543506164,795.4999999999998,105.38531927312431,0.9000980416739315,0.9857496902106567,3.7364573006250894
ID32886,32886,3,726.0,293.31064270905324,403.7117023727252,0.0,41.0,41,15.175546206116358,1,,719.8413793103448,727.0,325.0,1038.0,521885.0,121.23427595611382,0.5834248197940418,4.375511535981718,0.6252542245072087,0.11008257648332707,18.216800715276307,13.557349450252852,1.4278513329048748,1.3436845293485116,723.5000000000001,101.3244757139972,0.8855634203634959,0.986366734832993,3.766995466247833
ID32375,32375,3,737.0,290.756759827312,400.13621904112705,0.0,19.0,19,15.280062222249308,1,,674.4421768707483,684.0,286.0,988.0,495715.0,108.72021996660608,0.5609709869854844,4.458717575088487,0.3957665745803462,0.015323707824019981,17.758319364311728,13.841998352213306,1.503095903308789,1.2829303191957258,733.5,101.59825994984331,0.8929711794422827,0.9839034205231388,3.7513381252344713
ID32759,32759,3,751.0,292.18704318936875,402.63266888150605,0.0,37.0,37,15.476698270409695,1,,696.8198675496689,704.0,284.0,1044.0,526099.0,117.24037009193029,0.576399671511822,4.346410373735057,0.08883014273319922,-0.05807683359956656,18.846267113790113,13.04850481309044,1.4041141272875253,1.4443238810689847,752.5,103.89965522087304,0.8759678270275404,0.9804560260586319,3.78757162449146
ID32823,32823,3,721.0,293.5533426508269,403.6968320521779,0.0,40.0,40,15.091412245528986,1,,722.4025069637883,728.0,332.0,1071.0,518685.0,120.3753814628457,0.5851352940733927,4.430589586139191,0.3435136170627761,0.020407328144648438,18.487068252126843,12.959206846981358,1.424188254840753,1.4265586212502746,715.4999999999999,101.28570933038439,0.8764419456142716,0.9761255115961798,3.7865470266626886
ID32184,32184,3,716.0,291.5895731280616,393.45498017261485,0.0,2.0,2,15.080862497825464,1,,664.4901960784314,671.0,317.0,1004.0,474446.0,110.91772238001423,0.5474068028747038,4.23860863743956,0.05039154391332929,-0.056074492777729995,18.555178058104932,12.584748419478556,1.6383643492163011,1.4744178778643997,714.5000000000002,101.3923760815528,0.8733764873001911,0.983482450103235,3.7931863939888837
ID32632,32632,3,783.0,291.4038828771483,401.907171652875,0.0,32.0,32,15.81241333880972,1,,670.4343949044586,682.0,226.0,975.0,526291.0,111.42240637327944,0.5657084940733762,4.348060122452604,0.29971217576543396,0.03613339681586314,18.838575270133745,13.807914152117641,1.4881853098060813,1.3643317203883818,785.4999999999999,104.81531083905824,0.89847624703465,0.988672120830711,3.7398280265400863
ID32185,32185,3,703.0,291.60249110320285,393.80960854092524,0.0,4.0,4,14.953684998825974,1,,677.3380681818181,681.0,316.0,1087.0,476846.0,121.21042880414947,0.553745532186173,3.9831424200593033,0.08698441918868363,-0.004750221359033135,18.267094809546425,12.537860360637701,1.6688340684919656,1.4569547182783684,702.5,100.73605655335305,0.8699339921224485,0.9790940766550522,3.800684165778642
ID32313,32313,3,730.0,291.18014621887136,397.7757596527302,0.0,17.0,17,15.23834183797815,1,,677.6630136986302,686.0,314.0,1006.0,494694.0,113.46971400506892,0.5602305491722113,4.288859588198873,0.001031664924200677,0.10552484557274673,18.076821570149786,13.067803305978897,1.5946596315030253,1.383309891256101,729.4999999999999,101.18521970115894,0.8953668318653975,0.9844804318488525,3.746316204963124
ID32315,32315,3,736.0,290.7827118644068,399.0726553672316,0.0,18.0,18,15.321669003752353,1,,671.2762803234501,679.0,268.0,1014.0,498087.0,118.66782112814128,0.5595079071812655,4.058980606981207,0.09426215627178798,0.029145676107449198,18.2072665529659,13.227622947294392,-1.5648393056119252,1.376457933939677,737.5,102.61102784365619,0.8802049627175184,0.9768211920529801,3.7784443099731204
ID32253,32253,3,713.0,292.54858677878997,395.940551273067,0.0,12.0,12,15.070305364926572,1,,680.4643356643356,686.0,351.0,991.0,486532.0,111.65450312464081,0.5558541656904673,4.354628374968247,0.024298167288350943,0.005771019028660726,18.258394951345842,12.607236570636626,-1.541099622368139,1.448247191130788,713.5,100.87284454099732,0.8811610786636873,0.9767282683093769,3.7763938271160655
ID32770,32770,4,496.0,315.92937853107344,111.96759720837487,0.0,11.0,11,12.634571932644613,1,,323.3259557344064,325.0,192.0,438.0,160693.0,38.36526474105531,0.23870531341847057,3.2480780152052127,0.045299238409009804,0.24409441278710495,16.724678414063238,10.19908165893991,2.6367727100699474,1.6398219931304674,501.5,85.47758939714441,0.8625340917672845,0.9930693069306928,3.816952867238665
ID32834,32834,4,502.0,312.30351225977466,105.79489728296886,0.0,39.0,39,12.653452997124806,1,,331.35515873015873,333.0,201.0,464.0,167003.0,41.42994342143354,0.2629365248935888,3.3302649537111715,0.1916550040383114,0.06544533083122653,16.875795108860554,9.752451522030652,-0.5327833587610254,1.7304156878645711,503.0,89.05949870996314,0.796924826409606,0.9517502365184485,3.9709667787570195
ID32131,32131,4,512.0,316.3164392462638,111.72936972059779,0.0,9.0,9,12.778613837669742,1,,324.2280701754386,322.0,210.0,454.0,166329.0,41.840898329580796,0.2381642564089532,2.981109492690354,0.17614046427532476,0.17033525081295647,17.007399724307568,10.132347385973407,2.650444823352004,1.678525131091691,513.0,88.75563871478914,0.8183429056455186,0.9688385269121813,3.9186571783237705
ID32644,32644,4,494.0,313.48742779476726,107.33384301732926,0.0,33.0,33,12.495239060264087,1,,333.88139059304706,333.0,205.0,454.0,163268.0,43.31090236460168,0.2616741017360277,3.1977059919301496,-0.053293830850095175,0.27353876974659463,16.894713890938995,9.717679651923742,2.567026189581837,1.738554315030797,490.49999999999994,86.78561018574806,0.8183770335742296,0.971287128712871,3.91857546962373
ID32390,32390,4,484.0,316.3412208504801,111.21124828532236,0.0,22.0,22,12.437789380968079,1,,333.0807453416149,335.0,221.0,460.0,160878.0,39.60070022568383,0.25772277834648977,3.4470258189542062,-0.09531544863450526,0.11133866674349036,16.98705298103368,9.305386073883518,2.610329662460839,1.8255075980898328,486.00000000000006,86.86114982256458,0.8094592405880112,0.9700598802395209,3.9401017691986073
ID32263,32263,4,483.0,316.59376077214756,111.36832126852809,0.0,16.0,16,12.405757936130415,1,,328.24116424116426,328.0,223.0,422.0,157884.0,38.849442964368485,0.24858862508750076,3.3643418824989917,0.0667908927380208,0.1036595050124368,16.807289226767075,9.43528735630705,2.6221560772197376,1.7813224538977273,483.49999999999994,86.98968841128863,0.8029172564417306,0.9574257425742572,3.9561207247787524
ID32583,32583,4,473.0,315.47384937238496,107.6436541143654,0.0,30.0,30,12.334995970645954,1,,337.75210084033614,338.0,211.0,448.0,160770.0,42.97349851390442,0.2678192591332934,3.320563599735263,-0.07080004103425715,0.09932353091389697,17.364654820833245,9.182205714688605,2.5702161100310055,1.89112021233148,478.0,86.86315050828074,0.7960981349295541,0.9627391742195368,3.9730280275354306
ID32584,32584,4,480.0,314.3248528902734,108.01263412945656,0.0,31.0,31,12.380073109537568,1,,337.36116910229646,338.0,214.0,449.0,161596.0,43.40850324854424,0.26915654846512316,3.296400967027598,0.06513339744903461,-0.22521008535941378,17.137626323105824,9.554157191882908,-0.6142332192245806,1.793735018057452,481.4999999999999,88.22086595106721,0.7774339870284569,0.9629999999999996,4.020436162271922
ID32458,32458,4,471.0,316.07336182336184,110.83262108262107,0.0,25.0,25,12.205286835384657,1,,336.0989247311828,338.0,205.0,453.0,156286.0,42.231388715111194,0.26350085795500183,3.3194661811111037,0.02280324045696263,0.16310470639982563,16.50109309751079,9.566377195467224,-0.46560035648860615,1.72490512974226,467.99999999999994,87.61774548195399,0.7660754924718507,0.9473684210526315,4.050131717637672
ID32395,32395,4,510.0,316.1165364583333,111.72721354166667,0.0,21.0,21,12.766152972845845,1,,327.1198428290766,327.0,171.0,448.0,166504.0,43.50381668448161,0.24867269547781035,2.9949461016520402,-0.12602778917752896,0.07345188075120723,17.120095325953116,9.868441113345497,-0.5080664040892814,1.734832799762154,511.99999999999994,88.22744800544649,0.8265562045550168,0.9752380952380951,3.8991391732146723
ID32460,32460,4,494.0,316.30108621860154,110.7080787508486,0.0,24.0,24,12.50160606147231,1,,331.5193482688391,334.0,202.0,461.0,162776.0,44.69882357469976,0.25914973177028666,3.052925236040933,-0.025307706770481535,0.13511763351798586,16.666061576828447,9.622649088252276,-0.4584956612088128,1.7319618978078561,490.99999999999994,86.29358616207348,0.8285797608269605,0.973240832507433,3.894375026714682
ID32206,32206,4,495.0,316.82928475033737,110.99021592442645,0.0,15.0,15,12.53974017971635,1,,326.1923076923077,326.0,225.0,436.0,161139.0,39.029679526140676,0.24486580552040949,3.287867670742692,-0.04414070223180305,0.20749282292700685,17.022966309963174,9.389503993726192,-0.523722038068705,1.8129782277463697,494.0000000000001,87.38272857409719,0.8129907598702721,0.9629629629629631,3.9315348274306667
ID32207,32207,4,510.0,316.2932942708333,110.923828125,0.0,13.0,13,12.766152972845846,1,,321.6432748538012,322.0,204.0,455.0,165003.0,44.3133753284986,0.24076866100936578,2.816947684838336,0.04132385161768769,0.08840967019867983,17.23848739799,9.7800351109082,-0.5647828007623267,1.7626201953777227,512.0,89.80377907802438,0.7977936943141202,0.9696969696969695,3.968803822640602
ID32784,32784,4,513.0,313.5625,106.01692708333333,0.0,38.0,38,12.766152972845846,1,,330.357421875,331.0,210.0,463.0,169143.0,42.294179689530836,0.26399482316970707,3.2627483081688418,0.018323807654881053,0.10035186291387571,17.573684010369476,9.61624127963128,-0.5173199489369593,1.8275003194432442,512.0,88.80951200184855,0.8157570911160597,0.96969696969697,3.924863010648449
ID32849,32849,4,504.0,316.71176081929303,111.84489593657086,0.0,10.0,10,12.672305929850431,1,,325.2703777335984,324.0,189.0,429.0,163611.0,41.49778539255455,0.24233783085104457,3.057955035866731,-0.18534086994372623,0.09185991343772565,16.904455417356157,9.834904897127172,2.6143343234997527,1.7188224588012069,504.5,88.16448659137131,0.815612116561706,0.9674017257909875,3.925211816147704
ID32465,32465,4,516.0,316.2397660818713,109.95743989603638,0.0,26.0,26,12.778613837669742,1,,326.53307392996106,329.0,197.0,470.0,167838.0,45.98206993856061,0.25469356411311617,2.883028630565342,-0.34553697311295545,0.10024453159117146,17.691608078032036,9.5890175687517,2.6409055087504405,1.8449865120369295,513.0,89.11994587268875,0.8116660876419773,0.9715909090909091,3.934741732275385
ID32277,32277,4,506.0,316.35192497532086,111.2127344521224,0.0,17.0,17,12.697399629533992,1,,323.5463510848126,324.0,193.0,455.0,164038.0,42.51769361402311,0.2441344426930181,2.986472671469212,-0.1460654893035729,0.10315261626823465,16.830712491139657,9.592896473397508,2.6126675139820064,1.7544974594288245,506.5,88.20870117586433,0.818024778551121,0.9712368168744006,3.9194190805764104
ID32534,32534,4,490.0,315.4360027378508,109.64613278576317,0.0,28.0,28,12.450578884995913,1,,337.3154639175258,338.0,204.0,460.0,163598.0,44.68810031719805,0.2691181953145824,3.201218698924127,-0.2239245877676655,0.22216557091687122,17.279374410458146,9.311361331066482,2.60486536847249,1.8557301984197667,487.00000000000006,88.59431918163575,0.7796991756900221,0.946550048590865,4.014591811792731
ID32023,32023,4,512.0,317.0333333333333,112.20016420361249,0.0,3.0,3,12.709927900593053,1,,322.29330708661416,321.0,205.0,429.0,163725.0,39.91468458908751,0.2337704635886969,3.0598761584844443,-0.03728671632454065,0.0641154128477482,17.126679427613222,9.766925692021479,-0.6955952307503714,1.7535384180923856,507.49999999999983,90.29080456341639,0.7822739434725913,0.9530516431924881,4.007979574962719
ID32279,32279,4,482.0,315.7325338894682,112.23409801876956,0.0,18.0,18,12.354334883963912,1,,330.09453781512605,329.0,215.0,444.0,157125.0,38.4966641288449,0.2512576341676013,3.4436401412404547,-0.026307270259941676,0.07802093743785866,16.28250521126957,9.483330178553642,-0.5498595183950034,1.7169606989000683,479.49999999999983,87.08559555024665,0.7945218097455682,0.9638190954773869,3.9769673032157318
ID32727,32727,4,483.0,313.81858710562415,107.94787379972564,0.0,36.0,36,12.437789380968077,1,,332.1159420289855,330.0,222.0,442.0,160412.0,38.631773392492796,0.25816202693094165,3.528018569841465,-0.365769625192042,0.2986598284357789,16.94593646483588,9.509791625890339,2.5946237322195715,1.7819461384096675,486.0,87.21785342383642,0.8028517267246491,0.9719999999999999,3.9562821731343334
ID32346,32346,4,498.0,315.829976502182,111.59466263846929,0.0,20.0,20,12.571430248394654,1,,325.6848484848485,326.0,203.0,442.0,161214.0,37.47865347532047,0.2477853558409205,3.451273070112718,-0.25279795198243177,0.2910962467980162,17.344922785299133,9.458354665827851,-0.5296164844403469,1.8338202994189583,496.5,88.02412275383085,0.8052406776690272,0.9678362573099417,3.9504091561087233
ID32666,32666,4,478.0,313.0633021158515,107.78095733610822,0.0,34.0,34,12.367210692444413,1,,332.95010395010394,334.0,215.0,458.0,160149.0,40.92744602990565,0.25758040977406244,3.3325108520571396,-0.16000131202585138,0.05876126799638475,16.144501039880193,9.705320582370856,2.501415405757861,1.663469114993041,480.5,84.73599369155899,0.8409446316746609,0.9766260162601627,3.86563843547625
ID32285,32285,4,506.0,317.74604743083006,111.23748353096178,0.0,14.0,14,12.691130856192371,1,,328.2628458498024,329.0,203.0,454.0,166101.0,41.97458074497926,0.24441606451067038,3.0720586096864317,-0.053753304370815574,0.1105070313749942,17.234100859666164,9.567767297743417,2.6030334407609326,1.801266724341307,506.0000000000001,87.23793651254084,0.8355060750178493,0.9730769230769233,3.8781993211078403
ID32161,32161,4,527.0,317.84171502256606,111.46260477111541,0.0,2.0,2,12.828336258339185,1,,320.1624758220503,322.0,204.0,445.0,165524.0,39.43747755268956,0.22998782932568876,3.035955042888502,-0.007032573577713741,0.09615135655572912,16.909852097584253,10.067089987555413,2.449800355143702,1.6797159972233908,517.0,88.65135657502383,0.8266651621125389,0.9663551401869159,3.8988822041901843
ID32098,32098,4,518.0,316.48357487922704,110.79726247987118,0.0,5.0,5,12.834538016621856,1,,324.14700193423596,324.0,204.0,484.0,167584.0,44.58066523610213,0.23807439875046868,2.796349258617713,0.1342278152123247,0.04914818833475092,17.20570941718035,9.871170548161745,-0.5530275082906473,1.7430262533944851,517.5,89.19220285103896,0.8174598623539358,0.9592215013901759,3.920773129275409
ID32354,32354,4,507.0,316.1119452786119,111.89973306639973,0.0,19.0,19,12.609353201048952,1,,327.3707414829659,326.0,214.0,462.0,163358.0,42.66094996903307,0.2508681744966697,3.078033642066419,0.23611653434943902,-0.0673714859858047,16.789042333077695,10.145439101331796,2.596198152033171,1.654836440827267,499.50000000000006,86.74456141183578,0.834182059780681,0.9842364532019704,3.881275843229225
ID32101,32101,4,506.0,316.5575396825397,111.05753968253968,0.0,8.0,8,12.666024736934256,1,,322.7920792079208,323.0,200.0,420.0,163010.0,38.932460043941205,0.23629035835027484,3.1693232534465356,-0.026748992627500457,0.08545467430663922,17.168869799126373,9.68219591532397,2.651169495164133,1.7732413131563758,504.0,88.82408807879435,0.8027473592214328,0.9563567362428842,3.9565393486128575
ID32038,32038,4,541.0,318.3376703841388,110.44485749690212,0.0,1.0,1,13.086279790944385,1,,317.37453183520597,318.0,210.0,451.0,169478.0,40.48873777658437,0.22609374484013486,2.8908975519271927,0.14038649439221632,-0.017801536609267823,17.490645648148693,10.195654592626665,-0.6956710750662571,1.715500019076524,538.0,92.08178831789935,0.7973420151931708,0.9539007092198579,3.9699277895126794
ID32678,32678,4,514.0,315.9646660212972,111.57002258793159,0.0,7.0,7,12.822131500414738,1,,321.3223300970874,320.0,210.0,447.0,165481.0,41.77800543049833,0.2377015151152879,2.9541954753808897,-8.597629136769283E-4,0.06326292202497953,17.751707129243187,9.579533991715348,2.6058607788005568,1.8530867101254993,516.5,89.17377361681623,0.8162174948862264,0.9717779868297272,3.923755905843433
ID32742,32742,4,525.0,315.1692111959287,106.9586513994911,0.0,37.0,37,12.9148898702353,1,,328.8929254302103,327.0,212.0,444.0,172011.0,39.89896252273961,0.2606211662572831,3.408380041225563,0.003188080337893097,0.054462267088937366,17.59839167077484,9.64045534233887,-0.48627948284782785,1.8254730763065075,524.0000000000001,91.05430944106062,0.7942187596142148,0.953594176524113,3.9777259767562057
ID32870,32870,4,466.0,310.98723480762317,105.79090255303848,0.0,41.0,41,12.146465833574265,1,,341.47956989247314,340.0,206.0,455.0,158788.0,39.01563722522636,0.2716262017441369,3.7391097247669864,-0.39127721450450836,0.2557176033144663,16.875498987504773,9.082481726438122,2.565734321484122,1.8580272986822557,463.5,85.5809569741484,0.795253017217126,0.9646201873048905,3.975138541237311
ID32551,32551,4,488.0,315.47273346966597,109.52079072937968,0.0,29.0,29,12.476118560829473,1,,336.0369609856263,336.0,199.0,454.0,163650.0,43.65651881666508,0.2650383521951425,3.225321210777474,-0.025696224771788113,-0.058654637142015444,17.643741094085325,9.150614209839382,2.6040332513941857,1.9281482848565004,489.00000000000006,87.54393481949256,0.801801007123599,0.9683168316831684,3.958873578118486
ID32679,32679,4,499.0,313.29326599326595,107.50875420875421,0.0,35.0,35,12.552425807826005,1,,332.98387096774195,333.0,224.0,446.0,165160.0,40.24229321958672,0.2627579937230846,3.4435491252115904,-0.036507612575265656,0.12654928819803465,17.180871067183837,9.402418533178059,2.56593132301969,1.8272820983833216,494.9999999999999,89.19074992873772,0.7819436043956596,0.9482758620689653,4.0088260889965595
ID32812,32812,4,506.0,310.5495049504951,106.03663366336633,0.0,40.0,40,12.678584010953838,1,,334.3076923076923,335.0,206.0,473.0,169494.0,41.125230515830985,0.26736881996643613,3.429855006024803,-0.07740767215044345,0.15440725958427068,17.635198469532465,9.417078402778245,2.5782353799119404,1.8726825577165944,505.0000000000001,89.94825902836708,0.7843605066503976,0.954631379962193,4.002644992391564
ID32429,32429,4,495.0,316.7547834843907,110.7655253440752,0.0,23.0,23,12.571430248394655,1,,333.3979797979798,334.0,228.0,448.0,165032.0,44.32522878498985,0.2561316109370711,3.067397150472529,-0.09576826102831183,0.0930360774508315,17.076430474520528,9.61442479226261,2.682895050382183,1.7761260651040827,496.5000000000001,87.96858886636929,0.806257682962817,0.9659533073929963,3.9479168668289315
ID32622,32622,4,497.0,313.491341991342,107.77738927738928,0.0,32.0,32,12.621968865236012,1,,333.176,333.0,210.0,461.0,166588.0,44.02095766140093,0.2657817142981759,3.1784142570586766,-0.1326554112915157,0.11813124909867478,17.353354256034777,9.51218944776606,2.528904088706221,1.8243280741333654,500.50000000000006,88.99947343008556,0.7940339498330825,0.965284474445516,3.978188853625466
ID32497,32497,4,455.0,315.3473451327434,109.62942477876106,0.0,27.0,27,11.994835078277376,1,,337.0982142857143,337.0,225.0,433.0,151020.0,36.048180491040114,0.2595060988810852,3.8534558981103597,-0.05127145055713634,0.2907369817322535,16.66497903233701,8.852122745107373,2.6181503810866227,1.8825969219132048,452.0,84.8435532335722,0.7890610426607252,0.9535864978902954,3.9907050537317996
ID32242,32242,4,490.0,317.1785835886959,111.55073203949608,0.0,12.0,12,12.48249531491863,1,,329.86475409836066,331.0,207.0,453.0,160974.0,42.14717232570112,0.24588373269032418,3.089226478713331,-0.17746686076826176,0.0539449249663492,16.727529748767786,9.589419395610681,2.5329783197223454,1.7443735703565533,489.5,86.92228511603537,0.8141422443415735,0.965483234714004,3.9287535547498837
ID32053,32053,4,494.0,316.16397578203834,111.01025899764548,0.0,6.0,6,12.558763816716528,1,,325.7570281124498,325.0,205.0,455.0,162227.0,43.56252243579359,0.2374690818167372,2.870010508877193,0.1810035921895821,0.2708093082022732,16.675959741606572,9.833390729106963,2.638987117015284,1.6958504142671273,495.50000000000006,87.88523757266485,0.8061607706755606,0.962135922330097,3.9481541583032222
ID32059,32059,4,532.0,320.11877576910877,109.6208372978116,0.0,0.0,0,12.933361712624528,1,,326.1904761904762,327.0,214.0,442.0,171250.0,40.467519545081934,0.22768949698760643,2.9898482381276885,-0.1388669169231756,0.038317708252183245,17.56332699634337,9.81378969509708,-0.7414478976550807,1.7896579753607234,525.5000000000001,90.9771554025961,0.7978438050965945,0.9554545454545457,3.9686791848439142
ID32126,32126,4,501.0,317.2432567432567,110.86863136863137,0.0,4.0,4,12.621968865236012,1,,327.68263473053895,325.0,196.0,446.0,164169.0,44.34989377489322,0.2410794057492617,2.870459223352322,0.11683070029822952,-0.010954621348015536,16.744056525287355,10.233209705013456,2.5235514263468666,1.6362467894197559,500.5000000000001,88.73768989666337,0.7987257921108707,0.968085106382979,3.9664873873741966
ID32257,32257,5,792.0,345.35735449735455,405.3387301587302,0.0,12.0,12,15.832530921167821,1,,662.4606598984772,656.0,301.0,1167.0,522019.0,132.86819227717714,0.5458219111055359,3.520955766352583,-0.08593116753452568,-0.1869249136517979,19.054868921773494,13.467242399048235,1.03120258078097,1.41490502340109,787.5,103.97841061167877,0.9153223716900725,0.9905660377358491,3.7052532202876365
ID32325,32325,5,735.0,344.36242670275146,406.6154713576905,0.0,14.0,14,15.337242447383472,1,,696.6062246278755,684.0,304.0,1133.0,514792.0,140.6231312979926,0.562909265247472,3.568331661900407,-0.019312385990885052,-0.13283844142767048,18.75789608883521,12.815268172301902,1.0048479552046454,1.4637146750761971,739.0000000000002,102.3489906737785,0.8865172162641604,0.9846768820786146,3.7649684826246865
ID32710,32710,5,800.0,348.86331459504476,401.7746200291484,0.0,7.0,7,15.962677215621584,1,,649.13,651.0,267.0,999.0,519304.0,115.82580723667564,0.5405908083772807,3.933124515319052,-0.004470588383481963,-0.23196520940163345,18.937674872405807,13.729002476322536,1.236715364742532,1.379391904478589,800.5,107.103952681232,0.8769204593235542,0.9768151311775473,3.7855137733667354
ID32072,32072,5,719.0,347.2851335656214,404.2200929152149,0.0,1.0,1,15.11248964720472,1,,691.8426183844011,691.0,326.0,1045.0,496743.0,138.88399188553245,0.5613794580600432,3.5820626063173977,0.16208561326419568,-0.08488658670962958,18.008521687361338,13.10116799329883,1.0573364167935873,1.3745737552997253,717.5000000000001,100.24939947809064,0.8971565039807057,0.9795221843003414,3.7425777130585605
ID32713,32713,5,797.0,349.4079524107702,410.9026299311208,0.0,35.0,35,15.942723861302902,1,,702.4629861982434,701.0,288.0,1058.0,559863.0,132.43129515829173,0.5774754351244765,3.8835931337536254,0.005058371313657428,-0.04521867404329815,19.255606450034698,13.585243989493229,1.2671137603381526,1.4173912860841442,798.5000000000001,106.52506195534323,0.8842624711447103,0.9839802834257549,3.7697654970906838
ID32523,32523,5,748.0,346.8039608366711,411.4799732977303,0.0,27.0,27,15.440663999700893,1,,716.7653333333334,715.0,319.0,1156.0,537574.0,146.39863049303395,0.5826904184151082,3.6050548559220017,-0.07163060124570196,-0.028636677891944448,18.62281384777108,13.283990913948818,1.276983970351662,1.4018990202873631,749.0,101.91387167075287,0.9062021339601611,0.9881266490765171,3.723851825075357
ID32140,32140,5,780.0,349.0575409487343,401.90991278451395,0.0,5.0,5,15.792270128927003,1,,655.802043422733,657.0,301.0,985.0,513493.0,118.58758683055656,0.5418237040494448,3.88675183526898,-0.005611418566370675,0.11619207039158798,18.482428169698956,13.749758019235582,1.2503814896904129,1.3442002502038568,783.5000000000002,104.63533558152287,0.8992741752856802,0.9793750000000003,3.7381684788930443
ID32785,32785,5,789.0,345.98546144121366,404.09355246523387,0.0,11.0,11,15.86767531717795,1,,655.4653215636822,646.0,270.0,1041.0,519784.0,128.5053318880793,0.5444824947814911,3.596329694600612,0.02977921034540513,-0.058134333737370945,18.85850479331205,13.513881453260502,1.133747756351424,1.3954913589065152,790.9999999999998,106.04814828623738,0.8838532601254439,0.9826086956521737,3.7706380690088324
ID32658,32658,5,777.0,351.3208092485549,411.40301862556197,0.0,33.0,33,15.741799337880057,1,,707.583866837388,714.0,270.0,1110.0,552623.0,135.21128649560885,0.5779548381568869,3.833489757791978,0.04125428498301452,-0.0198091737607834,18.76377947641845,13.5426250835973,1.3414611468324313,1.3855348841595683,778.4999999999999,104.02250702307023,0.9040945434663005,0.9854430379746832,3.7281897486595135
ID32147,32147,5,799.0,347.98090169067,402.2514088916719,0.0,8.0,8,15.9427238613029,1,,652.0226130653266,648.0,344.0,1019.0,519010.0,117.24445028753475,0.5408640165355385,3.904128778546892,0.040043005280724984,0.19580963021936945,18.782125255923358,13.96218479429039,1.1822358075442247,1.345213914057634,798.5,106.07337118201207,0.8918093908441147,0.980958230958231,3.753780823987449
ID32851,32851,5,775.0,348.3036175710594,410.34194659776057,0.0,39.0,39,15.696236870863473,1,,721.1138421733506,723.0,398.0,1107.0,557421.0,129.99693092176705,0.5858924245950762,4.098688250054214,-0.08606546047742605,-0.005193527195005539,18.837720433442144,13.662977883860538,1.2302106846806122,1.3787419253378355,773.9999999999999,102.78157356605988,0.9207045724567778,0.9954983922829579,3.6944073706138187
ID32090,32090,5,804.0,349.47090606816295,400.9742310889443,0.0,6.0,6,15.977625878690493,1,,648.9164588528678,651.0,270.0,1025.0,520431.0,122.63186183251187,0.5405306275899702,3.713346134800728,0.1174936754957575,-0.017965085633039425,18.80258071257259,14.276700393015208,1.261972957555372,1.317011647997575,802.0,105.56271254359649,0.9044054059814576,0.986469864698647,3.727548966306405
ID32411,32411,5,725.0,347.4598615916955,407.78442906574395,0.0,22.0,22,15.165054987298555,1,,724.4232365145228,716.0,323.0,1324.0,523758.0,158.2872686096861,0.5822534642312085,3.368312746918739,-0.11169944961767002,-0.008895231835201894,17.940106949689305,13.06454643303451,1.1072169364856073,1.3731901862529756,722.5000000000001,100.69385597821855,0.8954508876160158,0.988372093023256,3.7461403679545024
ID32605,32605,5,763.0,351.8132165260653,412.4731775903093,0.0,31.0,31,15.660707752353044,1,,709.9948320413437,714.0,286.0,1071.0,549536.0,140.3472499032494,0.5799319245139806,3.7138120264086014,-0.11208701873127118,0.022300065016252372,18.737071960547418,13.582447974084788,1.3141313334762386,1.3795062566260232,770.5000000000001,102.81583727241804,0.9159304009216456,0.9935525467440361,3.7040231725238395
ID32414,32414,5,739.0,347.0711050724638,406.96535326086956,0.0,21.0,21,15.306079714651625,1,,716.0244565217391,710.0,313.0,1181.0,526994.0,159.41637416980024,0.5781427490334616,3.290892711156961,-0.18119563415266957,0.10768913407871046,18.181190582169783,13.122621355743078,1.102378061551615,1.3854846596036878,736.0000000000001,102.0711436543951,0.8877316760834174,0.9806795469686879,3.7623922718428817
ID32606,32606,5,759.0,350.55388307155323,410.8911431064572,0.0,30.0,30,15.594510349620348,1,,718.6169934640523,729.0,357.0,1135.0,549742.0,141.49822293245663,0.5833083267553427,3.7420464430128937,-0.015655762313627385,-0.030989815008019644,18.69848355816027,13.281791552968421,1.3520737275204164,1.4078284155860918,764.0000000000001,103.31410003117094,0.8994645030254665,0.9832689832689836,3.7377729575598138
ID32096,32096,5,701.0,347.41625029740663,403.6955745895789,0.0,0.0,0,14.93238344242959,1,,705.0584045584045,694.0,343.0,1120.0,494951.0,139.94801666559957,0.5622337903019939,3.6262626563175075,-0.05650407518475501,-0.33097128988340047,18.243321577098847,12.783474611103577,1.0626861942990775,1.427101952488951,700.4999999999999,98.77231460699446,0.9022929032698201,0.9873150105708242,3.7319099967540854
ID32226,32226,5,751.0,344.3740053050398,406.4717064544651,0.0,15.0,15,15.492115871712883,1,,687.4708994708994,686.0,289.0,1168.0,519728.0,149.7847743338296,0.5654157368614977,3.3155443522226093,-0.01124085502658293,-0.06908896364291096,18.82863187878846,12.96338147615506,0.9839083892610329,1.4524475665104808,754.0000000000001,103.04493338568484,0.8923349930548856,0.9843342036553527,3.752675137146901
ID32802,32802,5,779.0,348.50940774000424,410.1617489843917,0.0,38.0,38,15.751906433199277,1,,717.3615384615384,723.0,297.0,1051.0,559542.0,136.40601463815955,0.585381152214493,3.8836457436812393,-0.08060744887080272,-0.024122875939274962,18.689116639328624,13.416782442404807,1.204883537464756,1.3929656174687743,779.4999999999999,104.827259724732,0.891410031921033,0.9780426599749056,3.7546215919552637
ID32227,32227,5,761.0,344.83660558464226,405.9120855148342,0.0,13.0,13,15.594510349620345,1,,672.4797385620915,666.0,312.0,1091.0,514447.0,132.51892552751926,0.5562465587293676,3.627606961433517,0.11977582015074831,0.04579102955064188,18.63212863557506,13.479302388186104,1.0222017233908283,1.3822769234634231,764.0,103.16932862759474,0.9019906045910918,0.9877181641887525,3.7325353119997997
ID32869,32869,5,800.0,347.31518564872755,403.55089695452654,0.0,10.0,10,15.947714540361222,1,,651.0714285714286,647.0,310.0,1038.0,519555.0,123.50012028182537,0.5413752183486351,3.7032348262456063,0.07545503051349371,-0.11163737150997623,18.949925128269648,13.865584951330588,1.1137294376875848,1.3666877520700018,799.0,105.72634878309205,0.8982354163449354,0.9815724815724817,3.7403293455619155
ID32550,32550,5,735.0,347.8233695652174,411.73867753623193,0.0,28.0,28,15.306079714651627,1,,725.5244565217391,726.0,384.0,1087.0,533986.0,131.6382776237925,0.5824844811014211,4.05737136952268,-0.009389659246878469,0.1961267619734404,18.121762352668405,13.398909296176965,1.2559419018381561,1.3524804110614426,736.0000000000002,101.63148101970259,0.8954290288561053,0.9839572192513374,3.746186092116062
ID32743,32743,5,767.0,349.3662323561346,410.4096634093377,0.0,36.0,36,15.63018994273772,1,,721.046875,722.0,328.0,1063.0,553764.0,134.02925556069408,0.5858080688848025,3.974647471632031,-0.12407360317469622,-0.014177521286820004,18.918988334020046,13.398301795243873,1.253801557043992,1.41204375174889,767.5000000000001,103.01106883394016,0.9089091204593284,0.9896840747904577,3.71830235199626
ID32041,32041,5,747.0,348.16779127305443,404.138326585695,0.0,3.0,3,15.357982473690639,1,,670.9227642276422,664.0,349.0,999.0,495141.0,116.76572352091856,0.5478315434740124,4.067340118220342,-0.12756516388827233,0.24680928272160194,18.04232797755641,13.53121238482561,1.1810678348700967,1.333385912838803,740.9999999999998,101.46520592980917,0.9044692153494582,0.9893190921228301,3.727417476624442
ID32170,32170,5,817.0,347.404557531167,403.23962804005726,0.0,9.0,9,16.111539721047187,1,,645.9595588235294,644.0,294.0,986.0,527103.0,124.69925374266238,0.5419169492046205,3.6411890034610654,-0.1066526994282266,-0.10126429436322233,18.87669549633152,14.071513195791557,1.1333751897182887,1.3414829829372634,815.5,108.94067458140397,0.8634828356000416,0.9784043191361728,3.814855369980683
ID32363,32363,5,737.0,346.55340574790677,406.9134419551935,0.0,20.0,20,15.311277907946218,1,,710.2176870748299,698.0,298.0,1170.0,522010.0,150.755938830733,0.5753968519165904,3.441316033303381,-0.1458322580164135,-0.10153763171639373,18.65174751631399,12.901330215303789,1.0977509667880834,1.4457228212164472,736.5000000000003,101.52851711332963,0.8978556688284862,0.984625668449198,3.741120246969257
ID32492,32492,5,725.0,346.459540229885,410.4096551724138,0.0,25.0,25,15.191269449366244,1,,725.696551724138,721.0,307.0,1164.0,526130.0,150.89946362877535,0.5825219648502239,3.5404618429774874,-0.11914134167908239,-0.11593436315549152,18.505061387336813,12.67699707935375,1.245916614268145,1.4597353988094606,724.9999999999998,102.39461028536675,0.8689477755072734,0.975773889636608,3.802840356889723
ID32498,32498,5,718.0,346.1218487394958,411.11531279178337,0.0,26.0,26,15.07558485549488,1,,733.1683029453015,731.0,361.0,1111.0,522749.0,140.49345122311664,0.5830816764577934,3.8441795767501934,0.044116614666637355,0.04131358021972441,18.148759774308832,12.821009741984863,1.3132822018892418,1.4155483959174624,714.0,99.73774185002594,0.9019636043437363,0.9861878453038674,3.732591178235425
ID32499,32499,5,699.0,346.92744817726947,409.77638789611626,0.0,24.0,24,14.921721260818458,1,,739.49786628734,732.0,376.0,1283.0,519867.0,160.6032952424521,0.5862218144774218,3.4033806568892735,0.0985349375953693,-0.21349240174784948,18.244369099385292,12.494294533864913,1.205979341622634,1.460216024997266,699.5000000000001,99.33113745592381,0.8908955004686179,0.9824438202247192,3.7557056652530383
ID32308,32308,5,729.0,344.80393487109905,406.2559927634555,0.0,16.0,16,15.316474337048126,1,,697.8604336043361,693.0,290.0,1183.0,515021.0,145.548812258567,0.5698118380998807,3.480757549033243,-0.025925973022880425,-0.15293818579687604,18.686341814048628,12.902911750703232,1.012059342647478,1.448226739443536,737.0000000000002,101.65273556836068,0.8962707246938783,0.9892617449664434,3.7444266405408735
ID32439,32439,5,735.0,347.42386131883075,408.9577384998867,0.0,23.0,23,15.300879755366294,1,,725.5625,719.0,329.0,1180.0,534014.0,158.4864685526361,0.5830481819115089,3.3722747279314405,-0.028548055430435103,0.08202201582357625,18.425927390578178,13.169673594751423,1.1275172643569897,1.3991180007621113,735.5000000000001,101.54036178687748,0.8964274114733892,0.9872483221476515,3.7440993815884984
ID32567,32567,5,742.0,349.16149696561024,411.71690267475833,0.0,29.0,29,15.363163105470202,1,,729.0174731182796,732.0,310.0,1153.0,542389.0,152.93655284561,0.5873750484644701,3.5277075992692954,0.017886140961049977,-0.14893852101213573,18.558011287728398,13.185534235609758,1.3388969054123288,1.4074523607552707,741.5,101.54440713582746,0.9036682061893216,0.9886666666666667,3.729069097311578
ID32695,32695,5,786.0,350.5067940552017,411.36454352441615,0.0,34.0,34,15.807379942744328,1,,706.3898089171975,714.0,320.0,1040.0,554516.0,122.44975395217479,0.5764973460810731,4.219107317666611,0.1817880284264771,0.00877920219712741,18.99429237244084,13.417551984500507,1.3238308523714084,1.415630242713603,785.0,105.33291271846063,0.8891014804802526,0.9794135995009358,3.759492868252219
ID32887,32887,5,767.0,348.60242941562706,410.87973298314733,0.0,41.0,41,15.568974864420476,1,,728.6010498687664,731.0,351.0,1130.0,555194.0,128.13339344853142,0.58678979628037,4.205528829580349,0.010634330448662545,0.04869028938002916,18.61176627072182,13.390291349847086,1.2984357446190589,1.389944832748868,761.4999999999999,102.59625840116747,0.9091106098636312,0.9863989637305698,3.7178902789029125
ID32376,32376,5,723.0,346.2885898320681,406.39049919484705,0.0,19.0,19,15.186030177112004,1,,714.562326869806,708.0,350.0,1195.0,515914.0,147.64930944222803,0.5758493205871018,3.5369820934555594,0.08122039977759604,-0.14129134537365715,18.357445813626597,12.808319118947505,1.0810819397352587,1.4332439442791678,724.5000000000002,101.89999550809918,0.8767987542644694,0.9783929777177586,3.785776490545999
ID32760,32760,5,784.0,348.93882126841766,409.9095665171899,0.0,37.0,37,15.762007047532006,1,,717.1105398457584,722.0,298.0,1050.0,557912.0,136.53464678585632,0.5848262490487075,3.876309374717032,0.04127339360781455,0.01477870041678697,18.799011893615052,13.430126926253784,1.2221047183525724,1.3997642760073952,780.5,103.55166329463768,0.9146787996764645,0.9873497786211258,3.706556507283562
ID32824,32824,5,763.0,348.41273996509597,410.7866492146597,0.0,40.0,40,15.594510349620345,1,,731.3015665796345,733.0,349.0,1089.0,560177.0,137.58778701177488,0.5899373448172663,3.944323189624695,-0.08258039535607115,-0.02169837700541594,18.995821720768998,13.083860429975875,1.3038100571697457,1.4518514487703094,764.0,104.4884560068204,0.879359781942589,0.9813744380218368,3.7802596656374816
ID32633,32633,5,786.0,351.57551584769203,411.724207615401,0.0,32.0,32,15.792270128927,1,,705.8350383631714,714.0,265.0,1070.0,551963.0,131.50680824402662,0.5790559328123264,3.9364793144851364,0.005018065721412263,-0.12079157178624839,18.97786997093894,13.58519371865971,1.316885217566031,1.3969524736973173,783.5000000000001,103.79322591103244,0.9139256043733298,0.989267676767677,3.7080835385762456
ID32186,32186,5,764.0,348.0993863686171,404.73142669296516,0.0,2.0,2,15.558748935655874,1,,663.8623853211009,665.0,255.0,1051.0,506527.0,138.47633826919494,0.5493860000264293,3.3997771248065813,-0.11854190340568328,-0.029069479437879363,18.287333450200986,13.648982252171674,1.126643960192263,1.339831286489607,760.4999999999999,102.37807021630651,0.9117907969012844,0.9870214146658014,3.712421933063736
ID32187,32187,5,769.0,349.1160034790172,402.80354424874974,0.0,4.0,4,15.620004089624164,1,,659.8326797385621,658.0,310.0,1026.0,504772.0,117.8980424225806,0.5400376535038579,3.9250927620529854,-0.25604679864739516,0.0893166626679997,18.614987678141823,13.782200132378343,1.3321891023454844,1.3506542859154886,766.5000000000002,105.04684791125068,0.8728828739130091,0.9820627802690586,3.794258761777253
ID32318,32318,5,739.0,345.0662162162162,405.89054054054054,0.0,17.0,17,15.34761596392108,1,,700.497311827957,697.0,234.0,1149.0,521170.0,152.73677422294804,0.5709030264721341,3.3335411723401407,0.15423620182668513,0.07322472369644278,18.67408731945587,12.817262756061735,1.0179093971180222,1.4569481545990963,740.0000000000001,102.32114217520991,0.8882001148652892,0.9860093271152565,3.7613999938276863
ID32319,32319,5,728.0,345.2682843472317,406.7230576441103,0.0,18.0,18,15.259216288638251,1,,708.077868852459,707.0,272.0,1226.0,518313.0,156.15138118527034,0.5743050006893382,3.3084068335206562,0.02016550038532312,-0.04036288825447703,18.770015768810257,12.729792960059964,1.078972709663002,1.474494976289217,731.5000000000001,100.7187664923332,0.9061568918719485,0.9891818796484112,3.7239447850977583
ID32129,32129,6,617.0,343.3315817838858,132.67192131500943,0.0,4.0,4,14.031203248641027,1,,312.94327390599676,314.0,205.0,442.0,193086.0,36.973907406095556,-0.01697362238067811,-0.2922870894457981,-0.043605534714469193,-0.05624540296511824,18.580157077808714,10.8105430232014,-0.8317475004110277,1.718707102680439,618.4999999999999,96.45593153620085,0.8353946481753217,0.9747832939322297,3.8784579540169353
ID32771,32771,6,609.0,343.0341066003866,134.1023198011599,0.0,11.0,11,13.860015018459311,1,,313.0965058236273,311.0,216.0,415.0,188171.0,35.97296213042582,-0.01374396205288728,-0.24257960717281782,0.0917619645758543,-0.0777372294313048,18.644664815254085,10.54012973079637,-0.7317449723002213,1.7689217582187549,603.5,94.76728257739393,0.8444428899483559,0.9789132197891321,3.8576230703995162
ID32835,32835,6,630.0,339.89401165871755,133.37228404875464,0.0,39.0,39,14.149802769282841,1,,323.0544,323.0,199.0,455.0,201909.0,46.36145873902433,0.1459488752388143,1.7749416216999827,0.009652943871224055,-0.010967114297285738,19.585491311406408,10.595984220274975,2.4564495522842664,1.8483881161252,629.0,98.80458835706403,0.8096667097772919,0.9751937984496124,3.939596930551758
ID32645,32645,6,608.0,338.7325136612022,136.23251366120218,0.0,33.0,33,13.934454799959429,1,,321.1666666666667,322.0,181.0,457.0,196554.0,43.33942841854851,0.12231564526149782,1.6152668279066495,0.03428234050381868,-0.02582777294482472,19.558396839252328,10.043967162200124,2.4586476196426075,1.947278054916308,610.0000000000001,98.75476894239755,0.7860018072393983,0.963665086887836,3.9984637190920735
ID32135,32135,6,619.0,344.74371321562336,133.48662386302837,0.0,9.0,9,14.082153922340915,1,,313.89228295819936,313.0,193.0,542.0,195241.0,39.40217064404549,-0.04785577131023182,-0.800796318366772,-0.03491652405294416,0.08644725511012429,18.879684422273105,10.724192612424499,2.4246876850042995,1.7604760660863243,623.0,95.59296881920288,0.856734017573429,0.983425414364641,3.8298514251173854
ID32392,32392,6,573.0,338.97947598253273,135.63071324599707,0.0,22.0,22,13.499348496880142,1,,326.36077057793347,326.0,218.0,439.0,186352.0,43.22129269888937,0.10918063057644638,1.4865294407993612,-0.03242149607534203,0.15136230333837167,18.707465769281708,9.930156592569329,-0.6955240910382501,1.8839044072356705,572.4999999999999,95.54518445645202,0.7880753592520884,0.961376994122586,3.993199956348815
ID32585,32585,6,614.0,337.48839406207827,136.4570850202429,0.0,30.0,30,14.019855731015593,1,,320.03739837398376,320.0,185.0,462.0,196823.0,41.58026929354174,0.08325380341030658,1.1830886552424142,-0.13952708254066237,-0.1098328735107741,19.377447972582384,10.611102997598632,2.3915814118190606,1.8261483256705395,617.5,97.01832397694392,0.8244024815748878,0.9864217252396168,3.904229034251851
ID32586,32586,6,616.0,338.13787014398264,136.8039934800326,0.0,31.0,31,13.974373516324643,1,,319.18954248366015,318.0,201.0,446.0,195344.0,40.75675344059967,0.08468916589854142,1.2229300620685581,-0.16620962559728075,0.04288576276900022,19.796220306664328,10.30684872505345,2.401713348285137,1.920686024870484,613.5,98.0587686034721,0.8017732466015415,0.9792498004788508,3.958942113359887
ID32268,32268,6,613.0,339.4641025641026,135.35721997300945,0.0,16.0,16,14.019855731015593,1,,313.14123376623377,316.0,187.0,427.0,192895.0,41.22890123459429,0.035244648934615715,0.5171525706470919,-0.0018437300388331385,-0.021763201720577236,18.710356358923022,10.734631969280814,2.315270148596645,1.7429900170277153,617.5000000000001,96.50943148730046,0.8331195223402259,0.9732072498029949,3.883750090152066
ID32397,32397,6,605.0,339.2176759410802,135.49318057828697,0.0,21.0,21,13.945871807036523,1,,316.78444084278766,317.0,200.0,439.0,195456.0,44.997047713979775,0.06913623714804149,0.9105053603548426,-0.08192074194627968,-0.11635332292751303,19.156483082705993,10.419192705854375,2.431165671603159,1.838576521570839,611.0000000000001,96.12624867675423,0.8309350636385185,0.9878738884397736,3.8888517662683544
ID32461,32461,6,628.0,337.8468791500664,136.41235059760956,0.0,25.0,25,14.13292091467042,1,,317.2779552715655,317.0,175.0,461.0,198616.0,43.05367135625493,0.04551488332775332,0.6416274218853758,-0.0905323050049376,-0.025237909138068535,19.59800160929673,10.44846716804883,2.332521821201948,1.8756819822554416,627.4999999999998,99.15477175136094,0.8020406049213377,0.968364197530864,3.95828220641237
ID32463,32463,6,613.0,337.72545846817695,135.97950377562026,0.0,24.0,24,14.02553063743339,1,,317.0678513731826,321.0,174.0,442.0,196265.0,46.226352307329044,0.06131641845927565,0.79254599751318,0.015178011552921096,0.05497520525990615,19.43277403551875,10.231357458223332,-0.7866387845286372,1.8993348746602425,618.0,97.82315221782835,0.8115495337821671,0.9732283464566931,3.9350242737914
ID32208,32208,6,608.0,340.11674849972724,135.59901800327333,0.0,15.0,15,13.945871807036522,1,,316.2606557377049,315.0,210.0,442.0,192919.0,39.841961107886505,-0.018766429168047473,-0.3036293160066222,-0.008809228915303103,-0.002490650593370936,18.648191346552174,10.630130841358067,-0.7682105096544274,1.754276746434642,610.9999999999999,96.77526740270892,0.8198271832613423,0.966772151898734,3.9151082534767285
ID32209,32209,6,603.0,341.61821705426354,135.3671096345515,0.0,13.0,13,13.842779759955802,1,,315.41833333333335,315.0,207.0,463.0,189251.0,40.65026532106948,-0.0011486945337791132,-0.017846672602776795,0.0509124745998245,0.022233487404374155,18.90708829037788,10.330311918759541,-0.7116213297334664,1.8302533785105914,602.0,96.24986971665166,0.8165937556692693,0.9639711769415534,3.922851829879643
ID32850,32850,6,631.0,344.0473933649289,133.3880989994734,0.0,10.0,10,14.194722891072566,1,,309.53565768621235,310.0,195.0,424.0,195317.0,36.27962276676138,-0.012365720451174355,-0.21364915907727175,-0.02767314116389963,0.0757529830712164,18.76219355813034,10.846595649954736,-0.7260894864949036,1.729777172822759,633.0,97.02493452148704,0.8449808321981189,0.9798761609907121,3.8563949308129013
ID32786,32786,6,627.0,338.93008194554585,134.1566217287867,0.0,38.0,38,14.16666450647011,1,,320.35668789808915,320.0,175.0,459.0,201184.0,45.5188080360772,0.11659913265534746,1.4698429824869088,0.061464521926733594,0.1070654168099752,19.805413835156937,10.53846312302963,2.4619856416387766,1.8793455557932641,630.4999999999999,97.66496022512676,0.8306487194100048,0.9813229571984435,3.8895219980297284
ID32468,32468,6,597.0,337.8018920422927,137.18781302170285,0.0,26.0,26,13.808244704671575,1,,319.9731543624161,320.0,203.0,447.0,190704.0,40.23718691550903,0.04937689105466801,0.7483558767890325,-0.06663425885895481,0.01630609576022479,19.860804896452944,9.87458238762874,2.35875772979432,2.0113058068496477,598.9999999999999,97.46809350565398,0.7923402969219361,0.9779591836734692,3.98243833740464
ID32535,32535,6,612.0,337.5727813852814,137.1663961038961,0.0,28.0,28,14.002817212590294,1,,318.9451612903226,320.0,181.0,463.0,197746.0,45.46176890666013,0.060515486357588154,0.8006619626073774,-0.05223702846080567,0.13278831774518904,19.40372024471382,10.416429607521135,2.3894756285850094,1.8627995364845027,615.9999999999999,98.94190104118461,0.7907333848620429,0.982456140350877,3.9864827981656625
ID32024,32024,6,607.0,343.6123778501629,132.371335504886,0.0,3.0,3,13.980066885278035,1,,312.43322475570034,310.0,215.0,426.0,191834.0,36.91696874204484,-0.03207290316147088,-0.560863009785525,-0.008707536695494199,-0.0113978667309629,18.64725964518679,10.658845072933802,-0.8164857617862105,1.749463428503911,614.0,95.40988113255067,0.8476011272217456,0.9808306709265178,3.8504294395902057
ID32728,32728,6,603.0,337.54028697571744,135.60513245033113,0.0,36.0,36,13.86575534383214,1,,322.68053244592346,322.0,201.0,456.0,193931.0,38.82625104723215,0.11845985013858648,1.7604677857805469,0.049098354823963616,0.09314132371268778,19.377976165603172,10.032817719224818,-0.6444022409769162,1.9314590086164154,604.0,97.1725581501044,0.8038213377788825,0.9797242497972423,3.953895316591216
ID32282,32282,6,614.0,339.0749730312837,134.85895361380798,0.0,17.0,17,14.02553063743339,1,,315.2722852512156,316.0,189.0,422.0,194523.0,39.933309991528866,0.038312568712091495,0.5826310699720787,-0.07866773229523218,0.0628750162223581,19.129846054429613,10.470790232272714,-0.812842854970484,1.8269725235702126,618.0000000000001,98.53158795598414,0.7999215097612636,0.9755327545382794,3.963521738480094
ID32284,32284,6,586.0,339.2556882821388,135.23122866894198,0.0,18.0,18,13.657583728599334,1,,318.9269949066214,320.0,196.0,434.0,187848.0,38.81058706068322,0.0564908681772002,0.8787868832086463,-0.03272974905069784,0.007713347265265685,18.66793801514147,10.190844894591168,-0.7990013689224511,1.8318341813885868,585.9999999999999,94.48734980123803,0.8248218251746884,0.9726141078838172,3.903236443153681
ID32348,32348,6,588.0,339.78126768534236,134.7501414827391,0.0,20.0,20,13.692498784453214,1,,319.2091836734694,318.0,217.0,429.0,187695.0,39.41932157981521,0.09830732959895665,1.449633593973404,0.1152656183562964,0.12259551880915896,19.124065743494455,10.26263269784125,2.377668323451637,1.8634658675368176,589.0,94.78610739740407,0.8238265460965928,0.9857740585774059,3.905593515142301
ID32670,32670,6,609.0,338.2293212420995,136.31121187139323,0.0,34.0,34,13.894421397469886,1,,322.36348684210526,322.0,178.0,494.0,195997.0,41.30635872179008,0.0858726030238889,1.2343396501538957,-0.09429278669378077,0.16765430943431742,19.37638723216271,10.296234544734062,2.464975166116923,1.8818906220500413,606.4999999999999,96.84615005953277,0.8125983714008801,0.9742971887550197,3.9324839449767186
ID32289,32289,6,595.0,341.1982927511895,136.02225020990764,0.0,14.0,14,13.767844320097732,1,,319.6566666666667,319.0,193.0,449.0,191794.0,39.58826644713521,-0.004438644336289,-0.07199951880338065,-0.06055955960511245,0.12190898263476127,18.458104873444324,10.551645761350343,2.4226272440511236,1.7493105142948007,595.5,94.23497829526909,0.8426890682989505,0.989202657807309,3.8616352657641264
ID32356,32356,6,588.0,339.4296013570823,135.31679389312978,0.0,19.0,19,13.698309308281244,1,,320.23549488054607,319.0,187.0,460.0,187658.0,40.39339672079538,0.06268692661289772,0.9353210924773129,-0.0403566311866426,-0.19060446919066856,18.698783921628305,10.320356591792367,2.3599626959096454,1.811835061639167,589.4999999999999,94.30315161982057,0.8329928222249704,0.976801988400994,3.884045442561496
ID32166,32166,6,611.0,343.28413736713003,132.3002180430635,0.0,2.0,2,13.951576806991676,1,,311.48117839607204,312.0,198.0,425.0,190315.0,38.36512533392526,-0.028849056595278203,-0.4823586407559308,-0.11058181214716396,-0.08308949313744593,18.511593815897957,10.752141017433777,2.4064723513839996,1.7216658324963203,611.5000000000001,98.07224117973371,0.7989399264960968,0.9637509850275809,3.9659557965563006
ID32103,32103,6,607.0,343.80760810071155,133.97153804050356,0.0,5.0,5,13.92302843083819,1,,313.84754098360656,315.0,194.0,423.0,191447.0,38.637144496326464,-0.03198222725877678,-0.536746322772565,0.006562731173771628,0.17196834244512701,18.48586595039182,10.690302303303252,2.330803445671209,1.7292182602431903,609.0000000000001,96.52676423355312,0.8213564285277501,0.9728434504792333,3.911461876607132
ID32744,32744,6,625.0,338.64506666666665,134.77653333333333,0.0,37.0,37,14.104739588693906,1,,319.8592,319.0,181.0,464.0,199912.0,44.202397428889974,0.09166636064832834,1.2152428616771311,0.019888134118736397,0.0034458809940360884,19.06958668551845,10.727019261276688,2.4816834708814097,1.7777153392795215,624.9999999999999,98.1614282628076,0.8150948398502231,0.9697439875872768,3.9264571305123046
ID32872,32872,6,592.0,342.12136465324386,132.10989932885906,0.0,41.0,41,13.773623058786647,1,,329.37833333333333,331.0,190.0,450.0,197627.0,44.40365606202954,0.13520449453718153,1.7669461752537259,0.06740599900005878,0.1610641921655591,18.885644248023816,10.446209483998244,-0.6695842186408383,1.8078944594164326,596.0,94.46386664952126,0.839314424469703,0.9892116182572612,3.8693907447470925
ID32681,32681,6,584.0,345.0479094076655,135.12543554006967,0.0,7.0,7,13.517021664164627,1,,320.1550522648084,320.0,220.0,425.0,183769.0,40.04432971929262,-0.019547721555866485,-0.31880051241149204,-0.18541201844427557,0.030176768257812098,18.83774673640144,10.18805649527231,2.4150982253216764,1.8490029717780767,574.0,93.84853529290297,0.8189676717485993,0.9871023215821156,3.9171621795830074
ID32042,32042,6,591.0,343.0184563758389,132.31851230425056,0.0,1.0,1,13.77362305878665,1,,313.02337228714526,312.0,191.0,413.0,187501.0,36.61047953824197,-0.010143456608620711,-0.17523266322660636,0.0834610330959737,0.00678733663704882,18.397230871794218,10.470181207737827,2.385500175992519,1.7571072082494643,596.0000000000002,95.25716864441276,0.8253930094127074,0.973856209150327,3.9018856605884182
ID32106,32106,6,600.0,344.8836111111111,134.54888888888888,0.0,8.0,8,13.81976597885342,1,,317.8347245409015,318.0,200.0,434.0,190383.0,40.67159111668068,-0.02079118633374255,-0.33185176612907424,0.021567148784655446,-0.042094031365033445,18.721131959317308,10.284617823136527,-0.7297669096937667,1.8203040969788682,600.0,97.51614514117068,0.7928810974227529,0.9661835748792272,3.9810799546508875
ID32554,32554,6,615.0,337.3025391680173,137.42463533225285,0.0,29.0,29,14.014178526599366,1,,319.06924315619966,321.0,187.0,433.0,198142.0,43.626494290782546,0.08659589986711114,1.1657190396080792,-0.0776366500846147,-0.08494514923062295,19.564877699910998,10.409197142059284,2.383094830525575,1.8795760549925002,616.9999999999999,97.93920259738759,0.8083173496401719,0.9770387965162307,3.942883831652438
ID32683,32683,6,631.0,337.5833995234313,136.26277468890655,0.0,35.0,35,14.155425580062799,1,,319.9729299363057,320.0,197.0,422.0,200943.0,40.65878044318915,0.10743842141936248,1.5269644203184076,-0.030161628448431167,0.022960344068881124,19.752045726258665,10.277880524834643,2.4859460155425364,1.9218014529874532,629.4999999999999,100.13087165895985,0.7889865592476557,0.9618029029793735,3.9908934183589393
ID32813,32813,6,586.0,341.3341909662665,132.71983990851916,0.0,40.0,40,13.622579184763433,1,,330.6609880749574,332.0,191.0,449.0,194098.0,43.508022417959886,0.14503769762943516,1.92532798398707,0.04492977062432302,-0.005232286377254987,19.0534876603899,9.93319844110078,2.4802274959603814,1.9181623898252078,583.0,95.83488330958615,0.7976845528305279,0.9700499168053245,3.9690753249031068
ID32430,32430,6,614.0,338.43522267206475,136.0438596491228,0.0,23.0,23,14.019855731015593,1,,320.71125611745515,323.0,204.0,451.0,196596.0,45.58909778823313,0.06302804342512386,0.8342040707368592,-0.030559343906667546,0.03603924985909504,19.22475403300147,10.409379691106558,2.381602318553621,1.8468683632922418,617.5,96.79381699334371,0.8282312129023455,0.9809372517871323,3.895194383395869
ID32623,32623,6,598.0,338.5535219079312,136.69606211869106,0.0,32.0,32,13.831277655967227,1,,322.4009983361065,322.0,184.0,441.0,193763.0,41.06633575490996,0.08339941068110474,1.2086896599700598,0.11863009053206224,0.08160670607111405,19.28025750220603,10.14455088922195,-0.7372491615367828,1.9005530863559752,601.0000000000002,97.66587735335139,0.7917692380547838,0.9646869983948639,3.983874233559391
ID32243,32243,6,615.0,342.5562735595046,134.87291330102315,0.0,12.0,12,14.036873567421145,1,,315.4983922829582,316.0,186.0,451.0,196240.0,40.51837018801336,-0.02254433150399143,-0.35918274948875134,-0.04791882522170482,-0.05801293113498394,18.672479988330295,10.790930572198878,-0.6868273253988959,1.7303864447462,618.9999999999999,95.60117930740692,0.8510871114540965,0.984101748807631,3.84253582402464
ID32501,32501,6,544.0,337.52759889604414,137.50367985280587,0.0,27.0,27,13.153000537553789,1,,327.96132596685084,328.0,237.0,451.0,178083.0,38.779064515960584,0.11466809334823987,1.7400123168381127,-0.06469699849278486,0.07965543228864597,19.251749616023254,9.223551976452047,2.3430243810302853,2.0872381556664332,543.5,93.05090036557024,0.7888024538386674,0.969669937555754,3.991359125707034
ID32057,32057,6,583.0,344.64628505348367,133.8622434229546,0.0,6.0,6,13.546425705142866,1,,319.32124352331607,320.0,223.0,452.0,184887.0,38.07646306160048,-0.018471149509575943,-0.3156400196970614,-0.05201301978601995,-0.11972273995698493,18.77081256793297,10.082498533776409,2.3518987024807956,1.8617223206183147,576.5000000000002,93.18097882373407,0.8343622359084626,0.9837883959044372,3.880856750070692
ID32062,32062,6,619.0,343.2512799784424,132.36176232821342,0.0,0.0,0,14.031203248641027,1,,316.20388349514565,318.0,191.0,423.0,195414.0,39.91539493888805,-0.015303499058523571,-0.24623235053490455,-0.10779007880033437,-0.07921089804231207,18.788623404959644,10.76833978542156,2.3984851176859534,1.744802242440022,618.5,96.56699721014296,0.8334741097899608,0.9747832939322301,3.8829238644037667
ID32322,32322,7,583.0,457.0598510882016,428.6824169530355,0.0,17.0,17,13.610890997982688,1,,964.5172413793103,962.0,382.0,1553.0,559420.0,222.01741372983642,0.6537177780441151,3.434644974144408,-0.06450875980331233,0.04188169971700932,18.42846654522147,10.287158612053013,-0.3313569731940177,1.7914049194915345,582.0,94.49825055405208,0.8190026588748691,0.9732441471571909,3.917078509701102
ID32323,32323,7,583.0,457.6518771331058,429.7744596131968,0.0,18.0,18,13.657583728599336,1,,964.763202725724,963.0,351.0,1488.0,566316.0,232.66375599467045,0.6551096361464316,3.282533839093835,0.005561284646526233,-0.03896905148543935,18.35412400736918,10.446819961899527,-0.3531857390662571,1.7569101481894287,586.0,93.69872862351112,0.8387645827261042,0.9815745393634839,3.8706588025782844
ID32262,32262,7,575.0,457.7304526748971,427.9779541446208,0.0,12.0,12,13.434347973244156,1,,965.1537102473499,961.0,419.0,1611.0,546277.0,222.60590053008806,0.65145288751714,3.420634196237312,-0.0870148698541693,0.15162239955272758,18.291240344179116,10.057645872096828,2.8369355002352794,1.8186403236690756,567.0000000000001,93.71467097835776,0.811293045905661,0.9684030742954741,3.9356462477297893
ID32712,32712,7,563.0,459.5841481481482,426.7986666666667,0.0,7.0,7,13.380930871145784,1,,936.4255319148937,914.0,406.0,1456.0,528144.0,212.07885808534957,0.6420237269968044,3.452848440115768,-0.024227942616323498,-0.22496173511253484,18.609566510948735,10.27093589466431,2.8773131129925105,1.8118666791228142,562.5,93.8593467010822,0.8023749040551413,0.9833916083916082,3.9574575369444127
ID32329,32329,7,586.0,457.3684285308326,428.99985791418015,0.0,14.0,14,13.663409100469519,1,,944.3945578231293,931.0,341.0,1573.0,555304.0,222.80044494290118,0.6438823891113784,3.3204979888196977,-0.0062179709934549006,-0.10257703663791051,18.300049470157767,10.542646144798281,-0.32265236235772804,1.7358117894516427,586.5,94.20461164227609,0.8304883668510358,0.9766860949208993,3.889897478727142
ID32075,32075,7,552.0,464.23843843843844,424.02942942942946,0.0,1.0,1,13.291425312283247,1,,938.3146473779385,929.0,382.0,1513.0,518888.0,215.60895078417798,0.64184799977218,3.4026004041385884,-0.16098519714526247,0.006881090490670104,19.061319475366485,9.459772273405324,-0.2610418003390262,2.0149871396962076,554.9999999999999,93.03353290726257,0.8057936123054434,0.9762532981530341,3.9490535404369123
ID32715,32715,7,574.0,460.23239848086473,428.6057551855098,0.0,35.0,35,13.475748219221543,1,,1054.2912280701755,1059.0,348.0,1637.0,600946.0,245.1322718016334,0.6763027758083686,3.470394164647444,-0.024748577924454743,-0.015351619905265292,17.994398538079516,10.343640202500454,-0.5142743617023483,1.7396582040556263,570.5,92.05170399703134,0.8460613349724739,0.9827734711455641,3.8539316480303434
ID32524,32524,7,599.0,457.15881693299696,431.3357162881974,0.0,27.0,27,13.756279560123208,1,,986.9579831932773,992.0,358.0,1531.0,587240.0,217.3820743416622,0.6560787657052579,3.597327059000206,-0.20700065659850392,0.055603590783062144,18.379425898452197,10.683650295394626,2.659693612988989,1.7203320391696992,594.5,94.35184616298301,0.8391911946591846,0.9834574028122414,3.869674831846655
ID32144,32144,7,564.0,459.89622084440504,425.4530558015943,0.0,5.0,5,13.404698085027873,1,,935.8265486725663,933.0,368.0,1504.0,528742.0,222.69545961611934,0.6436767151789604,3.2912842443703534,-0.18060958795873647,0.08338023463290108,19.23065968712168,9.416346791182184,2.857577803105825,2.0422633228769764,564.5000000000001,96.65226222945986,0.7593635786551609,0.9633105802047781,4.067991627285809
ID32787,32787,7,567.0,457.28217531515685,426.91747288185286,0.0,11.0,11,13.452106537471558,1,,954.2279151943463,955.0,375.0,1547.0,540093.0,238.16741935903286,0.6491131145982113,3.1540581815123416,-0.0226783149024957,0.09654434893022038,18.51041463264412,10.013662182521607,2.8333354778610036,1.8485159869835843,568.5,94.15758358924629,0.8058045662972536,0.9751286449399659,3.9490266989117084
ID32660,32660,7,594.0,459.1512605042017,427.98515406162466,0.0,33.0,33,13.762063154896342,1,,1016.25,1016.0,405.0,1634.0,605685.0,235.13607628296407,0.667244461135436,3.459369734142568,0.028725394366969654,0.044073489395241215,18.02470321951165,10.86360961536837,-0.47062100523850614,1.6591817874247552,595.0000000000001,93.27735616559058,0.8593584934791018,0.9867330016583752,3.8239987810822296
ID32853,32853,7,581.0,458.8753598157743,431.45567069660336,0.0,39.0,39,13.575766059431594,1,,1049.742659758204,1040.0,410.0,1642.0,607801.0,231.47813223487879,0.6752605474217669,3.6558796317426214,-0.13743638537142713,0.1478473952196242,18.03606361585229,10.460908022501362,2.740260429983621,1.7241393937368346,579.0,93.04604343051116,0.8404127002036437,0.9722921914357681,3.8668616020645015
ID32150,32150,7,576.0,459.17187048279845,427.4398670135878,0.0,8.0,8,13.546425705142862,1,,935.1579861111111,927.0,416.0,1563.0,538651.0,220.97766412119358,0.6438787725503811,3.3151327531106607,-0.11139502706710437,0.028752863204676713,18.990195345714252,9.864212698321506,2.8622183078168453,1.925160773240993,576.5,94.44426048585242,0.8121907423612702,0.9779474130619169,3.9334706550495895
ID32413,32413,7,580.0,456.51176133103843,430.2266207687894,0.0,22.0,22,13.599192765483634,1,,987.671256454389,989.0,406.0,1573.0,573837.0,239.45997509476211,0.6609701276493597,3.282687095857578,-0.12085285054185116,-0.006915313180620345,18.395652579852886,10.347694976921758,-0.3984823947396539,1.777753656334122,581.0,93.10839889180833,0.842186507496559,0.9847457627118644,3.8627872772637724
ID32095,32095,7,577.0,460.11728395061726,425.66881998277347,0.0,6.0,6,13.593339873985734,1,,929.020725388601,917.0,349.0,1573.0,537903.0,232.35405715031825,0.6434764861474644,3.1309369716164066,-0.15340519537356817,0.13318160015256034,18.936909622492824,10.086676786563748,-0.2793035324717728,1.8774181054079462,580.5,93.9954830092471,0.8256540590174796,0.9847328244274806,3.9012687761781017
ID32607,32607,7,585.0,459.86309523809524,428.70068027210885,0.0,31.0,31,13.68087033328176,1,,1014.9320882852292,1011.0,316.0,1588.0,597795.0,238.91088369126643,0.6679731632429796,3.402522455501769,0.12109784213005936,-0.01924991148733656,18.202332682918833,10.712399129071665,-0.5029398993842875,1.6991835781697806,588.0000000000001,93.70467649636504,0.8415204198586823,0.984924623115578,3.864315728535939
ID32416,32416,7,591.0,456.15990990990997,430.8876689189189,0.0,21.0,21,13.727325035155394,1,,974.3327702702703,968.0,365.0,1573.0,576805.0,230.54638787349788,0.6548569320714608,3.3447599837606297,-0.12331901518745307,-0.21937889782247572,18.367177799728275,10.651526268088384,-0.38703963952571707,1.7243705115534216,591.9999999999998,94.56085686728512,0.8319721197562936,0.9777043765483068,3.8864272769271295
ID32608,32608,7,583.0,461.2625106022053,428.7663273960984,0.0,30.0,30,13.698309308281246,1,,1022.5135593220339,1027.0,389.0,1635.0,603283.0,253.5694564721093,0.6754165319961192,3.2512549154317183,-0.0010889928671135197,0.09130514303495434,18.330781867943205,10.546940941788502,-0.5281316944076081,1.7380188216769092,589.5,93.75419101676852,0.842776256920977,0.9759933774834437,3.861435509682201
ID32803,32803,7,593.0,459.0996635828427,430.3413232408186,0.0,38.0,38,13.756279560123208,1,,1025.7437185929648,1019.0,377.0,1662.0,612369.0,242.72784145006494,0.6743206300547195,3.4039022992605146,-0.008786201121046248,0.06353028556234694,17.88995155570405,10.768949532097144,-0.42699086532129077,1.6612531707370872,594.5,94.3962834700253,0.8384012775586266,0.9745901639344262,3.8714973497479956
ID32100,32100,7,550.0,464.89478417266184,423.8402278177458,0.0,0.0,0,13.303394180365686,1,,942.8237410071943,945.0,373.0,1516.0,524210.0,209.65353971404414,0.6385838948244116,3.505157890568972,0.1926018073096238,0.24439909335469207,18.991606395971314,9.71107749199567,2.9317686456262164,1.9556641795542353,556.0,94.56918863273773,0.7812415439939226,0.9771528998242532,4.010626944355255
ID32228,32228,7,588.0,457.3762067007382,428.9616695059625,0.0,15.0,15,13.669231989760258,1,,941.5758091993185,940.0,355.0,1543.0,552705.0,212.57323723496,0.6427364419243085,3.4661051549141995,-0.07076159873346907,0.015574415966727439,18.398317279992334,10.295629568198773,-0.31965617647351346,1.787002645940294,587.0000000000001,95.4259798624239,0.810055376853139,0.9654605263157898,3.938651701759711
ID32230,32230,7,578.0,456.64422241529104,428.5891977990154,0.0,13.0,13,13.534671754378515,1,,950.4094076655052,942.0,374.0,1674.0,545535.0,222.87288416099076,0.6472921949281483,3.3512993213363393,-0.1191266492487916,0.085118565439898,18.451911088514827,10.07774645500706,-0.33272952553810875,1.830956074445306,575.5000000000001,93.32837349400305,0.8302861581330531,0.9862896315338476,3.890371124644156
ID32871,32871,7,556.0,458.07211250748054,427.13674446439256,0.0,10.0,10,13.315352289908498,1,,962.9712746858169,960.0,388.0,1574.0,536375.0,220.5816442120703,0.6506142868974059,3.4415331275253336,0.02441393516742285,-0.18224231272164834,18.2330588461802,10.200474172253577,-0.3061170094185427,1.7874716937940145,557.0000000000001,92.57251752981325,0.8167721293759909,0.9797713280562886,3.922423453467007
ID32552,32552,7,609.0,459.6820428336079,431.2375068643602,0.0,28.0,28,13.900147514093543,1,,978.4118616144975,978.0,364.0,1606.0,593896.0,227.26919904810603,0.662228050122462,3.4302682925498655,0.08147878853810936,0.0848354823603899,18.28940952838928,10.87149422846251,-0.5013528645143559,1.6823271156697144,606.9999999999999,94.84891258604623,0.847878929268146,0.9758842443729902,3.849798603764576
ID32745,32745,7,590.0,460.20709640938645,429.7352275940062,0.0,36.0,36,13.698309308281246,1,,1034.824027072758,1030.0,320.0,1621.0,611581.0,245.4916674992287,0.6698838337432392,3.381995150142199,0.14055023205557698,-0.06454581601378524,18.17587654684814,10.733779984522183,-0.4751031090400028,1.6933341817195113,589.5,93.32817258266371,0.8504879192967715,0.9882648784576697,3.8438891718450234
ID32171,32171,7,576.0,459.3626596980256,427.3684668989547,0.0,9.0,9,13.517021664164627,1,,939.71875,929.0,331.0,1494.0,541278.0,219.72906018846106,0.6453959856315988,3.355028518868965,-0.20720319153980946,0.19201295766680707,18.881939130725844,9.895274519642262,2.866936714603196,1.9081773924760674,574.0,94.69153160697084,0.8044507743032719,0.9770212765957444,3.952348165903289
ID32044,32044,7,560.0,461.78596961572833,425.1160262138814,0.0,3.0,3,13.345200684884094,1,,927.9661319073084,918.0,366.0,1541.0,520589.0,217.72285117169613,0.6385426521817655,3.3219284164297296,0.067245318267897,0.23736774024263443,19.112576224665183,9.669651834067219,2.8608243438198255,1.9765526776599682,559.5,94.9319404699779,0.780162800278382,0.968831168831169,4.0133987658801855
ID32364,32364,7,588.0,456.20634920634916,430.3962585034014,0.0,20.0,20,13.680870333281757,1,,966.771186440678,968.0,373.0,1501.0,570395.0,230.5893317467183,0.656203112667076,3.3223024984207363,-0.06519298391537252,0.13023487479517942,18.551686698679287,10.468523535535411,2.7718777634818377,1.7721397516761148,587.9999999999999,93.52391442103965,0.8447765278094559,0.9849246231155777,3.8568612261896265
ID32496,32496,7,605.0,455.1974697469747,430.83223322332236,0.0,25.0,25,13.888692920047486,1,,968.8177339901478,967.0,321.0,1530.0,590010.0,232.1320757802354,0.6521570310117725,3.294866164207252,-0.12683571581911818,-0.0032290885287088963,18.403720919924435,10.775081366019883,-0.41205044728612583,1.707989043865794,606.0,95.56376082826074,0.833865532466777,0.9821717990275528,3.882012420774976
ID32502,32502,7,607.0,454.96457127102286,431.5399779432037,0.0,26.0,26,13.871493293733787,1,,972.2417218543046,977.0,341.0,1633.0,587234.0,230.14436563999632,0.6505438345066723,3.330070326091383,0.029321418809658877,0.04973331622875358,18.19170821789666,10.774523905892446,-0.43304930273272424,1.68840019074512,604.4999999999999,94.24079044594293,0.8553194125493795,0.9813311688311684,3.8330171949783094
ID32503,32503,7,591.0,455.80267229254565,430.0479606188467,0.0,24.0,24,13.73312082390219,1,,987.9407783417936,994.0,377.0,1624.0,583873.0,240.8116463737242,0.6586225966035903,3.2581604648888107,5.760441288086156E-4,0.019660069271314622,18.73000754189237,10.31004082516018,-0.45570784394124825,1.8166763701055835,592.5,94.76352941404205,0.829116893085972,0.9769167353668589,3.89311336302889
ID32312,32312,7,578.0,457.95728352157545,428.53620040544456,0.0,16.0,16,13.534671754378513,1,,957.6347826086957,939.0,359.0,1523.0,550640.0,212.32877218800047,0.6490142954128062,3.5501843185288657,-0.08319905519725909,0.11882349202888348,18.273912871301313,10.220012220853333,-0.333130212989904,1.7880519588826391,575.5,93.41495158944998,0.8287478330304153,0.9846022241231822,3.8939801120286317
ID32440,32440,7,574.0,455.93278404163055,430.0504481063891,0.0,23.0,23,13.546425705142866,1,,1003.4455958549223,999.0,340.0,1546.0,580995.0,240.86293477815764,0.6645354435786314,3.326434339613892,0.076310253362932,0.13639381863112118,18.621180826547295,10.214483301135258,2.763994833923995,1.823017403580042,576.5000000000002,93.88118231037762,0.8219626336358801,0.9829497016197786,3.9100192407621024
ID32568,32568,7,587.0,461.1005089058524,430.63966638394123,0.0,29.0,29,13.698309308281246,1,,1008.7470288624788,1003.0,430.0,1678.0,594152.0,233.14997402222775,0.6691522329058578,3.469012594469279,-0.09901943397962293,-0.1303621276734588,17.6910288059752,10.882520466907934,2.5979309498374823,1.6256370810209722,589.5000000000001,92.97720450102037,0.856920839908819,0.9816819317235639,3.829433918180893
ID32888,32888,7,593.0,457.3220910623946,432.1354693648117,0.0,41.0,41,13.738914167683987,1,,1045.9512605042016,1038.0,344.0,1693.0,622341.0,254.6580316987427,0.6638089008750168,3.2773565633210793,-0.19156658330129514,0.011796775854164223,17.81275902777777,10.857777446767892,-0.5112489282943528,1.6405529690682887,592.9999999999998,93.5776419557429,0.8509819781077725,0.9842323651452278,3.842773176978916
ID32377,32377,7,584.0,456.46036498431704,429.88922155688624,0.0,19.0,19,13.640092685697764,1,,968.6068376068376,963.0,388.0,1646.0,566635.0,231.97612054069765,0.6567553258655688,3.3103923743274053,-0.027304858085320717,0.1349809068318082,18.318154541530408,10.28264925321991,-0.3183526813613718,1.781462548262478,584.5,94.00626259330816,0.8311526730777945,0.9798826487845766,3.888342650267439
ID32761,32761,7,606.0,460.0981205085683,429.74958540630183,0.0,37.0,37,13.854272314662573,1,,1014.0776859504132,1011.0,370.0,1660.0,613517.0,233.90934505326126,0.6677775361884786,3.4717411315267093,0.13369788620935277,-0.010935809429850094,18.1841286382563,10.718918041526592,-0.43715772345910403,1.696451877680978,603.0000000000002,96.63488822692243,0.8114453555554197,0.9663461538461541,3.935276866705591
ID32825,32825,7,589.0,457.5238095238095,432.187641723356,0.0,40.0,40,13.680870333281758,1,,1050.8993174061434,1050.0,415.0,1750.0,615827.0,252.02589427308587,0.6690237994883133,3.342912267804028,-0.07949190638155833,-0.03794140396886028,17.638089068464232,10.716526135171993,2.716147387831824,1.6458774836162104,588.0,93.26421539983114,0.8494877256589153,0.9759336099585061,3.8461514190608397
ID32634,32634,7,613.0,459.04787089774885,428.32099267697316,0.0,32.0,32,13.985757936556007,1,,996.1006493506494,995.0,304.0,1622.0,613598.0,255.3021540317203,0.6612824353251127,3.106148779169052,-0.10292346227383191,-0.12748399422412268,18.475363623260908,10.902155743153271,2.702549006728353,1.6946523291839537,614.5,95.3714260406682,0.848975579930094,0.9855653568564553,3.8473113423190233
ID32698,32698,7,595.0,459.70272904483426,428.26441102756894,0.0,34.0,34,13.802480461170694,1,,1022.3739565943239,1037.0,409.0,1639.0,612402.0,252.26102050142336,0.6724890709439273,3.2592041718080185,-0.11553607808787941,-0.02972039752792661,18.3732289657496,10.670840752927013,2.654223163386078,1.7218164333217907,598.5000000000001,93.72570704135555,0.8561632222730821,0.9900744416873452,3.8311278738732097
ID32188,32188,7,564.0,463.55668135095453,424.3226138032306,0.0,2.0,2,13.440270101798596,1,,927.3333333333334,930.0,320.0,1468.0,525798.0,225.11962269639727,0.6415953440543396,3.219938719056066,0.16941989087361983,0.2055158134700521,19.0692832014787,9.836022463623488,2.8847745211602076,1.9387189559603524,567.5000000000001,94.3008154343814,0.8019454608531359,0.9801381692573402,3.9585170078551997
ID32190,32190,7,552.0,461.2648648648649,425.24684684684684,0.0,4.0,4,13.291425312283247,1,,943.841726618705,929.0,351.0,1591.0,524776.0,230.76369908265636,0.6435141050212863,3.2029216265225355,0.1149641087446728,0.2003939897207458,18.88624146358159,9.69442230863966,2.865513600505049,1.948155430236435,554.9999999999999,93.5408254925357,0.797077317808276,0.9823008849557522,3.9705869114409698
ID32065,32065,8,538.0,351.7413793103448,153.63730972351664,0.0,0.0,0,13.068024102273599,1,,1132.0111940298507,1200.0,288.0,1805.0,606758.0,295.56363368435984,0.649947324659844,3.017434148631252,0.05376950711629797,-0.10563101047477978,15.640925526540688,11.267198418222174,1.9732614509932116,1.388182309920538,536.5,86.62259332556563,0.8984982325670877,0.9844036697247707,3.739782270961282
ID32772,32772,8,515.0,351.12463343108504,154.75708699902248,0.0,11.0,11,12.759917977127007,1,,1179.3882352941177,1218.0,272.0,1936.0,601488.0,283.26550448347655,0.6716550609590614,3.345744099747648,-0.06890398483985559,-0.06653217355605663,15.641221299694966,10.58130706644627,-1.060209139119893,1.4781936864202607,511.5,88.09736884860088,0.82818932147223,0.963276836158192,3.895292895412198
ID32836,32836,8,498.0,351.2377866400798,156.1570289132602,0.0,39.0,39,12.634571932644613,1,,1301.9542743538768,1333.0,275.0,2034.0,654883.0,315.11898071773777,0.7105789106448617,3.432577605941235,-0.06687224395487759,0.06024293371850977,16.63857321190524,9.772702608870347,2.2009710506024964,1.7025559743118528,501.5,87.41380417628609,0.8247470291107686,0.9766309639727361,3.9034134308198087
ID32133,32133,8,524.0,351.511396011396,154.3727445394112,0.0,4.0,4,12.945661631441084,1,,1136.7172675521822,1184.0,320.0,1878.0,599050.0,304.2986353142525,0.66076086830766,2.9724849215361187,0.05076028092529615,-0.05339895153494902,15.669947030291025,11.063179228976407,-1.1404449495475482,1.416405420717463,526.5000000000001,86.4847914680599,0.8845629691981166,0.9768089053803339,3.769125122432822
ID32646,32646,8,507.0,351.7608980662078,155.90183546378236,0.0,33.0,33,12.722443834596307,1,,1289.629702970297,1331.0,389.0,2141.0,651263.0,325.32478202332317,0.7073514912045312,3.284658403965757,-0.010001949735419558,-0.06858448815867534,16.573903257201735,10.129321549948699,2.2218691507345407,1.636230341338673,508.50000000000006,86.36759152584348,0.856641684483843,0.982608695652174,3.83005781974706
ID32394,32394,8,520.0,350.3935140367861,155.52871894159406,0.0,22.0,22,12.822131500414738,1,,1220.3864077669903,1251.0,366.0,1968.0,628499.0,313.75262909855235,0.6892917569221986,3.1742301029289792,0.09609166998547264,-0.08428283146812422,16.569686319554766,10.249439736058902,-0.9193069306664188,1.6166431284297804,516.5000000000001,87.40080804002918,0.8496680626251947,0.9726930320150661,3.8457432360794668
ID32139,32139,8,502.0,350.8557114228457,154.49899799599197,0.0,9.0,9,12.603040633343667,1,,1191.991967871486,1234.0,336.0,1927.0,593612.0,295.7716843637523,0.6684103308798588,3.229141033805612,0.1313904538616693,0.1187909593473307,15.419783877832117,11.016126402179626,2.132609060359009,1.3997464548683094,498.99999999999994,84.05660008167592,0.8874967477544016,0.9861660079051382,3.7628902083400795
ID32587,32587,8,486.0,351.95520833333336,155.01666666666668,0.0,30.0,30,12.360774464742066,1,,1327.7510460251046,1353.0,433.0,2018.0,634665.0,312.8968570201296,0.7079986725440433,3.517955663008401,0.008711242341213805,0.12066667763978696,16.28445335754748,9.67924598779937,2.2494380115575625,1.6824092887063657,480.0,83.79016203982574,0.8591421787235991,0.9876543209876545,3.8244801538521367
ID32588,32588,8,499.0,351.6724709784411,155.44792703150912,0.0,31.0,31,12.647162440933334,1,,1286.316,1327.0,396.0,1997.0,643158.0,320.1357241980588,0.7056063959772676,3.324506758007842,-0.025319263924554514,0.04708516037948791,16.60103412270979,9.926812446342206,-0.9008705786565679,1.6723428807025438,502.49999999999994,85.6787594296777,0.8602003025236415,0.9882005899705015,3.8221272026257727
ID32398,32398,8,504.0,351.12164846077457,155.3358159549818,0.0,21.0,21,12.659740427573489,1,,1232.3584158415842,1268.0,294.0,1920.0,622341.0,299.67074566431944,0.6911554224831862,3.3613588538855264,0.08717806255201836,0.06125887044741143,16.119493061296023,10.161253800194435,2.2605890274577733,1.586368511038232,503.49999999999994,86.88540106461024,0.8381383612166179,0.9673390970220939,3.8721045287986158
ID32464,32464,8,516.0,350.6724470134875,155.07835581245988,0.0,25.0,25,12.853125337029411,1,,1225.621153846154,1274.0,263.0,1920.0,637323.0,330.0355220191111,0.6900141788614305,3.032447038206389,0.08513312553261748,0.10989842267818517,16.26698550681037,10.362093955745635,2.2380569890576556,1.5698550482444291,519.0000000000001,88.01010262240872,0.8420001465437513,0.9746478873239439,3.86321473139918
ID32273,32273,8,520.0,352.7612788055826,153.90051931191172,0.0,16.0,16,12.78483971567014,1,,1194.0,1240.0,301.0,1906.0,611328.0,304.92423106857103,0.6814131598451783,3.1737919891768613,0.02233443552558445,-0.025052385459405368,15.837450193160096,10.636762386742442,-0.9994458019909749,1.488935224584855,513.5000000000001,86.46116522354205,0.8631934647631637,0.9762357414448671,3.8154947488887645
ID32210,32210,8,504.0,352.9414593698176,152.99121061359867,0.0,15.0,15,12.647162440933334,1,,1206.5059760956176,1240.0,340.0,1836.0,605666.0,286.27735069526767,0.6773974673168711,3.403925679410497,-0.073891746939316,0.00758936017311275,15.66592741173502,10.587025175436134,-1.0126153491371255,1.479728927827893,502.49999999999994,86.08476051157058,0.8521055204335164,0.977626459143969,3.840238900200852
ID32466,32466,8,525.0,350.79138862408644,154.83587543692406,0.0,24.0,24,12.921050085167158,1,,1210.8457142857144,1253.0,327.0,1943.0,635694.0,314.50375458279325,0.6893937927516469,3.142168313334512,-0.011491423544986645,-0.013370947313611622,16.571715308625823,10.288000918729045,-0.897385121389954,1.6107808931526664,524.5000000000001,87.80596746814997,0.8548842023440865,0.9794584500466855,3.833992739934688
ID32211,32211,8,518.0,352.13446054750403,154.10805152979066,0.0,13.0,13,12.834538016621858,1,,1166.3961538461538,1207.0,247.0,1851.0,606526.0,284.64248066013255,0.6641024247365614,3.270629664361301,-0.03244759247002895,0.13775151768693303,15.641881033618565,11.104158137918924,2.132427655696582,1.4086507810262574,517.5000000000001,86.9508851409112,0.8601460580989977,0.9810426540284363,3.8222477204264482
ID32852,32852,8,529.0,351.42082940622055,155.0186930568646,0.0,10.0,10,12.99474488477942,1,,1146.3598484848485,1196.0,288.0,1810.0,605278.0,290.26585219460725,0.6632312621435925,3.1496867580691834,-0.05486624222292133,-0.08629244114446333,15.602287525507293,11.202337787724389,-1.1011769349608715,1.3927706717257182,530.4999999999999,88.016580793711,0.8605304955190584,0.9751838235294116,3.8213938406336148
ID32788,32788,8,510.0,351.2107411034933,155.26134508651649,0.0,38.0,38,12.747438836755608,1,,1299.1761252446183,1347.0,294.0,1987.0,663879.0,330.0537928489482,0.7119677401649521,3.2739951970491856,0.06188546149212945,0.13102601286155227,16.73619727038801,9.947130860266247,2.204735317272025,1.6825150393105461,510.50000000000006,86.60717329199511,0.8552594509755331,0.9845708775313405,3.8331515575481148
ID32471,32471,8,494.0,351.102758156744,155.02909519004373,0.0,26.0,26,12.558763816716528,1,,1267.8,1309.0,453.0,1953.0,627561.0,308.22180088778623,0.6981672294922022,3.3821774820997796,0.10278203422059719,-0.02859840541346343,16.13487783364922,10.283435831597556,2.2312290421484757,1.5690162410575015,495.50000000000006,85.61529454828161,0.8494754115579668,0.9880358923230309,3.846179296103867
ID32536,32536,8,503.0,351.6555555555555,154.9955223880597,0.0,28.0,28,12.647162440933336,1,,1278.1477045908184,1331.0,352.0,2032.0,640352.0,345.21730857493304,0.703424544395737,3.0578282955084224,0.027207686215056794,0.025514157145044906,16.375382407855405,10.175632270819811,2.2360092031099157,1.6092741927019443,502.50000000000006,84.99301176249554,0.8741369780048351,0.9921026653504443,3.791536017245394
ID32025,32025,8,519.0,351.6156330749354,153.43798449612405,0.0,3.0,3,12.815923738491737,1,,1148.3832684824902,1193.0,272.0,1780.0,590269.0,296.31480380733274,0.6591586091130639,3.0793958954456864,0.17721469353593347,0.09785340120717423,15.317464659299336,11.157874973782345,1.9992828060250294,1.3727940755108636,516.0000000000001,84.96763176679994,0.8981575775188508,0.9875598086124402,3.740491419871043
ID32729,32729,8,501.0,350.43630363036306,155.2056105610561,0.0,36.0,36,12.678584010953838,1,,1295.7980198019802,1334.0,245.0,2059.0,654378.0,337.87516889818295,0.7049999114558606,3.171580459655541,-0.054679879548233244,-0.11800810858359255,16.231413523661637,10.099692335516362,2.242306447326998,1.6071196017112912,505.00000000000006,86.48437963045473,0.848449295074048,0.9739633558341371,3.848504382266696
ID32286,32286,8,518.0,351.9625522340084,153.40099646415945,0.0,17.0,17,12.84693255163642,1,,1183.8387715930903,1219.0,258.0,1929.0,616780.0,303.36663036159683,0.6784069488164142,3.154625184456275,0.011535496640508945,0.12016415071988902,15.921208564484981,10.504985618747419,2.1382799602537297,1.5155859457886032,518.5,86.84703163307763,0.8638705451626771,0.9755409219190969,3.8139992105106506
ID32287,32287,8,508.0,351.88385826771656,154.1545275590551,0.0,18.0,18,12.716187407449045,1,,1204.6986301369864,1243.0,289.0,1853.0,615601.0,313.39687170455,0.6828702322322338,3.1196172133310744,0.030648434531680015,0.006378491861292325,15.82107765577435,10.319755535904779,-0.9945008508500053,1.5330864767803092,507.9999999999999,86.38279882121722,0.8554980696978398,0.9694656488549617,3.8326169417794853
ID32351,32351,8,512.0,351.7354497354497,154.99801587301587,0.0,20.0,20,12.666024736934256,1,,1220.2385685884692,1250.0,442.0,1767.0,613780.0,267.9274570747101,0.6882289323523086,3.7132920552388105,-0.08365473291719028,-0.11328839164910055,16.145492103325406,10.196940194481925,-0.9840991317667059,1.583366362397863,503.99999999999994,85.3019446919899,0.870407322632842,0.9853372434017597,3.7996506126543603
ID32673,32673,8,499.0,351.4633699633699,155.73443223443223,0.0,34.0,34,12.621968865236012,1,,1294.6316831683168,1340.0,298.0,1989.0,653789.0,320.31416712479626,0.7087595021888785,3.3528801618169553,0.1528970472277525,0.16887717278345452,16.460051766057628,10.01974329718672,-0.8871477931592862,1.6427618231176817,500.50000000000006,86.8295252045405,0.8342171104820426,0.9813725490196078,3.8811943039825514
ID32293,32293,8,541.0,352.48589389757745,154.19058570990492,0.0,14.0,14,13.153000537553789,1,,1143.6286764705883,1195.0,277.0,1885.0,622134.0,317.77938938507344,0.6637333671372551,2.871436591939819,0.28114153586798285,-0.12572920365927168,16.146468346556166,11.282110933144969,2.0738974648753996,1.4311566729166367,543.5,88.00725712641427,0.8818047641504986,0.985494106980961,3.7750152602492375
ID32358,32358,8,523.0,352.37059942911515,154.4898509356169,0.0,19.0,19,12.933361712624528,1,,1187.664761904762,1242.0,342.0,1807.0,623524.0,299.53581454450176,0.6832343502524767,3.218846133908232,-0.34791978373192806,0.12204273624964337,16.649621048135963,10.461480084206139,2.2438198688624627,1.5915167752670254,525.5000000000002,87.97733639512322,0.8531805890527493,0.9758588672237701,3.837818649574672
ID32746,32746,8,496.0,350.9186827956989,154.78931451612902,0.0,37.0,37,12.565098628628435,1,,1316.9859154929577,1363.0,411.0,2045.0,654542.0,338.36156131007925,0.7121695988894261,3.2379247756582834,-0.03972619970591841,-0.2449733672372825,16.57083190927791,9.8068477553761,-0.9053030954318411,1.6897205220906792,496.0,87.12827856085134,0.8210569345452654,0.9715964740450538,3.9121751964986706
ID32874,32874,8,491.0,351.0305982905983,155.43880341880342,0.0,41.0,41,12.456968712917199,1,,1353.4049079754602,1387.0,403.0,2122.0,661815.0,340.34434054321633,0.7192702015555069,3.3272630861821484,-0.06836852959629079,-0.016406235731237367,16.257696023818966,9.660644362726597,-0.8967651962776868,1.6828790516857857,487.5,85.90841617690478,0.8300668295763659,0.9663032705649157,3.8908850670738144
ID32107,32107,8,514.0,352.4490158115521,154.1721523071959,0.0,5.0,5,12.822131500414738,1,,1157.3922330097087,1217.0,282.0,1873.0,596057.0,319.86974722920394,0.6640284558148897,2.887774879118797,0.026750411451044603,0.08914390628603841,15.625616749061777,10.807510816512293,-1.0788852781638354,1.4458108822975337,516.5,86.36124739990234,0.870246682929228,0.9754485363550519,3.8000012871213844
ID32555,32555,8,510.0,351.867420517863,155.89691904293673,0.0,29.0,29,12.722443834596309,1,,1273.2938856015778,1309.0,328.0,2058.0,645560.0,330.7487529398047,0.7041701033982692,3.1814497950949274,0.009037575925864247,-0.1525235150749856,16.513220210503277,10.109792322449985,-0.9086338980782002,1.6333886675232414,508.50000000000017,85.71872757004004,0.8696597893996143,0.9873786407766993,3.801283294210669
ID32685,32685,8,487.0,352.3743615934627,154.419645897174,0.0,7.0,7,12.48249531491863,1,,1199.7816326530613,1255.0,331.0,2017.0,587893.0,292.2703514781429,0.6651262454510191,3.2794752820891,-0.16533993216605594,-0.2878870360834578,15.414881295680148,10.689032796665046,2.0562572450238754,1.44212124603917,489.50000000000006,84.190560926769,0.8678321878579607,0.9819458375125377,3.8052838242331384
ID32046,32046,8,537.0,351.91511771995044,153.6409541511772,0.0,1.0,1,13.086279790944385,1,,1112.3636363636363,1161.0,280.0,1756.0,599564.0,277.76850008914045,0.6519391046351158,3.160871079603811,-0.06040327023311526,0.024177317450377465,15.794391140095472,11.061636508152098,2.007431055896799,1.4278530241393734,538.0,88.53208208853485,0.8625629178845609,0.9711191335740073,3.816889087050587
ID32814,32814,8,498.0,350.20194892473114,156.43918010752688,0.0,40.0,40,12.565098628628437,1,,1335.487854251012,1366.0,410.0,1995.0,659731.0,305.7212183362897,0.7152899417178549,3.643249666462621,0.012133459745102106,-0.04376986836406534,16.480723047268434,9.888630260125561,-0.8991786604645239,1.6666335593236317,496.00000000000017,85.08469924275305,0.8609711605870218,0.9841269841269845,3.820415776337991
ID32431,32431,8,547.0,351.157830591103,155.3199268738574,0.0,23.0,23,13.195283541573993,1,,1183.4351005484461,1243.0,285.0,1849.0,647339.0,340.1399422357757,0.6880421230526388,2.8362764295552996,-0.03580886998308903,0.0505410966391036,16.979084302553314,10.459387000779017,-0.9125581130220609,1.623334551182465,547.0,89.00406456189017,0.8677158094001485,0.9767857142857143,3.8055389989172252
ID32687,32687,8,505.0,350.7311507936508,155.89914021164023,0.0,35.0,35,12.666024736934256,1,,1302.249500998004,1332.0,444.0,2029.0,652427.0,318.8653753933633,0.7084420274922806,3.387044503773048,0.03797825707844184,0.1573753201611217,16.53040016475004,9.982027025917636,2.2213006096225585,1.656016370405531,504.0,85.3560857319402,0.8693034807287385,0.9901768172888018,3.802062246250284
ID32176,32176,8,526.0,351.2076631977294,152.99542730999684,0.0,2.0,2,12.970226476362445,1,,1130.4592030360532,1183.0,257.0,1827.0,595752.0,310.5454813002723,0.6579969328801214,2.8893477946340633,-0.08420899596158264,0.008335408351033805,15.826014541519484,11.069073615650082,-1.0512737290046632,1.4297505907941357,528.5,86.34785152821702,0.890741698382312,0.9878504672897194,3.7560298952937803
ID32112,32112,8,508.0,351.73163841807906,154.7283150548355,0.0,8.0,8,12.634571932644613,1,,1177.844,1205.0,375.0,1854.0,588922.0,266.021628213487,0.6611705587335149,3.524521008206551,-0.06919632420312509,0.033518100871423595,15.488007221436906,10.388457955004377,-1.0316966010186148,1.4908860668753972,501.5,86.34244280647097,0.8453413989240983,0.9737864077669903,3.8555724015955897
ID32624,32624,8,495.0,351.3722899728997,155.61822493224932,0.0,32.0,32,12.514330345744632,1,,1303.6252545824848,1341.0,429.0,2205.0,640080.0,322.9516835248219,0.7051254378537847,3.3385297994822403,0.1002511795367986,0.07581769007650725,16.34338356161836,9.976552986023346,-0.894963085556938,1.638179397685215,491.9999999999999,84.93132837027744,0.8571150745221175,0.9810568295114654,3.82899999117239
ID32244,32244,8,515.0,351.2325581395349,154.75872093023256,0.0,12.0,12,12.815923738491737,1,,1184.455252918288,1216.0,268.0,1968.0,608810.0,308.3170486321288,0.6682464850424598,3.0777091700999106,0.17589913462270546,-0.026732695465487982,15.54118857215437,10.822684849355465,2.1023569582636625,1.435982733349194,516.0000000000001,85.65422381563216,0.8838162814761211,0.981921979067555,3.770716949454558
ID32505,32505,8,485.0,351.38691718858735,155.39526791927625,0.0,27.0,27,12.347891944863939,1,,1310.362105263158,1355.0,371.0,2080.0,622422.0,311.50007862422814,0.7047754384959842,3.4781374530157323,0.05282259828031527,0.016783904182935724,15.945459525051222,9.621823305288649,-0.9048200105513964,1.6572180780213224,478.99999999999994,84.36551204450066,0.8456983513268818,0.9835728952772071,3.854758635621065
ID32061,32061,8,508.0,352.2360838244924,154.46791093647676,0.0,6.0,6,12.728697186576067,1,,1166.6542239685657,1234.0,305.0,1858.0,593827.0,293.78776401055205,0.663685168731777,3.1683227603146147,0.11870986786942424,0.02406087198079009,15.458784345759149,10.68164639123243,-1.0660525918517416,1.4472286180946625,509.00000000000006,86.38409293184195,0.8571564385057775,0.9723018147086916,3.8289076016173587
ID32705,32705,9,588.0,502.2953067571388,456.0230421260955,0.0,34.0,34,13.698309308281244,1,,1402.4694915254238,1384.0,522.0,2188.0,827457.0,304.9406214315534,0.545302747659038,3.245878404814992,0.5779791443991339,-0.11477138364126992,18.702862854970988,10.782150558536319,1.7533556133889723,1.7346134014205334,589.4999999999999,95.30884857598092,0.8155061258771588,0.9825,3.9254668861938375
ID32326,32326,9,575.0,502.6378708551483,448.9752763234439,0.0,17.0,17,13.505242122350568,1,,1370.394415357766,1361.0,397.0,2397.0,785236.0,323.3432891310718,0.5335221482825466,2.9489955988535628,0.916707268063435,-0.12450502515920867,18.56161821312997,11.063247156261799,1.762983505068823,1.6777730761103076,573.0,94.59472211772426,0.8046938357367652,0.9862306368330462,3.9517512084504354
ID32327,32327,9,566.0,502.9267968056788,449.6990535344572,0.0,18.0,18,13.392819750320172,1,,1369.220848056537,1369.0,486.0,2361.0,774979.0,317.04674676675955,0.5286633000503335,2.9870845874369465,1.1314162319215637,-0.06536272629385831,18.69369540131906,11.064728332312923,1.7631445397696044,1.689485258009169,563.5,94.62151542155438,0.7909043895212297,0.9903339191564146,3.9860518080270695
ID32714,32714,9,518.0,503.4855212355212,448.91795366795367,0.0,7.0,7,12.84073677960901,1,,1306.2992277992278,1279.0,518.0,2423.0,676663.0,319.432150360796,0.5233624145222358,2.8099159850390225,2.1844611418442152,-0.5177071036448909,17.717998199744848,11.861276927746044,-1.3486387460289935,1.4937681927228839,518.0,91.0396578499412,0.7853773822214789,0.9923371647509577,4.000052919880234
ID32266,32266,9,549.0,503.05565665756745,450.161813770094,0.0,12.0,12,13.225402922330685,1,,1327.589836660617,1303.0,470.0,2548.0,731502.0,322.76861766761675,0.54368699278963,2.8972922896597555,1.464088888446349,-0.34893949720316264,18.0605890180607,11.383591348574509,1.7560534121337514,1.5865457978094326,549.5000000000001,94.07553377127165,0.7802327550550768,0.9795008912655974,4.013218843474985
ID32332,32332,9,541.0,503.1930970149254,449.92039800995025,0.0,14.0,14,13.061933202803932,1,,1390.4096834264433,1373.0,445.0,2630.0,746650.0,335.72708429606473,0.5412134831354948,2.9086549765405603,1.1238750517884637,-0.3283949101496757,18.347184063144038,10.647211248303329,1.781018508805999,1.7231915132770308,535.9999999999999,93.64637399292877,0.7680557089088245,0.9807868252516009,4.044907283133731
ID32525,32525,9,589.0,502.455857385399,454.04357668364463,0.0,27.0,27,13.692498784453214,1,,1380.5338983050847,1368.0,332.0,2237.0,814515.0,314.36818038530436,0.5400770878008665,3.080007561767811,0.8457020057961546,-0.16389962029255375,18.615586710513465,11.231739782578028,1.7619533306772497,1.6574090097233911,589.0,95.86872514290407,0.8053251356881896,0.9841269841269841,3.950202002211774
ID32718,32718,9,605.0,502.1967688483844,455.9183927091964,0.0,35.0,35,13.860015018459311,1,,1385.2760330578512,1376.0,466.0,2180.0,838092.0,307.4064357263183,0.5461753061257759,3.1836600558845616,0.5934493324248972,-0.1251495179044542,18.908706626708437,11.105413492382807,1.7517016508706993,1.7026566943840409,603.5,96.39513746641252,0.8161629659841851,0.9845024469820555,3.9238869792544775
ID32079,32079,9,511.0,503.6660130718954,449.18071895424833,0.0,1.0,1,12.741194683142288,1,,1330.0215264187866,1309.0,472.0,2343.0,679641.0,298.89526253702536,0.5252414768907138,3.064714627600608,1.5920530592896565,-0.4044177956914741,17.778573782472332,11.254553452925258,1.7279483747439746,1.5796782925982165,510.0000000000001,90.98442600989908,0.774187082799439,0.9912536443148691,4.028858101334402
ID32148,32148,9,533.0,503.27694470477974,448.5312402374258,0.0,5.0,5,13.031436002185343,1,,1308.383895131086,1282.0,490.0,2386.0,698677.0,314.21262952124175,0.5364305171946585,2.9076498111222975,1.3503235748469515,-0.33117744291915907,17.852453950070544,11.146728087126549,1.7376287687059933,1.6015869240309624,533.5,92.52832922734153,0.7830596524716199,0.9852262234533703,4.005968300376804
ID32790,32790,9,576.0,502.7215482380127,449.5231080300405,0.0,11.0,11,13.552298857686367,1,,1290.838821490468,1276.0,394.0,2551.0,744814.0,316.5385102799901,0.5334983708319717,2.8374305365961927,1.2523693098477942,-0.15941561804900917,18.299520375790784,11.62390339965277,1.7463604579238388,1.5743007960938,577.0,94.12135382792492,0.818482402449579,0.9956859361518551,3.918323228904468
ID32855,32855,9,589.0,502.50995449374284,457.43486916951076,0.0,39.0,39,13.657583728599338,1,,1410.904761904762,1403.0,491.0,2265.0,829612.0,311.27997735860316,0.5402240246460795,3.1795562274022897,0.6459970397781821,-0.00581015823484656,18.744526439607604,11.07113629293878,1.725083963492235,1.693098697697629,586.0000000000001,94.97800783513469,0.816321750124474,0.9907016060862217,3.9235053397103123
ID32153,32153,9,505.0,503.74967061923587,449.6623847167325,0.0,8.0,8,12.69113085619237,1,,1314.8165680473373,1281.0,546.0,2497.0,666612.0,312.6494202171362,0.5200357088360462,2.877510462864736,1.9709001966426973,-0.4481208423190955,17.82268895856824,11.469134884208861,-1.3934390715661675,1.5539697752711228,506.0,90.76155016061688,0.7718920557975862,0.9921568627450981,4.034843054374622
ID32665,32665,9,595.0,502.2621848739496,455.98571428571427,0.0,33.0,33,13.762063154896342,1,,1388.731543624161,1374.0,399.0,2182.0,827684.0,318.645787504062,0.5445308440906057,3.0730244349658187,0.720282166996226,-0.14889338961884882,18.486526770184017,11.197994034835371,-1.4001763940974197,1.6508784263212728,595.0,95.52510500666502,0.819392118395345,0.9818481848184818,3.916147499504188
ID32415,32415,9,580.0,502.1865113603681,450.1534368708657,0.0,22.0,22,13.581626524224067,1,,1417.3079584775087,1406.0,496.0,2325.0,819204.0,329.38470336902816,0.5453836616951263,3.037082587078932,0.7066930227373396,-0.20884080531669907,18.425722002614314,10.900316813501787,1.798572920614947,1.6903840794600675,579.5,93.79456841490766,0.8277666509229451,0.9863829787234041,3.896287267115199
ID32418,32418,9,599.0,502.1298465829846,449.3817294281729,0.0,21.0,21,13.790944746275178,1,,1359.871237458194,1354.0,394.0,2237.0,813203.0,316.7271151472318,0.5399776720993009,3.0109525873430187,0.9505983938108001,-0.13433696063968814,18.33623148363743,11.593756103777727,1.7769330658632185,1.5815609125728223,597.5,94.28255429875844,0.8446661571329894,0.9974958263772955,3.8571132017625045
ID32610,32610,9,601.0,502.1062621224716,454.3633970628983,0.0,30.0,30,13.83702990310963,1,,1359.6229235880398,1347.0,439.0,2178.0,818493.0,306.1345538555179,0.5395356629039988,3.1129097159667416,0.6243194198618955,-0.18409504646006397,18.768831450869357,11.090919105222131,1.748919425094111,1.6922701601918726,601.5,95.99476290054409,0.8202578874012296,0.9844517184942717,3.914080238523748
ID32099,32099,9,520.0,503.40888675008017,448.3299647096567,0.0,6.0,6,12.859315140102883,1,,1320.856046065259,1296.0,495.0,2512.0,688166.0,320.9935902890336,0.5280115994289102,2.8438450912471254,1.8041719993952052,-0.3967510119468552,17.84659781333141,11.424913902480393,1.763810496490433,1.5620772257598234,519.4999999999999,91.78180541598061,0.7749652399666076,0.9848341232227488,4.026834867232985
ID32611,32611,9,601.0,502.1286111111111,455.1977777777778,0.0,31.0,31,13.81976597885342,1,,1365.5847176079735,1346.0,454.0,2188.0,822082.0,297.169022475658,0.545184908554457,3.242712722803354,0.6762925261327084,-0.1618062340156487,18.64455346767743,11.190432360443653,1.7408072744957828,1.6661155590004613,600.0,95.56923967727802,0.8255147787621848,0.9876543209876543,3.901597871917994
ID32804,32804,9,601.0,502.34457396613936,457.37815709131274,0.0,38.0,38,13.825523015545064,1,,1378.7579298831386,1362.0,525.0,2225.0,825876.0,306.1906686772234,0.5424508121184991,3.167197222960691,0.7098670318991367,4.648713935100343E-4,18.97781065910904,11.034935236256805,-1.417922211262951,1.7197935694950723,600.5,96.78196518231618,0.8056269819436989,0.9812091503267976,3.9494619169017895
ID32229,32229,9,550.0,502.97092846270925,450.38797564687974,0.0,15.0,15,13.20131291522269,1,,1397.4139194139193,1387.0,341.0,2463.0,762988.0,332.0083022456259,0.5327476402709794,2.9258832670147346,0.748438063456128,-0.16593726663079092,18.526446808099003,10.469636823009239,1.7470714940783767,1.769540541022705,547.5,91.89309089484438,0.814757315044094,0.9981768459434822,3.927270341656302
ID32231,32231,9,558.0,502.90312876052946,449.4620938628159,0.0,13.0,13,13.279445656570912,1,,1349.5931283905968,1334.0,475.0,2464.0,746325.0,317.8166612531299,0.5266458854945681,2.9297905711079344,0.960929760016327,-0.22387588797083807,18.251979487042465,10.954849383330105,1.749166458521278,1.6661095783586342,554.0,93.63904290544403,0.7939729316620087,0.9840142095914742,3.9783417159805627
ID32104,32104,9,488.0,503.9826281389749,448.94822841417266,0.0,0.0,0,12.418580428376126,1,,1342.5501022494886,1326.0,444.0,2413.0,656507.0,301.58807477978104,0.513313229012573,3.0199514499634517,2.076565071460572,-0.6181946519254458,17.599748024311978,11.29520844031854,1.7509008755813986,1.5581605348237064,484.4999999999999,89.1902813074103,0.7653649645373907,0.9907975460122697,4.052011255034809
ID32873,32873,9,565.0,502.8918439716312,450.3164893617021,0.0,10.0,10,13.398760233979036,1,,1265.9049295774648,1249.0,471.0,2288.0,719034.0,283.96126765403176,0.5227741118936254,3.0609100578436603,1.3630186979414896,-0.1978245833128484,17.96679352642334,11.61176984258065,-1.4191090449506811,1.5472915645071315,564.0000000000001,93.57308948784701,0.8094444143395801,0.9894736842105265,3.9401378536159823
ID32553,32553,9,593.0,502.1846240179574,455.09483726150387,0.0,28.0,28,13.750493532712625,1,,1367.3976510067114,1351.0,396.0,2263.0,814969.0,324.8722690346935,0.544285646967341,2.9669582176651543,0.5515267232845542,-0.17624853934488263,18.50340513435518,11.117257341023098,1.755214003989961,1.6643857892968725,594.0000000000001,94.82979984003666,0.8300545628266972,0.9875311720698254,3.8909138171939333
ID32747,32747,9,593.0,502.4769533445756,456.3080382237212,0.0,36.0,36,13.738914167683989,1,,1406.8612521150592,1397.0,504.0,2232.0,831455.0,318.0713399955507,0.5407490152069543,3.1047065932926943,0.6244354496396095,0.026052170964058277,18.985468037356426,10.947065754789747,-1.4309043699510775,1.7342974329947347,592.9999999999999,95.56750123974399,0.8159134562360875,0.989157631359466,3.9244869039195693
ID32172,32172,9,531.0,503.4134403525339,450.42036512433117,0.0,9.0,9,12.982491468678777,1,,1285.9077212806026,1269.0,415.0,2475.0,682817.0,304.2414646741331,0.5275296638724434,2.9192993429246887,1.8759749056529536,-0.3155399424726688,17.954205361413386,11.68600026942737,1.7373814337026652,1.5363858418166174,529.5000000000001,91.62202843444888,0.7926400705220251,0.9943661971830988,3.9816851943206477
ID32365,32365,9,572.0,502.64989792942555,448.5720326625838,0.0,20.0,20,13.487553519969305,1,,1380.3117338003503,1366.0,514.0,2367.0,788158.0,322.7348716646408,0.528899515803405,2.9590718340490283,0.8488688000309522,-0.148883701339507,18.447531102845765,10.931126565648176,-1.3975719340147081,1.6876148118912475,571.5,94.64789967798956,0.8016856995094827,0.9828030954428201,3.95915827313924
ID32047,32047,9,520.0,503.4548776612647,450.1329837940896,0.0,3.0,3,12.921050085167158,1,,1310.8901515151515,1301.0,408.0,2466.0,692150.0,327.8518363835878,0.5298299325370371,2.7695678661433614,1.5984553372117642,-0.3448286480412353,17.8461452677335,11.359390045248515,1.7428093945058039,1.5710478464641076,524.5,91.91605461056334,0.7801401106039056,0.9905571293673276,4.013457128505177
ID32500,32500,9,567.0,502.7991452991453,452.34468022399057,0.0,25.0,25,13.41656590327546,1,,1402.8233215547702,1378.0,507.0,2291.0,793998.0,308.95315202374593,0.5310292098389412,3.1497441404963644,0.8896139827428923,-0.18697618509561184,18.612643059113932,10.831932970156615,1.7666164553065644,1.7183122449514954,565.5,94.33861086328118,0.7984790380034559,0.9903677758318739,3.9671002221540443
ID32441,32441,9,576.0,502.41442613472105,451.00043365134434,0.0,23.0,23,13.546425705142862,1,,1403.3229166666667,1395.0,509.0,2381.0,808314.0,321.89836888574666,0.5387280066689583,3.0526466177646805,0.9048367212075952,-0.3573632761754765,18.668749975981672,10.9870974157204,1.8177722840992674,1.699152129958393,576.5,95.21433738170786,0.7991061569824052,0.9787775891341255,3.965543274988551
ID32569,32569,9,606.0,502.0883319638455,455.22473294987674,0.0,29.0,29,13.917311728305746,1,,1343.5024549918166,1330.0,446.0,2207.0,820880.0,311.1640723348309,0.5433777779091623,3.0402454275973785,0.8104605675920475,-0.08324307680913563,18.684978315571463,11.532021856819089,-1.3691042812846206,1.6202690688209809,608.5000000000001,96.10406948431608,0.8279171719609826,0.9894308943089433,3.895933065099321
ID32889,32889,9,617.0,502.0099945975149,457.2714748784441,0.0,41.0,41,14.01417852659937,1,,1390.0454545454545,1361.0,504.0,2297.0,856268.0,322.3531788493246,0.5531774454646543,3.071640812939451,0.6129727107745452,-0.14418672741640032,19.121400208584117,11.012169455794268,-1.3792516425116095,1.736388119102455,617.0,97.07935330810062,0.8226995860793062,0.9879903923138509,3.9082676027014593
ID32378,32378,9,575.0,502.7130764740222,448.71687098657327,0.0,19.0,19,13.48165216176951,1,,1365.6742556917688,1351.0,527.0,2332.0,779800.0,300.4299007812575,0.5322461454834263,3.1580423621936538,1.1245445200444404,-0.3266136732144139,18.39021387867555,11.260568096325683,-1.3647648228228404,1.63315151787735,571.0000000000001,95.0844286079353,0.7936466185582067,0.9836347975882862,3.9791594928040492
ID32506,32506,9,595.0,502.2137650686851,453.67802074572467,0.0,26.0,26,13.756279560123208,1,,1380.0252951096122,1375.0,382.0,2212.0,818355.0,334.4958404292675,0.5420006636368776,2.900291024968403,0.6110013933097899,-0.12273905108417425,18.848270887349056,10.829512050245999,1.7643216554296195,1.7404543067035885,594.5,96.35354345124341,0.8046858074909912,0.9818331957060281,3.9517709214555077
ID32762,32762,9,587.0,502.45506257110355,457.08134243458477,0.0,37.0,37,13.657583728599336,1,,1412.1774744027305,1387.0,555.0,2375.0,827536.0,318.2744328450548,0.5418330961425417,3.1184995648134275,0.5557074609913074,-0.1189170946827141,18.818790804222946,10.772366731202974,-1.3962054364164782,1.7469504403069473,586.0,94.70763265618899,0.8209893399156053,0.9949066213921903,3.912336244016497
ID32826,32826,9,601.0,502.17941257966197,457.76045996120814,0.0,40.0,40,13.83702990310963,1,,1414.6066666666666,1394.0,422.0,2250.0,848764.0,308.8616051039708,0.5516388952636962,3.256611817517978,0.49200809844025384,-0.12309055489538635,19.39916164176156,10.784458204856973,1.7684699863691955,1.7988072532957475,601.5,96.38773756319401,0.8135831073852114,0.986065573770492,3.9301033455646204
ID32507,32507,9,587.0,502.3068085106383,451.0151773049646,0.0,24.0,24,13.675052399642826,1,,1390.3877551020407,1376.0,519.0,2277.0,817548.0,314.73748719591686,0.5408258254445929,3.10113969248985,0.5851423094066326,-0.12867859909200233,18.546908612364867,10.91914986231744,1.7580243630765824,1.6985670904995291,587.5,94.78123655798576,0.8218129758195605,0.9857382550335573,3.9103752453034875
ID32316,32316,9,552.0,502.97113931701415,449.90646721063763,0.0,16.0,16,13.249449129317059,1,,1381.9710669077758,1376.0,408.0,2427.0,764230.0,321.161105495511,0.5323774799522938,2.9899224039896914,1.3469665417339813,-0.26265800965020697,18.266480698350875,11.441280294568019,1.7765382409286563,1.5965416656231435,551.5,94.25199338943386,0.7801431374468197,0.9848214285714286,4.01344934268007
ID32189,32189,9,511.0,503.7045751633987,449.66209150326796,0.0,2.0,2,12.741194683142286,1,,1310.5333333333333,1299.0,445.0,2366.0,668372.0,305.98648137547656,0.5209260200490796,2.933889742196573,1.7755792477634595,-0.4002276142897385,17.878349793443224,11.253665467498005,1.7175680897141323,1.5886690292223575,510.00000000000006,92.7879601766885,0.7443835810261012,0.9817131857555342,4.1087199365688445
ID32637,32637,9,587.0,502.3299145299145,455.2789173789174,0.0,32.0,32,13.64592552440169,1,,1388.3805460750852,1370.0,483.0,2232.0,813591.0,315.0266523475019,0.5394897795581904,3.0888557612111356,0.8365248966721636,-0.10090027059057949,18.687964377872404,11.100885026390308,1.7689379882277818,1.683466168097878,585.0,95.45211079514524,0.8068534433618257,0.9831932773109243,3.9464590761518537
ID32191,32191,9,527.0,503.30888888888893,449.0409523809524,0.0,4.0,4,12.927207364566026,1,,1303.4242424242425,1283.0,486.0,2381.0,688208.0,297.59852535830913,0.5307225933159756,3.037079070086817,1.9379479432289628,-0.451280406320601,17.626613930087018,11.878724341562204,-1.367931581023045,1.4838810484399954,525.0,91.2428093549715,0.7924500005770136,0.9877704609595482,3.98216267132935
ID32064,32064,10,527.0,401.67900656044986,157.374101843174,0.0,6.0,6,13.031436002185343,1,,331.0094161958569,327.0,233.0,477.0,175766.0,42.88129629040292,0.21991759733940758,2.7831199501906547,-0.0596247222583423,-0.031940978215574324,17.85609943210135,9.618535938073522,-0.6897619462364022,1.8564259204377118,533.4999999999999,91.51328865698903,0.8005269599617356,0.9762122598353155,3.9620226203630877
ID32068,32068,10,548.0,402.60708898944193,155.29547511312217,0.0,0.0,0,13.26145588223798,1,,329.4619565217391,329.0,216.0,455.0,181863.0,39.4499660390791,0.20583207925956065,2.85111584016149,0.015139989369265394,0.13125261140912559,17.060733915139405,10.622644642582125,-0.7614131103566901,1.6060721683891634,552.5,88.30662873263117,0.8903392844725624,0.9937050359712231,3.7568786211398746
ID32773,32773,10,540.0,400.4582565991406,159.27716390423572,0.0,11.0,11,13.146949007195488,1,,332.929889298893,331.0,222.0,481.0,180448.0,44.11423030836383,0.1902064938262919,2.412165493184773,-0.03371357251598823,-0.015546312330758994,17.22352789387076,10.128094530351156,-0.6447859413489649,1.7005694252019974,543.0000000000002,90.42781650177781,0.8344601563455702,0.9766187050359716,3.8806290421715284
ID32837,32837,10,531.0,411.3847235238988,163.33473914401748,0.0,39.0,39,13.031436002185343,1,,363.77340823970036,363.0,224.0,517.0,194255.0,53.10309952329754,0.23780940948706406,2.6321845081018456,-0.055606125962390465,-0.04095124692210466,17.336271287452675,9.914663948679411,-0.3713586568651688,1.7485485516391897,533.4999999999999,88.68117033018379,0.852474616131104,0.9816007359705607,3.83940745660905
ID32647,32647,10,539.0,411.2164643635232,162.5398381574852,0.0,33.0,33,13.055839461766519,1,,353.89138576779027,354.0,209.0,479.0,188978.0,45.28557913951194,0.21388639619892766,2.753881062703088,0.1885666939130169,-0.130476567801208,17.671062508529065,9.897627502610801,2.767852788588357,1.785383669355892,535.4999999999999,89.73415705220509,0.8357064695544311,0.9798719121683438,3.8777343154036035
ID32137,32137,10,559.0,401.8023872679045,158.0531977600943,0.0,4.0,4,13.41656590327546,1,,324.2575488454707,322.0,203.0,463.0,182557.0,43.55872330759426,0.20792071695610206,2.5627384389778043,0.043831824390171754,-0.04946907674643753,17.592597273109963,10.49935075260659,-0.6780156826918508,1.6755890614229065,565.5,90.65447260652138,0.8646970989332255,0.985191637630662,3.8121758962275254
ID32396,32396,10,565.0,404.0563401000294,158.55383936451898,0.0,22.0,22,13.42842323294576,1,,336.2155477031802,335.0,217.0,469.0,190298.0,44.91572646083775,0.2399305968016833,2.896927440382249,-0.01576477278342548,-0.09811338081770804,18.03793303118616,10.137062865761843,-0.5410199357042921,1.7794042781474388,566.5000000000001,92.6544293362873,0.8292345852416882,0.9792566983578221,3.8928370810388566
ID32589,32589,10,525.0,407.76247219574196,159.39672704162695,0.0,30.0,30,12.921050085167158,1,,358.98857142857145,358.0,198.0,481.0,188469.0,49.658527311906376,0.25288461046846344,2.918287726927466,0.27977244407403956,0.19724176800649912,17.33010304848981,10.142032861887035,2.7942137826273923,1.708740573461853,524.5,88.11586011148874,0.848881730705954,0.987758945386064,3.8475240086967006
ID32142,32142,10,499.0,402.43015557762334,159.86941410129097,0.0,9.0,9,12.65974042757349,1,,340.65940594059407,339.0,225.0,462.0,172033.0,45.584332665588356,0.2018435130892078,2.51016142848017,-0.042709589449604304,0.08495788143416848,17.36947416872531,9.671878484323072,-0.6772670171947754,1.7958739035937121,503.5000000000001,87.30908487912379,0.8300236489883551,0.9872549019607845,3.8909862741419627
ID32590,32590,10,489.0,408.9241192411924,161.30149051490514,0.0,31.0,31,12.514330345744634,1,,365.9107505070994,365.0,204.0,514.0,180394.0,52.58674739968111,0.25626534479731417,2.838816727278099,0.1454570602730742,-0.018035848274345404,17.21008578721334,9.431757708521925,2.8161909936670453,1.824695493573104,492.0,86.07301044099516,0.8345281314069499,0.9859719438877755,3.8804709939529096
ID32400,32400,10,552.0,403.67045799211405,159.53002729754323,0.0,21.0,21,13.225402922330685,1,,338.4590163934426,336.0,210.0,483.0,185814.0,45.95754006484432,0.20417045219395297,2.4973777234345294,0.09491830850540307,0.09452739342683597,17.36059481704736,10.515458781054631,2.5335920874732274,1.6509593331605648,549.5000000000001,88.82011258126093,0.8752959563748809,0.992773261065944,3.7890250015199847
ID32467,32467,10,506.0,409.60706075533665,158.87077175697866,0.0,25.0,25,12.709927900593057,1,,358.21456692913387,358.0,232.0,502.0,181973.0,49.97955424584006,0.2474429104498721,2.8433819091850965,0.1909408599134413,-0.06347819556239946,17.97098254624299,9.315928699408586,2.717222600748203,1.9290596918570087,507.5000000000001,88.15142272064394,0.8207053388894062,0.9844810863239576,3.913013107775512
ID32212,32212,10,518.0,400.987552537989,160.65842224377627,0.0,15.0,15,12.809712968202843,1,,341.07045009784736,338.0,243.0,499.0,174287.0,43.89540741077357,0.2436788720653558,3.0448410426188612,0.07323754242743005,0.0640200884283267,17.185972231299136,9.801962486781905,2.503085719369509,1.7533195270309063,515.5,88.78546002623347,0.8217786142996905,0.9809705042816366,3.91045699787638
ID32213,32213,10,549.0,400.4878787878788,160.5030303030303,0.0,13.0,13,13.231418571003069,1,,331.3212341197822,330.0,204.0,487.0,182558.0,43.766366114149974,0.21997171505360316,2.729957312838229,-0.034161797642178714,0.04266084125518519,17.345065806035034,10.211985268946194,-0.6223301564869932,1.6985008643500448,550.0,89.52481270498687,0.8623542564584917,0.9830205540661304,3.8173508400610108
ID32469,32469,10,544.0,407.4908088235294,159.00398284313727,0.0,24.0,24,13.159049284959082,1,,345.54128440366975,344.0,227.0,513.0,188320.0,48.804895960044895,0.23806601784669107,2.7228276474740016,0.07796530065365637,0.06688937299646482,18.049589422274288,9.874019410836818,2.6289103370057667,1.827988043295187,543.9999999999999,91.7058931050942,0.8128572324722804,0.9740376007162039,3.9318577291884536
ID32789,32789,10,526.0,411.91937539834294,163.03346080305928,0.0,38.0,38,12.90256061695207,1,,363.7164750957854,362.0,233.0,498.0,189860.0,49.92535768859663,0.26402958545768224,3.0434567817299887,-0.07088681263285894,-0.19434567908648714,17.55729790370782,9.822402226453367,2.795171277451983,1.7874749474647953,523.0000000000001,89.64047155437562,0.817905800049828,0.978484565014032,3.9197041437527202
ID32854,32854,10,541.0,402.1466420209489,159.34812076401724,0.0,10.0,10,13.122714979204217,1,,334.0796296296296,334.0,201.0,501.0,180403.0,46.28245891882958,0.1826117521691109,2.2292054695145844,-0.0012497246724139815,0.011259151939737358,17.9613993231747,9.756180643276215,2.476851808342169,1.8410277525512377,540.9999999999999,91.19651012858725,0.8174302224845272,0.9783001808318262,3.9208442118870526
ID32278,32278,10,542.0,401.98588090853286,160.94843462246777,0.0,16.0,16,13.14694900719548,1,,338.96316758747696,339.0,220.0,492.0,184057.0,46.866011086009124,0.24117275676681996,2.81073905024738,0.15050669054513005,0.04615638967086185,17.62647016792841,10.058591320250427,2.5278450932992627,1.7523795933971367,542.9999999999998,91.80527157304914,0.8096073725026997,0.9722470904207693,3.939741297234737
ID32473,32473,10,473.0,410.35935302391,158.93530239099857,0.0,26.0,26,12.283276682185287,1,,365.796218487395,365.0,246.0,521.0,174119.0,52.82450055943993,0.2386573850506493,2.6684402883530707,0.0285287472346736,0.00913274767811371,17.783048823618998,8.691082836886515,2.6749663335196643,2.0461258001298237,474.0,87.0982635940813,0.7851799693895395,0.970317297850563,4.00055574227569
ID32537,32537,10,556.0,408.1029323758229,157.66187911430282,0.0,28.0,28,13.315352289908494,1,,347.61400359066425,346.0,207.0,490.0,193621.0,49.434209071940565,0.22288723665318863,2.5632942122387607,0.00931432423525559,0.01711407153257769,17.68607202063626,10.292856429064111,-0.4191785451707302,1.7182860892430019,557.0,91.47164221037384,0.8365503917391296,0.9729257641921399,3.8757778691452733
ID32026,32026,10,596.0,402.1146968426935,155.95459625593742,0.0,3.0,3,13.779399374015949,1,,317.6571906354515,317.0,207.0,427.0,189959.0,41.31033679882808,0.20940923885501747,2.662885586338799,0.0642869903539405,0.2002456727822785,17.52904614350639,11.18949974320258,2.4402548925222107,1.5665620935515878,596.5,92.67342852043029,0.8727901801474692,0.9835119538334708,3.794460239063814
ID32730,32730,10,542.0,411.8860622880049,162.76025285229727,0.0,36.0,36,13.116649476232062,1,,358.62661737523104,359.0,217.0,510.0,194017.0,48.03287024045785,0.2613329859251238,3.0938443003974174,-0.23028260987649976,-0.10911289112985598,17.482240658690273,10.222757998710255,2.8754693945756857,1.7101295619925565,540.4999999999999,89.37104003720567,0.8503778477850904,0.9854147675478576,3.8441379371453173
ID32353,32353,10,523.0,403.9931550461636,159.77602674307545,0.0,20.0,20,12.908726715567823,1,,344.3542857142857,342.0,238.0,504.0,180786.0,43.61542777279284,0.24875381680721834,3.145489764238743,0.20869135030663577,0.4868285125266986,17.5681782925255,10.175168234493839,2.486583539262113,1.7265737418443208,523.5,90.7848303070588,0.7981784126162618,0.976679104477612,3.96784723481848
ID32290,32290,10,520.0,402.9043031470777,160.4942196531792,0.0,17.0,17,12.853125337029411,1,,342.04615384615386,339.0,214.0,511.0,177864.0,47.54587871184109,0.2543265631385644,2.9173123583169907,0.23301825872065043,0.060340773849683706,17.633641468085028,9.647396610682824,2.5253886423580747,1.8278134692377856,519.0000000000001,89.20485039975638,0.8195968553480282,0.9755639097744361,3.9156583381696226
ID32674,32674,10,536.0,411.14825218476904,162.9238451935081,0.0,34.0,34,13.037541149394091,1,,355.9158878504673,353.0,205.0,483.0,190415.0,46.34925254546159,0.21164333150215395,2.6826525560042462,0.03660844653087094,-0.09927647353398378,17.713431981077786,9.88077143755289,-0.3395839057036995,1.792717511282172,533.9999999999999,91.31040048239481,0.8048419894431821,0.9717925386715194,3.951387476474838
ID32291,32291,10,510.0,403.92829076620825,160.6771447282253,0.0,18.0,18,12.728697186576067,1,,350.57254901960783,350.0,237.0,514.0,178792.0,48.61950451642775,0.2632995762573409,3.005669214949294,0.2933349188615003,0.4166491594363058,17.40929388100415,9.978939567084383,2.5732032896377772,1.7446035988061148,509.00000000000006,90.4003536306695,0.7826856792435141,0.9732313575525816,4.006925227292391
ID32297,32297,10,544.0,400.83363774733635,161.0677321156773,0.0,14.0,14,13.20131291522269,1,,337.8702010968921,338.0,222.0,511.0,184815.0,48.34551667108253,0.23643486776710043,2.6727845974949416,0.0608785634558533,-0.07037422090853655,17.78225615322566,10.002805968616968,2.4900357012823466,1.7777267907641232,547.5,91.66404527405615,0.8188341534305085,0.97506678539626,3.9174815309345337
ID32748,32748,10,554.0,412.084012066365,162.7265460030166,0.0,37.0,37,13.26145588223798,1,,355.67088607594934,358.0,183.0,497.0,196686.0,53.78523619663613,0.24926895248589898,2.638927593222165,0.024074237352790684,-0.02352580135611719,17.71282941062865,10.103615869917412,-0.329775291450844,1.753117857871752,552.5,90.55271378682693,0.846718806144826,0.9848484848484846,3.8524350821040754
ID32876,32876,10,508.0,412.3436781609195,163.55747126436782,0.0,41.0,41,12.709927900593053,1,,370.4240631163708,370.0,207.0,513.0,187805.0,53.27076459497795,0.27977961403447793,3.040332873768239,0.035411590642608966,-0.08509534489164705,17.107697750943853,9.646430957574458,-0.3834540366649244,1.7734743374191413,507.49999999999994,87.21408118353601,0.8384413547805012,0.9750240153698368,3.8714048204902434
ID32557,32557,10,557.0,407.2061639736685,159.36505086774386,0.0,29.0,29,13.315352289908498,1,,346.9,348.0,206.0,490.0,194264.0,47.714573254871105,0.21913458139025907,2.613620450192468,0.11289652278272438,0.0850175509155661,17.5220924906908,10.431023132369058,2.765969007176713,1.679805736056425,557.0000000000001,91.46451574121616,0.8366807566739604,0.9780509218612822,3.8754759109560566
ID32366,32366,10,523.0,403.8464870067372,160.07266602502406,0.0,19.0,19,12.859315140102884,1,,346.0793036750484,345.0,196.0,494.0,178923.0,49.111677603535114,0.2530126079165217,2.845820979680868,0.11256243982067071,0.19646098691988143,17.600982004171023,9.82374646606492,2.5345422206726402,1.7916771432336664,519.5,91.65332888715292,0.77713940272783,0.9584870848708487,4.021198088096209
ID32815,32815,10,517.0,411.6529790660225,163.37375201288245,0.0,40.0,40,12.834538016621856,1,,368.02504816955684,368.0,221.0,539.0,191005.0,54.164462026937535,0.2553333569773139,2.764021557189303,0.3192984374588106,-0.17615108119578518,17.69701541322427,9.641618235468252,-0.4072775530492896,1.8354818642500217,517.5,88.0919236865716,0.8380077409443476,0.9829059829059831,3.872406289519809
ID32688,32688,10,572.0,401.73397435897436,156.79312354312356,0.0,7.0,7,13.493452297211721,1,,323.6544502617801,322.0,199.0,476.0,185454.0,45.01836418509457,0.1644354370897052,2.0304947538023117,-0.011464165534357482,0.013365781935389592,17.121085564224778,10.846693185215274,-0.6869799471479221,1.5784613127586107,572.0,89.94113805612774,0.88856486304873,0.9896193771626297,3.760627903519075
ID32432,32432,10,555.0,405.55670567056706,158.7811281128113,0.0,23.0,23,13.297411092956994,1,,342.2647584973166,341.0,212.0,495.0,191326.0,46.60204465306851,0.24082864430215786,2.8509102039245713,0.1272800288997032,0.45815401002852874,18.015118461892232,10.438857852277978,2.5952687026110297,1.7257748612757433,555.5,93.65618644600637,0.7958312478441759,0.9745614035087717,3.9736941618380213
ID32049,32049,10,565.0,402.56106194690267,155.75811209439527,0.0,1.0,1,13.410633306963609,1,,321.19115044247786,319.0,223.0,431.0,181473.0,39.200008950105094,0.2103442009562004,2.847928292278081,-0.03404791429785012,0.04957647427198699,17.37167397937175,10.531214390174778,-0.7417459648735096,1.6495413858043626,565.0,90.85900244782984,0.8600473918752898,0.979202772963605,3.822466961794229
ID32177,32177,10,608.0,402.2246732026144,155.92429193899784,0.0,2.0,2,13.957279475043833,1,,313.5528455284553,312.0,205.0,424.0,192835.0,40.569882454980714,0.1824961423813397,2.385563321349841,-0.10847770674506348,0.012385784079720994,18.07300356385178,10.942251195374663,-0.7519269223887054,1.651671419450809,611.9999999999999,94.66870616923795,0.8581207482903225,0.9815557337610262,3.8267556370228464
ID32113,32113,10,527.0,401.71959672337744,159.08790170132326,0.0,5.0,5,12.976360421598395,1,,334.13257575757575,333.0,207.0,461.0,176422.0,44.36404341999386,0.19750664833346804,2.4843997593302705,-0.011205387629669503,-0.04984898357582043,17.23464378508674,9.964500877378297,-0.7179549260570911,1.7296043221004007,529.0,88.75005260151923,0.8439725038704126,0.9796296296296296,3.8586979391964884
ID32625,32625,10,520.0,410.839382362305,162.0826170009551,0.0,32.0,32,12.908726715567822,1,,359.2919847328244,361.0,183.0,504.0,188269.0,51.603139334443,0.23871362159058263,2.6835376299227325,0.09862209879607278,-0.08283804926496881,17.859668552130838,9.533057829652703,2.7564158689065295,1.8734459468585307,523.4999999999999,89.1717092175138,0.8273177987102156,0.9821763602251407,3.8973440677923388
ID32690,32690,10,551.0,411.7092881148793,162.32187595478155,0.0,35.0,35,13.177178867772032,1,,355.05514705882354,354.0,211.0,508.0,193150.0,48.75708090593822,0.23596149235306593,2.7805090064511613,0.1442874269537665,-0.09164699001512945,17.683356884736558,10.037415313098517,2.80398173274537,1.7617440678837233,545.5,91.16649568155452,0.8247723557917694,0.9637809187279152,3.9033534983638813
ID32245,32245,10,558.0,400.51913303437965,160.6521674140508,0.0,12.0,12,13.321327319282537,1,,332.2769784172662,332.0,211.0,505.0,184746.0,44.370701828610926,0.1863155373433987,2.3522463587687694,0.021714526750194346,0.089066176960351,17.119626353296987,10.64244428629478,2.494730183724044,1.608617897614315,557.4999999999999,90.38801692054963,0.8574978094326647,0.976357267950963,3.8281453793494054
ID32118,32118,10,538.0,403.25650557620816,157.73791821561338,0.0,8.0,8,13.086279790944385,1,,332.1259259259259,334.0,208.0,469.0,179348.0,45.39861458244771,0.16872167876435779,2.1122725834097937,0.07652079595278673,-0.022552762699273154,16.964626508072023,10.401175857973241,-0.6157463776246983,1.631029677771233,538.0,87.80964582271177,0.8768144305746196,0.990791896869245,3.785742647996413
ID32509,32509,10,515.0,410.0746561886051,157.83071381794366,0.0,27.0,27,12.728697186576065,1,,358.30409356725147,356.0,197.0,529.0,183810.0,55.208846406089904,0.22127690341916129,2.3517710196328396,0.12164931716925308,-0.0058986568282388945,17.470642780212916,9.492512584747747,-0.4145663253272932,1.8404655905628362,509.0,91.2665085082457,0.7679001870980011,0.9478584729981379,4.045316867261873
ID32513,32513,11,694.0,406.64788226848526,191.98312993539125,0.0,27.0,27,14.889688906320716,1,,2004.903735632184,2046.0,440.0,3035.0,1395413.0,502.63657730942566,0.7890778419546914,3.5185201502054118,-0.3053019214806784,0.004012485355865171,17.27059145480383,13.637864000620036,1.826029560384438,1.2663707054138857,696.5,97.4803708904452,0.9210784871386396,0.9942897930049964,3.6936574164027394
ID32067,32067,11,675.0,405.1199353716133,192.50621426795925,0.0,6.0,6,14.609133399563152,1,,1918.2755555555555,2007.0,434.0,3093.0,1294836.0,511.96818502012286,0.7879387908965129,3.302462154926874,-0.12578622469951356,-0.07305227347014269,16.91249514841796,13.368495309401823,-1.090127444890955,1.2651008776226078,670.4999999999999,97.01751372762601,0.8951758652663728,0.9802631578947367,3.7467157818180232
ID32774,32774,11,703.0,404.5569800569801,193.26448243114908,0.0,11.0,11,14.948362455500638,1,,1868.9758522727273,1931.0,430.0,2963.0,1315759.0,476.93126532917677,0.7814272804352639,3.4379405489636015,0.1525836840999311,0.07754359577867094,17.437369826615864,13.349709448490586,-1.077794096962132,1.3061984527751245,702.0,98.56025627534531,0.908120183042136,0.985263157894737,3.7199171553326424
ID32838,32838,11,677.0,405.6152141802068,197.3109305760709,0.0,39.0,39,14.679774962390475,1,,2155.648449039882,2206.0,416.0,3591.0,1459374.0,629.6590374544264,0.8079176261965616,3.059785165475678,-0.08604684339888427,0.031103216354130134,16.739401749585728,13.297813366940234,-1.1254771446595635,1.2588085941408718,676.9999999999999,97.13418379492325,0.9016839562202459,0.9797395079594787,3.7331699459911145
ID32071,32071,11,665.0,405.3804320522482,191.2935192162773,0.0,0.0,0,14.532673858686334,1,,1961.5098039215686,2074.0,365.0,3314.0,1300481.0,580.6382149722973,0.7911270525566807,2.984246582248582,-0.21994926867362521,-0.33368721325121914,16.69546229760361,13.357230634928802,2.140649500675417,1.249919444674813,663.5,97.44024435959844,0.8781608314744602,0.9735876742479824,3.782839374267967
ID32648,32648,11,660.0,406.21287878787876,196.29166666666666,0.0,33.0,33,14.494292838262304,1,,2159.576631259484,2182.0,480.0,3524.0,1423161.0,607.1498952141419,0.8046360504342461,3.171849323715014,0.36941951502786663,0.07327955814264664,16.5722426497195,13.106826015032683,-1.1282617195300946,1.2643978512198306,660.0000000000001,97.8782775041037,0.8657274015576175,0.977777777777778,3.809906784664664
ID32399,32399,11,714.0,406.8534644194757,193.67883895131087,0.0,22.0,22,15.054455784347004,1,,1936.917018284107,2005.0,499.0,2987.0,1377148.0,501.46003464261526,0.7883399378090094,3.4054000464616045,0.2736468849781145,0.031078011525496975,17.28043175975981,13.50499085909462,-1.1262385214040773,1.2795589378813024,712.0,100.20436402377707,0.8910797732192833,0.9813921433494144,3.7553173105748883
ID32591,32591,11,674.0,405.7582297000732,195.0847354303828,0.0,31.0,31,14.750078210186578,1,,2074.484716157205,2155.0,312.0,3581.0,1425171.0,670.6692097494899,0.8027345068409597,2.7546855261594154,0.03093017679515409,-2.3627456133427683E-5,16.578159459985365,13.861613134772616,1.9563628935533142,1.1959762041257769,683.4999999999999,95.47614278095097,0.942233741650645,0.9978102189781021,3.651956584008477
ID32592,32592,11,680.0,405.46041055718473,193.95527859237538,0.0,30.0,30,14.733884157863645,1,,2088.2639296187685,2129.0,398.0,3476.0,1424196.0,606.4938214820017,0.8012324382679755,3.063217015699206,-0.08517473374138755,0.05451301668483931,16.73088703800033,13.254705399783287,-1.231057385882672,1.262260196162027,682.0000000000002,98.13054131611523,0.8899914809872912,0.9756795422031477,3.757612632572953
ID32145,32145,11,684.0,405.96212121212125,192.05522971652005,0.0,9.0,9,14.733884157863642,1,,1913.812041116006,1967.0,544.0,3031.0,1303306.0,472.9919597955857,0.780115433617687,3.546387800971726,0.19833896458672523,-0.27257967277538186,16.78101488845915,13.667612355391597,2.0629161656284696,1.2277941788303193,681.9999999999999,97.68596747247855,0.8981107082214954,0.9820014398848089,3.7405890202647405
ID32402,32402,11,719.0,406.681396427743,194.14926931106473,0.0,21.0,21,15.123017331969622,1,,1917.6114206128134,1959.0,446.0,2909.0,1376845.0,485.88538659548595,0.7859867827060626,3.473711673334757,0.023977197095995353,-0.0088392723460914,17.472340702642892,13.80832294132966,-1.1596531287310174,1.26534849864689,718.5,99.5687565139003,0.9107317342371251,0.9883081155433289,3.714579838058615
ID32214,32214,11,683.0,406.19245742092454,195.74379562043796,0.0,15.0,15,14.766254502611577,1,,1937.6486880466473,1973.0,333.0,3030.0,1329227.0,510.8806141821997,0.7886780637837403,3.344669359909862,0.39889783274843477,-0.030632412137035474,16.82135487436559,13.612076120184195,-1.0936589004225197,1.235767029646758,685.0000000000002,97.97920590798401,0.8966699280270106,0.9827833572453373,3.743593026098032
ID32470,32470,11,734.0,407.6269300635786,192.65213442325157,0.0,25.0,25,15.285269263539403,1,,1911.4279891304348,1979.0,331.0,2977.0,1406811.0,510.0330844056412,0.7829799771558883,3.2914993857711825,0.09491052061344069,0.2384466526227358,17.693434360682208,13.715782348258989,-1.1917822981201813,1.290005477735517,734.0000000000001,100.88434282935874,0.9062716306514688,0.9865591397849462,3.7237090420875765
ID32215,32215,11,714.0,404.37218742751105,196.2564370215727,0.0,13.0,13,15.123017331969622,1,,1851.6175243393602,1905.0,440.0,2867.0,1331313.0,479.68212812014787,0.7827529298018823,3.3897001545399434,-0.020671398102962216,0.09291084034603418,17.31189785022135,13.50659129684542,-1.192125972029374,1.2817370030486295,718.5,100.32515450937696,0.8970506432968182,0.9762228260869569,3.74279853679423
ID32791,32791,11,661.0,404.96177138531414,198.08768609639162,0.0,38.0,38,14.499782061272288,1,,2193.14069591528,2240.0,519.0,3573.0,1449666.0,602.0930763585548,0.8112388319463316,3.2629157982381125,-0.1612745191804683,-0.11352450377009232,16.3395972468281,13.530179327511663,-1.054960892295712,1.2076408487509025,660.4999999999998,95.28017499461174,0.9142765771976881,0.9902548725637176,3.707371740030863
ID32856,32856,11,706.0,405.2907851433945,192.3368594264222,0.0,10.0,10,15.022706457370044,1,,1867.3906911142453,1954.0,351.0,2958.0,1323980.0,522.0335844048305,0.7832123955594394,3.1422679757063574,0.11956244382349601,0.20712572835604612,17.45282335969814,13.261267412192828,-1.0320465116636506,1.3160750641112526,709.0000000000001,100.13947000335274,0.8884756343118343,0.983356449375867,3.7608167368648298
ID32472,32472,11,718.0,407.66550279329607,193.26373370577284,0.0,24.0,24,15.096684354771218,1,,1938.0923076923077,1996.0,331.0,3015.0,1385736.0,491.097835369217,0.7842250744394387,3.469185474590771,-0.009579406860743215,-0.044611703539243555,17.185950639688258,13.93192883974593,-1.1715549389794417,1.2335657781038214,715.9999999999999,98.81360281335363,0.92148743511476,0.9916897506925206,3.6928377191975965
ID32154,32154,11,656.0,404.46145992853496,193.62200102092905,0.0,4.0,4,14.417224270920364,1,,1976.061255742726,2083.0,465.0,3277.0,1290368.0,560.2856736694948,0.7962051024588929,3.1267266236655114,-0.17164939845957589,-0.2841489841124583,16.30104426380769,13.388608204768758,-1.0760567657407565,1.2175309049675216,652.9999999999998,95.37345686162502,0.9021276561099945,0.9739000745712153,3.7322517772580284
ID32538,32538,11,706.0,405.9018845700824,192.74004711425206,0.0,28.0,28,15.006806604838749,1,,1995.481638418079,2029.0,470.0,3177.0,1412801.0,531.2825542218642,0.7938644158308956,3.3243664980746463,0.039433966227487335,-0.11243157449813737,17.07533099363533,13.783216408793361,-1.3306850780536628,1.2388495172100524,707.5,99.73842351142193,0.8937402344378015,0.9846903270702851,3.7497237824384912
ID32027,32027,11,657.0,405.00151745068285,192.81588265048055,0.0,3.0,3,14.483308150941141,1,,1935.9034690799397,2057.0,295.0,3163.0,1283504.0,582.8358189714878,0.7937550200773995,2.9396174390320073,-0.1980734382990729,0.02875394641814554,16.795420886579734,13.167021385070548,-1.003160742021569,1.2755672217274026,659.0000000000001,94.86180000642678,0.920264261092564,0.9865269461077848,3.6952910814604656
ID32283,32283,11,690.0,405.55680444766745,195.66437031665458,0.0,16.0,16,14.814677401945804,1,,1940.5639534883721,1991.0,354.0,3037.0,1335108.0,510.06612178899434,0.7903754171778177,3.359083460853379,0.07758214234806743,0.09585578286156456,16.912273229570854,13.237227577011858,1.9856932066655375,1.2776295588466866,689.5,99.31664307340334,0.878415662443528,0.9724964739069113,3.782290628048707
ID32731,32731,11,665.0,404.34834834834834,198.19044044044045,0.0,36.0,36,14.560026929865366,1,,2158.2994011976048,2210.0,318.0,3621.0,1441744.0,626.4448823195448,0.8082191023216567,3.0799018606127855,0.22696402045936723,0.08238986967214526,16.76718140679753,13.371786998008748,2.092541651893073,1.2539222625438473,666.0000000000001,97.12539612748047,0.8871937772289135,0.9808541973490429,3.763532653959231
ID32476,32476,11,715.0,407.40669465826915,191.6646839281549,0.0,26.0,26,15.080862497825464,1,,1948.4622905027934,1995.0,345.0,3014.0,1395099.0,506.9761887097482,0.7842921399274381,3.3786743815012548,-0.21551527212656044,0.10082757949325065,17.4935408410997,13.460790324916701,-1.2744918219597863,1.2995924027371666,714.5000000000002,99.00516968364995,0.9160018531168079,0.9855172413793105,3.7038787046130572
ID32355,32355,11,705.0,406.8984026309608,193.6270848015034,0.0,20.0,20,15.02800266992921,1,,1920.393811533052,1972.0,352.0,2913.0,1365400.0,498.2981766603782,0.7861179389271311,3.3924118370064464,0.026718896568450695,0.03115081127521812,17.321951144591942,13.691322862287548,-1.1529111373304088,1.2651773184244222,709.4999999999999,99.32596814572805,0.9037257357857976,0.9874739039665967,3.7289504024209754
ID32677,32677,11,680.0,406.0400195217179,197.13860419716934,0.0,34.0,34,14.744682168956004,1,,2102.316715542522,2136.0,447.0,3433.0,1433780.0,566.0963471768687,0.7991269392671906,3.2990716773644335,-0.08593308271732308,-0.08484872552902349,16.449206774602693,14.029271514653376,-1.2696447044856063,1.172491868691951,683.0000000000002,96.39369822799355,0.9237049742506109,0.9927325581395352,3.6884023566396382
ID32294,32294,11,705.0,405.41986723565674,195.41702228544332,0.0,17.0,17,14.95900564834457,1,,1904.6449787835927,1957.0,452.0,3014.0,1346584.0,489.7202963756541,0.7862727490798812,3.4239024230284394,-0.19769807307179618,0.06877411325442417,17.083881632751048,13.556005851393966,1.9322894410387086,1.2602444864682845,702.9999999999997,98.75140374057254,0.9058966078979022,0.9811584089323092,3.724479732201691
ID32295,32295,11,701.0,406.143482375207,195.1659569434587,0.0,18.0,18,14.974956254242633,1,,1922.218439716312,1974.0,454.0,3043.0,1355164.0,522.918414406495,0.7875298346642088,3.2390116907480357,-0.04128540414124039,0.22664057009675592,17.580541605653924,13.253613857754367,-1.1369570582456663,1.3264715415990467,704.5,101.46368166083975,0.8599429249329282,0.9710544452101999,3.8226991337776357
ID32301,32301,11,696.0,405.4782400765184,196.25179340028694,0.0,14.0,14,14.895032415879534,1,,1920.094964028777,1985.0,457.0,2944.0,1334466.0,527.1510396788998,0.7889543560591912,3.212700606220441,-0.062202745169409684,-0.08448112197858718,16.732990259498433,13.733961703127802,1.9686028363803272,1.218365874406627,697.0000000000001,97.73592036035365,0.91692587449668,0.9851590106007069,3.7020119638664477
ID32750,32750,11,665.0,405.07460079840314,198.05763473053892,0.0,37.0,37,14.581872443920643,1,,2170.982035928144,2236.0,442.0,3584.0,1450216.0,664.2087669051272,0.8117662334468053,2.9289397826503936,0.15236735739836624,-0.11425872242945741,16.49183499563174,13.54237651807699,-1.0229557985122784,1.2177947477400055,668.0,97.01066035981506,0.8919641608247716,0.9794721407624634,3.753455139495167
ID32878,32878,11,689.0,406.1370909090909,199.58,0.0,41.0,41,14.793175681757992,1,,2143.1119186046512,2214.0,281.0,3637.0,1474461.0,611.020822862263,0.8084966871389193,3.136023898689958,-0.16928110140104077,0.25438371402744614,16.9244854900902,13.53233307331279,2.0316277874541258,1.250670183655699,687.4999999999999,97.18925136298924,0.9146313703443314,0.9870782483847809,3.706652610055858
ID32559,32559,11,664.0,406.10146575688657,194.276851149861,0.0,29.0,29,14.488801535607076,1,,2128.245083207262,2142.0,534.0,3377.0,1406770.0,588.2100741727944,0.8049878743202602,3.2272620118574262,-0.06675714137988921,0.17578181592069422,16.55453563283548,13.450527133643886,1.9208385287790695,1.2307722566075139,659.5,94.94571451775047,0.9193352861214286,0.9917293233082707,3.6971576290674437
ID32368,32368,11,711.0,406.55504802061375,193.39271492152727,0.0,19.0,19,15.049168881362421,1,,1913.324894514768,1991.0,305.0,2977.0,1360374.0,531.0347087531259,0.7861472099381679,3.1716294222168817,-0.023418541322383694,0.0014250372632470126,17.044882262538405,13.656144159980082,-1.1674961048386383,1.248147505098047,711.5,99.4838555460718,0.9033988887267927,0.9786795048143052,3.7296249030585717
ID32816,32816,11,668.0,405.573224852071,197.87352071005918,0.0,40.0,40,14.668929172241665,1,,2163.094395280236,2251.0,345.0,3539.0,1466578.0,635.9123570023891,0.8094292910940865,3.043305166882287,-0.24612313421201457,-0.046445333663134865,16.516388414872186,13.818218141790632,2.0096280281773655,1.1952618091128144,676.0000000000001,95.51671655547494,0.9311031376553183,0.9948491537895515,3.6737198675182667
ID32433,32433,11,705.0,407.60240112994353,193.1271186440678,0.0,23.0,23,15.012108426804138,1,,1968.6002824858756,2023.0,410.0,3160.0,1393769.0,517.8298501630279,0.7907169770983099,3.3573341618643,-0.03257039486447769,0.13922220340825095,17.467999513325537,13.334429597103348,-1.1189345296323776,1.3099922562207031,708.0,98.36418583704757,0.9195368084397733,0.9881367759944172,3.696752479107446
ID32178,32178,11,659.0,405.911883182276,192.1447633434038,0.0,2.0,2,14.516237276018517,1,,1935.3293051359517,2043.0,351.0,3008.0,1281188.0,561.6300786566379,0.7943679679255357,3.0510176862686462,-0.30713514093564,-0.2730292492266992,16.779400954400593,13.374558980919112,-1.0054747231249805,1.2545760184196741,662.0000000000002,95.4630532784642,0.9128453594459922,0.9895366218236177,3.710276929845445
ID32626,32626,11,667.0,405.64331603657035,194.8857178156659,0.0,32.0,32,14.652645434561187,1,,2111.1079881656806,2206.0,253.0,3445.0,1427109.0,687.0907375700922,0.8042684486371373,2.7392156721785885,-0.25928798098418987,-0.1351746692883964,16.327255858121195,13.935833872838549,-1.1525766251137242,1.171602360296761,674.5,95.19286533790859,0.9353691006833205,0.9970436067997044,3.665332877367935
ID32691,32691,11,683.0,404.57391198638464,192.55373206904937,0.0,7.0,7,14.771642663528944,1,,1891.3333333333333,1964.0,366.0,2990.0,1299346.0,532.951357686481,0.7865937663884975,3.1248932471037567,0.01564137725935029,0.3154976660721874,16.86987287165699,13.406399717532468,-1.0969782063800624,1.2583447627326152,685.4999999999998,96.76408424796551,0.9200023598359499,0.9877521613832848,3.6958170216931947
ID32052,32052,11,649.0,405.06944444444446,192.17566872427983,0.0,1.0,1,14.361922094451575,1,,1987.9209302325582,2083.0,347.0,3174.0,1282209.0,563.7887430978499,0.7950399040650359,3.1233993905305373,-0.3314000330235268,-0.12908542606558035,16.62517818644747,13.357574995173042,-0.989977740275178,1.244625479733801,647.9999999999999,95.00114726615013,0.902250579924966,0.9810749432248295,3.7319975251331443
ID32693,32693,11,684.0,404.84749694749695,197.93736263736264,0.0,35.0,35,14.739284152238774,1,,2113.079411764706,2170.0,408.0,3461.0,1436894.0,604.8049865373541,0.8054726345647869,3.117384207350221,0.09736124241853236,0.2147800088271247,16.92191446080578,13.346323175889875,-1.1279248102445543,1.2679083398321427,682.4999999999999,97.77818545875164,0.8970746261200412,0.9820143884892085,3.742748505574417
ID32246,32246,11,712.0,404.6295906432748,194.9530994152047,0.0,12.0,12,15.059740831300877,1,,1873.7893258426966,1940.0,442.0,3082.0,1334138.0,485.5758314037334,0.7822482466991343,3.387428180185669,0.006862529907991044,0.24304827079415015,17.44346982603869,13.55122615285632,-1.1327541348993122,1.287224464360516,712.4999999999999,100.6030456710367,0.8846520231972976,0.9820813232253617,3.7689354070959253
ID32119,32119,11,675.0,404.37838503200396,193.60241260462826,0.0,5.0,5,14.679774962390479,1,,1916.9985207100592,2028.0,319.0,3007.0,1295891.0,544.5387705117064,0.7875733670585752,3.102059422823083,-0.020197523385735924,0.30681513507319075,16.76823832352726,13.176206777214357,2.0976858924463793,1.2726149951232255,677.0000000000002,96.76218980834422,0.908630176823709,0.984011627906977,3.718873055684008
ID32122,32122,11,700.0,404.95871996193193,192.32250773257195,0.0,8.0,8,14.93238344242959,1,,1868.7564102564102,1951.0,343.0,2997.0,1311867.0,518.5675641715125,0.7810124224352191,3.1605912642714027,-0.08267100128963525,0.3016325617820479,17.01251535441325,13.410196288154687,-1.1582190143788476,1.268625379439115,700.5,101.17100813954404,0.8600146481007551,0.9729166666666669,3.822539728464729
ID32192,32192,12,704.0,431.40283687943264,453.0872340425532,0.0,2.0,2,14.980269348699059,1,,748.9102564102565,755.0,308.0,1235.0,525735.0,152.11093512663123,0.5841745377329102,3.6311060466305762,0.08395658451579888,0.10572195441712222,22.05307507269424,10.392886097227883,0.3736454084872063,2.1219394561224436,705.0000000000002,105.89876174710572,0.7899820384074361,0.9791666666666672,3.9883781057322105
ID32320,32320,12,708.0,425.05760586704514,455.48556896143833,0.0,16.0,16,14.974956254242633,1,,789.1396011396012,788.0,342.0,1278.0,553976.0,154.84885787808045,0.6039420811246192,3.8378008671716617,-0.02476515102371242,0.14551118592843734,22.84189522927957,10.145190299536319,0.3980839865809467,2.2514999280322567,704.5,107.98024543012667,0.759280490531971,0.9811977715877436,4.068214201517133
ID32512,32512,12,675.0,420.5483910587079,455.3268238761975,0.0,24.0,24,14.696028639591784,1,,846.7128129602356,851.0,301.0,1369.0,574918.0,177.712633861006,0.6283494013813282,3.6770660476735144,0.08760865120142572,0.045671321804090524,23.13148531172537,9.559474861303702,0.49339609501215276,2.4197443528368403,678.5,109.62668394108019,0.7094587690549692,0.9685938615274804,4.208635861787322
ID32193,32193,12,697.0,428.81924546322824,453.5785577841452,0.0,4.0,4,14.905713688256792,1,,761.9012875536481,749.0,345.0,1253.0,532569.0,159.3332822307381,0.588579814674786,3.5433864867230733,-0.047006228065721564,0.14023672974906368,22.445576575033737,10.147776919114566,0.3582127162555979,2.2118713048130547,698.0,107.25033839245204,0.7625493309820488,0.9769069279216235,4.059485175853394
ID32330,32330,12,711.0,425.0207308503162,455.7806277816819,0.0,17.0,17,15.049168881362423,1,,793.9675599435825,791.0,311.0,1353.0,562923.0,165.44004091587612,0.6111518499354776,3.640866723353884,0.0423248854162206,0.15356031885374982,23.159380707549403,10.05968839377159,0.4253599506143799,2.3021966288626223,711.5000000000001,109.76503750503315,0.7420902202134878,0.9706684856753071,4.115063847463585
ID32331,32331,12,693.0,424.9453981878874,456.7005245588937,0.0,18.0,18,14.916387312029334,1,,803.9871244635193,801.0,341.0,1388.0,561987.0,169.16889749545675,0.6127756597251617,3.611487502310016,0.19243434193822506,-0.0029386092513141613,23.36133610402965,9.751908635972503,0.43357905318885215,2.395565522205075,699.0,109.35345733014623,0.7345510826673313,0.9783065080475859,4.136127619912878
ID32716,32716,12,693.0,425.3645908761767,453.26876659425534,0.0,7.0,7,14.82541656783739,1,,769.3075801749271,766.0,317.0,1252.0,527745.0,157.67373733791777,0.5901555190562179,3.621575283721718,0.1361055332524471,0.14142798136990056,22.572808070576023,10.071030198337668,0.398735006851914,2.2413603798250854,690.4999999999998,107.9152409684794,0.745088700592125,0.9691228070175435,4.106775319389458
ID32526,32526,12,689.0,419.5004803073967,454.37632084534107,0.0,27.0,27,14.862942542160036,1,,842.198275862069,841.0,348.0,1310.0,586170.0,185.96607812407728,0.6294735675237162,3.498974598583691,0.21018992762599112,-0.014041152417253393,22.611970949090473,10.132543223779868,0.5035592488681719,2.231618503834544,693.9999999999998,107.32949734773533,0.757061469788862,0.9907209136331188,4.074172004583989
ID32271,32271,12,704.0,421.51517306780465,453.76789947842576,0.0,12.0,12,14.959005648344574,1,,785.8773181169757,781.0,356.0,1298.0,550900.0,162.6760999627263,0.6008944201460369,3.6265734552337694,0.20467621558751065,0.12748484006616836,23.233808509016775,9.826660876373072,0.3976337178277396,2.3643645386073557,703.0,110.94804252996144,0.7176718311902358,0.9564625850340136,4.1844846764493875
ID32336,32336,12,699.0,422.87314148681054,454.2985611510791,0.0,14.0,14,14.87364685938639,1,,792.1837916063675,796.0,317.0,1319.0,547399.0,150.7752413961478,0.5993567171065699,3.937911519282989,0.005224460592879541,0.10829499956770569,23.154705068602937,9.715369204154742,0.38600112969070755,2.3833067567520656,695.0000000000003,109.28807850927285,0.7312217282711809,0.9686411149825789,4.145533108577844
ID32721,32721,12,645.0,421.9911059551431,452.45153390048984,0.0,35.0,35,14.345289868727669,1,,920.7720930232558,906.0,353.0,1450.0,593898.0,191.10611949760357,0.6500972947797666,3.7964383892807327,0.10179883993032218,0.06846563174244667,22.562701427118494,9.262107469696945,0.5144753658480706,2.436022417245472,646.5,108.73042882907342,0.6871889880705073,0.9563609467455622,4.276286915175785
ID32084,32084,12,708.0,432.3284244974287,452.99602618045816,0.0,1.0,1,15.065024024177417,1,,747.9509116409537,755.0,301.0,1180.0,533289.0,152.90278949838313,0.5870698288513008,3.618940216284288,-1.620581185059416E-4,0.021043324307853,22.216603182121844,10.344171965433011,0.3628933328912214,2.1477410909604737,712.9999999999999,106.35542522598578,0.7921001531356576,0.9889042995839111,3.9830419765672986
ID32661,32661,12,647.0,422.27544677544677,451.34744884744885,0.0,33.0,33,14.311967431463406,1,,919.2344720496894,912.0,334.0,1455.0,591987.0,207.9327920891842,0.6499677664348512,3.482969506659207,0.014048869831443772,0.11535211021791215,22.420004136028325,9.223396225053945,0.5746674998801433,2.4307753444580222,643.4999999999999,105.73668473661654,0.7232809662110625,0.9669421487603304,4.168227493036733
ID32151,32151,12,708.0,427.40977620730274,453.49552414605415,0.0,5.0,5,15.00680660483875,1,,759.9293785310734,755.0,273.0,1355.0,538030.0,164.10349853201714,0.5920641219544429,3.4442413726510104,0.016119233057619625,0.18059379970660405,22.70686659733826,10.192693417203989,0.38019633010763487,2.2277592063165477,707.5000000000001,107.4917643053985,0.7694597832482477,0.9881284916201118,4.04121511892623
ID32793,32793,12,699.0,421.52913085004775,452.8450334288443,0.0,11.0,11,14.905713688256792,1,,777.7914285714286,778.0,375.0,1356.0,544454.0,161.45254266060886,0.5980466942975607,3.605735689933263,0.05559941097652806,0.1405962359359924,23.239522131719536,9.849330647878544,0.399224015212972,2.3595026872943,698.0,110.68214968583484,0.7159952079920423,0.9667590027700831,4.189381148962922
ID32858,32858,12,667.0,422.54608868958644,454.5199302441455,0.0,39.0,39,14.592782937361742,1,,905.4461077844311,911.0,325.0,1371.0,604838.0,183.58211893488976,0.6490367944373263,3.8824082000533013,-0.06847978029356884,0.10905831700417078,22.65817124934707,9.66318354408908,0.47179472367260233,2.344793633067951,669.0,107.20437796876519,0.7314942880987977,0.9787856620336505,4.144760709476355
ID32158,32158,12,702.0,423.86775878442546,453.1341405508072,0.0,8.0,8,14.948362455500638,1,,769.1069900142653,768.0,350.0,1258.0,539144.0,164.14546238778112,0.5943760024146342,3.4934810367679394,0.20471660206396877,0.06556684754524707,23.4833314581769,9.758933584076214,0.40861435213614605,2.4063419692183348,702.0,108.34760730153741,0.7514642530526218,0.988036593947924,4.089316915068271
ID32417,32417,12,671.0,421.91341193809876,456.1504544338,0.0,22.0,22,14.696028639591788,1,,839.7286135693215,835.0,317.0,1448.0,569336.0,180.0475977807331,0.6256810319954293,3.5900398300951686,0.0150693136676399,0.04678207582029445,23.143953167215127,9.43752023745626,0.4776258363522924,2.45233414974411,678.5000000000002,108.7021268647463,0.7215785802427989,0.9734576757532283,4.173141546645769
ID32609,32609,12,641.0,422.6546687532603,452.2206572769953,0.0,31.0,31,14.261837794318172,1,,913.6295133437991,899.0,339.0,1472.0,581982.0,202.256346796378,0.6481818379930715,3.5529548706504817,0.1665902430335904,0.03808234168237316,22.32492285671216,9.320159519874766,0.5840664834899753,2.39533699064972,639.0,105.70543234887363,0.7186478132681116,0.9638009049773756,4.1816422761031475
ID32420,32420,12,680.0,423.2315568714533,456.48939057488275,0.0,21.0,21,14.663503268903735,1,,834.5511111111111,836.0,333.0,1409.0,563322.0,169.9899586258849,0.6211029337387949,3.761946855498877,-0.05480308809561623,0.21336218938780357,23.018889916493713,9.770734924118933,0.4891497659928261,2.3559015872666733,675.4999999999998,109.08211223740989,0.7133918434745785,0.9684587813620068,4.197018294137492
ID32612,32612,12,651.0,422.4820374647164,452.15588914549653,0.0,30.0,30,14.378535081028668,1,,904.0650154798761,890.0,378.0,1468.0,584026.0,202.8897408180724,0.6443637451138705,3.492229495939192,-0.05479017300030925,0.09183877668633801,22.51254211045971,9.362874381157784,0.5595418303868309,2.404447736238439,649.5,107.26604822319702,0.7093563441074892,0.9600886917960088,4.208939696207875
ID32805,32805,12,647.0,422.7693190512624,454.02410099464424,0.0,38.0,38,14.422742825867319,1,,920.7197549770291,923.0,326.0,1421.0,601230.0,193.38774948020787,0.6529913726755256,3.7615371402103706,0.12978720967489704,-0.0718804414164967,21.942762970755886,9.992747773003114,0.46979357156715507,2.1958687909683365,653.5,104.32657249094042,0.7545110022562816,0.9827067669172931,4.081052140863429
ID32232,32232,12,720.0,423.5004607233356,454.4419488597097,0.0,15.0,15,15.175546206116357,1,,778.4647302904565,782.0,286.0,1324.0,562830.0,163.98771088771156,0.6044076698520374,3.5766205733030834,0.07847256296546386,0.11148882405901087,23.69294252648927,9.985242788788609,0.3883767025064908,2.3727958375825984,723.5,109.77262049823145,0.7545018966140314,0.9883879781420764,4.081076766705226
ID32105,32105,12,698.0,426.29881376037963,452.955990510083,0.0,6.0,6,14.953684998825976,1,,765.294452347084,760.0,339.0,1234.0,538002.0,161.345332464906,0.5917845492760585,3.5268053564898527,0.2648225550883463,0.010721719289928384,23.324071898833964,9.866700109213618,0.40285201141436344,2.3639181935867013,702.5000000000001,109.33895281166187,0.7384249670884151,0.9797768479776849,4.1252639905951245
ID32233,32233,12,709.0,422.3505022191077,453.87444522307874,0.0,13.0,13,15.070305364926575,1,,775.1703910614525,776.0,306.0,1243.0,555022.0,161.88627283335308,0.6018306066672477,3.5981132616440408,-0.03527725032212824,0.05320911565395796,23.21758697095692,9.900590859673645,0.40276009936695556,2.34507084476393,713.5000000000001,109.55698525779236,0.7470053211480585,0.9794097460535349,4.101503479232433
ID32875,32875,12,698.0,422.3576537911302,452.72103004291847,0.0,10.0,10,14.916387312029334,1,,773.5542857142857,774.0,309.0,1276.0,541488.0,161.58743513889934,0.5972782660504542,3.580216866743557,-1.0106669166210764E-4,0.06946269333255996,23.358355769604845,9.681987388757992,0.4000638573843798,2.4125579627098914,699.0,109.45114170622746,0.733240504393811,0.9776223776223775,4.139822382344794
ID32556,32556,12,685.0,420.2755151515152,454.4730909090909,0.0,28.0,28,14.793175681757992,1,,850.8432510885341,847.0,349.0,1327.0,586231.0,189.6590157480824,0.6323131627706481,3.4756401176349003,0.15708106582585518,0.05712850945465213,22.878158934500345,9.80677167095608,0.5544099720575444,2.3328940146793395,687.4999999999998,107.93257793007336,0.741613225610903,0.9669479606188466,4.116387008686377
ID32109,32109,12,682.0,433.68901098901097,452.87118437118437,0.0,0.0,0,14.739284152238774,1,,769.9251101321586,767.0,370.0,1192.0,524319.0,143.78757401835335,0.5862571161124928,3.9579624262281934,0.040937422797201875,0.05700411679216938,22.026183875056464,10.191199202981897,0.3664172497387188,2.1612946068811714,682.4999999999999,104.37390136579488,0.7872790331120767,0.9941733430444283,3.995218990053734
ID32173,32173,12,705.0,422.70806642941875,453.06227758007117,0.0,9.0,9,14.953684998825974,1,,771.7435897435897,775.0,335.0,1254.0,541764.0,157.70689983952977,0.5944281028018598,3.6487719856470027,0.09476468032214498,0.05601887690029009,23.75159979827769,9.815533239330636,0.4119155460853019,2.419797194828451,702.5,109.94521411870352,0.7303037552274051,0.9750173490631506,4.148137704623995
ID32749,32749,12,634.0,422.7366352201258,452.2672955974843,0.0,36.0,36,14.228319915326999,1,,941.6787974683544,937.0,393.0,1498.0,595141.0,194.16359610828738,0.6549482996571537,3.8387300175353123,0.18815230633913257,0.11917947163562394,22.220041066613316,9.335259654518808,0.5173546315185038,2.3802274268672887,636.0,104.56302175261753,0.7309888101900534,0.9658314350797267,4.146193510419707
ID32367,32367,12,673.0,423.47859778597785,456.7755227552276,0.0,20.0,20,14.685194853644884,1,,825.4074074074074,823.0,297.0,1397.0,557150.0,158.16869709364468,0.6177826525932649,3.9855967443721436,-0.04721592134760343,0.1268339120032766,23.3703385931719,9.571331217210695,0.4906548077859587,2.4417020018227467,677.4999999999999,110.70890637360931,0.6946308099069559,0.9562455892731119,4.253318556849202
ID32051,32051,12,700.0,430.14422158548234,453.25214899713467,0.0,3.0,3,14.905713688256794,1,,752.8581661891118,747.0,285.0,1269.0,525495.0,152.33434193835467,0.584943352782217,3.6479208408530996,-0.10383303735527737,0.11786741268615819,21.961609394642963,10.41662064724993,0.39552173018491693,2.1083238161736264,698.0000000000001,106.31814408176453,0.7759799732162879,0.9789621318373075,4.0242011008381375
ID32504,32504,12,686.0,419.61897810218977,454.9751824817518,0.0,25.0,25,14.766254502611577,1,,845.891654465593,844.0,341.0,1377.0,577744.0,176.48944699591652,0.6294714815339997,3.7030134425199184,-0.045544355338782136,0.265502410626631,23.04736961503667,9.919257013796557,0.5002298791310811,2.323497574765973,685.0000000000002,108.13322067212081,0.7361768541399634,0.9799713876967099,4.131557987700374
ID32442,32442,12,674.0,421.19699211045366,455.7379191321499,0.0,23.0,23,14.668929172241663,1,,849.0354505169867,844.0,379.0,1397.0,574797.0,171.6351967203582,0.6278578979145104,3.815876745615704,0.08327529810508623,0.03040673247065294,22.680903881670663,9.863530664875768,0.47451321888342757,2.299471117623005,675.9999999999999,109.06104912506926,0.7141956780460478,0.9790007241129615,4.1946557355795875
ID32570,32570,12,684.0,421.0850389863548,453.8672027290449,0.0,29.0,29,14.755472278097804,1,,864.3724340175953,853.0,348.0,1363.0,589502.0,200.64815459133865,0.6368436537948964,3.3521339190421804,-0.14008519384320256,0.008784697603695298,22.379829087169888,9.87083618998983,0.5524325230678055,2.267267803498312,683.9999999999999,109.74038525424945,0.7137284437451623,0.9633802816901406,4.196028503056969
ID32890,32890,12,692.0,421.0960896518837,454.08702908917496,0.0,41.0,41,14.916387312029334,1,,893.704871060172,895.0,313.0,1394.0,623806.0,196.23172845679105,0.649404086453185,3.5862688368675526,0.2384807390411281,-0.10818630012748008,22.360260724147643,10.477930691979244,0.4532761805969261,2.1340340360586856,699.0,106.66934884533205,0.7719830267563839,0.9936034115138592,4.034605313166185
ID32379,32379,12,690.0,424.3049076773567,456.90986394557825,0.0,19.0,19,14.777028859756632,1,,816.8160583941606,814.0,333.0,1361.0,559519.0,161.75485396947624,0.6162637845796555,3.85080339336833,0.19992548633833646,-0.16692269512965477,23.51923843905675,9.681983769629758,0.48407438268147795,2.429175569662841,686.0,111.73407838287402,0.6904984013450859,0.9574319609211445,4.266026936078155
ID32635,32635,12,641.0,422.5706677058976,451.0003897116134,0.0,32.0,32,14.289709303792769,1,,920.0608424336973,905.0,401.0,1518.0,589759.0,206.68270756140717,0.6521528207692596,3.514322086788264,0.020768124634195494,-0.04932180574248695,22.22468469401565,9.3587987606313,0.6026452100080676,2.374736893318612,641.4999999999998,105.17869273246514,0.7287037213956731,0.9756653992395434,4.152689294741408
ID32763,32763,12,635.0,422.82443047918304,453.17164179104475,0.0,37.0,37,14.233911709575228,1,,942.6141732283464,939.0,409.0,1474.0,598560.0,202.1433747686049,0.6582050930254355,3.7019235270157913,0.38496229527492093,-0.11980122537728079,22.230258261195456,9.598049254966686,0.47060114153929833,2.3161225443484783,636.5000000000001,105.10035096426697,0.7241023208357737,0.9784780937740202,4.16586279661716
ID32827,32827,12,674.0,421.73273720814706,454.57228017883756,0.0,40.0,40,14.614579488624484,1,,911.8325859491779,908.0,356.0,1401.0,610016.0,182.3180466497245,0.6493414678838415,3.938020795242875,0.12834690629346815,-0.05040924872483486,21.94368563796366,10.232097547534181,0.46444018423591116,2.144593084264706,670.9999999999998,107.11007436073972,0.7349736049075356,0.9703543022415037,4.134938558744849
ID32510,32510,12,698.0,419.61191509889045,455.1495417269657,0.0,26.0,26,14.830783234644061,1,,838.1264534883721,832.0,343.0,1388.0,576631.0,174.39348838111167,0.6261699579681163,3.7011405098472507,0.09285519973289114,0.03063861652153708,23.197227080750825,9.745972318849674,0.5189631552969396,2.380186021653796,691.0,109.00216096443314,0.7308322366106331,0.9739252995066948,4.14663762711282
ID32702,32702,12,635.0,422.1416535018431,452.35729331226963,0.0,34.0,34,14.194722891072564,1,,930.0458135860979,920.0,349.0,1490.0,588719.0,201.95550202093665,0.6515018602406945,3.6334169786930555,0.08798060510877022,-0.00519137690417205,22.4828624135667,9.1562704478671,0.5460173843216758,2.455460718594649,632.9999999999998,107.31288030531857,0.690732468420379,0.9583648750946253,4.265304064994895
ID32516,32516,13,570.0,446.40887918486175,212.68049490538573,0.0,27.0,27,13.499348496880142,1,,2389.0716783216785,2432.0,513.0,4098.0,1366549.0,742.5839301230793,0.8280190838334445,2.9145616757229003,0.22017207147608048,-0.22476157204994782,16.844952353964093,11.205518209771927,0.8986502676271352,1.5032729445099842,572.5,92.77215658886485,0.8358917719811486,0.9557595993322202,3.877304479012119
ID32070,32070,13,574.0,447.02751091703055,209.01732168850074,0.0,6.0,6,13.499348496880142,1,,2228.7905759162304,2265.0,377.0,3786.0,1277097.0,712.0411820085033,0.8048111629643372,2.791620436677743,-0.2320626006483973,-0.09151762681877341,18.006977085442184,10.551622579365693,0.3596474684865139,1.7065600053451369,572.5,93.05705007093937,0.8307814534129837,0.9711620016963528,3.889211271035767
ID32839,32839,13,595.0,448.2513982102908,213.5204138702461,0.0,39.0,39,13.773623058786646,1,,2401.06711409396,2429.0,536.0,4033.0,1431036.0,739.3452353269975,0.8332578219079387,2.9521802414518903,0.49192658981478093,-0.2676475174287534,16.98507380438693,11.831713680234568,0.9152866888256023,1.4355548370614555,595.9999999999998,93.17063077753657,0.8627759931533439,0.9778506972928627,3.816417739392586
ID32776,32776,13,560.0,445.95598328857056,209.79424052521634,0.0,11.0,11,13.333269345274891,1,,2293.326750448833,2267.0,503.0,4013.0,1277383.0,700.628808695798,0.8144202183386327,2.9384520739130373,-0.006569736616978035,-0.03378608403069434,17.682042632152662,10.498368162965646,0.5894858822392841,1.6842658170941613,558.5000000000001,92.29513954260695,0.8239016639347708,0.9645941278065633,3.9054154681484015
ID32649,32649,13,562.0,447.69721233689205,213.17437722419928,0.0,33.0,33,13.374982468597496,1,,2469.1225577264654,2506.0,493.0,4264.0,1390116.0,757.0920516242344,0.8316736313702376,2.961616321918639,0.11834969358348478,-0.11643151721914384,16.45631725409509,11.289481747994943,0.8461179929753734,1.4576680862270581,562.0,90.61737404112519,0.8600490767435759,0.9672977624784858,3.822463217614573
ID32074,32074,13,586.0,449.8818852924475,209.19704713231118,0.0,0.0,0,13.669231989760256,1,,2182.6296928327647,2243.0,385.0,3793.0,1279021.0,709.2338597151157,0.8071655514070496,2.749066672506066,-0.12369381136188472,-0.07378502492317965,18.35342348421028,10.544470097237097,-0.0061949433410461805,1.7405733351189752,587.0,93.80221297232507,0.8383431046138277,0.9775187343880098,3.8716316697498834
ID32401,32401,13,583.0,445.3286364930259,211.02234557358383,0.0,22.0,22,13.65175587097167,1,,2307.7162393162394,2336.0,403.0,4020.0,1350014.0,714.2124493220871,0.8155372116797202,2.902843436994547,0.3699728810804317,0.07666945138261945,17.24226271396487,11.238133764821356,0.7645163799648179,1.5342638799992034,585.5,92.6651974477749,0.8568473393554285,0.9790969899665551,3.8295981595010478
ID32593,32593,13,565.0,446.8646672635034,212.35884810504328,0.0,31.0,31,13.333269345274891,1,,2480.899099099099,2545.0,407.0,4438.0,1376899.0,788.843878654632,0.8317588009086849,2.856124635771782,0.2951857626146529,-0.10296373688376818,17.175635333031863,10.968363179145625,0.8694897115535947,1.5659251113865607,558.5000000000001,91.49570371637314,0.8383621021369749,0.9662629757785467,3.8715878033652067
ID32594,32594,13,553.0,446.29796163069545,211.82703836930455,0.0,30.0,30,13.303394180365686,1,,2499.985559566787,2570.0,527.0,4467.0,1384992.0,809.3061099101701,0.8335753204536843,2.8086703516491442,-0.09076695634306493,-0.5242983842241328,16.977893762367376,11.182369280873706,0.9008634274978776,1.5182733941192874,556.0,91.02995800790428,0.8431716014851838,0.9652777777777778,3.860530132576852
ID32404,32404,13,576.0,445.42994746059543,211.19264448336253,0.0,21.0,21,13.48165216176951,1,,2332.2914485165793,2363.0,543.0,3985.0,1336403.0,712.8932313571622,0.8185911692124912,2.9452373658069906,-0.029032458579591545,-0.03241804572802801,17.351983835566976,10.787177402186867,0.7802195258573005,1.6085749949796169,571.0000000000001,93.9339161173051,0.8132070129365199,0.9477178423236516,3.9310120435770295
ID32149,32149,13,574.0,446.175094449288,210.11203138622494,0.0,9.0,9,13.511133176991631,1,,2244.3158813263526,2271.0,468.0,4262.0,1285993.0,727.5531050541367,0.8050900743009786,2.751660654750982,0.03300401815848143,-0.1862831668792501,17.70600735426276,10.801745867927265,0.45245735678307697,1.6391801446501115,573.5,92.89444704663131,0.8351486403062397,0.9654882154882156,3.8790291463034468
ID32216,32216,13,575.0,445.3984741784038,209.79753521126761,0.0,15.0,15,13.446189622059965,1,,2294.878306878307,2299.0,542.0,4189.0,1301196.0,688.8673253090183,0.8110311132856745,2.9837722767361528,0.026433592273977288,-0.1468271876735654,17.748432221785844,10.851268319590709,0.72527104008205,1.635609008925077,568.0,92.75310435978945,0.8296621771412621,0.9602704987320372,3.8918338051441332
ID32792,32792,13,573.0,448.3886956521739,212.76347826086956,0.0,38.0,38,13.528790949515026,1,,2461.5853658536585,2527.0,632.0,4168.0,1412950.0,740.2419435115859,0.833286193758726,3.0229789711741692,0.10685650615872051,-0.05866922423223427,17.16189711488215,11.107690326560764,0.9896887661978871,1.5450464147208478,575.0,91.74414226300848,0.8584618883462266,0.9762308998302205,3.825995213428025
ID32217,32217,13,579.0,445.3819080860966,210.4915648632926,0.0,13.0,13,13.505242122350568,1,,2266.9108391608393,2297.0,481.0,3983.0,1296673.0,715.9384989250665,0.8152216215819913,2.8440337879279456,0.14651664937624015,-0.16024507151706815,17.649512900292297,10.988456812928451,0.5961080240694545,1.6061866739583297,573.0,93.5899221862158,0.8220652941663187,0.9518272425249169,3.909775089120566
ID32474,32474,13,584.0,446.96369353916526,211.95883361921096,0.0,25.0,25,13.622579184763433,1,,2327.681506849315,2400.0,457.0,4191.0,1359366.0,708.0493106747249,0.8229660034844722,2.968201450355005,0.26142142280170927,-0.0931724701802203,17.217613557742272,11.393134517191635,0.8296283123488827,1.511227093102588,583.0,93.4094421844451,0.839647233867372,0.9549549549549546,3.8686238171707483
ID32859,32859,13,557.0,445.6380441264162,210.46481812760882,0.0,10.0,10,13.339236349084567,1,,2293.6243291592127,2323.0,551.0,4178.0,1282136.0,732.392951686069,0.8139711898737758,2.810520610893578,-0.03390171320500841,0.08982352514465493,17.672588082532602,10.278624756654839,0.5316845993833507,1.7193533669074341,558.9999999999999,93.01919893756957,0.8118512835364642,0.9696444058976581,3.934292918809768
ID32539,32539,13,559.0,446.6393613846613,212.78916741271263,0.0,28.0,28,13.333269345274891,1,,2449.8010752688174,2491.0,599.0,4132.0,1366989.0,724.8538302714314,0.8296616075072999,3.0650714079450823,0.21949280631457935,-0.2508310092167983,16.61196158247723,11.159746681413234,0.8856280049587931,1.4885608120607938,558.5000000000001,91.44918142454472,0.8392153070865381,0.9704604691572548,3.8696192394839355
ID32028,32028,13,580.0,448.189367816092,209.87557471264367,0.0,3.0,3,13.587484461319487,1,,2177.9481865284974,2217.0,339.0,3947.0,1261032.0,716.0118719483129,0.8064849649529434,2.715934176072431,0.042013410688773914,0.07839170379366747,17.94133378586183,10.359349717062107,0.1414851706049869,1.731897684302713,579.9999999999998,93.28465862217138,0.8375628470075,0.9772535804549282,3.8734346191352724
ID32732,32732,13,585.0,447.78306198229075,212.7407883461868,0.0,36.0,36,13.628419519087378,1,,2429.998284734134,2512.0,446.0,4123.0,1416689.0,756.7340853576438,0.8323688085678685,2.9173972791199425,-0.10585924351763418,0.07924517466574092,17.294622250852484,11.088421608534917,0.9728457681992686,1.5597009981601497,583.4999999999999,94.79624407332902,0.8159592375105174,0.9589153656532455,3.924376806181883
ID32157,32157,13,577.0,448.0937139561707,210.74769319492503,0.0,4.0,4,13.56403753364871,1,,2208.9201388888887,2253.0,543.0,4193.0,1272338.0,724.5101881557947,0.8113045657721051,2.7312279719171517,0.059669308326594735,-0.13623220363078353,17.76553947079741,10.640040781787851,0.17235550966862195,1.6696871595836362,577.9999999999999,93.00868615346141,0.839635289208999,0.9689857502095554,3.868651334609642
ID32477,32477,13,571.0,447.55399061032864,212.23973004694835,0.0,24.0,24,13.446189622059963,1,,2388.807079646018,2435.0,479.0,4311.0,1349676.0,769.6694809324764,0.8257079111716772,2.807384870857084,-0.34590851664799316,-0.08018510054791375,17.295542055134163,10.608903954680823,0.7888833508527594,1.630285478030281,567.9999999999999,94.81863962041777,0.7939090625290028,0.9570345408593094,3.9785017394253224
ID32288,32288,13,587.0,445.6505649717514,210.80593220338983,0.0,16.0,16,13.704117368456698,1,,2236.9727891156463,2275.0,551.0,3918.0,1315340.0,707.0155929412409,0.8169090623568408,2.8451307382337077,0.1702337582911143,-0.006756009946677009,17.36776539199511,11.065529458257169,0.7010687729869407,1.5695376762144149,590.0000000000001,93.26824993787584,0.8523033981211722,0.9727947238252269,3.839793083777724
ID32481,32481,13,570.0,446.64146772767464,212.29634541703507,0.0,26.0,26,13.416565903275457,1,,2394.2283185840706,2400.0,525.0,4200.0,1352739.0,715.6521223258852,0.826292231074119,3.02731068109728,0.34074148058408904,0.1771717835556685,16.936329691774645,11.336505416748402,0.9171534757991635,1.4939638865036078,565.4999999999999,91.87445410074588,0.8418853069985088,0.9552364864864866,3.8634782083187624
ID32357,32357,13,577.0,446.2559009786989,211.16378814047206,0.0,20.0,20,13.575766059431592,1,,2303.693771626298,2341.0,534.0,4024.0,1331535.0,716.2947080878257,0.8175755654406068,2.893333056528409,0.13695909926203814,-0.35837670079526884,17.585437716509944,11.122650765989546,0.7580577064959935,1.5810473677985182,578.9999999999999,92.21773347565167,0.8555778642781373,0.9690376569037655,3.8324382150943084
ID32680,32680,13,577.0,447.3450014405071,213.0036012676462,0.0,34.0,34,13.569903063667144,1,,2434.0328719723184,2501.0,422.0,4159.0,1406871.0,773.5811458484413,0.8318082615101922,2.8575495812524645,0.15838188268710685,0.024129803060421236,16.997169488726716,11.305940178285455,0.8789364047911532,1.5033839929006536,578.5000000000001,93.48737206657006,0.8317777971857804,0.9514802631578948,3.886881230156596
ID32298,32298,13,587.0,445.34141843971634,210.73063829787233,0.0,17.0,17,13.67505239964283,1,,2244.839863713799,2299.0,434.0,3957.0,1317721.0,716.5618409624745,0.8163003889174318,2.815943988588486,-0.047411174530100075,-0.09297890667210452,17.74102209876618,10.915466895292676,0.7161386934913593,1.6253104213450589,587.5000000000002,94.76106791661361,0.8221628371163523,0.9584013050570966,3.9095431506947107
ID32299,32299,13,583.0,444.6835334476844,211.68467695826186,0.0,18.0,18,13.622579184763433,1,,2275.301724137931,2344.0,543.0,3714.0,1319675.0,663.5759776111947,0.8162941192379357,3.082043946471552,0.18083652441143666,0.0019015131031299276,17.440493299883766,10.959889088808087,0.7834717702817964,1.5913019884200725,582.9999999999999,94.12266762801312,0.8269703978043657,0.967634854771784,3.898162596907289
ID32752,32752,13,567.0,448.1885149099498,212.2251254797756,0.0,37.0,37,13.404698085027869,1,,2494.7936507936506,2575.0,508.0,4298.0,1414548.0,797.5843729055124,0.8355118019258445,2.847628934508359,0.05097823750457092,-0.14256345219503452,16.684435555746223,11.143220709296893,0.9877416281340561,1.4972722869812893,564.5,91.96360454449844,0.8387679739797106,0.9616695059625213,3.8706509777689817
ID32880,32880,13,576.0,449.2305025996534,212.86799537839397,0.0,41.0,41,13.552298857686367,1,,2486.4939341421145,2528.0,549.0,4101.0,1434707.0,726.7885388875366,0.8343957714169116,3.112349669148613,0.1887138328947252,0.023320227090127866,16.43017163830193,11.59775332049318,0.9595303862532472,1.4166684860653043,577.0,91.36174826954826,0.8686741023923726,0.9721988205560236,3.803439346318484
ID32305,32305,13,580.0,445.86484533102055,210.18054350968487,0.0,14.0,14,13.546425705142862,1,,2267.9306759098786,2303.0,501.0,4292.0,1308596.0,748.6267326038791,0.8150304469926477,2.7207231878511084,0.17755095583102568,0.028729806731201155,17.88959803317094,10.755134436771861,0.6822922252537118,1.6633541996468506,576.5,92.96629715147638,0.8382201737614013,0.9729957805907173,3.87191556027622
ID32561,32561,13,575.0,447.3235465965528,212.81784983932224,0.0,29.0,29,13.475748219221543,1,,2420.4087719298245,2475.0,536.0,4409.0,1379633.0,755.3272917572605,0.8284392405048755,2.903779704272624,0.141590579873541,-0.09878685638089321,16.94916238448732,11.052745433153634,0.7891725323582132,1.533479847789391,570.5,93.0711639271289,0.8276280902788102,0.9572147651006712,3.8966134096697416
ID32817,32817,13,603.0,448.9559643255296,213.24777034559645,0.0,40.0,40,13.796713809378915,1,,2399.252491694352,2488.0,509.0,4139.0,1444350.0,752.0340555238556,0.8324226803226535,2.898589324434698,0.03601332216298628,-0.2361330516144071,16.986643433764662,11.605848869441202,0.9603927472894815,1.463627833246336,598.0,93.75536987057893,0.8549067479323124,0.9676375404530745,3.8339421846012036
ID32370,32370,13,585.0,445.6430602957907,210.88054607508533,0.0,19.0,19,13.657583728599336,1,,2274.278156996587,2346.0,504.0,3995.0,1332727.0,742.2044661041683,0.8204719630100265,2.7620387222120115,-0.032795715458843404,0.04623790079747842,17.748108020266002,10.790764281562366,0.7504450896763392,1.6447498580421498,586.0,95.39281621438582,0.8092377601508989,0.9582992641046607,3.940640915914158
ID32434,32434,13,558.0,446.7001205545509,212.3541289933695,0.0,23.0,23,13.267455184007074,1,,2452.2849364791286,2477.0,671.0,4258.0,1351209.0,752.907443623442,0.8289976028416601,2.9525650438791784,0.19057559790317374,-0.004446569350375589,16.625274214318598,10.909537882087292,0.7887039944181036,1.523921030753846,552.9999999999999,91.41234511218688,0.8316207063204281,0.9600694444444444,3.887248323411483
ID32179,32179,13,592.0,449.2484541877459,209.87099494097808,0.0,2.0,2,13.738914167683992,1,,2136.09595959596,2172.0,353.0,3830.0,1268841.0,712.8957520840374,0.8062765126587912,2.6750044035065117,-0.3400736091032745,0.04864452932006784,18.44760867631011,10.460230529124384,0.1372320666528031,1.7635948485978867,593.0000000000002,94.48987990224867,0.8346299470073119,0.979355904211396,3.8802342995140666
ID32627,32627,13,571.0,446.9385198135198,212.80565268065268,0.0,32.0,32,13.493452297211721,1,,2442.522807017544,2507.0,391.0,4143.0,1392238.0,775.6181459109064,0.8331569095086917,2.8625153387588327,0.056205121305494266,-0.4418352982765007,16.77008264544747,11.381129930931207,0.8632276067836571,1.473498918580164,572.0,92.11656718935916,0.8470916531275791,0.966216216216216,3.8515871650691467
ID32694,32694,13,564.0,446.88158281847603,210.20461900558988,0.0,7.0,7,13.42842323294576,1,,2240.5873015873017,2270.0,454.0,3993.0,1270413.0,673.1686075979975,0.8127529808505213,2.984612503345607,-0.1864427685668498,0.11310135997339914,17.867489175561737,10.472930282151411,0.3947926876578601,1.7060639853597204,566.5,92.13327075516125,0.8386423702106005,0.9733676975945017,3.8709408213107266
ID32247,32247,13,561.0,445.33348095659875,210.2490404487747,0.0,12.0,12,13.404698085027873,1,,2315.5861456483126,2350.0,526.0,4337.0,1303675.0,778.8086857433025,0.8152722465397805,2.6706750075701975,0.013366979927287055,-0.03050670707036424,17.900598226559293,10.35095904745845,0.6179330415093445,1.7293661528836368,564.5000000000001,92.73021256322068,0.8249569765677989,0.9641332194705382,3.9029166995393476
ID32056,32056,13,571.0,449.1730490281404,209.61256164780968,0.0,1.0,1,13.522907587223532,1,,2197.793760831889,2233.0,361.0,3813.0,1268127.0,741.051510404045,0.8108511258345051,2.65599291156988,0.005975112473797292,0.08320339145255998,18.00523246176128,10.423202158215657,0.07123986901008017,1.7274185215307758,574.5000000000001,93.543730097989,0.825031498958851,0.9778723404255321,3.9027404267223837
ID32696,32696,13,581.0,446.69879518072287,212.6144578313253,0.0,35.0,35,13.599192765483634,1,,2423.783505154639,2532.0,357.0,4211.0,1410642.0,768.8163944675939,0.8323621254317122,2.864192410124905,-0.08933629555307063,-0.2168271842795766,17.173400351308736,11.39950863190508,0.9389585540815233,1.5065035613240048,581.0,91.92327557534409,0.8640423180753452,0.976470588235294,3.813620077276302
ID32121,32121,13,572.0,447.7609953703704,210.24074074074076,0.0,5.0,5,13.540550005146152,1,,2210.0678260869563,2223.0,402.0,4041.0,1270789.0,739.8426831023196,0.8115025233077958,2.676376118936912,0.03409348615884596,-0.04524783209205519,17.921880900249928,10.47630924647026,0.2604833211452209,1.710705600475499,576.0,92.4461997698756,0.8469430747001792,0.9705139005897222,3.8519249904114834
ID32125,32125,13,571.0,445.8809104258443,210.17870778267255,0.0,8.0,8,13.440270101798594,1,,2253.5661375661375,2250.0,430.0,4214.0,1277772.0,725.2405099665483,0.8119101441452916,2.7847714668279675,-0.013340488494603238,-0.06743594102938108,17.944197408772645,10.363031136994477,0.39795796193650956,1.7315587661137612,567.5,94.3575837285884,0.8009808032294498,0.9586148648648647,3.960900001651066
ID32194,32194,14,487.0,363.6497233748271,496.5816044260028,0.0,2.0,2,12.386499309352384,1,,393.8927835051546,394.0,234.0,568.0,191038.0,64.55621588815502,0.34249600916676026,3.1132390308912816,-0.29994824588203206,0.15173816704270102,14.810188749719872,10.857050812296926,-0.5573770032253463,1.3641078968650988,482.0,84.23147229981048,0.8537055768992892,0.9659318637274549,3.8366384312121764
ID32514,32514,14,537.0,356.00993171942895,499.3680943513346,0.0,26.0,26,13.074112164146966,1,,371.59404096834265,374.0,185.0,545.0,199546.0,59.21885006676218,0.28182542119404325,2.7592436460573677,-0.23868881466093675,-0.13200949138147544,14.665949766572947,12.174539048389347,2.574950609358181,1.2046410716891336,537.0000000000001,85.72692522306052,0.9182261472142428,0.9871323529411766,3.6993898807953105
ID32706,32706,14,519.0,360.27424534360955,500.33879254977523,0.0,34.0,34,12.85312533702941,1,,374.3044315992293,372.0,222.0,561.0,194264.0,55.40545357040513,0.27445679078194857,2.909720777577052,-0.10761693163519458,0.2871918931394796,14.789604543205693,11.603086803156357,2.4565695485422445,1.2746267259831683,519.0,86.08968776563789,0.8799843660515496,0.9783223374175306,3.7789178751972887
ID32195,32195,14,484.0,362.68591744710375,497.16215747485256,0.0,4.0,4,12.367210692444413,1,,393.8029350104822,394.0,231.0,551.0,187844.0,58.890823996879824,0.33121662516942546,3.3275509067296816,0.1540377575416582,0.3474099664679522,14.167765836421282,11.406437127485418,2.394912493346327,1.2420851207150436,480.5,84.42367348842275,0.8471781869086656,0.9477317554240632,3.8513904526672698
ID32515,32515,14,557.0,356.8528528528529,498.6672672672672,0.0,24.0,24,13.291425312283248,1,,368.2735507246377,369.0,184.0,518.0,203287.0,62.27906421905397,0.2863094845146057,2.632380769805493,-0.11420986068808747,0.22385745799672507,15.014331982813152,12.177582277574853,-0.6361295560830487,1.2329485147854187,555.0,87.86884912761747,0.903301997727491,0.9796999117387467,3.72982492331479
ID32324,32324,14,525.0,356.80518234165066,497.2978246960972,0.0,16.0,16,12.877866698399814,1,,376.50384615384615,378.0,184.0,524.0,195782.0,56.297277153083044,0.3276977525602426,3.3013096777558566,-0.027794939672296338,-0.013499967951866552,14.671443853852914,11.988783487084572,2.6202060297602054,1.2237641850533336,520.9999999999999,85.2834819848099,0.9001559161442584,0.983947119924457,3.7363371831214334
ID32333,32333,14,540.0,357.0726574500768,496.4164362519202,0.0,17.0,17,13.14089469003943,1,,374.57670979667284,382.0,162.0,521.0,202646.0,64.74748767531929,0.33409384480833004,2.897543326613541,0.004324449857804591,0.03615364934327593,14.745200064291158,11.862919667412669,-0.6054848838836593,1.2429655158835886,542.5000000000001,86.24718919812719,0.916473065688759,0.9836808703535815,3.702926391514208
ID32334,32334,14,534.0,356.9801995634549,498.48160274399754,0.0,18.0,18,13.043643439056288,1,,374.91028037383177,379.0,181.0,544.0,200577.0,66.70267323700338,0.2937525506674361,2.552375297798185,-0.05573608807220864,0.04488577428625247,15.00432991348539,11.627063216874276,2.4612788598212534,1.2904660130951822,534.5,86.2522387383254,0.9028525332495704,0.9798350137488543,3.730753211800324
ID32719,32719,14,515.0,361.0145631067961,498.252427184466,0.0,7.0,7,12.80349918517013,1,,380.273786407767,382.0,175.0,555.0,195841.0,63.14735401656042,0.3088584527782357,2.842091374323397,-0.14974590143731215,0.14001337435499728,14.961135072146478,11.374146155250633,-0.5490276040466913,1.3153633572081354,515.0,85.20655358221727,0.8913968483631709,0.9726156751652503,3.754649356854859
ID32527,32527,14,560.0,356.1500297088532,499.4483065953654,0.0,27.0,27,13.363077719938117,1,,364.7450980392157,366.0,193.0,514.0,204622.0,59.89098055484422,0.27726269015225546,2.6440474362106396,-0.0909500254983487,-0.0024113383330068815,14.975029230935025,12.294247624239098,2.616333890183521,1.2180517009768494,560.9999999999998,87.72355255588066,0.916094557802821,0.9850746268656715,3.7036912918636546
ID32338,32338,14,497.0,357.59255533199195,497.79510395707575,0.0,14.0,14,12.577758680835943,1,,387.5,393.0,201.0,539.0,192200.0,59.77675640297495,0.3189445709514377,3.1351478482169224,0.05290266142471395,-0.02050390237349634,14.419788757981516,11.123671408395465,2.5573101696222587,1.296315598382234,496.9999999999999,83.16881383691842,0.9029116104634749,0.9793103448275859,3.7306311588173413
ID32276,32276,14,525.0,357.0708412397217,498.57621758380776,0.0,12.0,12,12.951807210534664,1,,379.73434535104366,382.0,160.0,566.0,200120.0,63.490228707638046,0.3013279437369463,2.769846076645195,0.05171319707157086,0.09535581098166354,14.706884652203353,11.692035307400458,2.5420871619200036,1.2578549641305523,527.0,85.97585741904103,0.8959163203792376,0.9768303985171455,3.7451671727290656
ID32724,32724,14,548.0,360.1334563345634,500.58241082410825,0.0,35.0,35,13.134837582232015,1,,366.6110091743119,368.0,211.0,547.0,199803.0,50.797672732575776,0.27331567518956756,3.098276242916769,-0.34734780532226034,1.2130409897841705,15.638862185065866,12.470814155482344,2.277972865448751,1.2540369850825501,542.0,86.79258072701727,0.904157202961672,0.9926739926739925,3.728060561757613
ID32088,32088,14,470.0,363.5305289314874,496.78753993610223,0.0,1.0,1,12.224830942114894,1,,404.10897435897436,407.0,214.0,567.0,189123.0,71.49689564108344,0.3477304906779709,2.916627894840555,0.04359097503596817,0.2605396195047973,14.16978277834741,11.06301018423788,-0.6607864583354754,1.2808252494005592,469.5,82.43819401063685,0.8681375123333948,0.9611054247697032,3.8046146051034047
ID32155,32155,14,495.0,362.27699055330635,497.4362348178138,0.0,5.0,5,12.539740179716347,1,,388.8805668016194,387.0,209.0,590.0,192107.0,62.061965263237376,0.33343191433947694,3.1336972275153765,0.05892195768065085,0.09422470928240546,14.262939309324832,11.17550192668666,2.56414874562343,1.2762683414930556,493.9999999999999,83.7387436475243,0.8852866830593986,0.9743589743589743,3.767584194585581
ID32796,32796,14,506.0,357.25353734781174,497.7533728200066,0.0,11.0,11,12.697399629533992,1,,383.3984220907298,387.0,198.0,547.0,194383.0,61.156759614266214,0.324652611487018,3.0729305933620377,-0.13002415233846604,-0.0034404271538042187,14.653952399913658,11.286862271395584,-0.43314414649011146,1.2983194130977682,506.5,85.98560043971358,0.8608705620299437,0.9703065134099617,3.820638990549454
ID32669,32669,14,530.0,359.51420454545456,500.18907828282823,0.0,33.0,33,12.964089628857149,1,,376.0473484848485,381.0,213.0,529.0,198553.0,57.83917072689992,0.27699321056070525,2.8205318273468594,-0.19920619935955244,0.4133419314326264,14.865446621663024,12.00089478775144,2.470403136714365,1.238694854389962,528.0,85.12354105442392,0.9156814651570002,0.9887640449438202,3.704526623350682
ID32861,32861,14,502.0,359.3912106135987,500.977943615257,0.0,39.0,39,12.647162440933334,1,,369.3073852295409,369.0,235.0,524.0,185023.0,50.21212329058893,0.2706788556338623,3.13348723749668,-0.28745549439255474,1.0108753377900976,14.70583289787996,12.018578373812717,2.3382810808379286,1.223591712803779,502.5,84.11077747522407,0.8925707184879811,0.985294117647059,3.7521795689154307
ID32160,32160,14,504.0,360.14983498349835,498.523102310231,0.0,8.0,8,12.678584010953836,1,,384.13492063492066,386.0,201.0,538.0,193604.0,58.69821774293042,0.3137843467274656,3.12605102056643,0.10418049966361888,0.07165288087406937,14.756325614382765,11.312249284111994,2.635920504693953,1.3044554839423457,504.9999999999999,84.15501904439641,0.896068471793702,0.9749034749034748,3.7448491966524844
ID32419,32419,14,537.0,356.665418227216,497.6195380774032,0.0,22.0,22,13.037541149394094,1,,378.1337099811676,380.0,191.0,522.0,200789.0,63.56739858905571,0.3263840275122437,2.9275246888267166,-0.19798535535835354,-0.06993125558305921,15.0144220426023,11.665463160472864,-0.44603601383715635,1.2870832333067592,534.0000000000001,87.47681638214691,0.8769305156673151,0.9744525547445257,3.7854920678061035
ID32613,32613,14,529.0,358.1258631512869,500.549278091651,0.0,31.0,31,13.000867261978827,1,,367.6779661016949,364.0,224.0,538.0,195237.0,54.22406226654031,0.26653771592851555,2.853948255692596,-0.17090160664134715,1.2267260339454702,15.029625861163627,12.629409112676552,2.259539211083076,1.1900498057409432,531.0,86.91355262552226,0.8833430178360582,0.9779005524861878,3.7717269219304224
ID32422,32422,14,522.0,357.3656478828398,497.2249283667622,0.0,21.0,21,12.908726715567823,1,,383.20306513409963,388.0,183.0,553.0,200032.0,67.47873021103773,0.34328149423367815,2.9025213869799478,-0.28280581010311634,0.01371914322242065,15.03934314482213,11.773647737726627,2.680028086318352,1.2773732898964816,523.5000000000001,86.28272772133307,0.8836470203968492,0.9757688723205967,3.7710780693618586
ID32614,32614,14,549.0,357.56533575317604,499.92105263157896,0.0,30.0,30,13.243441670776848,1,,366.3152173913044,366.0,223.0,520.0,202206.0,51.55247097349969,0.27016466087938223,3.0227622120005835,-0.3525035924214319,-0.002139943813501399,15.002262161427177,12.28754543752856,2.5970883900348154,1.2209323853735135,551.0,86.92837491777962,0.9163013814105256,0.9874551971326166,3.7032732776379893
ID32806,32806,14,499.0,359.5063081009296,501.12118193891104,0.0,38.0,38,12.640868754332628,1,,369.2231075697211,368.0,250.0,501.0,185350.0,47.48372999960124,0.27324143226799363,3.3374120734129518,-0.369334207650356,1.1645887645026642,14.73399649227747,12.383324059640405,2.383723780107,1.189825641428407,502.0,85.47482553512118,0.8634498832696408,0.9776046738072055,3.8149281635368997
ID32234,32234,14,516.0,357.4497584541063,496.4951690821256,0.0,15.0,15,12.834538016621858,1,,382.8378378378378,386.0,200.0,515.0,198310.0,62.3423253398387,0.35017465071393605,3.1853459565563558,-0.14319518034778397,0.19174390450387174,14.550479187981448,11.762196843038597,2.5878193804885887,1.237054555552102,517.5000000000001,85.66802217909837,0.8861000014436446,0.9773371104815867,3.7658547346223106
ID32236,32236,14,547.0,357.48810612991764,498.36947240012205,0.0,13.0,13,13.189251411639765,1,,370.53113553113553,374.0,189.0,533.0,202310.0,62.928967829630714,0.29386299284099215,2.674611456999835,0.02789777606128287,0.2106153319137896,14.862821317268153,11.9980938486461,-0.5933132079013891,1.2387652159384732,546.4999999999998,85.74153081023994,0.9341520349995432,0.992733878292461,3.6677198008284977
ID32877,32877,14,519.0,358.5682036503362,498.60406660262566,0.0,10.0,10,12.87168581649906,1,,376.78735632183907,379.0,202.0,538.0,196683.0,59.710166840259305,0.3002511957144024,2.9143084512117516,0.04425956535799663,-0.08234704361649083,14.748010728640997,11.344851733590973,2.6120274907026784,1.2999738625912236,520.5000000000001,84.4171752162803,0.9178441973571165,0.9876660341555977,3.7001595291039497
ID32110,32110,14,554.0,361.66152450090743,497.2105263157895,0.0,6.0,6,13.243441670776846,1,,370.0361663652803,373.0,194.0,566.0,204630.0,60.33480375949615,0.311564885782775,2.9138352226671698,-0.060305721579399583,0.13262177234236877,14.876800113200273,12.222304200571521,2.5986817188801137,1.2171845724887642,550.9999999999999,87.453581438426,0.9053286487772313,0.9709251101321585,3.725647827662543
ID32174,32174,14,539.0,359.6790352504638,498.8132343846629,0.0,9.0,9,13.098436114783443,1,,373.35489833641407,379.0,192.0,519.0,201985.0,65.00082420445275,0.29298450496210426,2.6030608344761075,-0.06566601974067217,0.004287653804730736,14.974543320186653,11.71540246226812,2.5833042097695165,1.278192820811344,539.0,86.89644559918078,0.8970044637734367,0.9800000000000002,3.742894878805355
ID32558,32558,14,528.0,356.32325141776937,500.2224322621298,0.0,28.0,28,12.976360421598395,1,,368.64083175803404,369.0,210.0,548.0,195011.0,54.22497604037828,0.27335940476330234,2.9188856674544748,-0.2950291671108403,0.15753644277383724,14.556804937344312,12.186984363753679,2.6243504346947573,1.1944550434181989,529.0,86.03861141729831,0.8980049916160742,0.9823584029712163,3.7408091920564486
ID32751,32751,14,544.0,360.2017704517704,500.51617826617826,0.0,36.0,36,13.183216521636506,1,,368.42857142857144,369.0,222.0,511.0,201162.0,53.731847189158735,0.2737085890099674,2.946930375343405,-0.4519339133012699,1.3649900206770318,15.814858449656182,12.552794601600793,2.3039053070479554,1.2598675395867145,546.0,88.88203351210949,0.8685094382818408,0.9846708746618575,3.8037998837213842
ID32369,32369,14,512.0,357.46053489889107,498.41389432485323,0.0,20.0,20,12.753679933255228,1,,383.36542239685656,386.0,190.0,538.0,195133.0,64.15535449747914,0.31718078874777333,2.877872257762686,-0.24154471549559542,-0.046190223822964116,14.701334554376277,11.51823967511514,2.5638935802356277,1.2763525477020705,511.00000000000006,84.44140365989746,0.9005749783270459,0.9798657718120807,3.7354677719990215
ID32114,32114,14,431.0,364.27382319173364,496.1142365097589,0.0,0.0,0,11.773867479848787,1,,418.554272517321,421.0,254.0,616.0,181234.0,66.80657150871939,0.35566846670447916,3.287414444084609,0.12135090300906551,0.01626071668270221,13.600412680721648,10.342335327197357,2.4914145070279545,1.315023372425035,435.49999999999994,79.65161715003647,0.8625987572758589,0.9613686534216335,3.816809793867457
ID32054,32054,14,460.0,363.37035030697,497.109245214879,0.0,3.0,3,12.120231535487239,1,,399.54211663066957,401.0,248.0,604.0,184988.0,64.14264623872207,0.347986870537302,3.216050687322965,0.09844438021192159,0.42500239613637475,13.81264588210725,11.472117302184397,2.586705517431609,1.204018884942642,461.49999999999994,80.1122863336716,0.9036147611530263,0.9767195767195767,3.729179375106367
ID32571,32571,14,546.0,357.4647347439436,500.51993253603183,0.0,29.0,29,13.153000537553789,1,,367.02762430939225,366.0,192.0,514.0,199296.0,54.48921802747816,0.27112764286790586,2.8734444652425384,-0.2559141714107989,1.055278245252801,14.967574380025061,13.078945520297133,2.285121336648862,1.144402226983588,543.5,86.73736020680735,0.9078142828963871,0.991788321167883,3.7205438404256013
ID32891,32891,14,458.0,358.93724844493227,501.6313574826199,0.0,41.0,41,12.041185703937824,1,,373.55187637969095,371.0,257.0,510.0,169219.0,49.4606760513209,0.27326967995468937,3.241842566617828,-0.2276240548635667,1.4180798708707334,14.287786918231749,11.684422846568879,2.219165483555165,1.2228063898275767,455.5,80.306492365016,0.8875583845040418,0.9806243272335846,3.7627595485702336
ID32380,32380,14,515.0,357.42898832684824,498.2059014267186,0.0,19.0,19,12.791062563308353,1,,383.3953488372093,386.0,186.0,542.0,197832.0,64.67260864092128,0.31349423071179894,2.8298136675205776,-0.08469601518734284,-0.001068693072901681,14.72751645890883,11.404956939041217,2.471683130326858,1.2913259153564969,514.0000000000001,84.5064260981101,0.9044686384817904,0.9781160799238823,3.7274186652926797
ID32444,32444,14,544.0,357.36935286935284,498.7667887667888,0.0,23.0,23,13.183216521636506,1,,375.65567765567766,380.0,173.0,528.0,205108.0,66.30808365901375,0.2902967863719884,2.549212789065079,-0.007210628703108821,0.2806941740811073,14.973586528394927,12.249374366536443,2.4101827384053505,1.2223960245104963,546.0,86.55283437546267,0.9158828309578556,0.9855595667870036,3.7041193627538473
ID32508,32508,14,545.0,356.4211567732116,499.3462709284627,0.0,25.0,25,13.20131291522269,1,,371.6131386861314,374.0,196.0,531.0,203644.0,62.37522807586661,0.2847676669146729,2.641040056379998,-0.056127325128104484,0.025409338360593576,15.158993151474151,11.812287992352237,2.5426090605010576,1.2833240402950477,547.5,87.71344057425246,0.8942556532035065,0.9794275491949911,3.7486430195942053
ID32764,32764,14,519.0,359.19949012109623,500.84703632887187,0.0,37.0,37,12.902560616952067,1,,369.2734225621415,369.0,213.0,537.0,193130.0,49.67750210767713,0.26796441584873454,3.141871054406774,-0.30513483352664805,0.6484460914094161,14.860101116498361,12.27380617794838,2.6036339644197266,1.2107166188754572,523.0,86.93186247542921,0.8696681884287223,0.9840075258701787,3.8012649382637993
ID32828,32828,14,478.0,359.7276847977685,501.5857740585774,0.0,40.0,40,12.334995970645954,1,,373.30543933054395,372.0,227.0,501.0,178440.0,49.28782972530748,0.27312180119407153,3.2496832426230475,-0.3934226863047159,1.2452732355028444,14.522730061477615,12.186002950721468,2.3740763567077874,1.1917550094321783,478.0,82.53186678633902,0.8818493996835453,0.9896480331262939,3.7749197212883305
ID32639,32639,14,557.0,358.93348281016443,500.42107623318384,0.0,32.0,32,13.32132731928254,1,,363.52329749103944,365.0,221.0,524.0,202846.0,54.66045339556421,0.2701469775873038,2.8290143407426154,-0.3096447415385625,1.2101898390830257,15.665706194636103,12.698985886130698,2.286279314713945,1.2336186790903936,557.5000000000001,88.48042145123473,0.8948708688812268,0.984982332155477,3.7473542188580247
ID32130,32130,15,757.0,382.3592788038698,257.2302110817942,0.0,8.0,8,15.533154661153455,1,,630.7225891677675,637.0,265.0,943.0,477457.0,111.3382979582007,0.5166473312452459,3.8595208221970747,0.061629919475871334,0.14503209308744247,17.163008261710917,14.416609718397693,1.1704849888323703,1.1905023855787966,757.9999999999999,101.27759127180865,0.9286505966178178,0.9863370201691606,3.6785677660997766
ID32162,32162,15,766.0,382.6111111111111,256.8277019709768,0.0,9.0,9,15.65054176117961,1,,626.7380025940337,641.0,244.0,898.0,483215.0,113.39509756303339,0.5156719436944578,3.7608848592704476,-0.033842162341520515,0.04366691227597133,17.36367825197531,14.383112196627732,1.219630813692901,1.2072267819788267,769.5000000000001,101.22282992364784,0.9437599392335478,0.9890745501285345,3.649002515798139
ID32163,32163,15,763.0,382.1376907763769,256.75746516257465,0.0,4.0,4,15.486978376671361,1,,623.8563829787234,631.0,258.0,910.0,469140.0,99.5185914913007,0.5073661452344591,4.22000655713606,0.07571367612256204,0.08376180951291504,17.21943094250844,14.287709926365173,1.25656542406169,1.2051918068922542,753.5,100.24297650010794,0.9422913695506827,0.9901445466491459,3.6518449105847526
ID32292,32292,15,748.0,380.85369127516776,256.8447427293065,0.0,16.0,16,15.399378727952765,1,,647.2048192771084,652.0,263.0,959.0,483462.0,104.82722707896622,0.5289633388552094,4.271949807452191,0.09000118779823817,0.07669621841934347,17.22373136775245,14.14417624148192,1.4132775394559234,1.217726014841277,745.0000000000002,100.62605580561606,0.9245815788720947,0.9828496042216361,3.6866534372566377
ID32359,32359,15,699.0,380.4927588703838,253.55020516533912,0.0,20.0,20,14.825416567837394,1,,690.8583815028902,701.0,295.0,976.0,478074.0,115.76053256295083,0.5511131652793398,4.240878323906745,0.09941104269949799,0.13585905545753665,16.177151558322727,14.02756422830149,-1.3907593772729019,1.153240241501394,690.5000000000001,97.82839531391392,0.9066583952864279,0.971850809289233,3.722914722749916
ID32073,32073,15,750.0,383.2204373047747,256.26506024096386,0.0,6.0,6,15.42003518087075,1,,633.6317204301075,640.0,278.0,946.0,471422.0,104.29696118413406,0.5147593571711295,4.129104337536835,0.020622948190202474,0.0183275448740053,17.10505766556865,14.194814815122008,1.171088807317775,1.2050215440180527,747.0,100.90111796292693,0.9220161103492113,0.9861386138613862,3.6917788484443754
ID32777,32777,15,764.0,383.3211328976035,256.8228758169935,0.0,11.0,11,15.604712843580295,1,,631.0143979057592,643.0,240.0,903.0,482095.0,111.92982988162862,0.5184364517570936,3.8496595992195,-0.07314505745967366,0.03567290058708308,17.31476896813411,14.341058723921408,1.3182787337963249,1.2073563954697741,764.9999999999999,103.05693835389711,0.9051422282948204,0.9782608695652174,3.7260314697499877
ID32078,32078,15,766.0,382.5833333333333,254.40451388888889,0.0,0.0,0,15.635280380893436,1,,617.8296488946684,632.0,247.0,918.0,475111.0,105.84600082493321,0.4981428491538201,3.8817267674183,-0.02172261533619583,-0.010497255247095834,16.91041847238763,14.672206964584696,1.1964426909844719,1.152547705550055,767.9999999999999,102.22069240878596,0.9236202525177942,0.9808429118773945,3.688571517435157
ID32302,32302,15,749.0,380.04316866933686,255.2111704494882,0.0,17.0,17,15.440663999700895,1,,651.684,667.0,248.0,1023.0,488763.0,123.34935303651186,0.5326677557718751,3.6723034911451395,0.060365986061677084,0.1173604177484666,17.138871694568778,14.192576921060429,-1.5485638367279384,1.2075940676521069,749.0000000000001,101.0348320193752,0.9220393040202449,0.9829396325459319,3.6917324152596693
ID32303,32303,15,727.0,380.26294775268076,255.67020305726672,0.0,18.0,18,15.248782635255152,1,,659.2005457025921,665.0,257.0,944.0,483194.0,109.4295661375709,0.5350833072692613,4.199545878248246,-0.07189222716408411,-0.06310222755602105,17.096705824324864,13.78139525895281,-1.5607428195493849,1.240564217416109,730.4999999999999,100.88766683325468,0.9018907387607547,0.9805369127516776,3.7327419569979545
ID32403,32403,15,480.0,378.0434633812457,253.67556468172484,0.0,22.0,22,12.450578884995911,1,,864.8336755646817,855.0,386.0,1352.0,421174.0,152.73801184642898,0.5959302834556206,4.228603787844494,-0.3161460349876725,0.060831157470658,15.917444038065119,9.970598612378117,2.6729272514816365,1.5964381535030625,487.0,87.34634389908263,0.8021385023492239,0.9410628019323671,3.9580406536943693
ID32180,32180,15,762.0,382.1653517422748,256.0075608152531,0.0,2.0,2,15.558748935655874,1,,612.1778656126482,620.0,260.0,893.0,464643.0,103.25323653556322,0.5027811076707163,3.9672280734569796,3.2217224585839784E-4,-0.02343209610137669,17.059682028333224,14.45790432893617,1.253748312494159,1.1799553822050015,760.5,101.63362896295126,0.9251970015035819,0.9812903225806452,3.685427089041043
ID32372,32372,15,710.0,380.4814684494487,254.00809289232936,0.0,19.0,19,15.038589499470461,1,,677.9367088607595,686.0,300.0,976.0,482013.0,122.0245654781818,0.5469914226917415,3.928841305176833,0.3299304551908028,0.39976214867391796,16.64505970188111,14.225304258064208,1.3699695759423847,1.1701021925380024,710.4999999999998,97.9264998974368,0.9310510236861026,0.9874913134120914,3.6738226811344044
ID32309,32309,15,751.0,381.9862876254181,256.99342251950947,0.0,14.0,14,15.425194971940664,1,,647.437165775401,652.0,269.0,1014.0,484283.0,107.20173308000513,0.5228631983719932,4.1471810842647905,-0.021868207483223993,0.0441116209131945,17.130736719087974,14.090762411421727,1.2204355392940018,1.2157423579296247,747.5000000000001,100.47171524908038,0.9305365321234211,0.9842001316655697,3.6748381649516215
ID32406,32406,15,671.0,380.96155735691474,256.91365757799065,0.0,21.0,21,14.696028639591782,1,,703.8724035608309,707.0,332.0,975.0,474410.0,100.72199264282312,0.5548385287010512,4.987477419590109,0.2221982829731656,0.2544385131269265,16.10200447347538,14.087860508509207,-1.2468412468814347,1.142970180869523,678.4999999999998,95.0933845139361,0.9428858240130941,0.9934114202049777,3.6506935528505164
ID32248,32248,15,761.0,383.0210928961748,257.37650273224045,0.0,12.0,12,15.579194081053753,1,,636.4274509803921,647.0,246.0,924.0,486867.0,108.2831707006018,0.5192103418268308,4.017384147367834,-0.035936264896448675,0.10451946207497932,17.26539507935745,14.346670018391649,1.3120152391357676,1.2034426844155581,762.4999999999998,101.84012442428602,0.9238721371987666,0.9800771208226218,3.6880686567262595
ID32697,32697,15,743.0,383.04004474272926,257.0642058165548,0.0,7.0,7,15.399378727952762,1,,631.1588156123822,635.0,278.0,909.0,468951.0,105.25889824642313,0.5151780503494254,4.07758956537378,0.035301644518327326,0.0551341409106379,17.193834162224483,14.139337935198057,1.2362250928374123,1.2160282356235828,744.9999999999999,99.84858450163708,0.9390361504080439,0.9880636604774534,3.658169092598239
ID32218,32218,15,764.0,381.036771105309,257.2600087032202,0.0,15.0,15,15.614908671419878,1,,634.2506493506494,639.0,270.0,900.0,488373.0,108.64899536275485,0.5220129969216415,4.004314283953586,0.22396959673460692,0.12287641361975207,17.277202500843092,14.622279616681528,1.3134425577232958,1.181566961770636,766.0,101.28736309108676,0.9382705905700808,0.989025177533893,3.6596611868504993
ID32219,32219,15,767.0,382.3298565840939,256.9167753150804,0.0,13.0,13,15.625097846188595,1,,629.735332464146,635.0,263.0,911.0,483007.0,102.80694519220113,0.5183452535476596,4.182290464725094,0.015835087878978134,0.026410731547739423,17.411357611579763,14.347110954131649,1.3125892975588773,1.213579351776441,767.0000000000001,102.93527953103441,0.9096550429736394,0.9770700636942679,3.7167775243821803
ID32060,32060,15,758.0,381.83905768383977,255.27498899163362,0.0,1.0,1,15.522905135351742,1,,616.1923583662714,622.0,258.0,916.0,467690.0,106.4539609363982,0.5047726287981218,3.88337555858173,0.03694245228095829,0.009207206456204627,17.10446650317516,14.293167078664704,1.1844404775665769,1.1966883482882433,756.9999999999999,100.150286569296,0.9484214133880676,0.9921363040629091,3.640024079193679
ID32124,32124,15,754.0,382.671201061712,256.5225613802256,0.0,5.0,5,15.486978376671361,1,,627.2254641909815,633.0,288.0,960.0,472928.0,105.65813266124009,0.5120493362232594,4.020652988141088,-0.048443304282236546,-0.047580469677650845,16.96401661838088,14.266080246098142,1.1421975170809429,1.1891154630944012,753.5000000000001,102.84842571574947,0.8951541385257907,0.9760362694300518,3.746761250762633
ID32860,32860,15,769.0,383.3296488946684,256.79778933680103,0.0,10.0,10,15.645456288499068,1,,627.9973958333334,636.0,252.0,912.0,482302.0,107.43471984610692,0.5168327481039668,3.983414596910756,-0.03809427613638456,0.024342095934732116,17.314036276017685,14.365997498624798,1.2742403127818673,1.2052094731100358,768.9999999999999,102.24593393167726,0.9243663161165928,0.9821200510855684,3.6870826788713917
ID32030,32030,15,759.0,381.73906833662926,257.12755438365195,0.0,3.0,3,15.538276888715982,1,,615.5046235138706,621.0,238.0,892.0,465937.0,104.1305857119379,0.504048432966311,3.96180824459013,-0.061762421733985745,-0.058824616738601496,17.138102079134224,14.318238985560066,1.1933107466791122,1.1969420329146614,758.5,101.2854405860556,0.9291191384056897,0.9869876382563434,3.677640123995749
ID32385,32385,16,201.0,334.9842454394693,3.393864013266998,0.0,21.0,21,7.998767850296815,1,,708.4773869346734,731.0,295.0,975.0,140987.0,139.95507302654187,0.3982618923755211,2.8836833826263835,-0.6378545624510568,-2.400553205309336,14.00021282600386,7.555807151224561,0.16379954299410104,1.8529076438557412,201.0,66.7011029978913,0.5677274460427747,0.9686746987951809,4.704733057249543
ID32259,32259,16,183.0,335.0817694369973,3.4490616621983916,0.0,18.0,18,7.704855207807409,1,,692.6256684491979,711.0,276.0,943.0,129521.0,141.74890333139408,0.39197232934937937,2.7519065254527764,-0.7904900067937519,-1.3451770015936142,13.112104932909734,7.16313177548745,0.02817254995932239,1.8304989135869216,186.49999999999997,62.82229240166956,0.5938286412303847,0.9688311688311687,4.6001750885205315
ID32452,32452,16,197.0,336.15731292517006,2.3078231292517004,0.0,26.0,26,7.898654169668589,1,,738.4822335025381,735.0,456.0,1034.0,145481.0,97.84319994040388,0.4050026558501135,4.35131100733339,-1.2535586449584406,-2.5618073104062136,14.254867798219362,7.7960371940757796,0.21961081855871487,1.8284761146408661,196.00000000000003,67.03400419228085,0.5481199519303902,0.9514563106796119,4.788143156591488
ID32198,32198,16,209.0,336.0043547110056,2.7747426761678544,0.0,13.0,13,8.185611219798307,1,,777.8952380952381,773.0,539.0,1098.0,163358.0,97.40385261133953,0.4250415048473409,4.764077313247241,-1.222627403278165,-3.497481001716706,13.908971854419265,8.944752879792416,0.3144798213963649,1.55498671023565,210.49999999999997,68.443032828607,0.5646813871964895,0.9700460829493086,4.717405353300991
ID32199,32199,16,219.0,335.6105769230769,4.206730769230769,0.0,15.0,15,8.136857890256438,1,,744.0336538461538,757.0,295.0,1047.0,154759.0,140.9110241831468,0.40676998035030093,3.0535385438012126,-0.5877884197393455,-2.7417652290119925,13.778947866662302,8.318348734139029,0.20388237576372586,1.6564522968498097,207.99999999999997,65.48426141475329,0.6095359595390152,0.9928400954653936,4.540516582053481
ID32775,32775,16,379.0,336.7442680776014,5.326278659611993,0.0,38.0,38,10.969099187147178,1,,755.3359788359788,758.0,377.0,1140.0,285517.0,128.4613115668049,0.42387371175430283,3.5007639389845315,-0.4962646449437028,-2.119708531643563,15.132516388116063,10.594165962086427,0.2401434111362147,1.4283820399143388,378.0,79.56582874654059,0.7503233856145652,0.980544747081712,4.092424639367108
ID32841,32841,16,193.0,334.16493055555554,2.5121527777777777,0.0,10.0,10,7.81764019044672,1,,784.82722513089,785.0,458.0,1082.0,149902.0,112.71195935306483,0.4234800011098017,4.14300628119615,-0.3326903293817079,-2.418440120227279,12.71527263794222,7.968474724743046,0.13917000662863765,1.595697178841493,192.00000000000003,63.082359594209706,0.606310700900601,0.9696969696969698,4.552577161604217
ID32265,32265,16,205.0,334.95330112721416,3.887278582930757,0.0,14.0,14,8.117274569709014,1,,734.7246376811594,752.0,264.0,1033.0,152088.0,148.94909054607893,0.3999692077114322,2.8185439903812597,-0.5985163465946077,-2.382084536667926,12.822899047393326,8.065562720254697,0.22949469091004593,1.5898331576037141,207.0,65.1087438506449,0.6136229248245072,0.9495412844036697,4.525370524669797
ID32077,32077,16,221.0,333.29939668174967,3.8001508295625945,0.0,5.0,5,8.387281135541942,1,,744.5158371040724,755.0,318.0,1169.0,164538.0,140.8019756216338,0.4123034411730459,3.08733765402605,-0.4468904017434282,-2.1937906986078723,13.585088136705414,7.930826099320609,0.1245338500683672,1.7129474239599296,220.99999999999997,70.34078964826074,0.5612904575492788,0.9404255319148935,4.731633550460245
ID32717,32717,16,330.0,337.15238095238095,4.84973544973545,0.0,36.0,36,10.013371767186818,1,,770.4858044164038,766.0,473.0,1152.0,244244.0,110.33638419666713,0.416977741909997,4.109847756567401,-0.3660888834887788,-2.358117667678799,14.657863161857975,9.695506277110264,0.3004560246496162,1.511820295188003,314.99999999999994,75.99860013221625,0.685344973998839,0.9662576687116563,4.282036017010252
ID32654,32654,16,294.0,336.4121315192744,4.079931972789115,0.0,34.0,34,9.673836185197393,1,,768.2925170068028,760.0,403.0,1052.0,225878.0,114.62839267815598,0.4179498634944462,3.9511881327084346,-0.9003767750126177,-2.795071373333476,14.776078772171186,9.614817019299403,0.3386987014321908,1.5368029097705975,293.99999999999994,73.30292860796023,0.6875662370180529,0.9719008264462808,4.275113612884909
ID32143,32143,16,166.0,334.7052052052052,2.065565565565566,0.0,2.0,2,7.28001346493268,1,,749.8630952380952,740.0,482.0,999.0,125977.0,98.72334328882211,0.4198158338104869,4.491784588645143,-0.49418678987281406,-1.7424814993250146,12.751001070935489,6.631238554188581,0.1325051041767713,1.9228687019382522,166.49999999999994,60.99679600067237,0.5623543453472467,0.946022727272727,4.727155670677735
ID32080,32080,16,196.0,334.0642978003384,3.464467005076142,0.0,8.0,8,7.91877816195193,1,,724.2284263959391,757.0,313.0,1031.0,142673.0,149.00347073091314,0.4015911044938785,2.7852996854413297,-0.556113921785644,-2.2350927682751855,13.47574251912828,7.630589245699305,0.1719804874051134,1.7660159766460206,197.00000000000006,64.3348326007714,0.5981136854968185,0.9609756097560979,4.583667034270959
ID32529,32529,16,220.0,336.24259681093395,2.6609719058466212,0.0,28.0,28,8.358769049168787,1,,757.9041095890411,755.0,433.0,1070.0,165981.0,107.10671576056964,0.4187245261141208,4.17693654936608,-0.7600389516198078,-1.7878331730042063,14.215925937203266,7.457755374570808,0.19244398066463542,1.9061936498582712,219.5,68.964661172062,0.5799508308322315,0.9340425531914895,4.654889163380699
ID32019,32019,16,179.0,334.3217913204063,2.3753462603878117,0.0,3.0,3,7.579903327627222,1,,786.3370165745856,788.0,546.0,1092.0,142327.0,104.77256961811642,0.42051264446682834,4.443498889940994,-0.04722214773545691,-1.1836951879131494,12.568146951878647,6.559340072492861,0.13110983181832409,1.916068813779639,180.50000000000006,61.0980764925264,0.6076199078784569,0.9550264550264552,4.547669916349453
ID32340,32340,16,190.0,335.76614987080103,3.4242032730404826,0.0,20.0,20,7.848118435431737,1,,705.9072164948453,719.0,258.0,1021.0,136946.0,149.85361302368858,0.396362024327457,2.6742647978232026,-0.8330510872979567,-1.7315399608150444,13.297956372577602,7.431177054028433,0.11419407592094277,1.7894818379234814,193.5,64.32668676116832,0.587636099438798,0.9699248120300751,4.624350016297125
ID32663,32663,16,198.0,334.1843434343434,3.4427609427609425,0.0,7.0,7,7.93885114260184,1,,729.1105527638191,742.0,358.0,1094.0,145093.0,131.85057290336445,0.40501634055342395,3.18810435601353,-0.15486962811831687,-2.3159705638744974,13.516575401872904,7.879520171607476,0.09143137173599913,1.7154059013107938,197.99999999999997,65.23764257793682,0.5846265525458341,0.9635036496350365,4.6362373769891345
ID32664,32664,16,300.0,336.8440134907251,4.025576166385609,0.0,35.0,35,9.714879374109282,1,,762.2248322147651,755.0,342.0,1047.0,227143.0,116.40944134598156,0.4143499835489709,3.836501039332747,-0.46641374962130006,-2.464070237374823,14.759822068949074,9.499182480765917,0.301047320882716,1.5537991925973604,296.5,75.23842218588207,0.6581959456890969,0.9533762057877814,4.369455599517933
ID32345,32345,16,185.0,335.88337801608577,2.329311885612154,0.0,19.0,19,7.70485520780741,1,,762.4354838709677,759.0,467.0,1065.0,141813.0,98.16471887285282,0.42982930817946735,4.669705569878134,-0.5724434141917871,-1.7477465994445422,13.28333540543685,7.206287358852426,0.15927142359764224,1.8432980457154808,186.5,64.06426561324129,0.5710274634132225,0.9738903394255874,4.69111882855397
ID32857,32857,16,403.0,338.78424092409244,6.136963696369637,0.0,41.0,41,11.340070282773887,1,,784.8985148514852,784.0,363.0,1136.0,317099.0,143.09363606622196,0.41952900371667007,3.242208230070989,-0.24979203767708,-0.7059953764309826,14.477188389506727,10.39937593032584,0.21138341907010783,1.3921208817242092,404.0,79.18283645695709,0.8097092851701612,0.9782082324455206,3.939493355049384
ID32029,32029,16,160.0,334.41255144032925,2.001028806584362,0.0,1.0,1,7.180961047225787,1,,782.1111111111111,777.0,492.0,1027.0,126702.0,97.97470836017254,0.42431441698117645,4.756268790369553,-0.4053044680672359,-1.5874715372469426,12.741478085391423,6.352017205374544,0.18047635620873104,2.0058947690838513,161.99999999999994,60.198112880114394,0.5617707522621239,0.975903614457831,4.729610425795793
ID32733,32733,16,340.0,336.3142156862745,4.7671568627450975,0.0,37.0,37,10.403141895720196,1,,775.9294117647058,773.0,421.0,1122.0,263816.0,122.400646674916,0.4295643035080414,3.8097193782032917,-0.39954412949528945,-2.147294709915581,14.68684170356119,9.966180196401613,0.24273831694274017,1.473668086882878,339.9999999999999,77.62629820079857,0.7090404771104841,0.9700427960057059,4.209877101866691
ID32478,32478,16,219.0,336.0800766283525,2.617241379310345,0.0,27.0,27,8.320600954556978,1,,752.5462962962963,742.0,432.0,1012.0,162550.0,106.0912625347572,0.4192289389951663,4.1906597077205054,-0.6152006136974307,-2.3421071271091005,14.507041347957541,7.782959695059165,0.16758496281694368,1.863949180819606,217.50000000000003,68.27369730730061,0.5863572246883482,0.9666666666666668,4.629390240133493
ID32542,32542,16,241.0,336.28168044077137,2.940082644628099,0.0,29.0,29,8.77673016883152,1,,750.4180327868852,742.0,357.0,1017.0,183102.0,109.95108079190292,0.4249111638465386,4.0704657723758775,0.0021860877225335744,-1.4839209720809805,15.322663918096197,7.215346536144708,0.14360645192384336,2.1236213453281176,242.00000000000003,72.26893518325407,0.5822666530014791,0.9453125000000001,4.645623103382729
ID32036,32036,16,183.0,333.76282051282055,2.217948717948718,0.0,6.0,6,7.611333607551956,1,,769.9060773480663,770.0,501.0,1063.0,139353.0,87.19599262309774,0.4067223661004497,5.10576568667501,-0.10549804324752798,-1.1347957643790774,12.978285425485423,5.956533178051511,0.09192422785027461,2.1788320550798734,181.99999999999991,62.44274541245531,0.5865665234028611,0.9604221635883899,4.628564236742562
ID32102,32102,16,202.0,332.9232673267327,2.5247524752475248,0.0,4.0,4,8.018640596081465,1,,792.9211822660099,790.0,478.0,1124.0,160963.0,107.01010267186393,0.421188712335364,4.391978536401354,-0.20620546421201394,-2.319307011740789,13.768397338294816,7.653751741468518,0.15577146559155253,1.7989082744475178,201.99999999999997,65.41425826876903,0.5932208282124487,0.9782082324455205,4.602531150825908
ID32039,32039,16,144.0,334.9618885096701,1.7798634812286689,0.0,0.0,0,6.828791864299668,1,,783.9246575342465,772.0,473.0,1055.0,114453.0,112.9562066873364,0.4298624355253853,4.172818156602176,-0.625923133277501,-1.372697346542882,12.096995688262954,5.7384923270043675,0.12143044594273733,2.108044238612388,146.5,57.66814603183661,0.5535737774976941,0.9638157894736842,4.764498309542463
ID32424,32424,16,216.0,336.17515432098764,2.5709876543209877,0.0,23.0,23,8.291859587312052,1,,759.073732718894,756.0,422.0,1130.0,164719.0,110.68830988737936,0.42381390388280715,4.082575014688437,-0.7868656126949048,-1.9513930037369567,14.484509361248765,7.030248205127081,0.1813273298965496,2.0603126573376707,216.0,67.68169582332594,0.5925447459124102,0.972972972972973,4.605156102594665
ID32808,32808,16,382.0,338.21978751660026,5.548694112439133,0.0,40.0,40,10.94731346715701,1,,773.5435356200528,765.0,328.0,1099.0,293173.0,128.01140854893853,0.4197191479386653,3.572912851900828,-0.1797476104625299,-1.3676693740155614,14.696229866537967,10.123369324427554,0.2670495641885149,1.4517132977729226,376.50000000000006,78.82401091029041,0.7614787437774659,0.9753886010362697,4.062337853251382
ID32617,32617,16,289.0,336.6704347826087,3.8292753623188407,0.0,32.0,32,9.566299821657264,1,,757.2982456140351,748.0,432.0,1070.0,215830.0,110.72869472245877,0.4229077454921908,4.065422269088083,-0.4734080427374213,-2.2557534321546298,14.764544244954829,8.868828697768993,0.24245034221377953,1.6647682290524946,287.49999999999994,74.78580140266254,0.6459656273332453,0.9762308998302205,4.410625940568087
ID32238,32238,16,192.0,334.75897435897434,3.523076923076923,0.0,12.0,12,7.8784787748549,1,,744.5025641025641,760.0,275.0,1067.0,145178.0,154.7039865258803,0.39565482229336557,2.728557631794894,-0.33163560165865824,-1.8803300737523287,13.162336403268071,7.267640434384826,0.15104679305238577,1.811088003335185,194.99999999999994,63.05334622811752,0.6163511299496862,0.9798994974874369,4.515343909191314
ID32111,32111,16,200.0,333.5159128978225,3.541038525963149,0.0,9.0,9,7.958873497585845,1,,744.6633165829146,772.0,274.0,1059.0,148188.0,140.51723432547365,0.4015148423402579,3.0364369323977654,-0.07549414318936594,-1.3832527615894592,13.279171352578796,6.82965768999429,0.0990278628188328,1.944339226844896,198.99999999999997,63.68386293015331,0.6166008833714437,0.9613526570048307,4.5144293493512775
ID32250,32250,16,205.0,336.27777777777777,4.147717484926788,0.0,16.0,16,7.848118435431736,1,,736.8814432989691,750.0,309.0,1053.0,142955.0,127.36289536205017,0.3944357043483461,3.2731236967008486,-1.0066041380545507,-3.1538507293832314,13.530130603239764,8.716778229437244,0.25944255957799317,1.5521939697338463,193.49999999999997,64.06190253251441,0.5925038391025345,0.9579207920792078,4.605315071179603
ID32443,32443,16,197.0,336.2696817420436,2.382747068676717,0.0,25.0,25,7.958873497585846,1,,746.1809045226131,745.0,472.0,1056.0,148490.0,98.38056101200222,0.41822986363267606,4.473353777880357,-0.6228755058958882,-1.994243592928009,14.339094424520779,7.111283295357133,0.19870996300677882,2.0163863298601243,199.00000000000003,66.2894142056173,0.5690816447302255,0.9613526570048311,4.6991319821374695
ID32636,32636,16,311.0,337.2427652733119,4.240085744908896,0.0,33.0,33,9.949591680222808,1,,761.0384615384615,757.0,432.0,1071.0,237444.0,110.99954431211378,0.4152508474295126,4.023393494854613,-1.0096598256900224,-2.31705087688613,15.19126327066882,9.39639280060408,0.29255277413521874,1.616712241924603,311.0,75.61494271193489,0.6835259357754757,0.9613601236476044,4.287730030513037
ID32573,32573,16,237.0,336.54360056258787,3.0260196905766525,0.0,30.0,30,8.685588237163813,1,,764.3220338983051,753.0,498.0,1060.0,180380.0,111.17981458887161,0.4141273245550546,4.026482375495508,-1.1592741172596284,-2.4938362254917945,14.497124017775239,8.367183809960594,0.27526738119196903,1.732616893215295,237.00000000000003,69.70110572973772,0.6130259718967015,0.9518072289156627,4.5275733480222975
ID32829,32829,16,373.0,337.1786987522282,5.211229946524064,0.0,39.0,39,10.910907269000948,1,,749.6577540106952,747.0,364.0,1056.0,280372.0,128.46096821705694,0.41517441596144955,3.424068598759423,0.027588812964846027,-1.4149391126961153,15.506194928323092,9.938077567524905,0.19877851689336348,1.5602811331432318,374.0,78.56435628543755,0.7614306477303536,0.9868073878627966,4.062466150758257
ID32766,32766,16,194.0,333.69762510602203,3.539864291772689,0.0,11.0,11,7.908722566578934,1,,716.6479591836735,737.0,253.0,1021.0,140463.0,148.24952473973505,0.39090988655721925,2.7171912953193083,-0.2748749832110632,-1.90487728239116,13.25604195943715,7.171998312139291,0.1599636429716773,1.8483052257555659,196.50000000000003,63.064013586236,0.6208821931558832,0.9849624060150377,4.498837740550476
ID32382,32382,16,211.0,335.3317307692308,2.46875,0.0,22.0,22,8.136857890256438,1,,753.4106280193237,747.0,433.0,1048.0,155956.0,99.15825579507802,0.414962762042154,4.456531434905522,-0.7200001484763981,-1.9404203791025993,14.433246112338736,7.091531230083428,0.19505756474702243,2.035279214608907,208.0,67.64795922717778,0.5711679106413721,0.9674418604651163,4.690542032193977
ID32255,32255,16,186.0,336.2562724014337,3.49910394265233,0.0,17.0,17,7.694520051971082,1,,733.8924731182796,740.0,326.0,1024.0,136504.0,118.5073803030134,0.40410433901447473,3.564602961878347,-0.6676687027319689,-2.2289509837963153,12.977731535174529,7.448099258255843,0.20694830539659037,1.742421936816882,186.0,62.99578149876276,0.5889790840319505,0.9538461538461539,4.619074807654552
ID32447,32447,16,206.0,335.86699507389164,2.3727422003284073,0.0,24.0,24,8.03846421247924,1,,763.3103448275862,753.0,428.0,1126.0,154952.0,116.61503580423533,0.4185408316082845,3.8625364044148367,-0.4428337252818097,-1.8260591818788883,14.215199001722254,7.043382264020945,0.16065260136662007,2.0182347725660774,203.0,68.561756389574,0.542677771155232,0.9376443418013856,4.812091932272986
ID32575,32575,16,294.0,336.8287356321839,3.8356321839080456,0.0,31.0,31,9.607802401865856,1,,757.3910034602076,761.0,366.0,1044.0,218886.0,117.53998753097278,0.41837739295405185,3.8013766810219427,-0.9889206355501058,-2.8863699754367946,15.599794991732324,9.269015112812786,0.3049787023150897,1.6830045913042417,290.0,74.69265570203488,0.6532088494232537,0.9666666666666667,4.386103767748509
ID32384,32384,17,802.0,61.792866082603254,47.08510638297872,0.0,22.0,22,15.947714540361222,1,,905.5488721804511,909.0,395.0,1366.0,722628.0,200.7782336662999,0.6433137671427972,3.5312430658520335,0.04861846964750058,-0.06731656265346891,18.95661558989169,13.604020484817164,0.9744041548127453,1.3934568542474863,799.0,105.50800448797612,0.9019569825993542,0.9797670141017781,3.732604879675615
ID32448,32448,17,794.0,61.54839723444375,49.75162371673999,0.0,25.0,25,15.912746917462284,1,,916.9369482976041,927.0,336.0,1478.0,727131.0,211.29767063416207,0.6505530064713458,3.420802269818387,0.01707398560241605,0.02758045229535294,18.92739330033679,13.554449551812482,1.037226200845222,1.3963970449693286,795.4999999999999,105.48477081286227,0.8984016083906758,0.9827053736874614,3.739983374600813
ID32640,32640,17,735.0,58.12531242899341,52.95807770961145,0.0,33.0,33,15.280062222249308,1,,975.552380952381,992.0,323.0,1425.0,717031.0,202.96620479933318,0.6634849378497176,3.834149591216086,-0.061568591229484444,0.027684599808568286,18.256637100740928,12.945446126986297,0.7446058205118695,1.4102748504497524,733.5,102.64267541874328,0.8748912137726443,0.9773484343770817,3.7899013404805126
ID32577,32577,17,746.0,61.7354657687991,53.21380471380471,0.0,30.0,30,15.373519131658325,1,,964.7079407806191,972.0,388.0,1372.0,716778.0,198.89462604202103,0.6571869160575989,3.8469825175900296,0.044068220808149684,-0.024831268995380223,18.634930573375172,12.898779257408657,0.8507567516799738,1.4447049756799155,742.4999999999999,101.9449291356596,0.8977906235959603,0.9801980198019801,3.7412557672245277
ID32450,32450,17,789.0,61.485105936647784,48.24092720788756,0.0,24.0,24,15.902742045729777,1,,914.6801007556675,925.0,316.0,1409.0,726256.0,213.12558016352781,0.6496868421268589,3.3803853337229017,0.048413327185783187,0.08507921133176985,18.90643820830116,13.552648397133654,1.0543580280665623,1.3950364278837057,794.5,104.49786444083212,0.9143004537777333,0.9881840796019901,3.7073233314712577
ID32578,32578,17,749.0,59.915220293724964,53.93168669336894,0.0,31.0,31,15.440663999700888,1,,956.7146666666666,970.0,339.0,1438.0,717536.0,200.72293552893262,0.6578048455552389,3.782501346468375,0.10972199879306094,0.10861718926400843,18.276155787577203,13.242264958402819,0.7570811038446527,1.3801382048302961,748.9999999999994,103.31483349469802,0.8817923392823798,0.9771689497716888,3.7750418560243664
ID32388,32388,17,814.0,62.23198198198199,47.0505733005733,0.0,21.0,21,16.096715421277896,1,,892.9667896678967,900.0,253.0,1487.0,725982.0,199.07901277938126,0.6403491122632486,3.5020339213805194,0.037501579893378024,0.03416629702986615,19.62442890616372,13.58754708261002,1.0237082900035783,1.444295190798638,814.0,106.82349495203962,0.8963976379786416,0.9860690490611753,3.7441615604658827
ID32261,32261,17,851.0,63.44300822561692,46.61182922052487,0.0,17.0,17,16.458484533589534,1,,862.2650176678445,871.0,298.0,1334.0,732063.0,186.1340983274443,0.6328606495453989,3.5909039808991876,0.021599087849826153,-0.05199453081552844,19.479249654775277,14.190352884958488,1.3383954976032377,1.372710729091376,851.0000000000002,107.89804633188665,0.9185700091200862,0.9849537037037039,3.698697392300373
ID32200,32200,17,839.0,63.572066706372844,45.139864999007344,0.0,13.0,13,16.346900301014024,1,,863.8466111771701,875.0,304.0,1303.0,726495.0,185.20305848562748,0.6318592191042243,3.612069617866501,-0.0029885393821246567,-0.04336894715106774,19.188719129982175,14.131712215503264,1.1665483329986301,1.3578481388073482,839.5000000000002,107.47750823637455,0.9132619973125345,0.9807242990654208,3.709430503400651
ID32264,32264,17,828.0,62.8305152979066,46.58715780998389,0.0,18.0,18,16.23454913941803,1,,879.9806295399516,884.0,284.0,1297.0,726864.0,187.92210407530044,0.6352133723257549,3.638064913262188,-0.04510940447825091,0.04673996369891755,19.131821741503916,14.021432215397462,1.1984542319205382,1.3644698663874395,827.9999999999998,107.0441678896152,0.9080592354257386,0.9845422116527942,3.7200419909550417
ID32456,32456,17,751.0,60.969536423841056,50.48123620309051,0.0,26.0,26,15.502385754094822,1,,952.6331125827815,966.0,292.0,1443.0,719238.0,218.54972111562034,0.660079372650223,3.4663524627338567,0.05656052845649904,-0.07272592291921243,18.315079847958746,13.342355232423381,1.0626544655525094,1.3727021600692433,755.0000000000005,103.71348070951768,0.8820361726403038,0.9817945383615089,3.7745200266568677
ID32201,32201,17,826.0,64.44206397103198,46.7234962784148,0.0,15.0,15,16.239450135496295,1,,875.4825090470447,879.0,336.0,1337.0,725775.0,182.91527102033078,0.635400315631495,3.719211308486984,6.24434163319288E-4,-0.06289736339637636,19.28882795855018,13.90545629098172,1.2931383499955447,1.3871409578310498,828.5,105.7598507447873,0.9308093096399584,0.9934052757793763,3.6742996622373556
ID32843,32843,17,871.0,61.641868512110726,45.45905420991926,0.0,10.0,10,16.612485404699278,1,,842.0739030023095,845.0,263.0,1325.0,729236.0,215.6377964827053,0.6283796846268115,3.0138510088402297,0.003534896796994987,0.03529454230743798,19.752947221449052,14.144111410600686,1.0144007291065549,1.396549182060647,866.9999999999998,109.45831383646205,0.9093508017984192,0.985787379192723,3.7173992328543477
ID32270,32270,17,826.0,63.84140435835351,45.392857142857146,0.0,14.0,14,16.214930341750197,1,,877.8547215496368,883.0,316.0,1299.0,725108.0,176.22536730195864,0.631595061250282,3.856652988048373,-0.012224109397351092,0.08066049537333615,19.198798680674525,13.928686250225693,1.2422216960474972,1.3783639272055135,826.0000000000002,108.162070531499,0.8872375761627668,0.9827483640690069,3.763439758461688
ID32720,32720,17,700.0,54.84452380952381,52.964285714285715,0.0,36.0,36,14.927053303604616,1,,1021.0071530758227,1038.0,338.0,1548.0,713684.0,221.58231107002365,0.6735690828199054,3.7090457743659235,-0.055219877248596436,0.18022918914116462,17.855029581024247,12.830408312951601,0.6352259929655313,1.3916181890330461,700.0,98.51028564934755,0.9064518658335307,0.9880028228652082,3.723338820144409
ID32657,32657,17,732.0,55.99282296650718,52.30405559352928,0.0,34.0,34,15.259216288638253,1,,978.896174863388,987.0,292.0,1485.0,716552.0,208.83880675853936,0.6647354518492217,3.7433379489167145,0.09241875082729305,-0.07120562328835166,17.89492572100745,13.281948258432008,0.6365681163969601,1.347311807938034,731.5000000000003,100.23710362643901,0.9148864094110716,0.986513823331086,3.7061359300046157
ID32146,32146,17,844.0,64.7127283441367,41.35189550186604,0.0,2.0,2,16.434291540159144,1,,844.3372641509434,845.0,300.0,1347.0,715998.0,190.36573121328686,0.6238188061903265,3.407831222851245,-0.017364428933048407,0.012768116407205059,19.367185063608712,14.125832091738559,0.9594366454887944,1.3710473788609974,848.5000000000001,107.93766615382877,0.9151992673683591,0.9872018615474115,3.705502410471154
ID32083,32083,17,839.0,62.590459224069676,45.31769596199525,0.0,5.0,5,16.371222439596615,1,,851.6769230769231,859.0,296.0,1315.0,719667.0,188.5433398326778,0.6258308815090309,3.477565356320929,0.053669284219954934,0.0488644204414994,19.423425750399943,13.937248255743393,0.9788842586740781,1.3936341947841644,842.0000000000001,109.59871780997848,0.8808683558348641,0.9802095459837021,3.777021244853564
ID32531,32531,17,744.0,61.408598510494244,52.27995937711577,0.0,28.0,28,15.332053057132612,1,,959.5869565217391,965.0,407.0,1419.0,706256.0,184.4552060542628,0.653236040821228,4.11110612610544,-0.06617614760124602,-0.18887792070366544,18.39521498796182,13.101863886272895,1.1362388026377568,1.4040151193476282,738.5000000000001,102.02718340472654,0.8915148232070066,0.9794429708222815,3.7544009208137026
ID32020,32020,17,836.0,63.199245133094955,42.4668255860151,0.0,3.0,3,16.342031529409077,1,,850.4576877234804,837.0,299.0,1316.0,713534.0,192.52233000670404,0.6255594244083161,3.3999092020643324,0.03729618469174848,0.04109699040849934,19.245040331822803,14.064203227318188,0.9408310713271846,1.3683704665502416,839.0,108.98361680306455,0.8876656037098422,0.9772859638905067,3.7625322939193113
ID32085,32085,17,838.0,61.04473002590157,45.92418808527595,0.0,8.0,8,16.317665880656488,1,,861.5250596658711,872.0,259.0,1396.0,721958.0,221.2539450775105,0.6335120597053056,3.0202259074620543,0.06662917874442775,-0.043377690278742886,19.392235392497202,13.936719344984104,0.9386799188950665,1.3914490858622741,836.4999999999999,107.33422185744244,0.9124296406477632,0.9835390946502056,3.71112206691026
ID32342,32342,17,811.0,62.604474548440066,46.9378078817734,0.0,20.0,20,16.07692842495848,1,,891.8397040690505,899.0,321.0,1378.0,723282.0,196.8654587310679,0.6403692220517043,3.537008582813086,0.003224626736622663,-0.020461097488270085,19.281405202889975,13.677025445384958,1.239894447142226,1.4097659816371917,812.0000000000001,106.05010679187033,0.9072848789972452,0.9866342648845686,3.7216291572968743
ID32667,32667,17,714.0,54.36887168660568,52.559582453671126,0.0,35.0,35,15.038589499470463,1,,995.7602256699577,996.0,411.0,1437.0,705994.0,201.2106059923055,0.6648745798495765,3.9526841127064865,0.012962230095368298,0.05387346295237255,18.163312696055133,12.679886968299904,0.6521511105580341,1.4324506788951634,710.5,100.32402025978224,0.8870826636441744,0.9854368932038835,3.7637683515595834
ID32668,32668,17,827.0,62.33001007049346,46.51369587109769,0.0,7.0,7,16.229646663346887,1,,862.9141475211608,866.0,298.0,1311.0,713630.0,193.29574658295755,0.6303520608400061,3.452049921800146,-0.023746998370582518,-0.010839749652181603,19.439241648994365,13.717768417961297,0.9301141915147578,1.4170848389262558,827.4999999999999,109.59731833746629,0.865721116411469,0.9729570840681951,3.8099206146250513
ID32349,32349,17,813.0,62.41293684855916,46.69660739832414,0.0,19.0,19,16.11153972104719,1,,886.2564417177914,896.0,361.0,1354.0,722299.0,191.06530330589123,0.6381010886990641,3.613735474976314,-0.0048671205793651175,0.019212379882249622,19.136400335643195,13.748182933755178,1.2728285270740523,1.3919221491196931,815.5000000000001,105.47623006798597,0.9211378577871968,0.9878861296184134,3.693538379730755
ID32031,32031,17,820.0,65.58944580277098,41.22127139364303,0.0,1.0,1,16.13621662281282,1,,867.4749694749695,865.0,265.0,1353.0,710462.0,181.4025573693483,0.6278863178163443,3.6889306360296645,0.00518797486602795,0.03161683308623228,19.216934576225466,13.737377588563744,1.0783676001733986,1.3988794041901715,818.0,106.18227622902342,0.9117150114472019,0.9837642814191221,3.7125762256507646
ID32735,32735,17,717.0,53.176648096564534,53.10074280408543,0.0,37.0,37,15.117754405994356,1,,1002.2214484679665,1025.0,387.0,1627.0,719595.0,220.55387292969206,0.6678541828127444,3.6391719128732487,-0.012723960687283493,0.03561220092600873,17.493997248948897,13.20235257259127,0.5577527289682346,1.3250666616241784,718.0000000000001,99.73973507038723,0.906980370065959,0.9828884325804244,3.7222538534038363
ID32545,32545,17,771.0,61.0842526497945,52.687107938568026,0.0,29.0,29,15.660707752353046,1,,940.2717815344604,949.0,361.0,1441.0,723069.0,193.64383582547165,0.6529870267784051,3.8363200310507377,0.0751366035786114,-0.00425370296435088,18.8900322942115,13.399165201949739,1.0156426980806152,1.4097917302685974,770.5000000000002,103.40975009496773,0.905439694156059,0.9865556978233038,3.7254193592937273
ID32483,32483,17,763.0,61.27463243361861,50.77342549923195,0.0,27.0,27,15.548516281516674,1,,945.2928759894459,948.0,305.0,1376.0,716532.0,197.54065508530854,0.6553066624581089,3.788837780616253,-0.00790591667332967,-0.009931695248101462,18.77924677974792,13.083645382760873,1.1681164753765847,1.4353222080209864,759.5000000000002,103.26130606795395,0.8950811571620306,0.9838082901554407,3.7469139956673403
ID32040,32040,17,824.0,62.51875637104995,46.08532110091743,0.0,6.0,6,16.131284262427737,1,,872.1761083743843,871.0,373.0,1322.0,708207.0,179.29361262222938,0.6296433960017271,3.7589922912767597,0.04252189937124591,-0.06269583593312365,19.42314543945656,13.687485209086956,0.9404511703296515,1.4190441226239112,817.4999999999998,106.11176156820066,0.9123691177324115,0.9849397590361443,3.7112451553607433
ID32426,32426,17,807.0,61.36518701191944,46.96095355528155,0.0,23.0,23,16.067025788709447,1,,909.64039408867,932.0,304.0,1392.0,738628.0,218.72083281348932,0.6484043265439722,3.271837613334621,-0.015344527969160887,0.0022381944661003105,19.07436279230108,13.685365828978151,1.0469840289097085,1.3937780714573205,811.0000000000003,107.07781062549901,0.8888567047328949,0.9800604229607255,3.760010482242358
ID32043,32043,17,848.0,66.03078431372549,39.96666666666666,0.0,0.0,0,16.44881160619885,1,,855.3122065727699,862.0,272.0,1339.0,728726.0,194.48965714618586,0.6257175838117375,3.385255181924958,-0.018129347931420348,0.0350428043391936,19.267057850526516,14.327731780499416,1.0582422841360857,1.3447388704435206,849.9999999999998,107.39953100880162,0.9260277898631321,0.9906759906759903,3.683773522595697
ID32619,32619,17,741.0,59.25757575757576,52.87720488466757,0.0,32.0,32,15.31647433704812,1,,973.174386920981,995.0,413.0,1430.0,714310.0,195.35368868135245,0.6615440399265231,3.9668516014937474,-0.02988913828813911,0.015937901938836863,18.1851324021855,13.161686886736389,0.7514541465866955,1.3816718600494482,736.9999999999998,101.00195149120609,0.9078577845971696,0.985953177257525,3.720454700955454
ID32108,32108,17,853.0,62.85508524397413,43.83019792279052,0.0,4.0,4,16.453648780720766,1,,849.7409144196952,853.0,260.0,1331.0,724829.0,197.65284019510324,0.6251723637013812,3.3076062884776585,0.05654232411300249,0.019367895438853557,19.809021807867914,13.943375635098011,0.9454031221418997,1.4206761924999716,850.5,108.22357900509358,0.9125158099834241,0.984944991314418,3.710946841194013
ID32239,32239,17,821.0,63.35884040155705,45.34183568940791,0.0,12.0,12,16.091770953208158,1,,879.9129901960785,884.0,374.0,1344.0,718009.0,179.3322132990983,0.6321263348432783,3.8006819453216742,0.05787019548717198,-0.014995729678626269,19.089951912908457,13.874737977540828,1.1191912962095796,1.3758783728968105,813.5000000000001,106.24945339321367,0.9055532891322852,0.9860606060606062,3.7251856887848
ID32117,32117,17,837.0,61.54320987654321,45.32596575069694,0.0,9.0,9,16.32254192017385,1,,863.9223416965352,873.0,246.0,1381.0,723103.0,221.8813639216999,0.6336216050135777,3.0203855438473344,0.043549053604276106,0.07424360417855382,19.556392155956967,13.857095713040815,0.9693364791764035,1.411290833298682,836.9999999999997,108.82195626429684,0.8881826071350012,0.980093676814988,3.7614370657380953
ID32252,32252,17,853.0,63.99725166862976,47.54770318021201,0.0,16.0,16,16.439132987175398,1,,857.5099882491187,873.0,289.0,1305.0,729741.0,189.67971972930613,0.6319128095613367,3.5011320531971277,0.01802297730759396,0.01326162118381749,19.56331080783841,13.994425543084967,1.308078625343968,1.3979359672612772,849.0,108.99462844328266,0.8980641577507306,0.9803695150115472,3.7406859642981716
ID32767,32767,17,818.0,62.51664611590629,44.80312371557748,0.0,11.0,11,16.067025788709444,1,,877.2441140024783,875.0,335.0,1326.0,707936.0,173.98796666107546,0.630859190332266,3.900741895181472,0.029398645452559807,0.023635694921216043,18.86376894204628,13.856960342442967,1.103204847666831,1.3613208435235096,811.0000000000002,105.41146342555437,0.9171809649865817,0.9830303030303031,3.7014971179678464
ID32128,32128,18,553.0,225.21701546860783,320.6164695177434,0.0,5.0,5,13.225402922330684,1,,1069.0,1056.0,515.0,1658.0,584743.0,225.24185617441037,0.5934281181269723,3.535039306270885,0.007548970787382805,0.19481622211489458,13.843742879963148,13.125853777982982,-1.1983541473970223,1.0546927547817375,549.5,86.89016052479502,0.9146108764654189,0.9760213143872114,3.70669413769684
ID32704,32704,18,578.0,229.35031663788143,325.29879101899826,0.0,35.0,35,13.57576605943159,1,,1091.0466321243523,1120.0,534.0,1576.0,631716.0,191.55097138435966,0.6825614131346733,4.62125313368456,-0.3991318078853,0.1821221098309775,15.3729614535757,12.626449958005281,2.2060127550861375,1.2175204831686761,578.9999999999998,88.70488468951447,0.9246840285176602,0.9897435897435893,3.686449201653695
ID32134,32134,18,558.0,227.63772632828733,320.71816562778275,0.0,8.0,8,13.369031419373597,1,,1064.829181494662,1084.0,382.0,1673.0,598434.0,260.1223269117323,0.631691645800534,3.1695627420242656,-0.2085009408210616,0.11621396692134144,14.283671276710812,12.826621822160659,2.074112242810513,1.1135957288483236,561.4999999999999,87.95091842273168,0.9121764732823145,0.9825021872265967,3.71163702747051
ID32520,32520,18,563.0,229.3741859088218,323.9387211367673,0.0,27.0,27,13.38687663054658,1,,1100.2238010657193,1123.0,492.0,1646.0,619426.0,237.2842710101118,0.6766914749203848,3.742653570655176,-0.1339041588686867,0.03930273063839048,15.219230221919867,12.220174314797076,-1.0119396819637851,1.2454184228363516,563.0,87.28075471244156,0.9287124616421131,0.9859894921190894,3.6784452424535194
ID32076,32076,18,545.0,226.6359163591636,319.6845018450185,0.0,6.0,6,13.134837582232015,1,,1080.5788497217068,1074.0,463.0,1657.0,582432.0,237.81237097710542,0.6210794120826301,3.4817281486155256,0.058854186695110874,-0.06392070110423294,13.781388584019675,12.88496608401597,-1.4870672102417681,1.0695711959316474,542.0,87.11548522811661,0.8974668804969017,0.9801084990958411,3.7419304977092667
ID32652,32652,18,573.0,230.18043350908027,324.6353251318102,0.0,33.0,33,13.458020851469096,1,,1109.9611307420494,1129.0,501.0,1782.0,628238.0,221.0871735526863,0.6855147705863284,4.083743656893621,-0.2320515212805933,0.2181258479137969,15.15077130011276,12.587818057063405,-1.032351556513191,1.2036058379165406,569.0000000000001,88.32484103944435,0.9165505058181435,0.9810344827586209,3.702769956514532
ID32844,32844,18,597.0,230.9178521617852,325.5987447698745,0.0,39.0,39,13.790944746275178,1,,1079.5484949832776,1102.0,472.0,1657.0,645570.0,212.213752791326,0.685935139468549,4.139432599118461,-0.26790796233828595,-0.015196950199388277,15.136946932987478,13.04324818851798,2.3474205533781265,1.1605197351310534,597.5,90.466017107889,0.917438229184378,0.9819227608874281,3.700978102396471
ID32781,32781,18,557.0,228.06435643564356,322.0778577857786,0.0,11.0,11,13.297411092956994,1,,1069.2769784172663,1085.0,466.0,1568.0,594518.0,223.95910721220054,0.6360519194644059,3.712333380767125,0.19881798751999094,0.013598886581344689,14.497683794832465,12.69425294279437,1.956936072502179,1.142066717920709,555.5,86.86778093747637,0.9250739945413852,0.9849290780141846,3.6856721062636564
ID32082,32082,18,551.0,228.28109903381645,317.6177536231884,0.0,0.0,0,13.255453865237977,1,,1067.4171220400729,1061.0,526.0,1631.0,586012.0,248.39201665890437,0.6142828890099595,3.2705086477525054,-0.15166441770711825,0.13469037006419718,13.749073564905848,13.257390177793294,-1.0683000259080584,1.037087494636474,551.9999999999999,86.77510543702668,0.9212099956852347,0.9795918367346936,3.693393760527398
ID32407,32407,18,528.0,230.17738883632924,325.36029643645537,0.0,22.0,22,12.970226476362445,1,,1146.1666666666667,1155.0,428.0,1817.0,605176.0,271.17325148567903,0.6829971983905146,3.430571302392964,-0.1015954387558346,-0.06356069667299467,14.695838301339077,11.707633607359428,-0.9790562718590087,1.2552355833975928,528.4999999999999,86.0175787308862,0.8975950076223606,0.9787037037037035,3.7416634173974375
ID32599,32599,18,564.0,230.56422836752898,324.497621171573,0.0,31.0,31,13.357121366747203,1,,1110.2696428571428,1127.0,532.0,1738.0,621751.0,226.86517429031645,0.6850431335551644,3.9792160823238887,-0.09731890950292989,0.04698604637575568,15.224390793068524,12.00376930584353,-1.009144399193887,1.2683008482724814,560.5,87.29548650794685,0.9242764796876966,0.9885361552028219,3.687261860263476
ID32600,32600,18,576.0,229.92960393177216,323.4213645562301,0.0,30.0,30,13.546425705142862,1,,1096.3159722222222,1118.0,520.0,1683.0,631478.0,225.89887115238685,0.6823554681446042,3.93681120798695,0.09541717710507043,0.1503586294282714,15.56865530861646,12.158089262348504,-0.9960031816628364,1.2805182601208471,576.5,88.3861539278781,0.9273436514984067,0.9914015477214101,3.6811590349641623
ID32410,32410,18,523.0,229.7943228671107,325.1064065968918,0.0,21.0,21,12.933361712624526,1,,1147.6736641221373,1160.0,565.0,1834.0,601381.0,259.89451160731363,0.687171714438192,3.597139596921768,0.061986250864146115,-0.07372508373293025,14.730194371052582,11.686498914446544,2.067480599971876,1.2604454489653443,525.5,84.35774338134966,0.9279673096484307,0.9905749293119699,3.6799218304468275
ID32221,32221,18,558.0,228.34438470728793,322.5074671445639,0.0,13.0,13,13.327299669871435,1,,1066.5358422939069,1091.0,494.0,1549.0,595127.0,215.1160798206498,0.647652988684446,3.8977070922728125,0.15570421231610768,-0.21221503093372038,14.725140005356966,12.46157862111414,-1.016862357848263,1.1816432294065524,558.0000000000001,88.34408862178398,0.8984399878933436,0.9738219895287958,3.739903491560883
ID32222,32222,18,555.0,227.82553255325533,323.520702070207,0.0,15.0,15,13.297411092956994,1,,1081.945945945946,1094.0,491.0,1642.0,600480.0,241.6756724349648,0.6592367602088114,3.5574243995498187,0.1142444025812379,0.19119917577002904,14.634471537889134,12.45073833779067,-1.2388857375318647,1.175389855673889,555.5,87.8321238157441,0.904872018603127,0.9779929577464791,3.7265877554139846
ID32798,32798,18,587.0,229.83163265306123,325.4169501133787,0.0,38.0,38,13.680870333281757,1,,1084.7572649572649,1104.0,475.0,1677.0,634583.0,206.07781119392578,0.6810700785891446,4.2651794963787495,-0.02651837198320029,-0.1522611319868267,15.254065065495185,12.819990725433236,-0.8704129079637369,1.189865530497854,587.9999999999999,88.27995706004431,0.9481192484856353,0.9974554707379131,3.6406040694760855
ID32863,32863,18,540.0,227.66743613419516,320.6886734379809,0.0,10.0,10,13.128777679910748,1,,1089.9297597042514,1098.0,473.0,1612.0,589652.0,223.6915672961022,0.6252425628385212,3.7489464869241353,0.22338724943994107,0.20529447179202784,13.935761580941298,12.807178758865996,-1.1597080865559408,1.0881211110834241,541.5,87.01486710737132,0.8987137834986285,0.9792043399638336,3.7393337622657437
ID32544,32544,18,569.0,229.55468295520654,324.4109947643979,0.0,28.0,28,13.505242122350568,1,,1093.4045534150614,1106.0,509.0,1651.0,624334.0,223.43792869436925,0.6803161717352331,3.962540961120722,-0.09940078726366484,0.009818776359497853,15.026109064152985,12.401386827373758,-0.929981776855287,1.2116474772793668,573.0,88.50960604291575,0.9191442413361209,0.9853826311263972,3.6975418375274036
ID32034,32034,18,562.0,226.6397469844072,320.5850250073551,0.0,3.0,3,13.42842323294576,1,,1035.8957597173144,1027.0,327.0,1669.0,586317.0,238.03008975338776,0.5930213783398276,3.240133739525451,0.134816804192879,0.005975456434443003,13.85503673442863,13.389204366350024,0.5379407101793995,1.0347916392440275,566.5,88.44018616320182,0.9101447788678922,0.9775668679896461,3.7157774174024962
ID32739,32739,18,580.0,229.08857306919322,325.65877117427505,0.0,36.0,36,13.593339873985734,1,,1096.5611015490533,1126.0,489.0,1672.0,637102.0,208.44398520240483,0.6831675837438757,4.270447198172578,-0.019623998008423425,0.252801405049257,15.090525408239621,12.868302392771538,2.0889465488414953,1.17268967946513,580.5,88.309235580944,0.9354053234564216,0.9880851063829788,3.6652619082365914
ID32165,32165,18,560.0,227.40827338129498,320.271582733813,0.0,9.0,9,13.303394180365688,1,,1072.809009009009,1092.0,367.0,1633.0,595409.0,226.22868591370909,0.6248723054517272,3.647344414353654,-0.15214300348477475,0.14625652664533942,14.476830677975393,12.523258417994136,2.00071207250568,1.1559955240701776,556.0000000000001,88.72770844831922,0.8874954294454731,0.9703315881326354,3.7628930030868193
ID32485,32485,18,559.0,229.96750524109015,324.7374962563642,0.0,25.0,25,13.30937457814151,1,,1101.4802867383512,1112.0,530.0,1675.0,614626.0,234.9042483531367,0.6800601162115862,3.7961060506979547,0.15900670877046988,-0.038042428406709405,15.273473325852471,12.025789510371268,-1.0031687978096895,1.270059925186645,556.5,87.5336247137692,0.9126940247242408,0.9867021276595744,3.710584519485597
ID32296,32296,18,555.0,227.9887285843102,323.15193868349866,0.0,16.0,16,13.28543683470408,1,,1084.2702702702702,1101.0,482.0,1670.0,601770.0,244.8073708935039,0.6628703358060706,3.5311263214192685,0.05964234804395463,0.11434698073948034,14.691706737806133,12.56575261136951,1.9413231163551488,1.1691863744407205,554.5000000000001,87.74221535300273,0.9050951205640134,0.9728070175438599,3.7261284333727214
ID32361,32361,18,542.0,230.20653173873046,324.85449248696716,0.0,20.0,20,13.153000537553789,1,,1109.3937153419593,1117.0,387.0,1774.0,600182.0,253.54082562129156,0.6695569946822212,3.509571532528946,-0.03054613003670913,-0.02631948482849189,14.546634098875106,12.142943079770355,-1.0642364349418516,1.1979496241820653,543.5,86.83698562839146,0.9057324625825526,0.9766397124887691,3.7248172094529823
ID32490,32490,18,559.0,229.35543608124252,324.5746714456392,0.0,26.0,26,13.327299669871431,1,,1099.8375451263537,1133.0,522.0,1669.0,609310.0,225.03916227018053,0.6723010000171789,3.929612640058677,-0.025253929922473682,-0.1808722364137394,15.205604287574909,12.240497106774828,-0.9240641502752617,1.2422374806296848,557.9999999999999,87.04979431661647,0.9253554014909272,0.9928825622775801,3.685111644516918
ID32491,32491,18,564.0,229.38977541371156,324.7488179669031,0.0,24.0,24,13.398760233979035,1,,1100.1982142857144,1102.0,532.0,1669.0,616111.0,230.39680711042914,0.6656369975524946,3.8166432658160527,-0.16365621380571524,0.19414821929655202,15.084374030780516,12.437006049988518,2.179656109561571,1.2128621607283403,563.9999999999999,88.77911010631293,0.899222971944059,0.981723237597911,3.738274906330372
ID32686,32686,18,601.0,230.33250825082507,325.0899339933993,0.0,34.0,34,13.888692920047486,1,,1070.5897009966777,1102.0,407.0,1696.0,644495.0,223.7974990014666,0.6818951986052032,3.8789709728665547,-0.20175992723559377,0.15291419463313322,15.46046336327107,12.895250873027758,2.214350521518941,1.1989269162346285,606.0,90.25821913371347,0.9347790436605047,0.9877750611246944,3.6664895219411204
ID32564,32564,18,568.0,229.82608695652175,323.04115942028983,0.0,29.0,29,13.528790949515024,1,,1100.7797202797203,1119.0,467.0,1692.0,629646.0,232.53404264550912,0.6860963491727905,3.8525350092796553,0.030160067272477626,-0.03690169061484544,15.235161862993609,12.204410935269872,-1.0571638673876154,1.248332422088893,574.9999999999999,89.07492819212816,0.9106819878919987,0.982066609735269,3.714681291831523
ID32181,32181,18,561.0,227.48746642793196,319.07624589674725,0.0,2.0,2,13.333269345274891,1,,1053.7931654676258,1041.0,427.0,1719.0,585909.0,241.78559936711105,0.6048761953267003,3.2853368147702335,-0.043449294700778456,0.0773925104710563,13.794875078789863,13.38882530044313,0.9323874960080326,1.030327513372909,558.5,88.83184054143396,0.889397123341877,0.9654278305963699,3.7588679732636905
ID32437,32437,18,540.0,230.12565044383228,325.3784817875727,0.0,23.0,23,13.165095253247278,1,,1128.8250460405156,1127.0,520.0,1792.0,612952.0,250.7515580677087,0.6741561554927322,3.6255803347387543,-0.22132605722367152,0.02558825036208315,14.722765932770212,12.182854446139132,-0.9545534537187229,1.2084824617958072,544.5,86.661760423772,0.911072072574977,0.97931654676259,3.7138859675886757
ID32757,32757,18,573.0,229.06979806848113,324.58516242317825,0.0,37.0,37,13.463932567480752,1,,1112.319298245614,1135.0,470.0,1740.0,634022.0,227.02548918049658,0.687311813110148,3.991565947143612,0.031003552986237314,0.08531261417865024,14.907039500460591,12.323511100234304,-1.0703948757993917,1.2096422341987558,569.5000000000001,87.37541109235782,0.9374003866071517,0.9904347826086957,3.6613594541891885
ID32885,32885,18,597.0,231.5831928049466,326.3116919617763,0.0,41.0,41,13.73891416768399,1,,1079.538590604027,1109.0,403.0,1581.0,643405.0,201.63394785707698,0.6819777309006217,4.34164656135811,-0.539878709593872,0.08830466401340119,15.195501112125655,13.166741790298316,2.4226440757934817,1.1540821073382175,593.0,89.6389267148812,0.9274089047858152,0.9883333333333337,3.6810295279297143
ID32310,32310,18,559.0,228.25541703769665,323.3860195903829,0.0,17.0,17,13.3690314193736,1,,1071.7918149466193,1100.0,381.0,1621.0,602347.0,242.266756243314,0.6554430406008622,3.5032192724295643,-0.11478033981042543,0.2203733076233843,14.769459214762977,12.604986824991602,-1.1124077165158845,1.171715561453815,561.5000000000001,87.3499574571532,0.9247710571072538,0.9842243645924628,3.686275734923403
ID32374,32374,18,534.0,230.07080610021788,324.48070339246806,0.0,19.0,19,13.05583946176652,1,,1115.6772983114447,1129.0,522.0,1706.0,594656.0,252.99304760020698,0.6727653400286344,3.5472238274564436,0.005718055375779611,0.019361820082119414,14.283203747723348,12.2069338126992,-1.0985344635394445,1.1700893907415266,535.5,84.70796966426308,0.9378228160360192,0.9935064935064936,3.660534756727941
ID32630,32630,18,558.0,230.78910655981002,324.2628376372811,0.0,32.0,32,13.369031419373597,1,,1111.4795008912656,1121.0,536.0,1696.0,623540.0,230.01594670750643,0.68459193544712,3.9274491286095388,-0.0019809726238140895,-0.07932984640963182,15.13473538373272,12.120055835960084,-1.0969896905948153,1.2487347903817498,561.4999999999999,87.3313902109224,0.9251643241137734,0.9842243645924628,3.685492174275667
ID32822,32822,18,608.0,231.27064471879285,325.7792866941015,0.0,40.0,40,13.905871272834824,1,,1068.6853377265238,1087.0,485.0,1663.0,648692.0,201.3655973461305,0.683673070599395,4.310079490278057,-0.07439636499731941,0.09294524746940153,15.508209463093516,12.866803456569661,-0.8572206322958287,1.2052884397775718,607.5,89.81401855682105,0.9463850895399211,0.9967186218211651,3.6439380699080353
ID32183,32183,18,562.0,226.0748963883955,320.95470692717583,0.0,4.0,4,13.38687663054658,1,,1051.2984014209592,1033.0,374.0,1733.0,591881.0,248.14486021726165,0.5959279003992524,3.163961332067031,-0.03618543714585034,-0.10231470567241457,14.140244641493961,13.5257011279161,1.563573712267709,1.0454352427105968,562.9999999999999,88.18931455125676,0.9096751367297566,0.982547993019197,3.716736474324567
ID32311,32311,18,539.0,229.4493908153702,324.2075913776945,0.0,18.0,18,13.031436002185343,1,,1112.750936329588,1134.0,469.0,1701.0,594209.0,256.98010915255634,0.671212226226918,3.478217287123347,-0.00638505876194191,0.16990898505368213,14.325678282155087,12.329820415899883,-1.1229476446887827,1.1618724197865404,533.4999999999999,85.32275453721287,0.9209044095072002,0.9806985294117645,3.6940065040740633
ID32249,32249,18,555.0,228.25577557755776,322.5717071707171,0.0,12.0,12,13.297411092956995,1,,1073.4792792792794,1088.0,454.0,1576.0,595781.0,229.88966318944588,0.637573585868982,3.6360823401540077,0.07035788074583268,0.013694120656540385,14.295837546880593,12.462728856314268,1.9753461592397263,1.1470872640896441,555.5000000000001,88.53929987757773,0.8904750597449833,0.9711538461538461,3.7565921950023933
ID32314,32314,18,568.0,228.56825536922625,322.286701971168,0.0,14.0,14,13.42842323294576,1,,1063.9858906525574,1078.0,455.0,1569.0,603280.0,225.75282727618148,0.64650547832974,3.7011926905339183,-0.2675904199056674,0.13478955949103313,14.83788660554975,12.61936799770209,2.1186647329914434,1.1758026715958865,566.5000000000001,89.92497934511654,0.8803372622762564,0.9725321888412017,3.7781603816885605
ID32063,32063,18,567.0,227.85309734513274,318.62212389380534,0.0,1.0,1,13.410633306963609,1,,1038.690812720848,1040.0,418.0,1580.0,587899.0,239.59051679574767,0.6031448467368683,3.2620868524970534,-0.2504749277468541,0.2633375637373942,13.946669696963454,13.605273785675779,-0.48885941551513484,1.0250929100483896,565.0,87.5710869222223,0.9258419003502018,0.9817549956559514,3.6841433160220727
ID32703,32703,18,527.0,226.8538315988647,320.1149479659413,0.0,7.0,7,12.970226476362445,1,,1104.4419047619047,1097.0,500.0,1715.0,579832.0,261.47493230780765,0.6387708504657187,3.2928327442533725,0.14635676980486567,0.1125764285426613,13.858708226678703,12.589872739302855,1.7005078117967884,1.1007822329621186,528.5,87.3585173680594,0.8702506299776415,0.9670631290027445,3.799992669600442
ID32641,32641,19,487.0,409.50892550635086,502.4275660830759,0.0,32.0,32,12.431389694729642,1,,376.3809523809524,377.0,248.0,512.0,181792.0,49.34731480799276,0.26864198723331156,3.2301963142262213,-0.3906402863276309,1.5317906764875677,15.928558664873188,11.775579200319799,2.57518968003465,1.3526772988321971,485.4999999999999,86.09960856346437,0.8229941425335506,0.9798183652875881,3.90756813935614
ID32196,32196,19,430.0,413.5575651497472,502.3724231816414,0.0,2.0,2,11.678860656320646,1,,382.1709601873536,383.0,238.0,550.0,163187.0,52.80646122585703,0.26853894661706684,3.0641081505403442,-0.09589172206930831,0.9491335959904231,13.26980900544377,11.482860263331036,2.71893352320979,1.1556187832241689,428.49999999999994,78.30415426594668,0.8781952499735193,0.9816723940435278,3.782765244437967
ID32197,32197,19,410.0,412.7323481116585,502.4679802955665,0.0,4.0,4,11.368105109938904,1,,392.1432098765432,392.0,266.0,538.0,158818.0,52.55081684481534,0.26532075591956406,3.1294341527229634,-0.12945298939024272,0.7137064060119999,13.12557738383949,10.815150609964098,2.671343887819636,1.2136287193029724,406.0,76.68758040220021,0.8675326462980038,0.9854368932038832,3.8059407114889825
ID32517,32517,19,467.0,409.0649536045682,502.5178443968594,0.0,26.0,26,12.192240025845548,1,,377.35698924731184,374.0,250.0,528.0,175471.0,53.24708061822835,0.2655044483642449,2.973683327835174,-0.40276933330600634,1.2583748161319868,15.021015408355902,11.542597186643704,2.6835743688807283,1.3013549000685205,467.00000000000006,83.62880345771732,0.839102429455629,0.9769874476987449,3.8698795049463874
ID32518,32518,19,396.0,410.4920134510299,503.7728036990332,0.0,24.0,24,11.234316617928881,1,,386.1183879093199,385.0,222.0,525.0,153289.0,51.23853495233122,0.2673505884392821,3.179348607847193,-0.9260948716247809,2.10090045399541,15.011708553462999,10.978774805566506,-0.43015632006019533,1.3673391447879684,396.5,79.13265593775647,0.7956857332755906,0.9838709677419355,3.9740574987267405
ID32328,32328,19,432.0,408.1720616570327,503.0356454720616,0.0,16.0,16,11.733244469220331,1,,380.1624129930394,375.0,252.0,569.0,163850.0,51.731836068335475,0.26020871849748173,3.034734084902522,-1.2109888123265347,0.842557909001397,15.288644933845271,11.175423934319872,-0.27358253399736965,1.3680595048294897,432.5,80.73536714801538,0.8338123562499465,0.9988452655889144,3.882136206085612
ID32335,32335,19,477.0,407.8993677555321,502.625746399719,0.0,17.0,17,12.289753496071786,1,,376.25210084033614,377.0,252.0,523.0,179096.0,51.49204839787166,0.26361202200030825,3.0487388403179247,-0.5529465698511197,1.4964311636955565,15.532788420176212,11.512921571988638,-0.4797898939632876,1.349161316096173,474.5,84.89815886874527,0.8272743072754084,0.9763374485596708,3.897446511961257
ID32528,32528,19,477.0,408.7327044025157,502.52515723270443,0.0,27.0,27,12.322086499845234,1,,378.25210084033614,374.0,238.0,523.0,180048.0,53.1048565109714,0.2678122534944985,3.0092107435123427,-0.5005881743972295,1.3267983194137736,15.259375764391015,11.729093582382527,2.6948211604852643,1.3009850810049879,477.0,86.45215750412385,0.8020040677522516,0.9695121951219513,3.958372369782446
ID32337,32337,19,453.0,408.2001471670346,502.87270051508466,0.0,18.0,18,12.008096370418468,1,,368.5253863134658,365.0,258.0,533.0,166942.0,48.038631164904935,0.2542499687615862,3.110166156261888,-0.605897429092692,1.382875492165858,14.658178163221773,12.081345904261337,-0.4212328222555017,1.2132901648028749,453.0,83.70085374271088,0.8125466244393619,0.9794594594594596,3.9326091629331286
ID32722,32722,19,391.0,411.3125530110263,503.41942324003395,0.0,7.0,7,11.184622714702082,1,,380.4249363867684,381.0,268.0,534.0,149507.0,47.59003378193633,0.25952141237431975,3.294204834647486,-0.2451113388537973,0.8897442839595892,13.59047292966707,10.347831233704406,2.907558637999156,1.3133643777839075,393.00000000000006,75.21162888205193,0.8730365490867552,0.9899244332493702,3.793924807238664
ID32339,32339,19,393.0,407.9535379369139,503.86743393009374,0.0,14.0,14,11.156126814350138,1,,374.13299232736574,374.0,263.0,513.0,146286.0,45.56148520797311,0.2495707076072516,3.2801288563627655,-0.4682476277553449,1.9502144014613965,14.252150183122367,11.309948271429553,2.71724348607158,1.260142826570234,391.0,78.57929263555923,0.7957385375196708,0.9811794228356336,3.973925639721758
ID32280,32280,19,391.0,409.3516129032258,503.60365591397846,0.0,12.0,12,11.106083058226194,1,,380.3410852713178,381.0,269.0,526.0,147192.0,48.53146452107198,0.2559407401232685,3.194111799655136,-1.0952440177035023,1.0684213094263115,14.080789055821585,10.999774517083397,-0.1445500712133257,1.280097972367812,387.5,77.49576445156697,0.8108222120981262,0.9872611464968153,3.9367887709303417
ID32093,32093,19,398.0,413.6284939507718,502.712348769295,0.0,1.0,1,11.276737095916726,1,,390.43,387.0,255.0,547.0,156172.0,52.823156044828856,0.26201348570356015,3.069081913653875,-0.3278261891780354,1.18789779651717,13.466059454118646,10.925424834692674,2.5580863667257927,1.2325433251216396,399.5,75.80314013221759,0.8736797191948645,0.9864197530864197,3.7925280778509936
ID32159,32159,19,429.0,411.43489278752435,502.56939571150093,0.0,5.0,5,11.66522508756563,1,,390.11058823529413,393.0,267.0,510.0,165797.0,49.58663569462696,0.27272680640291325,3.3716751529030775,-0.3595508657250878,1.0773372168299797,13.952308238991717,11.627184242127004,2.53158070844955,1.1999730930933774,427.5000000000001,79.07443652215733,0.8591594501302569,0.9861591695501732,3.824441712510456
ID32799,32799,19,403.0,410.21170033670035,503.1557239057239,0.0,11.0,11,11.227230955528665,1,,379.92893401015226,378.0,241.0,509.0,149692.0,48.23796004384476,0.2531588764067458,3.1822218701037666,-0.44348860555282626,1.2959073773889822,13.617502169459017,11.16942564183661,2.7254723522876843,1.21917658133224,396.0,77.52975833967793,0.8278815219678157,0.9753694581280788,3.896016946964229
ID32164,32164,19,417.0,410.3709677419355,502.88072481083236,0.0,8.0,8,11.541780077956624,1,,373.7309523809524,375.0,259.0,506.0,156967.0,50.84748587780118,0.2544599843939234,2.9818257623372744,-0.24993198985135176,1.1288278769105662,13.552241991233227,11.423649772586213,2.8440073643351784,1.1863320620836155,418.5,78.74871569567102,0.8480439633220669,0.977803738317757,3.849423989468973
ID32421,32421,19,473.0,409.73647932131496,502.59261223047014,0.0,22.0,22,12.250841250120635,1,,376.7303609341826,373.0,251.0,531.0,177440.0,52.23161909896377,0.2630841114181593,3.0046194691809336,-0.5599747032928353,1.4756769409755355,15.318215147670323,11.781621485562566,2.6305972996825195,1.300178856233123,471.5,86.0791555948821,0.7996419415160388,0.966188524590164,3.9642145347970144
ID32423,32423,19,468.0,411.0859346968066,502.6234302116972,0.0,21.0,21,12.159561757414236,1,,375.95474137931035,374.0,263.0,510.0,174443.0,50.69972692317147,0.26166620220809794,3.075835490620618,-0.5275677139121244,1.8931397478352558,15.407852613773922,11.8555363808757,2.525792128825259,1.2996335314384007,464.5,84.56900023239785,0.8161560221554934,0.9758403361344538,3.9239036713698914
ID32615,32615,19,454.0,410.28485181119646,502.96578851079397,0.0,31.0,31,12.041185703937824,1,,385.4561403508772,388.0,240.0,570.0,175768.0,52.06946169621984,0.2734850661808245,3.1795205488586142,-0.42939743718809914,1.6444358514540907,15.155714329539762,11.665119946851526,2.6688512114990157,1.299233475402914,455.49999999999994,83.64163792266321,0.8181881545181539,0.975374732334047,3.9190277458645237
ID32616,32616,19,462.0,411.05435175153485,502.66720837847595,0.0,30.0,30,12.120231535487243,1,,385.082788671024,384.0,235.0,518.0,176753.0,50.74322838705505,0.2716192438165512,3.241973447911701,-0.4367295454597561,1.2165383771368576,15.232079856283661,11.47814665794409,-0.4764818731354716,1.3270504646968815,461.50000000000006,83.62620844049817,0.8292715308951769,0.9829605963791266,3.892750363355647
ID32235,32235,19,445.0,408.3513920240782,503.2746425884123,0.0,15.0,15,11.87481703351337,1,,377.4085778781038,375.0,258.0,533.0,167192.0,52.00754921280481,0.2648247497437838,3.038810295274187,-0.6536301551649877,2.277138052025645,14.940770498798049,12.055273766821404,2.647213130869279,1.2393555540744439,442.99999999999994,83.89463501360783,0.790943046406344,0.9779249448123621,3.9859543988455277
ID32237,32237,19,394.0,408.21811224489795,503.9311224489796,0.0,13.0,13,11.170383851240114,1,,375.1,374.0,268.0,543.0,146289.0,47.746629378067915,0.2566804803973693,3.209240877911982,-0.6683047756177711,2.783178335882698,14.431835055268543,12.179392456981647,-0.6009457958712033,1.184938830589675,392.0,79.40434709312558,0.7812811979784344,0.9714993804213137,4.010525163231387
ID32175,32175,19,398.0,411.0168776371308,503.1565400843882,0.0,9.0,9,11.213046198183495,1,,376.65736040609136,375.0,270.0,501.0,148403.0,45.77010657197814,0.2524826924949349,3.3178321427989523,-0.5130830506924118,1.0420430184701412,13.489853967773769,10.879529916641417,-0.29778534084241404,1.2399298564489978,395.00000000000006,77.76063826287218,0.8208944630770676,0.9729064039408868,3.912562326287817
ID32879,32879,19,398.0,409.786850921273,503.2650753768844,0.0,10.0,10,11.255546841497692,1,,375.17171717171715,373.0,243.0,504.0,148568.0,47.97188847786238,0.2507952455053018,3.1362187621561968,-0.24039935127217033,1.2151502629743054,13.529276979559658,10.906812786576973,2.733676005095366,1.2404427621798142,398.0,77.85827152979938,0.8250559867869085,0.9815043156596794,3.9026825092312105
ID32560,32560,19,470.0,408.9967880085653,502.54032833690223,0.0,28.0,28,12.192240025845548,1,,384.4420600858369,380.0,274.0,510.0,179150.0,51.817897344539986,0.2678905898815065,3.13513888878781,-0.3605070621706613,0.9759732400835288,15.165053127846855,11.036417420544593,2.737106081056884,1.374092021892602,467.0,83.58867363190878,0.8399083069951853,0.9810924369747899,3.8680225180709016
ID32371,32371,19,427.0,410.68891491022634,503.348555815769,0.0,20.0,20,11.65840132267193,1,,381.1121495327103,379.0,263.0,520.0,163116.0,48.461303445826324,0.2680449711295375,3.324763102883883,-0.5983957419435549,2.0455832631383144,14.84369864971533,11.671197055862603,2.615173149776992,1.271823153929111,426.99999999999994,81.75817083866134,0.8027409277330545,0.9804822043628012,3.9565551983004665
ID32116,32116,19,422.0,411.1287878787879,502.67384370015947,0.0,6.0,6,11.534883286137944,1,,380.3117505995204,378.0,271.0,514.0,158590.0,49.808852714220194,0.2569062329888003,3.121296048968029,-0.34213571864096665,1.0770521062736431,13.46327206620645,11.56426809165159,2.6632612059042837,1.1642130707714895,418.00000000000006,76.65226079329805,0.893997303250001,1.0000000000000002,3.749184627376008
ID32058,32058,19,409.0,413.1748066748067,502.52035002035007,0.0,3.0,3,11.417000411327937,1,,389.24146341463415,389.0,264.0,543.0,159589.0,51.93086185979495,0.264345962812685,3.134226064764369,-0.09843193047600655,0.7690309708665624,12.867313663156553,11.212605125111946,2.6576391263069574,1.1475757435119778,409.49999999999994,75.47858481188082,0.9032672675302466,0.9903264812575573,3.7298966276235754
ID32572,32572,19,471.0,409.6582164688961,502.7161093131967,0.0,29.0,29,12.146465833574268,1,,382.0,381.0,262.0,530.0,176102.0,50.124367067455765,0.2683760967551818,3.2250781298135873,-0.417970721756278,1.6078088092561873,15.096300998505173,11.715677648710765,2.6490783447692707,1.2885555109282496,463.5000000000001,84.39421445629972,0.8177757956977968,0.977848101265823,3.920015695127394
ID32381,32381,19,450.0,409.0899147200593,502.99351130886174,0.0,19.0,19,11.96161752605449,1,,375.8084632516704,371.0,244.0,526.0,168738.0,50.684236239816144,0.25812503840474427,3.0424957029387287,-0.47103315263012413,1.8929896620810747,14.929149802446045,11.792911399824835,2.603099412871476,1.2659426749078937,449.5,84.2365331598409,0.7960467812652022,0.9739978331527629,3.9731561772008552
ID32446,32446,19,423.0,410.1881207787048,503.4479539133889,0.0,23.0,23,11.555561312809525,1,,389.84486873508354,387.0,260.0,559.0,163345.0,55.02241640767138,0.26907929381387735,3.0045101783881067,-0.6537268403265251,1.8876835487633785,14.99661353685071,11.146904644755969,2.699157652126479,1.3453612473401597,419.5,82.50557254319962,0.7744176889081664,0.9632606199770377,4.028258199964455
ID32511,32511,19,467.0,409.8119886161508,502.6262895766631,0.0,25.0,25,12.211805013064446,1,,374.1752136752137,373.0,248.0,513.0,175114.0,50.628293003189164,0.26208501669707396,3.069483537468497,-0.4224115119672055,1.5613383826676257,15.47835961110399,11.807378192427484,-0.5604297703718033,1.3109057200379035,468.5,85.08700956183172,0.8131917023247736,0.9750260145681582,3.9310490495595714
ID32256,32256,20,37.0,503.1036036036036,0.04054054054054054,0.0,17.0,17,3.431831258788849,1,,3681.3611111111113,4101.0,582.0,5543.0,132529.0,1146.8569758325896,0.5131100852122714,2.177053893430654,0.14194582889735732,0.0851755663390423,7.084763299503455,2.486013773731164,0.04980278199629096,2.8498487717025807,37.0,29.85489327667795,0.5216515978895967,1.0,4.908114220795375
ID32576,32576,20,83.0,499.021568627451,2.107843137254902,0.0,31.0,31,5.201570947860099,1,,3849.7764705882355,4287.0,576.0,7519.0,327231.0,1900.8524364489901,0.5611570882485972,1.4559784717154065,-0.11449279239872497,-0.8092671276649829,9.093632727388668,4.07178719167044,0.11706510790522828,2.2333271114932773,85.0,41.39144243842692,0.6234586677863813,0.9883720930232557,4.489532278971253
ID32449,32449,20,85.0,501.1413255360624,2.0185185185185186,0.0,24.0,24,5.216847253726536,1,,3781.7294117647057,4263.0,691.0,6298.0,321447.0,1456.4740560375128,0.4003178437095748,1.4845540690742531,0.035554638695470785,-0.6851067286061697,9.328859642758593,4.027200820610407,0.09318614342778914,2.3164624905257662,85.5,42.61684305780824,0.591579925519153,0.9884393063583813,4.60890989662955
ID32387,32387,20,80.0,501.4791666666667,0.9291666666666666,0.0,21.0,21,5.046265044040321,1,,3817.7375,4244.0,963.0,5570.0,305419.0,1068.8411297294217,0.5134316918101354,2.4234984723955093,0.19228987493213176,-0.9563027867533292,8.757484901243492,4.310927486212652,0.030554375498589904,2.031461890568089,80.0,42.00206901372557,0.5698472839420393,0.9876543209876543,4.6959740755163955
ID32260,32260,20,61.0,503.5392156862745,0.5952380952380952,0.0,18.0,18,4.351946487255507,1,,4035.793103448276,4295.0,844.0,5640.0,234076.0,1133.660238074089,0.49413137448647926,2.354667663023232,0.30730154415989425,-0.3255870453005516,7.946948793835623,3.0705694102559393,0.1144703685562073,2.5881026389738007,59.5,36.77927174436485,0.5527395981376475,0.9754098360655737,4.768092178846841
ID32453,32453,20,83.0,501.021568627451,2.107843137254902,0.0,26.0,26,5.201570947860099,1,,3758.3529411764707,4168.0,516.0,6222.0,319460.0,1663.685028468303,0.45839672240094537,1.4201109396096099,-0.11449279239872497,-0.8092671276649829,9.093632727388668,4.07178719167044,0.11706510790522828,2.2333271114932773,85.0,41.39144243842692,0.6234586677863813,0.9883720930232557,4.489532278971253
ID32425,32425,20,91.0,500.8959484346225,2.069060773480663,0.0,23.0,23,5.367219457003138,1,,3770.811111111111,4239.0,880.0,6392.0,339373.0,1366.4046803333754,0.39189292591189334,1.5539857402809258,0.0023114476103720215,-1.1157947043021352,9.422215750792784,4.596274048155502,0.03002959146557438,2.049968224713221,90.5,45.43617270283582,0.5508774055358224,0.9679144385026738,4.776144437650836
ID32618,32618,20,76.0,498.4118279569892,1.0139784946236559,0.0,32.0,32,4.9667913363905045,1,,4420.649350649351,4762.0,1318.0,6342.0,340390.0,1338.5728237098544,0.6989409423348889,2.7172916772593254,-0.01074681727279705,-0.48387638132701394,8.655427347259685,3.8014380163938695,0.11834446485613184,2.2768824086918613,77.49999999999999,39.22746963310688,0.6328939975245089,0.9999999999999998,4.455941121138084
ID32655,32655,20,45.0,499.7068965517241,0.25862068965517243,0.0,34.0,34,3.721085869607807,1,,4131.0952380952385,4483.0,2036.0,5752.0,173506.0,1014.8127740220039,0.7291021155366834,3.433025219995261,0.4123910621913834,-0.10076366769923428,7.356715629847001,2.371849269374307,0.04029798546436503,3.101679236045088,43.499999999999986,31.430241414982927,0.5533548073607577,0.9666666666666663,4.765440905182237
ID32530,32530,20,79.0,499.18763102725364,0.9675052410901468,0.0,28.0,28,5.0304707485096625,1,,4581.088607594937,4926.0,891.0,6678.0,361906.0,1407.5575061338268,0.6828871102844325,2.6413531586000505,-0.038519466443466745,-0.562520925942337,9.03200958610013,3.8312172102056943,0.14907392849612067,2.357477817243155,79.50000000000001,41.22746963310688,0.5877648787787886,1.0,4.623843390784336
ID32341,32341,20,79.0,501.70169851380047,0.778131634819533,0.0,20.0,20,4.998732445873411,1,,3977.3636363636365,4103.0,1280.0,5686.0,306257.0,997.6371414641238,0.46394153118992887,2.5269241442371024,0.16247249872902575,-0.6201021708944656,9.284242844557255,3.7259276620645747,0.022242796796806037,2.4917936381547356,78.5,42.08425994008306,0.5569806811053893,1.0,4.749904370079237
ID32347,32347,20,65.0,502.9921875,0.6302083333333334,0.0,19.0,19,4.51351666838205,1,,3910.6825396825398,4290.0,869.0,5467.0,246373.0,1168.146723901235,0.4980853087002184,2.2261393672430074,0.23761770679421276,-0.5633795751603221,8.239209733659946,3.3434489952966127,0.09322308036805228,2.4642845592232545,64.0,38.128990204491956,0.553196253972232,0.9770992366412213,4.7661237755614945
ID32445,32445,20,89.0,500.82022471910113,1.247191011235955,0.0,25.0,25,5.322553886092406,1,,4544.833333333333,4787.0,2085.0,6084.0,409035.0,952.1050863773485,0.54525711281586,3.3687102673217773,-0.08837772918222038,-0.7404642819160889,8.736430426434103,4.471947684201173,0.14594751093050026,1.9536074756193613,89.0,42.47992978126389,0.6197724829982922,0.9888888888888889,4.502863551095876
ID32574,32574,20,76.0,498.4118279569892,1.0139784946236559,0.0,30.0,30,4.9667913363905045,1,,4409.324675324675,4641.0,1535.0,6219.0,339518.0,1177.5069498237015,0.6868347863384785,3.0494276206572635,-0.01074681727279705,-0.48387638132701394,8.655427347259685,3.8014380163938695,0.11834446485613184,2.2768824086918613,77.49999999999999,39.22746963310688,0.6328939975245089,0.9999999999999998,4.455941121138084
ID32638,32638,20,74.0,498.8618421052632,0.7149122807017544,0.0,33.0,33,4.918490759365935,1,,4403.213333333333,4424.0,779.0,6366.0,330241.0,1308.5916846431196,0.6836810944389884,2.732683295533344,0.22151746291605556,-0.6097760746782199,9.315224208755211,3.5239844082799037,0.05481060396366893,2.6433783835332223,76.0,42.128990204491956,0.5380979743040898,0.9806451612903225,4.832526602494615
ID32383,32383,20,80.0,500.50414078674953,0.9554865424430642,0.0,22.0,22,5.062010059037334,1,,4117.8,4405.0,1717.0,5646.0,329424.0,901.6260753476663,0.5407689922136099,3.2058487824685313,0.1492531326347035,-0.502492673235795,8.913688900813368,3.8646682016336764,0.08786890288971357,2.306456450011767,80.5,41.22746963310687,0.5951581476942452,1.0,4.5950341172284865
ID32479,32479,20,67.0,499.84090909090907,0.6717171717171717,0.0,27.0,27,4.583497844237541,1,,4686.984615384616,4736.0,1882.0,6407.0,304654.0,1062.2269574505326,0.6679706213266393,3.5340701806275114,0.24175854080224812,-0.555836757818211,8.300722670918564,3.396308352694331,0.06756209437006824,2.4440427101778033,66.0,38.128990204491956,0.5704836369088644,0.9777777777777777,4.693354253807287
ID32543,32543,20,91.0,498.4945945945946,2.1792792792792794,0.0,29.0,29,5.426201661567752,1,,3900.043010752688,4357.0,535.0,7812.0,362704.0,1849.6584344729497,0.5688611452009625,1.529077926648671,-0.08600109452954008,-0.7806471090860454,9.408486159624545,4.218437497747996,0.07827815233125547,2.230324892723252,92.49999999999999,44.0871423734539,0.5980365083865536,0.9840425531914893,4.583962787756598
ID32482,32482,21,346.0,382.1189097925712,249.67028461167388,0.0,24.0,24,10.486947395524576,1,,1101.3002915451896,967.0,502.0,2362.0,377746.0,434.76141225356014,0.5885439076677369,1.8770005685464068,0.08091325757517907,0.024421204292973564,12.672296760180936,9.10151401605345,-0.5653413088697218,1.3923284343494127,345.5,71.88784917389852,0.8401308559933287,0.9557399723374828,3.867510168390324
ID32435,32435,21,331.0,379.1793313069909,242.1514690982776,0.0,23.0,23,10.233472165128859,1,,814.775075987842,814.0,320.0,1541.0,268061.0,278.83174922684054,0.3432781222438998,1.4935016000934898,-0.1681386045786388,-0.04465742485519407,10.698954470973328,10.041408034238797,-1.1092136006173718,1.0654834894162706,329.00000000000006,68.16292925804412,0.8898345629433015,0.9619883040935674,3.7579439364221727
ID32484,32484,21,209.0,383.9646962233169,251.73152709359607,0.0,26.0,26,8.03846421247924,1,,1403.9607843137255,1369.0,824.0,2331.0,286408.0,375.63465956875245,0.5332995326971343,2.599941134233966,0.11593104882076752,0.03127302200182103,10.557045757620607,6.348815585639785,-0.7208751336937217,1.6628370465664972,203.0,55.87290409018553,0.8171530605382207,0.9643705463182898,3.9215090914142587
ID32519,32519,21,239.0,384.38842398884236,251.4260808926081,0.0,27.0,27,8.722159296752496,1,,1273.3402489626556,1229.0,690.0,2266.0,306875.0,348.3612474835154,0.5330071738101357,2.5417538647898676,0.0018349723577326153,0.018069835130149394,10.330559727206143,7.5556367050983555,-0.48073728118466874,1.3672652789453652,239.00000000000003,57.46060990441906,0.9096352928211643,0.9855670103092785,3.7168178738084565
ID32475,32475,21,244.0,382.9224489795918,250.31020408163266,0.0,25.0,25,8.83096382707056,1,,1226.3577235772357,1192.0,631.0,2021.0,301684.0,360.5250169378845,0.5255651027905058,2.343729763566594,-0.16371266066971216,-0.03766793846026423,10.600157860237228,7.721755283669169,2.08675843495433,1.3727653196489698,245.0,59.11244305055851,0.8810856562492518,0.9760956175298805,3.7765554564895387
ID32882,32882,22,274.0,383.06311274509807,249.86458333333334,0.0,41.0,41,9.304852983362556,1,,675.1784386617101,687.0,291.0,986.0,181623.0,140.95282680429042,0.44463563192242617,2.948632927471221,0.06592249504482849,0.01821297449229899,11.202134275162827,8.121818602792068,0.38562028731105047,1.3792642784846028,271.99999999999994,64.2594240015378,0.827761286984582,0.9543859649122803,3.8962998911719273
ID32595,32595,22,246.0,392.3210382513661,250.47745901639345,0.0,31.0,31,8.812923024107548,1,,825.7654320987655,807.0,454.0,1345.0,200661.0,206.3417852831594,0.5281506953105877,2.7662484464783996,0.041312247586418924,-0.08369450476514652,10.822269246459665,7.455343969006997,2.2584539689645498,1.4516123322343664,244.0,59.18524462561675,0.8753319816287808,0.9721115537848606,3.7889470299645844
ID32755,32755,22,222.0,386.63438438438436,252.5015015015015,0.0,37.0,37,8.406235467365967,1,,746.709090909091,758.0,378.0,1084.0,164276.0,152.73870279828594,0.4481888104700244,3.025994669851497,-0.08017614785068723,-0.11618676955871894,10.262899767792879,7.366252699112839,0.5847108852436494,1.3932321068796487,221.99999999999997,58.091126606454864,0.8266910581491926,0.977973568281938,3.89882113761267
ID32819,32819,22,253.0,383.0885416666667,250.11067708333334,0.0,40.0,40,9.0270333367641,1,,689.0389105058366,707.0,371.0,983.0,177083.0,138.62197938118737,0.4414157654193473,3.0443895300485972,-0.2157810663979879,-0.07898425209558471,10.78667815785433,7.8421274905916984,0.4194666259896481,1.3754785510431,255.99999999999997,63.772182129588984,0.7910196531793698,0.9394495412844036,3.985761383099312
ID32596,32596,22,155.0,396.90584415584414,247.33116883116884,0.0,30.0,30,7.001408606295148,1,,1069.8157894736842,1093.0,629.0,1453.0,162612.0,204.18390039252617,0.5227760516687535,3.5974697407361145,0.0655613480695793,-0.06598175227083027,9.627768428809519,5.296562678535471,2.2571091687094844,1.8177389777386057,154.0,49.225587720936204,0.7986357827668263,0.9625,3.9667109003176177
ID32628,32628,22,260.0,390.3514211886305,251.46834625322998,0.0,32.0,32,9.062226582657155,1,,788.9076923076923,780.0,425.0,1273.0,205116.0,174.28948741454667,0.5201524047415023,3.0976223809695873,-0.03959543081116011,0.02239667885490696,11.044225199712132,7.705169933071777,2.247724710868312,1.4333525795853788,258.0,60.19247970634501,0.894839404170604,0.9847328244274809,3.7474201012828887
ID32840,32840,22,378.0,386.0489932885906,246.79485458612973,0.0,39.0,39,10.889005124595268,1,,662.6390374331551,650.0,327.0,1051.0,247827.0,140.9776689297727,0.5267462396932671,3.243330998322524,-0.07440201072838903,0.06812912307447758,11.830703190685554,10.16053994429873,-1.4113607257457494,1.1643774106044418,372.5,72.96570282547331,0.8792221102290992,0.9575835475578408,3.7805556172794295
ID32650,32650,22,269.0,386.8662935323383,249.3370646766169,0.0,33.0,33,9.236181543108382,1,,775.6278195488721,788.0,418.0,1109.0,206317.0,151.8561403898295,0.5214218306830302,3.500987677551278,-0.31048024461217316,0.21874625888364016,10.992164822627565,8.31552119385817,2.122016719369989,1.3218852512511614,268.00000000000006,61.69444052797142,0.8848152468113165,0.9692585895117543,3.7685877595876933
ID32682,32682,22,305.0,387.7981878088962,250.7125205930807,0.0,34.0,34,9.828888566708876,1,,727.655737704918,732.0,322.0,1032.0,221935.0,154.52794046090455,0.5259866226758264,3.246182334095055,0.24180949137178648,0.10503144153695883,10.995965535321842,9.272131784934189,1.9947844184625974,1.1859155791107954,303.5,64.83075904159608,0.9074158203080557,0.9869918699186991,3.7213606295885078
ID32699,32699,22,332.0,388.1480923694779,252.38152610441767,0.0,35.0,35,10.280023453913834,1,,699.0818181818182,697.0,355.0,1084.0,230697.0,146.405470097588,0.5257339185722532,3.290697000380214,-0.09669360289053448,-0.011617992018127342,11.76992025457768,8.893382554311119,-1.1876622296821426,1.323446976749262,332.0,74.98590612799858,0.741973953684149,0.9499284692417738,4.115386247898075
ID32795,32795,22,246.0,386.667701863354,250.87543133195305,0.0,38.0,38,8.767658610677394,1,,717.0165975103735,723.0,367.0,1034.0,172801.0,156.80109392701365,0.45736906669321803,2.8701682613240647,0.0359263466642653,-0.030756611894178023,10.867599796386832,7.70351230931399,0.4932032264603372,1.4107330994002927,241.5,60.847090766532986,0.819685706719345,0.9564356435643564,3.9154461098492144
ID32734,32734,22,349.0,388.3798842257598,253.2573564881814,0.0,36.0,36,10.486947395524574,1,,682.9046242774566,674.0,355.0,1032.0,236285.0,142.86287996294803,0.5241646851891895,3.2878084798360647,-0.029947616527356294,-0.02911347390559275,11.94279211447635,9.243613033829307,-1.1973391526369435,1.2920047681321927,345.49999999999994,72.0492787754168,0.8363703726666228,0.9583911234396668,3.8761949549366688
ID32736,32736,23,332.0,395.4466865969108,286.69182859990036,0.0,36.0,36,10.318655771391832,1,,678.7694610778443,674.0,339.0,1024.0,226709.0,143.901088490594,0.5281056232035454,3.2602854745676098,0.275546100464712,0.19243883686158883,13.960458749835343,7.98761984503198,-0.010137281611895024,1.7477620393412012,334.49999999999994,73.48060856269915,0.7785033705884018,0.9667630057803467,4.01767389690072
ID32883,32883,23,365.0,393.67349726775956,286.19444444444446,0.0,41.0,41,10.793582275744573,1,,642.566757493188,644.0,330.0,955.0,235822.0,118.92574845681985,0.5128729835281608,3.663360947452933,0.1770119480030759,-0.015100501553597547,14.739065039882448,8.176135342930104,0.08954587219864149,1.8026933779450338,366.0,75.03982363242645,0.8167842226313895,0.976,3.9223944157830815
ID32756,32756,23,350.0,394.87380952380954,285.36809523809524,0.0,37.0,37,10.555020614111882,1,,661.5925925925926,666.0,343.0,944.0,232219.0,126.90354875979904,0.5241006214273578,3.585484895073105,0.1882225292341583,0.1343353116623761,13.737433884273198,8.548270927751306,0.053413902410534043,1.6070424066316935,350.00000000000006,73.64172527252245,0.8110170775680547,0.9722222222222225,3.9363157905815838
ID32820,32820,23,357.0,392.96620046620046,285.9149184149184,0.0,40.0,40,10.667510689505082,1,,646.1201117318436,640.0,274.0,940.0,231311.0,128.7888837174046,0.5113976205570874,3.395039605987937,0.3564679333712509,0.06706654576771057,14.34103244392824,8.248233172555345,0.12147099382675354,1.7386793200325246,357.50000000000006,75.3451694914164,0.7913617987173514,0.9546061415220295,3.9848996673158745
ID32597,32597,23,195.0,399.6722943722944,281.7025974025974,0.0,31.0,31,7.827812790964006,1,,937.3711340206186,907.0,425.0,1476.0,181850.0,255.24300397765325,0.5500724450541928,2.6064873292981443,-0.08845413876771499,0.06258984059885736,8.500181258658236,7.57946982222567,2.1779466558409633,1.1214743851519424,192.5,51.666842378382334,0.9061847661916786,0.9746835443037974,3.7238875102296927
ID32629,32629,23,248.0,397.6686746987952,283.6760374832664,0.0,32.0,32,8.902761462589227,1,,814.9397590361446,783.0,345.0,1311.0,202920.0,230.0536762084851,0.556495871630035,2.5330297956983108,-0.14969455644444457,0.14671610916629843,9.305109416033538,8.946296106755316,2.259501614144127,1.0401074707338698,249.0,58.4915063969608,0.9145839977402677,0.9783889980353635,3.706748605346169
ID32842,32842,23,371.0,393.19455690508323,283.9021592442645,0.0,39.0,39,10.859733552490798,1,,640.5702702702703,632.0,338.0,923.0,237011.0,129.61074381858123,0.5142223388382152,3.3567350372417057,0.0268155406279975,0.09005229043658748,14.333392928757373,8.496341161112866,0.09621901552911538,1.68700769624933,370.49999999999994,75.46722932301715,0.8174877713235823,0.9648437499999999,3.9207062012576155
ID32651,32651,23,283.0,396.9544364508393,285.34412470023983,0.0,33.0,33,9.40692023773423,1,,743.5141843971631,716.0,321.0,1191.0,209671.0,194.0191725058795,0.5377676028617953,2.6802699292998735,-0.17354732746689525,-0.1793145182342029,11.516563822978124,8.119112202162954,0.07001965071776305,1.4184511232533625,278.0,63.594675408745644,0.8637999010165511,0.9788732394366197,3.814155167468173
ID32684,32684,23,281.0,396.7722920406942,285.8016157989228,0.0,34.0,34,9.41537589808212,1,,728.1964285714286,727.0,405.0,1153.0,203895.0,158.20745643095748,0.522210909511263,3.158076909534746,0.0017789780696036667,-0.03073204915349501,12.360479451291921,7.887068069242309,-0.16270022393376404,1.567183057477956,278.5,66.21613257794586,0.798192127499004,0.9670138888888888,3.967813146037438
ID32701,32701,23,326.0,395.63498196805773,285.40108191653786,0.0,35.0,35,10.14757351195133,1,,684.297213622291,683.0,322.0,1080.0,221028.0,157.1499804602967,0.5273633937518523,3.006962685063294,0.30137049276167893,0.21163153356448527,13.658602568111425,7.9609164144066655,-0.1535853212577392,1.7157073202519504,323.49999999999994,72.34512278243783,0.7767220475116858,0.9599406528189908,4.0222782960146395
ID32797,32797,23,358.0,393.3635097493036,284.8458681522749,0.0,38.0,38,10.689866656791414,1,,654.4971910112359,656.0,312.0,948.0,233001.0,131.1971851852701,0.5195844167145732,3.411493524770415,0.16065719860391225,0.0880264260608902,13.966438429527066,8.325742228028956,0.112828894167345,1.6775007016802026,359.0,74.22258876076089,0.818902349427576,0.9650537634408602,3.9173184088471236
ID32864,32864,24,482.0,409.24878218510787,502.37926235212245,0.0,39.0,39,12.347891944863939,1,,389.32916666666665,386.0,250.0,538.0,186878.0,57.6219772150935,0.27721419536614167,2.932989499839284,-0.40374570302814455,0.8664298779700966,15.325764613003257,11.201936740404681,2.7669131874683566,1.3681352580508856,479.0,85.71494530997107,0.8192798482420924,0.9716024340770792,3.9164158152814283
ID32753,32753,24,391.0,410.18373879641484,504.1380708493384,0.0,36.0,36,11.148991459085897,1,,383.0356234096692,381.0,224.0,509.0,150533.0,46.611603543304774,0.26972907312899747,3.4913373499257396,-1.0528861698289156,2.5778061711704447,15.17214149053677,11.288296305398811,-0.4987258900161024,1.3440594647821609,390.50000000000006,80.64285013779134,0.7545693580990865,0.9726027397260273,4.08089433042538
ID32709,32709,24,384.0,410.33267108167774,504.04392935982344,0.0,34.0,34,10.961842091290176,1,,379.8627968337731,378.0,259.0,487.0,143968.0,47.925064562513086,0.2649769814604693,3.3206230344737397,-0.7795079166789577,1.8688360646409687,14.52498561470111,10.425730299278259,-0.44627252010655694,1.393186395365189,377.5,78.16035777896641,0.7765219609446651,0.975452196382429,4.0227964732584995
ID32726,32726,24,370.0,409.17877972184834,504.30170480035895,0.0,35.0,35,10.874379187672197,1,,378.99466666666666,376.0,258.0,510.0,142123.0,49.72313692649584,0.262825387136266,3.1726968928406896,-0.5323032729101188,1.5251518307811558,14.381034742636897,10.346806732465605,-0.2939589244557061,1.389900779485223,371.5,75.76372351390036,0.813291177349079,1.0,3.9308086355672636
ID32807,32807,24,427.0,408.5926143024619,503.3128175068386,0.0,38.0,38,11.651573561428803,1,,403.8474178403756,400.0,278.0,544.0,172039.0,55.945248069447835,0.2826062035526195,3.181064367230313,-0.3480906857113658,0.7513284104798794,15.240198722482818,10.162144398620551,2.845516741462921,1.4997030276947827,426.49999999999994,81.37104164159543,0.8094483619556945,0.9682179341657206,3.940128245732775
ID32892,32892,24,405.0,410.3259441707718,503.61165845648605,0.0,41.0,41,11.368105109938906,1,,381.6372549019608,379.0,246.0,528.0,155708.0,51.303986696187444,0.26533462570497246,3.1197384134623145,-0.5001952016302381,1.8411084063022745,14.50039313921402,11.108540985287675,2.7369011806046384,1.3053373218335844,406.0000000000001,79.69444052797141,0.8033038442898042,0.9818621523579206,3.955168673910094
ID32765,32765,24,430.0,409.8686457120683,503.37815289095846,0.0,37.0,37,11.692480323521528,1,,389.98135198135196,385.0,259.0,555.0,167302.0,53.56897577383385,0.2748040522084737,3.13863049855727,-0.6602773761979701,1.6485563183873517,14.933492289292476,11.30252648495876,2.79923323795652,1.3212525809309763,429.5,81.62007931258384,0.8101753161691776,0.9873563218390805,3.938360149630978
ID32830,32830,24,486.0,409.8827288428325,502.4554404145078,0.0,40.0,40,12.392922176939503,1,,377.6112266112266,373.0,250.0,544.0,181631.0,49.632614851868894,0.269703183835081,3.232150700823171,-0.4375754881806771,1.3160341616313849,15.53031926918482,11.310172419375798,2.692390393185192,1.3731284275188733,482.4999999999999,86.48446939075511,0.8106454160546815,0.9816887080366223,3.937218040448362
ID32754,32754,25,117.0,390.9289732770746,244.2018284106892,0.0,37.0,37,6.141638341092643,1,,609.2268907563025,602.0,394.0,816.0,72498.0,98.22858476013735,0.29000963810508007,2.7886284223871836,0.1590332241478528,0.11437329989270954,8.75468141238692,4.743343092306689,0.2442486244932025,1.8456774561777518,118.5,44.26115025850645,0.7601211592327618,0.9713114754098361,4.065963924415772
ID32794,32794,25,111.0,389.13875968992244,241.33255813953488,0.0,38.0,38,5.849642105698219,1,,604.4672897196261,600.0,346.0,781.0,64678.0,92.82610215181013,0.277458386169169,2.8286797390410934,-0.3757275342037141,-0.16389705948575203,8.763324295877263,4.554964998796129,0.29361016836411435,1.9239059571683639,107.5,42.02299836076629,0.7649697393587584,0.9953703703703703,4.0530578651117075
ID32809,32809,26,583.0,51.47594501718213,41.496849942726236,0.0,40.0,40,13.61089099798269,1,,1141.7718696397942,1095.0,504.0,2006.0,665653.0,384.0539245200888,0.6259245464723047,2.288962738111168,0.012173235877057466,-0.03314240623479093,15.236065929692959,12.43625337955691,1.5768652888729868,1.2251331220654016,582.0000000000001,88.83506430211328,0.9267530128706372,0.9881154499151106,3.6823318870510278
ID32862,32862,26,547.0,52.17762557077626,41.156012176560125,0.0,41.0,41,13.201312915222692,1,,1205.271897810219,1150.0,531.0,2179.0,660489.0,421.03469763529597,0.6411101314449102,2.2366192172557384,0.02996325550229958,-0.00840999070029517,14.856289879152069,11.901136404487236,-1.3478621119692684,1.2483085122485122,547.5000000000002,85.70268889601228,0.9367098596047475,0.9838274932614561,3.6627087523550625
ID32831,32831,26,651.0,52.56067588325653,42.94572452636969,0.0,39.0,39,14.395128895068904,1,,1041.8815384615384,1011.0,485.0,1735.0,677223.0,316.6592124406228,0.6046504748976019,2.479591622241017,0.030312885207721848,-0.04636104794158699,15.45859691646052,13.688823742481517,1.1219157552546724,1.1292859932505914,650.9999999999999,92.87843222006695,0.9483335182878878,0.9893617021276593,3.6401927608135707
ID32881,32881,27,126.0,384.5787401574803,239.13385826771653,0.0,41.0,41,6.358093703724522,1,,583.8828125,599.0,306.0,769.0,74737.0,95.77858497628296,0.3284359321176246,3.0143752886465656,-0.054269046975447884,0.06104229899154641,9.29602839836693,4.628418768346523,0.05282330357231069,2.0084674407471312,127.0,46.05863114545657,0.7523008138605856,0.9731800766283525,4.087042616171665
ID32818,32818,27,118.0,385.04661016949154,239.18502824858757,0.0,40.0,40,6.128667601500942,1,,585.8559322033898,599.0,265.0,792.0,69131.0,95.10266835694331,0.32752101403066614,3.0396661735776234,0.053673952925341696,-0.05551816009065234,8.718037457165428,4.51159107411347,0.08866196091302392,1.9323642843403148,118.0,44.017534024490274,0.7653154028981195,0.9752066115702479,4.052142456542159
